DateTime,NO,NO2,NOx,SO2,PM10,PM2.5,CO,NH3,Year,Location,Frequency,is_imputed,gap_length,Hour,Day,Month,Weekday,Hour_sin,Hour_cos,Month_sin,Month_cos,PM2.5_lag1,PM2.5_lag2,PM2.5_lag3,PM2.5_lag6,PM2.5_lag12,PM2.5_lag24,PM2.5_lag48,PM2.5_roll_mean_3,PM2.5_roll_mean_6,PM2.5_roll_mean_12,PM2.5_roll_mean_24,PM2.5_roll_std_3,PM2.5_roll_std_6,PM2.5_roll_std_12,PM2.5_roll_std_24,PM2.5_ema_6,PM2.5_ema_12,PM2.5_diff,PM2.5_pct_change,NO_x_NO2,CO_x_NOx,NO_lag1,NO2_lag1,NOx_lag1,SO2_lag1,PM10_lag1,CO_lag1,NH3_lag1
2022-01-08 04:00:00,19.08,9.77,27.67,12.95,106.71,30.81,1.15,7.19,2022,AIIMS,Hourly,0,0,4,8,1,5,0.8660254037844386,0.5000000000000001,0.49999999999999994,0.8660254037844387,32.92,32.92,32.55,23.96,20.49,7.38,30.89,32.79666666666667,26.96666666666667,24.31833333333333,16.646666666666665,0.2136195996007733,6.746103072638797,5.355331809316657,9.215441515133207,28.323453208050708,24.757312802474118,0.0,0.0,186.41159999999996,31.8205,22.15,10.03,31.4,12.39,125.57,1.26,7.77
2022-01-08 05:00:00,21.14,11.76,32.9,12.8,97.98,26.3,1.02,6.83,2022,AIIMS,Hourly,0,0,5,8,1,5,0.9659258262890683,0.25881904510252074,0.49999999999999994,0.8660254037844387,30.81,32.92,32.92,22.13,22.37,5.76,31.0,32.21666666666667,28.108333333333334,25.17833333333333,17.622916666666665,1.2182090679902253,6.715061925750693,5.511028337192015,9.429638048826906,29.033895148607648,25.68849544824733,-2.110000000000003,-0.06409477521263678,248.6064,33.558,19.08,9.77,27.67,12.95,106.71,1.15,7.19
2022-01-08 06:00:00,21.84,11.62,33.47,12.47,91.92,26.3,1.01,7.17,2022,AIIMS,Hourly,0,0,6,8,1,5,1.0,6.123233995736766e-17,0.49999999999999994,0.8660254037844387,26.3,30.81,32.92,17.32,21.34,4.48,30.14,30.01,28.80333333333333,25.50583333333333,18.47875,3.381730326327091,6.165901934564529,5.445349071928408,9.236270333522784,28.252782249005463,25.782573071593895,-4.509999999999998,-0.14638104511522226,253.78079999999997,33.8047,21.14,11.76,32.9,12.8,97.98,1.02,6.83
2022-01-08 07:00:00,18.41,9.08,27.34,12.8,84.55,22.11,0.88,6.99,2022,AIIMS,Hourly,0,0,7,8,1,5,0.9659258262890683,-0.25881904510252063,0.49999999999999994,0.8660254037844387,26.3,26.3,30.81,32.55,22.69,3.62,28.28,27.80333333333333,30.3,25.91916666666667,19.387916666666666,2.603849714045286,3.1953528756617686,5.2863158821679095,8.864851934400294,27.69484446357533,25.862177214425603,0.0,0.0,167.1628,24.0592,21.84,11.62,33.47,12.47,91.92,1.01,7.17
2022-01-08 08:00:00,16.81,8.46,24.99,13.19,76.99,23.29,0.83,6.52,2022,AIIMS,Hourly,0,0,8,8,1,5,0.8660254037844387,-0.4999999999999998,0.49999999999999994,0.8660254037844387,22.11,26.3,26.3,32.92,22.16,3.86,24.85,24.903333333333332,28.560000000000002,25.870833333333337,20.158333333333335,2.419097627904626,4.356590409942154,5.321061852903452,8.214532015391024,26.09917461683952,25.284919181437047,-4.190000000000001,-0.1593155893536122,142.2126,20.741699999999998,18.41,9.08,27.34,12.8,84.55,0.88,6.99
2022-01-08 09:00:00,13.99,17.5,27.33,12.72,71.28,23.29,1.18,6.07,2022,AIIMS,Hourly,0,0,9,8,1,5,0.7071067811865476,-0.7071067811865475,0.49999999999999994,0.8660254037844387,23.29,22.11,26.3,32.92,20.97,7.39,24.55,23.900000000000002,26.955,25.965,20.967916666666667,2.160578626201896,4.20015594948568,5.259058851163398,7.461343263588768,25.296553297742513,24.97800853813904,1.1799999999999997,0.053369516056083206,244.82500000000002,32.249399999999994,16.81,8.46,24.99,13.19,76.99,0.83,6.52
2022-01-08 10:00:00,7.87,15.17,22.87,12.79,69.93,21.9,1.06,5.89,2022,AIIMS,Hourly,0,0,10,8,1,5,0.49999999999999994,-0.8660254037844387,0.49999999999999994,0.8660254037844387,23.29,23.29,22.11,30.81,23.96,9.53,26.77,22.896666666666665,25.349999999999998,26.158333333333335,21.630416666666665,0.6812733176441164,3.1812387524359043,5.098946118086716,6.887121869469683,24.723252355530366,24.71831491688688,0.0,0.0,119.3879,24.242200000000004,13.99,17.5,27.33,12.72,71.28,1.18,6.07
2022-01-08 11:00:00,5.15,12.1,16.79,13.63,75.38,27.53,1.09,5.03,2022,AIIMS,Hourly,0,0,11,8,1,5,0.258819045102521,-0.9659258262890682,0.49999999999999994,0.8660254037844387,21.9,23.29,23.29,26.3,22.13,9.3,29.26,22.826666666666668,23.865,25.986666666666665,22.145833333333332,0.8025168741738848,1.972863401252089,5.213085516856661,6.386885964133118,23.916608825378834,24.284728006596588,-1.3900000000000006,-0.059682267067410935,62.315000000000005,18.3011,7.87,15.17,22.87,12.79,69.93,1.06,5.89
2022-01-08 12:00:00,3.03,12.97,16.0,13.55,75.38,27.53,1.02,4.49,2022,AIIMS,Hourly,0,0,12,8,1,5,1.2246467991473532e-16,-1.0,0.49999999999999994,0.8660254037844387,27.53,21.9,23.29,26.3,17.32,11.17,30.98,24.24,24.069999999999997,26.436666666666667,22.905416666666667,2.9327632021696664,2.311354581192587,5.081310377404163,5.854577532129043,24.949006303842026,24.784000620966346,5.630000000000003,0.2570776255707764,39.2991,16.32,5.15,12.1,16.79,13.63,75.38,1.09,5.03
2022-01-08 13:00:00,9.27,19.77,29.04,10.09,59.21,24.21,1.53,4.88,2022,AIIMS,Hourly,0,0,13,8,1,5,-0.2588190451025208,-0.9659258262890683,0.49999999999999994,0.8660254037844387,27.53,27.53,21.9,22.11,32.55,11.61,31.64,25.653333333333336,24.275000000000002,27.287499999999998,23.587083333333336,3.250482015537662,2.5868262407823135,4.1931938901033545,5.3603394434751435,25.68643307417288,25.206462063894598,0.0,0.0,183.2679,44.4312,3.03,12.97,16.0,13.55,75.38,1.02,4.49
2022-01-08 14:00:00,5.27,17.78,23.05,11.76,63.49,24.21,1.2,4.84,2022,AIIMS,Hourly,0,0,14,8,1,5,-0.4999999999999997,-0.8660254037844388,0.49999999999999994,0.8660254037844387,24.21,27.53,27.53,23.29,32.92,16.48,29.74,26.423333333333332,24.625,26.5925,24.11208333333333,1.9168028937096684,2.368136398098714,3.92419563269168,4.714395142324311,25.264595052980628,25.053160207910814,-3.3200000000000003,-0.12059571376679987,93.7006,27.66,9.27,19.77,29.04,10.09,59.21,1.53,4.88
2022-01-08 15:00:00,3.09,11.81,14.9,12.07,63.49,21.59,1.09,4.54,2022,AIIMS,Hourly,0,0,15,8,1,5,-0.7071067811865471,-0.7071067811865479,0.49999999999999994,0.8660254037844387,24.21,24.21,27.53,23.29,32.92,17.12,30.08,25.316666666666666,24.778333333333332,25.86666666666667,24.434166666666666,1.9168028937096728,2.293001671753995,3.4206520732253205,4.425509959970393,24.96328218070045,24.923443252847612,0.0,0.0,36.4929,16.241000000000003,5.27,17.78,23.05,11.76,63.49,1.2,4.84
2022-01-08 16:00:00,5.03,15.17,20.21,10.49,59.45,22.82,1.03,4.48,2022,AIIMS,Hourly,0,0,16,8,1,5,-0.8660254037844385,-0.5000000000000004,0.49999999999999994,0.8660254037844387,21.59,24.21,24.21,21.9,30.81,20.49,31.12,23.336666666666662,24.495,24.9225,24.620416666666667,1.5126577052769763,2.598382188978356,2.805067249234382,4.192217924105145,23.999487271928892,24.410605829332596,-2.620000000000001,-0.10821974390747628,76.30510000000001,20.816300000000002,3.09,11.81,14.9,12.07,63.49,1.09,4.54
2022-01-08 17:00:00,4.27,12.94,17.21,10.82,59.45,22.82,1.0,4.29,2022,AIIMS,Hourly,0,0,17,8,1,5,-0.9659258262890683,-0.25881904510252063,0.49999999999999994,0.8660254037844387,22.82,21.59,24.21,27.53,26.3,22.37,32.11,22.873333333333335,24.64833333333333,24.25666666666667,24.7175,1.3108139964670105,2.4367389410165825,2.1530162070636765,4.118742157081671,23.66249090852064,24.165897240204504,1.2300000000000004,0.05697081982399261,55.25379999999999,17.21,5.03,15.17,20.21,10.49,59.45,1.03,4.48
2022-01-08 18:00:00,2.61,9.56,12.17,11.66,61.14,19.19,0.94,4.21,2022,AIIMS,Hourly,0,0,18,8,1,5,-1.0,-1.8369701987210297e-16,0.49999999999999994,0.8660254037844387,22.82,22.82,21.59,27.53,26.3,21.34,32.19,22.409999999999997,23.863333333333333,23.96666666666667,24.736250000000002,0.7101408311035828,2.050850230189086,2.0860982864204005,4.108602653076786,23.421779220371885,23.95883612632689,0.0,0.0,24.9516,11.4398,4.27,12.94,17.21,10.82,59.45,1.0,4.29
2022-01-08 19:00:00,10.44,26.79,37.24,9.1,85.4,15.62,1.01,5.0,2022,AIIMS,Hourly,0,0,19,8,1,5,-0.9659258262890684,0.2588190451025203,0.49999999999999994,0.8660254037844387,19.19,22.82,22.82,24.21,22.11,22.69,31.83,21.61,22.473333333333333,23.374166666666667,24.646666666666665,2.0957814771584604,1.888540882974645,2.355444209537236,4.208107771254533,22.212699443122776,23.225169029968907,-3.629999999999999,-0.15907099035933386,279.6876,37.6124,2.61,9.56,12.17,11.66,61.14,0.94,4.21
2022-01-08 20:00:00,8.62,25.27,33.31,10.03,109.05,20.39,1.09,5.3,2022,AIIMS,Hourly,0,0,20,8,1,5,-0.8660254037844386,0.5000000000000001,0.49999999999999994,0.8660254037844387,15.62,19.19,22.82,24.21,23.29,22.16,27.93,19.21,21.041666666666668,22.833333333333332,24.35208333333333,3.6000416664256196,3.146015999111684,3.2480520969101607,4.581899149789377,20.329071030801984,22.055143025358305,-3.570000000000002,-0.1860343929129756,217.82739999999998,36.307900000000004,10.44,26.79,37.24,9.1,85.4,1.01,5.0
2022-01-08 21:00:00,9.44,19.43,28.88,12.56,109.05,20.56,1.17,5.47,2022,AIIMS,Hourly,0,0,21,8,1,5,-0.7071067811865477,0.7071067811865474,0.49999999999999994,0.8660254037844387,20.39,15.62,19.19,21.59,23.29,20.97,25.71,18.400000000000002,20.405,22.59166666666667,24.278333333333332,2.4811892309939947,2.7364703543068085,3.3181151093336028,4.6326803835611114,20.346479307715704,21.798967175303183,4.770000000000001,0.3053777208706787,183.4192,33.7896,8.62,25.27,33.31,10.03,109.05,1.09,5.3
2022-01-08 22:00:00,20.55,24.86,45.41,13.21,127.43,27.05,1.54,6.87,2022,AIIMS,Hourly,0,0,22,8,1,5,-0.5000000000000004,0.8660254037844384,0.49999999999999994,0.8660254037844387,20.56,20.39,15.62,22.82,21.9,23.96,26.06,18.85666666666667,20.23333333333333,22.364166666666666,24.26125,2.8043240421416864,2.6789674627861197,3.3592165166985994,4.646146895897816,20.407485219796932,21.608356840641154,0.16999999999999815,0.008337420304070533,510.873,69.9314,9.44,19.43,28.88,12.56,109.05,1.17,5.47
2022-01-08 23:00:00,25.44,23.18,47.76,11.25,134.47,27.05,1.87,7.62,2022,AIIMS,Hourly,0,0,23,8,1,5,-0.25881904510252157,0.9659258262890681,0.49999999999999994,0.8660254037844387,27.05,20.56,20.39,22.82,27.53,22.13,32.34,22.666666666666668,20.938333333333333,22.793333333333337,24.39,3.7970295407507386,3.8125656278504496,3.6138504605911987,4.680125416379728,22.305346585569236,22.445532711311746,6.490000000000002,0.3156614785992219,589.6992,89.3112,20.55,24.86,45.41,13.21,127.43,1.54,6.87
2022-01-09 01:00:00,3.61,3.73,7.18,7.95,27.44,6.97,0.48,4.0,2022,AIIMS,Hourly,0,0,1,9,1,6,0.25881904510252074,0.9659258262890683,0.49999999999999994,0.8660254037844387,27.05,27.05,20.56,19.19,27.53,17.32,43.86,24.886666666666667,21.643333333333334,22.753333333333334,24.595000000000002,3.7470032470407193,4.549899632592645,3.558894959581331,4.684579699025494,23.660961846835168,23.153912294186863,0.0,0.0,13.4653,3.4463999999999997,25.44,23.18,47.76,11.25,134.47,1.87,7.62
2022-01-09 02:00:00,3.69,3.66,7.29,10.26,19.26,6.97,0.46,4.0,2022,AIIMS,Hourly,0,0,2,9,1,6,0.49999999999999994,0.8660254037844387,0.49999999999999994,0.8660254037844387,6.97,27.05,27.05,15.62,24.21,32.55,57.23,20.356666666666666,19.606666666666666,21.040000000000003,24.163749999999997,11.59319340532771,7.5882505669401,5.48049433735847,5.740751210122399,18.892115604882264,20.66407963354273,-20.080000000000002,-0.7423290203327172,13.5054,3.3534,3.61,3.73,7.18,7.95,27.44,0.48,4.0
2022-01-09 03:00:00,3.72,3.11,6.69,10.49,14.66,5.49,0.38,4.0,2022,AIIMS,Hourly,0,0,3,9,1,6,0.7071067811865476,0.7071067811865476,0.49999999999999994,0.8660254037844387,6.97,6.97,27.05,20.39,24.21,32.92,11.24,13.663333333333334,18.165000000000003,19.603333333333335,23.097916666666666,11.593193405327721,9.156736864189126,6.698316387290354,6.447193510874845,15.485796860630188,18.557298151459232,0.0,0.0,11.5692,2.5422000000000002,3.69,3.66,7.29,10.26,19.26,0.46,4.0
2022-01-09 04:00:00,3.95,2.51,6.41,8.43,14.66,5.49,0.4,4.0,2022,AIIMS,Hourly,0,0,4,9,1,6,0.8660254037844386,0.5000000000000001,0.49999999999999994,0.8660254037844387,5.49,6.97,6.97,20.56,21.59,32.92,9.01,6.476666666666667,15.681666666666665,18.043333333333333,21.955,0.8544783984012893,10.372391077599556,7.641415068063265,7.034820846889146,12.629854900450134,16.546944589696274,-1.4799999999999995,-0.21233859397417498,9.9145,2.564,3.72,3.11,6.69,10.49,14.66,0.38,4.0
2022-01-09 05:00:00,4.16,3.05,7.19,9.92,11.09,4.23,0.38,4.0,2022,AIIMS,Hourly,0,0,5,9,1,6,0.9659258262890683,0.25881904510252074,0.49999999999999994,0.8660254037844387,5.49,5.49,6.97,27.05,22.82,30.81,7.38,5.983333333333334,13.170000000000002,16.701666666666664,20.812083333333334,0.8544783984013008,10.771755660058405,8.34326057184462,7.394930683842858,10.589896357464383,14.845876191281462,0.0,0.0,12.687999999999999,2.7322,3.95,2.51,6.41,8.43,14.66,0.4,4.0
2022-01-09 06:00:00,4.36,2.87,6.99,10.98,11.09,3.01,0.35,4.0,2022,AIIMS,Hourly,0,0,6,9,1,6,1.0,6.123233995736766e-17,0.49999999999999994,0.8660254037844387,4.23,5.49,5.49,27.05,22.82,26.3,5.76,5.07,9.366666666666667,15.152500000000002,19.704583333333336,0.7274613391797224,8.725029894886724,8.81640735426646,7.811153663702376,8.77278311247456,13.212664469545853,-1.2599999999999998,-0.22950819672131142,12.513200000000001,2.4465,4.16,3.05,7.19,9.92,11.09,0.38,4.0
2022-01-09 07:00:00,5.19,2.65,7.6,10.19,10.56,4.03,0.41,4.0,2022,AIIMS,Hourly,0,0,7,9,1,6,0.9659258262890683,-0.25881904510252063,0.49999999999999994,0.8660254037844387,3.01,4.23,5.49,6.97,19.19,26.3,4.48,4.243333333333333,5.359999999999999,13.501666666666667,18.734166666666667,1.2400537622758634,1.5503160968010616,9.100280548455972,8.382002934168291,7.1262736517675425,11.643023781923413,-1.2200000000000006,-0.28841607565011834,13.7535,3.1159999999999997,4.36,2.87,6.99,10.98,11.09,0.35,4.0
2022-01-09 08:00:00,6.57,2.87,9.44,10.76,12.98,4.03,0.54,4.0,2022,AIIMS,Hourly,0,0,8,9,1,6,0.8660254037844387,-0.4999999999999998,0.49999999999999994,0.8660254037844387,4.03,3.01,4.23,6.97,15.62,22.11,3.62,3.7566666666666664,4.87,12.238333333333335,17.80625,0.6543189843910564,1.3966817819390684,9.289140123952501,8.73334280962535,6.241624036976816,10.471789353935197,1.0200000000000005,0.3388704318936879,18.855900000000002,5.0976,5.19,2.65,7.6,10.19,10.56,0.41,4.0
2022-01-09 09:00:00,9.89,4.96,14.85,11.36,26.61,3.82,0.84,4.0,2022,AIIMS,Hourly,0,0,9,9,1,6,0.7071067811865476,-0.7071067811865475,0.49999999999999994,0.8660254037844387,4.03,4.03,3.01,5.49,20.39,23.29,3.86,3.69,4.38,11.2725,17.052916666666665,0.588897274574448,0.9600624979658907,9.505579342489531,9.117307706710386,5.60973145498344,9.480744837945167,0.0,0.0,49.0544,12.473999999999998,6.57,2.87,9.44,10.76,12.98,0.54,4.0
2022-01-09 10:00:00,10.4,11.27,21.67,11.04,32.39,8.28,0.97,4.0,2022,AIIMS,Hourly,0,0,10,9,1,6,0.49999999999999994,-0.8660254037844387,0.49999999999999994,0.8660254037844387,3.82,4.03,4.03,5.49,20.56,23.29,7.39,3.9600000000000004,4.101666666666667,9.891666666666666,16.241666666666667,0.12124355653477453,0.8031541985616341,9.26109637465274,9.400036385991868,5.098379610702458,8.609861016722833,-0.2100000000000004,-0.0521091811414393,117.208,21.0199,9.89,4.96,14.85,11.36,26.61,0.84,4.0
2022-01-09 11:00:00,8.63,14.06,21.64,10.66,50.67,14.75,1.03,4.0,2022,AIIMS,Hourly,0,0,11,9,1,6,0.258819045102521,-0.9659258262890682,0.49999999999999994,0.8660254037844387,8.28,3.82,4.03,4.23,27.05,21.9,9.53,5.376666666666666,4.566666666666666,8.868333333333334,15.61625,2.516551873761889,1.8686322984116392,8.632204851951828,9.410025556727298,6.007414007644613,8.559113167996243,4.459999999999999,1.1675392670157065,121.33780000000002,22.2892,10.4,11.27,21.67,11.04,32.39,0.97,4.0
2022-01-09 12:00:00,6.65,13.11,19.76,10.11,50.67,14.75,1.0,4.0,2022,AIIMS,Hourly,0,0,12,9,1,6,1.2246467991473532e-16,-1.0,0.49999999999999994,0.8660254037844387,14.75,8.28,3.82,3.01,27.05,27.53,9.3,8.950000000000001,6.32,7.843333333333334,15.318333333333335,5.495716513795175,4.529918321559501,6.816277754335022,9.315139928313368,8.505295719746151,9.51155729599682,6.470000000000001,0.781400966183575,87.1815,19.76,8.63,14.06,21.64,10.66,50.67,1.03,4.0
2022-01-09 13:00:00,3.44,7.7,11.1,13.27,48.98,13.27,0.9,4.0,2022,AIIMS,Hourly,0,0,13,9,1,6,-0.2588190451025208,-0.9659258262890683,0.49999999999999994,0.8660254037844387,14.75,14.75,8.28,4.03,6.97,27.53,11.17,12.593333333333334,8.276666666666666,6.8183333333333325,14.785833333333334,3.7354562416569923,5.286555274152258,4.014480229762203,8.944624286306743,10.289496942675822,10.317471558151155,0.0,0.0,26.488,9.99,6.65,13.11,19.76,10.11,50.67,1.0,4.0
2022-01-09 14:00:00,2.29,8.04,10.33,12.82,59.53,19.16,0.96,4.0,2022,AIIMS,Hourly,0,0,14,9,1,6,-0.4999999999999997,-0.8660254037844388,0.49999999999999994,0.8660254037844387,13.27,14.75,14.75,4.03,6.97,24.21,11.61,14.256666666666668,9.816666666666668,7.343333333333334,14.191666666666668,0.8544783984011048,5.146026298676195,4.426881383985667,8.525042734390745,11.141069244768444,10.771706703050977,-1.4800000000000004,-0.10033898305084749,18.4116,9.9168,3.44,7.7,11.1,13.27,48.98,0.9,4.0
2022-01-09 15:00:00,4.37,13.72,18.09,12.75,59.53,19.16,1.04,4.0,2022,AIIMS,Hourly,0,0,15,9,1,6,-0.7071067811865471,-0.7071067811865479,0.49999999999999994,0.8660254037844387,19.16,13.27,14.75,3.82,5.49,24.21,16.48,15.726666666666667,12.338333333333333,8.359166666666667,13.981249999999998,3.064055047373343,5.441828430469575,5.581473344643846,8.327040453690094,13.432192317691745,12.062213364120058,5.890000000000001,0.4438583270535042,59.9564,18.8136,2.29,8.04,10.33,12.82,59.53,0.96,4.0
2022-01-09 16:00:00,2.94,8.16,11.1,10.35,51.69,18.29,1.03,4.0,2022,AIIMS,Hourly,0,0,16,9,1,6,-0.8660254037844385,-0.5000000000000004,0.49999999999999994,0.8660254037844387,19.16,19.16,13.27,8.28,5.49,21.59,17.12,17.19666666666667,14.894999999999998,9.498333333333333,13.770833333333334,3.400593085526995,4.069922603686737,6.292381877871826,8.118525201616077,15.068708798351246,13.154180538870818,0.0,0.0,23.9904,11.433,4.37,13.72,18.09,12.75,59.53,1.04,4.0
2022-01-09 17:00:00,3.18,5.54,8.56,13.61,51.69,18.29,0.89,4.0,2022,AIIMS,Hourly,0,0,17,9,1,6,-0.9659258262890683,-0.25881904510252063,0.49999999999999994,0.8660254037844387,18.29,19.16,19.16,14.75,4.23,22.82,20.49,18.87,16.563333333333336,10.565,13.633333333333335,0.5022947341955829,2.6034259479898516,6.62713499046294,8.007523998072697,15.989077713108031,13.944306609813768,-0.870000000000001,-0.04540709812108565,17.6172,7.6184,2.94,8.16,11.1,10.35,51.69,1.03,4.0
2022-01-09 18:00:00,3.74,5.38,8.59,8.29,47.27,17.54,0.84,4.0,2022,AIIMS,Hourly,0,0,18,9,1,6,-1.0,-1.8369701987210297e-16,0.49999999999999994,0.8660254037844387,18.29,18.29,19.16,14.75,3.01,22.82,22.37,18.58,17.153333333333332,11.736666666666666,13.444583333333332,0.5022947341955921,2.5097303972074054,6.648156727904955,7.833053699140789,16.64648408079145,14.612874823688573,0.0,0.0,20.1212,7.215599999999999,3.18,5.54,8.56,13.61,51.69,0.89,4.0
2022-01-09 19:00:00,3.53,6.05,9.57,14.84,47.27,13.3,0.75,4.0,2022,AIIMS,Hourly,0,0,19,9,1,6,-0.9659258262890684,0.2588190451025203,0.49999999999999994,0.8660254037844387,17.54,18.29,18.29,13.27,4.03,19.19,21.34,18.040000000000003,17.618333333333332,12.947499999999998,13.224583333333333,0.4330127018929535,2.2167491212734993,6.223915933353742,7.6297962700971524,16.901774343422463,15.06320177389033,-0.75,-0.04100601421541826,21.356499999999997,7.1775,3.74,5.38,8.59,8.29,47.27,0.84,4.0
2022-01-09 20:00:00,5.71,9.39,15.1,14.76,41.85,11.5,0.74,4.0,2022,AIIMS,Hourly,0,0,20,9,1,6,-0.8660254037844386,0.5000000000000001,0.49999999999999994,0.8660254037844387,13.3,17.54,18.29,19.16,4.03,15.62,22.69,16.376666666666665,17.62333333333333,13.72,12.979166666666666,2.6907310035256238,2.2049822372678713,5.55591249358408,7.523560625977146,15.872695959587475,14.791939962522587,-4.239999999999998,-0.24173318129988589,53.6169,11.174,3.53,6.05,9.57,14.84,47.27,0.75,4.0
2022-01-09 21:00:00,5.91,11.11,17.02,12.74,41.85,13.38,0.8,4.0,2022,AIIMS,Hourly,0,0,21,9,1,6,-0.7071067811865477,0.7071067811865474,0.49999999999999994,0.8660254037844387,11.5,13.3,17.54,19.16,3.82,20.39,22.16,14.113333333333335,16.346666666666668,14.342500000000001,12.8075,3.1010535844022553,3.1516450730795897,4.728367246543128,7.507671004582146,14.623354256848195,14.285487660596036,-1.8000000000000007,-0.1353383458646617,65.6601,13.616,5.71,9.39,15.1,14.76,41.85,0.74,4.0
2022-01-09 22:00:00,3.6,6.05,9.5,13.6,38.91,13.38,0.8,4.0,2022,AIIMS,Hourly,0,0,22,9,1,6,-0.5000000000000004,0.8660254037844384,0.49999999999999994,0.8660254037844387,13.38,11.5,13.3,18.29,8.28,20.56,20.97,12.726666666666667,15.383333333333333,15.139166666666666,12.515416666666667,1.0630772941485096,2.999417721269725,3.418124042467884,7.3342075113021306,14.268110183462998,14.146181866658186,1.8800000000000008,0.1634782608695653,21.78,7.6000000000000005,5.91,11.11,17.02,12.74,41.85,0.8,4.0
2022-01-09 23:00:00,4.22,4.78,8.72,15.42,40.92,13.31,0.76,4.0,2022,AIIMS,Hourly,0,0,23,9,1,6,-0.25881904510252157,0.9659258262890681,0.49999999999999994,0.8660254037844387,13.38,13.38,11.5,18.29,14.75,27.05,23.96,12.753333333333336,14.565,15.564166666666665,12.21625,1.0854185060768573,2.7029298918026385,2.7369241472643706,7.1355447142853246,14.014364416759285,14.028307733326159,0.0,0.0,20.1716,6.6272,3.6,6.05,9.5,13.6,38.91,0.8,4.0
2022-01-10 01:00:00,9.5,15.01,24.41,17.34,69.44,25.01,1.08,20.06,2022,AIIMS,Hourly,0,0,1,10,1,0,0.25881904510252074,0.9659258262890683,0.49999999999999994,0.8660254037844387,13.31,13.38,13.38,17.54,14.75,27.05,22.13,13.356666666666667,13.735000000000001,15.444166666666666,11.643749999999999,0.04041451885279329,2.00475185496865,2.806549024022641,6.407732972575097,13.813117440542346,13.917798851275979,-0.07000000000000028,-0.005231689088191351,142.595,26.362800000000004,4.22,4.78,8.72,15.42,40.92,0.76,4.0
2022-01-10 02:00:00,9.17,19.59,28.58,17.29,62.58,22.49,1.01,20.43,2022,AIIMS,Hourly,0,0,2,10,1,0,0.49999999999999994,0.8660254037844387,0.49999999999999994,0.8660254037844387,25.01,13.31,13.38,13.3,13.27,6.97,17.32,17.233333333333334,14.979999999999999,16.299166666666665,11.558749999999998,6.7348818351426205,4.9687543710672815,3.9184283916649636,6.204797101051525,17.012226743244533,15.624291335695059,11.700000000000001,0.879038317054846,179.6403,28.8658,9.5,15.01,24.41,17.34,69.44,1.08,20.06
2022-01-10 03:00:00,9.33,19.78,28.74,15.48,59.97,23.95,0.9,17.68,2022,AIIMS,Hourly,0,0,3,10,1,0,0.7071067811865476,0.7071067811865476,0.49999999999999994,0.8660254037844387,22.49,25.01,13.31,11.5,19.16,6.97,32.55,20.27,16.511666666666667,17.0675,12.205416666666666,6.15782429109508,5.708665051189012,4.166548877122954,6.507146559021068,18.577304816603238,16.680554207126587,-2.520000000000003,-0.1007596961215515,184.5474,25.866,9.17,19.59,28.58,17.29,62.58,1.01,20.43
2022-01-10 04:00:00,11.19,18.57,29.02,16.73,58.12,23.95,0.88,18.36,2022,AIIMS,Hourly,0,0,4,10,1,0,0.8660254037844386,0.5000000000000001,0.49999999999999994,0.8660254037844387,23.95,22.49,25.01,13.38,19.16,5.49,32.92,23.816666666666666,18.58666666666667,17.46666666666667,12.912916666666666,1.265279942674306,5.784851481815829,4.592876566109212,6.828330675856333,20.112360583288027,17.798930482953267,1.4600000000000009,0.0649177412183193,207.79829999999998,25.5376,9.33,19.78,28.74,15.48,59.97,0.9,17.68
2022-01-10 05:00:00,15.01,19.2,34.22,15.57,58.12,21.12,0.78,20.53,2022,AIIMS,Hourly,0,0,5,10,1,0,0.9659258262890683,0.25881904510252074,0.49999999999999994,0.8660254037844387,23.95,23.95,22.49,13.38,18.29,5.49,32.92,23.463333333333335,20.348333333333333,17.86583333333333,13.682083333333333,0.8429313930171898,5.483752061013221,4.947854371218688,6.993534268020071,21.208828988062876,18.745248870191226,0.0,0.0,288.192,26.6916,11.19,18.57,29.02,16.73,58.12,0.88,18.36
2022-01-10 06:00:00,17.27,20.07,37.34,13.93,59.54,22.97,0.85,19.09,2022,AIIMS,Hourly,0,0,6,10,1,0,1.0,6.123233995736766e-17,0.49999999999999994,0.8660254037844387,21.12,23.95,23.95,13.31,18.29,4.23,30.81,23.00666666666667,21.638333333333332,18.101666666666667,14.333333333333334,1.6339012618068167,4.299090213832075,5.036558769876933,6.924915109614149,21.18344927718777,19.110595197854114,-2.8299999999999983,-0.11816283924843417,346.6089,31.739,15.01,19.2,34.22,15.57,58.12,0.78,20.53
2022-01-10 07:00:00,20.69,18.57,39.18,15.22,66.74,23.59,1.04,19.84,2022,AIIMS,Hourly,0,0,7,10,1,0,0.9659258262890683,-0.25881904510252063,0.49999999999999994,0.8660254037844387,22.97,21.12,23.95,25.01,17.54,3.01,26.3,22.679999999999996,23.248333333333335,18.491666666666667,15.114166666666668,1.4371151658794026,1.3616521827055141,5.229950170687937,6.791408201714786,21.693892340848407,19.704349782799632,1.8499999999999979,0.08759469696969686,384.2133,40.7472,17.27,20.07,37.34,13.93,59.54,0.85,19.09
2022-01-10 08:00:00,21.7,16.12,37.82,15.57,96.88,40.8,1.06,22.51,2022,AIIMS,Hourly,0,0,8,10,1,0,0.8660254037844387,-0.4999999999999998,0.49999999999999994,0.8660254037844387,23.59,22.97,21.12,22.49,13.3,4.03,26.3,22.56,23.011666666666667,18.995833333333334,15.97166666666667,1.2850291825482356,1.0906588223026916,5.4180950331162325,6.489174039132018,22.235637386320292,20.30214212390738,0.620000000000001,0.026991728341314802,349.80400000000003,40.089200000000005,20.69,18.57,39.18,15.22,66.74,1.04,19.84
2022-01-10 09:00:00,20.73,31.25,50.95,30.48,127.6,59.06,1.55,23.23,2022,AIIMS,Hourly,0,0,9,10,1,0,0.7071067811865476,-0.7071067811865475,0.49999999999999994,0.8660254037844387,40.8,23.59,22.97,23.95,11.5,4.03,22.11,29.119999999999994,26.063333333333333,21.287499999999998,17.50375,10.11992588905672,7.296908020981667,7.99358620736309,7.762854031694228,27.53974099022878,23.45565872022932,17.209999999999997,0.7295464179737176,647.8125,78.97250000000001,21.7,16.12,37.82,15.57,96.88,1.06,22.51
2022-01-10 10:00:00,19.0,34.17,52.42,46.4,170.45,68.89,1.57,21.85,2022,AIIMS,Hourly,0,0,10,10,1,0,0.49999999999999994,-0.8660254037844387,0.49999999999999994,0.8660254037844387,59.06,40.8,23.59,23.95,13.38,3.82,23.29,41.15,31.915000000000003,25.250833333333333,19.796666666666667,17.737590027960405,15.133315234937777,12.952157039261722,11.043834662741517,36.54552927873485,28.933249686347885,18.260000000000005,0.44754901960784327,649.23,82.2994,20.73,31.25,50.95,30.48,127.6,1.55,23.23
2022-01-10 11:00:00,14.57,28.52,43.09,36.27,182.13,80.1,1.48,20.78,2022,AIIMS,Hourly,0,0,11,10,1,0,0.258819045102521,-0.9659258262890682,0.49999999999999994,0.8660254037844387,68.89,59.06,40.8,21.12,13.38,8.28,23.29,56.25,39.405,29.876666666666665,22.507916666666663,14.254266028105414,20.553320656283248,17.456497270921705,14.42176042416057,45.786806627667744,35.080442042294365,9.829999999999998,0.16644090755164237,415.5364,63.7732,19.0,34.17,52.42,46.4,170.45,1.57,21.85
2022-01-10 12:00:00,9.61,25.0,34.61,30.46,182.13,80.1,1.35,20.77,2022,AIIMS,Hourly,0,0,12,10,1,0,1.2246467991473532e-16,-1.0,0.49999999999999994,0.8660254037844387,80.1,68.89,59.06,22.97,13.31,14.75,21.9,69.35000000000001,49.23499999999999,35.43666666666667,25.500416666666666,10.527540073540433,23.89210476287092,21.807634748714342,18.27709197665724,55.59057616261981,42.00652788194139,11.209999999999994,0.16272318188416307,240.25,46.7235,14.57,28.52,43.09,36.27,182.13,1.48,20.78
2022-01-10 13:00:00,4.94,24.38,29.32,22.35,142.62,59.99,0.99,17.78,2022,AIIMS,Hourly,0,0,13,10,1,0,-0.2588190451025208,-0.9659258262890683,0.49999999999999994,0.8660254037844387,80.1,80.1,68.89,23.59,25.01,14.75,27.53,76.36333333333333,58.75666666666667,41.0025,28.223333333333333,6.472096517615675,22.68474612303752,24.054453802305986,21.2345069181738,62.59326868758558,47.867062053950406,0.0,0.0,120.4372,29.0268,9.61,25.0,34.61,30.46,182.13,1.35,20.77
2022-01-10 14:00:00,4.2,25.96,30.17,22.94,113.7,59.055,0.99,19.52,2022,AIIMS,Hourly,1,1,14,10,1,0,-0.4999999999999997,-0.8660254037844388,0.49999999999999994,0.8660254037844387,59.99,80.1,80.1,40.8,22.49,13.27,27.53,73.39666666666666,64.82333333333334,43.9175,30.108333333333334,11.610513913403354,14.946494795324616,24.059741223198404,21.98132758317478,61.8494776339897,49.73212943026573,-20.109999999999992,-0.25106117353308355,109.03200000000001,29.8683,4.94,24.38,29.32,22.35,142.62,0.99,17.78
2022-01-10 15:00:00,3.43,21.41,24.84,21.49,84.78,58.12,0.92,17.5,2022,AIIMS,Hourly,0,0,15,10,1,0,-0.7071067811865471,-0.7071067811865479,0.49999999999999994,0.8660254037844387,59.055,59.99,80.1,59.06,23.95,19.16,24.21,66.38166666666666,67.86583333333333,46.96458333333334,32.016041666666666,11.88961977244574,10.174485941150333,23.405850420386678,22.438463821089943,61.05105545284979,51.16641721022485,-0.9350000000000023,-0.01558593098849812,73.4363,22.852800000000002,4.2,25.96,30.17,22.94,113.7,0.99,19.52
2022-01-10 16:00:00,4.74,25.35,30.1,18.83,85.78,57.1,0.83,17.52,2022,AIIMS,Hourly,0,0,16,10,1,0,-0.8660254037844385,-0.5000000000000004,0.49999999999999994,0.8660254037844387,58.12,59.055,59.99,68.89,23.95,19.16,24.21,59.055,67.70916666666666,49.81208333333333,33.639375,0.9349999999996661,10.343037472941196,22.408694280480972,22.873034166539767,60.21361103774985,52.23619917788257,-0.9350000000000023,-0.01583269833206337,120.159,24.983,3.43,21.41,24.84,21.49,84.78,0.92,17.5
2022-01-10 17:00:00,4.25,23.28,27.44,17.89,80.78,57.28,0.84,16.55,2022,AIIMS,Hourly,0,0,17,10,1,0,-0.9659258262890683,-0.25881904510252063,0.49999999999999994,0.8660254037844387,57.1,58.12,59.055,80.1,21.12,18.29,21.59,58.09166666666666,65.74416666666666,52.57458333333333,35.22020833333333,0.977807922514789,11.16140511614312,20.924832730767672,23.138348296955684,59.32400788410703,52.984476227439096,-1.019999999999996,-0.01754989676531308,98.94,23.0496,4.74,25.35,30.1,18.83,85.78,0.83,17.52
2022-01-10 18:00:00,8.54,32.02,40.56,16.77,82.69,45.38,1.13,18.35,2022,AIIMS,Hourly,0,0,18,10,1,0,-1.0,-1.8369701987210297e-16,0.49999999999999994,0.8660254037844387,57.28,57.1,58.12,80.1,22.97,18.29,22.82,57.5,61.94083333333333,55.58791666666667,36.844791666666666,0.5444263035520462,8.962643815675477,18.43939180843966,23.266389897613116,58.74000563150503,53.64532603860231,0.17999999999999972,0.0031523642732048988,273.4508,45.8328,4.25,23.28,27.44,17.89,80.78,0.84,16.55
2022-01-10 19:00:00,73.86,69.94,156.88,17.9,112.1,47.39,4.26,30.57,2022,AIIMS,Hourly,0,0,19,10,1,0,-0.9659258262890684,0.2588190451025203,0.49999999999999994,0.8660254037844387,45.38,57.28,57.1,59.99,23.59,17.54,22.82,53.25333333333333,56.15416666666667,57.45541666666667,37.97354166666667,6.8191006249602,5.389577364382664,15.778423912870464,22.982473779853784,54.922861165360736,52.37373741727888,-11.899999999999999,-0.20775139664804465,5165.7684,668.3087999999999,8.54,32.02,40.56,16.77,82.69,1.13,18.35
2022-01-10 20:00:00,58.75,64.56,123.31,17.95,154.02,51.99,3.58,30.08,2022,AIIMS,Hourly,0,0,20,10,1,0,-0.8660254037844386,0.5000000000000001,0.49999999999999994,0.8660254037844387,47.39,45.38,57.28,59.055,40.8,13.3,19.19,50.01666666666667,54.05416666666667,59.43875,39.21729166666666,6.370010465716094,6.014561011966375,12.231806921635975,22.633640266069452,52.77061511811481,51.60700858385136,2.009999999999998,0.04429263992948431,3792.9,441.44980000000004,73.86,69.94,156.88,17.9,112.1,4.26,30.57
2022-01-10 21:00:00,58.42,39.61,98.03,13.66,209.97,55.83,2.81,28.78,2022,AIIMS,Hourly,0,0,21,10,1,0,-0.7071067811865477,0.7071067811865474,0.49999999999999994,0.8660254037844387,51.99,47.39,45.38,58.12,59.06,11.5,15.62,48.25333333333333,52.876666666666665,60.37125,40.829375,3.3885149156131162,5.510138534253561,11.051261985731433,22.078459909687894,52.547582227224865,51.66593034018192,4.600000000000001,0.09706689174931422,2314.0162,275.4643,58.75,64.56,123.31,17.95,154.02,3.58,30.08
2022-01-10 22:00:00,48.7,37.6,85.82,13.76,227.31,61.89,2.57,31.12,2022,AIIMS,Hourly,0,0,22,10,1,0,-0.5000000000000004,0.8660254037844384,0.49999999999999994,0.8660254037844387,55.83,51.99,47.39,57.1,68.89,13.38,20.39,51.73666666666667,52.495000000000005,60.102083333333326,42.67645833333333,4.225699153197325,5.141279023744901,11.125190388224478,21.36074042434974,53.485415876589194,52.30655644169239,3.8399999999999963,0.07386035776110783,1831.1200000000001,220.55739999999997,58.42,39.61,98.03,13.66,209.97,2.81,28.78
2022-01-10 23:00:00,52.24,35.66,87.9,12.27,231.7,63.43,2.33,30.64,2022,AIIMS,Hourly,0,0,23,10,1,0,-0.25881904510252157,0.9659258262890681,0.49999999999999994,0.8660254037844387,61.89,55.83,51.99,57.28,80.1,13.38,20.56,56.56999999999999,53.29333333333333,59.51874999999999,44.69770833333333,4.991312452652036,6.25139557752235,10.801322756748567,20.754564923700553,55.88672562613513,53.78093237373972,6.060000000000002,0.10854379365932298,1862.8783999999998,204.80700000000002,48.7,37.6,85.82,13.76,227.31,2.57,31.12
2022-01-11 01:00:00,36.9,79.71,73.84,15.75,183.98,54.59,2.44,54.25,2022,AIIMS,Hourly,0,0,1,11,1,1,0.25881904510252074,0.9659258262890683,0.49999999999999994,0.8660254037844387,63.43,61.89,55.83,45.38,80.1,13.31,27.05,60.38333333333333,54.318333333333335,58.129583333333336,46.78312499999999,4.017777163225037,7.429057589402979,8.800345669433394,19.97065237076972,58.04194687581081,55.2654043162413,1.5399999999999991,0.02488285668120858,2941.2989999999995,180.1696,52.24,35.66,87.9,12.27,231.7,2.33,30.64
2022-01-11 02:00:00,27.76,79.43,65.56,15.54,215.66,56.17,2.1,53.83,2022,AIIMS,Hourly,0,0,2,11,1,1,0.49999999999999994,0.8660254037844387,0.49999999999999994,0.8660254037844387,54.59,63.43,61.89,47.39,59.99,25.01,27.05,59.97,55.85333333333333,56.003750000000004,48.503125000000004,4.722414636602683,6.03319373687486,5.456492015355321,18.699587987352526,57.05567633986486,55.161495959896484,-8.839999999999996,-0.13936623049030422,2204.9768000000004,137.67600000000002,36.9,79.71,73.84,15.75,183.98,2.44,54.25
2022-01-11 03:00:00,20.81,70.86,54.59,13.79,246.37,57.62,1.84,53.39,2022,AIIMS,Hourly,0,0,3,11,1,1,0.7071067811865476,0.7071067811865476,0.49999999999999994,0.8660254037844387,56.17,54.59,63.43,51.99,59.055,22.49,6.97,58.06333333333333,57.31666666666666,55.68541666666667,49.80145833333333,4.714332755897973,4.418627237804298,5.312316503069814,18.068605458517805,56.80262595704633,55.31665042760471,1.5799999999999983,0.02894302985894849,1474.5965999999999,100.44560000000001,27.76,79.43,65.56,15.54,215.66,2.1,53.83
2022-01-11 04:00:00,17.48,60.18,46.34,15.41,172.79,51.99,1.64,50.84,2022,AIIMS,Hourly,0,0,4,11,1,1,0.8660254037844386,0.5000000000000001,0.49999999999999994,0.8660254037844387,57.62,56.17,54.59,55.83,58.12,23.95,6.97,56.126666666666665,58.254999999999995,55.56583333333334,51.265208333333334,1.5154647252023261,3.579305798615059,5.245298255378698,17.15999629314636,57.03616139789024,55.67101190028091,1.4499999999999957,0.025814491721559474,1051.9464,75.9976,20.81,70.86,54.59,13.79,246.37,1.84,53.39
2022-01-11 05:00:00,13.47,55.81,40.84,15.31,150.27,49.0,1.3,47.5,2022,AIIMS,Hourly,0,0,5,11,1,1,0.9659258262890683,0.25881904510252074,0.49999999999999994,0.8660254037844387,51.99,57.62,56.17,61.89,57.1,23.95,5.49,55.26,57.615,55.05500000000001,52.43354166666666,2.923234509922052,4.358191138534354,5.272364485951945,16.14385133183142,55.59440099849303,55.10470237716077,-5.6299999999999955,-0.09770912877473092,751.7607,53.092000000000006,17.48,60.18,46.34,15.41,172.79,1.64,50.84
2022-01-11 06:00:00,13.39,58.05,40.23,14.35,159.72,47.87,1.21,50.62,2022,AIIMS,Hourly,0,0,6,11,1,1,1.0,6.123233995736766e-17,0.49999999999999994,0.8660254037844387,49.0,51.99,57.62,63.43,57.28,21.12,5.49,52.870000000000005,55.46666666666667,54.38,53.47729166666667,4.376859604785055,4.964266981807687,5.500327262990819,14.990840172756984,53.71028642749502,54.165517396059116,-2.990000000000002,-0.057511059819196034,777.2895,48.67829999999999,13.47,55.81,40.84,15.31,150.27,1.3,47.5
2022-01-11 07:00:00,16.26,54.03,42.14,14.5,171.11,48.3,1.22,51.13,2022,AIIMS,Hourly,0,0,7,11,1,1,0.9659258262890683,-0.25881904510252063,0.49999999999999994,0.8660254037844387,47.87,49.0,51.99,54.59,45.38,22.97,4.23,49.620000000000005,52.873333333333335,53.59583333333333,54.591874999999995,2.1288259675227543,3.928412741383724,5.715852689642821,13.389343492405011,52.04163316249644,53.19697625820387,-1.1300000000000026,-0.02306122448979597,878.5278000000001,51.4108,13.39,58.05,40.23,14.35,159.72,1.21,50.62
2022-01-11 08:00:00,19.13,62.59,48.92,15.48,204.02,53.3,1.25,51.4,2022,AIIMS,Hourly,0,0,8,11,1,1,0.8660254037844387,-0.4999999999999998,0.49999999999999994,0.8660254037844387,48.3,47.87,49.0,56.17,47.39,23.59,3.01,48.38999999999999,51.824999999999996,53.839166666666664,55.64729166666666,0.5703507692632438,4.208005465775835,5.386988462672795,11.677225975224125,50.97259511606888,52.44359529540327,0.4299999999999997,0.008982661374556083,1197.3467,61.150000000000006,16.26,54.03,42.14,14.5,171.11,1.22,51.13
2022-01-11 09:00:00,21.2,68.02,53.08,16.58,236.4,59.19,1.39,54.34,2022,AIIMS,Hourly,0,0,9,11,1,1,0.7071067811865476,-0.7071067811865475,0.49999999999999994,0.8660254037844387,53.3,48.3,47.87,57.62,51.99,40.8,4.03,49.82333333333332,51.346666666666664,54.33166666666667,56.88520833333334,3.0185482161682473,3.7539401522488287,5.000039696812123,9.503514850828996,51.6375679400492,52.575349865341224,5.0,0.10351966873706005,1442.024,73.7812,19.13,62.59,48.92,15.48,204.02,1.25,51.4
2022-01-11 10:00:00,19.43,62.56,49.14,14.86,212.95,57.19,1.36,53.11,2022,AIIMS,Hourly,0,0,10,11,1,1,0.49999999999999994,-0.8660254037844387,0.49999999999999994,0.8660254037844387,59.19,53.3,48.3,51.99,55.83,59.06,4.03,53.596666666666664,51.60833333333333,54.931666666666665,57.65145833333333,5.451058001281266,4.294477461422513,5.123957691496146,8.870500877869024,53.79540567146371,53.59298834759642,5.890000000000001,0.1105065666041276,1215.5408,66.83040000000001,21.2,68.02,53.08,16.58,236.4,1.39,54.34
2022-01-11 11:00:00,17.05,79.13,53.66,15.53,152.24,47.15,1.3,48.7,2022,AIIMS,Hourly,0,0,11,11,1,1,0.258819045102521,-0.9659258262890682,0.49999999999999994,0.8660254037844387,57.19,59.19,53.3,49.0,61.89,68.89,3.82,56.56,52.474999999999994,55.044999999999995,57.573541666666664,2.9951126856930075,4.872686117533047,5.160543487938957,8.86580221230732,54.76528976533122,54.146374755658506,-2.0,-0.0337894914681534,1349.1665,69.758,19.43,62.56,49.14,14.86,212.95,1.36,53.11
2022-01-11 12:00:00,6.67,68.05,44.67,72.1,129.36,52.6,1.01,34.02,2022,AIIMS,Hourly,1,1,12,11,1,1,1.2246467991473532e-16,-1.0,0.49999999999999994,0.8660254037844387,47.15,57.19,59.19,47.87,63.43,80.1,8.28,54.51,52.16666666666666,53.81666666666667,56.66770833333334,6.451914444565983,5.185073448531463,5.137338067933872,8.769392173072468,52.589492689522295,53.07000940863412,-10.04,-0.17555516698723553,453.89349999999996,45.1167,17.05,79.13,53.66,15.53,152.24,1.3,48.7
2022-01-11 13:00:00,3.47,55.1,32.44,30.79,106.48,58.05,0.94,26.33,2022,AIIMS,Hourly,0,0,13,11,1,1,-0.2588190451025208,-0.9659258262890683,0.49999999999999994,0.8660254037844387,52.6,47.15,57.19,48.3,54.59,80.1,14.75,52.31333333333333,52.955000000000005,52.91416666666667,55.521875,5.0261350293573015,4.741783419769325,4.151721348009192,7.237327877731001,52.59249477823022,52.997700268844255,5.450000000000003,0.11558854718981978,191.197,30.493599999999997,6.67,68.05,44.67,72.1,129.36,1.01,34.02
2022-01-11 14:00:00,2.62,51.57,29.92,42.55,106.9,58.04,0.91,24.83,2022,AIIMS,Hourly,0,0,14,11,1,1,-0.4999999999999997,-0.8660254037844388,0.49999999999999994,0.8660254037844387,58.05,52.6,47.15,53.3,56.17,59.99,14.75,52.6,54.580000000000005,53.20249999999999,54.603125,5.449999999999925,4.49152090054129,4.39188740748213,5.050887957340612,54.15178198445015,53.774977150560524,5.449999999999996,0.10361216730038014,135.1134,27.227200000000003,3.47,55.1,32.44,30.79,106.48,0.94,26.33
2022-01-11 15:00:00,3.58,56.17,33.0,53.37,106.25,59.95,0.97,28.97,2022,AIIMS,Hourly,0,0,15,11,1,1,-0.7071067811865471,-0.7071067811865479,0.49999999999999994,0.8660254037844387,58.04,58.05,52.6,59.19,57.62,59.055,13.27,56.23,55.37,53.35833333333333,54.521874999999994,3.1436761919763847,4.6358904214831504,4.537514003651498,4.97558841014544,55.2627014174644,54.431134512012754,-0.00999999999999801,-0.00017226528854432405,201.0886,32.01,2.62,51.57,29.92,42.55,106.9,0.91,24.83
2022-01-11 16:00:00,3.8,57.55,33.99,62.84,136.02,61.28,0.99,32.79,2022,AIIMS,Hourly,0,0,16,11,1,1,-0.8660254037844385,-0.5000000000000004,0.49999999999999994,0.8660254037844387,59.95,58.04,58.05,57.19,51.99,58.12,19.16,58.68,55.49666666666667,53.5525,54.55916666666666,1.0998636279099057,4.76959397293584,4.779836674653618,5.0142448533428325,56.60192958390314,55.28019074093387,1.9100000000000037,0.03290833907649903,218.68999999999997,33.6501,3.58,56.17,33.0,53.37,106.25,0.97,28.97
2022-01-11 17:00:00,2.87,79.48,45.9,60.400000000000006,136.01,61.01,1.06,34.75,2022,AIIMS,Hourly,1,1,17,11,1,1,-0.9659258262890683,-0.25881904510252063,0.49999999999999994,0.8660254037844387,61.28,59.95,58.04,47.15,49.0,57.1,19.16,59.75666666666667,56.178333333333335,54.32666666666666,54.69083333333333,1.6286292805093696,5.320463952200585,5.234466775540996,5.151424384420829,57.93852113135939,56.20323831925174,1.3299999999999983,0.02218515429524601,228.10760000000002,48.654,3.8,57.55,33.99,62.84,136.02,0.99,32.79
2022-01-11 18:00:00,4.17,79.25,56.37,57.96,135.71,57.15,1.38,33.0,2022,AIIMS,Hourly,0,0,18,11,1,1,-1.0,-1.8369701987210297e-16,0.49999999999999994,0.8660254037844387,61.01,61.28,59.95,52.6,47.87,57.28,18.29,60.74666666666667,58.48833333333334,55.32749999999999,54.85375,0.703017306566816,3.2048177275261365,5.2714464549374735,5.290868928799773,58.81608652239956,56.94274011628993,-0.2700000000000031,-0.0044060052219321655,330.47249999999997,77.79059999999998,2.87,79.48,45.9,60.400000000000006,136.01,1.06,34.75
2022-01-11 19:00:00,7.71,79.07,57.87,47.54,148.71,50.62,1.49,32.13,2022,AIIMS,Hourly,0,0,19,11,1,1,-0.9659258262890684,0.2588190451025203,0.49999999999999994,0.8660254037844387,57.15,61.01,61.28,58.05,48.3,45.38,18.29,59.81333333333333,59.24666666666667,56.10083333333333,54.84833333333333,2.310461714318692,1.7333512819580963,4.730945433734132,5.288342936543779,58.34006180171397,56.97462625224533,-3.8599999999999994,-0.06326831666939846,609.6297,86.2263,4.17,79.25,56.37,57.96,135.71,1.38,33.0
2022-01-11 20:00:00,6.49,73.11,43.55,14.38,187.8,50.51,1.49,32.31,2022,AIIMS,Hourly,0,0,20,11,1,1,-0.8660254037844386,0.5000000000000001,0.49999999999999994,0.8660254037844387,50.62,57.15,61.01,58.04,53.3,47.39,17.54,56.25999999999999,58.008333333333326,56.29416666666666,55.06666666666666,5.251866334932672,3.9701154475236367,4.4203896544275185,4.979595466952359,56.13432985836712,55.99699144420759,-6.530000000000001,-0.11426071741032373,474.4839,64.8895,7.71,79.07,57.87,47.54,148.71,1.49,32.13
2022-01-11 21:00:00,11.58,76.34,51.65,14.75,195.86,51.74,1.89,38.44,2022,AIIMS,Hourly,0,0,21,11,1,1,-0.7071067811865477,0.7071067811865474,0.49999999999999994,0.8660254037844387,50.51,50.62,57.15,59.95,59.19,51.99,13.3,52.76,56.75333333333334,56.06166666666667,55.19666666666666,3.802249334275586,5.0116451058176334,4.659117812191373,4.808248950607095,54.52737847026223,55.1528389143295,-0.10999999999999943,-0.0021730541288028336,884.0172,97.6185,6.49,73.11,43.55,14.38,187.8,1.49,32.31
2022-01-11 22:00:00,23.0,76.96000000000001,70.61,17.87,205.74,54.8,2.19,43.12,2022,AIIMS,Hourly,1,1,22,11,1,1,-0.5000000000000004,0.8660254037844384,0.49999999999999994,0.8660254037844387,51.74,50.51,50.62,61.28,57.19,55.83,11.5,50.95666666666667,55.38499999999999,55.44083333333333,55.186249999999994,0.6806124692748966,5.084559961294508,4.700544375308306,4.815762897258173,53.730984621615875,54.62778677366342,1.230000000000004,0.024351613541872975,1770.0800000000002,154.6359,11.58,76.34,51.65,14.75,195.86,1.89,38.44
2022-01-11 23:00:00,33.43,77.58,84.01,16.24,232.37,62.59,2.45,48.03,2022,AIIMS,Hourly,0,0,23,11,1,1,-0.25881904510252157,0.9659258262890681,0.49999999999999994,0.8660254037844387,54.8,51.74,50.51,61.01,47.15,61.89,13.38,52.35,54.305,55.24166666666667,55.14333333333334,2.2090948372578136,4.191814642848517,4.670228402694398,4.8143658814613834,54.03641758686848,54.65428111617674,3.059999999999995,0.05914186316196357,2593.4993999999997,205.82450000000003,23.0,76.96000000000001,70.61,17.87,205.74,2.19,43.12
2022-01-12 01:00:00,71.41,78.71,103.22,10.95,191.86333333333332,83.85,3.12,82.68,2022,AIIMS,Hourly,1,1,1,12,1,2,0.25881904510252074,0.9659258262890683,0.49999999999999994,0.8660254037844387,62.59,54.8,51.74,57.15,52.6,63.43,13.38,56.376666666666665,54.568333333333335,56.52833333333333,55.17250000000001,5.594196397458034,4.714333109429785,4.354497848794009,4.858930147050148,56.480298276334636,55.875160944457235,7.790000000000006,0.14215328467153296,5620.681099999999,322.0464,33.43,77.58,84.01,16.24,232.37,2.45,48.03
2022-01-12 02:00:00,67.4,78.51,95.98,10.09,171.61,94.48,2.85,83.38,2022,AIIMS,Hourly,0,0,2,12,1,2,0.49999999999999994,0.8660254037844387,0.49999999999999994,0.8660254037844387,83.85,62.59,54.8,50.62,58.05,54.59,13.31,67.08,59.018333333333324,59.1325,56.02333333333333,15.036478976143282,12.985073610367623,8.832994061523486,7.459602312902907,64.30021305452473,60.17898233761766,21.25999999999999,0.33967087394152407,5291.5740000000005,273.543,71.41,78.71,103.22,10.95,191.86333333333332,3.12,82.68
2022-01-12 03:00:00,51.52,76.68,81.38,10.11,157.29,80.44,2.5,76.4,2022,AIIMS,Hourly,0,0,3,12,1,2,0.7071067811865476,0.7071067811865476,0.49999999999999994,0.8660254037844387,94.48,83.85,62.59,50.51,58.04,56.17,25.01,80.30666666666666,66.32833333333333,62.16833333333333,57.68541666666666,16.23759321246016,18.490223813319982,13.470230364051169,10.815469186858415,72.92300932466053,65.45606197798418,10.63000000000001,0.12677400119260596,3950.5536000000006,203.45,67.4,78.51,95.98,10.09,171.61,2.85,83.38
2022-01-12 04:00:00,31.31,73.36,63.44,9.83,100.32,68.65,2.07,69.3,2022,AIIMS,Hourly,0,0,4,12,1,2,0.8660254037844386,0.5000000000000001,0.49999999999999994,0.8660254037844387,80.44,94.48,83.85,51.74,59.95,57.62,22.49,86.25666666666666,71.31666666666666,64.03500000000001,58.696666666666665,7.322870566474069,17.37274033267824,14.368258893699112,11.76091931731553,75.0707209461861,67.76128321214046,-14.040000000000006,-0.1486028789161728,2296.9015999999997,131.3208,51.52,76.68,81.38,10.11,157.29,2.5,76.4
2022-01-12 05:00:00,17.99,67.37,49.63,9.1,96.34,60.48,1.73,70.21,2022,AIIMS,Hourly,0,0,5,12,1,2,0.9659258262890683,0.25881904510252074,0.49999999999999994,0.8660254037844387,68.65,80.44,94.48,54.8,61.28,51.99,23.95,81.19000000000001,74.13499999999999,64.76,59.15625,12.931322438173094,14.732737355970155,14.362890947286218,11.931293458253231,73.23622924727579,67.89800887181116,-11.789999999999992,-0.14656887120835396,1211.9863,85.85990000000001,31.31,73.36,63.44,9.83,100.32,2.07,69.3
2022-01-12 06:00:00,14.76,60.78,43.59,10.38,96.12,53.26,1.57,67.53,2022,AIIMS,Hourly,0,0,6,12,1,2,1.0,6.123233995736766e-17,0.49999999999999994,0.8660254037844387,60.48,68.65,80.44,62.59,61.01,49.0,23.95,69.85666666666667,75.08166666666666,64.69333333333334,59.51,10.034561940280835,13.360445227112198,14.382355562116782,11.83505551868831,69.5915923194827,66.75677673768637,-8.170000000000009,-0.11900946831755292,897.1128,68.4363,17.99,67.37,49.63,9.1,96.34,1.73,70.21
2022-01-12 07:00:00,15.97,64.05,46.27,11.27,144.1,52.83,1.66,64.97,2022,AIIMS,Hourly,0,0,7,12,1,2,0.9659258262890683,-0.25881904510252063,0.49999999999999994,0.8660254037844387,53.26,60.48,68.65,83.85,57.15,47.87,21.12,60.79666666666666,73.52666666666666,64.0475,59.6875,7.699885280530689,15.479940137696438,14.732532415156479,11.701769933015145,64.92542308534479,64.68034954727308,-7.219999999999999,-0.11937830687830686,1022.8785,76.8082,14.76,60.78,43.59,10.38,96.12,1.57,67.53
2022-01-12 08:00:00,24.45,65.27,51.71,11.42,207.05,66.19,1.76,70.94,2022,AIIMS,Hourly,0,0,8,12,1,2,0.8660254037844387,-0.4999999999999998,0.49999999999999994,0.8660254037844387,52.83,53.26,60.48,94.48,50.62,48.3,22.97,55.52333333333333,68.35666666666667,63.6875,59.89416666666667,4.297980145758393,16.489694559532186,14.967310516285455,11.526471580733157,61.46958791810342,62.85721884769261,-0.4299999999999997,-0.008073601201652267,1595.8514999999998,91.0096,15.97,64.05,46.27,11.27,144.1,1.66,64.97
2022-01-12 09:00:00,27.32,64.34,55.52,13.86,200.54,66.33,1.82,71.89,2022,AIIMS,Hourly,0,0,9,12,1,2,0.7071067811865476,-0.7071067811865475,0.49999999999999994,0.8660254037844387,66.19,52.83,53.26,80.44,50.51,53.3,23.59,57.42666666666667,63.64166666666667,64.985,60.63958333333334,7.5923140960667075,10.47309584920646,14.395469931386561,11.320713788821166,62.81827708435958,63.36995440958605,13.36,0.2528866174522052,1757.7688,101.0464,24.45,65.27,51.71,11.42,207.05,1.76,70.94
2022-01-12 10:00:00,30.01,74.04,63.0,12.55,214.95,73.28,1.99,71.68,2022,AIIMS,Hourly,0,0,10,12,1,2,0.49999999999999994,-0.8660254037844387,0.49999999999999994,0.8660254037844387,66.33,66.19,52.83,68.65,51.74,59.19,40.8,61.78333333333333,61.29,66.30333333333333,61.1825,7.754130082306652,6.9323848710237534,13.65467774216676,11.265731127010216,63.82162648882827,63.825346038880504,0.14000000000000057,0.0021151231303822415,2221.9404000000004,125.37,27.32,64.34,55.52,13.86,200.54,1.82,71.89
2022-01-12 11:00:00,27.66,79.58,63.69,12.06,200.96,72.46,1.97,73.67,2022,AIIMS,Hourly,0,0,11,12,1,2,0.258819045102521,-0.9659258262890682,0.49999999999999994,0.8660254037844387,73.28,66.33,66.19,60.48,54.8,57.19,59.06,68.6,62.06166666666667,68.09833333333334,61.76958333333334,4.053603335305415,8.07845880515991,12.964536827496586,11.52160823585751,66.52401892059163,65.27990818674505,6.950000000000003,0.10477913462988095,2201.1828,125.46929999999999,30.01,74.04,63.0,12.55,214.95,1.99,71.68
2022-01-12 12:00:00,22.24,73.57,55.65,10.28,133.35,67.2,1.8,74.98,2022,AIIMS,Hourly,0,0,12,12,1,2,1.2246467991473532e-16,-1.0,0.49999999999999994,0.8660254037844387,72.46,73.28,66.33,53.26,62.59,47.15,68.89,70.69,64.05833333333334,69.57,62.405833333333334,3.7980652969635758,9.033394526237942,12.303215396428252,11.678274856466958,68.22001351470831,66.38453769647657,-0.8200000000000074,-0.01118995633187783,1636.1967999999997,100.17,27.66,79.58,63.69,12.06,200.96,1.97,73.67
2022-01-12 13:00:00,19.24,77.9,54.03,10.93,86.16,58.41,1.72,70.52,2022,AIIMS,Hourly,0,0,13,12,1,2,-0.2588190451025208,-0.9659258262890683,0.49999999999999994,0.8660254037844387,67.2,72.46,73.28,52.83,83.85,52.6,80.1,70.98,66.38166666666667,69.95416666666667,63.24125,3.299151406043522,7.333346893926781,12.136293022720466,11.248732996286252,67.92858108193451,66.50999343548018,-5.259999999999991,-0.07259177477228804,1498.796,92.9316,22.24,73.57,55.65,10.28,133.35,1.8,74.98
2022-01-12 14:00:00,10.58,79.24,50.49,11.22,82.0,54.13,1.59,66.71,2022,AIIMS,Hourly,0,0,14,12,1,2,-0.4999999999999997,-0.8660254037844388,0.49999999999999994,0.8660254037844387,58.41,67.2,72.46,66.19,94.48,58.05,80.1,66.02333333333333,67.31166666666667,67.83416666666666,63.48333333333333,7.0985233206162395,5.3591096897400385,11.702472511345114,11.070878629232116,65.20898648709607,65.26384059925246,-8.790000000000006,-0.13080357142857152,838.3592,80.27910000000001,19.24,77.9,54.03,10.93,86.16,1.72,70.52
2022-01-12 15:00:00,3.86,79.63,45.63,15.39,103.46,50.24,1.49,68.88,2022,AIIMS,Hourly,0,0,15,12,1,2,-0.7071067811865471,-0.7071067811865479,0.49999999999999994,0.8660254037844387,54.13,58.41,67.2,66.33,80.44,58.04,59.99,59.913333333333334,65.30166666666666,64.47166666666666,63.32,6.663425045225093,7.640129361906486,8.783007181570287,11.182874329119034,62.04356177649719,63.55094204552132,-4.279999999999994,-0.07327512412258165,307.37179999999995,67.98870000000001,10.58,79.24,50.49,11.22,82.0,1.59,66.71
2022-01-12 16:00:00,1.37,66.8,35.67,10.84,100.28,49.3,1.44,63.64,2022,AIIMS,Hourly,0,0,16,12,1,2,-0.8660254037844385,-0.5000000000000004,0.49999999999999994,0.8660254037844387,50.24,54.13,58.41,73.28,68.65,59.95,59.055,54.26,62.62,61.955000000000005,62.995000000000005,4.086551113102591,9.741726746321673,8.090975331700244,11.453073633403996,58.671115554640856,61.503104807748805,-3.8900000000000006,-0.07186403103639387,91.516,51.3648,3.86,79.63,45.63,15.39,103.46,1.49,68.88
2022-01-12 17:00:00,1.28,71.06,38.15,11.17,83.42,45.22,1.41,60.95,2022,AIIMS,Hourly,0,0,17,12,1,2,-0.9659258262890683,-0.25881904510252063,0.49999999999999994,0.8660254037844387,49.3,50.24,54.13,72.46,60.48,61.28,58.12,51.223333333333336,58.623333333333335,60.342499999999994,62.55125,2.560748588466576,9.40694353478673,8.550528027288994,11.777893187441569,55.99365396760061,59.62570406809514,-0.9400000000000048,-0.018710191082802644,90.9568,53.79149999999999,1.37,66.8,35.67,10.84,100.28,1.44,63.64
2022-01-12 18:00:00,4.71,77.83,44.08,10.68,88.89,42.28,1.55,67.73,2022,AIIMS,Hourly,0,0,18,12,1,2,-1.0,-1.8369701987210297e-16,0.49999999999999994,0.8660254037844387,45.22,49.3,50.24,67.2,53.26,61.01,57.1,48.25333333333333,54.083333333333336,59.070833333333326,61.882083333333334,2.668657590125363,7.835551459001855,9.598732357909974,12.29800442601639,52.91546711971472,57.40944190377281,-4.079999999999998,-0.08275862068965514,366.5793,68.324,1.28,71.06,38.15,11.17,83.42,1.41,60.95
2022-01-12 19:00:00,7.0,75.62,45.12,9.83,115.62,40.62,1.72,67.75,2022,AIIMS,Hourly,0,0,19,12,1,2,-0.9659258262890684,0.2588190451025203,0.49999999999999994,0.8660254037844387,42.28,45.22,49.3,58.41,52.83,57.15,57.28,45.6,49.93,58.15583333333333,61.10166666666667,3.5253935950472965,5.843800133474757,10.66690673262049,12.933618030633141,49.87676222836765,55.08183545703853,-2.9399999999999977,-0.06501547987616094,529.34,77.6064,4.71,77.83,44.08,10.68,88.89,1.55,67.73
2022-01-12 20:00:00,24.53,78.41,64.38,10.59,150.23,43.67,2.29,69.78,2022,AIIMS,Hourly,0,0,20,12,1,2,-0.8660254037844386,0.5000000000000001,0.49999999999999994,0.8660254037844387,40.62,42.28,45.22,54.13,66.19,50.62,45.38,42.70666666666667,46.965,57.13833333333333,60.41291666666667,2.3294920762548235,5.153025324991112,11.748613715771931,13.577319476489699,47.23197302026261,52.85693769441722,-1.6600000000000037,-0.03926206244087047,1923.3973,147.43019999999999,7.0,75.62,45.12,9.83,115.62,1.72,67.75
2022-01-12 21:00:00,36.85,78.36480206540448,78.28,11.18,175.95,51.52,2.69,76.52,2022,AIIMS,Hourly,1,3,21,12,1,2,-0.7071067811865477,0.7071067811865474,0.49999999999999994,0.8660254037844387,43.67,40.62,42.28,50.24,66.33,50.51,47.39,42.19,45.221666666666664,55.26166666666666,60.123333333333335,1.52699050422742,3.8484512036228904,11.967873535833217,13.866309394784318,46.21426644304472,51.44356266450688,3.0500000000000043,0.07508616445100946,2887.742956110155,210.57319999999999,24.53,78.41,64.38,10.59,150.23,2.29,69.78
2022-01-12 22:00:00,48.77,78.31960413080894,85.16,11.17,175.95,67.43,2.97,84.33,2022,AIIMS,Hourly,1,3,22,12,1,2,-0.5000000000000004,0.8660254037844384,0.49999999999999994,0.8660254037844387,51.52,43.67,40.62,49.3,73.28,51.74,51.99,45.27,45.435,54.0275,60.165416666666665,5.623388658095809,4.201550904130499,11.476236415860706,13.837367486240838,47.730190316460515,51.45532225458274,7.850000000000001,0.17975727043737122,3819.6470934595523,252.92520000000002,36.85,78.36480206540448,78.28,11.18,175.95,2.69,76.52
2022-01-12 23:00:00,49.51,78.27440619621342,85.56,10.74,203.71,69.8,3.0,82.7,2022,AIIMS,Hourly,1,3,23,12,1,2,-0.25881904510252157,0.9659258262890681,0.49999999999999994,0.8660254037844387,67.43,51.52,43.67,45.22,72.46,54.8,55.83,54.20666666666667,48.45666666666667,53.54,60.81916666666667,12.105702513003264,10.023214387942945,10.680740525910098,13.792566024356443,53.35870736890037,53.91296498464693,15.910000000000004,0.3088121118012423,3875.3658507745263,256.68,48.77,78.31960413080894,85.16,11.17,175.95,2.97,84.33
2022-02-06 01:00:00,8.07,52.15,58.15,19.75,266.92,56.6,2.65,28.72,2022,AIIMS,Hourly,0,0,1,6,2,6,0.25881904510252074,0.9659258262890683,0.8660254037844386,0.5000000000000001,69.8,67.43,51.52,42.28,67.2,62.59,61.89,62.916666666666664,52.553333333333335,53.318333333333335,61.44416666666666,9.940685757699672,13.012992994183403,10.272168783424055,13.847699829925183,58.056219549214546,56.35712421777818,2.3699999999999903,0.03514756043304153,420.8505,154.0975,49.51,78.27440619621342,85.56,10.74,203.71,3.0,82.7
2023-01-01 01:00:00,18.98,60.01,46.91,11.15,96.45,30.4,1.24,73.25,2023,AIIMS,Hourly,0,0,1,1,1,6,0.25881904510252074,0.9659258262890683,0.49999999999999994,0.8660254037844387,56.6,69.8,67.43,40.62,58.41,83.85,63.43,64.61,54.94,52.435,61.194583333333334,7.037350353648722,12.027859327411491,9.387599654476507,13.880092400133066,57.64015682086753,56.394489722735386,-13.199999999999996,-0.18911174785100282,1138.9898,58.1684,8.07,52.15,58.15,19.75,266.92,2.65,28.72
2023-01-01 02:00:00,15.49,62.69,43.93,10.93,96.45,32.12,1.2,66.1,2023,AIIMS,Hourly,0,0,2,1,1,6,0.49999999999999994,0.8660254037844387,0.49999999999999994,0.8660254037844387,30.4,56.6,69.8,43.67,54.13,94.48,54.59,52.26666666666667,53.23666666666667,50.100833333333334,58.9675,20.05425973037483,14.853202572733812,11.094052016802308,14.366493399876513,49.85725487204824,52.39533745769917,-26.200000000000003,-0.4628975265017668,971.0681,52.716,18.98,60.01,46.91,11.15,96.45,1.24,73.25
2023-01-01 03:00:00,10.34,62.89,41.83,11.11,86.78,32.12,1.11,70.62,2023,AIIMS,Hourly,0,0,3,1,1,6,0.7071067811865476,0.7071067811865476,0.49999999999999994,0.8660254037844387,32.12,30.4,56.6,51.52,50.24,80.44,56.17,39.70666666666667,51.31166666666667,48.26666666666667,56.36916666666667,14.655310755263233,16.94253158966116,12.137710083067823,13.261139014843863,44.78946776574874,49.2760547718993,1.7199999999999989,0.05657894736842102,650.2826,46.4313,15.49,62.69,43.93,10.93,96.45,1.2,66.1
2023-01-01 04:00:00,8.6,58.99,38.28,10.45,80.04,31.54,1.08,72.44,2023,AIIMS,Hourly,0,0,4,1,1,6,0.8660254037844386,0.5000000000000001,0.49999999999999994,0.8660254037844387,32.12,32.12,30.4,67.43,49.3,68.65,57.62,31.546666666666663,48.07833333333334,46.75666666666667,54.35583333333333,0.993042463006721,18.659029360249864,12.968576240164918,13.114980454382692,41.16961983267767,46.63666173006864,0.0,0.0,507.314,41.342400000000005,10.34,62.89,41.83,11.11,86.78,1.11,70.62
2023-01-01 05:00:00,9.87,61.04,40.49,11.15,104.94,35.46,1.12,68.14,2023,AIIMS,Hourly,0,0,5,1,1,6,0.9659258262890683,0.25881904510252074,0.49999999999999994,0.8660254037844387,31.54,32.12,32.12,69.8,45.22,60.48,51.99,31.926666666666662,42.096666666666664,45.27666666666667,52.80958333333333,0.3348631561316366,16.88279795136655,13.647568103933956,13.537259525879447,38.41829988048405,44.31409838698115,-0.5799999999999983,-0.0180572851805728,602.4648,45.348800000000004,8.6,58.99,38.28,10.45,80.04,1.08,72.44
2023-01-01 06:00:00,11.51,63.03,42.82,13.43,135.17,44.49,1.29,68.09,2023,AIIMS,Hourly,0,0,6,1,1,6,1.0,6.123233995736766e-17,0.49999999999999994,0.8660254037844387,35.46,31.54,32.12,56.6,42.28,53.26,49.0,33.04,36.37333333333333,44.46333333333333,51.767083333333325,2.1157504578756603,10.051624081046137,13.938967180555611,13.879934681955879,37.5730713432029,42.95192940436867,3.9200000000000017,0.12428662016487006,725.4753,55.2378,9.87,61.04,40.49,11.15,104.94,1.12,68.14
2023-01-01 07:00:00,11.67,60.96,41.8,12.56,135.17,47.02,1.3,74.44,2023,AIIMS,Hourly,0,0,7,1,1,6,0.9659258262890683,-0.25881904510252063,0.49999999999999994,0.8660254037844387,44.49,35.46,31.54,30.4,40.62,52.83,47.87,37.163333333333334,34.355,44.6475,51.401666666666664,6.6409060626795675,5.243967009812316,13.922087176987391,13.95416710915217,39.549336673716354,43.188555649850414,9.030000000000001,0.2546531302876481,711.4032,54.339999999999996,11.51,63.03,42.82,13.43,135.17,1.29,68.09
2023-01-01 08:00:00,12.27,60.67,42.21,13.15,132.48,47.02,1.31,73.62,2023,AIIMS,Hourly,0,0,8,1,1,6,0.8660254037844387,-0.4999999999999998,0.49999999999999994,0.8660254037844387,47.02,44.49,35.46,32.12,43.67,66.19,48.3,42.32333333333333,37.125,45.18083333333333,51.15958333333333,6.076942762058402,6.87340890679435,13.87628549873577,13.978686098350988,41.6838119097974,43.778008626796506,2.530000000000001,0.05686671162058892,744.4209,55.295100000000005,11.67,60.96,41.8,12.56,135.17,1.3,74.44
2023-01-01 09:00:00,13.57,64.35,45.18,16.52,114.96,45.4,1.42,70.1,2023,AIIMS,Hourly,0,0,9,1,1,6,0.7071067811865476,-0.7071067811865475,0.49999999999999994,0.8660254037844387,47.02,47.02,44.49,32.12,51.52,66.33,53.3,46.17666666666667,39.608333333333334,45.46,50.360833333333325,1.460696181049918,7.376694155695119,13.876825023299569,13.625734895750561,43.20843707842671,44.27677653036628,0.0,0.0,873.2294999999999,64.15559999999999,12.27,60.67,42.21,13.15,132.48,1.31,73.62
2023-01-01 10:00:00,16.48,69.3,49.51,21.0,116.84,48.38,1.47,77.04,2023,AIIMS,Hourly,0,0,10,1,1,6,0.49999999999999994,-0.8660254037844387,0.49999999999999994,0.8660254037844387,45.4,47.02,47.02,31.54,67.43,73.28,59.19,46.48,41.821666666666665,44.949999999999996,49.48875,0.9353074360874469,6.635560011533802,13.74570279958598,13.22306591840969,43.834597913161936,44.44958014107915,-1.6200000000000045,-0.034453424074861856,1142.064,72.77969999999999,13.57,64.35,45.18,16.52,114.96,1.42,70.1
2023-01-01 11:00:00,16.23,66.0,47.87,13.19,116.84,48.38,1.42,75.18,2023,AIIMS,Hourly,0,0,11,1,1,6,0.258819045102521,-0.9659258262890682,0.49999999999999994,0.8660254037844387,48.38,45.4,47.02,35.46,69.8,72.46,57.19,46.93333333333334,44.62833333333334,43.362500000000004,48.451249999999995,1.491889182658614,4.694423997325596,11.88796345048219,12.213516857225777,45.1332842236871,45.05426011937467,2.980000000000004,0.06563876651982388,1071.18,67.9754,16.48,69.3,49.51,21.0,116.84,1.47,77.04
2023-01-01 12:00:00,12.19,70.76,45.43,14.81,91.01,45.1,1.27,66.09,2023,AIIMS,Hourly,0,0,12,1,1,6,1.2246467991473532e-16,-1.0,0.49999999999999994,0.8660254037844387,48.38,48.38,45.4,44.49,56.6,67.2,47.15,47.38666666666666,46.781666666666666,41.5775,47.447916666666664,1.7205038021852102,1.573765124364631,8.75193290339083,11.093152207817043,46.06091730263364,45.56591240870164,0.0,0.0,862.5644,57.6961,16.23,66.0,47.87,13.19,116.84,1.42,75.18
2023-01-01 13:00:00,7.73,71.23,44.04,14.14,65.29,37.63,1.17,67.7,2023,AIIMS,Hourly,0,0,13,1,1,6,-0.2588190451025208,-0.9659258262890683,0.49999999999999994,0.8660254037844387,45.1,48.38,48.38,47.02,30.4,58.41,52.6,47.28666666666667,46.88333333333333,40.619166666666665,46.52708333333333,1.8937088829420852,1.4069778486765252,7.4970981760016056,10.268889478574954,45.786369501881175,45.4942335765937,-3.280000000000001,-0.06779661016949154,550.6079000000001,51.526799999999994,12.19,70.76,45.43,14.81,91.01,1.27,66.09
2023-01-01 14:00:00,4.84,67.37,39.76,12.53,52.64,31.23,1.05,70.6,2023,AIIMS,Hourly,0,0,14,1,1,6,-0.4999999999999997,-0.8660254037844388,0.49999999999999994,0.8660254037844387,37.63,45.1,48.38,47.02,32.12,54.13,58.05,43.70333333333334,45.318333333333335,41.221666666666664,45.66125,5.50941315689193,4.020151323851681,6.865056224802349,10.098029214739777,43.45597821562941,44.28435148788698,-7.469999999999999,-0.16563192904656315,326.0708,41.748,7.73,71.23,44.04,14.14,65.29,1.17,67.7
2023-01-01 15:00:00,3.73,68.94,39.68,17.81,52.64,29.84,0.97,68.8,2023,AIIMS,Hourly,0,0,15,1,1,6,-0.7071067811865471,-0.7071067811865479,0.49999999999999994,0.8660254037844387,31.23,37.63,45.1,45.4,32.12,50.24,58.04,37.98666666666667,42.68666666666667,41.1475,44.70708333333334,6.94187534700344,6.853313553797639,6.976232540171375,10.34198975017634,39.96284158259243,42.275989720519746,-6.400000000000002,-0.1700770661706086,257.14619999999996,38.489599999999996,4.84,67.37,39.76,12.53,52.64,1.05,70.6
2023-01-01 16:00:00,3.78,71.47,41.03,25.05,59.59,30.31,0.96,62.31,2023,AIIMS,Hourly,0,0,16,1,1,6,-0.8660254037844385,-0.5000000000000004,0.49999999999999994,0.8660254037844387,29.84,31.23,37.63,48.38,31.54,49.3,59.95,32.9,40.093333333333334,40.9575,43.85708333333333,4.1548405504905945,8.3924005306388,7.2693417546195365,10.699618635693243,37.070601130423164,40.36276053274748,-1.3900000000000006,-0.04450848543067565,270.15659999999997,39.388799999999996,3.73,68.94,39.68,17.81,52.64,0.97,68.8
2023-01-01 17:00:00,4.2,73.36,42.37,19.91,59.59,30.31,0.96,67.37,2023,AIIMS,Hourly,0,0,17,1,1,6,-0.9659258262890683,-0.25881904510252063,0.49999999999999994,0.8660254037844387,30.31,29.84,31.23,48.38,35.46,45.22,61.28,30.459999999999997,37.08166666666667,40.855000000000004,43.06583333333333,0.707036066973293,8.059601520339973,7.421286950388086,10.97814941111444,35.139000807445115,38.816181989247866,0.46999999999999886,0.015750670241286825,308.112,40.6752,3.78,71.47,41.03,25.05,59.59,0.96,62.31
2023-01-01 18:00:00,3.02,65.89,37.52,15.36,55.7,27.4,0.93,67.14,2023,AIIMS,Hourly,0,0,18,1,1,6,-1.0,-1.8369701987210297e-16,0.49999999999999994,0.8660254037844387,30.31,30.31,29.84,45.1,44.49,42.28,61.01,30.153333333333332,34.07,40.42583333333334,42.444583333333334,0.2713546265211012,6.141143216046969,7.895403102534769,11.26896969912107,33.759286291032225,37.50753860628665,0.0,0.0,198.9878,34.893600000000006,4.2,73.36,42.37,19.91,59.59,0.96,67.37
2023-01-01 19:00:00,4.79,72.76,42.53,16.73,55.7,26.63,1.01,62.88,2023,AIIMS,Hourly,0,0,19,1,1,6,-0.9659258262890684,0.2588190451025203,0.49999999999999994,0.8660254037844387,27.4,30.31,30.31,37.63,47.02,40.62,57.15,29.34,31.12,39.00166666666667,41.82458333333334,1.6800892833421393,3.4403836995311514,8.605110356202573,11.680249766227087,31.9423473507373,35.952532666857934,-2.91,-0.09600791817881887,348.52040000000005,42.9553,3.02,65.89,37.52,15.36,55.7,0.93,67.14
2023-01-01 20:00:00,11.11,77.02,50.55,13.97,82.34,30.1,1.24,70.67,2023,AIIMS,Hourly,0,0,20,1,1,6,-0.8660254037844386,0.5000000000000001,0.49999999999999994,0.8660254037844387,26.63,27.4,30.31,31.23,47.02,43.67,50.62,28.11333333333333,29.286666666666665,37.3025,41.24166666666667,1.9409362002225836,1.832732022600758,8.886381946040226,12.085058567491874,30.42453382195521,34.518296871956714,-0.7699999999999996,-0.028102189781021882,855.6922,62.681999999999995,4.79,72.76,42.53,16.73,55.7,1.01,62.88
2023-01-01 21:00:00,11.86,71.42,47.33,11.61,113.85,38.18,1.46,71.44,2023,AIIMS,Hourly,0,0,21,1,1,6,-0.7071067811865477,0.7071067811865474,0.49999999999999994,0.8660254037844387,30.1,26.63,27.4,29.84,45.4,51.52,50.51,28.043333333333333,29.098333333333333,35.892500000000005,40.67625,1.8222605009532777,1.6411388322339642,8.53993093968248,12.282341446688495,30.331809872825154,33.83855889165568,3.4700000000000024,0.13030416823131816,847.0412,69.1018,11.11,77.02,50.55,13.97,82.34,1.24,70.67
2023-01-01 22:00:00,14.06,74.51,50.85,13.96,132.7,47.33,1.75,67.49,2023,AIIMS,Hourly,0,0,22,1,1,6,-0.5000000000000004,0.8660254037844384,0.49999999999999994,0.8660254037844387,38.18,30.1,26.63,30.31,48.38,67.43,51.74,31.636666666666667,30.488333333333333,35.29083333333333,40.120416666666664,5.926350760234697,4.093914589566604,8.049453350534113,12.070293206037235,32.57414990916082,34.506472908324035,8.079999999999998,0.26843853820598,1047.6106000000002,88.9875,11.86,71.42,47.33,11.61,113.85,1.46,71.44
2023-01-01 23:00:00,15.24,75.94,52.56,14.15,133.1,47.78,1.8,67.92,2023,AIIMS,Hourly,0,0,23,1,1,6,-0.25881904510252157,0.9659258262890681,0.49999999999999994,0.8660254037844387,47.33,38.18,30.1,30.31,48.38,69.8,54.8,38.53666666666667,33.324999999999996,35.20333333333333,39.282916666666665,8.62053555954235,7.989124482695191,7.898527288889618,10.714164732063601,36.79010707797202,36.479323230120336,9.149999999999999,0.23965426925091668,1157.3256,94.608,14.06,74.51,50.85,13.96,132.7,1.75,67.49
2023-01-02 01:00:00,6.56,76.59,45.48,15.68,87.46,38.54,1.18,57.72,2023,AIIMS,Hourly,0,0,1,2,1,0,0.25881904510252074,0.9659258262890683,0.49999999999999994,0.8660254037844387,47.78,47.33,38.18,27.4,45.1,56.6,62.59,44.43,36.23666666666667,35.15333333333333,38.36541666666667,5.417333292312804,9.675955077751574,7.808923023559614,8.750034026848859,39.930076484265726,38.2178888870249,0.45000000000000284,0.009507711810690954,502.4304,53.666399999999996,15.24,75.94,52.56,14.15,133.1,1.8,67.92
2023-01-02 02:00:00,3.94,76.75,43.47,9.85,78.53,30.24,1.0,63.23,2023,AIIMS,Hourly,0,0,2,2,1,0,0.49999999999999994,0.8660254037844387,0.49999999999999994,0.8660254037844387,38.54,47.78,47.33,26.63,37.63,30.4,83.85,44.550000000000004,38.093333333333334,34.60666666666667,37.61291666666667,5.209673694196277,8.65628018646962,7.259597200613279,7.843278750495186,39.53291177447552,38.26744444286722,-9.240000000000002,-0.19338635412306407,302.395,43.47,6.56,76.59,45.48,15.68,87.46,1.18,57.72
2023-01-02 03:00:00,3.21,66.99,37.67,11.87,57.74,27.86,0.87,62.88,2023,AIIMS,Hourly,0,0,3,2,1,0,0.7071067811865476,0.7071067811865476,0.49999999999999994,0.8660254037844387,30.24,38.54,47.78,30.1,31.23,32.12,94.48,38.85333333333333,38.695,33.990833333333335,37.606249999999996,8.774197019290947,7.781397689361461,7.293181695421067,7.849741514713997,36.877794124625375,37.03245299011842,-8.3,-0.21536066424494035,215.03789999999998,32.7729,3.94,76.75,43.47,9.85,78.53,1.0,63.23
2023-01-02 04:00:00,3.68,66.16,37.72,16.62,50.72,26.21,0.79,57.15,2023,AIIMS,Hourly,0,0,4,2,1,0,0.8660254037844386,0.5000000000000001,0.49999999999999994,0.8660254037844387,27.86,30.24,38.54,38.18,29.84,32.12,80.44,32.21333333333333,38.321666666666665,33.71,37.42875,5.606793498367336,8.311891280970087,7.47185020289795,8.025390312870229,34.30128151758955,35.62130637625405,-2.379999999999999,-0.07870370370370368,243.4688,29.7988,3.21,66.99,37.67,11.87,57.74,0.87,62.88
2023-01-02 05:00:00,4.89,71.11,41.09,16.77,60.94,26.21,0.81,61.46,2023,AIIMS,Hourly,0,0,5,2,1,0,0.9659258262890683,0.25881904510252074,0.49999999999999994,0.8660254037844387,26.21,27.86,30.24,47.33,30.31,31.54,68.65,28.103333333333335,36.32666666666667,33.4075,37.182500000000005,2.025989470193343,9.677085649443558,7.712380984789726,8.281935947800884,31.989486798278254,34.17341308759958,-1.6499999999999986,-0.059224694903086815,347.7279,33.282900000000005,3.68,66.16,37.72,16.62,50.72,0.79,57.15
2023-01-02 06:00:00,5.35,64.03,37.94,9.79,60.94,25.68,0.78,62.47,2023,AIIMS,Hourly,0,0,6,2,1,0,1.0,6.123233995736766e-17,0.49999999999999994,0.8660254037844387,26.21,26.21,27.86,47.78,30.31,35.46,60.48,26.760000000000005,32.806666666666665,33.06583333333333,36.96041666666667,0.952627944163407,8.662114445484217,7.949257779341725,8.5081927162647,30.33820485591304,32.948272612584255,0.0,0.0,342.5605,29.5932,4.89,71.11,41.09,16.77,60.94,0.81,61.46
2023-01-02 07:00:00,7.37,67.55,41.4,10.52,70.18,25.7,0.82,60.53,2023,AIIMS,Hourly,0,0,7,2,1,0,0.9659258262890683,-0.25881904510252063,0.49999999999999994,0.8660254037844387,25.68,26.21,26.21,38.54,27.4,44.49,53.26,26.033333333333335,29.123333333333335,32.68,36.55291666666667,0.30599564267216955,4.906080580938943,8.203475981668921,8.811963448564615,29.007289182795027,31.830076826032833,-0.5300000000000011,-0.02022128958412824,497.8435,33.94799999999999,5.35,64.03,37.94,9.79,60.94,0.78,62.47
2023-01-02 08:00:00,10.49,72.95,46.73,12.18,77.37,29.21,0.89,62.93,2023,AIIMS,Hourly,0,0,8,2,1,0,0.8660254037844387,-0.4999999999999998,0.49999999999999994,0.8660254037844387,25.7,25.68,26.21,30.24,26.63,47.02,52.83,25.863333333333333,26.98333333333333,32.538333333333334,35.77,0.3003886371591957,1.7841599330402316,8.316841438620326,8.910286190689845,28.06234941628216,30.886988083566244,0.019999999999999574,0.0007788161993769304,765.2455,41.5897,7.37,67.55,41.4,10.52,70.18,0.82,60.53
2023-01-02 09:00:00,16.97,77.44,50.48,10.66,100.58,36.69,0.98,68.36,2023,AIIMS,Hourly,0,0,9,2,1,0,0.7071067811865476,-0.7071067811865475,0.49999999999999994,0.8660254037844387,29.21,25.7,25.68,27.86,30.1,47.02,66.19,26.863333333333333,26.811666666666667,32.75333333333334,35.02791666666667,2.0322975503932317,1.4206676834031666,8.18248165660069,8.671036736152617,28.390249583058683,30.628989916863745,3.5100000000000016,0.1365758754863814,1314.1568,49.4704,10.49,72.95,46.73,12.18,77.37,0.89,62.93
2023-01-02 10:00:00,19.8,77.14,56.0,11.42,100.58,36.69,1.05,69.36,2023,AIIMS,Hourly,0,0,10,2,1,0,0.49999999999999994,-0.8660254037844387,0.49999999999999994,0.8660254037844387,36.69,29.21,25.7,26.21,38.18,45.4,66.33,30.53333333333333,28.28333333333333,33.3025,34.5975,5.613237330928936,4.326179222670528,8.209314139217984,8.298256626754581,30.761606845041918,31.561453006577015,7.479999999999997,0.2560766860664155,1527.372,58.800000000000004,16.97,77.44,50.48,10.66,100.58,0.98,68.36
2023-01-02 11:00:00,18.58,79.04,62.47,25.08,88.85,32.98,1.09,67.32,2023,AIIMS,Hourly,0,0,11,2,1,0,0.258819045102521,-0.9659258262890682,0.49999999999999994,0.8660254037844387,36.69,36.69,29.21,26.21,47.33,48.38,73.28,34.196666666666665,30.029999999999998,33.178333333333335,34.23458333333333,4.318580013538487,5.322544504276086,8.139808835518716,7.990015497164293,32.45543346074423,32.3504602363344,0.0,0.0,1468.5632,68.09230000000001,19.8,77.14,56.0,11.42,100.58,1.05,69.36
2023-01-02 12:00:00,20.58,79.025,69.95,71.89,87.72,32.98,1.17,63.16,2023,AIIMS,Hourly,1,1,12,2,1,0,1.2246467991473532e-16,-1.0,0.49999999999999994,0.8660254037844387,32.98,36.69,36.69,25.68,47.78,48.38,72.46,35.45333333333333,31.15833333333333,31.982499999999998,33.59291666666667,2.141969498693677,5.061989398118716,6.818629727711945,7.401314500855756,32.60530961481731,32.44731250766757,-3.710000000000001,-0.10111747070046337,1626.3345,81.8415,18.58,79.04,62.47,25.08,88.85,1.09,67.32
2023-01-02 13:00:00,2.77,79.01,48.27,26.28,87.93,32.98,0.83,46.99,2023,AIIMS,Hourly,0,0,13,2,1,0,-0.2588190451025208,-0.9659258262890683,0.49999999999999994,0.8660254037844387,32.98,32.98,36.69,25.7,38.54,45.1,67.2,34.21666666666667,32.375,30.749166666666667,32.95125,2.141969498693692,4.302170382492964,4.71565566314315,6.697707792514613,32.71236401058379,32.52926442956486,0.0,0.0,218.85770000000002,40.0641,20.58,79.025,69.95,71.89,87.72,1.17,63.16
2023-01-02 14:00:00,10.35,72.24,45.86,27.48,87.93,31.22,0.81,45.85,2023,AIIMS,Hourly,0,0,14,2,1,0,-0.4999999999999997,-0.8660254037844388,0.49999999999999994,0.8660254037844387,32.98,32.98,32.98,29.21,30.24,37.63,58.41,32.98,33.58833333333333,30.28583333333333,32.44625,0.0,2.8114296481801504,4.115545823368167,6.178686234706729,32.788831436131275,32.59860836347796,0.0,0.0,747.684,37.1466,2.77,79.01,48.27,26.28,87.93,0.83,46.99
2023-01-02 15:00:00,8.44,64.24,42.04,28.39,65.33,26.96,0.61,31.97,2023,AIIMS,Hourly,0,0,15,2,1,0,-0.7071067811865471,-0.7071067811865479,0.49999999999999994,0.8660254037844387,31.22,32.98,32.98,36.69,27.86,31.23,54.13,32.39333333333334,33.92333333333333,30.367499999999996,32.17916666666667,1.0161364737741736,2.2488456297990713,4.124267703594158,6.082663115750208,32.34059388295091,32.386514769096735,-1.759999999999998,-0.05336567616737411,542.1855999999999,25.644399999999997,10.35,72.24,45.86,27.48,87.93,0.81,45.85
2023-01-02 16:00:00,3.09,61.86,34.99,13.17,62.44,23.54,0.61,43.91,2023,AIIMS,Hourly,0,0,16,2,1,0,-0.8660254037844385,-0.5000000000000004,0.49999999999999994,0.8660254037844387,26.96,31.22,32.98,36.69,26.21,29.84,50.24,30.386666666666667,32.30166666666667,30.2925,32.00125,3.095308277592772,3.1730516331547975,4.181794145187926,6.173404608197943,30.803281344964937,31.551666343081855,-4.259999999999998,-0.13645099295323504,191.14739999999998,21.3439,8.44,64.24,42.04,28.39,65.33,0.61,31.97
2023-01-02 17:00:00,2.92,60.38,34.08,10.57,53.5,21.51,0.6,48.61,2023,AIIMS,Hourly,0,0,17,2,1,0,-0.9659258262890683,-0.25881904510252063,0.49999999999999994,0.8660254037844387,23.54,26.96,31.22,32.98,26.21,30.31,49.3,27.24,30.11,30.069999999999997,31.73875,3.84764863260683,3.9756810737280737,4.47921259314025,6.399114281441953,28.728058103546385,30.31910229030003,-3.4200000000000017,-0.12685459940652824,176.3096,20.447999999999997,3.09,61.86,34.99,13.17,62.44,0.61,43.91
2023-01-02 18:00:00,8.4,67.24,65.89,15.28,40.56,15.25,1.02,56.47,2023,AIIMS,Hourly,0,0,18,2,1,0,-1.0,-1.8369701987210297e-16,0.49999999999999994,0.8660254037844387,21.51,23.54,26.96,32.98,25.68,30.31,45.22,24.003333333333334,28.198333333333334,29.67833333333333,31.372083333333332,2.754384383729825,4.956339038712569,5.020231492911956,6.7281969799826085,26.665755788247417,28.963855784100026,-2.0299999999999976,-0.08623619371282913,564.816,67.2078,2.92,60.38,34.08,10.57,53.5,0.6,48.61
2023-01-02 19:00:00,8.64,72.88499999999999,60.39,12.21,61.39,18.49,1.08,61.58,2023,AIIMS,Hourly,1,1,19,2,1,0,-0.9659258262890684,0.2588190451025203,0.49999999999999994,0.8660254037844387,15.25,21.51,23.54,32.98,25.7,27.4,42.28,20.100000000000005,25.24333333333333,28.809166666666666,30.744583333333335,4.321122539341092,6.560934892731841,6.469190561047981,7.490637622576023,23.404111277319583,26.854031817315406,-6.260000000000002,-0.291027429102743,629.7264,65.22120000000001,8.4,67.24,65.89,15.28,40.56,1.02,56.47
2023-01-02 20:00:00,61.86,78.53,98.59,11.42,210.16,28.46,1.58,75.65,2023,AIIMS,Hourly,0,0,20,2,1,0,-0.8660254037844386,0.5000000000000001,0.49999999999999994,0.8660254037844387,18.49,15.25,21.51,31.22,29.21,26.63,40.62,18.416666666666668,22.828333333333333,28.208333333333332,30.37333333333333,3.1306442361493336,5.7617268823388486,7.089306714832593,7.874567574968886,22.000079483799702,25.56725769157457,3.2399999999999984,0.21245901639344253,4857.8658,155.77220000000003,8.64,72.88499999999999,60.39,12.21,61.39,1.08,61.58
2023-01-02 21:00:00,132.32,64.468,158.12,12.4,210.16,50.33,2.5,98.73,2023,AIIMS,Hourly,1,3,21,2,1,0,-0.7071067811865477,0.7071067811865474,0.49999999999999994,0.8660254037844387,28.46,18.49,15.25,26.96,36.69,30.1,43.67,20.733333333333338,22.368333333333336,28.14583333333333,30.449583333333333,6.884797261600005,5.0202287464483275,7.082976336814884,7.845551206376885,23.84577105985693,26.01229496979387,9.970000000000002,0.5392103839913468,8530.40576,395.3,61.86,78.53,98.59,11.42,210.16,1.58,75.65
2023-01-02 22:00:00,168.72,50.406000000000006,184.75,12.64,199.87,58.57,2.63,115.21,2023,AIIMS,Hourly,1,3,22,2,1,0,-0.5000000000000004,0.8660254037844384,0.49999999999999994,0.8660254037844387,50.33,28.46,18.49,23.54,36.69,38.18,51.52,32.42666666666667,26.263333333333332,29.2825,31.2925,16.286412537245095,12.615535924671065,9.31999036772819,8.831189909484968,31.41269361418352,29.753480359056354,21.869999999999997,0.7684469430780041,8504.500320000001,485.8925,132.32,64.468,158.12,12.4,210.16,2.5,98.73
2023-01-02 23:00:00,173.38,36.344,184.37,12.62,189.58,66.81,2.59,115.2,2023,AIIMS,Hourly,1,3,23,2,1,0,-0.25881904510252157,0.9659258262890681,0.49999999999999994,0.8660254037844387,58.57,50.33,28.46,21.51,32.98,47.33,67.43,45.78666666666667,32.10166666666667,31.105833333333333,32.14208333333333,15.560669437184686,18.04187397879351,12.499005384672069,10.36941446469267,39.171924010131086,34.18679107304769,8.240000000000002,0.1637194516193126,6301.32272,477.5183,168.72,50.406000000000006,184.75,12.64,199.87,2.63,115.21
2023-01-03 01:00:00,75.27,8.22,32.22,8.69,138.64,53.57,2.29,75.96,2023,AIIMS,Hourly,0,0,1,3,1,1,0.25881904510252074,0.9659258262890683,0.49999999999999994,0.8660254037844387,66.81,58.57,50.33,15.25,32.98,47.78,69.8,58.57,39.65166666666667,33.925000000000004,32.95374999999999,8.23999999999998,21.808329066360553,16.221139686448463,12.209137281240302,47.06851715009363,39.20574629257881,8.240000000000002,0.14068635820385866,618.7194000000001,73.7838,173.38,36.344,184.37,12.62,189.58,2.59,115.2
2023-01-03 02:00:00,83.99,7.8,33.27,9.29,238.11,58.13,2.18,74.11,2023,AIIMS,Hourly,0,0,2,3,1,1,0.49999999999999994,0.8660254037844387,0.49999999999999994,0.8660254037844387,53.57,66.81,58.57,18.49,32.98,38.54,56.6,59.650000000000006,46.038333333333334,35.64083333333333,33.195,6.685746031670633,18.609447511053805,17.17313729919406,12.566804097199464,48.92608367863831,41.41563147833591,-13.240000000000002,-0.19817392605897324,655.122,72.52860000000001,75.27,8.22,32.22,8.69,138.64,2.29,75.96
2023-01-03 03:00:00,80.83,7.98,33.14,10.23,238.11,60.82,2.04,74.34,2023,AIIMS,Hourly,0,0,3,3,1,1,0.7071067811865476,0.7071067811865476,0.49999999999999994,0.8660254037844387,58.13,53.57,66.81,28.46,31.22,30.24,30.4,59.50333333333334,52.645,37.73666666666667,34.01125,6.72598939438154,13.091731359908055,18.315555898710485,13.528488238592557,51.55577405617022,43.98707278936116,4.560000000000002,0.0851222699271981,645.0234,67.6056,83.99,7.8,33.27,9.29,238.11,2.18,74.11
2023-01-03 04:00:00,72.08,8.09,32.0,10.23,170.58,66.43,1.97,76.54,2023,AIIMS,Hourly,0,0,4,3,1,1,0.8660254037844386,0.5000000000000001,0.49999999999999994,0.8660254037844387,60.82,58.13,53.57,50.33,26.96,27.86,32.12,57.50666666666667,58.038333333333334,40.20333333333333,35.28541666666667,3.6649738516574772,5.73332858526936,19.323597130467363,14.5587006644216,54.2026957544073,46.576753898690214,2.6899999999999977,0.046275589196628206,583.1272,63.04,80.83,7.98,33.14,10.23,238.11,2.04,74.34
2023-01-03 05:00:00,77.3,7.84,31.44,9.89,211.9,74.69,1.91,72.97,2023,AIIMS,Hourly,0,0,5,3,1,1,0.9659258262890683,0.25881904510252074,0.49999999999999994,0.8660254037844387,66.43,60.82,58.13,58.57,23.54,26.21,32.12,61.793333333333344,60.721666666666664,43.49250000000001,36.8925,4.2347412356994,5.1411143409446565,20.203609544741358,15.78089881443077,57.69621125314808,49.63109945273787,5.6100000000000065,0.09223939493587646,606.0319999999999,60.0504,72.08,8.09,32.0,10.23,170.58,1.97,76.54
2023-01-03 06:00:00,85.33,7.78,33.19,9.37,211.9,74.69,1.86,76.1,2023,AIIMS,Hourly,0,0,6,3,1,1,1.0,6.123233995736766e-17,0.49999999999999994,0.8660254037844387,74.69,66.43,60.82,66.81,21.51,26.21,31.54,67.31333333333333,63.40833333333333,47.754999999999995,38.9125,6.977064807878209,7.474367977740114,20.991771331556656,17.376209685759335,62.55157946653435,53.48631492154743,8.259999999999991,0.12434141201264474,663.8674,61.733399999999996,77.3,7.84,31.44,9.89,211.9,1.91,72.97
2023-01-03 07:00:00,106.6,7.6,35.69,9.53,163.35,75.04,1.93,84.63,2023,AIIMS,Hourly,0,0,7,3,1,1,0.9659258262890683,-0.25881904510252063,0.49999999999999994,0.8660254037844387,74.69,74.69,66.43,53.57,15.25,25.68,35.46,71.93666666666667,64.72166666666666,52.18666666666667,40.9325,4.768913223506212,8.771390805719856,20.556390881198144,18.609485250923687,66.01969961895311,56.74842031823244,0.0,0.0,810.16,68.8817,85.33,7.78,33.19,9.37,211.9,1.86,76.1
2023-01-03 08:00:00,110.31,7.23,35.16,9.29,163.35,81.41,1.9,83.18,2023,AIIMS,Hourly,0,0,8,3,1,1,0.8660254037844387,-0.4999999999999998,0.49999999999999994,0.8660254037844387,75.04,74.69,74.69,58.13,18.49,25.7,44.49,74.80666666666667,68.3,57.16916666666666,42.98916666666667,0.20207259421386098,7.615352913686942,17.858715956251185,19.554120419040007,68.59692829925223,59.562509500042836,0.3500000000000085,0.00468603561387078,797.5413000000001,66.80399999999999,106.6,7.6,35.69,9.53,163.35,1.93,84.63
2023-01-03 09:00:00,96.78,7.68,32.67,12.84,134.28,81.41,1.89,76.36,2023,AIIMS,Hourly,0,0,9,3,1,1,0.7071067811865476,-0.7071067811865475,0.49999999999999994,0.8660254037844387,81.41,75.04,74.69,60.82,28.46,29.21,47.02,77.04666666666667,72.17999999999999,62.4125,45.31041666666667,3.7828075993013606,7.322360275211824,14.365047938406857,20.686365700765222,72.2578059280373,62.92366188465163,6.36999999999999,0.08488805970149241,743.2704,61.7463,110.31,7.23,35.16,9.29,163.35,1.9,83.18
2023-01-03 10:00:00,81.13,8.09,33.17,14.39,219.56,83.2,1.99,79.88,2023,AIIMS,Hourly,0,0,10,3,1,1,0.49999999999999994,-0.8660254037844387,0.49999999999999994,0.8660254037844387,81.41,81.41,75.04,66.43,50.33,36.69,47.02,79.28666666666668,75.61166666666666,66.825,47.48541666666667,3.6777212147377187,5.542022795574442,10.636094207931764,21.642061699418754,74.87271852002664,65.76771390239753,0.0,0.0,656.3417,66.0083,96.78,7.68,32.67,12.84,134.28,1.89,76.36
2023-01-03 11:00:00,60.68,9.27,32.34,11.87,219.56,83.2,1.98,81.62,2023,AIIMS,Hourly,0,0,11,3,1,1,0.258819045102521,-0.9659258262890682,0.49999999999999994,0.8660254037844387,83.2,81.41,81.41,74.69,58.57,36.69,45.4,82.00666666666666,78.40666666666667,69.56416666666667,49.423333333333325,1.0334569818486017,3.9994432945932297,10.22657274708955,22.690326547685,77.25194180001903,68.44960407125944,1.7900000000000063,0.021987470826679848,562.5036,64.03320000000001,81.13,8.09,33.17,14.39,219.56,1.99,79.88
2023-01-03 12:00:00,3.15,9.28,20.21,17.23,177.625,71.5775,1.754,61.13,2023,AIIMS,Hourly,1,6,12,3,1,1,1.2246467991473532e-16,-1.0,0.49999999999999994,0.8660254037844387,83.2,83.2,81.41,74.69,66.81,32.98,48.38,82.60333333333334,79.825,71.61666666666666,51.361250000000005,1.0334569818485646,3.926070554638578,10.290869150795155,23.52627029560228,78.9513870000136,70.71889575260414,0.0,0.0,29.231999999999996,35.44834,60.68,9.27,32.34,11.87,219.56,1.98,81.62
2023-01-03 13:00:00,3.79,9.18,17.48,22.590000000000003,135.69,59.955,1.528,37.11,2023,AIIMS,Hourly,1,6,13,3,1,1,-0.2588190451025208,-0.9659258262890683,0.49999999999999994,0.8660254037844387,71.5775,83.2,83.2,75.04,53.57,32.98,48.38,79.32583333333334,79.30624999999999,72.01395833333333,52.96947916666667,6.710253503656325,4.8395985758118485,10.179860993108631,23.534356799978127,76.84456214286686,70.85098871374197,-11.622500000000002,-0.13969350961538463,34.7922,26.70944,3.15,9.28,20.21,17.23,177.625,1.754,61.13
2023-01-03 14:00:00,2.59,9.23,18.0,27.950000000000003,93.755,48.3325,1.302,30.96,2023,AIIMS,Hourly,1,6,14,3,1,1,-0.4999999999999997,-0.8660254037844388,0.49999999999999994,0.8660254037844387,59.955,71.5775,83.2,81.41,58.13,32.98,45.1,71.5775,76.79208333333334,72.54604166666667,54.0934375,11.622499999999988,9.332227549822539,9.252846211887066,23.179654026056177,72.01897295919062,69.17468275778167,-11.622500000000002,-0.16237644511194163,23.9057,23.436,3.79,9.18,17.48,22.590000000000003,135.69,1.528,37.11
2023-01-03 15:00:00,1.27,9.24,18.22,33.31,51.82,36.71,,42.86,2023,AIIMS,Hourly,1,6,15,3,1,1,-0.7071067811865471,-0.7071067811865479,0.49999999999999994,0.8660254037844387,48.3325,59.955,71.5775,81.41,60.82,31.22,37.63,59.95500000000001,71.27916666666667,71.72958333333334,54.733125,11.622500000000054,14.434137198553538,10.922207924543885,22.78005101067406,65.25140925656473,65.96819310273833,-11.622499999999995,-0.1938537236260528,11.7348,,2.59,9.23,18.0,27.950000000000003,93.755,1.302,30.96
2023-01-03 16:00:00,7.773333333333333,10.083333333333334,21.626666666666665,26.65,52.1,32.57,0.85,44.59,2023,AIIMS,Hourly,1,6,16,3,1,1,-0.8660254037844385,-0.5000000000000004,0.49999999999999994,0.8660254037844387,36.71,48.3325,59.955,83.2,66.43,26.96,31.23,48.3325,63.82916666666667,69.72041666666667,54.961875,11.622500000000121,18.979463023665005,14.681937218651486,22.56017730727906,57.096720897546234,61.46693262539397,-11.622500000000002,-0.24046966327005642,78.38111111111111,18.382666666666665,1.27,9.24,18.22,33.31,51.82,,42.86
2023-01-03 17:00:00,14.276666666666667,10.926666666666666,25.03333333333333,13.49,52.1,31.44,0.85,51.12,2023,AIIMS,Hourly,1,6,17,3,1,1,-0.9659258262890683,-0.25881904510252063,0.49999999999999994,0.8660254037844387,32.57,36.71,48.3325,83.2,74.69,23.54,29.84,39.20416666666667,55.39083333333334,66.89874999999999,55.195625,8.171887914266653,19.87849885345137,18.20323914419927,22.28481304671801,50.08908635539017,57.02125068302567,-4.140000000000001,-0.11277581040588397,155.99637777777778,21.278333333333332,7.773333333333333,10.083333333333334,21.626666666666665,26.65,52.1,0.85,44.59
2023-01-03 18:00:00,20.78,11.77,28.44,10.52,47.42,27.76,2.3,97.83,2023,AIIMS,Hourly,0,0,18,3,1,1,-1.0,-1.8369701987210297e-16,0.49999999999999994,0.8660254037844387,31.44,32.57,36.71,71.5775,74.69,21.51,30.31,33.57333333333334,46.764166666666675,63.29458333333334,55.524791666666665,2.774569035604995,16.306746967640958,20.639054407992145,21.851024487432202,44.76077596813584,53.085673654867875,-1.129999999999999,-0.034694504144918606,244.5806,65.41199999999999,14.276666666666667,10.926666666666666,25.03333333333333,13.49,52.1,0.85,51.12
2023-01-03 19:00:00,6.02,20.05,25.84,14.47,127.2,32.05,2.26,89.21,2023,AIIMS,Hourly,0,0,19,3,1,1,-0.9659258262890684,0.2588190451025203,0.49999999999999994,0.8660254037844387,27.76,31.44,32.57,59.955,75.04,15.25,30.31,30.590000000000003,39.46125,59.38375,55.78520833333334,2.515134191252038,12.288297456320025,22.633426444390512,21.461793389607212,39.90341140581131,49.18941616950359,-3.6799999999999997,-0.11704834605597964,120.701,58.398399999999995,20.78,11.77,28.44,10.52,47.42,2.3,97.83
2023-01-03 20:00:00,25.54,16.79,27.83,23.48,166.9,40.46,2.59,79.84,2023,AIIMS,Hourly,0,0,20,3,1,1,-0.8660254037844386,0.5000000000000001,0.49999999999999994,0.8660254037844387,32.05,27.76,31.44,48.3325,81.41,18.49,27.4,30.41666666666667,34.81041666666666,55.80125,56.48520833333333,2.320869090090691,7.213357127001827,23.32185079344728,20.326138918256827,37.65957957557951,46.55258291265688,4.289999999999996,0.15453890489913527,428.81659999999994,72.07969999999999,6.02,20.05,25.84,14.47,127.2,2.26,89.21
2023-01-03 21:00:00,29.13,9.06,27.53,16.45,176.09,52.82,2.69,81.86,2023,AIIMS,Hourly,0,0,21,3,1,1,-0.7071067811865477,0.7071067811865474,0.49999999999999994,0.8660254037844387,40.46,32.05,27.76,36.71,81.41,28.46,26.63,33.42333333333334,33.498333333333335,52.388749999999995,57.400625,6.4604205229488025,4.447567499956362,22.20319380947048,18.991478613274897,38.459699696842506,45.61526246455582,8.410000000000004,0.2624024960998441,263.9178,74.0557,25.54,16.79,27.83,23.48,166.9,2.59,79.84
2023-01-03 22:00:00,28.09,2.53,24.24,9.06,176.09,55.56,2.67,81.23,2023,AIIMS,Hourly,0,0,22,3,1,1,-0.5000000000000004,0.8660254037844384,0.49999999999999994,0.8660254037844387,52.82,40.46,32.05,32.57,83.2,50.33,30.1,41.77666666666667,36.18333333333333,50.00625,58.415625,10.447412757871552,9.150529310737603,20.254376224658195,18.002718306972895,42.56264264060179,46.723683623854924,12.36,0.30548690064260997,71.06769999999999,64.7208,29.13,9.06,27.53,16.45,176.09,2.69,81.86
2023-01-03 23:00:00,24.75,9.97,22.91,24.26,164.05,55.56,2.55,72.11,2023,AIIMS,Hourly,0,0,23,3,1,1,-0.25881904510252157,0.9659258262890681,0.49999999999999994,0.8660254037844387,55.56,52.82,40.46,31.44,83.2,58.57,38.18,49.613333333333344,40.015,47.70291666666666,58.63354166666667,8.044534376415857,11.7725948711404,17.523989493410188,17.93210442130117,46.276173314715564,48.08311691249263,2.740000000000002,0.05187429004165093,246.75750000000002,58.4205,28.09,2.53,24.24,9.06,176.09,2.67,81.23
2023-01-04 01:00:00,4.17,25.47,16.38,6.44,42.43,21.53,1.0,15.8,2023,AIIMS,Hourly,0,0,1,4,1,2,0.25881904510252074,0.9659258262890683,0.49999999999999994,0.8660254037844387,55.56,55.56,52.82,27.76,71.5775,66.81,47.33,54.64666666666667,44.035000000000004,45.39958333333334,58.50812500000001,1.5819397375804152,12.362232403575057,13.869584071290861,17.943090717145008,48.92869522479683,49.23340661826299,0.0,0.0,106.20989999999999,16.38,24.75,9.97,22.91,24.26,164.05,2.55,72.11
2023-01-04 02:00:00,4.03,25.47,16.25,6.5,40.99,18.3,0.91,15.81,2023,AIIMS,Hourly,0,0,2,4,1,2,0.49999999999999994,0.8660254037844387,0.49999999999999994,0.8660254037844387,21.53,55.56,55.56,32.05,59.955,53.57,47.78,44.216666666666676,42.99666666666667,41.22895833333334,56.62145833333333,19.647229660523056,14.136863395628744,12.762741648426045,19.35704111468432,41.10049658914059,44.97134406160714,-34.03,-0.6124910007199424,102.64410000000001,14.7875,4.17,25.47,16.38,6.44,42.43,1.0,15.8
2023-01-04 03:00:00,4.73,24.36,16.44,6.21,48.85,16.6,0.88,15.83,2023,AIIMS,Hourly,0,0,3,4,1,2,0.7071067811865476,0.7071067811865476,0.49999999999999994,0.8660254037844387,18.3,21.53,55.56,40.46,48.3325,58.13,38.54,31.79666666666667,40.705000000000005,37.75770833333333,55.151875,20.642922112272235,17.075362075224092,12.870829927430181,20.877881475822146,34.58606899224328,40.86806035982143,-3.2300000000000004,-0.1500232234091965,115.2228,14.467200000000002,4.03,25.47,16.25,6.5,40.99,0.91,15.81
2023-01-04 04:00:00,5.15,23.41,16.2,6.21,56.45,22.54,0.89,15.81,2023,AIIMS,Hourly,0,0,4,4,1,2,0.8660254037844386,0.5000000000000001,0.49999999999999994,0.8660254037844387,16.6,18.3,21.53,52.82,36.71,60.82,30.24,18.810000000000006,36.72833333333333,35.11333333333334,53.421458333333334,2.5042563766526906,19.71774674415584,13.731684219903638,22.293389677755926,29.447192137316627,37.13451261215659,-1.6999999999999993,-0.09289617486338794,120.56150000000001,14.418,4.73,24.36,16.44,6.21,48.85,0.88,15.83
2023-01-04 05:00:00,4.72,23.09,15.7,6.71,58.01,21.74,0.8,15.8,2023,AIIMS,Hourly,0,0,5,4,1,2,0.9659258262890683,0.25881904510252074,0.49999999999999994,0.8660254037844387,22.54,16.6,18.3,55.56,32.57,66.43,27.86,19.146666666666672,31.68166666666667,33.9325,51.826458333333335,3.059172001267494,18.61989088761447,14.183721863780677,23.09598081584788,27.47370866951188,34.889202979517115,5.939999999999998,0.35783132530120465,108.98479999999999,12.56,5.15,23.41,16.2,6.21,56.45,0.89,15.81
2023-01-04 06:00:00,3.34,23.18,14.79,6.57,42.82,14.51,0.7,15.8,2023,AIIMS,Hourly,0,0,6,4,1,2,1.0,6.123233995736766e-17,0.49999999999999994,0.8660254037844387,21.74,22.54,16.6,55.56,31.44,74.69,26.21,20.29333333333334,26.045,33.03,49.964375,3.2234350208029436,14.639204554893071,14.616255583176097,23.66199909607861,25.835506192508483,32.86624867497602,-0.8000000000000007,-0.035492457852706334,77.4212,10.352999999999998,4.72,23.09,15.7,6.71,58.01,0.8,15.8
2023-01-04 07:00:00,3.41,22.73,14.61,7.02,30.4,14.33,0.67,15.8,2023,AIIMS,Hourly,0,0,7,4,1,2,0.9659258262890683,-0.25881904510252063,0.49999999999999994,0.8660254037844387,14.51,21.74,22.54,21.53,27.76,74.69,26.21,19.59666666666667,19.203333333333337,31.61916666666667,47.456875000000004,4.423305701999234,3.2435207208632115,15.569670667582178,24.1122641112495,22.5996472803632,30.042210417287404,-7.229999999999999,-0.3325666973321067,77.50930000000001,9.7887,3.34,23.18,14.79,6.57,42.82,0.7,15.8
2023-01-04 08:00:00,4.56,23.66,16.01,6.7,21.17,12.55,0.65,15.82,2023,AIIMS,Hourly,0,0,8,4,1,2,0.8660254037844387,-0.4999999999999998,0.49999999999999994,0.8660254037844387,14.33,14.51,21.74,18.3,32.05,75.04,25.68,16.860000000000003,18.003333333333334,30.5,44.941875,4.227162168642909,3.529819636563471,16.33610836042769,24.295437756666203,20.236890914545143,27.624947276166264,-0.17999999999999972,-0.012405237767057183,107.88959999999999,10.406500000000001,3.41,22.73,14.61,7.02,30.4,0.67,15.8
2023-01-04 09:00:00,5.7,24.77,17.26,7.01,27.26,13.23,0.67,15.82,2023,AIIMS,Hourly,0,0,9,4,1,2,0.7071067811865476,-0.7071067811865475,0.49999999999999994,0.8660254037844387,12.55,14.33,14.51,16.6,40.46,81.41,25.7,13.796666666666672,17.044999999999998,28.875,42.338125,1.0833897421239616,4.1578492036150685,17.119009370234625,24.27809793345233,18.040636367532244,25.305724618294533,-1.7799999999999994,-0.12421493370551287,141.189,11.564200000000001,4.56,23.66,16.01,6.7,21.17,0.65,15.82
2023-01-04 10:00:00,5.25,24.9,17.15,6.73,23.21,11.55,0.67,15.81,2023,AIIMS,Hourly,0,0,10,4,1,2,0.49999999999999994,-0.8660254037844387,0.49999999999999994,0.8660254037844387,13.23,12.55,14.33,22.54,52.82,81.41,29.21,13.370000000000005,16.483333333333334,26.605833333333333,39.49729166666666,0.8982204629188358,4.4475146617711285,17.248003024504968,23.483372851832552,16.666168833951602,23.447920830864604,0.6799999999999997,0.05418326693227089,130.725,11.490499999999999,5.7,24.77,17.26,7.01,27.26,0.67,15.82
2023-01-04 11:00:00,3.04,25.22,15.62,6.83,19.36,8.33,0.66,15.8,2023,AIIMS,Hourly,0,0,11,4,1,2,0.258819045102521,-0.9659258262890682,0.49999999999999994,0.8660254037844387,11.55,13.23,12.55,21.74,55.56,83.2,36.69,12.443333333333337,14.651666666666666,23.166666666666668,36.58645833333333,0.8450641001365166,3.6449000900805575,15.57968043395761,22.365353238842122,15.204406309965432,21.617471472270047,-1.6799999999999997,-0.12698412698412695,76.6688,10.3092,5.25,24.9,17.15,6.73,23.21,0.67,15.81
2023-01-04 12:00:00,1.52,24.05,13.78,5.96,16.6,8.52,0.62,15.8,2023,AIIMS,Hourly,0,0,12,4,1,2,1.2246467991473532e-16,-1.0,0.49999999999999994,0.8660254037844387,8.33,11.55,13.23,14.51,55.56,83.2,36.69,11.03666666666667,12.416666666666666,19.230833333333333,33.466875,2.490006693432703,2.287974358831274,12.265621177860785,20.743620866608744,13.240290221403878,19.573245091920807,-3.2200000000000006,-0.2787878787878788,36.556000000000004,8.5436,3.04,25.22,15.62,6.83,19.36,0.66,15.8
2023-01-04 13:00:00,0.9,22.67,12.57,6.52,13.74,9.29,0.59,15.8,2023,AIIMS,Hourly,0,0,13,4,1,2,-0.2588190451025208,-0.9659258262890683,0.49999999999999994,0.8660254037844387,8.52,8.33,11.55,14.33,21.53,71.5775,32.98,9.46666666666667,11.418333333333335,15.310833333333335,30.355208333333337,1.806718941434942,2.4898226175110216,4.912108338924584,18.43134515421588,11.891635872431342,17.872745847009913,0.1899999999999995,0.022809123649459723,20.403000000000002,7.4163,1.52,24.05,13.78,5.96,16.6,0.62,15.8
2023-01-04 14:00:00,0.84,22.29,12.25,7.1,10.53,8.8,0.57,15.8,2023,AIIMS,Hourly,0,0,14,4,1,2,-0.4999999999999997,-0.8660254037844388,0.49999999999999994,0.8660254037844387,9.29,8.52,8.33,12.55,18.3,59.955,32.98,8.713333333333338,10.578333333333335,14.290833333333333,27.75989583333333,0.5083633870961402,2.1360937869554046,4.77212066130559,16.676256593014667,11.14831133745096,16.552323409008388,0.7699999999999996,0.09037558685446005,18.723599999999998,6.982499999999999,0.9,22.67,12.57,6.52,13.74,0.59,15.8
2023-01-04 15:00:00,0.75,23.0,12.58,7.39,16.21,10.7,0.64,15.82,2023,AIIMS,Hourly,0,0,15,4,1,2,-0.7071067811865471,-0.7071067811865479,0.49999999999999994,0.8660254037844387,8.8,9.29,8.52,13.23,16.6,48.3325,32.98,8.870000000000005,9.953333333333333,13.499166666666667,25.6284375,0.38974350540645775,1.987246000541834,4.834153979443434,15.617940419324572,10.477365241036399,15.359658269160944,-0.48999999999999844,-0.05274488697524203,17.25,8.0512,0.84,22.29,12.25,7.1,10.53,0.57,15.8
2023-01-04 16:00:00,0.78,25.34,13.82,7.53,23.87,12.87,0.79,15.8,2023,AIIMS,Hourly,0,0,16,4,1,2,-0.8660254037844385,-0.5000000000000004,0.49999999999999994,0.8660254037844387,10.7,8.8,9.29,11.55,22.54,36.71,31.22,9.596666666666671,9.531666666666666,13.0075,24.06041666666667,0.9864245198390934,1.3038315330860564,4.7899404532262855,15.12058299979267,10.540975172168856,14.642787766213106,1.8999999999999986,0.21590909090909072,19.7652,10.917800000000002,0.75,23.0,12.58,7.39,16.21,0.64,15.82
2023-01-04 17:00:00,0.61,25.75,13.93,8.9,29.46,12.23,0.82,15.81,2023,AIIMS,Hourly,0,0,17,4,1,2,-0.9659258262890683,-0.25881904510252063,0.49999999999999994,0.8660254037844387,12.87,10.7,8.8,8.33,21.74,32.57,26.96,10.790000000000004,9.751666666666667,12.201666666666668,23.067083333333333,2.0364920819896035,1.748158078283976,3.7384581978362124,15.036288128670641,11.20641083726347,14.370051186795704,2.17,0.20280373831775703,15.7075,11.4226,0.78,25.34,13.82,7.53,23.87,0.79,15.8
2023-01-04 18:00:00,0.94,24.48,13.44,6.68,27.96,13.81,0.8,15.82,2023,AIIMS,Hourly,0,0,18,4,1,2,-1.0,-1.8369701987210297e-16,0.49999999999999994,0.8660254037844387,12.23,12.87,10.7,8.52,14.51,31.44,23.54,11.933333333333337,10.401666666666666,11.409166666666666,22.219583333333333,1.1150037369173216,1.8366427705652206,2.2405577971619755,15.050592788893638,11.498864883759621,14.040812542673288,-0.6399999999999988,-0.04972804972804964,23.0112,10.752,0.61,25.75,13.93,8.9,29.46,0.82,15.81
2023-01-04 19:00:00,1.52,26.3,14.96,6.65,32.38,14.8,0.76,15.82,2023,AIIMS,Hourly,0,0,19,4,1,2,-0.9659258262890684,0.2588190451025203,0.49999999999999994,0.8660254037844387,13.81,12.23,12.87,9.29,14.33,27.76,21.51,12.970000000000004,11.283333333333333,11.350833333333334,21.485,0.7947326594561056,2.0138685822737896,2.1601576471649335,15.011187422255531,12.159189202685443,14.005302920723553,1.58,0.12919051512673754,39.976,11.3696,0.94,24.48,13.44,6.68,27.96,0.8,15.82
2023-01-04 20:00:00,1.94,28.35,16.37,6.53,33.23,12.23,0.72,15.8,2023,AIIMS,Hourly,0,0,20,4,1,2,-0.8660254037844386,0.5000000000000001,0.49999999999999994,0.8660254037844387,14.8,13.81,12.23,8.8,12.55,32.05,15.25,13.613333333333339,12.201666666666666,11.39,20.945,1.2962381468462707,2.1731030041554384,2.2224474633322173,15.008747304561082,12.913706573346744,14.127564009843008,0.9900000000000002,0.0716871832005793,54.999,11.7864,1.52,26.3,14.96,6.65,32.38,0.76,15.82
2023-01-04 21:00:00,2.43,32.49,18.92,6.21,40.16,13.92,0.72,15.8,2023,AIIMS,Hourly,0,0,21,4,1,2,-0.7071067811865477,0.7071067811865474,0.49999999999999994,0.8660254037844387,12.23,14.8,13.81,10.7,13.23,40.46,18.49,13.613333333333339,12.773333333333333,11.363333333333335,20.11916666666667,1.2962381468462707,1.4198967098593345,2.2091435334794864,14.916141801145482,12.718361838104817,13.835631085251777,-2.5700000000000003,-0.17364864864864865,78.95070000000001,13.6224,1.94,28.35,16.37,6.53,33.23,0.72,15.8
2023-01-04 22:00:00,13.6,41.3,32.48,6.26,151.9,21.43,0.96,15.835,2023,AIIMS,Hourly,1,1,22,4,1,2,-0.5000000000000004,0.8660254037844384,0.49999999999999994,0.8660254037844387,13.92,12.23,14.8,12.87,11.55,52.82,28.46,13.650000000000006,13.31,11.420833333333334,19.013333333333332,1.3061010680671374,1.0362046130000908,2.2702801522490677,14.314223594084476,13.061687027217726,13.848610918289964,1.6899999999999995,0.13818479149632049,561.68,31.180799999999994,2.43,32.49,18.92,6.21,40.16,0.72,15.8
2023-01-04 23:00:00,16.68,42.65,35.66,6.6,104.14,22.29,1.05,15.87,2023,AIIMS,Hourly,0,0,23,4,1,2,-0.25881904510252157,0.9659258262890681,0.49999999999999994,0.8660254037844387,21.43,13.92,12.23,12.23,8.33,55.56,50.33,15.860000000000005,14.73666666666667,12.244166666666667,17.705416666666668,4.89721349340683,3.4321169366251576,3.6770552900466007,12.396572099529607,15.452633590869805,15.014978469322278,7.51,0.5395114942528736,711.4019999999999,37.443,13.6,41.3,32.48,6.26,151.9,0.96,15.835
2023-01-05 01:00:00,14.18,27.12,26.89,6.64,48.33,24.69,0.88,15.89,2023,AIIMS,Hourly,0,0,1,5,1,3,0.25881904510252074,0.9659258262890683,0.49999999999999994,0.8660254037844387,22.29,21.43,13.92,13.81,8.52,55.56,58.57,19.21333333333334,16.413333333333334,13.407499999999999,16.319166666666664,4.604284236810211,4.308116371068586,4.452639921746015,9.501609436514064,17.40616685062129,16.134212550965003,0.8599999999999994,0.04013065795613623,384.5616,23.6632,16.68,42.65,35.66,6.6,104.14,1.05,15.87
2023-01-05 02:00:00,15.51,28.53,28.34,6.5,63.95,29.06,1.02,15.87,2023,AIIMS,Hourly,0,0,2,5,1,3,0.49999999999999994,0.8660254037844387,0.49999999999999994,0.8660254037844387,24.69,22.29,21.43,14.8,9.29,21.53,66.81,22.803333333333338,18.226666666666667,14.755,15.032916666666665,1.6895364255732137,5.1922275245475396,5.219753564367418,4.964984766530413,19.487262036158064,17.450487543124233,2.400000000000002,0.10767160161507412,442.50030000000004,28.9068,14.18,27.12,26.89,6.64,48.33,0.88,15.89
2023-01-05 03:00:00,13.91,27.89,27.08,6.09,67.62,29.62,0.97,15.88,2023,AIIMS,Hourly,0,0,3,5,1,3,0.7071067811865476,0.7071067811865476,0.49999999999999994,0.8660254037844387,29.06,24.69,22.29,12.23,8.8,18.3,53.57,25.346666666666675,20.603333333333335,16.4025,15.346666666666666,3.4324383946894823,6.426880010290294,6.338194645451926,5.591760760779393,22.22233002582719,19.23656638264358,4.369999999999997,0.17699473471040897,387.9499,26.267599999999998,15.51,28.53,28.34,6.5,63.95,1.02,15.87
2023-01-05 04:00:00,11.9,27.29,25.14,6.02,38.13,25.28,0.88,15.88,2023,AIIMS,Hourly,0,0,4,5,1,3,0.8660254037844386,0.5000000000000001,0.49999999999999994,0.8660254037844387,29.62,29.06,24.69,13.92,10.7,16.6,58.13,27.790000000000003,23.501666666666665,18.1375,15.818333333333333,2.6992406339570736,5.7846258882203285,6.893220813365642,6.28602913760632,24.335950018447996,20.83401770839072,0.5600000000000023,0.019270474879559612,324.751,22.1232,13.91,27.89,27.08,6.09,67.62,0.97,15.88
2023-01-05 05:00:00,10.13,27.56,23.65,6.44,27.6,19.95,0.87,15.86,2023,AIIMS,Hourly,0,0,5,5,1,3,0.9659258262890683,0.25881904510252074,0.49999999999999994,0.8660254037844387,25.28,29.62,29.06,21.43,12.87,22.54,60.82,27.986666666666668,25.395,19.352500000000003,16.18,2.3607061090568435,3.3809865424165872,6.746484774916558,6.57597273346685,24.605678584605712,21.51801498402292,-4.34,-0.1465226198514517,279.1828,20.575499999999998,11.9,27.29,25.14,6.02,38.13,0.88,15.88
2023-01-05 06:00:00,9.97,24.65,22.07,6.84,18.46,14.51,0.74,15.82,2023,AIIMS,Hourly,0,0,6,5,1,3,1.0,6.123233995736766e-17,0.49999999999999994,0.8660254037844387,19.95,25.28,29.62,22.29,12.23,21.74,66.43,24.950000000000003,25.14833333333333,19.9425,16.072083333333335,4.8434388609752475,3.76077341336443,6.430203057729629,6.487722169549993,23.275484703289795,21.276781909557855,-5.330000000000002,-0.21083860759493678,245.7605,16.3318,10.13,27.56,23.65,6.44,27.6,0.87,15.86
2023-01-05 07:00:00,9.1,24.4,21.33,6.32,10.59,12.24,0.67,15.87,2023,AIIMS,Hourly,0,0,7,5,1,3,0.9659258262890683,-0.25881904510252063,0.49999999999999994,0.8660254037844387,14.51,19.95,25.28,24.69,13.81,14.51,74.69,19.913333333333338,23.85166666666667,20.1325,15.770833333333334,5.385093623451584,5.755572661922427,6.211564178647247,6.380061275885447,20.77106050234985,20.235738538856648,-5.4399999999999995,-0.27268170426065164,222.04,14.2911,9.97,24.65,22.07,6.84,18.46,0.74,15.82
2023-01-05 08:00:00,10.35,25.29,22.87,6.34,11.59,11.61,0.63,15.86,2023,AIIMS,Hourly,0,0,8,5,1,3,0.8660254037844387,-0.4999999999999998,0.49999999999999994,0.8660254037844387,12.24,14.51,19.95,29.06,14.8,14.33,74.69,15.566666666666672,21.776666666666667,20.001666666666665,15.676250000000001,3.9621248508015543,7.401720520707934,6.3713204473188565,6.4162889263928555,18.333614644535608,19.00562491749409,-2.2699999999999996,-0.15644383184011024,261.75149999999996,14.408100000000001,9.1,24.4,21.33,6.32,10.59,0.67,15.87
2023-01-05 09:00:00,10.79,26.58,23.54,6.07,12.0,9.08,0.7,15.86,2023,AIIMS,Hourly,0,0,9,5,1,3,0.7071067811865476,-0.7071067811865475,0.49999999999999994,0.8660254037844387,11.61,12.24,14.51,29.62,12.23,12.55,75.04,12.78666666666667,18.868333333333336,19.735833333333336,15.562916666666668,1.5253305652675628,7.395824272295082,6.667735690804139,6.464939879451516,16.412581888954005,17.867836468648846,-0.6300000000000008,-0.05147058823529418,286.79819999999995,16.477999999999998,10.35,25.29,22.87,6.34,11.59,0.63,15.86
2023-01-05 10:00:00,9.9,28.47,23.32,6.34,12.26,7.31,0.74,15.88,2023,AIIMS,Hourly,0,0,10,5,1,3,0.49999999999999994,-0.8660254037844387,0.49999999999999994,0.8660254037844387,9.08,11.61,12.24,25.28,13.92,13.23,81.41,10.976666666666672,15.445,19.473333333333333,15.418333333333335,1.6724931489664165,6.056219117568532,7.041616980280083,6.573147394259595,14.317558492110004,16.515861627318255,-2.5299999999999994,-0.2179155900086132,281.853,17.2568,10.79,26.58,23.54,6.07,12.0,0.7,15.86
2023-01-05 11:00:00,8.55,29.91,23.27,6.59,23.7,6.55,0.76,15.91,2023,AIIMS,Hourly,0,0,11,5,1,3,0.258819045102521,-0.9659258262890682,0.49999999999999994,0.8660254037844387,7.31,9.08,11.61,19.95,21.43,11.55,81.41,9.333333333333337,12.449999999999998,18.9225,15.171666666666667,2.161164809388614,4.4501640419205595,7.739475111401231,6.767056174981654,12.315398922935717,15.099575223115448,-1.7700000000000005,-0.19493392070484586,255.73050000000003,17.6852,9.9,28.47,23.32,6.34,12.26,0.74,15.88
2023-01-05 12:00:00,5.75,29.48,21.36,7.64,27.38,8.22,0.77,15.86,2023,AIIMS,Hourly,0,0,12,5,1,3,1.2246467991473532e-16,-1.0,0.49999999999999994,0.8660254037844387,6.55,7.31,9.08,14.51,22.29,8.33,83.2,7.646666666666671,10.216666666666667,17.6825,14.963333333333333,1.2981653721078292,3.0871713050411573,8.45971321779124,6.957683064295427,10.668142087811228,13.784255958020763,-0.7599999999999998,-0.10396716826265387,169.51,16.4472,8.55,29.91,23.27,6.59,23.7,0.76,15.91
2023-01-05 13:00:00,5.06,25.88,18.93,7.14,23.94,8.69,0.75,15.84,2023,AIIMS,Hourly,0,0,13,5,1,3,-0.2588190451025208,-0.9659258262890683,0.49999999999999994,0.8660254037844387,8.22,6.55,7.31,12.24,24.69,8.52,83.2,7.360000000000004,9.168333333333335,16.51,14.95875,0.8361220006712825,2.3070796836411134,8.733670476952922,6.962277433800838,9.968672919865163,12.928216579863722,1.6700000000000008,0.2549618320610688,130.9528,14.1975,5.75,29.48,21.36,7.64,27.38,0.77,15.86
2023-01-05 14:00:00,4.9,24.87,18.27,7.52,17.63,7.77,0.71,15.84,2023,AIIMS,Hourly,0,0,14,5,1,3,-0.4999999999999997,-0.8660254037844388,0.49999999999999994,0.8660254037844387,8.69,8.22,6.55,11.61,29.06,9.29,71.5775,7.820000000000005,8.576666666666666,15.176666666666668,14.965833333333334,1.1246777316220458,1.749647583563505,8.591505671124752,6.955525121091859,9.603337799903688,12.276183259884688,0.46999999999999886,0.05717761557177601,121.86300000000001,12.971699999999998,5.06,25.88,18.93,7.14,23.94,0.75,15.84
2023-01-05 15:00:00,4.96,22.77,17.22,7.26,17.88,8.48,0.7,15.86,2023,AIIMS,Hourly,0,0,15,5,1,3,-0.7071067811865471,-0.7071067811865479,0.49999999999999994,0.8660254037844387,7.77,8.69,8.22,9.08,29.62,8.8,59.955,8.226666666666672,7.9366666666666665,13.402500000000002,14.902500000000002,0.4600362304643084,0.9271821108442764,7.605580636491922,7.01610956857544,9.079526999931206,11.582924296825505,-0.9199999999999999,-0.10586881472957423,112.9392,12.053999999999998,4.9,24.87,18.27,7.52,17.63,0.71,15.84
2023-01-05 16:00:00,4.52,20.57,15.44,7.06,17.35,8.84,0.64,15.86,2023,AIIMS,Hourly,0,0,16,5,1,3,-0.8660254037844385,-0.5000000000000004,0.49999999999999994,0.8660254037844387,8.48,7.77,8.69,7.31,25.28,10.7,48.3325,8.313333333333338,7.836666666666667,11.640833333333333,14.889166666666666,0.48211340298710176,0.803284922471257,5.72296404184418,7.028504025792024,8.908233571379434,11.10555132808312,0.7100000000000009,0.09137709137709149,92.9764,9.8816,4.96,22.77,17.22,7.26,17.88,0.7,15.86
2023-01-05 17:00:00,4.22,20.49,15.44,6.95,16.78,8.89,0.6,15.89,2023,AIIMS,Hourly,0,0,17,5,1,3,-0.9659258262890683,-0.25881904510252063,0.49999999999999994,0.8660254037844387,8.84,8.48,7.77,6.55,19.95,12.87,36.71,8.363333333333339,8.091666666666667,10.270833333333334,14.811666666666667,0.5444569159628699,0.8444505116758703,3.8087279153717946,7.086717929654582,8.888738265271023,10.757004969916485,0.35999999999999943,0.04245283018867917,86.46779999999998,9.264,4.52,20.57,15.44,7.06,17.35,0.64,15.86
2023-01-05 18:00:00,4.25,20.49,15.46,6.02,17.46,6.75,0.54,15.88,2023,AIIMS,Hourly,0,0,18,5,1,3,-1.0,-1.8369701987210297e-16,0.49999999999999994,0.8660254037844387,8.89,8.84,8.48,8.22,14.51,12.23,32.57,8.736666666666672,8.481666666666667,9.349166666666667,14.645833333333334,0.22368132094515605,0.4274303062133262,2.2882564157544643,7.180081697891797,8.889098760907874,10.469773436083178,0.05000000000000071,0.005656108597285148,87.0825,8.348400000000002,4.22,20.49,15.44,6.95,16.78,0.6,15.89
2023-01-05 19:00:00,4.82,25.19,18.14,6.04,17.64,6.04,0.53,15.84,2023,AIIMS,Hourly,0,0,19,5,1,3,-0.9659258262890684,0.2588190451025203,0.49999999999999994,0.8660254037844387,6.75,8.89,8.84,8.69,12.24,13.81,31.44,8.160000000000005,8.236666666666666,8.7025,14.417499999999999,1.2213517101991886,0.8346895630530133,1.7241763514525223,7.34547731304894,8.277927686362768,9.897500599762688,-2.1400000000000006,-0.24071991001124865,121.41580000000002,9.6142,4.25,20.49,15.46,6.02,17.46,0.54,15.88
2023-01-05 20:00:00,8.39,25.53,21.42,6.56,28.05,7.97,0.69,15.86,2023,AIIMS,Hourly,0,0,20,5,1,3,-0.8660254037844386,0.5000000000000001,0.49999999999999994,0.8660254037844387,6.04,6.75,8.89,7.77,11.61,14.8,27.76,7.226666666666671,7.794999999999999,8.185833333333333,14.09375,1.483587993123391,1.1775355620969528,1.4793208413032621,7.542017843532911,7.638519775973405,9.304038969029968,-0.71,-0.10518518518518517,214.19670000000002,14.7798,4.82,25.19,18.14,6.04,17.64,0.53,15.84
2023-01-05 21:00:00,11.21,26.11,23.45,6.43,37.62,11.33,0.8,15.86,2023,AIIMS,Hourly,0,0,21,5,1,3,-0.7071067811865477,0.7071067811865474,0.49999999999999994,0.8660254037844387,7.97,6.04,6.75,8.48,9.08,12.23,32.05,6.920000000000004,7.828333333333333,7.8825,13.809166666666668,0.9761659694983126,1.1795154372324475,1.0130882129764247,7.642400554268202,7.733228411409575,9.09880220456382,1.9299999999999997,0.31953642384105957,292.6931,18.76,8.39,25.53,21.42,6.56,28.05,0.69,15.86
2023-01-05 22:00:00,12.12,27.38,24.75,6.61,39.28,12.13,0.84,15.86,2023,AIIMS,Hourly,0,0,22,5,1,3,-0.5000000000000004,0.8660254037844384,0.49999999999999994,0.8660254037844387,11.33,7.97,6.04,8.84,7.31,13.92,40.46,8.44666666666667,8.303333333333333,8.069999999999999,13.771666666666667,2.6770194869182014,1.8675938173675848,1.3921598654278649,7.652687318086415,8.760877436721126,9.442063403861694,3.3600000000000003,0.42158092848180684,331.8456,20.79,11.21,26.11,23.45,6.43,37.62,0.8,15.86
2023-01-05 23:00:00,8.44,28.0,22.75,6.23,29.94,8.97,0.75,15.88,2023,AIIMS,Hourly,0,0,23,5,1,3,-0.25881904510252157,0.9659258262890681,0.49999999999999994,0.8660254037844387,12.13,11.33,7.97,8.89,6.55,21.43,52.82,10.476666666666672,8.851666666666667,8.471666666666668,13.697083333333332,2.2073815559027454,2.449117528145516,1.791118661787963,7.659898103060525,9.723483883372232,9.855592110959893,0.8000000000000007,0.07060900264783766,236.32,17.0625,12.12,27.38,24.75,6.61,39.28,0.84,15.86
2023-01-06 01:00:00,13.08,77.38,57.21,7.7,74.88,39.15,1.19,15.8,2023,AIIMS,Hourly,0,0,1,6,1,4,0.25881904510252074,0.9659258262890683,0.49999999999999994,0.8660254037844387,8.97,12.13,11.33,6.75,8.22,22.29,55.56,10.810000000000008,8.865,8.673333333333334,13.177916666666667,1.6429242222349336,2.4495856792533166,1.6883737917312933,7.5342158526609495,9.508202773837308,9.719347170812219,-3.16,-0.2605111294311624,1012.1303999999999,68.0799,8.44,28.0,22.75,6.23,29.94,0.75,15.88
2023-01-06 02:00:00,12.64,74.09,50.34,9.32,73.83,44.77,1.19,15.8,2023,AIIMS,Hourly,0,0,2,6,1,4,0.49999999999999994,0.8660254037844387,0.49999999999999994,0.8660254037844387,39.15,8.97,12.13,6.04,8.69,24.69,55.56,20.08333333333334,14.265,11.250833333333333,13.880416666666667,16.587637967273665,12.391532189362325,8.945574282427222,9.053599562396537,17.977287695598076,14.247139913764185,30.18,3.364548494983277,936.4976,59.9046,13.08,77.38,57.21,7.7,74.88,1.19,15.8
2023-01-06 03:00:00,10.73,66.76,47.57,9.17,68.44,41.87,1.12,15.8,2023,AIIMS,Hourly,0,0,3,6,1,4,0.7071067811865476,0.7071067811865476,0.49999999999999994,0.8660254037844387,44.77,39.15,8.97,7.97,7.77,29.06,21.53,30.96333333333334,20.72,14.2575,14.717083333333335,19.252951288915106,16.6171754519233,13.1036165202241,10.846308319730802,25.632348353998626,18.94296454241585,5.6200000000000045,0.143550446998723,716.3348000000001,53.278400000000005,12.64,74.09,50.34,9.32,73.83,1.19,15.8
2023-01-06 04:00:00,9.84,72.02,51.44,6.89,59.86,37.77,1.03,15.8,2023,AIIMS,Hourly,0,0,4,6,1,4,0.8660254037844386,0.5000000000000001,0.49999999999999994,0.8660254037844387,41.87,44.77,39.15,11.33,8.48,29.62,18.3,41.93000000000001,26.37,17.099166666666665,15.250833333333334,2.810480385984488,17.169027928220107,15.112349229766474,11.851434665186465,30.271677395713304,22.470200766659566,-2.9000000000000057,-0.06477551932097399,708.6768,52.9832,10.73,66.76,47.57,9.17,68.44,1.12,15.8
2023-01-06 05:00:00,9.93,72.03,51.07,6.64,55.54,35.24,0.96,15.8,2023,AIIMS,Hourly,0,0,5,6,1,4,0.9659258262890683,0.25881904510252074,0.49999999999999994,0.8660254037844387,37.77,41.87,44.77,12.13,8.84,25.28,16.6,41.470000000000006,30.77666666666667,19.540000000000003,15.590416666666668,3.517101079014297,15.881585143387559,15.936565730191884,12.38577707420407,32.414055282652356,24.824016033327325,-4.099999999999994,-0.09792213995700966,715.2579,49.0272,9.84,72.02,51.44,6.89,59.86,1.03,15.8
2023-01-06 07:00:00,10.12,77.46,51.13,6.62,48.56,31.14,0.87,15.8,2023,AIIMS,Hourly,0,0,7,6,1,4,0.9659258262890683,-0.25881904510252063,0.49999999999999994,0.8660254037844387,35.24,37.77,41.87,8.97,8.89,19.95,22.54,38.293333333333344,34.62833333333333,21.74,16.005416666666665,3.3458382108728872,12.994882710769968,16.14602512300555,12.881494302720068,33.2214680590374,26.426475105123124,-2.530000000000001,-0.06698437913688114,783.8951999999999,44.4831,9.93,72.03,51.07,6.64,55.54,0.96,15.8
2023-01-06 08:00:00,13.43,76.75,58.68,8.12,58.35,34.18,1.1,15.8,2023,AIIMS,Hourly,0,0,8,6,1,4,0.8660254037844387,-0.4999999999999998,0.49999999999999994,0.8660254037844387,31.14,35.24,37.77,39.15,6.75,14.51,21.74,34.71666666666667,38.32333333333333,23.594166666666666,16.471666666666668,3.345838210872928,4.821517050334675,15.810289203457627,13.228321286465874,32.626762899312425,27.15163278125803,-4.100000000000001,-0.11634506242905793,1030.7525,64.548,10.12,77.46,51.13,6.62,48.56,0.87,15.8
2023-01-06 09:00:00,14.25,78.94,58.57,41.99,142.0,52.49,1.31,15.8,2023,AIIMS,Hourly,0,0,9,6,1,4,0.7071067811865476,-0.7071067811865475,0.49999999999999994,0.8660254037844387,34.18,31.14,35.24,44.77,6.04,12.24,14.51,33.52,37.495000000000005,25.88,17.29125,2.1281917206877985,5.0715313269269435,15.121481408909615,13.702349627931781,33.0705449280803,28.232920045679872,3.039999999999999,0.0976236351958895,1124.895,76.72670000000001,13.43,76.75,58.68,8.12,58.35,1.1,15.8
2023-01-06 10:00:00,6.97,58.29,40.8,37.93,77.54,46.46,1.04,15.8,2023,AIIMS,Hourly,0,0,10,6,1,4,0.49999999999999994,-0.8660254037844387,0.49999999999999994,0.8660254037844387,52.49,34.18,31.14,41.87,7.97,11.61,14.33,39.27000000000001,38.781666666666666,29.750833333333333,18.968333333333334,11.549315997062497,7.623561940895344,15.521004804828658,15.41355294838763,38.6189606629145,31.96477850019066,18.310000000000002,0.5356933879461674,406.2813,42.431999999999995,14.25,78.94,58.57,41.99,142.0,1.31,15.8
2023-01-06 11:00:00,5.29,45.46,29.35,29.57,29.56,38.86,0.77,15.8,2023,AIIMS,Hourly,0,0,11,6,1,4,0.258819045102521,-0.9659258262890682,0.49999999999999994,0.8660254037844387,46.46,52.49,34.18,37.77,11.33,9.08,12.55,44.376666666666665,39.54666666666667,32.958333333333336,20.420416666666664,9.331089611258518,8.203671535761774,14.55788560654783,16.305942762810542,40.8592576163675,34.194812577084406,-6.030000000000001,-0.11487902457610975,240.48340000000002,22.599500000000003,6.97,58.29,40.8,37.93,77.54,1.04,15.8
2023-01-06 12:00:00,4.69,46.62,29.47,18.58,30.7,32.34,0.63,15.8,2023,AIIMS,Hourly,0,0,12,6,1,4,1.2246467991473532e-16,-1.0,0.49999999999999994,0.8660254037844387,38.86,46.46,52.49,35.24,12.13,7.31,13.23,45.93666666666667,39.72833333333333,35.2525,21.66125,6.830053684513505,8.16845252582568,12.916299867714685,16.536899271024048,40.28804115454821,34.91253371907142,-7.600000000000001,-0.16358157554885927,218.64780000000002,18.5661,5.29,45.46,29.35,29.57,29.56,0.77,15.8
2023-01-06 13:00:00,4.91,52.08,32.14,14.69,40.53,32.6,0.63,15.8,2023,AIIMS,Hourly,0,0,13,6,1,4,-0.2588190451025208,-0.9659258262890683,0.49999999999999994,0.8660254037844387,32.34,38.86,46.46,31.14,8.97,6.55,11.55,39.220000000000006,39.245,36.93666666666667,22.70416666666667,7.06688049990967,8.5633959385282,10.765831752973497,16.381008334591822,38.017172253248724,34.51675930075274,-6.519999999999996,-0.16778178075141523,255.7128,20.2482,4.69,46.62,29.47,18.58,30.7,0.63,15.8
2023-01-06 14:00:00,5.03,49.9,30.31,10.88,31.29,29.7,0.54,15.8,2023,AIIMS,Hourly,0,0,14,6,1,4,-0.4999999999999997,-0.8660254037844388,0.49999999999999994,0.8660254037844387,32.6,32.34,38.86,34.18,39.15,8.22,8.33,34.6,39.48833333333334,38.905833333333334,23.789583333333336,3.691557936698789,8.30383626203383,6.502274368995517,16.125130664564278,36.46940875232052,34.221873254483086,0.259999999999998,0.008039579468150834,250.997,16.3674,4.91,52.08,32.14,14.69,40.53,0.63,15.8
2023-01-06 15:00:00,5.58,52.05,33.69,12.9,35.82,25.21,0.52,15.8,2023,AIIMS,Hourly,0,0,15,6,1,4,-0.7071067811865471,-0.7071067811865479,0.49999999999999994,0.8660254037844387,29.7,32.6,32.34,52.49,44.77,8.69,8.52,31.54666666666667,38.74166666666667,38.11833333333333,24.684583333333332,1.6045352390450534,9.044959738255775,7.02153289833661,15.81654719071858,34.53529196594323,33.52620044610107,-2.900000000000002,-0.08895705521472398,290.43899999999996,17.5188,5.03,49.9,30.31,10.88,31.29,0.54,15.8
2023-01-06 16:00:00,4.61,51.95,31.37,11.34,26.21,23.16,0.53,15.8,2023,AIIMS,Hourly,0,0,16,6,1,4,-0.8660254037844385,-0.5000000000000004,0.49999999999999994,0.8660254037844387,25.21,29.7,32.6,46.46,41.87,7.77,9.29,29.170000000000005,34.195,36.48833333333334,25.37291666666667,3.7233989847992612,7.471448989319371,7.5847860080478124,15.445318547580296,31.870922832816596,32.24678499285475,-4.489999999999998,-0.15117845117845113,239.48950000000002,16.6261,5.58,52.05,33.69,12.9,35.82,0.52,15.8
2023-01-06 17:00:00,5.11,54.52,33.18,11.39,29.72,21.6,0.4,15.8,2023,AIIMS,Hourly,0,0,17,6,1,4,-0.9659258262890683,-0.25881904510252063,0.49999999999999994,0.8660254037844387,23.16,25.21,29.7,38.86,37.77,8.48,8.8,26.02333333333334,30.311666666666667,34.92916666666667,26.014166666666668,3.345001245640675,5.656360726356502,8.270038428330288,14.99564630054372,29.38208773772614,30.848818070877098,-2.0500000000000007,-0.08131693772312577,278.59720000000004,13.272,4.61,51.95,31.37,11.34,26.21,0.53,15.8
2023-01-06 18:00:00,4.95,53.27,32.26,12.13,17.12,19.41,0.65,15.8,2023,AIIMS,Hourly,0,0,18,6,1,4,-1.0,-1.8369701987210297e-16,0.49999999999999994,0.8660254037844387,21.6,23.16,25.21,32.34,35.24,8.84,10.7,23.323333333333338,27.435000000000002,33.58166666666667,26.560833333333335,1.810533991213038,4.756888689048935,9.04602457469908,14.561506705565465,27.158634098375813,29.42592298304985,-1.5599999999999987,-0.06735751295336782,263.6865,20.969,5.11,54.52,33.18,11.39,29.72,0.4,15.8
2023-01-06 19:00:00,4.74,68.54,41.93,26.88,31.05,16.88,0.74,15.8,2023,AIIMS,Hourly,0,0,19,6,1,4,-0.9659258262890684,0.2588190451025203,0.49999999999999994,0.8660254037844387,19.41,21.6,23.16,32.6,31.14,8.89,12.87,21.390000000000004,25.28,32.2625,27.00125,1.8837993523739687,5.012332790228695,9.896463211213803,14.156444626265378,24.94473864169701,27.885011754888335,-2.1900000000000013,-0.10138888888888895,324.87960000000004,31.0282,4.95,53.27,32.26,12.13,17.12,0.65,15.8
2023-01-06 20:00:00,4.64,66.34,39.73,7.76,30.95,19.01,0.76,15.8,2023,AIIMS,Hourly,0,0,20,6,1,4,-0.8660254037844386,0.5000000000000001,0.49999999999999994,0.8660254037844387,16.88,19.41,21.6,29.7,34.18,6.75,12.23,19.29666666666667,22.66,31.07416666666667,27.334166666666665,2.3620400786900366,4.503523065334722,10.853384439329416,13.80150524766938,22.64052760121215,26.191933023367053,-2.530000000000001,-0.1303451828954148,307.81759999999997,30.194799999999997,4.74,68.54,41.93,26.88,31.05,0.74,15.8
2023-01-06 21:00:00,5.09,70.96,42.59,6.94,36.79,19.17,0.87,15.8,2023,AIIMS,Hourly,0,0,21,6,1,4,-0.7071067811865477,0.7071067811865474,0.49999999999999994,0.8660254037844387,19.01,16.88,19.41,25.21,52.49,6.04,13.81,18.433333333333337,20.878333333333334,29.810000000000002,27.845,1.3600122548484908,3.037218574068811,11.33167724085487,13.221189514333016,21.60323400086582,25.087020250541354,2.1300000000000026,0.1261848341232229,361.18639999999994,37.0533,4.64,66.34,39.73,7.76,30.95,0.76,15.8
2023-01-06 22:00:00,7.66,73.03,46.5,6.14,37.37,20.02,0.87,15.8,2023,AIIMS,Hourly,0,0,22,6,1,4,-0.5000000000000004,0.8660254037844384,0.49999999999999994,0.8660254037844387,19.17,19.01,16.88,23.16,46.46,7.97,14.8,18.35333333333334,19.871666666666666,27.033333333333335,28.392083333333336,1.2784495818522064,2.199921968313562,9.139249355821184,12.533452620943903,20.90802428633273,24.176709442765763,0.16000000000000014,0.008416622830089433,559.4098,40.455,5.09,70.96,42.59,6.94,36.79,0.87,15.8
2023-01-06 23:00:00,8.07,73.33,45.84,34.83,84.46,21.4,0.91,15.8,2023,AIIMS,Hourly,0,0,23,6,1,4,-0.25881904510252157,0.9659258262890681,0.49999999999999994,0.8660254037844387,20.02,19.17,19.01,21.6,38.86,11.33,12.23,19.400000000000006,19.348333333333333,24.830000000000002,28.894166666666667,0.5428627819299103,1.533876353122584,6.956488142211301,11.905408313092233,20.654303061666234,23.53721568234026,0.8499999999999979,0.04434011476264986,591.7731,41.714400000000005,7.66,73.03,46.5,6.14,37.37,0.87,15.8
2023-01-07 01:00:00,8.06,45.74,31.45,7.24,37.07,13.62,0.41,3.44,2023,AIIMS,Hourly,0,0,1,7,1,5,0.25881904510252074,0.9659258262890683,0.49999999999999994,0.8660254037844387,21.4,20.02,19.17,19.41,32.34,12.13,13.92,20.19666666666667,19.315,23.375,29.31375,1.125448058924965,1.476248624047443,5.409080748653484,11.427329108040718,20.867359329761594,23.208413269672526,1.379999999999999,0.06893106893106889,368.66440000000006,12.894499999999999,8.07,73.33,45.84,34.83,84.46,0.91,15.8
2023-01-07 02:00:00,7.95,42.24,29.76,7.43,31.3,13.62,0.38,3.44,2023,AIIMS,Hourly,0,0,2,7,1,5,0.49999999999999994,0.8660254037844387,0.49999999999999994,0.8660254037844387,13.62,21.4,20.02,16.88,32.6,8.97,21.43,18.34666666666667,18.35,21.814999999999998,29.375833333333333,4.151160480316084,2.7471148501659,5.2865635856815105,11.333575711389301,18.796685235543997,21.73327276664598,-7.779999999999999,-0.36355140186915885,335.80800000000005,11.308800000000002,8.06,45.74,31.45,7.24,37.07,0.41,3.44
2023-01-07 03:00:00,7.79,44.12,30.59,7.46,24.85,11.16,0.34,3.48,2023,AIIMS,Hourly,0,0,3,7,1,5,0.7071067811865476,0.7071067811865476,0.49999999999999994,0.8660254037844387,13.62,13.62,21.4,19.01,29.7,39.15,22.29,16.21333333333334,17.806666666666665,20.23333333333333,29.569583333333338,4.491785094295826,3.351833329189969,4.55518751900869,11.004536408134939,17.317632311102855,20.485076956392753,0.0,0.0,343.6948,10.4006,7.95,42.24,29.76,7.43,31.3,0.38,3.44
2023-01-07 04:00:00,7.86,43.9,30.5,7.41,19.13,9.22,0.32,3.51,2023,AIIMS,Hourly,0,0,4,7,1,5,0.8660254037844386,0.5000000000000001,0.49999999999999994,0.8660254037844387,11.16,13.62,13.62,19.17,25.21,44.77,24.69,12.800000000000004,16.498333333333335,18.688333333333333,28.403333333333332,1.4202816622082406,4.210313131664766,4.181239123281499,11.420387820516902,15.558308793644898,19.05044973233233,-2.459999999999999,-0.18061674008810566,345.05400000000003,9.76,7.79,44.12,30.59,7.46,24.85,0.34,3.48
2023-01-07 05:00:00,8.39,45.15,31.67,7.15,17.83,8.65,0.31,3.46,2023,AIIMS,Hourly,0,0,5,7,1,5,0.9659258262890683,0.25881904510252074,0.49999999999999994,0.8660254037844387,9.22,11.16,13.62,20.02,23.16,41.87,29.06,11.333333333333337,14.840000000000002,17.355833333333333,26.922083333333333,2.2051152653179855,4.857357306190495,4.452995842092851,11.510401715184562,13.74736342403207,17.538072850435046,-1.9399999999999995,-0.17383512544802862,378.80850000000004,9.8177,7.86,43.9,30.5,7.41,19.13,0.32,3.51
2023-01-07 06:00:00,8.74,44.27,31.49,5.56,17.83,8.65,0.31,3.36,2023,AIIMS,Hourly,0,0,6,7,1,5,1.0,6.123233995736766e-17,0.49999999999999994,0.8660254037844387,8.65,9.22,11.16,21.4,21.6,37.77,29.62,9.676666666666671,12.945,16.146666666666665,25.537916666666664,1.3158394025634343,4.645581771963795,4.696991945206272,11.631482383064174,12.290973874308621,16.17067702729119,-0.5700000000000003,-0.06182212581344905,386.9198,9.761899999999999,8.39,45.15,31.67,7.15,17.83,0.31,3.46
2023-01-07 07:00:00,8.96,44.19,31.62,5.61,17.14,7.62,0.31,3.33,2023,AIIMS,Hourly,0,0,7,7,1,5,0.9659258262890683,-0.25881904510252063,0.49999999999999994,0.8660254037844387,8.65,8.65,9.22,13.62,19.41,35.24,25.28,8.840000000000005,10.82,15.0675,24.324583333333333,0.3290896534459945,2.3568368632559995,4.81630776161,11.817355320686529,11.25069562450616,15.013649792323315,0.0,0.0,395.9424,9.802200000000001,8.74,44.27,31.49,5.56,17.83,0.31,3.36
2023-01-07 08:00:00,9.03,43.57,31.24,6.05,17.6,6.92,0.35,3.45,2023,AIIMS,Hourly,0,0,8,7,1,5,0.8660254037844387,-0.4999999999999998,0.49999999999999994,0.8660254037844387,7.62,8.65,8.65,13.62,16.88,31.14,19.95,8.306666666666672,9.82,14.085,23.17375,0.5946707772697144,2.198790576658548,5.046954977553677,12.050722804408515,10.2133540175044,13.876165208888958,-1.0300000000000002,-0.11907514450867054,393.4371,10.934,8.96,44.19,31.62,5.61,17.14,0.31,3.33
2023-01-07 09:00:00,9.53,44.38,32.03,5.88,27.76,8.5,0.52,3.47,2023,AIIMS,Hourly,0,0,9,7,1,5,0.7071067811865476,-0.7071067811865475,0.49999999999999994,0.8660254037844387,6.92,7.62,8.65,11.16,19.01,34.18,14.51,7.730000000000005,8.703333333333333,13.254999999999997,22.164583333333336,0.8702298546965986,1.4602556853747048,5.355096977307033,12.364639968796775,9.272395726788858,12.805985945982965,-0.7000000000000002,-0.09186351706036748,422.9414,16.6556,9.03,43.57,31.24,6.05,17.6,0.35,3.45
2023-01-07 10:00:00,7.17,44.45,29.94,5.59,34.73,12.06,0.62,3.32,2023,AIIMS,Hourly,0,0,10,7,1,5,0.49999999999999994,-0.8660254037844387,0.49999999999999994,0.8660254037844387,8.5,6.92,7.62,9.22,19.17,52.49,12.24,7.680000000000004,8.26,12.379166666666668,21.094583333333333,0.7917070165189047,0.8352963545966803,5.185054498413151,12.39076162840201,9.051711233420614,12.143526569677894,1.58,0.22832369942196534,318.7065,18.5628,9.53,44.38,32.03,5.88,27.76,0.52,3.47
2023-01-07 11:00:00,6.56,45.45,30.36,5.47,40.9,12.06,0.66,3.33,2023,AIIMS,Hourly,0,0,11,7,1,5,0.258819045102521,-0.9659258262890682,0.49999999999999994,0.8660254037844387,12.06,8.5,6.92,8.65,20.02,46.46,11.61,9.160000000000005,8.733333333333334,11.786666666666667,19.41,2.632793193550376,1.7699001855102305,4.724274515411757,10.548142634770999,9.911222309586153,12.130676328188986,3.5600000000000005,0.41882352941176476,298.152,20.0376,7.17,44.45,29.94,5.59,34.73,0.62,3.32
2023-01-07 12:00:00,6.06,41.62,27.27,6.43,40.9,10.37,0.64,3.01,2023,AIIMS,Hourly,1,1,12,7,1,5,1.2246467991473532e-16,-1.0,0.49999999999999994,0.8660254037844387,12.06,12.06,8.5,8.65,21.4,38.86,9.08,10.87333333333334,9.301666666666668,11.123333333333333,17.976666666666667,2.0553669583163083,2.2264089172182913,3.960179824505896,8.924976028059936,10.525158792561538,12.119803046929142,0.0,0.0,252.21719999999996,17.4528,6.56,45.45,30.36,5.47,40.9,0.66,3.33
2023-01-07 13:00:00,6.33,38.24,26.29,7.39,35.1,14.19,0.62,2.92,2023,AIIMS,Hourly,0,0,13,7,1,5,-0.2588190451025208,-0.9659258262890683,0.49999999999999994,0.8660254037844387,10.37,12.06,12.06,7.62,13.62,32.34,7.31,11.496666666666671,9.588333333333333,10.204166666666666,16.789583333333333,0.9757219549330645,2.2364294459403613,2.282990297169266,7.857417696820881,10.480827708972527,11.850602578170813,-1.6900000000000013,-0.14013266998341636,242.0592,16.299799999999998,6.06,41.62,27.27,6.43,40.9,0.64,3.01
2023-01-07 14:00:00,6.16,37.9,25.75,9.68,40.64,14.19,0.63,2.72,2023,AIIMS,Hourly,0,0,14,7,1,5,-0.4999999999999997,-0.8660254037844388,0.49999999999999994,0.8660254037844387,14.19,10.37,12.06,6.92,13.62,32.6,6.55,12.20666666666667,10.683333333333332,10.251666666666667,16.033333333333335,1.914218726618869,2.650091822309005,2.364978698090864,7.135988805476021,11.540591220694662,12.210509873836841,3.8200000000000003,0.3683702989392479,233.464,16.2225,6.33,38.24,26.29,7.39,35.1,0.62,2.92
2023-01-07 15:00:00,6.31,42.04,28.16,9.95,40.64,12.88,0.67,3.01,2023,AIIMS,Hourly,0,0,15,7,1,5,-0.7071067811865471,-0.7071067811865479,0.49999999999999994,0.8660254037844387,14.19,14.19,10.37,8.5,11.16,29.7,8.22,12.916666666666671,11.895000000000001,10.299166666666666,15.26625,2.205478028305503,2.210888961481862,2.4432112189913866,6.206711523405737,12.297565157639045,12.515046816323482,0.0,0.0,265.2724,18.8672,6.16,37.9,25.75,9.68,40.64,0.63,2.72
2023-01-07 16:00:00,5.75,37.2,25.4,9.87,39.52,13.18,0.57,2.91,2023,AIIMS,Hourly,0,0,16,7,1,5,-0.8660254037844385,-0.5000000000000004,0.49999999999999994,0.8660254037844387,12.88,14.19,14.19,12.06,9.22,25.21,8.69,13.75333333333334,12.625,10.4425,14.56541666666667,0.7563288526416856,1.461981532031891,2.54657033174911,5.403735406232858,12.463975112599318,12.571193459966022,-1.3099999999999987,-0.09231853417899921,213.9,14.477999999999998,6.31,42.04,28.16,9.95,40.64,0.67,3.01
2023-01-07 17:00:00,5.72,37.44,25.5,9.13,39.52,13.18,0.51,2.9,2023,AIIMS,Hourly,0,0,17,7,1,5,-0.9659258262890683,-0.25881904510252063,0.49999999999999994,0.8660254037844387,13.18,12.88,14.19,12.06,8.65,23.16,7.77,13.416666666666671,12.811666666666667,10.7725,14.064166666666665,0.6863186820554307,1.44683677955358,2.628996092531286,4.908689647753853,12.668553651856655,12.664856004586634,0.29999999999999893,0.023291925465838425,214.15679999999998,13.005,5.75,37.2,25.4,9.87,39.52,0.57,2.91
2023-01-07 18:00:00,4.62,32.51,22.04,5.28,35.43,10.96,0.24,2.49,2023,AIIMS,Hourly,0,0,18,7,1,5,-1.0,-1.8369701987210297e-16,0.49999999999999994,0.8660254037844387,13.18,13.18,12.88,10.37,8.65,21.6,8.48,13.080000000000005,12.998333333333333,11.15,13.648333333333333,0.1732050807712761,1.4020187825663988,2.6217412673119727,4.5112802257626505,12.81468117989761,12.74410892695792,0.0,0.0,150.1962,5.289599999999999,5.72,37.44,25.5,9.13,39.52,0.51,2.9
2023-01-07 19:00:00,4.92,36.69,24.46,6.12,34.14,9.17,0.28,2.61,2023,AIIMS,Hourly,0,0,19,7,1,5,-0.9659258262890684,0.2588190451025203,0.49999999999999994,0.8660254037844387,10.96,13.18,13.18,14.19,7.62,19.41,8.84,12.440000000000005,13.09666666666667,11.342500000000001,13.205,1.2817175976029234,1.1846462200458672,2.503637807816176,4.208526541697065,12.284772271355436,12.469630630502856,-2.219999999999999,-0.16843702579666153,180.51479999999998,6.848800000000001,4.62,32.51,22.04,5.28,35.43,0.24,2.49
2023-01-07 20:00:00,5.68,38.45,25.7,5.95,28.58,9.83,0.29,2.73,2023,AIIMS,Hourly,0,0,20,7,1,5,-0.8660254037844386,0.5000000000000001,0.49999999999999994,0.8660254037844387,9.17,10.96,13.18,14.19,6.92,16.88,8.89,11.103333333333339,12.26,11.471666666666666,12.778333333333334,2.008838802228392,1.8460877552278834,2.3279481145939958,4.068859114389231,11.394837336682453,11.961995148887032,-1.790000000000001,-0.16332116788321174,218.39600000000002,7.452999999999999,4.92,36.69,24.46,6.12,34.14,0.28,2.61
2023-01-07 21:00:00,6.5,39.48,27.02,5.88,28.58,12.48,0.32,2.93,2023,AIIMS,Hourly,0,0,21,7,1,5,-0.7071067811865477,0.7071067811865474,0.49999999999999994,0.8660254037844387,9.83,9.17,10.96,12.88,8.5,19.01,6.75,9.986666666666672,11.533333333333333,11.714166666666669,12.484583333333333,0.9052255704179212,1.7917551916121297,1.9278931427068997,4.013982061836885,10.947740954773181,11.633995895212104,0.6600000000000001,0.07197382769901856,256.62,8.6464,5.68,38.45,25.7,5.95,28.58,0.29,2.73
2023-01-07 22:00:00,6.85,42.51,28.97,5.81,27.76,12.79,0.33,3.19,2023,AIIMS,Hourly,0,0,22,7,1,5,-0.5000000000000004,0.8660254037844384,0.49999999999999994,0.8660254037844387,12.48,9.83,9.17,13.18,12.06,19.17,6.04,10.49333333333334,11.466666666666667,12.045833333333333,12.212499999999999,1.7518656721730774,1.7382711717879409,1.6464863875057518,3.7660927163070115,11.385529253409416,11.76415037287178,2.6500000000000004,0.26958290946083424,291.1935,9.5601,6.5,39.48,27.02,5.88,28.58,0.32,2.93
2023-01-07 23:00:00,7.14,41.56,28.7,6.04,27.39,12.79,0.33,3.35,2023,AIIMS,Hourly,0,0,23,7,1,5,-0.25881904510252157,0.9659258262890681,0.49999999999999994,0.8660254037844387,12.79,12.48,9.83,13.18,12.06,20.02,7.97,11.700000000000005,11.401666666666666,12.106666666666667,11.946666666666667,1.6268681569214634,1.667230238050229,1.6604836827278302,3.466925296929162,11.786806609578154,11.921973392429969,0.3099999999999987,0.024839743589743488,296.7384,9.471,6.85,42.51,28.97,5.81,27.76,0.33,3.19
2023-01-08 01:00:00,7.27,26.95,21.04,5.03,55.68,12.66,0.45,2.68,2023,AIIMS,Hourly,0,0,1,8,1,6,0.25881904510252074,0.9659258262890683,0.49999999999999994,0.8660254037844387,12.79,12.79,12.48,10.96,10.37,21.4,11.33,12.686666666666673,11.336666666666666,12.167500000000002,11.645416666666668,0.17897858346273526,1.5898385662289822,1.671951092150955,3.020254782178142,12.073433292555823,12.055515947440743,0.0,0.0,195.92649999999998,9.468,7.14,41.56,28.7,6.04,27.39,0.33,3.35
2023-01-08 02:00:00,7.16,24.7,20.0,4.75,51.82,12.11,0.41,2.49,2023,AIIMS,Hourly,0,0,2,8,1,6,0.49999999999999994,0.8660254037844387,0.49999999999999994,0.8660254037844387,12.66,12.79,12.79,9.17,14.19,13.62,12.13,12.746666666666671,11.62,12.358333333333334,11.28125,0.07505553502790277,1.6592528439036494,1.5760758711161302,2.2116220930808295,12.241023780397017,12.14851349398832,-0.129999999999999,-0.010164190774042143,176.852,8.2,7.27,26.95,21.04,5.03,55.68,0.45,2.68
2023-01-08 03:00:00,6.88,23.88,19.34,4.74,48.63,12.11,0.38,2.43,2023,AIIMS,Hourly,0,0,3,8,1,6,0.7071067811865476,0.7071067811865476,0.49999999999999994,0.8660254037844387,12.11,12.66,12.79,9.83,14.19,13.62,8.97,12.520000000000005,12.11,12.185,11.218333333333334,0.3609709129625297,1.1456526524223334,1.4669169896571421,2.1631431773675147,12.203588414569296,12.14258834106704,-0.5500000000000007,-0.04344391785150085,164.2944,7.3492,7.16,24.7,20.0,4.75,51.82,0.41,2.49
2023-01-08 04:00:00,8.13,24.4,20.33,5.21,42.62,11.66,0.37,2.64,2023,AIIMS,Hourly,0,0,4,8,1,6,0.8660254037844386,0.5000000000000001,0.49999999999999994,0.8660254037844387,12.11,12.11,12.66,12.48,12.88,11.16,39.15,12.293333333333338,12.49,12.011666666666668,11.155416666666667,0.31754264806218774,0.3155312979758299,1.3244335553071584,2.1115973330860145,12.176848867549497,12.137574750133648,0.0,0.0,198.372,7.522099999999999,6.88,23.88,19.34,4.74,48.63,0.38,2.43
2023-01-08 05:00:00,10.25,24.92,22.59,5.12,40.96,8.74,0.36,2.81,2023,AIIMS,Hourly,0,0,5,8,1,6,0.9659258262890683,0.25881904510252074,0.49999999999999994,0.8660254037844387,11.66,12.11,12.11,12.79,13.18,9.22,44.77,11.960000000000006,12.353333333333332,11.909999999999998,11.176250000000001,0.25980762114501027,0.4635802699306602,1.2982855828148026,2.114109561759976,12.029177762535355,12.06410171165155,-0.4499999999999993,-0.03715937241948797,255.43,8.1324,8.13,24.4,20.33,5.21,42.62,0.37,2.64
2023-01-08 06:00:00,9.98,23.79,21.78,6.24,36.94,8.05,0.34,2.77,2023,AIIMS,Hourly,0,0,6,8,1,6,1.0,6.123233995736766e-17,0.49999999999999994,0.8660254037844387,8.74,11.66,12.11,12.79,13.18,8.65,41.87,10.836666666666673,11.678333333333335,11.540000000000001,11.15625,1.8296538834813596,1.4970827187129672,1.5175997795559961,2.135582218749257,11.089412687525252,11.55270144832054,-2.92,-0.2504288164665523,237.4242,7.405200000000001,10.25,24.92,22.59,5.12,40.96,0.36,2.81
2023-01-08 07:00:00,12.23,25.67,24.35,6.01,31.12,6.02,0.35,2.8,2023,AIIMS,Hourly,0,0,7,8,1,6,0.9659258262890683,-0.25881904510252063,0.49999999999999994,0.8660254037844387,8.05,8.74,11.66,12.66,10.96,8.65,37.77,9.48333333333334,10.888333333333334,11.112499999999999,11.131250000000001,1.9163593956610774,1.9692985214712975,1.7223563404927802,2.169440545994108,10.221009062518037,11.013824302425073,-0.6899999999999995,-0.07894736842105257,313.94410000000005,8.522499999999999,9.98,23.79,21.78,6.24,36.94,0.34,2.77
2023-01-08 08:00:00,13.36,25.43,25.1,6.15,29.9,7.59,0.38,2.85,2023,AIIMS,Hourly,0,0,8,8,1,6,0.8660254037844387,-0.4999999999999998,0.49999999999999994,0.8660254037844387,6.02,8.05,8.74,12.11,9.17,7.62,35.24,7.603333333333339,9.781666666666666,10.700833333333334,11.021666666666667,1.4139424787941635,2.5535968097311454,2.2665209957645978,2.3584163195302033,9.020720758941454,10.245543640513525,-2.030000000000001,-0.25217391304347836,339.7448,9.538,12.23,25.67,24.35,6.01,31.12,0.35,2.8
2023-01-08 09:00:00,14.33,25.39,25.78,6.2,41.59,7.59,0.46,2.86,2023,AIIMS,Hourly,0,0,9,8,1,6,0.7071067811865476,-0.7071067811865475,0.49999999999999994,0.8660254037844387,7.59,6.02,8.05,12.11,9.83,6.92,31.14,7.220000000000006,9.028333333333334,10.569166666666666,11.020416666666668,1.064377752494512,2.3908778025380375,2.4051855280293335,2.3603048424451165,8.611943399243897,9.836998465049906,1.5700000000000003,0.2607973421926911,363.8387,11.8588,13.36,25.43,25.1,6.15,29.9,0.38,2.85
2023-01-08 10:00:00,15.18,26.11,26.71,6.32,45.7,9.5,0.52,2.99,2023,AIIMS,Hourly,0,0,10,8,1,6,0.49999999999999994,-0.8660254037844387,0.49999999999999994,0.8660254037844387,7.59,7.59,6.02,11.66,12.48,8.5,34.18,7.066666666666673,8.275,10.3825,11.048333333333334,0.9064399226306222,1.8840674085611906,2.550312369459377,2.313190280836582,8.319959570888498,9.491306393503766,0.0,0.0,396.34979999999996,13.8892,14.33,25.39,25.78,6.2,41.59,0.46,2.86
2023-01-08 11:00:00,15.03,26.11,26.65,6.13,49.34,10.98,0.54,3.1,2023,AIIMS,Hourly,0,0,11,8,1,6,0.258819045102521,-0.9659258262890682,0.49999999999999994,0.8660254037844387,9.5,7.59,7.59,8.74,12.79,12.06,52.49,8.226666666666672,7.914999999999999,10.134166666666667,11.089999999999998,1.1027390141545526,1.184343700115171,2.471368624626281,2.2739660813488287,8.65711397920607,9.492643871426264,1.9100000000000001,0.2516469038208169,392.4333,14.391,15.18,26.11,26.71,6.32,45.7,0.52,2.99
2023-01-08 12:00:00,14.55,26.29,26.57,6.27,49.34,10.98,0.47,3.11,2023,AIIMS,Hourly,0,0,12,8,1,6,1.2246467991473532e-16,-1.0,0.49999999999999994,0.8660254037844387,10.98,9.5,7.59,8.05,12.79,12.06,46.46,9.356666666666671,8.288333333333334,9.983333333333333,11.045,1.6995391532231623,1.7257278657624866,2.346627496229413,2.2646028541338166,9.320795699432907,9.721467891206839,1.4800000000000004,0.15578947368421056,382.5195,12.4879,15.03,26.11,26.65,6.13,49.34,0.54,3.1
2023-01-08 13:00:00,14.15,26.43,26.14,6.62,45.78,8.15,0.47,3.07,2023,AIIMS,Hourly,0,0,13,8,1,6,-0.2588190451025208,-0.9659258262890683,0.49999999999999994,0.8660254037844387,10.98,10.98,9.5,6.02,12.66,10.37,38.86,10.486666666666672,8.776666666666666,9.832500000000001,11.0,0.854478398403641,2.032148288553059,2.203638004424677,2.254263593242944,9.794854071023504,9.915088215636557,0.0,0.0,373.9845,12.2858,14.55,26.29,26.57,6.27,49.34,0.47,3.11
2023-01-08 14:00:00,14.9,28.68,27.9,6.03,34.61,9.46,0.47,3.16,2023,AIIMS,Hourly,0,0,14,8,1,6,-0.4999999999999997,-0.8660254037844388,0.49999999999999994,0.8660254037844387,8.15,10.98,10.98,7.59,12.11,14.19,32.34,10.036666666666672,9.131666666666668,9.456666666666667,10.907499999999999,1.6339012618082138,1.5928266279382426,2.0572989058175537,2.32565512041767,9.32489576501679,9.643536182461702,-2.83,-0.2577413479052823,427.332,13.112999999999998,14.15,26.43,26.14,6.62,45.78,0.47,3.07
2023-01-08 15:00:00,14.61,29.12,28.08,6.09,39.4,9.46,0.48,3.1,2023,AIIMS,Hourly,0,0,15,8,1,6,-0.7071067811865471,-0.7071067811865479,0.49999999999999994,0.8660254037844387,9.46,8.15,10.98,7.59,12.11,14.19,32.6,9.530000000000006,9.443333333333333,9.235833333333334,10.710416666666667,1.4162979912451912,1.4024074538696305,1.8812928742721566,2.234002995533453,9.363496975011993,9.615299846698363,1.3100000000000005,0.16073619631901845,425.4432,13.478399999999999,14.9,28.68,27.9,6.03,34.61,0.47,3.16
2023-01-08 16:00:00,13.09,28.85,26.92,6.69,53.01,11.91,0.48,2.94,2023,AIIMS,Hourly,0,0,16,8,1,6,-0.8660254037844385,-0.5000000000000004,0.49999999999999994,0.8660254037844387,9.46,9.46,8.15,9.5,11.66,12.88,29.7,9.023333333333339,9.755,9.014999999999999,10.513333333333334,0.7563288526418405,1.0785499524836202,1.655187437888763,2.119388071377183,9.39106926786571,9.591407562590922,0.0,0.0,377.6465,12.9216,14.61,29.12,28.08,6.09,39.4,0.48,3.1
2023-01-08 17:00:00,10.2,31.24,24.51,6.15,58.03,13.87,0.45,2.82,2023,AIIMS,Hourly,0,0,17,8,1,6,-0.9659258262890683,-0.25881904510252063,0.49999999999999994,0.8660254037844387,11.91,9.46,9.46,10.98,8.74,13.18,25.21,10.276666666666673,10.156666666666668,9.035833333333334,10.472916666666666,1.4145081595163962,1.3731229612343783,1.692655032960164,2.0811983988454252,10.110763762761222,9.948114091423088,2.4499999999999993,0.25898520084566584,318.64799999999997,11.0295,13.09,28.85,26.92,6.69,53.01,0.48,2.94
2023-01-08 18:00:00,7.4,28.53,21.94,5.79,58.03,13.87,0.53,2.6,2023,AIIMS,Hourly,0,0,18,8,1,6,-1.0,-1.8369701987210297e-16,0.49999999999999994,0.8660254037844387,13.87,11.91,9.46,10.98,8.05,13.18,23.16,11.746666666666671,10.638333333333334,9.463333333333333,10.501666666666667,2.209532378884363,2.0565156616639335,2.186829724149449,2.1245350727528045,11.184831259115159,10.551481154281074,1.959999999999999,0.1645675902602854,211.122,11.628200000000001,10.2,31.24,24.51,6.15,58.03,0.45,2.82
2023-01-08 19:00:00,6.73,28.09,21.31,5.96,56.46,9.91,0.56,2.62,2023,AIIMS,Hourly,0,0,19,8,1,6,-0.9659258262890684,0.2588190451025203,0.49999999999999994,0.8660254037844387,13.87,13.87,11.91,8.15,6.02,10.96,21.6,13.216666666666674,11.12,9.948333333333334,10.530416666666667,1.1316065276138731,2.452802478798967,2.47171207992758,2.1666072037535478,11.9520223279394,11.062022515160908,0.0,0.0,189.0457,11.9336,7.4,28.53,21.94,5.79,58.03,0.53,2.6
2023-01-08 20:00:00,6.08,27.97,20.83,6.35,53.39,9.15,0.58,2.52,2023,AIIMS,Hourly,0,0,20,8,1,6,-0.8660254037844386,0.5000000000000001,0.49999999999999994,0.8660254037844387,9.91,13.87,13.87,9.46,7.59,9.17,19.41,12.550000000000004,11.413333333333332,10.272499999999999,10.486666666666666,2.2863070659920166,2.1075167061423286,2.1428872833376524,2.168156232670931,11.368587377099571,10.88478828205923,-3.959999999999999,-0.2855082912761355,170.0576,12.081399999999999,6.73,28.09,21.31,5.96,56.46,0.56,2.62
2023-01-08 21:00:00,6.31,27.25,20.64,6.06,47.27,10.88,0.59,2.5,2023,AIIMS,Hourly,0,0,21,8,1,6,-0.7071067811865477,0.7071067811865474,0.49999999999999994,0.8660254037844387,9.15,9.91,13.87,9.46,7.59,9.83,16.88,10.976666666666672,11.361666666666666,10.402500000000002,10.485833333333334,2.534350672921651,2.167915281248096,2.008459948227915,2.1686880760056146,10.734705269356835,10.617897777127041,-0.7599999999999998,-0.07669021190716446,171.9475,12.1776,6.08,27.97,20.83,6.35,53.39,0.58,2.52
2023-01-08 22:00:00,6.56,25.85,20.04,5.92,46.08,10.88,0.57,2.28,2023,AIIMS,Hourly,0,0,22,8,1,6,-0.5000000000000004,0.8660254037844384,0.49999999999999994,0.8660254037844387,10.88,9.15,9.91,11.91,9.5,12.48,19.01,9.980000000000006,11.598333333333334,10.676666666666668,10.529583333333333,0.8671216754326578,1.9889134387069245,1.803755341872242,2.1654710887532835,10.776218049540596,10.658221196030574,1.7300000000000004,0.18907103825136615,169.576,11.422799999999999,6.31,27.25,20.64,6.06,47.27,0.59,2.5
2023-01-08 23:00:00,7.01,26.13,20.62,5.83,42.88,8.52,0.67,2.26,2023,AIIMS,Hourly,0,0,23,8,1,6,-0.25881904510252157,0.9659258262890681,0.49999999999999994,0.8660254037844387,10.88,10.88,9.15,13.87,10.98,12.79,19.17,10.30333333333334,11.426666666666668,10.791666666666666,10.462916666666667,0.9988159657006184,2.00104639293271,1.765501903056546,2.127103519825119,10.805870035386139,10.69234101202587,0.0,0.0,183.17129999999997,13.815400000000002,6.56,25.85,20.04,5.92,46.08,0.57,2.28
2023-01-09 01:00:00,32.74,59.46,54.5,4.63,128.95,31.49,1.33,50.41,2023,AIIMS,Hourly,0,0,1,9,1,0,0.25881904510252074,0.9659258262890683,0.49999999999999994,0.8660254037844387,8.52,10.88,10.88,13.87,10.98,12.79,20.02,10.093333333333339,10.535,10.586666666666668,10.285,1.3625466352894022,1.8830480609911102,1.880707474877452,2.1024313047752043,10.152764310990099,10.358134702483428,-2.360000000000001,-0.21691176470588244,1946.7204000000002,72.485,7.01,26.13,20.62,5.83,42.88,0.67,2.26
2023-01-09 02:00:00,13.99,42.5,33.82,4.41,131.65,33.98,1.02,30.17,2023,AIIMS,Hourly,0,0,2,9,1,0,0.49999999999999994,0.8660254037844387,0.49999999999999994,0.8660254037844387,31.49,8.52,10.88,9.91,8.15,12.66,21.4,16.96333333333334,13.47166666666667,12.295833333333334,11.064166666666667,12.635680960412783,8.876655714100268,6.329205692420575,4.802497463201045,16.249117364992927,13.60919090210136,22.97,2.6960093896713615,594.575,34.4964,32.74,59.46,54.5,4.63,128.95,1.33,50.41
2023-01-09 03:00:00,12.59,38.3,31.46,4.55,109.31,28.66,0.99,29.96,2023,AIIMS,Hourly,0,0,3,9,1,0,0.7071067811865476,0.7071067811865476,0.49999999999999994,0.8660254037844387,33.98,31.49,8.52,9.15,9.46,12.11,13.62,24.663333333333338,17.483333333333334,14.448333333333332,11.9525,14.035862400769599,11.877041157909185,8.728549638277718,6.705354933379985,21.315083832137802,16.743161532547305,2.4899999999999984,0.07907272149888848,482.19699999999995,31.145400000000002,13.99,42.5,33.82,4.41,131.65,1.02,30.17
2023-01-09 04:00:00,8.21,40.85,30.17,3.36,83.47,29.7,0.82,23.65,2023,AIIMS,Hourly,0,0,4,9,1,0,0.8660254037844386,0.5000000000000001,0.49999999999999994,0.8660254037844387,28.66,33.98,31.49,10.88,9.46,12.11,13.62,31.37666666666667,20.735,16.048333333333336,12.642083333333332,2.6618101610252802,11.809775188376872,9.46011419624837,7.523367064868515,23.413631308669856,18.576521296770796,-5.319999999999997,-0.15656268393172446,335.37850000000003,24.7394,12.59,38.3,31.46,4.55,109.31,0.99,29.96
2023-01-09 05:00:00,10.22,38.28,26.77,2.99,84.29,30.16,0.8,26.74,2023,AIIMS,Hourly,0,0,5,9,1,0,0.9659258262890683,0.25881904510252074,0.49999999999999994,0.8660254037844387,29.7,28.66,33.98,10.88,11.91,11.66,11.16,30.78,23.87166666666667,17.735,13.375,2.8196453677730684,11.149637512792445,9.96929422139434,8.287291475506022,25.2097366490499,20.28782571265221,1.0399999999999991,0.0362875087229588,391.2216,21.416,8.21,40.85,30.17,3.36,83.47,0.82,23.65
2023-01-09 06:00:00,10.9,32.8,24.29,4.48,91.89,22.89,0.69,48.78,2023,AIIMS,Hourly,0,0,6,9,1,0,1.0,6.123233995736766e-17,0.49999999999999994,0.8660254037844387,30.16,29.7,28.66,8.52,13.87,8.74,9.22,29.506666666666675,27.085000000000004,19.25583333333333,14.145833333333334,0.7684616667977194,9.277701762829073,10.38333407510087,8.954367851679049,26.62409760646422,21.806621756859563,0.46000000000000085,0.015488215488215518,357.52,16.760099999999998,10.22,38.28,26.77,2.99,84.29,0.8,26.74
2023-01-09 07:00:00,12.07,24.26,23.57,4.6,67.75,22.55,0.72,31.11,2023,AIIMS,Hourly,0,0,7,9,1,0,0.9659258262890683,-0.25881904510252063,0.49999999999999994,0.8660254037844387,22.89,30.16,29.7,31.49,13.87,8.05,8.65,27.583333333333343,29.48,20.0075,14.735416666666666,4.071048186074147,3.7121799525348464,10.28401153158715,9.048302737393968,25.55721257604587,21.97329533272732,-7.27,-0.24104774535809018,292.81820000000005,16.970399999999998,10.9,32.8,24.29,4.48,91.89,0.69,48.78
2023-01-09 08:00:00,11.78,27.06,24.67,4.13,65.52,21.55,0.84,26.32,2023,AIIMS,Hourly,0,0,8,9,1,0,0.8660254037844387,-0.4999999999999998,0.49999999999999994,0.8660254037844387,22.55,22.89,30.16,33.98,9.91,6.02,8.65,25.200000000000006,27.99,20.730833333333333,15.339583333333332,4.298848683078338,4.462411903892521,10.116982534632543,9.066573811997605,24.69800898288991,22.06201912769235,-0.33999999999999986,-0.014853647881170811,318.7668,20.7228,12.07,24.26,23.57,4.6,67.75,0.72,31.11
2023-01-09 09:00:00,9.08,25.36,21.88,4.61,65.69,20.15,0.92,26.27,2023,AIIMS,Hourly,0,0,9,9,1,0,0.7071067811865476,-0.7071067811865475,0.49999999999999994,0.8660254037844387,21.55,22.55,22.89,28.66,9.15,7.59,7.62,22.33000000000001,25.918333333333333,21.700833333333335,15.986666666666666,0.696562990693936,3.985179627904924,9.52592869090682,8.925607842736198,23.79857784492136,21.983246954201217,-1.0,-0.044345898004434586,230.2688,20.1296,11.78,27.06,24.67,4.13,65.52,0.84,26.32
2023-01-09 10:00:00,7.69,24.54,20.34,4.27,65.07,20.85,0.79,21.8,2023,AIIMS,Hourly,0,0,10,9,1,0,0.49999999999999994,-0.8660254037844387,0.49999999999999994,0.8660254037844387,20.15,21.55,22.55,29.7,10.88,7.59,6.92,21.416666666666675,24.5,22.617499999999996,16.509999999999998,1.2055427546702144,4.314978563098759,8.702010347667278,8.778890689553299,22.756127032086685,21.701208961247186,-1.4000000000000021,-0.06496519721577736,188.7126,16.0686,9.08,25.36,21.88,4.61,65.69,0.92,26.27
2023-01-09 11:00:00,5.96,16.92,14.89,5.27,64.18,19.86,0.66,15.17,2023,AIIMS,Hourly,0,0,11,9,1,0,0.258819045102521,-0.9659258262890682,0.49999999999999994,0.8660254037844387,20.85,20.15,21.55,30.16,10.88,9.5,8.5,20.85000000000001,23.025000000000002,23.448333333333334,17.0625,0.7000000000032381,3.642085940776507,7.920322345751172,8.608712093747746,22.21151930863335,21.570253736439927,0.7000000000000028,0.034739454094292944,100.84320000000001,9.8274,7.69,24.54,20.34,4.27,65.07,0.79,21.8
2023-01-09 12:00:00,6.82,18.61,16.54,4.82,58.03,16.5,0.58,18.3,2023,AIIMS,Hourly,0,0,12,9,1,0,1.2246467991473532e-16,-1.0,0.49999999999999994,0.8660254037844387,19.86,20.85,20.15,22.89,8.52,10.98,12.06,20.286666666666676,21.308333333333334,24.19666666666667,17.49416666666667,0.5089531740129802,1.2450930353466132,6.995061028173955,8.471668341758246,21.53965664902382,21.30713777698763,-0.990000000000002,-0.0474820143884893,126.92020000000001,9.5932,5.96,16.92,14.89,5.27,64.18,0.66,15.17
2023-01-09 13:00:00,6.12,20.61,17.02,4.78,60.84,17.89,0.65,17.96,2023,AIIMS,Hourly,0,0,13,9,1,0,-0.2588190451025208,-0.9659258262890683,0.49999999999999994,0.8660254037844387,16.5,19.86,20.85,22.55,31.49,10.98,12.06,19.070000000000007,20.243333333333336,24.861666666666668,17.724166666666665,2.280065788525541,2.0767442468124697,5.6117876479834745,8.361337482290075,20.09975474930273,20.567578118989534,-3.3599999999999994,-0.16918429003021146,126.1332,11.063,6.82,18.61,16.54,4.82,58.03,0.58,18.3
2023-01-09 14:00:00,4.59,25.31,18.25,5.34,57.69,21.03,0.73,13.99,2023,AIIMS,Hourly,0,0,14,9,1,0,-0.4999999999999997,-0.8660254037844388,0.49999999999999994,0.8660254037844387,17.89,16.5,19.86,21.55,33.98,8.15,10.37,18.083333333333343,19.466666666666665,23.728333333333335,18.012083333333333,1.688322638993494,1.9059136041984504,5.524077600227265,8.237056766021588,19.46839624950195,20.155643023760373,1.3900000000000006,0.08424242424242427,116.17289999999998,13.3225,6.12,20.61,17.02,4.78,60.84,0.65,17.96
2023-01-09 15:00:00,6.04,21.61,18.07,5.32,53.1,20.76,0.72,13.3,2023,AIIMS,Hourly,0,0,15,9,1,0,-0.7071067811865471,-0.7071067811865479,0.49999999999999994,0.8660254037844387,21.03,17.89,16.5,20.15,28.66,9.46,14.19,18.473333333333343,19.38,22.64916666666667,18.548750000000002,2.32065364355346,1.8011773927079104,4.511388535157532,7.98222008591566,19.91456874964425,20.29015948164339,3.1400000000000006,0.17551704863051987,130.52439999999999,13.010399999999999,4.59,25.31,18.25,5.34,57.69,0.73,13.99
2023-01-09 16:00:00,4.87,19.61,15.41,5.68,56.41,22.81,0.53,9.24,2023,AIIMS,Hourly,0,0,16,9,1,0,-0.8660254037844385,-0.5000000000000004,0.49999999999999994,0.8660254037844387,20.76,21.03,17.89,20.85,29.7,9.46,14.19,19.89333333333334,19.48166666666667,21.99083333333333,19.019583333333333,1.7401819828218847,1.8692609947968022,4.113358411838401,7.75277817198799,20.15612053546018,20.362442638313638,-0.2699999999999996,-0.012838801711840207,95.5007,8.167300000000001,6.04,21.61,18.07,5.32,53.1,0.72,13.3
2023-01-09 17:00:00,6.55,25.82,20.09,5.09,58.93,22.17,0.62,12.29,2023,AIIMS,Hourly,0,0,17,9,1,0,-0.9659258262890683,-0.25881904510252063,0.49999999999999994,0.8660254037844387,22.81,20.76,21.03,19.86,30.16,11.91,12.88,21.533333333333342,19.808333333333334,21.416666666666668,19.575833333333332,1.1138372113275115,2.281923895897651,3.3493644806502814,7.512261812279137,20.914371811042983,20.738989924726923,2.049999999999997,0.09874759152215785,169.121,12.4558,4.87,19.61,15.41,5.68,56.41,0.53,9.24
2023-01-09 18:00:00,5.64,25.07,18.97,3.78,64.27,21.37,0.67,10.08,2023,AIIMS,Hourly,0,0,18,9,1,0,-1.0,-1.8369701987210297e-16,0.49999999999999994,0.8660254037844387,22.17,22.81,20.76,16.5,22.89,13.87,13.18,21.91333333333334,20.19333333333333,20.750833333333336,20.003333333333334,1.048824739095067,2.4787631324248585,1.9587169192347014,7.347174355797496,21.27312272217356,20.95914532092278,-0.639999999999997,-0.028057869355545682,141.3948,12.7099,6.55,25.82,20.09,5.09,58.93,0.62,12.29
2023-01-09 19:00:00,5.21,28.12,19.93,3.3,70.52,22.22,0.62,10.94,2023,AIIMS,Hourly,0,0,19,9,1,0,-0.9659258262890684,0.2588190451025203,0.49999999999999994,0.8660254037844387,21.37,22.17,22.81,17.89,22.55,13.87,13.18,22.116666666666674,21.005,20.624166666666667,20.315833333333334,0.7214799604547792,1.703663699208853,1.8541621893032267,7.2335828615208655,21.300801944409688,21.022353733088504,-0.8000000000000007,-0.03608479927830404,146.5052,12.3566,5.64,25.07,18.97,3.78,64.27,0.67,10.08
2023-01-09 20:00:00,8.73,35.21,26.75,3.61,72.97,19.64,0.77,20.81,2023,AIIMS,Hourly,0,0,20,9,1,0,-0.8660254037844386,0.5000000000000001,0.49999999999999994,0.8660254037844387,22.22,21.37,22.17,21.03,21.55,9.91,10.96,21.920000000000005,21.72666666666667,20.596666666666668,20.66375,0.47696960071319383,0.7950513610255779,1.8252239381077968,7.109823462921476,21.563429960292634,21.206607004921043,0.8499999999999979,0.03977538605521749,307.3833,20.5975,5.21,28.12,19.93,3.3,70.52,0.62,10.94
2023-01-09 21:00:00,8.52,39.17,28.65,2.67,73.47,16.03,0.86,23.14,2023,AIIMS,Hourly,0,0,21,9,1,0,-0.7071067811865477,0.7071067811865474,0.49999999999999994,0.8660254037844387,19.64,22.22,21.37,20.76,20.15,9.15,9.17,21.07666666666667,21.495,20.4375,21.069166666666664,1.31477501244048,1.1582184595325562,1.8177964932600128,6.737632093835325,21.013878543066166,20.9655905426255,-2.5799999999999983,-0.11611161116111604,333.7284,24.639,8.73,35.21,26.75,3.61,72.97,0.77,20.81
2023-01-09 22:00:00,6.46,34.07,24.32,3.15,76.45,18.79,0.92,18.8,2023,AIIMS,Hourly,0,0,22,9,1,0,-0.5000000000000004,0.8660254037844384,0.49999999999999994,0.8660254037844387,16.03,19.64,22.22,22.81,20.85,10.88,9.83,19.296666666666674,20.706666666666667,20.094166666666666,21.355833333333333,3.1092496415273443,2.541831360784713,2.2213241682846223,6.34327848072696,19.589913245047264,20.206268920683115,-3.6099999999999994,-0.18380855397148674,220.0922,22.3744,8.52,39.17,28.65,2.67,73.47,0.86,23.14
2023-01-09 23:00:00,11.58,35.19,29.02,2.99,78.67,20.06,0.72,20.53,2023,AIIMS,Hourly,0,0,23,9,1,0,-0.25881904510252157,0.9659258262890681,0.49999999999999994,0.8660254037844387,18.79,16.03,19.64,22.17,19.86,10.88,12.48,18.15333333333334,20.036666666666665,19.9225,21.68541666666667,1.8873349817501819,2.4025292228542607,2.2371456042342803,5.969810265112709,19.361366603605187,19.988381394424174,2.759999999999998,0.17217716781035544,407.50019999999995,20.894399999999997,6.46,34.07,24.32,3.15,76.45,0.92,18.8
2023-01-10 01:00:00,7.97,16.53,16.38,9.19,76.36,24.14,0.75,12.14,2023,AIIMS,Hourly,0,0,1,10,1,1,0.25881904510252074,0.9659258262890683,0.49999999999999994,0.8660254037844387,20.06,18.79,16.03,21.37,16.5,8.52,12.79,18.29333333333334,19.685,19.939166666666665,22.067916666666665,2.0603964019911194,2.1710895882026717,2.2373826361633737,5.524893057525847,19.560976145432274,19.999399641435836,1.2699999999999996,0.06758914316125597,131.7441,12.285,11.58,35.19,29.02,2.99,78.67,0.72,20.53
2023-01-10 02:00:00,7.81,15.64,15.79,9.24,62.2,19.92,0.73,11.84,2023,AIIMS,Hourly,0,0,2,10,1,1,0.49999999999999994,0.8660254037844387,0.49999999999999994,0.8660254037844387,24.14,20.06,18.79,22.22,17.89,31.49,12.79,20.996666666666673,20.146666666666665,20.575833333333332,22.71875,2.7952877013534536,2.803466901297159,2.2567009643334566,4.721107379768044,20.869268675308767,20.63641508121494,4.080000000000002,0.20338983050847467,122.1484,11.5267,7.97,16.53,16.38,9.19,76.36,0.75,12.14
2023-01-10 03:00:00,7.73,14.8,15.29,9.47,53.48,17.56,0.71,11.41,2023,AIIMS,Hourly,0,0,3,10,1,1,0.7071067811865476,0.7071067811865476,0.49999999999999994,0.8660254037844387,19.92,24.14,20.06,19.64,21.03,33.98,12.66,21.37333333333334,19.763333333333332,20.745,22.236666666666668,2.397025935057412,2.6141206297087196,2.1082672764832786,4.36370471509881,20.598049053791975,20.526197376412643,-4.219999999999999,-0.17481358740679365,114.40400000000001,10.855899999999998,7.81,15.64,15.79,9.24,62.2,0.73,11.84
2023-01-10 04:00:00,7.68,14.97,15.32,9.29,46.35,19.11,0.7,11.75,2023,AIIMS,Hourly,0,0,4,10,1,1,0.8660254037844386,0.5000000000000001,0.49999999999999994,0.8660254037844387,17.56,19.92,24.14,16.03,20.76,28.66,12.11,20.540000000000006,19.416666666666668,20.455833333333334,21.5525,3.3335266610610095,2.7671838873968477,2.295297399361238,3.675390839908423,19.73003503842284,20.069859318503006,-2.360000000000003,-0.11847389558232946,114.9696,10.724,7.73,14.8,15.29,9.47,53.48,0.71,11.41
2023-01-10 05:00:00,7.89,14.08,14.87,9.25,49.42,20.31,0.68,10.64,2023,AIIMS,Hourly,0,0,5,10,1,1,0.9659258262890683,0.25881904510252074,0.49999999999999994,0.8660254037844387,19.11,17.56,19.92,18.79,22.81,29.7,12.11,18.86333333333334,19.93,20.31833333333333,21.154583333333335,1.1991802755790972,2.2507776433939544,2.324653770245036,3.3773194659904555,19.55288217030203,19.922188654117928,1.5500000000000007,0.0882687927107062,111.0912,10.111600000000001,7.68,14.97,15.32,9.29,46.35,0.7,11.75
2023-01-10 06:00:00,8.66,14.48,15.71,8.19,50.5,20.44,0.67,11.03,2023,AIIMS,Hourly,0,0,6,10,1,1,1.0,6.123233995736766e-17,0.49999999999999994,0.8660254037844387,20.31,19.11,17.56,20.06,22.17,30.16,11.66,18.99333333333334,20.183333333333334,20.110000000000003,20.763333333333332,1.3787071238439115,2.1812718002735694,2.1891260190477926,2.8465076492251224,19.769201550215737,19.981851938099787,1.1999999999999993,0.06279434850863419,125.3968,10.5257,7.89,14.08,14.87,9.25,49.42,0.68,10.64
2023-01-10 07:00:00,9.03,14.39,15.85,9.07,49.57,20.45,0.67,10.91,2023,AIIMS,Hourly,0,0,7,10,1,1,0.9659258262890683,-0.25881904510252063,0.49999999999999994,0.8660254037844387,20.44,20.31,19.11,24.14,21.37,22.89,8.74,19.95333333333334,20.246666666666666,19.965833333333332,20.358333333333334,0.7332348418739444,2.182490931634928,2.0961196111485942,2.0240997283089976,19.960858250154097,20.052336255315204,0.13000000000000256,0.0064007877892664974,129.9417,10.6195,8.66,14.48,15.71,8.19,50.5,0.67,11.03
2023-01-10 08:00:00,9.45,14.83,16.5,8.92,51.9,19.26,0.66,12.25,2023,AIIMS,Hourly,0,0,8,10,1,1,0.8660254037844387,-0.4999999999999998,0.49999999999999994,0.8660254037844387,20.45,20.44,20.31,19.92,22.22,22.55,8.05,20.400000000000006,19.631666666666668,19.889166666666664,20.256666666666668,0.07810249678822907,1.1340443847877932,2.0565436950612743,1.9513822674245058,20.100613035824356,20.11351529295902,0.00999999999999801,0.0004892367906065562,140.1435,10.89,9.03,14.39,15.85,9.07,49.57,0.67,10.91
2023-01-10 09:00:00,9.46,15.38,16.93,8.41,52.15,16.12,0.64,12.45,2023,AIIMS,Hourly,0,0,9,10,1,1,0.7071067811865476,-0.7071067811865475,0.49999999999999994,0.8660254037844387,19.26,20.45,20.44,17.56,19.64,21.55,6.02,20.050000000000008,19.521666666666665,19.6425,20.119583333333335,0.6841783393272322,1.1324913539046246,1.9248618604506378,1.8981054150553034,19.860437882731684,19.9822052478884,-1.1899999999999977,-0.05819070904645466,145.49480000000003,10.8352,9.45,14.83,16.5,8.92,51.9,0.66,12.25
2023-01-10 10:00:00,9.12,16.3,17.05,8.66,51.98,25.77,0.74,12.58,2023,AIIMS,Hourly,0,0,10,10,1,1,0.49999999999999994,-0.8660254037844387,0.49999999999999994,0.8660254037844387,16.12,19.26,20.45,19.11,16.03,20.15,7.59,18.61000000000001,19.281666666666666,19.349166666666665,19.893333333333334,2.236984577507102,1.6607397949915992,2.1769764617815284,2.0386113489038626,18.791741344808347,19.388019825136336,-3.1400000000000006,-0.16303219106957426,148.656,12.617,9.46,15.38,16.93,8.41,52.15,0.64,12.45
2023-01-10 11:00:00,8.36,18.02,16.91,8.72,59.69,26.7,0.82,12.75,2023,AIIMS,Hourly,0,0,11,10,1,1,0.258819045102521,-0.9659258262890682,0.49999999999999994,0.8660254037844387,25.77,16.12,19.26,20.31,18.79,20.85,7.59,20.38333333333334,20.391666666666666,20.160833333333333,20.1275,4.922096436818146,3.1134123830081815,2.6013299337534512,2.365879283185069,20.785529532005963,20.369862928961517,9.649999999999999,0.5986352357320098,150.6472,13.8662,9.12,16.3,17.05,8.66,51.98,0.74,12.58
2023-01-10 12:00:00,6.88,18.32,16.27,8.45,65.26,26.81,0.87,12.03,2023,AIIMS,Hourly,0,0,12,10,1,1,1.2246467991473532e-16,-1.0,0.49999999999999994,0.8660254037844387,26.7,25.77,16.12,20.44,20.06,19.86,9.5,22.86333333333334,21.456666666666667,20.819999999999997,20.37125,5.858381460210472,4.03608060705787,3.163766455005409,2.718612677690586,22.47537823714712,21.343730170659743,0.9299999999999997,0.03608847497089638,126.0416,14.1549,8.36,18.02,16.91,8.72,59.69,0.82,12.75
2023-01-10 13:00:00,5.6,18.41,15.45,8.82,66.92,26.91,0.87,11.27,2023,AIIMS,Hourly,0,0,13,10,1,1,-0.2588190451025208,-0.9659258262890683,0.49999999999999994,0.8660254037844387,26.81,26.7,25.77,20.45,24.14,16.5,10.98,26.426666666666673,22.518333333333334,21.382500000000004,20.660833333333333,0.5713434460441804,4.523527016241704,3.587975182340343,3.0157065891561343,23.71384159796223,22.184694759789014,0.10999999999999943,0.004119850187265897,103.09599999999999,13.4415,6.88,18.32,16.27,8.45,65.26,0.87,12.03
2023-01-10 14:00:00,4.48,17.5,14.09,8.37,67.02,27.58,0.8,9.6,2023,AIIMS,Hourly,0,0,14,10,1,1,-0.4999999999999997,-0.8660254037844388,0.49999999999999994,0.8660254037844387,26.91,26.81,26.7,19.26,19.92,17.89,10.98,26.806666666666672,23.595,21.613333333333333,21.094583333333333,0.10503967506434765,4.698190077040504,3.8602786836122105,3.137413749607726,24.627029712830165,22.91166479674455,0.10000000000000142,0.003729951510630415,78.4,11.272,5.6,18.41,15.45,8.82,66.92,0.87,11.27
2023-01-10 15:00:00,3.8,17.39,13.49,8.73,58.8,27.72,0.7,9.5,2023,AIIMS,Hourly,0,0,15,10,1,1,-0.7071067811865471,-0.7071067811865479,0.49999999999999994,0.8660254037844387,27.58,26.91,26.81,16.12,17.56,21.03,8.15,27.100000000000005,24.98166666666667,22.251666666666665,21.498333333333335,0.4186884283142751,4.37986034784997,4.175288413191673,3.32498011326669,25.470735509164403,23.629870212630003,0.6699999999999982,0.02489780750650309,66.082,9.443,4.48,17.5,14.09,8.37,67.02,0.8,9.6
2023-01-10 16:00:00,4.29,17.11,13.73,8.38,56.39,21.05,0.61,9.47,2023,AIIMS,Hourly,0,0,16,10,1,1,-0.8660254037844385,-0.5000000000000004,0.49999999999999994,0.8660254037844387,27.72,27.58,26.91,25.77,19.11,20.76,9.46,27.40333333333334,26.915000000000003,23.098333333333333,21.777083333333334,0.432935715017367,0.7012203647939111,4.167538696626355,3.556386147134764,26.113382506546,24.259120949148464,0.14000000000000057,0.005076142131979717,73.4019,8.3753,3.8,17.39,13.49,8.73,58.8,0.7,9.5
2023-01-10 17:00:00,4.18,17.73,13.93,7.93,63.13,21.26,0.58,9.34,2023,AIIMS,Hourly,0,0,17,10,1,1,-0.9659258262890683,-0.25881904510252063,0.49999999999999994,0.8660254037844387,21.05,27.72,27.58,26.7,20.31,22.81,9.46,25.450000000000006,26.12833333333333,23.26,21.789166666666663,3.8111546806715073,2.523199688226916,4.034255592029028,3.553271507469268,24.66670179039,23.765410033894856,-6.669999999999998,-0.24062049062049057,74.1114,8.0794,4.29,17.11,13.73,8.38,56.39,0.61,9.47
2023-01-10 18:00:00,4.03,19.88,14.9,8.42,65.06,20.2,0.52,10.09,2023,AIIMS,Hourly,0,0,18,10,1,1,-1.0,-1.8369701987210297e-16,0.49999999999999994,0.8660254037844387,21.26,21.05,27.72,26.81,20.44,22.17,11.91,23.343333333333344,25.221666666666668,23.339166666666667,21.72458333333333,3.7917586069445086,3.170939398138735,3.980060434290586,3.5479926708984952,23.693358421707146,23.37996233637257,0.21000000000000085,0.0099762470308789,80.1164,7.748,4.18,17.73,13.93,7.93,63.13,0.58,9.34
2023-01-10 19:00:00,4.42,19.46,15.0,8.73,65.18,20.36,0.55,10.25,2023,AIIMS,Hourly,0,0,19,10,1,1,-0.9659258262890684,0.2588190451025203,0.49999999999999994,0.8660254037844387,20.2,21.26,21.05,26.91,20.45,21.37,13.87,20.836666666666677,24.12,23.319166666666664,21.642500000000002,0.5612783029281261,3.6245441092642015,3.9965222571023498,3.560007633112869,22.6952560155051,22.890737361546023,-1.0600000000000023,-0.04985888993414874,86.0132,8.25,4.03,19.88,14.9,8.42,65.06,0.52,10.09
2023-01-10 20:00:00,4.63,18.57,14.5,8.66,61.47,16.6,0.58,9.14,2023,AIIMS,Hourly,0,0,20,10,1,1,-0.8660254037844386,0.5000000000000001,0.49999999999999994,0.8660254037844387,20.36,20.2,21.26,27.58,19.26,22.22,13.87,20.606666666666673,23.028333333333336,23.311666666666667,21.600416666666664,0.5714309523799758,3.602490342342161,4.002476127538359,3.5693264242969156,22.02804001107507,22.5013931520774,0.16000000000000014,0.007920792079207928,85.9791,8.41,4.42,19.46,15.0,8.73,65.18,0.55,10.25
2023-01-10 21:00:00,5.76,21.07,16.64,8.84,54.27,17.71,0.66,10.08,2023,AIIMS,Hourly,0,0,21,10,1,1,-0.7071067811865477,0.7071067811865474,0.49999999999999994,0.8660254037844387,16.6,20.36,20.2,27.72,16.12,19.64,9.91,19.053333333333338,21.198333333333334,23.090000000000003,21.366249999999997,2.126154588297365,3.616685867844845,4.309174145724575,3.708546899891037,20.477171436482195,21.593486513296263,-3.759999999999998,-0.18467583497053036,121.36319999999999,10.9824,4.63,18.57,14.5,8.66,61.47,0.58,9.14
2023-01-10 22:00:00,6.53,18.92,16.18,8.78,64.58,20.45,0.63,9.7,2023,AIIMS,Hourly,0,0,22,10,1,1,-0.5000000000000004,0.8660254037844384,0.49999999999999994,0.8660254037844387,17.71,16.6,20.36,21.05,25.77,16.03,9.15,18.22333333333334,19.53,23.2225,21.285833333333333,1.9318471299090851,1.9151187952714652,4.094471050308878,3.7680544128192697,19.68655102605871,20.996027049712225,1.1099999999999994,0.06686746987951803,123.54760000000002,10.1934,5.76,21.07,16.64,8.84,54.27,0.66,10.08
2023-01-10 23:00:00,6.8,17.33,15.85,8.85,65.41,20.66,0.63,9.26,2023,AIIMS,Hourly,0,0,23,10,1,1,-0.25881904510252157,0.9659258262890681,0.49999999999999994,0.8660254037844387,20.45,17.71,16.6,21.26,26.7,18.79,10.88,18.25333333333334,19.43,22.77916666666667,21.47,1.9816743762126932,1.8338156941203312,4.081555983007406,3.6044670353176254,19.904679304327647,20.912022888218036,2.7399999999999984,0.15471485036702418,117.84399999999998,9.9855,6.53,18.92,16.18,8.78,64.58,0.63,9.7
2023-01-11 01:00:00,16.32,67.41,49.39,9.13,122.69,54.21,1.51,21.38,2023,AIIMS,Hourly,0,0,1,11,1,2,0.25881904510252074,0.9659258262890683,0.49999999999999994,0.8660254037844387,20.66,20.45,17.71,20.2,26.81,20.06,10.88,19.606666666666673,19.330000000000002,22.275833333333335,21.547916666666666,1.645914133039119,1.7273332046834613,3.9234480622239687,3.563999925787076,20.12048521737689,20.87325013618449,0.21000000000000085,0.010268948655256765,1100.1312,74.5789,6.8,17.33,15.85,8.85,65.41,0.63,9.26
2023-01-11 02:00:00,20.42,66.06,52.24,8.89,156.98,49.72,1.4,23.36,2023,AIIMS,Hourly,0,0,2,11,1,2,0.49999999999999994,0.8660254037844387,0.49999999999999994,0.8660254037844387,54.21,20.66,20.45,20.36,26.91,24.14,8.52,31.77333333333334,24.998333333333335,24.55916666666667,22.97083333333333,19.43100700770131,14.408302352000684,10.027221547851441,7.541633381301891,29.860346583840634,26.0019808844638,33.55,1.6239109390125845,1348.9452,73.136,16.32,67.41,49.39,9.13,122.69,1.51,21.38
2023-01-11 03:00:00,25.64,64.89,54.08,8.95,196.43,54.96,1.32,24.3,2023,AIIMS,Hourly,0,0,3,11,1,2,0.7071067811865476,0.7071067811865476,0.49999999999999994,0.8660254037844387,49.72,54.21,20.66,16.6,27.58,19.92,31.49,41.53000000000001,29.891666666666666,26.459999999999997,24.036666666666665,18.212844368741628,17.227735099735778,12.395673732102123,9.313478622832992,35.53453327417188,29.6509069022386,-4.490000000000002,-0.08282604685482386,1663.7796,71.3856,20.42,66.06,52.24,8.89,156.98,1.4,23.36
2023-01-11 04:00:00,26.17,62.31,54.89,8.75,196.43,60.15,1.24,24.8,2023,AIIMS,Hourly,0,0,4,11,1,2,0.8660254037844386,0.5000000000000001,0.49999999999999994,0.8660254037844387,54.96,49.72,54.21,17.71,27.72,17.56,33.98,52.96333333333334,36.285,28.741666666666664,25.496666666666666,2.8337313445943457,18.38738127086076,14.889604569713175,11.196248465898801,41.084666624408484,33.54461353266343,5.240000000000002,0.10539018503620277,1630.6527,68.0636,25.64,64.89,54.08,8.95,196.43,1.32,24.3
2023-01-11 05:00:00,25.78,61.41,53.96,8.6,169.83,60.78,1.15,24.27,2023,AIIMS,Hourly,0,0,5,11,1,2,0.9659258262890683,0.25881904510252074,0.49999999999999994,0.8660254037844387,60.15,54.96,49.72,20.45,21.05,19.11,28.66,54.943333333333335,43.35833333333334,31.44416666666667,27.27125,5.215019974394761,17.97105608100613,17.41603517051471,13.097412393791378,46.531904731720346,37.637749912253675,5.189999999999998,0.0944323144104803,1583.1498,62.053999999999995,26.17,62.31,54.89,8.75,196.43,1.24,24.8
2023-01-11 06:00:00,24.67,61.4,52.71,8.95,156.77,61.62,1.14,23.49,2023,AIIMS,Hourly,0,0,6,11,1,2,1.0,6.123233995736766e-17,0.49999999999999994,0.8660254037844387,60.78,60.15,54.96,20.66,21.26,20.31,29.7,58.63,50.080000000000005,34.755,29.007499999999997,3.1938847818922236,14.982871553877793,18.967709642729886,14.63965972816713,50.60278909408596,41.19809607959927,0.6300000000000026,0.010473815461346677,1514.738,60.0894,25.78,61.41,53.96,8.6,169.83,1.15,24.27
2023-01-11 07:00:00,24.68,61.87,53.47,8.93,169.56,81.74,1.16,24.37,2023,AIIMS,Hourly,0,0,7,11,1,2,0.9659258262890683,-0.25881904510252063,0.49999999999999994,0.8660254037844387,61.62,60.78,60.15,54.21,20.2,20.44,30.16,60.85,56.90666666666667,38.11833333333333,30.72875,0.737495762701446,4.699939006696435,19.912041050276034,15.943071907503368,53.75056363863283,44.339927451968606,0.8399999999999963,0.013820335636722546,1526.9515999999999,62.02519999999999,24.67,61.4,52.71,8.95,156.77,1.14,23.49
2023-01-11 08:00:00,27.29,62.95,55.93,9.39,169.56,107.33,1.23,25.88,2023,AIIMS,Hourly,0,0,8,11,1,2,0.8660254037844387,-0.4999999999999998,0.49999999999999994,0.8660254037844387,81.74,61.62,60.78,49.72,20.36,20.45,22.89,68.04666666666667,61.495,43.24666666666667,33.282916666666665,11.86620972903039,10.895437118353707,22.61851346828855,18.865535975554067,61.74754545616631,50.09378476705036,20.119999999999997,0.326517364492048,1717.9055,68.7939,24.68,61.87,53.47,8.93,169.56,1.16,24.37
2023-01-11 09:00:00,26.33,66.52,55.94,9.18,158.18,107.33,1.25,26.15,2023,AIIMS,Hourly,0,0,9,11,1,2,0.7071067811865476,-0.7071067811865475,0.49999999999999994,0.8660254037844387,107.33,81.74,61.62,54.96,16.6,19.26,22.55,83.56333333333333,71.09666666666668,50.49416666666667,36.90291666666666,22.909483480282457,20.01298245306446,27.928687909268714,23.947111558447947,74.77110389726165,58.899356341350305,25.590000000000003,0.31306581844874,1751.4715999999999,69.925,27.29,62.95,55.93,9.39,169.56,1.23,25.88
2023-01-11 10:00:00,23.91,65.11,53.93,9.32,158.18,85.2,1.24,24.82,2023,AIIMS,Hourly,0,0,10,11,1,2,0.49999999999999994,-0.8660254037844387,0.49999999999999994,0.8660254037844387,107.33,107.33,81.74,60.15,17.71,16.12,21.55,98.8,79.825,58.055,40.5725,14.774393388562547,22.794547374317368,30.114373946370154,27.59583841498723,84.07364564090118,66.35022459652718,0.0,0.0,1556.7801,66.8732,26.33,66.52,55.94,9.18,158.18,1.25,26.15
2023-01-11 11:00:00,19.48,63.14,49.97,9.25,88.08,66.76,1.2,22.42,2023,AIIMS,Hourly,0,0,11,11,1,2,0.258819045102521,-0.9659258262890682,0.49999999999999994,0.8660254037844387,85.2,107.33,107.33,60.78,20.45,25.77,20.15,99.95333333333333,84.0,63.67916666666667,43.45083333333333,12.776761457166439,20.66474388904926,28.131489460077006,28.52157885084425,84.39546117207226,69.25019004321531,-22.129999999999995,-0.20618652753191088,1229.9672,59.964,23.91,65.11,53.93,9.32,158.18,1.24,24.82
2023-01-11 12:00:00,6.05,59.94,37.51,9.2,85.7,44.52,1.07,15.71,2023,AIIMS,Hourly,0,0,12,11,1,2,1.2246467991473532e-16,-1.0,0.49999999999999994,0.8660254037844387,66.76,85.2,107.33,61.62,20.66,26.7,20.85,86.43000000000002,84.99666666666666,67.53833333333334,45.15875,20.312949071959018,19.42805874673703,24.619283585076634,28.64380080325445,79.35675798005161,68.86708388272065,-18.439999999999998,-0.21643192488262908,362.637,40.1357,19.48,63.14,49.97,9.25,88.08,1.2,22.42
2023-01-11 13:00:00,6.43,40.31,27.57,12.3,72.7,44.52,0.94,6.7,2023,AIIMS,Hourly,0,0,13,11,1,2,-0.2588190451025208,-0.9659258262890683,0.49999999999999994,0.8660254037844387,44.52,66.76,85.2,81.74,54.21,26.81,19.86,65.49333333333335,82.14666666666668,69.52666666666666,45.90125,20.369558987207714,24.209107101805,21.217540485231172,28.374207257648603,69.40339855717973,65.1213786699944,-22.240000000000002,-0.3331336129418814,259.1933,25.915799999999997,6.05,59.94,37.51,9.2,85.7,1.07,15.71
2023-01-11 14:00:00,5.28,42.48,27.78,10.93,73.65,39.8,0.9,6.66,2023,AIIMS,Hourly,0,0,14,11,1,2,-0.4999999999999997,-0.8660254037844388,0.49999999999999994,0.8660254037844387,44.52,44.52,66.76,107.33,49.72,26.91,16.5,51.933333333333344,75.94333333333334,68.71916666666667,46.63916666666666,12.840269986777331,28.688384176643087,22.02257662174446,28.0849357604155,62.293856112271236,61.95193579768757,0.0,0.0,224.2944,25.002000000000002,6.43,40.31,27.57,12.3,72.7,0.94,6.7
2023-01-11 15:00:00,5.87,42.12,27.72,9.82,73.65,40.12,0.83,6.71,2023,AIIMS,Hourly,0,0,15,11,1,2,-0.7071067811865471,-0.7071067811865479,0.49999999999999994,0.8660254037844387,39.8,44.52,44.52,107.33,54.96,27.58,17.89,42.94666666666668,64.68833333333335,67.8925,47.17625,2.7250932705752864,27.11562089767937,22.96654092963777,27.81317670402941,55.867040080193746,58.5439456749664,-4.720000000000006,-0.10601976639712501,247.24439999999998,23.007599999999996,5.28,42.48,27.78,10.93,73.65,0.9,6.66
2023-01-11 16:00:00,5.97,39.93,26.74,9.71,58.72,40.12,0.79,5.97,2023,AIIMS,Hourly,0,0,16,11,1,2,-0.8660254037844385,-0.5000000000000004,0.49999999999999994,0.8660254037844387,40.12,39.8,44.52,85.2,60.15,27.72,21.03,41.48000000000001,53.48666666666667,66.65583333333333,47.69875,2.637574643493785,18.486274548071254,24.097891442400034,27.545535314472808,51.36788577156696,55.70949249420234,0.3200000000000003,0.008040201005025133,238.38209999999998,21.1246,5.87,42.12,27.72,9.82,73.65,0.83,6.71
2023-01-11 17:00:00,6.88,43.27,28.91,9.97,55.34,33.33,0.84,7.44,2023,AIIMS,Hourly,0,0,17,11,1,2,-0.9659258262890683,-0.25881904510252063,0.49999999999999994,0.8660254037844387,40.12,40.12,39.8,66.76,60.78,21.05,20.76,40.01333333333334,45.973333333333336,64.98666666666666,48.21541666666666,0.18475208614430086,10.420584756464843,25.255392343502447,27.269412866428006,48.154204122547824,53.31110903355582,0.0,0.0,297.6976,24.284399999999998,5.97,39.93,26.74,9.71,58.72,0.79,5.97
2023-01-11 18:00:00,12.34,50.26,36.68,9.95,79.3,27.73,1.07,12.78,2023,AIIMS,Hourly,0,0,18,11,1,2,-1.0,-1.8369701987210297e-16,0.49999999999999994,0.8660254037844387,33.33,40.12,40.12,44.52,61.62,21.26,22.81,37.856666666666676,40.40166666666667,62.69916666666666,48.72708333333333,3.920208327797726,4.1097562782563815,26.86301934506494,26.849510315211816,43.9187172303913,50.237092259162615,-6.789999999999999,-0.16924227318045862,620.2084,39.2476,6.88,43.27,28.91,9.97,55.34,0.84,7.44
2023-01-11 19:00:00,17.08,51.94,41.62,10.42,109.73,28.54,1.3,15.46,2023,AIIMS,Hourly,0,0,19,11,1,2,-0.9659258262890684,0.2588190451025203,0.49999999999999994,0.8660254037844387,27.73,33.33,40.12,44.52,81.74,20.2,22.17,33.726666666666674,37.60333333333333,59.875,48.99666666666667,6.204517171652809,6.017922122017525,28.705094416401863,26.592991339933842,39.2933694502795,46.774462680829906,-5.599999999999998,-0.16801680168016797,887.1351999999998,54.106,12.34,50.26,36.68,9.95,79.3,1.07,12.78
2023-01-11 20:00:00,21.6,53.11,46.43,11.32,123.58,32.06,1.62,19.78,2023,AIIMS,Hourly,0,0,20,11,1,2,-0.8660254037844386,0.5000000000000001,0.49999999999999994,0.8660254037844387,28.54,27.73,33.33,39.8,107.33,20.36,21.37,29.866666666666674,34.94,55.44166666666666,49.344166666666666,3.0265546969011683,5.8791257853529055,29.126304210622006,26.252647388930804,36.22097817877107,43.969160729932995,0.8099999999999987,0.02921024161557875,1147.1760000000002,75.2166,17.08,51.94,41.62,10.42,109.73,1.3,15.46
2023-01-11 21:00:00,30.65,67.34,58.27,10.88,183.12,59.04,1.71,27.44,2023,AIIMS,Hourly,0,0,21,11,1,2,-0.7071067811865477,0.7071067811865474,0.49999999999999994,0.8660254037844387,32.06,28.54,27.73,40.12,107.33,16.6,22.22,29.443333333333342,33.65,49.16916666666666,49.83166666666667,2.3020063712628005,5.431589086077987,24.705409219378865,25.7956780449187,35.03212727055076,42.136982156097154,3.520000000000003,0.12333566923615989,2063.971,99.6417,21.6,53.11,46.43,11.32,123.58,1.62,19.78
2023-01-11 22:00:00,37.74,60.58,62.44,11.76,183.12,83.02,1.87,30.41,2023,AIIMS,Hourly,0,0,22,11,1,2,-0.5000000000000004,0.8660254037844384,0.49999999999999994,0.8660254037844387,59.04,32.06,28.54,40.12,85.2,17.71,19.64,39.88,36.803333333333335,45.145,51.599999999999994,16.686125973394823,11.752794844915314,17.147365289269285,24.85610134178413,41.891519478964824,44.737446439774516,26.979999999999997,0.8415470991890204,2286.2892,116.7628,30.65,67.34,58.27,10.88,183.12,1.71,27.44
2023-01-11 23:00:00,43.37,58.57,66.02,11.68,157.3,67.16666666666666,1.94,33.02,2023,AIIMS,Hourly,1,24,23,11,1,2,-0.25881904510252157,0.9659258262890681,0.49999999999999994,0.8660254037844387,83.02,59.04,32.06,33.33,66.76,20.45,16.03,58.04000000000001,43.95333333333334,44.96333333333333,54.32125,25.494713177441344,22.40038362766735,16.689871906111946,24.557786565125536,53.6425139135463,50.627070064424586,23.979999999999997,0.4061653116531165,2540.1809,128.0788,37.74,60.58,62.44,11.76,183.12,1.87,30.41
2023-01-12 01:00:00,27.71,36.45,41.37,6.57,105.66,35.46,1.25,33.00977130977131,2023,AIIMS,Hourly,1,24,1,12,1,3,0.25881904510252074,0.9659258262890683,0.49999999999999994,0.8660254037844387,67.16666666666666,83.02,59.04,27.73,44.52,20.66,18.79,69.74222222222222,49.592777777777776,44.99722222222223,56.26777777777778,12.195704769090476,23.426777690560932,16.738495692479017,23.5886488231337,57.50655755729497,53.17162338784644,-15.853333333333339,-0.19095800208785038,1010.0295000000001,51.7125,43.37,58.57,66.02,11.68,157.3,1.94,33.02
2023-01-12 02:00:00,23.64,35.27,38.45,6.86,105.66,35.19,1.09,33.00465696465697,2023,AIIMS,Hourly,1,24,2,12,1,3,0.49999999999999994,0.8660254037844387,0.49999999999999994,0.8660254037844387,35.46,67.16666666666666,83.02,28.54,44.52,54.21,20.06,61.88222222222223,50.8811111111111,44.24222222222222,56.88444444444445,24.216366672455557,22.16242362064089,16.964776839046657,22.797485785323893,51.20754111235355,50.44675825125468,-31.706666666666656,-0.4720595533498758,833.7828000000001,41.910500000000006,27.71,36.45,41.37,6.57,105.66,1.25,33.00977130977131
2023-01-12 03:00:00,20.5,35.07,36.04,6.36,83.33,33.41,0.95,32.99954261954262,2023,AIIMS,Hourly,1,24,3,12,1,3,0.7071067811865476,0.7071067811865476,0.49999999999999994,0.8660254037844387,35.19,35.46,67.16666666666666,32.06,39.8,49.72,24.14,45.9388888888889,51.98944444444444,43.464722222222214,56.09194444444444,18.384290495883672,20.955096798913917,17.16352283412242,23.221154292643796,46.63110079453825,48.09956467413857,-0.2700000000000031,-0.007614213197969631,718.9350000000001,34.238,23.64,35.27,38.45,6.86,105.66,1.09,33.00465696465697
2023-01-12 04:00:00,19.47,34.21,34.84,6.16,76.22,33.41,0.86,,2023,AIIMS,Hourly,1,24,4,12,1,3,0.8660254037844386,0.5000000000000001,0.49999999999999994,0.8660254037844387,33.41,35.19,35.46,59.04,40.12,54.96,19.92,34.686666666666675,52.214444444444446,42.932222222222215,55.4123611111111,1.113837211326395,20.704055927567726,17.385250414835347,23.650435309271476,42.853643424670175,45.83963164734802,-1.7800000000000011,-0.05058255186132427,666.0686999999999,29.962400000000002,20.5,35.07,36.04,6.36,83.33,0.95,32.99954261954262
2023-01-12 05:00:00,17.67,34.4,33.07,6.29,74.66,32.81,0.77,,2023,AIIMS,Hourly,1,24,5,12,1,3,0.9659258262890683,0.25881904510252074,0.49999999999999994,0.8660254037844387,33.41,33.41,35.19,83.02,40.12,60.15,17.56,34.00333333333334,47.94277777777777,42.37305555555555,54.51444444444445,1.0276834791585197,21.6371244152952,17.590618278814905,24.073655307642316,40.155459589050125,43.927380624679095,0.0,0.0,607.8480000000001,25.463900000000002,19.47,34.21,34.84,6.16,76.22,0.86,
2023-01-12 06:00:00,16.49,33.29,31.97,4.95,110.61,41.29,0.81,,2023,AIIMS,Hourly,1,24,6,12,1,3,1.0,6.123233995736766e-17,0.49999999999999994,0.8660254037844387,32.81,33.41,33.41,67.16666666666666,33.33,60.78,19.11,33.21000000000001,39.574444444444445,41.763888888888886,53.375277777777775,0.34641016151669546,13.559064809879757,17.801049840413235,24.439471675240743,38.056756849321516,42.217014374728464,-0.5999999999999943,-0.01795869500149639,548.9521,25.8957,17.67,34.4,33.07,6.29,74.66,0.77,
2023-01-12 07:00:00,14.38,31.83,29.04,5.47,110.61,44.44,0.78,,2023,AIIMS,Hourly,1,24,7,12,1,3,0.9659258262890683,-0.25881904510252063,0.49999999999999994,0.8660254037844387,41.29,32.81,33.41,35.46,27.73,61.62,20.31,35.83666666666667,35.26166666666666,42.42722222222222,52.56319444444444,4.7322440061069715,3.138575579250562,17.605435847500967,24.506445794670363,38.980540606658224,42.07439677861639,8.479999999999997,0.2584577872599816,457.7154,22.6512,16.49,33.29,31.97,4.95,110.61,0.81,
2023-01-12 08:00:00,13.76,32.95,29.25,5.2,110.02,46.71,0.83,,2023,AIIMS,Hourly,1,24,8,12,1,3,0.8660254037844387,-0.4999999999999998,0.49999999999999994,0.8660254037844387,44.44,41.29,32.81,35.19,28.54,81.74,20.44,39.51333333333334,36.75833333333333,43.81972222222222,51.847361111111105,6.015117067300966,4.899299609808316,16.987266202869097,24.48129535384295,40.54038614761301,42.43833573575233,3.1499999999999986,0.0762896585129571,453.39200000000005,24.2775,14.38,31.83,29.04,5.47,110.61,0.78,
2023-01-12 09:00:00,15.0,37.45,32.95,5.44,130.08,48.31,0.89,,2023,AIIMS,Hourly,1,24,9,12,1,3,0.7071067811865476,-0.7071067811865475,0.49999999999999994,0.8660254037844387,46.71,44.44,41.29,33.41,32.06,107.33,20.45,44.146666666666675,38.678333333333335,45.333888888888886,50.38777777777778,2.7218804774154672,6.236558078513165,16.29726895589798,23.651795892771016,42.303132962580726,43.09551485332889,2.270000000000003,0.05108010801080115,561.75,29.3255,13.76,32.95,29.25,5.2,110.02,0.83,
2023-01-12 10:00:00,14.59,36.84,32.3,6.24,130.08,48.31,0.9,,2023,AIIMS,Hourly,1,24,10,12,1,3,0.49999999999999994,-0.8660254037844387,0.49999999999999994,0.8660254037844387,48.31,46.71,44.44,33.41,59.04,107.33,19.26,46.48666666666668,41.16166666666667,46.68805555555556,47.92861111111111,1.944642212165391,6.670611416254712,15.760326001495057,20.30541992130064,44.01938068755766,43.897743337432146,1.6000000000000014,0.034253907086277055,537.4956000000001,29.069999999999997,15.0,37.45,32.95,5.44,130.08,0.89,
2023-01-12 11:00:00,11.21,41.65,29.56,5.8,82.05,40.25,0.88,,2023,AIIMS,Hourly,1,24,11,12,1,3,0.258819045102521,-0.9659258262890682,0.49999999999999994,0.8660254037844387,48.31,48.31,46.71,32.81,83.02,85.2,16.12,47.77666666666668,43.645,45.79388888888889,45.46944444444444,0.9237604307045891,5.941278481943164,15.293291447548624,15.893138028498743,45.24527191968404,44.57655205475028,0.0,0.0,466.8965,26.0128,14.59,36.84,32.3,6.24,130.08,0.9,
2023-01-12 12:00:00,4.66,43.46,27.8,9.27,68.1,35.64,0.79,,2023,AIIMS,Hourly,1,24,12,12,1,3,1.2246467991473532e-16,-1.0,0.49999999999999994,0.8660254037844387,40.25,48.31,48.31,41.29,67.16666666666666,66.76,25.77,45.62333333333334,44.885,42.22972222222222,43.59652777777777,4.653443169668616,3.5042017635976377,9.840751742896503,13.47162910716908,43.81805137120289,43.91092866171178,-8.060000000000002,-0.16683916373421656,202.52360000000002,21.962000000000003,11.21,41.65,29.56,5.8,82.05,0.88,
2023-01-12 13:00:00,4.44,29.72,20.25,9.21,52.22,29.92,0.76,,2023,AIIMS,Hourly,1,24,13,12,1,3,-0.2588190451025208,-0.9659258262890683,0.49999999999999994,0.8660254037844387,35.64,40.25,48.31,44.44,35.46,44.52,26.7,41.400000000000006,43.943333333333335,39.6025,42.29986111111111,6.412807497500767,5.0719371710094645,6.060228206024235,12.615652476962204,41.48146526514493,42.6384780983715,-4.609999999999999,-0.11453416149068321,131.95680000000002,15.39,4.66,43.46,27.8,9.27,68.1,0.79,
2023-01-12 14:00:00,4.41,29.52,20.06,7.39,51.43,27.61,0.72,,2023,AIIMS,Hourly,1,24,14,12,1,3,-0.4999999999999997,-0.8660254037844388,0.49999999999999994,0.8660254037844387,29.92,35.64,40.25,46.71,35.19,44.52,26.81,35.27000000000001,41.52333333333333,39.14083333333333,41.69152777777778,5.174929951216909,7.614348735556285,6.592164023683902,12.85370541809007,38.17818947510352,40.681789160160506,-5.719999999999999,-0.1604938271604938,130.1832,14.4432,4.44,29.72,20.25,9.21,52.22,0.76,
2023-01-12 15:00:00,5.33,29.04,20.8,7.35,51.43,24.83,0.68,,2023,AIIMS,Hourly,1,24,15,12,1,3,-0.7071067811865471,-0.7071067811865479,0.49999999999999994,0.8660254037844387,27.61,29.92,35.64,48.31,33.41,39.8,26.91,31.056666666666672,38.339999999999996,38.509166666666665,40.98694444444444,4.133912593818967,8.896844384387146,7.327320554960889,13.151926216509374,35.158706767931086,38.67074467398197,-2.3100000000000023,-0.07720588235294125,154.7832,14.144000000000002,4.41,29.52,20.06,7.39,51.43,0.72,
2023-01-12 16:00:00,5.03,28.23,20.13,8.01,52.23,23.79,0.62,,2023,AIIMS,Hourly,1,24,16,12,1,3,-0.8660254037844385,-0.5000000000000004,0.49999999999999994,0.8660254037844387,24.83,27.61,29.92,48.31,33.41,40.12,27.58,27.453333333333344,34.42666666666667,37.79416666666666,40.36319444444444,2.54861400242072,8.797764867662007,8.232801862983973,13.559343373979877,32.20764769137934,36.54139933952321,-2.780000000000001,-0.10068815646504894,141.9969,12.480599999999999,5.33,29.04,20.8,7.35,51.43,0.68,
2023-01-12 17:00:00,7.61,34.01,25.22,8.06,52.23,17.28,0.71,,2023,AIIMS,Hourly,1,24,17,12,1,3,-0.9659258262890683,-0.25881904510252063,0.49999999999999994,0.8660254037844387,23.79,24.83,27.61,40.25,32.81,40.12,27.72,25.410000000000007,30.34,36.9925,39.68277777777778,1.9749430371536187,6.43723543145669,9.119175725310473,13.97541888500197,29.802605493842385,34.57964559498117,-1.0399999999999991,-0.04188481675392667,258.8161,17.9062,5.03,28.23,20.13,8.01,52.23,0.62,
2023-01-12 18:00:00,11.28,35.92,29.17,4.88,73.28,21.11,0.81,,2023,AIIMS,Hourly,1,24,18,12,1,3,-1.0,-1.8369701987210297e-16,0.49999999999999994,0.8660254037844387,17.28,23.79,24.83,35.64,41.29,33.33,21.05,21.96666666666668,26.511666666666667,35.69833333333333,38.73111111111111,4.091947376657572,6.1904552875106225,10.726958251682268,14.703062209120901,26.224718209887417,31.918161657291762,-6.509999999999998,-0.2736443883984867,405.1776,23.627700000000004,7.61,34.01,25.22,8.06,52.23,0.71,
2023-01-12 19:00:00,14.86,37.79,32.99,5.1,98.37,29.47,0.98,,2023,AIIMS,Hourly,1,24,19,12,1,3,-0.9659258262890684,0.2588190451025203,0.49999999999999994,0.8660254037844387,21.11,17.28,23.79,29.92,44.44,27.73,21.26,20.726666666666677,24.090000000000003,34.016666666666666,38.221944444444446,3.2718852873129225,4.522685043201843,11.335225332269948,15.104347805343865,24.763370149919584,30.25536755616995,3.8299999999999983,0.2216435185185184,561.5594,32.3302,11.28,35.92,29.17,4.88,73.28,0.81,
2023-01-12 20:00:00,21.33,41.15,38.96,5.16,132.2,41.25,1.08,,2023,AIIMS,Hourly,1,24,20,12,1,3,-0.8660254037844386,0.5000000000000001,0.49999999999999994,0.8660254037844387,29.47,21.11,17.28,27.61,46.71,28.54,20.2,22.620000000000008,24.014999999999997,32.76916666666667,38.294444444444444,6.233706762432884,4.4089715354038805,10.899173828851259,15.055895716070893,26.10812153565685,30.134541778297653,8.36,0.39602084320227376,877.7294999999999,42.076800000000006,14.86,37.79,32.99,5.1,98.37,0.98,
2023-01-12 21:00:00,22.39,37.45,38.63,4.8,149.29,43.29,1.13,,2023,AIIMS,Hourly,1,24,21,12,1,3,-0.7071067811865477,0.7071067811865474,0.49999999999999994,0.8660254037844387,41.25,29.47,21.11,24.83,48.31,32.06,20.36,30.61000000000001,26.288333333333338,32.31416666666667,38.82402777777778,10.118280486327782,8.370281755512668,10.365174610057023,14.920798180303779,30.43437252546918,31.84461227394417,11.780000000000001,0.39972853749575843,838.5055000000001,43.6519,21.33,41.15,38.96,5.16,132.2,1.08,
2023-01-12 22:00:00,20.68,34.45,35.93,4.74,149.29,43.29,1.1,,2023,AIIMS,Hourly,1,24,22,12,1,3,-0.5000000000000004,0.8660254037844384,0.49999999999999994,0.8660254037844387,43.29,41.25,29.47,23.79,48.31,59.04,16.6,38.00333333333334,29.365,31.895833333333332,39.29194444444445,7.460142983437717,10.77443966060423,9.743564270685075,14.87547318020308,34.1074089467637,33.605441154875834,2.039999999999999,0.04945454545454543,712.426,39.523,22.39,37.45,38.63,4.8,149.29,1.13,
2023-01-12 23:00:00,19.16,33.4,34.16,5.0,110.32,40.33,1.06,,2023,AIIMS,Hourly,1,24,23,12,1,3,-0.25881904510252157,0.9659258262890681,0.49999999999999994,0.8660254037844387,43.29,43.29,41.25,17.28,40.25,83.02,17.71,42.61000000000001,32.615,31.477500000000003,38.63569444444445,1.177794549147557,11.660984092262593,9.058444703951478,14.30277559898571,36.7310063905455,35.09537328489493,0.0,0.0,639.944,36.209599999999995,20.68,34.45,35.93,4.74,149.29,1.1,
2023-06-01 06:00:00,10.01,73.96,48.02,6.66,52.3,33.09,0.85,15.8,2023,AIIMS,Hourly,0,0,6,1,6,3,1.0,6.123233995736766e-17,1.2246467991473532e-16,-1.0,40.33,43.29,43.29,21.11,35.64,67.16666666666666,20.45,42.30333333333334,36.45666666666667,31.484166666666667,36.856944444444444,1.7089567968017907,9.118128462939511,9.065514535197652,10.758344022341761,37.759290278961075,35.90070047183418,-2.960000000000001,-0.0683760683760684,740.3395999999999,40.817,19.16,33.4,34.16,5.0,110.32,1.06,
2024-01-01 01:00:00,43.9,58.68,67.02,5.73,149.73,93.91,1.7,15.51,2024,AIIMS,Hourly,0,0,1,1,1,0,0.25881904510252074,0.9659258262890683,0.49999999999999994,0.8660254037844387,33.09,40.33,43.29,29.47,29.92,35.46,20.66,38.90333333333334,38.453333333333326,31.271666666666665,35.437083333333334,5.247526401394759,5.789568780718261,8.98880600154072,8.620480405843585,36.42520734211506,35.46828501462892,-7.239999999999995,-0.17951896850979407,2576.0519999999997,113.93399999999998,10.01,73.96,48.02,6.66,52.3,0.85,15.8
2024-01-01 02:00:00,48.23,58.47,69.95,5.83,197.09,101.405,1.69,15.44,2024,AIIMS,Hourly,1,1,2,1,1,0,0.49999999999999994,0.8660254037844387,0.49999999999999994,0.8660254037844387,93.91,33.09,40.33,41.25,27.61,35.19,54.21,55.77666666666668,49.193333333333335,36.604166666666664,37.8725,33.222247565950966,22.227242444052,20.15686684632825,14.723425655854538,52.849433815796466,44.45931808930139,60.81999999999999,1.8380175279540643,2820.0080999999996,118.2155,43.9,58.68,67.02,5.73,149.73,1.7,15.51
2024-01-01 03:00:00,49.44,56.39,70.46,6.06,244.45,108.9,1.66,15.98,2024,AIIMS,Hourly,0,0,3,1,1,0,0.7071067811865476,0.7071067811865476,0.49999999999999994,0.8660254037844387,101.405,93.91,33.09,43.29,24.83,33.41,49.72,76.135,59.219166666666666,42.75375,40.631458333333335,37.46595487906322,30.10019641408783,27.192473150170212,19.596385396467426,66.7224527255689,53.220192229408866,7.4950000000000045,0.07981045682035998,2787.9216,116.96359999999999,48.23,58.47,69.95,5.83,197.09,1.69,15.44
2024-01-01 04:00:00,43.98,53.28,64.46,7.04,198.56,104.41,1.54,15.86,2024,AIIMS,Hourly,0,0,4,1,1,0,0.8660254037844386,0.5000000000000001,0.49999999999999994,0.8660254037844387,108.9,101.405,93.91,43.29,23.79,33.41,54.96,101.40500000000002,70.15416666666667,49.75958333333333,43.776875,7.495000000000072,34.719189566674295,32.472116322269024,23.959583895843323,78.7731805182635,61.786316501807505,7.4950000000000045,0.07391154282333223,2343.2544,99.2684,49.44,56.39,70.46,6.06,244.45,1.66,15.98
2024-01-01 05:00:00,35.59,50.89,56.48,6.0,187.89,98.93,1.42,16.19,2024,AIIMS,Hourly,0,0,5,1,1,0,0.9659258262890683,0.25881904510252074,0.49999999999999994,0.8660254037844387,104.41,108.9,101.405,40.33,17.28,32.81,60.15,104.90500000000002,80.34083333333332,56.477916666666665,46.73520833333333,3.771939156455341,34.223618221436844,34.862637558536484,26.83466307494866,86.09798608447392,68.3438062707602,-4.490000000000009,-0.04123048668503222,1811.1751000000002,80.20159999999998,43.98,53.28,64.46,7.04,198.56,1.54,15.86
2024-01-01 06:00:00,29.01,49.68,50.57,4.94,164.74,93.6,1.27,15.07,2024,AIIMS,Hourly,0,0,6,1,1,0,1.0,6.123233995736766e-17,0.49999999999999994,0.8660254037844387,98.93,104.41,108.9,33.09,21.11,41.29,60.78,104.08,90.1075,63.28208333333333,49.490208333333335,4.993185356062899,28.38536202869354,34.482645138093694,28.67395767709356,89.76427577462422,73.04937453679709,-5.47999999999999,-0.052485394119337135,1441.2168000000001,64.2239,35.59,50.89,56.48,6.0,187.89,1.42,16.19
2024-01-01 07:00:00,22.28,48.9,44.76,4.84,135.95,88.83,1.18,15.29,2024,AIIMS,Hourly,0,0,7,1,1,0,0.9659258262890683,-0.25881904510252063,0.49999999999999994,0.8660254037844387,93.6,98.93,104.41,93.91,29.47,44.44,61.62,98.98000000000002,100.1925,69.32291666666667,51.66979166666666,5.40517344772588,5.993376135367797,32.72804249752338,29.981821176200523,90.86019698187445,76.2110092234437,-5.3300000000000125,-0.05387647831800275,1089.492,52.81679999999999,29.01,49.68,50.57,4.94,164.74,1.27,15.07
2024-01-01 08:00:00,17.82,48.04,40.74,4.44,124.7,81.96,1.07,15.41,2024,AIIMS,Hourly,0,0,8,1,1,0,0.8660254037844387,-0.4999999999999998,0.49999999999999994,0.8660254037844387,88.83,93.6,98.93,101.405,41.25,46.71,81.74,93.78666666666668,99.34583333333335,74.26958333333333,53.519375000000004,5.052586796219745,7.279262611464361,30.57183734169356,30.87240854509087,90.2801407013389,78.15239241983697,-4.769999999999996,-0.05096153846153842,856.0728,43.591800000000006,22.28,48.9,44.76,4.84,135.95,1.18,15.29
2024-01-01 09:00:00,16.65,48.12,39.84,3.78,130.86,77.08,1.02,15.79,2024,AIIMS,Hourly,0,0,9,1,1,0,0.7071067811865476,-0.7071067811865475,0.49999999999999994,0.8660254037844387,81.96,88.83,93.6,108.9,43.29,48.31,107.33,88.13,96.105,77.66208333333334,54.988125000000004,5.851486990500848,9.999473486138982,28.780913140035032,31.36888318383501,87.9029576438135,78.7381782014005,-6.8700000000000045,-0.07733873691320504,801.1979999999999,40.6368,17.82,48.04,40.74,4.44,124.7,1.07,15.41
2024-01-01 10:00:00,15.29,49.32,39.04,4.08,123.19,70.76,0.97,14.7,2024,AIIMS,Hourly,0,0,10,1,1,0,0.49999999999999994,-0.8660254037844387,0.49999999999999994,0.8660254037844387,77.08,81.96,88.83,104.41,43.29,48.31,107.33,82.62333333333333,90.80166666666666,80.47791666666666,56.18687500000001,5.903019001607061,10.290130060726312,26.68929351719465,31.65103383889146,84.81068403129535,78.4830738627235,-4.8799999999999955,-0.059541239629087306,754.1028,37.8688,16.65,48.12,39.84,3.78,130.86,1.02,15.79
2024-01-01 11:00:00,12.96,50.46,37.65,4.59,99.96,62.8,0.95,15.96,2024,AIIMS,Hourly,0,0,11,1,1,0,0.258819045102521,-0.9659258262890682,0.49999999999999994,0.8660254037844387,70.76,77.08,81.96,98.93,40.33,40.25,85.2,76.60000000000001,85.19333333333334,82.76708333333333,57.12229166666666,5.615407376139399,10.556468475141838,24.278901470799422,31.73973877249173,80.79620287949668,77.29490865307373,-6.319999999999993,-0.08199273482096514,653.9616000000001,35.7675,15.29,49.32,39.04,4.08,123.19,0.97,14.7
2024-01-01 12:00:00,8.95,50.87,35.1,4.87,89.01,58.05,0.92,16.06,2024,AIIMS,Hourly,0,0,12,1,1,0,1.2246467991473532e-16,-1.0,0.49999999999999994,0.8660254037844387,62.8,70.76,77.08,93.6,33.09,35.64,66.76,70.21333333333335,79.17166666666667,84.63958333333333,58.06187499999999,7.1556783978414185,11.422763967913527,21.404797514314083,31.551771080052607,75.65443062821191,75.06492270644699,-7.960000000000008,-0.11249293386093849,455.28649999999993,32.292,12.96,50.46,37.65,4.59,99.96,0.95,15.96
2024-01-01 13:00:00,4.98,49.85,31.39,4.72,81.2,54.09,0.89,14.77,2024,AIIMS,Hourly,0,0,13,1,1,0,-0.2588190451025208,-0.9659258262890683,0.49999999999999994,0.8660254037844387,58.05,62.8,70.76,88.83,93.91,29.92,44.52,63.87000000000001,73.24666666666666,86.71958333333333,58.995625,6.4222036716380355,11.659433376741077,16.617484009638897,31.18887919534713,70.62459330586566,72.44724229007053,-4.75,-0.07563694267515923,248.25300000000001,27.9371,8.95,50.87,35.1,4.87,89.01,0.92,16.06
2024-01-01 14:00:00,3.99,45.62,28.38,5.03,75.96,54.18,0.86,15.47,2024,AIIMS,Hourly,0,0,14,1,1,0,-0.4999999999999997,-0.8660254037844388,0.49999999999999994,0.8660254037844387,54.09,58.05,62.8,81.96,101.405,27.61,44.52,58.31333333333334,67.45666666666666,83.40124999999999,60.00270833333334,4.360967018143373,10.979115932836493,18.87374344101538,30.593757710099556,65.90042378990404,69.62305116852122,-3.9599999999999937,-0.0682170542635658,182.0238,24.4068,4.98,49.85,31.39,4.72,81.2,0.89,14.77
2024-01-01 15:00:00,4.02,45.34,28.23,5.49,90.3,52.77,0.84,15.48,2024,AIIMS,Hourly,0,0,15,1,1,0,-0.7071067811865471,-0.7071067811865479,0.49999999999999994,0.8660254037844387,54.18,54.09,58.05,77.08,108.9,24.83,39.8,55.440000000000005,62.826666666666675,79.46583333333334,61.109791666666666,2.260774203674701,9.380903296946643,19.684549759708062,29.84211746767831,62.551731278502885,67.24719714259487,0.0899999999999963,0.0016638935108152393,182.2668,23.7132,3.99,45.62,28.38,5.03,75.96,0.86,15.47
2024-01-01 16:00:00,4.01,44.84,27.92,6.34,111.07,60.78,0.81,15.79,2024,AIIMS,Hourly,0,0,16,1,1,0,-0.8660254037844385,-0.5000000000000004,0.49999999999999994,0.8660254037844387,52.77,54.18,54.09,70.76,104.41,23.79,40.12,53.68000000000001,58.775,74.78833333333334,62.273958333333326,0.7893668348752546,6.920834487256429,18.698677071986207,28.895236141859815,59.75695091321634,65.01993604373412,-1.4099999999999966,-0.026024363233665495,179.8084,22.6152,4.02,45.34,28.23,5.49,90.3,0.84,15.48
2024-01-01 17:00:00,4.03,44.56,27.85,5.03,92.57,55.76,0.77,15.26,2024,AIIMS,Hourly,0,0,17,1,1,0,-0.9659258262890683,-0.25881904510252063,0.49999999999999994,0.8660254037844387,60.78,52.77,54.18,62.8,98.93,17.28,40.12,55.910000000000004,57.11166666666666,71.1525,63.81520833333334,4.276061271778154,4.080918605738746,16.53152532422381,27.715717934177448,60.04925065229739,64.36763819085195,8.009999999999998,0.15179079022171685,179.57680000000002,21.4445,4.01,44.84,27.92,6.34,111.07,0.81,15.79
2024-01-01 18:00:00,6.44,51.35,33.34,6.17,79.8,51.54,0.98,15.26,2024,AIIMS,Hourly,0,0,18,1,1,0,-1.0,-1.8369701987210297e-16,0.49999999999999994,0.8660254037844387,55.76,60.78,52.77,58.05,93.6,21.11,33.33,56.436666666666675,55.93833333333334,67.55499999999999,65.41854166666667,4.047645406076765,2.9825855673668,14.510936627874178,25.964330025062537,58.82375046592671,63.04338616149011,-5.020000000000003,-0.08259295820993753,330.694,32.6732,4.03,44.56,27.85,5.03,92.57,0.77,15.26
2024-01-01 19:00:00,7.65,54.5,35.96,6.29,106.68,53.68,1.11,15.61,2024,AIIMS,Hourly,0,0,19,1,1,0,-0.9659258262890684,0.2588190451025203,0.49999999999999994,0.8660254037844387,51.54,55.76,60.78,54.09,88.83,29.47,27.73,56.02666666666668,54.85333333333333,64.05,66.68645833333333,4.625768404636612,3.234252103139889,12.602157102510759,24.40255895701031,56.74267890423336,61.27363444433779,-4.219999999999999,-0.07568149210903873,416.925,39.915600000000005,6.44,51.35,33.34,6.17,79.8,0.98,15.26
2024-01-01 20:00:00,10.38,57.1,39.49,6.26,135.5,61.18,1.25,16.12,2024,AIIMS,Hourly,0,0,20,1,1,0,-0.8660254037844386,0.5000000000000001,0.49999999999999994,0.8660254037844387,53.68,51.54,55.76,54.18,81.96,41.25,28.54,53.660000000000004,54.785,61.12083333333334,67.69520833333334,2.110071088850073,3.25785051836301,10.16896478000433,23.27139845012064,55.86762778873811,60.105382991362745,2.1400000000000006,0.04152114862242919,592.6980000000001,49.362500000000004,7.65,54.5,35.96,6.29,106.68,1.11,15.61
2024-01-01 21:00:00,18.53,58.87,46.96,6.65,122.72,58.35,1.51,15.6,2024,AIIMS,Hourly,0,0,21,1,1,0,-0.7071067811865477,0.7071067811865474,0.49999999999999994,0.8660254037844387,61.18,53.68,51.54,52.77,77.08,43.29,32.06,55.466666666666676,55.95166666666666,59.38916666666666,68.525625,5.062265632435178,4.1335525479500985,7.7883064541812494,22.633547979881786,57.385448420527226,60.27070868499924,7.5,0.13971684053651268,1090.8611,70.9096,10.38,57.1,39.49,6.26,135.5,1.25,16.12
2024-01-01 22:00:00,24.78,60.33,52.75,6.23,120.29,62.01,1.75,14.94,2024,AIIMS,Hourly,0,0,22,1,1,0,-0.5000000000000004,0.8660254037844384,0.49999999999999994,0.8660254037844387,58.35,61.18,53.68,60.78,70.76,43.29,59.04,57.73666666666668,56.88166666666667,57.828333333333326,69.153125,3.787430967467846,3.895404557509364,5.444887232045849,22.106106563989968,57.66103458609088,59.975215041153206,-2.8299999999999983,-0.04625694671461259,1494.9774,92.3125,18.53,58.87,46.96,6.65,122.72,1.51,15.6
2024-01-01 23:00:00,28.19,61.0,55.65,6.58,141.74,65.48,1.91,15.8,2024,AIIMS,Hourly,0,0,23,1,1,0,-0.25881904510252157,0.9659258262890681,0.49999999999999994,0.8660254037844387,62.01,58.35,61.18,55.76,62.8,40.33,83.02,60.51333333333334,57.086666666666666,57.09916666666666,69.933125,1.9189146237742227,4.164649645127993,3.931144775052578,21.475122301241107,58.90359613292206,60.28825888097579,3.6599999999999966,0.06272493573264776,1719.5900000000001,106.2915,24.78,60.33,52.75,6.23,120.29,1.75,14.94
2024-01-02 01:00:00,19.81,52.12,43.85,6.55,83.51,43.0,1.04,16.09846153846154,2024,AIIMS,Hourly,1,37,1,2,1,1,0.25881904510252074,0.9659258262890683,0.49999999999999994,0.8660254037844387,65.48,62.01,58.35,51.54,58.05,33.09,67.16666666666666,61.94666666666668,58.70666666666667,57.3225,70.98104166666667,3.5654219011688726,5.285132606346284,4.3393885723471595,20.56198518473645,60.782568666372896,61.08698828390259,3.470000000000006,0.05595871633607492,1032.4971999999998,45.604000000000006,28.19,61.0,55.65,6.58,141.74,1.91,15.8
2024-01-02 02:00:00,19.85,50.39,43.59,6.49,83.51,43.0,1.01,16.247692307692308,2024,AIIMS,Hourly,1,37,2,2,1,1,0.49999999999999994,0.8660254037844387,0.49999999999999994,0.8660254037844387,43.0,65.48,62.01,53.68,54.09,93.91,35.46,56.83000000000001,57.28333333333334,56.068333333333335,71.39395833333334,12.10214443807382,8.035497910314252,5.976185821215399,19.855353071826414,55.701834761694926,58.30437470176373,-22.480000000000004,-0.3433109346365303,1000.2415000000001,44.02590000000001,19.81,52.12,43.85,6.55,83.51,1.04,16.09846153846154
2024-01-02 03:00:00,17.78,48.8,41.11,6.02,66.16,42.53,0.92,16.396923076923077,2024,AIIMS,Hourly,1,37,3,2,1,1,0.7071067811865476,0.7071067811865476,0.49999999999999994,0.8660254037844387,43.0,43.0,65.48,61.18,54.18,101.405,35.19,50.49333333333334,55.50333333333333,55.14416666666667,69.27270833333334,12.97883405138282,9.948520828076143,7.067732641870993,20.063657333768596,52.072739115496375,55.949855516876994,0.0,0.0,867.664,37.821200000000005,19.85,50.39,43.59,6.49,83.51,1.01,16.247692307692308
2024-01-02 04:00:00,16.25,48.24,39.58,6.29,54.72,40.03,0.83,,2024,AIIMS,Hourly,1,37,4,2,1,1,0.8660254037844386,0.5000000000000001,0.49999999999999994,0.8660254037844387,42.53,43.0,43.0,58.35,52.77,108.9,33.41,42.84333333333334,52.395,54.173333333333325,66.81958333333334,0.2713546265198392,10.704931106737602,7.956464876647945,19.556960837771978,49.34624222535456,53.88526236043438,-0.46999999999999886,-0.010930232558139508,783.9,32.8514,17.78,48.8,41.11,6.02,66.16,0.92,16.396923076923077
2024-01-02 05:00:00,14.75,46.44,37.32,6.24,55.27,39.49,0.78,,2024,AIIMS,Hourly,1,37,5,2,1,1,0.9659258262890683,0.25881904510252074,0.49999999999999994,0.8660254037844387,40.03,42.53,43.0,62.01,60.78,104.41,33.41,41.853333333333346,49.34166666666666,53.11166666666666,63.949999999999996,1.5964439649839475,11.26474041718961,8.948832156750738,18.11342355943458,46.68445873239611,51.75368353575217,-2.5,-0.0587820362097343,684.99,29.1096,16.25,48.24,39.58,6.29,54.72,0.83,
2024-01-02 06:00:00,14.36,45.21,36.49,6.05,58.16,40.25,0.77,,2024,AIIMS,Hourly,1,37,6,2,1,1,1.0,6.123233995736766e-17,0.49999999999999994,0.8660254037844387,39.49,40.03,42.53,65.48,55.76,98.93,32.81,40.683333333333344,45.58833333333333,51.3375,61.245000000000005,1.6218918993982314,9.86423320216353,9.389897980857311,16.59214324285158,44.62889909456865,49.866962991790295,-0.5399999999999991,-0.013489882588058935,649.2156,28.0973,14.75,46.44,37.32,6.24,55.27,0.78,
2024-01-02 07:00:00,14.06,43.73,35.47,6.09,58.16,40.25,0.77,,2024,AIIMS,Hourly,1,37,7,2,1,1,0.9659258262890683,-0.25881904510252063,0.49999999999999994,0.8660254037844387,40.25,39.49,40.03,43.0,51.54,93.6,41.29,39.923333333333346,41.38333333333333,50.044999999999995,58.800000000000004,0.39106691669529126,1.6274356106051033,9.784958308082272,15.049252762036154,43.37778506754904,48.387430223822555,0.759999999999998,0.01924537857685485,614.8438,27.3119,14.36,45.21,36.49,6.05,58.16,0.77,
2024-01-02 08:00:00,15.74,44.44,37.19,6.03,78.06,45.55,0.85,,2024,AIIMS,Hourly,1,37,8,2,1,1,0.8660254037844387,-0.4999999999999998,0.49999999999999994,0.8660254037844387,40.25,40.25,39.49,43.0,53.68,88.83,44.44,39.99666666666668,40.925000000000004,49.104166666666664,56.57708333333334,0.43878620458438033,1.4596677704186527,10.163591400263707,13.551046960729064,42.484132191106454,47.13551788169601,0.0,0.0,699.4856,31.611499999999996,14.06,43.73,35.47,6.09,58.16,0.77,
2024-01-02 09:00:00,21.24,48.03,43.48,7.37,118.69,64.95,1.03,,2024,AIIMS,Hourly,1,37,9,2,1,1,0.7071067811865476,-0.7071067811865475,0.49999999999999994,0.8660254037844387,45.55,40.25,40.25,42.53,61.18,81.96,46.71,42.01666666666667,41.35,48.42666666666667,54.77375,3.0599564267050727,2.3088698534129075,10.101621232017699,11.844660808732053,43.36009442221889,46.89159205374278,5.299999999999997,0.1316770186335403,1020.1572,44.7844,15.74,44.44,37.19,6.03,78.06,0.85,
2024-01-02 10:00:00,22.43,51.97,45.93,7.58,148.05,81.34,1.14,,2024,AIIMS,Hourly,1,37,10,2,1,1,0.49999999999999994,-0.8660254037844387,0.49999999999999994,0.8660254037844387,64.95,45.55,40.25,40.03,58.35,77.08,48.31,50.25000000000001,45.086666666666666,48.74083333333334,54.065,13.003461077728536,9.984447238914406,10.581540065203855,10.58960893476734,49.52863887301349,49.669808660859275,19.400000000000006,0.4259055982436884,1165.6870999999999,52.36019999999999,21.24,48.03,43.48,7.37,118.69,1.03,
2024-01-02 11:00:00,20.88,54.42,45.77,7.21,148.05,81.34,1.16,,2024,AIIMS,Hourly,1,37,11,2,1,1,0.258819045102521,-0.9659258262890682,0.49999999999999994,0.8660254037844387,81.34,64.95,45.55,39.49,62.01,70.76,48.31,63.94666666666668,51.97166666666667,50.656666666666666,54.2425,17.916083091271236,17.3364407150564,14.006438346400358,11.019143519940352,58.61759919500963,54.54214578995784,16.39,0.25234795996920706,1136.2896,53.0932,22.43,51.97,45.93,7.58,148.05,1.14,
2024-01-02 12:00:00,15.3,53.57,41.52,8.44,79.25,78.05,0.98,,2024,AIIMS,Hourly,1,37,12,2,1,1,1.2246467991473532e-16,-1.0,0.49999999999999994,0.8660254037844387,81.34,81.34,64.95,40.25,65.48,62.8,40.25,75.87666666666668,58.946666666666665,52.267500000000005,54.68333333333334,9.462770912018083,19.583483517154583,16.34685075314061,11.88619537866134,65.10971371072117,58.66489259150279,0.0,0.0,819.6210000000001,40.689600000000006,20.88,54.42,45.77,7.21,148.05,1.16,
2024-01-02 13:00:00,8.98,54.12,36.83,8.65,57.88,60.61,0.92,,2024,AIIMS,Hourly,1,37,13,2,1,1,-0.2588190451025208,-0.9659258262890683,0.49999999999999994,0.8660254037844387,78.05,81.34,81.34,40.25,43.0,58.05,35.64,80.24333333333334,65.24666666666667,53.315,55.31875,1.8994823856345198,18.410845354482372,17.623370072925095,12.717513536201892,68.80693836480083,61.64721680819467,-3.2900000000000063,-0.04044750430292606,485.9976,33.8836,15.3,53.57,41.52,8.44,79.25,0.98,
2024-01-02 14:00:00,5.21,51.08,31.1,7.22,37.0,46.19,0.83,,2024,AIIMS,Hourly,1,37,14,2,1,1,-0.4999999999999997,-0.8660254037844388,0.49999999999999994,0.8660254037844387,60.61,78.05,81.34,45.55,43.0,54.09,29.92,73.33333333333334,68.64,54.7825,55.42541666666667,11.14084527014604,14.29946292697731,17.418355065327418,12.752106383266455,66.46495597485773,61.48764499154934,-17.439999999999998,-0.22344650864830234,266.1268,25.813,8.98,54.12,36.83,8.65,57.88,0.92,
2024-01-02 15:00:00,4.75,43.67,27.94,8.06,29.77,40.015,0.76,,2024,AIIMS,Hourly,1,37,15,2,1,1,-0.7071067811865471,-0.7071067811865479,0.49999999999999994,0.8660254037844387,46.19,60.61,78.05,64.95,42.53,54.18,27.61,61.616666666666674,68.74666666666667,55.04833333333334,55.09625,15.953837573867132,14.093681799539295,17.245673414371232,12.889298160304055,60.672111410612665,59.13416114669559,-14.420000000000002,-0.23791453555518893,207.4325,21.2344,5.21,51.08,31.1,7.22,37.0,0.83,
2024-01-02 16:00:00,4.12,42.91,26.98,8.12,22.54,33.84,0.68,,2024,AIIMS,Hourly,1,37,16,2,1,1,-0.8660254037844385,-0.5000000000000004,0.49999999999999994,0.8660254037844387,40.015,46.19,60.61,81.34,40.03,52.77,24.83,48.93833333333334,64.59083333333334,54.838750000000005,54.506041666666675,10.568988046796814,18.4424923523548,17.425976185646714,13.252278637470045,54.77007957900905,56.19275173951166,-6.174999999999997,-0.1336869452262394,176.7892,18.346400000000003,4.75,43.67,27.94,8.06,29.77,0.76,
2024-01-02 17:00:00,4.29,41.15,26.24,7.95,15.31,27.665,0.59,,2024,AIIMS,Hourly,1,37,17,2,1,1,-0.9659258262890683,-0.25881904510252063,0.49999999999999994,0.8660254037844387,33.84,40.015,46.19,81.34,39.49,60.78,23.79,40.01500000000001,56.67416666666667,54.32291666666668,53.71729166666666,6.174999999999998,19.948258675048947,17.986779293582824,13.907249984401052,48.790056842149326,52.753866856509866,-6.174999999999997,-0.1543171310758465,176.5335,15.481599999999998,4.12,42.91,26.98,8.12,22.54,0.68,
2024-01-02 18:00:00,5.79,44.4,29.19,7.16,8.08,21.49,0.65,,2024,AIIMS,Hourly,1,37,18,2,1,1,-1.0,-1.8369701987210297e-16,0.49999999999999994,0.8660254037844387,27.665,33.84,40.015,78.05,40.25,55.76,17.28,33.84000000000001,47.72833333333333,53.337500000000006,52.3375,6.174999999999966,18.668829279487934,19.159007079510317,14.79073608421985,42.75432631582095,48.894041186277576,-6.175000000000004,-0.18247635933806158,257.07599999999996,18.9735,4.29,41.15,26.24,7.95,15.31,0.59,
2024-01-02 19:00:00,9.59,48.51,34.39,7.04,11.93,22.3,0.73,,2024,AIIMS,Hourly,1,37,19,2,1,1,-0.9659258262890684,0.2588190451025203,0.49999999999999994,0.8660254037844387,21.49,27.665,33.84,60.61,40.25,51.54,21.11,27.66500000000001,38.30166666666666,51.77416666666667,50.90958333333333,6.174999999999929,13.989283994067259,21.0008561333421,16.04685414901343,36.678804511300676,44.67803484992718,-6.175000000000001,-0.22320621724200257,465.2109,25.1047,5.79,44.4,29.19,7.16,8.08,0.65,
2024-01-02 20:00:00,10.26,47.88,34.46,7.09,20.7,24.61,0.76,,2024,AIIMS,Hourly,1,37,20,2,1,1,-0.8660254037844386,0.5000000000000001,0.49999999999999994,0.8660254037844387,22.3,21.49,27.665,46.19,45.55,53.68,29.47,23.818333333333342,31.916666666666668,50.278333333333336,49.69125,3.3558394379546996,9.922525720131274,22.48325723867886,17.074035605205506,32.57057465092905,41.235260257630685,0.8100000000000023,0.037691949744067116,491.2488,26.189600000000002,9.59,48.51,34.39,7.04,11.93,0.73,
2024-01-02 21:00:00,19.29,49.9,42.89,6.44,25.93,25.98,1.05,,2024,AIIMS,Hourly,1,37,21,2,1,1,-0.7071067811865477,0.7071067811865474,0.49999999999999994,0.8660254037844387,24.61,22.3,21.49,40.015,64.95,61.18,41.25,22.80000000000001,28.320000000000004,48.53333333333333,48.48,1.618981161100618,7.270843829982881,23.66514759316028,17.794686371034395,30.29612475066361,38.677527910302885,2.3099999999999987,0.10358744394618828,962.5709999999999,45.0345,10.26,47.88,34.46,7.09,20.7,0.76,
2024-01-02 22:00:00,25.08,49.94,47.36,7.01,34.28,31.36,1.23,,2024,AIIMS,Hourly,1,37,22,2,1,1,-0.5000000000000004,0.8660254037844384,0.49999999999999994,0.8660254037844387,25.98,24.61,22.3,33.84,81.34,58.35,43.29,24.296666666666678,25.980833333333337,45.285833333333336,47.01333333333334,1.8599014310796582,4.4765661132911765,23.880425878771813,18.149503746160192,29.062946250474006,36.724062077948595,1.370000000000001,0.05566842746850878,1252.4951999999998,58.2528,19.29,49.9,42.89,6.44,25.93,1.05,
2024-01-02 23:00:00,35.97,49.63,55.66,7.45,38.8,35.17,1.3,,2024,AIIMS,Hourly,1,37,23,2,1,1,-0.25881904510252157,0.9659258262890681,0.49999999999999994,0.8660254037844387,31.36,25.98,24.61,27.665,81.34,62.01,43.29,27.316666666666677,25.5675,41.12083333333334,45.888749999999995,3.5680013079219033,3.6425839043184993,21.232225382586936,18.252406050448073,29.71924732176715,35.89882175826419,5.379999999999999,0.20708237105465738,1785.1911,72.358,25.08,49.94,47.36,7.01,34.28,1.23,
2024-01-03 01:00:00,31.92,51.7825,56.86375,5.53,96.85,26.33,1.3,19.68,2024,AIIMS,Hourly,1,37,1,3,1,2,0.25881904510252074,0.9659258262890683,0.49999999999999994,0.8660254037844387,35.17,31.36,25.98,21.49,78.05,65.48,40.33,30.836666666666677,26.81833333333334,37.27333333333333,44.77041666666667,4.617297189193339,5.380763576544395,17.05358751024828,18.042749170925312,31.276605229833677,35.78669533391585,3.8100000000000023,0.12149234693877559,1652.8974,73.922875,35.97,49.63,55.66,7.45,38.8,1.3,
2024-01-03 02:00:00,29.895,52.85875,57.465625,5.29,96.46,25.22,1.16,19.66,2024,AIIMS,Hourly,1,37,2,3,1,2,0.49999999999999994,0.8660254037844387,0.49999999999999994,0.8660254037844387,26.33,35.17,31.36,22.3,60.61,43.0,33.09,30.953333333333344,27.625,32.96333333333333,43.139166666666675,4.434008720484514,4.747760524710586,11.414425150446728,17.8578164999231,29.863289449881197,34.33181912869803,-8.840000000000003,-0.2513505828831391,1580.21233125,66.660125,31.92,51.7825,56.86375,5.53,96.85,1.3,19.68
2024-01-03 03:00:00,27.87,53.935,58.0675,5.35,122.36,29.31,1.11,20.0,2024,AIIMS,Hourly,1,37,3,3,1,2,0.7071067811865476,0.7071067811865476,0.49999999999999994,0.8660254037844387,25.22,26.33,35.17,24.61,46.19,43.0,93.91,28.906666666666677,28.111666666666665,30.014166666666668,42.39833333333333,5.452525408774593,4.212208051208628,7.534346455741921,18.228790156774206,28.53663532134371,32.93000080120603,-1.1099999999999994,-0.042157235093049736,1503.1684500000001,64.454925,29.895,52.85875,57.465625,5.29,96.46,1.16,19.66
2024-01-03 04:00:00,,,,5.25,128.75,30.99,1.05,20.0,2024,AIIMS,Hourly,1,37,4,3,1,2,0.8660254037844386,0.5000000000000001,0.49999999999999994,0.8660254037844387,29.31,25.22,26.33,25.98,40.015,42.53,101.405,26.953333333333344,28.895,28.6075,41.82791666666667,2.1150492508053715,3.852431699589247,5.555700389526164,18.422311196449773,28.75759665810265,32.37307760102048,4.09,0.16217287866772404,,,27.87,53.935,58.0675,5.35,122.36,1.11,20.0
2024-01-03 05:00:00,,,,4.86,117.37,31.18,0.94,20.28,2024,AIIMS,Hourly,1,37,5,3,1,2,0.9659258262890683,0.25881904510252074,0.49999999999999994,0.8660254037844387,30.99,29.31,25.22,31.36,33.84,40.03,108.9,28.506666666666675,29.73,27.855416666666667,41.34708333333333,2.967698322493795,3.6308291064163383,4.351400745388667,18.553324260713666,29.39542618435904,32.160296431632716,1.6799999999999997,0.05731832139201637,,,,,,5.25,128.75,1.05,20.0
2024-01-03 06:00:00,,,,4.87,119.6,34.34,0.92,19.78,2024,AIIMS,Hourly,1,37,6,3,1,2,1.0,6.123233995736766e-17,0.49999999999999994,0.8660254037844387,31.18,30.99,29.31,35.17,27.665,39.49,104.41,30.49333333333334,29.7,27.633750000000003,40.97833333333333,1.029190620503628,3.6153782651335487,4.077984754641717,18.66823130735543,29.905304417399314,32.00948159599692,0.19000000000000128,0.006131010003226889,,,,,,4.86,117.37,0.94,20.28
2024-01-03 07:00:00,,,,4.56,133.13,39.32,0.95,19.17,2024,AIIMS,Hourly,1,37,7,3,1,2,0.9659258262890683,-0.25881904510252063,0.49999999999999994,0.8660254037844387,34.34,31.18,30.99,26.33,21.49,40.25,98.93,32.17000000000001,29.561666666666664,28.189999999999998,40.763749999999995,1.8816747859286014,3.3719040120778554,4.514515981304518,18.715621250825357,31.17236029814237,32.36802288892047,3.1600000000000037,0.10134701731879422,,,,,,4.87,119.6,0.92,19.78
2024-01-03 08:00:00,,,,5.18,135.37,55.65,1.07,19.21,2024,AIIMS,Hourly,1,37,8,3,1,2,0.8660254037844387,-0.4999999999999998,0.49999999999999994,0.8660254037844387,39.32,34.34,31.18,25.22,22.3,40.25,93.6,34.94666666666668,31.72666666666667,29.675833333333333,40.725,4.103770623869344,4.764593022144355,5.015284743721477,18.71769384949642,33.500257355815975,33.43755782908655,4.979999999999997,0.1450203843913802,,,,,,4.56,133.13,0.95,19.17
2024-01-03 09:00:00,,,,7.6,101.505,40.295,1.3,19.33,2024,AIIMS,Hourly,1,37,9,3,1,2,0.7071067811865476,-0.7071067811865475,0.49999999999999994,0.8660254037844387,55.65,39.32,34.34,29.31,24.61,45.55,88.83,43.103333333333346,36.79833333333333,32.455000000000005,41.36666666666667,11.147386838776766,9.891057408925828,8.550667703859009,18.963059952276193,39.82875525415427,36.8548566246117,16.33,0.4153102746693794,,,,,,5.18,135.37,1.07,19.21
2024-01-03 10:00:00,,,,5.72,67.64,24.94,1.28,19.56,2024,AIIMS,Hourly,1,37,10,3,1,2,0.49999999999999994,-0.8660254037844387,0.49999999999999994,0.8660254037844387,40.295,55.65,39.32,30.99,25.98,64.95,81.96,45.08833333333334,38.62916666666667,33.76208333333334,41.147708333333334,9.159653832614726,9.221766867941657,8.440557246342635,18.942984647251667,39.96196803868162,37.38410945159451,-15.354999999999997,-0.2759209344115004,,,,,,7.6,101.505,1.3,19.33
2024-01-03 11:00:00,,,,5.27,67.64,26.84,1.18,19.65,2024,AIIMS,Hourly,1,37,11,3,1,2,0.258819045102521,-0.9659258262890682,0.49999999999999994,0.8660254037844387,24.94,40.295,55.65,31.18,31.36,81.34,77.08,40.29500000000001,37.62083333333334,33.67541666666667,39.480624999999996,15.355,10.470347853183602,8.532564747732168,18.512844032120142,35.669977170486874,35.469631074426125,-15.355,-0.3810646482193821,,,,,,5.72,67.64,1.28,19.56
2024-01-03 12:00:00,,,,5.45,57.34,27.54,1.02,19.6,2024,AIIMS,Hourly,1,37,12,3,1,2,1.2246467991473532e-16,-1.0,0.49999999999999994,0.8660254037844387,26.84,24.94,40.295,34.34,35.17,81.34,70.76,30.69166666666668,36.8975,33.29875,37.20979166666667,8.37081288366505,11.13322673352159,8.741284003092828,16.374027384269098,33.147126550347764,34.141995524514414,1.8999999999999986,0.07618283881315151,,,,,,5.27,67.64,1.18,19.65
2024-01-03 13:00:00,,,,6.98,51.7,25.26,0.94,19.83,2024,AIIMS,Hourly,1,37,13,3,1,2,-0.2588190451025208,-0.9659258262890683,0.49999999999999994,0.8660254037844387,27.54,26.84,24.94,39.32,26.33,78.05,62.8,26.44000000000001,35.76416666666667,32.66291666666667,34.968125,1.3453624047070774,11.773351441567796,8.869358503586987,13.500289353782989,31.545090393105546,33.12630390535835,0.6999999999999993,0.026080476900149006,,,,,,5.45,57.34,1.02,19.6
2024-01-03 14:00:00,,,,17.65,65.75,33.61,0.88,19.68,2024,AIIMS,Hourly,1,37,14,3,1,2,-0.4999999999999997,-0.8660254037844388,0.49999999999999994,0.8660254037844387,25.26,27.54,26.84,55.65,25.22,60.61,58.05,26.546666666666678,33.42083333333333,32.57375,32.768541666666664,1.1679611865693778,12.31101393739226,8.943878842538025,10.03041770329295,29.749350280789677,31.916103304533987,-2.2799999999999976,-0.08278867102396506,,,,,,6.98,51.7,0.94,19.83
2024-01-03 15:00:00,3.57,66.85,65.29,24.3,70.21,35.52,0.57,20.61,2024,AIIMS,Hourly,0,0,15,3,1,2,-0.7071067811865471,-0.7071067811865479,0.49999999999999994,0.8660254037844387,33.61,25.26,27.54,40.295,29.31,46.19,54.09,28.80333333333334,29.747500000000002,33.27291666666667,31.643541666666668,4.315974204433187,6.045576688786593,8.639511891287391,8.100455365509974,30.852393057706912,32.17670279614414,8.349999999999998,0.33056215360253355,238.65449999999996,37.2153,,,,17.65,65.75,0.88,19.68
2024-01-03 16:00:00,4.26,78.68,46.19,6.73,60.0,20.77,0.49,20.92,2024,AIIMS,Hourly,0,0,16,3,1,2,-0.8660254037844385,-0.5000000000000004,0.49999999999999994,0.8660254037844387,35.52,33.61,25.26,24.94,30.99,40.015,54.18,31.463333333333342,28.951666666666668,33.790416666666665,31.198958333333334,5.456467110991585,4.494816644387904,8.566232984099724,7.540855241999621,32.18599504121923,32.691056212121964,1.9100000000000037,0.056828324903302696,335.1768,22.6331,3.57,66.85,65.29,24.3,70.21,0.57,20.61
2024-01-03 17:00:00,5.42,61.25,37.7,6.41,28.99,16.54,0.49,21.15,2024,AIIMS,Hourly,0,0,17,3,1,2,-0.9659258262890683,-0.25881904510252063,0.49999999999999994,0.8660254037844387,20.77,35.52,33.61,26.84,31.18,33.84,52.77,29.966666666666672,28.256666666666664,32.93875,30.39708333333333,8.021597928924933,5.4582952161518845,9.342808154112165,7.585718692365678,28.92428217229945,30.8570475641032,-14.750000000000004,-0.4152590090090091,331.975,18.473000000000003,4.26,78.68,46.19,6.73,60.0,0.49,20.92
2024-01-03 18:00:00,4.76,50.36,31.13,9.18,31.46,9.74,0.47,21.08,2024,AIIMS,Hourly,0,0,18,3,1,2,-1.0,-1.8369701987210297e-16,0.49999999999999994,0.8660254037844387,16.54,20.77,35.52,27.54,34.34,27.665,60.78,24.276666666666674,26.540000000000003,31.71875,29.67625,9.964067108030358,7.301460127947005,10.479996991021395,8.051968737114796,25.38591583735675,28.654424861933478,-4.23,-0.20365912373615794,239.71359999999999,14.631099999999998,5.42,61.25,37.7,6.41,28.99,0.49,21.15
2024-01-03 19:00:00,13.02,66.05,46.31,8.74,54.59,14.07,0.8,21.11,2024,AIIMS,Hourly,0,0,19,3,1,2,-0.9659258262890684,0.2588190451025203,0.49999999999999994,0.8660254037844387,9.74,16.54,20.77,25.26,39.32,21.49,55.76,15.683333333333339,23.573333333333334,29.668750000000003,28.929375000000004,5.564677289235363,9.949773196745067,12.18754284374751,9.01980385312833,20.915654169540538,25.744513344712942,-6.799999999999999,-0.4111245465538089,859.9709999999999,37.048,4.76,50.36,31.13,9.18,31.46,0.47,21.08
2024-01-03 20:00:00,25.17,72.0,59.09,7.97,91.69,32.14,1.18,20.64,2024,AIIMS,Hourly,0,0,20,3,1,2,-0.8660254037844386,0.5000000000000001,0.49999999999999994,0.8660254037844387,14.07,9.74,16.54,33.61,55.65,22.3,51.54,13.450000000000008,21.708333333333332,27.564583333333335,28.620208333333334,3.44213596477512,10.59801003333487,12.544257552277783,9.404833456580189,18.95975297824324,23.94843436860326,4.33,0.44455852156057496,1812.2400000000002,69.7262,13.02,66.05,46.31,8.74,54.59,0.8,21.11
2024-01-03 21:00:00,33.16,71.79,66.62,6.86,111.71,37.51,1.36,21.04,2024,AIIMS,Hourly,0,0,21,3,1,2,-0.7071067811865477,0.7071067811865474,0.49999999999999994,0.8660254037844387,32.14,14.07,9.74,35.52,40.295,24.61,53.68,18.65000000000001,21.463333333333335,25.605416666666667,29.030208333333334,11.881595010771859,10.280067444655534,9.130499204298548,9.331526796082736,22.725537841602318,25.208675234971988,18.07,1.2842928216062544,2380.5564,90.60320000000002,25.17,72.0,59.09,7.97,91.69,1.18,20.64
2024-01-03 22:00:00,25.81,68.58,57.88,6.21,115.06,33.37,1.23,20.79,2024,AIIMS,Hourly,0,0,22,3,1,2,-0.5000000000000004,0.8660254037844384,0.49999999999999994,0.8660254037844387,37.51,32.14,14.07,20.77,24.94,25.98,61.18,27.906666666666677,21.794999999999998,25.37333333333333,29.567708333333332,12.280033930463413,10.841075131185093,8.750662658890262,9.436780260970176,26.9496698868588,27.10118673728399,5.369999999999997,0.16708151835718724,1770.0497999999998,71.1924,33.16,71.79,66.62,6.86,111.71,1.36,21.04
2024-01-03 23:00:00,26.8,68.78,58.58,6.59,91.44,27.2,1.31,20.97,2024,AIIMS,Hourly,0,0,23,3,1,2,-0.25881904510252157,0.9659258262890681,0.49999999999999994,0.8660254037844387,33.37,37.51,32.14,16.54,26.84,31.36,58.35,34.34000000000001,23.895,26.075833333333332,29.875625,2.8133432069336752,11.782313440067695,9.046103589475115,9.435191216294415,28.78404991918486,28.065619546932606,-4.140000000000001,-0.11037056784857373,1843.304,76.7398,25.81,68.58,57.88,6.21,115.06,1.23,20.79
2024-01-04 01:00:00,4.51,28.26,19.67,4.27,33.19,16.52,0.56,22.66,2024,AIIMS,Hourly,0,0,1,4,1,3,0.25881904510252074,0.9659258262890683,0.49999999999999994,0.8660254037844387,27.2,33.37,37.51,9.74,27.54,35.17,62.01,32.69333333333334,25.671666666666667,26.105833333333333,29.702291666666667,5.188201358210094,11.242795767364383,9.049464532961757,9.444942743763288,28.331464227989187,27.932447308942972,-6.169999999999998,-0.18489661372490257,127.4526,11.015200000000002,26.8,68.78,58.58,6.59,91.44,1.31,20.97
2024-01-04 02:00:00,5.88,27.97,20.68,4.77,33.7,17.09,0.56,22.79,2024,AIIMS,Hourly,0,0,2,4,1,3,0.49999999999999994,0.8660254037844387,0.49999999999999994,0.8660254037844387,16.52,27.2,33.37,14.07,25.26,26.33,65.48,25.696666666666673,26.801666666666666,25.1875,28.92520833333333,8.525000488758492,9.53179818642141,9.441360769604008,9.738190337103823,24.95676016284942,26.176686184490208,-10.68,-0.3926470588235294,164.46359999999999,11.580800000000002,4.51,28.26,19.67,4.27,33.19,0.56,22.66
2024-01-04 03:00:00,5.41,27.6,20.11,4.68,35.89,17.75,0.56,22.77,2024,AIIMS,Hourly,0,0,3,4,1,3,0.7071067811865476,0.7071067811865476,0.49999999999999994,0.8660254037844387,17.09,16.52,27.2,32.14,33.61,25.22,43.0,20.270000000000007,27.304999999999996,24.506666666666664,28.540208333333336,6.008319232530742,8.774701704331596,9.725944995762905,10.02371909621988,22.709114402035297,24.778734463799406,0.5700000000000003,0.0345036319612591,149.316,11.261600000000001,5.88,27.97,20.68,4.77,33.7,0.56,22.79
2024-01-04 04:00:00,4.58,27.5,19.39,4.53,35.03,17.23,0.57,22.72,2024,AIIMS,Hourly,0,0,4,4,1,3,0.8660254037844386,0.5000000000000001,0.49999999999999994,0.8660254037844387,17.75,17.09,16.52,37.51,35.52,29.31,43.0,17.120000000000005,24.906666666666666,23.185,28.228958333333335,0.6155485358593452,9.147521340049801,9.450128907249669,10.244836449048327,21.292224572882354,23.69739070013796,0.6600000000000001,0.03861907548273845,125.95,11.052299999999999,5.41,27.6,20.11,4.68,35.89,0.56,22.77
2024-01-04 05:00:00,4.76,28.47,20.01,4.24,35.54,19.16,0.59,22.78,2024,AIIMS,Hourly,0,0,5,4,1,3,0.9659258262890683,0.25881904510252074,0.49999999999999994,0.8660254037844387,17.23,17.75,17.09,33.37,20.77,30.99,42.53,17.356666666666673,21.526666666666667,21.660833333333333,27.725625000000004,0.34775470281785287,7.070028759960353,8.72711079789797,10.483385749189036,20.13158898063025,22.70240751550135,-0.5199999999999996,-0.0292957746478873,135.5172,11.805900000000001,4.58,27.5,19.39,4.53,35.03,0.57,22.72
2024-01-04 06:00:00,4.93,30.01,20.96,3.56,33.91,18.58,0.58,22.5,2024,AIIMS,Hourly,0,0,6,4,1,3,1.0,6.123233995736766e-17,0.49999999999999994,0.8660254037844387,19.16,17.23,17.75,27.2,16.54,31.18,40.03,18.04666666666667,19.158333333333335,21.526666666666667,27.232708333333335,0.9986157085345586,4.0400268150925145,8.754384183038912,10.600685476109605,19.85399212902161,22.157421743885756,1.9299999999999997,0.11201392919326754,147.9493,12.1568,4.76,28.47,20.01,4.24,35.54,0.59,22.78
2024-01-04 07:00:00,5.28,31.11,21.84,4.0,37.28,18.22,0.62,22.49,2024,AIIMS,Hourly,0,0,7,4,1,3,0.9659258262890683,-0.25881904510252063,0.49999999999999994,0.8660254037844387,18.58,19.16,17.23,16.52,9.74,34.34,39.49,18.323333333333338,17.721666666666668,21.69666666666667,26.707708333333333,0.990269323634735,0.9890483641696133,8.668127965382252,10.708159219387282,19.489994377872577,21.60704916790333,-0.5800000000000018,-0.03027139874739049,164.26080000000002,13.540799999999999,4.93,30.01,20.96,3.56,33.91,0.58,22.5
2024-01-04 08:00:00,5.66,32.83,22.95,3.8,43.71,21.22,0.63,22.66,2024,AIIMS,Hourly,0,0,8,4,1,3,0.8660254037844387,-0.4999999999999998,0.49999999999999994,0.8660254037844387,18.22,18.58,19.16,17.09,14.07,39.32,40.25,18.65333333333334,18.005,22.403333333333332,26.036041666666666,0.4742713709808094,0.8017169076425403,7.917952367687567,10.714170926877983,19.127138841337555,21.085964680533586,-0.35999999999999943,-0.019375672766415473,185.8178,14.458499999999999,5.28,31.11,21.84,4.0,37.28,0.62,22.49
2024-01-04 09:00:00,5.69,33.46,23.3,4.13,50.36,22.79,0.67,22.61,2024,AIIMS,Hourly,0,0,9,4,1,3,0.7071067811865476,-0.7071067811865475,0.49999999999999994,0.8660254037844387,21.22,18.22,18.58,17.75,32.14,55.65,40.25,19.340000000000007,18.69333333333333,22.999166666666667,25.281875,1.6380476183550725,1.4049863581781048,7.4913846982363115,10.369960464108283,19.725099172383967,21.106585498913034,3.0,0.16465422612513722,190.3874,15.611,5.66,32.83,22.95,3.8,43.71,0.63,22.66
2024-01-04 10:00:00,4.82,36.37,24.16,5.09,50.1,22.7,0.7,22.61,2024,AIIMS,Hourly,0,0,10,4,1,3,0.49999999999999994,-0.8660254037844387,0.49999999999999994,0.8660254037844387,22.79,21.22,18.22,17.23,37.51,40.295,45.55,20.74333333333334,19.53333333333333,22.22,23.91270833333333,2.32198908983917,2.075048593808483,6.918571844220152,8.108839645071757,20.600785123131402,21.365572345234106,1.5700000000000003,0.07398680490103678,175.3034,16.912,5.69,33.46,23.3,4.13,50.36,0.67,22.61
2024-01-04 11:00:00,4.24,38.01,24.61,9.2,51.98,22.53,0.94,22.56,2024,AIIMS,Hourly,0,0,11,4,1,3,0.258819045102521,-0.9659258262890682,0.49999999999999994,0.8660254037844387,22.7,22.79,21.22,19.16,33.37,24.94,64.95,22.236666666666675,20.445,20.985833333333332,23.17958333333333,0.8816083786649336,2.0622681687888904,4.997283731885669,7.320362594468072,21.200560802236716,21.570868907505783,-0.08999999999999986,-0.003949100482667831,161.1624,23.133399999999998,4.82,36.37,24.16,5.09,50.1,0.7,22.61
2024-01-04 12:00:00,3.64,30.66,20.29,8.23,60.82,24.47,0.87,22.44,2024,AIIMS,Hourly,0,0,12,4,1,3,1.2246467991473532e-16,-1.0,0.49999999999999994,0.8660254037844387,22.53,22.7,22.79,18.58,27.2,26.84,81.34,22.673333333333343,21.006666666666664,20.0825,23.079166666666666,0.1320353487980873,2.100853794690754,3.2182155558066388,7.311688627102819,21.580400573026225,21.71842753712028,-0.16999999999999815,-0.007488986784140888,111.6024,17.6523,4.24,38.01,24.61,9.2,51.98,0.94,22.56
2024-01-04 13:00:00,3.57,23.64,16.54,8.65,60.57,24.75,0.79,22.59,2024,AIIMS,Hourly,0,0,13,4,1,3,-0.2588190451025208,-0.9659258262890683,0.49999999999999994,0.8660254037844387,24.47,22.53,22.7,18.22,16.52,27.54,81.34,23.233333333333338,21.988333333333333,19.855,22.980416666666667,1.074352518185841,2.1162175376521466,2.728574386344937,7.2745975410363775,22.406000409304447,22.141746377563315,1.9399999999999977,0.08610741233910331,84.3948,13.0666,3.64,30.66,20.29,8.23,60.82,0.87,22.44
2024-01-04 14:00:00,3.56,22.11,15.76,10.14,47.82,18.42,0.71,22.32,2024,AIIMS,Hourly,0,0,14,4,1,3,-0.4999999999999997,-0.8660254037844388,0.49999999999999994,0.8660254037844387,24.75,24.47,22.53,21.22,17.09,25.26,78.05,23.916666666666675,23.076666666666664,20.540833333333335,22.864166666666666,1.2090216430371674,1.3199646459911294,2.845901225952556,7.2206587177926576,23.075714578074603,22.543016165630497,0.28000000000000114,0.011442582754393181,78.7116,11.189599999999999,3.57,23.64,16.54,8.65,60.57,0.79,22.59
2024-01-04 15:00:00,3.87,31.75,20.8,10.47,57.37,21.47,0.63,22.47,2024,AIIMS,Hourly,0,0,15,4,1,3,-0.7071067811865471,-0.7071067811865479,0.49999999999999994,0.8660254037844387,18.42,24.75,24.47,22.79,17.75,33.61,60.61,22.54666666666667,22.61,20.651666666666667,22.579166666666666,3.5765392956505053,2.2646059259835534,2.7225149914715527,7.256880343428232,21.74551041291043,21.908705986302728,-6.329999999999998,-0.2557575757575757,122.8725,13.104000000000001,3.56,22.11,15.76,10.14,47.82,0.71,22.32
2024-01-04 16:00:00,3.8,23.56,16.71,11.33,56.0,21.08,0.59,22.4,2024,AIIMS,Hourly,0,0,16,4,1,3,-0.8660254037844385,-0.5000000000000004,0.49999999999999994,0.8660254037844387,21.47,18.42,24.75,22.7,17.23,35.52,46.19,21.54666666666667,22.39,20.96166666666667,22.073333333333334,3.1656963425654334,2.30733612635867,2.569573128090643,6.86719781257944,21.666793152078878,21.84121275764077,3.049999999999997,0.16558089033659049,89.52799999999999,9.8589,3.87,31.75,20.8,10.47,57.37,0.63,22.47
2024-01-04 17:00:00,3.99,22.15,16.07,12.23,46.44,19.54,0.56,22.47,2024,AIIMS,Hourly,0,0,17,4,1,3,-0.9659258262890683,-0.25881904510252063,0.49999999999999994,0.8660254037844387,21.08,21.47,18.42,22.53,19.16,20.77,40.015,20.32333333333334,22.12,21.2825,21.471666666666664,1.6598293084929234,2.3580330786483557,2.2859894416362034,6.241965734596622,21.499137965770625,21.72410310261911,-0.39000000000000057,-0.018164881229622756,88.3785,8.999200000000002,3.8,23.56,16.71,11.33,56.0,0.59,22.4
2024-01-04 18:00:00,5.14,31.37,20.82,21.28,50.8,21.48,0.6,22.34,2024,AIIMS,Hourly,0,0,18,4,1,3,-1.0,-1.8369701987210297e-16,0.49999999999999994,0.8660254037844387,19.54,21.08,21.47,24.47,18.58,16.54,33.84,20.696666666666673,21.621666666666666,21.314166666666665,21.420416666666668,1.0205064102356858,2.561245139901006,2.2563544947680723,6.253016996455814,20.93938426126473,21.38808724067771,-1.5399999999999991,-0.07305502846299806,161.24179999999998,12.491999999999999,3.99,22.15,16.07,12.23,46.44,0.56,22.47
2024-01-04 19:00:00,4.15,46.21,28.32,21.47,58.43,23.22,0.73,22.49,2024,AIIMS,Hourly,0,0,19,4,1,3,-0.9659258262890684,0.2588190451025203,0.49999999999999994,0.8660254037844387,21.48,19.54,21.08,24.75,18.22,9.74,27.665,20.700000000000006,21.12333333333333,21.555833333333336,21.62625,1.0243046421835615,2.1548518897285116,2.0857414567107546,6.166083114770283,21.093845900903382,21.402227665188832,1.9400000000000013,0.09928352098259986,191.77150000000003,20.6736,5.14,31.37,20.82,21.28,50.8,0.6,22.34
2024-01-04 20:00:00,5.4,51.42,31.99,15.77,62.65,26.47,0.79,22.66,2024,AIIMS,Hourly,0,0,20,4,1,3,-0.8660254037844386,0.5000000000000001,0.49999999999999994,0.8660254037844387,23.22,21.48,19.54,18.42,21.22,14.07,21.49,21.41333333333334,20.868333333333332,21.9725,22.187916666666666,1.840905574257453,1.6775031048157685,1.8442003687233877,5.62664158010877,21.70131850064527,21.681884947467474,1.7399999999999984,0.0810055865921787,277.668,25.2721,4.15,46.21,28.32,21.47,58.43,0.73,22.49
2024-01-04 21:00:00,5.41,48.67,30.99,15.18,68.14,30.48,0.9,22.74,2024,AIIMS,Hourly,0,0,21,4,1,3,-0.7071067811865477,0.7071067811865474,0.49999999999999994,0.8660254037844387,26.47,23.22,21.48,21.47,22.79,32.14,22.3,23.72333333333334,22.209999999999997,22.41,22.704583333333332,2.532791608745631,2.393908937282251,2.2315139581580095,5.4141047508907425,23.063798929032338,22.418518032472477,3.25,0.13996554694229113,263.3047,27.891,5.4,51.42,31.99,15.77,62.65,0.79,22.66
2024-01-04 22:00:00,5.26,46.93,30.03,12.66,73.83,32.58,0.76,22.57,2024,AIIMS,Hourly,0,0,22,4,1,3,-0.5000000000000004,0.8660254037844384,0.49999999999999994,0.8660254037844387,30.48,26.47,23.22,21.08,22.7,37.51,24.61,26.72333333333334,23.711666666666662,23.050833333333333,22.635416666666668,3.636623892201729,4.073555776795803,3.230939796668526,5.2976754370408905,25.182713520737384,23.65874602747671,4.010000000000002,0.15149225538345304,246.8518,22.8228,5.41,48.67,30.99,15.18,68.14,0.9,22.74
2024-01-04 23:00:00,5.7,43.98,28.9,12.92,73.89,31.87,0.75,22.9,2024,AIIMS,Hourly,0,0,23,4,1,3,-0.25881904510252157,0.9659258262890681,0.49999999999999994,0.8660254037844387,32.58,30.48,26.47,19.54,22.53,33.37,25.98,29.843333333333337,25.62833333333333,23.874166666666667,22.429999999999996,3.1043571529920024,5.150714189961076,4.235951021979073,4.764598618980876,27.296223943383843,25.031246638634137,2.099999999999998,0.06889763779527552,250.68599999999998,21.674999999999997,5.26,46.93,30.03,12.66,73.83,0.76,22.57
2024-01-05 01:00:00,6.14,23.53,18.36,14.26,116.89,50.15,0.78,23.95,2024,AIIMS,Hourly,0,0,1,5,1,4,0.25881904510252074,0.9659258262890683,0.49999999999999994,0.8660254037844387,31.87,32.58,30.48,21.48,24.47,27.2,31.36,31.64333333333334,27.683333333333334,24.652500000000003,22.367499999999996,1.0681916182655165,4.673365667981301,4.788556671900156,4.622574334529985,28.60301710241703,26.083362540382733,-0.7099999999999973,-0.021792510742786902,144.4742,14.3208,5.7,43.98,28.9,12.92,73.89,0.75,22.9
2024-01-05 02:00:00,6.3,24.67,18.47,12.44,116.06,49.18,0.81,23.95,2024,AIIMS,Hourly,0,0,2,5,1,4,0.49999999999999994,0.8660254037844387,0.49999999999999994,0.8660254037844387,50.15,31.87,32.58,23.22,24.75,16.52,35.17,38.2,32.461666666666666,26.7925,23.32375,10.355090535577162,9.364578830180573,8.776865380595193,7.277232998103763,34.759297930297876,29.78592214955462,18.279999999999998,0.5735801694383432,155.421,14.9607,6.14,23.53,18.36,14.26,116.89,0.78,23.95
2024-01-05 03:00:00,5.56,21.06,16.66,10.96,114.51,48.77,0.79,23.96,2024,AIIMS,Hourly,0,0,3,5,1,4,0.7071067811865476,0.7071067811865476,0.49999999999999994,0.8660254037844387,49.18,50.15,31.87,26.47,18.42,17.09,26.33,43.73333333333334,36.788333333333334,28.828333333333333,24.684583333333332,10.2853893136494,10.200496883322204,10.848795352759685,8.836305040872979,38.87949852164134,32.769626434238525,-0.9699999999999989,-0.019341974077766676,117.09359999999998,13.1614,6.3,24.67,18.47,12.44,116.06,0.81,23.95
2024-01-05 04:00:00,5.39,21.13,16.57,12.02,114.3,48.26,0.8,23.94,2024,AIIMS,Hourly,0,0,4,5,1,4,0.8660254037844386,0.5000000000000001,0.49999999999999994,0.8660254037844387,48.77,49.18,50.15,30.48,21.47,17.75,25.22,49.366666666666674,40.504999999999995,31.357499999999998,26.004583333333333,0.708684226812994,9.74126634478286,11.705618017935565,9.948691405828253,41.70535608688667,35.2312223674326,-0.4099999999999966,-0.008336722244814895,113.89069999999998,13.256,5.56,21.06,16.66,10.96,114.51,0.79,23.96
2024-01-05 05:00:00,5.07,17.11,14.2,8.59,109.09,45.32,0.72,24.04,2024,AIIMS,Hourly,0,0,5,5,1,4,0.9659258262890683,0.25881904510252074,0.49999999999999994,0.8660254037844387,48.26,48.77,49.18,32.58,21.08,17.23,29.31,48.73666666666667,43.468333333333334,33.589999999999996,27.275833333333335,0.4609049070399525,8.73398744369751,12.192992025973533,10.763945824377801,43.57811149063333,37.23564969551989,-0.5100000000000051,-0.010457248308386407,86.74770000000001,10.223999999999998,5.39,21.13,16.57,12.02,114.3,0.8,23.94
2024-01-05 06:00:00,4.6,15.71,13.21,7.38,94.62,40.17,0.64,23.95,2024,AIIMS,Hourly,0,0,6,5,1,4,1.0,6.123233995736766e-17,0.49999999999999994,0.8660254037844387,45.32,48.26,48.77,31.87,19.54,19.16,30.99,47.45000000000001,45.59166666666667,35.61000000000001,28.446249999999996,1.862176146340647,6.91714223264678,11.937289169961172,11.144572401924389,44.07579392188095,38.479395896209134,-2.9399999999999977,-0.060920016576875215,72.266,8.454400000000001,5.07,17.11,14.2,8.59,109.09,0.72,24.04
2024-01-05 07:00:00,4.34,15.47,12.91,6.94,86.79,37.14,0.62,23.94,2024,AIIMS,Hourly,0,0,7,5,1,4,0.9659258262890683,-0.25881904510252063,0.49999999999999994,0.8660254037844387,40.17,45.32,48.26,50.15,21.48,18.58,31.18,44.583333333333336,46.975,37.329166666666666,29.32166666666667,4.0950010175008815,3.71114402846332,10.848417947779138,11.208408593034141,42.95985280134354,38.73948883525388,-5.149999999999999,-0.1136363636363636,67.1398,8.0042,4.6,15.71,13.21,7.38,94.62,0.64,23.95
2024-01-05 08:00:00,4.4,14.95,12.68,5.65,81.14,38.45,0.62,24.01,2024,AIIMS,Hourly,0,0,8,5,1,4,0.8660254037844387,-0.4999999999999998,0.49999999999999994,0.8660254037844387,37.14,40.17,45.32,49.18,23.22,18.22,34.34,40.87666666666667,44.80666666666667,38.634166666666665,30.095,4.135533016835082,5.045781075974829,9.643524872664381,11.074537187306719,41.29703771524538,38.49341362983021,-3.030000000000001,-0.07542942494398808,65.78,7.8616,4.34,15.47,12.91,6.94,86.79,0.62,23.94
2024-01-05 09:00:00,4.32,14.98,12.62,5.63,76.07,36.4,0.62,23.95,2024,AIIMS,Hourly,0,0,9,5,1,4,0.7071067811865476,-0.7071067811865475,0.49999999999999994,0.8660254037844387,38.45,37.14,40.17,48.77,26.47,21.22,39.32,38.58666666666667,43.01833333333334,39.903333333333336,30.937916666666666,1.5196161796101535,5.087079384741873,8.3452831896318,10.899903860432108,40.48359836803242,38.486734609856335,1.3100000000000023,0.035271943995692036,64.7136,7.8244,4.4,14.95,12.68,5.65,81.14,0.62,24.01
2024-01-05 10:00:00,4.19,18.97,14.62,6.9,70.95,30.42,0.71,23.95,2024,AIIMS,Hourly,0,0,10,5,1,4,0.49999999999999994,-0.8660254037844387,0.49999999999999994,0.8660254037844387,36.4,38.45,37.14,48.26,30.48,22.79,55.65,37.330000000000005,40.95666666666667,40.73083333333333,31.57041666666667,1.0381233067413336,4.787686985034194,7.321717953313852,10.750888529171105,39.316855977166014,38.165698516032286,-2.0500000000000043,-0.05331599479843964,79.4843,10.380199999999999,4.32,14.98,12.62,5.63,76.07,0.62,23.95
2024-01-05 11:00:00,3.83,20.79,15.25,7.52,75.13,31.98,0.69,23.91,2024,AIIMS,Hourly,0,0,11,5,1,4,0.258819045102521,-0.9659258262890682,0.49999999999999994,0.8660254037844387,30.42,36.4,38.45,45.32,32.58,22.7,40.295,35.09,37.983333333333334,40.725833333333334,31.888333333333335,4.172205651690654,4.883607955872985,7.329371123132301,10.591585941379101,36.77489712654715,36.97405259048886,-5.979999999999997,-0.1642857142857142,79.6257,10.522499999999999,4.19,18.97,14.62,6.9,70.95,0.71,23.95
2024-01-05 12:00:00,4.31,17.37,13.48,8.98,74.64,31.18,0.63,23.9,2024,AIIMS,Hourly,0,0,12,5,1,4,1.2246467991473532e-16,-1.0,0.49999999999999994,0.8660254037844387,31.98,30.42,36.4,40.17,31.87,22.53,24.94,32.93333333333334,35.76,40.67583333333334,32.275,3.101891895816588,3.7895171196340214,7.391773631831674,10.409388738683928,35.40492651896225,36.20573680733673,1.5599999999999987,0.05128205128205124,74.8647,8.4924,3.83,20.79,15.25,7.52,75.13,0.69,23.91
2024-01-05 13:00:00,3.82,16.92,13.26,8.35,75.38,31.59,0.6,23.9,2024,AIIMS,Hourly,0,0,13,5,1,4,-0.2588190451025208,-0.9659258262890683,0.49999999999999994,0.8660254037844387,31.18,31.98,30.42,37.14,50.15,24.47,26.84,31.19333333333334,34.26166666666666,40.61833333333333,32.635416666666664,0.780085465402674,3.46007177189521,7.468783317410129,10.205049891945546,34.1978046564016,35.43254652928492,-0.8000000000000007,-0.025015634771732354,64.6344,7.9559999999999995,4.31,17.37,13.48,8.98,74.64,0.63,23.9
2024-01-05 14:00:00,3.82,17.51,13.53,7.65,76.16,31.54,0.53,23.79,2024,AIIMS,Hourly,0,0,14,5,1,4,-0.4999999999999997,-0.8660254037844388,0.49999999999999994,0.8660254037844387,31.59,31.18,31.98,38.45,49.18,24.75,27.54,31.58333333333334,33.336666666666666,39.071666666666665,32.93208333333333,0.4000416644957574,3.273522058374756,7.233520246153647,10.059813715608756,33.45271761171543,34.84138552477955,0.41000000000000014,0.013149454778704302,66.8882,7.1709,3.82,16.92,13.26,8.35,75.38,0.6,23.9
2024-01-05 15:00:00,3.81,16.91,13.22,5.63,79.31,31.7,0.5,23.82,2024,AIIMS,Hourly,0,0,15,5,1,4,-0.7071067811865471,-0.7071067811865479,0.49999999999999994,0.8660254037844387,31.54,31.59,31.18,36.4,48.77,18.42,25.26,31.436666666666667,32.184999999999995,37.60166666666667,33.214999999999996,0.2236813209289601,2.1308941785080457,6.770113243759876,9.914124750335446,32.906226865511016,34.333480059428844,-0.05000000000000071,-0.0015827793605571608,64.4271,6.61,3.82,17.51,13.53,7.65,76.16,0.53,23.79
2024-01-05 16:00:00,3.82,17.44,13.52,5.43,78.64,30.73,0.47,23.84,2024,AIIMS,Hourly,0,0,16,5,1,4,-0.8660254037844385,-0.5000000000000004,0.49999999999999994,0.8660254037844387,31.7,31.54,31.59,30.42,48.26,21.47,33.61,31.610000000000003,31.401666666666667,36.17916666666667,33.76833333333334,0.08185352771386122,0.5460555527290054,5.954331438439365,9.410267134158756,32.561590618222155,33.92832928105518,0.16000000000000014,0.005072923272035515,66.6208,6.354399999999999,3.81,16.91,13.22,5.63,79.31,0.5,23.82
2024-01-05 17:00:00,4.32,23.18,16.78,5.86,78.31,29.12,0.43,23.88,2024,AIIMS,Hourly,0,0,17,5,1,4,-0.9659258262890683,-0.25881904510252063,0.49999999999999994,0.8660254037844387,30.73,31.7,31.54,31.98,45.32,21.08,35.52,31.323333333333338,31.453333333333333,34.718333333333334,34.15416666666667,0.5200320502935523,0.43871023086563404,4.74948003533651,9.067696086594282,32.038279013015824,33.4362786224313,-0.9699999999999989,-0.030599369085173467,100.1376,7.215400000000001,3.82,17.44,13.52,5.43,78.64,0.47,23.84
2024-01-05 18:00:00,4.33,28.39,19.66,6.73,76.26,27.46,0.4,23.84,2024,AIIMS,Hourly,0,0,18,5,1,4,-1.0,-1.8369701987210297e-16,0.49999999999999994,0.8660254037844387,29.12,30.73,31.7,31.18,40.17,19.54,20.77,30.51666666666667,30.97666666666667,33.36833333333333,34.48916666666667,1.303162819195076,0.9763332764308491,3.6332951068324753,8.70493908610223,31.204485009297017,32.77223575744188,-1.6099999999999994,-0.05239179954441912,122.9287,7.864000000000001,4.32,23.18,16.78,5.86,78.31,0.43,23.88
2024-01-05 19:00:00,4.28,28.89,19.8,10.38,74.83,25.76,0.4,23.77,2024,AIIMS,Hourly,0,0,19,5,1,4,-0.9659258262890684,0.2588190451025203,0.49999999999999994,0.8660254037844387,27.46,29.12,30.73,31.59,37.14,21.48,16.54,29.10333333333334,30.356666666666666,32.30916666666667,34.81916666666667,1.635063709257951,1.7196123594188957,3.3082938704614504,8.251917256358906,30.134632149497868,31.954968717835435,-1.6600000000000001,-0.05700549450549451,123.64920000000001,7.920000000000001,4.33,28.39,19.66,6.73,76.26,0.4,23.84
2024-01-05 20:00:00,5.41,26.43,19.5,4.76,73.61,24.63,0.41,23.79,2024,AIIMS,Hourly,0,0,20,5,1,4,-0.8660254037844386,0.5000000000000001,0.49999999999999994,0.8660254037844387,25.76,27.46,29.12,31.54,38.45,23.22,9.74,27.446666666666673,29.385,31.360833333333336,34.997499999999995,1.680039682070715,2.3970294115841786,3.426573847640353,7.993304399144832,28.884737249641333,31.001896607399214,-1.6999999999999993,-0.06190823015294972,142.9863,7.994999999999999,4.28,28.89,19.8,10.38,74.83,0.4,23.77
2024-01-05 21:00:00,4.27,36.75,23.98,6.05,68.29,20.59,0.51,23.86,2024,AIIMS,Hourly,0,0,21,5,1,4,-0.7071067811865477,0.7071067811865474,0.49999999999999994,0.8660254037844387,24.63,25.76,27.46,31.7,36.4,26.47,14.07,25.950000000000003,28.233333333333334,30.209166666666665,35.05625,1.4245350118543418,2.783405587884438,3.137562627649643,7.907700601587332,27.669098035458095,30.02160482164549,-1.1300000000000026,-0.04386645962732929,156.92249999999999,12.229800000000001,5.41,26.43,19.5,4.76,73.61,0.41,23.79
2024-01-05 22:00:00,4.56,41.67,26.78,7.47,77.22,23.98,0.54,23.85,2024,AIIMS,Hourly,0,0,22,5,1,4,-0.5000000000000004,0.8660254037844384,0.49999999999999994,0.8660254037844387,20.59,24.63,25.76,30.73,30.42,30.48,32.14,23.660000000000007,26.38166666666667,28.891666666666666,34.81125,2.718069167625931,3.5935353993896317,3.5886128830290307,8.268162780259368,25.646498596755784,28.57058869523849,-4.039999999999999,-0.16402760860738932,190.0152,14.461200000000002,4.27,36.75,23.98,6.05,68.29,0.51,23.86
2024-01-05 23:00:00,4.5,28.41,19.78,7.17,82.64,26.74,0.47,23.83,2024,AIIMS,Hourly,0,0,23,5,1,4,-0.25881904510252157,0.9659258262890681,0.49999999999999994,0.8660254037844387,23.98,20.59,24.63,29.12,31.98,32.58,37.51,23.066666666666674,25.256666666666664,28.355,34.540416666666665,2.1693393771680864,2.9608692417373734,3.81375620138937,8.518863201954819,25.170356140539845,27.864344280586415,3.3900000000000006,0.1646430305973774,127.845,9.2966,4.56,41.67,26.78,7.47,77.22,0.54,23.85
2024-01-06 01:00:00,6.62,38.04,26.53,35.89,118.83,36.02,0.73,24.3,2024,AIIMS,Hourly,0,0,1,6,1,5,0.25881904510252074,0.9659258262890683,0.49999999999999994,0.8660254037844387,26.74,23.98,20.59,27.46,31.18,31.87,33.37,23.770000000000007,24.86,27.918333333333333,34.29708333333333,3.0803733539944016,2.4562003175636544,3.6577634332106355,8.65954084492499,25.618825814671318,27.691368237419276,2.759999999999998,0.11509591326105079,251.8248,19.3669,4.5,28.41,19.78,7.17,82.64,0.47,23.83
2024-01-06 02:00:00,10.15,38.89,28.08,34.24,135.97,39.59,0.76,24.39,2024,AIIMS,Hourly,0,0,2,6,1,5,0.49999999999999994,0.8660254037844387,0.49999999999999994,0.8660254037844387,36.02,26.74,23.98,25.76,31.59,50.15,27.2,28.913333333333338,26.286666666666665,28.32166666666667,34.47,6.307371348932324,5.21033460217925,4.26633722686485,8.650398332120004,28.59058986762237,28.972696200893232,9.280000000000005,0.34704562453253573,394.7335,21.340799999999998,6.62,38.04,26.53,35.89,118.83,0.73,24.3
2024-01-06 03:00:00,7.94,37.14,27.12,74.1,168.5,53.43,0.76,24.38,2024,AIIMS,Hourly,0,0,3,6,1,5,0.7071067811865476,0.7071067811865476,0.49999999999999994,0.8660254037844387,39.59,36.02,26.74,24.63,31.54,49.18,16.52,34.116666666666674,28.59166666666667,28.988333333333333,34.03,6.633071184099613,7.490808812582678,5.31873162141178,8.067060237134829,31.73327847687312,30.60612755460197,3.5700000000000003,0.09911160466407551,294.89160000000004,20.6112,10.15,38.89,28.08,34.24,135.97,0.76,24.39
2024-01-06 04:00:00,12.55,36.89,30.07,69.67,191.8,65.45,0.72,24.36,2024,AIIMS,Hourly,0,0,4,6,1,5,0.8660254037844386,0.5000000000000001,0.49999999999999994,0.8660254037844387,53.43,39.59,36.02,20.59,31.7,48.77,17.09,43.01333333333334,33.39166666666667,30.812500000000004,34.20708333333334,9.196000942438674,12.194827455387225,8.852996539436363,8.451566605056533,37.93234176919509,34.11749254620167,13.839999999999996,0.3495832280879009,462.96950000000004,21.650399999999998,7.94,37.14,27.12,74.1,168.5,0.76,24.38
2024-01-06 05:00:00,13.44,34.55,29.86,48.43,194.4,78.36,0.7,24.51,2024,AIIMS,Hourly,0,0,5,6,1,5,0.9659258262890683,0.25881904510252074,0.49999999999999994,0.8660254037844387,65.45,53.43,39.59,23.98,30.73,48.26,17.75,52.823333333333345,40.86833333333333,33.625,34.90208333333333,12.940669740524774,15.950046290423916,13.369496828772014,10.205103573667058,45.79452983513935,38.937878308324485,12.020000000000003,0.22496724686505715,464.3519999999999,20.901999999999997,12.55,36.89,30.07,69.67,191.8,0.72,24.36
2024-01-06 06:00:00,11.45,30.49,26.46,19.32,194.4,78.36,0.68,24.47,2024,AIIMS,Hourly,0,0,6,6,1,5,1.0,6.123233995736766e-17,0.49999999999999994,0.8660254037844387,78.36,65.45,53.43,26.74,29.12,45.32,17.23,65.74666666666667,49.931666666666665,37.59416666666667,36.15625,12.467647465874801,19.491357486503226,18.512810531841946,13.298776279924228,55.098949882242394,45.002820107043796,12.909999999999997,0.19724980901451483,349.11049999999994,17.992800000000003,13.44,34.55,29.86,48.43,194.4,0.7,24.51
2024-01-06 07:00:00,12.08,31.16,27.08,17.43,170.5,65.07,0.72,24.57,2024,AIIMS,Hourly,0,0,7,6,1,5,0.9659258262890683,-0.25881904510252063,0.49999999999999994,0.8660254037844387,78.36,78.36,65.45,36.02,27.46,40.17,19.16,74.05666666666667,58.535,41.6975,37.53291666666667,7.45359197523818,18.578362414378674,21.65422323914918,15.76928563328267,61.744964201601704,50.13469393672937,0.0,0.0,376.4128,19.4976,11.45,30.49,26.46,19.32,194.4,0.68,24.47
2024-01-06 08:00:00,8.58,23.43,20.48,13.81,163.2,54.61,0.73,24.49,2024,AIIMS,Hourly,0,0,8,6,1,5,0.8660254037844387,-0.4999999999999998,0.49999999999999994,0.8660254037844387,65.07,78.36,78.36,39.59,25.76,37.14,18.58,73.93,63.376666666666665,44.83166666666667,38.57041666666667,7.672985077530235,14.972697374443415,22.12290168101549,16.739593127663156,62.6949744297155,52.4324333310787,-13.290000000000006,-0.16960183767228185,201.0294,14.9504,12.08,31.16,27.08,17.43,170.5,0.72,24.57
2024-01-06 09:00:00,5.45,30.18,20.83,34.92,142.3,53.46,0.8,24.3,2024,AIIMS,Hourly,0,0,9,6,1,5,0.7071067811865476,-0.7071067811865475,0.49999999999999994,0.8660254037844387,54.61,65.07,78.36,53.43,24.63,38.45,18.22,66.01333333333334,65.88,47.23583333333334,39.29833333333333,11.90306823190282,10.902817984356062,21.418296536259618,17.051618479007228,60.38498173551107,52.767443587835814,-10.459999999999994,-0.160749961579837,164.481,16.663999999999998,8.58,23.43,20.48,13.81,163.2,0.73,24.49
2024-01-06 10:00:00,4.25,29.95,20.41,33.68,144.21,57.4,0.8,24.21,2024,AIIMS,Hourly,0,0,10,6,1,5,0.49999999999999994,-0.8660254037844387,0.49999999999999994,0.8660254037844387,53.46,54.61,65.07,65.45,20.59,36.4,21.22,57.71333333333334,65.885,49.63833333333333,39.923750000000005,6.396955004791978,10.895971273824008,20.23639872441074,17.29271342213239,58.40641552536505,52.873990728168764,-1.1499999999999986,-0.02105841420985165,127.2875,16.328,5.45,30.18,20.83,34.92,142.3,0.8,24.3
2024-01-06 11:00:00,4.09,22.33,16.3,17.27,144.21,57.4,0.71,24.04,2024,AIIMS,Hourly,0,0,11,6,1,5,0.258819045102521,-0.9659258262890682,0.49999999999999994,0.8660254037844387,57.4,53.46,54.61,78.36,23.98,30.42,22.79,55.15666666666667,64.54333333333334,52.70583333333334,40.79875,2.0260881849842813,11.442172287929624,18.111155004749417,17.6345757983274,58.11886823240361,53.570299846912036,3.9399999999999977,0.07369996258885143,91.32969999999999,11.573,4.25,29.95,20.41,33.68,144.21,0.8,24.21
2024-01-06 12:00:00,3.88,19.81,14.91,12.77,119.44,49.8,0.6,23.99,2024,AIIMS,Hourly,0,0,12,6,1,5,1.2246467991473532e-16,-1.0,0.49999999999999994,0.8660254037844387,57.4,57.4,53.46,78.36,26.74,31.98,22.7,56.08666666666667,61.050000000000004,55.490833333333335,41.922916666666666,2.274760060607051,9.397054857773155,15.701593120290397,17.803337615560217,57.91347730885972,54.15948448584865,0.0,0.0,76.8628,8.946,4.09,22.33,16.3,17.27,144.21,0.71,24.04
2024-01-06 13:00:00,3.2,16.1,12.11,15.38,111.32,44.62,0.49,24.19,2024,AIIMS,Hourly,0,0,13,6,1,5,-0.2588190451025208,-0.9659258262890683,0.49999999999999994,0.8660254037844387,49.8,57.4,57.4,65.07,36.02,31.18,22.53,54.86666666666667,56.29,57.4125,42.665416666666665,4.387862045841105,5.147892772775865,13.050258879354885,17.742124518431677,55.5953409348998,53.48879456494886,-7.600000000000001,-0.132404181184669,51.52000000000001,5.9338999999999995,3.88,19.81,14.91,12.77,119.44,0.6,23.99
2024-01-06 14:00:00,2.96,18.69,13.49,13.19,96.89,34.97,0.48,24.09,2024,AIIMS,Hourly,0,0,14,6,1,5,-0.4999999999999997,-0.8660254037844388,0.49999999999999994,0.8660254037844387,44.62,49.8,57.4,54.61,39.59,31.59,24.47,50.60666666666666,52.88166666666666,58.12916666666666,43.22541666666667,6.428073843176702,4.937693456125505,11.959201446686292,17.575165032106966,52.45952923921415,52.12436463187981,-5.18,-0.10401606425702811,55.3224,6.4752,3.2,16.1,12.11,15.38,111.32,0.49,24.19
2024-01-06 15:00:00,2.83,18.87,13.39,13.14,78.21,29.57,0.47,24.07,2024,AIIMS,Hourly,0,0,15,6,1,5,-0.7071067811865471,-0.7071067811865479,0.49999999999999994,0.8660254037844387,34.97,44.62,49.8,53.46,53.43,31.54,24.75,43.129999999999995,49.60833333333333,57.74416666666667,43.36625,7.526440061542937,8.665523450240302,12.663889577946561,17.491216134043523,47.46252088515296,49.485231611590606,-9.649999999999999,-0.2162707306140744,53.402100000000004,6.2933,2.96,18.69,13.49,13.19,96.89,0.48,24.09
2024-01-06 16:00:00,3.0,21.55,14.9,13.24,71.52,29.57,0.42,24.13,2024,AIIMS,Hourly,0,0,16,6,1,5,-0.8660254037844385,-0.5000000000000004,0.49999999999999994,0.8660254037844387,29.57,34.97,44.62,57.4,65.45,31.7,18.42,36.38666666666668,45.626666666666665,55.75583333333333,43.284166666666664,7.624357896461259,11.550185568494758,15.05095917108595,17.553638769724337,42.350372060823545,46.42134982519205,-5.399999999999999,-0.15441807263368598,64.65,6.258,2.83,18.87,13.39,13.14,78.21,0.47,24.07
2024-01-06 17:00:00,3.63,20.58,14.69,10.28,70.57,26.77,0.38,24.21,2024,AIIMS,Hourly,0,0,17,6,1,5,-0.9659258262890683,-0.25881904510252063,0.49999999999999994,0.8660254037844387,29.57,29.57,34.97,57.4,78.36,30.73,21.47,31.370000000000005,40.98833333333334,52.765833333333326,43.19541666666667,3.1176914536235563,11.464329752177601,16.449053279379882,17.620013072878354,38.698837186302534,43.828834467470195,0.0,0.0,74.7054,5.5822,3.0,21.55,14.9,13.24,71.52,0.42,24.13
2024-01-06 18:00:00,3.23,19.86,14.25,6.19,64.53,22.97,0.41,24.16,2024,AIIMS,Hourly,0,0,18,6,1,5,-1.0,-1.8369701987210297e-16,0.49999999999999994,0.8660254037844387,26.77,29.57,29.57,49.8,78.36,29.12,21.08,28.63666666666667,35.88333333333333,48.46666666666667,43.03041666666667,1.6165807537300605,9.312425391199895,15.883704819338531,17.75980573708054,35.29059799021609,41.2043983955517,-2.8000000000000007,-0.0946905647615827,64.1478,5.842499999999999,3.63,20.58,14.69,10.28,70.57,0.38,24.21
2024-01-06 19:00:00,4.21,26.43,18.53,6.01,67.85,24.41,0.46,24.25,2024,AIIMS,Hourly,0,0,19,6,1,5,-0.9659258262890684,0.2588190451025203,0.49999999999999994,0.8660254037844387,22.97,26.77,29.57,44.62,65.07,27.46,19.54,26.43666666666667,31.411666666666665,43.850833333333334,42.774166666666666,3.3126021996808257,7.572477577825143,14.38436806734898,18.011820736168854,31.770427135868637,38.39910633469759,-3.8000000000000007,-0.1419499439671274,111.27029999999999,8.523800000000001,3.23,19.86,14.25,6.19,64.53,0.41,24.16
2024-01-06 20:00:00,5.27,35.73,24.24,12.26,79.35,26.74,0.68,24.33,2024,AIIMS,Hourly,0,0,20,6,1,5,-0.8660254037844386,0.5000000000000001,0.49999999999999994,0.8660254037844387,24.41,22.97,26.77,34.97,54.61,25.76,21.48,24.71666666666667,28.043333333333333,40.4625,42.647083333333335,1.9184716138973976,4.317437511610861,13.70445788453853,18.13490760196705,29.667447954191882,36.2469361293595,1.4400000000000013,0.06269046582498917,188.29709999999997,16.4832,4.21,26.43,18.53,6.01,67.85,0.46,24.25
2024-01-06 21:00:00,4.39,40.09,25.57,22.21,99.9,28.36,0.76,24.43,2024,AIIMS,Hourly,0,0,21,6,1,5,-0.7071067811865477,0.7071067811865474,0.49999999999999994,0.8660254037844387,26.74,24.41,22.97,29.57,53.46,24.63,23.22,24.706666666666674,26.671666666666667,38.14,42.687916666666666,1.9024282728476478,2.6695498996393763,13.448085365582692,18.096292913471068,28.8310342529942,34.7843305709965,2.3299999999999983,0.09545268332650546,175.9951,19.4332,5.27,35.73,24.24,12.26,79.35,0.68,24.33
2024-01-06 22:00:00,7.64,47.99,32.44,19.13,130.38,30.6,0.84,24.49,2024,AIIMS,Hourly,0,0,22,6,1,5,-0.5000000000000004,0.8660254037844384,0.49999999999999994,0.8660254037844387,28.36,26.74,24.41,29.57,57.4,20.59,26.47,26.50333333333334,26.47,36.04833333333333,42.843333333333334,1.9856065404128407,2.4428917290780485,12.78424515731858,17.94988789275067,28.696453037852997,33.79597202161242,1.620000000000001,0.06058339566192973,366.6436,27.249599999999997,4.39,40.09,25.57,22.21,99.9,0.76,24.43
2024-01-06 23:00:00,6.43,41.14,28.0,14.71,132.4,37.72,0.85,24.32,2024,AIIMS,Hourly,0,0,23,6,1,5,-0.25881904510252157,0.9659258262890681,0.49999999999999994,0.8660254037844387,30.6,28.36,26.74,26.77,57.4,23.98,30.48,28.566666666666674,26.64166666666667,33.815,43.260416666666664,1.9382810253754332,2.7242864509196902,10.920137778018574,17.52151261069275,29.240323598466425,33.30428401828743,2.240000000000002,0.0789844851904091,264.5302,23.8,7.64,47.99,32.44,19.13,130.38,0.84,24.49
2024-01-07 01:00:00,5.99,7.93,10.29,2.5,22.81,5.09,0.38,25.13,2024,AIIMS,Hourly,0,0,1,7,1,6,0.25881904510252074,0.9659258262890683,0.49999999999999994,0.8660254037844387,37.72,30.6,28.36,22.97,49.8,26.74,32.58,32.226666666666674,28.46666666666667,32.175000000000004,43.83291666666667,4.887426043770969,5.288438963121781,8.193484662162387,17.08313927956235,31.663088284618873,33.9836249385509,7.119999999999997,0.2326797385620914,47.5007,3.9101999999999997,6.43,41.14,28.0,14.71,132.4,0.85,24.32
2024-01-07 02:00:00,5.73,7.73,9.98,3.05,23.69,4.15,0.37,25.02,2024,AIIMS,Hourly,0,0,2,7,1,6,0.49999999999999994,0.8660254037844387,0.49999999999999994,0.8660254037844387,5.09,37.72,30.6,24.41,44.62,36.02,31.87,24.47000000000001,25.486666666666665,28.449166666666667,42.93083333333333,17.156978172160642,10.98007953826677,9.509993268646218,18.534913686400515,24.070777346156337,29.538451871081534,-32.629999999999995,-0.8650583244962884,44.2929,3.6926,5.99,7.93,10.29,2.5,22.81,0.38,25.13
2024-01-07 03:00:00,5.38,7.23,9.44,2.9,23.69,4.15,0.35,25.01,2024,AIIMS,Hourly,0,0,3,7,1,6,0.7071067811865476,0.7071067811865476,0.49999999999999994,0.8660254037844387,4.15,5.09,37.72,26.74,34.97,39.59,50.15,15.653333333333338,22.11,25.076666666666668,41.602916666666665,19.116072644069156,14.06053768530912,10.389278856182203,20.125003155099172,18.379126675825958,25.63253619860745,-0.9399999999999995,-0.18467583497053036,38.897400000000005,3.304,5.73,7.73,9.98,3.05,23.69,0.37,25.02
2024-01-07 04:00:00,4.6,7.96,8.86,2.71,22.67,2.9,0.32,25.04,2024,AIIMS,Hourly,0,0,4,7,1,6,0.8660254037844386,0.5000000000000001,0.49999999999999994,0.8660254037844387,4.15,4.15,5.09,28.36,29.57,53.43,49.18,4.463333333333338,18.345,22.508333333333336,40.12625,0.5427092530335483,15.521384925321517,11.47407974787545,21.530260163718157,14.313661911304255,22.327530629590917,0.0,0.0,36.616,2.8352,5.38,7.23,9.44,2.9,23.69,0.35,25.01
2024-01-07 05:00:00,4.21,8.27,9.05,2.79,20.81,2.03,0.3,25.17,2024,AIIMS,Hourly,0,0,5,7,1,6,0.9659258262890683,0.25881904510252074,0.49999999999999994,0.8660254037844387,2.9,4.15,4.15,30.6,29.57,65.45,48.77,3.7333333333333383,14.101666666666667,20.285833333333333,38.020833333333336,0.7216878364834535,15.714830468912629,12.517424552368668,22.615996246725047,11.052615650931612,19.338679763500004,-1.2500000000000004,-0.3012048192771085,34.8167,2.7150000000000003,4.6,7.96,8.86,2.71,22.67,0.32,25.04
2024-01-07 06:00:00,4.1,7.0,8.28,2.5,16.44,1.58,0.31,25.17,2024,AIIMS,Hourly,0,0,6,7,1,6,1.0,6.123233995736766e-17,0.49999999999999994,0.8660254037844387,2.03,2.9,4.15,37.72,26.77,78.36,48.26,3.0266666666666713,9.34,17.990833333333335,35.37833333333333,1.0656609842384703,13.944667798122627,13.168214111214452,22.974001500120373,8.47472546495115,16.67580595373077,-0.8700000000000001,-0.30000000000000004,28.699999999999996,2.5667999999999997,4.21,8.27,9.05,2.79,20.81,0.3,25.17
2024-01-07 07:00:00,4.35,6.99,8.45,2.74,18.47,2.7,0.35,25.02,2024,AIIMS,Hourly,0,0,7,7,1,6,0.9659258262890683,-0.25881904510252063,0.49999999999999994,0.8660254037844387,1.58,2.03,2.9,5.09,22.97,78.36,45.32,2.170000000000005,3.3166666666666664,15.891666666666666,32.17916666666667,0.6710439627883521,1.3695790107419545,13.640794987052164,22.056036128691417,6.504803903536536,14.35337426854142,-0.44999999999999973,-0.22167487684729054,30.406499999999998,2.9574999999999996,4.1,7.0,8.28,2.5,16.44,0.31,25.17
2024-01-07 08:00:00,4.93,6.99,8.96,2.65,18.47,2.7,0.38,25.04,2024,AIIMS,Hourly,0,0,8,7,1,6,0.8660254037844387,-0.4999999999999998,0.49999999999999994,0.8660254037844387,2.7,1.58,2.03,4.15,24.41,65.07,40.17,2.1033333333333384,2.9183333333333334,14.2025,29.026666666666667,0.5635896852569454,1.0641694727180042,13.936420647158476,20.522113770837155,5.417717073954669,12.560547457996586,1.12,0.7088607594936709,34.460699999999996,3.4048000000000003,4.35,6.99,8.45,2.74,18.47,0.35,25.02
2024-01-07 09:00:00,6.42,7.96,10.66,3.1,14.41,3.79,0.42,24.99,2024,AIIMS,Hourly,0,0,9,7,1,6,0.7071067811865476,-0.7071067811865475,0.49999999999999994,0.8660254037844387,2.7,2.7,1.58,4.15,26.74,54.61,37.14,2.3266666666666715,2.676666666666667,12.393333333333333,26.427916666666665,0.6466323014882898,0.8766451201397963,13.899965554786172,19.691646867150926,4.641226481396192,11.043540156766342,0.0,0.0,51.1032,4.4772,4.93,6.99,8.96,2.65,18.47,0.38,25.04
2024-01-07 10:00:00,6.67,7.96,10.82,2.69,16.23,3.79,0.43,25.16,2024,AIIMS,Hourly,0,0,10,7,1,6,0.49999999999999994,-0.8660254037844387,0.49999999999999994,0.8660254037844387,3.79,2.7,2.7,2.9,28.36,53.46,38.45,3.0633333333333383,2.6166666666666667,10.480833333333333,24.31041666666667,0.6293117934125403,0.7602280359634985,13.313008305845633,19.256998835920964,4.398018915282995,9.927610901879213,1.0899999999999999,0.4037037037037036,53.093199999999996,4.6526,6.42,7.96,10.66,3.1,14.41,0.42,24.99
2024-01-07 11:00:00,6.84,9.55,11.83,2.57,16.23,3.76,0.47,25.14,2024,AIIMS,Hourly,0,0,11,7,1,6,0.258819045102521,-0.9659258262890682,0.49999999999999994,0.8660254037844387,3.79,3.79,2.7,2.03,30.6,57.4,36.4,3.426666666666671,2.765,8.433333333333332,22.24083333333333,0.629311793412566,0.9004609930464784,12.152043100448221,18.64744904261963,4.224299225202139,8.983363070820873,0.0,0.0,65.322,5.560099999999999,6.67,7.96,10.82,2.69,16.23,0.43,25.16
2024-01-07 12:00:00,8.18,15.54,15.83,5.36,17.65,3.76,0.52,25.05,2024,AIIMS,Hourly,0,0,12,7,1,6,1.2246467991473532e-16,-1.0,0.49999999999999994,0.8660254037844387,3.76,3.79,3.79,1.58,37.72,57.4,30.42,3.7800000000000047,3.0533333333333332,6.196666666666666,20.00583333333333,0.017320507926686612,0.8950009310972326,9.976520010261655,17.424642699016808,4.091642303715814,8.179768752233047,-0.03000000000000025,-0.007915567282321965,127.11719999999998,8.2316,6.84,9.55,11.83,2.57,16.23,0.47,25.14
2024-01-07 13:00:00,8.12,13.29,14.81,5.78,35.03,10.25,0.52,25.08,2024,AIIMS,Hourly,0,0,13,7,1,6,-0.2588190451025208,-0.9659258262890683,0.49999999999999994,0.8660254037844387,3.76,3.76,3.79,2.7,5.09,49.8,31.98,3.7700000000000045,3.4166666666666665,3.3666666666666667,17.770833333333332,0.01732050792666123,0.5552897141717185,0.9977459444651838,15.782400742231813,3.996887359797009,7.499804328812578,0.0,0.0,107.91479999999999,7.701200000000001,8.18,15.54,15.83,5.36,17.65,0.52,25.05
2024-01-07 14:00:00,7.07,11.81,13.19,5.35,38.03,10.25,0.51,25.1,2024,AIIMS,Hourly,0,0,14,7,1,6,-0.4999999999999997,-0.8660254037844388,0.49999999999999994,0.8660254037844387,10.25,3.76,3.76,2.7,4.15,44.62,31.18,5.923333333333338,4.675,3.796666666666667,16.122916666666665,3.7470032470400074,2.764856234960188,2.1979756526624032,14.28659495719703,5.7834909712835785,7.922911355149104,6.49,1.7260638297872342,83.4967,6.7269,8.12,13.29,14.81,5.78,35.03,0.52,25.08
2024-01-07 15:00:00,5.76,12.3,12.39,6.72,41.4,8.76,0.48,25.17,2024,AIIMS,Hourly,0,0,15,7,1,6,-0.7071067811865471,-0.7071067811865479,0.49999999999999994,0.8660254037844387,10.25,10.25,3.76,3.79,4.15,34.97,31.59,8.086666666666671,5.933333333333334,4.305,14.690833333333332,3.747003247040033,3.3437025386037074,2.885101227151109,12.967590006616613,7.059636408059699,8.280924992818473,0.0,0.0,70.848,5.9472000000000005,7.07,11.81,13.19,5.35,38.03,0.51,25.1
2024-01-07 16:00:00,4.59,11.3,11.03,5.57,41.4,7.7,0.43,25.14,2024,AIIMS,Hourly,0,0,16,7,1,6,-0.8660254037844385,-0.5000000000000004,0.49999999999999994,0.8660254037844387,8.76,10.25,10.25,3.79,2.9,29.57,31.54,9.753333333333337,6.761666666666667,4.689166666666666,13.59875,0.8602519010898472,3.322080171619112,3.156722864368043,12.270412739771245,7.5454545771855,8.35462884007717,-1.4900000000000002,-0.1453658536585366,51.867000000000004,4.7429,5.76,12.3,12.39,6.72,41.4,0.48,25.17
2024-01-07 17:00:00,4.27,12.7,11.3,5.99,36.6,8.36,0.39,25.09,2024,AIIMS,Hourly,0,0,17,7,1,6,-0.9659258262890683,-0.25881904510252063,0.49999999999999994,0.8660254037844387,7.7,8.76,10.25,3.76,2.03,29.57,31.7,8.903333333333338,7.413333333333334,5.089166666666666,12.6875,1.281028232838225,2.9894057380464196,3.2130117797744586,11.83718358467857,7.589610412275357,8.25391671083453,-1.0599999999999996,-0.12100456621004561,54.22899999999999,4.407,4.59,11.3,11.03,5.57,41.4,0.43,25.14
2024-01-07 18:00:00,6.06,15.36,14.24,2.5,36.6,9.04,0.46,25.11,2024,AIIMS,Hourly,0,0,18,7,1,6,-1.0,-1.8369701987210297e-16,0.49999999999999994,0.8660254037844387,8.36,7.7,8.76,3.76,1.58,26.77,30.73,8.273333333333339,8.18,5.616666666666667,11.803749999999999,0.5352880844261085,2.396055091185965,3.184603110231588,11.301595044217015,7.809721723053826,8.270237216859986,0.6599999999999993,0.08571428571428562,93.0816,6.550400000000001,4.27,12.7,11.3,5.99,36.6,0.39,25.09
2024-01-07 19:00:00,5.88,13.37,13.03,5.7,32.3,9.04,0.51,25.08,2024,AIIMS,Hourly,0,0,19,7,1,6,-0.9659258262890684,0.2588190451025203,0.49999999999999994,0.8660254037844387,9.04,8.36,7.7,10.25,2.7,22.97,29.12,8.36666666666667,9.06,6.238333333333333,11.065,0.6700248751565719,1.0258849838057738,3.050269237992304,10.851268809802884,8.161229802181303,8.388662260419988,0.6799999999999997,0.08133971291866025,78.6156,6.6453,6.06,15.36,14.24,2.5,36.6,0.46,25.11
2024-01-07 20:00:00,5.42,9.69,10.76,5.68,32.3,7.35,0.49,25.18,2024,AIIMS,Hourly,0,0,20,7,1,6,-0.8660254037844386,0.5000000000000001,0.49999999999999994,0.8660254037844387,9.04,9.04,8.36,10.25,2.7,24.41,27.46,8.813333333333338,8.858333333333333,6.766666666666666,10.484583333333333,0.3925981830429388,0.8488207506092444,2.9283173366700113,10.555314333945622,8.412307001558073,8.48886806650922,0.0,0.0,52.5198,5.2724,5.88,13.37,13.03,5.7,32.3,0.51,25.08
2024-01-07 21:00:00,5.04,8.42,9.76,6.0,32.08,10.31,0.48,25.14,2024,AIIMS,Hourly,0,0,21,7,1,6,-0.7071067811865477,0.7071067811865474,0.49999999999999994,0.8660254037844387,7.35,9.04,9.04,8.76,3.79,26.74,25.76,8.476666666666672,8.374999999999998,7.154166666666666,9.77375,0.975721954928037,0.7126219193921695,2.634147984844497,10.14314667430742,8.108790715398623,8.31365759473857,-1.6899999999999995,-0.18694690265486721,42.4368,4.6848,5.42,9.69,10.76,5.68,32.3,0.49,25.18
2024-01-07 22:00:00,4.9,7.5,9.15,5.72,29.1,10.31,0.45,25.11,2024,AIIMS,Hourly,0,0,22,7,1,6,-0.5000000000000004,0.8660254037844384,0.49999999999999994,0.8660254037844387,10.31,7.35,9.04,7.7,3.79,28.36,24.63,8.900000000000004,8.633333333333333,7.697500000000001,9.089166666666666,1.4849579118598923,1.070955959255489,2.548176264061611,9.481113912114155,8.737707653856159,8.620787195548022,2.960000000000001,0.4027210884353743,36.75,4.117500000000001,5.04,8.42,9.76,6.0,32.08,0.48,25.14
2024-01-07 23:00:00,5.2,7.1,9.14,5.77,29.1,7.43,0.43,25.08,2024,AIIMS,Hourly,0,0,23,7,1,6,-0.25881904510252157,0.9659258262890681,0.49999999999999994,0.8660254037844387,10.31,10.31,7.35,8.36,3.76,30.6,20.59,9.323333333333338,9.068333333333333,8.240833333333333,8.337083333333334,1.7089567967999246,1.1436330996717616,2.324558446177828,8.556856634945227,9.186934038468685,8.880666088540634,0.0,0.0,36.92,3.9302,4.9,7.5,9.15,5.72,29.1,0.45,25.11
2024-01-08 01:00:00,5.32,5.0,8.21,3.29,19.41,12.79,0.43,25.27,2024,AIIMS,Hourly,0,0,1,8,1,0,0.25881904510252074,0.9659258262890683,0.49999999999999994,0.8660254037844387,7.43,10.31,10.31,9.04,3.76,37.72,23.98,9.350000000000003,8.913333333333332,8.546666666666665,7.371666666666666,1.6627687752647173,1.3097887870434848,1.8804367642231767,7.122749631907054,8.68495288462049,8.657486690303614,-2.880000000000001,-0.27934044616876824,26.6,3.5303000000000004,5.2,7.1,9.14,5.77,29.1,0.43,25.08
2024-01-08 02:00:00,4.86,5.17,7.95,3.48,17.07,8.96,0.4,25.31,2024,AIIMS,Hourly,0,0,2,8,1,0,0.49999999999999994,0.8660254037844387,0.49999999999999994,0.8660254037844387,12.79,7.43,10.31,9.04,10.25,5.09,26.74,10.176666666666671,9.538333333333332,9.299166666666666,6.332916666666666,2.6824864087873252,2.0613822223607237,1.5723488991333183,3.2923686189701917,9.857823489014635,9.293257968718443,5.359999999999999,0.721399730820996,25.1262,3.18,5.32,5.0,8.21,3.29,19.41,0.43,25.27
2024-01-08 03:00:00,4.98,5.04,7.9,3.04,17.6,6.32,0.39,25.44,2024,AIIMS,Hourly,0,0,3,8,1,0,0.7071067811865476,0.7071067811865476,0.49999999999999994,0.8660254037844387,8.96,12.79,7.43,7.35,10.25,4.15,36.02,9.726666666666672,9.525,9.191666666666666,6.4941666666666675,2.7610203427951565,2.0655047809187392,1.5452968725271279,3.323471098854156,9.60130249215331,9.241987511992528,-3.8299999999999983,-0.29945269741985914,25.099200000000003,3.0810000000000004,4.86,5.17,7.95,3.48,17.07,0.4,25.31
2024-01-08 04:00:00,5.0036956521739135,5.014782608695652,7.905869565217392,2.86,35.78,9.33,0.4,25.45,2024,AIIMS,Hourly,1,43,4,8,1,0,0.8660254037844386,0.5000000000000001,0.49999999999999994,0.8660254037844387,6.32,8.96,12.79,10.31,8.76,4.15,39.59,9.356666666666671,9.353333333333333,8.864166666666668,6.584583333333334,3.2531881798212434,2.31067666856807,1.708446707250435,3.286233444783636,8.663787494395223,8.792450971685986,-2.6400000000000006,-0.29464285714285715,25.092445935727792,3.162347826086957,4.98,5.04,7.9,3.04,17.6,0.39,25.44
2024-01-08 05:00:00,5.027391304347827,4.989565217391305,7.911739130434783,3.46,35.78,9.33,0.39,25.29,2024,AIIMS,Hourly,1,43,5,8,1,0,0.9659258262890683,0.25881904510252074,0.49999999999999994,0.8660254037844387,9.33,6.32,8.96,10.31,7.7,2.9,53.43,8.203333333333338,9.19,8.911666666666667,6.800416666666667,1.6414729158071935,2.263687257550868,1.713204511133857,3.2894871797574274,8.854133924568016,8.875150822195835,3.01,0.47626582278481006,25.08449678638942,3.0855782608695654,5.0036956521739135,5.014782608695652,7.905869565217392,2.86,35.78,0.4,25.45
2024-01-08 06:00:00,5.05108695652174,4.964347826086956,7.9176086956521745,3.22,33.54,8.9,0.36,25.3,2024,AIIMS,Hourly,1,43,6,8,1,0,1.0,6.123233995736766e-17,0.49999999999999994,0.8660254037844387,9.33,9.33,6.32,7.43,8.36,2.03,65.45,8.326666666666672,9.026666666666666,9.0475,7.0683333333333325,1.7378243102594055,2.2012057301998915,1.6725382180712018,3.2190974520490254,8.990095660405725,8.945127618781092,0.0,0.0,25.075352551984878,2.850339130434783,5.027391304347827,4.989565217391305,7.911739130434783,3.46,35.78,0.39,25.29
2024-01-08 07:00:00,,,,3.63,26.59,8.41,0.35,25.32,2024,AIIMS,Hourly,1,43,7,8,1,0,0.9659258262890683,-0.25881904510252063,0.49999999999999994,0.8660254037844387,8.9,9.33,9.33,12.79,9.04,1.58,78.36,9.186666666666673,9.271666666666667,9.092500000000001,7.354583333333333,0.24826061574209424,2.06557901486843,1.6595734665596429,3.0527478415436566,8.964354043146948,8.938184908199386,-0.4299999999999997,-0.0460878885316184,,,5.05108695652174,4.964347826086956,7.9176086956521745,3.22,33.54,0.36,25.3
2024-01-08 08:00:00,,,,3.99,25.63,6.65,0.33,25.43,2024,AIIMS,Hourly,1,43,8,8,1,0,0.8660254037844387,-0.4999999999999998,0.49999999999999994,0.8660254037844387,8.41,8.9,9.33,8.96,9.04,2.7,78.36,8.880000000000004,8.541666666666666,9.040000000000001,7.639166666666667,0.4603259714542379,1.1401301095334875,1.6713086870092033,2.798816390618959,8.805967173676391,8.856925691553325,-0.4900000000000002,-0.05505617977528092,,,,,,3.63,26.59,0.35,25.32
2024-01-08 09:00:00,,,,3.88,19.16,8.3,0.41,25.43,2024,AIIMS,Hourly,1,43,9,8,1,0,0.7071067811865476,-0.7071067811865475,0.49999999999999994,0.8660254037844387,6.65,8.41,8.9,6.32,7.35,2.7,65.07,7.986666666666672,8.156666666666666,8.840833333333332,7.80375,1.1832300424383062,1.3426491226917205,1.8081153338782794,2.6051834826461726,8.189976552625994,8.517398662083583,-1.7599999999999998,-0.2092746730083234,,,,,,3.99,25.63,0.33,25.43
2024-01-08 10:00:00,,,,4.25,17.23,9.13,0.49,25.31,2024,AIIMS,Hourly,1,43,10,8,1,0,0.49999999999999994,-0.8660254037844387,0.49999999999999994,0.8660254037844387,8.3,6.65,8.41,9.33,10.31,3.79,54.61,7.7866666666666715,8.486666666666666,8.92,8.037083333333333,0.9859175083791447,1.0007330646405377,1.7569808815640309,2.3681941003838913,8.221411823304281,8.483952714070725,1.6500000000000004,0.24812030075187974,,,,,,3.88,19.16,0.41,25.43
2024-01-08 11:00:00,,,,4.27,29.97,16.98,0.6,25.2,2024,AIIMS,Hourly,1,43,11,8,1,0,0.258819045102521,-0.9659258262890682,0.49999999999999994,0.8660254037844387,9.13,8.3,6.65,9.33,10.31,3.79,53.46,8.026666666666673,8.453333333333333,8.821666666666667,8.259583333333333,1.2623919095623828,0.9698797176273166,1.7043464934386645,2.19644471454431,8.481008445217345,8.583344604213691,0.8300000000000001,0.1,,,,,,4.25,17.23,0.49,25.31
2024-01-08 12:00:00,,,,2.0,33.51,16.98,0.61,25.35,2024,AIIMS,Hourly,1,43,12,8,1,0,1.2246467991473532e-16,-1.0,0.49999999999999994,0.8660254037844387,16.98,9.13,8.3,8.9,7.43,3.76,57.4,11.470000000000004,9.728333333333333,9.3775,8.809166666666666,4.789812104873789,3.6574604121801277,2.9012321050326912,2.635707836064768,10.909291746583818,9.875137742026968,7.85,0.8598028477546549,,,,,,4.27,29.97,0.6,25.2
2024-01-08 13:00:00,,,,1.61,34.85,13.86,0.55,25.51,2024,AIIMS,Hourly,1,43,13,8,1,0,-0.2588190451025208,-0.9659258262890683,0.49999999999999994,0.8660254037844387,16.98,16.98,9.13,8.41,12.79,3.76,57.4,14.363333333333339,11.075000000000001,10.173333333333334,9.36,4.532199613138086,4.645525804470162,3.554685341740892,2.9025206436730824,12.643779818988442,10.968193474022819,0.0,0.0,,,,,,2.0,33.51,0.61,25.35
2024-01-08 14:00:00,,,,1.82,34.85,13.86,0.5,25.44,2024,AIIMS,Hourly,1,43,14,8,1,0,-0.4999999999999997,-0.8660254037844388,0.49999999999999994,0.8660254037844387,13.86,16.98,16.98,6.65,8.96,10.25,49.8,15.940000000000005,11.983333333333334,10.262500000000001,9.780833333333334,1.8013328398704676,4.552101346264689,3.638716369570662,2.7850999773885925,12.991271299277457,11.413086785711616,-3.120000000000001,-0.18374558303886931,,,,,,1.61,34.85,0.55,25.51
2024-01-08 15:00:00,,,,2.16,32.42,15.71,0.48,25.34,2024,AIIMS,Hourly,1,43,15,8,1,0,-0.7071067811865471,-0.7071067811865479,0.49999999999999994,0.8660254037844387,13.86,13.86,16.98,8.3,6.32,10.25,44.62,14.900000000000006,13.185,10.670833333333334,9.93125,1.801332839870447,3.7422332904294073,3.7524233583919786,2.9063832484633747,13.239479499483897,11.789534972525214,0.0,0.0,,,,,,1.82,34.85,0.5,25.44
2024-01-08 16:00:00,,,,2.0,24.43,15.71,0.46,25.35,2024,AIIMS,Hourly,1,43,16,8,1,0,-0.8660254037844385,-0.5000000000000004,0.49999999999999994,0.8660254037844387,15.71,13.86,13.86,9.13,9.33,8.76,34.97,14.476666666666672,14.42,11.453333333333333,10.15875,1.0680979979987935,2.945593318840552,3.741697070808463,3.1369651804682666,13.945342499631355,12.392683438290565,1.8500000000000014,0.13347763347763358,,,,,,2.16,32.42,0.48,25.34
2024-01-08 17:00:00,,,,2.07,22.6,13.75,0.42,25.37,2024,AIIMS,Hourly,1,43,17,8,1,0,-0.9659258262890683,-0.25881904510252063,0.49999999999999994,0.8660254037844387,15.71,15.71,13.86,16.98,9.33,7.7,29.57,15.093333333333339,15.516666666666667,11.985000000000001,10.448333333333332,1.0680979979988137,1.4033198732522645,3.86384052936496,3.3178039707610663,14.449530356879539,12.90303983239971,0.0,0.0,,,,,,2.0,24.43,0.46,25.35
2024-01-08 18:00:00,,,,2.1,24.58,14.71,0.48,25.47,2024,AIIMS,Hourly,1,43,18,8,1,0,-1.0,-1.8369701987210297e-16,0.49999999999999994,0.8660254037844387,13.75,15.71,15.71,16.98,8.9,8.36,29.57,15.056666666666672,14.978333333333333,12.353333333333333,10.700416666666667,1.1316065276097829,1.3481456400050993,3.7978470775219577,3.32972446851448,14.249664540628242,13.033341396645907,-1.9600000000000009,-0.1247612985359644,,,,,,2.07,22.6,0.42,25.37
2024-01-08 19:00:00,,,,2.43,25.5,18.49,0.57,25.44,2024,AIIMS,Hourly,1,43,19,8,1,0,-0.9659258262890684,0.2588190451025203,0.49999999999999994,0.8660254037844387,14.71,13.75,15.71,13.86,8.41,9.04,26.77,14.723333333333338,14.6,12.8375,10.964999999999998,0.9800680248477889,0.9267146270552208,3.6862820022347242,3.3874551176222614,14.381188957591602,13.291288874084998,0.9600000000000009,0.06981818181818188,,,,,,2.1,24.58,0.48,25.47
2024-01-08 20:00:00,,,,2.88,39.81,18.49,0.61,25.31,2024,AIIMS,Hourly,1,43,20,8,1,0,-0.8660254037844386,0.5000000000000001,0.49999999999999994,0.8660254037844387,18.49,14.71,13.75,13.86,6.65,9.04,22.97,15.650000000000006,15.371666666666664,13.6775,11.35875,2.505913007268164,1.749610432829192,3.7338284641905597,3.6897075558665042,15.555134969708288,14.091090585764228,3.7799999999999976,0.2569680489462949,,,,,,2.43,25.5,0.57,25.44
2024-01-08 21:00:00,,,,2.74,39.81,18.47,0.57,25.32,2024,AIIMS,Hourly,1,43,21,8,1,0,-0.7071067811865477,0.7071067811865474,0.49999999999999994,0.8660254037844387,18.49,18.49,14.71,15.71,8.3,7.35,24.41,17.230000000000004,16.143333333333334,14.664166666666667,11.752500000000003,2.1823840175358433,1.958148785630127,3.2396477315044674,3.9280366264996562,16.39366783550592,14.767845880262039,0.0,0.0,,,,,,2.88,39.81,0.61,25.31
2024-01-08 22:00:00,,,,2.66,36.7,18.65,0.53,25.4,2024,AIIMS,Hourly,1,43,22,8,1,0,-0.5000000000000004,0.8660254037844384,0.49999999999999994,0.8660254037844387,18.47,18.49,18.49,15.71,9.13,10.31,26.74,18.483333333333338,16.603333333333335,15.511666666666668,12.215833333333334,0.011547005209859525,2.1507084104231184,2.710437178200096,4.040385169613541,16.986905596789942,15.337408052529419,-0.019999999999999574,-0.001081665765278506,,,,,,2.74,39.81,0.57,25.32
2024-01-08 23:00:00,,,,2.4,33.41,18.65,0.49,25.36,2024,AIIMS,Hourly,1,43,23,8,1,0,-0.25881904510252157,0.9659258262890681,0.49999999999999994,0.8660254037844387,18.65,18.47,18.49,13.75,16.98,10.31,28.36,18.53666666666667,17.09333333333333,16.304999999999996,12.563333333333333,0.09865765722598534,2.2395505501472237,1.9628851677614183,4.2238275107504375,17.46207542627853,15.84703758290951,0.17999999999999972,0.009745533297238752,,,,,,2.66,36.7,0.53,25.4
2024-01-09 01:00:00,,,,3.68,49.72,18.29,0.6,25.29,2024,AIIMS,Hourly,1,43,1,9,1,1,0.25881904510252074,0.9659258262890683,0.49999999999999994,0.8660254037844387,18.65,18.65,18.47,14.71,16.98,7.43,30.6,18.590000000000003,17.91,16.444166666666664,12.910833333333334,0.10392304843483961,1.5698152757563733,2.0712993652791107,4.370893766592043,17.801482447341808,16.2782625701542,0.0,0.0,,,,,,2.4,33.41,0.49,25.36
2024-01-09 02:00:00,,,,3.56,62.83,21.58,0.6,25.32,2024,AIIMS,Hourly,1,43,2,9,1,1,0.49999999999999994,0.8660254037844387,0.49999999999999994,0.8660254037844387,18.29,18.65,18.65,18.49,13.86,12.79,37.72,18.530000000000005,18.506666666666664,16.55333333333333,13.363333333333332,0.20784609689861058,0.1341143790378993,2.135629919137381,4.340858126609876,17.941058890958434,16.587760636284326,-0.35999999999999943,-0.019302949061662168,,,,,,3.68,49.72,0.6,25.29
2024-01-09 03:00:00,,,,3.93,75.78,28.92,0.55,25.29,2024,AIIMS,Hourly,1,43,3,9,1,1,0.7071067811865476,0.7071067811865476,0.49999999999999994,0.8660254037844387,21.58,18.29,18.65,18.49,13.86,8.96,5.09,19.50666666666667,19.021666666666665,17.196666666666665,13.729583333333332,1.8045590412423125,1.2604509774936563,2.397287608691843,4.650178565216454,18.980756350684594,17.35579746147135,3.289999999999999,0.17987971569163475,,,,,,3.56,62.83,0.6,25.32
2024-01-09 04:00:00,,,,4.03,66.17,26.81,0.52,25.21,2024,AIIMS,Hourly,1,43,4,9,1,1,0.8660254037844386,0.5000000000000001,0.49999999999999994,0.8660254037844387,28.92,21.58,18.29,18.47,15.71,6.32,4.15,22.930000000000007,20.759999999999998,18.451666666666668,14.56125,5.4420676217772455,4.183472242049423,3.938386456251778,5.472283771324909,21.820540250488996,19.13490554432191,7.340000000000003,0.3401297497683042,,,,,,3.93,75.78,0.55,25.29
2024-01-09 05:00:00,,,,3.79,48.27,23.52,0.47,25.25,2024,AIIMS,Hourly,1,43,5,9,1,1,0.9659258262890683,0.25881904510252074,0.49999999999999994,0.8660254037844387,26.81,28.92,21.58,18.65,15.71,9.33,4.15,25.770000000000007,22.149999999999995,19.376666666666665,15.415,3.778901956917697,4.631911052686354,4.499467308538379,5.723239429310159,23.24610017892071,20.315689306733923,-2.110000000000003,-0.07295988934993095,,,,,,4.03,66.17,0.52,25.21
2024-01-09 06:00:00,,,,3.07,35.86,16.51,0.47,25.31,2024,AIIMS,Hourly,1,43,6,9,1,1,1.0,6.123233995736766e-17,0.49999999999999994,0.8660254037844387,23.52,26.81,28.92,18.65,13.75,9.33,2.9,26.41666666666667,22.96166666666667,20.0275,16.00625,2.72140282452447,4.311544580155082,4.485704819453934,5.799736735029046,23.32435727065765,20.80866018262101,-3.289999999999999,-0.12271540469973888,,,,,,3.79,48.27,0.47,25.25
2024-01-09 07:00:00,,,,3.13,32.24,15.29,0.46,25.29,2024,AIIMS,Hourly,1,43,7,9,1,1,0.9659258262890683,-0.25881904510252063,0.49999999999999994,0.8660254037844387,16.51,23.52,26.81,18.29,14.71,8.9,2.03,22.280000000000005,22.605,20.257499999999997,16.305416666666666,5.2607699056313235,4.800361444724553,4.195972365365221,5.62286943547501,21.37739805046975,20.14732784683316,-7.009999999999998,-0.29804421768707473,,,,,,3.07,35.86,0.47,25.31
2024-01-09 08:00:00,,,,3.15,47.11,17.43,0.49,25.23,2024,AIIMS,Hourly,1,43,8,9,1,1,0.8660254037844387,-0.4999999999999998,0.49999999999999994,0.8660254037844387,15.29,16.51,23.52,21.58,18.49,8.41,1.58,18.44,22.105,20.305833333333336,16.571666666666665,4.441497495214427,5.451740089182352,4.1290687004859645,5.403995033198485,19.63814146462125,19.40004663962806,-1.2200000000000024,-0.07389460932768033,,,,,,3.13,32.24,0.46,25.29
2024-01-09 09:00:00,,,,3.0,37.33,15.24,0.51,25.22,2024,AIIMS,Hourly,1,43,9,9,1,1,0.7071067811865476,-0.7071067811865475,0.49999999999999994,0.8660254037844387,17.43,15.29,16.51,28.92,18.49,6.65,2.7,16.410000000000007,21.413333333333338,20.217499999999998,16.947499999999998,1.0734989520236753,5.78475467644607,4.182439751236925,5.117772315984198,19.007243903300893,19.096962541223743,2.1400000000000006,0.1399607586657947,,,,,,3.15,47.11,0.49,25.23
2024-01-09 10:00:00,,,,2.71,36.27,10.98,0.52,25.28,2024,AIIMS,Hourly,1,43,10,9,1,1,0.49999999999999994,-0.8660254037844387,0.49999999999999994,0.8660254037844387,15.24,17.43,15.29,26.81,18.47,8.3,2.7,15.98666666666667,19.133333333333333,19.946666666666665,17.305416666666666,1.250213315130357,4.855646884470154,4.4038399222276,4.644815697346053,17.93088850235778,18.503583688727783,-2.1899999999999995,-0.12564543889845092,,,,,,3.0,37.33,0.51,25.22
2024-01-09 11:00:00,,,,3.11,30.82,8.98,0.51,25.29,2024,AIIMS,Hourly,1,43,11,9,1,1,0.258819045102521,-0.9659258262890682,0.49999999999999994,0.8660254037844387,10.98,15.24,17.43,23.52,18.65,9.13,3.79,14.550000000000006,16.495,19.322499999999998,17.417083333333334,3.279893290946494,4.090656426540623,5.1068352146011575,4.446900707885279,15.944920358826987,17.346109275077353,-4.26,-0.2795275590551181,,,,,,2.71,36.27,0.52,25.28
2024-01-09 12:00:00,,,,2.71,32.4,9.2,0.48,25.24,2024,AIIMS,Hourly,1,43,12,9,1,1,1.2246467991473532e-16,-1.0,0.49999999999999994,0.8660254037844387,8.98,10.98,15.24,16.51,18.65,16.98,3.79,11.73333333333334,14.071666666666667,18.516666666666666,17.410833333333333,3.1972696685342314,3.3333671664946865,5.920688432534774,4.459142944232101,13.954943113447849,16.05901554045007,-2.0,-0.18214936247723132,,,,,,3.11,30.82,0.51,25.29
2024-01-09 13:00:00,,,,3.02,27.06,9.0,0.48,25.21,2024,AIIMS,Hourly,1,43,13,9,1,1,-0.2588190451025208,-0.9659258262890683,0.49999999999999994,0.8660254037844387,9.2,8.98,10.98,15.29,18.29,16.98,3.76,9.720000000000004,12.853333333333333,17.729166666666668,17.086666666666666,1.0967223896663854,3.5899396466604894,6.501333371398532,4.764183096786223,12.596387938177035,15.003782380380828,0.21999999999999886,0.02449888641425377,,,,,,2.71,32.4,0.48,25.24
2024-01-09 14:00:00,,,,2.95,31.33,6.55,0.47,25.27,2024,AIIMS,Hourly,1,43,14,9,1,1,-0.4999999999999997,-0.8660254037844388,0.49999999999999994,0.8660254037844387,9.0,9.2,8.98,17.43,21.58,13.86,3.76,9.060000000000004,11.805,16.955,16.754166666666666,0.12165525058750462,3.653906129062184,6.965058898138986,5.042301852428893,11.56884852726931,14.080123552629932,-0.1999999999999993,-0.021739130434782532,,,,,,3.02,27.06,0.48,25.21
2024-01-09 15:00:00,,,,3.06,23.22,5.68,0.46,25.28,2024,AIIMS,Hourly,1,43,15,9,1,1,-0.7071067811865471,-0.7071067811865479,0.49999999999999994,0.8660254037844387,6.55,9.0,9.2,15.24,28.92,13.86,10.25,8.250000000000004,9.991666666666667,15.7025,16.449583333333333,1.475635456335833,2.9325921412062916,7.395826986766353,5.430561248251214,10.134891805192366,12.92164300607148,-2.45,-0.27222222222222225,,,,,,2.95,31.33,0.47,25.27
2024-01-09 16:00:00,,,,2.88,24.46,8.68,0.46,25.27,2024,AIIMS,Hourly,1,43,16,9,1,1,-0.8660254037844385,-0.5000000000000004,0.49999999999999994,0.8660254037844387,5.68,6.55,9.0,10.98,26.81,15.71,10.25,7.0766666666666715,8.398333333333333,13.765833333333333,16.108749999999997,1.7215206456295344,1.9397774786466968,6.622419852060831,5.841317832624103,8.862065575137404,11.807544082060483,-0.8700000000000001,-0.13282442748091605,,,,,,3.06,23.22,0.46,25.28
2024-01-09 17:00:00,,,,3.3,27.87,8.19,0.47,25.19,2024,AIIMS,Hourly,1,43,17,9,1,1,-0.9659258262890683,-0.25881904510252063,0.49999999999999994,0.8660254037844387,8.68,5.68,6.55,8.98,23.52,15.71,8.76,6.970000000000005,8.015,12.255,15.815833333333332,1.5434701163272933,1.5064096388427277,5.315029290948085,6.03522624241168,8.81004683938386,11.326383454051179,3.0,0.5281690140845071,,,,,,2.88,24.46,0.46,25.27
2024-01-09 18:00:00,,,,3.43,32.29,9.49,0.49,25.22,2024,AIIMS,Hourly,1,43,18,9,1,1,-1.0,-1.8369701987210297e-16,0.49999999999999994,0.8660254037844387,8.19,8.68,5.68,9.2,16.51,13.75,7.7,7.51666666666667,7.883333333333333,10.9775,15.5025,1.6093580500711309,1.4381747691657458,4.054008397982035,6.232930952678897,8.6328905995599,10.843862922658689,-0.4900000000000002,-0.05645161290322583,,,,,,3.3,27.87,0.47,25.19
2024-01-09 19:00:00,,,,3.38,34.85,11.27,0.54,25.29,2024,AIIMS,Hourly,1,43,19,9,1,1,-0.9659258262890684,0.2588190451025203,0.49999999999999994,0.8660254037844387,9.49,8.19,8.68,9.0,15.29,14.71,8.36,8.78666666666667,7.9316666666666675,10.3925,15.324999999999998,0.6565312889183782,1.495023968592125,3.6715394962776933,6.34466431085084,8.877778999685644,10.635576319172737,1.3000000000000007,0.15873015873015883,,,,,,3.43,32.29,0.49,25.22
2024-01-09 20:00:00,,,,3.92,37.95,16.29,0.59,25.28,2024,AIIMS,Hourly,1,43,20,9,1,1,-0.8660254037844386,0.5000000000000001,0.49999999999999994,0.8660254037844387,11.27,9.49,8.19,6.55,17.43,18.49,9.04,9.650000000000004,8.31,10.0575,15.181666666666665,1.5462212002153968,2.0159265859644475,3.3536957226319437,6.397796269141611,9.561270714061173,10.73317996237693,1.7799999999999994,0.18756585879873544,,,,,,3.38,34.85,0.54,25.29
2024-01-09 21:00:00,,,,3.74,36.48,15.86,0.58,25.18,2024,AIIMS,Hourly,1,43,21,9,1,1,-0.7071067811865477,0.7071067811865474,0.49999999999999994,0.8660254037844387,16.29,11.27,9.49,5.68,15.24,18.49,9.04,12.350000000000003,9.933333333333332,9.9625,15.089999999999998,3.526301178288051,3.6080835171410466,3.1348774805694744,6.364005438195691,11.483764795757981,11.588075352780479,5.02,0.44543034605146403,,,,,,3.92,37.95,0.59,25.28
2024-01-09 22:00:00,,,,3.65,39.41,12.93,0.58,25.22,2024,AIIMS,Hourly,1,43,22,9,1,1,-0.5000000000000004,0.8660254037844384,0.49999999999999994,0.8660254037844387,15.86,16.29,11.27,8.68,10.98,18.47,7.35,14.473333333333338,11.63,10.014166666666666,14.980416666666665,2.7824868972430328,3.6014941343834233,3.2333277491360395,6.325441025466894,12.7341177112557,12.245294529275789,-0.4299999999999997,-0.026396562308164503,,,,,,3.74,36.48,0.58,25.18
2024-01-09 23:00:00,,,,3.68,27.31,13.13,0.57,25.28,2024,AIIMS,Hourly,1,43,23,9,1,1,-0.25881904510252157,0.9659258262890681,0.49999999999999994,0.8660254037844387,12.93,15.86,16.29,8.19,8.98,18.65,10.31,15.02666666666667,12.338333333333333,10.176666666666666,14.749583333333334,1.8284510749071718,3.3115218052528146,3.3337239165106247,6.293564331342501,12.790084079468356,12.350633832464128,-2.9299999999999997,-0.18474148802017654,,,,,,3.65,39.41,0.58,25.22
2024-01-10 01:00:00,6.07,3.88,8.17,2.6,31.1,15.6,0.4,25.14,2024,AIIMS,Hourly,0,0,1,10,1,2,0.25881904510252074,0.9659258262890683,0.49999999999999994,0.8660254037844387,13.13,12.93,15.86,9.49,9.2,18.65,10.31,13.973333333333338,13.161666666666667,10.522499999999999,14.519583333333335,1.6369585618851605,2.614638917071503,3.4126212932156523,6.2455065441280695,12.887202913905968,12.470536319777338,0.20000000000000107,0.01546790409899467,23.5516,3.2680000000000002,,,,3.68,27.31,0.57,25.28
2024-01-10 02:00:00,6.04,4.05,8.1,2.65,28.39,15.28,0.39,25.13,2024,AIIMS,Hourly,0,0,2,10,1,2,0.49999999999999994,0.8660254037844387,0.49999999999999994,0.8660254037844387,15.6,13.13,12.93,11.27,9.0,18.29,7.43,13.88666666666667,14.18,11.055833333333334,14.392499999999998,1.4871561227151397,2.0210888154651077,3.677010787764036,6.188578013249881,13.66228779564712,12.951992270580824,2.469999999999999,0.188118811881188,24.462,3.159,6.07,3.88,8.17,2.6,31.1,0.4,25.14
2024-01-10 03:00:00,5.42,4.25,7.91,2.6,26.4,11.52,0.37,25.11,2024,AIIMS,Hourly,0,0,3,10,1,2,0.7071067811865476,0.7071067811865476,0.49999999999999994,0.8660254037844387,15.28,15.6,13.13,16.29,6.55,21.58,12.79,14.670000000000003,14.848333333333334,11.579166666666666,14.267083333333334,1.3432423459658482,1.448163204429943,3.802571996409606,6.136438195881786,14.124491282605085,13.310147305876082,-0.3200000000000003,-0.02051282051282053,23.035,2.9267,6.04,4.05,8.1,2.65,28.39,0.39,25.13
2024-01-10 04:00:00,5.13,4.02,7.49,2.28,24.42,12.93,0.36,25.1,2024,AIIMS,Hourly,0,0,4,10,1,2,0.8660254037844386,0.5000000000000001,0.49999999999999994,0.8660254037844387,11.52,15.28,15.6,15.86,5.68,28.92,8.96,14.133333333333338,14.053333333333335,11.993333333333332,13.847916666666665,2.2688616822823606,1.7716169638679864,3.4602636088055454,5.956129454578948,13.38035091614649,13.034740028048992,-3.76,-0.24607329842931938,20.6226,2.6964,5.42,4.25,7.91,2.6,26.4,0.37,25.11
2024-01-10 05:00:00,5.37,3.46,7.33,2.64,23.91,12.64,0.34,25.1,2024,AIIMS,Hourly,0,0,5,10,1,2,0.9659258262890683,0.25881904510252074,0.49999999999999994,0.8660254037844387,12.93,11.52,15.28,12.93,8.68,26.81,6.32,13.243333333333338,13.565,12.597499999999998,13.181666666666667,1.8994823856327534,1.5658959096945646,2.8339921248366373,5.017177161179312,13.251679225818922,13.018626177579916,1.4100000000000001,0.12239583333333336,18.5802,2.4922000000000004,5.13,4.02,7.49,2.28,24.42,0.36,25.1
2024-01-10 06:00:00,5.67,3.87,7.92,2.32,18.6,9.02,0.38,25.11,2024,AIIMS,Hourly,0,0,6,10,1,2,1.0,6.123233995736766e-17,0.49999999999999994,0.8660254037844387,12.64,12.93,11.52,13.13,8.19,23.52,9.33,12.363333333333337,13.516666666666666,12.9275,12.59125,0.7446028023913508,1.593645715541831,2.552980878039643,4.092162511647313,13.076913732727803,12.960375996413775,-0.28999999999999915,-0.022428460943542085,21.9429,3.0096,5.37,3.46,7.33,2.64,23.91,0.34,25.1
2024-01-10 07:00:00,6.39,4.69,8.93,2.33,25.44,9.34,0.39,25.12,2024,AIIMS,Hourly,0,0,7,10,1,2,0.9659258262890683,-0.25881904510252063,0.49999999999999994,0.8660254037844387,9.02,12.64,12.93,15.6,9.49,16.51,9.33,11.530000000000006,12.831666666666669,12.996666666666668,11.987083333333333,2.1785545666784847,2.4475981423969198,2.4207824930768935,3.424395191494204,11.917795523377002,12.354164304657811,-3.620000000000001,-0.2863924050632912,29.9691,3.4827,5.67,3.87,7.92,2.32,18.6,0.38,25.11
2024-01-10 08:00:00,7.06,5.36,9.82,2.14,37.65,14.9,0.47,25.12,2024,AIIMS,Hourly,0,0,8,10,1,2,0.8660254037844387,-0.4999999999999998,0.49999999999999994,0.8660254037844387,9.34,9.02,12.64,15.28,11.27,15.29,8.9,10.333333333333337,11.788333333333332,12.984166666666667,11.688333333333333,2.004029274568851,2.3643385262404526,2.440839864150031,3.323940389076985,11.181282516697859,11.89044671932584,0.3200000000000003,0.035476718403547707,37.8416,4.6154,6.39,4.69,8.93,2.33,25.44,0.39,25.12
2024-01-10 09:00:00,7.57,6.66,10.9,2.57,37.2,14.74,0.5,25.09,2024,AIIMS,Hourly,0,0,9,10,1,2,0.7071067811865476,-0.7071067811865475,0.49999999999999994,0.8660254037844387,14.9,9.34,9.02,11.52,16.29,17.43,8.41,11.086666666666673,11.725,13.286666666666667,11.672083333333333,3.3063171858321443,2.254646313725994,2.4340140185348016,3.3064745170462735,12.243773226212756,12.353454916352636,5.5600000000000005,0.5952890792291221,50.4162,5.45,7.06,5.36,9.82,2.14,37.65,0.47,25.12
2024-01-10 10:00:00,8.01,8.62,12.09,2.6,43.95,15.93,0.52,25.12,2024,AIIMS,Hourly,0,0,10,10,1,2,0.49999999999999994,-0.8660254037844387,0.49999999999999994,0.8660254037844387,14.74,14.9,9.34,12.93,15.86,15.24,6.65,12.993333333333338,12.261666666666665,13.157499999999999,11.56,3.1648907300772775,2.558799848887143,2.297441759079723,3.14442778370705,12.956980875866254,12.72061569845223,-0.16000000000000014,-0.010738255033557057,69.0462,6.2868,7.57,6.66,10.9,2.57,37.2,0.5,25.09
2024-01-10 11:00:00,8.22,20.59,18.7,2.5,49.98,17.89,0.63,25.14,2024,AIIMS,Hourly,0,0,11,10,1,2,0.258819045102521,-0.9659258262890682,0.49999999999999994,0.8660254037844387,15.93,14.74,14.9,12.64,12.93,10.98,8.3,15.190000000000005,12.761666666666665,13.163333333333334,11.58875,0.6458327956954867,2.974803634975736,2.305003779658966,3.1824618751760148,13.80641491133304,13.214367129459578,1.1899999999999995,0.08073270013568518,169.24980000000002,11.780999999999999,8.01,8.62,12.09,2.6,43.95,0.52,25.12
2024-01-10 12:00:00,5.94,25.44,19.41,5.87,53.63,18.09,0.69,25.15,2024,AIIMS,Hourly,0,0,12,10,1,2,1.2246467991473532e-16,-1.0,0.49999999999999994,0.8660254037844387,17.89,15.93,14.74,9.02,13.13,8.98,9.13,16.18666666666667,13.636666666666665,13.576666666666668,11.876666666666665,1.59060785026644,3.631488216511907,2.6744628460966133,3.4280881560703005,14.973153508095027,13.933695263388874,1.9600000000000009,0.123038292529818,151.11360000000002,13.3929,8.22,20.59,18.7,2.5,49.98,0.63,25.14
2024-01-10 13:00:00,4.34,15.4,12.88,5.36,53.18,18.01,0.61,25.09,2024,AIIMS,Hourly,0,0,13,10,1,2,-0.2588190451025208,-0.9659258262890683,0.49999999999999994,0.8660254037844387,18.09,17.89,15.93,9.34,15.6,9.2,16.98,17.303333333333338,15.148333333333333,13.99,12.25625,1.1935381574668116,3.1857898026493827,2.9664916529922,3.5937624857995654,15.863681077210735,14.573126761329046,0.1999999999999993,0.011179429849077657,66.836,7.856800000000001,5.94,25.44,19.41,5.87,53.63,0.69,25.15
2024-01-10 14:00:00,3.95,11.72,10.64,5.33,50.41,20.02,0.46,25.16,2024,AIIMS,Hourly,0,0,14,10,1,2,-0.4999999999999997,-0.8660254037844388,0.49999999999999994,0.8660254037844387,18.01,18.09,17.89,14.9,15.28,9.0,16.98,17.99666666666667,16.593333333333334,14.190833333333332,12.623333333333333,0.10066445911689959,1.5918877682376844,3.1606255374337606,3.7158820904513967,16.476915055150528,15.101876490355346,-0.0799999999999983,-0.004422332780541642,46.294000000000004,4.8944,4.34,15.4,12.88,5.36,53.18,0.61,25.09
2024-01-10 15:00:00,5.04,14.33,12.89,5.68,52.92,19.7,0.52,25.16,2024,AIIMS,Hourly,0,0,15,10,1,2,-0.7071067811865471,-0.7071067811865479,0.49999999999999994,0.8660254037844387,20.02,18.01,18.09,14.74,11.52,6.55,13.86,18.70666666666667,17.446666666666665,14.585833333333333,13.082499999999998,1.1380831838355756,1.8534364479702925,3.57778107550505,3.9237351880675586,17.489225039393233,15.858510876454524,2.009999999999998,0.11160466407551348,72.2232,6.702800000000001,3.95,11.72,10.64,5.33,50.41,0.46,25.16
2024-01-10 16:00:00,4.52,13.48,11.7,5.11,52.01,17.51,0.53,25.1,2024,AIIMS,Hourly,0,0,16,10,1,2,-0.8660254037844385,-0.5000000000000004,0.49999999999999994,0.8660254037844387,19.7,20.02,18.01,15.93,12.93,5.68,13.86,19.24333333333334,18.273333333333333,15.2675,13.630416666666667,1.0800154319866615,1.47155246819973,3.7170983918299876,3.889862498034589,18.120875028138023,16.449509203153827,-0.3200000000000003,-0.015984015984015998,60.92959999999999,6.201,5.04,14.33,12.89,5.68,52.92,0.52,25.16
2024-01-10 17:00:00,4.64,12.92,11.39,5.53,45.55,17.3,0.55,25.12,2024,AIIMS,Hourly,0,0,17,10,1,2,-0.9659258262890683,-0.25881904510252063,0.49999999999999994,0.8660254037844387,17.51,19.7,20.02,17.89,12.64,8.68,15.71,19.07666666666667,18.53666666666667,15.649166666666666,14.123333333333335,1.3661747082014541,1.0490694289057858,3.690305378675103,3.5754265986468865,17.946339305812874,16.612661633437853,-2.1899999999999977,-0.11116751269035521,59.9488,6.264500000000001,4.52,13.48,11.7,5.11,52.01,0.53,25.1
2024-01-10 18:00:00,4.04,12.33,10.75,5.13,44.94,15.26,0.42,25.13,2024,AIIMS,Hourly,0,0,18,10,1,2,-1.0,-1.8369701987210297e-16,0.49999999999999994,0.8660254037844387,17.3,17.51,19.7,18.09,9.02,8.19,15.71,18.17,18.438333333333336,16.0375,14.482500000000002,1.3291726750110273,1.1450662280692383,3.588649087432048,3.4350485725306776,17.761670932723483,16.718405997524336,-0.21000000000000085,-0.011993146773272463,49.8132,4.515,4.64,12.92,11.39,5.53,45.55,0.55,25.12
2024-01-10 19:00:00,4.08,8.41,8.79,4.74,41.83,18.28,0.43,25.2,2024,AIIMS,Hourly,0,0,19,10,1,2,-0.9659258262890684,0.2588190451025203,0.49999999999999994,0.8660254037844387,15.26,17.3,17.51,18.01,9.34,9.49,13.75,16.690000000000005,17.96666666666667,16.5575,14.777083333333335,1.242859605907253,1.7436475178959534,2.8568390828771095,3.164449920143212,17.046907809088204,16.494035844059052,-2.040000000000001,-0.11791907514450872,34.3128,3.7796999999999996,4.04,12.33,10.75,5.13,44.94,0.42,25.13
2024-01-10 20:00:00,5.9,7.46,9.98,4.21,41.57,18.15,0.46,25.13,2024,AIIMS,Hourly,0,0,20,10,1,2,-0.8660254037844386,0.5000000000000001,0.49999999999999994,0.8660254037844387,18.28,15.26,17.3,20.02,14.9,11.27,14.71,16.946666666666673,18.011666666666667,17.3025,15.143333333333333,1.5406924849979866,1.748466947547113,1.7578712591188013,3.031816311210252,17.399219863634432,16.76879956035766,3.0200000000000014,0.19790301441677596,44.014,4.590800000000001,4.08,8.41,8.79,4.74,41.83,0.43,25.2
2024-01-10 21:00:00,4.84,8.24,9.4,5.09,39.82,16.58,0.5,25.11,2024,AIIMS,Hourly,0,0,21,10,1,2,-0.7071067811865477,0.7071067811865474,0.49999999999999994,0.8660254037844387,18.15,18.28,15.26,19.7,14.74,16.29,18.49,17.230000000000004,17.7,17.573333333333334,15.430000000000001,1.7073078222734004,1.462094388197306,1.59707877265342,2.974376076334551,17.613728474024594,16.98129193568725,-0.13000000000000256,-0.007111597374179571,39.8816,4.7,5.9,7.46,9.98,4.21,41.57,0.46,25.13
2024-01-10 22:00:00,5.24,6.56,8.58,4.18,43.31,15.09,0.49,25.14,2024,AIIMS,Hourly,0,0,22,10,1,2,-0.5000000000000004,0.8660254037844384,0.49999999999999994,0.8660254037844387,16.58,18.15,18.28,17.51,15.93,15.86,18.49,17.670000000000005,17.18,17.726666666666667,15.442083333333334,0.9462029380613604,1.124330912141999,1.372922121431036,2.978607756429122,17.318377481446138,16.91955471481229,-1.5700000000000003,-0.08650137741046834,34.3744,4.2042,4.84,8.24,9.4,5.09,39.82,0.5,25.11
2024-01-10 23:00:00,5.57,5.67,8.78,4.15,43.04,14.85,0.52,25.16,2024,AIIMS,Hourly,0,0,23,10,1,2,-0.25881904510252157,0.9659258262890681,0.49999999999999994,0.8660254037844387,15.09,16.58,18.15,17.3,17.89,12.93,18.47,16.60666666666667,16.776666666666667,17.656666666666666,15.409999999999998,1.5301742820114501,1.3859100499905217,1.4893337945251555,2.9780574351327704,16.681698201032958,16.63808475868732,-1.4899999999999984,-0.08986731001206263,31.5819,4.5656,5.24,6.56,8.58,4.18,43.31,0.49,25.14
2024-01-11 01:00:00,31.63,8.97,31.27,9.3,132.54,70.20333333333333,1.01,25.38,2024,AIIMS,Hourly,1,1,1,11,1,3,0.25881904510252074,0.9659258262890683,0.49999999999999994,0.8660254037844387,14.85,15.09,16.58,15.26,18.09,13.13,18.65,15.50666666666667,16.368333333333332,17.403333333333332,15.49,0.9372477438379001,1.5518687659285926,1.6909402082505283,2.934003052663127,16.158355857880686,16.362994795812348,-0.2400000000000002,-0.015904572564612342,283.72110000000004,31.5827,5.57,5.67,8.78,4.15,43.04,0.52,25.16
2024-01-11 02:00:00,26.61,9.29,27.54,8.38,177.29,97.88,0.9,25.38,2024,AIIMS,Hourly,0,0,2,11,1,3,0.49999999999999994,0.8660254037844387,0.49999999999999994,0.8660254037844387,70.20333333333333,14.85,15.09,18.28,18.01,15.6,18.65,33.38111111111112,25.525555555555552,21.746111111111116,17.868055555555554,31.889205650768936,21.935778958553456,15.35194370172308,11.51605360966743,31.5997779937243,24.646123801584807,55.35333333333333,3.7274971941638606,247.20689999999996,24.786,31.63,8.97,31.27,9.3,132.54,1.01,25.38
2024-01-11 03:00:00,22.59,7.92,23.6,6.51,164.13,92.9,0.82,25.38,2024,AIIMS,Hourly,0,0,3,11,1,3,0.7071067811865476,0.7071067811865476,0.49999999999999994,0.8660254037844387,97.88,70.20333333333333,14.85,18.15,20.02,15.28,18.29,60.97777777777778,38.79222222222222,28.401944444444442,21.296388888888888,42.27680666135367,36.14563011342165,26.70259271103804,19.961846431704586,50.53698428123164,35.912873985956374,27.676666666666662,0.3942357912729689,178.9128,19.352,26.61,9.29,27.54,8.38,177.29,0.9,25.38
2024-01-11 04:00:00,19.76,6.98,20.85,5.02,67.54,52.68,0.76,25.4,2024,AIIMS,Hourly,0,0,4,11,1,3,0.8660254037844386,0.5000000000000001,0.49999999999999994,0.8660254037844387,92.9,97.88,70.20333333333333,16.58,19.7,11.52,21.58,86.99444444444445,51.25055555555556,34.475277777777784,24.530555555555555,14.753174548525351,40.25623614445986,32.320034142719145,24.67596645424208,62.6407030580226,44.68012414196309,-4.97999999999999,-0.05087862689006937,137.92480000000003,15.846000000000002,22.59,7.92,23.6,6.51,164.13,0.82,25.38
2024-01-11 05:00:00,17.242857142857144,8.755714285714285,19.735714285714288,4.38,50.79,16.89,0.71,25.38,2024,AIIMS,Hourly,1,6,5,11,1,3,0.9659258262890683,0.25881904510252074,0.49999999999999994,0.8660254037844387,52.68,92.9,97.88,15.09,17.51,12.93,28.92,81.15333333333335,57.267222222222216,37.22361111111111,26.245555555555555,24.78402980415675,36.566697867909284,32.35161049988124,25.158025460845725,59.79478789858757,45.91087427396877,-40.220000000000006,-0.4329386437029064,150.9735306122449,14.012357142857143,19.76,6.98,20.85,5.02,67.54,0.76,25.4
2024-01-11 06:00:00,14.725714285714288,10.531428571428572,18.621428571428574,3.5,55.16,23.33,0.69,25.4,2024,AIIMS,Hourly,1,6,6,11,1,3,1.0,6.123233995736766e-17,0.49999999999999994,0.8660254037844387,16.89,52.68,92.9,14.85,17.3,12.64,26.81,54.15666666666667,57.56722222222222,37.17194444444444,26.41055555555555,38.02650961281261,36.15654564477864,32.386432296341646,25.079762010032436,47.53627707041969,41.44612438566588,-35.79,-0.679384965831435,155.08280816326533,12.848785714285714,17.242857142857144,8.755714285714285,19.735714285714288,4.38,50.79,0.71,25.38
2024-01-11 07:00:00,12.20857142857143,12.307142857142855,17.50714285714286,3.93,54.4,22.01,0.63,25.39,2024,AIIMS,Hourly,1,6,7,11,1,3,0.9659258262890683,-0.25881904510252063,0.49999999999999994,0.8660254037844387,23.33,16.89,52.68,70.20333333333333,15.26,9.02,23.52,30.96666666666667,58.980555555555554,37.67444444444445,26.85597222222222,19.077998672117825,34.26928715120654,32.0955478939493,24.918975443985133,40.62019790744264,38.65902832633267,6.439999999999998,0.38129070455891045,150.25263265306123,11.029500000000002,14.725714285714288,10.531428571428572,18.621428571428574,3.5,55.16,0.69,25.4
2024-01-11 08:00:00,,,,3.38,56.83,30.44,0.6,25.38,2024,AIIMS,Hourly,1,6,8,11,1,3,0.8660254037844387,-0.4999999999999998,0.49999999999999994,0.8660254037844387,22.01,23.33,16.89,97.88,18.28,9.34,16.51,20.74333333333334,50.94833333333333,38.23694444444444,27.397222222222222,3.4017250525769245,36.676128158063044,31.724004054487782,24.65439678510416,35.30299850531617,36.09763935305072,-1.3199999999999967,-0.056579511358765405,,,12.20857142857143,12.307142857142855,17.50714285714286,3.93,54.4,0.63,25.39
2024-01-11 09:00:00,,,,3.77,91.92,30.35,0.61,25.36,2024,AIIMS,Hourly,1,6,9,11,1,3,0.7071067811865476,-0.7071067811865475,0.49999999999999994,0.8660254037844387,30.44,22.01,23.33,92.9,18.15,14.9,15.29,25.260000000000005,39.708333333333336,39.250277777777775,28.27638888888889,4.5343025924607385,28.933291148202706,31.218769621551402,24.35690087448186,33.91357036094012,35.22723329873522,8.43,0.3830077237619264,,,,,,3.38,56.83,0.6,25.38
2024-01-11 10:00:00,,,,4.43,145.44,69.29,0.67,25.39,2024,AIIMS,Hourly,1,6,10,11,1,3,0.49999999999999994,-0.8660254037844387,0.49999999999999994,0.8660254037844387,30.35,30.44,22.01,52.68,16.58,14.74,17.43,27.600000000000005,29.283333333333335,40.26694444444445,28.920138888888886,4.841291150095828,12.584259480266006,30.662854685948297,24.191603295940844,32.895407400671516,34.47688971431442,-0.08999999999999986,-0.002956636005256237,,,,,,3.77,91.92,0.61,25.36
2024-01-11 11:00:00,2.14,19.41,13.05,6.15,140.81,66.48,0.7,25.37,2024,AIIMS,Hourly,0,0,11,11,1,3,0.258819045102521,-0.9659258262890682,0.49999999999999994,0.8660254037844387,69.29,30.35,30.44,16.89,15.09,15.93,15.24,43.360000000000014,32.05166666666667,44.65944444444444,31.193055555555556,22.456083808179834,18.96821174140211,30.73649736665467,25.33689194907867,43.29386242905109,39.832752835189126,38.940000000000005,1.283031301482702,41.537400000000005,9.135,,,,4.43,145.44,0.67,25.39
2024-01-11 12:00:00,3.79,23.97,16.45,7.51,100.48,45.21,0.76,25.34,2024,AIIMS,Hourly,0,0,12,11,1,3,1.2246467991473532e-16,-1.0,0.49999999999999994,0.8660254037844387,66.48,69.29,30.35,23.33,14.85,17.89,10.98,55.37333333333334,40.31666666666667,48.94194444444444,33.299305555555556,21.716340238017313,21.654274096969054,29.808116495456957,26.102450992310178,49.91847316360792,43.932329322083106,-2.8100000000000023,-0.04055419252417379,90.8463,12.501999999999999,2.14,19.41,13.05,6.15,140.81,0.7,25.37
2024-01-11 13:00:00,4.33,16.77,13.22,7.19,72.45,35.38,0.7,25.33,2024,AIIMS,Hourly,0,0,13,11,1,3,-0.2588190451025208,-0.9659258262890683,0.49999999999999994,0.8660254037844387,45.21,66.48,69.29,22.01,70.20333333333333,18.09,8.98,60.32666666666668,43.96333333333334,51.47194444444445,34.43763888888889,13.16659535845656,20.000733653210446,27.877357759898977,25.99673179903727,48.5731951168628,44.12889404176263,-21.270000000000003,-0.3199458483754513,72.6141,9.254,3.79,23.97,16.45,7.51,100.48,0.76,25.34
2024-01-11 14:00:00,4.43,12.15,11.19,10.22,64.3,25.32,0.65,25.34,2024,AIIMS,Hourly,0,0,14,11,1,3,-0.4999999999999997,-0.8660254037844388,0.49999999999999994,0.8660254037844387,35.38,45.21,66.48,30.44,97.88,18.01,9.2,49.02333333333334,46.19166666666666,48.57,35.158055555555556,15.896812049380522,17.675286042004096,27.560921280287076,25.762526054557462,44.803710797759145,42.78291034302992,-9.829999999999998,-0.21742977217429768,53.8245,7.2735,4.33,16.77,13.22,7.19,72.45,0.7,25.33
2024-01-11 15:00:00,4.62,13.13,11.9,12.72,63.63,17.59,0.6,25.36,2024,AIIMS,Hourly,0,0,15,11,1,3,-0.7071067811865471,-0.7071067811865479,0.49999999999999994,0.8660254037844387,25.32,35.38,45.21,30.35,92.9,20.02,9.0,35.30333333333334,45.33833333333334,42.52333333333333,35.46263888888889,9.94522163319298,18.68272508673895,23.405493657116754,25.593633077117993,39.236936284113675,40.096308751794545,-10.060000000000002,-0.28434143583945737,60.6606,7.14,4.43,12.15,11.19,10.22,64.3,0.65,25.34
2024-01-11 16:00:00,4.76,15.25,13.14,13.1,58.74,15.81,0.59,25.35,2024,AIIMS,Hourly,0,0,16,11,1,3,-0.8660254037844385,-0.5000000000000004,0.49999999999999994,0.8660254037844387,17.59,25.32,35.38,69.29,52.68,19.7,6.55,26.096666666666675,43.21166666666667,36.247499999999995,35.36138888888889,8.920394236429782,21.276299881949985,18.183954027958507,25.66209633535964,33.05209734579548,36.63379971305692,-7.73,-0.3052922590837283,72.59,7.7526,4.62,13.13,11.9,12.72,63.63,0.6,25.36
2024-01-11 17:00:00,4.6,16.56,13.38,12.9,57.53,27.8,0.62,25.34,2024,AIIMS,Hourly,0,0,17,11,1,3,-0.9659258262890683,-0.25881904510252063,0.49999999999999994,0.8660254037844387,15.81,17.59,25.32,66.48,16.89,17.51,5.68,19.573333333333338,34.29833333333333,33.175000000000004,35.199305555555554,5.055712940162806,19.274291080780767,18.26969497680391,25.777341358567217,28.125783818425344,33.430138218740474,-1.7799999999999994,-0.10119386014781122,76.17599999999999,8.2956,4.76,15.25,13.14,13.1,58.74,0.59,25.35
2024-01-11 18:00:00,4.91,17.07,13.95,8.49,74.51,27.9,0.66,25.33,2024,AIIMS,Hourly,0,0,18,11,1,3,-1.0,-1.8369701987210297e-16,0.49999999999999994,0.8660254037844387,27.8,15.81,17.59,45.21,23.33,17.3,8.68,20.400000000000006,27.85166666666667,34.08416666666667,35.628055555555555,6.470092735038371,11.087858975774587,17.646451334389276,25.554942419130697,28.032702727446676,32.56396310816502,11.99,0.7583807716635041,83.8137,9.207,4.6,16.56,13.38,12.9,57.53,0.62,25.34
2024-01-11 19:00:00,5.38,16.03,13.65,8.52,79.81,26.88,0.65,25.34,2024,AIIMS,Hourly,0,0,19,11,1,3,-0.9659258262890684,0.2588190451025203,0.49999999999999994,0.8660254037844387,27.9,27.8,15.81,35.38,22.01,15.26,8.19,23.836666666666673,24.96666666666667,34.465,36.069722222222225,6.9514770612676005,7.258847475093075,17.44138521396215,25.314878287706897,27.994787662461913,31.846430322293475,0.09999999999999787,0.003597122302158197,86.2414,8.8725,4.91,17.07,13.95,8.49,74.51,0.66,25.33
2024-01-11 20:00:00,5.36,13.55,12.73,12.92,80.31,34.86,0.62,25.32,2024,AIIMS,Hourly,0,0,20,11,1,3,-0.8660254037844386,0.5000000000000001,0.49999999999999994,0.8660254037844387,26.88,27.9,27.8,25.32,30.44,18.28,9.49,27.52666666666667,23.55,34.87083333333334,36.55388888888889,0.5622573550694169,5.415459352630988,17.179929864569136,25.008842680906334,27.67627690175851,31.082364118863712,-1.0199999999999996,-0.036559139784946224,72.62800000000001,7.8926,5.38,16.03,13.65,8.52,79.81,0.65,25.34
2024-01-11 21:00:00,7.02,12.2,12.83,8.46,106.98,52.06,0.69,25.32,2024,AIIMS,Hourly,0,0,21,11,1,3,-0.7071067811865477,0.7071067811865474,0.49999999999999994,0.8660254037844387,34.86,26.88,27.9,17.59,30.35,18.15,11.27,29.880000000000006,25.14,35.23916666666667,37.24472222222222,4.342856203006997,7.15891891279671,17.123587378145064,24.709310962239734,29.72876921554179,31.66353886980776,7.98,0.296875,85.64399999999999,8.852699999999999,5.36,13.55,12.73,12.92,80.31,0.62,25.32
2024-01-11 22:00:00,10.7725,23.085,21.7775,7.455000000000001,94.0025,44.712500000000006,0.7374999999999999,21.285,2024,AIIMS,Hourly,1,2,22,11,1,3,-0.5000000000000004,0.8660254037844384,0.49999999999999994,0.8660254037844387,52.06,34.86,26.88,15.81,69.29,16.58,16.29,37.93333333333334,30.885,37.04833333333333,38.65763888888889,12.86826069573234,12.049102456199732,17.697326882551444,24.53889826376059,36.10912086824413,34.801455966760415,17.200000000000003,0.4934021801491682,248.68316250000004,16.06090625,7.02,12.2,12.83,8.46,106.98,0.69,25.32
2024-01-11 23:00:00,14.525000000000002,33.97,30.725,6.450000000000001,81.025,37.365,0.7849999999999999,17.25,2024,AIIMS,Hourly,1,2,23,11,1,3,-0.25881904510252157,0.9659258262890681,0.49999999999999994,0.8660254037844387,44.712500000000006,52.06,34.86,27.8,66.48,15.09,15.86,43.877500000000005,35.702083333333334,35.00020833333333,39.82982638888889,8.63034870384717,10.494024301556822,14.814077321401728,24.1065441081736,38.567229191602955,36.32623197187419,-7.347499999999997,-0.14113522858240485,493.41425000000004,24.119125,10.7725,23.085,21.7775,7.455000000000001,94.0025,0.7374999999999999,21.285
2024-01-12 01:00:00,22.03,55.74,48.62,4.44,55.07,22.67,0.88,9.18,2024,AIIMS,Hourly,0,0,1,12,1,4,0.25881904510252074,0.9659258262890683,0.49999999999999994,0.8660254037844387,37.365,44.712500000000006,52.06,27.9,45.21,14.85,12.93,44.712500000000006,37.29625,32.57395833333334,40.75795138888889,7.347499999999763,9.753941735267771,11.111011913777494,23.534644359829777,38.223735136859254,36.486042437739705,-7.347500000000004,-0.16432764886776635,1227.9522000000002,42.785599999999995,14.525000000000002,33.97,30.725,6.450000000000001,81.025,0.7849999999999999,17.25
2024-01-12 02:00:00,22.72,56.47,49.25,4.05,51.75,21.26,0.79,9.6,2024,AIIMS,Hourly,0,0,2,12,1,4,0.49999999999999994,0.8660254037844387,0.49999999999999994,0.8660254037844387,22.67,37.365,44.712500000000006,26.88,35.38,70.20333333333333,13.13,34.915833333333346,36.42458333333333,30.695624999999996,41.08378472222223,11.223491639562516,10.924978308521492,10.677425854077264,23.212283275582557,33.77981081204233,34.36049744731821,-14.695,-0.3932824836076542,1282.9984,38.9075,22.03,55.74,48.62,4.44,55.07,0.88,9.18
2024-01-12 03:00:00,22.93,53.17,47.79,4.42,44.92,17.93,0.74,9.67,2024,AIIMS,Hourly,0,0,3,12,1,4,0.7071067811865476,0.7071067811865476,0.49999999999999994,0.8660254037844387,21.26,22.67,37.365,34.86,25.32,97.88,15.6,27.09833333333334,35.48791666666667,29.518958333333334,39.04447916666667,8.919100758110627,12.08616734294479,10.890173920596162,22.68676697197838,30.202722008601665,32.34503630157695,-1.4100000000000001,-0.062196735774150864,1219.1881,35.364599999999996,22.72,56.47,49.25,4.05,51.75,0.79,9.6
2024-01-12 04:00:00,23.8,53.65,48.95,4.15,47.91,17.94,0.73,9.67,2024,AIIMS,Hourly,0,0,4,12,1,4,0.8660254037844386,0.5000000000000001,0.49999999999999994,0.8660254037844387,17.93,21.26,22.67,52.06,17.59,92.9,15.28,20.620000000000005,32.66625,28.903125,35.713229166666665,2.4339474110991195,14.074747222419255,11.348513975857223,19.286991990536585,26.696230006144045,30.12733840902665,-3.330000000000002,-0.15663217309501418,1276.87,35.7335,22.93,53.17,47.79,4.42,44.92,0.74,9.67
2024-01-12 05:00:00,26.53,56.66,52.71,4.38,59.52,17.94,0.67,9.32,2024,AIIMS,Hourly,0,0,5,12,1,4,0.9659258262890683,0.25881904510252074,0.49999999999999994,0.8660254037844387,17.94,17.93,21.26,44.712500000000006,15.81,52.68,11.52,19.04333333333334,26.979583333333334,28.932291666666668,32.58989583333334,1.9196961565126416,11.289006866933212,11.317201582422944,15.275956144542254,24.194450004388603,28.252363269176396,0.010000000000001563,0.0005577244841049394,1503.1897999999999,35.3157,23.8,53.65,48.95,4.15,47.91,0.73,9.67
2024-01-12 06:00:00,29.47,58.45,55.24,4.32,63.13,17.0,0.66,8.38,2024,AIIMS,Hourly,0,0,6,12,1,4,1.0,6.123233995736766e-17,0.49999999999999994,0.8660254037844387,17.94,17.94,17.93,37.365,27.8,16.89,12.93,17.93666666666667,22.517500000000002,29.10979166666667,31.142395833333335,0.005773502350605548,7.549900496032946,11.10743989294465,14.931557249357736,22.407464288849003,26.66584584314926,0.0,0.0,1722.5215,36.458400000000005,26.53,56.66,52.71,4.38,59.52,0.67,9.32
2024-01-12 07:00:00,32.62,54.9,56.68,4.08,63.13,17.88,0.67,8.89,2024,AIIMS,Hourly,0,0,7,12,1,4,0.9659258262890683,-0.25881904510252063,0.49999999999999994,0.8660254037844387,17.0,17.94,17.94,22.67,27.9,23.33,12.64,17.62666666666667,19.12333333333333,28.20979166666667,31.146979166666668,0.5427092530346163,2.274965201198733,11.647625316811698,14.927008367151853,20.862474492035002,25.178792636510913,-0.9400000000000013,-0.05239687848383507,1790.8379999999997,37.9756,29.47,58.45,55.24,4.32,63.13,0.66,8.38
2024-01-12 08:00:00,37.19,55.29,60.54,4.01,59.51,17.88,0.71,8.71,2024,AIIMS,Hourly,0,0,8,12,1,4,0.8660254037844387,-0.4999999999999998,0.49999999999999994,0.8660254037844387,17.88,17.0,17.94,21.26,26.88,22.01,9.02,17.606666666666673,18.325,27.37479166666667,30.91989583333333,0.5262445565793437,1.4846110601765452,12.024901646655659,15.091645084197058,20.010338922882145,24.05590146166308,0.879999999999999,0.05176470588235288,2056.2351,42.983399999999996,32.62,54.9,56.68,4.08,63.13,0.67,8.89
2024-01-12 09:00:00,42.88,59.44,67.28,4.77,70.22,21.45,0.73,8.17,2024,AIIMS,Hourly,0,0,9,12,1,4,0.7071067811865476,-0.7071067811865475,0.49999999999999994,0.8660254037844387,17.88,17.88,17.0,17.93,34.86,30.44,9.34,17.58666666666667,17.761666666666667,26.624791666666667,30.7478125,0.508068236882989,0.37418800978277456,12.335230792435587,15.220652754679367,19.401670659201532,23.105762775253375,0.0,0.0,2548.7872,49.114399999999996,37.19,55.29,60.54,4.01,59.51,0.71,8.71
2024-01-12 10:00:00,43.64,62.38,69.25,4.8,70.22,22.11,0.76,7.01,2024,AIIMS,Hourly,0,0,10,12,1,4,0.49999999999999994,-0.8660254037844387,0.49999999999999994,0.8660254037844387,21.45,17.88,17.88,17.94,52.06,30.35,14.9,19.070000000000004,18.348333333333333,25.50729166666667,30.373229166666665,2.061140461006007,1.5627209177153762,12.127021830415677,15.338722356222574,19.98690761371538,22.85103004059901,3.5700000000000003,0.19966442953020136,2722.2632000000003,52.63,42.88,59.44,67.28,4.77,70.22,0.73,8.17
2024-01-12 11:00:00,43.53,62.31,69.29,5.18,64.39,22.62,0.78,7.98,2024,AIIMS,Hourly,0,0,11,12,1,4,0.258819045102521,-0.9659258262890682,0.49999999999999994,0.8660254037844387,22.11,21.45,17.88,17.94,44.712500000000006,69.29,14.74,20.480000000000004,19.043333333333333,23.011458333333337,30.029895833333338,2.2757196663904042,2.1585056559261506,8.787678904058401,15.43120586314781,20.59350543836813,22.737025418968393,0.6600000000000001,0.030769230769230778,2712.3543,54.046200000000006,43.64,62.38,69.25,4.8,70.22,0.76,7.01
2024-01-12 12:00:00,39.57,53.93,61.66,4.2,64.91,22.62,0.8,8.67,2024,AIIMS,Hourly,0,0,12,12,1,4,1.2246467991473532e-16,-1.0,0.49999999999999994,0.8660254037844387,22.62,22.11,21.45,17.0,37.365,66.48,15.93,22.060000000000006,19.823333333333334,21.170416666666664,28.0853125,0.5866003750391293,2.4988210553509385,5.543227833185808,13.021062709428747,21.172503884548664,22.719021508357873,0.5100000000000016,0.02306648575305299,2134.0101,49.328,43.53,62.31,69.29,5.18,64.39,0.78,7.98
2024-01-12 13:00:00,34.38,55.28,56.73,4.7,64.91,22.49,0.82,8.96,2024,AIIMS,Hourly,0,0,13,12,1,4,-0.2588190451025208,-0.9659258262890683,0.49999999999999994,0.8660254037844387,22.62,22.62,22.11,17.88,22.67,45.21,17.89,22.450000000000006,20.76,19.941666666666666,26.2578125,0.29444863727999276,2.2718538685396346,2.3300403169876005,10.162097452118527,21.586074203249048,22.70378743014897,0.0,0.0,1900.5264000000002,46.51859999999999,39.57,53.93,61.66,4.2,64.91,0.8,8.67
2024-01-12 14:00:00,31.94,56.59,56.55,4.65,60.93,21.48,0.8,7.91,2024,AIIMS,Hourly,0,0,14,12,1,4,-0.4999999999999997,-0.8660254037844388,0.49999999999999994,0.8660254037844387,22.49,22.62,22.62,17.88,21.26,35.38,18.09,22.57666666666667,21.528333333333336,19.926666666666666,25.311145833333338,0.07505553496829387,1.8419057160086014,2.3113842107483493,9.345242685893062,21.84433871660646,22.670897056279898,-0.13000000000000256,-0.005747126436781722,1807.4846000000002,45.24,34.38,55.28,56.73,4.7,64.91,0.82,8.96
2024-01-12 15:00:00,30.25,57.67,55.95,4.63,56.28,19.97,0.8,8.64,2024,AIIMS,Hourly,0,0,15,12,1,4,-0.7071067811865471,-0.7071067811865479,0.49999999999999994,0.8660254037844387,21.48,22.49,22.62,21.45,17.93,25.32,18.01,22.19666666666667,22.12833333333333,19.945,24.731979166666672,0.6240459384767885,0.5468241643025242,2.3237606667562463,9.122159682404224,21.740241940433187,22.48768212454453,-1.009999999999998,-0.04490884837705639,1744.5175000000002,44.760000000000005,31.94,56.59,56.55,4.65,60.93,0.8,7.91
2024-01-12 16:00:00,27.86,50.06,49.77,3.92,50.22,17.78,0.8,9.03,2024,AIIMS,Hourly,0,0,16,12,1,4,-0.8660254037844385,-0.5000000000000004,0.49999999999999994,0.8660254037844387,19.97,21.48,22.49,22.11,17.94,17.59,20.02,21.313333333333336,21.88166666666667,20.115,24.5090625,1.2682402506344668,1.0323064790386418,2.235907381396111,9.172395756825576,21.234458528880847,22.100346413076142,-1.5100000000000016,-0.07029795158286785,1394.6716000000001,39.816,30.25,57.67,55.95,4.63,56.28,0.8,8.64
2024-01-12 17:00:00,25.73,49.78,48.13,4.07,42.76,16.35,0.79,9.26,2024,AIIMS,Hourly,0,0,17,12,1,4,-0.9659258262890683,-0.25881904510252063,0.49999999999999994,0.8660254037844387,17.78,19.97,21.48,22.62,17.94,15.81,19.7,19.74333333333334,21.16,20.101666666666667,24.51697916666667,1.8603852647581844,1.9480759738774298,2.2504861427673073,9.166244222190805,20.247470377772032,21.43567773414135,-2.1899999999999977,-0.10966449674511757,1280.8394,38.0227,27.86,50.06,49.77,3.92,50.22,0.8,9.03
2024-01-12 18:00:00,27.91,56.39,53.67,4.46,40.15,14.43,0.81,8.56,2024,AIIMS,Hourly,0,0,18,12,1,4,-1.0,-1.8369701987210297e-16,0.49999999999999994,0.8660254037844387,16.35,17.78,19.97,22.62,17.0,27.8,17.51,18.03333333333334,20.115,19.969166666666666,24.539479166666666,1.8232480175032106,2.585627583392184,2.4290494150193527,9.14457947006447,19.13390741269431,20.65326577504268,-1.4299999999999997,-0.08042744656917883,1573.8449,43.4727,25.73,49.78,48.13,4.07,42.76,0.79,9.26
2024-01-12 19:00:00,30.63,59.88,57.17,4.8,36.46,17.39,0.85,7.65,2024,AIIMS,Hourly,0,0,19,12,1,4,-0.9659258262890684,0.2588190451025203,0.49999999999999994,0.8660254037844387,14.43,16.35,17.78,22.49,17.88,27.9,17.3,16.18666666666667,18.75,19.755,23.98239583333333,1.6809620261414022,3.1078030825646796,2.799660693726975,9.342420884214258,17.78993386621022,19.695840271189958,-1.9200000000000017,-0.11743119266055055,1834.1244,48.594500000000004,27.91,56.39,53.67,4.46,40.15,0.81,8.56
2024-01-12 20:00:00,32.55,57.18,56.72,4.61,35.52,17.39,0.9,8.36,2024,AIIMS,Hourly,0,0,20,12,1,4,-0.8660254037844386,0.5000000000000001,0.49999999999999994,0.8660254037844387,17.39,14.43,16.35,21.48,17.88,26.88,15.26,16.056666666666672,17.900000000000002,19.714166666666667,23.544479166666665,1.5016435440308087,2.5226652572227146,2.8328702384469704,9.396966670014738,17.675667047293015,19.34109561408381,2.960000000000001,0.2051282051282052,1861.2089999999998,51.048,30.63,59.88,57.17,4.8,36.46,0.85,7.65
2024-01-12 21:00:00,34.78,50.52,55.84,4.47,34.69,15.61,0.94,9.08,2024,AIIMS,Hourly,0,0,21,12,1,4,-0.7071067811865477,0.7071067811865474,0.49999999999999994,0.8660254037844387,17.39,17.39,14.43,19.97,21.45,34.86,18.28,16.40333333333334,17.218333333333334,19.673333333333336,23.1490625,1.7089567968001418,1.8152070588958236,2.865060155907639,9.450024177921971,17.594047890923584,19.040927058070913,0.0,0.0,1757.0856,52.4896,32.55,57.18,56.72,4.61,35.52,0.9,8.36
2024-01-12 22:00:00,36.57,54.1,59.42,4.33,30.74,14.18,0.93,8.72,2024,AIIMS,Hourly,0,0,22,12,1,4,-0.5000000000000004,0.8660254037844384,0.49999999999999994,0.8660254037844387,15.61,17.39,17.39,17.78,22.11,52.06,18.15,16.79666666666667,16.491666666666667,19.186666666666667,22.346979166666667,1.0276834791556164,1.290091728004349,3.0272439711073638,9.227132279173613,17.027177064945416,18.513092126060002,-1.7800000000000011,-0.102357676825762,1978.4370000000001,55.260600000000004,34.78,50.52,55.84,4.47,34.69,0.94,9.08
2024-01-12 23:00:00,36.99,58.75,62.14,4.31,26.21,12.88,0.88,7.59,2024,AIIMS,Hourly,0,0,23,12,1,4,-0.25881904510252157,0.9659258262890681,0.49999999999999994,0.8660254037844387,14.18,15.61,17.39,16.35,22.62,44.712500000000006,16.58,15.726666666666672,15.891666666666666,18.525833333333335,20.768645833333334,1.6081770217639002,1.4032593012929795,3.1921308310318484,6.8596741817651985,16.213697903532438,17.84646256820462,-1.4299999999999997,-0.09160794362588083,2173.1625,54.6832,36.57,54.1,59.42,4.33,30.74,0.93,8.72
2025-01-01 01:00:00,22.5009199718376,66.49811781272001,54.45171321286083,3.4125346162872567,76.60766721426896,27.428911053743253,0.7403942736446844,23.754348744426192,2025,AIIMS,Hourly,1,23,1,1,1,2,0.25881904510252074,0.9659258262890683,0.49999999999999994,0.8660254037844387,12.88,14.18,15.61,14.43,22.62,37.365,15.09,14.223333333333338,15.313333333333334,17.714166666666667,19.442291666666666,1.3655157755695928,1.8275083219140955,3.29316498312193,4.795692809169645,15.261212788237456,17.082391403865447,-1.299999999999999,-0.09167842031029612,1496.2688271818413,40.31573665294476,36.99,58.75,62.14,4.31,26.21,0.88,7.59
2025-01-01 02:00:00,22.49921497301103,66.49902957052335,54.45080849565829,3.4124290072752874,76.61359774700774,27.430623093170617,0.7403778455761558,23.7562508800751,2025,AIIMS,Hourly,1,23,2,1,1,2,0.49999999999999994,0.8660254037844387,0.49999999999999994,0.8660254037844387,27.428911053743253,12.88,14.18,17.39,22.49,22.67,14.85,18.162970351247754,17.47981850895721,18.114909254478604,19.028287960572637,8.050822493796405,5.1873679444907985,4.130553716108356,3.4098223627240056,18.737698006953398,18.6741636576928,14.548911053743252,1.1295738395763393,1496.175961803822,40.31417228389533,22.5009199718376,66.49811781272001,54.45171321286083,3.4125346162872567,76.60766721426896,0.7403942736446844,23.754348744426192
2025-01-01 03:00:00,22.497509974184464,66.49994132832668,54.44990377845576,3.4123233982633185,76.61952827974653,27.432335132597984,0.7403614175076273,23.75815301572401,2025,AIIMS,Hourly,1,23,3,1,1,2,0.7071067811865476,0.7071067811865476,0.49999999999999994,0.8660254037844387,27.430623093170617,27.428911053743253,12.88,17.39,21.48,21.26,70.20333333333333,22.57984471563796,19.15325569115231,18.526627845576154,19.226647256121414,8.4003119801221,6.58410242098019,4.798514665375002,3.7521662832920755,21.221390888729744,20.021311263150928,0.001712039427363976,6.241733126078048e-05,1496.0830933167113,40.31260794457142,22.49921497301103,66.49902957052335,54.45080849565829,3.4124290072752874,76.61359774700774,0.7403778455761558,23.7562508800751
2025-01-03 02:00:00,25.71,61.81,54.74,6.44,80.21,21.79,0.9,25.65,2025,AIIMS,Hourly,0,0,2,3,1,4,0.49999999999999994,0.8660254037844387,0.49999999999999994,0.8660254037844387,24.33,25.61,23.04,16.75,21.95,27.47,12.88,24.32666666666667,21.97666666666667,19.88416666666667,22.92,1.2850032425380398,3.512911423117108,3.6127764652520034,4.086978260811083,22.64092855759692,21.84982893189377,-1.2800000000000011,-0.049980476376415506,1589.1351000000002,49.266000000000005,25.36,61.81,54.46,7.11,75.18,0.96,25.73
2025-01-03 03:00:00,24.32,60.25,52.81,6.26,78.1,31.08,0.84,25.96,2025,AIIMS,Hourly,0,0,3,3,1,4,0.7071067811865476,0.7071067811865476,0.49999999999999994,0.8660254037844387,21.79,24.33,25.61,18.53,19.43,26.95,27.428911053743253,23.910000000000007,22.816666666666666,19.870833333333334,22.683333333333334,1.9443250757010628,2.4570687142745244,3.6047455044032057,3.9749658644047408,22.397806112569228,21.840624480833192,-2.539999999999999,-0.10439786272092065,1465.28,44.3604,25.71,61.81,54.74,6.44,80.21,0.9,25.65
2025-01-03 04:00:00,21.05,58.42,49.11,6.21,67.13,28.42,0.8,26.18,2025,AIIMS,Hourly,0,0,4,3,1,4,0.8660254037844386,0.5000000000000001,0.49999999999999994,0.8660254037844387,31.08,21.79,24.33,23.6,17.14,26.1,27.430623093170617,25.733333333333338,24.90833333333333,20.841666666666665,22.85541666666667,4.801357446944901,3.281544859767525,4.834318290445231,4.247746184145433,24.878432937549448,23.26206686839732,9.29,0.42634235888022026,1229.741,39.288000000000004,24.32,60.25,52.81,6.26,78.1,0.84,25.96
2025-01-03 05:00:00,19.86,57.72,47.9,5.96,56.78,23.88,0.74,26.26,2025,AIIMS,Hourly,0,0,5,3,1,4,0.9659258262890683,0.25881904510252074,0.49999999999999994,0.8660254037844387,28.42,31.08,21.79,23.04,16.34,25.81,27.432335132597984,27.096666666666675,25.71166666666667,21.781666666666666,22.952083333333334,4.78429026432691,3.4811114125616074,5.136346124936625,4.349962497755426,25.89030924110675,24.05559504249004,-2.6599999999999966,-0.08558558558558547,1146.3192,35.446,21.05,58.42,49.11,6.21,67.13,0.8,26.18
2025-01-04 03:00:00,25.74,78.88,63.1,27.05,247.94,102.65,1.42,25.33,2025,AIIMS,Hourly,0,0,3,4,1,5,0.7071067811865476,0.7071067811865476,0.49999999999999994,0.8660254037844387,126.15,126.15,25.79,22.43,27.71,21.79,27.47,92.69666666666667,57.620000000000005,41.009166666666665,34.23916666666667,57.942873015870845,53.10015555532771,39.83373729033157,28.51030445549335,73.95484055983785,53.29298075368388,0.0,0.0,2030.3711999999998,89.602,24.41,77.32,61.69,30.64,247.94,1.47,25.58
2025-01-04 04:00:00,29.34,77.99,64.63,16.83,244.54,91.11,1.39,25.35,2025,AIIMS,Hourly,0,0,4,4,1,5,0.8660254037844386,0.5000000000000001,0.49999999999999994,0.8660254037844387,102.65,126.15,126.15,21.85,26.67,31.08,26.95,118.31666666666668,70.99,47.25416666666667,37.608333333333334,13.567731325956208,52.56416269665104,43.28417419341694,31.58693396171028,82.15345754274132,60.886368330040206,-23.5,-0.18628616726119698,2288.2266,89.83569999999999,25.74,78.88,63.1,27.05,247.94,1.42,25.33
2025-01-04 05:00:00,30.48,73.96,64.91,12.78,228.09,91.11,1.33,25.68,2025,AIIMS,Hourly,0,0,5,4,1,5,0.9659258262890683,0.25881904510252074,0.49999999999999994,0.8660254037844387,91.11,102.65,126.15,23.35,26.19,28.42,26.1,106.63666666666667,82.53333333333333,52.62416666666667,40.10958333333333,17.856946360823663,46.91596643645601,44.47910693559257,33.373740194971354,84.71246967338666,65.53615781772632,-11.540000000000006,-0.11242084754018515,2254.3008,86.3303,29.34,77.99,64.63,16.83,244.54,1.39,25.35
2025-01-04 06:00:00,26.7,67.59,58.55,14.89,186.1,74.33,1.19,26.13,2025,AIIMS,Hourly,0,0,6,4,1,5,1.0,6.123233995736766e-17,0.49999999999999994,0.8660254037844387,91.11,91.11,102.65,25.79,23.99,23.88,25.81,94.95666666666666,93.82666666666667,58.034166666666664,42.721666666666664,6.662622106448283,36.90852349616097,44.917578550928006,34.840128620871056,86.54033548099048,69.47059507653765,0.0,0.0,1804.653,69.6745,30.48,73.96,64.91,12.78,228.09,1.33,25.68
2025-01-04 07:00:00,21.94,65.14,53.37,12.91,132.73,56.84,1.13,26.33,2025,AIIMS,Hourly,0,0,7,4,1,5,0.9659258262890683,-0.25881904510252063,0.49999999999999994,0.8660254037844387,74.33,91.11,91.11,126.15,21.64,22.5,25.75,85.51666666666667,101.91666666666667,62.229166666666664,44.82375,9.687937517001904,20.8309334084353,43.78547921573447,35.174239068126795,83.05166820070748,70.21819583399339,-16.78,-0.1841729777192405,1429.1716000000001,60.30809999999999,26.7,67.59,58.55,14.89,186.1,1.19,26.13
2025-01-04 08:00:00,22.22,65.32,53.47,12.88,162.11,65.09,1.11,26.32,2025,AIIMS,Hourly,0,0,8,4,1,5,0.8660254037844387,-0.4999999999999998,0.49999999999999994,0.8660254037844387,56.84,74.33,91.11,126.15,20.19,24.9,24.87,74.09333333333335,90.36500000000001,65.16250000000001,46.254583333333336,17.13622576104004,23.721906963817215,41.9601103051241,34.92422156602423,75.56262014336248,68.16001185953287,-17.489999999999995,-0.23530203148123227,1451.4103999999998,59.3517,21.94,65.14,53.37,12.91,132.73,1.13,26.33
2025-01-04 09:00:00,22.08,64.68,53.33,19.11,180.23,65.09,1.1,26.38,2025,AIIMS,Hourly,0,0,9,4,1,5,0.7071067811865476,-0.7071067811865475,0.49999999999999994,0.8660254037844387,65.09,56.84,74.33,102.65,22.43,29.33,27.66,65.42,80.18833333333333,68.90416666666665,47.92916666666667,8.749668565151408,17.60975004554769,39.51597846172961,34.81914889410916,72.57044295954464,67.68770234268166,8.25,0.1451442646023927,1428.1344000000001,58.663000000000004,22.22,65.32,53.47,12.88,162.11,1.11,26.32
2025-01-04 10:00:00,18.3,65.73,49.46,27.7,180.23,63.04,1.06,26.58,2025,AIIMS,Hourly,0,0,10,4,1,5,0.49999999999999994,-0.8660254037844387,0.49999999999999994,0.8660254037844387,65.09,65.09,56.84,91.11,21.85,27.25,26.61,62.34000000000001,73.92833333333334,72.45916666666666,49.41916666666666,4.763139720814267,14.414049280707594,36.77904726096425,34.753707830546844,70.43317354253188,67.28805582842294,0.0,0.0,1202.8590000000002,52.427600000000005,22.08,64.68,53.33,19.11,180.23,1.1,26.38
2025-01-04 11:00:00,13.1,68.0,47.46,27.6,132.63,66.09,1.0,26.79,2025,AIIMS,Hourly,0,0,11,4,1,5,0.258819045102521,-0.9659258262890682,0.49999999999999994,0.8660254037844387,63.04,65.09,65.09,91.11,23.35,26.81,26.73,64.40666666666668,69.25,75.89166666666667,50.91041666666666,1.1835680518381917,12.090073614333404,33.39260909878474,34.52821662491563,68.32083824466562,66.63450877789633,-2.0500000000000043,-0.03149485328007381,890.8,47.46,18.3,65.73,49.46,27.7,180.23,1.06,26.58
2025-01-04 12:00:00,8.27,63.25,41.5,29.23,101.28,73.48,0.96,27.3,2025,AIIMS,Hourly,0,0,12,4,1,5,1.2246467991473532e-16,-1.0,0.49999999999999994,0.8660254037844387,66.09,63.04,65.09,74.33,25.79,29.77,26.13,64.74000000000001,65.08,79.45333333333333,52.54708333333334,1.5548311805462174,5.632796818632912,29.30862433834211,34.2661256838887,67.68345588904688,66.55073819668151,3.0500000000000043,0.04838197969543154,523.0775,39.839999999999996,13.1,68.0,47.46,27.6,132.63,1.0,26.79
2025-01-04 13:00:00,6.15,58.8,37.48,32.84,101.28,73.48,0.9,27.51,2025,AIIMS,Hourly,0,0,13,4,1,5,-0.2588190451025208,-0.9659258262890683,0.49999999999999994,0.8660254037844387,73.48,66.09,63.04,56.84,126.15,32.82,24.28,67.53666666666668,64.93833333333333,83.4275,54.36833333333334,5.36824303970417,5.357594298439155,24.14981540490336,34.164330581148086,69.3396113493192,67.61677847411512,7.390000000000001,0.11181721894386443,361.62,33.732,8.27,63.25,41.5,29.23,101.28,0.96,27.3
2025-01-04 14:00:00,5.56,53.93,34.35,33.55,93.13,71.06,0.85,27.6,2025,AIIMS,Hourly,0,0,14,4,1,5,-0.4999999999999997,-0.8660254037844388,0.49999999999999994,0.8660254037844387,73.48,73.48,66.09,65.09,126.15,31.08,23.11,71.01666666666668,67.71166666666666,79.03833333333334,56.0625,4.266618489311235,4.5770707517655405,20.13118965609573,34.05728834082999,70.522579535228,68.51881255502049,0.0,0.0,299.8508,29.1975,6.15,58.8,37.48,32.84,101.28,0.9,27.51
2025-01-04 15:00:00,2.09,29.94,18.12,34.85,87.47,61.08,0.84,27.72,2025,AIIMS,Hourly,0,0,15,4,1,5,-0.7071067811865471,-0.7071067811865479,0.49999999999999994,0.8660254037844387,71.06,73.48,73.48,65.09,102.65,27.71,21.95,72.67333333333335,68.70666666666666,74.4475,57.72833333333333,1.3971876514386246,4.541936444586987,13.64867101422496,33.75865372684869,70.67612823944857,68.90976446963272,-2.4200000000000017,-0.03293413173652697,62.5746,15.2208,5.56,53.93,34.35,33.55,93.13,0.85,27.6
2025-01-04 16:00:00,2.01,32.21,19.27,37.61,87.24,61.08,0.75,27.77,2025,AIIMS,Hourly,0,0,16,4,1,5,-0.8660254037844385,-0.5000000000000004,0.49999999999999994,0.8660254037844387,61.08,71.06,73.48,63.04,91.11,26.67,19.43,68.54,68.03833333333333,70.98333333333333,59.11875,6.572883689827406,5.395399583595969,10.82275408852134,33.15025690929369,67.93437731389183,67.70518532045845,-9.980000000000004,-0.14044469462426123,64.7421,14.4525,2.09,29.94,18.12,34.85,87.47,0.84,27.72
2025-01-04 17:00:00,1.97,27.53,16.7,32.39,87.24,55.93,0.71,27.83,2025,AIIMS,Hourly,0,0,17,4,1,5,-0.9659258262890683,-0.25881904510252063,0.49999999999999994,0.8660254037844387,61.08,61.08,71.06,66.09,91.11,26.19,17.14,64.40666666666668,67.71166666666666,68.48083333333334,60.55250000000001,5.761955686512383,5.8025250250789595,9.076920240952079,32.42194576812602,65.97598379563702,66.68592604038793,0.0,0.0,54.2341,11.857,2.01,32.21,19.27,37.61,87.24,0.75,27.77
2025-01-04 18:00:00,1.96,40.54,23.61,49.12,73.3,48.8,0.71,27.83,2025,AIIMS,Hourly,0,0,18,4,1,5,-1.0,-1.8369701987210297e-16,0.49999999999999994,0.8660254037844387,55.93,61.08,61.08,73.48,74.33,23.99,16.34,59.363333333333344,66.01833333333333,65.54916666666666,61.791666666666664,2.973353886326407,7.580502401996041,6.38608922628398,31.609665784606033,63.1057027111693,65.03116818802056,-5.149999999999999,-0.08431565160445316,79.4584,16.763099999999998,1.97,27.53,16.7,32.39,87.24,0.71,27.83
2025-01-04 19:00:00,1.92,36.26,23.85,58.7,91.52,44.24,0.84,27.16,2025,AIIMS,Hourly,0,0,19,4,1,5,-0.9659258262890684,0.2588190451025203,0.49999999999999994,0.8660254037844387,48.8,55.93,61.08,73.48,56.84,21.64,15.95,55.27000000000001,61.905,63.421666666666674,62.82541666666666,6.166546845682679,9.236856066866123,7.371443467047597,30.71262479108504,59.01835907940664,62.53406538986355,-7.130000000000003,-0.12748077954586096,69.61919999999999,20.034,1.96,40.54,23.61,49.12,73.3,0.71,27.83
2025-01-04 20:00:00,3.51,34.21,20.76,41.81,120.61,56.69,0.95,26.9,2025,AIIMS,Hourly,0,0,20,4,1,5,-0.8660254037844386,0.5000000000000001,0.49999999999999994,0.8660254037844387,44.24,48.8,55.93,71.06,65.09,20.19,15.94,49.65666666666667,57.031666666666666,62.37166666666667,63.767083333333325,5.891895563681715,9.614290232079988,9.09099437838781,29.725556195354685,54.79597077100475,59.719593791423,-4.559999999999995,-0.09344262295081958,120.0771,19.722,1.92,36.26,23.85,58.7,91.52,0.84,27.16
2025-01-04 21:00:00,3.34,46.57,27.56,27.92,127.27,56.69,0.93,27.0,2025,AIIMS,Hourly,0,0,21,4,1,5,-0.7071067811865477,0.7071067811865474,0.49999999999999994,0.8660254037844387,56.69,44.24,48.8,61.08,65.09,22.43,16.75,49.910000000000004,54.63666666666666,61.671666666666674,65.28791666666667,6.2987855972400695,6.798225258600136,9.185561628133714,28.298573013518727,55.33712197928911,59.25350243889639,12.449999999999996,0.28141952983725127,155.5438,25.6308,3.51,34.21,20.76,41.81,120.61,0.95,26.9
2025-01-04 22:00:00,4.51,45.71,27.65,38.54,132.86,64.49,1.38,27.04,2025,AIIMS,Hourly,0,0,22,4,1,5,-0.5000000000000004,0.8660254037844384,0.49999999999999994,0.8660254037844387,56.69,56.69,44.24,61.08,63.04,21.85,18.53,52.54000000000001,53.905,60.97166666666667,66.71541666666667,7.188010851410767,6.17360429570946,9.221378159012636,26.870728696639524,55.72365855663507,58.85911744829694,0.0,0.0,206.1521,38.157,3.34,46.57,27.56,27.92,127.27,0.93,27.0
2025-01-04 23:00:00,4.07,45.71,27.65,23.89,132.86,64.49,1.08,27.36,2025,AIIMS,Hourly,0,0,23,4,1,5,-0.25881904510252157,0.9659258262890681,0.49999999999999994,0.8660254037844387,64.49,56.69,56.69,55.93,66.09,23.35,23.6,59.29,54.473333333333336,61.092499999999994,68.49208333333333,4.503332099678965,7.059610943010165,9.26036237755502,25.128469213946026,58.22832754045362,59.72540707163587,7.799999999999997,0.1375904039513141,186.0397,29.862000000000002,4.51,45.71,27.65,38.54,132.86,1.38,27.04
2025-01-05 01:00:00,4.08,33.48,21.44,1.66,25.4,16.36,0.5,28.07,2025,AIIMS,Hourly,0,0,1,5,1,6,0.25881904510252074,0.9659258262890683,0.49999999999999994,0.8660254037844387,64.49,64.49,56.69,48.8,73.48,25.79,23.04,61.89000000000001,55.9,60.95916666666667,70.20625,4.503332099678961,8.187673662280517,9.193140187941856,23.248008201265083,60.01737681460972,60.45842136830728,0.0,0.0,136.5984,10.72,4.07,45.71,27.65,23.89,132.86,1.08,27.36
2025-01-05 02:00:00,4.81,35.62,23.14,1.56,24.23,13.5,0.46,28.13,2025,AIIMS,Hourly,0,0,2,5,1,6,0.49999999999999994,0.8660254037844387,0.49999999999999994,0.8660254037844387,16.36,64.49,64.49,44.24,73.48,126.15,25.61,48.44666666666668,50.49333333333333,56.19916666666666,69.81333333333333,27.787868456096675,18.290977739494114,15.045613349432008,24.095568357952367,47.54384058186409,53.67404885010616,-48.129999999999995,-0.7463172584896883,171.33219999999997,10.644400000000001,4.08,33.48,21.44,1.66,25.4,0.5,28.07
2025-01-05 03:00:00,4.82,34.47,22.55,1.19,19.82,10.93,0.44,28.12,2025,AIIMS,Hourly,0,0,3,5,1,6,0.7071067811865476,0.7071067811865476,0.49999999999999994,0.8660254037844387,13.5,16.36,64.49,56.69,71.06,126.15,24.33,31.450000000000006,45.37,51.20083333333333,65.11958333333332,28.649190215431915,23.852507624985744,18.37702837701727,23.611288840052907,37.817028987045774,47.49342595008983,-2.8599999999999994,-0.1748166259168704,166.1454,9.922,4.81,35.62,23.14,1.56,24.23,0.46,28.13
2025-01-05 04:00:00,6.84,42.1,27.6,0.97,24.54,14.17,0.45,27.82,2025,AIIMS,Hourly,0,0,4,5,1,6,0.8660254037844386,0.5000000000000001,0.49999999999999994,0.8660254037844387,10.93,13.5,16.36,56.69,61.08,102.65,21.79,13.596666666666676,37.74333333333333,46.19,60.31875,2.716290362485928,26.659653161034758,20.540246524146898,22.342185933399833,30.135020705032694,41.86828349622985,-2.5700000000000003,-0.19037037037037038,287.964,12.420000000000002,4.82,34.47,22.55,1.19,19.82,0.44,28.12
2025-01-05 05:00:00,10.58,39.96,29.98,1.49,41.85,18.08,0.45,27.55,2025,AIIMS,Hourly,0,0,5,5,1,6,0.9659258262890683,0.25881904510252074,0.49999999999999994,0.8660254037844387,14.17,10.93,13.5,64.49,61.08,91.11,31.08,12.866666666666676,30.656666666666666,42.280833333333334,56.632083333333334,1.710331351912243,26.26437257325351,21.869672424837525,22.35344676839651,25.573586217880496,37.60700911219449,3.24,0.2964318389752974,422.77680000000004,13.491,6.84,42.1,27.6,0.97,24.54,0.45,27.82
2025-01-05 06:00:00,13.23,34.24,29.18,1.62,72.37,28.3,0.57,27.59,2025,AIIMS,Hourly,0,0,6,5,1,6,1.0,6.123233995736766e-17,0.49999999999999994,0.8660254037844387,18.08,14.17,10.93,64.49,55.93,91.11,28.42,14.393333333333343,22.921666666666667,38.6975,53.58916666666667,3.5802281119132484,20.511377736921336,22.031581928511837,22.426569629845726,23.432561584200354,34.602853864164565,3.9099999999999984,0.2759350741002116,452.99520000000007,16.6326,10.58,39.96,29.98,1.49,41.85,0.45,27.55
2025-01-05 07:00:00,12.98,39.93,31.85,1.5,91.42,35.57,0.57,27.41,2025,AIIMS,Hourly,0,0,7,5,1,6,0.9659258262890683,-0.25881904510252063,0.49999999999999994,0.8660254037844387,28.3,18.08,14.17,16.36,48.8,74.33,23.88,20.18333333333334,16.89,36.395,50.97208333333333,7.296042306163921,6.104051113810093,21.504391729048415,21.50351194353603,24.823258274428824,33.63318403890848,10.220000000000002,0.5652654867256639,518.2914000000001,18.1545,13.23,34.24,29.18,1.62,72.37,0.57,27.59
2025-01-05 08:00:00,13.17,39.81,32.01,1.63,82.62,32.72,0.56,27.33,2025,AIIMS,Hourly,0,0,8,5,1,6,0.8660254037844387,-0.4999999999999998,0.49999999999999994,0.8660254037844387,35.57,28.3,18.08,13.5,44.24,56.84,22.5,27.316666666666677,20.091666666666665,35.2925,49.35708333333333,8.786366332752893,9.73092681437244,21.146755661330236,21.12515304378143,27.893755910306304,33.931155725230255,7.27,0.2568904593639576,524.2977000000001,17.9256,12.98,39.93,31.85,1.5,91.42,0.57,27.41
2025-01-05 09:00:00,12.69,38.55,30.99,1.83,72.29,32.88,0.55,27.8,2025,AIIMS,Hourly,0,0,9,5,1,6,0.7071067811865476,-0.7071067811865475,0.49999999999999994,0.8660254037844387,32.72,35.57,28.3,10.93,56.69,65.09,24.9,32.19666666666668,23.294999999999998,34.3325,48.35208333333333,3.6631452787643215,10.275323352576578,20.964339473149565,21.326464469652763,29.27268279307593,33.74482407519483,-2.8500000000000014,-0.08012369974697783,489.19949999999994,17.0445,13.17,39.81,32.01,1.63,82.62,0.56,27.33
2025-01-05 10:00:00,7.86,33.09,23.88,1.45,54.28,22.69,0.56,27.92,2025,AIIMS,Hourly,0,0,10,5,1,6,0.49999999999999994,-0.8660254037844387,0.49999999999999994,0.8660254037844387,32.88,32.72,35.57,14.17,56.69,65.09,29.33,33.72333333333335,26.953333333333333,32.348333333333336,47.01,1.601259920604173,8.793064691373074,19.74737673410801,21.24066546898229,30.303344852197093,33.611774217472544,0.1600000000000037,0.004889975550122362,260.08740000000006,13.372800000000002,12.69,38.55,30.99,1.83,72.29,0.55,27.8
2025-01-05 11:00:00,5.48,39.37,25.64,1.53,44.32,18.46,0.55,28.03,2025,AIIMS,Hourly,0,0,11,5,1,6,0.258819045102521,-0.9659258262890682,0.49999999999999994,0.8660254037844387,22.69,32.88,32.72,18.08,64.49,63.04,27.25,29.43000000000001,28.373333333333335,29.515,45.24333333333334,5.83755942153911,6.771320895266424,18.325295731211718,21.433906837504907,28.128103465855066,31.931501260938308,-10.190000000000001,-0.3099148418491484,215.7476,14.102000000000002,7.86,33.09,23.88,1.45,54.28,0.56,27.92
2025-01-05 12:00:00,4.23,35.09,22.4,1.79,35.32,19.04,0.51,28.67,2025,AIIMS,Hourly,0,0,12,5,1,6,1.2246467991473532e-16,-1.0,0.49999999999999994,0.8660254037844387,18.46,22.69,32.88,28.3,64.49,66.09,26.81,24.676666666666677,28.436666666666667,25.679166666666664,43.38583333333333,7.4124377456632615,6.65659572654609,14.82129945127098,21.753862808739235,25.365788189896477,29.85896260540934,-4.23,-0.1864257382106655,148.43070000000003,11.424,5.48,39.37,25.64,1.53,44.32,0.55,28.03
2025-01-05 13:00:00,3.1,25.08,16.27,2.07,33.93,20.2,0.61,28.66,2025,AIIMS,Hourly,0,0,13,5,1,6,-0.2588190451025208,-0.9659258262890683,0.49999999999999994,0.8660254037844387,19.04,18.46,22.69,35.57,16.36,73.48,29.77,20.063333333333343,26.893333333333334,21.891666666666666,41.42541666666667,2.293171021387965,7.688156259251747,8.431736404079658,21.73887061167192,23.55842013564034,28.19450681996175,0.5799999999999983,0.03141928494041161,77.74799999999999,9.9247,4.23,35.09,22.4,1.79,35.32,0.51,28.67
2025-01-05 14:00:00,2.51,31.12,18.87,4.31,38.15,18.94,0.66,28.6,2025,AIIMS,Hourly,0,0,14,5,1,6,-0.4999999999999997,-0.8660254037844388,0.49999999999999994,0.8660254037844387,20.2,19.04,18.46,32.72,13.5,73.48,32.82,19.233333333333345,24.331666666666667,22.211666666666662,39.20541666666667,0.8859646343582407,6.718364136206975,8.27410839287068,21.032113950103618,22.598871525457383,26.964582693813785,1.1600000000000001,0.06092436974789917,78.1112,12.454200000000002,3.1,25.08,16.27,2.07,33.93,0.61,28.66
2025-01-05 15:00:00,2.58,28.06,17.41,4.73,43.52,21.72,0.66,28.75,2025,AIIMS,Hourly,0,0,15,5,1,6,-0.7071067811865471,-0.7071067811865479,0.49999999999999994,0.8660254037844387,18.94,20.2,19.04,32.88,10.93,71.06,31.08,19.39333333333334,22.035,22.664999999999996,36.932916666666664,0.7003808487769562,5.527023611312481,7.8936919579671985,20.09330809631956,21.55347966104099,25.730031510150127,-1.259999999999998,-0.06237623762376228,72.3948,11.4906,2.51,31.12,18.87,4.31,38.15,0.66,28.6
2025-01-05 16:00:00,2.83,26.44,16.68,2.84,46.08,22.54,0.6,29.09,2025,AIIMS,Hourly,0,0,16,5,1,6,-0.8660254037844385,-0.5000000000000004,0.49999999999999994,0.8660254037844387,21.72,18.94,20.2,22.69,14.17,61.08,27.71,20.286666666666676,20.175,23.564166666666665,34.87708333333333,1.3920249039918478,1.7010320396764613,6.9993174450779785,18.940850602810023,21.601056900743565,25.113103585511645,2.7799999999999976,0.14677930306230186,74.82520000000001,10.008,2.58,28.06,17.41,4.73,43.52,0.66,28.75
2025-01-05 17:00:00,3.02,26.96,16.5,2.97,42.24,28.09,0.58,29.12,2025,AIIMS,Hourly,0,0,17,5,1,6,-0.9659258262890683,-0.25881904510252063,0.49999999999999994,0.8660254037844387,22.54,21.72,18.94,18.46,18.08,61.08,26.67,21.066666666666677,20.15,24.26166666666667,33.27125,1.8868315593432012,1.6572145304714962,6.366498728548464,18.2436479267144,21.869326357673977,24.71724149543293,0.8200000000000003,0.03775322283609578,81.4192,9.569999999999999,2.83,26.44,16.68,2.84,46.08,0.6,29.09
2025-01-05 18:00:00,3.36,35.77,22.05,2.7,18.15,35.31,0.45,28.48,2025,AIIMS,Hourly,0,0,18,5,1,6,-1.0,-1.8369701987210297e-16,0.49999999999999994,0.8660254037844387,28.09,22.54,21.72,19.04,28.3,55.93,26.19,24.116666666666674,21.755,25.09583333333333,31.896666666666665,3.4653475054218497,3.4194487859895903,6.134466648422595,17.274355375040358,23.646661684052837,25.23612741921248,5.550000000000001,0.24622892635315,120.1872,9.922500000000001,3.02,26.96,16.5,2.97,42.24,0.58,29.12
2025-01-05 19:00:00,5.9,38.1,24.77,1.58,19.14,21.84,0.51,27.91,2025,AIIMS,Hourly,0,0,19,5,1,6,-0.9659258262890684,0.2588190451025203,0.49999999999999994,0.8660254037844387,35.31,28.09,22.54,20.2,35.57,48.8,23.99,28.646666666666675,24.46666666666667,25.680000000000003,31.037500000000005,6.4031736922664635,6.175939334762937,6.768348798233473,16.523515325004222,26.979044060037744,26.785953970102867,7.220000000000002,0.25703097187611257,224.79000000000002,12.6327,3.36,35.77,22.05,2.7,18.15,0.45,28.48
2025-01-05 20:00:00,6.46,40.81,27.12,1.61,24.17,14.55,0.54,27.49,2025,AIIMS,Hourly,0,0,20,5,1,6,-0.8660254037844386,0.5000000000000001,0.49999999999999994,0.8660254037844387,21.84,35.31,28.09,18.94,32.72,44.24,21.64,28.41333333333334,24.74,24.535833333333333,29.914166666666663,6.740818446845555,5.982604783871769,6.0688481134598815,16.17622165715611,25.510745757169815,26.025037974702425,-13.470000000000002,-0.3814783347493628,263.6326,14.644800000000002,5.9,38.1,24.77,1.58,19.14,0.51,27.91
2025-01-05 21:00:00,7.02,38.36,26.15,1.59,27.81,14.61,0.52,27.69,2025,AIIMS,Hourly,0,0,21,5,1,6,-0.7071067811865477,0.7071067811865474,0.49999999999999994,0.8660254037844387,14.55,21.84,35.31,21.72,32.88,56.69,20.19,23.90000000000001,24.008333333333336,23.021666666666665,28.677083333333332,10.532193503729415,7.013442568858186,6.107848651654559,16.16828954389917,22.379104112264155,24.2596475170559,-7.289999999999999,-0.33379120879120877,269.2872,13.597999999999999,6.46,40.81,27.12,1.61,24.17,0.54,27.49
2025-01-05 22:00:00,6.64,39.39,26.58,1.35,18.5,9.76,0.48,27.82,2025,AIIMS,Hourly,0,0,22,5,1,6,-0.5000000000000004,0.8660254037844384,0.49999999999999994,0.8660254037844387,14.61,14.55,21.84,22.54,22.69,56.69,22.43,17.00000000000001,22.823333333333334,21.499166666666667,26.923750000000002,4.19167031146298,8.007605551391267,5.689841758997138,15.254210484321918,20.15936008018868,22.77508636058576,0.05999999999999872,0.004123711340206097,261.5496,12.758399999999998,7.02,38.36,26.15,1.59,27.81,0.52,27.69
2025-01-05 23:00:00,5.94,38.82,25.46,1.12,9.06,9.47,0.46,27.73,2025,AIIMS,Hourly,0,0,23,5,1,6,-0.25881904510252157,0.9659258262890681,0.49999999999999994,0.8660254037844387,9.76,14.61,14.55,28.09,18.46,64.49,21.85,12.973333333333343,20.693333333333335,20.421666666666667,24.968333333333334,2.7829899987843163,9.63283689608998,6.595970992457201,14.24733160879647,17.188114342991916,20.772765382034105,-4.85,-0.3319644079397673,230.59080000000003,11.7116,6.64,39.39,26.58,1.35,18.5,0.48,27.82
2025-01-06 01:00:00,5.71,11.95,9.22,6.22,63.54,21.51,0.55,29.05,2025,AIIMS,Hourly,0,0,1,6,1,0,0.25881904510252074,0.9659258262890683,0.49999999999999994,0.8660254037844387,9.47,9.76,14.61,35.31,19.04,64.49,23.35,11.28000000000001,17.59,19.6725,22.67583333333333,2.887507575747674,9.771654926367699,7.3108327159088775,11.833613479027052,14.982938816422799,19.033878400182704,-0.28999999999999915,-0.029713114754098272,68.2345,5.071000000000001,5.94,38.82,25.46,1.12,9.06,0.46,27.73
2025-01-06 02:00:00,7.3,11.47,10.85,6.6,62.29,25.82,0.63,29.08,2025,AIIMS,Hourly,0,0,2,6,1,0,0.49999999999999994,0.8660254037844387,0.49999999999999994,0.8660254037844387,21.51,9.47,9.76,21.84,20.2,16.36,25.79,13.58000000000001,15.290000000000001,19.878333333333334,20.885,6.869112024126568,5.423176191126959,7.326160886394516,7.792850681177361,16.847813440301998,19.41482018476998,12.040000000000001,1.2713833157338965,83.73100000000001,6.8355,5.71,11.95,9.22,6.22,63.54,0.55,29.05
2025-01-06 03:00:00,11.4,13.16,15.03,6.66,72.73,31.5,0.66,28.77,2025,AIIMS,Hourly,0,0,3,6,1,0,0.7071067811865476,0.7071067811865476,0.49999999999999994,0.8660254037844387,25.82,21.51,9.47,14.55,18.94,13.5,126.15,18.933333333333344,15.953333333333333,20.346666666666668,21.279166666666665,8.474080087734212,6.5175537333168885,7.525513372199602,7.793268509294871,19.411295314501427,20.400232464036137,4.309999999999999,0.20037192003719193,150.024,9.9198,7.3,11.47,10.85,6.6,62.29,0.63,29.08
2025-01-06 04:00:00,11.57,13.18,14.42,6.53,83.1,33.94,0.64,28.5,2025,AIIMS,Hourly,0,0,4,6,1,0,0.8660254037844386,0.5000000000000001,0.49999999999999994,0.8660254037844387,31.5,25.82,21.51,14.61,21.72,10.93,126.15,26.276666666666674,18.778333333333332,21.393333333333334,22.02916666666667,5.010632029328575,8.99153249822702,8.15887061406008,7.877750129411661,22.865210938929593,22.10788900803058,5.68,0.21998450813323003,152.4926,9.2288,11.4,13.16,15.03,6.66,72.73,0.66,28.77
2025-01-06 05:00:00,11.74,8.34,12.75,6.02,77.73,29.32,0.63,28.71,2025,AIIMS,Hourly,0,0,5,6,1,0,0.9659258262890683,0.25881904510252074,0.49999999999999994,0.8660254037844387,33.94,31.5,25.82,9.76,22.54,14.17,102.65,30.420000000000005,22.0,22.411666666666665,22.987916666666667,4.166341320631331,10.530570734770533,8.929557490139155,7.8684051636171395,26.02943638494971,23.928213776025874,2.4399999999999977,0.07746031746031738,97.9116,8.0325,11.57,13.18,14.42,6.53,83.1,0.64,28.5
2025-01-06 06:00:00,11.17,9.41,12.56,6.22,68.55,29.72,0.56,28.77,2025,AIIMS,Hourly,0,0,6,6,1,0,1.0,6.123233995736766e-17,0.49999999999999994,0.8660254037844387,29.32,33.94,31.5,9.47,28.09,18.08,91.11,31.586666666666677,25.26,22.97666666666667,23.61916666666667,2.31121901457507,8.882159647293292,9.150185624876702,7.7368333690022375,26.969597417821223,24.75771934894497,-4.619999999999997,-0.13612256923983493,105.1097,7.033600000000001,11.74,8.34,12.75,6.02,77.73,0.63,28.71
2025-01-06 07:00:00,10.72,11.24,13.06,6.34,71.55,27.59,0.56,28.64,2025,AIIMS,Hourly,0,0,7,6,1,0,0.9659258262890683,-0.25881904510252063,0.49999999999999994,0.8660254037844387,29.72,29.32,33.94,21.51,35.31,28.3,91.11,30.99333333333334,28.635,23.1125,24.104166666666668,2.559713525637851,4.397443575533968,9.244604446034433,7.7393404486239366,27.75542672701516,25.521147141414975,0.3999999999999986,0.013642564802182762,120.4928,7.313600000000001,11.17,9.41,12.56,6.22,68.55,0.56,28.77
2025-01-06 08:00:00,10.09,10.28,12.47,6.61,69.69,29.78,0.56,28.9,2025,AIIMS,Hourly,0,0,8,6,1,0,0.8660254037844387,-0.4999999999999998,0.49999999999999994,0.8660254037844387,27.59,29.72,29.32,25.82,21.84,35.57,74.33,28.876666666666676,29.648333333333337,22.469166666666666,24.074583333333333,1.1320924579438563,2.8584220588764597,8.562031893862487,7.723946377657211,27.70816194786797,25.839432196581903,-2.129999999999999,-0.07166890982503361,103.72519999999999,6.983200000000001,10.72,11.24,13.06,6.34,71.55,0.56,28.64
2025-01-06 09:00:00,9.68,10.35,11.29,5.96,71.72,26.55,0.61,28.88,2025,AIIMS,Hourly,0,0,9,6,1,0,0.7071067811865476,-0.7071067811865475,0.49999999999999994,0.8660254037844387,29.78,27.59,29.72,31.5,14.55,32.72,56.84,29.030000000000012,30.308333333333334,23.13083333333333,23.833333333333332,1.24743737317752,2.172578345347177,8.812135700615592,7.434278226809888,28.300115677048552,26.445673397107765,2.1900000000000013,0.07937658571946363,100.18799999999999,6.886899999999999,10.09,10.28,12.47,6.61,69.69,0.56,28.9
2025-01-06 10:00:00,6.32,11.56,9.82,6.34,74.86,28.25,0.56,28.97,2025,AIIMS,Hourly,0,0,10,6,1,0,0.49999999999999994,-0.8660254037844387,0.49999999999999994,0.8660254037844387,26.55,29.78,27.59,33.94,14.61,32.88,65.09,27.973333333333343,29.483333333333334,24.13083333333333,23.57625,1.6487672162356193,2.5385717769390634,8.422108846615886,7.2171190280619415,27.80008262646325,26.46172364370657,-3.2300000000000004,-0.10846205507051714,73.0592,5.499200000000001,9.68,10.35,11.29,5.96,71.72,0.61,28.88
2025-01-06 11:00:00,2.8,11.57,7.29,6.25,75.45,26.49,0.5,29.33,2025,AIIMS,Hourly,0,0,11,6,1,0,0.258819045102521,-0.9659258262890682,0.49999999999999994,0.8660254037844387,28.25,26.55,29.78,29.32,9.76,22.69,65.09,28.193333333333342,28.534999999999997,25.267500000000002,23.383333333333336,1.6157454419967756,1.3026856873417259,7.926183450495714,7.01671152176762,27.92863044747375,26.73684308313633,1.6999999999999993,0.06403013182674197,32.396,3.645,6.32,11.56,9.82,6.34,74.86,0.56,28.97
2025-01-06 12:00:00,3.83,8.47,6.48,6.28,74.51,22.05,0.46,29.41,2025,AIIMS,Hourly,0,0,12,6,1,0,1.2246467991473532e-16,-1.0,0.49999999999999994,0.8660254037844387,26.49,28.25,26.55,29.72,9.47,18.46,63.04,27.096666666666675,28.063333333333333,26.661666666666665,23.541666666666668,0.9992663975804131,1.4639626589061947,6.243220080190981,7.043209907215444,27.517593176766965,26.698867224192277,-1.7600000000000016,-0.06230088495575227,32.4401,2.9808000000000003,2.8,11.57,7.29,6.25,75.45,0.5,29.33
2025-01-06 13:00:00,3.01,8.43,5.67,6.48,73.45,21.29,0.41,29.38,2025,AIIMS,Hourly,0,0,13,6,1,0,-0.2588190451025208,-0.9659258262890683,0.49999999999999994,0.8660254037844387,22.05,26.49,28.25,27.59,21.51,19.04,66.09,25.596666666666675,26.784999999999997,27.709999999999997,23.69125,3.195079550392025,2.6201812914386564,3.5838247725025303,6.968317314506318,25.95542369769069,25.98365688200885,-4.439999999999998,-0.16761041902604748,25.374299999999998,2.3247,3.83,8.47,6.48,6.28,74.51,0.46,29.41
2025-01-06 14:00:00,1.99,9.54,5.54,6.18,77.42,21.44,0.39,29.45,2025,AIIMS,Hourly,0,0,14,6,1,0,-0.4999999999999997,-0.8660254037844388,0.49999999999999994,0.8660254037844387,21.29,22.05,26.49,29.78,25.82,20.2,73.48,23.276666666666674,25.735,27.691666666666666,23.784999999999997,2.8086532953238033,3.3840434394382783,3.6188165653064193,6.917973440375115,24.622445498350494,25.26155582323826,-0.7600000000000016,-0.034467120181405964,18.984599999999997,2.1606,3.01,8.43,5.67,6.48,73.45,0.41,29.38
2025-01-06 15:00:00,2.07,8.11,4.89,5.95,75.86,18.1,0.32,29.5,2025,AIIMS,Hourly,0,0,15,6,1,0,-0.7071067811865471,-0.7071067811865479,0.49999999999999994,0.8660254037844387,21.44,21.29,22.05,26.55,31.5,18.94,73.48,21.593333333333344,24.345,27.326666666666668,23.83666666666667,0.40253364248623247,3.0903446409754025,4.023066070308,6.8946259265215435,23.713175355964637,24.67362415812468,0.15000000000000213,0.007045561296383379,16.787699999999997,1.5648,1.99,9.54,5.54,6.18,77.42,0.39,29.45
2025-01-06 16:00:00,2.23,8.47,5.22,5.95,79.39,19.86,0.31,29.43,2025,AIIMS,Hourly,0,0,16,6,1,0,-0.8660254037844385,-0.5000000000000004,0.49999999999999994,0.8660254037844387,18.1,21.44,21.29,28.25,33.94,21.72,71.06,20.276666666666674,22.936666666666667,26.209999999999997,23.801666666666666,1.886540042865033,3.741356260324883,4.580462461765113,6.922639397793333,22.109410968546168,23.66229736456704,-3.34,-0.15578358208955223,18.8881,1.6181999999999999,2.07,8.11,4.89,5.95,75.86,0.32,29.5
2025-01-06 17:00:00,2.31,9.18,5.65,6.45,81.77,23.0,0.33,29.44,2025,AIIMS,Hourly,0,0,17,6,1,0,-0.9659258262890683,-0.25881904510252063,0.49999999999999994,0.8660254037844387,19.86,18.1,21.44,26.49,29.32,22.54,61.08,19.80000000000001,21.53833333333333,25.036666666666672,23.724166666666672,1.6708081876744134,2.8103766058434836,4.2086066217897775,6.957282025935283,21.46672212039012,23.07732853924903,1.759999999999998,0.09723756906077337,21.2058,1.8645000000000003,2.23,8.47,5.22,5.95,79.39,0.31,29.43
2025-01-06 18:00:00,2.53,8.25,5.27,7.35,70.81,21.14,0.38,29.48,2025,AIIMS,Hourly,0,0,18,6,1,0,-1.0,-1.8369701987210297e-16,0.49999999999999994,0.8660254037844387,23.0,19.86,18.1,22.05,29.72,28.09,61.08,20.32000000000001,20.956666666666667,24.51,23.743333333333336,2.482176464315111,1.736579012504874,4.014842915528171,6.954510995634572,21.90480151456437,23.065431840903027,3.1400000000000006,0.15810674723061433,20.8725,2.0025999999999997,2.31,9.18,5.65,6.45,81.77,0.33,29.44
2025-01-06 19:00:00,2.63,9.44,6.04,7.51,66.22,18.47,0.37,29.39,2025,AIIMS,Hourly,0,0,19,6,1,0,-0.9659258262890684,0.2588190451025203,0.49999999999999994,0.8660254037844387,21.14,23.0,19.86,21.29,27.59,35.31,55.93,21.333333333333343,20.805,23.795,23.45375,1.578902572463933,1.6600451801097922,3.7584655960068085,6.9102046861394895,21.686286796117408,22.769211557687175,-1.8599999999999994,-0.08086956521739128,24.827199999999998,2.2348,2.53,8.25,5.27,7.35,70.81,0.38,29.48
2025-01-06 20:00:00,2.77,10.11,6.51,7.16,66.51,20.16,0.4,29.28,2025,AIIMS,Hourly,0,0,20,6,1,0,-0.8660254037844386,0.5000000000000001,0.49999999999999994,0.8660254037844387,18.47,21.14,23.0,21.44,29.78,21.84,48.8,20.870000000000008,20.334999999999997,23.034999999999997,22.75208333333333,2.277037549097485,1.879912231995367,3.8424554176160437,6.496562287700106,20.767347711512432,22.10779439496607,-2.6700000000000017,-0.12630085146641445,28.0047,2.604,2.63,9.44,6.04,7.51,66.22,0.37,29.39
2025-01-06 21:00:00,3.35,8.05,5.66,6.91,66.55,22.11,0.42,29.43,2025,AIIMS,Hourly,0,0,21,6,1,0,-0.7071067811865477,0.7071067811865474,0.49999999999999994,0.8660254037844387,20.16,18.47,21.14,18.1,26.55,14.55,44.24,19.923333333333343,20.121666666666666,22.233333333333334,22.682083333333335,1.3506418227395394,1.800382366796701,3.2678553805029544,6.51583954960741,20.59381979393745,21.808133718817444,1.6900000000000013,0.09149972929074182,26.967500000000005,2.3771999999999998,2.77,10.11,6.51,7.16,66.51,0.4,29.28
2025-01-06 22:00:00,3.7,9.19,6.78,7.05,61.84,24.08,0.44,29.38,2025,AIIMS,Hourly,0,0,22,6,1,0,-0.5000000000000004,0.8660254037844384,0.49999999999999994,0.8660254037844387,22.11,20.16,18.47,19.86,28.25,14.61,56.69,20.246666666666673,20.790000000000003,21.863333333333333,22.997083333333336,1.821546961605215,1.6366551255550932,2.972701047053819,6.284234572854751,21.02701413852675,21.85457468515322,1.9499999999999993,0.09672619047619044,34.003,2.9832,3.35,8.05,5.66,6.91,66.55,0.42,29.43
2025-01-06 23:00:00,3.92,9.85,7.29,7.12,61.02,22.03,0.43,29.22,2025,AIIMS,Hourly,0,0,23,6,1,0,-0.25881904510252157,0.9659258262890681,0.49999999999999994,0.8660254037844387,24.08,22.11,20.16,23.0,26.49,9.76,56.69,22.116666666666674,21.493333333333336,21.515833333333333,23.391666666666666,1.960008503382886,2.019125223128163,2.333189227152474,6.026750993381774,21.89929581323339,22.196947810514263,1.9699999999999989,0.08909995477159652,38.611999999999995,3.1347,3.7,9.19,6.78,7.05,61.84,0.44,29.38
2025-01-07 01:00:00,9.07,12.44,13.78,3.13,15.5,2.22,0.56,19.87,2025,AIIMS,Hourly,0,0,1,7,1,1,0.25881904510252074,0.9659258262890683,0.49999999999999994,0.8660254037844387,22.03,24.08,22.11,21.14,22.05,9.47,64.49,22.74000000000001,21.331666666666667,21.144166666666667,23.902916666666666,1.1611632098890743,1.9102608896882043,1.7515160100143992,5.296259943021524,21.93663986659528,22.171263531973608,-2.049999999999997,-0.0851328903654484,112.8308,7.7168,3.92,9.85,7.29,7.12,61.02,0.43,29.22
2025-01-07 02:00:00,9.63,13.27,14.54,2.76,15.03,2.01,0.51,19.86,2025,AIIMS,Hourly,0,0,2,7,1,1,0.49999999999999994,0.8660254037844387,0.49999999999999994,0.8660254037844387,2.22,22.03,24.08,18.47,21.29,21.51,64.49,16.11000000000001,18.178333333333335,19.491666666666667,23.60083333333333,12.072684042912737,8.047403100794236,5.707095795958398,6.272119755862479,16.303314190425198,19.101838373208437,-19.810000000000002,-0.8992283250113482,127.79010000000001,7.4154,9.07,12.44,13.78,3.13,15.5,0.56,19.87
2025-01-07 03:00:00,9.56,13.75,14.83,3.02,20.43,1.74,0.45,19.85,2025,AIIMS,Hourly,0,0,3,7,1,1,0.7071067811865476,0.7071067811865476,0.49999999999999994,0.8660254037844387,2.01,2.22,22.03,20.16,21.44,25.82,16.36,8.753333333333343,15.435,17.885,22.78833333333333,11.498410035014977,10.392094591563643,7.56594343092808,7.663456290658727,12.219510136017998,16.472324777330215,-0.2100000000000004,-0.09459459459459477,131.45000000000002,6.6735,9.63,13.27,14.54,2.76,15.03,0.51,19.86
2025-01-07 04:00:00,9.64,13.19,14.34,3.31,20.43,1.74,0.44,19.87,2025,AIIMS,Hourly,0,0,4,7,1,1,0.8660254037844386,0.5000000000000001,0.49999999999999994,0.8660254037844387,1.74,2.01,2.22,22.11,18.1,31.5,13.5,1.9900000000000093,12.365,16.243333333333336,21.784999999999997,0.24062418830970386,11.389961808540301,8.766468484913045,8.748758918194726,9.225364382869998,14.205813273125566,-0.2699999999999998,-0.13432835820895514,127.1516,6.3096,9.56,13.75,14.83,3.02,20.43,0.45,19.85
2025-01-07 05:00:00,9.85,11.86,14.07,2.8,19.4,1.53,0.46,19.87,2025,AIIMS,Hourly,0,0,5,7,1,1,0.9659258262890683,0.25881904510252074,0.49999999999999994,0.8660254037844387,1.74,1.74,2.01,24.08,19.86,33.94,10.93,1.8300000000000096,8.97,14.879999999999997,20.544999999999998,0.15588457268024333,10.930924937991616,9.676381743005372,9.39693844685113,7.086688844907141,12.287995846490864,0.0,0.0,116.82099999999998,6.472200000000001,9.64,13.19,14.34,3.31,20.43,0.44,19.87
2025-01-07 06:00:00,9.65,13.18,14.58,2.63,19.4,1.38,0.46,19.84,2025,AIIMS,Hourly,0,0,6,7,1,1,1.0,6.123233995736766e-17,0.49999999999999994,0.8660254037844387,1.53,1.74,1.74,22.03,23.0,29.32,14.17,1.6700000000000095,5.211666666666667,13.3525,19.194583333333334,0.12124355652858614,8.242774815963013,10.24863194861568,9.711789330126006,5.499063460647958,10.632919562415347,-0.20999999999999996,-0.12068965517241377,127.187,6.7068,9.85,11.86,14.07,2.8,19.4,0.46,19.87
2025-01-07 07:00:00,10.38,14.19,15.53,3.41,14.7,1.35,0.54,19.84,2025,AIIMS,Hourly,0,0,7,7,1,1,0.9659258262890683,-0.25881904510252063,0.49999999999999994,0.8660254037844387,1.38,1.53,1.74,2.22,21.14,29.72,18.08,1.5500000000000094,1.7699999999999998,11.550833333333335,18.030416666666667,0.18083141319941967,0.3071156134223699,10.298691407017401,10.111642226388762,4.3221881861771125,9.20939347588991,-0.15000000000000013,-0.09803921568627459,147.2922,8.3862,9.65,13.18,14.58,2.63,19.4,0.46,19.84
2025-01-07 08:00:00,10.18,12.11,14.47,3.04,15.52,1.31,0.54,19.86,2025,AIIMS,Hourly,0,0,8,7,1,1,0.8660254037844387,-0.4999999999999998,0.49999999999999994,0.8660254037844387,1.35,1.38,1.53,2.01,18.47,27.59,28.3,1.4200000000000095,1.625,9.901666666666667,16.848333333333333,0.09643650760836313,0.2527251471615246,10.207668092115474,10.341340282602397,3.4729915615550806,8.000256018060693,-0.029999999999999805,-0.02173913043478247,123.2798,7.8138000000000005,10.38,14.19,15.53,3.41,14.7,0.54,19.84
2025-01-07 09:00:00,12.36,12.99,16.7,3.19,16.73,1.25,0.55,19.85,2025,AIIMS,Hourly,0,0,9,7,1,1,0.7071067811865476,-0.7071067811865475,0.49999999999999994,0.8660254037844387,1.31,1.35,1.38,1.74,20.16,29.78,35.57,1.3466666666666762,1.508333333333333,8.471666666666666,15.753333333333332,0.035118845838530345,0.19425927693290138,10.099608303235948,10.543854862540266,2.854993972539343,6.970985861435971,-0.040000000000000036,-0.029629629629629655,160.5564,9.185,10.18,12.11,14.47,3.04,15.52,0.54,19.86
2025-01-07 10:00:00,12.16,14.45,16.62,3.55,16.73,1.24,0.54,19.82,2025,AIIMS,Hourly,0,0,10,7,1,1,0.49999999999999994,-0.8660254037844387,0.49999999999999994,0.8660254037844387,1.25,1.31,1.35,1.74,22.11,26.55,32.72,1.3033333333333428,1.4266666666666667,6.895833333333333,14.564583333333331,0.0503322295654588,0.1798517908570903,9.571545385182626,10.50188470835265,2.396424266099531,6.090834190445822,-0.06000000000000005,-0.045801526717557293,175.712,8.974800000000002,12.36,12.99,16.7,3.19,16.73,0.55,19.85
2025-01-07 11:00:00,10.4,13.46,15.12,3.59,16.3,1.25,0.52,19.85,2025,AIIMS,Hourly,0,0,11,7,1,1,0.258819045102521,-0.9659258262890682,0.49999999999999994,0.8660254037844387,1.24,1.25,1.31,1.53,24.08,28.25,32.88,1.2666666666666762,1.3433333333333335,5.156666666666667,13.51,0.03785938896799163,0.10652073354287246,8.377352948530183,10.516784100954139,2.0660173329282365,5.344552007300311,-0.010000000000000009,-0.008000000000000007,139.984,7.8624,12.16,14.45,16.62,3.55,16.73,0.54,19.82
2025-01-07 12:00:00,9.87,13.19,14.15,3.25,15.39,1.37,0.49,19.85,2025,AIIMS,Hourly,0,0,12,7,1,1,1.2246467991473532e-16,-1.0,0.49999999999999994,0.8660254037844387,1.25,1.24,1.25,1.38,22.03,26.49,22.69,1.2466666666666761,1.2966666666666666,3.254166666666667,12.385,0.005773502665582912,0.0592171147094885,5.921577582081583,10.313621638606996,1.832869523520169,4.714620929254109,0.010000000000000009,0.008064516129032265,130.18529999999998,6.9335,10.4,13.46,15.12,3.59,16.3,0.52,19.85
2025-01-07 13:00:00,6.78,13.49,12.47,2.85,16.67,1.37,0.46,19.87,2025,AIIMS,Hourly,0,0,13,7,1,1,-0.2588190451025208,-0.9659258262890683,0.49999999999999994,0.8660254037844387,1.37,1.25,1.24,1.35,2.22,22.05,18.46,1.2866666666666762,1.295,1.5325,11.338333333333333,0.07234178137860503,0.05648008505526739,0.32535644789534374,10.092216400972209,1.7006210882286923,4.200063863215015,0.1200000000000001,0.09600000000000009,91.46220000000001,5.7362,9.87,13.19,14.15,3.25,15.39,0.49,19.85
2025-01-07 14:00:00,4.56,12.97,10.26,3.37,16.67,1.34,0.46,19.89,2025,AIIMS,Hourly,0,0,14,7,1,1,-0.4999999999999997,-0.8660254037844388,0.49999999999999994,0.8660254037844387,1.37,1.37,1.25,1.31,2.01,21.29,19.04,1.3300000000000096,1.2983333333333336,1.461666666666667,10.476666666666667,0.06928203230056819,0.06080021936240477,0.24457136283795622,10.0204654351096,1.6061579201633518,3.7646694227203974,0.0,0.0,59.1432,4.7196,6.78,13.49,12.47,2.85,16.67,0.46,19.87
2025-01-07 15:00:00,4.88,12.49,10.27,2.92,16.09,1.3,0.44,19.89,2025,AIIMS,Hourly,0,0,15,7,1,1,-0.7071067811865471,-0.7071067811865479,0.49999999999999994,0.8660254037844387,1.34,1.37,1.37,1.25,1.74,21.44,20.2,1.3600000000000094,1.3033333333333335,1.4058333333333335,9.645416666666668,0.017320508066949476,0.06314005602243312,0.17443197859562323,9.91132596717162,1.5301128001166797,3.39164335768649,-0.030000000000000027,-0.02189781021897812,60.9512,4.5188,4.56,12.97,10.26,3.37,16.67,0.46,19.89
2025-01-07 16:00:00,4.22,13.43,10.22,2.83,15.64,1.26,0.42,19.88,2025,AIIMS,Hourly,0,0,16,7,1,1,-0.8660254037844385,-0.5000000000000004,0.49999999999999994,0.8660254037844387,1.3,1.34,1.37,1.24,1.74,18.1,18.94,1.336666666666676,1.3116666666666668,1.3691666666666666,8.80625,0.03511884583852894,0.057763887287085175,0.1408066587799998,9.720045988663491,1.4643662857976285,3.0698520718885685,-0.040000000000000036,-0.02985074626865674,56.6746,4.2924,4.88,12.49,10.27,2.92,16.09,0.44,19.89
2025-01-07 17:00:00,3.4,13.22,9.6,3.29,15.64,1.35,0.4,19.9,2025,AIIMS,Hourly,0,0,17,7,1,1,-0.9659258262890683,-0.25881904510252063,0.49999999999999994,0.8660254037844387,1.26,1.3,1.34,1.25,1.53,19.86,21.72,1.3000000000000096,1.3150000000000002,1.3291666666666668,8.104583333333332,0.03999999999620821,0.05319774438684454,0.08162645890368253,9.627360909392777,1.4059759184268774,2.7914132915980194,-0.040000000000000036,-0.030769230769230795,44.948,3.84,4.22,13.43,10.22,2.83,15.64,0.42,19.88
2025-01-07 18:00:00,4.1,10.78,8.93,3.1,13.73,1.37,0.39,19.9,2025,AIIMS,Hourly,0,0,18,7,1,1,-1.0,-1.8369701987210297e-16,0.49999999999999994,0.8660254037844387,1.35,1.26,1.3,1.37,1.38,23.0,22.54,1.3033333333333428,1.3316666666666668,1.3141666666666667,7.333333333333333,0.04509249752486582,0.04355073678496022,0.052821884862513796,9.38300622386532,1.389982798876341,2.5696574005829396,0.09000000000000008,0.0714285714285715,44.19799999999999,3.4827,3.4,13.22,9.6,3.29,15.64,0.4,19.9
2025-01-07 19:00:00,4.65,12.25,10.13,3.32,14.3,1.5,0.44,19.89,2025,AIIMS,Hourly,0,0,19,7,1,1,-0.9659258262890684,0.2588190451025203,0.49999999999999994,0.8660254037844387,1.37,1.35,1.26,1.37,1.35,21.14,28.09,1.3266666666666762,1.3316666666666668,1.3133333333333335,6.432083333333334,0.05859465276823708,0.04355073678496022,0.05175700806717005,8.83560336226995,1.384273427768815,2.38509472357018,0.020000000000000018,0.014814814814814828,56.962500000000006,4.4572,4.1,10.78,8.93,3.1,13.73,0.39,19.9
2025-01-07 20:00:00,6.13,12.37,10.49,3.34,19.32,1.51,0.48,19.88,2025,AIIMS,Hourly,0,0,20,7,1,1,-0.8660254037844386,0.5000000000000001,0.49999999999999994,0.8660254037844387,1.5,1.37,1.35,1.34,1.31,18.47,35.31,1.4066666666666763,1.3533333333333335,1.3258333333333334,5.61375,0.08144527815061516,0.08189424078963373,0.07452374040575238,8.3079112702235,1.4173381626920107,2.248926304559383,0.1299999999999999,0.09489051094890502,75.82809999999999,5.0352,4.65,12.25,10.13,3.32,14.3,0.44,19.89
2025-01-07 21:00:00,5.14,10.62,9.43,2.77,19.32,1.55,0.47,19.89,2025,AIIMS,Hourly,0,0,21,7,1,1,-0.7071067811865477,0.7071067811865474,0.49999999999999994,0.8660254037844387,1.51,1.5,1.37,1.3,1.25,20.16,21.84,1.4600000000000095,1.3816666666666666,1.3425,4.9070833333333335,0.07810249675713485,0.10303721014520631,0.09116668054524205,7.876946262831156,1.4438129733514362,2.1352453346271703,0.010000000000000009,0.006666666666666672,54.58679999999999,4.432099999999999,6.13,12.37,10.49,3.34,19.32,0.48,19.88
2025-01-07 22:00:00,5.68,10.77,10.17,2.97,17.72,1.56,0.44,19.88,2025,AIIMS,Hourly,0,0,22,7,1,1,-0.5000000000000004,0.8660254037844384,0.49999999999999994,0.8660254037844387,1.55,1.51,1.5,1.26,1.24,22.11,14.55,1.5200000000000093,1.4233333333333336,1.3675,4.131666666666667,0.026457513104954554,0.11343133021569853,0.10375889887706696,7.196776250918911,1.4741521238224544,2.0452075908383747,0.040000000000000036,0.026490066225165587,61.17359999999999,4.4748,5.14,10.62,9.43,2.77,19.32,0.47,19.89
2025-01-07 23:00:00,5.8,11.61,10.66,2.96,14.8,1.56,0.43,19.87,2025,AIIMS,Hourly,0,0,23,7,1,1,-0.25881904510252157,0.9659258262890681,0.49999999999999994,0.8660254037844387,1.56,1.55,1.51,1.35,1.25,24.08,14.61,1.5400000000000096,1.4733333333333334,1.3941666666666668,3.275416666666667,0.02645751310495808,0.09092121135630213,0.10900027803327161,6.104344838374577,1.4986800884446103,1.9705602691709323,0.010000000000000009,0.006451612903225812,67.338,4.5838,5.68,10.77,10.17,2.97,17.72,0.44,19.88
2025-01-08 01:00:00,11.54,12.28,15.63,5.68,34.13,10.42,0.55,9.86,2025,AIIMS,Hourly,0,0,1,8,1,2,0.25881904510252074,0.9659258262890683,0.49999999999999994,0.8660254037844387,1.56,1.56,1.55,1.37,1.37,22.03,9.76,1.5566666666666762,1.5083333333333335,1.4200000000000002,2.3370833333333336,0.005773502665844888,0.07250287356024962,0.10846029858387787,4.201605779125584,1.5162000631747217,1.9073971508369427,0.0,0.0,141.7112,8.5965,5.8,11.61,10.66,2.96,14.8,0.43,19.87
2025-01-08 02:00:00,12.54,12.23,16.37,5.65,28.78,7.78,0.52,9.86,2025,AIIMS,Hourly,0,0,2,8,1,2,0.49999999999999994,0.8660254037844387,0.49999999999999994,0.8660254037844387,10.42,1.56,1.56,1.5,1.37,2.22,9.47,4.5133333333333425,3.016666666666667,2.174166666666667,1.8533333333333335,5.115323385020058,3.6269693501150972,2.5989804236333605,1.8408000780989924,4.060142902267658,3.2170283584004897,8.86,5.679487179487179,153.36419999999998,8.512400000000001,11.54,12.28,15.63,5.68,34.13,0.55,9.86
2025-01-08 03:00:00,12.55,12.27,16.21,5.75,23.09,5.53,0.48,9.85,2025,AIIMS,Hourly,0,0,3,8,1,2,0.7071067811865476,0.7071067811865476,0.49999999999999994,0.8660254037844387,7.78,10.42,1.56,1.51,1.34,2.01,21.51,6.586666666666677,4.0633333333333335,2.7083333333333335,2.085,4.548948596470736,3.9897502010369292,3.039981558956079,2.20315386582844,5.122959215905469,3.9190239955696455,-2.6399999999999997,-0.2533589251439539,153.98850000000002,7.7808,12.54,12.23,16.37,5.65,28.78,0.52,9.86
2025-01-08 04:00:00,11.97,12.38,16.02,5.84,23.09,7.26,0.46,9.85,2025,AIIMS,Hourly,0,0,4,8,1,2,0.8660254037844386,0.5000000000000001,0.49999999999999994,0.8660254037844387,5.53,7.78,10.42,1.55,1.3,1.74,25.82,7.910000000000011,4.733333333333333,3.0574999999999997,2.231666666666667,2.447590652049431,3.808641052485012,3.108387845814148,2.312400722505154,5.239256582789621,4.1668664577897,-2.25,-0.28920308483290486,148.1886,7.3692,12.55,12.27,16.21,5.75,23.09,0.48,9.85
2025-01-08 05:00:00,11.68,12.3,15.75,5.54,19.07,7.26,0.44,9.86,2025,AIIMS,Hourly,0,0,5,8,1,2,0.9659258262890683,0.25881904510252074,0.49999999999999994,0.8660254037844387,7.26,5.53,7.78,1.56,1.26,1.74,31.5,6.856666666666676,5.685,3.554166666666667,2.4616666666666664,1.177978494427246,3.5593580881961526,3.273792513927463,2.526023970876443,5.81661184484973,4.642733156591285,1.7299999999999995,0.3128390596745026,143.66400000000002,6.93,11.97,12.38,16.02,5.84,23.09,0.46,9.85
2025-01-08 06:00:00,12.51,12.8,16.5,5.87,18.37,5.39,0.41,9.86,2025,AIIMS,Hourly,0,0,6,8,1,2,1.0,6.123233995736766e-17,0.49999999999999994,0.8660254037844387,7.26,7.26,5.53,1.56,1.35,1.53,33.94,6.683333333333342,6.635000000000001,4.054166666666666,2.6916666666666664,0.9988159656979253,2.946019348206537,3.3488789395139653,2.7025908128021205,6.22900846060695,5.045389594038779,0.0,0.0,160.12800000000001,6.765,11.68,12.3,15.75,5.54,19.07,0.44,9.86
2025-01-08 07:00:00,14.56,12.53,18.16,5.93,19.56,3.98,0.41,9.86,2025,AIIMS,Hourly,0,0,7,8,1,2,0.9659258262890683,-0.25881904510252063,0.49999999999999994,0.8660254037844387,5.39,7.26,7.26,10.42,1.37,1.38,29.32,6.6366666666666765,7.2733333333333325,4.390833333333334,2.8524999999999996,1.0796450033844824,1.8300127504129224,3.254042125037743,2.74497683525383,5.989291757576393,5.098406579571275,-1.87,-0.2575757575757576,182.4368,7.4456,12.51,12.8,16.5,5.87,18.37,0.41,9.86
2025-01-08 08:00:00,17.24,13.5,20.88,5.98,21.97,4.33,0.46,9.84,2025,AIIMS,Hourly,0,0,8,8,1,2,0.8660254037844387,-0.4999999999999998,0.49999999999999994,0.8660254037844387,3.98,5.39,7.26,7.78,1.5,1.35,29.72,5.543333333333343,6.2,4.608333333333333,2.9608333333333334,1.6453672335782872,1.4681280598119897,3.1181633094255026,2.7356263358266886,5.415208398268852,4.9263440288680025,-1.4099999999999997,-0.261595547309833,232.73999999999998,9.6048,14.56,12.53,18.16,5.93,19.56,0.41,9.86
2025-01-08 09:00:00,19.08,14.46,22.43,6.2,34.48,5.52,0.52,9.82,2025,AIIMS,Hourly,0,0,9,8,1,2,0.7071067811865476,-0.7071067811865475,0.49999999999999994,0.8660254037844387,4.33,3.98,5.39,5.53,1.51,1.31,27.59,4.566666666666676,5.625,4.844166666666666,3.0849999999999995,0.734188894858166,1.3995535002304766,2.9649573301654657,2.7269492430014637,5.105148855906323,4.83459879365754,0.3500000000000001,0.08793969849246233,275.8968,11.6636,17.24,13.5,20.88,5.98,21.97,0.46,9.84
2025-01-08 10:00:00,19.7,15.19,23.74,6.32,34.48,5.79,0.55,9.8,2025,AIIMS,Hourly,0,0,10,8,1,2,0.49999999999999994,-0.8660254037844387,0.49999999999999994,0.8660254037844387,5.52,4.33,3.98,7.26,1.55,1.25,29.78,4.610000000000009,5.623333333333332,5.178333333333334,3.2604166666666665,0.8072793816267838,1.3996952049192875,2.7748999435969983,2.743164594541651,5.223677754218802,4.940045133094841,1.1899999999999995,0.2748267898383371,299.243,13.057,19.08,14.46,22.43,6.2,34.48,0.52,9.82
2025-01-08 11:00:00,18.38,15.17,22.64,6.37,30.24,5.79,0.56,9.79,2025,AIIMS,Hourly,0,0,11,8,1,2,0.258819045102521,-0.9659258262890682,0.49999999999999994,0.8660254037844387,5.79,5.52,4.33,7.26,1.56,1.24,26.55,5.213333333333343,5.378333333333334,5.531666666666666,3.4495833333333334,0.7768097150094502,1.1648762452183803,2.530037129923744,2.7550120005512997,5.385484110156288,5.07080742031102,0.27000000000000046,0.048913043478260955,278.8246,12.678400000000002,19.7,15.19,23.74,6.32,34.48,0.55,9.8
2025-01-08 12:00:00,17.19,14.52,21.18,5.72,33.26,10.26,0.57,9.8,2025,AIIMS,Hourly,0,0,12,8,1,2,1.2246467991473532e-16,-1.0,0.49999999999999994,0.8660254037844387,5.79,5.79,5.52,5.39,1.56,1.25,28.25,5.70000000000001,5.133333333333333,5.884166666666666,3.6391666666666667,0.15588457268035158,0.7814516406496937,2.1994522389722433,2.752901894469363,5.501060078683063,5.181452432570863,0.0,0.0,249.5988,12.0726,18.38,15.17,22.64,6.37,30.24,0.56,9.79
2025-01-08 13:00:00,14.75,13.29,18.77,5.32,33.26,10.26,0.55,15.56,2025,AIIMS,Hourly,0,0,13,8,1,2,-0.2588190451025208,-0.9659258262890683,0.49999999999999994,0.8660254037844387,10.26,5.79,5.79,3.98,10.42,1.37,26.49,7.280000000000009,5.945,6.609166666666667,4.014583333333333,2.5807557032775796,2.2502155452327997,2.074860163233776,3.01481556024779,6.86075719905933,5.9627674429445765,4.47,0.772020725388601,196.02749999999997,10.323500000000001,17.19,14.52,21.18,5.72,33.26,0.57,9.8
2025-01-08 14:00:00,4.1,12.89,9.96,8.42,40.38,7.57,0.54,15.58,2025,AIIMS,Hourly,0,0,14,8,1,2,-0.4999999999999997,-0.8660254037844388,0.49999999999999994,0.8660254037844387,10.26,10.26,5.79,4.33,7.78,1.37,22.05,8.77000000000001,6.991666666666666,6.595833333333332,4.385000000000001,2.580755703277583,2.5885240324698358,2.048491499676584,3.2152354704481905,7.831969427899521,6.623880144030026,0.0,0.0,52.849,5.378400000000001,14.75,13.29,18.77,5.32,33.26,0.55,15.56
2025-01-08 15:00:00,3.08,11.68,8.18,8.4,40.38,7.57,0.5,15.58,2025,AIIMS,Hourly,0,0,15,8,1,2,-0.7071067811865471,-0.7071067811865479,0.49999999999999994,0.8660254037844387,7.57,10.26,10.26,5.52,5.53,1.34,21.29,9.363333333333344,7.531666666666666,6.578333333333333,4.6433333333333335,1.5530722241200228,2.236187976596297,2.038327448641063,3.2115304040636663,7.757121019928229,6.769437044948484,-2.6899999999999995,-0.26218323586744635,35.9744,4.09,4.1,12.89,9.96,8.42,40.38,0.54,15.58
2025-01-08 16:00:00,3.53,12.81,9.28,7.28,37.82,6.89,0.47,15.58,2025,AIIMS,Hourly,0,0,16,8,1,2,-0.8660254037844385,-0.5000000000000004,0.49999999999999994,0.8660254037844387,7.57,7.57,10.26,5.79,7.26,1.3,21.44,8.466666666666676,7.873333333333334,6.748333333333332,4.902916666666667,1.5530722241200199,2.012805670370044,2.027989749541946,3.184585809074048,7.703657871377307,6.892600576494871,0.0,0.0,45.2193,4.361599999999999,3.08,11.68,8.18,8.4,40.38,0.5,15.58
2025-01-08 17:00:00,2.34,11.52,7.89,8.28,45.14,6.89,0.41,15.59,2025,AIIMS,Hourly,0,0,17,8,1,2,-0.9659258262890683,-0.25881904510252063,0.49999999999999994,0.8660254037844387,6.89,7.57,7.57,5.79,7.26,1.26,18.1,7.3433333333333435,8.056666666666667,6.7175,5.135833333333333,0.39259818304864147,1.8265778567238198,2.0223079749284802,3.1132394936658927,7.471184193840934,6.892200487803352,-0.6800000000000006,-0.08982826948480853,26.956799999999998,3.2348999999999997,3.53,12.81,9.28,7.28,37.82,0.47,15.58
2025-01-08 18:00:00,4.43,14.66,11.22,6.05,48.27,5.83,0.51,15.57,2025,AIIMS,Hourly,0,0,18,8,1,2,-1.0,-1.8369701987210297e-16,0.49999999999999994,0.8660254037844387,6.89,6.89,7.57,10.26,5.39,1.35,19.86,7.116666666666677,8.24,6.6866666666666665,5.370416666666666,0.3925981830486387,1.5939636131377333,2.0160958370690643,3.0191871626618263,7.305131567029239,6.891861951218221,0.0,0.0,64.9438,5.722200000000001,2.34,11.52,7.89,8.28,45.14,0.41,15.59
2025-01-08 19:00:00,7.02,13.59,12.12,6.08,48.27,6.2,0.53,15.56,2025,AIIMS,Hourly,0,0,19,8,1,2,-0.9659258262890684,0.2588190451025203,0.49999999999999994,0.8660254037844387,5.83,6.89,6.89,10.26,3.98,1.37,23.0,6.536666666666676,7.501666666666666,6.723333333333333,5.557083333333334,0.6119912853408018,1.4940203033004082,1.9942523471835776,2.8957802570455926,6.883665405020885,6.728498574107726,-1.0599999999999996,-0.1538461538461538,95.4018,6.4235999999999995,4.43,14.66,11.22,6.05,48.27,0.51,15.57
2025-01-08 20:00:00,11.32,13.18,15.87,5.94,43.54,7.62,0.61,15.55,2025,AIIMS,Hourly,0,0,20,8,1,2,-0.8660254037844386,0.5000000000000001,0.49999999999999994,0.8660254037844387,6.2,5.83,6.89,7.57,4.33,1.5,21.14,6.3066666666666755,6.825,6.908333333333332,5.758333333333333,0.537990086649452,0.7069865628194425,1.8111966578309766,2.7566294268717133,6.688332432157775,6.647191101168076,0.3700000000000001,0.06346483704974273,149.1976,9.6807,7.02,13.59,12.12,6.08,48.27,0.53,15.56
2025-01-08 21:00:00,13.26,12.83,17.3,6.09,43.49,7.62,0.59,15.53,2025,AIIMS,Hourly,0,0,21,8,1,2,-0.7071067811865477,0.7071067811865474,0.49999999999999994,0.8660254037844387,7.62,6.2,5.83,7.57,5.52,1.51,18.47,6.550000000000009,6.833333333333333,7.1825,6.013333333333333,0.9449338601191906,0.7177371849597283,1.6248475452974922,2.625534590145716,6.954523165826982,6.796854008680679,1.42,0.2290322580645161,170.1258,10.207,11.32,13.18,15.87,5.94,43.54,0.61,15.55
2025-01-08 22:00:00,14.15,12.83,17.87,6.07,41.88,5.79,0.59,15.52,2025,AIIMS,Hourly,0,0,22,8,1,2,-0.5000000000000004,0.8660254037844384,0.49999999999999994,0.8660254037844387,7.62,7.62,6.2,6.89,5.79,1.55,20.16,7.146666666666676,6.841666666666668,7.357499999999999,6.267916666666667,0.8198373822491217,0.7282147119317998,1.540408003805012,2.460954178973715,7.14465940416213,6.923491853499037,0.0,0.0,181.5445,10.5433,13.26,12.83,17.3,6.09,43.49,0.59,15.53
2025-01-08 23:00:00,13.14,13.64,17.26,5.51,41.88,5.74,0.54,15.51,2025,AIIMS,Hourly,0,0,23,8,1,2,-0.25881904510252157,0.9659258262890681,0.49999999999999994,0.8660254037844387,5.79,7.62,7.62,6.89,5.79,1.56,22.11,7.01000000000001,6.658333333333334,7.357500000000001,6.444583333333333,1.0565509926169008,0.843028271574527,1.540408003805012,2.250752490914105,6.757613860115807,6.7491084914222625,-1.83,-0.24015748031496065,179.2296,9.320400000000001,14.15,12.83,17.87,6.07,41.88,0.59,15.52
2025-01-09 01:00:00,5.13,5.18,6.73,8.79,13.1,9.48,0.5,19.16,2025,AIIMS,Hourly,0,0,1,9,1,3,0.25881904510252074,0.9659258262890683,0.49999999999999994,0.8660254037844387,5.74,5.79,7.62,5.83,10.26,1.56,24.08,6.383333333333343,6.466666666666666,7.353333333333333,6.6187499999999995,1.0712764971439845,0.9080455201552153,1.5450938973149417,2.004610582370121,6.466867042939862,6.593861031203453,-0.04999999999999982,-0.008635578583765081,26.5734,3.365,13.14,13.64,17.26,5.51,41.88,0.54,15.51
2025-01-09 02:00:00,4.76,5.41,6.56,9.21,9.4,7.15,0.45,19.18,2025,AIIMS,Hourly,0,0,2,9,1,3,0.49999999999999994,0.8660254037844387,0.49999999999999994,0.8660254037844387,9.48,5.74,5.79,6.2,10.26,10.42,22.03,7.003333333333342,7.075,7.288333333333333,6.9487499999999995,2.1450019425010067,1.4544517867592661,1.423304946138283,1.7742954817379055,7.327762173528473,7.037882411018307,3.74,0.6515679442508711,25.7516,2.952,5.13,5.18,6.73,8.79,13.1,0.5,19.16
2025-01-09 03:00:00,4.9,5.54,6.74,8.75,8.63,5.37,0.43,19.13,2025,AIIMS,Hourly,0,0,3,9,1,3,0.7071067811865476,0.7071067811865476,0.49999999999999994,0.8660254037844387,7.15,9.48,5.74,7.62,7.57,7.78,2.22,7.456666666666677,7.233333333333333,7.029166666666668,6.8125,1.888765028618726,1.390448368934953,1.0730623834580328,1.6145028848568768,7.276972981091767,7.055131270861645,-2.33,-0.24578059071729957,27.146,2.8982,4.76,5.41,6.56,9.21,9.4,0.45,19.18
2025-01-09 04:00:00,5.0,5.34,6.72,8.85,6.42,4.31,0.41,19.15,2025,AIIMS,Hourly,0,0,4,9,1,3,0.8660254037844386,0.5000000000000001,0.49999999999999994,0.8660254037844387,5.37,7.15,9.48,7.62,7.57,5.53,2.01,7.333333333333344,6.858333333333334,6.845833333333332,6.712083333333333,2.0611242886670116,1.5585559555800084,1.1569195645301584,1.6266128562296995,6.732123557922691,6.7958803061137,-1.7800000000000002,-0.24895104895104897,26.7,2.7552,4.9,5.54,6.74,8.75,8.63,0.43,19.13
2025-01-09 05:00:00,5.05,5.97,7.08,8.75,6.98,3.26,0.38,19.18,2025,AIIMS,Hourly,0,0,5,9,1,3,0.9659258262890683,0.25881904510252074,0.49999999999999994,0.8660254037844387,4.31,5.37,7.15,5.79,6.89,7.26,1.74,5.610000000000009,6.306666666666666,6.574166666666667,6.66125,1.4351306560727304,1.8018509002339722,1.339724926540026,1.6832378542282151,6.0400882556590645,6.4134371820962075,-1.0600000000000005,-0.197392923649907,30.1485,2.6904,5.0,5.34,6.72,8.85,6.42,0.41,19.15
2025-01-09 06:00:00,5.94,6.49,7.97,8.25,5.58,3.86,0.37,19.08,2025,AIIMS,Hourly,0,0,6,9,1,3,1.0,6.123233995736766e-17,0.49999999999999994,0.8660254037844387,3.26,4.31,5.37,5.74,6.89,7.26,1.74,4.313333333333342,5.885000000000001,6.271666666666667,6.494583333333334,1.0550039494395578,2.1991702980913863,1.6384406851615674,1.814303026235758,5.245777325470761,5.928293000235253,-1.0499999999999998,-0.2436194895591647,38.5506,2.9489,5.05,5.97,7.08,8.75,6.98,0.38,19.18
2025-01-09 07:00:00,6.63,6.01,8.11,8.01,7.27,3.01,0.38,19.07,2025,AIIMS,Hourly,0,0,7,9,1,3,0.9659258262890683,-0.25881904510252063,0.49999999999999994,0.8660254037844387,3.86,3.26,4.31,9.48,5.83,5.39,1.53,3.8100000000000094,5.571666666666666,6.019166666666667,6.352916666666666,0.5267826876423772,2.352542596144448,1.763212245944111,1.8833653485783364,4.849840946764829,5.610094077122136,0.6000000000000001,0.18404907975460127,39.8463,3.0818,5.94,6.49,7.97,8.25,5.58,0.37,19.08
2025-01-09 08:00:00,7.22,5.86,8.72,7.8,11.42,2.41,0.41,19.03,2025,AIIMS,Hourly,0,0,8,9,1,3,0.8660254037844387,-0.4999999999999998,0.49999999999999994,0.8660254037844387,3.01,3.86,3.26,7.15,6.2,3.98,1.38,3.376666666666676,4.493333333333333,5.784166666666668,6.25375,0.4368447474023875,1.5480654594280503,1.9668778135253364,1.9955860259458176,4.32417210483202,5.210079603718731,-0.8500000000000001,-0.2202072538860104,42.309200000000004,3.5752,6.63,6.01,8.11,8.01,7.27,0.38,19.07
2025-01-09 09:00:00,10.06,6.75,11.42,7.71,16.41,2.58,0.53,18.95,2025,AIIMS,Hourly,0,0,9,9,1,3,0.7071067811865476,-0.7071067811865475,0.49999999999999994,0.8660254037844387,2.41,3.01,3.86,5.37,7.62,4.33,1.35,3.0933333333333426,3.7033333333333336,5.468333333333334,6.188333333333333,0.728583099812954,1.0507457669076135,2.186108345204922,2.096540974549437,3.777265789165729,4.779298126223542,-0.5999999999999996,-0.19933554817275737,67.905,6.0526,7.22,5.86,8.72,7.8,11.42,0.41,19.03
2025-01-09 10:00:00,10.47,6.61,11.48,7.98,26.31,6.07,0.56,18.83,2025,AIIMS,Hourly,0,0,10,9,1,3,0.49999999999999994,-0.8660254037844387,0.49999999999999994,0.8660254037844387,2.58,2.41,3.01,4.31,7.62,5.52,1.31,2.6666666666666763,3.2383333333333333,5.048333333333333,6.115416666666667,0.309246395828713,0.7358102110424405,2.2190449761249886,2.1922313015974897,3.435189849404092,4.440944568342997,0.16999999999999993,0.0705394190871369,69.20670000000001,6.428800000000001,10.06,6.75,11.42,7.71,16.41,0.53,18.95
2025-01-09 11:00:00,9.72,11.4,10.98,7.93,27.98,9.12,0.69,18.81,2025,AIIMS,Hourly,0,0,11,9,1,3,0.258819045102521,-0.9659258262890682,0.49999999999999994,0.8660254037844387,6.07,2.58,2.41,3.26,5.79,5.79,1.25,3.6866666666666763,3.5316666666666663,4.9191666666666665,6.138333333333333,2.0657766900933554,1.3461562564109295,2.097528668494539,2.188608187203715,4.187992749574351,4.691568480905612,3.49,1.3527131782945736,110.808,7.5762,10.47,6.61,11.48,7.98,26.31,0.56,18.83
2025-01-09 12:00:00,1.74,13.11,8.21,9.02,19.31,9.07,0.65,18.97,2025,AIIMS,Hourly,0,0,12,9,1,3,1.2246467991473532e-16,-1.0,0.49999999999999994,0.8660254037844387,9.12,6.07,2.58,3.86,5.74,5.79,1.24,5.923333333333343,4.508333333333334,5.196666666666666,6.277083333333334,3.272465940744544,2.6265217811155073,2.4188740180415444,2.269620690711082,5.597137678267394,5.372865637689364,3.049999999999999,0.502471169686985,22.8114,5.336500000000001,9.72,11.4,10.98,7.93,27.98,0.69,18.81
2025-01-09 13:00:00,1.93,8.63,5.96,7.46,11.73,1.3,0.55,19.17,2025,AIIMS,Hourly,0,0,13,9,1,3,-0.2588190451025208,-0.9659258262890683,0.49999999999999994,0.8660254037844387,9.07,9.12,6.07,3.01,9.48,10.26,1.25,8.086666666666675,5.376666666666666,5.474166666666666,6.41375,1.7466634860021248,3.17356371712844,2.665331152318611,2.3367755794447564,6.589384055905281,5.941655539583308,-0.049999999999998934,-0.005482456140350761,16.655900000000003,3.278,1.74,13.11,8.21,9.02,19.31,0.65,18.97
2025-01-09 14:00:00,2.39,7.98,6.0,8.91,15.54,1.3,0.56,19.11,2025,AIIMS,Hourly,0,0,14,9,1,3,-0.4999999999999997,-0.8660254037844388,0.49999999999999994,0.8660254037844387,1.3,9.07,9.12,2.41,7.15,10.26,1.37,6.496666666666676,5.091666666666667,4.7924999999999995,6.040416666666666,4.500514785369901,3.4896499346888814,2.5927315360805845,2.4101569120232353,5.078131468503772,5.227554687339722,-7.7700000000000005,-0.8566703417861081,19.072200000000002,3.3600000000000003,1.93,8.63,5.96,7.46,11.73,0.55,19.17
2025-01-09 15:00:00,3.19,7.62,6.37,9.14,15.54,1.3,0.55,19.18,2025,AIIMS,Hourly,0,0,15,9,1,3,-0.7071067811865471,-0.7071067811865479,0.49999999999999994,0.8660254037844387,1.3,1.3,9.07,2.58,5.37,7.57,1.37,3.8900000000000095,4.906666666666667,4.305000000000001,5.667083333333333,4.486011591603362,3.684245739181106,2.658309442279831,2.422048143645897,3.998665334645551,4.623315504672072,0.0,0.0,24.3078,3.5035000000000003,2.39,7.98,6.0,8.91,15.54,0.56,19.11
2025-01-09 16:00:00,3.0,6.32,5.6,9.06,12.43,0.66,0.55,19.25,2025,AIIMS,Hourly,0,0,16,9,1,3,-0.8660254037844385,-0.5000000000000004,0.49999999999999994,0.8660254037844387,1.3,1.3,1.3,6.07,4.31,7.57,1.34,1.3,4.6933333333333325,3.965833333333333,5.405833333333334,0.0,3.8778843028994765,2.7674749184495733,2.5430004815707234,3.227618096175394,4.112036196260984,0.0,0.0,18.96,3.08,3.19,7.62,6.37,9.14,15.54,0.55,19.18
2025-01-09 17:00:00,3.39,6.63,6.12,8.81,8.95,0.7,0.53,19.2,2025,AIIMS,Hourly,0,0,17,9,1,3,-0.9659258262890683,-0.25881904510252063,0.49999999999999994,0.8660254037844387,0.66,1.3,1.3,9.12,3.26,6.89,1.3,1.0866666666666762,3.791666666666666,3.661666666666667,5.117916666666667,0.36950417228095395,4.11544610785687,2.9224517519420776,2.675065182734354,2.4940129258395674,3.580953704528525,-0.64,-0.4923076923076923,22.4757,3.2436000000000003,3.0,6.32,5.6,9.06,12.43,0.55,19.25
2025-01-09 18:00:00,5.95,7.34,8.51,8.35,12.82,3.16,0.56,19.15,2025,AIIMS,Hourly,0,0,18,9,1,3,-1.0,-1.8369701987210297e-16,0.49999999999999994,0.8660254037844387,0.7,0.66,1.3,9.07,3.86,6.89,1.26,0.8866666666666762,2.388333333333333,3.448333333333333,4.86,0.35851545759287845,3.2874209749702596,3.045293935159667,2.792603584936856,1.9814378041711196,3.1377300576779827,0.039999999999999925,0.06060606060606049,43.673,4.7656,3.39,6.63,6.12,8.81,8.95,0.53,19.2
2025-01-09 19:00:00,5.56,6.83,7.76,8.84,12.82,3.16,0.56,19.11,2025,AIIMS,Hourly,0,0,19,9,1,3,-0.9659258262890684,0.2588190451025203,0.49999999999999994,0.8660254037844387,3.16,0.7,0.66,1.3,3.01,5.83,1.35,1.5066666666666764,1.4033333333333333,3.39,4.704583333333333,1.431968342294283,0.9127029454726888,3.0433952331992056,2.7784731170756904,2.3181698601222283,3.141156202650601,2.46,3.5142857142857147,37.974799999999995,4.3456,5.95,7.34,8.51,8.35,12.82,0.56,19.15
2025-01-09 20:00:00,7.16,7.88,9.52,8.43,16.13,4.49,0.55,19.04,2025,AIIMS,Hourly,0,0,20,9,1,3,-0.8660254037844386,0.5000000000000001,0.49999999999999994,0.8660254037844387,3.16,3.16,0.7,1.3,2.41,6.2,1.37,2.3400000000000096,1.7133333333333336,3.4025,4.593333333333333,1.4202816622063776,1.1544464763142932,3.0420003137895977,2.784898197602192,2.5586927572301628,3.1440552483966626,0.0,0.0,56.4208,5.236,5.56,6.83,7.76,8.84,12.82,0.56,19.11
2025-01-09 21:00:00,7.45,7.19,9.5,8.74,16.13,4.49,0.58,18.99,2025,AIIMS,Hourly,0,0,21,9,1,3,-0.7071067811865477,0.7071067811865474,0.49999999999999994,0.8660254037844387,4.49,3.16,3.16,1.3,2.58,7.62,1.5,3.603333333333343,2.245,3.575833333333333,4.522083333333334,0.7678758580220216,1.5815656799538116,3.039564736583821,2.7638001235946565,3.1104948265929737,3.351123671720253,1.33,0.4208860759493671,53.56550000000001,5.51,7.16,7.88,9.52,8.43,16.13,0.55,19.04
2025-01-09 22:00:00,8.09,6.44,9.52,8.26,18.64,6.28,0.57,19.01,2025,AIIMS,Hourly,0,0,22,9,1,3,-0.5000000000000004,0.8660254037844384,0.49999999999999994,0.8660254037844387,4.49,4.49,3.16,0.66,6.07,7.62,1.51,4.046666666666677,2.7766666666666673,3.735,4.391666666666667,0.7678758580220242,1.7296088189745016,3.032678084406822,2.6839566293811843,3.504639161852124,3.5263354145325216,0.0,0.0,52.0996,5.426399999999999,7.45,7.19,9.5,8.74,16.13,0.58,18.99
2025-01-09 23:00:00,8.49,7.03,10.33,8.51,19.39,7.02,0.56,18.95,2025,AIIMS,Hourly,0,0,23,9,1,3,-0.25881904510252157,0.9659258262890681,0.49999999999999994,0.8660254037844387,6.28,4.49,4.49,0.7,9.12,5.79,1.55,5.086666666666677,3.7133333333333334,3.7525,4.335833333333333,1.0334569818493016,1.8701194257785425,3.047944538389105,2.6272169382396102,4.2975994013229455,3.949976119989057,1.79,0.39866369710467703,59.68470000000001,5.784800000000001,8.09,6.44,9.52,8.26,18.64,0.57,19.01
2025-01-10 01:00:00,8.71,7.66,10.38,10.0,50.87,19.83,0.67,18.95,2025,AIIMS,Hourly,0,0,1,10,1,4,0.25881904510252074,0.9659258262890683,0.49999999999999994,0.8660254037844387,7.02,6.28,4.49,3.16,9.07,5.74,1.56,5.9300000000000095,4.766666666666667,3.5775,4.387083333333334,1.3008074415530304,1.5927041993647624,2.7582706209121146,2.6684900129602833,5.075428143802103,4.422287486144587,0.7399999999999993,0.11783439490445849,66.71860000000001,6.954600000000001,8.49,7.03,10.33,8.51,19.39,0.56,18.95
2025-01-10 02:00:00,8.98,6.77,10.5,9.55,40.67,16.77,0.62,18.97,2025,AIIMS,Hourly,0,0,2,10,1,4,0.49999999999999994,0.8660254037844387,0.49999999999999994,0.8660254037844387,19.83,7.02,6.28,3.16,1.3,9.48,1.56,11.043333333333342,7.544999999999999,4.474166666666666,4.974166666666666,7.618466599869892,6.175618997315748,5.2916460033006185,4.12922028292522,9.291020102715787,6.792704795968496,12.809999999999999,1.8247863247863247,60.794599999999996,6.51,8.71,7.66,10.38,10.0,50.87,0.67,18.95
2025-01-10 03:00:00,8.96,6.38,10.31,9.06,35.79,16.0,0.59,18.99,2025,AIIMS,Hourly,0,0,3,10,1,4,0.7071067811865476,0.7071067811865476,0.49999999999999994,0.8660254037844387,16.77,19.83,7.02,4.49,1.3,7.15,10.42,14.540000000000006,9.813333333333333,5.763333333333333,5.277916666666666,6.68982062539795,6.718507770827804,6.246347781389175,4.703307789913415,11.427871501939848,8.32767328889642,-3.0599999999999987,-0.1543116490166414,57.16480000000001,6.0828999999999995,8.98,6.77,10.5,9.55,40.67,0.62,18.97
2025-01-10 04:00:00,8.74,5.95,9.9,9.02,36.96,16.23,0.56,19.03,2025,AIIMS,Hourly,0,0,4,10,1,4,0.8660254037844386,0.5000000000000001,0.49999999999999994,0.8660254037844387,16.0,16.77,19.83,4.49,1.3,5.37,7.78,17.533333333333342,11.731666666666667,6.988333333333333,5.646666666666667,2.025890750591747,6.535268675936237,6.71528762442776,5.179308050700554,12.734193929957033,9.508031244450818,-0.7699999999999996,-0.045915324985092404,52.003,5.5440000000000005,8.96,6.38,10.31,9.06,35.79,0.59,18.99
2025-01-10 05:00:00,9.06,5.73,10.06,8.98,31.67,12.17,0.51,19.05,2025,AIIMS,Hourly,0,0,5,10,1,4,0.9659258262890683,0.25881904510252074,0.49999999999999994,0.8660254037844387,16.23,16.0,16.77,6.28,0.66,4.31,5.53,16.333333333333343,13.688333333333333,8.2325,6.099166666666666,0.39526362510756813,5.627978026491678,6.94472870731366,5.610535831703978,13.732995664255023,10.542180283766076,0.23000000000000043,0.014375000000000027,51.91380000000001,5.1306,8.74,5.95,9.9,9.02,36.96,0.56,19.03
2025-01-10 06:00:00,9.56,5.78,10.4,8.67,25.39,11.61,0.52,19.0,2025,AIIMS,Hourly,0,0,6,10,1,4,1.0,6.123233995736766e-17,0.49999999999999994,0.8660254037844387,12.17,16.23,16.0,7.02,0.7,3.26,7.26,14.80000000000001,14.67,9.191666666666666,6.426666666666666,2.2805481797146556,4.472372971925126,6.5895438293399655,5.729695087619861,13.286425474467874,10.792614086263603,-4.0600000000000005,-0.25015403573629086,55.256800000000005,5.408,9.06,5.73,10.06,8.98,31.67,0.51,19.05
2025-01-10 07:00:00,10.19,5.4,10.64,8.47,25.68,13.14,0.51,18.99,2025,AIIMS,Hourly,0,0,7,10,1,4,0.9659258262890683,-0.25881904510252063,0.49999999999999994,0.8660254037844387,11.61,12.17,16.23,19.83,3.16,3.86,7.26,13.336666666666675,15.435,10.100833333333332,6.774583333333333,2.5212959630581158,3.0770229118429233,6.041251312786687,5.782320866351421,12.807446767477053,10.918365765299972,-0.5600000000000005,-0.046014790468364875,55.026,5.4264,9.56,5.78,10.4,8.67,25.39,0.52,19.0
2025-01-10 08:00:00,12.42,6.26,13.01,8.66,29.98,14.79,0.54,18.94,2025,AIIMS,Hourly,0,0,8,10,1,4,0.8660254037844387,-0.4999999999999998,0.49999999999999994,0.8660254037844387,13.14,11.61,12.17,16.77,3.16,3.01,5.39,12.306666666666674,14.32,10.9325,7.161249999999999,0.7741016298478791,2.2729716232294743,5.6747064401449485,5.888256043950897,12.902461976769324,11.260155647561515,1.5300000000000011,0.1317829457364342,77.7492,7.0254,10.19,5.4,10.64,8.47,25.68,0.51,18.99
2025-01-10 09:00:00,12.71,7.06,13.38,8.97,38.47,15.62,0.6,18.78,2025,AIIMS,Hourly,0,0,9,10,1,4,0.7071067811865476,-0.7071067811865475,0.49999999999999994,0.8660254037844387,14.79,13.14,11.61,16.0,4.49,2.41,3.98,13.180000000000007,13.99,11.901666666666666,7.652083333333334,1.5903773137214368,1.9696192525476768,5.1998458601867465,6.016747625814759,13.441758554835232,11.803208624859742,1.6499999999999986,0.12557077625570764,89.7326,8.028,12.42,6.26,13.01,8.66,29.98,0.54,18.94
2025-01-10 10:00:00,11.77,9.08,13.86,9.74,39.64,13.4,0.64,18.77,2025,AIIMS,Hourly,0,0,10,10,1,4,0.49999999999999994,-0.8660254037844387,0.49999999999999994,0.8660254037844387,15.62,14.79,13.14,16.23,4.49,2.58,4.33,14.516666666666675,13.926666666666668,12.829166666666666,8.2025,1.2623919095642027,1.896825418079677,4.728948486490732,6.119697527335886,14.064113253453737,12.390407297958244,0.8300000000000001,0.056118999323867484,106.8716,8.8704,12.71,7.06,13.38,8.97,38.47,0.6,18.78
2025-01-10 11:00:00,11.09,10.0,13.6,10.28,40.16,14.82,0.64,18.72,2025,AIIMS,Hourly,0,0,11,10,1,4,0.258819045102521,-0.9659258262890682,0.49999999999999994,0.8660254037844387,13.4,15.62,14.79,12.17,6.28,6.07,5.52,14.60333333333334,13.454999999999998,13.571666666666667,8.653333333333332,1.1217100041156605,1.5249229488752958,3.933087691354327,6.085940795169873,13.874366609609812,12.545729252118514,-2.219999999999999,-0.1421254801536491,110.9,8.704,11.77,9.08,13.86,9.74,39.64,0.64,18.77
2025-01-10 12:00:00,4.32,12.94,10.15,13.73,38.75,14.75,0.61,19.07,2025,AIIMS,Hourly,0,0,12,10,1,4,1.2246467991473532e-16,-1.0,0.49999999999999994,0.8660254037844387,14.82,13.4,15.62,11.61,7.02,9.12,5.79,14.613333333333342,13.896666666666667,14.283333333333333,9.017916666666666,1.1243368415795842,1.4607212830219,3.197630751704531,6.185725488480288,14.144547578292723,12.895617059484898,1.42,0.10597014925373134,55.900800000000004,6.1915000000000004,11.09,10.0,13.6,10.28,40.16,0.64,18.72
2025-01-10 13:00:00,3.66,12.33,9.32,14.1,34.84,10.61,0.62,19.3,2025,AIIMS,Hourly,0,0,13,10,1,4,-0.2588190451025208,-0.9659258262890683,0.49999999999999994,0.8660254037844387,14.75,14.82,13.4,13.14,19.83,9.07,5.79,14.323333333333343,14.42,14.9275,9.2525,0.8003957354541272,0.951272831529641,2.2351657453296174,6.295544490731263,14.317533984494801,13.180906742641067,-0.07000000000000028,-0.004723346828610006,45.1278,5.7784,4.32,12.94,10.15,13.73,38.75,0.61,19.07
2025-01-10 14:00:00,2.81,10.87,7.88,13.88,21.97,4.02,0.64,19.08,2025,AIIMS,Hourly,0,0,14,10,1,4,-0.4999999999999997,-0.8660254037844388,0.49999999999999994,0.8660254037844387,10.61,14.75,14.82,14.79,16.77,1.3,10.26,13.393333333333343,13.998333333333333,14.15916666666667,9.316666666666666,2.4106914637367325,1.8075111802346162,1.9651021640504054,6.301448878711042,13.25823856035343,12.785382628388597,-4.140000000000001,-0.28067796610169493,30.5447,5.0432,3.66,12.33,9.32,14.1,34.84,0.62,19.3
2025-01-10 15:00:00,4.75,10.82,9.37,12.71,24.72,4.52,0.67,19.11,2025,AIIMS,Hourly,0,0,15,10,1,4,-0.7071067811865471,-0.7071067811865479,0.49999999999999994,0.8660254037844387,4.02,10.61,14.75,15.62,16.0,1.3,10.26,9.793333333333342,12.203333333333333,13.096666666666666,9.43,5.411416943216733,4.380496166722821,3.3698835516259797,6.174172713460999,10.618741828823877,11.43686222402112,-6.59,-0.6211121583411876,51.395,6.2779,2.81,10.87,7.88,13.88,21.97,0.64,19.08
2025-01-10 16:00:00,5.05,6.6,7.05,12.22,24.31,6.92,0.6,19.17,2025,AIIMS,Hourly,0,0,16,10,1,4,-0.8660254037844385,-0.5000000000000004,0.49999999999999994,0.8660254037844387,4.52,4.02,10.61,13.4,16.23,1.3,7.57,6.383333333333341,10.353333333333333,12.14,9.564166666666667,3.6689280905099664,4.955173727193985,4.034674708077996,6.022958190317532,8.876244163445627,10.372729574171716,0.5,0.12437810945273634,33.33,4.2299999999999995,4.75,10.82,9.37,12.71,24.72,0.67,19.11
2025-01-10 17:00:00,5.89,8.26,8.9,12.2,22.1,7.23,0.6,19.12,2025,AIIMS,Hourly,0,0,17,10,1,4,-0.9659258262890683,-0.25881904510252063,0.49999999999999994,0.8660254037844387,6.92,4.52,4.02,14.82,12.17,0.66,7.57,5.153333333333341,9.273333333333333,11.364166666666664,9.798333333333334,1.550268793897724,4.86365980170012,4.071652464035103,5.792527920531688,8.31731725960402,9.841540408914529,2.4000000000000004,0.5309734513274338,48.651399999999995,5.34,5.05,6.6,7.05,12.22,24.31,0.6,19.17
2025-01-10 18:00:00,9.09,9.35,12.02,9.36,36.88,8.39,0.63,18.92,2025,AIIMS,Hourly,0,0,18,10,1,4,-1.0,-1.8369701987210297e-16,0.49999999999999994,0.8660254037844387,7.23,6.92,4.52,14.75,11.61,0.7,6.89,6.223333333333341,8.008333333333333,10.9525,10.072083333333333,1.4832509340408686,4.051772040314433,4.229444676636834,5.489184606562419,8.006655185431443,9.439764961389216,0.3100000000000005,0.04479768786127175,84.9915,7.5725999999999996,5.89,8.26,8.9,12.2,22.1,0.6,19.12
2025-01-10 19:00:00,10.81,8.65,12.68,9.23,41.46,11.94,0.62,18.81,2025,AIIMS,Hourly,0,0,19,10,1,4,-0.9659258262890684,0.2588190451025203,0.49999999999999994,0.8660254037844387,8.39,7.23,6.92,10.61,13.14,3.16,6.89,7.5133333333333425,6.948333333333333,10.684166666666668,10.3925,0.7748763342192838,2.4510521550293247,4.285708721136872,5.131089595278661,8.116182275308173,9.27826265963703,1.1600000000000001,0.16044260027662519,93.5065,7.8616,9.09,9.35,12.02,9.36,36.88,0.63,18.92
2025-01-10 20:00:00,12.2,7.93,13.53,9.13,47.53,12.34,0.62,18.76,2025,AIIMS,Hourly,0,0,20,10,1,4,-0.8660254037844386,0.5000000000000001,0.49999999999999994,0.8660254037844387,11.94,8.39,7.23,4.02,14.79,3.16,5.83,9.186666666666675,7.169999999999999,10.584166666666667,10.758333333333333,2.453983156693037,2.8723648793297842,4.236918816853879,4.900840803342273,9.208701625220122,9.687760712000562,3.549999999999999,0.42312276519666253,96.746,8.3886,10.81,8.65,12.68,9.23,41.46,0.62,18.81
2025-01-10 21:00:00,12.25,7.42,13.48,8.99,48.17,13.32,0.61,18.92,2025,AIIMS,Hourly,0,0,21,10,1,4,-0.7071067811865477,0.7071067811865474,0.49999999999999994,0.8660254037844387,12.34,11.94,8.39,4.52,15.62,4.49,6.2,10.890000000000008,8.556666666666667,10.38,11.140833333333333,2.1742814905158423,3.0503027172190182,4.071631346056056,4.632940578702856,10.103358303728658,10.095797525538938,0.40000000000000036,0.033500837520938055,90.895,8.2228,12.2,7.93,13.53,9.13,47.53,0.62,18.76
2025-01-10 22:00:00,13.65,8.1,14.94,9.02,34.16,13.73,0.62,18.87,2025,AIIMS,Hourly,0,0,22,10,1,4,-0.5000000000000004,0.8660254037844384,0.49999999999999994,0.8660254037844387,13.32,12.34,11.94,6.92,13.4,4.49,7.62,12.53333333333334,10.023333333333333,10.188333333333334,11.50875,0.7100234737902235,2.828771229115845,3.850680774129021,4.427884284748749,11.022398788377613,10.591828675456025,0.9800000000000004,0.07941653160453813,110.565,9.2628,12.25,7.42,13.48,8.99,48.17,0.61,18.92
2025-01-10 23:00:00,15.92,8.06,16.69,9.15,30.6,13.91,0.63,18.68,2025,AIIMS,Hourly,0,0,23,10,1,4,-0.25881904510252157,0.9659258262890681,0.49999999999999994,0.8660254037844387,13.73,13.32,12.34,7.23,14.82,6.28,7.62,13.13000000000001,11.158333333333333,10.215833333333332,11.893750000000002,0.7142128534266273,2.69774288372214,3.8767921564415695,4.186185160220071,11.795999134555437,11.074624263847404,0.41000000000000014,0.03078078078078079,128.3152,10.514700000000001,13.65,8.1,14.94,9.02,34.16,0.62,18.87
2025-01-11 01:00:00,20.71,7.33,20.07,8.56,20.2,8.78,0.54,18.38,2025,AIIMS,Hourly,0,0,1,11,1,5,0.25881904510252074,0.9659258262890683,0.49999999999999994,0.8660254037844387,13.91,13.73,13.32,8.39,14.75,7.02,5.79,13.653333333333341,12.271666666666667,10.14,12.211666666666666,0.3023794525643894,2.053868707262792,3.786389501167294,4.0280577547196295,12.399999381825314,11.510835915563188,0.17999999999999972,0.013109978150036396,151.8043,10.837800000000001,15.92,8.06,16.69,9.15,30.6,0.63,18.68
2025-01-11 02:00:00,21.62,7.19,20.56,8.36,20.53,8.34,0.52,18.35,2025,AIIMS,Hourly,0,0,2,11,1,5,0.49999999999999994,0.8660254037844387,0.49999999999999994,0.8660254037844387,8.78,13.91,13.73,11.94,10.61,19.83,5.74,12.140000000000008,12.336666666666666,9.6425,12.285000000000002,2.9112368505499178,1.9074031211763618,3.507545438052728,3.9445868246732685,11.36571384416094,11.090707313168851,-5.130000000000001,-0.36879942487419126,155.44780000000003,10.6912,20.71,7.33,20.07,8.56,20.2,0.54,18.38
2025-01-11 03:00:00,21.65,7.19,20.69,8.58,20.53,8.34,0.51,18.37,2025,AIIMS,Hourly,0,0,3,11,1,5,0.7071067811865476,0.7071067811865476,0.49999999999999994,0.8660254037844387,8.34,8.78,13.91,12.34,4.02,16.77,9.48,10.343333333333343,11.736666666666666,9.453333333333333,11.806249999999999,3.096648726176918,2.52376438414393,3.5118328116489574,3.677249459439906,10.50122417440067,10.667521572681334,-0.4399999999999995,-0.05011389521640086,155.6635,10.551900000000002,21.62,7.19,20.56,8.36,20.53,0.52,18.35
2025-01-11 04:00:00,21.62,7.07,20.65,8.43,19.41,8.23,0.49,18.37,2025,AIIMS,Hourly,0,0,4,11,1,5,0.8660254037844386,0.5000000000000001,0.49999999999999994,0.8660254037844387,8.34,8.34,8.78,13.32,4.52,16.0,7.15,8.486666666666675,11.07,9.813333333333334,11.454999999999998,0.2540341184430208,2.8409012654449635,3.101698459447311,3.58393031764481,9.883731553143335,10.30944133073036,0.0,0.0,152.85340000000002,10.1185,21.65,7.19,20.69,8.58,20.53,0.51,18.37
2025-01-11 05:00:00,22.17,7.26,21.18,8.31,17.59,8.23,0.48,18.5,2025,AIIMS,Hourly,0,0,5,11,1,5,0.9659258262890683,0.25881904510252074,0.49999999999999994,0.8660254037844387,8.23,8.34,8.34,13.73,6.92,16.23,5.37,8.303333333333342,10.221666666666666,10.1225,11.13125,0.06350852960920134,2.7942327509843468,2.682712755267919,3.505603356242516,9.41123682367381,9.989527279848767,-0.10999999999999943,-0.013189448441246934,160.95420000000001,10.1664,21.62,7.07,20.65,8.43,19.41,0.49,18.37
2025-01-11 06:00:00,23.82,8.13,22.92,9.42,21.5,5.81,0.5,18.33,2025,AIIMS,Hourly,0,0,6,11,1,5,1.0,6.123233995736766e-17,0.49999999999999994,0.8660254037844387,8.23,8.23,8.34,13.91,7.23,12.17,4.31,8.266666666666675,9.305,10.231666666666667,10.797916666666666,0.06350852960920134,2.2651865265374913,2.564601097224135,3.37771594960652,9.073740588338437,9.718830775256649,0.0,0.0,193.65660000000003,11.46,22.17,7.26,21.18,8.31,17.59,0.48,18.5
2025-01-11 07:00:00,25.69,7.92,24.17,9.19,23.83,7.46,0.51,18.19,2025,AIIMS,Hourly,0,0,7,11,1,5,0.9659258262890683,-0.25881904510252063,0.49999999999999994,0.8660254037844387,5.81,8.23,8.23,8.78,8.39,11.61,3.26,7.423333333333342,7.954999999999999,10.113333333333333,10.532916666666667,1.3971876514388197,1.0704531750651838,2.7422960961195164,3.512199210907006,8.141243277384598,9.117472194447933,-2.420000000000001,-0.2940461725394898,203.4648,12.3267,23.82,8.13,22.92,9.42,21.5,0.5,18.33
2025-01-11 08:00:00,26.46,7.59,24.71,8.89,24.6,8.84,0.54,18.15,2025,AIIMS,Hourly,0,0,8,11,1,5,0.8660254037844387,-0.4999999999999998,0.49999999999999994,0.8660254037844387,7.46,5.81,8.23,8.34,11.94,13.14,3.86,7.166666666666675,7.735,10.035833333333334,10.36,1.2363791220063223,1.0003349439098674,2.807786116995443,3.5587161827770895,7.946602340988999,8.862476472225174,1.6500000000000004,0.2839931153184166,200.8314,13.3434,25.69,7.92,24.17,9.19,23.83,0.51,18.19
2025-01-11 09:00:00,26.94,7.98,25.25,9.62,26.82,8.84,0.59,18.12,2025,AIIMS,Hourly,0,0,9,11,1,5,0.7071067811865476,-0.7071067811865475,0.49999999999999994,0.8660254037844387,8.84,7.46,5.81,8.34,12.34,14.79,3.01,7.370000000000008,7.8183333333333325,9.777500000000002,10.180833333333334,1.5170036255723947,1.0785808577356708,2.7588473383585637,3.520710052724679,8.201858814992143,8.8590185534213,1.38,0.18498659517426272,214.98120000000003,14.897499999999999,26.46,7.59,24.71,8.89,24.6,0.54,18.15
2025-01-11 10:00:00,26.5,7.64,24.61,9.61,28.52,9.9,0.61,18.14,2025,AIIMS,Hourly,0,0,10,11,1,5,0.49999999999999994,-0.8660254037844387,0.49999999999999994,0.8660254037844387,8.84,8.84,7.46,8.23,13.32,15.62,2.41,8.380000000000008,7.901666666666666,9.485833333333334,9.932916666666666,0.7967433714815509,1.1442624990245054,2.6460140119658617,3.3890648693113046,8.38418486785153,8.856092622125717,0.0,0.0,202.45999999999998,15.012099999999998,26.94,7.98,25.25,9.62,26.82,0.59,18.12
2025-01-11 11:00:00,22.89,9.01,22.19,10.05,28.52,9.9,0.61,18.17,2025,AIIMS,Hourly,0,0,11,11,1,5,0.258819045102521,-0.9659258262890682,0.49999999999999994,0.8660254037844387,9.9,8.84,8.84,8.23,13.73,13.4,2.58,9.193333333333342,8.18,9.200833333333334,9.694583333333332,0.6119912853408285,1.411906512488383,2.364727385147209,3.165489149873243,8.817274905608237,9.0166937571833,1.0600000000000005,0.1199095022624435,206.2389,13.5359,26.5,7.64,24.61,9.61,28.52,0.61,18.14
2025-01-11 12:00:00,21.09,9.32,21.05,10.52,28.24,9.06,0.6,18.31,2025,AIIMS,Hourly,0,0,12,11,1,5,1.2246467991473532e-16,-1.0,0.49999999999999994,0.8660254037844387,9.9,9.9,8.84,5.81,13.91,14.82,6.07,9.546666666666676,8.458333333333334,8.881666666666668,9.54875,0.611991285340827,1.578510901664523,1.9132163938513467,3.066431593462586,9.126624932577313,9.152587025308947,0.0,0.0,196.5588,12.63,22.89,9.01,22.19,10.05,28.52,0.61,18.17
2025-01-11 13:00:00,18.38,9.32,19.14,10.31,27.77,9.06,0.61,18.43,2025,AIIMS,Hourly,0,0,13,11,1,5,-0.2588190451025208,-0.9659258262890683,0.49999999999999994,0.8660254037844387,9.06,9.9,9.9,7.46,8.78,14.75,9.12,9.62000000000001,9.0,8.4775,9.30875,0.4849742261190619,0.8995999110754843,1.089279369794161,2.853978630216646,9.107589237555224,9.138342867569108,-0.8399999999999999,-0.08484848484848483,171.3016,11.6754,21.09,9.32,21.05,10.52,28.24,0.6,18.31
2025-01-11 14:00:00,17.3,8.92,18.03,10.26,22.49,7.44,0.59,18.46,2025,AIIMS,Hourly,0,0,14,11,1,5,-0.4999999999999997,-0.8660254037844388,0.49999999999999994,0.8660254037844387,9.06,9.06,9.9,8.84,8.34,10.61,9.07,9.340000000000009,9.266666666666667,8.500833333333333,9.071666666666667,0.4849742261190619,0.5003465465791249,1.099301086505647,2.6080571924010205,9.093992312539447,9.126290118712323,0.0,0.0,154.316,10.6377,18.38,9.32,19.14,10.31,27.77,0.61,18.43
2025-01-11 15:00:00,15.82,9.06,17.09,10.3,21.84,5.33,0.59,18.58,2025,AIIMS,Hourly,0,0,15,11,1,5,-0.7071067811865471,-0.7071067811865479,0.49999999999999994,0.8660254037844387,7.44,9.06,9.06,8.84,8.34,4.02,1.3,8.520000000000008,9.033333333333333,8.425833333333333,8.939583333333333,0.9353074360870766,0.9032976622762183,1.1411752979322174,2.607033094911744,8.62142308038532,8.866860869679659,-1.62,-0.17880794701986755,143.32920000000001,10.0831,17.3,8.92,18.03,10.26,22.49,0.59,18.46
2025-01-11 16:00:00,14.49,8.38,15.61,10.33,21.84,5.33,0.58,18.62,2025,AIIMS,Hourly,0,0,16,11,1,5,-0.8660254037844385,-0.5000000000000004,0.49999999999999994,0.8660254037844387,5.33,7.44,9.06,9.9,8.23,4.52,1.3,7.276666666666675,8.448333333333334,8.175,8.994166666666667,1.870356472262203,1.7722123650041894,1.4506080229918363,2.5115176715458034,7.681016485989515,8.32272842819048,-2.1100000000000003,-0.28360215053763443,121.42620000000001,9.053799999999999,15.82,9.06,17.09,10.3,21.84,0.59,18.58
2025-01-11 17:00:00,14.69,8.76,15.96,11.07,20.15,3.84,0.58,18.63,2025,AIIMS,Hourly,0,0,17,11,1,5,-0.9659258262890683,-0.25881904510252063,0.49999999999999994,0.8660254037844387,5.33,5.33,7.44,9.9,8.23,6.92,1.3,6.033333333333342,7.686666666666667,7.933333333333334,9.027916666666668,1.218209067990019,1.9919605083118044,1.6661623479426129,2.4535528439316567,7.009297489992511,7.862308670007329,0.0,0.0,128.68439999999998,9.2568,14.49,8.38,15.61,10.33,21.84,0.58,18.62
2025-01-11 18:00:00,15.24,9.74,16.85,10.1,20.24,5.31,0.66,18.61,2025,AIIMS,Hourly,0,0,18,11,1,5,-1.0,-1.8369701987210297e-16,0.49999999999999994,0.8660254037844387,3.84,5.33,5.33,9.06,5.81,7.23,0.66,4.833333333333342,6.676666666666666,7.567499999999999,8.899583333333334,0.8602519010924127,2.1733353783238174,2.0360037729928373,2.6419203805367673,6.103783921423222,7.243491951544663,-1.4900000000000002,-0.2795497185741089,148.4376,11.121000000000002,14.69,8.76,15.96,11.07,20.15,0.58,18.63
2025-01-11 19:00:00,16.3,11.15,18.61,11.24,24.93,7.8,0.65,18.55,2025,AIIMS,Hourly,0,0,19,11,1,5,-0.9659258262890684,0.2588190451025203,0.49999999999999994,0.8660254037844387,5.31,3.84,5.33,9.06,7.46,8.39,0.7,4.826666666666675,6.051666666666667,7.525833333333334,8.819583333333334,0.8545369116270578,1.8687259474502933,2.0798839929782464,2.7225155873167157,5.876988515302301,6.946031651307022,1.4699999999999998,0.38281249999999994,181.745,12.0965,15.24,9.74,16.85,10.1,20.24,0.66,18.61
2025-01-11 20:00:00,18.67,10.61,20.17,10.26,25.08,8.7,0.67,18.42,2025,AIIMS,Hourly,0,0,20,11,1,5,-0.8660254037844386,0.5000000000000001,0.49999999999999994,0.8660254037844387,7.8,5.31,3.84,7.44,8.84,11.94,3.16,5.650000000000008,5.841666666666666,7.554166666666666,8.795,2.0017742130419647,1.496842231724512,2.081221050395841,2.729218712855891,6.426420368073073,7.077411397259788,2.49,0.46892655367231645,198.08870000000002,13.513900000000001,16.3,11.15,18.61,11.24,24.93,0.65,18.55
2025-01-11 21:00:00,21.53,9.93,21.84,10.07,36.43,15.17,0.73,18.47,2025,AIIMS,Hourly,0,0,21,11,1,5,-0.7071067811865477,0.7071067811865474,0.49999999999999994,0.8660254037844387,8.7,7.8,5.31,5.33,8.84,12.34,3.16,7.270000000000008,6.051666666666667,7.5425,8.66,1.756046696417774,1.8195319911103498,2.073736745807866,2.6457447377601175,7.076014548623624,7.3270404130659745,0.8999999999999995,0.11538461538461532,213.7929,15.9432,18.67,10.61,20.17,10.26,25.08,0.67,18.42
2025-01-11 22:00:00,24.21,8.9,23.56,10.29,56.23,23.89,0.74,18.26,2025,AIIMS,Hourly,0,0,22,11,1,5,-0.5000000000000004,0.8660254037844384,0.49999999999999994,0.8660254037844387,15.17,8.7,7.8,5.33,9.9,13.32,4.49,10.556666666666674,7.691666666666666,8.07,8.777916666666666,4.020526499518827,4.075268907283766,3.0220462664175565,2.8704127549974476,9.388581820445445,8.533649580286593,6.470000000000001,0.7436781609195403,215.46900000000002,17.4344,21.53,9.93,21.84,10.07,36.43,0.73,18.47
2025-01-11 23:00:00,25.83,8.65,24.78,9.76,56.23,23.89,0.72,18.18,2025,AIIMS,Hourly,0,0,23,11,1,5,-0.25881904510252157,0.9659258262890681,0.49999999999999994,0.8660254037844387,23.89,15.17,8.7,3.84,9.9,13.73,4.49,15.920000000000007,10.785000000000002,9.235833333333334,9.218333333333334,7.622722610721171,7.515788049167354,5.486130377156203,4.131493746782668,13.531844157461032,10.89616502947327,8.72,0.5748187211601846,223.4295,17.8416,24.21,8.9,23.56,10.29,56.23,0.74,18.26
2025-01-12 01:00:00,44.24,59.45,65.76,4.56,152.43,75.93,1.21,2.07,2025,AIIMS,Hourly,0,0,1,12,1,6,0.25881904510252074,0.9659258262890683,0.49999999999999994,0.8660254037844387,23.89,23.89,15.17,5.31,9.06,13.91,6.28,20.983333333333338,14.126666666666665,10.401666666666667,9.641666666666667,5.0344943473335135,8.233382455994203,6.935202472411153,5.035500637142336,16.491317255329307,12.895216563400458,0.0,0.0,2630.068,79.56960000000001,25.83,8.65,24.78,9.76,56.23,0.72,18.18
2025-01-12 02:00:00,41.18,58.0,62.6,4.15,134.54,71.21,1.08,2.39,2025,AIIMS,Hourly,0,0,2,12,1,6,0.49999999999999994,0.8660254037844387,0.49999999999999994,0.8660254037844387,75.93,23.89,23.89,7.8,9.06,8.78,7.02,41.23666666666668,25.896666666666665,15.974166666666667,12.225833333333334,30.045308008628126,25.493779371969783,20.110143735453757,14.444569587900666,33.473798039520936,22.592875553646543,52.040000000000006,2.1783172875680203,2388.44,67.608,44.24,59.45,65.76,4.56,152.43,1.21,2.07
2025-01-12 03:00:00,36.66,55.12,57.55,3.7,95.06,58.86,0.95,2.78,2025,AIIMS,Hourly,0,0,3,12,1,6,0.7071067811865476,0.7071067811865476,0.49999999999999994,0.8660254037844387,71.21,75.93,23.89,8.7,7.44,8.34,19.83,57.01000000000001,36.465,21.153333333333332,14.827083333333333,28.77968728113633,29.343942305014238,25.45924205589415,18.770595292769023,44.25557002822924,30.07243316077784,-4.720000000000013,-0.06216251810878457,2020.6991999999998,54.67249999999999,41.18,58.0,62.6,4.15,134.54,1.08,2.39
2025-01-12 04:00:00,32.12,54.12,53.46,4.18,100.75,51.17,0.86,2.99,2025,AIIMS,Hourly,0,0,4,12,1,6,0.8660254037844386,0.5000000000000001,0.49999999999999994,0.8660254037844387,58.86,71.21,75.93,15.17,5.33,8.34,16.77,68.66666666666669,44.824999999999996,25.438333333333333,16.932083333333335,8.814626102866388,26.894750231225483,27.208463868079892,20.740824682603346,48.42826430587803,34.50128959758125,-12.349999999999994,-0.17343069793568314,1738.3343999999997,45.9756,36.66,55.12,57.55,3.7,95.06,0.95,2.78
2025-01-12 05:00:00,29.53,53.48,51.1,4.09,138.45,62.61,0.79,3.32,2025,AIIMS,Hourly,0,0,5,12,1,6,0.9659258262890683,0.25881904510252074,0.49999999999999994,0.8660254037844387,51.17,58.86,71.21,23.89,5.33,8.23,16.0,60.41333333333335,50.824999999999996,29.258333333333336,18.716666666666665,10.109897790449374,22.63394773343799,27.34621523865397,21.78567432504895,49.211617361341446,37.06570658256875,-7.689999999999998,-0.13064899762147464,1579.2644,40.369,32.12,54.12,53.46,4.18,100.75,0.86,2.99
2025-01-12 06:00:00,29.73,52.25,50.62,3.76,142.27,68.65,0.78,3.13,2025,AIIMS,Hourly,0,0,6,12,1,6,1.0,6.123233995736766e-17,0.49999999999999994,0.8660254037844387,62.61,51.17,58.86,23.89,3.84,8.23,16.23,57.54666666666668,57.278333333333336,34.031666666666666,20.9825,5.831983653383562,18.574158841429902,27.78541534799522,23.414597314310154,53.039726686672466,40.995597877558176,11.439999999999998,0.22356849716630833,1553.3925,39.4836,29.53,53.48,51.1,4.09,138.45,0.79,3.32
2025-01-12 07:00:00,37.24,53.14,56.97,4.55,184.08,79.82,0.85,2.95,2025,AIIMS,Hourly,0,0,7,12,1,6,0.9659258262890683,-0.25881904510252063,0.49999999999999994,0.8660254037844387,68.65,62.61,51.17,75.93,5.31,5.81,12.17,60.81000000000001,64.73833333333333,39.4325,23.5,8.877927686121344,9.006900502762747,27.681938031536372,25.16644971592823,57.49980477619462,45.25012128101076,6.040000000000006,0.09647021242613012,1978.9336,48.424499999999995,29.73,52.25,50.62,3.76,142.27,0.78,3.13
2025-01-12 08:00:00,40.09,53.51,59.32,4.69,184.08,80.72,0.84,2.59,2025,AIIMS,Hourly,0,0,8,12,1,6,0.8660254037844387,-0.4999999999999998,0.49999999999999994,0.8660254037844387,79.82,68.65,62.61,71.21,7.8,7.46,11.61,70.36000000000001,65.38666666666667,45.64166666666667,26.58375,8.731500443795436,10.052885489582962,27.6887682622176,27.344685806346774,63.877003411567586,50.56856416085526,11.169999999999987,0.16270939548434066,2145.2159,49.8288,37.24,53.14,56.97,4.55,184.08,0.85,2.95
2025-01-12 09:00:00,42.21,54.09,61.36,4.46,181.34,80.72,0.81,2.48,2025,AIIMS,Hourly,0,0,9,12,1,6,0.7071067811865476,-0.7071067811865475,0.49999999999999994,0.8660254037844387,80.72,79.82,68.65,58.86,8.7,8.84,13.14,76.39666666666668,66.97166666666666,51.718333333333334,29.63625,6.7238852855572455,11.75949899726462,26.609523187055125,29.14672176547322,68.68928815111971,55.20724659764676,0.9000000000000057,0.01127536958155858,2283.1389000000004,49.701600000000006,40.09,53.51,59.32,4.69,184.08,0.84,2.59
2025-01-12 10:00:00,46.94,57.06,66.63,5.18,157.46,67.22,0.84,2.48,2025,AIIMS,Hourly,0,0,10,12,1,6,0.49999999999999994,-0.8660254037844387,0.49999999999999994,0.8660254037844387,80.72,80.72,79.82,51.17,15.17,8.84,14.79,80.42,70.61500000000001,57.72,32.63125,0.5196152422707302,12.124383283284997,24.020850034160656,30.574930667559734,72.12663439365693,59.13228558262418,0.0,0.0,2678.3964,55.969199999999994,42.21,54.09,61.36,4.46,181.34,0.81,2.48
2025-01-12 11:00:00,37.55,61.34,59.45,8.1,64.08,27.01,0.83,3.13,2025,AIIMS,Hourly,0,0,11,12,1,6,0.258819045102521,-0.9659258262890682,0.49999999999999994,0.8660254037844387,67.22,80.72,80.72,62.61,23.89,9.9,15.62,76.22000000000001,73.29,62.057500000000005,35.06375,7.794228634059943,8.068303415216885,20.002259474642063,30.920202740279667,70.72473885261209,60.37654933914354,-13.5,-0.16724479682854312,2303.317,49.3435,46.94,57.06,66.63,5.18,157.46,0.84,2.48
2025-01-12 12:00:00,15.85,65.29,46.54,8.83,74.46,34.2,0.81,3.35,2025,AIIMS,Hourly,0,0,12,12,1,6,1.2246467991473532e-16,-1.0,0.49999999999999994,0.8660254037844387,27.01,67.22,80.72,68.65,23.89,9.9,13.4,58.31666666666667,67.35666666666667,62.317499999999995,35.776666666666664,27.93998985922028,20.698004412664222,19.474347287463225,30.509304449151454,58.23481346615149,55.243234056198375,-40.209999999999994,-0.5981850639690568,1034.8465,37.6974,37.55,61.34,59.45,8.1,64.08,0.83,3.13
2025-01-12 13:00:00,3.64,59.6,33.59,10.75,74.84,37.21,0.73,3.82,2025,AIIMS,Hourly,0,0,13,12,1,6,-0.2588190451025208,-0.9659258262890683,0.49999999999999994,0.8660254037844387,34.2,27.01,67.22,79.82,75.93,9.06,14.82,42.81000000000001,61.61500000000001,63.17666666666667,36.78916666666667,21.44318306595357,24.665475264020387,17.77847336391722,30.012378883252197,51.36772390439393,52.005813432167855,7.190000000000001,0.266197704553869,216.94400000000002,24.5207,15.85,65.29,46.54,8.83,74.46,0.81,3.35
2025-01-12 14:00:00,2.33,53.18,29.59,11.17,73.25,36.35,0.64,4.15,2025,AIIMS,Hourly,0,0,14,12,1,6,-0.4999999999999997,-0.8660254037844388,0.49999999999999994,0.8660254037844387,37.21,34.2,27.01,80.72,71.21,9.06,14.75,32.80666666666668,54.51333333333333,59.949999999999996,37.96208333333333,5.2408046455988755,24.509215953731957,18.741056048637734,29.42591226899036,47.32265993170995,49.729534442603565,3.009999999999998,0.08801169590643268,123.9094,18.9376,3.64,59.6,33.59,10.75,74.84,0.73,3.82
2025-01-12 15:00:00,2.63,55.28,30.6,11.38,69.84,35.57,0.6,4.32,2025,AIIMS,Hourly,0,0,15,12,1,6,-0.7071067811865471,-0.7071067811865479,0.49999999999999994,0.8660254037844387,36.35,37.21,34.2,80.72,58.86,7.44,10.61,35.92000000000001,47.11833333333334,57.044999999999995,39.09916666666667,1.550387048448734,21.533738566878483,19.522488431177365,28.78071258093978,44.18761423693568,47.67114452835686,-0.8599999999999994,-0.02311206664875032,145.3864,18.36,2.33,53.18,29.59,11.17,73.25,0.64,4.15
2025-01-12 16:00:00,2.46,51.2,28.08,11.3,66.98,33.93,0.55,4.29,2025,AIIMS,Hourly,0,0,16,12,1,6,-0.8660254037844385,-0.5000000000000004,0.49999999999999994,0.8660254037844387,35.57,36.35,37.21,67.22,51.17,5.33,4.02,36.37666666666667,39.593333333333334,55.104166666666664,40.27125,0.8203251387900609,14.021752624642568,20.460788422707164,27.997482854636257,41.72543874066834,45.80942998553273,-0.7800000000000011,-0.021458046767537858,125.952,15.444,2.63,55.28,30.6,11.38,69.84,0.6,4.32
2025-01-12 17:00:00,4.47,54.4,31.93,7.76,64.69,32.76,0.55,4.24,2025,AIIMS,Hourly,0,0,17,12,1,6,-0.9659258262890683,-0.25881904510252063,0.49999999999999994,0.8660254037844387,33.93,35.57,36.35,27.01,62.61,5.33,4.52,35.28333333333334,34.045,53.6675,41.462916666666665,1.235205785823109,3.6656336423604534,21.348157308174056,27.03781321218675,39.498170529048814,43.98182537237385,-1.6400000000000006,-0.04610626932808548,243.16799999999998,17.561500000000002,2.46,51.2,28.08,11.3,66.98,0.55,4.29
2025-01-12 18:00:00,7.52,60.93,37.4,6.94,62.91,35.34,0.7,3.84,2025,AIIMS,Hourly,0,0,18,12,1,6,-1.0,-1.8369701987210297e-16,0.49999999999999994,0.8660254037844387,32.76,33.93,35.57,34.2,68.65,3.84,6.92,34.08666666666667,35.00333333333334,51.18,42.60583333333333,1.4115358066059878,1.6633660651436055,21.942249408183045,26.004012887088855,37.572978949320586,42.255390699700946,-1.1700000000000017,-0.0344827586206897,458.19359999999995,26.179999999999996,4.47,54.4,31.93,7.76,64.69,0.55,4.24
2025-01-12 19:00:00,19.45,64.35,48.88,7.23,156.05,48.7,0.85,3.42,2025,AIIMS,Hourly,0,0,19,12,1,6,-0.9659258262890684,0.2588190451025203,0.49999999999999994,0.8660254037844387,35.34,32.76,33.93,37.21,79.82,5.31,7.23,34.01000000000001,35.193333333333335,48.40416666666667,43.91833333333333,1.2918591254457577,1.617735042172017,21.636095874648227,24.725852105010258,36.93498496380042,41.1914844382085,2.5800000000000054,0.07875457875457892,1251.6074999999998,41.548,7.52,60.93,37.4,6.94,62.91,0.7,3.84
2025-01-12 20:00:00,26.48,64.35,53.12,7.03,176.4,65.12,0.92,2.68,2025,AIIMS,Hourly,0,0,20,12,1,6,-0.8660254037844386,0.5000000000000001,0.49999999999999994,0.8660254037844387,48.7,35.34,32.76,36.35,80.72,7.8,8.39,38.933333333333344,37.108333333333334,45.810833333333335,45.72625,8.555988156451075,5.821427373649102,19.26314307325278,23.32685890118196,40.296417831286014,42.346640678484114,13.36,0.3780418788907753,1703.9879999999998,48.8704,19.45,64.35,48.88,7.23,156.05,0.85,3.42
2025-01-12 21:00:00,32.04,61.13,56.92,6.29,136.46,60.45,1.0,2.97,2025,AIIMS,Hourly,0,0,21,12,1,6,-0.7071067811865477,0.7071067811865474,0.49999999999999994,0.8660254037844387,65.12,48.7,35.34,35.57,80.72,8.7,11.94,49.72000000000002,41.903333333333336,44.51083333333333,48.114583333333336,14.916179135421991,12.7716195788424,17.097765647929435,22.181162979501067,47.38886987949001,45.85023442025579,16.42,0.3371663244353183,1958.6052,56.92,26.48,64.35,53.12,7.03,176.4,0.92,2.68
2025-01-12 22:00:00,33.06,61.62,58.01,5.84,113.42,56.21,1.01,2.48,2025,AIIMS,Hourly,0,0,22,12,1,6,-0.5000000000000004,0.8660254037844384,0.49999999999999994,0.8660254037844387,60.45,65.12,48.7,33.93,67.22,15.17,12.34,58.09000000000001,46.050000000000004,42.821666666666665,50.27083333333334,8.460573266629089,14.25671771481793,13.896969475610911,20.64520049849817,51.12062134249287,48.0963522017549,-4.670000000000002,-0.07171375921375923,2037.1572,58.5901,32.04,61.13,56.92,6.29,136.46,1.0,2.97
2025-01-12 23:00:00,32.69,60.67,57.33,5.65,89.75,52.78,1.0,2.67,2025,AIIMS,Hourly,0,0,23,12,1,6,-0.25881904510252157,0.9659258262890681,0.49999999999999994,0.8660254037844387,56.21,60.45,65.12,32.76,27.01,23.89,13.32,60.59333333333334,49.76333333333334,41.90416666666667,51.98083333333333,4.456728994827071,13.340675645058969,12.425232727532078,19.264955549360643,52.574729530352045,49.34460570917722,-4.240000000000002,-0.07014061207609598,1983.3022999999998,57.33,33.06,61.62,58.01,5.84,113.42,1.01,2.48
2025-02-04 01:00:00,5.13,45.71,27.65,19.18,126.05,62.51,1.11,27.19,2025,AIIMS,Hourly,0,0,1,4,2,1,0.25881904510252074,0.9659258262890683,0.8660254037844386,0.5000000000000001,52.78,56.21,60.45,35.34,34.2,23.89,13.73,56.48000000000001,53.1,44.05166666666667,53.184583333333336,3.842121809625342,10.421660136465896,11.829689024832527,18.312449074965084,52.63337823596574,49.87312790776534,-3.4299999999999997,-0.0610211706102117,234.4923,30.6915,32.69,60.67,57.33,5.65,89.75,1.0,2.67
