DateTime,NO,NO2,NOx,SO2,PM10,PM2.5,CO,NH3,Year,Location,Frequency,is_imputed,gap_length,Hour,Day,Month,Weekday,Hour_sin,Hour_cos,Month_sin,Month_cos,PM2.5_lag1,PM2.5_lag2,PM2.5_lag3,PM2.5_lag6,PM2.5_lag12,PM2.5_lag24,PM2.5_lag48,PM2.5_roll_mean_3,PM2.5_roll_mean_6,PM2.5_roll_mean_12,PM2.5_roll_mean_24,PM2.5_roll_std_3,PM2.5_roll_std_6,PM2.5_roll_std_12,PM2.5_roll_std_24,PM2.5_ema_6,PM2.5_ema_12,PM2.5_diff,PM2.5_pct_change,NO_x_NO2,CO_x_NOx,NO_lag1,NO2_lag1,NOx_lag1,SO2_lag1,PM10_lag1,CO_lag1,NH3_lag1
2022-01-09 17:00:00,3.59,12.83,14.68,3.19,33.89,16.75,0.45,15.06,2022,Bhatagaon,Hourly,0,0,17,9,1,6,-0.9659258262890683,-0.25881904510252063,0.49999999999999994,0.8660254037844387,20.96,18.07,19.36,8.98,2.37,31.95,59.52,19.463333333333335,16.433333333333334,9.735,14.96,1.4477683976848328,4.441097461964417,7.656846609407819,11.463292265541222,16.418975357363852,14.095058194004869,2.8900000000000006,0.15993359158826786,46.0597,6.606,3.71,20.16,23.87,4.87,60.76,0.84,16.76
2022-01-09 18:00:00,1.41,9.9,11.31,2.78,40.22,15.57,0.4,13.9,2022,Bhatagaon,Hourly,0,0,18,9,1,6,-1.0,-1.8369701987210297e-16,0.49999999999999994,0.8660254037844387,16.75,20.96,18.07,13.38,1.93,30.72,59.52,18.593333333333334,17.728333333333335,10.933333333333335,14.326666666666666,2.15323787198139,2.5730403546518206,7.523510222004492,10.889324515588509,16.513553826688465,14.50351077954258,-4.210000000000001,-0.20085877862595422,13.959,4.524,3.59,12.83,14.68,3.19,33.89,0.45,15.06
2022-01-09 19:00:00,4.01,13.77,17.78,2.57,59.18,18.37,0.53,19.59,2022,Bhatagaon,Hourly,0,0,19,9,1,6,-0.9659258262890684,0.2588190451025203,0.49999999999999994,0.8660254037844387,15.57,16.75,20.96,17.85,2.13,28.38,57.64,17.76,18.093333333333334,12.07,13.695416666666667,2.833390195508139,1.9001964810689338,7.055428599828132,10.322034253149338,16.24396701906319,14.667586044228338,-1.1799999999999997,-0.07044776119402983,55.217699999999994,9.4234,1.41,9.9,11.31,2.78,40.22,0.4,13.9
2022-01-09 20:00:00,3.7,13.91,16.7,2.41,41.59,15.8,0.65,30.02,2022,Bhatagaon,Hourly,0,0,20,9,1,6,-0.8660254037844386,0.5000000000000001,0.49999999999999994,0.8660254037844387,18.37,15.57,16.75,19.36,3.18,25.23,44.69,16.896666666666665,18.180000000000003,13.423333333333334,13.278333333333334,1.4057500963311453,1.8987364219396252,6.512073169866644,9.896333825634906,16.851405013616564,15.237188191270134,2.8000000000000007,0.17983301220295445,51.467000000000006,10.855,4.01,13.77,17.78,2.57,59.18,0.53,19.59
2022-01-09 21:00:00,3.36,13.0,16.08,2.12,36.62,12.86,0.62,39.72,2022,Bhatagaon,Hourly,0,0,21,9,1,6,-0.7071067811865477,0.7071067811865474,0.49999999999999994,0.8660254037844387,15.8,18.37,15.57,18.07,3.27,26.92,44.37,16.580000000000002,17.586666666666666,14.475,12.885416666666666,1.5544452386628826,2.0092652056577216,5.672330769942493,9.583436788981583,16.55100358115469,15.323774623382421,-2.5700000000000003,-0.13990201415351117,43.68,9.969599999999998,3.7,13.91,16.7,2.41,41.59,0.65,30.02
2022-01-09 22:00:00,3.51,11.95,15.37,1.14,42.73,11.51,0.61,42.43,2022,Bhatagaon,Hourly,0,0,22,9,1,6,-0.5000000000000004,0.8660254037844384,0.49999999999999994,0.8660254037844387,12.86,15.8,18.37,20.96,5.34,28.71,47.51,15.676666666666668,16.718333333333334,15.274166666666668,12.299583333333333,2.7570697004854776,2.7484353124399314,4.5057628923884,9.106056980487432,15.496431129396207,14.944732373631279,-2.9400000000000013,-0.18607594936708868,41.9445,9.3757,3.36,13.0,16.08,2.12,36.62,0.62,39.72
2022-01-09 23:00:00,3.6,12.1,15.7,1.11,45.68,14.09,0.6,34.91,2022,Bhatagaon,Hourly,0,0,23,9,1,6,-0.25881904510252157,0.9659258262890681,0.49999999999999994,0.8660254037844387,11.51,12.86,15.8,16.75,8.98,27.53,50.71,13.39,15.143333333333333,15.788333333333334,11.582916666666668,2.193558752347849,2.5306415523868266,3.511406952758229,8.40848767830647,14.357450806711576,14.416312008457236,-1.3499999999999996,-0.10497667185069982,43.56,9.42,3.51,11.95,15.37,1.14,42.73,0.61,42.43
2022-01-10 01:00:00,3.25,25.38,28.63,6.1,32.63,14.03,0.59,5.24,2022,Bhatagaon,Hourly,0,0,1,10,1,0,0.25881904510252074,0.9659258262890683,0.49999999999999994,0.8660254037844387,14.09,11.51,12.86,15.57,13.38,29.11,61.47,12.82,14.700000000000001,16.214166666666667,11.022916666666667,1.2904650324599551,2.4236171314793404,2.8601444920058774,7.719571107238406,14.281036290508268,14.366110161002277,2.58,0.22415291051259775,82.485,16.8917,3.6,12.1,15.7,1.11,45.68,0.6,34.91
2022-01-10 02:00:00,3.5,23.14,26.63,6.18,30.83,14.03,0.63,2.665,2022,Bhatagaon,Hourly,1,1,2,10,1,0,0.49999999999999994,0.8660254037844387,0.49999999999999994,0.8660254037844387,14.03,14.09,11.51,18.37,17.85,4.93,68.73,13.209999999999999,14.443333333333333,16.268333333333334,10.394583333333333,1.4725488107366271,2.394424078284133,2.807256290185833,6.734194363981775,14.209311636077334,14.314400905463465,-0.0600000000000005,-0.004258339247693435,80.99000000000001,16.7769,3.25,25.38,28.63,6.1,32.63,0.59,5.24
2022-01-10 03:00:00,5.62,30.05,35.67,5.51,22.98,11.04,0.57,0.09,2022,Bhatagaon,Hourly,0,0,3,10,1,0,0.7071067811865476,0.7071067811865476,0.49999999999999994,0.8660254037844387,14.03,14.03,14.09,15.8,19.36,3.64,46.34,14.049999999999999,13.719999999999999,15.950000000000001,10.77375,0.03464101617758976,1.433820072394078,2.828105694308801,6.669006061462677,14.15807974005524,14.270646920007547,0.0,0.0,168.881,20.3319,3.5,23.14,26.63,6.18,30.83,0.63,2.665
2022-01-10 04:00:00,4.42,26.08,29.8,6.22,37.76,11.04,0.59,6.67,2022,Bhatagaon,Hourly,0,0,4,10,1,0,0.8660254037844386,0.5000000000000001,0.49999999999999994,0.8660254037844387,11.04,14.03,14.03,12.86,18.07,2.83,41.05,13.033333333333331,12.926666666666668,15.256666666666666,11.082083333333335,1.7262773048775204,1.368132547184971,2.93399303876393,6.493604197286307,13.26719981432517,13.773624316929462,-2.99,-0.21311475409836067,115.27359999999999,17.582,5.62,30.05,35.67,5.51,22.98,0.57,0.09
2022-01-10 05:00:00,7.89,30.96,38.86,5.72,44.65,11.68,0.66,8.43,2022,Bhatagaon,Hourly,0,0,5,10,1,0,0.9659258262890683,0.25881904510252074,0.49999999999999994,0.8660254037844387,11.04,11.04,14.03,11.51,20.96,2.27,39.53,12.036666666666667,12.623333333333333,14.670833333333334,11.424166666666666,1.7262773048775333,1.5723824810353373,3.0217167255877944,6.251730137341564,12.630857010232265,13.353066729709544,0.0,0.0,244.27439999999999,25.6476,4.42,26.08,29.8,6.22,37.76,0.59,6.67
2022-01-10 06:00:00,16.41,43.63,60.04,6.05,67.02,17.71,0.78,15.829999999999998,2022,Bhatagaon,Hourly,1,1,6,10,1,0,1.0,6.123233995736766e-17,0.49999999999999994,0.8660254037844387,11.68,11.04,11.04,14.09,16.75,2.37,35.6,11.253333333333332,12.651666666666666,13.897499999999999,11.816249999999998,0.3695041722839892,1.5496763102876814,2.386580379767453,5.939961068895978,12.359183578737332,13.095671848215769,0.6400000000000006,0.05797101449275368,715.9683,46.8312,7.89,30.96,38.86,5.72,44.65,0.66,8.43
2022-01-10 07:00:00,24.94,54.03,78.97,7.95,95.85,22.82,0.95,23.23,2022,Bhatagaon,Hourly,0,0,7,10,1,0,0.9659258262890683,-0.25881904510252063,0.49999999999999994,0.8660254037844387,17.71,11.68,11.04,14.03,15.57,1.93,30.27,13.476666666666667,13.255,13.9775,12.455416666666666,3.680113222896162,2.5822993629709483,2.504088021252821,5.699778774628888,13.887988270526666,13.805568486951804,6.030000000000001,0.5162671232876713,1347.5082,75.02149999999999,16.41,43.63,60.04,6.05,67.02,0.78,15.829999999999998
2022-01-10 08:00:00,15.69,41.58,57.26,9.09,106.88,28.7,0.87,40.9,2022,Bhatagaon,Hourly,0,0,8,10,1,0,0.8660254037844387,-0.4999999999999998,0.49999999999999994,0.8660254037844387,22.82,17.71,11.68,14.03,18.37,2.13,29.3,17.403333333333332,14.719999999999999,14.581666666666665,13.325833333333335,5.576327943488885,4.719165180410634,3.5706959681509916,5.617012912391323,16.43999162180476,15.192404104343835,5.109999999999999,0.28853754940711457,652.3901999999999,49.816199999999995,24.94,54.03,78.97,7.95,95.85,0.95,23.23
2022-01-10 09:00:00,16.24,43.82,60.05,20.53,119.12,28.7,0.92,38.58,2022,Bhatagaon,Hourly,0,0,9,10,1,0,0.7071067811865476,-0.7071067811865475,0.49999999999999994,0.8660254037844387,28.7,22.82,17.71,11.04,15.8,3.18,26.72,23.076666666666668,17.165,15.4425,14.432916666666669,5.499493916110344,7.354573407071281,5.3625979541805915,5.924423640407084,19.94285115843197,17.27049578059863,5.879999999999999,0.2576687116564417,711.6367999999999,55.246,15.69,41.58,57.26,9.09,106.88,0.87,40.9
2022-01-10 10:00:00,15.23,53.18,67.87,37.5,123.09,31.89,1.1,40.88,2022,Bhatagaon,Hourly,0,0,10,10,1,0,0.49999999999999994,-0.8660254037844387,0.49999999999999994,0.8660254037844387,28.7,28.7,22.82,11.04,12.86,3.27,25.73,26.74,20.108333333333334,16.5175,15.496250000000002,3.394819582835175,7.924772341630179,6.5926820656074305,6.10437320964311,22.444893684594263,19.028881045121917,0.0,0.0,809.9314,74.65700000000001,16.24,43.82,60.05,20.53,119.12,0.92,38.58
2022-01-10 11:00:00,11.05,48.01,56.72,29.49,123.86,41.38,1.19,47.05,2022,Bhatagaon,Hourly,0,0,11,10,1,0,0.258819045102521,-0.9659258262890682,0.49999999999999994,0.8660254037844387,31.89,28.7,28.7,11.68,11.51,5.34,24.14,29.763333333333332,23.583333333333332,18.103333333333335,16.68875,1.8417473587151907,7.721778724275036,7.809411959393306,6.400414601040874,25.143495488995903,21.007514730487774,3.1900000000000013,0.11114982578397217,530.5105,67.4968,15.23,53.18,67.87,37.5,123.09,1.1,40.88
2022-01-10 12:00:00,13.7,61.43,75.14,17.24,152.93,41.38,1.36,43.51,2022,Bhatagaon,Hourly,0,0,12,10,1,0,1.2246467991473532e-16,-1.0,0.49999999999999994,0.8660254037844387,41.38,31.89,28.7,17.71,14.09,8.98,29.33,33.99,28.53333333333333,20.5925,18.190416666666668,6.5956879853432175,8.07646374762287,9.976498862098598,7.714880302357901,29.782496777854217,24.141743233489656,9.490000000000002,0.2975854499843212,841.591,102.19040000000001,11.05,48.01,56.72,29.49,123.86,1.19,47.05
2022-01-10 13:00:00,8.3,52.74,59.36,16.1,152.93,40.74,1.25,18.85,2022,Bhatagaon,Hourly,0,0,13,10,1,0,-0.2588190451025208,-0.9659258262890683,0.49999999999999994,0.8660254037844387,41.38,41.38,31.89,22.82,14.03,13.38,32.34,38.21666666666667,32.47833333333333,22.866666666666664,19.540416666666665,5.479054054609609,7.492135654582502,11.372260775743547,8.792612254252031,33.096069127038724,26.79378273602971,0.0,0.0,437.7420000000001,74.2,13.7,61.43,75.14,17.24,152.93,1.36,43.51
2022-01-10 14:00:00,6.49,43.3,49.79,13.12,133.76,40.74,1.21,11.53,2022,Bhatagaon,Hourly,0,0,14,10,1,0,-0.4999999999999997,-0.8660254037844388,0.49999999999999994,0.8660254037844387,40.74,41.38,41.38,28.7,14.03,17.85,33.78,41.166666666666664,35.465,25.092499999999998,20.680416666666666,0.3695041722820664,6.357847906328023,12.07751037334193,9.68731105472588,35.28004937645623,28.93935462279437,-0.6400000000000006,-0.015466408893185126,281.017,60.2459,8.3,52.74,59.36,16.1,152.93,1.25,18.85
2022-01-10 15:00:00,5.68,43.58,48.77,7.4,139.16,35.89,1.15,40.23,2022,Bhatagaon,Hourly,0,0,15,10,1,0,-0.7071067811865471,-0.7071067811865479,0.49999999999999994,0.8660254037844387,40.74,40.74,41.38,28.7,11.04,19.36,39.16,40.95333333333334,37.47166666666667,27.31833333333333,21.63416666666667,0.36950417228208227,5.6570537090137485,12.312381671481864,10.490070218468775,36.84003526889731,30.75483852697985,0.0,0.0,247.53439999999998,56.085499999999996,6.49,43.3,49.79,13.12,133.76,1.21,11.53
2022-01-10 16:00:00,7.89,40.1,47.61,6.56,139.16,31.55,1.1,33.52,2022,Bhatagaon,Hourly,0,0,16,10,1,0,-0.8660254037844385,-0.5000000000000004,0.49999999999999994,0.8660254037844387,35.89,40.74,40.74,31.89,11.04,18.07,37.59,39.123333333333335,38.67,29.389166666666664,22.322916666666668,2.8001488055698007,3.9231314023365926,11.38009143463295,10.870038790045838,36.56859662064093,31.54486336898295,-4.850000000000001,-0.11904761904761908,316.389,52.371,5.68,43.58,48.77,7.4,139.16,1.15,40.23
2022-01-10 17:00:00,11.7,57.97,69.66,10.32,234.14,29.92,1.2,26.78,2022,Bhatagaon,Hourly,0,0,17,10,1,0,-0.9659258262890683,-0.25881904510252063,0.49999999999999994,0.8660254037844387,31.55,35.89,40.74,41.38,11.68,20.96,33.3,36.06,38.61333333333334,31.098333333333333,22.884583333333335,4.597357936902547,4.04132486527205,9.804885455112618,10.988350740341035,35.13471187188638,31.54565361990865,-4.34,-0.1209250487601003,678.2489999999999,83.592,7.89,40.1,47.61,6.56,139.16,1.1,33.52
2022-01-10 18:00:00,28.43,110.84,139.27,8.91,234.14,32.29,2.12,42.23,2022,Bhatagaon,Hourly,0,0,18,10,1,0,-1.0,-1.8369701987210297e-16,0.49999999999999994,0.8660254037844387,29.92,31.55,35.89,41.38,17.71,16.75,31.95,32.45333333333333,36.70333333333333,32.61833333333333,23.25791666666667,3.085811616630933,5.053563759038392,7.7111817669164315,11.072010531522478,33.64479419420456,31.295553062999627,-1.629999999999999,-0.05166402535657683,3151.1812,295.2524,11.7,57.97,69.66,10.32,234.14,1.2,26.78
2022-01-10 19:00:00,47.46,134.39,181.85,8.14,214.78,33.83,2.47,50.87,2022,Bhatagaon,Hourly,0,0,19,10,1,0,-0.9659258262890684,0.2588190451025203,0.49999999999999994,0.8660254037844387,32.29,29.92,31.55,40.74,22.82,15.57,30.72,31.25333333333333,35.18833333333333,33.833333333333336,23.905416666666667,1.2125317865254024,4.722869537332818,6.1364800886817905,11.129123555931443,33.25771013871754,31.448544899461222,2.3699999999999974,0.07921122994652398,6378.149399999999,449.1695,28.43,110.84,139.27,8.91,234.14,2.12,42.23
2022-01-10 20:00:00,89.43,157.92,245.03,8.69,214.78,35.73,3.82,71.4,2022,Bhatagaon,Hourly,0,0,20,10,1,0,-0.8660254037844386,0.5000000000000001,0.49999999999999994,0.8660254037844387,33.83,32.29,29.92,40.74,28.7,18.37,28.38,32.01333333333333,34.03666666666667,34.75083333333333,24.66625,1.9696277144004721,3.8624741638833466,5.0706382211411185,11.15862965425725,33.42122152765539,31.81492260723642,1.5399999999999991,0.047692784143697715,14122.7856,936.0146,47.46,134.39,181.85,8.14,214.78,2.47,50.87
2022-01-10 21:00:00,155.51,226.03,381.54,8.25,287.91,45.23,5.27,106.52,2022,Bhatagaon,Hourly,0,0,21,10,1,0,-0.7071067811865477,0.7071067811865474,0.49999999999999994,0.8660254037844387,35.73,33.83,32.29,35.89,28.7,15.8,25.23,33.949999999999996,33.20166666666666,35.336666666666666,25.389583333333334,1.7231366747884433,2.3808772892919934,4.700607955521856,11.294577567467316,34.08087251975385,32.41724220612312,1.8999999999999986,0.05616316878510194,35149.925299999995,2010.7158,89.43,157.92,245.03,8.69,214.78,3.82,71.4
2022-01-10 22:00:00,134.68,207.52,342.2,8.29,287.91,51.42,4.81,140.31,2022,Bhatagaon,Hourly,0,0,22,10,1,0,-0.5000000000000004,0.8660254037844384,0.49999999999999994,0.8660254037844387,45.23,35.73,33.83,31.55,31.89,12.86,26.92,38.26333333333333,34.75833333333333,36.714166666666664,26.61583333333333,6.107645481962263,5.500132422648231,4.991952538988666,11.794703275721629,37.26633751410989,34.38843571287341,9.5,0.265883011474951,27948.793600000005,1645.9819999999997,155.51,226.03,381.54,8.25,287.91,5.27,106.52
2022-01-10 23:00:00,89.96,134.3,224.26,7.87,275.9,51.42,3.76,143.96,2022,Bhatagaon,Hourly,0,0,23,10,1,0,-0.25881904510252157,0.9659258262890681,0.49999999999999994,0.8660254037844387,51.42,45.23,35.73,29.92,41.38,11.51,28.71,44.126666666666665,38.07,38.34166666666667,28.2225,7.9029762326185535,8.399669041099147,6.2908256913372,12.447657803081203,41.310241081507066,37.008676372431346,6.190000000000005,0.1368560689807651,12081.628,843.2176,134.68,207.52,342.2,8.29,287.91,4.81,140.31
2022-01-11 01:00:00,6.67,97.0,58.88,52.14,186.07,68.91,0.9,59.91,2022,Bhatagaon,Hourly,0,0,1,11,1,1,0.25881904510252074,0.9659258262890683,0.49999999999999994,0.8660254037844387,51.42,51.42,45.23,32.29,41.38,14.09,27.53,49.35666666666666,41.653333333333336,39.178333333333335,29.885416666666668,3.5737981662837908,8.803755259357564,7.315802116382106,12.779340657675856,44.19874362964791,39.22580308436498,0.0,0.0,646.99,52.992000000000004,89.96,134.3,224.26,7.87,275.9,3.76,143.96
2022-01-11 02:00:00,1.08,63.47,35.89,62.44,184.79,72.93,0.59,49.06,2022,Bhatagaon,Hourly,0,0,2,11,1,1,0.49999999999999994,0.8660254037844387,0.49999999999999994,0.8660254037844387,68.91,51.42,51.42,33.83,40.74,14.03,29.11,57.25,47.75666666666666,41.4725,32.16958333333333,10.097856208126526,12.800627588781174,11.300429698185672,14.60251690013883,51.25910259260564,43.79260260984729,17.489999999999995,0.34014002333722276,68.5476,21.1751,6.67,97.0,58.88,52.14,186.07,0.9,59.91
2022-01-11 03:00:00,0.94,103.01,57.58,136.99,161.08,72.93,1.37,59.81,2022,Bhatagaon,Hourly,0,0,3,11,1,1,0.7071067811865476,0.7071067811865476,0.49999999999999994,0.8660254037844387,72.93,68.91,51.42,35.73,40.74,14.03,4.93,64.42,54.27333333333333,44.155,34.62375,11.436349942179934,14.17196763567662,14.483171739517699,16.275063831438292,57.45078756614689,48.27527913140925,4.02000000000001,0.058336961253809466,96.82939999999999,78.8846,1.08,63.47,35.89,62.44,184.79,0.59,49.06
2022-01-11 04:00:00,1.81,106.27,59.13,125.87,197.9,86.32,1.57,67.57,2022,Bhatagaon,Hourly,0,0,4,11,1,1,0.8660254037844386,0.5000000000000001,0.49999999999999994,0.8660254037844387,72.93,72.93,68.91,45.23,35.89,11.04,3.64,71.58999999999999,60.47333333333333,46.837500000000006,37.077916666666674,2.320948082141944,12.472364116985412,16.617005596677178,17.434227948683766,61.873419690104924,52.06831311119244,0.0,0.0,192.3487,92.8341,0.94,103.01,57.58,136.99,161.08,1.37,59.81
2022-01-11 05:00:00,9.52,92.54,58.71,69.0,206.96,86.32,1.39,61.32,2022,Bhatagaon,Hourly,0,0,5,11,1,1,0.9659258262890683,0.25881904510252074,0.49999999999999994,0.8660254037844387,86.32,72.93,72.93,51.42,31.55,11.04,2.83,77.39333333333333,67.32166666666667,51.04,40.21458333333333,7.7307201044489435,13.653514443785708,19.68954868128592,19.225870699832193,68.85815692150351,57.33780340177822,13.389999999999986,0.18360071301247752,880.9808,81.6069,1.81,106.27,59.13,125.87,197.9,1.57,67.57
2022-01-11 06:00:00,18.12,118.26,79.8,52.52,206.96,85.83,0.95,64.7,2022,Bhatagaon,Hourly,0,0,6,11,1,1,1.0,6.123233995736766e-17,0.49999999999999994,0.8660254037844387,86.32,86.32,72.93,51.42,29.92,11.68,2.27,81.85666666666667,73.13833333333334,55.604166666666664,43.35125,7.730720104448926,12.93958487226946,21.061167393325995,20.366222315712914,73.84725494393108,61.79660287842772,0.0,0.0,2142.8712,75.80999999999999,9.52,92.54,58.71,69.0,206.96,1.39,61.32
2022-01-11 07:00:00,89.73,208.23,186.87,20.77,206.45,84.05,1.46,125.97,2022,Bhatagaon,Hourly,0,0,7,11,1,1,0.9659258262890683,-0.25881904510252063,0.49999999999999994,0.8660254037844387,85.83,86.32,86.32,68.91,32.29,17.71,2.37,86.15666666666665,78.87333333333333,60.26333333333333,46.44083333333333,0.2829016318982459,8.114374077318871,21.04698438055088,20.968187895552337,77.2708963885222,65.49404858943883,-0.4899999999999949,-0.005676552363299292,18684.4779,272.8302,18.12,118.26,79.8,52.52,206.96,0.95,64.7
2022-01-11 08:00:00,58.41,171.6,141.54,46.88,186.44,80.39,1.26,139.44,2022,Bhatagaon,Hourly,0,0,8,11,1,1,0.8660254037844387,-0.4999999999999998,0.49999999999999994,0.8660254037844387,84.05,85.83,86.32,72.93,33.83,22.82,1.93,85.39999999999999,81.39666666666666,64.57666666666667,49.20499999999999,1.1945291959585516,6.611231856973735,20.074341530391212,21.384580588744797,79.20778313465871,68.34881034490978,-1.7800000000000011,-0.020738669462891775,10023.155999999999,178.3404,89.73,208.23,186.87,20.77,206.45,1.46,125.97
2022-01-11 09:00:00,11.63,74.49,50.44,49.15,186.44,80.39,0.78,84.18,2022,Bhatagaon,Hourly,0,0,9,11,1,1,0.7071067811865476,-0.7071067811865475,0.49999999999999994,0.8660254037844387,80.39,84.05,85.83,72.93,35.73,28.7,2.13,83.42333333333333,82.64,68.45666666666666,51.60375,2.7736137678723005,5.26489506068238,17.981865275545818,21.524653774420965,79.54555938189908,70.20130106107752,-3.6599999999999966,-0.04354550862581793,866.3187,39.3432,58.41,171.6,141.54,46.88,186.44,1.26,139.44
2022-01-11 10:00:00,15.07,84.08,58.49,32.98,178.1,72.84,1.0,66.04,2022,Bhatagaon,Hourly,0,0,10,11,1,1,0.49999999999999994,-0.8660254037844387,0.49999999999999994,0.8660254037844387,80.39,80.39,84.05,86.32,45.23,28.7,3.18,81.61,83.88333333333334,72.17833333333333,53.75749999999999,2.113101985233447,2.8319157237927146,14.960500619560852,21.718441022200043,79.78682812992791,71.76879320552713,0.0,0.0,1267.0855999999999,58.49,11.63,74.49,50.44,49.15,186.44,0.78,84.18
2022-01-11 11:00:00,7.14,64.31,40.43,71.03,156.0,69.27,0.76,53.86,2022,Bhatagaon,Hourly,0,0,11,11,1,1,0.258819045102521,-0.9659258262890682,0.49999999999999994,0.8660254037844387,72.84,80.39,80.39,86.32,51.42,31.89,3.27,77.87333333333332,81.63666666666667,74.47916666666667,55.59666666666667,4.3589945323814066,5.016603100372238,12.331340307844915,21.370406532453188,77.80202009280566,71.93359425083065,-7.549999999999997,-0.09391715387486002,459.1734,30.7268,15.07,84.08,58.49,32.98,178.1,1.0,66.04
2022-01-11 12:00:00,6.32,64.05,40.42,82.87,136.72,66.51,0.68,38.25,2022,Bhatagaon,Hourly,0,0,12,11,1,1,1.2246467991473532e-16,-1.0,0.49999999999999994,0.8660254037844387,69.27,72.84,80.39,85.83,51.42,41.38,5.34,74.16666666666667,78.795,75.96666666666667,57.15416666666667,5.677467158278522,6.45572536590565,10.187067856608863,20.92502452685001,75.36430006628976,71.52381051993362,-3.5700000000000074,-0.04901153212520603,404.796,27.4856,7.14,64.31,40.43,71.03,156.0,0.76,53.86
2022-01-11 13:00:00,8.6,74.63,47.47,78.58,132.76,55.36,0.85,56.96,2022,Bhatagaon,Hourly,0,0,13,11,1,1,-0.2588190451025208,-0.9659258262890683,0.49999999999999994,0.8660254037844387,66.51,69.27,72.84,84.05,68.91,41.38,8.98,69.54,75.575,77.22416666666668,58.201249999999995,3.173625686812819,7.037066860560411,7.4434467313487405,20.729203368258215,72.83450004734982,70.75245505532845,-2.759999999999991,-0.03984408834993491,641.818,40.3495,6.32,64.05,40.42,82.87,136.72,0.68,38.25
2022-01-11 14:00:00,8.39,79.96,47.8,67.34,122.14,56.01,0.86,51.62,2022,Bhatagaon,Hourly,0,0,14,11,1,1,-0.4999999999999997,-0.8660254037844388,0.49999999999999994,0.8660254037844387,55.36,66.51,69.27,80.39,72.93,40.74,13.38,63.71333333333333,70.79333333333334,76.095,58.78375,7.36464753625941,9.457654395602754,9.54925080354961,20.430233311251566,67.84178574810701,68.38438504681639,-11.150000000000006,-0.16764396331378748,670.8644,41.108,8.6,74.63,47.47,78.58,132.76,0.85,56.96
2022-01-11 15:00:00,10.33,102.45,64.83,56.53,111.73,56.01,0.93,50.49,2022,Bhatagaon,Hourly,0,0,15,11,1,1,-0.7071067811865471,-0.7071067811865479,0.49999999999999994,0.8660254037844387,56.01,55.36,66.51,80.39,72.93,40.74,17.85,59.29333333333333,66.73,74.685,59.419999999999995,6.258261206863461,9.742925638636338,11.17059003894529,20.07862068708036,64.46127553436216,66.48063350115233,0.6499999999999986,0.011741329479768761,1058.3085,60.2919,8.39,79.96,47.8,67.34,122.14,0.86,51.62
2022-01-11 16:00:00,1.69,67.65,38.69,59.83,111.73,54.02,0.68,34.94,2022,Bhatagaon,Hourly,0,0,16,11,1,1,-0.8660254037844385,-0.5000000000000004,0.49999999999999994,0.8660254037844387,56.01,56.01,55.36,72.84,86.32,35.89,19.36,55.79333333333333,62.666666666666664,73.27499999999999,60.05625,0.37527767497177655,7.7959185903050505,12.411216701033055,19.69930848764249,62.04662538168725,64.86976680866735,0.0,0.0,114.3285,26.3092,10.33,102.45,64.83,56.53,111.73,0.93,50.49
2022-01-11 17:00:00,22.18,176.32,115.09,144.94,110.03,53.65,1.65,96.28,2022,Bhatagaon,Hourly,0,0,17,11,1,1,-0.9659258262890683,-0.25881904510252063,0.49999999999999994,0.8660254037844387,54.02,56.01,56.01,69.27,86.32,31.55,18.07,55.346666666666664,59.53,70.58333333333333,60.81166666666666,1.1489270356868801,6.57446271568994,12.820663245737633,19.069867345624335,59.75330384406232,63.20057191502622,-1.9899999999999949,-0.03552936975540073,3910.7776,189.89849999999998,1.69,67.65,38.69,59.83,111.73,0.68,34.94
2022-01-11 18:00:00,39.39,205.48,144.98,106.89,143.6,64.23,2.27,117.99,2022,Bhatagaon,Hourly,0,0,18,11,1,1,-1.0,-1.8369701987210297e-16,0.49999999999999994,0.8660254037844387,53.65,54.02,56.01,66.51,85.83,29.92,20.96,54.56,56.926666666666655,67.86083333333333,61.732499999999995,1.2692911407549312,4.799177707343603,12.642692793096243,18.10461177134996,58.0095027457588,61.731253158868334,-0.37000000000000455,-0.0068493150684932344,8093.8571999999995,329.1046,22.18,176.32,115.09,144.94,110.03,1.65,96.28
2022-01-11 19:00:00,60.94,249.64,180.2,85.78,173.68,70.86,2.94,145.77,2022,Bhatagaon,Hourly,0,0,19,11,1,1,-0.9659258262890684,0.2588190451025203,0.49999999999999994,0.8660254037844387,64.23,53.65,54.02,55.36,84.05,32.29,16.75,57.29999999999999,56.54666666666666,66.06083333333333,63.162083333333335,6.00440671507176,3.8933926936110343,11.320241290661139,16.790296881951107,59.786787675542,62.115675749811665,10.580000000000005,0.19720410065237662,15213.061599999999,529.788,39.39,205.48,144.98,106.89,143.6,2.27,117.99
2022-01-11 20:00:00,22.91,251.53,155.59,76.12,222.63,86.18,3.18,151.96,2022,Bhatagaon,Hourly,0,0,20,11,1,1,-0.8660254037844386,0.5000000000000001,0.49999999999999994,0.8660254037844387,70.86,64.23,53.65,56.01,80.39,33.83,15.57,62.91333333333333,59.129999999999995,64.96166666666666,64.76916666666666,8.680220811323403,6.916851885070053,9.975198182887405,15.50345092486538,62.95056262538714,63.460956403686794,6.6299999999999955,0.10322279308734228,5762.5523,494.7762,60.94,249.64,180.2,85.78,173.68,2.94,145.77
2022-01-11 21:00:00,123.83,344.05,284.49,84.51,256.28,92.47,5.65,220.91,2022,Bhatagaon,Hourly,0,0,21,11,1,1,-0.7071067811865477,0.7071067811865474,0.49999999999999994,0.8660254037844387,86.18,70.86,64.23,56.01,80.39,35.73,18.37,73.75666666666666,64.15833333333333,65.44416666666666,66.95041666666667,11.25804749205348,12.723816120435878,10.887611356978514,14.618651124108707,69.58754473241939,66.95619388004268,15.320000000000007,0.21620095963872435,42603.7115,1607.3685,22.91,251.53,155.59,76.12,222.63,3.18,151.96
2022-01-11 22:00:00,177.14,396.01,360.6,63.6,317.83,99.44,3.99,242.72,2022,Bhatagaon,Hourly,0,0,22,11,1,1,-0.5000000000000004,0.8660254037844384,0.49999999999999994,0.8660254037844387,92.47,86.18,70.86,54.02,72.84,45.23,15.8,83.17,70.235,66.45083333333334,69.31458333333333,11.114994376966557,16.26700556340955,12.787771472873048,13.92152852026596,76.12538909458527,70.88139482157457,6.289999999999992,0.07298677187282422,70149.2114,1438.794,123.83,344.05,284.49,84.51,256.28,5.65,220.91
2022-01-11 23:00:00,169.53,378.2,344.67,34.07,327.27,103.21,4.35,272.25,2022,Bhatagaon,Hourly,0,0,23,11,1,1,-0.25881904510252157,0.9659258262890681,0.49999999999999994,0.8660254037844387,99.44,92.47,86.18,53.65,69.27,51.42,12.86,92.69666666666666,77.805,68.6675,71.57333333333334,6.632905346326858,17.715833313733715,15.91825260225168,14.23808843626276,82.78670649613234,75.27502638748618,6.969999999999999,0.07537579755596409,64116.246,1499.3145,177.14,396.01,360.6,63.6,317.83,3.99,242.72
2022-01-12 01:00:00,93.87,136.52,150.61,5.15,223.96,66.47,3.84,151.77,2022,Bhatagaon,Hourly,0,0,1,12,1,2,0.25881904510252074,0.9659258262890683,0.49999999999999994,0.8660254037844387,103.21,99.44,92.47,64.23,66.51,51.42,11.51,98.37333333333332,86.065,71.49583333333332,73.73125,5.448874501521514,15.632262472207834,18.791018385646332,14.957324892332228,88.6219332115231,79.57271463556523,3.769999999999996,0.03791230893000801,12815.132400000002,578.3424,169.53,378.2,344.67,34.07,327.27,4.35,272.25
2022-01-12 02:00:00,88.51,131.68,143.65,5.04,185.45,63.78,3.5,149.59,2022,Bhatagaon,Hourly,0,0,2,12,1,2,0.49999999999999994,0.8660254037844387,0.49999999999999994,0.8660254037844387,66.47,103.21,99.44,70.86,55.36,68.91,14.09,89.70666666666666,86.43833333333333,71.49249999999999,74.35833333333333,20.211636087495027,15.02130941917728,18.79198674725726,14.281475282052716,82.29280943680222,77.55691238393982,-36.739999999999995,-0.3559732584051933,11654.9968,502.77500000000003,93.87,136.52,150.61,5.15,223.96,3.84,151.77
2022-01-12 03:00:00,68.64,116.89,119.55,4.65,193.63,73.84,3.19,141.7,2022,Bhatagaon,Hourly,0,0,3,12,1,2,0.7071067811865476,0.7071067811865476,0.49999999999999994,0.8660254037844387,63.78,66.47,103.21,86.18,56.01,72.93,14.03,77.82,85.25833333333334,72.19416666666666,74.14458333333333,22.029482517753294,16.676689619545726,18.28522377039272,14.404426547650736,77.00343531200159,75.43738740179523,-2.6899999999999977,-0.040469384684820184,8023.3296,381.36449999999996,88.51,131.68,143.65,5.04,185.45,3.5,149.59
2022-01-12 04:00:00,51.32,104.72,98.95,4.84,193.63,73.84,2.85,132.05,2022,Bhatagaon,Hourly,0,0,4,12,1,2,0.8660254037844386,0.5000000000000001,0.49999999999999994,0.8660254037844387,73.84,63.78,66.47,92.47,56.01,72.93,14.03,68.02999999999999,83.20166666666667,73.67999999999999,74.18249999999999,5.2082722663085175,17.289936282897752,17.560629000952456,14.402287937202393,76.0995966514297,75.19163549382674,10.060000000000002,0.15772969582941365,5374.2304,282.0075,68.64,116.89,119.55,4.65,193.63,3.19,141.7
2022-01-12 05:00:00,37.72,95.78,83.11,5.63,165.87,71.59,2.56,128.32,2022,Bhatagaon,Hourly,0,0,5,12,1,2,0.9659258262890683,0.25881904510252074,0.49999999999999994,0.8660254037844387,73.84,73.84,63.78,99.44,54.02,86.32,11.04,70.48666666666666,80.09666666666668,75.16583333333334,74.22041666666667,5.808143708047489,16.962323740179713,16.66088749045796,14.400044830596432,75.45399760816407,74.98369157169955,0.0,0.0,3612.8215999999998,212.76160000000002,51.32,104.72,98.95,4.84,193.63,2.85,132.05
2022-01-12 06:00:00,31.34,90.89,75.29,5.39,151.27,66.09,2.36,124.02,2022,Bhatagaon,Hourly,0,0,6,12,1,2,1.0,6.123233995736766e-17,0.49999999999999994,0.8660254037844387,71.59,73.84,73.84,103.21,53.65,86.32,11.04,73.08999999999999,75.455,76.63000000000001,73.60666666666667,1.2990381056759313,14.195284780517708,15.354453899291116,14.174055191782934,74.34999829154577,74.46158517605348,-2.25,-0.030471289274106174,2848.4926,177.6844,37.72,95.78,83.11,5.63,165.87,2.56,128.32
2022-01-12 07:00:00,38.29,92.64,81.84,5.12,116.33,59.78,2.08,121.25,2022,Bhatagaon,Hourly,0,0,7,12,1,2,0.9659258262890683,-0.25881904510252063,0.49999999999999994,0.8660254037844387,66.09,71.59,73.84,66.47,64.23,85.83,11.68,70.50666666666666,69.26833333333333,77.66666666666667,72.76375,3.98695790463501,4.36450875433474,14.024222119626018,13.985407865063232,71.98999877967556,73.17364899512218,-5.5,-0.07682637239837965,3547.1856,170.2272,31.34,90.89,75.29,5.39,151.27,2.36,124.02
2022-01-12 08:00:00,44.94,100.72,91.15,5.06,107.39,49.12,2.02,124.61,2022,Bhatagaon,Hourly,0,0,8,12,1,2,0.8660254037844387,-0.4999999999999998,0.49999999999999994,0.8660254037844387,59.78,66.09,71.59,63.78,70.86,84.05,17.71,65.82,68.15333333333334,77.29583333333333,71.67833333333333,5.909627737852744,5.830662626723023,14.46376504380605,13.938035750410055,68.50142769976826,71.11308761125723,-6.310000000000002,-0.095475866243002,4526.3568,184.12300000000002,38.29,92.64,81.84,5.12,116.33,2.08,121.25
2022-01-12 09:00:00,43.07,102.7,90.72,5.07,107.39,49.12,1.9,124.87,2022,Bhatagaon,Hourly,0,0,9,12,1,2,0.7071067811865476,-0.7071067811865475,0.49999999999999994,0.8660254037844387,49.12,59.78,66.09,73.84,86.18,80.39,22.82,58.32999999999999,65.71,75.48416666666667,70.22291666666668,8.577418026422578,9.770420666480952,16.55370733446599,14.405865194175334,62.963876928405895,67.72953567106381,-10.660000000000004,-0.17832050853128142,4423.289,172.368,44.94,100.72,91.15,5.06,107.39,2.02,124.61
2022-01-12 10:00:00,35.12,100.65,83.71,5.19,81.79,44.49,1.74,123.88,2022,Bhatagaon,Hourly,0,0,10,12,1,2,0.49999999999999994,-0.8660254037844387,0.49999999999999994,0.8660254037844387,49.12,49.12,59.78,73.84,92.47,80.39,28.7,52.673333333333325,61.59,72.39583333333333,68.92,6.154553869561355,10.812866409976513,17.787871996152795,14.853468633109957,59.00848352028993,64.86653018320784,0.0,0.0,3534.828,145.6554,43.07,102.7,90.72,5.07,107.39,1.9,124.87
2022-01-12 11:00:00,21.72,93.09,68.31,5.04,80.96,42.27,1.58,115.79,2022,Bhatagaon,Hourly,0,0,11,12,1,2,0.258819045102521,-0.9659258262890682,0.49999999999999994,0.8660254037844387,44.49,49.12,49.12,71.59,99.44,72.84,28.7,47.57666666666666,56.69833333333333,68.3975,67.42416666666666,2.6731317463478987,10.801550660283239,18.251813421734834,15.444079748413667,54.86034537163566,61.73167938579125,-4.6299999999999955,-0.09425895765472304,2021.9148,107.92980000000001,35.12,100.65,83.71,5.19,81.79,1.74,123.88
2022-01-12 12:00:00,13.22,89.58,60.04,5.21,80.54,40.69,1.4,116.32,2022,Bhatagaon,Hourly,0,0,12,12,1,2,1.2246467991473532e-16,-1.0,0.49999999999999994,0.8660254037844387,42.27,44.49,49.12,66.09,103.21,69.27,31.89,45.29333333333333,51.81166666666667,63.63333333333333,66.15041666666666,3.494943967123525,9.235859281445636,16.8173548527236,16.21916887356668,51.26310383688262,58.737574864900296,-2.219999999999999,-0.04989885367498311,1184.2476000000001,84.056,21.72,93.09,68.31,5.04,80.96,1.58,115.79
2022-01-12 13:00:00,6.89,83.61,51.67,6.11,72.28,40.25,1.27,119.78,2022,Bhatagaon,Hourly,0,0,13,12,1,2,-0.2588190451025208,-0.9659258262890683,0.49999999999999994,0.8660254037844387,40.69,42.27,44.49,59.78,66.47,66.51,41.38,42.48333333333333,47.578333333333326,58.42333333333334,64.95958333333333,1.908961323163292,6.9108535411095,12.596581306293482,17.010073864105287,48.24221702634473,55.961024885684864,-1.5800000000000054,-0.037378755618642186,576.0729,65.6209,13.22,89.58,60.04,5.21,80.54,1.4,116.32
2022-01-12 14:00:00,3.47,80.95,47.46,5.94,72.28,40.25,1.2,116.06,2022,Bhatagaon,Hourly,0,0,14,12,1,2,-0.4999999999999997,-0.8660254037844388,0.49999999999999994,0.8660254037844387,40.25,40.69,42.27,49.12,63.78,55.36,41.38,41.06999999999999,44.32333333333333,56.23833333333334,63.86541666666667,1.0622617379912074,4.001328112847767,13.326811548926768,17.73513706672044,45.9587264473891,53.54394413404104,-0.4399999999999977,-0.010813467682477212,280.8965,56.952,6.89,83.61,51.67,6.11,72.28,1.27,119.78
2022-01-12 15:00:00,2.0,77.98,44.43,18.28,67.03,37.75,1.1,107.64,2022,Bhatagaon,Hourly,0,0,15,12,1,2,-0.7071067811865471,-0.7071067811865479,0.49999999999999994,0.8660254037844387,40.25,40.25,40.69,49.12,73.84,56.01,40.74,40.39666666666666,42.845,54.2775,63.23583333333334,0.2540341184437019,3.47920536904611,13.83754650152331,18.309108903509713,44.32766174813507,51.49872195957319,0.0,0.0,155.96,48.873000000000005,3.47,80.95,47.46,5.94,72.28,1.2,116.06
2022-01-12 16:00:00,2.36,85.59,49.08,22.82,75.95,35.99,1.14,98.15,2022,Bhatagaon,Hourly,0,0,16,12,1,2,-0.8660254037844385,-0.5000000000000004,0.49999999999999994,0.8660254037844387,37.75,40.25,40.25,44.49,73.84,56.01,40.74,39.416666666666664,40.949999999999996,51.27,62.475,1.4433756729741307,2.2610440066481186,13.101633485943722,18.989198302559064,42.448329820096475,49.383533965792694,-2.5,-0.062111801242236024,201.9924,55.95119999999999,2.0,77.98,44.43,18.28,67.03,1.1,107.64
2022-01-12 17:00:00,4.2,108.54,63.27,10.59,75.95,35.99,1.6,95.18,2022,Bhatagaon,Hourly,0,0,17,12,1,2,-0.9659258262890683,-0.25881904510252063,0.49999999999999994,0.8660254037844387,35.99,37.75,40.25,42.27,71.59,54.02,35.89,37.99666666666666,39.53333333333333,48.115833333333335,61.64083333333334,2.1406852485439325,2.262296768035991,11.649694071935915,19.711529382057325,40.60309272864034,47.32299027874767,-1.759999999999998,-0.046622516556291335,455.86800000000005,101.23200000000001,2.36,85.59,49.08,22.82,75.95,1.14,98.15
2022-01-12 18:00:00,12.63,129.08,76.82,4.58,99.78,41.7,1.88,94.11,2022,Bhatagaon,Hourly,0,0,18,12,1,2,-1.0,-1.8369701987210297e-16,0.49999999999999994,0.8660254037844387,35.99,35.99,37.75,40.69,66.09,53.65,31.55,36.57666666666666,38.48666666666667,45.149166666666666,60.88958333333334,1.0161364737739065,2.1946632239744917,9.454460667597774,20.347913145678035,39.2850662347431,45.579453312786484,0.0,0.0,1630.2804000000003,144.42159999999998,4.2,108.54,63.27,10.59,75.95,1.6,95.18
2022-01-12 19:00:00,26.69,119.99,87.02,4.3,164.12,44.86,2.29,113.96,2022,Bhatagaon,Hourly,0,0,19,12,1,2,-0.9659258262890684,0.2588190451025203,0.49999999999999994,0.8660254037844387,41.7,35.99,35.99,40.25,59.78,64.23,29.92,37.89333333333333,38.655,43.11666666666667,60.39166666666667,3.2966700370728055,2.4241926491100996,6.789434751319585,20.676328129712374,39.97504731053078,44.982614341588565,5.710000000000001,0.15865518199499862,3202.5331,199.2758,12.63,129.08,76.82,4.58,99.78,1.88,94.11
2022-01-12 20:00:00,37.95,117.24,93.9,4.54,179.79,49.46,2.73,125.51,2022,Bhatagaon,Hourly,0,0,20,12,1,2,-0.8660254037844386,0.5000000000000001,0.49999999999999994,0.8660254037844387,44.86,41.7,35.99,40.25,49.12,70.86,32.29,40.85,39.42333333333334,41.873333333333335,59.584583333333335,4.495675700047783,3.5156658923546877,4.409521378548989,20.896857674980822,41.37074807895056,44.96375059672879,3.1599999999999966,0.07577937649880087,4449.258,256.34700000000004,26.69,119.99,87.02,4.3,164.12,2.29,113.96
2022-01-12 21:00:00,37.46,112.05,90.78,4.15,179.79,49.46,2.83,123.97,2022,Bhatagaon,Hourly,0,0,21,12,1,2,-0.7071067811865477,0.7071067811865474,0.49999999999999994,0.8660254037844387,49.46,44.86,41.7,37.75,49.12,86.18,33.83,45.339999999999996,40.958333333333336,41.901666666666664,58.69291666666667,3.9022045051483305,5.435319371174616,4.461108368868623,20.85133683112252,43.68196291353612,45.65548127415513,4.600000000000001,0.10254123941150249,4197.393,256.9074,37.95,117.24,93.9,4.54,179.79,2.73,125.51
2022-01-12 22:00:00,32.71,110.85,87.41,4.05,135.25,52.09,2.84,127.25,2022,Bhatagaon,Hourly,0,0,22,12,1,2,-0.5000000000000004,0.8660254037844384,0.49999999999999994,0.8660254037844387,49.46,49.46,44.86,35.99,44.49,92.47,35.73,47.926666666666655,42.91,41.93,57.16291666666667,2.6558112382722427,6.113009079005141,4.511911507836479,20.07965127862069,45.3328306525258,46.24079184736203,0.0,0.0,3625.9035,248.24439999999998,37.46,112.05,90.78,4.15,179.79,2.83,123.97
2022-01-12 23:00:00,37.49,111.08,91.37,4.42,135.25,52.09,2.9,132.61,2022,Bhatagaon,Hourly,0,0,23,12,1,2,-0.25881904510252157,0.9659258262890681,0.49999999999999994,0.8660254037844387,52.09,49.46,49.46,35.99,42.27,99.44,45.23,50.336666666666666,45.593333333333334,42.56333333333333,55.48041666666666,1.5184312079686184,6.000478869779133,5.3579971382350635,18.632171914557418,47.26345046608986,47.14067002469095,2.6300000000000026,0.05317428224828149,4164.3892000000005,264.973,32.71,110.85,87.41,4.05,135.25,2.84,127.25
2023-01-01 01:00:00,26.9,96.95,75.08,4.85,57.12,29.84,1.48,34.62,2023,Bhatagaon,Hourly,0,0,1,1,1,6,0.25881904510252074,0.9659258262890683,0.49999999999999994,0.8660254037844387,52.09,52.09,49.46,41.7,40.69,103.21,51.42,51.21333333333333,48.27666666666667,43.38166666666667,53.5075,1.5184312079686086,4.166766932126848,6.0183414104996675,16.111381947581922,48.642464618635614,47.902105405507726,0.0,0.0,2607.955,111.1184,37.49,111.08,91.37,4.42,135.25,2.9,132.61
2023-01-01 02:00:00,16.55,84.0,59.4,4.22,50.07,27.63,1.15,33.07,2023,Bhatagaon,Hourly,0,0,2,1,1,6,0.49999999999999994,0.8660254037844387,0.49999999999999994,0.8660254037844387,29.84,52.09,52.09,44.86,40.25,66.47,51.42,44.673333333333325,46.300000000000004,42.4775,50.45041666666666,12.84604348946917,8.485571283066285,7.165233137106754,12.914057550883664,43.270331870454015,45.12331995850654,-22.250000000000004,-0.42714532539834904,1390.2,68.30999999999999,26.9,96.95,75.08,4.85,57.12,1.48,34.62
2023-01-01 03:00:00,10.96,83.46,54.85,4.01,38.25,24.16,1.0,32.85,2023,Bhatagaon,Hourly,0,0,3,1,1,6,0.7071067811865476,0.7071067811865476,0.49999999999999994,0.8660254037844387,27.63,29.84,52.09,49.46,40.25,63.78,68.91,36.519999999999996,43.428333333333335,41.42583333333334,48.832083333333344,13.52921653311825,11.463342299114425,8.350071810614926,13.248567758249445,38.80166562175287,42.43203996489015,-2.210000000000001,-0.07406166219839146,914.7216,54.85,16.55,84.0,59.4,4.22,50.07,1.15,33.07
2023-01-01 04:00:00,7.21,78.83,49.29,3.8,35.09,19.24,0.85,32.32,2023,Bhatagaon,Hourly,0,0,4,1,1,6,0.8660254037844386,0.5000000000000001,0.49999999999999994,0.8660254037844387,24.16,27.63,29.84,49.46,37.75,73.84,72.93,27.209999999999994,39.211666666666666,40.085,47.18125,2.86319751327085,13.305991758101541,9.733321865912805,13.763420426907889,34.61833258696633,39.620956893368586,-3.469999999999999,-0.1255881288454578,568.3643,41.896499999999996,10.96,83.46,54.85,4.01,38.25,1.0,32.85
2023-01-01 05:00:00,5.9,73.51,45.3,4.11,34.37,17.23,0.77,31.65,2023,Bhatagaon,Hourly,0,0,5,1,1,6,0.9659258262890683,0.25881904510252074,0.49999999999999994,0.8660254037844387,19.24,24.16,27.63,52.09,35.99,73.84,72.93,23.67666666666666,34.175,38.542500000000004,44.90625,4.2158312742961845,14.330932628409068,11.451967774539566,13.67755947353815,30.224523276404526,36.48542506361957,-4.920000000000002,-0.20364238410596033,433.70900000000006,34.881,7.21,78.83,49.29,3.8,35.09,0.85,32.32
2023-01-01 06:00:00,5.23,71.47,43.21,4.06,40.04,19.53,0.7,32.16,2023,Bhatagaon,Hourly,0,0,6,1,1,6,1.0,6.123233995736766e-17,0.49999999999999994,0.8660254037844387,17.23,19.24,24.16,52.09,35.99,71.59,86.32,20.209999999999994,28.365,36.979166666666664,42.5475,3.565375155576273,12.573999761412427,13.006999834587969,13.34821865659786,26.51180234028895,33.52305197690887,-2.009999999999998,-0.10446985446985438,373.78810000000004,30.247,5.9,73.51,45.3,4.11,34.37,0.77,31.65
2023-01-01 07:00:00,6.42,74.85,46.46,4.4,36.78,19.38,0.69,31.57,2023,Bhatagaon,Hourly,0,0,7,1,1,6,0.9659258262890683,-0.25881904510252063,0.49999999999999994,0.8660254037844387,19.53,17.23,19.24,29.84,41.7,66.09,86.32,18.66666666666666,22.938333333333333,35.6075,40.37833333333333,1.2526106072255283,5.079698481865486,13.954210263963734,12.634382580419398,24.517001671634965,31.37027474969212,2.3000000000000007,0.13348810214741733,480.537,32.0574,5.23,71.47,43.21,4.06,40.04,0.7,32.16
2023-01-01 08:00:00,7.9,76.23,48.3,4.31,50.83,21.47,0.75,29.7,2023,Bhatagaon,Hourly,0,0,8,1,1,6,0.8660254037844387,-0.4999999999999998,0.49999999999999994,0.8660254037844387,19.38,19.53,17.23,27.63,44.86,59.78,85.83,18.713333333333328,21.194999999999997,33.7475,38.43208333333333,1.2867918764640636,3.893845143299858,14.543407831854198,12.087302349147617,23.04928690831069,29.52561709589333,-0.15000000000000213,-0.007680491551459402,602.2170000000001,36.224999999999994,6.42,74.85,46.46,4.4,36.78,0.69,31.57
2023-01-01 09:00:00,8.64,80.7,51.46,6.18,49.94,24.72,0.82,29.33,2023,Bhatagaon,Hourly,0,0,9,1,1,6,0.7071067811865476,-0.7071067811865475,0.49999999999999994,0.8660254037844387,21.47,19.38,19.53,24.16,49.46,49.12,84.05,20.12666666666666,20.168333333333333,31.798333333333332,36.83583333333333,1.165775850381997,2.3728583326162935,14.485968655177654,11.667853614569127,22.59806207736478,28.28629138883282,2.09,0.10784313725490195,697.248,42.197199999999995,7.9,76.23,48.3,4.31,50.83,0.75,29.7
2023-01-01 10:00:00,13.1,90.36,60.37,5.55,60.47,26.2,0.88,30.37,2023,Bhatagaon,Hourly,0,0,10,1,1,6,0.49999999999999994,-0.8660254037844387,0.49999999999999994,0.8660254037844387,24.72,21.47,19.38,19.24,49.46,49.12,80.39,21.85666666666666,20.261666666666667,29.736666666666668,35.81916666666667,2.6909168202183116,2.564538295028283,13.468612895667281,11.613857134312926,23.204330055260556,27.73763117516623,3.25,0.1513740102468561,1183.716,53.1256,8.64,80.7,51.46,6.18,49.94,0.82,29.33
2023-01-01 11:00:00,13.2,90.94,60.72,5.35,59.09,25.98,0.87,30.48,2023,Bhatagaon,Hourly,0,0,11,1,1,6,0.258819045102521,-0.9659258262890682,0.49999999999999994,0.8660254037844387,26.2,24.72,21.47,17.23,52.09,44.49,80.39,24.129999999999995,21.421666666666667,27.798333333333332,34.86416666666667,2.419566076799815,3.436005917728686,11.961496435216565,11.413200182499056,24.06023575375754,27.50107253283296,1.4800000000000004,0.059870550161812315,1200.408,52.8264,13.1,90.36,60.37,5.55,60.47,0.88,30.37
2023-01-01 12:00:00,12.99,87.72,58.83,6.04,60.2,27.97,0.84,29.91,2023,Bhatagaon,Hourly,0,0,12,1,1,6,1.2246467991473532e-16,-1.0,0.49999999999999994,0.8660254037844387,25.98,26.2,24.72,19.53,52.09,42.27,72.84,25.633333333333326,22.88,25.622500000000002,34.09291666666667,0.7985820767671608,3.1457463343378245,9.196153469596146,11.359734564859222,24.60873982411253,27.267061373935583,-0.21999999999999886,-0.008396946564885453,1139.4828,49.417199999999994,13.2,90.94,60.72,5.35,59.09,0.87,30.48
2023-01-01 13:00:00,8.83,83.37,53.09,5.41,57.71,29.66,0.8,31.89,2023,Bhatagaon,Hourly,0,0,13,1,1,6,-0.2588190451025208,-0.9659258262890683,0.49999999999999994,0.8660254037844387,27.97,25.98,26.2,19.38,29.84,40.69,69.27,26.716666666666658,24.286666666666665,23.612499999999997,33.497083333333336,1.090978154379696,3.2339428978673244,4.120487890353156,11.286981912291928,25.569099874366092,27.375205777945492,1.9899999999999984,0.07659738260200148,736.1571,42.47200000000001,12.99,87.72,58.83,6.04,60.2,0.84,29.91
2023-01-01 14:00:00,3.51,81.14,47.26,5.74,50.17,28.84,0.72,32.27,2023,Bhatagaon,Hourly,0,0,14,1,1,6,-0.4999999999999997,-0.8660254037844388,0.49999999999999994,0.8660254037844387,29.66,27.97,25.98,21.47,27.63,40.25,66.51,27.869999999999994,26.0,23.5975,33.0375,1.8420369160254024,2.809846970922049,4.096011641052539,11.20563338527621,26.737928481690066,27.726712581338493,1.6900000000000013,0.060421880586342555,284.8014,34.0272,8.83,83.37,53.09,5.41,57.71,0.8,31.89
2023-01-01 15:00:00,4.12,81.04,48.03,9.13,42.91,25.4,0.74,31.63,2023,Bhatagaon,Hourly,0,0,15,1,1,6,-0.7071067811865471,-0.7071067811865479,0.49999999999999994,0.8660254037844387,28.84,29.66,27.97,24.72,24.16,40.25,55.36,28.823333333333327,27.228333333333335,23.698333333333334,32.562083333333334,0.8451232651712406,1.8956836937280583,4.2174008224226505,11.12810268572578,27.338520344064335,27.897987568824878,-0.8200000000000003,-0.027646662171274452,333.88480000000004,35.5422,3.51,81.14,47.26,5.74,50.17,0.72,32.27
2023-01-01 16:00:00,7.36,84.57,52.57,9.14,45.88,25.87,0.8,34.76,2023,Bhatagaon,Hourly,0,0,16,1,1,6,-0.8660254037844385,-0.5000000000000004,0.49999999999999994,0.8660254037844387,25.4,28.84,29.66,26.2,19.24,37.75,56.01,27.966666666666658,27.34166666666667,23.801666666666666,31.94333333333333,2.260294966001941,1.7287037532979597,4.2448425034139285,11.094848654518277,26.784657388617383,27.513681789005666,-3.4400000000000013,-0.11927877947295427,622.4352,42.056000000000004,4.12,81.04,48.03,9.13,42.91,0.74,31.63
2023-01-01 17:00:00,7.39,92.79,55.95,6.75,53.5,29.0,0.92,35.83,2023,Bhatagaon,Hourly,0,0,17,1,1,6,-0.9659258262890683,-0.25881904510252063,0.49999999999999994,0.8660254037844387,25.87,25.4,28.84,25.98,17.23,35.99,56.01,26.70333333333333,27.286666666666665,24.354166666666668,31.448333333333334,1.8652703110631812,1.7768699070743623,4.022795180046781,11.089532340736069,26.523326706155274,27.260807667620178,0.4700000000000024,0.018503937007874113,685.7181,51.474000000000004,7.36,84.57,52.57,9.14,45.88,0.8,34.76
2023-01-01 18:00:00,6.37,95.68,57.67,6.86,60.62,29.35,1.09,34.57,2023,Bhatagaon,Hourly,0,0,18,1,1,6,-1.0,-1.8369701987210297e-16,0.49999999999999994,0.8660254037844387,29.0,25.87,25.4,27.97,19.53,35.99,54.02,26.75666666666666,27.790000000000003,25.335000000000004,31.157083333333333,1.956944897878766,1.760363598805592,3.532926934890431,11.056808832478309,27.230947647253767,27.528375718755534,3.129999999999999,0.12098956320061843,609.4816000000001,62.86030000000001,7.39,92.79,55.95,6.75,53.5,0.92,35.83
2023-01-01 19:00:00,13.29,105.75,69.02,8.75,65.52,31.86,1.43,33.34,2023,Bhatagaon,Hourly,0,0,19,1,1,6,-0.9659258262890684,0.2588190451025203,0.49999999999999994,0.8660254037844387,29.35,29.0,25.87,29.66,19.38,41.7,53.65,28.073333333333327,28.02,26.153333333333332,30.880416666666665,1.9161506551765968,1.875003999995672,3.186383910366735,11.013609951631025,27.836391176609833,27.80862560817776,0.3500000000000014,0.012068965517241428,1405.4175,98.69859999999998,6.37,95.68,57.67,6.86,60.62,1.09,34.57
2023-01-01 20:00:00,15.09,105.44,70.29,5.83,87.61,37.47,1.72,36.43,2023,Bhatagaon,Hourly,0,0,20,1,1,6,-0.8660254037844386,0.5000000000000001,0.49999999999999994,0.8660254037844387,31.86,29.35,29.0,28.84,21.47,44.86,64.23,30.069999999999993,28.386666666666667,27.19333333333333,30.47041666666667,1.5600320509529038,2.401146948161738,2.7862041083407583,10.773866723078857,28.98599369757845,28.431913976150412,2.509999999999998,0.08551959114139686,1591.0896,120.89880000000001,13.29,105.75,69.02,8.75,65.52,1.43,33.34
2023-01-01 21:00:00,20.78,115.87,80.61,5.78,99.85,44.53,2.2,36.84,2023,Bhatagaon,Hourly,0,0,21,1,1,6,-0.7071067811865477,0.7071067811865474,0.49999999999999994,0.8660254037844387,37.47,31.86,29.35,25.4,24.72,49.46,70.86,32.893333333333324,29.825,28.52666666666667,30.162500000000005,4.157455151091061,4.443335458864176,3.5279696281248354,10.445326081866522,31.40999549827032,29.82238874905035,5.609999999999999,0.17608286252354047,2407.7786,177.342,15.09,105.44,70.29,5.83,87.61,1.72,36.43
2023-01-01 22:00:00,22.31,118.35,81.85,5.99,98.76,44.39,2.22,36.07,2023,Bhatagaon,Hourly,0,0,22,1,1,6,-0.5000000000000004,0.8660254037844384,0.49999999999999994,0.8660254037844387,44.53,37.47,31.86,25.87,26.2,49.46,86.18,37.953333333333326,33.01333333333333,30.1775,29.957083333333333,6.3488135374519805,6.84660110322387,5.607018531999285,10.091817813226792,35.15856821305023,32.085098172273376,7.060000000000002,0.18841740058713644,2640.3884999999996,181.707,20.78,115.87,80.61,5.78,99.85,2.2,36.84
2023-01-01 23:00:00,23.18,114.91,82.0,5.79,91.6,43.77,2.21,36.21,2023,Bhatagaon,Hourly,0,0,23,1,1,6,-0.25881904510252157,0.9659258262890681,0.49999999999999994,0.8660254037844387,44.39,44.53,37.47,29.0,25.98,52.09,92.47,42.129999999999995,36.1,31.69333333333333,29.745833333333334,4.036285421027618,7.150048950881358,6.771778782475804,9.71172393986038,37.79612015217873,33.978159991923626,-0.14000000000000057,-0.0031439479002919506,2663.6138,181.22,22.31,118.35,81.85,5.99,98.76,2.22,36.07
2023-01-02 01:00:00,11.08,85.63,56.55,8.31,79.02,46.65,1.3,30.33,2023,Bhatagaon,Hourly,0,0,1,2,1,0,0.25881904510252074,0.9659258262890683,0.49999999999999994,0.8660254037844387,43.77,44.39,44.53,29.35,27.97,52.09,99.44,44.23,38.56166666666667,33.17583333333334,29.399166666666662,0.4044749683231615,6.747978709707539,7.331481877161882,9.002018090969612,39.50294296584195,35.48459691624307,-0.6199999999999974,-0.01396710970939395,948.7804,73.515,23.18,114.91,82.0,5.79,91.6,2.21,36.21
2023-01-02 02:00:00,2.94,77.5,45.54,5.93,49.8,34.88,0.91,29.21,2023,Bhatagaon,Hourly,0,0,2,2,1,0,0.49999999999999994,0.8660254037844387,0.49999999999999994,0.8660254037844387,46.65,43.77,44.39,31.86,29.66,29.84,103.21,44.93666666666667,41.445,34.7325,29.1725,1.5158276067328158,5.627801524574184,8.071447008943524,8.457874771606232,41.54495926131568,37.20235123682106,2.8799999999999955,0.06579849211788885,227.85,41.4414,11.08,85.63,56.55,8.31,79.02,1.3,30.33
2023-01-02 03:00:00,1.59,70.25,40.12,5.52,49.8,22.18,0.71,27.93,2023,Bhatagaon,Hourly,0,0,3,2,1,0,0.7071067811865476,0.7071067811865476,0.49999999999999994,0.8660254037844387,34.88,46.65,43.77,37.47,28.84,27.63,66.47,41.76666666666666,41.94833333333334,35.1675,29.382499999999997,6.135408163548157,4.649036100813388,7.912312758089112,8.537364041822743,39.64068518665406,36.84506643115628,-11.769999999999996,-0.25230439442658087,111.6975,28.485199999999995,2.94,77.5,45.54,5.93,49.8,0.91,29.21
2023-01-02 04:00:00,2.08,67.21,38.99,5.96,31.75,20.32,0.58,26.88,2023,Bhatagaon,Hourly,0,0,4,2,1,0,0.8660254037844386,0.5000000000000001,0.49999999999999994,0.8660254037844387,22.18,34.88,46.65,44.53,25.4,24.16,63.78,34.56999999999999,39.400000000000006,34.612500000000004,29.155416666666667,12.237945088943658,9.37907458121533,8.600175606029625,8.6576394911067,34.65191799046718,34.58890236482455,-12.700000000000003,-0.364105504587156,139.7968,22.6142,1.59,70.25,40.12,5.52,49.8,0.71,27.93
2023-01-02 05:00:00,2.19,66.41,38.74,6.45,31.75,16.17,0.51,28.57,2023,Bhatagaon,Hourly,0,0,5,2,1,0,0.9659258262890683,0.25881904510252074,0.49999999999999994,0.8660254037844387,20.32,22.18,34.88,44.39,25.87,19.24,73.84,25.793333333333333,35.365,34.189166666666665,28.995416666666667,7.924047787168735,11.660852027189076,9.199051787433332,8.788467234994904,30.55708427890513,32.39368661639,-1.8599999999999994,-0.08385933273219114,145.43789999999998,19.7574,2.08,67.21,38.99,5.96,31.75,0.58,26.88
2023-01-02 06:00:00,3.21,70.64,41.98,6.52,29.91,16.17,0.46,28.49,2023,Bhatagaon,Hourly,0,0,6,2,1,0,1.0,6.123233995736766e-17,0.49999999999999994,0.8660254037844387,16.17,20.32,22.18,43.77,29.0,17.23,73.84,19.55666666666666,30.661666666666665,33.380833333333335,28.867500000000003,3.076854454363059,12.916243132841156,10.350621815605987,8.957350758382463,26.44648877064652,29.897734829253075,-4.149999999999999,-0.20423228346456684,226.7544,19.3108,2.19,66.41,38.74,6.45,31.75,0.51,28.57
2023-01-02 07:00:00,6.34,73.69,46.17,8.09,42.92,13.65,0.44,27.48,2023,Bhatagaon,Hourly,0,0,7,2,1,0,0.9659258262890683,-0.25881904510252063,0.49999999999999994,0.8660254037844387,16.17,16.17,20.32,46.65,29.35,19.53,71.59,17.55333333333333,26.061666666666667,32.31166666666667,28.823333333333334,2.3960036171370502,12.209559233103642,11.448671088688474,9.019624337432521,23.510349121890375,27.785775624752603,0.0,0.0,467.1946,20.3148,3.21,70.64,41.98,6.52,29.91,0.46,28.49
2023-01-02 08:00:00,8.86,77.72,50.41,6.44,42.92,18.23,0.55,26.47,2023,Bhatagaon,Hourly,0,0,8,2,1,0,0.8660254037844387,-0.4999999999999998,0.49999999999999994,0.8660254037844387,13.65,16.17,16.17,34.88,31.86,19.38,66.09,15.329999999999997,20.561666666666667,31.003333333333334,28.578333333333333,1.454922678358039,7.668594177987678,12.6517633218266,9.356599004314306,20.693106515635982,25.611040913252204,-2.5200000000000014,-0.15584415584415592,688.5992,27.7255,6.34,73.69,46.17,8.09,42.92,0.44,27.48
2023-01-02 09:00:00,9.16,82.32,53.19,5.79,48.27,18.23,0.59,28.85,2023,Bhatagaon,Hourly,0,0,9,2,1,0,0.7071067811865476,-0.7071067811865475,0.49999999999999994,0.8660254037844387,18.23,13.65,16.17,22.18,37.47,21.47,59.78,16.016666666666662,17.78666666666667,29.867500000000003,28.530416666666667,2.2938468417341755,3.106603718961679,13.169113399438647,9.408553684150156,19.989361796882847,24.47549615736725,4.58,0.3355311355311355,754.0512,31.382099999999998,8.86,77.72,50.41,6.44,42.92,0.55,26.47
2023-01-02 10:00:00,9.92,86.04,55.19,6.05,48.27,16.57,0.66,28.98,2023,Bhatagaon,Hourly,0,0,10,2,1,0,0.49999999999999994,-0.8660254037844387,0.49999999999999994,0.8660254037844387,18.23,18.23,13.65,20.32,44.53,24.72,49.12,16.70333333333333,17.128333333333334,28.264166666666668,28.395416666666666,2.6442642328885815,2.3043299821567538,13.329619416467997,9.536638720204797,19.48668699777346,23.514650594695365,0.0,0.0,853.5168000000001,36.4254,9.16,82.32,53.19,5.79,48.27,0.59,28.85
2023-01-02 11:00:00,10.55,87.08,56.5,7.27,41.19,16.73,0.68,28.1,2023,Bhatagaon,Hourly,0,0,11,2,1,0,0.258819045102521,-0.9659258262890682,0.49999999999999994,0.8660254037844387,16.57,18.23,18.23,16.17,44.39,26.2,49.12,17.676666666666662,16.503333333333334,25.93416666666667,28.055833333333336,0.9584014468550315,1.6929815907642223,12.654484263283862,9.81426686298932,18.65334785555247,22.44624281089608,-1.6600000000000001,-0.09105869445968184,918.6940000000001,38.42,9.92,86.04,55.19,6.05,48.27,0.66,28.98
2023-01-02 12:00:00,11.32,88.54,57.77,9.29,39.65,17.75,0.69,30.5,2023,Bhatagaon,Hourly,0,0,12,2,1,0,1.2246467991473532e-16,-1.0,0.49999999999999994,0.8660254037844387,16.73,16.57,18.23,16.17,43.77,25.98,44.49,17.176666666666662,16.596666666666668,23.629166666666666,27.661250000000006,0.9157146571579088,1.6863530670255724,11.448851834718424,10.078927355152135,18.103819896823193,21.566820839988992,0.16000000000000014,0.009656004828002423,1002.2728000000001,39.8613,10.55,87.08,56.5,7.27,41.19,0.68,28.1
2023-01-02 13:00:00,7.3,88.51,54.65,6.47,38.08,17.75,0.66,30.91,2023,Bhatagaon,Hourly,0,0,13,2,1,0,-0.2588190451025208,-0.9659258262890683,0.49999999999999994,0.8660254037844387,17.75,16.73,16.57,13.65,46.65,27.97,42.27,17.016666666666662,16.86,21.460833333333337,27.31833333333334,0.6401041581913283,1.729219477105172,9.602697024873654,10.276680933769033,18.00272849773085,20.97961763383684,1.0199999999999996,0.0609683203825463,646.123,36.069,11.32,88.54,57.77,9.29,39.65,0.69,30.5
2023-01-02 14:00:00,5.83,88.29,52.66,9.52,39.27,17.29,0.69,31.08,2023,Bhatagaon,Hourly,0,0,14,2,1,0,-0.4999999999999997,-0.8660254037844388,0.49999999999999994,0.8660254037844387,17.75,17.75,16.73,18.23,34.88,29.66,40.69,17.409999999999997,17.543333333333333,19.0525,26.892500000000002,0.5888972745738329,0.7262690043410505,5.427246288195293,10.458635396065077,17.930520355522034,20.482753382477323,0.0,0.0,514.7307000000001,36.33539999999999,7.3,88.51,54.65,6.47,38.08,0.66,30.91
2023-01-02 15:00:00,8.0,81.5,51.59,13.05,64.59,15.26,0.7,27.82,2023,Bhatagaon,Hourly,0,0,15,2,1,0,-0.7071067811865471,-0.7071067811865479,0.49999999999999994,0.8660254037844387,17.29,17.75,17.75,18.23,22.18,28.84,40.25,17.59666666666666,17.386666666666667,17.58666666666667,26.377083333333335,0.2655811238281413,0.6454042660740192,2.1493691815949787,10.619881878965868,17.747514539658596,19.99156055440389,-0.46000000000000085,-0.025915492957746526,652.0,36.113,5.83,88.29,52.66,9.52,39.27,0.69,31.08
2023-01-02 16:00:00,5.83,85.75,52.34,6.79,64.59,16.29,0.7,28.84,2023,Bhatagaon,Hourly,0,0,16,2,1,0,-0.8660254037844385,-0.5000000000000004,0.49999999999999994,0.8660254037844387,15.26,17.29,17.75,16.57,20.32,25.4,40.25,16.766666666666662,16.891666666666666,17.01,25.81125,1.3249276709820184,0.9406469404970978,1.6825791890057207,10.842394774980338,17.03679609975614,19.263628161418676,-2.0299999999999994,-0.11740890688259106,499.9225,36.638,8.0,81.5,51.59,13.05,64.59,0.7,27.82
2023-01-02 17:00:00,10.92,86.39,55.57,8.83,52.77,19.16,0.83,29.29,2023,Bhatagaon,Hourly,0,0,17,2,1,0,-0.9659258262890683,-0.25881904510252063,0.49999999999999994,0.8660254037844387,16.29,15.26,17.29,16.73,16.17,25.87,37.75,16.279999999999994,16.845,16.674166666666668,25.43166666666667,1.0150369451406736,0.966390190347504,1.3263309496054252,11.015503172571226,16.8234257855401,18.806146905815805,1.0299999999999994,0.06749672346002616,943.3788,46.1231,5.83,85.75,52.34,6.79,64.59,0.7,28.84
2023-01-02 18:00:00,16.52,99.34,68.48,10.92,52.67,20.65,0.95,30.17,2023,Bhatagaon,Hourly,0,0,18,2,1,0,-1.0,-1.8369701987210297e-16,0.49999999999999994,0.8660254037844387,19.16,16.29,15.26,17.75,16.17,29.0,35.99,16.903333333333325,17.25,16.923333333333332,25.152083333333334,2.0210475831444032,1.3439791665051513,1.4933448322076237,11.088803196945058,17.491018418242927,18.860585843382605,2.870000000000001,0.17618170656844698,1641.0968,65.056,10.92,86.39,55.57,8.83,52.77,0.83,29.29
2023-01-02 19:00:00,28.52,108.98,83.43,6.6,85.63,27.36,1.1,34.8,2023,Bhatagaon,Hourly,0,0,19,2,1,0,-0.9659258262890684,0.2588190451025203,0.49999999999999994,0.8660254037844387,20.65,19.16,16.29,17.75,13.65,29.35,35.99,18.699999999999992,17.73333333333333,17.296666666666667,24.80416666666667,2.2161001782411516,1.946264798702001,1.8135566930179734,11.093815322322447,18.393584584459234,19.13588032901605,1.4899999999999984,0.07776617954070973,3108.1096000000002,91.77300000000001,16.52,99.34,68.48,10.92,52.67,0.95,30.17
2023-01-02 20:00:00,81.18,130.03,137.27,5.36,114.94,37.42,1.86,39.55,2023,Bhatagaon,Hourly,0,0,20,2,1,0,-0.8660254037844386,0.5000000000000001,0.49999999999999994,0.8660254037844387,27.36,20.65,19.16,17.29,18.23,31.86,41.7,22.389999999999997,19.334999999999997,18.43916666666667,24.72125,4.3681460598290895,4.3868017962976005,3.1404645236405364,11.065763225411466,20.955417560328023,20.401129509167426,6.710000000000001,0.32493946731234874,10555.835400000002,255.32220000000004,28.52,108.98,83.43,6.6,85.63,1.1,34.8
2023-01-02 21:00:00,118.5,147.66,176.93,7.15,137.94,47.3,2.39,40.03,2023,Bhatagaon,Hourly,0,0,21,2,1,0,-0.7071067811865477,0.7071067811865474,0.49999999999999994,0.8660254037844387,37.42,27.36,20.65,15.26,18.23,37.47,44.86,28.476666666666663,22.689999999999998,20.038333333333334,24.952916666666667,8.440582523341247,8.385334817405912,6.310366411106929,11.277881576888367,25.659583971662876,23.01941727698782,10.060000000000002,0.36769005847953223,17497.71,422.8627,81.18,130.03,137.27,5.36,114.94,1.86,39.55
2023-01-02 22:00:00,151.1,154.41,206.08,7.14,192.56,63.81,2.85,43.57,2023,Bhatagaon,Hourly,0,0,22,2,1,0,-0.5000000000000004,0.8660254037844384,0.49999999999999994,0.8660254037844387,47.3,37.42,27.36,16.29,16.57,44.53,49.46,37.35999999999999,28.03,22.46083333333333,25.362499999999997,9.970135405299175,12.090680708711142,10.034188338179764,11.912858690251987,31.842559979759194,26.754891542066616,9.879999999999995,0.2640299305184392,23331.351,587.3280000000001,118.5,147.66,176.93,7.15,137.94,2.39,40.03
2023-01-02 23:00:00,150.86,151.47,204.54,8.42,192.56,64.31,3.0,46.2,2023,Bhatagaon,Hourly,0,0,23,2,1,0,-0.25881904510252157,0.9659258262890681,0.49999999999999994,0.8660254037844387,63.81,47.3,37.42,19.16,16.73,44.39,49.46,49.50999999999999,35.949999999999996,26.397499999999997,26.165833333333335,13.333082914315046,17.302862190978683,15.364119431620313,13.767323606110287,40.97611427125656,32.45567745867176,16.510000000000005,0.349048625792812,22850.7642,613.62,151.1,154.41,206.08,7.14,192.56,2.85,43.57
2023-01-03 01:00:00,113.61,128.97,161.25,3.83,174.34,66.95,3.29,37.31,2023,Bhatagaon,Hourly,0,0,1,3,1,1,0.25881904510252074,0.9659258262890683,0.49999999999999994,0.8660254037844387,64.31,63.81,47.3,20.65,17.75,43.77,52.09,58.47333333333333,43.475,30.362499999999997,26.995833333333334,9.679619482879108,18.327994707550513,18.468302636483113,15.415583847597796,47.64293876518326,37.356342465029954,0.5,0.007835762419683435,14652.2817,530.5125,150.86,151.47,204.54,8.42,192.56,3.0,46.2
2023-01-03 02:00:00,94.16,123.72,142.74,3.65,143.64,60.07,2.65,35.45,2023,Bhatagaon,Hourly,0,0,2,3,1,1,0.49999999999999994,0.8660254037844387,0.49999999999999994,0.8660254037844387,66.95,64.31,63.81,27.36,17.75,46.65,52.09,65.02333333333333,51.19166666666666,34.4625,27.96166666666667,1.6871672511438849,16.446217092896045,20.73580615308176,17.141736421268153,53.1592419751309,41.909212855025345,2.6400000000000006,0.041051158451251755,11649.475199999999,378.261,113.61,128.97,161.25,3.83,174.34,3.29,37.31
2023-01-03 03:00:00,76.78,113.66,121.44,4.4,103.76,56.37,2.4,35.93,2023,Bhatagaon,Hourly,0,0,3,3,1,1,0.7071067811865476,0.7071067811865476,0.49999999999999994,0.8660254037844387,60.07,66.95,64.31,37.42,17.29,34.88,29.84,63.77666666666667,56.64333333333334,37.98916666666667,28.520833333333332,3.470869247513147,11.704210638341483,21.22797916058958,17.976418349233697,55.13374426795064,44.703180108098366,-6.880000000000003,-0.10276325616131445,8726.8148,291.45599999999996,94.16,123.72,142.74,3.65,143.64,2.65,35.45
2023-01-03 04:00:00,68.95,113.09,116.64,3.73,134.2,65.32,2.26,35.99,2023,Bhatagaon,Hourly,0,0,4,3,1,1,0.8660254037844386,0.5000000000000001,0.49999999999999994,0.8660254037844387,56.37,60.07,66.95,47.3,15.26,22.18,27.63,61.129999999999995,59.80166666666668,41.24583333333334,29.41625,5.369059507958474,7.1502515107278475,20.756219422066504,18.82225990509062,55.486960191393315,46.49807547608323,-3.700000000000003,-0.06159480605959718,7797.5555,263.60639999999995,76.78,113.66,121.44,4.4,103.76,2.4,35.93
2023-01-03 05:00:00,63.03,114.87,112.49,4.55,169.76,79.58,2.13,34.99,2023,Bhatagaon,Hourly,0,0,5,3,1,1,0.9659258262890683,0.25881904510252074,0.49999999999999994,0.8660254037844387,65.32,56.37,60.07,63.81,16.29,20.32,24.16,60.586666666666666,62.80500000000001,45.4175,31.21375,4.497314013200836,3.890263487220255,20.078245633702004,20.116566353327432,58.29640013670951,49.393756172070425,8.949999999999996,0.1587723966648926,7240.2561000000005,239.60369999999998,68.95,113.09,116.64,3.73,134.2,2.26,35.99
2023-01-03 06:00:00,81.35,115.07,125.96,4.99,173.73,82.43,2.09,33.96,2023,Bhatagaon,Hourly,0,0,6,3,1,1,1.0,6.123233995736766e-17,0.49999999999999994,0.8660254037844387,79.58,65.32,56.37,64.31,19.16,16.17,19.24,67.08999999999999,65.43333333333334,50.69166666666666,33.68291666666667,11.705797708827832,7.932370809957495,20.04394845575517,22.245518450312357,64.37742866907823,54.037793684059594,14.260000000000005,0.21830985915492968,9360.9445,263.2564,63.03,114.87,112.49,4.55,169.76,2.13,34.99
2023-01-03 07:00:00,102.61,114.79,144.32,5.44,176.56,82.43,2.09,36.8,2023,Bhatagaon,Hourly,0,0,7,3,1,1,0.9659258262890683,-0.25881904510252063,0.49999999999999994,0.8660254037844387,82.43,79.58,65.32,66.95,20.65,16.17,17.23,75.77666666666666,68.45333333333333,55.96416666666667,36.44375,9.167171501250088,10.464367475708494,19.303422427752093,24.01855637925555,69.53530619219873,58.40582542497351,2.8500000000000085,0.03581301834631828,11778.601900000001,301.62879999999996,81.35,115.07,125.96,4.99,173.73,2.09,33.96
2023-01-03 08:00:00,95.8,113.62,136.94,5.03,176.56,80.67,2.12,36.04,2023,Bhatagaon,Hourly,0,0,8,3,1,1,0.8660254037844387,-0.4999999999999998,0.49999999999999994,0.8660254037844387,82.43,82.43,79.58,60.07,27.36,13.65,19.53,81.48,71.03333333333333,61.11249999999999,39.20458333333334,1.6454482671898545,11.83776780760063,17.14677076674417,25.357677506319305,73.2195044229991,62.101852282669896,0.0,0.0,10884.796,290.3128,102.61,114.79,144.32,5.44,176.56,2.09,36.8
2023-01-03 09:00:00,85.69,121.28,131.61,17.79,128.86,136.25,2.31,34.49,2023,Bhatagaon,Hourly,0,0,9,3,1,1,0.7071067811865476,-0.7071067811865475,0.49999999999999994,0.8660254037844387,80.67,82.43,82.43,56.37,37.42,18.23,19.38,81.84333333333335,74.46666666666665,65.555,41.997083333333336,1.0161364737727938,10.978230579955307,14.271918072023285,26.10052664455619,75.34821744499936,64.95849039302837,-1.7600000000000051,-0.02135144971490968,10392.4832,304.01910000000004,95.8,113.62,136.94,5.03,176.56,2.12,36.04
2023-01-03 10:00:00,73.7,126.92,126.93,19.24,233.38,136.25,2.34,35.67,2023,Bhatagaon,Hourly,0,0,10,3,1,1,0.49999999999999994,-0.8660254037844387,0.49999999999999994,0.8660254037844387,136.25,80.67,82.43,65.32,47.3,18.23,21.47,99.78333333333335,87.77999999999999,73.79083333333334,46.91458333333333,31.59331785889747,24.61231236596836,22.629067171684405,31.901231403132872,92.7487267464281,75.92641494794708,55.58,0.6889797942233792,9354.004,297.0162,85.69,121.28,131.61,17.79,128.86,2.31,34.49
2023-01-03 11:00:00,57.36,147.64,117.67,8.17,233.38,105.0,2.29,36.39,2023,Bhatagaon,Hourly,0,0,11,3,1,1,0.258819045102521,-0.9659258262890682,0.49999999999999994,0.8660254037844387,136.25,136.25,80.67,79.58,63.81,16.57,24.72,117.72333333333334,99.60166666666667,81.20333333333333,51.83208333333334,32.08912796155933,28.408477901265066,27.257797661097488,36.106415782910446,105.17766196173434,85.20696649441676,0.0,0.0,8468.6304,269.4643,73.7,126.92,126.93,19.24,233.38,2.34,35.67
2023-01-03 12:00:00,2.9,93.42,52.84,24.03,146.41,79.39,1.16,22.79,2023,Bhatagaon,Hourly,0,0,12,3,1,1,1.2246467991473532e-16,-1.0,0.49999999999999994,0.8660254037844387,105.0,136.25,136.25,82.43,64.31,16.73,26.2,125.83333333333333,103.83833333333332,84.63583333333334,55.51666666666667,18.04219591217567,26.667534131724018,27.461098918067297,36.85581196178315,105.12690140123883,88.25204857219879,-31.25,-0.22935779816513763,270.918,61.2944,57.36,147.64,117.67,8.17,233.38,2.29,36.39
2023-01-03 13:00:00,3.46,70.94,40.05,11.1,70.76,34.88,0.75,18.39,2023,Bhatagaon,Hourly,0,0,13,3,1,1,-0.2588190451025208,-0.9659258262890683,0.49999999999999994,0.8660254037844387,79.39,105.0,136.25,82.43,66.95,17.75,25.98,106.88,103.33166666666666,85.8925,58.127500000000005,28.476581606646477,27.179591179167236,26.78306830307668,36.202333488326396,97.77350100088488,86.8886564841682,-25.61,-0.2439047619047619,245.45239999999998,30.037499999999998,2.9,93.42,52.84,24.03,146.41,1.16,22.79
2023-01-03 14:00:00,2.18,76.79,42.6,14.61,70.76,38.36,0.96,22.54,2023,Bhatagaon,Hourly,0,0,14,3,1,1,-0.4999999999999997,-0.8660254037844388,0.49999999999999994,0.8660254037844387,34.88,79.39,105.0,80.67,60.07,17.75,27.97,73.09,95.40666666666665,83.22,58.84125,35.48198275181362,38.89876124848536,30.224027166838905,35.53435757031188,79.80392928634635,78.88732471737309,-44.51,-0.560649955913843,167.40220000000002,40.896,3.46,70.94,40.05,11.1,70.76,0.75,18.39
2023-01-03 15:00:00,1.55,68.24,37.87,8.83,60.07,38.36,0.86,22.4,2023,Bhatagaon,Hourly,0,0,15,3,1,1,-0.7071067811865471,-0.7071067811865479,0.49999999999999994,0.8660254037844387,38.36,34.88,79.39,136.25,56.37,17.29,29.66,50.876666666666665,88.355,81.41083333333334,59.70000000000001,24.754499254344335,45.39683898687219,32.31328194646147,34.7382604505527,67.96280663310453,72.65235168393107,3.479999999999997,0.09977064220183476,105.77199999999999,32.5682,2.18,76.79,42.6,14.61,70.76,0.96,22.54
2023-01-03 16:00:00,2.04,63.23,34.97,8.21,42.13,20.25,0.65,23.05,2023,Bhatagaon,Hourly,0,0,16,3,1,1,-0.8660254037844385,-0.5000000000000004,0.49999999999999994,0.8660254037844387,38.36,38.36,34.88,136.25,65.32,15.26,28.84,37.199999999999996,72.04,79.91000000000001,60.577916666666674,2.0091789367804798,42.220513023884486,33.95843850141734,33.87538852389632,59.50486188078896,67.3766052710186,0.0,0.0,128.98919999999998,22.7305,1.55,68.24,37.87,8.83,60.07,0.86,22.4
2023-01-03 17:00:00,3.12,65.56,37.64,8.76,42.13,19.9,0.6,23.51,2023,Bhatagaon,Hourly,0,0,17,3,1,1,-0.9659258262890683,-0.25881904510252063,0.49999999999999994,0.8660254037844387,20.25,38.36,38.36,105.0,79.58,16.29,25.4,32.32333333333333,52.70666666666667,76.15416666666667,60.785833333333336,10.455813375024253,32.34029045427184,37.97379849277255,33.5993365509896,48.2891870577064,60.12635830624651,-18.11,-0.4721063607924922,204.5472,22.584,2.04,63.23,34.97,8.21,42.13,0.65,23.05
2023-01-03 18:00:00,45.18,123.3,103.24,7.68,46.39,23.48,1.64,25.63,2023,Bhatagaon,Hourly,0,0,18,3,1,1,-1.0,-1.8369701987210297e-16,0.49999999999999994,0.8660254037844387,19.9,20.25,38.36,79.39,82.43,19.16,25.87,26.169999999999998,38.52333333333333,71.18083333333334,60.93625,10.558300052565434,21.74467720309194,41.25099391823696,33.39896103727725,40.17799075550457,53.9376877975932,-0.3500000000000014,-0.017283950617284022,5570.6939999999995,169.31359999999998,3.12,65.56,37.64,8.76,42.13,0.6,23.51
2023-01-03 19:00:00,46.93,134.55,102.99,23.31,154.7,52.25,2.16,28.34,2023,Bhatagaon,Hourly,0,0,19,3,1,1,-0.9659258262890684,0.2588190451025203,0.49999999999999994,0.8660254037844387,23.48,19.9,20.25,34.88,82.43,20.65,29.0,21.209999999999997,29.205000000000002,66.26833333333333,61.11625,1.9736514383253285,8.937386083190084,43.25119374775752,33.174913100702,35.40713625393184,49.251889674886556,3.580000000000002,0.1798994974874373,6314.431500000001,222.4584,45.18,123.3,103.24,7.68,46.39,1.64,25.63
2023-01-03 20:00:00,78.0,148.32,142.01,22.75,154.7,63.23,2.71,27.55,2023,Bhatagaon,Hourly,0,0,20,3,1,1,-0.8660254037844386,0.5000000000000001,0.49999999999999994,0.8660254037844387,52.25,23.48,19.9,38.36,80.67,27.36,29.35,31.876666666666665,32.1,63.75333333333334,62.432916666666664,17.734391259170305,13.022784648453637,43.103189996551144,32.10899108527846,40.219383038522736,49.713137417211705,28.77,1.225298126064736,11568.96,384.84709999999995,46.93,134.55,102.99,23.31,154.7,2.16,28.34
2023-01-03 21:00:00,94.53,144.8,153.14,12.35,205.3,67.7,3.5,32.58,2023,Bhatagaon,Hourly,0,0,21,3,1,1,-0.7071067811865477,0.7071067811865474,0.49999999999999994,0.8660254037844387,63.23,52.25,23.48,38.36,136.25,37.42,31.86,46.31999999999999,36.245,62.300000000000004,63.9275,20.52776899714145,18.301736256432054,42.7737058143307,31.228208576054506,46.79384502751624,51.792654737640675,10.979999999999997,0.2101435406698564,13687.944000000001,535.99,78.0,148.32,142.01,22.75,154.7,2.71,27.55
2023-01-03 22:00:00,86.32,141.8,146.1,5.88,211.07,70.92,3.0,35.73,2023,Bhatagaon,Hourly,0,0,22,3,1,1,-0.5000000000000004,0.8660254037844384,0.49999999999999994,0.8660254037844387,67.7,63.23,52.25,20.25,136.25,47.3,37.47,61.06,41.135,56.5875,65.18916666666667,7.950301881060912,22.433185016845016,36.048521120844875,30.718217356093938,52.7670321625116,54.239938624157496,4.470000000000006,0.07069429068480161,12240.176,438.29999999999995,94.53,144.8,153.14,12.35,205.3,3.5,32.58
2023-01-03 23:00:00,78.85,137.31,137.97,18.2,211.07,71.92,2.95,35.75,2023,Bhatagaon,Hourly,0,0,23,3,1,1,-0.25881904510252157,0.9659258262890681,0.49999999999999994,0.8660254037844387,70.92,67.7,63.23,19.9,105.0,63.81,44.53,67.28333333333335,49.580000000000005,51.14333333333334,66.17333333333333,3.8618950443187336,22.5357218655183,26.625507023199084,30.497739284236697,57.953594401794,56.80610191274865,3.219999999999999,0.04756277695716394,10826.8935,407.0115,86.32,141.8,146.1,5.88,211.07,3.0,35.73
2023-01-04 01:00:00,7.31,37.71,28.29,2.05,45.74,15.1,0.84,41.02,2023,Bhatagaon,Hourly,0,0,1,4,1,2,0.25881904510252074,0.9659258262890683,0.49999999999999994,0.8660254037844387,71.92,70.92,67.7,23.48,79.39,64.31,44.39,70.18,58.25,48.38666666666666,66.51125,2.2051757299589503,18.47405532090883,21.821658687615557,30.515339451623753,61.94399600128143,59.13131700309501,1.0,0.01410039481105471,275.6601,23.763599999999997,78.85,137.31,137.97,18.2,211.07,2.95,35.75
2023-01-04 02:00:00,6.2,34.4,25.7,1.75,32.53,12.39,0.69,39.47,2023,Bhatagaon,Hourly,0,0,2,4,1,2,0.49999999999999994,0.8660254037844387,0.49999999999999994,0.8660254037844387,15.1,71.92,70.92,52.25,34.88,66.95,43.77,52.64666666666667,56.85333333333333,43.02916666666667,64.46083333333333,32.52021115142604,21.66895998119583,21.40601973886332,32.27237800169143,48.55999714377245,52.35726823338809,-56.82,-0.7900444938820912,213.28,17.732999999999997,7.31,37.71,28.29,2.05,45.74,0.84,41.02
2023-01-04 03:00:00,6.66,33.94,25.81,2.11,31.94,11.87,0.62,39.8,2023,Bhatagaon,Hourly,0,0,3,4,1,2,0.7071067811865476,0.7071067811865476,0.49999999999999994,0.8660254037844387,12.39,15.1,71.92,63.23,38.36,60.07,46.65,33.13666666666666,50.21,41.155,62.18750000000001,33.61467288749567,28.420813499968638,23.101739603918855,33.96660089097753,38.22571224555175,46.208457735943774,-2.709999999999999,-0.17947019867549663,226.04039999999998,16.0022,6.2,34.4,25.7,1.75,32.53,0.69,39.47
2023-01-04 04:00:00,7.39,40.01,29.75,1.97,33.15,15.89,0.65,42.94,2023,Bhatagaon,Hourly,0,0,4,4,1,2,0.8660254037844386,0.5000000000000001,0.49999999999999994,0.8660254037844387,11.87,12.39,15.1,67.7,38.36,56.37,34.88,13.12,41.650000000000006,38.9475,60.17916666666667,1.7343298417559228,31.3033761757418,24.60952628741377,35.48812096617887,30.695508746822675,40.925618084260115,-0.5200000000000014,-0.04196933010492343,295.67389999999995,19.337500000000002,6.66,33.94,25.81,2.11,31.94,0.62,39.8
2023-01-04 05:00:00,7.21,33.65,26.1,2.14,38.51,19.05,0.65,39.94,2023,Bhatagaon,Hourly,0,0,5,4,1,2,0.9659258262890683,0.25881904510252074,0.49999999999999994,0.8660254037844387,15.89,11.87,12.39,70.92,20.25,65.32,22.18,13.383333333333333,33.015,37.075,58.49250000000001,2.186351603319657,29.78960405913444,25.497138342103494,36.62091291930715,26.465363390587626,37.07398453283548,4.020000000000001,0.33866891322662185,242.6165,16.965,7.39,40.01,29.75,1.97,33.15,0.65,42.94
2023-01-04 06:00:00,5.28,34.31,24.67,1.69,38.51,19.05,0.51,42.08,2023,Bhatagaon,Hourly,0,0,6,4,1,2,1.0,6.123233995736766e-17,0.49999999999999994,0.8660254037844387,19.05,15.89,11.87,71.92,19.9,79.58,20.32,15.603333333333333,24.37,36.975,56.56458333333334,3.598573791564962,23.438935982676323,25.571370176963008,37.45431442950274,24.34668813613402,34.30106383547618,3.16,0.19886721208307112,181.15680000000003,12.581700000000001,7.21,33.65,26.1,2.14,38.51,0.65,39.94
2023-01-04 07:00:00,6.53,32.82,24.75,1.94,32.88,12.86,0.45,42.93,2023,Bhatagaon,Hourly,0,0,7,4,1,2,0.9659258262890683,-0.25881904510252063,0.49999999999999994,0.8660254037844387,19.05,19.05,15.89,15.1,23.48,82.43,16.17,17.996666666666666,15.558333333333332,36.90416666666667,54.0425,1.8244268506404944,3.1095235433527946,25.62409109991943,37.87276367339554,22.833348668667156,31.954746322325995,0.0,0.0,214.3146,11.137500000000001,5.28,34.31,24.67,1.69,38.51,0.51,42.08
2023-01-04 08:00:00,7.31,33.29,25.58,1.86,23.95,11.37,0.42,43.71,2023,Bhatagaon,Hourly,0,0,8,4,1,2,0.8660254037844387,-0.4999999999999998,0.49999999999999994,0.8660254037844387,12.86,19.05,19.05,12.39,52.25,82.43,16.17,16.986666666666668,15.185000000000002,36.01916666666667,51.143750000000004,3.5737981662844485,3.303947638810071,26.30425041987541,38.26591476957232,19.983820477619396,29.01709304196815,-6.190000000000001,-0.3249343832020998,243.3499,10.743599999999999,6.53,32.82,24.75,1.94,32.88,0.45,42.93
2023-01-04 09:00:00,6.65,30.83,24.09,2.35,20.92,10.84,0.4,42.87,2023,Bhatagaon,Hourly,0,0,9,4,1,2,0.7071067811865476,-0.7071067811865475,0.49999999999999994,0.8660254037844387,11.37,12.86,19.05,11.87,63.23,80.67,13.65,14.426666666666668,15.015,32.612500000000004,48.18291666666667,4.072644513499591,3.4971173843608168,26.655933033924953,38.488377859473665,17.522728912585283,26.302155650896125,-1.4900000000000002,-0.11586314152410578,205.0195,9.636000000000001,7.31,33.29,25.58,1.86,23.95,0.42,43.71
2023-01-04 10:00:00,5.75,34.58,25.18,2.45,17.42,7.67,0.38,41.51,2023,Bhatagaon,Hourly,0,0,10,4,1,2,0.49999999999999994,-0.8660254037844387,0.49999999999999994,0.8660254037844387,10.84,11.37,12.86,15.89,67.7,136.25,18.23,11.69,14.843333333333334,28.24666666666667,45.27333333333333,1.0473299384650578,3.7016734954159993,25.448362809755967,38.56506468933707,15.613377794703773,23.923362473835184,-0.5299999999999994,-0.046613896218117803,198.83499999999998,9.5684,6.65,30.83,24.09,2.35,20.92,0.4,42.87
2023-01-04 11:00:00,5.64,33.67,24.42,2.8,14.28,8.54,0.4,36.78,2023,Bhatagaon,Hourly,0,0,11,4,1,2,0.258819045102521,-0.9659258262890682,0.49999999999999994,0.8660254037844387,7.67,10.84,11.37,19.05,70.92,136.25,18.23,9.959999999999999,13.473333333333334,23.24416666666666,39.91583333333333,2.000824829915247,4.63921832496222,22.74431895434486,34.04310974359558,13.343841281931265,21.42284517016823,-3.17,-0.2924354243542435,189.8988,9.768,5.75,34.58,25.18,2.45,17.42,0.38,41.51
2023-01-04 12:00:00,4.72,28.94,21.18,2.72,15.99,6.26,0.39,38.32,2023,Bhatagaon,Hourly,0,0,12,4,1,2,1.2246467991473532e-16,-1.0,0.49999999999999994,0.8660254037844387,8.54,7.67,10.84,19.05,71.92,105.0,16.57,9.016666666666666,11.721666666666666,18.045833333333334,34.59458333333333,1.6378746390791927,4.060548813481403,17.344896791188216,27.725408842269832,11.971315201379475,19.44086899014235,0.8699999999999992,0.11342894393741841,136.5968,8.2602,5.64,33.67,24.42,2.8,14.28,0.4,36.78
2023-01-04 13:00:00,4.26,36.0,24.04,3.31,19.45,7.12,0.37,37.16,2023,Bhatagaon,Hourly,0,0,13,4,1,2,-0.2588190451025208,-0.9659258262890683,0.49999999999999994,0.8660254037844387,6.26,8.54,7.67,12.86,15.1,79.39,16.73,7.489999999999999,9.59,12.574166666666665,30.480416666666667,1.150608534648338,2.502063148683204,4.117703372100513,23.883552550396182,10.339510858128197,17.41304299165891,-2.2799999999999994,-0.2669789227166276,153.35999999999999,8.8948,4.72,28.94,21.18,2.72,15.99,0.39,38.32
2023-01-04 14:00:00,4.27,33.99,23.92,3.68,19.45,7.12,0.39,35.9,2023,Bhatagaon,Hourly,0,0,14,4,1,2,-0.4999999999999997,-0.8660254037844388,0.49999999999999994,0.8660254037844387,7.12,6.26,8.54,11.37,12.39,34.88,17.75,7.306666666666666,8.633333333333333,11.909166666666666,27.469166666666666,1.1514049389067882,2.060016181165855,4.312473363993503,21.92446775253356,9.419650612948711,15.829497916019076,0.8600000000000003,0.1373801916932908,145.13729999999998,9.328800000000001,4.26,36.0,24.04,3.31,19.45,0.37,37.16
2023-01-04 15:00:00,3.65,31.06,21.65,3.82,19.97,6.73,0.54,37.54,2023,Bhatagaon,Hourly,0,0,15,4,1,2,-0.7071067811865471,-0.7071067811865479,0.49999999999999994,0.8660254037844387,7.12,7.12,6.26,10.84,11.87,38.36,17.75,6.833333333333333,7.925,11.469999999999999,26.3125,0.4965212315087707,1.612994110342151,4.522290248415182,22.246398487219764,8.76260758067765,14.489575159708448,0.0,0.0,113.36899999999999,11.691,4.27,33.99,23.92,3.68,19.45,0.39,35.9
2023-01-04 16:00:00,4.81,42.44,27.68,4.45,24.52,10.36,0.71,38.83,2023,Bhatagaon,Hourly,0,0,16,4,1,2,-0.8660254037844385,-0.5000000000000004,0.49999999999999994,0.8660254037844387,6.73,7.12,7.12,7.67,15.89,38.36,17.29,6.989999999999999,7.239999999999999,11.041666666666666,24.994583333333335,0.2251666049964761,0.7904682156788143,4.720055533828624,22.43773800487389,8.181862557626895,13.295794365907147,-0.3899999999999997,-0.05477528089887636,204.13639999999998,19.6528,3.65,31.06,21.65,3.82,19.97,0.54,37.54
2023-01-04 17:00:00,3.12,45.62,29.42,5.12,32.39,10.88,0.74,39.31,2023,Bhatagaon,Hourly,0,0,17,4,1,2,-0.9659258262890683,-0.25881904510252063,0.49999999999999994,0.8660254037844387,10.36,6.73,7.12,8.54,19.05,20.25,15.26,8.07,7.688333333333333,10.580833333333333,23.827916666666667,1.9927619024874856,1.5144426917731575,4.466828157415595,22.44051847404729,8.804187541162067,12.844133694229125,3.629999999999999,0.539375928677563,142.3344,21.7708,4.81,42.44,27.68,4.45,24.52,0.71,38.83
2023-01-04 18:00:00,4.48,53.64,34.57,4.37,32.39,10.88,0.72,37.28,2023,Bhatagaon,Hourly,0,0,18,4,1,2,-1.0,-1.8369701987210297e-16,0.49999999999999994,0.8660254037844387,10.88,10.36,6.73,6.26,19.05,19.9,16.29,9.323333333333334,8.078333333333335,9.9,23.4375,2.2608921542919225,2.000823996923552,3.5964426868785297,22.58650698594377,9.397276815115763,12.541959279732337,0.5200000000000014,0.05019305019305033,240.30720000000002,24.8904,3.12,45.62,29.42,5.12,32.39,0.74,39.31
2023-01-04 19:00:00,5.75,59.45,39.16,2.77,40.76,11.34,0.68,42.02,2023,Bhatagaon,Hourly,0,0,19,4,1,2,-0.9659258262890684,0.2588190451025203,0.49999999999999994,0.8660254037844387,10.88,10.88,10.36,7.12,12.86,23.48,19.16,10.706666666666669,8.848333333333334,9.219166666666668,23.061666666666667,0.3002221399874634,2.049491806928039,2.2147007117049347,22.722564664393325,9.820912010796974,12.286273236696594,0.0,0.0,341.83750000000003,26.6288,4.48,53.64,34.57,4.37,32.39,0.72,37.28
2023-01-04 20:00:00,9.65,59.97,41.91,2.57,40.76,12.11,0.73,42.53,2023,Bhatagaon,Hourly,0,0,20,4,1,2,-0.8660254037844386,0.5000000000000001,0.49999999999999994,0.8660254037844387,11.34,10.88,10.88,7.12,11.37,52.25,20.65,11.033333333333333,9.551666666666668,9.092500000000001,22.555833333333336,0.2655811238371876,2.0618090761913854,2.0226810515663973,22.847628916398506,10.254937150569267,12.140692738743272,0.4599999999999991,0.042279411764705795,578.7105,30.594299999999997,5.75,59.45,39.16,2.77,40.76,0.68,42.02
2023-01-04 21:00:00,18.63,55.67,47.4,2.29,57.52,13.43,0.96,39.51,2023,Bhatagaon,Hourly,0,0,21,4,1,2,-0.7071067811865477,0.7071067811865474,0.49999999999999994,0.8660254037844387,12.11,11.34,10.88,6.73,10.84,63.23,27.36,11.443333333333333,10.383333333333333,9.154166666666667,20.883333333333333,0.6214767359592703,1.8834719712980053,2.107913480773428,22.034126824712978,10.784955107549477,12.135970778936615,0.7699999999999996,0.0679012345679012,1037.1321,45.504,9.65,59.97,41.91,2.57,40.76,0.73,42.53
2023-01-04 22:00:00,56.18,69.16,84.96,2.63,60.97,14.2,1.25,45.46,2023,Bhatagaon,Hourly,0,0,22,4,1,2,-0.5000000000000004,0.8660254037844384,0.49999999999999994,0.8660254037844387,13.43,12.11,11.34,10.36,7.67,67.7,37.42,12.293333333333331,11.5,9.37,18.808333333333334,1.0569925890650873,1.1127443551861125,2.4075260784016255,20.135994305389207,11.540682219678198,12.335052197561751,1.3200000000000003,0.10900082576383158,3885.4087999999997,106.19999999999999,18.63,55.67,47.4,2.29,57.52,0.96,39.51
2023-01-04 23:00:00,61.95,57.91,82.9,2.46,80.71,21.61,1.42,50.54,2023,Bhatagaon,Hourly,0,0,23,4,1,2,-0.25881904510252157,0.9659258262890681,0.49999999999999994,0.8660254037844387,14.2,13.43,12.11,10.88,8.54,70.92,47.3,13.246666666666668,12.14,9.914166666666667,16.579166666666666,1.056992589065049,1.394546521274415,2.7076237765157787,17.2414079210907,12.300487299770142,12.621967244090712,0.7699999999999996,0.05733432613551747,3587.5245,117.718,56.18,69.16,84.96,2.63,60.97,1.25,45.46
2023-01-05 01:00:00,10.49,30.03,25.37,2.23,23.39,9.71,0.74,29.84,2023,Bhatagaon,Hourly,0,0,1,5,1,3,0.25881904510252074,0.9659258262890683,0.49999999999999994,0.8660254037844387,21.61,14.2,13.43,10.88,6.26,71.92,63.81,16.413333333333334,13.928333333333333,11.003333333333332,14.524583333333332,4.516883143644316,3.9655588088774176,4.277980265442692,12.867540888394046,14.960348071264388,14.004741514230602,7.41,0.521830985915493,315.0147,18.7738,61.95,57.91,82.9,2.46,80.71,1.42,50.54
2023-01-05 02:00:00,8.67,28.95,23.57,2.26,21.96,7.3,0.71,28.65,2023,Bhatagaon,Hourly,0,0,2,5,1,3,0.49999999999999994,0.8660254037844387,0.49999999999999994,0.8660254037844387,9.71,21.61,14.2,11.34,7.12,15.1,64.31,15.173333333333334,13.733333333333334,11.290833333333333,11.9325,6.009412062201947,4.168983888990851,4.039508202139645,4.042630708273782,13.460248622331706,13.344012050502819,-11.899999999999999,-0.5506709856547894,250.9965,16.7347,10.49,30.03,25.37,2.23,23.39,0.74,29.84
2023-01-05 03:00:00,6.52,27.69,21.16,2.36,20.59,7.74,0.71,28.09,2023,Bhatagaon,Hourly,0,0,3,5,1,3,0.7071067811865476,0.7071067811865476,0.49999999999999994,0.8660254037844387,7.3,9.71,21.61,12.11,7.12,12.39,66.95,12.873333333333333,13.06,11.305833333333332,11.6075,7.661529438260905,4.895745091403207,4.022912690471105,4.090167690832535,11.70017758737979,12.414164042733153,-2.410000000000001,-0.24819773429454178,180.5388,15.0236,8.67,28.95,23.57,2.26,21.96,0.71,28.65
2023-01-05 04:00:00,6.61,27.07,20.85,2.31,18.16,8.55,0.67,28.59,2023,Bhatagaon,Hourly,0,0,4,5,1,3,0.8660254037844386,0.5000000000000001,0.49999999999999994,0.8660254037844387,7.74,7.3,9.71,13.43,6.73,11.87,60.07,8.25,12.331666666666665,11.3575,11.41375,1.283393937965079,5.367656533969479,3.9678712520354313,4.161010341878198,10.56869827669985,11.695061882312668,0.4400000000000004,0.060273972602739784,178.9327,13.969500000000002,6.52,27.69,21.16,2.36,20.59,0.71,28.09
2023-01-05 05:00:00,5.79,26.16,19.72,1.84,16.94,7.57,0.66,27.4,2023,Bhatagaon,Hourly,0,0,5,5,1,3,0.9659258262890683,0.25881904510252074,0.49999999999999994,0.8660254037844387,8.55,7.74,7.3,14.2,10.36,15.89,56.37,7.863333333333333,11.518333333333333,11.509166666666667,11.275416666666667,0.634060985504453,5.535057060831912,3.8064095664918574,4.2001852745539265,9.991927340499894,11.21120620811072,0.8100000000000005,0.10465116279069774,151.4664,13.0152,6.61,27.07,20.85,2.31,18.16,0.67,28.59
2023-01-05 06:00:00,4.09,25.62,18.03,1.68,11.95,7.57,0.61,28.0,2023,Bhatagaon,Hourly,0,0,6,5,1,3,1.0,6.123233995736766e-17,0.49999999999999994,0.8660254037844387,7.57,8.55,7.74,21.61,10.88,19.05,65.32,7.953333333333333,10.413333333333332,11.276666666666666,10.92875,0.5236729259173805,5.5543880551024865,3.9648921419089898,4.14575352410254,9.299948100357067,10.651020637632147,-0.9800000000000004,-0.11461988304093572,104.7858,10.9983,5.79,26.16,19.72,1.84,16.94,0.66,27.4
2023-01-05 07:00:00,3.24,25.92,17.44,2.09,8.41,5.44,0.5,27.82,2023,Bhatagaon,Hourly,0,0,7,5,1,3,0.9659258262890683,-0.25881904510252063,0.49999999999999994,0.8660254037844387,7.57,7.57,8.55,9.71,10.88,19.05,79.58,7.896666666666667,8.073333333333334,11.000833333333333,10.450416666666667,0.5658032638107302,0.907935386833849,4.107566097146365,3.817252004036253,8.805677214540761,10.177017462611817,0.0,0.0,83.98080000000002,8.72,4.09,25.62,18.03,1.68,11.95,0.61,28.0
2023-01-05 08:00:00,7.97,27.0,21.94,2.05,5.86,4.21,0.51,26.21,2023,Bhatagaon,Hourly,0,0,8,5,1,3,0.8660254037844387,-0.4999999999999998,0.49999999999999994,0.8660254037844387,5.44,7.57,7.57,7.3,11.34,12.86,82.43,6.86,7.361666666666667,10.5475,9.883333333333335,1.2297560733761903,1.033313440667987,4.41109371100578,3.480229461034033,7.844055153243401,9.448245545286921,-2.13,-0.2813738441215323,215.19,11.189400000000001,3.24,25.92,17.44,2.09,8.41,0.5,27.82
2023-01-05 09:00:00,9.37,27.97,23.46,0.83,6.11,4.915,0.52,29.42,2023,Bhatagaon,Hourly,1,1,9,5,1,3,0.7071067811865476,-0.7071067811865475,0.49999999999999994,0.8660254037844387,4.21,5.44,7.57,7.74,12.11,11.37,82.43,5.739999999999999,6.846666666666667,9.953333333333333,9.522916666666665,1.6999705879825446,1.6538762549432473,4.760965015497377,3.6042516912145794,6.805753680888143,8.64236161524278,-1.2300000000000004,-0.22610294117647065,262.0789,12.199200000000001,7.97,27.0,21.94,2.05,5.86,0.51,26.21
2023-01-05 10:00:00,8.95,26.99,22.63,1.2,6.36,5.62,0.54,29.79,2023,Bhatagaon,Hourly,0,0,10,5,1,3,0.49999999999999994,-0.8660254037844387,0.49999999999999994,0.8660254037844387,4.915,4.21,5.44,8.55,13.43,10.84,80.67,4.855,6.375833333333333,9.35375,9.253958333333333,0.6171912183479217,1.748125901262575,4.915229174810794,3.6999973499305012,6.265538343491531,8.068921366743892,0.7050000000000001,0.16745843230403804,241.56049999999996,12.2202,9.37,27.97,23.46,0.83,6.11,0.52,29.42
2023-01-05 11:00:00,8.5,27.33,22.54,0.94,182.67,4.05,0.56,28.25,2023,Bhatagaon,Hourly,0,0,11,5,1,3,0.258819045102521,-0.9659258262890682,0.49999999999999994,0.8660254037844387,5.62,4.915,4.21,7.57,14.2,7.67,136.25,4.915,5.8875,8.702916666666667,9.036458333333334,0.7050000000041042,1.392349632814406,4.842954797873359,3.755716361693563,6.081098816779665,7.692164233398677,0.7050000000000001,0.1434384537131231,232.30499999999998,12.6224,8.95,26.99,22.63,1.2,6.36,0.54,29.79
2023-01-05 12:00:00,5.2,28.06,20.3,0.99,183.95642857142852,8.304285714285715,0.54,30.57,2023,Bhatagaon,Hourly,1,12,12,5,1,3,1.2246467991473532e-16,-1.0,0.49999999999999994,0.8660254037844387,4.05,5.62,4.915,7.57,21.61,8.54,136.25,4.861666666666667,5.300833333333333,7.857083333333333,8.885625,0.7863576370450819,1.278571142590456,4.679188186356215,3.8834983423454665,5.500784869128331,7.131831274414266,-1.5700000000000003,-0.27935943060498225,145.912,10.962000000000002,8.5,27.33,22.54,0.94,182.67,0.56,28.25
2023-01-05 13:00:00,4.39,24.19,16.73,1.5,185.24285714285716,12.55857142857143,0.52,30.51,2023,Bhatagaon,Hourly,1,12,13,5,1,3,-0.2588190451025208,-0.9659258262890683,0.49999999999999994,0.8660254037844387,8.304285714285715,4.05,5.62,5.44,9.71,6.26,105.0,5.991428571428572,5.423214285714285,6.748273809523809,8.875803571428571,2.1513265959529906,1.5463160797087212,1.8376514983892664,3.8847083114631435,6.30178511060187,7.312208880548335,4.254285714285715,1.0504409171075841,106.19409999999999,8.6996,5.2,28.06,20.3,0.99,183.95642857142852,0.54,30.57
2023-01-05 14:00:00,2.48,23.7,15.57,1.33,186.5292857142857,16.812857142857144,0.45,28.44,2023,Bhatagaon,Hourly,1,12,14,5,1,3,-0.4999999999999997,-0.8660254037844388,0.49999999999999994,0.8660254037844387,12.55857142857143,8.304285714285715,4.05,4.21,7.3,7.12,79.39,8.304285714285715,6.609642857142856,6.985654761904762,9.138244047619049,4.254285714286363,3.2991765747572535,2.363705356210757,3.912962849292753,8.089438344307458,8.119341580244196,4.2542857142857144,0.5123000172028213,58.775999999999996,7.0065,4.39,24.19,16.73,1.5,185.24285714285716,0.52,30.51
2023-01-06 13:00:00,9.44,39.46,29.54,8.25,89.49,51.58,0.76,24.52,2023,Bhatagaon,Hourly,0,0,13,6,1,4,-0.2588190451025208,-0.9659258262890683,0.49999999999999994,0.8660254037844387,53.06,57.79,66.63,69.48,63.61,8.304285714285715,8.54,59.16,64.43333333333332,62.97833333333333,52.894380952380956,6.887953251873872,7.2362025031549955,5.432686985165417,21.484244389490744,60.89371208763123,57.784268456912024,-4.729999999999997,-0.08184807060044985,372.50239999999997,22.4504,4.25,43.68,26.76,6.48,82.55,0.87,25.27
2023-01-06 14:00:00,2.19,40.08,24.53,3.72,89.49,49.35,0.63,24.04,2023,Bhatagaon,Hourly,0,0,14,6,1,4,-0.4999999999999997,-0.8660254037844388,0.49999999999999994,0.8660254037844387,51.58,53.06,57.79,69.82,63.61,12.55857142857143,6.26,54.14333333333334,61.449999999999996,61.97583333333333,55.77942857142857,3.243645068951491,8.344468826713895,6.339758323947256,17.628339815896474,58.232651491165164,56.829765617387096,-1.480000000000004,-0.027892951375801053,87.7752,15.4539,9.44,39.46,29.54,8.25,89.49,0.76,24.52
2023-01-06 15:00:00,4.13,34.11,20.3,4.33,73.78,42.71,0.54,24.01,2023,Bhatagaon,Hourly,0,0,15,6,1,4,-0.7071067811865471,-0.7071067811865479,0.49999999999999994,0.8660254037844387,49.35,51.58,53.06,69.82,59.8,16.812857142857144,7.12,51.330000000000005,58.03833333333333,60.787499999999994,58.232190476190475,1.8675920325381645,8.422197852500657,7.27332251825419,13.184600190254866,55.69475106511798,55.67903244548139,-2.229999999999997,-0.04323381155486617,140.8743,10.962000000000002,2.19,40.08,24.53,3.72,89.49,0.63,24.04
2023-01-07 02:00:00,11.5,13.93,16.86,2.28,162.6903846153846,60.15961538461538,0.79,21.97,2023,Bhatagaon,Hourly,1,23,2,7,1,5,0.49999999999999994,0.8660254037844387,0.49999999999999994,0.8660254037844387,62.12307692307692,66.05,50.97,29.47,51.58,63.61,21.61,59.71435897435898,46.90051282051282,44.08942307692308,53.53387820512821,7.823237284996373,15.25761756912271,11.972746549482213,13.257014238630004,52.224145496512236,48.96393353542196,-3.9269230769230745,-0.05945379374599659,160.195,13.3194,10.52,17.28,17.92,2.45,168.1169230769231,0.84,22.54
2023-01-07 03:00:00,9.2,14.14,15.22,2.48,157.26384615384617,58.19615384615384,0.7,18.24,2023,Bhatagaon,Hourly,1,23,3,7,1,5,0.7071067811865476,0.7071067811865476,0.49999999999999994,0.8660254037844387,60.15961538461538,62.12307692307692,66.05,32.9,49.35,63.61,9.71,62.7775641025641,52.015448717948715,44.804391025641024,53.390112179487176,2.99923704137823,13.258808978472159,12.695100871355748,13.161356353880247,54.491422607398846,50.68634612760556,-1.9634615384615444,-0.03160599306587429,130.088,10.654,11.5,13.93,16.86,2.28,162.6903846153846,0.79,21.97
2023-01-09 02:00:00,7.96,36.76,27.38,4.12,92.69,30.32,0.65,23.11,2023,Bhatagaon,Hourly,0,0,2,9,1,0,0.49999999999999994,0.8660254037844387,0.49999999999999994,0.8660254037844387,30.97,16.16,18.08,18.3,16.32,15.0,66.05,21.736666666666668,19.945,19.666666666666668,16.62625,8.053721706970835,5.487555922266302,4.391891978579974,4.571430955210975,21.644517104071014,19.93732814892754,14.809999999999999,0.9164603960396038,292.6096,17.797,23.74,33.72,32.26,4.24,108.34,0.93,22.41
2023-01-09 03:00:00,16.8,41.47,32.75,4.09,80.46,28.01,0.75,22.71,2023,Bhatagaon,Hourly,0,0,3,9,1,0,0.7071067811865476,0.7071067811865476,0.49999999999999994,0.8660254037844387,30.32,30.97,16.16,18.96,15.47,15.46,62.12307692307692,25.816666666666666,21.948333333333334,20.833333333333332,17.264583333333334,8.369231346625156,6.803247508849475,5.206079197059967,5.339550525918901,24.123226502907865,21.534662279861767,-0.6499999999999986,-0.020988052954472026,696.696,24.5625,7.96,36.76,27.38,4.12,92.69,0.65,23.11
2023-01-09 04:00:00,21.35,25.03,32.23,3.86,77.1,24.68,0.7,21.19,2023,Bhatagaon,Hourly,0,0,4,9,1,0,0.8660254037844386,0.5000000000000001,0.49999999999999994,0.8660254037844387,28.01,30.32,30.97,17.2,17.5,12.26,60.15961538461538,29.76666666666667,23.456666666666667,21.878333333333334,17.7875,1.5556456323125256,7.008339793893171,5.289533117966135,5.753612286887805,25.233733216362765,22.530868082959955,-2.3099999999999987,-0.07618733509234825,534.3905000000001,22.560999999999996,16.8,41.47,32.75,4.09,80.46,0.75,22.71
2023-01-09 05:00:00,16.97,25.91,28.95,4.44,66.54,24.68,0.69,22.61,2023,Bhatagaon,Hourly,0,0,5,9,1,0,0.9659258262890683,0.25881904510252074,0.49999999999999994,0.8660254037844387,24.68,28.01,30.32,18.08,20.59,9.55,58.19615384615384,27.670000000000005,24.703333333333333,22.47666666666667,18.305,2.8353306685463946,6.30253493974183,5.153588923059223,5.793246442870034,25.0755237259734,22.861503762504576,-3.330000000000002,-0.11888611210282048,439.69269999999995,19.975499999999997,21.35,25.03,32.23,3.86,77.1,0.7,21.19
2023-01-10 03:00:00,4.47,9.9,10.28,1.14,38.9,15.07,0.69,11.25,2023,Bhatagaon,Hourly,0,0,3,10,1,1,0.7071067811865476,0.7071067811865476,0.49999999999999994,0.8660254037844387,18.24,18.24,27.2,23.94,24.13,30.32,15.0,21.22666666666667,22.433333333333334,23.92833333333333,23.822916666666668,5.173058411939018,3.5324873200998974,2.929302843940016,3.144357927361707,21.691497265767826,22.765573789690983,0.0,0.0,44.253,7.093199999999999,5.67,9.86,11.28,0.98,48.51,0.81,11.96
2023-01-10 04:00:00,4.5,8.33,9.5,1.25,34.93,13.12,0.68,11.92,2023,Bhatagaon,Hourly,0,0,4,10,1,1,0.8660254037844386,0.5000000000000001,0.49999999999999994,0.8660254037844387,15.07,18.24,18.24,23.49,26.63,28.01,15.46,17.183333333333334,20.955000000000002,23.173333333333332,23.1875,1.8302003533310223,4.499514418245587,3.884445282342778,3.3107995225112887,19.799640904119876,21.581639360507754,-3.169999999999998,-0.17379385964912272,37.485,6.460000000000001,4.47,9.9,10.28,1.14,38.9,0.69,11.25
2023-01-10 05:00:00,4.49,9.71,9.95,1.33,34.93,12.12,0.64,11.85,2023,Bhatagaon,Hourly,0,0,5,10,1,1,0.9659258262890683,0.25881904510252074,0.49999999999999994,0.8660254037844387,13.12,15.07,18.24,23.49,26.63,24.68,12.26,15.476666666666668,19.226666666666663,22.0475,22.567083333333333,2.5841117106915066,5.258637339336744,4.669913616098064,3.735680462043412,17.89117207437134,20.279848689660405,-1.950000000000001,-0.1293961512939616,43.5979,6.367999999999999,4.5,8.33,9.5,1.25,34.93,0.68,11.92
2023-01-10 06:00:00,5.53,11.73,11.82,1.36,32.33,14.26,0.64,12.48,2023,Bhatagaon,Hourly,0,0,6,10,1,1,1.0,6.123233995736766e-17,0.49999999999999994,0.8660254037844387,12.12,13.12,15.07,27.2,24.71,24.68,9.55,13.436666666666667,17.331666666666667,20.838333333333335,22.043750000000003,1.500277752062254,5.459833025529873,5.221458927668898,4.268571507822195,16.2422657674081,19.02448735278957,-1.0,-0.07621951219512195,64.8669,7.5648,4.49,9.71,9.95,1.33,34.93,0.64,11.85
2023-01-10 07:00:00,6.47,8.54,11.15,1.62,33.1,14.26,0.62,12.83,2023,Bhatagaon,Hourly,0,0,7,10,1,1,0.9659258262890683,-0.25881904510252063,0.49999999999999994,0.8660254037844387,14.26,12.12,13.12,18.24,25.22,24.67,10.78,13.16666666666667,15.174999999999999,19.967499999999998,21.609583333333333,1.0707629678565498,2.5765383754176994,5.385877365852281,4.511767685168164,15.675904119577215,18.29148929851425,2.1400000000000006,0.17656765676567662,55.25379999999999,6.913,5.53,11.73,11.82,1.36,32.33,0.64,12.48
2023-01-10 08:00:00,8.56,12.68,15.16,1.51,38.36,12.31,0.67,12.62,2023,Bhatagaon,Hourly,0,0,8,10,1,1,0.8660254037844387,-0.4999999999999998,0.49999999999999994,0.8660254037844387,14.26,14.26,12.12,18.24,25.22,21.96,13.32,13.546666666666669,14.511666666666665,19.054166666666664,21.175833333333333,1.2355295760656515,2.0974118972359164,5.343314358460789,4.701174614245184,15.271360085412297,17.671260175665903,0.0,0.0,108.5408,10.157200000000001,6.47,8.54,11.15,1.62,33.1,0.62,12.83
2023-01-10 09:00:00,8.36,12.91,15.12,2.25,41.34,13.82,0.78,11.8,2023,Bhatagaon,Hourly,0,0,9,10,1,1,0.7071067811865476,-0.7071067811865475,0.49999999999999994,0.8660254037844387,12.31,14.26,14.26,15.07,23.94,20.65,12.29,13.610000000000001,13.523333333333333,17.97833333333333,20.77375,1.1258330249196078,1.1901036369437719,5.28839524264442,5.032209137580431,14.425257203865925,16.84645091787115,-1.9499999999999993,-0.13674614305750346,107.9276,11.7936,8.56,12.68,15.16,1.51,38.36,0.67,12.62
2023-01-10 10:00:00,6.93,13.9,13.93,2.12,54.94,17.42,1.11,11.89,2023,Bhatagaon,Hourly,0,0,10,10,1,1,0.49999999999999994,-0.8660254037844387,0.49999999999999994,0.8660254037844387,13.82,12.31,14.26,13.12,23.49,19.28,13.23,13.463333333333336,13.315,17.134999999999998,20.489166666666666,1.022757709984612,0.9504893476521091,5.052938838843271,5.228798113347378,14.252326574189947,16.38084308435251,1.5099999999999998,0.12266450040617383,96.327,15.4623,8.36,12.91,15.12,2.25,41.34,0.78,11.8
2023-01-10 11:00:00,5.52,15.66,14.15,2.06,72.74,21.49,1.17,11.82,2023,Bhatagaon,Hourly,0,0,11,10,1,1,0.258819045102521,-0.9659258262890682,0.49999999999999994,0.8660254037844387,17.42,13.82,12.31,12.12,23.49,19.82,15.07,14.516666666666671,14.031666666666666,16.629166666666666,20.411666666666665,2.6252682402628826,1.9104179298433062,4.646395393368393,5.261183258104824,15.157376124421393,16.54071337906751,3.6000000000000014,0.2604920405209842,86.44319999999999,16.5555,6.93,13.9,13.93,2.12,54.94,1.11,11.89
2023-01-10 12:00:00,4.17,15.25,13.05,2.27,72.74,21.49,0.95,9.51,2023,Bhatagaon,Hourly,0,0,12,10,1,1,1.2246467991473532e-16,-1.0,0.49999999999999994,0.8660254037844387,21.49,17.42,13.82,14.26,27.2,19.82,14.59,17.576666666666668,15.593333333333334,16.4625,20.48125,3.8373992929239145,3.334304525184636,4.407660944310471,5.264060519425483,16.966697231729565,17.3021420899802,4.069999999999997,0.23363949483352447,63.5925,12.3975,5.52,15.66,14.15,2.06,72.74,1.17,11.82
2023-01-10 13:00:00,2.62,12.67,10.26,2.06,51.17,17.73,0.82,9.11,2023,Bhatagaon,Hourly,0,0,13,10,1,1,-0.2588190451025208,-0.9659258262890683,0.49999999999999994,0.8660254037844387,21.49,21.49,17.42,14.26,18.24,25.36,15.1,20.133333333333336,16.798333333333332,15.986666666666666,20.550833333333333,2.349815595601695,3.996715735033793,3.316173406293152,5.2659768627331385,18.259069451235405,17.94642792229094,0.0,0.0,33.1954,8.4132,4.17,15.25,13.05,2.27,72.74,0.95,9.51
2023-01-10 14:00:00,3.74,16.9,13.62,2.54,53.2,23.0,0.74,8.43,2023,Bhatagaon,Hourly,0,0,14,10,1,1,-0.4999999999999997,-0.8660254037844388,0.49999999999999994,0.8660254037844387,17.73,21.49,21.49,12.31,18.24,25.36,16.38,20.236666666666668,17.37666666666667,15.944166666666666,20.232916666666668,2.1708370121529046,3.802281771077296,3.287816236662334,5.192825719131688,18.10790675088243,17.913131318861563,-3.759999999999998,-0.17496510004653318,63.205999999999996,10.0788,2.62,12.67,10.26,2.06,51.17,0.82,9.11
2023-01-10 15:00:00,3.62,16.05,12.97,2.37,53.2,23.0,0.66,8.33,2023,Bhatagaon,Hourly,0,0,15,10,1,1,-0.7071067811865471,-0.7071067811865479,0.49999999999999994,0.8660254037844387,23.0,17.73,21.49,13.82,15.07,24.13,16.32,20.74,19.158333333333335,16.340833333333332,20.134583333333335,2.7138717729472077,3.440682587317037,3.832076243152425,5.1132513090279,19.505647679201736,18.69572650057517,5.27,0.29723632261703326,58.101000000000006,8.5602,3.74,16.9,13.62,2.54,53.2,0.74,8.43
2023-01-10 16:00:00,3.93,17.62,13.89,2.34,50.43,20.34,0.7,9.45,2023,Bhatagaon,Hourly,0,0,16,10,1,1,-0.8660254037844385,-0.5000000000000004,0.49999999999999994,0.8660254037844387,23.0,23.0,17.73,17.42,13.12,26.63,15.47,21.243333333333336,20.688333333333333,17.001666666666665,20.087500000000002,3.0426359186292657,2.506259497072606,4.253575679426186,5.079955708468349,20.50403405657267,19.357922423563604,0.0,0.0,69.2466,9.722999999999999,3.62,16.05,12.97,2.37,53.2,0.66,8.33
2023-01-10 17:00:00,3.57,18.89,14.58,2.31,60.95,20.34,0.81,9.3,2023,Bhatagaon,Hourly,0,0,17,10,1,1,-0.9659258262890683,-0.25881904510252063,0.49999999999999994,0.8660254037844387,20.34,23.0,23.0,21.49,12.12,26.63,17.5,22.113333333333333,21.175,17.60333333333333,19.825416666666666,1.535751716044283,1.9710377977096132,4.164297023144433,4.886306490918122,20.457167183266193,19.509011281476894,-2.66,-0.11565217391304349,67.4373,11.809800000000001,3.93,17.62,13.89,2.34,50.43,0.7,9.45
2023-01-10 18:00:00,4.34,18.22,14.2,2.81,60.95,19.95,0.78,8.4,2023,Bhatagaon,Hourly,0,0,18,10,1,1,-1.0,-1.8369701987210297e-16,0.49999999999999994,0.8660254037844387,20.34,20.34,23.0,21.49,14.26,24.71,20.59,21.226666666666667,20.98333333333333,18.288333333333334,19.563333333333336,1.5357517160442837,1.9901021749313854,3.8440836083361516,4.669334434153457,20.423690845190137,19.63685569971122,0.0,0.0,79.0748,11.076,3.57,18.89,14.58,2.31,60.95,0.81,9.3
2023-01-10 19:00:00,4.93,15.88,14.01,2.7,62.03,19.83,0.8,9.14,2023,Bhatagaon,Hourly,0,0,19,10,1,1,-0.9659258262890684,0.2588190451025203,0.49999999999999994,0.8660254037844387,19.95,20.34,20.34,17.73,14.26,25.22,22.37,20.210000000000004,20.726666666666667,18.7625,19.365,0.22516660498313049,2.0108870347850556,3.647943692248838,4.540537221614832,20.28835060370724,19.685031745909495,-0.39000000000000057,-0.01917404129793513,78.2884,11.208,4.34,18.22,14.2,2.81,60.95,0.78,8.4
2023-01-10 20:00:00,15.49,42.36,37.09,3.08,62.03,19.72,1.15,9.67,2023,Bhatagaon,Hourly,0,0,20,10,1,1,-0.8660254037844386,0.5000000000000001,0.49999999999999994,0.8660254037844387,19.83,19.95,20.34,23.0,12.31,25.22,24.08,20.040000000000003,21.076666666666664,19.226666666666667,19.140416666666667,0.26664583251877505,1.5038173647975448,3.3664665407065724,4.368382925529553,20.157393288362314,19.70733455423111,-0.120000000000001,-0.006015037593985012,656.1564,42.6535,4.93,15.88,14.01,2.7,62.03,0.8,9.14
2023-01-10 21:00:00,25.5,50.73,49.74,1.59,58.54,18.19,1.35,11.52,2023,Bhatagaon,Hourly,0,0,21,10,1,1,-0.7071067811865477,0.7071067811865474,0.49999999999999994,0.8660254037844387,19.72,19.83,19.95,23.0,13.82,23.94,18.3,19.833333333333332,20.529999999999998,19.844166666666666,18.91125,0.11503622617665196,1.237384338029202,2.5671259427734583,4.1755908850282015,20.032423777401654,19.709283084349398,-0.10999999999999943,-0.005547150781643946,1293.615,67.149,15.49,42.36,37.09,3.08,62.03,1.15,9.67
2023-01-10 22:00:00,13.81,27.95,25.06,1.2,58.54,18.19,1.03,12.14,2023,Bhatagaon,Hourly,0,0,22,10,1,1,-0.5000000000000004,0.8660254037844384,0.49999999999999994,0.8660254037844387,18.19,19.72,19.83,20.34,17.42,23.49,18.96,19.246666666666666,19.72833333333333,20.208333333333332,18.671666666666667,0.9167515112248085,0.7967789321177078,1.8425714903280175,4.037175795750944,19.506016983858323,19.47554722521872,-1.5299999999999976,-0.0775862068965516,385.9895,25.811799999999998,25.5,50.73,49.74,1.59,58.54,1.35,11.52
2023-01-10 23:00:00,12.73,37.81,32.37,1.26,48.62,19.75,0.97,12.67,2023,Bhatagaon,Hourly,0,0,23,10,1,1,-0.25881904510252157,0.9659258262890681,0.49999999999999994,0.8660254037844387,18.19,18.19,19.72,20.34,21.49,23.49,17.2,18.700000000000003,19.37,20.272499999999997,18.450833333333332,0.8833459118599252,0.9376779831050577,1.7476016032369275,3.9049432625914218,19.130012131327376,19.27777072903122,0.0,0.0,481.32130000000006,31.398899999999998,13.81,27.95,25.06,1.2,58.54,1.03,12.14
2023-01-11 01:00:00,2.48,20.94,14.75,2.13,76.98,45.32,0.84,4.99,2023,Bhatagaon,Hourly,0,0,1,11,1,2,0.25881904510252074,0.9659258262890683,0.49999999999999994,0.8660254037844387,19.75,18.19,18.19,19.95,21.49,27.2,18.08,18.710000000000004,19.271666666666665,20.1275,18.295,0.9006664199356179,0.841627391822911,1.7091631391893378,3.7673032679947127,19.3071515223767,19.350421386103342,1.5599999999999987,0.08576140736668492,51.931200000000004,12.389999999999999,12.73,37.81,32.37,1.26,48.62,0.97,12.67
2023-01-11 02:00:00,2.82,24.05,16.46,2.17,71.36,38.86,0.8,4.98,2023,Bhatagaon,Hourly,0,0,2,11,1,2,0.49999999999999994,0.8660254037844387,0.49999999999999994,0.8660254037844387,45.32,19.75,18.19,19.83,17.73,18.24,16.16,27.753333333333334,23.5,22.113333333333333,19.05,15.233162289338773,10.717503440633921,7.493129378222947,6.473357438125852,26.739393944554784,23.345741172856677,25.57,1.2946835443037974,67.821,13.168000000000001,2.48,20.94,14.75,2.13,76.98,0.84,4.99
2023-01-11 03:00:00,3.94,20.61,15.83,2.07,77.87,39.22,0.78,5.03,2023,Bhatagaon,Hourly,0,0,3,11,1,2,0.7071067811865476,0.7071067811865476,0.49999999999999994,0.8660254037844387,38.86,45.32,19.75,19.72,23.0,18.24,30.97,34.64333333333333,26.671666666666667,23.874166666666667,19.909166666666668,13.296293969874945,12.136130217934653,8.747195351377004,7.6267953932837775,30.20242424611056,25.73255022318642,-6.460000000000001,-0.14254192409532218,81.2034,12.3474,2.82,24.05,16.46,2.17,71.36,0.8,4.98
2023-01-11 04:00:00,5.02,23.86,18.49,1.72,78.99,41.82,0.76,5.05,2023,Bhatagaon,Hourly,0,0,4,11,1,2,0.8660254037844386,0.5000000000000001,0.49999999999999994,0.8660254037844387,39.22,38.86,45.32,18.19,23.0,15.07,30.32,41.13333333333333,29.921666666666667,25.225833333333338,20.783333333333335,3.630224970071794,12.507504014257464,9.79078458954071,8.571049180699594,32.77887446150754,27.807542496542354,0.35999999999999943,0.009264024704065864,119.7772,14.052399999999999,3.94,20.61,15.83,2.07,77.87,0.78,5.03
2023-01-11 05:00:00,10.01,29.59,23.59,1.43,83.99,44.22,0.81,5.21,2023,Bhatagaon,Hourly,0,0,5,11,1,2,0.9659258262890683,0.25881904510252074,0.49999999999999994,0.8660254037844387,41.82,39.22,38.86,18.19,20.34,13.12,28.01,39.96666666666667,33.86,26.79416666666667,21.89791666666667,1.615095456415116,11.773392034583742,10.851686469965129,9.486215160943289,35.3620531867911,29.96330518938199,2.6000000000000014,0.0662927078021418,296.1959,19.1079,5.02,23.86,18.49,1.72,78.99,0.76,5.05
2023-01-11 06:00:00,9.34,22.47,21.18,1.28,101.63,56.54,0.8,5.44,2023,Bhatagaon,Hourly,0,0,6,11,1,2,1.0,6.123233995736766e-17,0.49999999999999994,0.8660254037844387,44.22,41.82,39.22,19.75,20.34,12.12,24.68,41.75333333333333,38.19833333333333,28.784166666666664,23.193749999999998,2.5006665778013537,9.401251866994446,11.71569379339551,10.32231344667001,37.892895133422215,32.15664285255399,2.3999999999999986,0.057388809182209434,209.8698,16.944,10.01,29.59,23.59,1.43,83.99,0.81,5.21
2023-01-11 07:00:00,9.37,22.61,21.1,1.22,103.83,57.5,0.83,5.46,2023,Bhatagaon,Hourly,0,0,7,11,1,2,0.9659258262890683,-0.25881904510252063,0.49999999999999994,0.8660254037844387,56.54,44.22,41.82,45.32,19.95,14.26,24.68,47.526666666666664,44.330000000000005,31.800833333333333,25.044583333333335,7.897476390172536,6.517812516481271,13.816035780822576,12.082657344909395,43.22063938101587,35.90792856754569,12.32,0.27860696517412936,211.85569999999998,17.513,9.34,22.47,21.18,1.28,101.63,0.8,5.44
2023-01-11 08:00:00,9.42,24.43,22.06,1.47,105.49,57.5,0.77,5.46,2023,Bhatagaon,Hourly,0,0,8,11,1,2,0.8660254037844387,-0.4999999999999998,0.49999999999999994,0.8660254037844387,57.5,56.54,44.22,38.86,19.83,14.26,24.67,52.75333333333333,46.36000000000001,34.93,26.84625,7.40565549653321,8.487081948467326,15.082247240321378,13.540481595860108,47.30045670072562,39.2297857110002,0.9600000000000009,0.01697912981959676,230.1306,16.9862,9.37,22.61,21.1,1.22,103.83,0.83,5.46
2023-01-11 09:00:00,8.95,25.34,21.72,0.71,106.15,58.01,0.79,5.45,2023,Bhatagaon,Hourly,0,0,9,11,1,2,0.7071067811865476,-0.7071067811865475,0.49999999999999994,0.8660254037844387,57.5,57.5,56.54,39.22,19.72,12.31,21.96,57.18000000000001,49.46666666666667,38.06916666666667,28.64791666666667,0.5542562584212586,8.603419475224173,15.566159366531052,14.62615494634502,50.21461192908973,42.04058790930786,0.0,0.0,226.79299999999998,17.1588,9.42,24.43,22.06,1.47,105.49,0.77,5.46
2023-01-11 10:00:00,6.77,25.35,20.46,0.88,112.62,58.01,0.79,5.31,2023,Bhatagaon,Hourly,0,0,10,11,1,2,0.49999999999999994,-0.8660254037844387,0.49999999999999994,0.8660254037844387,58.01,57.5,57.5,41.82,18.19,13.82,20.65,57.669999999999995,52.598333333333336,41.26,30.552083333333332,0.294448637285213,7.473211937759197,15.386317416339867,15.362921761052876,52.44186566363551,44.497420538645116,0.509999999999998,0.00886956521739127,171.6195,16.163400000000003,8.95,25.34,21.72,0.71,106.15,0.79,5.45
2023-01-11 11:00:00,3.64,23.79,16.95,0.98,112.62,55.87,0.73,5.06,2023,Bhatagaon,Hourly,0,0,11,11,1,2,0.258819045102521,-0.9659258262890682,0.49999999999999994,0.8660254037844387,58.01,58.01,57.5,44.22,18.19,17.42,19.28,57.839999999999996,55.29666666666666,44.57833333333334,32.39333333333334,0.2944486372852068,5.452928265314568,14.207321949251973,15.90878227970917,54.03276118831107,46.5762789173151,0.0,0.0,86.5956,12.3735,6.77,25.35,20.46,0.88,112.62,0.79,5.31
2023-01-11 12:00:00,2.72,23.98,16.59,0.92,93.05,51.7,0.68,5.21,2023,Bhatagaon,Hourly,0,0,12,11,1,2,1.2246467991473532e-16,-1.0,0.49999999999999994,0.8660254037844387,55.87,58.01,58.01,56.54,19.75,21.49,19.82,57.29666666666666,57.23833333333334,47.71833333333333,33.995416666666664,1.235529576065444,0.8588228377648887,11.805893623204648,16.267342846854294,54.557686563079336,48.006082160805086,-2.1400000000000006,-0.03689019134631961,65.2256,11.2812,3.64,23.79,16.95,0.98,112.62,0.73,5.06
2023-01-11 13:00:00,4.25,28.03,19.26,1.44,74.91,46.55,0.66,5.18,2023,Bhatagaon,Hourly,0,0,13,11,1,2,-0.2588190451025208,-0.9659258262890683,0.49999999999999994,0.8660254037844387,51.7,55.87,58.01,57.5,45.32,21.49,19.82,55.193333333333335,56.431666666666665,50.38083333333333,35.25416666666666,3.208961410383809,2.4482272498006625,7.8724461467407485,16.425653561655814,53.741204687913815,48.57437721298892,-4.169999999999995,-0.07463755145874341,119.1275,12.711600000000002,2.72,23.98,16.59,0.92,93.05,0.68,5.21
2023-01-11 14:00:00,3.68,28.01,19.7,1.96,72.2,42.94,0.6,5.17,2023,Bhatagaon,Hourly,0,0,14,11,1,2,-0.4999999999999997,-0.8660254037844388,0.49999999999999994,0.8660254037844387,46.55,51.7,55.87,57.5,38.86,17.73,25.36,51.373333333333335,54.60666666666666,50.48333333333333,36.29833333333333,4.668579369929625,4.61500451426285,7.808309482192474,16.308739899251854,51.6865747770813,48.26293456483678,-5.150000000000006,-0.09961315280464227,103.0768,11.819999999999999,4.25,28.03,19.26,1.44,74.91,0.66,5.18
2023-01-11 15:00:00,2.55,23.06,15.88,1.45,66.9,42.94,0.57,5.21,2023,Bhatagaon,Hourly,0,0,15,11,1,2,-0.7071067811865471,-0.7071067811865479,0.49999999999999994,0.8660254037844387,42.94,46.55,51.7,58.01,39.22,23.0,25.36,47.06333333333333,52.18,50.82333333333333,37.34875,4.4025030759026755,6.307119786400108,7.330381775166756,15.866662702852388,49.18755341220093,47.44402155486189,-3.6099999999999994,-0.07755102040816325,58.80299999999999,9.0516,3.68,28.01,19.7,1.96,72.2,0.6,5.17
2023-01-11 16:00:00,2.33,25.15,17.04,2.25,57.99,33.39,0.47,5.21,2023,Bhatagaon,Hourly,0,0,16,11,1,2,-0.8660254037844385,-0.5000000000000004,0.49999999999999994,0.8660254037844387,42.94,42.94,46.55,58.01,41.82,23.0,24.13,44.14333333333334,49.66833333333333,51.133333333333326,38.17958333333333,2.084234471774349,6.518231099513605,6.8585438864546315,15.602509965071164,47.40253815157209,46.75109516180621,0.0,0.0,58.5995,8.008799999999999,2.55,23.06,15.88,1.45,66.9,0.57,5.21
2023-01-11 17:00:00,4.69,30.95,22.13,2.48,53.55,30.13,0.53,4.93,2023,Bhatagaon,Hourly,0,0,17,11,1,2,-0.9659258262890683,-0.25881904510252063,0.49999999999999994,0.8660254037844387,33.39,42.94,42.94,55.87,44.22,20.34,26.63,39.75666666666666,45.565,50.43083333333334,38.612500000000004,5.51369507076085,7.833432836247433,8.199786536393749,15.30430977947346,43.39895582255149,44.69554205998987,-9.549999999999997,-0.22240335351653465,145.15550000000002,11.7289,2.33,25.15,17.04,2.25,57.99,0.47,5.21
2023-01-11 18:00:00,6.44,42.14,29.71,1.73,72.0,31.76,0.75,4.47,2023,Bhatagaon,Hourly,0,0,18,11,1,2,-1.0,-1.8369701987210297e-16,0.49999999999999994,0.8660254037844387,30.13,33.39,42.94,51.7,56.54,20.34,26.63,35.486666666666665,41.275,49.25666666666667,39.02041666666667,6.657404399113258,8.104751075757934,9.984564754326211,14.921794238532492,39.60782558753678,42.454689435376046,-3.2600000000000016,-0.0976340221623241,271.3816,22.2825,4.69,30.95,22.13,2.48,53.55,0.53,4.93
2023-01-11 19:00:00,9.29,58.79,39.93,2.28,88.38,32.15,1.31,4.25,2023,Bhatagaon,Hourly,0,0,19,11,1,2,-0.9659258262890684,0.2588190451025203,0.49999999999999994,0.8660254037844387,31.76,30.13,33.39,46.55,57.5,19.95,24.71,31.76,37.95166666666667,47.19166666666667,39.496249999999996,1.6299999999997865,6.986018656335373,10.864966914841753,14.475617224206337,37.365589705383414,40.80935259916435,1.6300000000000026,0.05409890474610032,546.1591,52.3083,6.44,42.14,29.71,1.73,72.0,0.75,4.47
2023-01-11 20:00:00,19.44,73.91,57.67,2.17,102.55,41.54,1.66,3.27,2023,Bhatagaon,Hourly,0,0,20,11,1,2,-0.8660254037844386,0.5000000000000001,0.49999999999999994,0.8660254037844387,32.15,31.76,30.13,42.94,57.5,19.83,25.22,31.346666666666664,35.55166666666667,45.07916666666666,40.004583333333336,1.0715565002988137,5.817048793560687,11.139449519884744,13.964567266810505,35.87542121813101,39.47714450698522,0.389999999999997,0.01227959697732988,1436.8104,95.73219999999999,9.29,58.79,39.93,2.28,88.38,1.31,4.25
2023-01-11 21:00:00,51.35,71.01,81.66,1.82,134.13,46.53,2.37,2.99,2023,Bhatagaon,Hourly,0,0,21,11,1,2,-0.7071067811865477,0.7071067811865474,0.49999999999999994,0.8660254037844387,41.54,32.15,31.76,42.94,58.01,19.72,25.22,35.15,35.318333333333335,43.74916666666667,40.909166666666664,5.537336905047339,5.47971319200794,10.453283484439732,13.287646082199704,37.49387229866501,39.79450689052595,9.39,0.2920684292379472,3646.3635000000004,193.5342,19.44,73.91,57.67,2.17,102.55,1.66,3.27
2023-01-11 22:00:00,29.08,61.36,56.62,1.52,134.13,51.95,1.85,5.16,2023,Bhatagaon,Hourly,0,0,22,11,1,2,-0.5000000000000004,0.8660254037844384,0.49999999999999994,0.8660254037844387,46.53,41.54,32.15,33.39,58.01,18.19,23.94,40.07333333333333,35.916666666666664,42.7925,42.02625,7.301330928901423,6.566581048511157,9.512487606012703,12.534438407669176,40.075623070475004,40.8307365996758,4.990000000000002,0.12012518054886862,1784.3488,104.747,51.35,71.01,81.66,1.82,134.13,2.37,2.99
2023-01-11 23:00:00,31.6,49.98,54.21,1.56,135.09,54.16,1.94,6.39,2023,Bhatagaon,Hourly,0,0,23,11,1,2,-0.25881904510252157,0.9659258262890681,0.49999999999999994,0.8660254037844387,51.95,46.53,41.54,30.13,55.87,18.19,23.49,46.673333333333325,39.01,42.2875,43.43291666666667,5.206479936899058,9.042913247399829,8.762465536179137,11.602856274723223,43.46830219319643,42.54139250741798,5.420000000000002,0.1164839888244144,1579.368,105.1674,29.08,61.36,56.62,1.52,134.13,1.85,5.16
2023-01-12 01:00:00,8.69,44.34,31.06,2.22,67.25,32.75,1.04,4.94,2023,Bhatagaon,Hourly,0,0,1,12,1,3,0.25881904510252074,0.9659258262890683,0.49999999999999994,0.8660254037844387,54.16,51.95,46.53,31.76,51.7,19.75,23.49,50.879999999999995,43.01500000000001,42.145,44.931666666666665,3.9259266422080525,9.625999688344036,8.532382700363035,10.468087598554689,46.52307299514031,44.32887058319983,2.2099999999999937,0.042540904716073025,385.3146,32.3024,31.6,49.98,54.21,1.56,135.09,1.94,6.39
2023-01-12 02:00:00,9.73,48.55,35.24,2.25,64.8,31.36,0.98,4.89,2023,Bhatagaon,Hourly,0,0,2,12,1,3,0.49999999999999994,0.8660254037844387,0.49999999999999994,0.8660254037844387,32.75,54.16,51.95,32.15,46.55,45.32,27.2,46.28666666666667,43.18,40.56583333333334,45.47333333333333,11.775059801688158,9.400331909033824,8.35496527203851,9.389158255862087,42.587909282243075,42.54750587809217,-21.409999999999997,-0.39531019202363366,472.3915,34.5352,8.69,44.34,31.06,2.22,67.25,1.04,4.94
2023-01-12 03:00:00,14.97,55.18,43.1,2.27,57.1,31.36,0.93,4.98,2023,Bhatagaon,Hourly,0,0,3,12,1,3,0.7071067811865476,0.7071067811865476,0.49999999999999994,0.8660254037844387,31.36,32.75,54.16,41.54,42.94,38.86,18.24,39.42333333333333,43.04833333333334,39.3,44.89166666666667,12.781237550931143,9.589355383270876,8.515061522224755,9.82153209808038,39.379935201602194,40.82635112761645,-1.3900000000000006,-0.04244274809160307,826.0446000000001,40.083000000000006,9.73,48.55,35.24,2.25,64.8,0.98,4.89
2023-01-12 04:00:00,8.45,39.96,28.59,2.25,56.85,28.2,0.86,5.19,2023,Bhatagaon,Hourly,0,0,4,12,1,3,0.8660254037844386,0.5000000000000001,0.49999999999999994,0.8660254037844387,31.36,31.36,32.75,46.53,42.94,39.22,18.24,31.823333333333334,41.35166666666667,38.335,44.57916666666666,0.8025168741729944,10.74103052163367,8.718779626863958,10.136071152364565,37.088525144001565,39.369989415675455,0.0,0.0,337.662,24.5874,14.97,55.18,43.1,2.27,57.1,0.93,4.98
2023-01-12 05:00:00,11.01,49.92,37.03,2.29,53.15,25.75,0.8,5.21,2023,Bhatagaon,Hourly,0,0,5,12,1,3,0.9659258262890683,0.25881904510252074,0.49999999999999994,0.8660254037844387,28.2,31.36,31.36,51.95,33.39,41.82,15.07,30.30666666666667,38.29666666666667,37.10666666666666,44.12,1.8244268506389596,11.549906781730577,9.04330423656925,10.627108486442054,34.54894653142969,37.65152950557154,-3.16,-0.10076530612244898,549.6192,29.624000000000002,8.45,39.96,28.59,2.25,56.85,0.86,5.19
2023-01-12 06:00:00,10.27,52.21,37.7,2.3,55.31,28.35,0.79,5.21,2023,Bhatagaon,Hourly,0,0,6,12,1,3,1.0,6.123233995736766e-17,0.49999999999999994,0.8660254037844387,25.75,28.2,31.36,54.16,30.13,44.22,13.12,28.436666666666667,33.93,36.47,43.45041666666666,2.812478148063089,10.233282953187562,9.581663359107987,11.265417832875771,32.03496180816406,35.82052496625284,-2.4499999999999993,-0.08687943262411345,536.1967,29.783000000000005,11.01,49.92,37.03,2.29,53.15,0.8,5.21
2023-01-12 07:00:00,32.12,72.46,66.4,2.24,66.54,33.46,0.83,5.21,2023,Bhatagaon,Hourly,0,0,7,12,1,3,0.9659258262890683,-0.25881904510252063,0.49999999999999994,0.8660254037844387,28.35,25.75,28.2,32.75,31.76,56.54,12.12,27.433333333333334,29.628333333333334,36.321666666666665,42.78916666666667,1.4597374193095056,2.6251812635827054,9.70176069618605,11.676542786684568,30.982115577260046,34.67121343298317,2.6000000000000014,0.10097087378640782,2327.4151999999995,55.112,10.27,52.21,37.7,2.3,55.31,0.79,5.21
2023-01-12 08:00:00,24.02,76.65,62.21,2.28,67.26,35.22,0.87,5.2,2023,Bhatagaon,Hourly,0,0,8,12,1,3,0.8660254037844387,-0.4999999999999998,0.49999999999999994,0.8660254037844387,33.46,28.35,25.75,31.36,32.15,57.5,14.26,29.186666666666667,29.74666666666667,36.46333333333333,41.82749999999999,3.9225034523034386,2.8039519729598963,9.641318594591928,11.442883966826761,31.690082555185747,34.48487290483192,5.109999999999999,0.1802469135802469,1841.133,54.1227,32.12,72.46,66.4,2.24,66.54,0.83,5.21
2023-01-12 09:00:00,15.73,69.93,51.86,2.3,68.87,37.22,0.87,5.27,2023,Bhatagaon,Hourly,0,0,9,12,1,3,0.7071067811865476,-0.7071067811865475,0.49999999999999994,0.8660254037844387,35.22,33.46,28.35,31.36,41.54,57.5,14.26,32.343333333333334,30.389999999999997,36.719166666666666,40.899166666666666,3.568533779205744,3.5827922072036285,9.556819990631464,11.011770744414193,32.69863039656125,34.59796938101162,1.759999999999998,0.05260011954572618,1099.9989,45.1182,24.02,76.65,62.21,2.28,67.26,0.87,5.2
2023-01-12 10:00:00,13.21,53.68,40.87,2.31,68.87,33.22,0.86,5.2,2023,Bhatagaon,Hourly,0,0,10,12,1,3,0.49999999999999994,-0.8660254037844387,0.49999999999999994,0.8660254037844387,37.22,35.22,33.46,28.2,46.53,58.01,12.31,35.300000000000004,31.366666666666664,36.35916666666667,40.05416666666667,1.8812761626085543,4.564356106469536,9.439357122113123,10.446075159210954,33.990450283258035,35.001358707009835,2.0,0.05678591709256105,709.1128,35.148199999999996,15.73,69.93,51.86,2.3,68.87,0.87,5.27
2023-01-12 11:00:00,7.79,53.0,36.14,2.28,65.12,35.22,0.83,5.21,2023,Bhatagaon,Hourly,0,0,11,12,1,3,0.258819045102521,-0.9659258262890682,0.49999999999999994,0.8660254037844387,33.22,37.22,35.22,25.75,51.95,58.01,13.82,35.22,32.203333333333326,35.25,39.02125,1.999999999999793,4.321428776072304,8.902306136358959,9.79897745885409,33.77032163089859,34.72730352131602,-4.0,-0.10746910263299302,412.87,29.996199999999998,13.21,53.68,40.87,2.31,68.87,0.86,5.2
2023-01-12 12:00:00,4.64,42.5,27.83,2.28,64.77,85.75,0.8,5.21,2023,Bhatagaon,Hourly,0,0,12,12,1,3,1.2246467991473532e-16,-1.0,0.49999999999999994,0.8660254037844387,35.22,33.22,37.22,28.35,54.16,55.87,17.42,35.22,33.781666666666666,33.85583333333333,38.071666666666665,1.999999999999793,3.029246881101938,7.195630566004903,8.945960792042058,34.184515450641854,34.80310297957509,2.0,0.060204695966285374,197.2,22.264,7.79,53.0,36.14,2.28,65.12,0.83,5.21
2023-01-12 13:00:00,3.54,43.72,27.47,2.16,54.62,85.75,0.72,5.21,2023,Bhatagaon,Hourly,0,0,13,12,1,3,-0.2588190451025208,-0.9659258262890683,0.49999999999999994,0.8660254037844387,85.75,35.22,33.22,33.46,32.75,51.7,21.49,51.39666666666667,43.34833333333333,36.48833333333333,39.31666666666666,29.76766086432276,20.822870519375233,15.860565066933274,12.78575486767332,48.917511036172755,42.641087136563534,50.53,1.4346961953435549,154.7688,19.778399999999998,4.64,42.5,27.83,2.28,64.77,0.8,5.21
2023-01-12 14:00:00,4.59,48.96,30.63,2.22,48.91,41.85,0.72,5.21,2023,Bhatagaon,Hourly,0,0,14,12,1,3,-0.4999999999999997,-0.8660254037844388,0.49999999999999994,0.8660254037844387,85.75,85.75,35.22,35.22,31.36,46.55,21.49,68.90666666666667,52.06333333333333,40.904999999999994,40.735416666666666,29.173509102151787,26.12422069013096,21.204172188081714,15.762277748436,59.44107931155197,49.27322757709222,0.0,0.0,224.72639999999998,22.0536,3.54,43.72,27.47,2.16,54.62,0.72,5.21
2023-01-12 15:00:00,4.56,50.22,31.73,2.18,45.79,32.01,0.7,5.21,2023,Bhatagaon,Hourly,0,0,15,12,1,3,-0.7071067811865471,-0.7071067811865479,0.49999999999999994,0.8660254037844387,41.85,85.75,85.75,37.22,31.36,42.94,17.73,71.11666666666666,53.16833333333333,41.77916666666667,40.53958333333333,25.345676817424568,25.399459377448697,20.99004545810545,15.716024355986825,54.41505665110855,48.13119256523188,-43.9,-0.5119533527696792,229.00319999999996,22.211,4.59,48.96,30.63,2.22,48.91,0.72,5.21
2023-01-12 16:00:00,6.84,68.47,43.83,2.18,45.21,36.48,0.73,5.21,2023,Bhatagaon,Hourly,0,0,16,12,1,3,-0.8660254037844385,-0.5000000000000004,0.49999999999999994,0.8660254037844387,32.01,41.85,85.75,33.22,28.2,42.94,23.0,53.20333333333334,52.300000000000004,41.833333333333336,40.08416666666667,28.612419214972608,26.132219193937583,20.9615328782525,15.801572270881278,48.013611893648964,45.65100909365774,-9.840000000000003,-0.2351254480286739,468.3348,31.9959,4.56,50.22,31.73,2.18,45.79,0.7,5.21
2023-01-12 17:00:00,6.53,48.15,32.37,2.28,45.07,36.48,0.77,5.21,2023,Bhatagaon,Hourly,0,0,17,12,1,3,-0.9659258262890683,-0.25881904510252063,0.49999999999999994,0.8660254037844387,36.48,32.01,41.85,35.22,25.75,33.39,23.0,36.78,52.843333333333334,42.52333333333333,39.815,4.926854980613962,25.68625754497269,20.605210432550717,15.805830239668445,44.71829420974926,44.2400846177104,4.469999999999999,0.1396438612933458,314.4195,24.924899999999997,6.84,68.47,43.83,2.18,45.21,0.73,5.21
2023-01-12 18:00:00,7.22,49.64,33.73,2.28,47.38,116.34,0.92,5.2,2023,Bhatagaon,Hourly,0,0,18,12,1,3,-1.0,-1.8369701987210297e-16,0.49999999999999994,0.8660254037844387,36.48,36.48,32.01,85.75,28.35,30.13,20.34,34.99,53.053333333333335,43.4175,39.94375,2.580755703277743,25.51795968855399,20.03611381526322,15.763747571564323,42.364495864106615,43.046225445754956,0.0,0.0,358.4008,31.031599999999997,6.53,48.15,32.37,2.28,45.07,0.77,5.21
2023-01-12 19:00:00,7.01,55.7,36.33,2.26,56.45,116.34,1.15,4.84,2023,Bhatagaon,Hourly,0,0,19,12,1,3,-0.9659258262890684,0.2588190451025203,0.49999999999999994,0.8660254037844387,116.34,36.48,36.48,85.75,33.46,31.76,20.34,63.1,58.15166666666667,50.75,43.53583333333333,46.10719249748352,34.74479380665061,28.382739953583187,22.0136378513247,63.500354188647584,54.322190761792655,79.86000000000001,2.1891447368421058,390.457,41.77949999999999,7.22,49.64,33.73,2.28,47.38,0.92,5.2
2023-01-12 20:00:00,15.56,55.62,43.15,2.23,72.5,143.42,1.29,5.3,2023,Bhatagaon,Hourly,0,0,20,12,1,3,-0.8660254037844386,0.5000000000000001,0.49999999999999994,0.8660254037844387,116.34,116.34,36.48,41.85,35.22,32.15,19.95,89.72000000000001,63.25,57.656666666666666,47.06,46.10719249748351,41.24138600968693,33.42842920012663,26.383054673654517,78.597395849034,63.863392183055325,0.0,0.0,865.4472,55.6635,7.01,55.7,36.33,2.26,56.45,1.15,4.84
2023-01-12 21:00:00,19.67,62.95,51.16,2.23,89.76,143.42,1.36,5.53,2023,Bhatagaon,Hourly,0,0,21,12,1,3,-0.7071067811865477,0.7071067811865474,0.49999999999999994,0.8660254037844387,143.42,116.34,116.34,32.01,37.22,41.54,19.83,125.36666666666666,80.17833333333333,66.67333333333333,51.69624999999999,15.634645289655005,50.505678261623885,40.64077740249057,32.67532918732418,97.11813989216714,76.10287030873911,27.079999999999984,0.23276603059996548,1238.2265000000002,69.5776,15.56,55.62,43.15,2.23,72.5,1.29,5.3
2023-01-12 22:00:00,11.32,53.6,39.03,2.18,89.76,53.37,1.3,5.55,2023,Bhatagaon,Hourly,0,0,22,12,1,3,-0.5000000000000004,0.8660254037844384,0.49999999999999994,0.8660254037844387,143.42,143.42,116.34,36.48,33.22,46.53,19.72,134.39333333333332,98.74666666666667,75.52333333333333,55.94125,15.634645289655005,49.72874366668304,44.97583458891783,37.55239265375428,110.34724278011937,86.45935179970232,0.0,0.0,606.7520000000001,50.739000000000004,19.67,62.95,51.16,2.23,89.76,1.36,5.53
2023-01-12 23:00:00,19.58,67.79,53.76,2.2,78.76,38.96,1.24,5.34,2023,Bhatagaon,Hourly,0,0,23,12,1,3,-0.25881904510252157,0.9659258262890681,0.49999999999999994,0.8660254037844387,53.37,143.42,143.42,36.48,35.22,51.95,18.19,113.40333333333331,101.56166666666667,77.2025,56.22624999999999,51.990391740525766,45.82378963667964,43.60822026866037,37.50378575818249,94.06803055722813,81.36868229205581,-90.04999999999998,-0.6278761678984799,1327.3282,66.66239999999999,11.32,53.6,39.03,2.18,89.76,1.3,5.55
2024-01-01 01:00:00,44.21,94.61,87.98,0.17,169.03,88.51,1.76,9.97,2024,Bhatagaon,Hourly,0,0,1,1,1,0,0.25881904510252074,0.9659258262890683,0.49999999999999994,0.8660254037844387,38.96,53.37,143.42,116.34,85.75,54.16,18.19,78.58333333333333,101.97499999999998,77.51416666666667,55.684999999999995,56.61057351178601,45.125200830578045,43.29312195179892,37.661586357408275,78.32287896944867,74.84426963173952,-14.409999999999997,-0.27000187371182305,4182.7081,154.84480000000002,19.58,67.79,53.76,2.2,78.76,1.24,5.34
2024-01-01 02:00:00,39.98,93.13,83.89,0.14,166.98,88.51,1.55,9.85,2024,Bhatagaon,Hourly,0,0,2,1,1,0,0.49999999999999994,0.8660254037844387,0.49999999999999994,0.8660254037844387,88.51,38.96,53.37,116.34,85.75,32.75,19.75,60.28,97.33666666666666,77.74416666666666,57.11625,25.487481240797294,44.78233342141372,43.34814989411226,38.2492276492071,81.23348497817761,76.94668968839498,49.550000000000004,1.271817248459959,3723.3373999999994,130.0295,44.21,94.61,87.98,0.17,169.03,1.76,9.97
2024-01-01 03:00:00,34.87,89.82,78.18,0.11,147.16,87.64,1.43,9.55,2024,Bhatagaon,Hourly,0,0,3,1,1,0,0.7071067811865476,0.7071067811865476,0.49999999999999994,0.8660254037844387,88.51,88.51,38.96,143.42,41.85,31.36,45.32,71.99333333333334,92.69833333333334,77.97416666666666,59.43958333333333,28.60770583834586,43.851990794793664,43.40177844247511,38.3980201572002,83.31248927012686,78.72566050556497,0.0,0.0,3132.0233999999996,111.79740000000001,39.98,93.13,83.89,0.14,166.98,1.55,9.85
2024-01-01 04:00:00,29.11,87.64,72.36,0.13,142.91,84.39,1.25,9.21,2024,Bhatagaon,Hourly,0,0,4,1,1,0,0.8660254037844386,0.5000000000000001,0.49999999999999994,0.8660254037844387,87.64,88.51,88.51,143.42,32.01,31.36,38.86,88.22000000000001,83.40166666666666,81.79,61.78458333333333,0.5022947341898784,36.19203416038768,41.92482883360734,38.32708589055941,84.54892090723348,80.09709735086267,-0.8700000000000045,-0.00982939780815732,2551.2004,90.45,34.87,89.82,78.18,0.11,147.16,1.43,9.55
2024-01-01 05:00:00,24.35,82.87,65.3,0.24,140.61,81.5,1.15,8.59,2024,Bhatagaon,Hourly,0,0,5,1,1,0,0.9659258262890683,0.25881904510252074,0.49999999999999994,0.8660254037844387,84.39,87.64,88.51,53.37,36.48,28.2,39.22,86.84666666666668,73.56333333333335,86.15500000000002,63.994166666666665,2.1715509050741106,21.759302991287854,38.88757326634636,38.02423837006059,84.50351493373819,80.7575439122684,-3.25,-0.037083523505248746,2017.8845000000001,75.09499999999998,29.11,87.64,72.36,0.13,142.91,1.25,9.21
2024-01-01 06:00:00,19.93,83.34,62.36,0.24,130.36,61.16,1.06,8.09,2024,Bhatagaon,Hourly,0,0,6,1,1,0,1.0,6.123233995736766e-17,0.49999999999999994,0.8660254037844387,81.5,84.39,87.64,38.96,36.48,25.75,41.82,84.51,78.25166666666668,89.90666666666668,66.21499999999999,3.0717584540446516,19.445685811168204,35.700573291381964,37.394049515002166,83.645367809813,80.87176792576557,-2.8900000000000006,-0.03424576371608011,1660.9662,66.1016,24.35,82.87,65.3,0.24,140.61,1.15,8.59
2024-01-01 07:00:00,14.26,83.32,58.06,0.21,118.06,72.17,0.93,7.65,2024,Bhatagaon,Hourly,0,0,7,1,1,0,0.9659258262890683,-0.25881904510252063,0.49999999999999994,0.8660254037844387,61.16,81.5,84.39,88.51,116.34,28.35,44.22,75.68333333333334,81.95166666666667,91.96333333333332,67.69041666666666,12.660309369574188,10.552947297635315,32.94767734490922,36.41376704288671,77.22097700700928,77.83918824487856,-20.340000000000003,-0.2495705521472393,1188.1432,53.9958,19.93,83.34,62.36,0.24,130.36,1.06,8.09
2024-01-01 08:00:00,13.34,82.31,56.62,0.19,101.41,72.17,0.89,7.3,2024,Bhatagaon,Hourly,0,0,8,1,1,0,0.8660254037844387,-0.4999999999999998,0.49999999999999994,0.8660254037844387,72.17,61.16,81.5,88.51,116.34,33.46,56.54,71.61,79.22833333333334,88.28249999999998,69.51625,10.181556855412365,10.63008450891471,32.44017658426328,35.44102643676257,75.77784071929234,76.96700543797417,11.010000000000005,0.18001962066710278,1098.0154,50.391799999999996,14.26,83.32,58.06,0.21,118.06,0.93,7.65
2024-01-01 09:00:00,13.61,81.74,56.67,0.21,89.03,46.72,0.85,7.44,2024,Bhatagaon,Hourly,0,0,9,1,1,0,0.7071067811865476,-0.7071067811865475,0.49999999999999994,0.8660254037844387,72.17,72.17,61.16,87.64,143.42,35.22,57.5,68.5,76.50500000000001,84.60166666666666,71.12916666666666,6.356626463777338,9.840375500965488,31.458229977755185,34.59962263135081,74.74702908520882,76.22900460136276,0.0,0.0,1112.4814,48.1695,13.34,82.31,56.62,0.19,101.41,0.89,7.3
2024-01-01 10:00:00,13.06,80.42,55.44,0.26,78.18,48.14,0.79,7.56,2024,Bhatagaon,Hourly,0,0,10,1,1,0,0.49999999999999994,-0.8660254037844387,0.49999999999999994,0.8660254037844387,46.72,72.17,72.17,84.39,143.42,37.22,57.5,63.68666666666667,69.68499999999999,76.54333333333334,71.60833333333333,14.693564350875782,13.915807917616629,27.10586328163015,34.15750483029876,66.73930648943488,71.68915773961464,-25.450000000000003,-0.3526396009422198,1050.2852,43.7976,13.61,81.74,56.67,0.21,89.03,0.85,7.44
2024-01-01 11:00:00,12.21,81.2,54.93,0.22,79.38,53.82,0.76,7.57,2024,Bhatagaon,Hourly,0,0,11,1,1,0,0.258819045102521,-0.9659258262890682,0.49999999999999994,0.8660254037844387,48.14,46.72,72.17,81.5,53.37,33.22,58.01,55.67666666666667,63.64333333333334,68.60333333333334,72.06333333333333,14.301280828419793,14.122238727151874,18.240174607085617,33.749811421910074,61.425218921024914,68.06621039505855,1.4200000000000017,0.030393835616438394,991.4520000000001,41.7468,13.06,80.42,55.44,0.26,78.18,0.79,7.56
2024-01-01 12:00:00,8.63,84.26,53.26,0.25,79.44,53.82,0.75,7.41,2024,Bhatagaon,Hourly,0,0,12,1,1,0,1.2246467991473532e-16,-1.0,0.49999999999999994,0.8660254037844387,53.82,48.14,46.72,61.16,38.96,35.22,58.01,49.56,59.03,68.64083333333333,72.92166666666667,3.7569668617109278,11.376540774769866,18.206440647765486,32.97197606751983,59.25229922930351,65.8744857188957,5.68,0.11798919817199834,727.1638000000002,39.945,12.21,81.2,54.93,0.22,79.38,0.76,7.57
2024-01-01 13:00:00,4.75,83.67,50.61,0.21,82.24,57.8,0.76,7.02,2024,Bhatagaon,Hourly,0,0,13,1,1,0,-0.2588190451025208,-0.9659258262890683,0.49999999999999994,0.8660254037844387,53.82,53.82,48.14,72.17,88.51,85.75,55.87,51.92666666666667,57.80666666666667,69.87916666666666,73.69666666666666,3.2793495289961743,11.495706444871843,16.422055268523046,32.25814405651716,57.70021373521679,64.0199494544502,0.0,0.0,397.4325,38.4636,8.63,84.26,53.26,0.25,79.44,0.75,7.41
2024-01-01 14:00:00,4.01,83.3,49.79,0.24,83.48,58.47,0.77,6.87,2024,Bhatagaon,Hourly,0,0,14,1,1,0,-0.4999999999999997,-0.8660254037844388,0.49999999999999994,0.8660254037844387,57.8,53.82,53.82,72.17,88.51,85.75,51.7,55.14666666666667,55.41166666666667,67.32000000000001,72.53208333333333,2.2978540713734343,9.165531990379389,15.628439112429318,32.30856111865662,57.72872409658342,63.06303415376556,3.979999999999997,0.07395020438498694,334.03299999999996,38.3383,4.75,83.67,50.61,0.21,82.24,0.76,7.02
2024-01-01 15:00:00,4.55,85.04,51.12,0.16,87.15,58.47,0.8,6.9,2024,Bhatagaon,Hourly,0,0,15,1,1,0,-0.7071067811865471,-0.7071067811865479,0.49999999999999994,0.8660254037844387,58.47,57.8,53.82,46.72,87.64,41.85,46.55,56.696666666666665,53.12833333333333,64.81666666666666,71.39541666666666,2.513689187892469,4.842827342231798,14.272782319909341,32.303191655364145,57.940517211845304,62.3564135147247,0.6700000000000017,0.011591695501730134,386.932,40.896,4.01,83.3,49.79,0.24,83.48,0.77,6.87
2024-01-01 16:00:00,5.12,84.46,51.11,0.16,88.29,56.93,0.79,7.05,2024,Bhatagaon,Hourly,0,0,16,1,1,0,-0.8660254037844385,-0.5000000000000004,0.49999999999999994,0.8660254037844387,58.47,58.47,57.8,48.14,84.39,32.01,42.94,58.24666666666667,55.086666666666666,62.38583333333333,72.08791666666666,0.3868246803495538,4.042799360179517,12.392459920402791,31.81675645195763,58.09179800846093,61.758503743228594,0.0,0.0,432.43519999999995,40.3769,4.55,85.04,51.12,0.16,87.15,0.8,6.9
2024-01-01 17:00:00,5.7,84.59,51.9,0.04,84.4,54.8,0.76,7.21,2024,Bhatagaon,Hourly,0,0,17,1,1,0,-0.9659258262890683,-0.25881904510252063,0.49999999999999994,0.8660254037844387,56.93,58.47,58.47,53.82,81.5,36.48,42.94,57.95666666666667,56.55166666666667,60.097500000000004,73.12625,0.8891194145487612,2.1902275376471545,10.32230076978093,30.84370527176175,57.75985572032923,61.01565701350112,-1.5399999999999991,-0.026338293141782095,482.163,39.444,5.12,84.46,51.11,0.16,88.29,0.79,7.05
2024-01-01 18:00:00,9.46,88.56,57.1,0.04,94.49,55.96,1.02,7.52,2024,Bhatagaon,Hourly,0,0,18,1,1,0,-1.0,-1.8369701987210297e-16,0.49999999999999994,0.8660254037844387,54.8,56.93,58.47,53.82,61.16,36.48,33.39,56.73333333333333,56.714999999999996,57.8725,73.88958333333333,1.8428872275121784,1.9713827634432775,7.877689006993803,30.11543378390477,56.91418265737802,60.0594020883471,-2.1300000000000026,-0.03741436852274728,837.7776000000001,58.242000000000004,5.7,84.59,51.9,0.04,84.4,0.76,7.21
2024-01-01 19:00:00,25.9,95.07,73.88,0.13,116.22,72.15,1.41,8.62,2024,Bhatagaon,Hourly,0,0,19,1,1,0,-0.9659258262890684,0.2588190451025203,0.49999999999999994,0.8660254037844387,55.96,54.8,56.93,57.8,72.17,116.34,30.13,55.89666666666667,57.07166666666666,57.439166666666665,74.70125,1.0664114277930044,1.4735999004709281,7.82324329201531,29.31521853065399,56.6415590409843,59.428724843986004,1.1600000000000037,0.021167883211678902,2462.3129999999996,104.17079999999999,9.46,88.56,57.1,0.04,94.49,1.02,7.52
2024-01-01 20:00:00,41.79,97.56,87.06,0.17,137.8,75.18,1.82,9.65,2024,Bhatagaon,Hourly,0,0,20,1,1,0,-0.8660254037844386,0.5000000000000001,0.49999999999999994,0.8660254037844387,72.15,55.96,54.8,58.47,72.17,116.34,31.76,60.97,59.46333333333334,57.4375,72.86,9.699520606710122,6.377503168691335,7.819821115136153,27.94182263514519,61.07254217213164,61.38584409875739,16.190000000000005,0.28931379556826314,4077.0324,158.44920000000002,25.9,95.07,73.88,0.13,116.22,1.41,8.62
2024-01-01 21:00:00,59.49,96.79,101.76,0.28,162.59,84.74,2.27,10.9,2024,Bhatagaon,Hourly,0,0,21,1,1,0,-0.7071067811865477,0.7071067811865474,0.49999999999999994,0.8660254037844387,75.18,72.15,55.96,58.47,46.72,143.42,32.15,67.76333333333334,62.248333333333335,57.68833333333333,71.145,10.333645694203359,8.976104760232475,8.364646200563895,26.376395903715967,65.10324440866546,63.50802192971779,3.030000000000001,0.041995841995842005,5758.0371000000005,230.9952,41.79,97.56,87.06,0.17,137.8,1.82,9.65
2024-01-01 22:00:00,73.25,97.12,111.55,0.26,173.52,84.74,2.48,12.14,2024,Bhatagaon,Hourly,0,0,22,1,1,0,-0.5000000000000004,0.8660254037844384,0.49999999999999994,0.8660254037844387,84.74,75.18,72.15,56.93,48.14,143.42,41.54,77.35666666666667,66.62666666666667,60.85666666666666,68.7,6.571182034712437,12.485453402526803,10.70543051092501,21.688610314893477,70.71374600618961,66.7744800943766,9.559999999999988,0.1271614791167862,7114.04,276.644,59.49,96.79,101.76,0.28,162.59,2.27,10.9
2024-01-01 23:00:00,82.05,90.22,113.32,0.34,174.99,83.95,2.5,12.48,2024,Bhatagaon,Hourly,0,0,23,1,1,0,-0.25881904510252157,0.9659258262890681,0.49999999999999994,0.8660254037844387,84.74,84.74,75.18,54.8,53.82,53.37,46.53,81.55333333333333,71.26166666666667,63.906666666666666,66.255,5.519468573452287,13.301134412773523,11.900109497841083,15.251278492381335,74.72124714727829,69.53840623370327,0.0,0.0,7402.5509999999995,283.29999999999995,73.25,97.12,111.55,0.26,173.52,2.48,12.14
2024-01-02 01:00:00,20.8,61.42,49.23,0.3,101.84,44.16,1.06,8.19,2023,Bhatagaon,Hourly,0,0,1,2,1,1,0.25881904510252074,0.9659258262890683,0.49999999999999994,0.8660254037844387,83.95,84.74,84.74,55.96,53.82,38.96,51.95,84.47666666666667,76.12,66.4175,67.52916666666667,0.4561067126533234,11.251558114323606,12.728213561004813,15.404629715337729,77.35803367662734,71.75557450544123,-0.789999999999992,-0.009322633939107766,1277.536,52.1838,82.05,90.22,113.32,0.34,174.99,2.5,12.48
2024-01-02 02:00:00,18.13,59.97,48.28,0.28,101.84,44.16,0.96,8.14,2023,Bhatagaon,Hourly,0,0,2,2,1,1,0.49999999999999994,0.8660254037844387,0.49999999999999994,0.8660254037844387,44.16,83.95,84.74,72.15,57.8,88.51,54.16,70.94999999999999,74.15333333333332,65.6125,67.74583333333334,23.20418281258779,15.651179721243638,13.853140848328865,15.017025386183338,67.87288119759096,67.51010150460411,-39.790000000000006,-0.4739726027397261,1087.2560999999998,46.3488,20.8,61.42,49.23,0.3,101.84,1.06,8.19
2024-01-02 03:00:00,11.71,58.38,42.25,0.28,88.97,39.86,0.86,7.61,2023,Bhatagaon,Hourly,0,0,3,2,1,1,0.7071067811865476,0.7071067811865476,0.49999999999999994,0.8660254037844387,44.16,44.16,83.95,75.18,58.47,88.51,32.75,57.423333333333325,69.48833333333333,64.47583333333333,65.89791666666666,22.972767211055096,19.948987359429253,15.05950346780966,15.079412968382229,61.097772283993535,63.91777819620348,0.0,0.0,683.6298,36.335,18.13,59.97,48.28,0.28,101.84,0.96,8.14
2024-01-02 04:00:00,8.49,55.3,37.97,0.21,74.36,38.31,0.76,7.17,2023,Bhatagaon,Hourly,0,0,4,2,1,1,0.8660254037844386,0.5000000000000001,0.49999999999999994,0.8660254037844387,39.86,44.16,44.16,84.74,58.47,87.64,31.36,42.72666666666667,63.60166666666667,62.925000000000004,63.87083333333334,2.482606157514367,22.923073455945385,16.612381198699683,15.177198549043931,55.029837345709666,60.21658155063371,-4.299999999999997,-0.09737318840579705,469.497,28.8572,11.71,58.38,42.25,0.28,88.97,0.86,7.61
2024-01-02 05:00:00,9.52,54.5,38.36,0.19,69.53,35.32,0.76,7.17,2023,Bhatagaon,Hourly,0,0,5,2,1,1,0.9659258262890683,0.25881904510252074,0.49999999999999994,0.8660254037844387,38.31,39.86,44.16,84.74,56.93,84.39,31.36,40.776666666666664,55.86333333333332,61.245000000000005,61.815416666666664,3.030813972075538,22.185062241667655,18.060166363876906,15.158551031812303,50.25274096122119,56.846338235151606,-1.5499999999999972,-0.03888610135474153,518.84,29.1536,8.49,55.3,37.97,0.21,74.36,0.76,7.17
2024-01-02 06:00:00,21.33,53.57,47.22,0.25,123.09,48.34,0.9,8.07,2023,Bhatagaon,Hourly,0,0,6,2,1,1,1.0,6.123233995736766e-17,0.49999999999999994,0.8660254037844387,35.32,38.31,39.86,83.95,54.8,81.5,28.2,37.830000000000005,47.626666666666665,59.44416666666666,59.770833333333336,2.307747819844079,18.12178541608602,19.54583445895753,15.290016611207934,45.98624354372942,53.53459389128213,-2.990000000000002,-0.07804750717828247,1142.6480999999999,42.498,9.52,54.5,38.36,0.19,69.53,0.76,7.17
2024-01-02 07:00:00,36.15,53.32,58.96,0.25,148.13,64.67,1.04,8.99,2023,Bhatagaon,Hourly,0,0,7,2,1,1,0.9659258262890683,-0.25881904510252063,0.49999999999999994,0.8660254037844387,48.34,35.32,38.31,44.16,55.96,61.16,25.75,40.656666666666666,41.69166666666667,58.905833333333334,58.389166666666675,6.819841151619908,4.728096516217479,19.773013500192373,14.729056145168853,46.65874538837816,52.73542560031565,13.020000000000003,0.36862967157417903,1927.518,61.318400000000004,21.33,53.57,47.22,0.25,123.09,0.9,8.07
2024-01-02 08:00:00,46.42,53.29,66.5,0.29,179.71,72.53,1.16,9.88,2023,Bhatagaon,Hourly,0,0,8,2,1,1,0.8660254037844387,-0.4999999999999998,0.49999999999999994,0.8660254037844387,64.67,48.34,35.32,44.16,72.15,72.17,28.35,49.443333333333335,45.11000000000001,59.63166666666666,58.53541666666666,14.706074708545717,10.616737728699965,19.81486670215685,14.775118914894577,51.80481813455583,54.57151396949786,16.33,0.3378154737277616,2473.7218000000003,77.14,36.15,53.32,58.96,0.25,148.13,1.04,8.99
2024-01-02 09:00:00,45.49,56.1,66.64,0.37,183.19,75.44,1.26,9.89,2023,Bhatagaon,Hourly,0,0,9,2,1,1,0.7071067811865476,-0.7071067811865475,0.49999999999999994,0.8660254037844387,72.53,64.67,48.34,39.86,75.18,72.17,33.46,61.84666666666667,49.83833333333333,59.663333333333334,58.55041666666667,12.339669093347982,15.364808383662586,19.83698260290311,14.789738357672388,57.72629866753988,57.334357974190496,7.859999999999999,0.12154012679758774,2551.989,83.96640000000001,46.42,53.29,66.5,0.29,179.71,1.16,9.88
2024-01-02 10:00:00,38.82,62.61,63.8,0.35,183.19,75.44,1.25,9.64,2023,Bhatagaon,Hourly,0,0,10,2,1,1,0.49999999999999994,-0.8660254037844387,0.49999999999999994,0.8660254037844387,75.44,72.53,64.67,38.31,84.74,46.72,35.22,70.88000000000001,55.76833333333334,59.684999999999995,58.68666666666667,5.5713642853428365,17.465826538319572,19.8556044298009,14.93501245735836,62.78735619109991,60.11984136277657,2.9099999999999966,0.0401213291051978,2430.5202,79.75,45.49,56.1,66.64,0.37,183.19,1.26,9.89
2024-01-02 11:00:00,26.79,71.53,57.55,0.3,148.47,64.68,1.22,8.85,2023,Bhatagaon,Hourly,0,0,11,2,1,1,0.258819045102521,-0.9659258262890682,0.49999999999999994,0.8660254037844387,75.44,75.44,72.53,35.32,84.74,48.14,37.22,74.47,61.95666666666667,58.910000000000004,59.88333333333333,1.680089283339907,16.599299583617025,18.9495857474511,15.08434335636635,66.40239727935707,62.47678884542633,0.0,0.0,1916.2887,70.211,38.82,62.61,63.8,0.35,183.19,1.25,9.64
2024-01-02 12:00:00,16.7,74.7,54.52,0.29,122.64,54.43,1.22,8.53,2023,Bhatagaon,Hourly,0,0,12,2,1,1,1.2246467991473532e-16,-1.0,0.49999999999999994,0.8660254037844387,64.68,75.44,75.44,48.34,83.95,53.82,33.22,71.85333333333334,66.85000000000001,57.23833333333334,60.5725,6.212288896479866,10.314261970689023,17.2745876589828,14.901216539189882,65.91028377096934,62.81574440766843,-10.759999999999991,-0.14262990455991506,1247.49,66.51440000000001,26.79,71.53,57.55,0.3,148.47,1.22,8.85
2024-01-02 13:00:00,9.28,74.41,49.07,0.16,103.59,49.58,1.16,8.23,2023,Bhatagaon,Hourly,0,0,13,2,1,1,-0.2588190451025208,-0.9659258262890683,0.49999999999999994,0.8660254037844387,54.43,64.68,75.44,64.67,44.16,53.82,35.22,64.85000000000001,67.865,54.778333333333336,60.59791666666667,10.506031600942107,8.214316161434366,15.088465090521337,14.889713980716227,62.630202693549535,61.525629883411746,-10.250000000000007,-0.15847247990105143,690.5247999999999,56.9212,16.7,74.7,54.52,0.29,122.64,1.22,8.53
2024-01-02 14:00:00,3.67,72.7,43.71,0.28,95.35,43.56,0.96,7.83,2023,Bhatagaon,Hourly,0,0,14,2,1,1,-0.4999999999999997,-0.8660254037844388,0.49999999999999994,0.8660254037844387,49.58,54.43,64.68,72.53,44.16,57.8,85.75,56.23,65.35000000000001,55.23,60.42125000000001,7.709247693516846,11.167424053916902,14.820456378692576,14.998387830030266,58.90157335253538,59.68784067057917,-4.850000000000001,-0.08910527282748487,266.809,41.9616,9.28,74.41,49.07,0.16,103.59,1.16,8.23
2024-01-02 15:00:00,2.31,66.88,39.41,0.14,84.18,40.84,0.83,7.53,2023,Bhatagaon,Hourly,0,0,15,2,1,1,-0.7071067811865471,-0.7071067811865479,0.49999999999999994,0.8660254037844387,43.56,49.58,54.43,75.44,39.86,58.47,85.75,49.19,60.521666666666675,55.18000000000001,59.82791666666666,5.445484367803774,13.467974482700372,14.862152052659326,15.383318740473868,54.51826668038241,57.20663441356699,-6.019999999999996,-0.12141992739007657,154.4928,32.7103,3.67,72.7,43.71,0.28,95.35,0.96,7.83
2024-01-02 16:00:00,2.32,58.82,34.81,0.16,68.29,32.76,0.66,7.01,2023,Bhatagaon,Hourly,0,0,16,2,1,1,-0.8660254037844385,-0.5000000000000004,0.49999999999999994,0.8660254037844387,40.84,43.56,49.58,75.44,38.31,58.47,41.85,44.66,54.755,55.26166666666668,59.09333333333334,4.47262786290069,13.207697376908726,14.77274014917861,15.864392359228145,50.61019048598743,54.68869065763361,-2.719999999999999,-0.06244260789715332,136.4624,22.974600000000002,2.31,66.88,39.41,0.14,84.18,0.83,7.53
2024-01-02 17:00:00,3.98,58.98,36.39,0.26,55.76,30.91,0.59,6.94,2023,Bhatagaon,Hourly,0,0,17,2,1,1,-0.9659258262890683,-0.25881904510252063,0.49999999999999994,0.8660254037844387,32.76,40.84,43.56,64.68,35.32,56.93,32.01,39.053333333333335,47.64166666666667,54.79916666666667,58.02208333333334,5.61730659064728,11.176136034724536,15.424217945893608,16.751547359849347,45.510136061419594,51.31504594107459,-8.080000000000005,-0.19784524975514214,234.7404,21.4701,2.32,58.82,34.81,0.16,68.29,0.66,7.01
2024-01-02 18:00:00,9.42,63.01,42.98,0.3,42.1,28.18,0.69,7.28,2023,Bhatagaon,Hourly,0,0,18,2,1,1,-1.0,-1.8369701987210297e-16,0.49999999999999994,0.8660254037844387,30.91,32.76,40.84,54.43,48.34,54.8,36.48,34.836666666666666,42.013333333333335,54.43166666666667,56.937916666666666,5.280684930321977,9.209833150859367,15.973287834457452,17.643562929927707,41.33866861529971,48.175808103986185,-1.8499999999999979,-0.05647130647130641,593.5541999999999,29.656199999999995,3.98,58.98,36.39,0.26,55.76,0.59,6.94
2024-01-02 19:00:00,20.38,64.44,51.68,0.3,72.1,26.59,1.07,8.24,2023,Bhatagaon,Hourly,0,0,19,2,1,1,-0.9659258262890684,0.2588190451025203,0.49999999999999994,0.8660254037844387,28.18,30.91,32.76,49.58,64.67,55.96,36.48,30.616666666666664,37.63833333333333,52.751666666666665,55.82875000000001,2.304047163868363,8.324048093726281,17.644927075937545,18.594895585827484,37.579049010928365,45.099529934142154,-2.7300000000000004,-0.08832093173730186,1313.2872,55.2976,9.42,63.01,42.98,0.3,42.1,0.69,7.28
2024-01-02 20:00:00,30.39,62.26,58.88,0.36,102.61,36.06,1.29,8.94,2023,Bhatagaon,Hourly,0,0,20,2,1,1,-0.8660254037844386,0.5000000000000001,0.49999999999999994,0.8660254037844387,26.59,28.18,30.91,43.56,72.53,72.15,116.34,28.560000000000002,33.806666666666665,49.578333333333326,54.605,2.1849256280241303,6.896682294166384,18.699352362792713,19.528862697578425,34.43932072209169,42.25190994427413,-1.5899999999999999,-0.05642299503193754,1892.0814,75.9552,20.38,64.44,51.68,0.3,72.1,1.07,8.24
2024-01-02 21:00:00,51.97,61.12,75.43,0.33,129.52,45.56,1.66,10.28,2023,Bhatagaon,Hourly,0,0,21,2,1,1,-0.7071067811865477,0.7071067811865474,0.49999999999999994,0.8660254037844387,36.06,26.59,28.18,40.84,75.44,75.18,116.34,30.27666666666667,32.556666666666665,46.53916666666667,53.10125,5.07121615919987,5.261105080367437,17.558865907845526,19.508614220501375,34.90237194435121,41.299308414385806,9.470000000000002,0.3561489281684845,3176.4064,125.2138,30.39,62.26,58.88,0.36,102.61,1.29,8.94
2024-01-02 22:00:00,88.48,59.92,104.64,0.43,179.03,54.18,1.95,12.79,2023,Bhatagaon,Hourly,0,0,22,2,1,1,-0.5000000000000004,0.8660254037844384,0.49999999999999994,0.8660254037844387,45.56,36.06,26.59,32.76,75.44,84.74,143.42,36.07,33.343333333333334,44.04916666666667,51.86708333333333,9.48500395360994,6.85793166097972,15.023469190408543,18.98090790863895,37.947408531679436,41.95479942755722,9.5,0.2634498058790904,5301.721600000001,204.048,51.97,61.12,75.43,0.33,129.52,1.66,10.28
2024-01-02 23:00:00,99.17,60.23,113.3,0.52,179.03,57.37,2.14,13.92,2023,Bhatagaon,Hourly,0,0,23,2,1,1,-0.25881904510252157,0.9659258262890681,0.49999999999999994,0.8660254037844387,54.18,45.56,36.06,30.91,64.68,84.74,143.42,45.26666666666667,36.913333333333334,42.277499999999996,50.59375,9.063560742518856,10.885891174665863,11.917651633377643,17.658757849983353,42.585291808342454,43.83559951562533,8.619999999999997,0.1892010535557506,5973.0091,242.46200000000002,88.48,59.92,104.64,0.43,179.03,1.95,12.79
2024-01-03 01:00:00,30.26,58.09,56.87,3.95,70.93,26.57,0.86,9.7,2024,Bhatagaon,Hourly,0,0,1,3,1,2,0.25881904510252074,0.9659258262890683,0.49999999999999994,0.8660254037844387,57.37,54.18,45.56,28.18,54.43,83.95,53.37,52.37,41.32333333333333,41.66833333333333,49.45333333333334,6.1095089819064174,13.10160091998944,10.803169428319315,16.179519707674125,46.809494148816036,45.91781497475989,3.1899999999999977,0.058877814691768136,1757.8034000000002,48.908199999999994,99.17,60.23,113.3,0.52,179.03,2.14,13.92
2024-01-03 02:00:00,25.94,56.29,52.51,3.91,67.06,26.57,0.78,9.59,2024,Bhatagaon,Hourly,0,0,2,3,1,2,0.49999999999999994,0.8660254037844387,0.49999999999999994,0.8660254037844387,26.57,57.37,54.18,26.59,49.58,44.16,38.96,46.04,41.055,39.34666666666667,47.0625,16.936785409279874,13.43682514584459,10.804927607627187,15.061192068416773,41.0267815348686,42.941228055566064,-30.799999999999997,-0.5368659578176748,1460.1626,40.9578,30.26,58.09,56.87,3.95,70.93,0.86,9.7
2024-01-03 03:00:00,24.12,50.95,48.07,3.86,69.91,22.98,0.73,9.53,2024,Bhatagaon,Hourly,0,0,3,3,1,2,0.7071067811865476,0.7071067811865476,0.49999999999999994,0.8660254037844387,26.57,26.57,57.37,36.06,43.56,44.16,88.51,36.836666666666666,41.05166666666667,37.42916666666667,46.32958333333334,17.782388291040366,13.441133012758566,10.865338934037856,15.625974329042183,36.89627252490614,40.422577585478976,0.0,0.0,1228.9140000000002,35.0911,25.94,56.29,52.51,3.91,67.06,0.78,9.59
2024-01-03 04:00:00,26.14,51.16,49.12,3.59,73.51,24.34,0.7,9.63,2024,Bhatagaon,Hourly,0,0,4,3,1,2,0.8660254037844386,0.5000000000000001,0.49999999999999994,0.8660254037844387,22.98,26.57,26.57,45.56,40.84,39.86,88.51,25.373333333333335,38.87166666666667,35.714166666666664,45.44708333333333,2.0726874663900214,15.339323866020568,11.419712190556966,16.33579597857492,32.92019466064724,37.7391041107899,-3.59,-0.13511479111780203,1337.3224,34.38399999999999,24.12,50.95,48.07,3.86,69.91,0.73,9.53
2024-01-03 05:00:00,29.9,51.09,52.82,3.76,88.97,30.54,0.81,9.62,2024,Bhatagaon,Hourly,0,0,5,3,1,2,0.9659258262890683,0.25881904510252074,0.49999999999999994,0.8660254037844387,24.34,22.98,26.57,54.18,32.76,38.31,87.64,24.63,35.335,34.339166666666664,44.80041666666667,1.81248448269137,15.92395522475498,11.735409090234368,16.865189896755524,30.468710471890887,35.677703478360684,1.3599999999999994,0.05918189730200171,1527.5910000000001,42.784200000000006,26.14,51.16,49.12,3.59,73.51,0.7,9.63
2024-01-03 06:00:00,34.14,53.16,57.18,4.05,219.44,50.1,0.9,9.8,2024,Bhatagaon,Hourly,0,0,6,3,1,2,1.0,6.123233995736766e-17,0.49999999999999994,0.8660254037844387,30.54,24.34,22.98,57.37,30.91,35.32,84.39,25.953333333333333,31.395,34.15416666666667,44.47666666666667,4.02995450760058,12.981357016891625,11.779980288865707,17.06855096029125,30.48907890849349,34.88728755861288,6.199999999999999,0.25472473294987674,1814.8824,51.462,29.9,51.09,52.82,3.76,88.97,0.81,9.62
2024-01-03 07:00:00,35.53,53.84,58.36,3.78,219.44,50.57,0.97,9.79,2024,Bhatagaon,Hourly,0,0,7,3,1,2,0.9659258262890683,-0.25881904510252063,0.49999999999999994,0.8660254037844387,50.1,30.54,24.34,26.57,28.18,48.34,81.5,34.99333333333333,30.183333333333334,35.75333333333333,45.0925,13.445018904164083,10.089060742540314,12.575243596652726,16.990266075148714,36.09219922035249,37.227704857287826,19.560000000000002,0.6404715127701376,1912.9352000000001,56.6092,34.14,53.16,57.18,4.05,219.44,0.9,9.8
2024-01-03 08:00:00,38.1,53.4,60.59,5.29,170.74,55.2,1.01,9.99,2024,Bhatagaon,Hourly,0,0,8,3,1,2,0.8660254037844387,-0.4999999999999998,0.49999999999999994,0.8660254037844387,50.57,50.1,30.54,26.57,26.59,64.67,61.16,43.73666666666666,34.18333333333333,37.619166666666665,45.18541666666667,11.431064400716533,12.771105929662793,13.003169164989627,17.014878138844,40.22871372882321,39.280365648474316,0.46999999999999886,0.009381237524950077,2034.54,61.1959,35.53,53.84,58.36,3.78,219.44,0.97,9.79
2024-01-03 09:00:00,36.93,55.43,59.61,4.71,170.74,55.2,1.0,10.0,2024,Bhatagaon,Hourly,0,0,9,3,1,2,0.7071067811865476,-0.7071067811865475,0.49999999999999994,0.8660254037844387,55.2,50.57,50.1,22.98,36.06,72.53,72.17,51.95666666666667,38.955000000000005,40.00333333333334,44.79083333333333,2.81862259505032,14.578273903312478,13.413489365921924,16.649253780553554,44.50622409201658,41.72954016409365,4.630000000000003,0.09155625865137439,2047.0299,59.61,38.1,53.4,60.59,5.29,170.74,1.01,9.99
2024-01-03 10:00:00,29.07,60.66,55.43,4.67,116.41,50.99,0.93,9.73,2024,Bhatagaon,Hourly,0,0,10,3,1,2,0.49999999999999994,-0.8660254037844387,0.49999999999999994,0.8660254037844387,55.2,55.2,50.57,24.34,45.56,75.44,72.17,53.65666666666667,44.324999999999996,41.598333333333336,44.06875,2.673131746346987,13.40379311985983,14.025947275307306,15.74514647439018,47.5615886371547,43.801918600386934,0.0,0.0,1763.3862,51.5499,36.93,55.43,59.61,4.71,170.74,1.0,10.0
2024-01-03 11:00:00,16.87,61.9,47.99,4.31,66.31,42.6,0.81,9.32,2024,Bhatagaon,Hourly,0,0,11,3,1,2,0.258819045102521,-0.9659258262890682,0.49999999999999994,0.8660254037844387,50.99,55.2,55.2,30.54,54.18,75.44,46.72,53.796666666666674,48.76666666666667,42.05083333333334,43.050000000000004,2.430644633287244,9.21910986303279,14.251158459025213,14.35688230658798,48.54113474082479,44.90777727725048,-4.210000000000001,-0.076268115942029,1044.253,38.871900000000004,29.07,60.66,55.43,4.67,116.41,0.93,9.73
2024-01-03 12:00:00,5.4,58.52,37.27,4.17,58.41,35.11,0.68,8.99,2024,Bhatagaon,Hourly,0,0,12,3,1,2,1.2246467991473532e-16,-1.0,0.49999999999999994,0.8660254037844387,42.6,50.99,55.2,50.1,57.37,64.68,48.14,49.59666666666667,50.77666666666667,41.08583333333333,41.681666666666665,6.414517388964527,4.615966493235023,13.738005980976164,12.592123026671963,46.84366767201771,44.55273461921195,-8.39,-0.1645420670719749,316.00800000000004,25.343600000000006,16.87,61.9,47.99,4.31,66.31,0.81,9.32
2024-01-03 13:00:00,3.86,54.49,33.68,3.91,58.41,26.97,0.61,9.02,2024,Bhatagaon,Hourly,0,0,13,3,1,2,-0.2588190451025208,-0.9659258262890683,0.49999999999999994,0.8660254037844387,35.11,42.6,50.99,50.57,26.57,54.43,53.82,42.9,48.278333333333336,39.23083333333333,40.44958333333333,7.944249492557201,7.925557183357422,12.810879934531169,11.655837678723714,43.491191194298366,43.10000621625627,-7.490000000000002,-0.1758215962441315,210.3314,20.5448,5.4,58.52,37.27,4.17,58.41,0.68,8.99
2024-01-03 14:00:00,3.88,55.79,33.97,4.27,45.7,25.56,0.57,9.03,2024,Bhatagaon,Hourly,0,0,14,3,1,2,-0.4999999999999997,-0.8660254037844388,0.49999999999999994,0.8660254037844387,26.97,35.11,42.6,55.2,26.57,49.58,53.82,34.89333333333333,44.345,39.26416666666667,39.305416666666666,7.817252287941663,11.576173374651995,12.77541350217357,11.571281909807304,38.770850853070264,40.61846679837069,-8.14,-0.23184277983480492,216.46519999999998,19.362899999999996,3.86,54.49,33.68,3.91,58.41,0.61,9.02
2024-01-03 15:00:00,2.27,55.62,33.16,4.0,60.03,27.46,0.54,8.84,2024,Bhatagaon,Hourly,0,0,15,3,1,2,-0.7071067811865471,-0.7071067811865479,0.49999999999999994,0.8660254037844387,25.56,26.97,35.11,55.2,22.98,43.56,57.8,29.213333333333335,39.405,39.18,38.30458333333333,5.15509780055912,12.317975077097767,12.869627387415408,11.682213153622419,34.99632203790733,38.30177959862136,-1.4100000000000001,-0.05228031145717465,126.25739999999999,17.906399999999998,3.88,55.79,33.97,4.27,45.7,0.57,9.03
2024-01-03 16:00:00,3.0,55.74,33.81,4.89,60.03,27.46,0.52,8.75,2024,Bhatagaon,Hourly,0,0,16,3,1,2,-0.8660254037844385,-0.5000000000000004,0.49999999999999994,0.8660254037844387,27.46,25.56,26.97,50.99,24.34,40.84,58.47,26.66333333333333,34.781666666666666,39.553333333333335,37.63375,0.9864245198339427,10.23339907687902,12.41387151780659,11.828649014152125,32.84308716993381,36.63381350652576,1.9000000000000021,0.07433489827856034,167.22,17.581200000000003,2.27,55.62,33.16,4.0,60.03,0.54,8.84
2024-01-03 17:00:00,4.43,53.36,33.6,4.41,51.81,24.59,0.47,8.81,2024,Bhatagaon,Hourly,0,0,17,3,1,2,-0.9659258262890683,-0.25881904510252063,0.49999999999999994,0.8660254037844387,27.46,27.46,25.56,42.6,30.54,32.76,58.47,26.826666666666668,30.86,39.81333333333334,37.07625,1.0969655114585948,6.666816331653491,12.09484588449562,11.985236139771676,31.305062264238437,35.222457582444875,0.0,0.0,236.38479999999998,15.792,3.0,55.74,33.81,4.89,60.03,0.52,8.75
2024-01-03 18:00:00,4.28,52.43,33.01,4.34,38.07,24.59,0.46,8.86,2024,Bhatagaon,Hourly,0,0,18,3,1,2,-1.0,-1.8369701987210297e-16,0.49999999999999994,0.8660254037844387,24.59,27.46,27.46,35.11,50.1,30.91,56.93,26.50333333333333,27.858333333333334,39.3175,36.73583333333334,1.6569952725731092,3.732492018299353,12.620125431591186,12.226753601148204,29.3864730458846,33.586694877453354,-2.870000000000001,-0.10451565914056814,224.40040000000002,15.1846,4.43,53.36,33.6,4.41,51.81,0.47,8.81
2024-01-03 19:00:00,6.3,59.55,38.56,4.31,47.39,17.09,0.51,8.78,2024,Bhatagaon,Hourly,0,0,19,3,1,2,-0.9659258262890684,0.2588190451025203,0.49999999999999994,0.8660254037844387,24.59,24.59,27.46,26.97,50.57,28.18,54.8,25.546666666666667,26.105,37.19166666666667,36.472500000000004,1.6569952725731245,1.3643863089322306,12.786179209907962,12.424147683128048,28.016052175631856,32.20258797322976,0.0,0.0,375.16499999999996,19.6656,4.28,52.43,33.01,4.34,38.07,0.46,8.86
2024-01-03 20:00:00,36.45,70.81,68.95,4.92,87.68,27.18,0.96,9.11,2024,Bhatagaon,Hourly,0,0,20,3,1,2,-0.8660254037844386,0.5000000000000001,0.49999999999999994,0.8660254037844387,17.09,24.59,24.59,25.56,55.2,26.59,55.96,22.09,24.458333333333332,34.401666666666664,36.010416666666664,4.330127018921792,3.8356403202944342,13.246056588717984,12.94143748455591,24.894322982594183,29.87757443888672,-7.5,-0.30500203334688897,2581.0245000000004,66.19200000000001,6.3,59.55,38.56,4.31,47.39,0.51,8.78
2024-01-03 21:00:00,48.29,73.2,79.31,4.21,109.86,27.18,1.06,9.88,2024,Bhatagaon,Hourly,0,0,21,3,1,2,-0.7071067811865477,0.7071067811865474,0.49999999999999994,0.8660254037844387,27.18,17.09,24.59,27.46,55.2,36.06,72.15,22.953333333333333,24.728333333333335,32.06666666666667,36.035,5.240327597901663,3.9828904914230807,11.615793584859565,12.92331226891938,25.547373558995844,29.462562986750303,10.09,0.5904037448800468,3534.828,84.0686,36.45,70.81,68.95,4.92,87.68,0.96,9.11
2024-01-03 22:00:00,50.54,69.33,78.64,4.24,109.86,34.41,1.07,10.09,2024,Bhatagaon,Hourly,0,0,22,3,1,2,-0.5000000000000004,0.8660254037844384,0.49999999999999994,0.8660254037844387,27.18,27.18,17.09,27.46,50.99,45.56,75.18,23.816666666666663,24.68166666666667,29.73166666666667,35.665,5.825464216123018,3.9459519341558615,9.082925873541333,13.049072597398489,26.013838256425604,29.11139945032718,0.0,0.0,3503.9382,84.1448,48.29,73.2,79.31,4.21,109.86,1.06,9.88
2024-01-03 23:00:00,49.28,66.21,76.36,4.16,87.36,42.51,1.06,10.11,2024,Bhatagaon,Hourly,0,0,23,3,1,2,-0.25881904510252157,0.9659258262890681,0.49999999999999994,0.8660254037844387,34.41,27.18,27.18,24.59,42.6,54.18,84.74,29.59,25.84,28.349999999999998,35.20041666666666,4.174242446240527,5.598635548060054,6.4283251035061895,12.878841251943276,28.41274161173257,29.92656876566146,7.229999999999997,0.26600441501103744,3262.8288,80.94160000000001,50.54,69.33,78.64,4.24,109.86,1.07,10.09
2024-01-04 01:00:00,6.68,45.57,28.49,1.32,39.74,22.78,0.51,9.67,2024,Bhatagaon,Hourly,0,0,1,4,1,3,0.25881904510252074,0.9659258262890683,0.49999999999999994,0.8660254037844387,42.51,34.41,27.18,24.59,35.11,57.37,84.74,34.699999999999996,28.826666666666664,28.342499999999998,34.714166666666664,7.669113377698611,8.712392706178273,6.410215036813199,12.340135266916622,32.44052972266612,31.862481263252004,8.100000000000001,0.2353966870095903,304.4076,14.5299,49.28,66.21,76.36,4.16,87.36,1.06,10.11
2024-01-04 02:00:00,6.54,42.4,27.3,1.4,39.74,22.78,0.51,9.71,2024,Bhatagaon,Hourly,0,0,2,4,1,3,0.49999999999999994,0.8660254037844387,0.49999999999999994,0.8660254037844387,22.78,42.51,34.41,17.09,26.97,26.57,83.95,33.23333333333333,28.524999999999995,27.315,33.27291666666667,9.91749128224115,8.917351064077364,6.211958408805676,11.57527405222271,29.680378373332942,30.465176453520925,-19.729999999999997,-0.46412608797929894,277.296,13.923,6.68,45.57,28.49,1.32,39.74,0.51,9.67
2024-01-04 03:00:00,6.7,41.38,26.91,1.3,36.59,20.6,0.51,9.67,2024,Bhatagaon,Hourly,0,0,3,4,1,3,0.7071067811865476,0.7071067811865476,0.49999999999999994,0.8660254037844387,22.78,22.78,42.51,27.18,25.56,26.57,44.16,29.356666666666666,29.47333333333333,26.965833333333332,33.115,11.391120811111143,7.673923811627814,6.349351374651758,11.695919020715424,27.708841695237815,29.282841614517704,0.0,0.0,277.24600000000004,13.7241,6.54,42.4,27.3,1.4,39.74,0.51,9.71
2024-01-04 04:00:00,7.67,41.13,27.31,2.67,39.47,20.32,0.49,9.69,2024,Bhatagaon,Hourly,0,0,4,4,1,3,0.8660254037844386,0.5000000000000001,0.49999999999999994,0.8660254037844387,20.6,22.78,22.78,27.18,27.46,22.98,44.16,22.05333333333333,28.376666666666665,26.5525,32.86625,1.2586235868319762,8.493599158582207,6.6054676043964955,11.902826048245226,25.67774406802701,27.947019827668825,-2.1799999999999997,-0.09569798068481122,315.4671,13.3819,6.7,41.38,26.91,1.3,36.59,0.51,9.67
2024-01-04 05:00:00,7.79,43.37,28.49,2.73,39.47,20.88,0.5,9.66,2024,Bhatagaon,Hourly,0,0,5,4,1,3,0.9659258262890683,0.25881904510252074,0.49999999999999994,0.8660254037844387,20.32,20.6,22.78,34.41,27.46,24.34,39.86,21.233333333333334,27.233333333333334,25.9575,32.75541666666667,1.3467491723887683,9.125138172469958,6.833915588645473,12.010779209116592,24.14696004859072,26.77363216187362,-0.28000000000000114,-0.013592233009708792,337.85229999999996,14.245,7.67,41.13,27.31,2.67,39.47,0.49,9.69
2024-01-04 06:00:00,6.98,43.01,27.99,2.64,42.48,21.56,0.51,9.69,2024,Bhatagaon,Hourly,0,0,6,4,1,3,1.0,6.123233995736766e-17,0.49999999999999994,0.8660254037844387,20.88,20.32,20.6,42.51,24.59,30.54,38.31,20.599999999999998,24.978333333333335,25.409166666666664,32.61125,0.27999999999380815,8.65668393015873,6.965120188656374,12.136291716600967,23.213542891850516,25.866919521585373,0.5599999999999987,0.027559055118110173,300.20980000000003,14.274899999999999,7.79,43.37,28.49,2.73,39.47,0.5,9.66
2024-01-04 07:00:00,5.74,44.01,27.52,2.77,43.4,21.56,0.54,9.53,2024,Bhatagaon,Hourly,0,0,7,4,1,3,0.9659258262890683,-0.25881904510252063,0.49999999999999994,0.8660254037844387,21.56,20.88,20.32,22.78,24.59,50.1,35.32,20.919999999999998,21.486666666666668,25.156666666666666,32.23708333333334,0.620966987847593,1.0831558829034773,7.0518976599256575,12.339650294236886,22.74110206560751,25.204316518264548,0.6799999999999997,0.03256704980842911,252.6174,14.860800000000001,6.98,43.01,27.99,2.64,42.48,0.51,9.69
2024-01-04 08:00:00,6.03,45.87,28.51,2.73,48.69,21.27,0.6,9.75,2024,Bhatagaon,Hourly,0,0,8,4,1,3,0.8660254037844387,-0.4999999999999998,0.49999999999999994,0.8660254037844387,21.56,21.56,20.88,22.78,17.09,50.57,48.34,21.333333333333332,21.283333333333335,24.90416666666667,31.047916666666666,0.3925981830444749,0.8889019443495503,7.127869066154821,11.911116101162179,22.403644332576793,24.64365243853154,0.0,0.0,276.5961,17.106,5.74,44.01,27.52,2.77,43.4,0.54,9.53
2024-01-04 09:00:00,5.4,48.45,28.94,2.28,50.91,23.72,0.61,9.67,2024,Bhatagaon,Hourly,0,0,9,4,1,3,0.7071067811865476,-0.7071067811865475,0.49999999999999994,0.8660254037844387,21.27,21.56,21.56,20.6,27.18,55.2,64.67,21.463333333333335,21.031666666666666,25.252499999999998,29.827083333333334,0.16743157805448797,0.5159231208895481,6.806157806788897,11.309563663273037,22.079745951840565,24.124628986449764,-0.28999999999999915,-0.01345083487940627,261.63000000000005,17.6534,6.03,45.87,28.51,2.73,48.69,0.6,9.75
2024-01-04 10:00:00,1.67,53.44,28.82,2.63,54.24,23.72,0.6,9.65,2024,Bhatagaon,Hourly,0,0,10,4,1,3,0.49999999999999994,-0.8660254037844387,0.49999999999999994,0.8660254037844387,23.72,21.27,21.56,20.32,27.18,55.2,72.53,22.183333333333334,21.551666666666666,24.964166666666667,28.515416666666667,1.338668492693311,1.1618333213797973,6.790349379595579,9.987086435543512,22.548389965600403,24.0623783731498,2.4499999999999993,0.11518570756934647,89.2448,17.291999999999998,5.4,48.45,28.94,2.28,50.91,0.61,9.67
2024-01-04 11:00:00,0.92,55.7,29.54,2.83,54.24,23.72,0.55,9.58,2024,Bhatagaon,Hourly,0,0,11,4,1,3,0.258819045102521,-0.9659258262890682,0.49999999999999994,0.8660254037844387,23.72,23.72,21.27,20.88,34.41,50.99,75.44,22.903333333333332,22.11833333333333,24.67583333333333,27.20375,1.4145081595133158,1.2654867311309164,6.761103269751676,8.245423928511645,22.883135689714575,24.0097047772806,0.0,0.0,51.24400000000001,16.247,1.67,53.44,28.82,2.63,54.24,0.6,9.65
2024-01-04 12:00:00,1.18,44.21,23.97,4.415,60.33500000000001,21.015,0.51,9.44,2024,Bhatagaon,Hourly,1,1,12,4,1,3,1.2246467991473532e-16,-1.0,0.49999999999999994,0.8660254037844387,23.72,23.72,23.72,21.56,42.51,42.6,75.44,23.72,22.59166666666667,23.785,26.0675,0.0,1.2405549833314171,6.026262975887286,6.524424512353116,23.122239778367554,23.965134811545123,0.0,0.0,52.1678,12.2247,0.92,55.7,29.54,2.83,54.24,0.55,9.58
2024-01-04 13:00:00,0.41,44.29,23.39,6.0,66.43,18.31,0.49,9.4,2024,Bhatagaon,Hourly,0,0,13,4,1,3,-0.2588190451025208,-0.9659258262890683,0.49999999999999994,0.8660254037844387,21.015,23.72,23.72,21.56,22.78,35.11,64.68,22.81833333333333,22.500833333333333,21.993750000000002,25.168125000000003,1.5617324781567898,1.3466195330041857,1.279867047429315,5.563303056345401,22.52017127026254,23.511267917461257,-2.7049999999999983,-0.11403878583473855,18.1589,11.4611,1.18,44.21,23.97,4.415,60.33500000000001,0.51,9.44
2024-01-04 14:00:00,0.6,57.78,30.59,3.2,66.43,22.49,0.48,9.51,2024,Bhatagaon,Hourly,0,0,14,4,1,3,-0.4999999999999997,-0.8660254037844388,0.49999999999999994,0.8660254037844387,18.31,21.015,23.72,21.27,22.78,26.97,54.43,21.015,21.959166666666665,21.62125,24.468125,2.7049999999993526,2.1901790261685035,1.6322156232905116,5.309101457690037,21.31726519304467,22.711072853236445,-2.705000000000002,-0.12871758267903888,34.668,14.6832,0.41,44.29,23.39,6.0,66.43,0.49,9.4
2024-01-04 15:00:00,0.77,58.45,31.02,2.77,63.51,24.48,0.48,9.79,2024,Bhatagaon,Hourly,0,0,15,4,1,3,-0.7071067811865471,-0.7071067811865479,0.49999999999999994,0.8660254037844387,22.49,18.31,21.015,23.72,20.6,25.56,49.58,20.605,22.162499999999998,21.597083333333334,24.281458333333333,2.1199469332972742,2.1699395152864853,1.615561341136337,5.296053386858207,21.652332280746194,22.677061645046223,4.18,0.22829055161114145,45.0065,14.8896,0.6,57.78,30.59,3.2,66.43,0.48,9.51
2024-01-04 16:00:00,0.84,58.09,30.94,2.73,54.58,34.41,0.45,9.63,2024,Bhatagaon,Hourly,0,0,16,4,1,3,-0.8660254037844385,-0.5000000000000004,0.49999999999999994,0.8660254037844387,24.48,22.49,18.31,23.72,20.32,27.46,43.56,21.76,22.289166666666663,21.920416666666664,24.236458333333335,3.149110985658726,2.297473431112624,1.7779692940572926,5.289301441336262,22.460237343390137,22.954436776577573,1.990000000000002,0.08848377056469552,48.7956,13.923,0.77,58.45,31.02,2.77,63.51,0.48,9.79
2024-01-04 17:00:00,0.68,53.74,28.39,1.46,54.05,34.41,0.41,9.53,2024,Bhatagaon,Hourly,0,0,17,4,1,3,-0.9659258262890683,-0.25881904510252063,0.49999999999999994,0.8660254037844387,34.41,24.48,22.49,23.72,20.88,27.46,40.84,27.126666666666665,24.070833333333336,23.094583333333333,24.526041666666668,6.385548788736138,5.517485311867028,3.950342596382286,5.651323234653918,25.874455245278668,24.716831118642563,9.929999999999996,0.4056372549019606,36.543200000000006,11.639899999999999,0.84,58.09,30.94,2.73,54.58,0.45,9.63
2024-01-04 18:00:00,5.99,52.2,31.76,1.31,54.05,31.43,0.51,9.55,2024,Bhatagaon,Hourly,0,0,18,4,1,3,-1.0,-1.8369701987210297e-16,0.49999999999999994,0.8660254037844387,34.41,34.41,24.48,21.015,21.56,24.59,32.76,31.099999999999998,25.852500000000003,24.22208333333333,24.815624999999997,5.733088173052638,6.927373059104129,5.041071972189276,5.97688797032248,28.313182318056192,26.20808786962063,0.0,0.0,312.67800000000005,16.1976,0.68,53.74,28.39,1.46,54.05,0.41,9.53
2024-01-04 19:00:00,9.36,58.17,37.82,1.25,65.62,29.01,0.7,9.88,2024,Bhatagaon,Hourly,0,0,19,4,1,3,-0.9659258262890684,0.2588190451025203,0.49999999999999994,0.8660254037844387,31.43,34.41,34.41,18.31,21.56,24.59,30.91,33.416666666666664,27.588333333333335,25.044583333333332,25.100624999999997,1.7205038021839099,6.776000049193355,5.36220589714137,6.12685824739716,29.203701655754422,27.01145896660207,-2.979999999999997,-0.086602731764022,544.4712,26.474,5.99,52.2,31.76,1.31,54.05,0.51,9.55
2024-01-04 20:00:00,11.47,61.82,41.41,1.23,65.62,25.9,0.98,9.81,2024,Bhatagaon,Hourly,0,0,20,4,1,3,-0.8660254037844386,0.5000000000000001,0.49999999999999994,0.8660254037844387,29.01,31.43,34.41,22.49,21.27,17.09,28.18,31.616666666666664,29.37166666666667,25.66541666666667,25.284791666666667,2.7048351767398597,5.028377140456782,5.3533572551735675,6.177066540168528,29.148358325538872,27.31892681789406,-2.419999999999998,-0.07699650015908362,709.0754000000001,40.581799999999994,9.36,58.17,37.82,1.25,65.62,0.7,9.88
2024-01-04 21:00:00,24.01,66.93,53.02,0.72,82.19,21.38,1.3,10.1,2024,Bhatagaon,Hourly,0,0,21,4,1,3,-0.7071067811865477,0.7071067811865474,0.49999999999999994,0.8660254037844387,25.9,29.01,31.43,24.48,23.72,27.18,26.59,28.78,29.939999999999998,26.05125,25.651875,2.772165218740784,4.223268876119734,5.171527875607568,5.925557543479757,28.22025594681348,27.100630384371897,-3.110000000000003,-0.10720441227163056,1606.9893000000002,68.926,11.47,61.82,41.41,1.23,65.62,0.98,9.81
2024-01-04 22:00:00,29.71,61.23,55.42,0.55,82.19,21.38,1.26,10.04,2024,Bhatagaon,Hourly,0,0,22,4,1,3,-0.5000000000000004,0.8660254037844384,0.49999999999999994,0.8660254037844387,21.38,25.9,29.01,34.41,23.72,27.18,36.06,25.429999999999996,29.423333333333336,25.85625,25.410208333333333,3.836652186476678,5.119381473055932,5.309693162253073,5.978561059821787,26.26589710486677,26.220533402160836,-4.52,-0.1745173745173745,1819.1433,69.8292,24.01,66.93,53.02,0.72,82.19,1.3,10.1
2024-01-04 23:00:00,39.45,66.05,66.07,0.87,80.44,15.58,1.35,10.45,2024,Bhatagaon,Hourly,0,0,23,4,1,3,-0.25881904510252157,0.9659258262890681,0.49999999999999994,0.8660254037844387,21.38,21.38,25.9,34.41,23.72,34.41,45.56,22.886666666666667,27.251666666666665,25.66125,25.168541666666666,2.609623216736415,5.33988545445203,5.4367286809260875,6.020985669553943,24.869926503476265,25.475835955674555,0.0,0.0,2605.6725,89.19449999999999,29.71,61.23,55.42,0.55,82.19,1.26,10.04
2024-01-05 01:00:00,22.4,35.86,36.62,1.39,78.64,38.32,1.26,9.73,2024,Bhatagaon,Hourly,0,0,1,5,1,4,0.25881904510252074,0.9659258262890683,0.49999999999999994,0.8660254037844387,15.58,21.38,21.38,31.43,21.015,42.51,54.18,19.44666666666667,24.113333333333333,24.982916666666664,24.383958333333336,3.348631561299314,5.8045350086521506,6.160576440832277,5.991167589472684,22.215661788197334,23.953399654801547,-5.799999999999999,-0.2712815715622076,803.2639999999999,46.1412,39.45,66.05,66.07,0.87,80.44,1.35,10.45
2024-01-05 02:00:00,17.55,27.95,28.59,1.15,76.77,36.9,0.99,9.6,2024,Bhatagaon,Hourly,0,0,2,5,1,4,0.49999999999999994,0.8660254037844387,0.49999999999999994,0.8660254037844387,38.32,15.58,21.38,29.01,18.31,22.78,57.37,25.093333333333334,25.261666666666667,26.425,24.209374999999998,11.816028661666726,7.859349633822662,7.100946799867588,5.4791796260939485,26.81690127728381,26.163645861755157,22.740000000000002,1.4595635430038512,490.5225,28.3041,22.4,35.86,36.62,1.39,78.64,1.26,9.73
2024-01-05 03:00:00,12.83,26.88,23.77,1.15,73.03,28.16,0.87,9.53,2024,Bhatagaon,Hourly,0,0,3,5,1,4,0.7071067811865476,0.7071067811865476,0.49999999999999994,0.8660254037844387,36.9,38.32,15.58,25.9,22.49,22.78,26.57,30.26666666666667,26.576666666666668,27.974166666666665,24.797708333333333,12.738827784899568,9.163758326509292,7.196787740921846,6.047615408458623,29.69778662663129,27.815392652254364,-1.4200000000000017,-0.03705636743215036,344.87039999999996,20.6799,17.55,27.95,28.59,1.15,76.77,0.99,9.6
2024-01-05 04:00:00,10.92,25.72,22.11,1.64,74.13,36.0,0.83,9.55,2024,Bhatagaon,Hourly,0,0,4,5,1,4,0.8660254037844386,0.5000000000000001,0.49999999999999994,0.8660254037844387,28.16,36.9,38.32,21.38,24.48,20.6,26.57,34.46,26.953333333333333,28.446666666666662,25.021874999999998,5.501963285954905,9.176820073787454,6.987070309876355,6.069244780126264,29.258419019022348,27.868409167292157,-8.739999999999998,-0.2368563685636856,280.8624,18.3513,12.83,26.88,23.77,1.15,73.03,0.87,9.53
2024-01-05 05:00:00,9.13,28.91,21.24,2.1,72.37,32.78,0.76,9.52,2024,Bhatagaon,Hourly,0,0,5,5,1,4,0.9659258262890683,0.25881904510252074,0.49999999999999994,0.8660254037844387,36.0,28.16,36.9,21.38,34.41,20.32,22.98,33.68666666666667,29.39,29.406666666666666,25.66354166666667,4.807341607721368,9.340516045701204,7.181224678200228,6.387169285094311,31.18458501358739,29.119423141554904,7.84,0.2784090909090909,263.9483,16.1424,10.92,25.72,22.11,1.64,74.13,0.83,9.55
2024-01-05 06:00:00,6.72,26.18,18.98,2.33,67.24,26.44,0.68,9.47,2024,Bhatagaon,Hourly,0,0,6,5,1,4,1.0,6.123233995736766e-17,0.49999999999999994,0.8660254037844387,32.78,36.0,28.16,15.58,34.41,20.88,24.34,32.31333333333333,31.290000000000003,29.270833333333332,26.182708333333334,3.9407782649280296,8.507622464590305,7.0928548660972375,6.440119324300967,31.64041786684814,29.68258881208492,-3.219999999999999,-0.08944444444444441,175.9296,12.906400000000001,9.13,28.91,21.24,2.1,72.37,0.76,9.52
2024-01-05 07:00:00,5.6,23.72,16.34,1.94,63.8,24.48,0.61,9.38,2024,Bhatagaon,Hourly,0,0,7,5,1,4,0.9659258262890683,-0.25881904510252063,0.49999999999999994,0.8660254037844387,26.44,32.78,36.0,38.32,31.43,21.56,30.54,31.74,33.1,28.60666666666667,26.414375000000003,4.864113485517773,4.877704378086231,6.939371642150529,6.340304359808197,30.154584190605814,29.183728994841086,-6.34,-0.19341061622940817,132.832,9.9674,6.72,26.18,18.98,2.33,67.24,0.68,9.47
2024-01-05 08:00:00,4.1,23.7,15.51,1.82,63.04,21.06,0.61,9.43,2024,Bhatagaon,Hourly,0,0,8,5,1,4,0.8660254037844387,-0.4999999999999998,0.49999999999999994,0.8660254037844387,24.48,26.44,32.78,36.9,29.01,21.56,50.1,27.900000000000002,30.793333333333333,28.027500000000003,26.536041666666662,4.338340696625391,5.178643322982218,6.972260785035916,6.27073655252991,28.533274421861293,28.460078380250152,-1.9600000000000009,-0.07413010590015132,97.16999999999999,9.4611,5.6,23.72,16.34,1.94,63.8,0.61,9.38
2024-01-05 09:00:00,2.57,23.9,14.38,1.36,58.53,39.57,0.55,9.41,2024,Bhatagaon,Hourly,0,0,9,5,1,4,0.7071067811865476,-0.7071067811865475,0.49999999999999994,0.8660254037844387,21.06,24.48,26.44,28.16,25.9,21.27,50.57,23.993333333333336,28.153333333333332,27.365,26.515208333333334,2.7228171685461446,5.472120856365326,7.242867965360172,6.288791872496859,26.39805315847235,27.32160478328859,-3.4200000000000017,-0.13970588235294124,61.422999999999995,7.909000000000001,4.1,23.7,15.51,1.82,63.04,0.61,9.43
2024-01-05 10:00:00,1.28,26.11,14.43,1.93,52.8,50.69,0.45,9.31,2024,Bhatagaon,Hourly,0,0,10,5,1,4,0.49999999999999994,-0.8660254037844387,0.49999999999999994,0.8660254037844387,39.57,21.06,24.48,36.0,21.38,23.72,55.2,28.37,30.054999999999996,28.504166666666666,27.277708333333333,9.849065945560321,7.188362122208485,8.02436002357091,6.719816246706118,30.161466541765968,29.205973278167267,18.51,0.8789173789173791,33.4208,6.4935,2.57,23.9,14.38,1.36,58.53,0.55,9.41
2024-01-05 11:00:00,1.26,27.93,15.52,1.96,51.05,40.41,0.44,9.33,2024,Bhatagaon,Hourly,0,0,11,5,1,4,0.258819045102521,-0.9659258262890682,0.49999999999999994,0.8660254037844387,50.69,39.57,21.06,32.78,21.38,23.72,55.2,37.10666666666666,32.50333333333333,30.94666666666667,28.401458333333334,14.967806563866622,11.071196261771727,9.90023721784993,8.192671629753855,36.02676181554712,32.51120815844922,11.119999999999997,0.2810209754864796,35.1918,6.8288,1.28,26.11,14.43,1.93,52.8,0.45,9.31
2024-01-05 12:00:00,1.02,30.11,16.44,2.12,47.01,95.1,0.47,9.23,2024,Bhatagaon,Hourly,0,0,12,5,1,4,1.2246467991473532e-16,-1.0,0.49999999999999994,0.8660254037844387,40.41,50.69,39.57,26.44,15.58,23.72,50.99,43.556666666666665,33.775,32.5325,29.096874999999997,6.19190869872354,11.537702977629538,9.751535193822944,8.481282436418853,37.279115582533656,33.726406903303186,-10.280000000000001,-0.20280134148747292,30.7122,7.7268,1.26,27.93,15.52,1.96,51.05,0.44,9.33
2024-01-05 13:00:00,1.08,32.04,17.5,2.63,48.84,89.89,0.48,9.33,2024,Bhatagaon,Hourly,0,0,13,5,1,4,-0.2588190451025208,-0.9659258262890683,0.49999999999999994,0.8660254037844387,95.1,40.41,50.69,24.48,38.32,21.015,42.6,62.06666666666666,45.218333333333334,39.15916666666667,32.071041666666666,29.065794902829108,26.78375284881989,19.415010808572138,15.83837551913539,53.79936827323832,43.16849814894885,54.69,1.3533778767631774,34.6032,8.4,1.02,30.11,16.44,2.12,47.01,0.47,9.23
2024-01-05 14:00:00,1.1,34.19,18.66,2.78,49.77,52.42,0.48,9.36,2024,Bhatagaon,Hourly,0,0,14,5,1,4,-0.4999999999999997,-0.8660254037844388,0.49999999999999994,0.8660254037844387,89.89,95.1,40.41,21.06,36.9,18.31,35.11,75.13333333333333,56.12,43.45666666666667,34.94083333333334,30.183910173026383,29.79680654029892,24.304246293164304,19.552364677776335,64.11097733802737,50.35642151064903,-5.209999999999994,-0.054784437434279645,37.609,8.9568,1.08,32.04,17.5,2.63,48.84,0.48,9.33
2024-01-05 15:00:00,1.08,34.02,18.49,2.51,52.31,35.04,0.46,9.36,2024,Bhatagaon,Hourly,0,0,15,5,1,4,-0.7071067811865471,-0.7071067811865479,0.49999999999999994,0.8660254037844387,52.42,89.89,95.1,39.57,28.16,22.49,26.97,79.13666666666667,61.346666666666664,44.75,36.36208333333333,23.283497016842745,24.73793254632786,24.336540427924486,19.530624776659568,60.77069809859098,50.67389512439533,-37.47,-0.41684280787629324,36.741600000000005,8.5054,1.1,34.19,18.66,2.78,49.77,0.48,9.36
2024-01-05 16:00:00,1.22,37.03,20.21,2.53,51.12,35.04,0.41,9.39,2024,Bhatagaon,Hourly,0,0,16,5,1,4,-0.8660254037844385,-0.5000000000000004,0.49999999999999994,0.8660254037844387,35.04,52.42,89.89,50.69,36.0,24.48,25.56,59.11666666666667,60.59166666666666,45.32333333333333,36.885,28.03149359797523,25.589935065698526,23.98872967697861,19.30982246107568,53.41907007042212,48.26868048987297,-17.380000000000003,-0.3315528424265548,45.1766,8.2861,1.08,34.02,18.49,2.51,52.31,0.46,9.36
2024-01-05 17:00:00,1.49,33.61,18.54,1.5,48.61,0.98,0.36,9.39,2024,Bhatagaon,Hourly,0,0,17,5,1,4,-0.9659258262890683,-0.25881904510252063,0.49999999999999994,0.8660254037844387,35.04,35.04,52.42,40.41,32.78,34.41,27.46,40.833333333333336,57.98333333333333,45.24333333333334,37.324999999999996,10.034347678515408,27.52543599412491,24.024223129368824,19.13438312021859,48.167907193158655,46.23349887604636,0.0,0.0,50.0789,6.6743999999999994,1.22,37.03,20.21,2.53,51.12,0.41,9.39
2024-01-05 18:00:00,2.4,36.25,20.78,1.18,47.09,33.37,0.33,9.5,2024,Bhatagaon,Hourly,0,0,18,5,1,4,-1.0,-1.8369701987210297e-16,0.49999999999999994,0.8660254037844387,0.98,35.04,35.04,95.1,26.44,34.41,27.46,23.686666666666667,51.41166666666667,42.593333333333334,35.93208333333333,19.664550168598534,35.97133659827873,27.083094805476485,20.52227082510224,34.68564799511333,39.27142212588538,-34.06,-0.9720319634703197,87.0,6.857400000000001,1.49,33.61,18.54,1.5,48.61,0.36,9.39
2024-01-05 19:00:00,3.08,41.26,23.58,1.38,44.04,36.682,0.4,9.58,2024,Bhatagaon,Hourly,1,4,19,5,1,4,-0.9659258262890684,0.2588190451025203,0.49999999999999994,0.8660254037844387,33.37,0.98,35.04,89.89,24.48,31.43,24.59,23.129999999999995,41.12333333333333,43.17083333333333,35.88875,19.20062759390941,29.15962185397245,26.77952388005484,20.526721992584974,34.309748567938094,38.363511029595315,32.39,33.05102040816327,127.0808,9.432,2.4,36.25,20.78,1.18,47.09,0.33,9.5
2024-01-05 20:00:00,6.64,39.99,26.14,1.18,40.85,39.994,0.49,9.6,2024,Bhatagaon,Hourly,1,4,20,5,1,4,-0.8660254037844386,0.5000000000000001,0.49999999999999994,0.8660254037844387,36.682,33.37,0.98,52.42,21.06,29.01,24.59,23.677333333333333,32.25533333333333,44.187666666666665,36.10758333333333,19.7261005100686,16.858866233132876,26.23135216191547,20.50510513721907,34.987534691384354,38.104817025042195,3.3120000000000047,0.09925082409349731,265.5336,12.8086,3.08,41.26,23.58,1.38,44.04,0.4,9.58
2024-01-05 21:00:00,7.63,40.36,26.32,0.98,42.76,43.306,0.69,9.65,2024,Bhatagaon,Hourly,1,4,21,5,1,4,-0.7071067811865477,0.7071067811865474,0.49999999999999994,0.8660254037844387,39.994,36.682,33.37,35.04,39.57,25.9,17.09,36.681999999999995,30.18433333333333,45.765499999999996,36.56525,3.31199999999918,14.482028775923208,25.265401022310822,20.46233685335089,36.417953350988824,38.395460559651085,3.3119999999999976,0.09028951529360442,307.9468,18.1608,6.64,39.99,26.14,1.18,40.85,0.49,9.6
2024-01-06 06:00:00,4.68,5.46,7.59,1.58,95.47,35.2,0.7,10.36,2024,Bhatagaon,Hourly,0,0,6,6,1,5,1.0,6.123233995736766e-17,0.49999999999999994,0.8660254037844387,35.2,34.18,32.01,49.93,0.98,32.78,20.32,33.796666666666674,35.901666666666664,33.61290909090909,39.68095652173913,1.6291817987346788,7.091469288283479,12.214477323689032,19.791003988218026,35.273753986538836,36.68821288409103,1.0200000000000031,0.029842012873025254,25.552799999999998,5.313,4.06,5.06,7.05,1.32,95.47,0.66,10.26
2024-01-06 07:00:00,6.45,8.2,10.61,1.64,100.39,38.53,0.72,10.47,2024,Bhatagaon,Hourly,0,0,7,6,1,5,0.9659258262890683,-0.25881904510252063,0.49999999999999994,0.8660254037844387,35.2,35.2,34.18,33.82,33.37,26.44,20.88,34.86000000000001,33.446666666666665,36.72381818181818,39.78617391304348,0.5888972745691369,1.9483702591314154,5.684112557263493,19.75905500052661,35.252681418956314,36.459257055769335,0.0,0.0,52.88999999999999,7.639199999999999,4.68,5.46,7.59,1.58,95.47,0.7,10.36
2024-01-06 08:00:00,6.08,7.48,9.93,1.9,100.39,38.53,0.7,10.5,2024,Bhatagaon,Hourly,0,0,8,6,1,5,0.8660254037844387,-0.4999999999999998,0.49999999999999994,0.8660254037844387,38.53,35.2,35.2,30.27,36.682,24.48,21.56,36.31,34.23166666666667,37.19290909090909,40.311826086956515,1.9225763964001183,2.863015310239855,5.591824772908501,19.547550508375007,36.189058156397365,36.77783289334329,3.3299999999999983,0.09460227272727267,45.4784,6.951,6.45,8.2,10.61,1.64,100.39,0.72,10.47
2024-01-06 09:00:00,3.87,4.16,6.42,1.75,99.63,38.36,0.71,10.44,2024,Bhatagaon,Hourly,0,0,9,6,1,5,0.7071067811865476,-0.7071067811865475,0.49999999999999994,0.8660254037844387,38.53,38.53,35.2,32.01,39.994,21.06,21.56,37.42000000000001,35.608333333333334,37.3609090909091,40.922695652173914,1.922576396400099,2.5453441155701935,5.60269009413453,19.247542403771494,36.857898683140974,37.04739706359817,0.0,0.0,16.0992,4.558199999999999,6.08,7.48,9.93,1.9,100.39,0.7,10.5
2024-01-06 10:00:00,2.75,2.81,4.81,1.79,105.72,43.04,0.8,10.26,2024,Bhatagaon,Hourly,0,0,10,6,1,5,0.49999999999999994,-0.8660254037844387,0.49999999999999994,0.8660254037844387,38.36,38.53,38.53,34.18,43.306,39.57,21.27,38.47333333333333,36.666666666666664,37.21236363636364,41.674869565217385,0.09814954573539009,2.0148018926603677,5.547284511772365,18.76810843208709,37.28707048795784,37.24933597689076,-0.1700000000000017,-0.0044121463794446324,7.7275,3.848,3.87,4.16,6.42,1.75,99.63,0.71,10.44
2024-01-06 12:00:00,2.61,2.92,4.76,2.0,107.43,43.38,0.76,9.7,2024,Bhatagaon,Hourly,0,0,12,6,1,5,1.2246467991473532e-16,-1.0,0.49999999999999994,0.8660254037844387,43.38,43.04,38.36,35.2,49.93,40.41,23.72,41.593333333333334,39.50666666666667,37.704166666666666,41.50791304347826,2.8053044992171423,3.1386982439648072,5.557058506298808,18.669065998726975,40.201974738754,38.94632930889812,0.3400000000000034,0.007899628252788183,7.621199999999999,3.6176,2.63,2.64,4.63,1.81,107.43,0.78,10.03
2024-01-06 13:00:00,2.6,2.56,4.57,1.27,95.81,40.29,0.69,9.81,2024,Bhatagaon,Hourly,0,0,13,6,1,5,-0.2588190451025208,-0.9659258262890683,0.49999999999999994,0.8660254037844387,43.38,43.38,43.04,38.53,33.82,95.1,23.72,43.26666666666667,40.87,37.15833333333333,41.63704347826087,0.19629909151054575,2.629083490496466,4.460521439826881,18.671398076587327,41.10998195625285,39.62843249214457,0.0,0.0,6.656000000000001,3.1532999999999998,2.61,2.92,4.76,2.0,107.43,0.76,9.7
2024-01-06 14:00:00,2.62,2.81,4.71,1.68,76.94,34.12,0.57,9.76,2024,Bhatagaon,Hourly,0,0,14,6,1,5,-0.4999999999999997,-0.8660254037844388,0.49999999999999994,0.8660254037844387,40.29,43.38,43.38,38.53,30.27,89.89,21.015,42.35,41.163333333333334,37.6975,39.254,1.784012331794424,2.404368246893089,4.411073101762724,14.589187353528825,40.87570139732347,39.73021210873771,-3.0900000000000034,-0.07123098201936384,7.3622000000000005,2.6847,2.6,2.56,4.57,1.27,95.81,0.69,9.81
2024-01-06 15:00:00,2.62,2.83,4.73,1.54,66.33,27.83,0.49,9.69,2024,Bhatagaon,Hourly,0,0,15,6,1,5,-0.7071067811865471,-0.7071067811865479,0.49999999999999994,0.8660254037844387,34.12,40.29,43.38,38.36,32.01,52.42,18.31,39.263333333333335,40.428333333333335,38.01833333333334,36.82921739130435,4.7145978973108695,3.6969631681513637,3.936181429053788,9.557719064887925,38.94550099808819,38.86710255354729,-6.170000000000002,-0.15313973690742125,7.4146,2.3177000000000003,2.62,2.81,4.71,1.68,76.94,0.57,9.76
2024-01-06 16:00:00,2.66,2.41,4.52,0.92,54.3,26.09,0.41,9.56,2024,Bhatagaon,Hourly,0,0,16,6,1,5,-0.8660254037844385,-0.5000000000000004,0.49999999999999994,0.8660254037844387,27.83,34.12,40.29,43.04,34.18,35.04,22.49,34.08,38.67333333333334,37.67,35.76008695652174,6.2300963074414035,6.392144136881444,4.638522492032847,9.098759545389921,35.769643570062996,37.16908677607847,-6.289999999999999,-0.1843493552168816,6.4106000000000005,1.8531999999999997,2.62,2.83,4.73,1.54,66.33,0.49,9.69
2024-01-06 17:00:00,2.61,2.17,4.35,0.91,48.69,23.43,0.35,9.7,2024,Bhatagaon,Hourly,0,0,17,6,1,5,-0.9659258262890683,-0.25881904510252063,0.49999999999999994,0.8660254037844387,26.09,27.83,34.12,43.38,35.2,35.04,24.48,29.346666666666664,35.84833333333333,36.99583333333334,35.370956521739124,4.224385556898025,7.690075205527442,5.6659837600985705,9.31965834078347,33.004031121473574,35.464611887451014,-1.7399999999999984,-0.06252245777937472,5.6636999999999995,1.5224999999999997,2.66,2.41,4.52,0.92,54.3,0.41,9.56
2024-01-06 18:00:00,2.57,2.26,4.39,0.79,48.69,20.64,0.35,9.73,2024,Bhatagaon,Hourly,0,0,18,6,1,5,-1.0,-1.8369701987210297e-16,0.49999999999999994,0.8660254037844387,23.43,26.09,27.83,43.38,35.2,0.98,34.41,25.78333333333333,32.52333333333333,36.015,34.86617391304348,2.2159723223291525,8.085066893147394,6.891361522686752,9.647065213893232,30.268593658195407,33.61313313553547,-2.66,-0.10195477194327329,5.808199999999999,1.5364999999999998,2.61,2.17,4.35,0.91,48.69,0.35,9.7
2024-01-06 19:00:00,2.66,3.08,4.88,0.76,46.71,19.61,0.49,9.81,2024,Bhatagaon,Hourly,0,0,19,6,1,5,-0.9659258262890684,0.2588190451025203,0.49999999999999994,0.8660254037844387,20.64,23.43,26.09,40.29,38.53,33.37,34.41,23.386666666666667,28.733333333333334,34.80166666666667,35.72095652173913,2.7252583975338935,7.266406723179496,8.204542902711168,7.021898522597868,27.517566898711006,31.617266499299244,-2.789999999999999,-0.11907810499359792,8.1928,2.3912,2.57,2.26,4.39,0.79,48.69,0.35,9.73
2024-01-06 20:00:00,2.71,2.19,4.45,0.84,56.11,21.41,0.8,9.85,2024,Bhatagaon,Hourly,0,0,20,6,1,5,-0.8660254037844386,0.5000000000000001,0.49999999999999994,0.8660254037844387,19.61,20.64,23.43,34.12,38.53,36.682,31.43,21.226666666666663,25.286666666666665,33.225,35.12269565217391,1.9764193212294665,5.336758067091698,9.182569951222533,7.776886350735432,25.25826207050786,29.769994730176286,-1.0300000000000011,-0.04990310077519385,5.9349,3.5600000000000005,2.66,3.08,4.88,0.76,46.71,0.49,9.81
2024-01-06 21:00:00,4.21,5.95,7.64,1.95,73.19,24.96,1.17,9.89,2024,Bhatagaon,Hourly,0,0,21,6,1,5,-0.7071067811865477,0.7071067811865474,0.49999999999999994,0.8660254037844387,21.41,19.61,20.64,27.83,38.36,39.994,29.01,20.553333333333335,23.168333333333333,31.798333333333332,34.45869565217391,0.9031242070331125,3.2398050352866004,9.603702726584693,8.273795251135338,24.15875862179133,28.48384169476455,1.8000000000000007,0.09178990311065786,25.049500000000002,8.938799999999999,2.71,2.19,4.45,0.84,56.11,0.8,9.85
2024-01-06 22:00:00,5.77,9.69,10.69,2.04,104.53,32.68,1.21,10.52,2024,Bhatagaon,Hourly,0,0,22,6,1,5,-0.5000000000000004,0.8660254037844384,0.49999999999999994,0.8660254037844387,24.96,21.41,19.61,26.09,43.04,43.306,25.9,21.99333333333333,22.689999999999998,30.68166666666666,33.80504347826087,2.7222845797838793,2.552951233377122,9.550279228029808,8.409366398564085,24.38768472985095,27.941712203262313,3.5500000000000007,0.16581036898645496,55.91129999999999,12.934899999999999,4.21,5.95,7.64,1.95,73.19,1.17,9.89
2024-01-07 00:00:00,5.168,9.3512,10.231599999999998,2.104,104.1154,32.5048,1.0048,10.4484,2024,Bhatagaon,Hourly,1,24,0,7,1,6,0.0,1.0,0.49999999999999994,0.8660254037844387,32.68,32.68,24.96,20.64,43.38,49.93,21.38,30.106666666666666,25.330000000000002,28.926666666666666,33.31541666666667,4.457144078143364,5.970976469556856,7.747940879923665,7.973579731330605,28.449226902985174,29.28749808635941,0.0,0.0,48.3270016,10.280711679999998,5.11,9.48,10.2,2.06,104.53,1.01,10.46
2024-01-08 01:00:00,6.618,6.1312,11.0216,3.204,93.7504,28.1248,0.8748,10.1584,2024,Bhatagaon,Hourly,1,24,1,8,1,0,0.25881904510252074,0.9659258262890683,0.49999999999999994,0.8660254037844387,32.5048,32.68,32.68,19.61,40.29,33.82,15.58,32.6216,27.307466666666667,28.020400000000006,32.58936666666667,0.10115176713691491,6.070950642746839,6.427107571698664,7.145246365708387,29.60796207356084,29.782467611534884,-0.1751999999999967,-0.0053610771113830075,40.5762816,9.64169568,5.168,9.3512,10.231599999999998,2.104,104.1154,1.0048,10.4484
2024-01-08 02:00:00,6.676,6.0024,11.0532,3.248,93.3358,27.9496,0.8695999999999999,10.1468,2024,Bhatagaon,Hourly,1,24,2,8,1,0,0.49999999999999994,0.8660254037844387,0.49999999999999994,0.8660254037844387,28.1248,32.5048,32.68,21.41,34.12,30.27,38.32,31.1032,28.7266,27.006633333333337,32.352066666666666,2.5808571599364116,4.766877651461334,5.147991400596025,7.196982989792639,29.184201481114883,29.5274418251449,-4.380000000000003,-0.13474932932982212,40.0720224,9.61186272,6.618,6.1312,11.0216,3.204,93.7504,0.8748,10.1584
2024-01-10 02:00:00,4.66,4.94,6.24,5.85,26.75,9.41,0.46,9.61,2024,Bhatagaon,Hourly,0,0,2,10,1,2,0.49999999999999994,0.8660254037844387,0.49999999999999994,0.8660254037844387,10.68,4.55,5.25,9.58,3.38,23.92,32.5048,6.826666666666665,7.798333333333332,6.818333333333334,8.825833333333334,3.3553887007816763,2.5345091569506577,2.627269004925551,5.886543916031388,7.624562083451021,7.712543707576334,6.13,1.3472527472527474,23.020400000000002,2.8704,5.28,5.19,6.95,5.61,28.2,0.42,9.62
2024-01-10 03:00:00,3.15,4.42,4.83,5.84,23.84,6.61,0.4,9.61,2024,Bhatagaon,Hourly,0,0,3,10,1,2,0.7071067811865476,0.7071067811865476,0.49999999999999994,0.8660254037844387,9.41,10.68,4.55,9.58,2.36,23.92,28.1248,8.213333333333333,7.77,7.320833333333333,8.22125,3.2354649331020964,2.511453762266004,2.482529715407019,4.9375097688404805,8.134687202465015,7.973690829487667,-1.2699999999999996,-0.11891385767790258,13.923,1.9320000000000002,4.66,4.94,6.24,5.85,26.75,0.46,9.61
2024-01-10 04:00:00,2.63,3.78,4.09,5.45,19.11,6.47,0.35,9.61,2024,Bhatagaon,Hourly,0,0,4,10,1,2,0.8660254037844386,0.5000000000000001,0.49999999999999994,0.8660254037844387,6.61,9.41,10.68,7.15,5.61,19.11,27.9496,8.9,7.2749999999999995,7.675,7.5,2.0823784478331544,2.3721867548740905,1.9582622166326378,3.637830218091011,7.699062287475011,7.763892240335719,-2.8,-0.29755579171094576,9.9414,1.4314999999999998,3.15,4.42,4.83,5.84,23.84,0.4,9.61
2024-01-11 03:00:00,34.74,10.28,31.86,9.93,213.326,105.632,0.87,9.63,2024,Bhatagaon,Hourly,1,3,3,11,1,3,0.7071067811865476,0.7071067811865476,0.49999999999999994,0.8660254037844387,83.044,60.456,15.28,14.81,18.23,9.41,23.92,52.92666666666667,34.20333333333333,23.956666666666667,17.466666666666665,34.50373993255417,29.950189332734887,22.907652430547916,17.485499837857468,43.68000676458708,30.83698356061886,22.587999999999994,0.37362710070133637,357.1272,27.7182,35.79,12.81,33.66,12.31,171.812,1.17,9.64
2024-01-11 04:00:00,30.35,9.91,27.94,8.05,254.84,128.22,1.03,9.63,2024,Bhatagaon,Hourly,0,0,4,11,1,3,0.8660254037844386,0.5000000000000001,0.49999999999999994,0.8660254037844387,105.632,83.044,60.456,15.83,13.7,6.61,23.92,83.044,49.34033333333334,31.240166666666664,21.475916666666667,22.588,39.58850751249239,32.71618842500767,24.982185196858744,61.380576260419346,42.343909166677506,22.588000000000008,0.2720003853378933,300.7685,28.778200000000002,34.74,10.28,31.86,9.93,213.326,0.87,9.63
2024-01-11 05:00:00,25.15,9.73,23.84,6.93,176.44,121.15,1.0,9.62,2024,Bhatagaon,Hourly,0,0,5,11,1,3,0.9659258262890683,0.25881904510252074,0.49999999999999994,0.8660254037844387,128.22,105.632,83.044,15.8,13.03,6.47,19.11,105.63199999999999,68.072,40.7835,26.543000000000003,22.58800000000001,46.54042757001701,42.403223429142955,32.91069346500965,80.4775544717281,55.555615448727124,22.587999999999994,0.21383671614662217,244.7095,23.84,30.35,9.91,27.94,8.05,254.84,1.03,9.63
2024-01-11 06:00:00,20.75,10.47,20.47,6.28,115.11,52.29,0.96,9.63,2024,Bhatagaon,Hourly,0,0,6,11,1,3,1.0,6.123233995736766e-17,0.49999999999999994,0.8660254037844387,121.15,128.22,105.632,15.28,11.63,6.27,13.78,118.334,85.63033333333334,49.7935,31.32133333333333,11.55429911331712,42.579804309868145,47.186981341159225,37.82752389541211,92.0982531940915,65.64705922584602,-7.069999999999993,-0.055139603805958455,217.25250000000003,19.6512,25.15,9.73,23.84,6.93,176.44,1.0,9.62
2024-01-11 07:00:00,17.58,9.55,17.71,5.43,93.17,52.29,0.75,9.62,2024,Bhatagaon,Hourly,0,0,7,11,1,3,0.9659258262890683,-0.25881904510252063,0.49999999999999994,0.8660254037844387,52.29,121.15,128.22,60.456,12.28,7.44,9.31,100.55333333333334,91.79866666666668,53.18183333333334,33.23883333333334,41.946492503346846,31.620616962144585,45.63166109349423,37.668501605298935,80.72446656720821,63.59212703725432,-68.86000000000001,-0.5683862979777137,167.889,13.2825,20.75,10.47,20.47,6.28,115.11,0.96,9.63
2024-01-11 08:00:00,16.36,9.17,16.3,5.25,58.91,29.91,0.87,9.63,2024,Bhatagaon,Hourly,0,0,8,11,1,3,0.8660254037844387,-0.4999999999999998,0.49999999999999994,0.8660254037844387,52.29,52.29,121.15,83.044,13.39,7.23,9.31,75.24333333333334,90.43766666666666,56.516,35.10758333333333,39.75633953639761,33.366975132107285,43.79618997957782,37.44481273405447,72.60033326229158,61.85333826229212,0.0,0.0,150.0212,14.181000000000001,17.58,9.55,17.71,5.43,93.17,0.75,9.62
2024-01-11 09:00:00,14.25,12.39,15.25,5.75,121.06,108.72,0.9,9.63,2024,Bhatagaon,Hourly,0,0,9,11,1,3,0.7071067811865476,-0.7071067811865475,0.49999999999999994,0.8660254037844387,29.91,52.29,52.29,105.632,14.81,8.23,6.77,44.830000000000005,81.58200000000001,57.89266666666666,36.05258333333333,12.921099024463672,41.72570018585667,42.55953439879745,36.99415032244575,60.40309518735113,56.93897852963179,-22.38,-0.4279977051061388,176.5575,13.725,16.36,9.17,16.3,5.25,58.91,0.87,9.63
2024-01-11 10:00:00,9.45,14.19,13.01,5.65,183.96,108.72,0.97,9.63,2024,Bhatagaon,Hourly,0,0,10,11,1,3,0.49999999999999994,-0.8660254037844387,0.49999999999999994,0.8660254037844387,108.72,29.91,52.29,128.22,15.83,13.51,4.86,63.64000000000001,82.09666666666668,65.71849999999999,40.23966666666667,40.61244759922747,42.09904876201677,42.55139276536935,39.32182817487629,74.20792513382223,64.90528952507306,78.81,2.6349047141424276,134.0955,12.6197,14.25,12.39,15.25,5.75,121.06,0.9,9.63
2024-01-11 11:00:00,4.1,13.51,8.97,5.18,183.96,80.86,0.92,9.63,2024,Bhatagaon,Hourly,0,0,11,11,1,3,0.258819045102521,-0.9659258262890682,0.49999999999999994,0.8660254037844387,108.72,108.72,29.91,121.15,15.8,13.49,4.76,82.44999999999999,78.84666666666666,73.45933333333333,44.20675,45.50097471483439,38.41800237735775,41.07426959530599,41.26274080050388,84.06851795273016,71.64601421352336,0.0,0.0,55.39099999999999,8.252400000000002,9.45,14.19,13.01,5.65,183.96,0.97,9.63
2024-01-11 12:00:00,1.81,11.04,5.85,5.89,105.81,53.59,0.78,9.63,2024,Bhatagaon,Hourly,0,0,12,11,1,3,1.2246467991473532e-16,-1.0,0.49999999999999994,0.8660254037844387,80.86,108.72,108.72,52.29,15.28,16.54,4.68,99.43333333333332,72.13166666666666,78.881,47.01383333333334,16.08497849962297,32.63019669978509,36.84795462930929,41.37366611712112,83.1517985376644,73.06355048836592,-27.86,-0.25625459896983077,19.9824,4.563,4.1,13.51,8.97,5.18,183.96,0.92,9.63
2024-01-11 13:00:00,0.59,9.99,4.31,5.28,74.02,53.59,0.74,9.62,2024,Bhatagaon,Hourly,0,0,13,11,1,3,-0.2588190451025208,-0.9659258262890683,0.49999999999999994,0.8660254037844387,53.59,80.86,108.72,52.29,60.456,17.56,4.79,81.05666666666667,72.34833333333334,82.07350000000001,48.55758333333333,27.565526175520972,32.47604866153926,32.20351783296635,40.8753892234272,74.70557038404601,70.06761964400192,-27.269999999999996,-0.33724956715310406,5.8941,3.1893999999999996,1.81,11.04,5.85,5.89,105.81,0.78,9.63
2024-01-11 14:00:00,0.17,10.25,4.1,5.26,71.09,25.83,0.65,9.62,2024,Bhatagaon,Hourly,0,0,14,11,1,3,-0.4999999999999997,-0.8660254037844388,0.49999999999999994,0.8660254037844387,53.59,53.59,80.86,29.91,83.044,18.96,4.79,62.68,72.565,81.50133333333333,50.058833333333325,15.744341840801004,32.31942248865222,32.67998711842778,40.34564047530192,68.67255027431858,67.5326012372324,0.0,0.0,1.7425000000000002,2.665,0.59,9.99,4.31,5.28,74.02,0.74,9.62
2024-01-11 15:00:00,0.25,10.39,4.13,5.04,71.09,28.98,0.6,9.62,2024,Bhatagaon,Hourly,0,0,15,11,1,3,-0.7071067811865471,-0.7071067811865479,0.49999999999999994,0.8660254037844387,25.83,53.59,53.59,108.72,105.632,18.23,3.38,44.336666666666666,71.885,76.7335,50.34508333333334,16.027243472703887,33.42053904412673,36.39671295972656,40.13924601002895,56.431821624513276,61.11681643150434,-27.760000000000005,-0.5180070908751634,2.5975,2.4779999999999998,0.17,10.25,4.1,5.26,71.09,0.65,9.62
2024-01-11 16:00:00,0.36,9.94,4.11,4.88,54.87,28.98,0.53,9.62,2024,Bhatagaon,Hourly,0,0,16,11,1,3,-0.8660254037844385,-0.5000000000000004,0.49999999999999994,0.8660254037844387,28.98,25.83,53.59,108.72,128.22,13.7,2.36,36.13333333333333,58.595,70.34583333333333,50.793000000000006,15.199737936337216,31.651032684574435,37.57123402970884,39.824032355394145,48.58844401750949,56.17269082665752,3.150000000000002,0.12195121951219522,3.5784,2.1783,0.25,10.39,4.13,5.04,71.09,0.6,9.62
2024-01-11 17:00:00,0.24,10.17,4.03,6.06,52.43,14.9,0.5,9.61,2024,Bhatagaon,Hourly,0,0,17,11,1,3,-0.9659258262890683,-0.25881904510252063,0.49999999999999994,0.8660254037844387,28.98,28.98,25.83,80.86,121.15,13.03,5.61,27.929999999999996,45.30500000000001,62.07583333333334,51.42966666666667,1.8186533479458942,21.511519472133976,34.46813032836759,39.324248395666245,42.98603144107821,51.989199930248674,0.0,0.0,2.4408,2.015,0.36,9.94,4.11,4.88,54.87,0.53,9.62
2024-01-11 18:00:00,0.16,9.95,3.95,5.43,49.45,21.34,0.72,9.61,2024,Bhatagaon,Hourly,0,0,18,11,1,3,-1.0,-1.8369701987210297e-16,0.49999999999999994,0.8660254037844387,14.9,28.98,28.98,53.59,52.29,11.63,6.92,24.286666666666665,34.31166666666667,53.221666666666664,51.507583333333336,8.129091790189598,15.804512541254347,31.426131232501795,39.24663165598522,34.96145102934158,46.28316917174888,-14.08,-0.4858523119392685,1.5919999999999999,2.844,0.24,10.17,4.03,6.06,52.43,0.5,9.61
2024-01-11 19:00:00,1.86,13.52,7.18,6.07,63.34,24.74,1.15,9.63,2024,Bhatagaon,Hourly,0,0,19,11,1,3,-0.9659258262890684,0.2588190451025203,0.49999999999999994,0.8660254037844387,21.34,14.9,28.98,53.59,52.29,12.28,8.38,21.74,28.936666666666667,50.642500000000005,51.91216666666667,7.0485175746389706,13.207417108074761,32.75163621866854,38.865872558198745,31.06960787810113,42.445758529941365,6.4399999999999995,0.4322147651006711,25.1472,8.257,0.16,9.95,3.95,5.43,49.45,0.72,9.61
2024-01-11 20:00:00,5.95,15.28,11.38,6.37,113.65,53.91,1.61,9.63,2024,Bhatagaon,Hourly,0,0,20,11,1,3,-0.8660254037844386,0.5000000000000001,0.49999999999999994,0.8660254037844387,24.74,21.34,14.9,25.83,29.91,13.39,8.38,20.326666666666668,24.128333333333334,48.34666666666667,52.431333333333335,4.997652782389716,5.353206204384982,33.580759462236806,38.393805169093625,29.26114848435795,39.721795679181156,3.3999999999999986,0.15932521087160256,90.916,18.321800000000003,1.86,13.52,7.18,6.07,63.34,1.15,9.63
2024-01-11 21:00:00,19.53,16.73,23.02,8.51,96.862,43.49,1.36,9.63,2024,Bhatagaon,Hourly,1,26,21,11,1,3,-0.7071067811865477,0.7071067811865474,0.49999999999999994,0.8660254037844387,53.91,24.74,21.34,28.98,108.72,14.81,9.58,33.330000000000005,28.808333333333334,50.346666666666664,54.11966666666667,17.90369514932588,13.385975372256809,33.09405531163713,37.482452597897385,36.303677488827105,41.90459634392251,29.169999999999998,1.1790622473726757,326.73690000000005,31.3072,5.95,15.28,11.38,6.37,113.65,1.61,9.63
2024-01-11 22:00:00,40.63,17.15,39.9,11.13,80.07400000000001,33.06999999999999,1.69,9.62,2024,Bhatagaon,Hourly,1,26,22,11,1,3,-0.5000000000000004,0.8660254037844384,0.49999999999999994,0.8660254037844387,43.49,53.91,24.74,28.98,108.72,15.83,9.58,40.71333333333333,31.22666666666667,44.91083333333333,55.31466666666666,14.781902223101358,14.67210641546284,27.522503010622014,36.6220147222793,38.35691249201936,42.14850459870367,-10.419999999999995,-0.1932851048043034,696.8045,67.431,19.53,16.73,23.02,8.51,96.862,1.36,9.63
2024-01-11 23:00:00,56.64,16.38,51.52,11.47,63.28600000000001,22.65,1.8,9.63,2024,Bhatagaon,Hourly,1,26,23,11,1,3,-0.25881904510252157,0.9659258262890681,0.49999999999999994,0.8660254037844387,33.06999999999999,43.49,53.91,14.9,80.86,15.8,7.15,43.49,31.90833333333333,38.60666666666667,56.032999999999994,10.419999999999797,14.641829689853171,18.887358125733147,35.97726175625741,36.84636606572811,40.75181158351849,-10.420000000000009,-0.23959530926649825,927.7632,92.736,40.63,17.15,39.9,11.13,80.07400000000001,1.69,9.62
2024-01-12 01:00:00,56.643625909410936,16.38886646327153,51.52779394508332,4.13,29.71,1.81,0.71,8.21,2024,Bhatagaon,Hourly,1,26,1,12,1,4,0.25881904510252074,0.9659258262890683,0.49999999999999994,0.8660254037844387,22.65,33.06999999999999,43.49,21.34,53.59,15.28,5.25,33.07,33.199999999999996,33.755833333333335,56.31841666666667,10.419999999999758,13.102204394681038,13.85299210104143,35.670065793770064,32.790261475520076,37.96691749374641,-10.419999999999995,-0.3150892047172663,928.3248210248432,36.58473370100916,56.64,16.38,51.52,11.47,63.28600000000001,1.8,9.63
2024-01-12 02:00:00,56.64543886411641,16.3932996949073,51.53169091762497,4.24,30.31,0.11,0.63,8.21,2024,Bhatagaon,Hourly,1,26,2,12,1,4,0.49999999999999994,0.8660254037844387,0.49999999999999994,0.8660254037844387,1.81,22.65,33.06999999999999,24.74,53.59,60.456,4.55,19.176666666666666,29.944999999999997,29.440833333333334,55.75716666666667,15.91681291381309,18.107684280437383,15.11973632426018,36.4414888156542,23.938758196800055,32.404314802400805,-20.84,-0.9200883002207506,928.6056556490096,32.46496527810373,56.643625909410936,16.38886646327153,51.52779394508332,4.13,29.71,0.71,8.21
2024-01-12 03:00:00,56.64725181882187,16.397732926543064,51.53558789016663,4.44,25.29,0.01,0.58,8.21,2024,Bhatagaon,Hourly,1,26,3,12,1,4,0.7071067811865476,0.7071067811865476,0.49999999999999994,0.8660254037844387,0.11,1.81,22.65,53.91,25.83,83.044,10.68,8.190000000000003,25.84,24.984166666666667,53.24275,12.551541737969604,21.915155486557676,15.235853920833286,38.1452496321626,17.130541569142895,27.435958678954528,-1.7,-0.9392265193370165,928.8865063476719,29.890640976296645,56.64543886411641,16.3932996949073,51.53169091762497,4.24,30.31,0.63,8.21
2024-01-12 04:00:00,,,,4.6,20.15,3.57,0.55,8.21,2024,Bhatagaon,Hourly,1,26,4,12,1,4,0.8660254037844386,0.5000000000000001,0.49999999999999994,0.8660254037844387,0.01,0.11,1.81,43.49,28.98,105.632,9.41,0.6433333333333358,16.856666666666666,22.8325,49.78300000000001,1.011599393695817,18.954854435385826,16.843885389066305,39.078914523663876,12.238958263673497,23.21658042065383,-0.1,-0.9090909090909092,,,56.64725181882187,16.397732926543064,51.53558789016663,4.44,25.29,0.58,8.21
2024-01-12 05:00:00,,,,4.26,31.04,4.81,0.53,8.21,2024,Bhatagaon,Hourly,1,26,5,12,1,4,0.9659258262890683,0.25881904510252074,0.49999999999999994,0.8660254037844387,3.57,0.01,0.11,33.06999999999999,28.98,128.22,6.61,1.2300000000000024,10.203333333333331,20.715,45.53041666666667,2.027116178217829,14.128216683880012,17.581828687596786,38.282257949759,9.762113045481069,20.194029586707085,3.56,356.0,,,,,,4.6,20.15,0.55,8.21
2024-01-12 06:00:00,,,,4.46,29.57,19.74,0.51,8.21,2024,Bhatagaon,Hourly,1,26,6,12,1,4,1.0,6.123233995736766e-17,0.49999999999999994,0.8660254037844387,4.81,3.57,0.01,22.65,14.9,121.15,6.47,2.796666666666669,5.493333333333333,18.700833333333332,40.38833333333333,2.4916928649666907,8.615469033469134,17.929924432398387,34.82454152969749,8.34722360391505,17.82725580413676,1.2399999999999998,0.3473389355742296,,,,,,4.26,31.04,0.53,8.21
2024-01-12 07:00:00,,,,4.7,27.96,32.71,0.47,8.62,2024,Bhatagaon,Hourly,1,26,7,12,1,4,0.9659258262890683,-0.25881904510252063,0.49999999999999994,0.8660254037844387,19.74,4.81,3.57,1.81,21.34,52.29,6.27,9.373333333333335,5.008333333333333,19.104166666666668,36.16291666666667,8.99917959223653,7.4610519812333145,17.891047765614974,30.480661934950756,11.602302574225035,18.121524141961874,14.93,3.1039501039501043,,,,,,4.46,29.57,0.51,8.21
2024-01-12 08:00:00,,,,5.65,36.91,5.89,0.56,9.18,2024,Bhatagaon,Hourly,1,26,8,12,1,4,0.8660254037844387,-0.4999999999999998,0.49999999999999994,0.8660254037844387,32.71,19.74,4.81,0.11,24.74,52.29,7.44,19.08666666666667,10.158333333333333,20.051666666666666,35.34708333333333,13.96146959790864,13.238991527554719,18.31624258477278,30.291692860264217,17.633073267303594,20.36590504319851,12.970000000000002,0.6570415400202636,,,,,,4.7,27.96,0.47,8.62
2024-01-12 09:00:00,,,,5.84,43.65,36.42,0.63,9.35,2024,Bhatagaon,Hourly,1,26,9,12,1,4,0.7071067811865476,-0.7071067811865475,0.49999999999999994,0.8660254037844387,5.89,32.71,19.74,0.01,53.91,29.91,7.23,19.44666666666667,11.121666666666664,18.480833333333333,33.41375,13.412405948722519,12.554171285539544,18.68225772726306,30.64200283108143,14.277909476645425,18.138842728860276,-26.82,-0.819932742280648,,,,,,5.65,36.91,0.56,9.18
2024-01-12 10:00:00,,,,6.45,40.41,48.64,0.72,10.01,2024,Bhatagaon,Hourly,1,26,10,12,1,4,0.49999999999999994,-0.8660254037844387,0.49999999999999994,0.8660254037844387,36.42,5.89,32.71,3.57,43.49,108.72,8.23,25.00666666666667,17.189999999999998,17.023333333333333,33.685,16.659118624144785,14.721580078238851,16.181893547662472,30.638452112110517,20.60422105474673,20.951328462881772,30.53,5.183361629881155,,,,,,5.84,43.65,0.63,9.35
2024-01-12 11:00:00,,,,6.81,42.6,58.64,0.74,10.15,2024,Bhatagaon,Hourly,1,26,11,12,1,4,0.258819045102521,-0.9659258262890682,0.49999999999999994,0.8660254037844387,48.64,36.42,5.89,4.81,33.06999999999999,108.72,13.51,30.316666666666674,24.701666666666668,17.4525,31.18166666666667,22.0188245220613,17.59927204933959,16.99547914486785,26.402766433885702,28.614443610533378,25.211124083976884,12.219999999999999,0.33552992861065345,,,,,,6.45,40.41,0.72,10.01
2024-01-12 12:00:00,,,,6.58,43.56,58.64,0.75,9.99,2024,Bhatagaon,Hourly,1,26,12,12,1,4,1.2246467991473532e-16,-1.0,0.49999999999999994,0.8660254037844387,58.64,48.64,36.42,19.74,22.65,80.86,13.49,47.900000000000006,33.67333333333333,19.583333333333332,29.095,11.128467998785641,19.08852604751519,20.394580088094447,21.539353670009273,37.193174007523844,30.354028071057364,10.0,0.20559210526315788,,,,,,6.81,42.6,0.74,10.15
2024-01-12 13:00:00,,,,7.01,62.9,42.06,0.8,9.54,2024,Bhatagaon,Hourly,1,26,13,12,1,4,-0.2588190451025208,-0.9659258262890683,0.49999999999999994,0.8660254037844387,58.64,58.64,48.64,32.71,1.81,53.59,16.54,55.30666666666667,40.156666666666666,22.5825,28.16916666666667,5.77350269189598,19.994269845799973,23.322651153292657,19.608589714197013,43.32083857680274,34.70571606012546,0.0,0.0,,,,,,6.58,43.56,0.75,9.99
2024-01-12 14:00:00,,,,7.07,74.25,48.18,0.75,9.36,2024,Bhatagaon,Hourly,1,26,14,12,1,4,-0.4999999999999997,-0.8660254037844388,0.49999999999999994,0.8660254037844387,42.06,58.64,58.64,5.89,0.11,53.59,17.56,53.113333333333344,41.715,25.936666666666667,27.68875,9.57246746316382,19.6593669786186,22.955050279477383,19.093162289040936,42.96059898343053,35.8371443585677,-16.58,-0.28274215552523874,,,,,,7.01,62.9,0.8,9.54
2024-01-12 15:00:00,,,,7.09,64.88,38.43,0.74,8.59,2024,Bhatagaon,Hourly,1,26,15,12,1,4,-0.7071067811865471,-0.7071067811865479,0.49999999999999994,0.8660254037844387,48.18,42.06,58.64,36.42,0.01,25.83,18.96,49.62666666666667,48.76333333333333,29.9425,27.463333333333335,8.384135813149124,8.86278887634508,22.22092876096769,18.80381614059439,44.45185641673609,37.73604522648036,6.119999999999997,0.14550641940085585,,,,,,7.07,74.25,0.75,9.36
2024-01-12 16:00:00,,,,6.49,39.63,22.25,0.73,8.69,2024,Bhatagaon,Hourly,1,26,16,12,1,4,-0.8660254037844385,-0.5000000000000004,0.49999999999999994,0.8660254037844387,38.43,48.18,42.06,48.64,3.57,28.98,18.23,42.89000000000001,49.09833333333333,33.14416666666667,27.98833333333333,4.927707377675329,8.324562250753255,20.191225573290897,18.931691319897617,42.73132601195435,37.84280749932953,-9.75,-0.20236612702366127,,,,,,7.09,64.88,0.74,8.59
2024-01-12 17:00:00,,,,3.91,39.74,23.11,0.71,8.49,2024,Bhatagaon,Hourly,1,26,17,12,1,4,-0.9659258262890683,-0.25881904510252063,0.49999999999999994,0.8660254037844387,22.25,38.43,48.18,58.64,4.81,28.98,13.7,36.28666666666667,44.699999999999996,34.700833333333335,27.707916666666666,13.09719944619187,13.79161049333976,18.339015765368256,18.966175149956918,36.879518579967396,35.44391403789422,-16.18,-0.42102524069737185,,,,,,6.49,39.63,0.73,8.69
2024-01-12 18:00:00,,,,3.87,30.69,23.33,0.68,8.27,2024,Bhatagaon,Hourly,1,26,18,12,1,4,-1.0,-1.8369701987210297e-16,0.49999999999999994,0.8660254037844387,23.11,22.25,38.43,58.64,19.74,14.9,13.03,27.930000000000007,38.778333333333336,36.225833333333334,27.463333333333335,9.103427925786784,14.22990009334802,16.271817498268927,18.98689517550987,32.94537041426243,33.54638880129511,0.8599999999999994,0.0386516853932584,,,,,,3.91,39.74,0.71,8.49
2024-01-12 19:00:00,,,,3.7,34.81,13.87,0.64,8.21,2024,Bhatagaon,Hourly,1,26,19,12,1,4,-0.9659258262890684,0.2588190451025203,0.49999999999999994,0.8660254037844387,23.33,23.11,22.25,42.06,32.71,21.34,11.63,22.896666666666672,32.89333333333333,36.525,27.81458333333333,0.5707305260170058,11.391366321327128,15.971390045954081,18.821630012849113,30.19812172447316,31.97463667801894,0.21999999999999886,0.009519688446559881,,,,,,3.87,30.69,0.68,8.27
2024-01-12 20:00:00,,,,3.91,22.68,15.37,0.65,8.21,2024,Bhatagaon,Hourly,1,26,20,12,1,4,-0.8660254037844386,0.5000000000000001,0.49999999999999994,0.8660254037844387,13.87,23.33,23.11,48.18,5.89,24.74,12.28,20.103333333333335,28.194999999999997,34.955000000000005,27.503333333333334,5.399345639364779,12.603408665912538,17.254918402905016,18.99432699442171,25.5329440889094,29.189307958323717,-9.459999999999999,-0.405486498071153,,,,,,3.7,34.81,0.64,8.21
2024-01-12 21:00:00,,,,3.88,20.38,12.22,0.66,8.42,2024,Bhatagaon,Hourly,1,26,21,12,1,4,-0.7071067811865477,0.7071067811865474,0.49999999999999994,0.8660254037844387,15.37,13.87,23.33,38.43,36.42,53.91,13.39,17.523333333333337,22.726666666666663,35.745,27.112916666666667,5.084341976433851,8.71658113406087,15.972598980185388,19.149260509996537,22.629245777792427,27.063260580120065,1.5,0.10814708002883923,,,,,,3.91,22.68,0.65,8.21
2024-01-12 22:00:00,,,,3.41,19.8,11.72,0.63,8.32,2024,Bhatagaon,Hourly,1,26,22,12,1,4,-0.5000000000000004,0.8660254037844384,0.49999999999999994,0.8660254037844387,12.22,15.37,13.87,22.25,48.64,43.49,14.81,13.820000000000006,18.35833333333333,33.72833333333333,25.375833333333333,1.5755951256568836,5.083213222624628,17.348119538300185,18.49237490724617,19.655175555566018,24.779682029332363,-3.1499999999999986,-0.20494469746258936,,,,,,3.88,20.38,0.66,8.42
2024-01-12 23:00:00,,,,3.17,21.27,16.2,0.58,8.21,2024,Bhatagaon,Hourly,1,26,23,12,1,4,-0.25881904510252157,0.9659258262890681,0.49999999999999994,0.8660254037844387,11.72,12.22,15.37,23.11,58.64,33.06999999999999,15.83,13.103333333333339,16.60333333333333,30.65166666666667,24.052083333333332,1.9788464653244378,5.284648206519129,17.73273338584141,18.275150146095154,17.387982539690015,22.770500178665845,-0.5,-0.0409165302782324,,,,,,3.41,19.8,0.63,8.32
2025-01-01 01:00:00,72.09,54.16,84.73,8.37,108.12,36.06,1.58,9.61,2025,Bhatagaon,Hourly,0,0,1,1,1,2,0.25881904510252074,0.9659258262890683,0.49999999999999994,0.8660254037844387,16.2,11.72,12.22,23.33,58.64,22.65,15.8,13.380000000000004,15.451666666666666,27.115,23.349166666666665,2.454954174723778,4.230968762194522,15.766350531778441,18.23761018780481,17.04855895692144,21.759653997332634,4.479999999999999,0.3822525597269623,3904.3944,133.8734,,,,3.17,21.27,0.58,8.21
2025-01-01 02:00:00,62.45,52.15,75.95,8.16,91.82,36.06,1.39,9.54,2025,Bhatagaon,Hourly,0,0,2,1,1,2,0.49999999999999994,0.8660254037844387,0.49999999999999994,0.8660254037844387,36.06,16.2,11.72,13.87,42.06,1.81,15.28,21.32666666666667,17.573333333333334,25.233333333333334,23.907916666666665,12.954571908532044,9.220975364171942,12.713826641841125,18.419771272518208,22.480399254943883,23.95970722851223,19.860000000000003,1.225925925925926,3256.7675,105.5705,72.09,54.16,84.73,8.37,108.12,1.58,9.61
2025-01-01 03:00:00,47.97,51.09,63.73,7.42,81.3,34.07,1.23,8.68,2025,Bhatagaon,Hourly,0,0,3,1,1,2,0.7071067811865476,0.7071067811865476,0.49999999999999994,0.8660254037844387,36.06,36.06,16.2,15.37,48.18,0.11,60.456,29.44000000000001,21.271666666666665,24.733333333333334,25.335000000000004,11.466176346105739,11.585405330270751,12.094834609965758,17.954169916520986,26.360285182102775,25.821290731818042,0.0,0.0,2450.7873,78.3879,62.45,52.15,75.95,8.16,91.82,1.39,9.54
2025-01-01 04:00:00,34.93,49.24,52.23,7.28,58.72,32.25,1.05,8.21,2025,Bhatagaon,Hourly,0,0,4,1,1,2,0.8660254037844386,0.5000000000000001,0.49999999999999994,0.8660254037844387,34.07,36.06,36.06,12.22,38.43,0.01,83.044,35.396666666666675,24.388333333333335,23.5575,26.75,1.1489270356851993,12.180263407113408,10.135318199247683,17.202182874628928,28.56306084435912,27.09032292692296,-1.990000000000002,-0.0551858014420411,1719.9532000000002,54.841499999999996,47.97,51.09,63.73,7.42,81.3,1.23,8.68
2025-01-01 05:00:00,27.16,48.4,45.69,7.17,57.13,29.92,0.89,8.21,2025,Bhatagaon,Hourly,0,0,5,1,1,2,0.9659258262890683,0.25881904510252074,0.49999999999999994,0.8660254037844387,32.25,34.07,36.06,11.72,22.25,3.57,105.632,34.12666666666667,27.72666666666667,23.0425,28.093333333333334,1.9056320036482113,10.850481402530761,9.444368331541263,16.256049754574178,29.616472031685085,27.88411939970404,-1.8200000000000003,-0.053419430584091585,1314.5439999999999,40.6641,34.93,49.24,52.23,7.28,58.72,1.05,8.21
2025-01-01 06:00:00,25.89,50.29,45.66,7.16,63.22,28.58,0.83,8.21,2025,Bhatagaon,Hourly,0,0,6,1,1,2,1.0,6.123233995736766e-17,0.49999999999999994,0.8660254037844387,29.92,32.25,34.07,16.2,23.11,4.81,128.22,32.080000000000005,30.76,23.68166666666667,29.19125,2.0802163349024103,7.510730989723919,9.64330463287485,15.394766562049675,29.70319430834649,28.197331799749573,-2.3299999999999983,-0.07224806201550382,1302.0081,37.8978,27.16,48.4,45.69,7.17,57.13,0.89,8.21
2025-01-01 07:00:00,26.78,50.6,46.54,7.39,80.81,27.96,0.78,8.21,2025,Bhatagaon,Hourly,0,0,7,1,1,2,0.9659258262890683,-0.25881904510252063,0.49999999999999994,0.8660254037844387,28.58,29.92,32.25,36.06,23.33,19.74,121.15,30.250000000000004,32.82333333333333,24.1375,30.18166666666667,1.8571214284463715,3.1391124010882256,9.742596373190795,14.496415349010155,29.382281648818925,28.256203830557332,-1.3400000000000034,-0.0447860962566846,1355.068,36.3012,25.89,50.29,45.66,7.16,63.22,0.83,8.21
2025-01-01 08:00:00,21.79,48.75,41.22,7.34,85.81,33.64,0.85,8.21,2025,Bhatagaon,Hourly,0,0,8,1,1,2,0.8660254037844387,-0.4999999999999998,0.49999999999999994,0.8660254037844387,27.96,28.58,29.92,36.06,13.87,32.71,52.29,28.820000000000004,31.47333333333333,24.523333333333337,30.52416666666667,1.0017983829067536,3.2097081902668174,9.799225696065255,14.335197460512596,28.97591546344209,28.210634010471587,-0.6199999999999974,-0.021693491952414188,1062.2625,35.037,26.78,50.6,46.54,7.39,80.81,0.78,8.21
2025-01-01 09:00:00,17.04,48.61,37.68,6.12,85.81,33.64,0.82,8.21,2025,Bhatagaon,Hourly,0,0,9,1,1,2,0.7071067811865476,-0.7071067811865475,0.49999999999999994,0.8660254037844387,33.64,27.96,28.58,34.07,15.37,5.89,52.29,30.060000000000002,31.069999999999997,26.170833333333334,30.562916666666666,3.1158305473813375,2.6150334605888355,9.50273688646248,14.342618001020284,30.308511045315775,29.04592108578365,5.68,0.20314735336194562,828.3144,30.897599999999997,21.79,48.75,41.22,7.34,85.81,0.85,8.21
2025-01-01 10:00:00,12.97,49.88,34.42,5.91,72.32,30.48,0.78,8.21,2025,Bhatagaon,Hourly,0,0,10,1,1,2,0.49999999999999994,-0.8660254037844387,0.49999999999999994,0.8660254037844387,33.64,33.64,27.96,32.25,12.22,36.42,29.91,31.74666666666667,30.998333333333335,27.69333333333333,31.719166666666666,3.2793495289962835,2.5205588004777604,9.068609528912361,13.351397229167333,31.260365032368412,29.75270245720155,0.0,0.0,646.9436000000001,26.847600000000003,17.04,48.61,37.68,6.12,85.81,0.82,8.21
2025-01-01 11:00:00,9.21,51.35,32.61,6.01,66.46,27.97,0.76,8.21,2025,Bhatagaon,Hourly,0,0,11,1,1,2,0.258819045102521,-0.9659258262890682,0.49999999999999994,0.8660254037844387,30.48,33.64,33.64,29.92,11.72,48.64,108.72,32.586666666666666,30.703333333333333,29.215000000000003,31.471666666666664,1.8244268506378136,2.4472814849677365,7.658579858860698,13.315475033295712,31.037403594548866,29.864594386862848,-3.16,-0.093935790725327,472.93350000000004,24.7836,12.97,49.88,34.42,5.91,72.32,0.78,8.21
2025-01-01 12:00:00,14.251428571428573,51.56,36.77857142857143,6.075,69.98785714285714,28.387857142857143,0.7992857142857143,8.322857142857144,2025,Bhatagaon,Hourly,1,12,12,1,1,2,1.2246467991473532e-16,-1.0,0.49999999999999994,0.8660254037844387,27.97,30.48,33.64,28.58,16.2,58.64,108.72,30.69666666666667,30.378333333333334,30.569166666666664,30.610416666666666,2.841202796937955,2.689597863373983,5.3823118695043455,12.815837850832978,30.161002567534904,29.573118327345487,-2.5100000000000016,-0.08234908136482945,734.8036571428572,29.39658673469388,9.21,51.35,32.61,6.01,66.46,0.76,8.21
2025-01-01 13:00:00,19.292857142857144,51.77,40.94714285714286,6.14,73.51571428571428,28.805714285714284,0.8385714285714285,8.435714285714287,2025,Bhatagaon,Hourly,1,12,13,1,1,2,-0.2588190451025208,-0.9659258262890683,0.49999999999999994,0.8660254037844387,28.387857142857143,27.97,30.48,27.96,36.06,58.64,80.86,28.945952380952388,30.346309523809524,31.58482142857143,29.349910714285713,1.3448523045609948,2.716303476202385,3.083218464030739,11.342111448790963,29.654389589055548,29.390770452808816,0.4178571428571445,0.014939475969150679,998.7912142857144,34.33710408163265,14.251428571428573,51.56,36.77857142857143,6.075,69.98785714285714,0.7992857142857143,8.322857142857144
2025-01-01 14:00:00,24.33428571428572,51.98,45.11571428571429,6.205,77.04357142857143,29.22357142857143,0.8778571428571429,8.54857142857143,2025,Bhatagaon,Hourly,1,12,14,1,1,2,-0.4999999999999997,-0.8660254037844388,0.49999999999999994,0.8660254037844387,28.805714285714284,28.387857142857143,27.97,33.64,36.06,42.06,53.59,28.387857142857143,30.487261904761905,30.98029761904762,28.106815476190476,0.4178571428506018,2.5865528402175206,2.826488696989007,9.47330409182112,29.411910930958044,29.30076181171735,0.41785714285714093,0.014719573258183762,1264.8961714285717,39.60515204081633,19.292857142857144,51.77,40.94714285714286,6.14,73.51571428571428,0.8385714285714285,8.435714285714287
2025-01-02 13:00:00,14.48,58.58,38.74,5.87,51.1,24.8,0.63,9.56,2025,Bhatagaon,Hourly,0,0,13,2,1,3,-0.2588190451025208,-0.9659258262890683,0.49999999999999994,0.8660254037844387,23.52,24.71,26.89,26.99,33.82,28.387857142857143,58.64,25.040000000000006,26.426666666666666,28.787499999999998,28.791142857142855,1.709064071356018,2.0035035978671627,3.0930629861619234,2.746262790570718,26.25045752408817,27.756908400800953,-1.1900000000000013,-0.04815864022662895,848.2384,24.406200000000002,23.02,56.66,46.46,6.3,53.56,0.68,9.6
2025-01-02 14:00:00,8.29,60.46,35.78,6.15,44.37,21.94,0.59,9.5,2025,Bhatagaon,Hourly,0,0,14,2,1,3,-0.4999999999999997,-0.8660254037844388,0.49999999999999994,0.8660254037844387,24.8,23.52,24.71,27.31,31.45,28.805714285714284,58.64,24.343333333333344,26.061666666666667,28.035833333333333,28.551952380952383,0.7144461724534169,2.07843611079741,2.84495553035513,2.9337425036546496,25.836041088634406,27.301999416062344,1.2800000000000011,0.05442176870748304,501.2134,21.1102,14.48,58.58,38.74,5.87,51.1,0.63,9.56
2025-01-02 15:00:00,4.55,56.06,30.85,5.68,45.23,20.76,0.55,9.32,2025,Bhatagaon,Hourly,0,0,15,2,1,3,-0.7071067811865471,-0.7071067811865479,0.49999999999999994,0.8660254037844387,21.94,24.8,23.52,29.14,32.18,29.22357142857143,42.06,23.420000000000005,25.166666666666668,27.243333333333336,28.094238095238094,1.432619977523699,2.5386269254592446,3.118820678436592,3.3912367609342695,24.722886491881717,26.477076428975828,-2.8599999999999994,-0.11532258064516127,255.073,16.9675,8.29,60.46,35.78,6.15,44.37,0.59,9.5
2025-01-03 02:00:00,118.31,94.6,141.28,7.03,160.54,52.12,1.78,10.14,2025,Bhatagaon,Hourly,0,0,2,3,1,4,0.49999999999999994,0.8660254037844387,0.49999999999999994,0.8660254037844387,38.4,40.99,36.58,21.82,24.8,33.82,16.2,38.65666666666667,32.51833333333333,26.883333333333336,27.83541666666667,2.2161753841547545,7.423951553362044,7.841030003459542,5.9097995104424585,33.85020616584104,30.28812315557653,-2.5900000000000034,-0.06318614296169806,11192.126,251.4784,162.56,108.77,185.81,7.34,195.05,2.34,10.19
2025-01-03 03:00:00,111.47,81.66,130.59,6.56,129.72,36.88,1.66,10.1,2025,Bhatagaon,Hourly,0,0,3,3,1,4,0.7071067811865476,0.7071067811865476,0.49999999999999994,0.8660254037844387,52.12,38.4,40.99,26.6,21.94,31.45,36.06,43.83666666666667,37.568333333333335,29.16,28.597916666666663,7.289529019993915,8.858118122189765,10.645740932410542,7.642170747365356,39.07014726131503,33.64687343933399,13.719999999999999,0.3572916666666667,9102.6402,216.77939999999998,118.31,94.6,141.28,7.03,160.54,1.78,10.14
2025-01-03 04:00:00,100.48,78.44,120.18,6.47,87.44,9.74,1.55,9.96,2025,Bhatagaon,Hourly,0,0,4,3,1,4,0.8660254037844386,0.5000000000000001,0.49999999999999994,0.8660254037844387,36.88,52.12,38.4,30.72,20.76,32.18,36.06,42.466666666666676,39.281666666666666,30.405,28.82416666666667,8.394506139930654,7.139855507408168,10.59811089512918,7.808840540036201,38.44439090093931,34.1442775255903,-15.239999999999995,-0.29240214888718336,7881.6512,186.27900000000002,111.47,81.66,130.59,6.56,129.72,1.66,10.1
2025-01-03 05:00:00,87.68,77.9,109.0,5.7,79.16,22.82,1.32,9.86,2025,Bhatagaon,Hourly,0,0,5,3,1,4,0.9659258262890683,0.25881904510252074,0.49999999999999994,0.8660254037844387,9.74,36.88,52.12,36.58,18.96,30.82,34.07,32.91333333333334,35.785000000000004,29.486666666666668,27.889166666666664,21.4666469979206,14.00668090591058,11.906513368995219,8.683958682870378,30.243136357813793,30.389773290884097,-27.14,-0.7359002169197396,6830.272000000001,143.88,100.48,78.44,120.18,6.47,87.44,1.55,9.96
2025-01-03 06:00:00,99.91,80.64,120.87,5.88,106.25,15.46,1.1,9.76,2025,Bhatagaon,Hourly,0,0,6,3,1,4,1.0,6.123233995736766e-17,0.49999999999999994,0.8660254037844387,22.82,9.74,36.88,40.99,20.37,30.56,32.25,23.146666666666675,33.49166666666667,29.808333333333337,27.555833333333336,13.57294858655751,14.945490847297947,11.645552278822553,8.720032367643846,28.122240255581282,29.225192784594235,13.08,1.3429158110882957,8056.7424,132.95700000000002,87.68,77.9,109.0,5.7,79.16,1.32,9.86
2025-01-03 07:00:00,102.48,78.6,121.87,5.78,115.28,99.58,1.08,9.77,2025,Bhatagaon,Hourly,0,0,7,3,1,4,0.9659258262890683,-0.25881904510252063,0.49999999999999994,0.8660254037844387,15.46,22.82,9.74,38.4,20.66,28.06,29.92,16.006666666666675,29.236666666666665,29.39916666666667,26.926666666666666,6.557113185948029,15.982016977423928,12.085270116463267,9.032982879987522,24.504457325415203,27.107470817733585,-7.359999999999999,-0.32252410166520595,8054.928,131.61960000000002,99.91,80.64,120.87,5.88,106.25,1.1,9.76
2025-01-03 08:00:00,93.44,76.04,111.65,6.79,116.34,63.07,1.15,9.78,2025,Bhatagaon,Hourly,0,0,8,3,1,4,0.8660254037844387,-0.4999999999999998,0.49999999999999994,0.8660254037844387,99.58,15.46,22.82,52.12,21.82,26.99,28.58,45.95333333333334,39.43333333333334,35.975833333333334,29.906666666666666,46.58762639728852,33.219000988390164,23.231125460285313,17.37160693592376,45.95461237529657,38.25709069192842,84.12,5.4411384217335055,7105.1776,128.3975,102.48,78.6,121.87,5.78,115.28,1.08,9.77
2025-01-03 09:00:00,71.23,78.84,96.65,6.06,105.36,53.89,1.06,9.73,2025,Bhatagaon,Hourly,0,0,9,3,1,4,0.7071067811865476,-0.7071067811865475,0.49999999999999994,0.8660254037844387,63.07,99.58,15.46,36.88,26.6,27.31,27.96,59.37000000000001,41.25833333333333,39.413333333333334,31.41,42.18188118137929,34.33734667481846,23.985689799368217,18.624238764717877,50.84472312521184,42.07446135470866,-36.51,-0.36663988752761595,5615.7732000000005,102.44900000000001,93.44,76.04,111.65,6.79,116.34,1.15,9.78
2025-01-03 10:00:00,41.42,85.85,72.75,5.88,81.73,43.04,0.92,9.65,2025,Bhatagaon,Hourly,0,0,10,3,1,4,0.49999999999999994,-0.8660254037844387,0.49999999999999994,0.8660254037844387,53.89,63.07,99.58,9.74,30.72,29.14,33.64,72.18,44.093333333333334,41.6875,32.5175,24.168949087620682,34.6047185607204,23.95407884227276,19.15263093517789,51.714802232294176,43.892236530907326,-9.18,-0.14555256064690025,3555.9069999999997,66.93,71.23,78.84,96.65,6.06,105.36,1.06,9.73
2025-01-03 11:00:00,11.22,88.08,53.64,5.79,75.06,23.63,0.75,9.53,2025,Bhatagaon,Hourly,0,0,11,3,1,4,0.258819045102521,-0.9659258262890682,0.49999999999999994,0.8660254037844387,43.04,53.89,63.07,22.82,36.58,26.89,33.64,53.33333333333334,49.64333333333334,42.71416666666667,33.096666666666664,10.02659629851195,30.409129330953668,23.703991784405275,19.255942429301726,49.236287308781556,43.76112321846005,-10.850000000000001,-0.20133605492670256,988.2576,40.230000000000004,41.42,85.85,72.75,5.88,81.73,0.92,9.65
2025-01-03 12:00:00,4.38,78.32,43.06,6.12,75.83,38.56,0.66,9.48,2025,Bhatagaon,Hourly,0,0,12,3,1,4,1.2246467991473532e-16,-1.0,0.49999999999999994,0.8660254037844387,23.63,43.04,53.89,15.46,40.99,24.71,30.48,40.186666666666675,49.778333333333336,41.635000000000005,32.96083333333333,15.330460962845615,30.2677012121282,24.296041016818158,19.313041981513756,41.92020522055825,40.66402733869697,-19.41,-0.4509758364312268,343.04159999999996,28.419600000000003,11.22,88.08,53.64,5.79,75.06,0.75,9.53
2025-01-03 13:00:00,5.75,68.34,38.9,6.71,71.29,31.3,0.6,9.48,2025,Bhatagaon,Hourly,0,0,13,3,1,4,-0.2588190451025208,-0.9659258262890683,0.49999999999999994,0.8660254037844387,38.56,23.63,43.04,99.58,38.4,23.52,27.97,35.076666666666675,53.62833333333334,41.432500000000005,33.53791666666667,10.163032683866232,26.22913145086331,24.312026999371792,19.262640565560414,40.96014658611304,40.34033082505128,14.930000000000003,0.6318239526026239,392.95500000000004,23.34,4.38,78.32,43.06,6.12,75.83,0.66,9.48
2025-01-03 14:00:00,5.82,64.42,36.22,6.7,62.35,31.82,0.61,9.44,2025,Bhatagaon,Hourly,0,0,14,3,1,4,-0.4999999999999997,-0.8660254037844388,0.49999999999999994,0.8660254037844387,31.3,38.56,23.63,63.07,52.12,24.8,28.387857142857143,31.16333333333334,42.24833333333333,40.84083333333333,33.86208333333333,7.465938208512926,14.490059236133819,24.478361300742705,19.15186674501583,38.20010470436646,38.949510698120314,-7.260000000000002,-0.1882780082987552,374.92440000000005,22.094199999999997,5.75,68.34,38.9,6.71,71.29,0.6,9.48
2025-01-03 15:00:00,5.7,62.04,35.61,7.17,57.9,29.62,0.58,9.3,2025,Bhatagaon,Hourly,0,0,15,3,1,4,-0.7071067811865471,-0.7071067811865479,0.49999999999999994,0.8660254037844387,31.82,31.3,38.56,53.89,36.88,21.94,28.805714285714284,33.893333333333345,37.04,39.149166666666666,34.154583333333335,4.049806579743439,10.60431044434292,24.32900792295388,19.060837834399567,36.377217645976046,37.85266289840949,0.5199999999999996,0.016613418530351424,353.628,20.653799999999997,5.82,64.42,36.22,6.7,62.35,0.61,9.44
2025-01-03 16:00:00,7.65,60.98,36.52,7.64,57.83,23.15,0.55,9.26,2025,Bhatagaon,Hourly,0,0,16,3,1,4,-0.8660254037844385,-0.5000000000000004,0.49999999999999994,0.8660254037844387,29.62,31.82,31.3,43.04,9.74,20.76,29.22357142857143,30.913333333333345,32.995,38.54416666666666,34.474583333333335,1.149840568658634,6.8588446548963615,24.480364100951455,18.91073561652147,34.446584032840036,36.58609937557726,-2.1999999999999993,-0.06913890634820866,466.497,20.086000000000002,5.7,62.04,35.61,7.17,57.9,0.58,9.3
2025-01-04 03:00:00,82.44538461538461,99.31923076923076,120.51461538461538,21.81,100.95,22.85,0.77,9.95,2025,Bhatagaon,Hourly,1,23,3,4,1,5,0.7071067811865476,0.7071067811865476,0.49999999999999994,0.8660254037844387,38.18,36.82,32.91,35.47,31.82,52.12,33.82,35.970000000000006,34.32666666666666,29.223333333333333,35.03208333333333,2.7358910797032676,3.540246695735621,9.203721908537771,19.03393216684053,34.19201345642748,32.83288361727628,1.3599999999999994,0.0369364475828354,8188.412180473371,92.79625384615385,85.95653846153846,102.65692307692308,124.10346153846154,31.52,114.02,1.23,9.92
2025-01-04 04:00:00,,,,14.42,95.41,42.26,1.18,9.94,2025,Bhatagaon,Hourly,1,23,4,4,1,5,0.8660254037844386,0.5000000000000001,0.49999999999999994,0.8660254037844387,22.85,38.18,36.82,28.14,29.62,36.88,31.45,32.616666666666674,32.223333333333336,28.475833333333338,33.8125,8.485471898093424,5.771123518576514,9.336950503080267,18.82804597448694,30.951438183162487,31.297055368464545,-15.329999999999998,-0.4015191199580932,,,82.44538461538461,99.31923076923076,120.51461538461538,21.81,100.95,0.77,9.95
2025-01-04 05:00:00,,,,5.68,97.42,27.8,1.16,9.94,2025,Bhatagaon,Hourly,1,23,5,4,1,5,0.9659258262890683,0.25881904510252074,0.49999999999999994,0.8660254037844387,42.26,22.85,38.18,34.44,23.15,9.74,32.18,34.43000000000001,34.57666666666666,29.52916666666667,34.03666666666666,10.233958178534827,6.593350185350919,10.154914133591049,18.898052502990875,34.18245584511606,32.98366223485461,19.409999999999997,0.8494529540481398,,,,,,14.42,95.41,1.18,9.94
2025-01-04 06:00:00,,,,4.82,103.0,37.59,1.11,9.94,2025,Bhatagaon,Hourly,1,23,6,4,1,5,1.0,6.123233995736766e-17,0.49999999999999994,0.8660254037844387,27.8,42.26,22.85,32.91,15.93,22.82,30.82,30.97000000000001,33.47,29.91666666666667,34.78916666666667,10.085816774064451,7.154265860310218,9.976515454108302,18.23650755959093,32.358897032225755,32.186175737184676,-14.459999999999997,-0.34216753431140556,,,,,,5.68,97.42,1.16,9.94
2025-01-04 07:00:00,,,,20.0,122.08,37.59,1.25,9.92,2025,Bhatagaon,Hourly,1,23,7,4,1,5,0.9659258262890683,-0.25881904510252063,0.49999999999999994,0.8660254037844387,37.59,27.8,42.26,36.82,8.12,15.46,30.56,35.88333333333335,34.25,31.721666666666668,35.404583333333335,7.379527988518861,7.333866647274159,9.140302196449822,18.063425448936254,33.85349788016126,33.017533316079344,9.790000000000003,0.3521582733812951,,,,,,4.82,103.0,1.11,9.94
2025-01-04 08:00:00,,,,24.45,129.2,39.69,1.44,9.93,2025,Bhatagaon,Hourly,1,23,8,4,1,5,0.8660254037844387,-0.4999999999999998,0.49999999999999994,0.8660254037844387,37.59,37.59,27.8,38.18,36.08,99.58,28.06,34.32666666666668,34.37833333333333,34.1775,36.32666666666666,5.652259135366428,7.394320568292058,5.4273853155674825,17.558836166905667,34.921069914400896,33.72098972899022,0.0,0.0,,,,,,20.0,122.08,1.25,9.92
2025-01-04 09:00:00,,,,17.81,142.88,52.08,1.36,9.91,2025,Bhatagaon,Hourly,1,23,9,4,1,5,0.7071067811865476,-0.7071067811865475,0.49999999999999994,0.8660254037844387,39.69,37.59,37.59,22.85,35.47,63.07,26.99,38.29000000000001,34.629999999999995,34.47833333333333,33.831250000000004,1.2124355652981709,7.573123529957789,5.638373126634375,11.329204397600535,36.28362136742921,34.63929900145326,2.0999999999999943,0.05586592178770934,,,,,,24.45,129.2,1.44,9.93
2025-01-04 10:00:00,,,,18.76,147.48,61.15,1.38,9.87,2025,Bhatagaon,Hourly,1,23,10,4,1,5,0.49999999999999994,-0.8660254037844387,0.49999999999999994,0.8660254037844387,52.08,39.69,37.59,42.26,28.14,53.89,27.31,43.120000000000005,39.501666666666665,35.862500000000004,33.373333333333335,7.830306507410799,7.875230578634962,7.601124468249374,10.268461493781722,40.79687240530658,37.32248377046045,12.39,0.3121693121693122,,,,,,17.81,142.88,1.36,9.91
2025-01-04 11:00:00,,,,41.89,137.85,44.34,1.35,9.83,2025,Bhatagaon,Hourly,1,23,11,4,1,5,0.258819045102521,-0.9659258262890682,0.49999999999999994,0.8660254037844387,61.15,52.08,39.69,27.8,34.44,43.04,29.14,50.973333333333336,42.65,38.61333333333334,33.67583333333334,10.772717082209732,11.930349533856944,10.111036574261894,10.981334723923279,46.61205171807613,40.98825549808192,9.07,0.17415514592933948,,,,,,18.76,147.48,1.38,9.87
2025-01-04 12:00:00,,,,55.74,134.12,52.4,1.2,9.83,2025,Bhatagaon,Hourly,1,23,12,4,1,5,1.2246467991473532e-16,-1.0,0.49999999999999994,0.8660254037844387,44.34,61.15,52.08,37.59,32.91,23.63,26.89,52.52333333333334,45.406666666666666,39.43833333333334,33.73,8.413764516156448,9.470000351988768,10.143399854391115,11.032619224668471,45.96289408434009,41.503908498377015,-16.809999999999995,-0.2748977923139819,,,,,,41.89,137.85,1.35,9.83
2025-01-04 13:00:00,,,,62.25,126.24,30.9,1.03,9.81,2025,Bhatagaon,Hourly,1,23,13,4,1,5,-0.2588190451025208,-0.9659258262890683,0.49999999999999994,0.8660254037844387,52.4,44.34,61.15,37.59,36.82,38.56,24.71,52.63000000000002,47.875,41.0625,34.92875,8.407359870970197,8.940413301408432,10.555071271453148,11.442864992611467,47.802067203100066,43.180230267857475,8.059999999999995,0.18177717636445634,,,,,,55.74,134.12,1.2,9.83
2025-01-04 14:00:00,,,,62.54,112.75,38.61,1.03,9.79,2025,Bhatagaon,Hourly,1,23,14,4,1,5,-0.4999999999999997,-0.8660254037844388,0.49999999999999994,0.8660254037844387,30.9,52.4,44.34,39.69,38.18,31.3,23.52,42.546666666666674,46.76,40.56916666666667,34.60958333333333,10.861608229600876,10.719748131369542,10.903968800673526,11.444004877879516,42.97290514507148,41.29096407280248,-21.5,-0.41030534351145037,,,,,,62.25,126.24,1.03,9.81
2025-01-04 15:00:00,,,,40.78,124.4,51.66,0.95,9.79,2025,Bhatagaon,Hourly,1,23,15,4,1,5,-0.7071067811865471,-0.7071067811865479,0.49999999999999994,0.8660254037844387,38.61,30.9,52.4,52.08,22.85,31.82,24.8,40.63666666666668,46.57999999999999,40.605,34.91416666666667,10.892338285847233,10.870218029092184,10.89610731157947,11.44936714281698,41.7263608179082,40.8785080616021,7.710000000000001,0.24951456310679615,,,,,,62.54,112.75,1.03,9.79
2025-01-04 16:00:00,,,,41.25,118.8,60.08,0.83,9.81,2025,Bhatagaon,Hourly,1,23,16,4,1,5,-0.8660254037844385,-0.5000000000000004,0.49999999999999994,0.8660254037844387,51.66,38.61,30.9,61.15,42.26,29.62,21.94,40.39000000000001,46.51,43.005833333333335,35.740833333333335,10.493841050825962,10.828990719360728,9.741111060704043,11.922707934557327,44.564543441363,42.53719912904793,13.049999999999997,0.33799533799533793,,,,,,40.78,124.4,0.95,9.79
2025-01-04 17:00:00,,,,46.97,117.49,57.89,0.77,9.76,2025,Bhatagaon,Hourly,1,23,17,4,1,5,-0.9659258262890683,-0.25881904510252063,0.49999999999999994,0.8660254037844387,60.08,51.66,38.61,44.34,27.8,23.15,20.76,50.116666666666674,46.33166666666667,44.490833333333335,37.01,10.817884882606839,10.544758729656522,10.905752825778263,12.829557923862449,48.997531029545,45.23609157073287,8.420000000000002,0.16298877274487034,,,,,,41.25,118.8,0.83,9.81
2025-01-04 18:00:00,,,,34.1,122.74,55.7,0.88,9.72,2025,Bhatagaon,Hourly,1,23,18,4,1,5,-1.0,-1.8369701987210297e-16,0.49999999999999994,0.8660254037844387,57.89,60.08,51.66,52.4,37.59,15.93,18.96,56.543333333333344,48.589999999999996,46.998333333333335,38.4575,4.36855048423773,11.445414802443853,10.152442458777529,13.1534958983469,51.538236449675004,47.182846713697046,-2.1899999999999977,-0.03645139813581887,,,,,,46.97,117.49,0.77,9.76
2025-01-04 19:00:00,,,,102.41,114.81,53.51,1.96,9.67,2025,Bhatagaon,Hourly,1,23,19,4,1,5,-0.9659258262890684,0.2588190451025203,0.49999999999999994,0.8660254037844387,55.7,57.89,60.08,30.9,37.59,8.12,20.37,57.890000000000015,49.14000000000001,48.5075,40.114583333333336,2.1900000000000825,11.74060134746091,9.971159433814417,12.688998651405278,52.727311749767864,48.49317798851288,-2.1899999999999977,-0.03783036793919498,,,,,,34.1,122.74,0.88,9.72
2025-01-05 06:00:00,13.92,35.45,46.49,2.69,23.73,5.18,0.37,9.62,2025,Bhatagaon,Hourly,0,0,6,5,1,6,1.0,6.123233995736766e-17,0.49999999999999994,0.8660254037844387,6.27,6.25,8.5,44.75,57.89,27.8,9.74,7.006666666666676,13.67,27.680000000000003,37.286190476190484,1.2933032642552704,15.258098177689096,24.255622544061872,19.32403205239289,14.799489996655925,25.027452350868778,0.019999999999999574,0.0031999999999999316,493.46400000000006,17.2013,22.55,41.33,50.25,2.7,21.08,0.34,9.58
2025-01-05 07:00:00,12.8,32.47,42.49,2.41,26.45,7.77,0.38,9.62,2025,Bhatagaon,Hourly,0,0,7,5,1,6,0.9659258262890683,-0.25881904510252063,0.49999999999999994,0.8660254037844387,5.18,6.27,6.25,8.27,55.7,37.59,22.82,5.900000000000009,7.075,21.823333333333334,36.20904761904762,0.6236184731067548,1.3562706219626828,22.3371405958776,20.475374210197533,12.051064283325662,21.97399814304281,-1.0899999999999999,-0.17384370015948963,415.616,16.1462,13.92,35.45,46.49,2.69,23.73,0.37,9.62
2025-01-05 08:00:00,11.46,29.49,39.42,2.92,27.04,8.47,0.38,9.63,2025,Bhatagaon,Hourly,0,0,8,5,1,6,0.8660254037844387,-0.4999999999999998,0.49999999999999994,0.8660254037844387,7.77,5.18,6.27,7.98,53.51,37.59,15.46,6.406666666666676,6.991666666666667,16.49777777777778,34.789047619047615,1.3003973751639668,1.281458804123529,18.662115888731584,21.388486366445434,10.82790305951833,19.78876765949776,2.59,0.5,337.9554,14.979600000000001,12.8,32.47,42.49,2.41,26.45,0.38,9.62
2025-01-05 12:00:00,5.55,27.04,43.23,3.79,23.93,7.66,0.38,9.38,2025,Bhatagaon,Hourly,0,0,12,5,1,6,1.2246467991473532e-16,-1.0,0.49999999999999994,0.8660254037844387,6.12,4.53,6.11,5.18,44.75,44.34,43.04,5.586666666666677,6.363333333333334,10.016666666666667,26.918571428571425,0.91511383627029,1.5034316301932977,11.018626653686754,22.444907503867018,7.264247985089112,13.137858173828182,1.5899999999999999,0.35099337748344367,150.072,16.4274,4.21,26.5,45.25,3.54,22.52,0.39,9.41
2025-01-05 13:00:00,3.72,22.28,36.92,4.39,26.66,7.99,0.37,9.34,2025,Bhatagaon,Hourly,0,0,13,5,1,6,-0.2588190451025208,-0.9659258262890683,0.49999999999999994,0.8660254037844387,7.66,6.12,4.53,7.77,8.27,52.4,23.63,6.103333333333343,6.776666666666666,6.925833333333334,25.171904761904763,1.5650665587550363,1.4531024281397702,1.3491374910289617,22.448603657922227,7.377319989349366,12.29511076247,1.54,0.25163398692810457,82.8816,13.660400000000001,5.55,27.04,43.23,3.79,23.93,0.38,9.38
2025-01-05 14:00:00,3.52,25.23,42.9,4.22,29.29,8.22,0.39,9.36,2025,Bhatagaon,Hourly,0,0,14,5,1,6,-0.4999999999999997,-0.8660254037844388,0.49999999999999994,0.8660254037844387,7.99,7.66,6.12,8.47,7.98,30.9,38.56,7.256666666666676,6.8133333333333335,6.902500000000001,23.057142857142857,0.9981148898465251,1.4855930353450428,1.3259996229271536,21.838873858983078,7.552371420963833,11.632786029782308,0.33000000000000007,0.043080939947780686,88.8096,16.731,3.72,22.28,36.92,4.39,26.66,0.37,9.34
2025-01-05 15:00:00,4.24,22.19,35.97,4.19,29.84,8.7,0.37,9.34,2025,Bhatagaon,Hourly,0,0,15,5,1,6,-0.7071067811865471,-0.7071067811865479,0.49999999999999994,0.8660254037844387,8.22,7.99,7.66,6.11,8.5,38.61,31.3,7.956666666666677,6.771666666666667,6.922500000000002,21.977142857142855,0.28148416178063546,1.432388448244992,1.345397035012763,21.991889673890565,7.743122443545595,11.107742025200414,0.23000000000000043,0.028785982478097674,94.08560000000001,13.3089,3.52,25.23,42.9,4.22,29.29,0.39,9.36
2025-01-05 16:00:00,4.67,22.86,36.86,4.6,27.37,9.15,0.41,9.32,2025,Bhatagaon,Hourly,0,0,16,5,1,6,-0.8660254037844385,-0.5000000000000004,0.49999999999999994,0.8660254037844387,8.7,8.22,7.99,4.53,6.25,51.66,31.82,8.303333333333343,7.203333333333333,6.939166666666668,20.552857142857142,0.36226141573917164,1.5761556606711513,1.367768310613352,21.82875904463134,8.016516031103997,10.737320175169582,0.47999999999999865,0.05839416058394144,106.75619999999999,15.112599999999999,4.24,22.19,35.97,4.19,29.84,0.37,9.34
2025-01-05 17:00:00,12.57,41.35,59.84,4.59,21.9,11.96,0.53,9.33,2025,Bhatagaon,Hourly,0,0,17,5,1,6,-0.9659258262890683,-0.25881904510252063,0.49999999999999994,0.8660254037844387,9.15,8.7,8.22,6.12,6.27,60.08,29.62,8.69000000000001,7.973333333333334,7.180833333333335,18.52857142857143,0.4650806381693591,1.049450649942982,1.4860163851629082,20.74393026543297,8.340368593645712,10.49311707129734,0.45000000000000107,0.05172413793103461,519.7695,31.715200000000003,4.67,22.86,36.86,4.6,27.37,0.41,9.32
2025-01-05 18:00:00,2.38,25.64,45.44,3.36,35.11,12.73,0.32,9.37,2025,Bhatagaon,Hourly,0,0,18,5,1,6,-1.0,-1.8369701987210297e-16,0.49999999999999994,0.8660254037844387,11.96,9.15,8.7,7.66,5.18,57.89,23.15,9.936666666666676,8.946666666666667,7.655000000000001,16.237142857142857,1.7666446539509184,1.5672353577768057,1.990968243206672,18.456129372882454,9.374548995461222,10.718791368020826,2.8100000000000005,0.30710382513661205,61.023199999999996,14.540799999999999,12.57,41.35,59.84,4.59,21.9,0.53,9.33
2025-01-05 19:00:00,3.12,28.16,49.67,3.24,22.14,12.49,0.32,9.46,2025,Bhatagaon,Hourly,0,0,19,5,1,6,-0.9659258262890684,0.2588190451025203,0.49999999999999994,0.8660254037844387,12.73,11.96,9.15,7.99,7.77,55.7,15.93,11.28000000000001,9.791666666666666,8.284166666666668,14.08666666666667,1.8843831882077564,2.032490262379092,2.3057889926857498,15.799997257383826,10.333249282472302,11.028208080633005,0.7699999999999996,0.06438127090300999,87.8592,15.894400000000001,2.38,25.64,45.44,3.36,35.11,0.32,9.37
2025-01-05 20:00:00,4.655,27.01833333333333,45.31666666666667,3.523333333333333,16.655,11.8075,0.2725,9.451666666666668,2025,Bhatagaon,Hourly,1,4,20,5,1,6,-0.8660254037844386,0.5000000000000001,0.49999999999999994,0.8660254037844387,12.49,12.73,11.96,8.22,8.47,53.51,8.12,12.393333333333345,10.541666666666666,8.677500000000002,12.02904761904762,0.39399661589075236,2.064707404613512,2.594599723902628,12.599143583895778,10.949463773194502,11.253099145151005,-0.2400000000000002,-0.018853102906520047,125.77034166666667,12.348791666666669,3.12,28.16,49.67,3.24,22.14,0.32,9.46
2025-01-06 01:00:00,12.33,21.31,23.55,4.94,55.16,9.02,0.62,9.41,2025,Bhatagaon,Hourly,0,0,1,6,1,0,0.25881904510252074,0.9659258262890683,0.49999999999999994,0.8660254037844387,9.76,10.4425,11.125,12.73,7.66,44.75,34.44,10.44250000000001,11.3925,10.169583333333334,10.093125,0.6825000000000232,1.166597617003924,1.834819421798465,7.725406850479623,10.621084905558753,10.955432043141201,-0.682500000000001,-0.06535791237730437,262.7523,14.601,,,,,0.2,0.13,
2025-01-06 02:00:00,19.46,32.39,33.38,4.82,52.29,22.87,0.62,9.43,2025,Bhatagaon,Hourly,0,0,2,6,1,0,0.49999999999999994,0.8660254037844387,0.49999999999999994,0.8660254037844387,9.02,9.76,10.4425,12.49,7.99,8.27,32.91,9.740833333333343,10.774166666666666,10.282916666666667,8.604375000000001,0.7114436613909535,1.2923299372319255,1.7029809537369072,2.2798124267337547,10.163632075399109,10.657673267273324,-0.7400000000000002,-0.07581967213114757,630.3094,20.695600000000002,12.33,21.31,23.55,4.94,55.16,0.62,9.41
2025-01-06 03:00:00,36.39,48.39,36.77,5.21,49.02,17.84,0.63,9.56,2025,Bhatagaon,Hourly,0,0,3,6,1,0,0.7071067811865476,0.7071067811865476,0.49999999999999994,0.8660254037844387,22.87,9.02,9.76,11.8075,8.22,7.98,36.82,13.883333333333342,12.504166666666668,11.522916666666669,9.212708333333333,7.791471833571202,5.172200369926319,3.8920383233736,3.6952267181041956,13.794022910999363,12.53649276461589,13.850000000000001,1.5354767184035478,1760.9121,23.165100000000002,19.46,32.39,33.38,4.82,52.29,0.62,9.43
2025-01-06 04:00:00,21.53,30.79,25.88,5.15,48.14,21.0,0.6,9.62,2025,Bhatagaon,Hourly,0,0,4,6,1,0,0.8660254037844386,0.5000000000000001,0.49999999999999994,0.8660254037844387,17.84,22.87,9.02,11.125,8.7,8.5,38.18,16.57666666666668,13.509583333333333,12.324583333333335,9.623541666666666,7.01089390401348,5.57994408947491,4.133145790894698,4.08027005957457,14.950016364999545,13.352416954674982,-5.030000000000001,-0.21993878443375606,662.9087000000001,15.527999999999999,36.39,48.39,36.77,5.21,49.02,0.63,9.56
2025-01-06 05:00:00,22.63,29.82,22.33,5.04,47.31,18.02,0.55,9.63,2025,Bhatagaon,Hourly,0,0,5,6,1,0,0.9659258262890683,0.25881904510252074,0.49999999999999994,0.8660254037844387,21.0,17.84,22.87,10.4425,9.15,6.25,22.85,20.570000000000007,15.155416666666667,13.349583333333333,10.144374999999998,2.542420106906021,6.161921456953672,4.645913017390031,4.683778334176196,16.678583117856817,14.528968192417292,3.16,0.17713004484304934,674.8266,12.2815,21.53,30.79,25.88,5.15,48.14,0.6,9.62
2025-01-06 06:00:00,17.51,23.67,19.35,4.8,43.61,14.62,0.52,9.63,2025,Bhatagaon,Hourly,0,0,6,6,1,0,1.0,6.123233995736766e-17,0.49999999999999994,0.8660254037844387,18.02,21.0,17.84,9.76,11.96,6.27,42.26,18.953333333333344,16.418333333333333,14.088750000000003,10.634791666666667,1.7747488085172425,5.766643448893483,4.622567849445788,4.8707469137896195,17.061845084183442,15.066050008968478,-2.9800000000000004,-0.14190476190476192,414.46170000000006,10.062000000000001,22.63,29.82,22.33,5.04,47.31,0.55,9.63
2025-01-06 07:00:00,19.8,31.3,29.52,4.83,42.81,12.89,0.56,9.61,2025,Bhatagaon,Hourly,0,0,7,6,1,0,0.9659258262890683,-0.25881904510252063,0.49999999999999994,0.8660254037844387,14.62,18.02,21.0,9.02,12.73,5.18,27.8,17.880000000000006,17.228333333333335,14.310416666666669,10.982708333333333,3.1923032437411156,4.924121918338959,4.574737800898786,4.843558750315341,16.364175060131032,14.997426930665634,-3.4000000000000004,-0.18867924528301888,619.74,16.531200000000002,17.51,23.67,19.35,4.8,43.61,0.52,9.63
2025-01-06 08:00:00,15.63,27.71,29.77,5.12,43.05,13.14,0.54,9.61,2025,Bhatagaon,Hourly,0,0,8,6,1,0,0.8660254037844387,-0.4999999999999998,0.49999999999999994,0.8660254037844387,12.89,14.62,18.02,22.87,12.49,7.77,37.59,15.176666666666677,17.873333333333335,14.323749999999999,11.303958333333334,2.609910598724294,3.7465486339651566,4.56994349229067,4.695376594881002,15.371553614379309,14.673207402870922,-1.7299999999999986,-0.1183310533515731,433.1073,16.0758,19.8,31.3,29.52,4.83,42.81,0.56,9.61
2025-01-06 09:00:00,16.06,26.06,26.05,5.25,44.5,15.83,0.64,9.53,2025,Bhatagaon,Hourly,0,0,9,6,1,0,0.7071067811865476,-0.7071067811865475,0.49999999999999994,0.8660254037844387,13.14,12.89,14.62,17.84,11.8075,8.47,37.59,13.55000000000001,16.25166666666667,14.37791666666667,11.527708333333335,0.9350401060917567,3.2200025879905905,4.550041312666541,4.647353437866757,14.733966867413793,14.43732934089078,0.25,0.019394879751745538,418.52359999999993,16.672,15.63,27.71,29.77,5.12,43.05,0.54,9.61
2025-01-06 10:00:00,12.39,24.83,28.52,4.88,54.33,18.72,0.74,9.39,2025,Bhatagaon,Hourly,0,0,10,6,1,0,0.49999999999999994,-0.8660254037844387,0.49999999999999994,0.8660254037844387,15.83,13.14,12.89,21.0,11.125,6.11,39.69,13.953333333333342,15.916666666666666,14.713125,11.834375,1.6300408992824118,3.124859463506493,4.491251739493406,4.679532808922842,15.047119191009852,14.651586365369122,2.6899999999999995,0.20471841704718413,307.64369999999997,21.1048,16.06,26.06,26.05,5.25,44.5,0.64,9.53
2025-01-06 11:00:00,8.1,21.97,29.63,5.04,63.43,21.29,0.71,9.27,2025,Bhatagaon,Hourly,0,0,11,6,1,0,0.258819045102521,-0.9659258262890682,0.49999999999999994,0.8660254037844387,18.72,15.83,13.14,18.02,10.4425,4.53,52.08,15.896666666666675,15.536666666666667,15.346041666666666,12.359791666666666,2.7905973076267006,2.448498859845776,4.474759193411156,4.716633316892165,16.09651370786418,15.277496155312335,2.889999999999999,0.18256475047378387,177.957,21.0373,12.39,24.83,28.52,4.88,54.33,0.74,9.39
2025-01-06 12:00:00,6.81,19.6,27.86,4.95,65.13,16.73,0.57,9.21,2025,Bhatagaon,Hourly,0,0,12,6,1,0,1.2246467991473532e-16,-1.0,0.49999999999999994,0.8660254037844387,21.29,18.72,15.83,14.62,9.76,6.12,61.15,18.613333333333344,16.081666666666667,16.250000000000004,13.058124999999999,2.731562434456398,3.320466332710828,4.489770190515191,4.747591623426427,17.5803669341887,16.202496746802744,2.5700000000000003,0.1372863247863248,133.476,15.880199999999999,8.1,21.97,29.63,5.04,63.43,0.71,9.27
2025-01-06 13:00:00,5.29,18.1,27.58,4.71,60.19,11.1,0.48,9.2,2025,Bhatagaon,Hourly,0,0,13,6,1,0,-0.2588190451025208,-0.9659258262890683,0.49999999999999994,0.8660254037844387,16.73,21.29,18.72,12.89,9.02,7.66,44.34,18.913333333333345,16.433333333333334,16.830833333333334,13.500208333333333,2.2861393949917748,3.245591882333038,3.9977299429766533,4.563875100501075,17.33740495299193,16.283651093448476,-4.559999999999999,-0.2141850634100516,95.74900000000001,13.238399999999999,6.81,19.6,27.86,4.95,65.13,0.57,9.21
2025-01-06 14:00:00,4.42,17.74,27.18,4.94,58.4,7.26,0.43,9.14,2025,Bhatagaon,Hourly,0,0,14,6,1,0,-0.4999999999999997,-0.8660254037844388,0.49999999999999994,0.8660254037844387,11.1,16.73,21.29,13.14,22.87,7.99,52.4,16.373333333333342,16.134999999999998,17.004166666666666,13.643541666666666,5.104354350290874,3.6884834281855507,3.659024853535473,4.4243687167402035,15.555289252137092,15.486166309841018,-5.630000000000001,-0.33652121936640766,78.4108,11.6874,5.29,18.1,27.58,4.71,60.19,0.48,9.2
2025-01-06 15:00:00,4.35,17.46,26.8,5.03,64.72,166.83,0.43,9.14,2025,Bhatagaon,Hourly,0,0,15,6,1,0,-0.7071067811865471,-0.7071067811865479,0.49999999999999994,0.8660254037844387,7.26,11.1,16.73,15.83,17.84,8.22,30.9,11.696666666666678,15.155,15.703333333333333,13.613125000000002,4.76311172799184,5.13921686641062,4.1287007274652625,4.4672272945407245,13.185206608669352,14.22060226217317,-3.84,-0.34594594594594597,75.951,11.524000000000001,4.42,17.74,27.18,4.94,58.4,0.43,9.14
2025-01-06 16:00:00,5.91,20.2,29.6,5.33,64.0,50.05,0.39,9.17,2025,Bhatagaon,Hourly,0,0,16,6,1,0,-0.8660254037844385,-0.5000000000000004,0.49999999999999994,0.8660254037844387,166.83,7.26,11.1,18.72,21.0,8.7,38.61,61.73000000000002,40.321666666666665,28.119166666666672,20.221875,91.03951834231111,62.18800701635861,43.872104298814556,31.524388007799725,57.083719006192396,37.69897114491576,159.57000000000002,21.97933884297521,119.382,11.544,4.35,17.46,26.8,5.03,64.72,0.43,9.14
2025-01-06 17:00:00,6.02,22.39,33.62,4.22,63.32,0.0,0.37,9.19,2025,Bhatagaon,Hourly,0,0,17,6,1,0,-0.9659258262890683,-0.25881904510252063,0.49999999999999994,0.8660254037844387,50.05,166.83,7.26,21.29,18.02,9.15,51.66,74.71333333333335,45.54333333333333,30.540000000000003,21.944791666666664,82.59452907628528,61.320722000533124,44.24346957461634,31.993764838506728,55.07408500442314,39.59912943031333,-116.78000000000002,-0.6999940058742433,134.7878,12.4394,5.91,20.2,29.6,5.33,64.0,0.39,9.17
2025-01-06 18:00:00,5.22,19.14,29.0,4.29,63.01,0.0,0.36,9.18,2025,Bhatagaon,Hourly,0,0,18,6,1,0,-1.0,-1.8369701987210297e-16,0.49999999999999994,0.8660254037844387,0.0,50.05,166.83,16.73,14.62,11.96,60.08,72.29333333333335,41.995000000000005,29.038333333333338,21.563541666666666,85.61037690218014,63.579213191105154,45.00627407440665,32.20667057995932,39.33863214601653,33.50695567180359,-50.05,-1.0,99.9108,10.44,6.02,22.39,33.62,4.22,63.32,0.37,9.19
2025-01-06 21:00:00,9.73,28.95,41.41,4.07,60.53,24.49,0.44,9.31,2025,Bhatagaon,Hourly,0,0,21,6,1,0,-0.7071067811865477,0.7071067811865474,0.49999999999999994,0.8660254037844387,113.93,311.8,0.0,166.83,15.83,11.8075,53.51,141.91,107.10166666666667,61.12833333333334,37.753125000000004,157.77189325098436,119.75970464503771,94.00510651829055,69.32842473490098,110.52031783746959,78.4164305867868,-197.87,-0.6346055163566389,281.6835,18.220399999999998,6.38,26.88,41.66,4.27,60.24,0.43,9.25
2025-01-07 02:00:00,7.23,13.64,12.53,5.19,26.74,1.69,0.36,9.06,2025,Bhatagaon,Hourly,0,0,2,7,1,1,0.49999999999999994,0.8660254037844387,0.49999999999999994,0.8660254037844387,2.35,0.31,7.38,311.8,11.1,9.02,44.75,3.3466666666666662,76.71,57.958333333333336,37.39458333333334,3.638850551113994,122.92484159029858,95.85134141740089,69.59101141227984,33.129820345030616,43.69536431571533,2.04,6.580645161290323,98.61720000000001,4.5108,7.74,12.02,12.49,5.19,27.09,0.3,9.09
2025-01-07 03:00:00,7.24,12.84,12.19,5.42,26.74,2.46,0.31,9.1,2025,Bhatagaon,Hourly,0,0,3,7,1,1,0.7071067811865476,0.7071067811865476,0.49999999999999994,0.8660254037844387,1.69,2.35,0.31,113.93,7.26,22.87,8.27,1.45,25.025000000000002,57.17416666666667,37.089166666666664,1.0409610943783298,44.46400870366951,96.30695202493605,69.73688612371424,24.147014532164725,37.23300057483605,-0.6600000000000001,-0.2808510638297873,92.9616,3.7788999999999997,7.23,13.64,12.53,5.19,26.74,0.36,9.06
2025-01-07 04:00:00,7.28,11.43,11.75,5.28,24.82,3.85,0.29,9.1,2025,Bhatagaon,Hourly,0,0,4,7,1,1,0.8660254037844386,0.5000000000000001,0.49999999999999994,0.8660254037844387,2.46,1.69,2.35,24.49,166.83,17.84,7.98,2.1666666666666665,6.446666666666666,56.774166666666666,36.23875,0.41645327870320326,9.158534089397932,96.54279083846079,70.04160349469949,17.95072466583195,31.883308178707427,0.77,0.455621301775148,83.2104,3.4074999999999998,7.24,12.84,12.19,5.42,26.74,0.31,9.1
2025-01-07 05:00:00,6.71,11.51,11.39,5.18,23.75,3.85,0.24,9.04,2025,Bhatagaon,Hourly,0,0,5,7,1,1,0.9659258262890683,0.25881904510252074,0.49999999999999994,0.8660254037844387,3.85,2.46,1.69,7.38,50.05,21.0,8.5,2.6666666666666665,3.0066666666666664,43.1925,35.655833333333334,1.0947297992393539,2.431992324548726,90.95491191943802,70.25926062536662,13.921946189879963,27.570491535829362,1.3900000000000001,0.5650406504065041,77.2321,2.7336,7.28,11.43,11.75,5.28,24.82,0.29,9.1
2025-01-07 06:00:00,5.94,11.93,10.92,5.25,22.28,3.52,0.2,9.0,2025,Bhatagaon,Hourly,0,0,6,7,1,1,1.0,6.123233995736766e-17,0.49999999999999994,0.8660254037844387,3.85,3.85,2.46,0.31,0.0,18.02,6.25,3.3866666666666667,2.4183333333333334,39.3425,34.941250000000004,0.8025168741793653,1.3476856705715534,91.61366165737908,70.5015965476022,11.044247278485688,23.921185145701767,0.0,0.0,70.8642,2.184,6.71,11.51,11.39,5.18,23.75,0.24,9.04
2025-01-07 07:00:00,7.82,14.16,13.27,5.27,17.47,3.74,0.2,9.07,2025,Bhatagaon,Hourly,0,0,7,7,1,1,0.9659258262890683,-0.25881904510252063,0.49999999999999994,0.8660254037844387,3.52,3.85,3.85,2.35,0.0,14.62,6.27,3.7399999999999998,2.953333333333333,39.63583333333333,34.33708333333333,0.19052558885692328,0.9091241206039543,91.48178144092988,70.7147157355382,8.894462341775492,20.782541277132264,-0.33000000000000007,-0.08571428571428573,110.7312,2.654,5.94,11.93,10.92,5.25,22.28,0.2,9.0
2025-01-07 08:00:00,10.0,13.59,14.82,5.18,14.23,3.74,0.27,9.17,2025,Bhatagaon,Hourly,0,0,8,7,1,1,0.8660254037844387,-0.4999999999999998,0.49999999999999994,0.8660254037844387,3.74,3.52,3.85,1.69,311.8,12.89,5.18,3.703333333333333,3.185,39.9475,33.88375,0.16802777550932343,0.9017039425428133,91.34073353259613,70.88129064560663,7.421758815553923,18.160611849881146,0.2200000000000002,0.06250000000000006,135.9,4.0014,7.82,14.16,13.27,5.27,17.47,0.2,9.07
2025-01-07 09:00:00,11.67,14.59,16.82,5.37,19.95,3.28,0.55,9.21,2025,Bhatagaon,Hourly,0,0,9,7,1,1,0.7071067811865476,-0.7071067811865475,0.49999999999999994,0.8660254037844387,3.74,3.74,3.52,2.46,113.93,13.14,7.77,3.6666666666666665,3.5266666666666673,14.275833333333333,33.502500000000005,0.1270170592582449,0.5362710757293639,32.01308438700808,71.02358427954088,6.369827725395659,15.942056180668663,0.0,0.0,170.2653,9.251000000000001,10.0,13.59,14.82,5.18,14.23,0.27,9.17
2025-01-07 10:00:00,12.94,14.99,17.55,5.39,37.14,7.01,0.52,9.22,2025,Bhatagaon,Hourly,0,0,10,7,1,1,0.49999999999999994,-0.8660254037844387,0.49999999999999994,0.8660254037844387,3.28,3.74,3.74,3.85,24.49,15.83,8.47,3.5866666666666664,3.6633333333333336,5.055,33.09166666666667,0.2655811238447013,0.22312925999055566,6.345245177583011,71.17484788192031,5.487019803854042,13.994047537488868,-0.4600000000000004,-0.12299465240641722,193.9706,9.126000000000001,11.67,14.59,16.82,5.37,19.95,0.55,9.21
2025-01-07 11:00:00,11.01,15.34,16.43,5.09,37.14,7.01,0.47,9.2,2025,Bhatagaon,Hourly,0,0,11,7,1,1,0.258819045102521,-0.9659258262890682,0.49999999999999994,0.8660254037844387,7.01,3.28,3.74,3.85,7.38,18.72,6.11,4.676666666666667,4.19,3.598333333333334,32.72416666666667,2.0337731764733715,1.3964240043759204,1.9891470686226933,71.29052720271176,5.922157002752887,12.919578685567505,3.73,1.1371951219512195,168.89339999999999,7.722099999999999,12.94,14.99,17.55,5.39,37.14,0.52,9.22
2025-01-07 12:00:00,11.9,16.78,17.92,5.17,37.22,4.99,0.45,9.25,2025,Bhatagaon,Hourly,0,0,12,7,1,1,1.2246467991473532e-16,-1.0,0.49999999999999994,0.8660254037844387,7.01,7.01,3.28,3.52,0.31,21.29,4.53,5.766666666666666,4.716666666666667,3.5675000000000003,32.236250000000005,2.153516504079447,1.784518609223216,1.9270992095999,71.43047436448107,6.232969287680634,12.010412733941735,0.0,0.0,199.68200000000002,8.064000000000002,11.01,15.34,16.43,5.09,37.14,0.47,9.2
2025-01-07 13:00:00,10.32,17.94,16.75,5.15,37.22,7.83,0.41,9.24,2025,Bhatagaon,Hourly,0,0,13,7,1,1,-0.2588190451025208,-0.9659258262890683,0.49999999999999994,0.8660254037844387,4.99,7.01,7.01,3.74,2.35,16.73,6.12,6.336666666666666,4.961666666666667,3.9574999999999996,31.557083333333335,1.1662475437669944,1.6855315679820322,1.6634527345266437,71.61632637999992,5.877835205486168,10.930349236412237,-2.0199999999999996,-0.2881597717546362,185.1408,6.8675,11.9,16.78,17.92,5.17,37.22,0.45,9.25
2025-01-07 14:00:00,7.7,18.03,15.56,5.38,37.02,7.83,0.34,9.15,2025,Bhatagaon,Hourly,0,0,14,7,1,1,-0.4999999999999997,-0.8660254037844388,0.49999999999999994,0.8660254037844387,7.83,4.99,7.01,3.74,1.69,11.1,7.66,6.609999999999999,5.6433333333333335,4.414166666666667,31.18625,1.4616429112506268,1.9053573593066437,1.915190274589688,71.7194080707708,6.4355965753472635,10.453372430810354,2.84,0.5691382765531061,138.83100000000002,5.290400000000001,10.32,17.94,16.75,5.15,37.22,0.41,9.24
2025-01-07 15:00:00,7.48,17.25,14.77,5.14,38.81,8.33,0.32,9.11,2025,Bhatagaon,Hourly,0,0,15,7,1,1,-0.7071067811865471,-0.7071067811865479,0.49999999999999994,0.8660254037844387,7.83,7.83,4.99,3.28,2.46,7.26,7.99,6.883333333333333,6.324999999999999,4.925833333333333,31.05,1.639674764501343,1.8178421273579668,1.9412435486449442,71.76231959073984,6.833997553819474,10.049776672224146,0.0,0.0,129.03,4.7264,7.7,18.03,15.56,5.38,37.02,0.34,9.15
2025-01-07 16:00:00,7.08,18.19,15.0,4.92,38.81,8.4,0.3,9.13,2025,Bhatagaon,Hourly,0,0,16,7,1,1,-0.8660254037844385,-0.5000000000000004,0.49999999999999994,0.8660254037844387,8.33,7.83,7.83,7.01,3.85,166.83,8.22,7.996666666666667,7.166666666666667,5.415,31.094583333333336,0.28867513461070243,1.1849331908019232,2.0020285167355256,71.747227910647,7.261426824156767,9.785195645728123,0.5,0.06385696040868455,128.7852,4.5,7.48,17.25,14.77,5.14,38.81,0.32,9.11
2025-01-07 17:00:00,6.84,19.26,15.55,4.53,38.85,8.4,0.37,9.14,2025,Bhatagaon,Hourly,0,0,17,7,1,1,-0.9659258262890683,-0.25881904510252063,0.49999999999999994,0.8660254037844387,8.4,8.33,7.83,7.01,3.85,50.05,8.7,8.186666666666667,7.398333333333333,5.7941666666666665,24.493333333333336,0.31085902486899525,1.2802252405979322,2.1068091268488796,65.75362219592213,7.586733445826262,9.572088623308412,0.07000000000000028,0.00840336134453785,131.7384,5.7535,7.08,18.19,15.0,4.92,38.81,0.3,9.13
2025-01-07 18:00:00,7.02,18.0,14.75,4.59,40.0,6.73,0.43,9.13,2025,Bhatagaon,Hourly,0,0,18,7,1,1,-1.0,-1.8369701987210297e-16,0.49999999999999994,0.8660254037844387,8.4,8.4,8.33,4.99,3.52,0.0,9.15,8.376666666666667,7.63,6.173333333333333,22.75791666666667,0.040414518956656986,1.3210147614608145,2.1343610214068716,65.59923289445224,7.81909531844733,9.39176729664558,0.0,0.0,126.35999999999999,6.3425,6.84,19.26,15.55,4.53,38.85,0.37,9.14
2025-01-07 19:00:00,6.64,16.98,14.19,4.79,40.0,10.59,0.42,9.11,2025,Bhatagaon,Hourly,0,0,19,7,1,1,-0.9659258262890684,0.2588190451025203,0.49999999999999994,0.8660254037844387,6.73,8.4,8.4,7.83,3.74,0.0,11.96,7.843333333333334,7.919999999999999,6.440833333333334,23.038333333333338,0.9641749495514343,0.642059187300813,1.9661104118332589,65.51204646386849,7.507925227462378,8.982264635623183,-1.67,-0.1988095238095238,112.74719999999999,5.9597999999999995,7.02,18.0,14.75,4.59,40.0,0.43,9.13
2025-01-07 20:00:00,9.37,16.88,15.6,4.9,38.37,10.59,0.39,9.15,2025,Bhatagaon,Hourly,0,0,20,7,1,1,-0.8660254037844386,0.5000000000000001,0.49999999999999994,0.8660254037844387,10.59,6.73,8.4,7.83,3.74,311.8,12.73,8.573333333333332,8.38,7.011666666666667,23.479583333333338,1.935828849186439,1.2579666132284242,2.100484071193421,65.38566944968953,8.388518019615985,9.229608537835,3.8599999999999994,0.5735512630014857,158.16559999999998,6.084,6.64,16.98,14.19,4.79,40.0,0.42,9.11
2025-01-07 21:00:00,8.87,16.16,15.28,4.71,37.9,7.92,0.38,9.18,2025,Bhatagaon,Hourly,0,0,21,7,1,1,-0.7071067811865477,0.7071067811865474,0.49999999999999994,0.8660254037844387,10.59,10.59,6.73,8.33,3.28,113.93,12.49,9.303333333333335,8.840000000000002,7.5825000000000005,10.929166666666667,2.228572039074007,1.4982923613225165,2.0609535524747913,22.446787688581093,9.017512871154274,9.438899532014231,0.0,0.0,143.33919999999998,5.8064,9.37,16.88,15.6,4.9,38.37,0.39,9.15
2025-01-07 22:00:00,10.73,15.71,15.45,5.07,35.19,5.78,0.38,9.17,2025,Bhatagaon,Hourly,0,0,22,7,1,1,-0.5000000000000004,0.8660254037844384,0.49999999999999994,0.8660254037844387,7.92,10.59,10.59,8.4,7.01,24.49,11.8075,9.7,8.771666666666667,7.969166666666666,6.512083333333333,1.5415252187392643,1.5351015167291275,1.5530349076071384,4.7565460424163755,8.703937765110195,9.205222680935119,-2.67,-0.2521246458923513,168.56830000000002,5.8709999999999996,8.87,16.16,15.28,4.71,37.9,0.38,9.18
2025-01-07 23:00:00,9.33,13.06,14.3,4.78,37.97,6.66,0.36,9.16,2025,Bhatagaon,Hourly,0,0,23,7,1,1,-0.25881904510252157,0.9659258262890681,0.49999999999999994,0.8660254037844387,5.78,7.92,10.59,8.4,7.01,7.38,11.125,8.096666666666666,8.334999999999999,7.866666666666666,5.732499999999999,2.409861683446272,1.972336178240766,1.6590650890489094,2.821603383216287,7.868526975078711,8.67826534540664,-2.1399999999999997,-0.27020202020202017,121.8498,5.148,10.73,15.71,15.45,5.07,35.19,0.38,9.17
2025-01-08 01:00:00,9.21,10.49,12.65,4.7,46.81,14.54,0.48,9.15,2025,Bhatagaon,Hourly,0,0,1,8,1,2,0.25881904510252074,0.9659258262890683,0.49999999999999994,0.8660254037844387,6.66,5.78,7.92,6.73,4.99,0.31,10.4425,6.786666666666666,8.045,7.837500000000001,5.7025,1.075608354998475,2.085538299815514,1.6784577607283873,2.807115570490577,7.523233553627652,8.36776298457485,0.8799999999999999,0.15224913494809686,96.61290000000001,6.072,9.33,13.06,14.3,4.78,37.97,0.36,9.16
2025-01-08 02:00:00,9.24,9.89,12.44,4.76,38.76,12.8,0.34,9.16,2025,Bhatagaon,Hourly,0,0,2,8,1,2,0.49999999999999994,0.8660254037844387,0.49999999999999994,0.8660254037844387,14.54,6.66,5.78,10.59,7.83,2.35,9.76,8.993333333333332,9.346666666666666,8.633333333333333,6.295416666666667,4.823663891000541,3.226054349614104,2.3394728751018197,3.1055546016873796,9.528023966876894,9.317337910024872,7.879999999999999,1.183183183183183,91.3836,4.2296000000000005,9.21,10.49,12.65,4.7,46.81,0.48,9.15
2025-01-08 03:00:00,8.01,9.54,11.4,4.82,28.6,11.53,0.37,9.17,2025,Bhatagaon,Hourly,0,0,3,8,1,2,0.7071067811865476,0.7071067811865476,0.49999999999999994,0.8660254037844387,12.8,14.54,6.66,10.59,7.83,1.69,9.02,11.333333333333334,9.715,9.0475,6.730833333333333,4.139677926281516,3.5100641019783985,2.6087584124539527,3.2572059467761383,10.462874262054925,9.853132077713353,-1.7399999999999984,-0.11966987620357625,76.41539999999999,4.218,9.24,9.89,12.44,4.76,38.76,0.34,9.16
2025-01-08 04:00:00,8.87,9.46,12.06,4.96,20.33,6.71,0.33,9.16,2025,Bhatagaon,Hourly,0,0,4,8,1,2,0.8660254037844386,0.5000000000000001,0.49999999999999994,0.8660254037844387,11.53,12.8,14.54,7.92,8.33,2.46,22.87,12.956666666666665,9.871666666666668,9.355833333333333,7.140833333333333,1.511103349656274,3.577263851977387,2.6697206470597488,3.2141236098995702,10.767767330039232,10.111111758065144,-1.2700000000000014,-0.0992187500000001,83.9102,3.9798000000000004,8.01,9.54,11.4,4.82,28.6,0.37,9.17
2025-01-08 05:00:00,9.23,11.66,13.5,4.76,18.69,9.08,0.28,9.14,2025,Bhatagaon,Hourly,0,0,5,8,1,2,0.9659258262890683,0.25881904510252074,0.49999999999999994,0.8660254037844387,6.71,11.53,12.8,5.78,8.4,3.85,17.84,10.346666666666666,9.67,9.220833333333333,7.317916666666666,3.212823265189429,3.739711218797171,2.7655492906096755,3.0583200548625906,9.608405235742309,9.587863795285891,-4.819999999999999,-0.41803989592367735,107.62180000000001,3.7800000000000002,8.87,9.46,12.06,4.96,20.33,0.33,9.16
2025-01-08 06:00:00,11.66,11.8,14.85,4.86,15.87,8.34,0.34,9.14,2025,Bhatagaon,Hourly,0,0,6,8,1,2,1.0,6.123233995736766e-17,0.49999999999999994,0.8660254037844387,9.08,6.71,11.53,6.66,8.4,3.85,21.0,9.106666666666666,10.22,9.2775,7.535833333333334,2.4101106475310385,3.2658291443364633,2.754144397746814,2.985946673374391,9.457432311244506,9.509730903703446,2.37,0.35320417287630407,137.58800000000002,5.049,9.23,11.66,13.5,4.76,18.69,0.28,9.14
2025-01-08 07:00:00,13.0,13.01,17.22,4.72,16.05,7.47,0.35,9.13,2025,Bhatagaon,Hourly,0,0,7,8,1,2,0.9659258262890683,-0.25881904510252063,0.49999999999999994,0.8660254037844387,8.34,9.08,6.71,14.54,6.73,3.52,18.02,8.043333333333331,10.5,9.2725,7.722916666666666,1.2125317865287086,2.956978187271161,2.755936155086487,2.8838869892335204,9.138165936603219,9.329772303133684,-0.7400000000000002,-0.08149779735682822,169.13,6.026999999999999,11.66,11.8,14.85,4.86,15.87,0.34,9.14
2025-01-08 08:00:00,17.17,13.6,20.87,4.56,16.75,9.0,0.39,9.18,2025,Bhatagaon,Hourly,0,0,8,8,1,2,0.8660254037844387,-0.4999999999999998,0.49999999999999994,0.8660254037844387,7.47,8.34,9.08,12.8,10.59,3.74,14.62,8.296666666666665,9.321666666666667,9.334166666666667,7.887499999999999,0.8058742664600338,2.3768501565441778,2.7016172204930142,2.7428630709699435,8.661547097573727,9.043653487266964,-0.8700000000000001,-0.10431654676258995,233.51200000000003,8.1393,13.0,13.01,17.22,4.72,16.05,0.35,9.13
2025-01-08 09:00:00,18.42,15.53,22.89,3.81,24.39,8.41,0.43,9.25,2025,Bhatagaon,Hourly,0,0,9,8,1,2,0.7071067811865476,-0.7071067811865475,0.49999999999999994,0.8660254037844387,9.0,7.47,8.34,11.53,10.59,3.74,12.89,8.27,8.688333333333333,9.201666666666666,8.106666666666667,0.7673982017239583,1.6640362576170222,2.67326777672279,2.6036674246098963,8.758247926838376,9.03693756614897,1.5300000000000002,0.20481927710843378,286.06260000000003,9.8427,17.17,13.6,20.87,4.56,16.75,0.39,9.18
2025-01-08 10:00:00,30.55,18.26,33.28,4.02,31.78,6.46,0.73,9.35,2025,Bhatagaon,Hourly,0,0,10,8,1,2,0.49999999999999994,-0.8660254037844387,0.49999999999999994,0.8660254037844387,8.41,9.0,7.47,6.71,7.92,3.28,13.14,8.293333333333333,8.168333333333333,9.02,8.301250000000001,0.7716432681897107,0.9192478809679417,2.6442596489212074,2.4319831101037286,8.658748519170269,8.940485632895282,-0.5899999999999999,-0.06555555555555553,557.8430000000001,24.2944,18.42,15.53,22.89,3.81,24.39,0.43,9.25
2025-01-08 11:00:00,20.89,18.72,26.08,4.12,32.04,8.88,0.59,9.44,2025,Bhatagaon,Hourly,0,0,11,8,1,2,0.258819045102521,-0.9659258262890682,0.49999999999999994,0.8660254037844387,6.46,8.41,9.0,9.08,5.78,7.01,15.83,7.956666666666667,8.126666666666667,8.898333333333332,8.43375,1.3292980603846924,1.0006331329033886,2.7316190115472265,2.224276751040911,8.030534656550191,8.5588724586037,-1.9500000000000002,-0.23186682520808563,391.0608,15.387199999999998,30.55,18.26,33.28,4.02,31.78,0.73,9.35
2025-01-08 12:00:00,21.14,13.87,24.2,4.07,35.4375,13.066666666666666,0.48,9.42,2025,Bhatagaon,Hourly,1,5,12,8,1,2,1.2246467991473532e-16,-1.0,0.49999999999999994,0.8660254037844387,8.88,6.46,8.41,8.34,6.66,7.01,18.72,7.916666666666667,8.093333333333334,9.156666666666668,8.511666666666667,1.2832121154908518,0.9652288157033283,2.5504842083364294,2.2049029687160826,8.273239040392994,8.608276695741592,2.420000000000001,0.37461300309597534,293.2118,11.616,20.89,18.72,26.08,4.12,32.04,0.59,9.44
2025-01-08 13:00:00,18.42,15.31,22.77,4.1,38.835,17.253333333333334,0.49,9.4,2025,Bhatagaon,Hourly,1,5,13,8,1,2,-0.2588190451025208,-0.9659258262890683,0.49999999999999994,0.8660254037844387,13.066666666666666,8.88,6.46,7.47,14.54,4.99,21.29,9.46888888888889,8.88111111111111,9.690555555555555,8.764027777777777,3.342469701240812,2.2630939163171013,2.6489959345539265,2.366260013883692,9.6427897907569,9.29418284511468,4.186666666666666,0.47147147147147134,282.01020000000005,11.1573,21.14,13.87,24.2,4.07,35.4375,0.48,9.42
2025-01-08 14:00:00,63.89,20.42,69.17,6.39,42.2325,21.44,0.5,9.35,2025,Bhatagaon,Hourly,1,5,14,8,1,2,-0.4999999999999997,-0.8660254037844388,0.49999999999999994,0.8660254037844387,17.253333333333334,13.066666666666666,8.88,9.0,12.8,7.83,16.73,13.066666666666668,10.511666666666665,9.916666666666666,9.275,4.1866666666677474,3.9435662089588264,3.165925910170771,2.8001559652911157,11.817230802921596,10.518667535609858,4.186666666666667,0.3204081632653062,1304.6338,34.585,18.42,15.31,22.77,4.1,38.835,0.49,9.4
2025-01-08 23:00:00,17.21,10.14,17.19,4.59,80.42,28.53,0.69,9.61,2025,Bhatagaon,Hourly,0,0,23,8,1,2,-0.25881904510252157,0.9659258262890681,0.49999999999999994,0.8660254037844387,29.15,29.95,28.3,34.0,8.88,5.78,24.49,29.133333333333336,31.35166666666667,24.875,16.160454545454545,0.82512625296578,2.5220421619522213,9.120505218029434,10.288749251450119,28.799497769280656,24.438365553291966,-0.8000000000000007,-0.026711185308848105,174.50940000000003,11.8611,30.22,19.45,34.4,4.55,84.14,1.07,9.63
2025-01-09 01:00:00,6.63,6.45,8.49,4.85,20.68,4.96,0.34,9.55,2025,Bhatagaon,Hourly,0,0,1,9,1,3,0.25881904510252074,0.9659258262890683,0.49999999999999994,0.8660254037844387,28.53,29.15,29.95,33.92,13.066666666666666,6.66,7.38,29.209999999999997,30.44,26.839999999999996,17.19454545454545,0.7118988692223173,2.3564719391492757,7.207706438165239,10.338904414518431,28.72249840662904,25.067847775862433,-0.6199999999999974,-0.02126929674099477,42.7635,2.8866000000000005,17.21,10.14,17.19,4.59,80.42,0.69,9.61
2025-01-09 02:00:00,5.77,6.18,7.83,4.57,16.76,4.14,0.36,9.48,2025,Bhatagaon,Hourly,0,0,2,9,1,3,0.49999999999999994,0.8660254037844387,0.49999999999999994,0.8660254037844387,4.96,28.53,29.15,32.79,17.253333333333334,14.54,0.31,20.88,25.61333333333333,26.029333333333334,17.117272727272727,13.790609123602914,10.247970856060457,9.128813804733053,10.427363099197487,21.93321314759217,21.97433273342206,-23.57,-0.8261479144759901,35.65859999999999,2.8188,6.63,6.45,8.49,4.85,20.68,0.34,9.55
2025-01-09 03:00:00,5.32,6.38,7.6,4.61,14.34,2.94,0.28,9.46,2025,Bhatagaon,Hourly,0,0,3,9,1,3,0.7071067811865476,0.7071067811865476,0.49999999999999994,0.8660254037844387,4.14,4.96,28.53,28.3,21.44,12.8,2.35,12.543333333333335,20.838333333333335,24.718,16.644545454545455,13.850928970048662,12.632500016491761,11.229653007402767,10.779563632707788,16.849437962565837,19.23058923597251,-0.8200000000000003,-0.16532258064516134,33.9416,2.128,5.77,6.18,7.83,4.57,16.76,0.36,9.48
2025-01-09 06:00:00,6.28,6.4,8.35,4.58,9.75,1.56,0.25,9.48,2025,Bhatagaon,Hourly,0,0,6,9,1,3,1.0,6.123233995736766e-17,0.49999999999999994,0.8660254037844387,1.67,2.1,2.94,28.53,34.0,9.08,3.85,2.236666666666667,7.390000000000001,19.370833333333334,15.538636363636364,0.6459360133427968,10.42949663214852,14.454190621240423,11.745785764994077,7.47475144408376,12.504530848010653,-0.43000000000000016,-0.20476190476190484,40.19200000000001,2.0875,6.01,7.14,8.12,4.93,10.13,0.29,9.49
2025-01-09 07:00:00,6.69,7.27,9.02,4.52,8.82,1.39,0.26,9.47,2025,Bhatagaon,Hourly,0,0,7,9,1,3,0.9659258262890683,-0.25881904510252063,0.49999999999999994,0.8660254037844387,1.56,1.67,2.1,4.96,33.92,8.34,3.85,1.7766666666666666,2.895,16.6675,15.19681818181818,0.2853652630107296,1.3950734747665279,14.502905743333066,12.048218532929424,5.784822460059829,10.820756871393629,-0.10999999999999988,-0.06586826347305381,48.6363,2.3452,6.28,6.4,8.35,4.58,9.75,0.25,9.48
2025-01-09 08:00:00,8.83,9.11,11.85,4.41,12.87,1.41,0.29,9.52,2025,Bhatagaon,Hourly,0,0,8,9,1,3,0.8660254037844387,-0.4999999999999998,0.49999999999999994,0.8660254037844387,1.39,1.56,1.67,4.14,32.79,7.47,3.52,1.54,2.3,13.956666666666665,14.88090909090909,0.1410673597961203,1.0590372986808048,14.017024929662902,12.324516161095445,4.529158900042734,9.369871198871532,-0.17000000000000015,-0.10897435897435907,80.4413,3.4364999999999997,6.69,7.27,9.02,4.52,8.82,0.26,9.47
2025-01-09 09:00:00,9.49,9.2,11.69,3.86,21.68,1.31,0.42,9.57,2025,Bhatagaon,Hourly,0,0,9,9,1,3,0.7071067811865476,-0.7071067811865475,0.49999999999999994,0.8660254037844387,1.41,1.39,1.56,2.94,28.3,9.0,3.74,1.4533333333333331,1.845,11.341666666666667,14.605454545454545,0.09291573243095513,0.5953402388526433,13.079868524035867,12.563443254033132,3.6379706428876677,8.145275629814373,0.020000000000000018,0.014388489208633108,87.30799999999999,4.9098,8.83,9.11,11.85,4.41,12.87,0.29,9.52
2025-01-09 10:00:00,10.3,8.8,12.83,3.89,39.38,1.26,0.42,9.59,2025,Bhatagaon,Hourly,0,0,10,9,1,3,0.49999999999999994,-0.8660254037844387,0.49999999999999994,0.8660254037844387,1.31,1.41,1.39,2.1,29.95,8.41,3.74,1.3699999999999999,1.5733333333333335,9.0925,14.25590909090909,0.052915026219845784,0.28862894287264546,12.188880271490527,12.830956280858155,2.9728361734911912,7.0936947636890855,-0.09999999999999987,-0.07092198581560274,90.64000000000001,5.388599999999999,9.49,9.2,11.69,3.86,21.68,0.42,9.57
2025-01-09 11:00:00,12.73,10.1,15.48,3.79,44.48,1.36,0.49,9.63,2025,Bhatagaon,Hourly,0,0,11,9,1,3,0.258819045102521,-0.9659258262890682,0.49999999999999994,0.8660254037844387,1.26,1.31,1.41,1.67,29.15,6.46,3.28,1.3266666666666669,1.4333333333333333,6.701666666666667,13.930909090909092,0.07637626158159365,0.15474710551017268,10.409683283395797,13.074325022561547,2.483454409636565,6.196203261583072,-0.050000000000000044,-0.038167938931297746,128.573,7.5852,10.3,8.8,12.83,3.89,39.38,0.42,9.59
2025-01-09 12:00:00,11.64,10.49,14.59,3.8,43.83,1.96,0.5,9.62,2025,Bhatagaon,Hourly,0,0,12,9,1,3,1.2246467991473532e-16,-1.0,0.49999999999999994,0.8660254037844387,1.36,1.26,1.31,1.56,28.53,8.88,7.01,1.31,1.3816666666666666,4.385833333333333,13.69909090909091,0.04999999999846585,0.10303721009312572,7.7002083305153075,13.257034917189403,2.1624674354546896,5.452171990570292,0.10000000000000009,0.07936507936507943,122.10360000000001,7.295,12.73,10.1,15.48,3.79,44.48,0.49,9.63
2025-01-09 13:00:00,10.3,11.38,13.18,4.06,43.78,2.6,0.51,9.62,2025,Bhatagaon,Hourly,0,0,13,9,1,3,-0.2588190451025208,-0.9659258262890683,0.49999999999999994,0.8660254037844387,1.96,1.36,1.26,1.39,4.96,13.066666666666666,7.01,1.5266666666666666,1.4483333333333333,2.1716666666666664,13.384545454545453,0.3785938897198175,0.2565475914207283,1.2187462509671851,13.457400927766251,2.10461959675335,4.914914761251786,0.5999999999999999,0.44117647058823517,117.21400000000001,6.7218,11.64,10.49,14.59,3.8,43.83,0.5,9.62
2025-01-09 14:00:00,13.47,17.47,19.65,3.87,81.24000000000001,7.0,0.66,9.55,2025,Bhatagaon,Hourly,1,3,14,9,1,3,-0.4999999999999997,-0.8660254037844388,0.49999999999999994,0.8660254037844387,2.6,1.96,1.36,1.41,4.14,17.253333333333334,4.99,1.9733333333333334,1.6500000000000001,1.9749999999999999,12.908787878787878,0.6201075175589991,0.530659966454147,0.8677714403755346,13.652769145455787,2.2461568548238215,4.558774028751511,0.6400000000000001,0.32653061224489804,235.3209,12.969,10.3,11.38,13.18,4.06,43.78,0.51,9.62
2025-01-09 15:00:00,10.21,16.87,17.0,3.76,118.7,11.4,0.62,9.56,2025,Bhatagaon,Hourly,1,3,15,9,1,3,-0.7071067811865471,-0.7071067811865479,0.49999999999999994,0.8660254037844387,7.0,2.6,1.96,1.31,2.94,21.44,7.83,3.853333333333333,2.5816666666666666,2.2133333333333334,12.442727272727273,2.7438172922651387,2.225528401675389,1.6001439329212694,13.672391779410843,3.604397753445587,4.934347255097433,4.4,1.6923076923076923,172.2427,10.54,13.47,17.47,19.65,3.87,81.24000000000001,0.66,9.55
2025-01-09 18:00:00,19.72,15.44,23.45,3.91,52.92,40.91,0.98,9.62,2025,Bhatagaon,Hourly,0,0,18,9,1,3,-1.0,-1.8369701987210297e-16,0.49999999999999994,0.8660254037844387,20.2,15.799999999999995,11.4,1.96,1.56,34.0,8.4,15.799999999999999,9.826666666666666,5.604166666666667,12.487499999999999,4.399999999999992,7.319307799694178,6.618627237966755,13.050329081308202,11.97128198011865,9.40956586096253,4.400000000000004,0.27848101265822817,304.47679999999997,22.980999999999998,16.47,17.7,22.46,3.7,82.58,0.66,9.61
2025-01-09 19:00:00,12.54,17.76,18.3,4.06,29.3,40.91,0.88,9.63,2025,Bhatagaon,Hourly,0,0,19,9,1,3,-0.9659258262890684,0.2588190451025203,0.49999999999999994,0.8660254037844387,40.91,20.2,15.799999999999995,2.6,1.39,33.92,8.4,25.636666666666667,16.31833333333333,8.883333333333333,12.775416666666667,13.408804321539389,13.559499130375878,11.996135236236055,13.609805282179623,20.23948712865618,14.255786497737525,20.709999999999997,1.025247524752475,222.7104,16.104,19.72,15.44,23.45,3.91,52.92,0.98,9.62
2025-01-09 20:00:00,16.84,13.6,19.47,4.02,22.79,23.32,0.9,9.62,2025,Bhatagaon,Hourly,0,0,20,9,1,3,-0.8660254037844386,0.5000000000000001,0.49999999999999994,0.8660254037844387,40.91,40.91,20.2,7.0,1.41,32.79,6.73,34.00666666666667,22.703333333333333,12.176666666666664,13.066666666666665,11.956924074917154,14.773274067269732,14.839703092676462,14.146196190731645,26.14534794904013,18.35643472885483,0.0,0.0,229.024,17.523,12.54,17.76,18.3,4.06,29.3,0.88,9.63
2025-01-09 21:00:00,12.05,16.24,17.99,3.98,27.46,13.76,0.71,9.64,2025,Bhatagaon,Hourly,0,0,21,9,1,3,-0.7071067811865477,0.7071067811865474,0.49999999999999994,0.8660254037844387,23.32,40.91,40.91,11.4,1.31,28.3,10.59,35.04666666666666,25.423333333333332,14.002499999999998,12.672083333333333,10.155591235045522,12.654195615157228,14.74212709766266,13.697073943052695,25.338105677885807,19.120060155184856,-17.589999999999996,-0.42996822292837933,195.69199999999998,12.772899999999998,16.84,13.6,19.47,4.02,22.79,0.9,9.62
2025-01-09 22:00:00,14.31,15.56,19.27,3.96,27.46,36.04,0.79,9.64,2025,Bhatagaon,Hourly,0,0,22,9,1,3,-0.5000000000000004,0.8660254037844384,0.49999999999999994,0.8660254037844387,13.76,23.32,40.91,15.799999999999995,1.26,29.95,10.59,25.996666666666666,25.816666666666663,15.04,12.066249999999998,13.771493504095094,12.158079892263597,14.195632490952459,13.291332845292516,22.03007548420415,18.295435515925647,-9.56,-0.40994854202401376,222.6636,15.2233,12.05,16.24,17.99,3.98,27.46,0.71,9.64
2025-01-09 23:00:00,18.52,15.62,19.83,3.79,31.15,500.0,0.7,9.65,2025,Bhatagaon,Hourly,0,0,23,9,1,3,-0.25881904510252157,0.9659258262890681,0.49999999999999994,0.8660254037844387,36.04,13.76,23.32,20.2,1.36,29.15,7.92,24.373333333333335,29.189999999999998,17.938333333333333,12.32,11.177286492406525,11.618960366573159,14.669025395731278,13.699469999269073,26.03291106014582,21.02536851347555,22.28,1.6191860465116281,289.2824,13.880999999999998,14.31,15.56,19.27,3.96,27.46,0.79,9.64
2025-01-10 01:00:00,10.17,12.25,13.48,4.19,59.86,6.59,0.71,9.24,2025,Bhatagaon,Hourly,0,0,1,10,1,4,0.25881904510252074,0.9659258262890683,0.49999999999999994,0.8660254037844387,500.0,36.04,13.76,40.91,1.96,28.53,5.78,183.26666666666665,109.15666666666668,59.49166666666667,31.93875,274.5252318701021,191.77498821970156,139.39982997468002,100.56959110432591,161.45207932867558,94.71377335755625,463.96,12.873473917869035,124.5825,9.5708,18.52,15.62,19.83,3.79,31.15,0.7,9.65
2025-01-10 02:00:00,7.81,9.68,10.45,3.95,42.26,7.74,0.46,9.18,2025,Bhatagaon,Hourly,0,0,2,10,1,4,0.49999999999999994,0.8660254037844387,0.49999999999999994,0.8660254037844387,6.59,500.0,36.04,40.91,2.6,4.96,6.66,180.87666666666667,103.43666666666667,59.8775,31.024583333333336,276.7609113175727,194.70707934398962,139.23242367449015,100.70155298570072,117.205770949054,81.15626976408606,-493.41,-0.98682,75.60079999999999,4.8069999999999995,10.17,12.25,13.48,4.19,59.86,0.71,9.24
2025-01-10 03:00:00,7.13,7.62,9.49,4.4,26.59,7.38,0.44,9.2,2025,Bhatagaon,Hourly,0,0,3,10,1,4,0.7071067811865476,0.7071067811865476,0.49999999999999994,0.8660254037844387,7.74,6.59,500.0,23.32,7.0,4.14,14.54,171.44333333333336,97.90833333333335,60.30583333333334,31.140416666666667,284.5390009002867,197.29121971508684,139.04798095741387,100.67186280529636,85.92983639218143,69.86145903114975,1.1500000000000004,0.1745068285280729,54.3306,4.1756,7.81,9.68,10.45,3.95,42.26,0.46,9.18
2025-01-10 04:00:00,6.74,7.55,9.35,4.05,19.51,8.82,0.3,9.19,2025,Bhatagaon,Hourly,0,0,4,10,1,4,0.8660254037844386,0.5000000000000001,0.49999999999999994,0.8660254037844387,7.38,7.74,6.59,13.76,11.4,2.94,12.8,7.236666666666667,95.25166666666667,60.337500000000006,31.27541666666667,0.5882459802970728,198.5994659022694,139.03478015655585,100.63624738023258,63.48702599441531,60.248926872511326,-0.3600000000000003,-0.046511627906976785,50.887,2.8049999999999997,7.13,7.62,9.49,4.4,26.59,0.44,9.2
2025-01-10 05:00:00,7.35,9.2,10.7,4.44,14.45,7.33,0.32,9.16,2025,Bhatagaon,Hourly,0,0,5,10,1,4,0.9659258262890683,0.25881904510252074,0.49999999999999994,0.8660254037844387,8.82,7.38,7.74,36.04,15.799999999999995,2.1,11.53,7.98,94.42833333333334,60.122499999999995,31.520416666666666,0.7493997598093768,199.0146795004496,139.11930466166604,100.57140182495338,47.86787571029666,52.33678427674035,1.4400000000000004,0.19512195121951226,67.61999999999999,3.424,6.74,7.55,9.35,4.05,19.51,0.3,9.19
2025-01-10 06:00:00,9.21,11.04,12.4,4.08,14.94,6.29,0.36,9.1,2025,Bhatagaon,Hourly,0,0,6,10,1,4,1.0,6.123233995736766e-17,0.49999999999999994,0.8660254037844387,7.33,8.82,7.38,500.0,20.2,1.67,6.71,7.843333333333334,89.64333333333333,59.416666666666664,31.738333333333333,0.846187528468531,201.03420511611122,139.3858528971961,100.5105301715314,36.28562550735475,45.4126636187803,-1.4900000000000002,-0.16893424036281182,101.6784,4.4639999999999995,7.35,9.2,10.7,4.44,14.45,0.32,9.16
2025-01-10 07:00:00,13.41,9.88,14.65,3.88,22.64,6.2,0.4,9.12,2025,Bhatagaon,Hourly,0,0,7,10,1,4,0.9659258262890683,-0.25881904510252063,0.49999999999999994,0.8660254037844387,6.29,7.33,8.82,6.59,40.91,1.56,9.08,7.48,7.358333333333333,58.25749999999999,31.93083333333333,1.2716524682484347,0.8961119721741123,139.79886448524405,100.45484756484063,27.715446790967682,39.393792292814105,-1.04,-0.14188267394270124,132.4908,5.86,9.21,11.04,12.4,4.08,14.94,0.36,9.1
2025-01-10 08:00:00,14.3,8.36,15.29,4.28,17.42,10.19,0.53,9.2,2025,Bhatagaon,Hourly,0,0,8,10,1,4,0.8660254037844387,-0.4999999999999998,0.49999999999999994,0.8660254037844387,6.2,6.29,7.33,7.74,40.91,1.39,8.34,6.6066666666666665,7.293333333333334,55.365,32.12416666666667,0.6280392769052283,0.9737693087552994,140.5474997352076,100.3983042432866,21.56817627926263,34.28705501699655,-0.08999999999999986,-0.014308426073131934,119.548,8.1037,13.41,9.88,14.65,3.88,22.64,0.4,9.12
2025-01-10 09:00:00,17.95,13.59,19.75,4.5,27.7,8.29,0.56,9.21,2025,Bhatagaon,Hourly,0,0,9,10,1,4,0.7071067811865476,-0.7071067811865475,0.49999999999999994,0.8660254037844387,10.19,6.2,6.29,7.38,23.32,1.41,7.47,7.56,7.701666666666667,52.805,32.490833333333335,2.2780913063357087,1.5447901691407133,141.11336090984696,100.29719758175513,18.317268770901876,30.579815783612464,3.9899999999999993,0.6435483870967741,243.9405,11.06,14.3,8.36,15.29,4.28,17.42,0.53,9.2
2025-01-10 10:00:00,18.34,19.32,24.8,4.45,39.99,6.96,0.61,9.18,2025,Bhatagaon,Hourly,0,0,10,10,1,4,0.49999999999999994,-0.8660254037844387,0.49999999999999994,0.8660254037844387,8.29,10.19,6.2,8.82,13.76,1.31,9.0,8.226666666666667,7.853333333333333,51.5525,32.7775,1.9957538258351628,1.5515497628738182,141.46511996216273,100.21429869556282,15.452334836358483,27.150613355364392,-1.9000000000000004,-0.18645731108930327,354.3288,15.128,17.95,13.59,19.75,4.5,27.7,0.56,9.21
2025-01-10 11:00:00,12.3,21.37,19.01,4.75,50.21,6.03,0.66,9.18,2025,Bhatagaon,Hourly,0,0,11,10,1,4,0.258819045102521,-0.9659258262890682,0.49999999999999994,0.8660254037844387,6.96,8.29,10.19,7.33,36.04,1.26,8.41,8.479999999999999,7.543333333333333,50.985833333333325,33.01291666666666,1.6233607116110593,1.504894237703695,141.6437742082923,100.14377488214097,13.025953454541774,24.044365146846793,-1.3299999999999992,-0.16043425814234008,262.851,12.546600000000002,18.34,19.32,24.8,4.45,39.99,0.61,9.18
2025-01-10 12:00:00,11.65,24.9,20.08,4.68,48.82,8.61,0.65,9.17,2025,Bhatagaon,Hourly,0,0,12,10,1,4,1.2246467991473532e-16,-1.0,0.49999999999999994,0.8660254037844387,6.03,6.96,8.29,6.29,500.0,1.36,6.46,7.093333333333334,7.326666666666667,48.48500000000001,33.211666666666666,1.135884383788974,1.6301247396054614,142.19549459043412,100.08273141524583,11.027109610386981,21.27292435502421,-0.9299999999999997,-0.13362068965517238,290.085,13.052,12.3,21.37,19.01,4.75,50.21,0.66,9.18
2025-01-10 13:00:00,10.62,19.15,15.26,4.66,55.41,12.58,0.49,9.17,2025,Bhatagaon,Hourly,0,0,13,10,1,4,-0.2588190451025208,-0.9659258262890683,0.49999999999999994,0.8660254037844387,8.61,6.03,6.96,6.2,6.59,1.96,8.88,7.2,7.713333333333334,7.535833333333334,33.513749999999995,1.3066369044238446,1.6100766027347249,1.2560722209511446,99.99331394224403,10.336506864562129,19.324782146558945,2.579999999999999,0.42786069651741276,203.37299999999996,7.477399999999999,11.65,24.9,20.08,4.68,48.82,0.65,9.17
2025-01-10 14:00:00,15.8,25.34,21.51,4.6,48.76,10.42,0.5,9.13,2025,Bhatagaon,Hourly,0,0,14,10,1,4,-0.4999999999999997,-0.8660254037844388,0.49999999999999994,0.8660254037844387,12.58,8.61,6.03,10.19,7.74,2.6,13.066666666666666,9.073333333333332,8.776666666666666,8.035,33.95625,3.299489859559462,2.348273124377539,1.880858121371718,99.87103174083195,10.977504903258662,18.287123354780647,3.9700000000000006,0.4610917537746807,400.372,10.755,10.62,19.15,15.26,4.66,55.41,0.49,9.17
2025-01-10 15:00:00,10.32,11.28,13.03,4.46,42.81,9.86,0.48,9.11,2025,Bhatagaon,Hourly,0,0,15,10,1,4,-0.7071067811865471,-0.7071067811865479,0.49999999999999994,0.8660254037844387,10.42,12.58,8.61,8.29,7.38,7.0,17.253333333333334,10.536666666666667,8.815,8.258333333333333,34.28208333333333,1.9875697052772174,2.37765220333151,1.9981028881210814,99.77699508225795,10.818217788041903,17.076796684814394,-2.16,-0.17170111287758347,116.4096,6.2543999999999995,15.8,25.34,21.51,4.6,48.76,0.5,9.13
2025-01-10 16:00:00,13.91,16.03,17.39,5.87,37.63,12.64,0.52,9.13,2025,Bhatagaon,Hourly,0,0,16,10,1,4,-0.8660254037844385,-0.5000000000000004,0.49999999999999994,0.8660254037844387,9.86,10.42,12.58,6.96,8.82,11.4,21.44,10.953333333333333,9.076666666666666,8.465000000000002,34.40125,1.4362915210136755,2.3946495916258534,2.027042180124192,99.74469724654213,10.544441277172787,15.966520271766024,-0.5600000000000005,-0.053742802303263004,222.9773,9.0428,10.32,11.28,13.03,4.46,42.81,0.48,9.11
2025-01-10 19:00:00,29.86,24.19,31.52,6.22,48.07,6.87,1.08,9.3,2025,Bhatagaon,Hourly,0,0,19,10,1,4,-0.9659258262890684,0.2588190451025203,0.49999999999999994,0.8660254037844387,8.16,10.0,12.64,12.58,6.2,40.91,34.0,10.266666666666666,10.61,9.161666666666667,33.709583333333335,2.2518732942454287,1.7306068299897812,2.1972868945525232,99.89047512930335,10.057536908590667,13.622393482804085,-1.8399999999999999,-0.184,722.3134,34.0416,21.61,24.09,29.91,6.57,33.52,1.01,9.3
2025-01-10 20:00:00,34.69,17.39,36.91,6.59,46.69,10.15,1.27,9.35,2025,Bhatagaon,Hourly,0,0,20,10,1,4,-0.8660254037844386,0.5000000000000001,0.49999999999999994,0.8660254037844387,6.87,8.16,10.0,10.42,10.19,40.91,33.92,8.343333333333332,9.658333333333333,9.2175,32.29125,1.5730331634570511,1.9823058963424127,2.122426248853126,100.02536605727222,9.146812077564762,12.583563716218842,-1.29,-0.15808823529411764,603.2591,46.875699999999995,29.86,24.19,31.52,6.22,48.07,1.08,9.3
2025-01-10 21:00:00,31.15,11.69,30.89,6.2,62.13,8.95,1.03,9.42,2025,Bhatagaon,Hourly,0,0,21,10,1,4,-0.7071067811865477,0.7071067811865474,0.49999999999999994,0.8660254037844387,10.15,6.87,8.16,9.86,8.29,23.32,32.79,8.393333333333333,9.613333333333333,9.214166666666666,31.009583333333335,1.6524022916153618,1.9645423555306447,2.1207908402012112,100.10716577223269,9.433437198260545,12.20916929833902,3.2800000000000002,0.47743813682678315,364.14349999999996,31.8167,34.69,17.39,36.91,6.59,46.69,1.27,9.35
2025-01-10 22:00:00,26.3,8.85,24.68,6.21,53.43,7.42,0.91,9.48,2025,Bhatagaon,Hourly,0,0,22,10,1,4,-0.5000000000000004,0.8660254037844384,0.49999999999999994,0.8660254037844387,8.95,10.15,6.87,12.64,6.96,13.76,28.3,8.656666666666666,9.461666666666666,9.269166666666667,30.41083333333333,1.6595581741342202,1.9767793672218168,2.1031295223740627,100.19809036263537,9.295312284471818,11.707758637056095,-1.200000000000001,-0.11822660098522178,232.755,22.4588,31.15,11.69,30.89,6.2,62.13,1.03,9.42
2025-01-10 23:00:00,30.03,17.54,31.58,6.36,54.22,6.35,1.13,9.47,2025,Bhatagaon,Hourly,0,0,23,10,1,4,-0.25881904510252157,0.9659258262890681,0.49999999999999994,0.8660254037844387,7.42,8.95,10.15,10.0,6.03,36.04,29.95,8.84,8.591666666666667,9.3075,30.146666666666665,1.3683201379802823,1.346364239971429,2.060984429389116,100.25224090162325,8.759508774622727,11.048103462124388,-1.5299999999999994,-0.170949720670391,526.7262,35.685399999999994,26.3,8.85,24.68,6.21,53.43,0.91,9.48
2025-01-11 01:00:00,10.21,5.39,10.98,4.37,35.21,8.04,0.54,9.16,2025,Bhatagaon,Hourly,0,0,1,11,1,5,0.25881904510252074,0.9659258262890683,0.49999999999999994,0.8660254037844387,6.35,7.42,8.95,8.16,8.61,500.0,29.15,7.573333333333333,7.983333333333333,9.334166666666667,28.909583333333334,1.3067644521242832,1.406039354596384,2.0163083202791188,100.35948266451162,8.07107769615909,10.325318314105251,-1.0700000000000003,-0.1442048517520216,55.0319,5.929200000000001,30.03,17.54,31.58,6.36,54.22,1.13,9.47
2025-01-11 02:00:00,10.8,5.63,10.61,4.04,30.77,7.93,0.43,9.16,2025,Bhatagaon,Hourly,0,0,2,11,1,5,0.49999999999999994,0.8660254037844387,0.49999999999999994,0.8660254037844387,8.04,6.35,7.42,6.87,12.58,6.59,28.53,7.2700000000000005,7.963333333333332,9.286666666666667,8.41125,0.8549268974610266,1.4038755880325775,2.0414759960447264,1.8834665369081534,8.06219835439935,9.97373088116598,1.6899999999999995,0.2661417322834645,60.804,4.5623,10.21,5.39,10.98,4.37,35.21,0.54,9.16
2025-01-11 03:00:00,9.11,5.32,9.79,4.1,25.36,6.53,0.38,9.17,2025,Bhatagaon,Hourly,0,0,3,11,1,5,0.7071067811865476,0.7071067811865476,0.49999999999999994,0.8660254037844387,7.93,8.04,6.35,10.15,10.42,7.74,4.96,7.44,8.139999999999999,8.899166666666666,8.467083333333333,0.9455686120014458,1.3017526646821802,1.784694821548829,1.8466314318044506,8.024427395999535,9.659310745601985,-0.10999999999999943,-0.013681592039800926,48.4652,3.7201999999999997,10.8,5.63,10.61,4.04,30.77,0.43,9.16
2025-01-11 04:00:00,10.08,4.43,10.08,4.21,23.54,5.78,0.39,9.16,2025,Bhatagaon,Hourly,0,0,4,11,1,5,0.8660254037844386,0.5000000000000001,0.49999999999999994,0.8660254037844387,6.53,7.93,8.04,8.95,9.86,7.38,4.14,7.5,7.536666666666666,8.575000000000001,8.416666666666666,0.8418432158082295,0.9839444428796758,1.835892153696025,1.8834950552600407,7.597448139999668,9.177878323201679,-1.3999999999999995,-0.17654476670870106,44.654399999999995,3.9312,9.11,5.32,9.79,4.1,25.36,0.38,9.17
2025-01-11 05:00:00,9.67,5.27,10.07,4.33,16.61,5.78,0.36,9.09,2025,Bhatagaon,Hourly,0,0,5,11,1,5,0.9659258262890683,0.25881904510252074,0.49999999999999994,0.8660254037844387,5.78,6.53,7.93,7.42,12.64,8.82,2.94,6.746666666666667,7.008333333333333,8.235,8.35,1.0912531023257874,0.9224189214634377,1.9505034315187186,1.9489618195115217,7.078177242856905,8.655127811939881,-0.75,-0.11485451761102602,50.960899999999995,3.6252,10.08,4.43,10.08,4.21,23.54,0.39,9.16
2025-01-11 06:00:00,11.94,5.69,12.31,4.05,17.37,5.0,0.35,9.09,2025,Bhatagaon,Hourly,0,0,6,11,1,5,1.0,6.123233995736766e-17,0.49999999999999994,0.8660254037844387,5.78,5.78,6.53,6.35,10.0,7.33,2.1,6.030000000000001,6.735,7.663333333333334,8.223333333333333,0.43301270189487945,1.0144308749279531,1.4939412994034666,2.014764344115574,6.707269459183504,8.212800456256822,0.0,0.0,67.93860000000001,4.3084999999999996,9.67,5.27,10.07,4.33,16.61,0.36,9.09
2025-01-11 07:00:00,11.11,5.67,11.87,4.01,17.37,6.59,0.37,9.16,2025,Bhatagaon,Hourly,0,0,7,11,1,5,0.9659258262890683,-0.25881904510252063,0.49999999999999994,0.8660254037844387,5.0,5.78,5.78,8.04,8.16,6.29,1.67,5.5200000000000005,6.510000000000001,7.246666666666667,8.126249999999999,0.45033320997045106,1.2412574269695558,1.4801863109603013,2.1134040386152857,6.219478185131074,7.718523462986542,-0.7800000000000002,-0.1349480968858132,62.9937,4.3919,11.94,5.69,12.31,4.05,17.37,0.35,9.09
2025-01-11 08:00:00,10.83,5.67,11.63,5.28,20.67,6.59,0.37,9.16,2025,Bhatagaon,Hourly,0,0,8,11,1,5,0.8660254037844387,-0.4999999999999998,0.49999999999999994,0.8660254037844387,6.59,5.0,5.78,7.93,6.87,6.2,1.56,5.79,6.2683333333333335,7.115833333333334,8.13875,0.795047168413483,1.0018665912554119,1.4613845137308865,2.102932347110186,6.325341560807909,7.54490446868092,1.5899999999999999,0.31799999999999995,61.4061,4.303100000000001,11.11,5.67,11.87,4.01,17.37,0.37,9.16
2025-01-11 09:00:00,12.22,5.94,12.69,4.61,20.67,6.32,0.43,9.12,2025,Bhatagaon,Hourly,0,0,9,11,1,5,0.7071067811865476,-0.7071067811865475,0.49999999999999994,0.8660254037844387,6.59,6.59,5.0,6.53,10.15,10.19,1.39,6.06,6.045000000000001,7.0925,8.155,0.9179869280127602,0.6421448434793058,1.4678873191839168,2.088758732711578,6.400958257719935,7.397996088883855,0.0,0.0,72.58680000000001,5.4567,10.83,5.67,11.63,5.28,20.67,0.37,9.16
2025-01-11 10:00:00,11.76,9.0,13.57,4.64,24.94,10.0,0.57,9.12,2025,Bhatagaon,Hourly,0,0,10,11,1,5,0.49999999999999994,-0.8660254037844387,0.49999999999999994,0.8660254037844387,6.32,6.59,6.59,5.78,8.95,8.29,1.41,6.5,6.010000000000001,6.773333333333333,7.9937499999999995,0.15588457268863046,0.6155972709548512,1.117125640638729,2.074157372126918,6.3778273269428105,7.232150536747878,-0.2699999999999996,-0.04097116843702573,105.84,7.7349,12.22,5.94,12.69,4.61,20.67,0.43,9.12
2025-01-11 11:00:00,9.14,14.27,14.15,5.01,24.94,10.0,0.65,9.09,2025,Bhatagaon,Hourly,0,0,11,11,1,5,0.258819045102521,-0.9659258262890682,0.49999999999999994,0.8660254037844387,10.0,6.32,6.59,5.78,7.42,6.96,1.31,7.636666666666667,6.713333333333334,6.860833333333333,8.065,2.0511541466539476,1.7201123994302696,1.3249113749673738,2.1137685283173666,7.41273380495915,7.657973531094358,3.6799999999999997,0.5822784810126581,130.4278,9.1975,11.76,9.0,13.57,4.64,24.94,0.57,9.12
2025-01-11 12:00:00,8.35,14.13,14.07,5.0,40.35,10.24,0.5,9.12,2025,Bhatagaon,Hourly,0,0,12,11,1,5,1.2246467991473532e-16,-1.0,0.49999999999999994,0.8660254037844387,10.0,10.0,6.32,5.0,6.35,6.03,1.26,8.773333333333333,7.416666666666667,7.075833333333333,8.191666666666666,2.1246489906183834,2.085997762864043,1.603867248720391,2.13564503374169,8.151952717827964,8.01828529554138,0.0,0.0,117.9855,7.035,9.14,14.27,14.15,5.01,24.94,0.65,9.09
2025-01-11 13:00:00,7.66,13.51,12.98,5.01,40.35,10.24,0.47,9.11,2025,Bhatagaon,Hourly,0,0,13,11,1,5,-0.2588190451025208,-0.9659258262890683,0.49999999999999994,0.8660254037844387,10.24,10.0,10.0,6.59,8.04,8.61,1.36,10.08,8.29,7.3999999999999995,8.367083333333333,0.13856406461423568,1.9652786062050247,1.8220966943713768,2.1232347740647337,8.748537655591402,8.360087557765784,0.2400000000000002,0.02400000000000002,103.4866,6.1006,8.35,14.13,14.07,5.0,40.35,0.5,9.12
2025-01-11 14:00:00,8.91,13.07,13.98,4.89,38.06,8.36,0.44,9.02,2025,Bhatagaon,Hourly,0,0,14,11,1,5,-0.4999999999999997,-0.8660254037844388,0.49999999999999994,0.8660254037844387,10.24,10.24,10.0,6.59,7.93,12.58,1.96,10.16,8.898333333333333,7.583333333333333,8.435,0.13856406461424337,1.8975607148847329,1.9948357568913826,2.1571418288016755,9.174669753993859,8.649304856571048,0.0,0.0,116.4537,6.1512,7.66,13.51,12.98,5.01,40.35,0.47,9.11
2025-01-11 15:00:00,11.58,15.16,16.53,5.06,38.06,6.8,0.59,9.08,2025,Bhatagaon,Hourly,0,0,15,11,1,5,-0.7071067811865471,-0.7071067811865479,0.49999999999999994,0.8660254037844387,8.36,10.24,10.24,6.32,6.53,10.42,2.6,9.613333333333333,9.193333333333333,7.6191666666666675,8.259166666666667,1.0854185060776054,1.5775254884387355,2.0054628045936864,1.9683096183334081,8.94190696713847,8.60479641709858,-1.8800000000000008,-0.18359375000000008,175.5528,9.7527,8.91,13.07,13.98,4.89,38.06,0.44,9.02
2025-01-11 16:00:00,15.56,14.34,19.48,5.17,33.86,5.95,0.63,9.11,2025,Bhatagaon,Hourly,0,0,16,11,1,5,-0.8660254037844385,-0.5000000000000004,0.49999999999999994,0.8660254037844387,6.8,8.36,10.24,10.0,5.78,9.86,7.0,8.466666666666667,9.273333333333332,7.641666666666667,8.108333333333333,1.7224788339296684,1.4054560351266328,1.9936117673184492,1.933925196761055,8.32993354795605,8.327135429852644,-1.5599999999999996,-0.1866028708133971,223.1304,12.272400000000001,11.58,15.16,16.53,5.06,38.06,0.59,9.08
2025-01-11 17:00:00,32.66,17.48,35.32,5.96,33.86,5.7,1.05,9.13,2025,Bhatagaon,Hourly,0,0,17,11,1,5,-0.9659258262890683,-0.25881904510252063,0.49999999999999994,0.8660254037844387,5.95,6.8,8.36,10.0,5.78,12.64,11.4,7.036666666666666,8.598333333333334,7.655833333333334,7.945416666666667,1.222306562747526,1.8793234598317146,1.9797357873922214,1.9446090009735333,7.649952534254322,7.961422286798392,-0.8499999999999996,-0.12499999999999994,570.8968,37.086,15.56,14.34,19.48,5.17,33.86,0.63,9.11
2025-01-11 18:00:00,15.41,14.26,18.91,5.38,49.36,5.09,0.86,9.17,2025,Bhatagaon,Hourly,0,0,18,11,1,5,-1.0,-1.8369701987210297e-16,0.49999999999999994,0.8660254037844387,5.7,5.95,6.8,10.24,5.0,10.0,15.799999999999995,6.1499999999999995,7.881666666666668,7.649166666666666,7.65625,0.5766281297355489,2.0500382110277395,1.9867490958094538,1.7190816873629657,7.092823238753088,7.613511165752485,-0.25,-0.04201680672268907,219.7466,16.2626,32.66,17.48,35.32,5.96,33.86,1.05,9.13
2025-01-11 19:00:00,20.01,14.84,23.8,6.16,49.36,8.64,1.19,9.32,2025,Bhatagaon,Hourly,0,0,19,11,1,5,-0.9659258262890684,0.2588190451025203,0.49999999999999994,0.8660254037844387,5.09,5.7,5.95,10.24,6.59,8.16,20.2,5.579999999999999,7.023333333333333,7.656666666666666,7.451666666666667,0.44237992721449554,1.9403367405359764,1.9759800023531822,1.7201937875330442,6.520588027680777,7.225278678713641,-0.6100000000000003,-0.10701754385964918,296.9484,28.322,15.41,14.26,18.91,5.38,49.36,0.86,9.17
2025-01-11 20:00:00,17.34,12.69,20.1,5.68,50.1,8.64,0.83,9.36,2025,Bhatagaon,Hourly,0,0,20,11,1,5,-0.8660254037844386,0.5000000000000001,0.49999999999999994,0.8660254037844387,8.64,5.09,5.7,8.36,6.59,6.87,40.91,6.476666666666667,6.756666666666667,7.8275,7.471666666666667,1.898165781309857,1.4604474200305073,1.9639576231317317,1.7315403212338385,7.12613430548627,7.442928112757697,3.5500000000000007,0.6974459724950886,220.0446,16.683,20.01,14.84,23.8,6.16,49.36,1.19,9.32
2025-01-11 21:00:00,43.41,10.79,38.65,7.87,50.1,7.34,1.61,9.43,2025,Bhatagaon,Hourly,0,0,21,11,1,5,-0.7071067811865477,0.7071067811865474,0.49999999999999994,0.8660254037844387,8.64,8.64,5.09,6.8,6.32,10.15,40.91,7.456666666666667,6.803333333333334,7.998333333333334,7.545416666666665,2.0495934556237447,1.5249743167259466,1.9354813041697299,1.7424594790790682,7.558667361061621,7.627093018487282,0.0,0.0,468.3938999999999,62.2265,17.34,12.69,20.1,5.68,50.1,0.83,9.36
2025-01-11 22:00:00,51.04,8.97,41.59,9.16,77.55,19.83,1.42,9.49,2025,Bhatagaon,Hourly,0,0,22,11,1,5,-0.5000000000000004,0.8660254037844384,0.49999999999999994,0.8660254037844387,7.34,8.64,8.64,5.95,10.0,8.95,23.32,8.206666666666667,6.8933333333333335,8.083333333333334,7.428333333333334,0.7505553499480904,1.5405929594392451,1.8765748941451832,1.6518913183187462,7.496190972186873,7.582924861796931,-1.3000000000000007,-0.15046296296296305,457.8288,59.0578,43.41,10.79,38.65,7.87,50.1,1.61,9.43
2025-01-11 23:00:00,29.59,9.83,26.71,8.68,278.79,43.24,1.02,9.54,2025,Bhatagaon,Hourly,0,0,23,11,1,5,-0.25881904510252157,0.9659258262890681,0.49999999999999994,0.8660254037844387,19.83,7.34,8.64,5.7,10.0,7.42,13.76,11.936666666666667,9.206666666666665,8.9025,7.881666666666667,6.866661003234089,5.407874505447946,3.8729249576096,3.0167267989844158,11.020136408704907,9.467090267674326,12.489999999999998,1.701634877384196,290.8697,27.244200000000003,51.04,8.97,41.59,9.16,77.55,1.42,9.49
2025-01-12 01:00:00,28.14,14.97,29.15,6.67,80.03,37.83,1.62,9.69,2025,Bhatagaon,Hourly,0,0,1,12,1,6,0.25881904510252074,0.9659258262890683,0.49999999999999994,0.8660254037844387,43.24,19.83,7.34,5.09,10.24,6.35,36.04,23.47,15.463333333333333,11.6725,9.374166666666667,18.224700271883837,14.541810983047268,10.663359631765497,7.818183886003382,20.225811720503504,14.66292253418597,23.410000000000004,1.1805345436207768,421.2558,47.223,29.59,9.83,26.71,8.68,278.79,1.02,9.54
2025-01-12 02:00:00,26.46,14.48,27.43,5.82,73.43,35.47,1.36,9.68,2025,Bhatagaon,Hourly,0,0,2,12,1,6,0.49999999999999994,0.8660254037844387,0.49999999999999994,0.8660254037844387,37.83,43.24,19.83,8.64,10.24,8.04,500.0,33.63333333333333,20.919999999999998,13.971666666666664,10.685833333333333,12.25626506458376,15.94573171729688,13.036690763403426,9.702419203775817,25.255579800359648,18.227088298157362,-5.410000000000004,-0.1251156336725255,383.1408,37.3048,28.14,14.97,29.15,6.67,80.03,1.62,9.69
2025-01-12 03:00:00,23.0,16.82,25.92,5.07,63.22,31.99,1.19,9.66,2025,Bhatagaon,Hourly,0,0,3,12,1,6,0.7071067811865476,0.7071067811865476,0.49999999999999994,0.8660254037844387,35.47,37.83,43.24,8.64,8.36,7.93,6.59,38.846666666666664,25.391666666666666,16.074166666666667,11.82875,3.9835202187683763,15.570877196441907,14.34863088706847,10.916787755164291,28.173985571685463,20.87984394459469,-2.3599999999999994,-0.062384351044144845,386.86,30.8448,26.46,14.48,27.43,5.82,73.43,1.36,9.68
2025-01-12 04:00:00,18.71,17.36,23.5,4.82,55.63,40.65,1.05,9.65,2025,Bhatagaon,Hourly,0,0,4,12,1,6,0.8660254037844386,0.5000000000000001,0.49999999999999994,0.8660254037844387,31.99,35.47,37.83,7.34,6.8,6.53,7.74,35.096666666666664,29.283333333333335,18.043333333333333,12.831249999999999,2.9378450152001436,13.298949833226484,14.807827373222356,11.624953412716403,29.264275408346762,22.589098722349352,-3.4800000000000004,-0.09811107978573444,324.8056,24.675,23.0,16.82,25.92,5.07,63.22,1.19,9.66
2025-01-12 05:00:00,17.7,17.83,23.05,5.19,75.81,40.55,1.12,9.65,2025,Bhatagaon,Hourly,0,0,5,12,1,6,0.9659258262890683,0.25881904510252074,0.49999999999999994,0.8660254037844387,40.65,31.99,35.47,19.83,5.95,5.78,7.38,36.03666666666667,34.835,20.864166666666666,14.252916666666666,4.357721116975745,8.33157308075782,15.670333557007657,12.843335771203863,32.517339577390544,25.36769891891099,8.66,0.2707095967489841,315.59099999999995,25.816000000000003,18.71,17.36,23.5,4.82,55.63,1.05,9.65
2025-01-12 06:00:00,17.24,17.41,22.44,5.37,84.63,39.77,1.12,9.65,2025,Bhatagaon,Hourly,0,0,6,12,1,6,1.0,6.123233995736766e-17,0.49999999999999994,0.8660254037844387,40.55,40.65,31.99,43.24,5.7,5.78,8.82,37.73,38.288333333333334,23.7475,15.701666666666666,4.9712372705397,4.07513639853627,15.858720643688338,13.773403061119597,34.81238541242182,27.703437546770836,-0.10000000000000142,-0.0024600246002460377,300.1484,25.132800000000003,17.7,17.83,23.05,5.19,75.81,1.12,9.65
2025-01-12 07:00:00,17.15,20.78,24.09,5.78,86.45,37.81,0.97,9.65,2025,Bhatagaon,Hourly,0,0,7,12,1,6,0.9659258262890683,-0.25881904510252063,0.49999999999999994,0.8660254037844387,39.77,40.55,40.65,37.83,5.09,5.0,7.33,40.32333333333333,37.71,26.58666666666667,17.117916666666666,0.4818021724072653,3.426461731875677,15.376390008612901,14.44022069540091,36.22884672315844,29.55983177034455,-0.779999999999994,-0.01923551171393327,356.377,23.3673,17.24,17.41,22.44,5.37,84.63,1.12,9.65
2025-01-12 08:00:00,22.1,23.29,27.88,5.48,82.19,36.05,1.07,9.66,2025,Bhatagaon,Hourly,0,0,8,12,1,6,0.8660254037844387,-0.4999999999999998,0.49999999999999994,0.8660254037844387,37.81,39.77,40.55,35.47,8.64,6.59,6.29,39.376666666666665,37.70666666666667,29.313333333333333,18.485,1.4117129075475476,3.4263313714051553,14.062868796510884,14.791924647678862,36.68060480225603,30.829088421060774,-1.9600000000000009,-0.04928337943173248,514.7090000000001,29.8316,17.15,20.78,24.09,5.78,86.45,0.97,9.65
2025-01-12 09:00:00,24.56,18.64,28.79,5.94,135.58,34.73,1.29,9.68,2025,Bhatagaon,Hourly,0,0,9,12,1,6,0.7071067811865476,-0.7071067811865475,0.49999999999999994,0.8660254037844387,36.05,37.81,39.77,31.99,8.64,6.59,6.2,37.876666666666665,37.803333333333335,31.597499999999997,19.7125,1.860895841614021,3.358110579876002,12.543719997019897,14.983033665652883,36.50043200161145,31.632305587051423,-1.7600000000000051,-0.04654853213435612,457.7984,37.1391,22.1,23.29,27.88,5.48,82.19,1.07,9.66
2025-01-12 10:00:00,24.96,17.9,28.78,6.28,128.79,37.47,1.32,9.68,2025,Bhatagaon,Hourly,0,0,10,12,1,6,0.49999999999999994,-0.8660254037844387,0.49999999999999994,0.8660254037844387,34.73,36.05,37.81,40.65,7.34,6.32,10.19,36.196666666666665,38.26,33.77166666666667,20.885,1.5452292170860382,2.481281926748448,10.255090827427527,15.01250348441478,35.99459428686532,32.10887395827428,-1.3200000000000003,-0.03661581137309294,446.784,37.9896,24.56,18.64,28.79,5.94,135.58,1.29,9.68
2025-01-12 11:00:00,23.09,18.16,27.12,5.84,81.33,36.53,1.23,9.67,2025,Bhatagaon,Hourly,0,0,11,12,1,6,0.258819045102521,-0.9659258262890682,0.49999999999999994,0.8660254037844387,37.47,34.73,36.05,40.55,19.83,10.0,8.29,36.083333333333336,37.73,36.2825,22.182916666666667,1.370304102502917,2.1913648714918468,6.001734787088273,15.045039476927922,36.416138776332375,32.933662580078234,2.740000000000002,0.07889432767060185,419.3144,33.3576,24.96,17.9,28.78,6.28,128.79,1.32,9.68
2025-01-12 12:00:00,18.95,21.16,24.83,6.67,0.0,33.73,1.11,9.66,2025,Bhatagaon,Hourly,0,0,12,12,1,6,1.2246467991473532e-16,-1.0,0.49999999999999994,0.8660254037844387,36.53,37.47,34.73,39.77,43.24,10.0,6.96,36.24333333333333,37.06,37.674166666666665,23.28833333333333,1.3923122255213922,1.7207324022079862,3.050554221876082,15.085571184778363,36.448670554523126,33.4869452600662,-0.9399999999999977,-0.025086736055511014,400.98199999999997,27.5613,23.09,18.16,27.12,5.84,81.33,1.23,9.67
2025-01-12 13:00:00,13.46,23.1,21.45,11.55,44.38,31.92,1.02,9.65,2025,Bhatagaon,Hourly,0,0,13,12,1,6,-0.2588190451025208,-0.9659258262890683,0.49999999999999994,0.8660254037844387,33.73,36.53,37.47,37.81,37.83,10.24,6.03,35.91,36.053333333333335,36.88166666666667,24.277083333333334,1.9455590456223584,1.579185444042309,2.6867683641178006,14.953839256675643,35.67190753894509,33.524338296979096,-2.8000000000000043,-0.07664932931836858,310.92600000000004,21.879,18.95,21.16,24.83,6.67,0.0,1.11,9.66
2025-01-12 14:00:00,10.4,23.6,19.95,19.28,56.6,26.24,0.95,9.64,2025,Bhatagaon,Hourly,0,0,14,12,1,6,-0.4999999999999997,-0.8660254037844388,0.49999999999999994,0.8660254037844387,31.92,33.73,36.53,36.05,35.47,10.24,8.61,34.06,35.071666666666665,36.38916666666666,25.18041666666667,2.322649349342875,2.033995247456362,3.0183392734576766,14.722045427112763,34.59993395638935,33.277517020520776,-1.8099999999999952,-0.05366142899495984,245.44000000000003,18.952499999999997,13.46,23.1,21.45,11.55,44.38,1.02,9.65
2025-01-12 15:00:00,9.74,27.26,21.59,21.14,61.97,23.17,0.92,9.65,2025,Bhatagaon,Hourly,0,0,15,12,1,6,-0.7071067811865471,-0.7071067811865479,0.49999999999999994,0.8660254037844387,26.24,31.92,33.73,34.73,31.99,8.36,12.58,30.63,33.43666666666667,35.62,25.84708333333333,3.9080813706987603,4.041968167449494,4.213348916350177,14.374234642511295,32.211381397420965,32.194822094286806,-5.680000000000003,-0.17794486215538857,265.5124,19.8628,10.4,23.6,19.95,19.28,56.6,0.95,9.64
2025-01-12 16:00:00,7.16,25.39,18.55,13.83,58.65,23.4,0.82,9.62,2025,Bhatagaon,Hourly,0,0,16,12,1,6,-0.8660254037844385,-0.5000000000000004,0.49999999999999994,0.8660254037844387,23.17,26.24,31.92,37.47,40.65,6.8,10.42,27.11,31.509999999999994,34.885,26.464166666666667,4.439403113032485,5.712214981949496,5.482354338321199,13.90098211002335,29.628129569586406,30.80638792593499,-3.0699999999999967,-0.11699695121951208,181.79240000000001,15.211,9.74,27.26,21.59,21.14,61.97,0.92,9.65
2025-01-12 17:00:00,6.61,28.61,19.84,14.95,44.04,22.97,0.89,9.59,2025,Bhatagaon,Hourly,0,0,17,12,1,6,-0.9659258262890683,-0.25881904510252063,0.49999999999999994,0.8660254037844387,23.4,23.17,26.24,36.53,40.55,5.95,9.86,24.27,29.164999999999996,33.4475,27.155833333333334,1.7099415194685292,5.663980049400617,6.063987774334067,13.279087814620649,27.848663978276,29.666943629637302,0.22999999999999687,0.009926629261976558,189.1121,17.6576,7.16,25.39,18.55,13.83,58.65,0.82,9.62
2025-01-12 18:00:00,12.13,35.88,27.23,17.01,40.45,23.01,1.25,9.63,2025,Bhatagaon,Hourly,0,0,18,12,1,6,-1.0,-1.8369701987210297e-16,0.49999999999999994,0.8660254037844387,22.97,23.4,23.17,33.73,39.77,5.7,12.64,23.180000000000003,26.904999999999998,31.9825,27.865,0.2151743479187899,4.772683731403972,6.310663594266489,12.530744452016407,26.454759984482855,28.6366446096931,-0.4299999999999997,-0.018376068376068366,435.22440000000006,34.0375,6.61,28.61,19.84,14.95,44.04,0.89,9.59
2025-01-12 19:00:00,7.72,31.67,20.75,14.77,64.53,23.32,1.11,9.64,2025,Bhatagaon,Hourly,0,0,19,12,1,6,-0.9659258262890684,0.2588190451025203,0.49999999999999994,0.8660254037844387,23.01,22.97,23.4,31.92,37.81,5.09,10.0,23.126666666666665,25.11833333333333,30.58583333333333,28.586250000000003,0.2375570107060744,3.5589291460599153,6.285059424516011,11.667958285127657,25.470542846059182,27.771006977432624,0.0400000000000027,0.0017414018284720376,244.4924,23.032500000000002,12.13,35.88,27.23,17.01,40.45,1.25,9.63
2025-01-12 20:00:00,8.25,26.22,19.58,8.03,65.48,25.29,0.97,9.63,2025,Bhatagaon,Hourly,0,0,20,12,1,6,-0.8660254037844386,0.5000000000000001,0.49999999999999994,0.8660254037844387,23.32,23.01,22.97,26.24,36.05,8.64,8.16,23.099999999999998,23.685000000000002,29.37833333333333,29.34583333333333,0.1915724406126087,1.2628974621908318,6.161676031336944,10.617993717257088,24.856102032899415,27.08623667321222,0.3099999999999987,0.01347240330291172,216.315,18.9926,7.72,31.67,20.75,14.77,64.53,1.11,9.64
2025-01-12 21:00:00,9.49,28.72,21.15,6.86,74.1,29.3,1.02,9.64,2025,Bhatagaon,Hourly,0,0,21,12,1,6,-0.7071067811865477,0.7071067811865474,0.49999999999999994,0.8660254037844387,25.29,23.32,23.01,23.17,34.73,8.64,6.87,23.873333333333335,23.526666666666667,28.48166666666667,30.039583333333336,1.236621742221791,0.8800151513892854,5.878960689431386,9.711554068610084,24.98007288064244,26.809892569641107,1.9699999999999989,0.08447684391080612,272.5528,21.573,8.25,26.22,19.58,8.03,65.48,0.97,9.63
2025-01-12 22:00:00,9.61,23.29,19.28,5.78,71.77,28.71,1.07,9.65,2025,Bhatagaon,Hourly,0,0,22,12,1,6,-0.5000000000000004,0.8660254037844384,0.49999999999999994,0.8660254037844387,29.3,25.29,23.32,23.4,37.47,7.34,10.15,25.97,24.548333333333332,28.02916666666667,30.90041666666667,3.0474415498910683,2.4824779287386907,5.554317662591014,8.582207316741835,26.214337771887458,27.192986020465554,4.010000000000002,0.15856069592724403,223.81689999999998,20.629600000000003,9.49,28.72,21.15,6.86,74.1,1.02,9.64
2025-01-12 23:00:00,9.56,22.48,18.75,6.14,60.39,26.53,1.08,9.63,2025,Bhatagaon,Hourly,0,0,23,12,1,6,-0.25881904510252157,0.9659258262890681,0.49999999999999994,0.8660254037844387,28.71,29.3,25.29,22.97,36.53,19.83,8.95,27.766666666666666,25.433333333333334,27.299166666666665,31.790833333333335,2.1650481133997768,2.902238216734589,4.712597157587083,6.992931161672117,26.927384122776758,27.426372786547777,-0.5899999999999999,-0.020136518771331054,214.9088,20.25,9.61,23.29,19.28,5.78,71.77,1.07,9.65
