DateTime,NO,NO2,NOx,SO2,PM10,PM2.5,WS,WD,CO,NH3,Year,Location,Frequency,is_imputed,gap_length
2022-01-07 00:15:00,1.88,3.49,5.37,12.38,38.77,11.24,0.7,188.43,0.65,4.0,2022,AIIMS,Quarterly,0,0
2022-01-07 00:30:00,1.86,3.32,5.18,12.95,28.36,9.54,0.5,174.09,0.66,4.0,2022,AIIMS,Quarterly,0,0
2022-01-07 00:45:00,1.87,3.0,4.87,2.81,28.36,9.54,0.36,172.13,0.51,4.0,2022,AIIMS,Quarterly,0,0
2022-01-07 01:00:00,1.86,3.19,5.05,11.53,28.36,9.54,0.33,200.07,0.54,4.0,2022,AIIMS,Quarterly,0,0
2022-01-07 01:15:00,1.82,4.09,5.91,13.67,27.48,9.01,0.68,194.1,0.52,4.0,2022,AIIMS,Quarterly,0,0
2022-01-07 01:30:00,1.78,4.06,5.85,13.56,25.73,7.93,0.94,204.77,0.5,4.0,2022,AIIMS,Quarterly,0,0
2022-01-07 01:45:00,1.79,3.61,5.4,13.45,25.73,7.93,0.77,194.69,0.47,4.0,2022,AIIMS,Quarterly,0,0
2022-01-07 02:00:00,1.8,3.53,5.33,14.08,25.73,7.93,0.75,191.17,0.45,4.0,2022,AIIMS,Quarterly,0,0
2022-01-07 02:15:00,1.77,3.51,5.28,14.29,23.12,7.38,1.12,215.07,0.45,4.0,2022,AIIMS,Quarterly,0,0
2022-01-07 02:30:00,1.81,3.31,5.12,14.04,17.9,6.27,1.04,202.36,0.44,4.0,2022,AIIMS,Quarterly,0,0
2022-01-07 02:45:00,1.87,2.83,4.7,13.77,17.9,6.27,1.02,207.71,0.44,4.0,2022,AIIMS,Quarterly,0,0
2022-01-07 03:00:00,1.93,2.98,4.91,14.18,17.9,6.27,1.07,215.56,0.44,4.0,2022,AIIMS,Quarterly,0,0
2022-01-07 03:15:00,1.99,2.93,4.92,13.8,17.67,5.76,0.94,221.17,0.45,4.0,2022,AIIMS,Quarterly,0,0
2022-01-07 03:30:00,2.06,2.89,4.95,14.38,17.21,4.74,1.19,226.29,0.42,4.0,2022,AIIMS,Quarterly,0,0
2022-01-07 03:45:00,2.09,2.9,4.99,14.05,17.21,4.74,0.82,219.63,0.43,4.0,2022,AIIMS,Quarterly,0,0
2022-01-07 04:00:00,2.1,2.83,4.92,14.24,17.21,4.74,1.15,228.88,0.43,4.0,2022,AIIMS,Quarterly,0,0
2022-01-07 04:15:00,2.15,2.62,4.77,14.62,16.37,4.48,1.0,223.7,0.41,4.0,2022,AIIMS,Quarterly,0,0
2022-01-07 04:30:00,2.18,3.16,5.34,14.48,14.67,3.98,0.95,226.62,0.43,4.0,2022,AIIMS,Quarterly,0,0
2022-01-07 04:45:00,2.5,3.55,6.06,15.12,14.67,3.98,0.3,203.67,0.4,4.0,2022,AIIMS,Quarterly,0,0
2022-01-07 05:00:00,2.63,3.93,6.56,14.96,14.67,3.98,0.55,235.18,0.4,4.0,2022,AIIMS,Quarterly,0,0
2022-01-07 05:15:00,2.65,4.2,6.85,14.87,15.17,3.62,0.3,226.61,0.41,4.0,2022,AIIMS,Quarterly,0,0
2022-01-07 05:30:00,2.73,4.57,7.3,14.9,16.16,2.9,0.42,229.87,0.43,4.0,2022,AIIMS,Quarterly,0,0
2022-01-07 05:45:00,2.77,4.68,7.45,14.43,16.16,2.9,0.88,230.99,0.44,4.0,2022,AIIMS,Quarterly,0,0
2022-01-07 06:00:00,2.82,5.04,7.86,14.55,16.16,2.9,0.71,229.03,0.49,4.0,2022,AIIMS,Quarterly,0,0
2022-01-07 06:15:00,3.32,4.6,7.91,14.23,24.85,3.22,1.0,224.95,0.53,4.0,2022,AIIMS,Quarterly,0,0
2022-01-07 06:30:00,3.29,5.05,8.34,14.39,42.22,3.86,1.06,225.89,0.54,4.0,2022,AIIMS,Quarterly,0,0
2022-01-07 06:45:00,3.86,6.3,10.16,4.2,42.22,3.86,0.8,224.84,0.55,3.97,2022,AIIMS,Quarterly,0,0
2022-01-07 07:00:00,3.93,5.58,9.51,13.22,42.22,3.86,1.02,220.21,0.57,4.08,2022,AIIMS,Quarterly,0,0
2022-01-07 07:15:00,3.98,5.22,9.2,14.19,41.13,5.04,1.19,216.84,0.56,4.03,2022,AIIMS,Quarterly,0,0
2022-01-07 07:30:00,3.97,5.28,9.25,14.56,38.95,7.39,1.13,205.31,0.61,4.11,2022,AIIMS,Quarterly,0,0
2022-01-07 07:45:00,3.9,4.93,8.82,14.58,38.95,7.39,1.2,197.51,0.64,4.03,2022,AIIMS,Quarterly,0,0
2022-01-07 08:00:00,3.86,5.72,9.57,14.41,38.95,7.39,1.43,216.22,0.65,4.2,2022,AIIMS,Quarterly,0,0
2022-01-07 08:15:00,4.15,6.18,10.33,14.68,38.71,8.1,1.26,213.92,0.66,4.26,2022,AIIMS,Quarterly,0,0
2022-01-07 08:30:00,4.29,6.59,10.88,14.46,38.22,9.53,1.12,228.4,0.7,4.41,2022,AIIMS,Quarterly,0,0
2022-01-07 08:45:00,4.48,6.92,11.4,14.34,38.22,9.53,1.2,218.34,0.76,4.52,2022,AIIMS,Quarterly,0,0
2022-01-07 09:00:00,4.64,7.11,11.75,14.17,38.22,9.53,1.38,230.63,0.8,4.56,2022,AIIMS,Quarterly,0,0
2022-01-07 09:15:00,4.88,7.47,12.35,13.53,37.14,9.3,1.03,241.26,0.86,4.73,2022,AIIMS,Quarterly,0,0
2022-01-07 09:30:00,5.35,8.05,13.41,13.44,34.99,8.83,1.5,227.24,0.94,4.73,2022,AIIMS,Quarterly,0,0
2022-01-07 09:45:00,5.12,7.81,12.93,13.36,34.99,8.83,1.32,228.5,0.95,4.85,2022,AIIMS,Quarterly,0,0
2022-01-07 10:00:00,5.15,8.29,13.44,12.7,34.99,8.83,1.57,222.57,0.94,4.8,2022,AIIMS,Quarterly,0,0
2022-01-07 10:15:00,5.08,9.29,14.37,12.96,35.18,9.61,1.57,221.75,0.93,4.82,2022,AIIMS,Quarterly,0,0
2022-01-07 10:30:00,4.58,9.07,13.64,12.56,35.58,11.17,0.85,231.01,0.92,4.76,2022,AIIMS,Quarterly,0,0
2022-01-07 10:45:00,4.71,11.06,15.77,11.84,35.58,11.17,0.5,214.2,0.93,3.6,2022,AIIMS,Quarterly,0,0
2022-01-07 11:00:00,3.67,8.99,12.66,13.29,35.58,11.17,1.34,221.81,0.91,4.03,2022,AIIMS,Quarterly,0,0
2022-01-07 11:15:00,3.5,9.3,12.8,13.57,36.81,11.32,1.33,218.76,0.95,4.36,2022,AIIMS,Quarterly,0,0
2022-01-07 11:30:00,2.79,8.84,11.63,14.23,39.29,11.61,1.32,227.85,0.93,4.47,2022,AIIMS,Quarterly,0,0
2022-01-07 11:45:00,2.37,8.54,10.91,13.95,39.29,11.61,1.07,206.11,0.93,4.35,2022,AIIMS,Quarterly,0,0
2022-01-07 12:00:00,2.22,8.23,10.44,13.62,39.29,11.61,1.39,231.48,0.91,4.23,2022,AIIMS,Quarterly,0,0
2022-01-07 12:15:00,2.09,8.49,10.57,13.49,40.42,13.23,1.06,211.78,0.94,4.27,2022,AIIMS,Quarterly,0,0
2022-01-07 12:30:00,1.93,8.54,10.47,13.42,42.68,16.48,1.39,214.96,0.98,4.23,2022,AIIMS,Quarterly,0,0
2022-01-07 12:45:00,1.92,8.8,10.72,4.61,42.68,16.48,1.8,220.12,0.95,4.13,2022,AIIMS,Quarterly,0,0
2022-01-07 13:00:00,2.0,9.46,11.46,11.99,42.68,16.48,1.31,207.74,0.99,3.96,2022,AIIMS,Quarterly,0,0
2022-01-07 13:15:00,2.28,10.31,12.59,8.2,42.56,16.69,1.37,221.01,1.0,4.14,2022,AIIMS,Quarterly,0,0
2022-01-07 13:30:00,2.3,8.96,11.26,6.76,42.34,17.12,1.13,224.52,1.0,4.04,2022,AIIMS,Quarterly,0,0
2022-01-07 13:45:00,2.05,8.94,10.99,9.12,42.34,17.12,1.57,221.15,1.01,4.24,2022,AIIMS,Quarterly,0,0
2022-01-07 14:00:00,1.92,8.14,10.06,8.53,42.34,17.12,1.1,209.36,1.07,4.01,2022,AIIMS,Quarterly,0,0
2022-01-07 14:15:00,2.17,10.01,12.17,2.53,42.02,18.25,1.27,225.38,0.84,4.59,2022,AIIMS,Quarterly,0,0
2022-01-07 14:30:00,2.14,10.92,13.05,3.64,41.39,20.49,1.46,223.97,0.75,4.81,2022,AIIMS,Quarterly,0,0
2022-01-07 14:45:00,1.79,10.16,11.95,7.23,41.39,20.49,0.99,197.84,0.78,4.5,2022,AIIMS,Quarterly,0,0
2022-01-07 15:00:00,1.62,9.15,10.77,5.47,41.39,20.49,0.99,192.24,0.83,4.4,2022,AIIMS,Quarterly,0,0
2022-01-07 15:15:00,1.75,7.7,9.44,1.8,46.46,21.12,1.26,214.37,0.79,4.05,2022,AIIMS,Quarterly,0,0
2022-01-07 15:30:00,1.87,7.22,9.08,2.96,56.62,22.37,1.31,222.29,0.8,4.1,2022,AIIMS,Quarterly,0,0
2022-01-07 15:45:00,1.9,7.1,9.0,2.68,56.62,22.37,1.59,222.27,0.8,4.05,2022,AIIMS,Quarterly,0,0
2022-01-07 16:00:00,1.85,6.74,8.59,2.39,56.62,22.37,1.14,235.25,0.82,4.0,2022,AIIMS,Quarterly,0,0
2022-01-07 16:15:00,2.24,9.41,11.64,3.31,57.16,21.34,1.18,212.76,0.78,3.99,2022,AIIMS,Quarterly,0,0
2022-01-07 16:30:00,2.62,7.67,10.29,2.21,58.23,19.26,1.28,228.95,0.78,3.78,2022,AIIMS,Quarterly,0,0
2022-01-07 16:45:00,2.26,7.47,9.73,6.11,58.23,19.26,1.25,219.77,0.83,3.86,2022,AIIMS,Quarterly,0,0
2022-01-07 17:00:00,2.31,7.59,9.9,8.77,58.23,19.26,1.34,220.49,0.84,3.89,2022,AIIMS,Quarterly,0,0
2022-01-07 17:15:00,2.65,11.25,13.9,5.99,57.79,20.41,0.97,189.72,0.81,3.67,2022,AIIMS,Quarterly,0,0
2022-01-07 17:30:00,1.94,12.73,14.67,5.42,56.91,22.69,1.14,208.84,0.85,3.67,2022,AIIMS,Quarterly,0,0
2022-01-07 17:45:00,1.82,10.06,11.88,6.12,56.91,22.69,1.06,197.99,0.79,3.92,2022,AIIMS,Quarterly,0,0
2022-01-07 18:00:00,1.77,10.18,11.95,11.99,56.91,22.69,0.98,193.41,0.82,3.57,2022,AIIMS,Quarterly,0,0
2022-01-07 18:15:00,1.69,7.73,9.42,10.92,59.59,22.16,0.95,209.83,0.86,3.92,2022,AIIMS,Quarterly,0,0
2022-01-07 18:30:00,1.63,7.07,8.7,12.48,64.94,21.09,0.79,210.8,0.86,3.98,2022,AIIMS,Quarterly,0,0
2022-01-07 18:45:00,1.57,6.68,8.26,4.31,64.94,21.09,0.89,200.33,0.84,4.0,2022,AIIMS,Quarterly,0,0
2022-01-07 19:00:00,1.63,5.83,7.45,12.12,64.94,21.09,0.92,207.19,0.82,4.0,2022,AIIMS,Quarterly,0,0
2022-01-07 19:15:00,1.64,5.5,7.14,12.19,61.21,20.97,0.89,210.75,0.82,4.0,2022,AIIMS,Quarterly,0,0
2022-01-07 19:30:00,1.63,5.13,6.76,12.21,53.77,20.72,0.74,196.7,0.79,4.0,2022,AIIMS,Quarterly,0,0
2022-01-07 19:45:00,2.02,6.23,8.25,11.08,53.77,20.72,0.98,222.96,0.78,4.0,2022,AIIMS,Quarterly,0,0
2022-01-07 20:00:00,1.83,5.6,7.43,11.34,53.77,20.72,0.93,222.49,0.79,4.0,2022,AIIMS,Quarterly,0,0
2022-01-07 20:15:00,1.83,6.02,7.85,9.35,53.01,21.8,0.74,206.65,0.67,4.0,2022,AIIMS,Quarterly,0,0
2022-01-07 20:30:00,2.09,5.93,8.02,10.66,51.49,23.96,0.52,211.68,0.75,4.0,2022,AIIMS,Quarterly,0,0
2022-01-07 20:45:00,1.94,5.99,7.93,7.75,51.49,23.96,0.56,211.99,0.68,4.0,2022,AIIMS,Quarterly,0,0
2022-01-07 21:00:00,1.95,5.06,7.01,11.56,51.49,23.96,1.01,227.16,0.8,4.0,2022,AIIMS,Quarterly,0,0
2022-01-07 21:15:00,2.35,7.57,9.91,10.86,50.91,22.13,0.55,231.77,0.79,4.0,2022,AIIMS,Quarterly,0,0
2022-01-07 21:30:00,2.36,7.56,9.92,11.71,49.75,18.46,0.72,230.79,0.84,4.0,2022,AIIMS,Quarterly,0,0
2022-01-07 21:45:00,2.18,6.5,8.68,13.04,49.75,18.46,1.04,225.54,0.81,4.0,2022,AIIMS,Quarterly,0,0
2022-01-07 22:00:00,2.07,5.68,7.75,13.32,49.75,18.46,0.96,223.77,0.79,4.0,2022,AIIMS,Quarterly,0,0
2022-01-07 22:15:00,2.05,5.88,7.94,13.31,48.32,17.32,0.99,225.21,0.78,4.0,2022,AIIMS,Quarterly,0,0
2022-01-07 22:30:00,2.06,5.46,7.52,13.53,45.45,15.05,0.82,219.92,0.77,4.0,2022,AIIMS,Quarterly,0,0
2022-01-07 22:45:00,2.04,4.98,7.02,13.65,45.45,15.05,1.0,226.67,0.76,4.0,2022,AIIMS,Quarterly,0,0
2022-01-07 23:00:00,1.96,5.23,7.19,13.06,45.45,15.05,1.15,226.77,0.75,4.0,2022,AIIMS,Quarterly,0,0
2022-01-07 23:15:00,2.24,6.44,8.68,12.54,45.3,15.81,1.04,225.54,0.73,4.0,2022,AIIMS,Quarterly,0,0
2022-01-07 23:30:00,2.07,5.57,7.64,12.45,45.02,17.33,0.96,224.07,0.75,4.0,2022,AIIMS,Quarterly,0,0
2022-01-07 23:45:00,2.03,5.67,7.7,12.09,45.02,17.33,1.08,226.4,0.77,4.0,2022,AIIMS,Quarterly,0,0
2022-01-08 00:15:00,14.47,10.33,24.79,5.04,98.24,26.3,0.2,117.82,1.31,6.37,2022,AIIMS,Quarterly,0,0
2022-01-08 00:30:00,16.68,10.26,26.94,10.89,98.24,26.3,0.13,169.95,1.37,6.76,2022,AIIMS,Quarterly,0,0
2022-01-08 00:45:00,20.15,10.33,30.49,13.01,125.07,31.3,0.06,108.64,1.36,7.33,2022,AIIMS,Quarterly,0,0
2022-01-08 01:00:00,23.38,10.25,33.64,12.89,131.78,32.55,0.04,89.81,1.34,7.87,2022,AIIMS,Quarterly,0,0
2022-01-08 01:15:00,25.05,9.84,34.89,13.06,131.78,32.55,0.08,23.68,1.34,8.11,2022,AIIMS,Quarterly,0,0
2022-01-08 01:30:00,24.79,10.04,34.83,12.84,131.78,32.55,0.07,128.85,1.32,8.16,2022,AIIMS,Quarterly,0,0
2022-01-08 01:45:00,22.25,11.12,33.37,11.32,126.81,32.85,0.11,101.48,1.25,8.07,2022,AIIMS,Quarterly,0,0
2022-01-08 02:00:00,21.27,9.89,31.16,11.85,125.57,32.92,0.07,118.91,1.26,7.9,2022,AIIMS,Quarterly,0,0
2022-01-08 02:15:00,22.15,9.25,31.4,12.39,125.57,32.92,0.1,71.27,1.26,7.77,2022,AIIMS,Quarterly,0,0
2022-01-08 02:30:00,21.42,9.74,31.15,11.46,125.57,32.92,0.09,300.06,1.21,7.63,2022,AIIMS,Quarterly,0,0
2022-01-08 02:45:00,20.54,9.17,29.71,12.28,110.49,31.23,0.05,155.23,1.2,7.53,2022,AIIMS,Quarterly,0,0
2022-01-08 03:00:00,19.22,10.03,29.25,11.14,106.71,30.81,0.1,11.2,1.15,7.34,2022,AIIMS,Quarterly,0,0
2022-01-08 03:15:00,16.94,9.77,26.71,11.61,106.71,30.81,0.07,270.66,1.13,7.19,2022,AIIMS,Quarterly,0,0
2022-01-08 03:30:00,18.64,8.82,27.46,12.52,106.71,30.81,0.16,224.43,1.15,7.05,2022,AIIMS,Quarterly,0,0
2022-01-08 03:45:00,19.08,8.6,27.67,12.26,99.72,26.96,0.03,29.74,1.1,6.96,2022,AIIMS,Quarterly,0,0
2022-01-08 04:00:00,18.73,8.54,27.27,12.95,97.98,26.0,0.16,117.91,1.05,6.83,2022,AIIMS,Quarterly,0,0
2022-01-08 04:15:00,18.4,8.49,26.89,12.8,97.98,26.0,0.23,118.28,1.02,6.77,2022,AIIMS,Quarterly,0,0
2022-01-08 04:30:00,18.66,8.34,27.01,12.74,97.98,26.0,0.13,102.46,1.02,6.79,2022,AIIMS,Quarterly,0,0
2022-01-08 04:45:00,18.47,8.61,27.08,12.23,93.13,26.24,0.11,122.73,0.99,6.79,2022,AIIMS,Quarterly,0,0
2022-01-08 05:00:00,21.14,11.76,32.9,11.9,91.92,26.3,0.1,103.48,0.99,6.83,2022,AIIMS,Quarterly,0,0
2022-01-08 05:15:00,21.84,11.62,33.47,11.94,91.92,26.3,0.15,101.42,1.01,7.06,2022,AIIMS,Quarterly,0,0
2022-01-08 05:30:00,20.54,9.8,30.34,12.41,91.92,26.3,0.11,126.53,0.99,7.15,2022,AIIMS,Quarterly,0,0
2022-01-08 05:45:00,19.15,9.97,29.12,11.38,86.03,22.95,0.13,98.83,0.98,7.17,2022,AIIMS,Quarterly,0,0
2022-01-08 06:00:00,18.83,9.17,28.0,12.47,84.55,22.11,0.11,171.33,0.99,7.07,2022,AIIMS,Quarterly,0,0
2022-01-08 06:15:00,18.41,8.93,27.34,4.88,84.55,22.11,0.25,176.27,0.84,6.99,2022,AIIMS,Quarterly,0,0
2022-01-08 06:30:00,18.31,8.57,26.88,10.25,84.55,22.11,0.44,182.89,0.88,6.93,2022,AIIMS,Quarterly,0,0
2022-01-08 06:45:00,16.06,9.08,25.13,11.14,78.5,21.21,0.42,184.1,0.84,6.76,2022,AIIMS,Quarterly,0,0
2022-01-08 07:00:00,17.14,8.48,25.62,12.8,76.99,20.99,0.41,182.17,0.86,6.7,2022,AIIMS,Quarterly,0,0
2022-01-08 07:15:00,16.81,8.18,24.99,13.16,76.99,20.99,0.69,209.6,0.81,6.52,2022,AIIMS,Quarterly,0,0
2022-01-08 07:30:00,15.98,8.13,24.1,12.92,76.99,20.99,0.63,223.22,0.8,6.33,2022,AIIMS,Quarterly,0,0
2022-01-08 07:45:00,15.27,8.16,23.43,13.19,72.42,22.8,0.65,218.32,0.81,6.2,2022,AIIMS,Quarterly,0,0
2022-01-08 08:00:00,14.67,8.46,23.13,13.03,71.28,23.29,0.7,227.04,0.83,6.13,2022,AIIMS,Quarterly,0,0
2022-01-08 08:15:00,13.99,9.15,23.15,12.72,71.28,23.29,0.65,209.28,0.89,6.07,2022,AIIMS,Quarterly,0,0
2022-01-08 08:30:00,12.25,10.13,22.38,11.48,71.28,23.29,0.94,222.56,0.89,6.01,2022,AIIMS,Quarterly,0,0
2022-01-08 08:45:00,12.33,11.34,23.67,12.65,68.6,22.18,0.39,225.71,1.07,5.99,2022,AIIMS,Quarterly,0,0
2022-01-08 09:00:00,9.83,17.5,27.33,9.62,67.93,21.9,0.41,238.49,1.18,6.05,2022,AIIMS,Quarterly,0,0
2022-01-08 09:15:00,7.87,14.17,22.05,11.25,67.93,21.9,0.44,241.86,1.01,5.89,2022,AIIMS,Quarterly,0,0
2022-01-08 09:30:00,7.71,15.17,22.87,11.3,67.93,21.9,0.82,226.17,1.02,5.6,2022,AIIMS,Quarterly,0,0
2022-01-08 09:45:00,7.23,12.72,19.95,12.79,69.53,20.77,0.98,215.33,1.02,5.42,2022,AIIMS,Quarterly,0,0
2022-01-08 10:00:00,5.91,11.65,17.57,12.41,69.93,20.49,1.02,218.79,1.06,5.15,2022,AIIMS,Quarterly,0,0
2022-01-08 10:15:00,5.15,11.64,16.79,12.86,69.93,20.49,0.67,196.74,1.09,5.03,2022,AIIMS,Quarterly,0,0
2022-01-08 10:30:00,4.25,11.87,16.12,13.63,69.93,20.49,0.86,225.75,1.04,4.88,2022,AIIMS,Quarterly,0,0
2022-01-08 10:45:00,3.58,12.1,15.68,13.21,74.29,26.12,0.58,335.53,1.05,4.75,2022,AIIMS,Quarterly,0,0
2022-01-08 11:00:00,3.14,11.67,14.81,13.24,75.38,27.53,0.33,90.46,1.01,4.58,2022,AIIMS,Quarterly,0,0
2022-01-08 11:15:00,2.97,11.44,14.41,13.17,75.38,27.53,0.31,107.32,1.0,4.49,2022,AIIMS,Quarterly,0,0
2022-01-08 11:30:00,3.0,11.05,14.05,13.55,75.38,27.53,0.35,130.32,1.01,4.42,2022,AIIMS,Quarterly,0,0
2022-01-08 11:45:00,2.92,11.74,14.67,11.96,61.25,24.66,0.26,161.54,0.93,4.37,2022,AIIMS,Quarterly,0,0
2022-01-08 12:00:00,3.03,12.97,16.0,10.85,57.72,23.95,0.73,139.25,1.02,4.33,2022,AIIMS,Quarterly,0,0
2022-01-08 12:15:00,4.18,14.52,18.7,3.87,57.72,23.95,0.37,119.91,1.09,4.38,2022,AIIMS,Quarterly,0,0
2022-01-08 12:30:00,9.27,19.77,29.04,6.7,57.72,23.95,0.26,56.69,1.53,4.88,2022,AIIMS,Quarterly,0,0
2022-01-08 12:45:00,5.62,16.99,22.6,10.09,58.91,24.16,0.2,67.79,1.35,4.87,2022,AIIMS,Quarterly,0,0
2022-01-08 13:00:00,4.93,15.93,20.85,9.29,59.21,24.21,0.27,77.54,1.23,4.88,2022,AIIMS,Quarterly,0,0
2022-01-08 13:15:00,4.53,17.31,21.84,10.64,59.21,24.21,0.11,98.29,1.2,4.82,2022,AIIMS,Quarterly,0,0
2022-01-08 13:30:00,5.27,17.78,23.05,9.41,59.21,24.21,0.23,14.56,1.18,4.84,2022,AIIMS,Quarterly,0,0
2022-01-08 13:45:00,3.89,13.3,17.2,11.25,62.63,22.12,0.15,40.71,1.18,4.71,2022,AIIMS,Quarterly,0,0
2022-01-08 14:00:00,3.25,11.65,14.9,11.76,63.49,21.59,0.52,49.06,1.11,4.58,2022,AIIMS,Quarterly,0,0
2022-01-08 14:15:00,3.05,11.52,14.57,12.0,63.49,21.59,0.58,39.18,1.09,4.54,2022,AIIMS,Quarterly,0,0
2022-01-08 14:30:00,3.09,11.81,14.9,12.07,63.49,21.59,0.31,348.72,1.05,4.43,2022,AIIMS,Quarterly,0,0
2022-01-08 14:45:00,3.01,11.61,14.62,11.88,58.75,17.01,0.12,235.15,1.04,4.42,2022,AIIMS,Quarterly,0,0
2022-01-08 15:00:00,2.94,11.13,14.07,11.9,57.57,15.86,0.04,200.69,1.02,4.36,2022,AIIMS,Quarterly,0,0
2022-01-08 15:15:00,5.03,15.17,20.21,10.49,57.57,15.86,0.24,43.03,1.03,4.48,2022,AIIMS,Quarterly,0,0
2022-01-08 15:30:00,4.51,13.31,17.82,8.18,57.57,15.86,0.64,32.71,0.86,4.46,2022,AIIMS,Quarterly,0,0
2022-01-08 15:45:00,3.47,11.55,15.02,9.97,59.08,21.43,0.05,76.31,0.98,4.43,2022,AIIMS,Quarterly,0,0
2022-01-08 16:00:00,4.06,13.71,17.77,9.42,59.45,22.82,0.09,229.31,0.98,4.38,2022,AIIMS,Quarterly,0,0
2022-01-08 16:15:00,3.33,10.97,14.3,10.82,59.45,22.82,0.55,230.82,1.0,4.29,2022,AIIMS,Quarterly,0,0
2022-01-08 16:30:00,4.27,12.94,17.21,9.06,59.45,22.82,0.17,202.73,0.91,4.28,2022,AIIMS,Quarterly,0,0
2022-01-08 16:45:00,4.07,12.19,16.27,9.76,58.39,19.92,0.39,223.55,0.97,4.28,2022,AIIMS,Quarterly,0,0
2022-01-08 17:00:00,3.16,9.98,13.14,10.14,58.12,19.19,0.42,215.92,0.93,4.23,2022,AIIMS,Quarterly,0,0
2022-01-08 17:15:00,2.61,9.56,12.17,11.66,58.12,19.19,0.66,220.68,0.94,4.21,2022,AIIMS,Quarterly,0,0
2022-01-08 17:30:00,2.54,9.3,11.84,11.63,58.12,19.19,1.1,231.21,0.9,4.14,2022,AIIMS,Quarterly,0,0
2022-01-08 17:45:00,2.45,9.45,11.89,11.46,60.54,15.27,1.04,232.1,0.86,4.13,2022,AIIMS,Quarterly,0,0
2022-01-08 18:00:00,2.41,9.43,11.84,11.43,61.14,14.29,0.75,227.66,0.85,4.11,2022,AIIMS,Quarterly,0,0
2022-01-08 18:15:00,2.63,9.46,12.09,3.97,61.14,14.29,0.5,230.25,0.82,4.15,2022,AIIMS,Quarterly,0,0
2022-01-08 18:30:00,4.22,13.62,17.84,9.1,61.14,14.29,0.52,224.78,0.84,4.43,2022,AIIMS,Quarterly,0,0
2022-01-08 18:45:00,10.44,26.79,37.24,7.14,80.55,15.35,0.29,244.91,1.01,4.89,2022,AIIMS,Quarterly,0,0
2022-01-08 19:00:00,4.49,14.86,19.35,8.65,85.4,15.62,0.17,154.46,0.88,5.0,2022,AIIMS,Quarterly,0,0
2022-01-08 19:15:00,8.05,25.27,33.31,6.08,85.4,15.62,0.14,220.91,0.93,5.27,2022,AIIMS,Quarterly,0,0
2022-01-08 19:30:00,7.66,17.41,25.07,9.56,85.4,15.62,0.58,220.15,0.96,5.26,2022,AIIMS,Quarterly,0,0
2022-01-08 19:45:00,6.98,18.68,25.66,7.96,104.32,19.44,0.51,215.54,0.89,5.3,2022,AIIMS,Quarterly,0,0
2022-01-08 20:00:00,8.62,16.48,25.1,10.03,109.05,20.39,0.42,235.26,1.09,5.18,2022,AIIMS,Quarterly,0,0
2022-01-08 20:15:00,9.44,19.43,28.88,7.08,109.05,20.39,0.09,141.51,1.17,5.47,2022,AIIMS,Quarterly,0,0
2022-01-08 20:30:00,7.08,11.47,18.55,11.62,109.05,20.39,0.15,179.35,0.99,5.2,2022,AIIMS,Quarterly,0,0
2022-01-08 20:45:00,6.92,10.77,17.68,12.56,100.32,20.53,0.11,71.87,0.97,5.07,2022,AIIMS,Quarterly,0,0
2022-01-08 21:00:00,8.4,10.95,19.35,12.18,98.13,20.56,0.29,139.38,1.05,5.32,2022,AIIMS,Quarterly,0,0
2022-01-08 21:15:00,10.41,11.31,21.72,12.7,98.13,20.56,0.2,190.49,1.12,5.73,2022,AIIMS,Quarterly,0,0
2022-01-08 21:30:00,12.05,11.81,23.85,12.94,98.13,20.56,0.23,142.21,1.16,6.06,2022,AIIMS,Quarterly,0,0
2022-01-08 21:45:00,13.35,12.23,25.58,13.21,121.57,25.75,0.13,172.56,1.21,6.36,2022,AIIMS,Quarterly,0,0
2022-01-08 22:00:00,20.55,24.86,45.41,10.66,127.43,27.05,0.18,120.34,1.54,6.87,2022,AIIMS,Quarterly,0,0
2022-01-08 22:15:00,16.52,23.18,39.7,10.51,127.43,27.05,0.21,121.06,1.4,7.46,2022,AIIMS,Quarterly,0,0
2022-01-08 22:30:00,25.44,22.32,47.76,11.25,127.43,27.05,0.1,93.6,1.87,7.43,2022,AIIMS,Quarterly,0,0
2022-01-08 22:45:00,18.56,17.55,36.11,10.42,133.06,26.9,0.13,88.56,1.56,7.62,2022,AIIMS,Quarterly,0,0
2022-01-08 23:00:00,16.6,17.25,33.85,10.94,134.47,26.86,0.09,94.36,1.49,7.45,2022,AIIMS,Quarterly,0,0
2022-01-08 23:15:00,15.1,14.9,29.99,11.47,134.47,26.86,0.11,104.73,1.49,7.3,2022,AIIMS,Quarterly,0,0
2022-01-08 23:30:00,15.9,12.85,28.76,11.97,134.47,26.86,0.13,143.86,1.46,7.05,2022,AIIMS,Quarterly,0,0
2022-01-08 23:45:00,13.86,13.46,27.32,11.81,124.95,25.78,0.54,204.09,1.41,6.87,2022,AIIMS,Quarterly,0,0
2022-01-09 00:15:00,3.45,3.73,7.18,3.77,27.44,4.96,0.36,178.18,0.47,4.0,2022,AIIMS,Quarterly,0,0
2022-01-09 00:30:00,3.52,3.13,6.65,6.84,22.63,6.12,0.68,213.94,0.48,4.0,2022,AIIMS,Quarterly,0,0
2022-01-09 00:45:00,3.6,2.86,6.46,7.95,19.26,6.97,0.89,207.35,0.46,4.0,2022,AIIMS,Quarterly,0,0
2022-01-09 01:00:00,3.61,3.0,6.6,7.4,19.26,6.97,0.75,207.21,0.45,4.0,2022,AIIMS,Quarterly,0,0
2022-01-09 01:15:00,3.62,2.9,6.52,7.45,19.26,6.97,0.76,210.52,0.46,4.0,2022,AIIMS,Quarterly,0,0
2022-01-09 01:30:00,3.69,2.92,6.61,9.54,16.42,5.89,0.66,209.57,0.44,4.0,2022,AIIMS,Quarterly,0,0
2022-01-09 01:45:00,3.63,3.66,7.29,9.99,14.34,5.1,0.69,192.54,0.42,4.0,2022,AIIMS,Quarterly,0,0
2022-01-09 02:00:00,3.59,3.31,6.9,10.26,14.34,5.1,0.56,198.77,0.4,4.0,2022,AIIMS,Quarterly,0,0
2022-01-09 02:15:00,3.58,3.11,6.69,10.35,14.34,5.1,0.54,194.59,0.38,4.0,2022,AIIMS,Quarterly,0,0
2022-01-09 02:30:00,3.58,3.02,6.6,10.49,14.53,5.33,0.65,192.74,0.38,4.0,2022,AIIMS,Quarterly,0,0
2022-01-09 02:45:00,3.57,2.77,6.34,10.46,14.66,5.49,0.49,183.18,0.37,4.0,2022,AIIMS,Quarterly,0,0
2022-01-09 03:00:00,3.72,2.63,6.35,8.01,14.66,5.49,0.65,183.06,0.38,4.0,2022,AIIMS,Quarterly,0,0
2022-01-09 03:15:00,3.86,2.37,6.23,8.2,14.66,5.49,0.74,193.97,0.4,4.0,2022,AIIMS,Quarterly,0,0
2022-01-09 03:30:00,3.89,2.35,6.23,8.43,12.15,4.76,0.77,198.94,0.4,4.0,2022,AIIMS,Quarterly,0,0
2022-01-09 03:45:00,3.9,2.51,6.41,7.89,10.39,4.23,0.8,209.62,0.39,4.0,2022,AIIMS,Quarterly,0,0
2022-01-09 04:00:00,3.95,2.3,6.25,8.2,10.39,4.23,0.84,216.21,0.39,4.0,2022,AIIMS,Quarterly,0,0
2022-01-09 04:15:00,3.99,2.32,6.3,8.92,10.39,4.23,1.18,225.84,0.38,4.0,2022,AIIMS,Quarterly,0,0
2022-01-09 04:30:00,4.04,2.57,6.61,7.93,10.79,3.52,0.73,209.18,0.38,4.0,2022,AIIMS,Quarterly,0,0
2022-01-09 04:45:00,4.16,2.44,6.6,7.79,11.09,3.01,0.71,172.08,0.38,4.0,2022,AIIMS,Quarterly,0,0
2022-01-09 05:00:00,4.14,3.05,7.19,9.92,11.09,3.01,0.7,163.6,0.37,4.0,2022,AIIMS,Quarterly,0,0
2022-01-09 05:15:00,4.12,2.87,6.98,10.3,11.09,3.01,0.6,164.51,0.34,4.0,2022,AIIMS,Quarterly,0,0
2022-01-09 05:30:00,4.17,2.82,6.99,10.88,9.98,2.62,0.65,188.11,0.33,4.0,2022,AIIMS,Quarterly,0,0
2022-01-09 05:45:00,4.28,2.66,6.93,10.68,9.17,2.34,0.57,189.49,0.35,4.0,2022,AIIMS,Quarterly,0,0
2022-01-09 06:00:00,4.36,2.57,6.93,10.98,9.17,2.34,0.52,173.03,0.33,4.0,2022,AIIMS,Quarterly,0,0
2022-01-09 06:15:00,4.4,2.65,7.05,3.37,9.17,2.34,0.62,178.18,0.35,4.0,2022,AIIMS,Quarterly,0,0
2022-01-09 06:30:00,4.68,2.55,7.23,7.8,9.97,3.32,0.63,172.57,0.36,4.0,2022,AIIMS,Quarterly,0,0
2022-01-09 06:45:00,4.92,2.56,7.48,8.47,10.56,4.03,0.78,203.31,0.4,4.0,2022,AIIMS,Quarterly,0,0
2022-01-09 07:00:00,5.19,2.41,7.6,10.19,10.56,4.03,0.95,221.36,0.41,4.0,2022,AIIMS,Quarterly,0,0
2022-01-09 07:15:00,5.43,2.38,7.81,10.16,10.56,4.03,1.13,220.98,0.42,4.0,2022,AIIMS,Quarterly,0,0
2022-01-09 07:30:00,5.61,2.62,8.23,9.91,11.96,3.55,0.97,225.75,0.45,4.0,2022,AIIMS,Quarterly,0,0
2022-01-09 07:45:00,5.89,2.69,8.58,9.84,12.98,3.21,1.11,225.99,0.49,4.0,2022,AIIMS,Quarterly,0,0
2022-01-09 08:00:00,6.57,2.87,9.44,10.76,12.98,3.21,0.92,221.37,0.54,4.0,2022,AIIMS,Quarterly,0,0
2022-01-09 08:15:00,7.38,3.55,10.93,10.24,12.98,3.21,1.14,223.63,0.63,4.0,2022,AIIMS,Quarterly,0,0
2022-01-09 08:30:00,8.54,4.44,12.98,11.36,20.85,3.56,0.97,216.11,0.68,4.0,2022,AIIMS,Quarterly,0,0
2022-01-09 08:45:00,9.43,4.91,14.34,11.3,26.61,3.82,0.97,208.71,0.77,4.0,2022,AIIMS,Quarterly,0,0
2022-01-09 09:00:00,9.89,4.96,14.85,10.72,26.61,3.82,1.0,235.27,0.84,4.0,2022,AIIMS,Quarterly,0,0
2022-01-09 09:15:00,9.97,5.71,15.68,11.04,26.61,3.82,1.14,227.12,0.9,4.0,2022,AIIMS,Quarterly,0,0
2022-01-09 09:30:00,9.68,5.83,15.51,10.89,30.01,6.4,0.68,229.89,0.91,4.0,2022,AIIMS,Quarterly,0,0
2022-01-09 09:45:00,10.4,11.27,21.67,10.04,32.39,8.28,0.64,246.34,0.97,4.0,2022,AIIMS,Quarterly,0,0
2022-01-09 10:00:00,9.57,9.73,19.3,10.54,32.39,8.28,1.18,226.43,0.96,4.0,2022,AIIMS,Quarterly,0,0
2022-01-09 10:15:00,8.63,8.71,17.34,10.29,32.39,8.28,1.18,235.47,0.98,4.0,2022,AIIMS,Quarterly,0,0
2022-01-09 10:30:00,7.94,8.18,16.12,10.66,43.16,12.02,1.07,227.13,1.0,4.0,2022,AIIMS,Quarterly,0,0
2022-01-09 10:45:00,6.79,9.39,16.17,10.19,50.67,14.75,0.74,229.77,1.02,4.0,2022,AIIMS,Quarterly,0,0
2022-01-09 11:00:00,7.59,14.06,21.64,6.24,50.67,14.75,0.31,318.29,1.03,4.0,2022,AIIMS,Quarterly,0,0
2022-01-09 11:15:00,6.65,13.11,19.76,5.14,50.67,14.75,0.55,218.25,1.0,4.0,2022,AIIMS,Quarterly,0,0
2022-01-09 11:30:00,4.93,9.0,13.93,9.49,49.68,13.73,0.78,237.84,0.97,4.0,2022,AIIMS,Quarterly,0,0
2022-01-09 11:45:00,5.47,11.03,16.5,9.88,48.98,12.99,0.22,248.98,0.99,4.0,2022,AIIMS,Quarterly,0,0
2022-01-09 12:00:00,4.33,8.88,13.2,10.11,48.98,12.99,1.3,227.1,0.94,4.0,2022,AIIMS,Quarterly,0,0
2022-01-09 12:15:00,3.44,7.66,11.1,5.22,48.98,12.99,0.51,239.2,0.83,4.0,2022,AIIMS,Quarterly,0,0
2022-01-09 12:30:00,2.85,7.28,10.13,7.95,45.35,13.15,1.19,230.21,0.9,4.0,2022,AIIMS,Quarterly,0,0
2022-01-09 12:45:00,2.39,7.7,10.09,10.64,42.82,13.27,1.23,232.25,0.9,4.0,2022,AIIMS,Quarterly,0,0
2022-01-09 13:00:00,2.18,7.38,9.56,13.27,42.82,13.27,1.08,219.09,0.88,4.0,2022,AIIMS,Quarterly,0,0
2022-01-09 13:15:00,2.01,6.87,8.89,12.82,42.82,13.27,1.01,202.24,0.88,4.0,2022,AIIMS,Quarterly,0,0
2022-01-09 13:30:00,1.89,6.71,8.59,12.51,53.4,16.93,1.28,215.63,0.93,4.0,2022,AIIMS,Quarterly,0,0
2022-01-09 13:45:00,1.8,6.76,8.55,12.79,59.53,19.16,1.2,217.61,0.96,4.0,2022,AIIMS,Quarterly,0,0
2022-01-09 14:00:00,2.29,8.04,10.33,12.14,59.53,19.16,0.33,263.89,0.96,4.0,2022,AIIMS,Quarterly,0,0
2022-01-09 14:15:00,4.13,12.23,16.35,8.7,59.53,19.16,0.11,219.88,1.02,4.0,2022,AIIMS,Quarterly,0,0
2022-01-09 14:30:00,4.37,13.72,18.09,7.35,49.25,16.94,0.45,16.24,1.03,4.0,2022,AIIMS,Quarterly,0,0
2022-01-09 14:45:00,3.25,9.41,12.65,12.09,43.0,15.6,0.14,354.81,1.04,4.0,2022,AIIMS,Quarterly,0,0
2022-01-09 15:00:00,3.28,10.34,13.62,12.75,43.0,15.6,0.49,23.96,1.01,4.0,2022,AIIMS,Quarterly,0,0
2022-01-09 15:15:00,2.94,8.16,11.1,9.42,43.0,15.6,0.26,181.17,1.03,4.0,2022,AIIMS,Quarterly,0,0
2022-01-09 15:30:00,2.9,6.79,9.69,10.04,48.5,17.27,0.91,227.0,0.99,4.0,2022,AIIMS,Quarterly,0,0
2022-01-09 15:45:00,2.8,6.12,8.92,10.35,51.69,18.29,0.91,239.35,0.95,4.0,2022,AIIMS,Quarterly,0,0
2022-01-09 16:00:00,2.66,5.75,8.41,9.19,51.69,18.29,0.7,195.67,0.92,4.0,2022,AIIMS,Quarterly,0,0
2022-01-09 16:15:00,2.69,5.27,7.96,12.47,51.69,18.29,0.72,244.61,0.89,4.0,2022,AIIMS,Quarterly,0,0
2022-01-09 16:30:00,2.85,5.12,7.97,13.61,48.86,17.82,0.58,243.11,0.88,4.0,2022,AIIMS,Quarterly,0,0
2022-01-09 16:45:00,3.02,5.54,8.56,12.07,47.23,17.54,0.9,239.67,0.88,4.0,2022,AIIMS,Quarterly,0,0
2022-01-09 17:00:00,3.18,4.86,8.03,8.0,47.23,17.54,1.18,218.46,0.86,4.0,2022,AIIMS,Quarterly,0,0
2022-01-09 17:15:00,3.74,4.75,8.49,8.29,47.23,17.54,0.83,210.21,0.84,4.0,2022,AIIMS,Quarterly,0,0
2022-01-09 17:30:00,3.21,5.38,8.59,7.84,47.26,14.9,0.92,205.71,0.82,4.0,2022,AIIMS,Quarterly,0,0
2022-01-09 17:45:00,2.6,4.1,6.7,8.08,47.27,13.3,0.62,197.27,0.76,4.0,2022,AIIMS,Quarterly,0,0
2022-01-09 18:00:00,2.75,4.13,6.88,8.07,47.27,13.3,0.68,215.07,0.78,4.0,2022,AIIMS,Quarterly,0,0
2022-01-09 18:15:00,3.53,6.05,9.57,3.24,47.27,13.3,0.7,213.45,0.74,4.0,2022,AIIMS,Quarterly,0,0
2022-01-09 18:30:00,2.68,4.91,7.59,9.85,40.13,11.12,0.38,159.17,0.72,4.0,2022,AIIMS,Quarterly,0,0
2022-01-09 18:45:00,3.01,4.64,7.65,14.39,35.99,9.79,0.23,130.65,0.75,4.0,2022,AIIMS,Quarterly,0,0
2022-01-09 19:00:00,3.13,4.16,7.3,14.84,35.99,9.79,0.3,140.24,0.7,4.0,2022,AIIMS,Quarterly,0,0
2022-01-09 19:15:00,3.21,3.92,7.13,14.58,35.99,9.79,0.28,145.69,0.7,4.0,2022,AIIMS,Quarterly,0,0
2022-01-09 19:30:00,3.24,4.23,7.47,14.76,39.7,10.85,0.29,148.07,0.71,4.0,2022,AIIMS,Quarterly,0,0
2022-01-09 19:45:00,3.35,3.88,7.24,14.63,41.85,11.5,0.6,210.08,0.7,4.0,2022,AIIMS,Quarterly,0,0
2022-01-09 20:00:00,5.71,9.39,15.1,13.53,41.85,11.5,0.49,204.04,0.74,4.0,2022,AIIMS,Quarterly,0,0
2022-01-09 20:15:00,5.91,11.11,17.02,12.33,41.85,11.5,0.53,197.85,0.79,4.0,2022,AIIMS,Quarterly,0,0
2022-01-09 20:30:00,4.12,7.74,11.86,12.74,39.77,12.67,0.65,196.98,0.8,4.0,2022,AIIMS,Quarterly,0,0
2022-01-09 20:45:00,3.26,5.81,9.07,11.8,38.57,13.38,0.44,182.37,0.79,4.0,2022,AIIMS,Quarterly,0,0
2022-01-09 21:00:00,3.33,6.46,9.79,11.72,38.57,13.38,0.31,186.68,0.79,4.0,2022,AIIMS,Quarterly,0,0
2022-01-09 21:15:00,3.53,5.75,9.27,12.86,38.57,13.38,0.48,217.07,0.8,4.0,2022,AIIMS,Quarterly,0,0
2022-01-09 21:30:00,3.46,6.05,9.5,12.55,38.78,13.33,0.6,202.03,0.79,4.0,2022,AIIMS,Quarterly,0,0
2022-01-09 21:45:00,3.6,5.39,8.99,13.6,38.91,13.31,0.57,206.44,0.8,4.0,2022,AIIMS,Quarterly,0,0
2022-01-09 22:00:00,3.5,5.05,8.55,12.84,38.91,13.31,0.2,162.68,0.77,4.0,2022,AIIMS,Quarterly,0,0
2022-01-09 22:15:00,3.94,4.78,8.72,15.04,38.91,13.31,0.28,150.67,0.76,4.0,2022,AIIMS,Quarterly,0,0
2022-01-09 22:30:00,4.05,4.14,8.19,14.99,40.18,12.6,0.24,172.66,0.73,4.0,2022,AIIMS,Quarterly,0,0
2022-01-09 22:45:00,4.09,4.47,8.55,14.96,40.92,12.18,0.35,202.2,0.73,4.0,2022,AIIMS,Quarterly,0,0
2022-01-09 23:00:00,4.22,3.93,8.15,15.42,40.92,12.18,0.29,182.7,0.72,4.0,2022,AIIMS,Quarterly,0,0
2022-01-09 23:15:00,4.34,4.26,8.6,15.61,40.92,12.18,0.24,174.95,0.72,4.0,2022,AIIMS,Quarterly,0,0
2022-01-09 23:30:00,4.58,9.95,14.53,13.06,39.54,13.72,0.07,196.45,0.72,4.0,2022,AIIMS,Quarterly,0,0
2022-01-09 23:45:00,4.99,10.39,15.38,13.09,38.74,14.65,0.28,275.45,0.75,4.0,2022,AIIMS,Quarterly,0,0
2022-01-10 00:15:00,9.5,14.73,24.23,17.29,69.44,25.01,0.57,187.54,1.08,18.68,2022,AIIMS,Quarterly,0,0
2022-01-10 00:30:00,9.47,14.78,24.25,16.88,66.62,23.98,0.7,116.88,1.06,17.91,2022,AIIMS,Quarterly,0,0
2022-01-10 00:45:00,9.4,15.01,24.41,17.34,62.58,22.49,0.54,123.15,1.04,20.06,2022,AIIMS,Quarterly,0,0
2022-01-10 01:00:00,9.28,14.17,23.45,17.08,62.58,22.49,0.49,114.49,1.02,19.83,2022,AIIMS,Quarterly,0,0
2022-01-10 01:15:00,9.17,14.67,23.83,17.29,62.58,22.49,0.36,66.34,1.01,20.43,2022,AIIMS,Quarterly,0,0
2022-01-10 01:30:00,8.93,18.69,27.62,16.74,61.5,21.71,0.1,306.71,0.94,19.59,2022,AIIMS,Quarterly,0,0
2022-01-10 01:45:00,8.64,19.39,28.03,16.2,59.97,20.58,0.66,122.44,0.9,18.92,2022,AIIMS,Quarterly,0,0
2022-01-10 02:00:00,8.99,19.59,28.58,15.45,59.97,20.58,0.58,84.22,0.95,18.14,2022,AIIMS,Quarterly,0,0
2022-01-10 02:15:00,8.71,19.78,28.49,14.94,59.97,20.58,0.65,108.02,0.87,17.68,2022,AIIMS,Quarterly,0,0
2022-01-10 02:30:00,9.12,19.62,28.74,15.01,57.2,21.97,0.61,109.73,0.9,17.05,2022,AIIMS,Quarterly,0,0
2022-01-10 02:45:00,9.33,18.49,27.82,15.48,53.24,23.95,0.9,107.6,0.89,16.38,2022,AIIMS,Quarterly,0,0
2022-01-10 03:00:00,9.18,18.06,27.25,15.18,53.24,23.95,1.01,90.98,0.85,16.25,2022,AIIMS,Quarterly,0,0
2022-01-10 03:15:00,10.45,18.57,29.02,14.86,53.24,23.95,1.14,99.74,0.85,16.28,2022,AIIMS,Quarterly,0,0
2022-01-10 03:30:00,10.61,16.77,27.38,15.69,55.25,22.79,1.31,84.18,0.88,17.19,2022,AIIMS,Quarterly,0,0
2022-01-10 03:45:00,10.91,15.59,26.51,16.31,58.12,21.12,1.51,125.57,0.85,18.27,2022,AIIMS,Quarterly,0,0
2022-01-10 04:00:00,11.19,14.76,25.95,16.73,58.12,21.12,1.41,111.61,0.84,18.36,2022,AIIMS,Quarterly,0,0
2022-01-10 04:15:00,11.36,14.93,26.29,11.75,58.12,21.12,1.25,95.73,0.71,20.53,2022,AIIMS,Quarterly,0,0
2022-01-10 04:30:00,11.62,14.11,25.74,14.51,56.56,20.79,1.28,100.06,0.75,19.61,2022,AIIMS,Quarterly,0,0
2022-01-10 04:45:00,11.84,14.77,26.61,15.57,54.32,20.32,1.1,94.64,0.76,20.09,2022,AIIMS,Quarterly,0,0
2022-01-10 05:00:00,15.01,19.2,34.22,13.65,54.32,20.32,1.39,123.43,0.78,19.79,2022,AIIMS,Quarterly,0,0
2022-01-10 05:15:00,14.82,18.53,33.35,13.66,54.32,20.32,0.7,193.68,0.8,19.09,2022,AIIMS,Quarterly,0,0
2022-01-10 05:30:00,16.24,18.7,34.94,13.93,56.46,21.41,0.51,78.53,0.85,18.51,2022,AIIMS,Quarterly,0,0
2022-01-10 05:45:00,17.27,20.07,37.34,13.43,59.54,22.97,1.64,112.65,0.84,18.49,2022,AIIMS,Quarterly,0,0
2022-01-10 06:00:00,16.78,18.34,35.12,13.74,59.54,22.97,1.08,91.1,0.85,18.33,2022,AIIMS,Quarterly,0,0
2022-01-10 06:15:00,16.93,17.48,34.41,13.85,59.54,22.97,0.96,94.21,0.92,17.67,2022,AIIMS,Quarterly,0,0
2022-01-10 06:30:00,20.61,18.57,39.18,13.54,62.5,23.23,0.88,78.9,1.04,18.17,2022,AIIMS,Quarterly,0,0
2022-01-10 06:45:00,20.69,17.24,37.93,14.44,66.74,23.59,0.48,78.5,0.98,18.18,2022,AIIMS,Quarterly,0,0
2022-01-10 07:00:00,20.11,15.5,35.61,15.22,66.74,23.59,0.21,119.6,0.95,19.84,2022,AIIMS,Quarterly,0,0
2022-01-10 07:15:00,20.85,14.38,35.23,15.57,66.74,23.59,0.25,129.5,0.95,19.49,2022,AIIMS,Quarterly,0,0
2022-01-10 07:30:00,21.05,15.35,36.4,15.49,79.13,30.67,0.26,108.72,1.0,21.28,2022,AIIMS,Quarterly,0,0
2022-01-10 07:45:00,21.52,15.63,37.16,15.24,96.88,40.8,0.18,38.87,1.04,22.51,2022,AIIMS,Quarterly,0,0
2022-01-10 08:00:00,21.7,16.12,37.82,15.55,96.88,40.8,0.07,68.33,1.06,22.46,2022,AIIMS,Quarterly,0,0
2022-01-10 08:15:00,20.73,19.84,40.57,15.66,96.88,40.8,0.46,197.39,1.17,23.23,2022,AIIMS,Quarterly,0,0
2022-01-10 08:30:00,19.33,25.88,45.21,17.5,109.51,48.31,0.22,75.56,1.28,22.18,2022,AIIMS,Quarterly,0,0
2022-01-10 08:45:00,19.3,30.39,49.69,25.63,127.6,59.06,0.24,46.63,1.39,22.52,2022,AIIMS,Quarterly,0,0
2022-01-10 09:00:00,19.71,31.25,50.95,30.48,127.6,59.06,0.51,13.04,1.55,22.33,2022,AIIMS,Quarterly,0,0
2022-01-10 09:15:00,19.0,33.41,52.42,36.19,127.6,59.06,0.3,358.15,1.57,21.85,2022,AIIMS,Quarterly,0,0
2022-01-10 09:30:00,17.04,34.17,51.21,45.26,145.22,63.1,0.22,32.92,1.54,21.42,2022,AIIMS,Quarterly,0,0
2022-01-10 09:45:00,15.71,33.5,49.21,41.3,170.45,68.89,0.08,341.89,1.51,20.68,2022,AIIMS,Quarterly,0,0
2022-01-10 10:00:00,16.34,32.24,48.59,46.4,170.45,68.89,0.4,291.67,1.47,21.7,2022,AIIMS,Quarterly,0,0
2022-01-10 10:15:00,14.57,28.52,43.09,34.41,170.45,68.89,0.57,221.91,1.48,20.36,2022,AIIMS,Quarterly,0,0
2022-01-10 10:30:00,13.56,25.63,39.19,34.04,175.26,73.5,0.09,312.94,1.45,20.78,2022,AIIMS,Quarterly,0,0
2022-01-10 10:45:00,12.19,26.04,38.23,36.27,182.13,80.1,0.58,27.95,1.41,19.65,2022,AIIMS,Quarterly,0,0
2022-01-10 11:00:00,11.19,24.64,35.83,30.1,182.13,80.1,0.25,318.26,1.39,20.76,2022,AIIMS,Quarterly,0,0
2022-01-10 11:15:00,9.61,25.0,34.61,30.46,182.13,80.1,0.74,32.18,1.34,20.77,2022,AIIMS,Quarterly,0,0
2022-01-10 11:30:00,8.59,24.37,32.96,27.44,165.89,71.83,0.27,10.71,1.35,19.97,2022,AIIMS,Quarterly,0,0
2022-01-10 11:45:00,6.86,23.66,30.52,27.4,142.62,59.99,0.54,46.92,1.13,19.58,2022,AIIMS,Quarterly,0,0
2022-01-10 12:00:00,5.82,24.5,30.32,27.51,142.62,59.99,0.65,37.28,1.1,18.37,2022,AIIMS,Quarterly,0,0
2022-01-10 12:15:00,4.94,24.38,29.32,16.15,142.62,59.99,0.47,48.25,0.93,17.54,2022,AIIMS,Quarterly,0,0
2022-01-10 12:30:00,3.79,23.91,27.7,17.94,142.62,59.99,0.28,358.83,0.99,16.78,2022,AIIMS,Quarterly,0,0
2022-01-10 12:45:00,3.64,23.03,26.67,18.8,142.62,59.99,0.39,37.73,0.92,17.78,2022,AIIMS,Quarterly,0,0
2022-01-10 13:00:00,3.5,21.55,25.05,22.35,125.638,56.258,0.5,56.02,0.95,17.57,2022,AIIMS,Quarterly,1,4
2022-01-10 13:15:00,4.2,25.96,30.17,22.94,108.656,52.526,0.75,46.62,0.99,19.2,2022,AIIMS,Quarterly,1,4
2022-01-10 13:30:00,3.61,22.6,26.21,17.72,91.674,48.794,0.78,58.81,0.92,17.99,2022,AIIMS,Quarterly,1,4
2022-01-10 13:45:00,3.07,20.57,23.65,15.28,,,0.96,43.87,0.92,19.52,2022,AIIMS,Quarterly,1,4
2022-01-10 14:00:00,3.04,19.9,22.93,20.52,57.71,41.33,0.7,51.71,0.9,18.04,2022,AIIMS,Quarterly,0,0
2022-01-10 14:15:00,3.43,21.41,24.84,21.22,82.45,58.12,0.96,36.0,0.92,15.87,2022,AIIMS,Quarterly,0,0
2022-01-10 14:30:00,3.36,19.54,22.9,21.49,82.45,58.12,0.99,40.88,0.88,15.62,2022,AIIMS,Quarterly,0,0
2022-01-10 14:45:00,3.08,18.62,21.69,20.78,82.45,58.12,0.79,44.6,0.88,17.43,2022,AIIMS,Quarterly,0,0
2022-01-10 15:00:00,3.12,18.66,21.78,18.88,84.78,57.1,0.8,73.85,0.83,17.5,2022,AIIMS,Quarterly,0,0
2022-01-10 15:15:00,3.43,21.46,24.9,18.83,85.78,56.68,0.72,50.46,0.82,17.42,2022,AIIMS,Quarterly,0,0
2022-01-10 15:30:00,3.46,21.52,24.99,18.17,85.78,56.68,0.65,65.86,0.83,17.52,2022,AIIMS,Quarterly,0,0
2022-01-10 15:45:00,3.69,21.86,25.54,18.27,85.78,56.68,0.63,61.91,0.82,16.89,2022,AIIMS,Quarterly,0,0
2022-01-10 16:00:00,4.74,25.35,30.1,18.57,82.28,57.1,0.7,47.48,0.82,17.13,2022,AIIMS,Quarterly,0,0
2022-01-10 16:15:00,4.16,23.28,27.44,17.89,80.78,57.28,0.71,39.92,0.83,16.55,2022,AIIMS,Quarterly,0,0
2022-01-10 16:30:00,4.25,22.97,27.22,17.79,80.78,57.28,0.79,23.34,0.83,15.75,2022,AIIMS,Quarterly,0,0
2022-01-10 16:45:00,4.02,22.56,26.57,17.08,80.78,57.28,0.55,72.76,0.79,15.82,2022,AIIMS,Quarterly,0,0
2022-01-10 17:00:00,3.69,21.63,25.31,16.37,78.04,48.95,0.59,40.58,0.84,15.25,2022,AIIMS,Quarterly,0,0
2022-01-10 17:15:00,3.72,20.99,24.71,16.77,76.87,45.38,0.9,122.8,0.85,17.93,2022,AIIMS,Quarterly,0,0
2022-01-10 17:30:00,4.15,24.45,28.6,16.22,76.87,45.38,1.09,133.21,0.91,17.91,2022,AIIMS,Quarterly,0,0
2022-01-10 17:45:00,5.42,28.98,34.4,16.34,76.87,45.38,1.27,135.94,1.09,17.93,2022,AIIMS,Quarterly,0,0
2022-01-10 18:00:00,8.54,32.02,40.56,16.03,82.69,39.29,0.99,120.16,1.13,18.35,2022,AIIMS,Quarterly,0,0
2022-01-10 18:15:00,9.08,30.7,39.78,16.56,85.19,36.67,0.95,133.03,1.28,20.53,2022,AIIMS,Quarterly,0,0
2022-01-10 18:30:00,24.37,48.26,72.63,16.81,85.19,36.67,0.86,121.89,2.16,22.19,2022,AIIMS,Quarterly,0,0
2022-01-10 18:45:00,56.1,62.29,127.85,17.41,85.19,36.67,0.85,107.93,3.43,27.52,2022,AIIMS,Quarterly,0,0
2022-01-10 19:00:00,73.86,69.94,156.88,17.9,112.1,47.39,0.82,100.56,4.26,30.57,2022,AIIMS,Quarterly,0,0
2022-01-10 19:15:00,58.75,64.56,123.31,17.95,123.04,51.99,0.59,122.1,3.58,30.08,2022,AIIMS,Quarterly,0,0
2022-01-10 19:30:00,35.42,54.69,90.12,17.03,123.04,51.99,0.65,160.49,2.62,26.18,2022,AIIMS,Quarterly,0,0
2022-01-10 19:45:00,38.23,50.67,88.9,16.76,123.04,51.99,0.75,203.82,2.44,25.88,2022,AIIMS,Quarterly,0,0
2022-01-10 20:00:00,47.55,45.64,93.19,16.09,154.02,50.79,0.99,247.72,2.37,25.04,2022,AIIMS,Quarterly,0,0
2022-01-10 20:15:00,36.47,38.61,75.08,10.57,167.3,50.27,0.95,157.17,1.99,24.76,2022,AIIMS,Quarterly,0,0
2022-01-10 20:30:00,36.82,34.44,71.26,12.56,167.3,50.27,1.32,122.32,2.26,25.07,2022,AIIMS,Quarterly,0,0
2022-01-10 20:45:00,44.56,33.34,77.9,13.66,167.3,50.27,0.84,129.25,2.51,27.44,2022,AIIMS,Quarterly,0,0
2022-01-10 21:00:00,58.42,39.61,98.03,13.17,209.97,55.83,1.15,127.52,2.81,28.78,2022,AIIMS,Quarterly,0,0
2022-01-10 21:15:00,48.39,29.89,78.28,13.76,227.31,58.09,1.21,136.41,2.48,29.6,2022,AIIMS,Quarterly,0,0
2022-01-10 21:30:00,48.12,31.29,79.4,13.5,227.31,58.09,1.25,137.04,2.53,31.12,2022,AIIMS,Quarterly,0,0
2022-01-10 21:45:00,48.7,30.92,79.63,12.88,227.31,58.09,0.85,163.43,2.57,30.1,2022,AIIMS,Quarterly,0,0
2022-01-10 22:00:00,48.22,37.6,85.82,11.74,225.47,61.89,0.87,191.25,2.33,30.42,2022,AIIMS,Quarterly,0,0
2022-01-10 22:15:00,52.24,35.66,87.9,12.27,224.73,63.43,1.43,228.59,2.33,30.64,2022,AIIMS,Quarterly,0,0
2022-01-10 22:30:00,46.76,30.49,77.24,11.69,224.73,63.43,0.97,189.26,2.09,29.06,2022,AIIMS,Quarterly,0,0
2022-01-10 22:45:00,40.43,30.25,70.68,9.75,224.73,63.43,0.74,206.68,1.97,27.52,2022,AIIMS,Quarterly,0,0
2022-01-10 23:00:00,37.25,32.3,69.55,9.94,231.7,60.64,0.81,112.87,1.91,26.54,2022,AIIMS,Quarterly,0,0
2022-01-10 23:15:00,41.71,32.1,73.81,10.33,234.68,59.51,0.47,234.95,2.05,26.15,2022,AIIMS,Quarterly,0,0
2022-01-10 23:30:00,42.9,33.24,76.15,10.3,234.68,59.51,0.74,127.5,1.93,26.05,2022,AIIMS,Quarterly,0,0
2022-01-10 23:45:00,42.03,35.33,77.37,10.4,234.68,59.51,0.55,143.32,1.86,26.01,2022,AIIMS,Quarterly,0,0
2022-01-11 00:15:00,36.9,79.7,73.84,15.75,183.98,54.59,0.2,59.35,2.44,52.14,2022,AIIMS,Quarterly,0,0
2022-01-11 00:30:00,33.9,83.68,71.78,15.74,183.98,54.59,0.18,73.51,2.37,53.73,2022,AIIMS,Quarterly,0,0
2022-01-11 00:45:00,30.74,83.09,68.93,15.64,183.98,54.59,0.19,67.41,2.23,54.25,2022,AIIMS,Quarterly,0,0
2022-01-11 01:00:00,28.72,79.71,66.23,14.55,181.18,54.54,0.16,82.48,2.18,53.84,2022,AIIMS,Quarterly,0,0
2022-01-11 01:15:00,27.76,79.43,65.56,14.91,178.95,54.51,0.24,53.15,2.1,53.83,2022,AIIMS,Quarterly,0,0
2022-01-11 01:30:00,25.93,78.52,63.03,15.54,178.95,54.51,0.46,25.69,2.04,53.58,2022,AIIMS,Quarterly,0,0
2022-01-11 01:45:00,23.56,75.53,59.23,14.72,178.95,54.51,0.42,44.52,1.91,53.16,2022,AIIMS,Quarterly,0,0
2022-01-11 02:00:00,21.16,72.5,55.72,15.4,215.66,56.17,0.28,76.18,1.87,52.68,2022,AIIMS,Quarterly,0,0
2022-01-11 02:15:00,20.81,70.86,54.59,13.79,246.37,57.62,0.26,96.65,1.84,53.39,2022,AIIMS,Quarterly,0,0
2022-01-11 02:30:00,20.0,66.81,51.82,13.24,246.37,57.62,0.27,87.06,1.78,52.92,2022,AIIMS,Quarterly,0,0
2022-01-11 02:45:00,19.11,62.93,49.08,13.61,246.37,57.62,0.39,67.19,1.73,51.56,2022,AIIMS,Quarterly,0,0
2022-01-11 03:00:00,18.27,61.97,47.9,13.57,206.31,54.62,0.4,59.25,1.69,51.32,2022,AIIMS,Quarterly,0,0
2022-01-11 03:15:00,17.48,60.18,46.34,12.89,172.79,51.99,0.33,76.08,1.64,50.84,2022,AIIMS,Quarterly,0,0
2022-01-11 03:30:00,16.48,57.2,43.97,14.66,172.79,51.99,0.34,65.06,1.56,48.39,2022,AIIMS,Quarterly,0,0
2022-01-11 03:45:00,15.33,56.72,42.8,14.72,172.79,51.99,0.36,73.54,1.5,46.42,2022,AIIMS,Quarterly,0,0
2022-01-11 04:00:00,14.3,56.62,41.93,15.41,160.53,50.4,0.32,78.5,1.45,45.72,2022,AIIMS,Quarterly,0,0
2022-01-11 04:15:00,13.47,55.81,40.84,9.99,150.27,49.0,0.51,50.11,1.28,45.97,2022,AIIMS,Quarterly,0,0
2022-01-11 04:30:00,12.64,55.08,39.79,14.81,150.27,49.0,0.39,67.89,1.3,46.86,2022,AIIMS,Quarterly,0,0
2022-01-11 04:45:00,11.9,54.04,38.66,15.31,150.27,49.0,0.29,89.0,1.28,47.03,2022,AIIMS,Quarterly,0,0
2022-01-11 05:00:00,11.34,54.98,38.69,15.15,147.99,48.14,0.29,77.11,1.24,47.5,2022,AIIMS,Quarterly,0,0
2022-01-11 05:15:00,11.09,54.1,38.03,14.35,146.09,47.39,0.14,66.62,1.21,47.53,2022,AIIMS,Quarterly,0,0
2022-01-11 05:30:00,11.26,58.05,40.23,14.1,146.09,47.39,0.12,118.99,1.2,49.77,2022,AIIMS,Quarterly,0,0
2022-01-11 05:45:00,12.33,54.47,39.22,13.07,146.09,47.39,0.11,77.79,1.18,49.66,2022,AIIMS,Quarterly,0,0
2022-01-11 06:00:00,13.39,54.18,39.92,14.03,159.72,47.87,0.17,107.6,1.18,50.62,2022,AIIMS,Quarterly,0,0
2022-01-11 06:15:00,14.31,53.73,40.42,13.91,171.11,48.3,0.15,121.71,1.19,50.54,2022,AIIMS,Quarterly,0,0
2022-01-11 06:30:00,15.1,53.44,40.9,14.33,171.11,48.3,0.14,113.5,1.21,51.06,2022,AIIMS,Quarterly,0,0
2022-01-11 06:45:00,15.7,51.93,40.6,14.06,171.11,48.3,0.1,90.18,1.21,50.7,2022,AIIMS,Quarterly,0,0
2022-01-11 07:00:00,16.26,54.03,42.14,14.5,167.96,47.38,0.18,51.57,1.22,51.13,2022,AIIMS,Quarterly,0,0
2022-01-11 07:15:00,16.38,55.12,42.81,14.34,165.32,46.58,0.32,41.67,1.22,49.87,2022,AIIMS,Quarterly,0,0
2022-01-11 07:30:00,16.77,57.18,44.19,14.6,165.32,46.58,0.27,56.97,1.21,50.16,2022,AIIMS,Quarterly,0,0
2022-01-11 07:45:00,17.82,59.41,46.21,15.27,165.32,46.58,0.3,29.31,1.21,50.95,2022,AIIMS,Quarterly,0,0
2022-01-11 08:00:00,19.13,62.59,48.92,15.48,204.02,53.3,0.38,17.54,1.25,51.4,2022,AIIMS,Quarterly,0,0
2022-01-11 08:15:00,20.65,65.78,51.8,16.58,236.4,59.19,0.23,13.73,1.29,53.5,2022,AIIMS,Quarterly,0,0
2022-01-11 08:30:00,21.2,67.38,53.08,16.26,236.4,59.19,0.09,24.8,1.32,54.34,2022,AIIMS,Quarterly,0,0
2022-01-11 08:45:00,20.19,68.02,52.6,16.47,236.4,59.19,0.48,8.14,1.39,53.6,2022,AIIMS,Quarterly,0,0
2022-01-11 09:00:00,19.68,64.61,50.42,15.45,223.63,58.13,0.05,35.99,1.37,53.59,2022,AIIMS,Quarterly,0,0
2022-01-11 09:15:00,19.43,62.56,49.14,14.69,212.95,57.19,0.11,105.95,1.36,53.11,2022,AIIMS,Quarterly,0,0
2022-01-11 09:30:00,19.19,60.52,47.88,14.25,212.95,57.19,0.07,66.5,1.35,51.37,2022,AIIMS,Quarterly,0,0
2022-01-11 09:45:00,18.87,61.75,48.26,14.86,212.95,57.19,0.59,20.71,1.35,50.96,2022,AIIMS,Quarterly,0,0
2022-01-11 10:00:00,18.54,57.61,45.84,14.09,179.9,51.73,0.11,18.01,1.34,47.73,2022,AIIMS,Quarterly,0,0
2022-01-11 10:15:00,17.05,65.03,48.53,15.53,152.24,47.15,0.4,29.4,1.3,48.7,2022,AIIMS,Quarterly,0,0
2022-01-11 10:30:00,8.78,70.37,44.68,13.76,152.24,47.15,0.14,121.1,0.5,41.28,2022,AIIMS,Quarterly,0,0
2022-01-11 10:45:00,8.55,69.52,49.76,27.576666666666668,152.24,47.15,0.14,46.45,0.02,39.0,2022,AIIMS,Quarterly,1,2
2022-01-11 11:00:00,9.23,79.13,53.66,41.39333333333333,152.24,47.15,0.22,21.7,0.02,39.13,2022,AIIMS,Quarterly,1,2
2022-01-11 11:15:00,5.62,65.94,41.01,55.21,148.86,44.01,0.17,190.68,0.02,34.02,2022,AIIMS,Quarterly,0,0
2022-01-11 11:30:00,6.67,68.05,44.67,95.65,138.26500000000001,47.519999999999996,0.09,0.35,1.78,32.93,2022,AIIMS,Quarterly,1,3
2022-01-11 11:45:00,4.55,62.5,37.17,65.85,127.67000000000002,51.03,0.34,4.84,1.63,29.97,2022,AIIMS,Quarterly,1,3
2022-01-11 12:00:00,4.42,62.24,38.03,72.1,117.075,54.54,0.38,293.07,1.01,26.23,2022,AIIMS,Quarterly,1,3
2022-01-11 12:15:00,3.47,55.1,32.44,30.79,106.48,58.05,0.1,192.37,0.9,26.33,2022,AIIMS,Quarterly,0,0
2022-01-11 12:30:00,2.52,50.17,29.11,19.46,106.48,58.05,0.17,157.74,0.94,24.96,2022,AIIMS,Quarterly,0,0
2022-01-11 12:45:00,2.31,48.45,28.04,12.01,106.48,58.05,0.18,147.56,0.93,24.6,2022,AIIMS,Quarterly,0,0
2022-01-11 13:00:00,2.3,46.53,27.03,12.34,106.48,58.05,0.49,199.91,0.92,24.88,2022,AIIMS,Quarterly,0,0
2022-01-11 13:15:00,2.38,41.88,24.67,12.06,106.5,58.04,0.42,203.25,0.91,23.25,2022,AIIMS,Quarterly,0,0
2022-01-11 13:30:00,2.38,44.38,25.97,20.32,106.9,57.92,0.17,258.39,0.89,23.16,2022,AIIMS,Quarterly,0,0
2022-01-11 13:45:00,2.3,49.04,28.34,27.94,106.9,57.92,0.45,230.04,0.81,24.13,2022,AIIMS,Quarterly,0,0
2022-01-11 14:00:00,2.62,51.57,29.92,42.55,106.9,57.92,0.21,241.54,0.87,24.83,2022,AIIMS,Quarterly,0,0
2022-01-11 14:15:00,2.71,49.44,28.88,23.77,106.25,58.08,0.47,224.92,0.86,24.9,2022,AIIMS,Quarterly,0,0
2022-01-11 14:30:00,3.18,53.46,31.35,42.91,92.48,59.95,0.33,2.51,0.91,27.83,2022,AIIMS,Quarterly,0,0
2022-01-11 14:45:00,3.46,56.17,33.0,47.8,92.48,59.95,0.25,31.55,0.97,28.35,2022,AIIMS,Quarterly,0,0
2022-01-11 15:00:00,3.58,55.68,32.83,53.37,92.48,59.95,0.13,106.71,0.94,28.97,2022,AIIMS,Quarterly,0,0
2022-01-11 15:15:00,3.8,57.55,33.99,54.03,94.42,60.05,0.26,25.84,0.97,30.55,2022,AIIMS,Quarterly,0,0
2022-01-11 15:30:00,3.63,57.06,33.59,62.84,136.02,61.28,0.57,29.5,0.96,30.64,2022,AIIMS,Quarterly,0,0
2022-01-11 15:45:00,3.51,51.17,30.43,35.27,136.02,61.28,0.3,22.14,0.96,30.99,2022,AIIMS,Quarterly,0,0
2022-01-11 16:00:00,3.31,54.26,31.88,41.74,136.02,61.28,0.07,296.8,0.99,32.79,2022,AIIMS,Quarterly,0,0
2022-01-11 16:15:00,2.71,67.32,38.22,67.86,136.01,61.01,0.48,22.82,0.93,33.63,2022,AIIMS,Quarterly,0,0
2022-01-11 16:30:00,2.75,76.41,45.9,59.02,135.78,57.79,0.34,48.25,1.0,34.75,2022,AIIMS,Quarterly,0,0
2022-01-11 16:45:00,2.53,79.48,45.05,40.82,135.78,57.79,0.19,73.31,1.0,33.81,2022,AIIMS,Quarterly,0,0
2022-01-11 17:00:00,2.87,78.7,44.55,41.7,135.78,57.79,0.26,52.19,1.06,32.9,2022,AIIMS,Quarterly,0,0
2022-01-11 17:15:00,2.88,75.37,42.56,90.09,135.71,57.15,0.28,59.15,0.97,32.03,2022,AIIMS,Quarterly,0,0
2022-01-11 17:30:00,3.19,79.25,51.46,18.57,133.58,49.57,0.2,74.88,1.38,33.0,2022,AIIMS,Quarterly,0,0
2022-01-11 17:45:00,4.17,99.83,56.37,57.41,133.58,49.57,0.26,60.13,1.37,32.39,2022,AIIMS,Quarterly,0,0
2022-01-11 18:00:00,4.17,93.07,52.84,57.96,133.58,49.57,0.26,100.12,1.31,29.74,2022,AIIMS,Quarterly,0,0
2022-01-11 18:15:00,4.08,88.2,50.22,47.54,134.25,49.66,0.23,54.01,1.42,30.06,2022,AIIMS,Quarterly,0,0
2022-01-11 18:30:00,4.74,85.64,49.41,37.15,148.71,50.62,0.26,52.86,1.44,30.04,2022,AIIMS,Quarterly,0,0
2022-01-11 18:45:00,7.71,97.25,57.87,28.85,148.71,50.62,0.24,90.49,1.47,32.13,2022,AIIMS,Quarterly,0,0
2022-01-11 19:00:00,6.99,79.07,52.25,22.93,148.71,50.62,0.22,68.22,1.49,30.83,2022,AIIMS,Quarterly,0,0
2022-01-11 19:15:00,5.59,73.11,43.55,14.38,150.45,50.51,0.28,121.92,1.41,30.02,2022,AIIMS,Quarterly,0,0
2022-01-11 19:30:00,5.39,62.92,38.07,11.44,187.8,49.13,0.25,134.88,1.4,29.06,2022,AIIMS,Quarterly,0,0
2022-01-11 19:45:00,5.7,60.84,37.23,11.1,187.8,49.13,0.24,144.69,1.44,29.55,2022,AIIMS,Quarterly,0,0
2022-01-11 20:00:00,6.49,60.72,37.8,11.05,187.8,49.13,0.33,137.69,1.49,32.31,2022,AIIMS,Quarterly,0,0
2022-01-11 20:15:00,7.19,55.72,35.75,10.94,188.06,49.33,0.27,132.71,1.48,31.99,2022,AIIMS,Quarterly,0,0
2022-01-11 20:30:00,7.31,61.61,38.92,11.68,195.86,51.74,0.21,118.53,1.6,34.99,2022,AIIMS,Quarterly,0,0
2022-01-11 20:45:00,8.3,70.09,44.15,14.31,195.86,51.74,0.2,121.42,1.74,36.82,2022,AIIMS,Quarterly,0,0
2022-01-11 21:00:00,11.58,76.34,51.65,14.75,195.86,51.74,0.18,117.94,1.89,38.44,2022,AIIMS,Quarterly,0,0
2022-01-11 21:15:00,23.0,98.17,70.61,14.83,196.3,51.98,0.17,119.2,2.19,40.8,2022,AIIMS,Quarterly,0,0
2022-01-11 21:30:00,17.27,87.69,60.54,16.95,205.74,54.8,0.18,123.43,1.98,41.6,2022,AIIMS,Quarterly,0,0
2022-01-11 21:45:00,18.04,89.31,62.0,17.46,205.74,54.8,0.14,113.59,1.98,43.12,2022,AIIMS,Quarterly,0,0
2022-01-11 22:00:00,18.79,92.34,64.18,17.87,205.74,54.8,0.19,104.93,2.05,42.69,2022,AIIMS,Quarterly,0,0
2022-01-11 22:15:00,31.34,102.71,79.67,16.24,206.92,55.41,0.17,99.1,2.43,46.68,2022,AIIMS,Quarterly,0,0
2022-01-11 22:30:00,33.35,107.92,84.01,14.77,232.37,62.59,0.17,105.16,2.43,48.03,2022,AIIMS,Quarterly,0,0
2022-01-11 22:45:00,31.83,86.44,71.56,11.76,232.37,62.59,0.24,118.73,2.38,46.45,2022,AIIMS,Quarterly,0,0
2022-01-11 23:00:00,33.43,77.58,68.26,11.19,232.37,62.59,0.15,114.68,2.45,45.46,2022,AIIMS,Quarterly,0,0
2022-01-11 23:15:00,36.2,79.51,72.26,11.2,233.67,63.36,0.25,135.74,2.53,48.19,2022,AIIMS,Quarterly,0,0
2022-01-11 23:30:00,38.87,77.96,73.26,10.77,261.63,72.48,0.17,141.89,2.56,47.72,2022,AIIMS,Quarterly,0,0
2022-01-11 23:45:00,40.35,76.64,73.92,10.82,261.63,72.48,0.08,165.04,2.55,48.42,2022,AIIMS,Quarterly,0,0
2022-01-12 00:15:00,70.0,86.89,101.53,10.03,328.3,92.93,0.18,107.83,3.12,73.17,2022,AIIMS,Quarterly,0,0
2022-01-12 00:30:00,71.16,88.33,103.22,10.95,374.05,97.35,0.16,107.59,3.07,79.14,2022,AIIMS,Quarterly,0,0
2022-01-12 00:45:00,71.41,87.9,103.19,10.8,374.05,97.35,0.08,20.24,3.01,82.2,2022,AIIMS,Quarterly,0,0
2022-01-12 01:00:00,70.34,78.71,98.68,10.18,374.05,97.35,0.32,44.6,2.94,82.68,2022,AIIMS,Quarterly,0,0
2022-01-12 01:15:00,67.4,78.51,95.98,10.09,171.61,94.48,0.36,59.22,2.85,83.38,2022,AIIMS,Quarterly,0,0
2022-01-12 01:30:00,63.89,78.16,92.43,9.64,171.61,82.99,0.25,82.08,2.78,82.51,2022,AIIMS,Quarterly,0,0
2022-01-12 01:45:00,60.33,75.36,87.75,9.28,171.61,82.99,0.23,99.85,2.69,79.63,2022,AIIMS,Quarterly,0,0
2022-01-12 02:00:00,56.63,74.51,84.34,9.29,171.61,82.99,0.24,62.59,2.61,78.14,2022,AIIMS,Quarterly,0,0
2022-01-12 02:15:00,51.52,76.68,81.38,9.86,157.29,80.44,0.22,115.61,2.5,76.4,2022,AIIMS,Quarterly,0,0
2022-01-12 02:30:00,46.26,76.07,76.84,10.11,100.02,70.24,0.25,94.33,2.38,72.9,2022,AIIMS,Quarterly,0,0
2022-01-12 02:45:00,40.76,75.43,72.1,9.95,100.02,70.24,0.26,99.63,2.27,70.85,2022,AIIMS,Quarterly,0,0
2022-01-12 03:00:00,35.85,74.39,67.61,10.09,100.02,70.24,0.29,99.76,2.18,69.95,2022,AIIMS,Quarterly,0,0
2022-01-12 03:15:00,31.31,73.36,63.44,9.48,100.08,68.65,0.27,78.2,2.07,69.3,2022,AIIMS,Quarterly,0,0
2022-01-12 03:30:00,27.33,72.06,59.57,9.83,100.32,62.26,0.29,84.17,1.97,68.83,2022,AIIMS,Quarterly,0,0
2022-01-12 03:45:00,23.56,70.8,55.89,8.88,100.32,62.26,0.25,98.21,1.87,68.14,2022,AIIMS,Quarterly,0,0
2022-01-12 04:00:00,20.23,69.8,52.69,9.33,100.32,62.26,0.24,112.93,1.79,67.64,2022,AIIMS,Quarterly,0,0
2022-01-12 04:15:00,17.99,67.37,49.63,9.1,96.34,60.48,0.18,115.46,1.73,68.64,2022,AIIMS,Quarterly,0,0
2022-01-12 04:30:00,16.86,65.48,47.73,8.96,80.41,53.36,0.2,121.29,1.7,70.21,2022,AIIMS,Quarterly,0,0
2022-01-12 04:45:00,16.02,62.96,45.74,8.64,80.41,53.36,0.18,116.08,1.66,69.62,2022,AIIMS,Quarterly,0,0
2022-01-12 05:00:00,15.29,62.98,45.16,8.64,80.41,53.36,0.22,117.35,1.64,69.22,2022,AIIMS,Quarterly,0,0
2022-01-12 05:15:00,14.76,60.78,43.59,5.33,83.55,53.26,0.25,126.99,1.56,67.53,2022,AIIMS,Quarterly,0,0
2022-01-12 05:30:00,14.16,57.87,41.59,9.59,96.12,52.88,0.19,118.99,1.57,65.33,2022,AIIMS,Quarterly,0,0
2022-01-12 05:45:00,13.4,55.75,39.87,10.38,96.12,52.88,0.17,116.72,1.57,61.83,2022,AIIMS,Quarterly,0,0
2022-01-12 06:00:00,12.77,57.65,40.36,10.19,96.12,52.88,0.15,114.06,1.56,60.5,2022,AIIMS,Quarterly,0,0
2022-01-12 06:15:00,12.63,59.82,41.38,10.59,105.72,52.83,0.12,123.75,1.56,60.95,2022,AIIMS,Quarterly,0,0
2022-01-12 06:30:00,12.91,61.49,42.48,11.02,144.1,52.64,0.14,78.49,1.58,61.94,2022,AIIMS,Quarterly,0,0
2022-01-12 06:45:00,14.2,63.04,44.32,11.13,144.1,52.64,0.14,104.76,1.61,63.53,2022,AIIMS,Quarterly,0,0
2022-01-12 07:00:00,15.97,64.05,46.27,11.27,144.1,52.64,0.16,125.07,1.66,64.97,2022,AIIMS,Quarterly,0,0
2022-01-12 07:15:00,18.79,64.97,49.01,11.42,156.69,55.35,0.21,59.72,1.72,66.3,2022,AIIMS,Quarterly,0,0
2022-01-12 07:30:00,21.8,65.27,51.58,11.04,207.05,66.19,0.45,17.9,1.76,67.76,2022,AIIMS,Quarterly,0,0
2022-01-12 07:45:00,23.48,61.03,50.71,10.9,207.05,66.19,0.37,30.88,1.76,69.15,2022,AIIMS,Quarterly,0,0
2022-01-12 08:00:00,24.45,61.45,51.71,10.94,207.05,66.19,0.43,21.3,1.76,70.94,2022,AIIMS,Quarterly,0,0
2022-01-12 08:15:00,25.26,62.28,52.8,13.86,200.54,66.22,0.33,17.84,1.77,71.8,2022,AIIMS,Quarterly,0,0
2022-01-12 08:30:00,25.97,62.99,53.74,10.45,174.53,66.33,0.27,32.88,1.78,71.72,2022,AIIMS,Quarterly,0,0
2022-01-12 08:45:00,26.67,62.72,54.15,10.58,174.53,66.33,0.31,26.6,1.8,71.47,2022,AIIMS,Quarterly,0,0
2022-01-12 09:00:00,27.32,64.34,55.52,11.4,174.53,66.33,0.35,7.07,1.82,71.89,2022,AIIMS,Quarterly,0,0
2022-01-12 09:15:00,28.6,65.37,57.09,12.09,182.61,67.8,0.25,2.02,1.89,69.8,2022,AIIMS,Quarterly,0,0
2022-01-12 09:30:00,29.86,68.47,59.72,12.55,214.95,73.28,0.21,1.89,1.95,69.52,2022,AIIMS,Quarterly,0,0
2022-01-12 09:45:00,30.01,71.6,61.47,12.07,214.95,73.28,0.08,117.66,1.99,70.29,2022,AIIMS,Quarterly,0,0
2022-01-12 10:00:00,28.94,74.04,63.0,12.04,214.95,73.28,0.18,31.08,1.98,71.68,2022,AIIMS,Quarterly,0,0
2022-01-12 10:15:00,27.66,79.24,63.69,12.06,200.96,72.46,0.13,39.3,1.97,72.37,2022,AIIMS,Quarterly,0,0
2022-01-12 10:30:00,26.83,79.58,63.29,11.49,145.01,69.19,0.07,79.21,1.94,72.87,2022,AIIMS,Quarterly,0,0
2022-01-12 10:45:00,25.0,79.32,61.6,11.41,145.01,69.19,0.18,44.58,1.89,73.09,2022,AIIMS,Quarterly,0,0
2022-01-12 11:00:00,23.08,77.86,59.19,11.39,145.01,69.19,0.22,10.9,1.85,73.67,2022,AIIMS,Quarterly,0,0
2022-01-12 11:15:00,22.24,72.16,55.53,4.96,133.35,67.2,0.16,28.39,1.76,74.63,2022,AIIMS,Quarterly,0,0
2022-01-12 11:30:00,21.47,73.57,55.65,9.17,86.72,59.27,0.28,23.04,1.8,74.98,2022,AIIMS,Quarterly,0,0
2022-01-12 11:45:00,20.8,70.9,53.72,9.64,86.72,59.27,0.02,276.21,1.76,73.19,2022,AIIMS,Quarterly,0,0
2022-01-12 12:00:00,20.15,67.75,51.55,10.28,86.72,59.27,0.12,170.47,1.74,69.66,2022,AIIMS,Quarterly,0,0
2022-01-12 12:15:00,19.24,73.88,54.03,10.23,86.16,58.41,0.14,269.53,1.72,70.52,2022,AIIMS,Quarterly,0,0
2022-01-12 12:30:00,17.62,72.46,51.99,10.42,83.91,55.19,0.25,28.21,1.7,67.29,2022,AIIMS,Quarterly,0,0
2022-01-12 12:45:00,15.27,75.55,51.72,10.63,83.91,55.19,0.06,196.33,1.67,64.7,2022,AIIMS,Quarterly,0,0
2022-01-12 13:00:00,12.97,77.9,51.1,10.93,83.91,55.19,0.07,150.43,1.63,64.12,2022,AIIMS,Quarterly,0,0
2022-01-12 13:15:00,10.58,79.24,50.49,10.64,82.0,54.13,0.56,219.26,1.59,65.04,2022,AIIMS,Quarterly,0,0
2022-01-12 13:30:00,8.64,82.67,50.12,10.9,74.34,49.92,0.39,246.39,1.56,66.07,2022,AIIMS,Quarterly,0,0
2022-01-12 13:45:00,6.99,83.25,49.1,10.8,74.34,49.92,0.58,227.51,1.54,66.59,2022,AIIMS,Quarterly,0,0
2022-01-12 14:00:00,5.41,82.84,47.62,11.22,74.34,49.92,0.16,229.98,1.52,66.71,2022,AIIMS,Quarterly,0,0
2022-01-12 14:15:00,3.86,79.63,45.63,15.39,80.17,49.99,0.09,310.56,1.48,65.77,2022,AIIMS,Quarterly,0,0
2022-01-12 14:30:00,2.81,78.18,43.69,13.31,103.46,50.24,0.17,310.04,1.49,67.52,2022,AIIMS,Quarterly,0,0
2022-01-12 14:45:00,2.2,72.36,39.56,10.39,103.46,50.24,0.31,29.42,1.47,68.88,2022,AIIMS,Quarterly,0,0
2022-01-12 15:00:00,1.7,66.17,35.94,9.15,103.46,50.24,0.45,32.54,1.45,66.87,2022,AIIMS,Quarterly,0,0
2022-01-12 15:15:00,1.37,62.35,33.67,9.33,100.28,49.3,0.29,20.32,1.44,63.64,2022,AIIMS,Quarterly,0,0
2022-01-12 15:30:00,1.11,62.8,33.7,9.51,87.55,45.76,0.25,28.79,1.44,61.52,2022,AIIMS,Quarterly,0,0
2022-01-12 15:45:00,0.96,66.8,35.67,9.88,87.55,45.76,0.01,134.32,1.43,62.81,2022,AIIMS,Quarterly,0,0
2022-01-12 16:00:00,0.93,65.17,34.8,10.84,87.55,45.76,0.08,51.83,1.41,60.63,2022,AIIMS,Quarterly,0,0
2022-01-12 16:15:00,0.95,65.94,35.21,10.93,83.42,45.22,0.12,153.48,1.41,58.56,2022,AIIMS,Quarterly,0,0
2022-01-12 16:30:00,0.94,67.32,35.92,11.17,66.91,43.05,0.1,120.65,1.4,58.37,2022,AIIMS,Quarterly,0,0
2022-01-12 16:45:00,1.09,69.1,36.97,10.32,66.91,43.05,0.01,155.68,1.4,59.58,2022,AIIMS,Quarterly,0,0
2022-01-12 17:00:00,1.28,71.06,38.15,9.9,66.91,43.05,0.12,145.41,1.4,60.95,2022,AIIMS,Quarterly,0,0
2022-01-12 17:15:00,1.42,71.79,38.65,5.6,71.31,42.28,0.2,124.71,1.35,61.82,2022,AIIMS,Quarterly,0,0
2022-01-12 17:30:00,2.39,73.77,40.46,9.52,88.89,39.42,0.18,129.74,1.46,62.95,2022,AIIMS,Quarterly,0,0
2022-01-12 17:45:00,4.27,77.83,44.08,10.58,88.89,39.42,0.19,145.22,1.54,64.98,2022,AIIMS,Quarterly,0,0
2022-01-12 18:00:00,4.71,76.83,43.92,10.68,88.89,39.42,0.23,128.6,1.55,67.73,2022,AIIMS,Quarterly,0,0
2022-01-12 18:15:00,5.12,69.65,40.5,9.14,94.24,39.67,0.21,130.28,1.59,66.48,2022,AIIMS,Quarterly,0,0
2022-01-12 18:30:00,5.89,74.0,43.39,9.83,115.62,40.62,0.25,136.78,1.63,67.75,2022,AIIMS,Quarterly,0,0
2022-01-12 18:45:00,6.25,71.3,42.26,8.91,115.62,40.62,0.21,142.47,1.66,66.3,2022,AIIMS,Quarterly,0,0
2022-01-12 19:00:00,7.0,75.62,45.12,9.27,115.62,40.62,0.22,127.63,1.72,67.71,2022,AIIMS,Quarterly,0,0
2022-01-12 19:15:00,12.67,70.57,47.92,9.59,122.54,41.27,0.19,121.0,1.88,66.41,2022,AIIMS,Quarterly,0,0
2022-01-12 19:30:00,16.66,75.11,52.6,10.12,150.23,43.67,0.21,108.89,2.02,66.55,2022,AIIMS,Quarterly,0,0
2022-01-12 19:45:00,19.84,78.41,58.07,10.0,150.23,43.67,0.17,103.8,2.14,67.5,2022,AIIMS,Quarterly,0,0
2022-01-12 20:00:00,24.53,85.57,64.38,10.59,150.23,43.67,0.18,104.1,2.29,69.78,2022,AIIMS,Quarterly,0,0
2022-01-12 20:15:00,28.56,88.32,69.05,10.66,155.37,45.33,0.19,110.93,2.42,71.94,2022,AIIMS,Quarterly,0,0
2022-01-12 20:30:00,31.75,91.57,73.31,10.58,175.95,51.52,0.19,107.39,2.49,74.89,2022,AIIMS,Quarterly,0,0
2022-01-12 20:45:00,34.26,92.47,75.79,11.18,175.95,51.52,0.2,100.95,2.58,75.43,2022,AIIMS,Quarterly,0,0
2022-01-12 21:00:00,36.85,93.27,78.28,11.02,175.95,51.52,0.2,90.81,2.69,76.52,2022,AIIMS,Quarterly,0,0
2022-01-12 21:15:00,41.29,94.6,82.53,11.17,175.95,54.88,0.14,101.96,2.8,79.51,2022,AIIMS,Quarterly,0,0
2022-01-12 21:30:00,44.8,89.98,82.94,10.16,257.62,67.43,0.14,92.66,2.86,81.76,2022,AIIMS,Quarterly,0,0
2022-01-12 21:45:00,47.2,90.55,85.16,10.34,257.62,67.43,0.14,110.25,2.93,84.33,2022,AIIMS,Quarterly,0,0
2022-01-12 22:00:00,48.77,86.69,84.41,10.1,257.62,67.43,0.14,85.82,2.97,83.14,2022,AIIMS,Quarterly,0,0
2022-01-12 22:15:00,49.51,86.35,84.82,9.98,203.71,67.93,0.15,93.58,2.99,82.7,2022,AIIMS,Quarterly,0,0
2022-01-12 22:30:00,49.46,87.84,85.56,10.22,203.71,69.8,0.13,97.16,2.9800000000000004,82.23,2022,AIIMS,Quarterly,1,1
2022-01-12 22:45:00,46.88,85.54,82.29,10.51,203.71,69.8,0.13,110.88,2.97,79.92,2022,AIIMS,Quarterly,0,0
2022-01-12 23:00:00,44.24,85.52,80.16,10.74,203.71,69.8,0.17,98.19,2.91,76.76,2022,AIIMS,Quarterly,0,0
2022-01-12 23:15:00,42.25,88.02,79.87,5.05,187.09,68.46,0.11,83.84,2.66,76.22,2022,AIIMS,Quarterly,0,0
2022-01-12 23:30:00,41.69,90.2,80.56,9.03,120.59,63.46,0.14,118.57,2.75,77.06,2022,AIIMS,Quarterly,0,0
2022-01-12 23:45:00,43.3,91.61,82.59,9.78,120.59,63.46,0.19,93.83,2.71,78.73,2022,AIIMS,Quarterly,0,0
2023-01-01 00:15:00,18.98,57.32,45.84,9.86,67.73,30.4,0.38,81.52,1.24,65.62,2023,AIIMS,Quarterly,0,0
2023-01-01 00:30:00,18.55,60.01,46.91,10.26,67.73,30.4,0.34,91.57,1.24,73.25,2023,AIIMS,Quarterly,0,0
2023-01-01 00:45:00,17.2,56.79,44.14,10.96,90.39,28.85,0.45,79.46,1.24,69.96,2023,AIIMS,Quarterly,0,0
2023-01-01 01:00:00,16.84,57.02,43.97,11.15,96.45,28.43,0.35,77.79,1.22,66.29,2023,AIIMS,Quarterly,0,0
2023-01-01 01:15:00,15.49,59.01,43.93,10.63,96.45,28.43,0.37,82.95,1.2,65.08,2023,AIIMS,Quarterly,0,0
2023-01-01 01:30:00,13.9,60.83,43.6,10.62,96.45,28.43,0.38,83.64,1.19,65.18,2023,AIIMS,Quarterly,0,0
2023-01-01 01:45:00,12.49,61.89,43.03,10.93,88.82,31.3,0.36,73.9,1.18,65.67,2023,AIIMS,Quarterly,0,0
2023-01-01 02:00:00,11.35,62.69,42.53,10.83,86.78,32.12,0.39,77.81,1.15,66.1,2023,AIIMS,Quarterly,0,0
2023-01-01 02:15:00,10.34,62.89,41.83,11.11,86.78,32.12,0.37,69.11,1.11,66.46,2023,AIIMS,Quarterly,0,0
2023-01-01 02:30:00,9.49,62.7,41.05,11.01,86.78,32.12,0.34,64.51,1.1,66.59,2023,AIIMS,Quarterly,0,0
2023-01-01 02:45:00,8.82,62.88,40.6,11.05,76.51,31.67,0.33,85.35,1.11,68.71,2023,AIIMS,Quarterly,0,0
2023-01-01 03:00:00,8.53,58.83,38.25,9.76,73.58,31.54,0.29,88.69,1.09,70.62,2023,AIIMS,Quarterly,0,0
2023-01-01 03:15:00,8.46,58.99,38.28,10.08,73.58,31.54,0.24,70.46,1.08,72.44,2023,AIIMS,Quarterly,0,0
2023-01-01 03:30:00,8.44,58.66,38.1,9.69,73.58,31.54,0.23,104.19,1.06,72.22,2023,AIIMS,Quarterly,0,0
2023-01-01 03:45:00,8.51,58.25,37.93,10.06,78.68,31.24,0.21,89.06,1.05,71.26,2023,AIIMS,Quarterly,0,0
2023-01-01 04:00:00,8.6,58.59,38.19,10.45,80.04,31.15,0.19,100.41,1.04,71.65,2023,AIIMS,Quarterly,0,0
2023-01-01 04:15:00,8.84,56.4,37.23,10.51,80.04,31.15,0.18,85.93,1.05,68.14,2023,AIIMS,Quarterly,0,0
2023-01-01 04:30:00,9.34,57.97,38.45,10.75,80.04,31.15,0.18,72.95,1.07,65.33,2023,AIIMS,Quarterly,0,0
2023-01-01 04:45:00,9.58,59.68,39.54,11.13,99.69,34.51,0.27,99.01,1.09,64.86,2023,AIIMS,Quarterly,0,0
2023-01-01 05:00:00,9.87,61.04,40.49,11.15,104.94,35.46,0.31,94.57,1.12,65.38,2023,AIIMS,Quarterly,0,0
2023-01-01 05:15:00,10.35,62.27,41.51,7.25,104.94,35.46,0.37,83.12,1.15,66.27,2023,AIIMS,Quarterly,0,0
2023-01-01 05:30:00,10.9,62.94,42.3,11.89,104.94,35.46,0.4,80.69,1.22,66.85,2023,AIIMS,Quarterly,0,0
2023-01-01 05:45:00,11.33,63.03,42.69,13.43,128.45,42.49,0.35,91.2,1.26,67.27,2023,AIIMS,Quarterly,0,0
2023-01-01 06:00:00,11.51,63.0,42.82,13.24,135.17,44.49,0.34,86.56,1.29,68.09,2023,AIIMS,Quarterly,0,0
2023-01-01 06:15:00,11.56,60.96,41.8,12.56,135.17,44.49,0.28,95.24,1.3,70.56,2023,AIIMS,Quarterly,0,0
2023-01-01 06:30:00,11.64,60.02,41.37,11.63,135.17,44.49,0.38,76.89,1.29,73.87,2023,AIIMS,Quarterly,0,0
2023-01-01 06:45:00,11.67,59.47,41.1,11.58,133.05,46.46,0.42,82.73,1.28,74.44,2023,AIIMS,Quarterly,0,0
2023-01-01 07:00:00,11.66,59.22,40.97,11.17,132.48,47.02,0.36,75.19,1.27,74.2,2023,AIIMS,Quarterly,0,0
2023-01-01 07:15:00,11.67,58.39,40.54,11.35,132.48,47.02,0.43,72.1,1.26,73.62,2023,AIIMS,Quarterly,0,0
2023-01-01 07:30:00,11.79,59.18,41.05,11.61,132.48,47.02,0.36,65.93,1.27,73.58,2023,AIIMS,Quarterly,0,0
2023-01-01 07:45:00,12.04,60.06,41.71,12.04,113.97,45.74,0.44,60.93,1.3,70.46,2023,AIIMS,Quarterly,0,0
2023-01-01 08:00:00,12.27,60.67,42.21,13.15,109.02,45.4,0.44,61.39,1.31,67.88,2023,AIIMS,Quarterly,0,0
2023-01-01 08:15:00,12.39,60.96,42.46,13.97,109.02,45.4,0.56,55.12,1.33,67.52,2023,AIIMS,Quarterly,0,0
2023-01-01 08:30:00,12.53,61.87,43.05,14.97,109.02,45.4,0.43,50.98,1.37,68.02,2023,AIIMS,Quarterly,0,0
2023-01-01 08:45:00,12.93,62.89,43.9,15.39,113.7,44.65,0.38,64.73,1.39,68.9,2023,AIIMS,Quarterly,0,0
2023-01-01 09:00:00,13.57,64.35,45.18,16.52,114.96,44.44,0.63,41.74,1.42,70.1,2023,AIIMS,Quarterly,0,0
2023-01-01 09:15:00,14.71,67.57,47.77,21.0,114.96,44.44,0.71,37.09,1.45,71.9,2023,AIIMS,Quarterly,0,0
2023-01-01 09:30:00,15.74,69.3,49.51,20.0,114.96,44.44,0.58,46.03,1.47,72.97,2023,AIIMS,Quarterly,0,0
2023-01-01 09:45:00,16.2,68.17,49.29,16.07,116.44,47.5,0.62,23.89,1.46,75.35,2023,AIIMS,Quarterly,0,0
2023-01-01 10:00:00,16.48,67.94,49.38,15.08,116.84,48.38,0.3,73.58,1.46,77.04,2023,AIIMS,Quarterly,0,0
2023-01-01 10:15:00,16.23,65.42,47.87,13.19,116.84,48.38,0.28,73.87,1.42,75.18,2023,AIIMS,Quarterly,0,0
2023-01-01 10:30:00,15.52,66.0,47.61,12.96,116.84,48.38,0.17,59.05,1.4,73.98,2023,AIIMS,Quarterly,0,0
2023-01-01 10:45:00,14.91,65.74,46.98,11.99,96.46,45.79,0.26,76.13,1.38,72.78,2023,AIIMS,Quarterly,0,0
2023-01-01 11:00:00,13.91,64.41,45.48,12.55,91.01,45.1,0.46,56.32,1.34,70.09,2023,AIIMS,Quarterly,0,0
2023-01-01 11:15:00,12.19,65.72,44.79,8.42,91.01,45.1,0.36,57.49,1.25,66.09,2023,AIIMS,Quarterly,0,0
2023-01-01 11:30:00,11.04,68.71,45.43,13.89,91.01,45.1,0.35,42.74,1.27,65.04,2023,AIIMS,Quarterly,0,0
2023-01-01 11:45:00,9.79,70.1,45.15,14.81,70.72,39.21,0.22,64.99,1.24,64.59,2023,AIIMS,Quarterly,0,0
2023-01-01 12:00:00,8.83,70.76,44.73,13.56,65.29,37.63,0.16,104.92,1.22,65.11,2023,AIIMS,Quarterly,0,0
2023-01-01 12:15:00,7.73,71.13,44.04,13.8,65.29,37.63,0.43,36.21,1.17,65.48,2023,AIIMS,Quarterly,0,0
2023-01-01 12:30:00,6.86,71.23,43.39,14.11,65.29,37.63,0.53,23.64,1.14,65.41,2023,AIIMS,Quarterly,0,0
2023-01-01 12:45:00,6.07,71.03,42.65,14.14,50.26,32.58,0.48,29.59,1.11,65.27,2023,AIIMS,Quarterly,0,0
2023-01-01 13:00:00,5.36,70.63,41.88,13.86,46.24,31.23,0.23,58.75,1.09,67.7,2023,AIIMS,Quarterly,0,0
2023-01-01 13:15:00,4.84,67.37,39.76,12.53,46.24,31.23,0.16,25.67,1.05,70.6,2023,AIIMS,Quarterly,0,0
2023-01-01 13:30:00,4.43,65.39,38.39,11.91,46.24,31.23,0.31,44.61,1.03,70.28,2023,AIIMS,Quarterly,0,0
2023-01-01 13:45:00,4.2,65.31,38.17,12.17,51.29,30.15,0.18,98.26,1.01,69.35,2023,AIIMS,Quarterly,0,0
2023-01-01 14:00:00,3.87,64.31,37.38,12.34,52.64,29.84,0.29,140.73,0.99,68.79,2023,AIIMS,Quarterly,0,0
2023-01-01 14:15:00,3.56,63.38,36.65,12.56,52.64,29.84,0.41,135.39,0.97,68.8,2023,AIIMS,Quarterly,0,0
2023-01-01 14:30:00,3.42,64.39,37.06,13.46,52.64,29.84,0.38,55.48,0.96,67.1,2023,AIIMS,Quarterly,0,0
2023-01-01 14:45:00,3.51,67.03,38.51,17.81,47.08,29.49,0.4,36.44,0.96,63.53,2023,AIIMS,Quarterly,0,0
2023-01-01 15:00:00,3.73,68.94,39.68,16.76,45.6,29.39,0.6,22.57,0.97,62.14,2023,AIIMS,Quarterly,0,0
2023-01-01 15:15:00,3.74,69.92,40.21,21.2,45.6,29.39,0.44,26.5,0.96,61.81,2023,AIIMS,Quarterly,0,0
2023-01-01 15:30:00,3.78,70.68,40.63,19.9,45.6,29.39,0.66,26.18,0.96,62.03,2023,AIIMS,Quarterly,0,0
2023-01-01 15:45:00,3.75,71.47,41.03,25.05,56.63,30.11,0.65,17.09,0.96,62.07,2023,AIIMS,Quarterly,0,0
2023-01-01 16:00:00,3.68,71.26,40.86,21.68,59.59,30.31,0.57,22.36,0.95,62.31,2023,AIIMS,Quarterly,0,0
2023-01-01 16:15:00,4.2,73.36,42.37,19.91,59.59,30.31,0.58,29.71,0.96,64.3,2023,AIIMS,Quarterly,0,0
2023-01-01 16:30:00,3.5,71.08,40.62,15.5,59.59,30.31,0.5,35.0,0.94,66.33,2023,AIIMS,Quarterly,0,0
2023-01-01 16:45:00,3.13,67.38,38.39,12.89,54.72,28.02,0.36,56.96,0.93,67.37,2023,AIIMS,Quarterly,0,0
2023-01-01 17:00:00,3.06,65.07,37.13,12.41,53.41,27.4,0.44,60.91,0.92,66.22,2023,AIIMS,Quarterly,0,0
2023-01-01 17:15:00,2.93,64.92,36.95,8.7,53.41,27.4,0.48,62.46,0.88,66.12,2023,AIIMS,Quarterly,0,0
2023-01-01 17:30:00,2.83,65.15,36.98,12.45,53.41,27.4,0.33,83.32,0.91,66.54,2023,AIIMS,Quarterly,0,0
2023-01-01 17:45:00,2.87,65.47,37.18,14.97,55.22,26.79,0.36,74.74,0.9,67.14,2023,AIIMS,Quarterly,0,0
2023-01-01 18:00:00,3.02,65.89,37.52,15.36,55.7,26.63,0.4,83.93,0.93,63.78,2023,AIIMS,Quarterly,0,0
2023-01-01 18:15:00,3.06,67.46,38.38,16.73,55.7,26.63,0.41,57.44,0.94,60.93,2023,AIIMS,Quarterly,0,0
2023-01-01 18:30:00,3.16,67.7,38.59,15.09,55.7,26.63,0.3,92.36,0.96,60.17,2023,AIIMS,Quarterly,0,0
2023-01-01 18:45:00,4.79,72.76,42.53,16.35,55.37,25.79,0.3,88.22,1.0,62.88,2023,AIIMS,Quarterly,0,0
2023-01-01 19:00:00,4.16,70.69,40.94,14.04,55.28,25.56,0.25,100.47,1.01,62.19,2023,AIIMS,Quarterly,0,0
2023-01-01 19:15:00,4.31,70.57,41.0,13.97,55.28,25.56,0.25,91.0,1.07,62.62,2023,AIIMS,Quarterly,0,0
2023-01-01 19:30:00,6.68,74.28,44.84,13.4,55.28,25.56,0.21,95.68,1.14,64.48,2023,AIIMS,Quarterly,0,0
2023-01-01 19:45:00,11.11,77.02,50.55,13.27,76.63,29.14,0.21,93.33,1.22,68.65,2023,AIIMS,Quarterly,0,0
2023-01-01 20:00:00,10.02,74.12,47.44,12.21,82.34,30.1,0.17,115.81,1.24,70.67,2023,AIIMS,Quarterly,0,0
2023-01-01 20:15:00,10.13,71.42,46.11,11.61,82.34,30.1,0.22,108.1,1.29,71.44,2023,AIIMS,Quarterly,0,0
2023-01-01 20:30:00,10.82,69.63,45.73,10.97,82.34,30.1,0.19,119.54,1.35,70.37,2023,AIIMS,Quarterly,0,0
2023-01-01 20:45:00,11.39,68.86,45.79,11.25,107.2,36.47,0.26,115.24,1.4,68.2,2023,AIIMS,Quarterly,0,0
2023-01-01 21:00:00,11.86,71.1,47.33,11.39,113.85,38.18,0.19,118.03,1.46,68.91,2023,AIIMS,Quarterly,0,0
2023-01-01 21:15:00,12.84,69.19,47.12,12.38,113.85,38.18,0.18,101.43,1.55,67.49,2023,AIIMS,Quarterly,0,0
2023-01-01 21:30:00,13.77,70.53,48.57,13.94,113.85,38.18,0.17,104.84,1.63,65.1,2023,AIIMS,Quarterly,0,0
2023-01-01 21:45:00,14.06,72.77,49.97,13.82,128.72,45.4,0.2,118.53,1.69,64.34,2023,AIIMS,Quarterly,0,0
2023-01-01 22:00:00,14.02,74.51,50.85,13.96,132.7,47.33,0.18,104.9,1.75,65.17,2023,AIIMS,Quarterly,0,0
2023-01-01 22:15:00,14.11,75.37,51.37,13.27,132.7,47.33,0.24,111.37,1.78,66.12,2023,AIIMS,Quarterly,0,0
2023-01-01 22:30:00,14.89,75.94,52.29,13.44,132.7,47.33,0.24,100.65,1.8,67.01,2023,AIIMS,Quarterly,0,0
2023-01-01 22:45:00,15.24,75.91,52.56,13.56,133.01,47.69,0.23,102.66,1.8,67.59,2023,AIIMS,Quarterly,0,0
2023-01-01 23:00:00,14.63,75.18,51.69,14.15,133.1,47.78,0.34,91.22,1.78,67.92,2023,AIIMS,Quarterly,0,0
2023-01-01 23:15:00,13.71,74.29,50.48,8.27,133.1,47.78,0.42,65.25,1.64,69.49,2023,AIIMS,Quarterly,0,0
2023-01-01 23:30:00,13.34,71.11,48.52,12.15,133.1,47.78,0.34,73.64,1.69,71.86,2023,AIIMS,Quarterly,0,0
2023-01-01 23:45:00,13.35,70.97,48.46,11.31,131.5,51.85,0.35,73.51,1.67,72.95,2023,AIIMS,Quarterly,0,0
2023-01-02 00:15:00,6.56,76.59,45.48,14.43,87.46,38.54,0.96,43.31,1.18,53.87,2023,AIIMS,Quarterly,0,0
2023-01-02 00:30:00,5.77,74.82,43.92,14.98,87.46,38.54,0.8,51.03,1.14,57.72,2023,AIIMS,Quarterly,0,0
2023-01-02 00:45:00,4.94,73.3,42.46,15.68,86.56,37.71,1.04,49.79,1.04,57.38,2023,AIIMS,Quarterly,0,0
2023-01-02 01:00:00,4.35,72.36,41.49,12.44,78.53,30.24,0.92,46.42,1.02,57.4,2023,AIIMS,Quarterly,0,0
2023-01-02 01:15:00,3.94,74.88,43.05,9.85,78.53,30.24,0.8,50.09,1.0,59.32,2023,AIIMS,Quarterly,0,0
2023-01-02 01:30:00,3.55,76.75,43.47,9.11,78.53,30.24,0.8,49.47,0.96,63.23,2023,AIIMS,Quarterly,0,0
2023-01-02 01:45:00,3.34,67.52,38.15,8.23,76.45,30.0,0.9,49.79,0.92,60.49,2023,AIIMS,Quarterly,0,0
2023-01-02 02:00:00,3.13,63.0,35.62,8.54,57.74,27.86,0.79,55.94,0.9,57.9,2023,AIIMS,Quarterly,0,0
2023-01-02 02:15:00,3.06,66.02,37.15,8.69,57.74,27.86,0.73,55.14,0.87,60.3,2023,AIIMS,Quarterly,0,0
2023-01-02 02:30:00,3.09,66.99,37.67,8.3,57.74,27.86,0.75,47.53,0.86,62.88,2023,AIIMS,Quarterly,0,0
2023-01-02 02:45:00,3.07,61.51,34.8,11.87,57.03,27.52,0.66,51.94,0.82,59.23,2023,AIIMS,Quarterly,0,0
2023-01-02 03:00:00,3.21,60.06,34.15,10.9,50.71,24.47,0.7,55.35,0.81,54.77,2023,AIIMS,Quarterly,0,0
2023-01-02 03:15:00,3.28,61.08,34.74,9.77,50.71,24.47,0.6,52.79,0.79,54.38,2023,AIIMS,Quarterly,0,0
2023-01-02 03:30:00,3.32,62.35,35.43,9.69,50.71,24.47,0.58,61.82,0.79,55.25,2023,AIIMS,Quarterly,0,0
2023-01-02 03:45:00,3.42,63.84,36.3,12.88,50.71,24.64,0.57,61.73,0.78,56.3,2023,AIIMS,Quarterly,0,0
2023-01-02 04:00:00,3.68,66.16,37.72,16.62,50.72,26.21,0.82,48.9,0.78,57.15,2023,AIIMS,Quarterly,0,0
2023-01-02 04:15:00,3.91,66.95,38.31,16.77,50.72,26.21,0.85,40.15,0.79,57.75,2023,AIIMS,Quarterly,0,0
2023-01-02 04:30:00,4.33,68.55,39.49,13.62,50.72,26.21,0.68,58.63,0.8,58.45,2023,AIIMS,Quarterly,0,0
2023-01-02 04:45:00,4.67,71.11,41.09,11.15,51.74,26.15,0.84,50.43,0.81,61.46,2023,AIIMS,Quarterly,0,0
2023-01-02 05:00:00,4.89,66.29,38.76,9.32,60.94,25.68,0.67,46.55,0.78,61.16,2023,AIIMS,Quarterly,0,0
2023-01-02 05:15:00,4.89,60.2,35.57,4.96,60.94,25.68,0.56,66.87,0.75,57.59,2023,AIIMS,Quarterly,0,0
2023-01-02 05:30:00,4.93,59.7,35.34,8.47,60.94,25.68,0.58,66.73,0.78,57.4,2023,AIIMS,Quarterly,0,0
2023-01-02 05:45:00,5.08,62.71,37.03,9.36,60.89,25.59,0.52,71.95,0.77,60.42,2023,AIIMS,Quarterly,0,0
2023-01-02 06:00:00,5.35,64.03,37.94,9.79,60.39,24.76,0.42,74.71,0.77,62.47,2023,AIIMS,Quarterly,0,0
2023-01-02 06:15:00,5.84,62.97,37.78,9.83,60.39,24.76,0.38,82.64,0.79,60.53,2023,AIIMS,Quarterly,0,0
2023-01-02 06:30:00,6.36,64.73,39.12,10.13,60.39,24.76,0.41,57.17,0.81,58.28,2023,AIIMS,Quarterly,0,0
2023-01-02 06:45:00,7.02,66.34,40.49,10.47,61.37,24.86,0.42,64.91,0.81,58.63,2023,AIIMS,Quarterly,0,0
2023-01-02 07:00:00,7.37,67.55,41.4,10.52,70.18,25.7,0.42,71.94,0.82,59.25,2023,AIIMS,Quarterly,0,0
2023-01-02 07:15:00,7.51,68.02,41.76,10.28,70.18,25.7,0.46,71.36,0.82,60.21,2023,AIIMS,Quarterly,0,0
2023-01-02 07:30:00,7.66,69.18,42.48,11.1,70.18,25.7,0.36,76.83,0.83,60.68,2023,AIIMS,Quarterly,0,0
2023-01-02 07:45:00,8.35,70.37,43.66,10.23,70.9,26.05,0.37,55.79,0.84,61.28,2023,AIIMS,Quarterly,0,0
2023-01-02 08:00:00,10.49,72.95,46.73,12.18,77.37,29.21,0.42,51.19,0.89,62.93,2023,AIIMS,Quarterly,0,0
2023-01-02 08:15:00,12.24,77.44,50.48,10.66,77.37,29.21,0.25,40.33,0.92,67.87,2023,AIIMS,Quarterly,0,0
2023-01-02 08:30:00,14.09,71.25,48.72,10.12,77.37,29.21,0.44,54.2,0.92,68.36,2023,AIIMS,Quarterly,0,0
2023-01-02 08:45:00,15.58,64.9,46.6,10.3,79.7,29.96,0.29,56.05,0.94,64.85,2023,AIIMS,Quarterly,0,0
2023-01-02 09:00:00,16.97,65.43,47.99,10.42,100.58,36.69,0.23,92.58,0.98,64.26,2023,AIIMS,Quarterly,0,0
2023-01-02 09:15:00,18.48,68.35,50.73,10.74,100.58,36.69,0.33,68.58,1.0,66.6,2023,AIIMS,Quarterly,0,0
2023-01-02 09:30:00,19.8,72.19,53.79,10.74,100.58,36.69,0.55,76.59,1.01,69.36,2023,AIIMS,Quarterly,0,0
2023-01-02 09:45:00,19.75,74.28,54.84,11.42,99.41,36.28,0.35,52.89,1.03,66.4,2023,AIIMS,Quarterly,0,0
2023-01-02 10:00:00,19.33,77.14,56.0,10.85,88.85,32.64,0.46,69.95,1.05,64.37,2023,AIIMS,Quarterly,0,0
2023-01-02 10:15:00,18.11,79.04,56.08,15.06,88.85,32.64,0.66,37.93,1.07,64.49,2023,AIIMS,Quarterly,0,0
2023-01-02 10:30:00,17.24,81.7,56.71,17.71,88.85,32.64,0.47,56.29,1.07,65.55,2023,AIIMS,Quarterly,0,0
2023-01-02 10:45:00,16.59,84.36,57.58,14.76,88.32,32.67,0.49,38.85,1.09,65.85,2023,AIIMS,Quarterly,0,0
2023-01-02 11:00:00,18.58,90.66,62.47,25.08,83.6,32.98,0.77,38.98,1.08,67.32,2023,AIIMS,Quarterly,0,0
2023-01-02 11:15:00,20.58,101.92,69.95,6.12,83.6,32.98,0.54,30.55,1.12,63.16,2023,AIIMS,Quarterly,0,0
2023-01-02 11:30:00,14.21,104.87,66.38,92.46,83.6,32.98,0.41,33.33,1.17,55.72,2023,AIIMS,Quarterly,0,0
2023-01-02 11:45:00,8.42,104.04,61.31,71.89,84.01,32.98,0.76,16.81,0.96,54.57,2023,AIIMS,Quarterly,0,0
2023-01-02 12:00:00,5.72,92.1,52.9,47.13,87.72,32.98,0.75,1.74,0.84,47.96,2023,AIIMS,Quarterly,0,0
2023-01-02 12:15:00,1.89,89.11,48.27,26.28,87.72,32.98,0.78,39.29,0.83,45.97,2023,AIIMS,Quarterly,0,0
2023-01-02 12:30:00,1.75,84.77,45.89,20.35,87.72,32.98,0.9,26.15,0.82,45.69,2023,AIIMS,Quarterly,0,0
2023-01-02 12:45:00,2.22,79.01,43.79,16.83,87.74,32.81,0.89,16.8,0.82,46.49,2023,AIIMS,Quarterly,0,0
2023-01-02 13:00:00,2.77,75.67,41.96,18.07,87.93,31.22,0.77,30.21,0.8,46.99,2023,AIIMS,Quarterly,0,0
2023-01-02 13:15:00,3.17,72.24,40.49,16.48,87.93,31.22,0.86,22.7,0.81,45.53,2023,AIIMS,Quarterly,0,0
2023-01-02 13:30:00,3.53,71.39,40.33,15.06,87.93,31.22,0.68,19.99,0.81,45.85,2023,AIIMS,Quarterly,0,0
2023-01-02 13:45:00,9.48,69.55,45.86,18.94,85.67,30.8,1.01,17.18,0.77,44.81,2023,AIIMS,Quarterly,0,0
2023-01-02 14:00:00,10.35,64.15,43.83,27.48,65.33,26.96,0.92,20.27,0.7,37.92,2023,AIIMS,Quarterly,0,0
2023-01-02 14:15:00,8.3,58.83,38.22,26.2,65.33,26.96,0.68,55.74,0.45,31.97,2023,AIIMS,Quarterly,0,0
2023-01-02 14:30:00,8.44,64.24,42.04,21.85,65.33,26.96,0.78,43.3,0.56,31.32,2023,AIIMS,Quarterly,0,0
2023-01-02 14:45:00,5.97,50.77,31.52,28.39,65.04,26.62,0.67,34.58,0.54,27.59,2023,AIIMS,Quarterly,0,0
2023-01-02 15:00:00,3.35,56.67,32.5,18.53,62.44,23.54,0.64,27.09,0.61,29.08,2023,AIIMS,Quarterly,0,0
2023-01-02 15:15:00,1.86,60.86,33.49,13.17,62.44,23.54,0.51,11.99,0.6,33.06,2023,AIIMS,Quarterly,0,0
2023-01-02 15:30:00,2.65,61.45,34.43,12.96,62.44,23.54,0.54,29.26,0.6,37.49,2023,AIIMS,Quarterly,0,0
2023-01-02 15:45:00,2.83,61.48,34.59,12.21,61.55,23.34,0.66,47.73,0.61,40.19,2023,AIIMS,Quarterly,0,0
2023-01-02 16:00:00,3.09,61.86,34.99,9.39,53.5,21.51,0.76,18.68,0.59,43.91,2023,AIIMS,Quarterly,0,0
2023-01-02 16:15:00,1.92,59.84,33.0,8.18,53.5,21.51,0.5,24.36,0.57,46.87,2023,AIIMS,Quarterly,0,0
2023-01-02 16:30:00,2.11,58.35,32.37,10.31,53.5,21.51,0.47,23.93,0.57,48.61,2023,AIIMS,Quarterly,0,0
2023-01-02 16:45:00,2.49,59.4,33.23,10.57,52.11,20.89,0.45,31.83,0.58,47.74,2023,AIIMS,Quarterly,0,0
2023-01-02 17:00:00,2.92,60.38,34.08,8.15,39.59,15.25,0.45,21.87,0.6,47.41,2023,AIIMS,Quarterly,0,0
2023-01-02 17:15:00,3.25,61.89,35.14,6.63,39.59,15.25,0.02,214.08,0.6,48.95,2023,AIIMS,Quarterly,0,0
2023-01-02 17:30:00,8.4,67.24,55.52,15.28,39.59,15.25,0.13,96.23,0.94,56.3,2023,AIIMS,Quarterly,0,0
2023-01-02 17:45:00,6.9,115.13,65.89,11.43,39.68,15.11,0.2,143.46,1.01,56.47,2023,AIIMS,Quarterly,0,0
2023-01-02 18:00:00,4.96,111.03,62.19,11.91,40.56,13.85,0.2,108.84,1.02,54.48,2023,AIIMS,Quarterly,0,0
2023-01-02 18:15:00,5.42,106.89,60.39,12.21,40.56,13.85,0.16,102.22,1.05,54.66,2023,AIIMS,Quarterly,0,0
2023-01-02 18:30:00,6.51,102.82,59.14,12.13,40.56,13.85,0.28,145.05,1.06,58.47,2023,AIIMS,Quarterly,0,0
2023-01-02 18:45:00,7.52,97.35,57.09,10.97,42.88,14.32,0.19,131.67,1.07,61.21,2023,AIIMS,Quarterly,0,0
2023-01-02 19:00:00,8.64,93.21,55.82,10.52,61.39,18.49,0.19,122.17,1.08,61.58,2023,AIIMS,Quarterly,0,0
2023-01-02 19:15:00,13.16,91.54,58.58,10.74,61.39,18.49,0.11,119.45,1.15,64.2,2023,AIIMS,Quarterly,0,0
2023-01-02 19:30:00,20.45,90.86,64.07,10.91,61.39,18.49,0.15,136.61,1.23,68.23,2023,AIIMS,Quarterly,0,0
2023-01-02 19:45:00,32.77,78.53,72.02,10.76,76.27,19.49,0.15,122.94,1.31,70.24,2023,AIIMS,Quarterly,0,0
2023-01-02 20:00:00,61.86,43.56,98.59,11.42,210.16,28.46,0.19,111.95,1.58,75.65,2023,AIIMS,Quarterly,0,0
2023-01-02 20:15:00,88.66,96.25,121.58,12.07,210.16,28.46,0.17,111.32,1.99,82.69,2023,AIIMS,Quarterly,0,0
2023-01-02 20:30:00,114.0,100.07,143.9,12.07,210.16,28.46,0.15,130.28,2.32,93.36,2023,AIIMS,Quarterly,0,0
2023-01-02 20:45:00,127.14,100.1,154.45,12.4,210.16,30.65,0.13,132.47,2.48,97.33,2023,AIIMS,Quarterly,0,0
2023-01-02 21:00:00,132.32,99.16,158.12,12.24,319.82,50.33,0.08,190.58,2.5,98.73,2023,AIIMS,Quarterly,0,0
2023-01-02 21:15:00,139.31,97.35,162.77,12.22,319.82,50.33,0.1,149.58,2.52,103.01,2023,AIIMS,Quarterly,0,0
2023-01-02 21:30:00,149.8,97.33,171.18,12.54,319.82,50.33,0.09,208.18,2.59,105.58,2023,AIIMS,Quarterly,0,0
2023-01-02 21:45:00,161.21,97.52,180.43,12.64,320.28,51.98,0.62,223.47,2.63,109.91,2023,AIIMS,Quarterly,0,0
2023-01-02 22:00:00,168.72,94.28,184.75,12.41,324.45,66.81,0.94,221.15,2.61,115.21,2023,AIIMS,Quarterly,0,0
2023-01-02 22:15:00,172.71,87.41,184.37,11.76,324.45,66.81,0.14,169.57,2.59,115.2,2023,AIIMS,Quarterly,0,0
2023-01-02 22:30:00,173.38,84.59,183.43,11.98,324.45,66.81,0.41,87.43,2.55,113.94,2023,AIIMS,Quarterly,0,0
2023-01-02 22:45:00,169.43,85.7,180.84,12.28,189.58,65.91,0.32,77.73,2.5,114.15,2023,AIIMS,Quarterly,0,0
2023-01-02 23:00:00,164.41,84.75,176.32,12.62,189.58,57.73,0.31,91.74,2.44,114.36,2023,AIIMS,Quarterly,0,0
2023-01-02 23:15:00,154.07,82.52,166.86,4.46,189.58,57.73,0.24,100.94,2.28,110.47,2023,AIIMS,Quarterly,0,0
2023-01-02 23:30:00,142.69,84.64,158.84,8.58,189.58,57.73,0.25,90.05,2.27,103.8,2023,AIIMS,Quarterly,0,0
2023-01-02 23:45:00,134.15,82.56,150.91,9.59,178.97,55.98,0.24,98.92,2.18,99.02,2023,AIIMS,Quarterly,0,0
2023-01-03 00:15:00,60.3,8.22,31.51,8.69,138.64,53.57,0.12,88.39,2.29,70.72,2023,AIIMS,Quarterly,0,0
2023-01-03 00:30:00,63.86,8.14,31.6,8.25,134.9,52.55,0.34,221.85,2.27,75.63,2023,AIIMS,Quarterly,0,0
2023-01-03 00:45:00,70.48,7.99,32.06,8.4,134.16,52.34,0.09,165.25,2.25,75.96,2023,AIIMS,Quarterly,0,0
2023-01-03 01:00:00,75.27,7.88,32.22,8.14,134.16,52.34,0.18,101.63,2.23,74.96,2023,AIIMS,Quarterly,0,0
2023-01-03 01:15:00,78.92,7.8,32.51,8.46,134.16,52.34,0.27,205.6,2.18,74.11,2023,AIIMS,Quarterly,0,0
2023-01-03 01:30:00,83.26,7.71,32.95,8.74,219.63,57.17,0.16,108.31,2.16,72.85,2023,AIIMS,Quarterly,0,0
2023-01-03 01:45:00,83.99,7.7,33.18,9.29,238.11,58.13,0.27,36.3,2.11,72.02,2023,AIIMS,Quarterly,0,0
2023-01-03 02:00:00,83.48,7.71,33.27,9.2,238.11,58.13,0.08,83.26,2.07,72.49,2023,AIIMS,Quarterly,0,0
2023-01-03 02:15:00,80.83,7.77,33.14,9.16,238.11,58.13,0.12,100.86,2.04,73.16,2023,AIIMS,Quarterly,0,0
2023-01-03 02:30:00,76.66,7.87,32.86,9.82,178.49,60.38,0.19,88.52,2.02,73.62,2023,AIIMS,Quarterly,0,0
2023-01-03 02:45:00,74.39,7.92,32.7,9.79,166.57,60.82,0.06,130.2,2.01,74.23,2023,AIIMS,Quarterly,0,0
2023-01-03 03:00:00,71.14,7.98,32.34,10.23,166.57,60.82,0.09,99.4,1.99,74.34,2023,AIIMS,Quarterly,0,0
2023-01-03 03:15:00,67.78,8.05,32.0,10.23,166.57,60.82,0.12,197.43,1.97,74.76,2023,AIIMS,Quarterly,0,0
2023-01-03 03:30:00,65.92,8.09,31.7,9.79,169.86,65.49,0.09,93.46,1.95,76.54,2023,AIIMS,Quarterly,0,0
2023-01-03 03:45:00,68.19,8.02,31.21,8.83,170.58,66.43,0.14,108.72,1.92,76.01,2023,AIIMS,Quarterly,0,0
2023-01-03 04:00:00,72.08,7.92,30.96,8.39,170.58,66.43,0.16,132.62,1.91,74.53,2023,AIIMS,Quarterly,0,0
2023-01-03 04:15:00,75.27,7.84,30.85,8.52,170.58,66.43,0.21,122.48,1.91,72.97,2023,AIIMS,Quarterly,0,0
2023-01-03 04:30:00,77.3,7.79,30.82,8.67,204.55,73.32,0.19,122.46,1.9,71.57,2023,AIIMS,Quarterly,0,0
2023-01-03 04:45:00,76.78,7.81,31.09,9.46,211.9,74.69,0.18,103.82,1.88,71.3,2023,AIIMS,Quarterly,0,0
2023-01-03 05:00:00,76.63,7.82,31.44,9.89,211.9,74.69,0.16,77.56,1.86,71.17,2023,AIIMS,Quarterly,0,0
2023-01-03 05:15:00,78.91,7.78,31.91,4.91,211.9,74.69,0.16,94.78,1.8,71.6,2023,AIIMS,Quarterly,0,0
2023-01-03 05:30:00,80.9,7.75,32.43,8.63,164.5,74.23,0.3,50.4,1.84,73.03,2023,AIIMS,Quarterly,0,0
2023-01-03 05:45:00,83.19,7.71,32.86,9.32,155.02,74.14,0.18,77.57,1.85,74.69,2023,AIIMS,Quarterly,0,0
2023-01-03 06:00:00,85.33,7.67,33.19,9.37,155.02,74.14,0.24,56.21,1.86,76.1,2023,AIIMS,Quarterly,0,0
2023-01-03 06:15:00,88.81,7.6,33.76,9.36,155.02,74.14,0.04,247.36,1.89,77.58,2023,AIIMS,Quarterly,0,0
2023-01-03 06:30:00,92.03,7.54,34.23,9.13,161.96,74.89,1.1,226.55,1.93,79.03,2023,AIIMS,Quarterly,0,0
2023-01-03 06:45:00,100.5,7.37,35.35,9.42,163.35,75.04,0.69,216.69,1.92,82.11,2023,AIIMS,Quarterly,0,0
2023-01-03 07:00:00,106.6,7.23,35.69,9.53,163.35,75.04,0.29,218.97,1.91,84.63,2023,AIIMS,Quarterly,0,0
2023-01-03 07:15:00,110.31,7.13,35.16,9.17,163.35,75.04,0.12,43.62,1.9,83.18,2023,AIIMS,Quarterly,0,0
2023-01-03 07:30:00,109.66,7.11,34.29,8.61,163.35,80.35,0.09,265.84,1.89,79.9,2023,AIIMS,Quarterly,0,0
2023-01-03 07:45:00,106.98,7.16,33.6,8.99,258.09,81.41,0.13,13.04,1.88,76.69,2023,AIIMS,Quarterly,0,0
2023-01-03 08:00:00,103.64,7.23,33.31,9.29,258.09,81.41,0.23,17.01,1.87,76.58,2023,AIIMS,Quarterly,0,0
2023-01-03 08:15:00,96.78,7.38,32.67,10.08,258.09,81.41,0.43,16.13,1.85,76.36,2023,AIIMS,Quarterly,0,0
2023-01-03 08:30:00,91.24,7.51,32.59,10.88,134.28,71.11,0.22,205.01,1.85,74.58,2023,AIIMS,Quarterly,0,0
2023-01-03 08:45:00,86.97,7.61,32.44,12.04,134.28,69.05,0.44,5.21,1.86,74.72,2023,AIIMS,Quarterly,0,0
2023-01-03 09:00:00,83.91,7.68,32.58,12.84,134.28,69.05,0.24,14.19,1.89,76.16,2023,AIIMS,Quarterly,0,0
2023-01-03 09:15:00,81.13,7.76,32.79,13.33,134.28,69.05,0.15,4.65,1.93,77.7,2023,AIIMS,Quarterly,0,0
2023-01-03 09:30:00,77.52,7.85,33.17,14.39,205.35,80.84,0.11,337.21,1.98,79.26,2023,AIIMS,Quarterly,0,0
2023-01-03 09:45:00,73.23,7.96,33.15,13.43,219.56,83.2,0.36,212.83,1.99,79.88,2023,AIIMS,Quarterly,0,0
2023-01-03 10:00:00,67.16,8.09,32.72,12.98,219.56,83.2,0.59,209.86,1.99,79.68,2023,AIIMS,Quarterly,0,0
2023-01-03 10:15:00,60.68,8.23,32.34,11.87,219.56,83.2,0.76,227.53,1.98,80.62,2023,AIIMS,Quarterly,0,0
2023-01-03 10:30:00,54.07,8.36,31.28,11.25,171.75,78.11,1.16,220.89,1.93,81.62,2023,AIIMS,Quarterly,0,0
2023-01-03 10:45:00,35.42,8.72,28.21,10.98,162.19,77.09,0.32,285.11,1.89,78.81,2023,AIIMS,Quarterly,0,0
2023-01-03 11:00:00,6.05,9.27,23.03,0.73,162.19,77.09,0.54,244.18,1.824736842105263,66.02,2023,AIIMS,Quarterly,1,19
2023-01-03 11:15:00,5.894736842105263,9.215263157894736,22.38368421052632,3.14,162.19,77.09,0.52,7.9,1.7594736842105263,61.13,2023,AIIMS,Quarterly,1,19
2023-01-03 11:30:00,5.739473684210526,9.160526315789474,21.737368421052633,4.967499999999999,162.19,77.09,0.43,243.95,1.6942105263157894,59.6,2023,AIIMS,Quarterly,1,19
2023-01-03 11:45:00,5.58421052631579,9.10578947368421,21.091052631578947,6.794999999999999,145.97,69.38,0.82,225.27,,50.16,2023,AIIMS,Quarterly,1,19
2023-01-03 12:00:00,,,,8.622499999999999,125.53999999999999,63.022,0.3,260.22,,43.33,2023,AIIMS,Quarterly,1,19
2023-01-03 12:15:00,,,,10.45,105.11,56.664,0.15,293.05,,37.11,2023,AIIMS,Quarterly,1,19
2023-01-03 12:30:00,,,,32.96,84.68,50.306,0.11,237.31,,35.32,2023,AIIMS,Quarterly,1,19
2023-01-03 12:45:00,,,,31.89,,,0.78,184.02,,28.7,2023,AIIMS,Quarterly,1,19
2023-01-03 13:00:00,,,,32.35,43.82,37.59,0.49,254.72,,27.71,2023,AIIMS,Quarterly,1,19
2023-01-03 13:15:00,,,,32.9,43.82,37.59,0.59,215.53,,22.81,2023,AIIMS,Quarterly,1,19
2023-01-03 13:30:00,,,,41.02,43.82,37.59,0.63,199.19,,23.23,2023,AIIMS,Quarterly,1,19
2023-01-03 13:45:00,,,,33.61,44.28,37.48,0.34,192.79,,27.47,2023,AIIMS,Quarterly,1,19
2023-01-03 14:00:00,,,,22.34,47.88,36.71,0.7,237.12,,30.96,2023,AIIMS,Quarterly,1,19
2023-01-03 14:15:00,,,,19.71,47.88,36.71,0.49,187.08,,33.68,2023,AIIMS,Quarterly,1,19
2023-01-03 14:30:00,,,,28.06,47.88,36.71,0.35,181.84,,36.92,2023,AIIMS,Quarterly,1,19
2023-01-03 14:45:00,,,,33.31,48.32,36.25,0.7,205.34,,42.86,2023,AIIMS,Quarterly,1,19
2023-01-03 15:00:00,,,,27.35,51.82,32.57,0.47,252.34,,0.43,2023,AIIMS,Quarterly,1,19
2023-01-03 15:15:00,,,,23.57,51.82,32.57,0.49,216.13,,40.82,2023,AIIMS,Quarterly,1,19
2023-01-03 15:30:00,,,,26.65,51.82,32.57,0.25,176.2,0.65,42.83,2023,AIIMS,Quarterly,1,19
2023-01-03 15:45:00,3.1,8.23,10.75,15.76,51.85,32.43,0.28,185.24,0.85,43.07,2023,AIIMS,Quarterly,0,0
2023-01-03 16:00:00,2.82,10.37,9.51,13.92,52.1,31.44,0.56,202.89,0.85,44.59,2023,AIIMS,Quarterly,0,0
2023-01-03 16:15:00,2.92,10.29,9.55,13.49,52.1,31.44,0.73,175.47,0.84,44.34,2023,AIIMS,Quarterly,0,0
2023-01-03 16:30:00,2.93,9.94,9.37,12.98,52.1,31.44,0.96,208.15,0.81,45.82,2023,AIIMS,Quarterly,0,0
2023-01-03 16:45:00,2.98,9.65,9.26,13.1,51.49,30.99,0.85,210.79,0.83,48.14,2023,AIIMS,Quarterly,0,0
2023-01-03 17:00:00,3.0,9.99,9.46,11.92,47.12,27.76,0.64,212.72,0.85,51.12,2023,AIIMS,Quarterly,0,0
2023-01-03 17:15:00,2.96,10.1,9.48,3.89,47.12,27.76,0.53,218.7,0.75,57.33,2023,AIIMS,Quarterly,0,0
2023-01-03 17:30:00,2.48,11.24,9.69,6.97,47.12,27.76,0.3,218.14,1.02,63.84,2023,AIIMS,Quarterly,0,0
2023-01-03 17:45:00,9.1,10.92,14.77,8.06,47.15,27.75,0.15,48.91,1.39,76.81,2023,AIIMS,Quarterly,0,0
2023-01-03 18:00:00,20.78,11.77,28.44,10.52,47.42,27.75,0.1,132.96,2.3,97.83,2023,AIIMS,Quarterly,0,0
2023-01-03 18:15:00,6.02,19.53,25.84,12.01,47.42,27.75,0.19,78.41,2.26,89.21,2023,AIIMS,Quarterly,0,0
2023-01-03 18:30:00,3.15,20.05,24.11,14.47,47.42,27.75,0.18,112.13,2.01,82.01,2023,AIIMS,Quarterly,0,0
2023-01-03 18:45:00,3.03,19.44,23.34,9.09,56.28,28.27,0.13,134.06,2.02,75.84,2023,AIIMS,Quarterly,0,0
2023-01-03 19:00:00,4.17,18.34,23.06,8.22,127.2,32.05,0.13,106.63,2.05,70.67,2023,AIIMS,Quarterly,0,0
2023-01-03 19:15:00,6.35,16.79,23.1,8.3,127.2,32.05,0.18,112.67,2.11,68.27,2023,AIIMS,Quarterly,0,0
2023-01-03 19:30:00,10.99,15.26,24.1,13.01,127.2,32.05,0.17,107.61,2.23,70.33,2023,AIIMS,Quarterly,0,0
2023-01-03 19:45:00,13.99,12.93,25.01,18.15,131.61,33.08,0.17,101.87,2.42,73.99,2023,AIIMS,Quarterly,0,0
2023-01-03 20:00:00,25.54,8.27,27.83,23.48,166.9,40.46,0.2,104.4,2.59,79.84,2023,AIIMS,Quarterly,0,0
2023-01-03 20:15:00,29.13,9.06,27.53,16.45,166.9,40.46,0.17,91.24,2.65,80.29,2023,AIIMS,Quarterly,0,0
2023-01-03 20:30:00,22.09,6.95,24.96,10.05,166.9,40.46,0.17,90.14,2.55,77.05,2023,AIIMS,Quarterly,0,0
2023-01-03 20:45:00,25.25,4.55,24.87,8.39,168.03,41.97,0.13,68.36,2.63,80.88,2023,AIIMS,Quarterly,0,0
2023-01-03 21:00:00,27.49,2.67,24.61,8.21,176.09,52.82,0.33,233.79,2.69,81.86,2023,AIIMS,Quarterly,0,0
2023-01-03 21:15:00,28.09,1.89,24.24,8.29,176.09,52.82,0.19,199.68,2.67,81.23,2023,AIIMS,Quarterly,0,0
2023-01-03 21:30:00,27.31,2.02,23.76,8.41,176.09,52.82,0.11,99.99,2.64,79.99,2023,AIIMS,Quarterly,0,0
2023-01-03 21:45:00,26.55,2.12,23.26,8.54,174.76,53.16,0.11,101.21,2.61,78.38,2023,AIIMS,Quarterly,0,0
2023-01-03 22:00:00,25.97,2.53,23.24,9.06,164.05,55.56,0.05,124.39,2.61,77.67,2023,AIIMS,Quarterly,0,0
2023-01-03 22:15:00,24.75,3.12,22.91,8.44,164.05,55.56,0.16,94.84,2.55,72.11,2023,AIIMS,Quarterly,0,0
2023-01-03 22:30:00,21.38,5.08,22.35,8.29,164.05,55.56,0.28,61.34,2.45,69.48,2023,AIIMS,Quarterly,0,0
2023-01-03 22:45:00,15.3,8.06,20.73,24.26,159.74,55.29,0.69,40.57,2.21,66.51,2023,AIIMS,Quarterly,0,0
2023-01-03 23:00:00,11.57,9.97,19.83,15.8,125.21,53.37,0.78,36.38,2.12,63.45,2023,AIIMS,Quarterly,0,0
2023-01-03 23:15:00,10.18,10.97,19.81,12.35,125.21,53.37,0.61,44.74,1.93,62.82,2023,AIIMS,Quarterly,0,0
2023-01-03 23:30:00,8.55,12.17,19.81,11.18,125.21,53.37,0.51,43.84,2.0,63.37,2023,AIIMS,Quarterly,0,0
2023-01-03 23:45:00,6.96,13.04,19.49,11.36,121.51,52.84,0.52,42.58,1.89,62.98,2023,AIIMS,Quarterly,0,0
2023-01-04 00:15:00,4.17,24.71,16.26,6.44,42.43,21.53,0.69,207.14,1.0,15.79,2023,AIIMS,Quarterly,0,0
2023-01-04 00:30:00,3.91,25.36,16.38,6.21,42.43,21.53,0.25,15.77,0.98,15.8,2023,AIIMS,Quarterly,0,0
2023-01-04 00:45:00,3.77,25.47,16.33,6.34,42.43,21.53,0.2,204.76,0.96,15.8,2023,AIIMS,Quarterly,0,0
2023-01-04 01:00:00,3.65,24.92,15.95,6.1,42.39,21.46,0.2,302.82,0.93,15.8,2023,AIIMS,Quarterly,0,0
2023-01-04 01:15:00,3.67,25.47,16.25,6.47,40.91,18.3,0.16,97.2,0.91,15.8,2023,AIIMS,Quarterly,0,0
2023-01-04 01:30:00,3.85,24.91,16.1,6.17,40.91,18.3,0.22,30.71,0.9,15.81,2023,AIIMS,Quarterly,0,0
2023-01-04 01:45:00,3.97,24.63,16.05,6.5,40.91,18.3,0.27,55.3,0.88,15.81,2023,AIIMS,Quarterly,0,0
2023-01-04 02:00:00,4.03,24.12,15.84,5.86,40.99,18.26,0.27,39.88,0.87,15.8,2023,AIIMS,Quarterly,0,0
2023-01-04 02:15:00,4.12,24.36,16.03,6.21,48.68,16.46,0.49,21.44,0.87,15.79,2023,AIIMS,Quarterly,0,0
2023-01-04 02:30:00,4.33,23.8,15.91,6.06,48.68,16.46,0.25,52.97,0.88,15.8,2023,AIIMS,Quarterly,0,0
2023-01-04 02:45:00,4.52,23.51,15.91,5.97,48.68,16.46,0.32,53.19,0.88,15.83,2023,AIIMS,Quarterly,0,0
2023-01-04 03:00:00,4.73,24.21,16.44,6.2,48.85,16.6,0.64,2.72,0.88,15.81,2023,AIIMS,Quarterly,0,0
2023-01-04 03:15:00,4.95,23.41,16.2,5.87,56.41,22.54,0.63,37.06,0.89,15.8,2023,AIIMS,Quarterly,0,0
2023-01-04 03:30:00,5.1,23.08,16.15,6.21,56.41,22.54,0.62,25.48,0.89,15.8,2023,AIIMS,Quarterly,0,0
2023-01-04 03:45:00,5.15,22.55,15.91,5.84,56.41,22.54,0.7,19.39,0.87,15.8,2023,AIIMS,Quarterly,0,0
2023-01-04 04:00:00,5.07,22.59,15.86,5.82,56.45,22.52,0.92,0.89,0.85,15.81,2023,AIIMS,Quarterly,0,0
2023-01-04 04:15:00,4.72,22.81,15.7,6.27,58.01,21.74,1.74,1.54,0.8,15.8,2023,AIIMS,Quarterly,0,0
2023-01-04 04:30:00,4.16,22.22,14.94,6.71,58.01,21.74,0.8,18.37,0.75,15.8,2023,AIIMS,Quarterly,0,0
2023-01-04 04:45:00,3.73,22.84,14.93,6.13,58.01,21.74,0.36,92.63,0.76,15.8,2023,AIIMS,Quarterly,0,0
2023-01-04 05:00:00,3.48,23.09,14.86,5.79,57.84,21.58,0.34,63.31,0.74,15.8,2023,AIIMS,Quarterly,0,0
2023-01-04 05:15:00,3.34,23.18,14.79,4.03,42.82,14.51,0.46,36.08,0.68,15.8,2023,AIIMS,Quarterly,0,0
2023-01-04 05:30:00,3.31,22.77,14.55,6.37,42.82,14.51,0.25,67.36,0.7,15.8,2023,AIIMS,Quarterly,0,0
2023-01-04 05:45:00,3.32,22.23,14.27,6.28,42.82,14.51,0.12,83.78,0.69,15.8,2023,AIIMS,Quarterly,0,0
2023-01-04 06:00:00,3.31,22.05,14.18,6.57,42.68,14.5,0.08,139.8,0.68,15.8,2023,AIIMS,Quarterly,0,0
2023-01-04 06:15:00,3.29,22.58,14.44,7.02,30.4,14.33,0.17,125.98,0.67,15.8,2023,AIIMS,Quarterly,0,0
2023-01-04 06:30:00,3.3,22.12,14.2,6.74,30.4,14.33,0.25,134.57,0.65,15.8,2023,AIIMS,Quarterly,0,0
2023-01-04 06:45:00,3.31,22.46,14.39,6.73,30.4,14.33,0.13,179.2,0.64,15.8,2023,AIIMS,Quarterly,0,0
2023-01-04 07:00:00,3.41,22.73,14.61,6.89,30.19,14.29,0.09,40.61,0.63,15.8,2023,AIIMS,Quarterly,0,0
2023-01-04 07:15:00,3.74,23.66,15.36,6.53,21.04,12.53,0.03,90.83,0.64,15.8,2023,AIIMS,Quarterly,0,0
2023-01-04 07:30:00,4.08,23.0,15.28,6.34,21.04,12.53,0.19,28.81,0.64,15.8,2023,AIIMS,Quarterly,0,0
2023-01-04 07:45:00,4.32,23.37,15.68,6.7,21.04,12.53,0.45,227.54,0.65,15.8,2023,AIIMS,Quarterly,0,0
2023-01-04 08:00:00,4.56,23.64,16.01,6.64,21.17,12.55,0.63,219.86,0.65,15.82,2023,AIIMS,Quarterly,0,0
2023-01-04 08:15:00,5.18,24.77,17.09,7.01,27.26,13.23,0.54,217.32,0.66,15.8,2023,AIIMS,Quarterly,0,0
2023-01-04 08:30:00,5.59,24.45,17.26,6.5,27.26,13.23,0.33,217.63,0.66,15.81,2023,AIIMS,Quarterly,0,0
2023-01-04 08:45:00,5.7,24.14,17.18,6.31,27.26,13.23,0.4,212.84,0.67,15.81,2023,AIIMS,Quarterly,0,0
2023-01-04 09:00:00,5.61,24.3,17.19,6.68,27.17,13.19,0.16,185.86,0.66,15.82,2023,AIIMS,Quarterly,0,0
2023-01-04 09:15:00,5.25,24.77,17.15,6.12,23.21,11.55,0.26,207.28,0.67,15.81,2023,AIIMS,Quarterly,0,0
2023-01-04 09:30:00,4.79,24.9,16.85,6.73,23.21,11.55,0.36,193.08,0.67,15.81,2023,AIIMS,Quarterly,0,0
2023-01-04 09:45:00,4.24,24.23,16.06,6.5,23.21,11.55,0.78,207.14,0.67,15.79,2023,AIIMS,Quarterly,0,0
2023-01-04 10:00:00,3.62,24.49,15.7,6.16,23.13,11.48,0.76,176.94,0.66,15.8,2023,AIIMS,Quarterly,0,0
2023-01-04 10:15:00,3.04,25.22,15.62,6.83,19.36,8.33,0.98,211.09,0.66,15.8,2023,AIIMS,Quarterly,0,0
2023-01-04 10:30:00,2.43,24.88,14.95,6.36,19.36,8.33,0.14,178.76,0.65,15.8,2023,AIIMS,Quarterly,0,0
2023-01-04 10:45:00,2.04,24.32,14.34,6.83,19.36,8.33,0.3,224.12,0.65,15.8,2023,AIIMS,Quarterly,0,0
2023-01-04 11:00:00,1.75,23.81,13.84,6.5,19.3,8.33,0.82,188.16,0.63,15.8,2023,AIIMS,Quarterly,0,0
2023-01-04 11:15:00,1.52,24.05,13.78,3.92,16.6,8.5,0.59,179.47,0.59,15.8,2023,AIIMS,Quarterly,0,0
2023-01-04 11:30:00,1.31,22.53,12.82,5.89,16.6,8.5,1.07,197.92,0.62,15.8,2023,AIIMS,Quarterly,0,0
2023-01-04 11:45:00,1.11,21.98,12.37,5.96,16.6,8.5,0.95,193.5,0.6,15.8,2023,AIIMS,Quarterly,0,0
2023-01-04 12:00:00,0.93,21.9,12.19,5.91,16.54,8.52,0.64,208.08,0.59,15.8,2023,AIIMS,Quarterly,0,0
2023-01-04 12:15:00,0.9,22.67,12.57,5.83,13.74,9.29,0.16,259.79,0.59,15.8,2023,AIIMS,Quarterly,0,0
2023-01-04 12:30:00,0.82,21.66,11.97,6.48,13.74,9.29,0.94,190.73,0.59,15.8,2023,AIIMS,Quarterly,0,0
2023-01-04 12:45:00,0.7,19.69,10.85,6.52,13.74,9.29,0.74,207.76,0.55,15.8,2023,AIIMS,Quarterly,0,0
2023-01-04 13:00:00,0.7,21.01,11.53,6.14,13.66,9.28,0.27,188.67,0.55,15.8,2023,AIIMS,Quarterly,0,0
2023-01-04 13:15:00,0.64,20.33,11.14,7.1,10.41,8.76,1.21,160.83,0.52,15.8,2023,AIIMS,Quarterly,0,0
2023-01-04 13:30:00,0.7,20.26,11.15,6.81,10.41,8.76,0.2,99.0,0.55,15.8,2023,AIIMS,Quarterly,0,0
2023-01-04 13:45:00,0.84,21.2,11.75,6.6,10.41,8.76,0.51,225.53,0.55,15.8,2023,AIIMS,Quarterly,0,0
2023-01-04 14:00:00,0.76,22.29,12.25,6.31,10.53,8.8,0.67,226.04,0.57,15.8,2023,AIIMS,Quarterly,0,0
2023-01-04 14:15:00,0.73,22.6,12.4,6.4,16.04,10.65,0.14,268.01,0.59,15.8,2023,AIIMS,Quarterly,0,0
2023-01-04 14:30:00,0.75,20.85,11.5,6.21,16.04,10.65,0.74,222.8,0.6,15.82,2023,AIIMS,Quarterly,0,0
2023-01-04 14:45:00,0.7,23.0,12.58,7.39,16.04,10.65,0.84,162.03,0.62,15.8,2023,AIIMS,Quarterly,0,0
2023-01-04 15:00:00,0.73,21.26,11.69,7.21,16.21,10.7,0.1,359.49,0.64,15.8,2023,AIIMS,Quarterly,0,0
2023-01-04 15:15:00,0.77,24.79,13.57,6.59,23.75,12.87,0.4,351.87,0.69,15.8,2023,AIIMS,Quarterly,0,0
2023-01-04 15:30:00,0.78,22.59,12.43,6.9,23.75,12.87,0.32,340.1,0.71,15.8,2023,AIIMS,Quarterly,0,0
2023-01-04 15:45:00,0.73,25.34,13.82,7.35,23.75,12.87,0.84,169.88,0.75,15.8,2023,AIIMS,Quarterly,0,0
2023-01-04 16:00:00,0.65,22.66,12.36,7.53,23.87,12.86,0.92,206.17,0.79,15.8,2023,AIIMS,Quarterly,0,0
2023-01-04 16:15:00,0.61,25.62,13.88,6.66,29.46,12.2,0.9,197.54,0.82,15.8,2023,AIIMS,Quarterly,0,0
2023-01-04 16:30:00,0.6,25.75,13.93,6.24,29.46,12.2,0.6,209.54,0.82,15.8,2023,AIIMS,Quarterly,0,0
2023-01-04 16:45:00,0.6,22.54,12.26,7.32,29.46,12.2,0.73,177.8,0.81,15.81,2023,AIIMS,Quarterly,0,0
2023-01-04 17:00:00,0.55,24.08,13.02,8.9,29.42,12.23,1.03,175.48,0.8,15.8,2023,AIIMS,Quarterly,0,0
2023-01-04 17:15:00,0.63,23.9,12.99,4.88,27.86,13.79,0.96,170.19,0.77,15.8,2023,AIIMS,Quarterly,0,0
2023-01-04 17:30:00,0.73,23.6,12.91,6.68,27.86,13.79,0.65,184.43,0.8,15.8,2023,AIIMS,Quarterly,0,0
2023-01-04 17:45:00,0.81,24.48,13.44,6.31,27.86,13.79,0.57,204.25,0.79,15.8,2023,AIIMS,Quarterly,0,0
2023-01-04 18:00:00,0.94,24.04,13.31,6.31,27.96,13.81,0.45,189.44,0.77,15.82,2023,AIIMS,Quarterly,0,0
2023-01-04 18:15:00,1.09,24.95,13.91,6.19,32.37,14.8,0.32,158.86,0.76,15.82,2023,AIIMS,Quarterly,0,0
2023-01-04 18:30:00,1.21,25.35,14.21,6.28,32.37,14.8,0.29,142.36,0.75,15.8,2023,AIIMS,Quarterly,0,0
2023-01-04 18:45:00,1.38,25.76,14.57,6.65,32.37,14.8,0.28,155.66,0.73,15.8,2023,AIIMS,Quarterly,0,0
2023-01-04 19:00:00,1.52,26.3,14.96,6.33,32.38,14.74,0.36,167.22,0.72,15.8,2023,AIIMS,Quarterly,0,0
2023-01-04 19:15:00,1.64,27.47,15.66,6.53,33.08,12.19,0.43,155.97,0.72,15.8,2023,AIIMS,Quarterly,0,0
2023-01-04 19:30:00,1.74,27.38,15.7,5.73,33.08,12.19,0.36,183.04,0.7,15.8,2023,AIIMS,Quarterly,0,0
2023-01-04 19:45:00,1.8,28.01,16.08,6.0,33.08,12.19,0.4,186.43,0.7,15.8,2023,AIIMS,Quarterly,0,0
2023-01-04 20:00:00,1.94,28.35,16.37,5.86,33.23,12.23,0.3,221.57,0.69,15.8,2023,AIIMS,Quarterly,0,0
2023-01-04 20:15:00,2.22,30.81,17.88,6.21,40.16,13.92,0.31,239.6,0.71,15.8,2023,AIIMS,Quarterly,0,0
2023-01-04 20:30:00,2.43,32.49,18.92,6.21,56.12285714285714,14.992857142857144,0.71,211.07,0.72,15.80625,2023,AIIMS,Quarterly,1,7
2023-01-04 20:45:00,4.291666666666667,33.958333333333336,21.18,6.218333333333334,72.08571428571429,16.065714285714286,0.6133333333333333,193.69,0.76,15.8125,2023,AIIMS,Quarterly,1,7
2023-01-04 21:00:00,6.153333333333334,35.42666666666667,23.439999999999998,6.226666666666667,88.04857142857142,17.138571428571428,0.5166666666666666,176.31,0.7999999999999999,15.81875,2023,AIIMS,Quarterly,1,7
2023-01-04 21:15:00,8.015,36.894999999999996,25.7,6.235,,,0.42,158.93,0.84,,2023,AIIMS,Quarterly,1,7
2023-01-04 21:30:00,,,,,,,,,,,2023,AIIMS,Quarterly,1,7
2023-01-04 21:45:00,,,,,,,,,,,2023,AIIMS,Quarterly,1,7
2023-01-04 22:00:00,13.6,41.3,32.48,6.26,151.9,21.43,0.13,106.79,0.96,,2023,AIIMS,Quarterly,1,7
2023-01-04 22:15:00,13.61,41.47,32.59,6.6,104.14,22.24,0.13,111.44,0.96,15.85,2023,AIIMS,Quarterly,0,0
2023-01-04 22:30:00,13.74,41.89,32.91,6.34,104.14,22.24,0.15,99.66,0.98,15.83,2023,AIIMS,Quarterly,0,0
2023-01-04 22:45:00,14.8,41.03,33.31,6.1,104.14,22.24,0.17,84.26,1.01,15.85,2023,AIIMS,Quarterly,0,0
2023-01-04 23:00:00,16.68,42.65,35.66,6.15,103.53,22.29,0.11,85.93,1.05,15.87,2023,AIIMS,Quarterly,0,0
2023-01-04 23:15:00,18.84,43.76,37.98,5.35,76.38,24.67,0.14,211.32,1.05,15.86,2023,AIIMS,Quarterly,0,0
2023-01-04 23:30:00,20.04,43.23,38.66,6.73,76.38,24.67,0.18,223.76,1.08,15.86,2023,AIIMS,Quarterly,0,0
2023-01-04 23:45:00,21.17,43.04,39.47,7.12,76.38,24.67,0.35,195.52,1.07,15.86,2023,AIIMS,Quarterly,0,0
2023-01-05 00:15:00,12.69,24.89,24.53,6.15,35.05,15.94,0.47,36.52,0.79,15.89,2023,AIIMS,Quarterly,0,0
2023-01-05 00:30:00,13.03,24.54,24.62,6.06,35.05,15.94,0.31,44.75,0.81,15.86,2023,AIIMS,Quarterly,0,0
2023-01-05 00:45:00,13.61,25.06,25.35,6.17,35.05,15.94,0.2,81.03,0.84,15.85,2023,AIIMS,Quarterly,0,0
2023-01-05 01:00:00,14.18,27.12,26.89,6.64,48.33,24.69,0.93,224.59,0.88,15.83,2023,AIIMS,Quarterly,0,0
2023-01-05 01:15:00,14.99,26.29,27.11,6.19,52.63,27.35,1.22,230.19,0.96,15.82,2023,AIIMS,Quarterly,0,0
2023-01-05 01:30:00,15.51,27.62,28.22,6.5,52.63,27.35,1.28,226.44,1.02,15.84,2023,AIIMS,Quarterly,0,0
2023-01-05 01:45:00,15.24,28.26,28.34,5.99,52.63,27.35,0.69,224.83,1.02,15.87,2023,AIIMS,Quarterly,0,0
2023-01-05 02:00:00,14.63,28.53,27.99,5.53,63.95,29.06,0.29,195.8,1.0,15.84,2023,AIIMS,Quarterly,0,0
2023-01-05 02:15:00,13.91,27.89,27.08,5.63,67.62,29.62,0.23,158.26,0.97,15.85,2023,AIIMS,Quarterly,0,0
2023-01-05 02:30:00,13.23,27.45,26.3,5.76,67.62,29.62,0.11,79.5,0.94,15.85,2023,AIIMS,Quarterly,0,0
2023-01-05 02:45:00,12.74,27.32,25.84,6.09,67.62,29.62,0.07,154.14,0.91,15.88,2023,AIIMS,Quarterly,0,0
2023-01-05 03:00:00,12.32,27.03,25.35,5.66,45.34,26.34,0.15,193.42,0.87,15.86,2023,AIIMS,Quarterly,0,0
2023-01-05 03:15:00,11.9,27.27,25.14,5.47,38.13,25.28,0.93,210.08,0.85,15.88,2023,AIIMS,Quarterly,0,0
2023-01-05 03:30:00,11.32,26.91,24.49,5.86,38.13,25.28,0.39,202.68,0.85,15.88,2023,AIIMS,Quarterly,0,0
2023-01-05 03:45:00,10.79,27.22,24.22,5.83,38.13,25.28,0.07,191.33,0.87,15.85,2023,AIIMS,Quarterly,0,0
2023-01-05 04:00:00,10.5,27.29,24.03,6.02,30.17,21.25,0.25,149.8,0.88,15.86,2023,AIIMS,Quarterly,0,0
2023-01-05 04:15:00,10.13,27.13,23.65,5.86,27.6,19.95,0.21,170.34,0.87,15.86,2023,AIIMS,Quarterly,0,0
2023-01-05 04:30:00,9.64,27.56,23.48,6.35,27.6,19.95,0.49,190.16,0.85,15.81,2023,AIIMS,Quarterly,0,0
2023-01-05 04:45:00,9.71,25.94,22.69,6.44,27.6,19.95,0.3,187.98,0.83,15.8,2023,AIIMS,Quarterly,0,0
2023-01-05 05:00:00,9.83,24.11,21.84,6.15,20.69,15.84,0.57,200.51,0.82,15.85,2023,AIIMS,Quarterly,0,0
2023-01-05 05:15:00,9.95,24.38,22.07,3.69,18.46,14.51,0.72,190.23,0.71,15.82,2023,AIIMS,Quarterly,0,0
2023-01-05 05:30:00,9.97,24.04,21.9,6.01,18.46,14.51,1.0,195.76,0.74,15.81,2023,AIIMS,Quarterly,0,0
2023-01-05 05:45:00,9.71,24.65,22.01,6.84,18.46,14.51,1.15,203.86,0.72,15.81,2023,AIIMS,Quarterly,0,0
2023-01-05 06:00:00,9.29,24.02,21.35,6.81,12.51,12.79,1.02,201.94,0.7,15.78,2023,AIIMS,Quarterly,0,0
2023-01-05 06:15:00,9.02,24.4,21.33,6.24,10.59,12.24,0.69,176.03,0.67,15.78,2023,AIIMS,Quarterly,0,0
2023-01-05 06:30:00,8.97,23.9,21.03,6.32,10.59,12.24,0.44,159.88,0.65,15.8,2023,AIIMS,Quarterly,0,0
2023-01-05 06:45:00,9.1,23.71,21.04,6.22,10.59,12.24,0.82,200.54,0.65,15.83,2023,AIIMS,Quarterly,0,0
2023-01-05 07:00:00,9.1,23.52,20.94,6.02,10.51,11.77,0.73,186.42,0.63,15.87,2023,AIIMS,Quarterly,0,0
2023-01-05 07:15:00,9.1,23.87,21.12,6.12,10.48,11.61,0.84,213.22,0.61,15.86,2023,AIIMS,Quarterly,0,0
2023-01-05 07:30:00,9.23,23.49,21.02,6.29,10.48,11.61,0.13,352.15,0.6,15.83,2023,AIIMS,Quarterly,0,0
2023-01-05 07:45:00,9.64,23.97,21.6,6.34,10.48,11.61,0.18,38.43,0.61,15.81,2023,AIIMS,Quarterly,0,0
2023-01-05 08:00:00,10.35,25.29,22.87,6.06,11.59,9.7,0.24,74.77,0.63,15.82,2023,AIIMS,Quarterly,0,0
2023-01-05 08:15:00,10.71,25.18,23.09,5.89,11.94,9.08,0.15,105.55,0.65,15.82,2023,AIIMS,Quarterly,0,0
2023-01-05 08:30:00,10.79,25.74,23.45,5.78,11.94,9.08,0.09,65.31,0.68,15.84,2023,AIIMS,Quarterly,0,0
2023-01-05 08:45:00,10.67,25.72,23.35,6.07,11.94,9.08,0.06,58.85,0.69,15.85,2023,AIIMS,Quarterly,0,0
2023-01-05 09:00:00,10.35,26.58,23.54,5.82,12.0,7.74,0.11,44.15,0.7,15.86,2023,AIIMS,Quarterly,0,0
2023-01-05 09:15:00,9.9,26.64,23.21,6.14,12.01,7.31,0.22,225.56,0.71,15.87,2023,AIIMS,Quarterly,0,0
2023-01-05 09:30:00,9.53,27.0,23.1,6.34,12.01,7.31,0.18,323.86,0.72,15.85,2023,AIIMS,Quarterly,0,0
2023-01-05 09:45:00,9.19,27.41,23.04,6.09,12.01,7.31,0.28,232.35,0.74,15.88,2023,AIIMS,Quarterly,0,0
2023-01-05 10:00:00,8.85,28.47,23.32,5.63,12.26,6.2,0.52,356.57,0.74,15.87,2023,AIIMS,Quarterly,0,0
2023-01-05 10:15:00,8.55,28.83,23.27,6.59,12.34,5.84,0.7,8.51,0.75,15.91,2023,AIIMS,Quarterly,0,0
2023-01-05 10:30:00,8.12,29.31,23.17,6.23,12.34,5.84,0.5,227.7,0.76,15.87,2023,AIIMS,Quarterly,0,0
2023-01-05 10:45:00,7.41,29.26,22.58,6.17,12.34,5.84,0.43,255.04,0.76,15.87,2023,AIIMS,Quarterly,0,0
2023-01-05 11:00:00,6.54,29.91,22.22,6.09,23.7,6.55,0.25,168.0,0.76,15.86,2023,AIIMS,Quarterly,0,0
2023-01-05 11:15:00,5.75,29.48,21.36,4.11,27.38,6.78,0.57,209.7,0.74,15.86,2023,AIIMS,Quarterly,0,0
2023-01-05 11:30:00,5.29,28.28,20.36,6.8,27.38,6.78,0.12,159.93,0.77,15.84,2023,AIIMS,Quarterly,0,0
2023-01-05 11:45:00,5.23,26.55,19.42,7.34,27.38,6.78,0.73,195.34,0.76,15.83,2023,AIIMS,Quarterly,0,0
2023-01-05 12:00:00,5.19,25.9,19.04,7.64,24.78,8.22,0.47,217.92,0.75,15.82,2023,AIIMS,Quarterly,0,0
2023-01-05 12:15:00,5.06,25.88,18.93,7.14,23.94,8.69,0.27,166.76,0.75,15.78,2023,AIIMS,Quarterly,0,0
2023-01-05 12:30:00,4.97,25.06,18.42,7.09,23.94,8.69,0.45,176.12,0.73,15.77,2023,AIIMS,Quarterly,0,0
2023-01-05 12:45:00,4.97,24.19,17.97,7.1,23.94,8.69,0.57,211.91,0.72,15.82,2023,AIIMS,Quarterly,0,0
2023-01-05 13:00:00,4.95,24.43,18.08,7.08,18.57,7.63,0.99,213.98,0.72,15.84,2023,AIIMS,Quarterly,0,0
2023-01-05 13:15:00,4.9,24.87,18.27,7.52,16.83,7.28,0.64,199.67,0.71,15.81,2023,AIIMS,Quarterly,0,0
2023-01-05 13:30:00,4.86,22.54,17.02,7.49,16.83,7.28,0.29,197.69,0.7,15.84,2023,AIIMS,Quarterly,0,0
2023-01-05 13:45:00,4.83,23.25,17.37,6.84,16.83,7.28,0.76,198.09,0.71,15.82,2023,AIIMS,Quarterly,0,0
2023-01-05 14:00:00,4.89,23.62,17.61,7.26,17.63,7.77,0.14,132.76,0.71,15.83,2023,AIIMS,Quarterly,0,0
2023-01-05 14:15:00,4.96,22.26,16.96,6.87,17.88,7.93,0.34,154.13,0.7,15.84,2023,AIIMS,Quarterly,0,0
2023-01-05 14:30:00,4.96,22.77,17.22,7.13,17.88,7.93,0.66,195.79,0.69,15.83,2023,AIIMS,Quarterly,0,0
2023-01-05 14:45:00,4.91,19.01,15.22,7.26,17.88,7.93,0.34,168.05,0.67,15.84,2023,AIIMS,Quarterly,0,0
2023-01-05 15:00:00,4.69,19.1,15.09,6.63,17.48,8.48,0.7,190.2,0.65,15.86,2023,AIIMS,Quarterly,0,0
2023-01-05 15:15:00,4.52,19.77,15.31,6.72,17.35,8.66,0.23,158.18,0.64,15.84,2023,AIIMS,Quarterly,0,0
2023-01-05 15:30:00,4.3,20.11,15.31,6.78,17.35,8.66,0.32,169.65,0.63,15.82,2023,AIIMS,Quarterly,0,0
2023-01-05 15:45:00,4.22,20.14,15.26,6.9,17.35,8.66,0.25,132.31,0.61,15.84,2023,AIIMS,Quarterly,0,0
2023-01-05 16:00:00,4.16,20.57,15.44,7.06,16.62,8.84,0.25,159.14,0.61,15.86,2023,AIIMS,Quarterly,0,0
2023-01-05 16:15:00,4.22,20.49,15.44,6.86,16.39,8.89,0.49,187.21,0.6,15.83,2023,AIIMS,Quarterly,0,0
2023-01-05 16:30:00,4.2,19.99,15.16,6.65,16.39,8.89,0.26,129.04,0.57,15.89,2023,AIIMS,Quarterly,0,0
2023-01-05 16:45:00,4.09,19.39,14.76,6.95,16.39,8.89,0.41,159.78,0.56,15.85,2023,AIIMS,Quarterly,0,0
2023-01-05 17:00:00,4.09,19.25,14.68,6.61,16.78,7.27,0.17,122.4,0.55,15.84,2023,AIIMS,Quarterly,0,0
2023-01-05 17:15:00,4.11,19.14,14.64,3.34,16.91,6.75,0.27,145.48,0.52,15.85,2023,AIIMS,Quarterly,0,0
2023-01-05 17:30:00,4.12,19.01,14.59,5.53,16.91,6.75,0.25,126.36,0.53,15.85,2023,AIIMS,Quarterly,0,0
2023-01-05 17:45:00,4.14,19.58,14.9,6.02,16.91,6.75,0.18,131.36,0.53,15.88,2023,AIIMS,Quarterly,0,0
2023-01-05 18:00:00,4.25,20.49,15.46,5.81,17.46,6.21,0.16,118.85,0.54,15.85,2023,AIIMS,Quarterly,0,0
2023-01-05 18:15:00,4.35,24.48,17.63,5.82,17.64,6.04,0.18,134.79,0.53,15.82,2023,AIIMS,Quarterly,0,0
2023-01-05 18:30:00,4.53,25.19,18.14,5.76,17.64,6.04,0.19,132.31,0.52,15.84,2023,AIIMS,Quarterly,0,0
2023-01-05 18:45:00,4.69,24.07,17.69,6.04,17.64,6.04,0.16,130.31,0.52,15.82,2023,AIIMS,Quarterly,0,0
2023-01-05 19:00:00,4.82,24.31,17.92,5.97,15.11,5.42,0.15,127.63,0.52,15.83,2023,AIIMS,Quarterly,0,0
2023-01-05 19:15:00,5.09,23.75,17.85,6.02,14.29,5.22,0.11,126.01,0.52,15.82,2023,AIIMS,Quarterly,0,0
2023-01-05 19:30:00,5.41,23.74,18.09,6.56,14.29,5.22,0.13,95.24,0.56,15.82,2023,AIIMS,Quarterly,0,0
2023-01-05 19:45:00,6.61,25.19,19.81,6.05,14.29,5.22,0.13,121.39,0.62,15.86,2023,AIIMS,Quarterly,0,0
2023-01-05 20:00:00,8.39,25.53,21.42,6.36,28.05,7.97,0.12,123.89,0.69,15.84,2023,AIIMS,Quarterly,0,0
2023-01-05 20:15:00,9.68,26.11,22.75,6.43,32.5,8.86,0.21,134.65,0.74,15.81,2023,AIIMS,Quarterly,0,0
2023-01-05 20:30:00,10.41,25.09,22.81,6.4,32.5,8.86,0.29,42.19,0.76,15.8,2023,AIIMS,Quarterly,0,0
2023-01-05 20:45:00,10.96,25.1,23.25,6.23,32.5,8.86,0.21,133.81,0.79,15.84,2023,AIIMS,Quarterly,0,0
2023-01-05 21:00:00,11.21,25.1,23.45,6.2,37.62,11.33,0.12,75.84,0.8,15.86,2023,AIIMS,Quarterly,0,0
2023-01-05 21:15:00,11.63,25.0,23.74,6.61,39.28,12.13,0.21,257.14,0.83,15.84,2023,AIIMS,Quarterly,0,0
2023-01-05 21:30:00,12.12,26.18,24.75,6.47,39.28,12.13,1.64,220.81,0.84,15.8,2023,AIIMS,Quarterly,0,0
2023-01-05 21:45:00,11.21,25.81,23.83,6.32,39.28,12.13,0.62,177.95,0.8,15.86,2023,AIIMS,Quarterly,0,0
2023-01-05 22:00:00,9.69,27.38,23.43,6.16,32.23,9.74,0.62,192.13,0.77,15.85,2023,AIIMS,Quarterly,0,0
2023-01-05 22:15:00,8.44,28.0,22.75,6.23,29.94,8.97,0.3,199.65,0.75,15.85,2023,AIIMS,Quarterly,0,0
2023-01-05 22:30:00,7.38,27.5,21.64,6.06,29.94,8.97,0.47,176.75,0.72,15.83,2023,AIIMS,Quarterly,0,0
2023-01-05 22:45:00,6.59,27.11,20.8,5.92,29.94,8.97,0.87,208.2,0.7,15.84,2023,AIIMS,Quarterly,0,0
2023-01-05 23:00:00,6.09,26.41,20.03,6.0,24.72,7.3,0.82,204.52,0.67,15.88,2023,AIIMS,Quarterly,0,0
2023-01-05 23:15:00,5.63,26.1,19.5,4.44,23.03,6.76,0.79,210.2,0.56,15.87,2023,AIIMS,Quarterly,0,0
2023-01-05 23:30:00,5.33,25.29,18.84,7.44,23.03,6.76,0.93,217.71,0.57,15.81,2023,AIIMS,Quarterly,0,0
2023-01-05 23:45:00,4.87,22.9,17.22,7.24,23.03,6.76,0.55,229.5,0.54,15.81,2023,AIIMS,Quarterly,0,0
2023-01-06 00:15:00,12.5,77.38,57.21,7.62,68.39,33.65,0.17,85.94,1.17,15.8,2023,AIIMS,Quarterly,0,0
2023-01-06 00:30:00,12.9,76.9,56.28,7.7,74.88,39.15,0.16,96.4,1.17,15.8,2023,AIIMS,Quarterly,0,0
2023-01-06 00:45:00,13.08,76.34,55.11,7.23,74.88,39.15,0.11,111.04,1.18,15.8,2023,AIIMS,Quarterly,0,0
2023-01-06 01:15:00,12.64,73.34,49.81,7.07,73.83,42.09,0.17,123.06,1.19,15.8,2023,AIIMS,Quarterly,0,0
2023-01-06 01:30:00,12.49,68.51,47.16,7.18,72.86,44.77,0.3,99.89,1.19,15.8,2023,AIIMS,Quarterly,0,0
2023-01-06 01:45:00,10.2,57.04,39.34,9.32,72.86,44.77,0.37,70.83,1.12,15.8,2023,AIIMS,Quarterly,0,0
2023-01-06 02:00:00,11.58,74.09,50.34,8.59,72.86,44.77,0.3,76.23,1.15,15.8,2023,AIIMS,Quarterly,0,0
2023-01-06 02:15:00,10.73,64.81,45.61,7.55,68.44,41.87,0.32,84.21,1.12,15.8,2023,AIIMS,Quarterly,0,0
2023-01-06 02:30:00,10.33,66.76,44.62,9.17,64.58,39.23,0.34,67.04,1.08,15.8,2023,AIIMS,Quarterly,0,0
2023-01-06 02:45:00,10.23,64.91,47.57,7.8,64.58,39.23,0.3,96.81,1.07,15.8,2023,AIIMS,Quarterly,0,0
2023-01-06 03:00:00,10.08,65.17,43.49,7.36,64.58,39.23,0.33,99.42,1.04,15.8,2023,AIIMS,Quarterly,0,0
2023-01-06 03:15:00,9.84,67.81,51.44,6.79,59.86,37.77,0.31,87.98,1.03,15.8,2023,AIIMS,Quarterly,0,0
2023-01-06 03:30:00,9.78,66.31,43.84,6.89,55.55,36.44,0.28,93.96,1.0,15.8,2023,AIIMS,Quarterly,0,0
2023-01-06 03:45:00,9.63,72.02,50.67,6.82,55.55,36.44,0.26,95.66,0.99,15.8,2023,AIIMS,Quarterly,0,0
2023-01-06 04:00:00,9.48,65.88,47.65,6.65,55.55,36.44,0.2,4.76,0.97,15.8,2023,AIIMS,Quarterly,0,0
2023-01-06 04:15:00,9.44,70.72,49.47,6.64,55.54,35.24,0.39,11.49,0.96,15.8,2023,AIIMS,Quarterly,0,0
2023-01-06 04:30:00,9.49,71.44,51.07,6.57,55.54,34.14,0.22,30.53,0.94,15.8,2023,AIIMS,Quarterly,0,0
2023-01-06 04:45:00,9.52,70.64,45.9,6.5,55.54,34.14,0.21,67.43,0.9,15.8,2023,AIIMS,Quarterly,0,0
2023-01-06 05:00:00,9.93,72.03,46.95,6.17,55.54,34.14,0.32,44.36,0.88,15.8,2023,AIIMS,Quarterly,0,0
2023-01-06 05:15:00,10.01,73.96,48.02,4.91,52.3,33.09,0.23,92.34,0.85,15.8,2023,AIIMS,Quarterly,0,0
2023-01-06 05:30:00,9.87,73.53,47.68,5.99,49.47,32.13,0.26,93.52,0.85,15.8,2023,AIIMS,Quarterly,0,0
2023-01-06 05:45:00,9.62,73.17,47.29,6.05,49.47,32.13,0.2,88.92,0.83,15.8,2023,AIIMS,Quarterly,0,0
2023-01-06 06:00:00,9.43,73.38,47.77,6.66,49.47,32.13,0.12,81.45,0.82,15.8,2023,AIIMS,Quarterly,0,0
2023-01-06 06:15:00,9.64,77.46,49.92,6.56,48.56,31.14,0.17,74.71,0.83,15.8,2023,AIIMS,Quarterly,0,0
2023-01-06 06:30:00,9.85,73.57,49.7,5.78,47.77,30.23,0.28,38.79,0.84,15.8,2023,AIIMS,Quarterly,0,0
2023-01-06 06:45:00,9.96,75.46,50.52,6.62,47.77,30.23,0.16,49.74,0.85,15.8,2023,AIIMS,Quarterly,0,0
2023-01-06 07:00:00,10.12,75.08,51.13,6.3,47.77,30.23,0.18,84.32,0.87,15.8,2023,AIIMS,Quarterly,0,0
2023-01-06 07:15:00,10.55,76.42,52.32,6.49,53.41,32.3,0.22,46.01,0.9,15.8,2023,AIIMS,Quarterly,0,0
2023-01-06 07:30:00,11.05,76.75,53.51,6.66,58.35,34.18,0.1,71.6,0.94,15.8,2023,AIIMS,Quarterly,0,0
2023-01-06 07:45:00,11.78,76.45,55.48,6.85,58.35,34.18,0.3,22.32,1.01,15.8,2023,AIIMS,Quarterly,0,0
2023-01-06 08:00:00,13.43,74.28,58.68,8.12,58.35,34.18,0.63,5.65,1.1,15.8,2023,AIIMS,Quarterly,0,0
2023-01-06 08:15:00,14.25,78.94,58.57,41.99,102.97,43.95,0.77,6.22,1.31,15.8,2023,AIIMS,Quarterly,0,0
2023-01-06 08:30:00,12.81,76.72,55.31,40.37,142.0,52.49,0.69,3.88,1.18,15.8,2023,AIIMS,Quarterly,0,0
2023-01-06 08:45:00,10.11,64.47,43.14,28.39,142.0,52.49,0.76,4.04,1.1,15.8,2023,AIIMS,Quarterly,0,0
2023-01-06 09:00:00,8.12,62.5,42.37,34.14,142.0,52.49,0.69,11.22,1.09,15.8,2023,AIIMS,Quarterly,0,0
2023-01-06 09:15:00,6.97,57.99,40.8,35.65,77.54,46.46,0.73,22.47,1.04,15.8,2023,AIIMS,Quarterly,0,0
2023-01-06 09:30:00,6.28,57.17,36.76,37.93,21.14,41.18,0.92,1.51,0.99,15.8,2023,AIIMS,Quarterly,0,0
2023-01-06 09:45:00,6.3,58.29,36.86,29.54,21.14,41.18,0.63,16.06,0.99,15.8,2023,AIIMS,Quarterly,0,0
2023-01-06 10:00:00,5.24,52.48,33.51,29.59,21.14,41.18,0.95,13.32,0.92,15.8,2023,AIIMS,Quarterly,0,0
2023-01-06 10:15:00,5.25,41.24,28.23,29.57,25.63,38.86,0.89,8.85,0.73,15.8,2023,AIIMS,Quarterly,0,0
2023-01-06 10:30:00,5.29,45.46,29.35,24.54,29.56,36.84,0.82,0.04,0.77,15.8,2023,AIIMS,Quarterly,0,0
2023-01-06 10:45:00,4.66,39.6,25.78,21.96,29.56,36.84,0.94,14.1,0.61,15.8,2023,AIIMS,Quarterly,0,0
2023-01-06 11:00:00,4.36,39.33,25.4,18.65,29.56,36.84,0.55,24.55,0.62,15.8,2023,AIIMS,Quarterly,0,0
2023-01-06 11:15:00,4.02,31.66,21.11,9.2,30.17,32.34,0.66,23.99,0.52,15.8,2023,AIIMS,Quarterly,0,0
2023-01-06 11:30:00,4.55,45.45,28.75,17.37,30.7,28.4,0.74,15.34,0.63,15.8,2023,AIIMS,Quarterly,0,0
2023-01-06 11:45:00,4.69,46.62,29.47,17.82,30.7,28.4,0.67,29.11,0.56,15.8,2023,AIIMS,Quarterly,0,0
2023-01-06 12:00:00,4.42,37.89,24.69,18.58,30.7,28.4,0.78,8.69,0.49,15.8,2023,AIIMS,Quarterly,0,0
2023-01-06 12:15:00,4.46,52.08,32.14,14.69,35.94,30.64,0.47,359.6,0.63,15.8,2023,AIIMS,Quarterly,0,0
2023-01-06 12:30:00,4.91,39.8,26.32,13.32,40.53,32.6,0.38,22.46,0.62,15.8,2023,AIIMS,Quarterly,0,0
2023-01-06 12:45:00,4.12,40.49,25.81,10.64,40.53,32.6,0.42,32.61,0.51,15.8,2023,AIIMS,Quarterly,0,0
2023-01-06 13:00:00,3.62,40.36,25.34,8.87,40.53,32.6,0.27,256.34,0.47,15.8,2023,AIIMS,Quarterly,0,0
2023-01-06 13:15:00,5.03,45.91,29.8,8.98,31.29,29.7,0.2,280.34,0.54,15.8,2023,AIIMS,Quarterly,0,0
2023-01-06 13:30:00,3.82,46.49,28.7,8.96,23.2,27.04,0.38,237.58,0.52,15.8,2023,AIIMS,Quarterly,0,0
2023-01-06 13:45:00,3.6,49.9,30.31,7.16,23.2,27.04,1.0,212.63,0.51,15.8,2023,AIIMS,Quarterly,0,0
2023-01-06 14:00:00,4.94,43.35,28.23,10.88,23.2,27.04,0.46,19.57,0.49,15.8,2023,AIIMS,Quarterly,0,0
2023-01-06 14:15:00,4.26,36.99,24.09,12.9,29.93,25.21,0.7,21.92,0.45,15.8,2023,AIIMS,Quarterly,0,0
2023-01-06 14:30:00,5.58,52.05,33.69,8.36,35.82,23.61,0.07,39.27,0.52,15.8,2023,AIIMS,Quarterly,0,0
2023-01-06 14:45:00,3.66,51.9,31.4,7.24,35.82,23.61,1.22,220.95,0.5,15.8,2023,AIIMS,Quarterly,0,0
2023-01-06 15:00:00,3.61,42.86,26.64,11.61,35.82,23.61,0.53,207.28,0.4,15.8,2023,AIIMS,Quarterly,0,0
2023-01-06 15:15:00,4.61,46.89,31.18,10.53,26.21,23.16,0.76,207.03,0.53,15.8,2023,AIIMS,Quarterly,0,0
2023-01-06 15:30:00,3.92,50.77,31.02,7.67,17.8,22.76,0.93,224.83,0.46,15.8,2023,AIIMS,Quarterly,0,0
2023-01-06 15:45:00,3.58,51.95,31.37,8.8,17.8,22.76,1.35,219.98,0.41,15.8,2023,AIIMS,Quarterly,0,0
2023-01-06 16:00:00,3.51,41.62,25.91,11.34,17.8,22.76,1.07,187.56,0.34,15.8,2023,AIIMS,Quarterly,0,0
2023-01-06 16:15:00,3.68,39.68,25.04,11.24,24.16,21.6,0.96,223.38,0.35,15.8,2023,AIIMS,Quarterly,0,0
2023-01-06 16:30:00,4.7,39.05,25.53,11.39,29.72,20.53,0.26,347.69,0.33,15.8,2023,AIIMS,Quarterly,0,0
2023-01-06 16:45:00,5.11,41.99,27.38,11.0,29.72,20.53,0.15,284.01,0.39,15.8,2023,AIIMS,Quarterly,0,0
2023-01-06 17:00:00,4.16,54.52,33.18,10.36,29.72,20.53,0.99,226.77,0.4,15.8,2023,AIIMS,Quarterly,0,0
2023-01-06 17:15:00,3.77,48.34,29.63,4.72,17.12,19.41,1.1,220.49,0.46,15.8,2023,AIIMS,Quarterly,0,0
2023-01-06 17:30:00,4.95,51.36,32.15,7.78,6.09,18.43,0.89,223.06,0.48,15.8,2023,AIIMS,Quarterly,0,0
2023-01-06 17:45:00,3.83,53.27,32.26,7.13,6.09,18.43,1.07,221.66,0.49,15.8,2023,AIIMS,Quarterly,0,0
2023-01-06 18:00:00,4.85,50.89,31.83,12.13,6.09,18.43,0.36,216.32,0.65,15.8,2023,AIIMS,Quarterly,0,0
2023-01-06 18:15:00,3.97,52.68,32.06,24.43,19.4,16.88,0.54,213.29,0.59,15.8,2023,AIIMS,Quarterly,0,0
2023-01-06 18:30:00,4.54,58.42,36.25,26.88,31.05,15.52,0.13,186.03,0.68,15.8,2023,AIIMS,Quarterly,0,0
2023-01-06 18:45:00,4.05,59.22,35.54,10.75,31.05,15.52,0.24,203.9,0.64,15.8,2023,AIIMS,Quarterly,0,0
2023-01-06 19:00:00,4.74,68.54,41.93,7.57,31.05,15.52,0.23,137.35,0.74,15.8,2023,AIIMS,Quarterly,0,0
2023-01-06 19:15:00,4.1,59.55,35.75,7.76,30.95,17.38,0.3,128.32,0.67,15.8,2023,AIIMS,Quarterly,0,0
2023-01-06 19:30:00,4.14,60.17,36.11,7.76,30.86,19.01,0.23,153.77,0.68,15.8,2023,AIIMS,Quarterly,0,0
2023-01-06 19:45:00,4.51,65.4,39.14,7.26,30.86,19.01,0.33,186.09,0.71,15.8,2023,AIIMS,Quarterly,0,0
2023-01-06 20:00:00,4.64,66.34,39.73,6.71,30.86,19.01,0.16,158.1,0.76,15.8,2023,AIIMS,Quarterly,0,0
2023-01-06 20:15:00,4.63,68.47,40.83,6.94,34.03,19.1,0.21,155.93,0.87,15.8,2023,AIIMS,Quarterly,0,0
2023-01-06 20:30:00,4.73,69.54,41.48,6.09,36.79,19.17,0.24,177.97,0.76,15.8,2023,AIIMS,Quarterly,0,0
2023-01-06 20:45:00,5.02,70.96,42.59,6.19,36.79,19.17,0.24,167.75,0.8,15.8,2023,AIIMS,Quarterly,0,0
2023-01-06 21:00:00,5.09,69.95,41.98,5.55,36.79,19.17,0.23,166.28,0.79,15.8,2023,AIIMS,Quarterly,0,0
2023-01-06 21:15:00,5.06,69.57,41.75,5.92,37.1,19.62,0.2,170.04,0.84,15.8,2023,AIIMS,Quarterly,0,0
2023-01-06 21:30:00,5.16,70.0,42.06,5.37,37.37,20.02,0.17,195.13,0.83,15.8,2023,AIIMS,Quarterly,0,0
2023-01-06 21:45:00,7.66,71.6,46.5,6.14,37.37,20.02,0.15,196.99,0.87,15.8,2023,AIIMS,Quarterly,0,0
2023-01-06 22:00:00,7.45,73.03,45.87,5.75,37.37,20.02,0.09,114.58,0.87,15.8,2023,AIIMS,Quarterly,0,0
2023-01-06 22:15:00,7.35,70.27,43.96,8.91,62.49,20.75,0.15,147.26,0.91,15.8,2023,AIIMS,Quarterly,0,0
2023-01-06 22:30:00,7.45,73.33,45.64,9.25,84.46,21.4,0.29,115.88,0.91,15.8,2023,AIIMS,Quarterly,0,0
2023-01-06 22:45:00,8.07,72.75,45.84,15.92,84.46,21.4,0.25,109.35,0.91,15.8,2023,AIIMS,Quarterly,0,0
2023-01-06 23:00:00,6.95,64.62,40.69,34.83,84.46,21.4,0.1,106.82,0.9,15.8,2023,AIIMS,Quarterly,0,0
2023-01-06 23:15:00,8.05,69.93,44.34,5.57,70.37,25.53,0.45,205.9,0.79,15.8,2023,AIIMS,Quarterly,0,0
2023-01-06 23:30:00,8.05,70.12,44.44,6.99,59.52,28.71,0.14,172.51,0.82,15.8,2023,AIIMS,Quarterly,0,0
2023-01-06 23:45:00,7.2,66.44,41.84,6.64,59.52,28.71,0.41,211.22,0.78,15.8,2023,AIIMS,Quarterly,0,0
2023-01-07 00:15:00,7.68,45.74,31.41,6.68,37.07,11.4,5.38,268.38,0.4,3.35,2023,AIIMS,Quarterly,0,0
2023-01-07 00:30:00,7.34,38.73,27.47,6.66,32.26,13.23,6.93,286.54,0.39,3.16,2023,AIIMS,Quarterly,0,0
2023-01-07 00:45:00,7.9,45.49,31.45,7.06,31.3,13.62,5.48,275.76,0.41,3.44,2023,AIIMS,Quarterly,0,0
2023-01-07 01:00:00,8.06,42.44,29.99,7.24,31.3,13.62,5.8,232.2,0.37,3.35,2023,AIIMS,Quarterly,0,0
2023-01-07 01:15:00,7.87,41.89,29.55,7.38,31.3,13.62,5.12,239.14,0.38,3.44,2023,AIIMS,Quarterly,0,0
2023-01-07 01:30:00,7.69,38.42,27.59,7.2,25.99,11.6,7.16,258.88,0.36,3.3,2023,AIIMS,Quarterly,0,0
2023-01-07 01:45:00,7.95,40.92,29.1,7.29,24.85,11.16,7.06,247.41,0.36,3.33,2023,AIIMS,Quarterly,0,0
2023-01-07 02:00:00,7.91,42.24,29.76,7.43,24.85,11.16,7.75,275.45,0.35,3.41,2023,AIIMS,Quarterly,0,0
2023-01-07 02:15:00,7.79,40.31,28.66,7.34,24.85,11.16,7.02,243.27,0.33,3.29,2023,AIIMS,Quarterly,0,0
2023-01-07 02:30:00,7.71,44.12,30.59,7.36,20.15,9.56,7.01,221.9,0.34,3.48,2023,AIIMS,Quarterly,0,0
2023-01-07 02:45:00,7.75,42.68,29.86,6.65,19.13,9.22,5.99,234.48,0.33,3.44,2023,AIIMS,Quarterly,0,0
2023-01-07 03:00:00,7.77,42.52,29.8,7.46,19.13,9.22,6.16,235.04,0.32,3.44,2023,AIIMS,Quarterly,0,0
2023-01-07 03:15:00,7.75,43.9,30.5,7.31,19.13,9.22,7.38,255.13,0.32,3.51,2023,AIIMS,Quarterly,0,0
2023-01-07 03:30:00,7.74,42.06,29.53,7.24,15.53,8.48,6.92,286.79,0.31,3.39,2023,AIIMS,Quarterly,0,0
2023-01-07 03:45:00,7.81,43.5,30.34,7.41,14.75,8.32,7.84,302.88,0.31,3.46,2023,AIIMS,Quarterly,0,0
2023-01-07 04:00:00,7.86,43.22,30.24,7.03,14.75,8.32,8.26,308.69,0.31,3.41,2023,AIIMS,Quarterly,0,0
2023-01-07 04:15:00,8.02,44.96,31.27,7.13,14.75,8.32,7.84,291.1,0.3,3.46,2023,AIIMS,Quarterly,0,0
2023-01-07 04:30:00,8.23,43.98,30.93,7.06,17.29,8.59,6.1,264.74,0.31,3.37,2023,AIIMS,Quarterly,0,0
2023-01-07 04:45:00,8.39,45.15,31.67,7.15,17.83,8.65,6.35,245.85,0.31,3.41,2023,AIIMS,Quarterly,0,0
2023-01-07 05:00:00,8.31,40.65,29.25,7.07,17.83,8.65,5.95,241.42,0.3,3.3,2023,AIIMS,Quarterly,0,0
2023-01-07 05:15:00,8.5,43.01,30.64,4.04,17.83,8.65,6.43,237.81,0.28,3.32,2023,AIIMS,Quarterly,0,0
2023-01-07 05:30:00,8.58,43.97,31.2,5.11,16.85,7.8,6.18,248.73,0.3,3.36,2023,AIIMS,Quarterly,0,0
2023-01-07 05:45:00,8.55,40.66,29.45,5.49,16.64,7.62,6.08,231.43,0.3,3.22,2023,AIIMS,Quarterly,0,0
2023-01-07 06:00:00,8.74,44.27,31.49,5.56,16.64,7.62,6.15,248.92,0.31,3.36,2023,AIIMS,Quarterly,0,0
2023-01-07 06:15:00,8.95,41.16,30.04,5.32,16.64,7.62,6.53,254.27,0.29,3.16,2023,AIIMS,Quarterly,0,0
2023-01-07 06:30:00,8.96,44.19,31.62,5.08,17.06,7.04,6.64,270.88,0.31,3.33,2023,AIIMS,Quarterly,0,0
2023-01-07 06:45:00,8.92,38.85,28.81,5.56,17.14,6.92,7.1,260.51,0.29,3.15,2023,AIIMS,Quarterly,0,0
2023-01-07 07:00:00,8.84,41.29,30.01,5.61,17.14,6.92,7.29,257.49,0.3,3.3,2023,AIIMS,Quarterly,0,0
2023-01-07 07:15:00,8.86,39.67,29.18,5.59,17.14,6.92,7.82,265.25,0.29,3.12,2023,AIIMS,Quarterly,0,0
2023-01-07 07:30:00,8.88,43.57,31.24,5.42,17.53,6.49,8.14,278.3,0.32,3.33,2023,AIIMS,Quarterly,0,0
2023-01-07 07:45:00,8.9,42.82,30.86,5.74,17.6,6.4,8.01,277.11,0.33,3.35,2023,AIIMS,Quarterly,0,0
2023-01-07 08:00:00,9.03,43.28,31.2,6.05,17.6,6.4,9.13,284.97,0.35,3.45,2023,AIIMS,Quarterly,0,0
2023-01-07 08:15:00,9.53,40.87,30.35,5.88,17.6,6.4,9.14,291.94,0.41,3.3,2023,AIIMS,Quarterly,0,0
2023-01-07 08:30:00,9.35,44.38,32.03,5.5,25.95,8.13,8.67,284.17,0.49,3.47,2023,AIIMS,Quarterly,0,0
2023-01-07 08:45:00,8.67,43.73,31.15,5.71,27.76,8.5,8.96,273.89,0.52,3.41,2023,AIIMS,Quarterly,0,0
2023-01-07 09:00:00,7.81,43.58,30.38,5.79,27.76,8.5,8.25,280.37,0.5,3.37,2023,AIIMS,Quarterly,0,0
2023-01-07 09:15:00,7.17,43.25,29.7,5.53,27.76,8.5,7.63,304.91,0.52,3.31,2023,AIIMS,Quarterly,0,0
2023-01-07 09:30:00,6.8,43.58,29.57,5.59,33.49,11.42,7.53,250.11,0.57,3.27,2023,AIIMS,Quarterly,0,0
2023-01-07 09:45:00,6.69,44.45,29.94,5.07,34.73,12.06,8.71,248.73,0.6,3.32,2023,AIIMS,Quarterly,0,0
2023-01-07 10:00:00,6.41,42.31,28.6,5.4,34.73,12.06,7.17,244.82,0.62,3.31,2023,AIIMS,Quarterly,0,0
2023-01-07 10:15:00,6.42,43.76,29.37,5.47,34.73,12.06,6.58,255.84,0.64,3.29,2023,AIIMS,Quarterly,0,0
2023-01-07 10:30:00,6.56,45.45,30.36,5.17,39.8,10.49,7.82,280.36,0.66,3.33,2023,AIIMS,Quarterly,0,0
2023-01-07 10:45:00,6.17,42.63,28.57,2.22,40.9,10.15,8.03,284.22,0.66,3.14,2023,AIIMS,Quarterly,0,0
2023-01-07 11:00:00,5.09,44.24,28.55,1.81,40.9,10.15,7.55,269.16,0.65,3.14,2023,AIIMS,Quarterly,0,0
2023-01-07 11:15:00,5.2,41.62,27.27,3.74,40.9,10.15,7.75,258.88,0.63,3.01,2023,AIIMS,Quarterly,0,0
2023-01-07 11:30:00,5.54,39.86,26.62,7.41,35.58,10.33,7.67,283.78,0.64,2.96,2023,AIIMS,Quarterly,0,0
2023-01-07 11:45:00,5.87,40.12,27.02,9.5,34.52,10.37,8.02,296.28,0.62,3.0,2023,AIIMS,Quarterly,0,0
2023-01-07 12:00:00,6.06,37.1,25.59,7.94,34.52,10.37,7.45,278.7,0.6,2.83,2023,AIIMS,Quarterly,0,0
2023-01-07 12:15:00,6.21,35.35,24.8,5.19,34.52,10.37,7.51,282.52,0.62,2.75,2023,AIIMS,Quarterly,0,0
2023-01-07 12:30:00,6.18,38.24,26.29,5.98,35.0,13.51,7.31,273.08,0.61,2.92,2023,AIIMS,Quarterly,0,0
2023-01-07 12:45:00,5.92,32.86,23.27,5.67,35.1,14.19,7.12,286.7,0.59,2.72,2023,AIIMS,Quarterly,0,0
2023-01-07 13:00:00,6.33,34.46,24.43,7.39,35.1,14.19,7.19,279.39,0.6,2.66,2023,AIIMS,Quarterly,0,0
2023-01-07 13:15:00,6.16,34.7,24.42,9.52,35.1,14.19,9.34,281.19,0.58,2.58,2023,AIIMS,Quarterly,0,0
2023-01-07 13:30:00,5.73,37.9,25.75,9.02,39.66,13.11,9.0,287.59,0.61,2.72,2023,AIIMS,Quarterly,0,0
2023-01-07 13:45:00,5.73,37.18,25.37,9.47,40.64,12.88,7.38,279.6,0.6,2.72,2023,AIIMS,Quarterly,0,0
2023-01-07 14:00:00,5.97,35.18,24.52,9.68,40.64,12.88,8.63,286.23,0.63,2.68,2023,AIIMS,Quarterly,0,0
2023-01-07 14:15:00,6.01,33.0,23.41,8.87,40.64,12.88,7.56,269.07,0.66,2.61,2023,AIIMS,Quarterly,0,0
2023-01-07 14:30:00,6.05,42.04,28.16,9.21,38.15,11.69,7.65,267.96,0.67,2.93,2023,AIIMS,Quarterly,0,0
2023-01-07 14:45:00,6.31,40.73,27.69,9.68,37.66,11.44,10.34,297.19,0.65,3.01,2023,AIIMS,Quarterly,0,0
2023-01-07 15:00:00,6.15,37.26,25.75,9.95,37.66,11.44,8.56,282.63,0.61,2.89,2023,AIIMS,Quarterly,0,0
2023-01-07 15:15:00,5.72,36.38,24.95,9.87,37.66,11.44,8.53,287.16,0.57,2.85,2023,AIIMS,Quarterly,0,0
2023-01-07 15:30:00,5.62,36.33,24.84,9.37,39.19,12.87,7.36,288.86,0.56,2.88,2023,AIIMS,Quarterly,0,0
2023-01-07 15:45:00,5.64,36.73,25.06,9.57,39.52,13.18,5.04,282.05,0.57,2.89,2023,AIIMS,Quarterly,0,0
2023-01-07 16:00:00,5.75,37.2,25.4,9.19,39.52,13.18,5.36,295.93,0.54,2.91,2023,AIIMS,Quarterly,0,0
2023-01-07 16:15:00,5.72,37.44,25.5,9.13,39.52,13.18,5.45,281.92,0.51,2.9,2023,AIIMS,Quarterly,0,0
2023-01-07 16:30:00,4.97,30.97,21.52,8.98,36.16,11.35,6.55,281.92,0.41,2.76,2023,AIIMS,Quarterly,0,0
2023-01-07 16:45:00,3.88,20.18,15.0,7.3,35.43,10.96,6.07,272.16,0.25,2.26,2023,AIIMS,Quarterly,0,0
2023-01-07 17:00:00,3.54,20.33,14.81,5.56,35.43,10.96,5.68,250.6,0.22,2.06,2023,AIIMS,Quarterly,0,0
2023-01-07 17:15:00,3.63,22.85,16.2,3.97,35.43,10.96,5.46,256.47,0.2,2.07,2023,AIIMS,Quarterly,0,0
2023-01-07 17:30:00,3.8,25.49,17.71,4.9,34.36,9.49,7.64,275.59,0.24,2.1,2023,AIIMS,Quarterly,0,0
2023-01-07 17:45:00,4.15,30.0,20.35,5.02,34.14,9.17,7.41,282.42,0.24,2.29,2023,AIIMS,Quarterly,0,0
2023-01-07 18:00:00,4.62,32.51,22.04,5.28,34.14,9.17,6.41,273.78,0.24,2.49,2023,AIIMS,Quarterly,0,0
2023-01-07 18:15:00,4.75,32.18,21.97,5.28,34.14,9.17,6.94,290.28,0.25,2.45,2023,AIIMS,Quarterly,0,0
2023-01-07 18:30:00,4.77,36.0,23.99,5.63,28.95,8.14,8.68,285.38,0.28,2.61,2023,AIIMS,Quarterly,0,0
2023-01-07 18:45:00,4.92,36.69,24.46,6.12,27.91,7.92,7.4,285.44,0.26,2.61,2023,AIIMS,Quarterly,0,0
2023-01-07 19:00:00,4.84,33.42,22.7,5.73,27.91,7.92,6.41,281.99,0.27,2.53,2023,AIIMS,Quarterly,0,0
2023-01-07 19:15:00,5.03,38.45,25.48,5.68,27.91,7.92,6.03,286.09,0.29,2.73,2023,AIIMS,Quarterly,0,0
2023-01-07 19:30:00,5.29,36.59,24.71,5.95,28.47,9.51,5.59,285.5,0.28,2.6,2023,AIIMS,Quarterly,0,0
2023-01-07 19:45:00,5.6,38.02,25.7,4.57,28.58,9.83,5.34,281.32,0.29,2.7,2023,AIIMS,Quarterly,0,0
2023-01-07 20:00:00,5.68,36.32,24.88,5.27,28.58,9.83,5.2,278.74,0.29,2.7,2023,AIIMS,Quarterly,0,0
2023-01-07 20:15:00,6.05,37.3,25.69,5.3,28.58,9.83,5.92,293.62,0.31,2.71,2023,AIIMS,Quarterly,0,0
2023-01-07 20:30:00,6.29,39.48,27.02,5.88,27.9,12.01,6.06,293.05,0.32,2.84,2023,AIIMS,Quarterly,0,0
2023-01-07 20:45:00,6.29,35.16,24.77,5.55,27.76,12.48,4.79,268.72,0.32,2.8,2023,AIIMS,Quarterly,0,0
2023-01-07 21:00:00,6.5,37.83,26.32,5.31,27.76,12.48,5.62,273.03,0.32,2.93,2023,AIIMS,Quarterly,0,0
2023-01-07 21:15:00,6.61,38.38,26.71,5.21,27.76,12.48,5.83,290.75,0.33,2.97,2023,AIIMS,Quarterly,0,0
2023-01-07 21:30:00,6.74,42.51,28.97,5.67,27.45,12.74,6.1,295.91,0.33,3.18,2023,AIIMS,Quarterly,0,0
2023-01-07 21:45:00,6.82,39.51,27.46,5.7,27.39,12.79,5.81,264.48,0.33,3.09,2023,AIIMS,Quarterly,0,0
2023-01-07 22:00:00,6.85,40.68,28.1,5.81,27.39,12.79,5.83,265.11,0.33,3.19,2023,AIIMS,Quarterly,0,0
2023-01-07 22:15:00,6.85,40.68,28.1,5.81,27.39,12.79,5.83,265.11,0.33,3.19,2023,AIIMS,Quarterly,0,0
2023-01-07 22:30:00,6.84,38.61,27.01,5.87,27.24,11.84,5.71,271.18,0.32,3.11,2023,AIIMS,Quarterly,0,0
2023-01-07 22:45:00,7.03,41.56,28.7,5.94,27.04,10.54,6.47,231.61,0.33,3.35,2023,AIIMS,Quarterly,0,0
2023-01-07 23:00:00,7.14,39.98,27.96,6.04,27.04,10.54,8.35,199.29,0.32,3.29,2023,AIIMS,Quarterly,0,0
2023-01-07 23:15:00,7.22,41.45,28.8,3.92,27.04,10.54,7.68,215.34,0.31,3.37,2023,AIIMS,Quarterly,0,0
2023-01-07 23:30:00,7.28,40.29,28.24,4.8,24.99,11.0,7.75,195.8,0.32,3.29,2023,AIIMS,Quarterly,0,0
2023-01-07 23:45:00,7.41,41.67,29.07,5.27,24.55,11.09,5.07,208.43,0.33,3.39,2023,AIIMS,Quarterly,0,0
2023-01-08 00:15:00,6.67,26.2,20.39,4.58,55.68,12.66,3.58,215.73,0.42,2.68,2023,AIIMS,Quarterly,0,0
2023-01-08 00:30:00,6.99,26.95,21.04,4.53,55.47,12.63,3.5,210.58,0.45,2.62,2023,AIIMS,Quarterly,0,0
2023-01-08 00:45:00,7.16,25.57,20.45,5.03,51.82,12.01,4.21,217.26,0.43,2.58,2023,AIIMS,Quarterly,0,0
2023-01-08 01:00:00,7.27,26.03,20.78,4.56,51.82,12.01,4.29,217.31,0.44,2.54,2023,AIIMS,Quarterly,0,0
2023-01-08 01:15:00,7.16,24.7,20.0,4.72,51.82,12.01,4.33,222.93,0.4,2.49,2023,AIIMS,Quarterly,0,0
2023-01-08 01:30:00,6.9,24.68,19.78,4.48,51.68,12.01,4.35,217.33,0.41,2.44,2023,AIIMS,Quarterly,0,0
2023-01-08 01:45:00,6.66,23.65,19.05,4.75,48.63,12.11,4.14,219.82,0.38,2.35,2023,AIIMS,Quarterly,0,0
2023-01-08 02:00:00,6.56,24.21,19.26,4.31,48.63,12.11,4.25,219.49,0.4,2.35,2023,AIIMS,Quarterly,0,0
2023-01-08 02:15:00,6.52,23.07,18.63,4.59,48.63,12.11,3.97,216.99,0.36,2.33,2023,AIIMS,Quarterly,0,0
2023-01-08 02:30:00,6.61,23.62,18.99,4.54,48.36,12.09,3.89,217.44,0.38,2.36,2023,AIIMS,Quarterly,0,0
2023-01-08 02:45:00,6.63,22.86,18.61,4.74,42.62,11.66,4.05,212.27,0.35,2.32,2023,AIIMS,Quarterly,0,0
2023-01-08 03:00:00,6.88,23.88,19.34,4.6,42.62,11.66,4.35,216.05,0.38,2.43,2023,AIIMS,Quarterly,0,0
2023-01-08 03:15:00,7.37,24.4,20.01,4.38,42.62,11.66,4.21,214.82,0.36,2.55,2023,AIIMS,Quarterly,0,0
2023-01-08 03:30:00,7.8,23.36,19.81,4.42,42.54,11.53,4.49,219.84,0.37,2.58,2023,AIIMS,Quarterly,0,0
2023-01-08 03:45:00,7.87,24.24,20.33,5.21,40.96,8.74,4.52,214.88,0.37,2.6,2023,AIIMS,Quarterly,0,0
2023-01-08 04:00:00,8.13,23.56,20.18,4.54,40.96,8.74,4.09,218.39,0.36,2.64,2023,AIIMS,Quarterly,0,0
2023-01-08 04:15:00,8.96,24.23,21.2,4.49,40.96,8.74,4.49,216.65,0.35,2.73,2023,AIIMS,Quarterly,0,0
2023-01-08 04:30:00,9.99,23.9,21.85,5.01,40.78,8.71,4.54,219.8,0.33,2.81,2023,AIIMS,Quarterly,0,0
2023-01-08 04:45:00,10.25,24.92,22.59,4.4,36.94,8.05,3.72,216.05,0.36,2.79,2023,AIIMS,Quarterly,0,0
2023-01-08 05:00:00,10.05,22.91,21.37,5.12,36.94,8.05,3.87,210.38,0.33,2.75,2023,AIIMS,Quarterly,0,0
2023-01-08 05:15:00,9.98,23.79,21.78,3.8,36.94,8.05,4.45,215.45,0.33,2.74,2023,AIIMS,Quarterly,0,0
2023-01-08 05:30:00,9.81,23.32,21.4,6.18,36.68,7.96,4.36,214.16,0.32,2.77,2023,AIIMS,Quarterly,0,0
2023-01-08 05:45:00,9.62,23.62,21.41,6.04,31.12,6.02,4.28,214.92,0.34,2.7,2023,AIIMS,Quarterly,0,0
2023-01-08 06:00:00,9.56,23.18,21.13,6.24,31.12,6.02,4.01,217.18,0.33,2.66,2023,AIIMS,Quarterly,0,0
2023-01-08 06:15:00,9.58,23.61,21.37,6.01,31.12,6.02,3.75,224.99,0.33,2.65,2023,AIIMS,Quarterly,0,0
2023-01-08 06:30:00,10.42,24.32,22.41,5.9,30.84,5.96,3.83,220.0,0.32,2.72,2023,AIIMS,Quarterly,0,0
2023-01-08 06:45:00,11.24,25.67,23.78,5.92,24.89,4.59,3.97,221.21,0.35,2.78,2023,AIIMS,Quarterly,0,0
2023-01-08 07:00:00,12.23,25.24,24.35,5.99,24.89,4.59,4.24,220.31,0.33,2.8,2023,AIIMS,Quarterly,0,0
2023-01-08 07:15:00,12.67,25.43,24.8,5.91,24.89,4.59,4.12,218.17,0.36,2.84,2023,AIIMS,Quarterly,0,0
2023-01-08 07:30:00,12.98,24.94,24.79,5.84,25.12,4.73,4.19,221.15,0.35,2.84,2023,AIIMS,Quarterly,0,0
2023-01-08 07:45:00,13.13,25.3,25.1,6.15,29.9,7.59,4.69,219.96,0.38,2.85,2023,AIIMS,Quarterly,0,0
2023-01-08 08:00:00,13.36,24.86,25.05,6.03,29.9,7.59,4.55,218.8,0.37,2.82,2023,AIIMS,Quarterly,0,0
2023-01-08 08:15:00,13.51,25.06,25.28,6.02,29.9,7.59,4.51,228.4,0.4,2.84,2023,AIIMS,Quarterly,0,0
2023-01-08 08:30:00,13.81,24.47,25.21,6.2,30.42,7.5,4.24,217.78,0.41,2.83,2023,AIIMS,Quarterly,0,0
2023-01-08 08:45:00,13.92,25.39,25.78,6.02,41.59,5.44,4.38,221.18,0.45,2.84,2023,AIIMS,Quarterly,0,0
2023-01-08 09:00:00,14.33,24.73,25.76,6.13,41.59,5.44,4.13,223.21,0.46,2.86,2023,AIIMS,Quarterly,0,0
2023-01-08 09:15:00,14.62,25.8,26.55,6.2,41.59,5.44,4.31,222.66,0.48,2.92,2023,AIIMS,Quarterly,0,0
2023-01-08 09:30:00,15.18,24.55,26.35,5.88,41.78,5.62,4.59,223.29,0.49,2.93,2023,AIIMS,Quarterly,0,0
2023-01-08 09:45:00,14.66,26.04,26.71,6.19,45.7,9.5,4.52,221.7,0.52,2.95,2023,AIIMS,Quarterly,0,0
2023-01-08 10:00:00,14.6,26.11,26.7,6.32,45.7,9.5,4.17,217.68,0.52,2.99,2023,AIIMS,Quarterly,0,0
2023-01-08 10:15:00,14.76,25.4,26.46,6.12,45.7,9.5,4.23,217.03,0.54,3.03,2023,AIIMS,Quarterly,0,0
2023-01-08 10:30:00,14.93,25.35,26.57,6.13,45.87,9.56,4.13,223.72,0.53,3.1,2023,AIIMS,Quarterly,0,0
2023-01-08 10:45:00,15.03,25.21,26.58,5.98,49.34,10.98,4.31,223.74,0.53,3.07,2023,AIIMS,Quarterly,0,0
2023-01-08 11:00:00,14.53,26.11,26.65,5.55,49.34,10.98,4.31,212.19,0.54,3.03,2023,AIIMS,Quarterly,0,0
2023-01-08 11:15:00,14.37,25.21,26.05,4.47,49.34,10.98,4.02,223.93,0.42,3.04,2023,AIIMS,Quarterly,0,0
2023-01-08 11:30:00,14.21,26.15,26.41,5.91,49.18,10.86,4.19,219.58,0.46,3.06,2023,AIIMS,Quarterly,0,0
2023-01-08 11:45:00,14.55,25.92,26.56,6.27,45.78,8.15,4.3,213.15,0.45,3.11,2023,AIIMS,Quarterly,0,0
2023-01-08 12:00:00,14.32,26.29,26.57,5.92,45.78,8.15,4.38,212.82,0.47,3.1,2023,AIIMS,Quarterly,0,0
2023-01-08 12:15:00,14.15,25.6,26.07,6.13,45.78,8.15,4.33,212.88,0.45,3.07,2023,AIIMS,Quarterly,0,0
2023-01-08 12:30:00,13.97,25.51,25.88,6.62,45.16,8.1,4.24,211.63,0.46,3.02,2023,AIIMS,Quarterly,0,0
2023-01-08 12:45:00,13.84,25.13,25.58,5.99,34.61,7.11,4.17,223.0,0.45,3.0,2023,AIIMS,Quarterly,0,0
2023-01-08 13:00:00,13.69,26.43,26.14,5.74,34.61,7.11,4.25,212.14,0.47,3.02,2023,AIIMS,Quarterly,0,0
2023-01-08 13:15:00,14.24,28.1,27.45,5.85,34.61,7.11,4.75,214.58,0.45,3.16,2023,AIIMS,Quarterly,0,0
2023-01-08 13:30:00,14.43,26.92,26.98,5.64,34.48,7.21,4.7,215.16,0.45,3.12,2023,AIIMS,Quarterly,0,0
2023-01-08 13:45:00,14.42,28.68,27.9,5.53,31.69,9.46,4.34,221.65,0.47,3.08,2023,AIIMS,Quarterly,0,0
2023-01-08 14:00:00,14.9,27.47,27.65,6.03,31.69,9.46,4.53,215.45,0.46,3.09,2023,AIIMS,Quarterly,0,0
2023-01-08 14:15:00,14.61,28.73,28.08,6.09,31.69,9.46,5.18,222.79,0.48,3.1,2023,AIIMS,Quarterly,0,0
2023-01-08 14:30:00,14.41,28.25,27.67,5.91,32.12,9.42,4.76,219.71,0.46,3.05,2023,AIIMS,Quarterly,0,0
2023-01-08 14:45:00,14.12,29.12,27.89,5.3,39.4,8.69,4.61,221.49,0.47,3.04,2023,AIIMS,Quarterly,0,0
2023-01-08 15:00:00,13.69,28.3,27.12,5.9,39.4,8.69,3.48,219.27,0.45,2.97,2023,AIIMS,Quarterly,0,0
2023-01-08 15:15:00,13.09,28.85,26.92,6.46,39.4,8.69,3.78,216.97,0.48,2.94,2023,AIIMS,Quarterly,0,0
2023-01-08 15:30:00,12.48,28.18,26.08,6.69,40.15,8.84,4.14,213.11,0.46,2.86,2023,AIIMS,Quarterly,0,0
2023-01-08 15:45:00,11.96,28.68,25.92,6.03,53.01,11.91,4.36,211.78,0.47,2.85,2023,AIIMS,Quarterly,0,0
2023-01-08 16:00:00,11.22,28.02,24.99,6.3,53.01,11.91,4.64,216.35,0.44,2.77,2023,AIIMS,Quarterly,0,0
2023-01-08 16:15:00,10.2,27.98,24.15,5.97,53.01,11.91,4.47,214.38,0.45,2.72,2023,AIIMS,Quarterly,0,0
2023-01-08 16:30:00,9.28,28.16,23.51,6.15,53.29,12.0,4.36,215.51,0.43,2.66,2023,AIIMS,Quarterly,0,0
2023-01-08 16:45:00,8.53,31.24,24.51,6.11,58.03,13.87,4.34,215.29,0.44,2.82,2023,AIIMS,Quarterly,0,0
2023-01-08 17:00:00,8.05,28.93,22.92,6.03,58.03,13.87,4.61,215.68,0.41,2.7,2023,AIIMS,Quarterly,0,0
2023-01-08 17:15:00,7.4,27.83,21.83,3.95,58.03,13.87,4.19,215.85,0.48,2.59,2023,AIIMS,Quarterly,0,0
2023-01-08 17:30:00,7.08,28.53,21.94,5.79,57.95,13.7,4.1,224.26,0.5,2.6,2023,AIIMS,Quarterly,0,0
2023-01-08 17:45:00,6.66,26.99,20.79,5.42,56.46,9.91,3.77,220.52,0.49,2.54,2023,AIIMS,Quarterly,0,0
2023-01-08 18:00:00,6.52,28.48,21.46,5.31,56.46,9.91,3.51,213.37,0.53,2.59,2023,AIIMS,Quarterly,0,0
2023-01-08 18:15:00,6.55,27.0,20.71,5.96,56.46,9.91,3.67,208.13,0.55,2.59,2023,AIIMS,Quarterly,0,0
2023-01-08 18:30:00,6.73,27.08,20.9,5.71,56.29,9.79,4.24,213.23,0.56,2.58,2023,AIIMS,Quarterly,0,0
2023-01-08 18:45:00,6.58,28.09,21.31,5.72,53.39,7.28,4.51,212.97,0.56,2.62,2023,AIIMS,Quarterly,0,0
2023-01-08 19:00:00,6.36,26.64,20.37,5.83,53.39,7.28,4.55,213.2,0.55,2.54,2023,AIIMS,Quarterly,0,0
2023-01-08 19:15:00,6.08,27.88,20.79,6.08,53.39,7.28,4.1,218.96,0.56,2.52,2023,AIIMS,Quarterly,0,0
2023-01-08 19:30:00,5.94,26.56,19.99,5.89,53.11,7.36,3.77,212.94,0.55,2.51,2023,AIIMS,Quarterly,0,0
2023-01-08 19:45:00,6.01,27.5,20.54,5.8,47.27,9.15,4.18,213.5,0.58,2.5,2023,AIIMS,Quarterly,0,0
2023-01-08 20:00:00,6.07,27.97,20.83,6.35,47.27,9.15,3.95,212.63,0.57,2.52,2023,AIIMS,Quarterly,0,0
2023-01-08 20:15:00,6.24,26.45,20.17,6.06,47.27,9.15,4.34,213.63,0.55,2.5,2023,AIIMS,Quarterly,0,0
2023-01-08 20:30:00,6.31,27.25,20.64,5.7,47.22,9.23,4.51,216.22,0.57,2.46,2023,AIIMS,Quarterly,0,0
2023-01-08 20:45:00,6.18,26.32,20.06,5.96,46.08,10.88,3.42,209.9,0.59,2.34,2023,AIIMS,Quarterly,0,0
2023-01-08 21:00:00,6.28,26.85,20.41,6.03,46.08,10.88,3.99,210.84,0.59,2.35,2023,AIIMS,Quarterly,0,0
2023-01-08 21:15:00,6.3,25.13,19.53,5.92,46.08,10.88,3.89,198.89,0.55,2.27,2023,AIIMS,Quarterly,0,0
2023-01-08 21:30:00,6.32,25.85,19.92,5.51,45.94,10.75,3.82,208.35,0.57,2.28,2023,AIIMS,Quarterly,0,0
2023-01-08 21:45:00,6.39,24.86,19.46,5.25,42.88,7.97,4.23,215.23,0.54,2.23,2023,AIIMS,Quarterly,0,0
2023-01-08 22:00:00,6.56,25.71,20.04,5.03,42.88,7.97,4.31,208.23,0.55,2.28,2023,AIIMS,Quarterly,0,0
2023-01-08 22:15:00,6.48,23.79,18.97,5.83,42.88,7.97,4.14,206.74,0.53,2.16,2023,AIIMS,Quarterly,0,0
2023-01-08 22:30:00,6.69,25.44,20.01,5.32,42.54,8.0,4.51,212.73,0.57,2.24,2023,AIIMS,Quarterly,0,0
2023-01-08 22:45:00,6.86,24.81,19.81,5.33,35.12,8.52,4.89,213.33,0.59,2.21,2023,AIIMS,Quarterly,0,0
2023-01-08 23:00:00,7.01,26.13,20.62,5.08,35.12,8.52,5.08,222.36,0.67,2.26,2023,AIIMS,Quarterly,0,0
2023-01-08 23:15:00,6.79,24.76,19.73,3.83,35.12,8.52,5.19,221.09,0.63,2.25,2023,AIIMS,Quarterly,0,0
2023-01-08 23:30:00,6.41,26.32,20.24,5.95,34.87,8.41,5.36,215.79,0.65,2.28,2023,AIIMS,Quarterly,0,0
2023-01-08 23:45:00,6.22,26.1,19.98,6.94,30.6,6.05,5.51,213.09,0.6,2.33,2023,AIIMS,Quarterly,0,0
2023-01-09 00:15:00,32.74,49.34,53.39,4.37,126.7,29.32,5.469591836734693,213.1861224489796,1.24,50.41,2023,AIIMS,Quarterly,1,95
2023-01-09 00:30:00,27.54,59.46,54.5,4.63,126.7,29.32,5.44938775510204,213.2341836734694,1.33,48.17,2023,AIIMS,Quarterly,1,95
2023-01-09 00:45:00,14.71,49.55,39.04,4.49,126.7,29.32,5.429183673469388,213.28224489795917,1.33,38.7,2023,AIIMS,Quarterly,1,95
2023-01-09 01:00:00,6.85,43.05,29.34,4.4,128.95,31.49,,,1.17,28.08,2023,AIIMS,Quarterly,1,95
2023-01-09 01:15:00,5.23,35.09,23.88,3.84,131.65,33.98,,,1.02,22.14,2023,AIIMS,Quarterly,1,95
2023-01-09 01:30:00,5.8,40.29,27.05,3.85,131.65,33.98,,,1.0,23.02,2023,AIIMS,Quarterly,1,95
2023-01-09 01:45:00,12.06,42.5,33.23,4.41,131.65,33.98,,,1.01,27.65,2023,AIIMS,Quarterly,1,95
2023-01-09 02:00:00,13.99,40.66,33.82,4.4,121.48,31.31,,,1.02,30.17,2023,AIIMS,Quarterly,1,95
2023-01-09 02:15:00,12.59,38.3,31.46,4.55,109.31,28.12,,,0.99,29.96,2023,AIIMS,Quarterly,1,95
2023-01-09 02:30:00,10.97,37.7,29.84,3.8,109.31,28.12,,,0.95,29.06,2023,AIIMS,Quarterly,1,95
2023-01-09 02:45:00,6.56,31.63,23.14,3.51,109.31,28.12,,,0.84,22.84,2023,AIIMS,Quarterly,1,95
2023-01-09 03:00:00,4.93,31.82,21.93,3.91,97.54,28.66,,,0.85,21.5,2023,AIIMS,Quarterly,1,95
2023-01-09 03:15:00,8.21,31.77,24.54,3.36,83.47,29.31,,,0.82,23.65,2023,AIIMS,Quarterly,1,95
2023-01-09 03:30:00,5.0,40.85,30.17,3.31,83.47,29.31,,,0.72,22.09,2023,AIIMS,Quarterly,1,95
2023-01-09 03:45:00,4.04,34.88,22.81,3.34,83.47,29.31,,,0.67,21.13,2023,AIIMS,Quarterly,1,95
2023-01-09 04:00:00,4.24,30.33,20.59,3.13,80.95,29.7,,,0.7,23.07,2023,AIIMS,Quarterly,1,95
2023-01-09 04:15:00,10.22,31.33,25.92,2.99,77.93,30.16,,,0.78,26.74,2023,AIIMS,Quarterly,1,95
2023-01-09 04:30:00,9.65,28.75,24.11,2.67,77.93,30.16,,,0.8,26.72,2023,AIIMS,Quarterly,1,95
2023-01-09 04:45:00,6.75,38.28,26.77,2.5,77.93,30.16,,,0.77,23.87,2023,AIIMS,Quarterly,1,95
2023-01-09 05:00:00,6.14,37.69,25.97,2.97,84.29,26.85,,,0.71,22.91,2023,AIIMS,Quarterly,1,95
2023-01-09 05:15:00,6.88,32.8,24.0,3.61,91.89,22.89,,,0.69,48.78,2023,AIIMS,Quarterly,1,95
2023-01-09 05:30:00,8.58,30.73,24.29,4.26,91.89,22.89,,,0.69,47.1,2023,AIIMS,Quarterly,1,95
2023-01-09 05:45:00,9.14,28.1,23.36,4.48,91.89,22.89,,,0.65,37.68,2023,AIIMS,Quarterly,1,95
2023-01-09 06:00:00,10.9,25.38,23.35,3.96,80.89,22.73,,,0.64,33.52,2023,AIIMS,Quarterly,1,95
2023-01-09 06:15:00,11.89,24.26,23.57,4.21,67.75,22.55,,,0.7,31.11,2023,AIIMS,Quarterly,1,95
2023-01-09 06:30:00,12.07,21.84,22.44,3.55,67.75,22.55,,,0.72,28.68,2023,AIIMS,Quarterly,1,95
2023-01-09 06:45:00,11.57,18.88,20.49,3.85,67.75,22.55,,,0.7,28.21,2023,AIIMS,Quarterly,1,95
2023-01-09 07:00:00,11.97,20.06,21.43,4.6,66.67,22.09,,,0.65,27.13,2023,AIIMS,Quarterly,1,95
2023-01-09 07:15:00,11.18,24.62,23.18,4.13,65.38,21.55,,,0.73,25.91,2023,AIIMS,Quarterly,1,95
2023-01-09 07:30:00,11.78,26.56,24.67,3.75,65.38,21.55,,,0.79,26.02,2023,AIIMS,Quarterly,1,95
2023-01-09 07:45:00,11.41,24.79,23.45,3.76,65.38,21.55,,,0.83,24.09,2023,AIIMS,Quarterly,1,95
2023-01-09 08:00:00,9.89,27.06,23.42,3.87,65.52,20.64,,,0.84,26.32,2023,AIIMS,Quarterly,1,95
2023-01-09 08:15:00,8.14,22.67,19.73,3.88,65.69,19.56,,,0.92,21.79,2023,AIIMS,Quarterly,1,95
2023-01-09 08:30:00,5.83,19.65,16.29,4.56,65.69,19.56,,,0.85,22.01,2023,AIIMS,Quarterly,1,95
2023-01-09 08:45:00,9.08,25.36,21.88,4.61,65.69,19.56,,,0.91,26.27,2023,AIIMS,Quarterly,1,95
2023-01-09 09:00:00,6.37,20.29,17.06,4.28,65.41,20.15,,,0.83,22.58,2023,AIIMS,Quarterly,1,95
2023-01-09 09:15:00,7.69,24.54,20.34,4.27,65.07,20.85,,,0.76,21.8,2023,AIIMS,Quarterly,1,95
2023-01-09 09:30:00,7.07,21.42,18.21,3.73,65.07,20.85,,,0.79,17.9,2023,AIIMS,Quarterly,1,95
2023-01-09 09:45:00,6.11,17.27,15.27,3.9,65.07,20.85,,,0.66,17.07,2023,AIIMS,Quarterly,1,95
2023-01-09 10:00:00,6.26,18.47,16.03,4.15,64.66,20.4,,,0.69,15.62,2023,AIIMS,Quarterly,1,95
2023-01-09 10:15:00,5.52,15.6,13.93,4.4,64.18,19.86,,,0.61,13.43,2023,AIIMS,Quarterly,1,95
2023-01-09 10:30:00,5.96,15.72,14.34,4.24,64.18,19.86,,,0.65,15.17,2023,AIIMS,Quarterly,1,95
2023-01-09 10:45:00,5.86,16.92,14.89,5.27,64.18,19.86,,,0.66,13.22,2023,AIIMS,Quarterly,1,95
2023-01-09 11:00:00,4.67,12.94,11.86,4.56,60.3,18.33,,,0.6,12.44,2023,AIIMS,Quarterly,1,95
2023-01-09 11:15:00,6.82,18.61,16.54,3.94,55.67,16.5,,,0.58,18.3,2023,AIIMS,Quarterly,1,95
2023-01-09 11:30:00,5.37,15.93,13.98,4.26,55.67,16.5,,,0.58,14.91,2023,AIIMS,Quarterly,1,95
2023-01-09 11:45:00,4.84,15.99,13.59,4.57,55.67,16.5,,,0.57,10.69,2023,AIIMS,Quarterly,1,95
2023-01-09 12:00:00,4.63,13.56,12.15,4.82,58.03,15.92,,,0.57,11.83,2023,AIIMS,Quarterly,1,95
2023-01-09 12:15:00,6.12,20.61,17.02,4.46,60.84,15.26,,,0.65,15.16,2023,AIIMS,Quarterly,1,95
2023-01-09 12:30:00,4.88,17.67,14.5,4.5,60.84,15.26,,,0.6,15.09,2023,AIIMS,Quarterly,1,95
2023-01-09 12:45:00,5.04,19.68,15.68,4.52,60.84,15.26,,,0.6,17.96,2023,AIIMS,Quarterly,1,95
2023-01-09 13:00:00,3.99,16.54,13.2,4.78,59.4,17.89,,,0.47,15.44,2023,AIIMS,Quarterly,1,95
2023-01-09 13:15:00,3.42,14.82,11.84,4.71,57.69,21.03,,,0.53,11.69,2023,AIIMS,Quarterly,1,95
2023-01-09 13:30:00,3.7,20.05,14.79,4.82,57.69,21.03,,,0.73,12.04,2023,AIIMS,Quarterly,1,95
2023-01-09 13:45:00,3.64,19.74,14.58,4.92,57.69,21.03,,,0.63,12.44,2023,AIIMS,Quarterly,1,95
2023-01-09 14:00:00,4.59,25.31,18.25,5.34,54.66,20.13,,,0.73,13.99,2023,AIIMS,Quarterly,1,95
2023-01-09 14:15:00,5.59,21.61,18.07,5.18,51.03,19.05,,,0.72,13.3,2023,AIIMS,Quarterly,1,95
2023-01-09 14:30:00,4.73,15.76,13.37,5.1,51.03,19.05,,,0.49,7.75,2023,AIIMS,Quarterly,1,95
2023-01-09 14:45:00,6.04,19.58,16.43,5.32,51.03,19.05,,,0.6,9.97,2023,AIIMS,Quarterly,1,95
2023-01-09 15:00:00,4.41,12.4,11.37,5.23,53.1,20.76,,,0.43,10.23,2023,AIIMS,Quarterly,1,95
2023-01-09 15:15:00,4.17,12.94,11.45,5.68,55.58,22.81,,,0.53,6.02,2023,AIIMS,Quarterly,1,95
2023-01-09 15:30:00,4.28,12.93,11.54,5.39,55.58,22.81,,,0.45,8.62,2023,AIIMS,Quarterly,1,95
2023-01-09 15:45:00,4.87,16.71,13.99,5.68,55.58,22.81,,,0.5,7.05,2023,AIIMS,Quarterly,1,95
2023-01-09 16:00:00,4.76,19.61,15.41,4.88,56.41,22.52,,,0.52,9.24,2023,AIIMS,Quarterly,1,95
2023-01-09 16:15:00,4.13,15.9,12.97,5.09,57.4,22.17,,,0.5,6.7,2023,AIIMS,Quarterly,1,95
2023-01-09 16:30:00,4.07,17.97,14.0,4.65,57.4,22.17,,,0.51,6.9,2023,AIIMS,Quarterly,1,95
2023-01-09 16:45:00,5.27,20.12,16.09,4.6,57.4,22.17,,,0.55,7.19,2023,AIIMS,Quarterly,1,95
2023-01-09 17:00:00,6.55,25.82,20.09,4.85,58.93,21.48,,,0.62,12.29,2023,AIIMS,Quarterly,1,95
2023-01-09 17:15:00,4.68,21.04,16.1,3.23,60.75,20.66,,,0.56,10.08,2023,AIIMS,Quarterly,1,95
2023-01-09 17:30:00,4.4,23.54,17.18,3.35,60.75,20.66,,,0.67,9.01,2023,AIIMS,Quarterly,1,95
2023-01-09 17:45:00,4.44,20.98,15.87,3.78,60.75,20.66,,,0.67,7.04,2023,AIIMS,Quarterly,1,95
2023-01-09 18:00:00,5.64,25.07,18.97,3.51,64.27,21.37,,,0.64,7.88,2023,AIIMS,Quarterly,1,95
2023-01-09 18:15:00,4.63,25.52,18.4,3.3,68.47,22.22,,,0.62,8.49,2023,AIIMS,Quarterly,1,95
2023-01-09 18:30:00,4.85,28.12,19.93,2.8,68.47,22.22,,,0.56,10.94,2023,AIIMS,Quarterly,1,95
2023-01-09 18:45:00,5.21,25.63,18.92,2.69,68.47,22.22,,,0.58,10.26,2023,AIIMS,Quarterly,1,95
2023-01-09 19:00:00,3.88,20.5,15.18,2.95,70.52,21.05,,,0.57,8.55,2023,AIIMS,Quarterly,1,95
2023-01-09 19:15:00,3.66,18.17,13.78,3.61,72.97,19.64,,,0.53,7.82,2023,AIIMS,Quarterly,1,95
2023-01-09 19:30:00,6.8,26.16,20.47,3.5,72.97,19.64,,,0.54,13.12,2023,AIIMS,Quarterly,1,95
2023-01-09 19:45:00,8.73,35.21,26.75,3.2,72.97,19.64,,,0.68,20.81,2023,AIIMS,Quarterly,1,95
2023-01-09 20:00:00,6.07,32.54,23.22,2.6,72.72,17.12,,,0.77,18.19,2023,AIIMS,Quarterly,1,95
2023-01-09 20:15:00,8.52,39.17,28.65,2.49,72.42,14.1,,,0.86,23.14,2023,AIIMS,Quarterly,1,95
2023-01-09 20:30:00,5.46,32.01,22.46,2.66,72.42,14.1,,,0.85,21.06,2023,AIIMS,Quarterly,1,95
2023-01-09 20:45:00,5.68,29.44,21.29,2.67,72.42,14.1,,,0.86,16.01,2023,AIIMS,Quarterly,1,95
2023-01-09 21:00:00,6.77,31.84,23.42,2.64,73.47,16.03,,,0.86,15.77,2023,AIIMS,Quarterly,1,95
2023-01-09 21:15:00,6.44,34.07,24.32,3.15,74.73,18.34,,,0.92,18.8,2023,AIIMS,Quarterly,1,95
2023-01-09 21:30:00,5.16,29.78,21.05,2.91,74.73,18.34,,,0.87,14.85,2023,AIIMS,Quarterly,1,95
2023-01-09 21:45:00,5.28,27.87,20.15,3.14,74.73,18.34,,,0.89,13.63,2023,AIIMS,Quarterly,1,95
2023-01-09 22:00:00,6.46,27.08,20.68,3.0,76.45,18.79,,,0.76,12.51,2023,AIIMS,Quarterly,1,95
2023-01-09 22:15:00,5.61,29.29,21.15,2.81,78.5,19.32,,,0.63,14.39,2023,AIIMS,Quarterly,1,95
2023-01-09 22:30:00,11.58,35.19,29.02,2.91,78.5,19.32,,,0.72,20.53,2023,AIIMS,Quarterly,1,95
2023-01-09 22:45:00,5.98,28.94,21.27,2.99,78.5,19.32,,,0.63,16.31,2023,AIIMS,Quarterly,1,95
2023-01-09 23:00:00,6.14,26.94,20.35,2.34,78.67,20.06,,,0.63,11.75,2023,AIIMS,Quarterly,1,95
2023-01-09 23:15:00,9.69,32.53,26.12,3.75,78.88,20.91,,,0.66,18.51,2023,AIIMS,Quarterly,1,95
2023-01-09 23:30:00,8.07,33.13,25.13,3.97,78.88,20.91,,,0.77,16.23,2023,AIIMS,Quarterly,1,95
2023-01-09 23:45:00,6.45,29.32,21.84,4.01,78.88,20.91,,,0.92,12.95,2023,AIIMS,Quarterly,1,95
2023-01-10 00:15:00,7.97,16.53,16.38,9.19,76.36,24.14,3.53,217.8,0.75,12.14,2023,AIIMS,Quarterly,0,0
2023-01-10 00:30:00,7.89,16.29,16.19,9.18,76.36,24.14,3.31,198.35,0.74,11.02,2023,AIIMS,Quarterly,0,0
2023-01-10 00:45:00,7.89,15.72,15.89,9.11,76.36,24.14,3.52,201.11,0.74,10.65,2023,AIIMS,Quarterly,0,0
2023-01-10 01:00:00,7.76,15.57,15.71,9.1,63.3,20.25,3.17,196.37,0.73,11.2,2023,AIIMS,Quarterly,0,0
2023-01-10 01:15:00,7.81,15.64,15.79,9.23,62.2,19.92,3.55,211.06,0.73,11.35,2023,AIIMS,Quarterly,0,0
2023-01-10 01:30:00,7.75,14.98,15.4,9.24,62.2,19.92,3.34,216.13,0.71,10.99,2023,AIIMS,Quarterly,0,0
2023-01-10 01:45:00,7.81,15.34,15.62,8.88,62.2,19.92,3.69,219.26,0.72,11.84,2023,AIIMS,Quarterly,0,0
2023-01-10 02:00:00,7.75,14.79,15.29,8.85,54.16,17.77,3.37,214.26,0.72,11.24,2023,AIIMS,Quarterly,0,0
2023-01-10 02:15:00,7.73,14.8,15.29,9.24,53.48,17.56,3.55,211.62,0.7,11.41,2023,AIIMS,Quarterly,0,0
2023-01-10 02:30:00,7.7,14.77,15.24,9.47,53.48,17.56,3.19,202.32,0.71,11.1,2023,AIIMS,Quarterly,0,0
2023-01-10 02:45:00,7.69,14.39,15.03,8.76,53.48,17.56,3.72,211.96,0.67,10.76,2023,AIIMS,Quarterly,0,0
2023-01-10 03:00:00,7.65,14.79,15.22,8.84,46.9,17.38,3.42,201.59,0.68,11.18,2023,AIIMS,Quarterly,0,0
2023-01-10 03:15:00,7.68,14.0,14.82,8.75,46.35,17.36,3.15,205.75,0.68,10.42,2023,AIIMS,Quarterly,0,0
2023-01-10 03:30:00,7.55,14.59,15.03,9.13,46.35,17.36,2.46,237.68,0.69,11.17,2023,AIIMS,Quarterly,0,0
2023-01-10 03:45:00,7.51,14.12,14.75,8.85,46.35,17.36,3.18,226.16,0.68,10.42,2023,AIIMS,Quarterly,0,0
2023-01-10 04:00:00,7.67,14.97,15.32,9.29,38.94,19.11,2.97,214.24,0.7,11.75,2023,AIIMS,Quarterly,0,0
2023-01-10 04:15:00,7.69,14.08,14.87,9.25,38.31,19.28,2.5,199.3,0.66,10.64,2023,AIIMS,Quarterly,0,0
2023-01-10 04:30:00,7.78,13.72,14.76,9.09,38.31,19.28,3.14,216.17,0.66,10.33,2023,AIIMS,Quarterly,0,0
2023-01-10 04:45:00,7.83,12.94,14.39,9.01,38.31,19.28,2.87,212.55,0.65,9.39,2023,AIIMS,Quarterly,0,0
2023-01-10 05:00:00,7.89,13.64,14.8,9.07,49.42,20.31,3.47,218.25,0.68,10.09,2023,AIIMS,Quarterly,0,0
2023-01-10 05:15:00,8.07,14.48,15.39,7.01,50.5,20.41,3.44,220.33,0.63,11.03,2023,AIIMS,Quarterly,0,0
2023-01-10 05:30:00,8.27,13.57,15.07,8.09,50.5,20.41,3.04,213.81,0.66,9.5,2023,AIIMS,Quarterly,0,0
2023-01-10 05:45:00,8.41,14.25,15.54,7.96,50.5,20.41,3.22,212.3,0.67,10.47,2023,AIIMS,Quarterly,0,0
2023-01-10 06:00:00,8.66,14.19,15.71,8.19,49.64,20.44,2.78,205.75,0.67,10.68,2023,AIIMS,Quarterly,0,0
2023-01-10 06:15:00,8.71,14.39,15.85,8.24,49.57,20.45,3.4,210.68,0.67,10.91,2023,AIIMS,Quarterly,0,0
2023-01-10 06:30:00,8.81,14.23,15.85,8.83,49.57,20.45,3.57,220.01,0.65,10.75,2023,AIIMS,Quarterly,0,0
2023-01-10 06:45:00,9.01,13.47,15.62,9.07,49.57,20.45,3.61,215.62,0.64,9.91,2023,AIIMS,Quarterly,0,0
2023-01-10 07:00:00,9.03,13.4,15.6,7.89,49.0,19.37,2.92,207.82,0.65,10.08,2023,AIIMS,Quarterly,0,0
2023-01-10 07:15:00,9.18,14.83,16.46,8.27,48.95,19.26,1.51,216.54,0.66,12.25,2023,AIIMS,Quarterly,0,0
2023-01-10 07:30:00,9.4,14.18,16.3,8.48,48.95,19.26,1.81,217.27,0.63,11.1,2023,AIIMS,Quarterly,0,0
2023-01-10 07:45:00,9.42,14.5,16.48,8.92,48.95,19.26,1.9,217.34,0.65,11.45,2023,AIIMS,Quarterly,0,0
2023-01-10 08:00:00,9.45,14.49,16.5,8.49,51.9,15.31,1.47,213.81,0.64,11.55,2023,AIIMS,Quarterly,0,0
2023-01-10 08:15:00,9.46,15.31,16.93,8.41,52.15,14.92,1.75,216.22,0.64,12.26,2023,AIIMS,Quarterly,0,0
2023-01-10 08:30:00,9.42,15.02,16.75,8.25,52.15,14.92,1.42,216.18,0.64,11.87,2023,AIIMS,Quarterly,0,0
2023-01-10 08:45:00,9.37,15.38,16.9,7.92,52.15,14.92,1.59,215.24,0.63,12.45,2023,AIIMS,Quarterly,0,0
2023-01-10 09:00:00,9.22,14.95,16.56,7.95,50.44,16.12,2.04,214.2,0.63,11.99,2023,AIIMS,Quarterly,0,0
2023-01-10 09:15:00,9.12,15.76,16.9,8.04,50.29,16.24,1.69,202.54,0.61,12.58,2023,AIIMS,Quarterly,0,0
2023-01-10 09:30:00,8.99,15.91,16.88,8.28,50.29,16.24,1.91,214.57,0.62,12.43,2023,AIIMS,Quarterly,0,0
2023-01-10 09:45:00,8.96,16.3,17.05,8.66,50.29,16.24,1.45,208.29,0.63,12.48,2023,AIIMS,Quarterly,0,0
2023-01-10 10:00:00,8.64,16.14,16.71,8.37,51.98,25.77,1.99,197.44,0.74,12.24,2023,AIIMS,Quarterly,0,0
2023-01-10 10:15:00,8.36,16.86,16.87,8.65,52.12,26.7,1.96,213.13,0.76,12.46,2023,AIIMS,Quarterly,0,0
2023-01-10 10:30:00,7.96,16.49,16.35,8.53,52.12,26.7,1.88,212.76,0.77,11.54,2023,AIIMS,Quarterly,0,0
2023-01-10 10:45:00,7.67,18.02,16.91,8.72,52.12,26.7,2.02,215.87,0.81,12.75,2023,AIIMS,Quarterly,0,0
2023-01-10 11:00:00,7.31,18.0,16.61,8.58,59.69,25.67,1.48,190.36,0.82,12.29,2023,AIIMS,Quarterly,0,0
2023-01-10 11:15:00,6.88,17.99,16.27,6.98,60.33,25.58,2.0,217.32,0.76,12.03,2023,AIIMS,Quarterly,0,0
2023-01-10 11:30:00,6.42,17.35,15.56,8.24,60.33,25.58,2.06,209.63,0.84,11.06,2023,AIIMS,Quarterly,0,0
2023-01-10 11:45:00,6.01,18.05,15.6,8.11,60.33,25.58,1.71,214.39,0.86,11.53,2023,AIIMS,Quarterly,0,0
2023-01-10 12:00:00,5.79,18.32,15.57,8.45,65.26,26.81,2.4,214.27,0.87,11.47,2023,AIIMS,Quarterly,0,0
2023-01-10 12:15:00,5.6,18.41,15.45,8.23,65.67,26.91,2.02,210.29,0.86,11.27,2023,AIIMS,Quarterly,0,0
2023-01-10 12:30:00,5.34,17.92,15.0,7.81,65.67,26.91,2.34,217.14,0.87,10.51,2023,AIIMS,Quarterly,0,0
2023-01-10 12:45:00,5.02,18.11,14.84,8.82,65.67,26.91,2.22,213.45,0.83,10.4,2023,AIIMS,Quarterly,0,0
2023-01-10 13:00:00,4.67,17.88,14.44,8.56,66.92,26.02,2.3,210.95,0.82,10.05,2023,AIIMS,Quarterly,0,0
2023-01-10 13:15:00,4.48,17.5,14.09,8.19,67.02,25.93,2.13,216.39,0.8,9.6,2023,AIIMS,Quarterly,0,0
2023-01-10 13:30:00,4.28,17.13,13.74,8.37,67.02,25.93,2.1,222.98,0.79,9.1,2023,AIIMS,Quarterly,0,0
2023-01-10 13:45:00,4.13,16.79,13.43,7.96,67.02,25.93,1.85,221.17,0.76,8.93,2023,AIIMS,Quarterly,0,0
2023-01-10 14:00:00,4.0,17.28,13.59,7.75,59.44,27.58,2.61,220.77,0.76,9.53,2023,AIIMS,Quarterly,0,0
2023-01-10 14:15:00,3.8,17.39,13.49,8.73,58.8,27.72,2.4,220.63,0.7,9.5,2023,AIIMS,Quarterly,0,0
2023-01-10 14:30:00,3.61,15.65,12.42,8.0,58.8,27.72,2.43,226.61,0.66,7.46,2023,AIIMS,Quarterly,0,0
2023-01-10 14:45:00,3.67,15.59,12.44,7.71,58.8,27.72,2.34,224.3,0.65,7.56,2023,AIIMS,Quarterly,0,0
2023-01-10 15:00:00,3.7,16.43,12.9,7.79,55.53,19.43,2.14,224.07,0.62,8.81,2023,AIIMS,Quarterly,0,0
2023-01-10 15:15:00,3.94,16.16,12.96,8.38,55.25,18.62,1.8,227.13,0.6,8.3,2023,AIIMS,Quarterly,0,0
2023-01-10 15:30:00,4.29,17.11,13.73,7.97,55.25,18.62,2.06,218.27,0.61,9.36,2023,AIIMS,Quarterly,0,0
2023-01-10 15:45:00,4.26,17.06,13.68,7.52,55.25,18.62,2.3,216.13,0.59,9.47,2023,AIIMS,Quarterly,0,0
2023-01-10 16:00:00,4.23,16.44,13.33,8.07,56.39,21.05,2.4,226.81,0.58,8.55,2023,AIIMS,Quarterly,0,0
2023-01-10 16:15:00,4.18,16.23,13.18,7.62,56.49,21.26,2.5,222.62,0.57,8.35,2023,AIIMS,Quarterly,0,0
2023-01-10 16:30:00,4.1,17.11,13.58,7.37,56.49,21.26,2.47,223.65,0.58,9.19,2023,AIIMS,Quarterly,0,0
2023-01-10 16:45:00,4.14,17.73,13.93,7.93,56.49,21.26,2.86,223.95,0.55,9.34,2023,AIIMS,Quarterly,0,0
2023-01-10 17:00:00,4.14,17.51,13.82,7.63,63.13,18.53,2.48,217.26,0.54,8.66,2023,AIIMS,Quarterly,0,0
2023-01-10 17:15:00,4.03,17.95,13.96,6.39,63.69,18.3,2.79,221.31,0.52,9.33,2023,AIIMS,Quarterly,0,0
2023-01-10 17:30:00,3.97,17.46,13.65,7.57,63.69,18.3,2.24,218.26,0.51,8.76,2023,AIIMS,Quarterly,0,0
2023-01-10 17:45:00,3.94,19.88,14.9,8.23,63.69,18.3,2.23,221.08,0.52,10.03,2023,AIIMS,Quarterly,0,0
2023-01-10 18:00:00,3.99,19.8,14.9,8.42,65.06,20.2,2.27,220.15,0.52,10.09,2023,AIIMS,Quarterly,0,0
2023-01-10 18:15:00,4.16,19.46,14.86,8.07,65.18,20.36,0.82,37.69,0.54,10.23,2023,AIIMS,Quarterly,0,0
2023-01-10 18:30:00,4.42,19.33,15.0,7.86,65.18,20.36,1.16,25.43,0.55,10.25,2023,AIIMS,Quarterly,0,0
2023-01-10 18:45:00,4.34,18.7,14.6,8.73,65.18,20.36,0.58,30.36,0.54,9.56,2023,AIIMS,Quarterly,0,0
2023-01-10 19:00:00,4.28,18.44,14.42,8.09,61.76,16.94,1.15,114.26,0.54,8.92,2023,AIIMS,Quarterly,0,0
2023-01-10 19:15:00,4.3,18.57,14.5,8.39,61.47,16.6,0.82,131.93,0.55,9.14,2023,AIIMS,Quarterly,0,0
2023-01-10 19:30:00,4.37,17.98,14.25,8.66,61.47,16.6,1.03,143.82,0.55,8.64,2023,AIIMS,Quarterly,0,0
2023-01-10 19:45:00,4.48,17.62,14.15,8.56,61.47,16.6,1.07,195.16,0.56,8.43,2023,AIIMS,Quarterly,0,0
2023-01-10 20:00:00,4.63,17.3,14.11,8.29,49.3,15.84,1.77,189.47,0.58,8.05,2023,AIIMS,Quarterly,0,0
2023-01-10 20:15:00,4.91,20.34,15.91,8.11,48.27,15.77,1.91,133.11,0.63,9.58,2023,AIIMS,Quarterly,0,0
2023-01-10 20:30:00,5.34,21.07,16.64,8.56,48.27,15.77,1.51,205.65,0.66,10.08,2023,AIIMS,Quarterly,0,0
2023-01-10 20:45:00,5.54,19.81,16.15,8.84,48.27,15.77,1.81,218.7,0.63,9.98,2023,AIIMS,Quarterly,0,0
2023-01-10 21:00:00,5.76,19.19,16.0,8.8,54.27,17.71,1.2,227.19,0.62,9.91,2023,AIIMS,Quarterly,0,0
2023-01-10 21:15:00,5.88,18.34,15.65,8.76,54.77,17.88,1.43,213.88,0.6,8.98,2023,AIIMS,Quarterly,0,0
2023-01-10 21:30:00,6.16,18.92,16.18,8.78,54.77,17.88,1.21,213.3,0.63,9.7,2023,AIIMS,Quarterly,0,0
2023-01-10 21:45:00,6.34,18.39,16.04,8.71,54.77,17.88,1.15,227.23,0.62,9.22,2023,AIIMS,Quarterly,0,0
2023-01-10 22:00:00,6.53,18.29,16.14,8.49,64.58,20.45,1.24,225.07,0.62,9.44,2023,AIIMS,Quarterly,0,0
2023-01-10 22:15:00,6.65,17.26,15.71,8.49,65.41,20.66,1.43,210.15,0.62,8.92,2023,AIIMS,Quarterly,0,0
2023-01-10 22:30:00,6.79,17.33,15.85,8.61,65.41,20.66,1.49,213.63,0.62,9.26,2023,AIIMS,Quarterly,0,0
2023-01-10 22:45:00,6.76,16.45,15.36,8.85,65.41,20.66,1.08,222.26,0.62,8.7,2023,AIIMS,Quarterly,0,0
2023-01-10 23:00:00,6.8,16.55,15.45,8.27,57.2,18.08,1.23,219.38,0.63,9.17,2023,AIIMS,Quarterly,0,0
2023-01-10 23:15:00,6.87,15.62,15.02,7.49,56.51,17.82,1.26,222.65,0.62,8.71,2023,AIIMS,Quarterly,0,0
2023-01-10 23:30:00,6.97,16.12,15.37,9.22,56.51,17.82,1.2,224.38,0.63,9.1,2023,AIIMS,Quarterly,0,0
2023-01-10 23:45:00,7.12,15.76,15.29,9.75,56.51,17.82,1.09,219.64,0.64,8.86,2023,AIIMS,Quarterly,0,0
2023-01-11 00:15:00,16.32,64.68,48.23,8.96,122.69,54.21,3.87,122.62,1.51,20.85,2023,AIIMS,Quarterly,0,0
2023-01-11 00:30:00,15.98,67.41,49.39,8.69,86.14,44.71,4.17,127.76,1.48,21.38,2023,AIIMS,Quarterly,0,0
2023-01-11 00:45:00,15.67,66.62,48.72,9.13,86.14,44.26,5.23,134.68,1.44,20.74,2023,AIIMS,Quarterly,0,0
2023-01-11 01:00:00,16.24,60.41,45.93,8.94,86.14,44.26,4.36,124.67,1.42,18.85,2023,AIIMS,Quarterly,0,0
2023-01-11 01:15:00,17.27,65.12,49.22,8.77,86.14,44.26,4.15,125.3,1.4,21.36,2023,AIIMS,Quarterly,0,0
2023-01-11 01:30:00,18.14,65.29,50.01,8.73,156.98,49.47,4.47,135.43,1.38,21.89,2023,AIIMS,Quarterly,0,0
2023-01-11 01:45:00,18.97,63.91,49.95,8.89,156.98,49.72,4.13,124.49,1.37,21.76,2023,AIIMS,Quarterly,0,0
2023-01-11 02:00:00,20.42,66.06,52.24,8.69,156.98,49.72,4.21,135.08,1.34,23.36,2023,AIIMS,Quarterly,0,0
2023-01-11 02:15:00,22.13,64.89,53.01,8.84,156.98,49.72,4.42,137.7,1.32,23.59,2023,AIIMS,Quarterly,0,0
2023-01-11 02:30:00,23.47,62.56,52.86,8.6,196.43,54.73,2.85,160.36,1.32,23.63,2023,AIIMS,Quarterly,0,0
2023-01-11 02:45:00,24.82,62.82,54.08,8.95,196.43,54.96,2.76,234.89,1.29,24.3,2023,AIIMS,Quarterly,0,0
2023-01-11 03:00:00,25.64,59.11,52.8,8.34,196.43,54.96,2.58,152.42,1.27,23.16,2023,AIIMS,Quarterly,0,0
2023-01-11 03:15:00,25.98,60.06,53.57,8.75,196.43,54.96,3.71,125.52,1.24,23.83,2023,AIIMS,Quarterly,0,0
2023-01-11 03:30:00,26.17,62.31,54.89,8.53,169.83,59.92,3.6,132.72,1.22,24.77,2023,AIIMS,Quarterly,0,0
2023-01-11 03:45:00,26.16,62.26,54.86,8.31,169.83,60.15,3.65,140.82,1.2,24.8,2023,AIIMS,Quarterly,0,0
2023-01-11 04:00:00,25.94,62.06,54.58,8.26,169.83,60.15,2.45,106.27,1.18,24.6,2023,AIIMS,Quarterly,0,0
2023-01-11 04:15:00,25.78,61.12,53.96,8.6,169.83,60.15,3.17,95.53,1.15,24.27,2023,AIIMS,Quarterly,0,0
2023-01-11 04:30:00,25.66,60.71,53.65,8.38,156.77,60.75,2.97,64.95,1.14,24.01,2023,AIIMS,Quarterly,0,0
2023-01-11 04:45:00,25.49,61.41,53.88,8.31,156.77,60.78,3.78,115.03,1.13,24.24,2023,AIIMS,Quarterly,0,0
2023-01-11 05:00:00,25.22,61.04,53.46,8.29,156.77,60.78,3.48,116.82,1.11,23.94,2023,AIIMS,Quarterly,0,0
2023-01-11 05:15:00,24.67,59.39,52.16,7.55,156.77,60.78,3.5,99.28,1.1,22.94,2023,AIIMS,Quarterly,0,0
2023-01-11 05:30:00,24.05,61.4,52.71,8.95,152.53,61.58,3.65,108.82,1.14,23.49,2023,AIIMS,Quarterly,0,0
2023-01-11 05:45:00,23.47,61.14,52.11,8.74,152.53,61.62,3.42,52.21,1.12,23.19,2023,AIIMS,Quarterly,0,0
2023-01-11 06:00:00,23.17,60.72,51.65,8.79,152.53,61.62,2.64,89.44,1.12,23.17,2023,AIIMS,Quarterly,0,0
2023-01-11 06:15:00,23.18,61.02,51.82,8.55,152.53,61.62,2.97,84.45,1.11,23.34,2023,AIIMS,Quarterly,0,0
2023-01-11 06:30:00,23.42,61.01,52.01,8.66,169.56,80.85,3.2,90.3,1.12,23.04,2023,AIIMS,Quarterly,0,0
2023-01-11 06:45:00,23.85,61.61,52.66,8.63,169.56,81.74,3.16,116.47,1.13,23.67,2023,AIIMS,Quarterly,0,0
2023-01-11 07:00:00,24.68,61.87,53.47,8.93,169.56,81.74,2.93,62.79,1.16,24.37,2023,AIIMS,Quarterly,0,0
2023-01-11 07:15:00,25.89,62.34,54.68,9.39,169.56,81.74,2.01,60.97,1.19,25.07,2023,AIIMS,Quarterly,0,0
2023-01-11 07:30:00,27.05,62.95,55.93,8.34,346.01,106.2,3.02,120.61,1.22,25.88,2023,AIIMS,Quarterly,0,0
2023-01-11 07:45:00,27.29,60.18,54.67,9.15,346.01,107.33,2.56,137.79,1.22,24.95,2023,AIIMS,Quarterly,0,0
2023-01-11 08:00:00,26.84,56.32,52.3,9.11,346.01,107.33,1.73,85.19,1.23,23.22,2023,AIIMS,Quarterly,0,0
2023-01-11 08:15:00,26.33,61.88,54.8,8.96,346.01,107.33,1.22,80.89,1.23,25.1,2023,AIIMS,Quarterly,0,0
2023-01-11 08:30:00,25.91,63.31,55.21,8.45,158.18,86.18,1.51,78.05,1.25,25.55,2023,AIIMS,Quarterly,0,0
2023-01-11 08:45:00,25.47,60.96,53.62,8.85,158.18,85.2,1.27,49.51,1.25,24.34,2023,AIIMS,Quarterly,0,0
2023-01-11 09:00:00,24.73,66.52,55.94,9.18,158.18,85.2,1.84,98.43,1.24,26.15,2023,AIIMS,Quarterly,0,0
2023-01-11 09:15:00,23.91,62.49,53.17,9.21,158.18,85.2,2.38,45.1,1.22,24.12,2023,AIIMS,Quarterly,0,0
2023-01-11 09:30:00,23.14,65.11,53.93,8.38,88.08,67.58,1.72,109.7,1.24,24.82,2023,AIIMS,Quarterly,0,0
2023-01-11 09:45:00,22.07,64.42,52.71,9.32,88.08,66.76,1.93,61.95,1.22,24.27,2023,AIIMS,Quarterly,0,0
2023-01-11 10:00:00,20.99,58.38,48.68,8.9,88.08,66.76,1.95,30.34,1.22,21.32,2023,AIIMS,Quarterly,0,0
2023-01-11 10:15:00,19.48,63.14,49.97,9.19,88.08,66.76,0.95,49.32,1.2,22.42,2023,AIIMS,Quarterly,0,0
2023-01-11 10:30:00,17.56,56.81,45.11,9.25,85.7,38.73,2.23,64.67,1.18,19.5,2023,AIIMS,Quarterly,0,0
2023-01-11 10:45:00,14.88,59.39,44.31,8.52,85.7,37.43,1.53,88.6,1.19,20.45,2023,AIIMS,Quarterly,0,0
2023-01-11 11:00:00,8.38,60.85,39.86,5.18,85.7,37.43,1.4,101.27,1.2,16.9,2023,AIIMS,Quarterly,0,0
2023-01-11 11:15:00,6.05,59.94,37.51,5.13,85.7,37.43,2.06,9.62,1.07,15.71,2023,AIIMS,Quarterly,0,0
2023-01-11 11:30:00,4.88,42.26,27.34,9.2,68.42,44.2,1.47,118.02,1.0,10.58,2023,AIIMS,Quarterly,0,0
2023-01-11 11:45:00,4.23,34.69,22.87,7.25,68.42,44.52,1.86,90.29,0.94,5.71,2023,AIIMS,Quarterly,0,0
2023-01-11 12:00:00,5.16,36.68,24.65,8.9,68.42,44.52,2.46,106.81,0.92,5.96,2023,AIIMS,Quarterly,0,0
2023-01-11 12:15:00,4.36,35.59,23.44,12.3,68.42,44.52,2.32,63.69,0.94,4.45,2023,AIIMS,Quarterly,0,0
2023-01-11 12:30:00,6.43,40.31,27.57,10.97,72.7,39.5,3.63,70.12,0.94,6.7,2023,AIIMS,Quarterly,0,0
2023-01-11 12:45:00,5.44,39.24,26.22,11.47,72.7,39.26,3.28,60.35,0.92,6.13,2023,AIIMS,Quarterly,0,0
2023-01-11 13:00:00,4.68,34.94,23.36,12.04,72.7,39.26,1.91,44.76,0.93,3.91,2023,AIIMS,Quarterly,0,0
2023-01-11 13:15:00,4.79,38.12,25.12,10.93,72.7,39.26,4.64,36.98,0.9,4.77,2023,AIIMS,Quarterly,0,0
2023-01-11 13:30:00,5.04,40.86,26.74,9.92,73.65,39.77,1.6,70.23,0.89,5.86,2023,AIIMS,Quarterly,0,0
2023-01-11 13:45:00,5.14,42.17,27.5,10.15,73.65,39.8,3.95,146.74,0.87,6.45,2023,AIIMS,Quarterly,0,0
2023-01-11 14:00:00,5.28,42.48,27.78,9.56,73.65,39.8,3.6,94.27,0.85,6.66,2023,AIIMS,Quarterly,0,0
2023-01-11 14:15:00,5.42,42.12,27.71,9.79,73.65,39.8,4.3,65.96,0.83,6.71,2023,AIIMS,Quarterly,0,0
2023-01-11 14:30:00,5.69,41.63,27.67,9.73,58.72,40.1,3.15,119.58,0.83,6.54,2023,AIIMS,Quarterly,0,0
2023-01-11 14:45:00,5.87,41.46,27.72,9.65,58.72,40.12,2.78,74.38,0.82,6.57,2023,AIIMS,Quarterly,0,0
2023-01-11 15:00:00,5.78,35.83,24.7,9.82,58.72,40.12,4.37,112.69,0.79,4.48,2023,AIIMS,Quarterly,0,0
2023-01-11 15:15:00,5.65,39.93,26.74,9.71,58.72,40.12,4.27,85.78,0.79,5.97,2023,AIIMS,Quarterly,0,0
2023-01-11 15:30:00,5.8,36.72,25.19,9.66,55.34,33.63,3.67,160.1,0.77,4.79,2023,AIIMS,Quarterly,0,0
2023-01-11 15:45:00,5.97,38.68,26.35,9.28,55.34,33.33,2.96,146.59,0.77,5.83,2023,AIIMS,Quarterly,0,0
2023-01-11 16:00:00,5.94,37.87,25.9,9.49,55.34,33.33,2.58,75.08,0.75,5.55,2023,AIIMS,Quarterly,0,0
2023-01-11 16:15:00,5.78,40.55,27.17,9.29,55.34,33.33,4.1,138.74,0.76,6.72,2023,AIIMS,Quarterly,0,0
2023-01-11 16:30:00,6.17,43.27,28.91,9.97,47.69,27.67,4.19,89.72,0.78,7.44,2023,AIIMS,Quarterly,0,0
2023-01-11 16:45:00,6.4,41.56,28.2,9.7,47.69,27.4,2.83,91.14,0.78,6.88,2023,AIIMS,Quarterly,0,0
2023-01-11 17:00:00,6.88,38.97,27.22,9.76,47.69,27.4,3.13,107.57,0.84,5.99,2023,AIIMS,Quarterly,0,0
2023-01-11 17:15:00,8.37,40.21,29.07,7.97,47.69,27.4,4.18,105.97,0.88,7.08,2023,AIIMS,Quarterly,0,0
2023-01-11 17:30:00,9.13,43.64,31.47,9.5,79.3,27.72,4.97,107.0,0.86,9.08,2023,AIIMS,Quarterly,0,0
2023-01-11 17:45:00,11.31,50.26,36.68,9.95,79.3,27.73,6.09,105.79,1.0,12.78,2023,AIIMS,Quarterly,0,0
2023-01-11 18:00:00,12.34,46.33,35.45,9.68,79.3,27.73,5.36,121.68,1.07,12.23,2023,AIIMS,Quarterly,0,0
2023-01-11 18:15:00,12.89,50.72,38.19,10.14,79.3,27.73,4.61,112.17,1.15,13.42,2023,AIIMS,Quarterly,0,0
2023-01-11 18:30:00,14.96,47.88,38.37,10.42,109.73,28.5,4.93,119.62,1.21,14.21,2023,AIIMS,Quarterly,0,0
2023-01-11 18:45:00,16.37,51.94,41.62,9.67,109.73,28.54,5.66,134.63,1.25,15.46,2023,AIIMS,Quarterly,0,0
2023-01-11 19:00:00,17.08,48.42,40.34,9.72,109.73,28.54,5.92,123.12,1.3,15.33,2023,AIIMS,Quarterly,0,0
2023-01-11 19:15:00,17.76,50.43,41.94,9.27,109.73,28.54,6.0,123.25,1.41,16.61,2023,AIIMS,Quarterly,0,0
2023-01-11 19:30:00,20.09,48.77,42.94,10.17,123.58,31.91,5.94,117.76,1.4,17.27,2023,AIIMS,Quarterly,0,0
2023-01-11 19:45:00,20.71,52.46,45.37,10.18,123.58,32.06,5.87,119.61,1.62,18.84,2023,AIIMS,Quarterly,0,0
2023-01-11 20:00:00,21.6,53.11,46.43,11.32,123.58,32.06,5.92,115.06,1.45,19.78,2023,AIIMS,Quarterly,0,0
2023-01-11 20:15:00,21.98,67.34,54.16,10.75,123.58,32.06,5.33,122.99,1.5,24.49,2023,AIIMS,Quarterly,0,0
2023-01-11 20:30:00,24.09,65.94,55.12,10.73,183.12,57.84,5.16,111.1,1.58,25.5,2023,AIIMS,Quarterly,0,0
2023-01-11 20:45:00,27.47,63.15,56.37,10.88,183.12,59.04,5.02,128.7,1.65,26.21,2023,AIIMS,Quarterly,0,0
2023-01-11 21:00:00,30.65,61.9,58.27,10.68,183.12,59.04,6.25,129.14,1.71,27.44,2023,AIIMS,Quarterly,0,0
2023-01-11 21:15:00,33.2,60.58,59.63,11.57,183.12,59.04,6.02,122.0,1.75,28.31,2023,AIIMS,Quarterly,0,0
2023-01-11 21:30:00,35.25,57.11,59.45,10.78,347.88,81.95,4.34,106.04,1.79,28.12,2023,AIIMS,Quarterly,0,0
2023-01-11 21:45:00,36.52,59.0,61.46,11.76,347.88,83.02,5.22,127.21,1.84,29.5,2023,AIIMS,Quarterly,0,0
2023-01-11 22:00:00,37.74,59.0,62.44,11.4,347.88,83.02,4.96,129.74,1.87,30.41,2023,AIIMS,Quarterly,0,0
2023-01-11 22:15:00,39.1,58.57,63.31,11.4,347.88,83.02,4.93,125.81,1.9,31.05,2023,AIIMS,Quarterly,0,0
2023-01-11 22:30:00,40.57,58.33,64.36,11.49,308.17,102.82,5.13,119.27,1.92,31.72,2023,AIIMS,Quarterly,0,0
2023-01-11 22:45:00,42.01,57.04,64.84,11.35,306.32,103.75,5.75,115.06,1.93,32.17,2023,AIIMS,Quarterly,0,0
2023-01-11 23:00:00,43.37,57.2,66.02,11.68,306.32,103.75,5.82,121.28,1.94,33.02,2023,AIIMS,Quarterly,0,0
2023-01-11 23:15:00,44.71,58.12,67.57,7.42,306.32,103.75,5.58,114.46,1.89,34.11,2023,AIIMS,Quarterly,0,0
2023-01-11 23:30:00,45.88,51.31,64.95,9.12,302.69,123.91,5.91,122.99,1.9,31.72,2023,AIIMS,Quarterly,0,0
2023-01-11 23:45:00,45.75,42.14,60.06,9.09,302.69,124.84,5.22,119.42,1.91,28.21,2023,AIIMS,Quarterly,0,0
2023-01-12 00:15:00,27.71,32.11,40.35,5.97,84.54,35.46,0.22,41.23,1.25,7.62,2023,AIIMS,Quarterly,0,0
2023-01-12 00:30:00,26.96,35.22,41.37,5.79,85.24,35.45,0.43,76.22,1.21,7.64,2023,AIIMS,Quarterly,0,0
2023-01-12 00:45:00,25.87,36.45,41.14,5.94,105.66,35.19,0.46,56.15,1.17,7.65,2023,AIIMS,Quarterly,0,0
2023-01-12 01:00:00,24.76,35.56,39.78,6.57,105.66,35.19,0.51,63.19,1.13,7.65,2023,AIIMS,Quarterly,0,0
2023-01-12 01:15:00,23.64,34.71,38.45,6.86,105.66,35.19,0.55,74.06,1.09,7.65,2023,AIIMS,Quarterly,0,0
2023-01-12 01:30:00,22.59,35.27,37.89,6.78,104.92,35.04,0.6,78.9,1.06,7.64,2023,AIIMS,Quarterly,0,0
2023-01-12 01:45:00,21.63,35.06,37.01,6.48,83.33,30.62,0.53,71.16,1.02,7.65,2023,AIIMS,Quarterly,0,0
2023-01-12 02:00:00,21.04,34.16,36.07,6.36,83.33,30.62,0.63,49.64,0.99,7.64,2023,AIIMS,Quarterly,0,0
2023-01-12 02:15:00,20.5,34.92,36.04,5.98,83.33,30.62,0.69,91.25,0.95,7.64,2023,AIIMS,Quarterly,0,0
2023-01-12 02:30:00,20.18,33.58,35.08,6.31,83.09,30.71,0.62,80.36,0.92,7.67,2023,AIIMS,Quarterly,0,0
2023-01-12 02:45:00,19.99,34.86,35.59,6.16,76.22,33.41,0.42,45.07,0.9,7.67,2023,AIIMS,Quarterly,0,0
2023-01-12 03:00:00,19.74,35.07,35.5,6.36,76.22,33.41,0.54,56.32,0.88,7.67,2023,AIIMS,Quarterly,0,0
2023-01-12 03:15:00,19.47,34.21,34.84,5.54,76.22,33.41,0.61,73.24,0.86,7.66,2023,AIIMS,Quarterly,0,0
2023-01-12 03:30:00,18.93,33.83,34.2,5.86,76.09,33.39,0.6,74.97,0.83,7.66,2023,AIIMS,Quarterly,0,0
2023-01-12 03:45:00,18.53,34.09,34.02,6.16,72.06,32.81,0.56,79.99,0.82,7.66,2023,AIIMS,Quarterly,0,0
2023-01-12 04:00:00,18.09,33.67,33.45,5.99,72.06,32.81,0.65,63.75,0.79,7.67,2023,AIIMS,Quarterly,0,0
2023-01-12 04:15:00,17.67,33.59,33.07,5.97,72.06,32.81,0.68,75.6,0.77,7.66,2023,AIIMS,Quarterly,0,0
2023-01-12 04:30:00,17.35,33.41,32.72,6.04,72.15,32.78,0.65,63.44,0.76,7.66,2023,AIIMS,Quarterly,0,0
2023-01-12 04:45:00,17.05,34.4,33.0,6.16,74.66,31.94,0.66,72.24,0.75,7.66,2023,AIIMS,Quarterly,0,0
2023-01-12 05:00:00,16.82,33.3,32.24,6.29,74.66,31.94,0.65,81.04,0.74,7.66,2023,AIIMS,Quarterly,0,0
2023-01-12 05:15:00,16.49,33.29,31.97,3.46,74.66,31.94,0.56,96.25,0.77,7.64,2023,AIIMS,Quarterly,0,0
2023-01-12 05:30:00,16.13,33.19,31.63,4.62,75.86,32.25,0.51,53.18,0.81,7.65,2023,AIIMS,Quarterly,0,0
2023-01-12 05:45:00,15.8,29.76,29.57,4.23,110.61,41.29,0.56,50.77,0.8,7.64,2023,AIIMS,Quarterly,0,0
2023-01-12 06:00:00,15.09,30.05,29.15,4.95,110.61,41.29,0.59,68.8,0.79,7.63,2023,AIIMS,Quarterly,0,0
2023-01-12 06:15:00,14.38,30.81,28.98,5.47,110.61,41.29,0.48,68.23,0.78,7.63,2023,AIIMS,Quarterly,0,0
2023-01-12 06:30:00,13.91,31.24,28.83,5.02,110.24,41.4,0.63,58.81,0.77,7.64,2023,AIIMS,Quarterly,0,0
2023-01-12 06:45:00,13.81,31.8,29.04,5.29,99.51,44.44,0.26,141.7,0.78,7.66,2023,AIIMS,Quarterly,0,0
2023-01-12 07:00:00,13.69,31.83,28.96,4.98,99.51,44.44,0.62,35.8,0.78,7.65,2023,AIIMS,Quarterly,0,0
2023-01-12 07:15:00,13.45,32.32,29.02,5.2,99.51,44.44,0.68,35.15,0.79,7.65,2023,AIIMS,Quarterly,0,0
2023-01-12 07:30:00,13.22,32.11,28.72,4.97,99.86,44.52,0.65,37.91,0.79,7.65,2023,AIIMS,Quarterly,0,0
2023-01-12 07:45:00,13.32,32.95,29.25,4.44,110.02,46.71,0.63,51.88,0.81,7.64,2023,AIIMS,Quarterly,0,0
2023-01-12 08:00:00,13.76,32.26,29.24,4.18,110.02,46.71,0.4,75.84,0.83,7.63,2023,AIIMS,Quarterly,0,0
2023-01-12 08:15:00,14.19,33.53,30.25,4.44,110.02,46.71,0.48,73.41,0.85,7.65,2023,AIIMS,Quarterly,0,0
2023-01-12 08:30:00,14.27,33.06,30.06,4.99,110.69,46.76,0.39,64.73,0.86,7.66,2023,AIIMS,Quarterly,0,0
2023-01-12 08:45:00,14.3,33.8,30.48,5.13,130.08,48.31,0.2,98.44,0.88,7.66,2023,AIIMS,Quarterly,0,0
2023-01-12 09:00:00,15.0,37.45,32.95,5.44,130.08,48.31,0.48,60.05,0.89,7.65,2023,AIIMS,Quarterly,0,0
2023-01-12 09:15:00,14.59,36.84,32.3,5.36,130.08,48.31,0.56,49.53,0.9,7.69,2023,AIIMS,Quarterly,0,0
2023-01-12 09:30:00,13.36,35.34,30.53,4.59,128.48,48.04,0.1,102.67,0.89,7.67,2023,AIIMS,Quarterly,0,0
2023-01-12 09:45:00,12.47,36.11,30.21,6.24,82.05,40.25,0.3,64.88,0.89,7.66,2023,AIIMS,Quarterly,0,0
2023-01-12 10:00:00,11.82,35.59,29.42,5.47,82.05,40.25,0.43,55.47,0.88,7.66,2023,AIIMS,Quarterly,0,0
2023-01-12 10:15:00,11.21,35.74,29.02,5.46,82.05,40.25,0.27,22.92,0.88,7.66,2023,AIIMS,Quarterly,0,0
2023-01-12 10:30:00,10.44,34.71,27.86,5.8,81.59,40.1,0.29,25.45,0.87,7.66,2023,AIIMS,Quarterly,0,0
2023-01-12 10:45:00,9.06,34.11,26.44,5.32,68.1,35.64,0.25,90.36,0.84,5.11,2023,AIIMS,Quarterly,0,0
2023-01-12 11:00:00,8.04,41.65,29.56,4.68,68.1,35.64,0.28,322.94,0.85,5.110797701664056,2023,AIIMS,Quarterly,1,52
2023-01-12 11:15:00,4.66,43.46,27.8,3.54,68.1,35.64,0.08,31.93,0.79,5.11159540332811,2023,AIIMS,Quarterly,1,52
2023-01-12 11:30:00,4.15,40.49,25.84,7.97,67.57,35.45,0.07,165.75,0.79,5.112393104992165,2023,AIIMS,Quarterly,1,52
2023-01-12 11:45:00,3.94,34.75,22.67,8.37,52.22,29.92,0.2,180.64,0.77,,2023,AIIMS,Quarterly,1,52
2023-01-12 12:00:00,4.12,31.39,21.06,9.27,52.22,29.92,0.11,82.71,0.76,,2023,AIIMS,Quarterly,1,52
2023-01-12 12:15:00,4.2,29.72,20.25,9.21,52.22,29.92,0.18,333.77,0.76,,2023,AIIMS,Quarterly,1,52
2023-01-12 12:30:00,4.44,28.42,19.76,8.77,51.99,29.84,0.23,62.84,0.75,,2023,AIIMS,Quarterly,1,52
2023-01-12 12:45:00,4.27,27.02,18.89,7.64,45.22,27.61,0.11,202.82,0.72,,2023,AIIMS,Quarterly,1,52
2023-01-12 13:00:00,4.29,26.27,18.51,7.53,45.22,27.61,0.22,25.82,0.74,,2023,AIIMS,Quarterly,1,52
2023-01-12 13:15:00,4.41,25.98,18.46,7.39,45.22,27.61,0.37,33.3,0.72,,2023,AIIMS,Quarterly,1,52
2023-01-12 13:30:00,4.1,27.83,19.18,7.32,45.43,27.51,0.36,38.16,0.69,,2023,AIIMS,Quarterly,1,52
2023-01-12 13:45:00,4.1,29.52,20.06,7.23,51.43,24.83,0.35,60.19,0.67,,2023,AIIMS,Quarterly,1,52
2023-01-12 14:00:00,4.24,27.82,19.29,7.21,51.43,24.83,0.26,33.34,0.68,,2023,AIIMS,Quarterly,1,52
2023-01-12 14:15:00,4.64,26.46,18.9,7.35,51.43,24.83,0.46,28.08,0.67,,2023,AIIMS,Quarterly,1,52
2023-01-12 14:30:00,5.33,29.04,20.8,7.17,51.38,24.8,0.15,72.4,0.68,,2023,AIIMS,Quarterly,1,52
2023-01-12 14:45:00,4.87,24.12,17.86,4.53,50.13,23.79,0.36,29.68,0.65,,2023,AIIMS,Quarterly,1,52
2023-01-12 15:00:00,4.83,22.62,17.05,3.24,50.13,23.79,0.17,80.83,0.64,,2023,AIIMS,Quarterly,1,52
2023-01-12 15:15:00,4.78,21.69,16.52,6.75,50.13,23.79,0.11,109.32,0.6,,2023,AIIMS,Quarterly,1,52
2023-01-12 15:30:00,4.05,22.93,16.58,8.01,50.2,23.51,0.16,92.84,0.6,,2023,AIIMS,Quarterly,1,52
2023-01-12 15:45:00,3.88,25.89,17.99,7.95,52.23,15.46,0.14,101.81,0.57,,2023,AIIMS,Quarterly,1,52
2023-01-12 16:00:00,5.03,28.23,20.13,7.88,52.23,15.46,0.18,91.75,0.62,,2023,AIIMS,Quarterly,1,52
2023-01-12 16:15:00,4.98,29.31,20.66,7.84,52.23,15.46,0.13,116.07,0.59,,2023,AIIMS,Quarterly,1,52
2023-01-12 16:30:00,4.55,27.55,19.39,7.58,52.07,15.52,0.15,102.16,0.58,,2023,AIIMS,Quarterly,1,52
2023-01-12 16:45:00,7.61,34.01,25.22,7.77,47.3,17.28,0.18,70.48,0.71,,2023,AIIMS,Quarterly,1,52
2023-01-12 17:00:00,6.97,31.12,23.2,8.06,47.3,17.28,0.21,71.08,0.68,,2023,AIIMS,Quarterly,1,52
2023-01-12 17:15:00,7.3,32.43,24.15,3.16,47.3,17.28,0.15,81.77,0.67,,2023,AIIMS,Quarterly,1,52
2023-01-12 17:30:00,9.31,32.47,25.78,4.84,48.17,17.41,0.14,93.59,0.81,,2023,AIIMS,Quarterly,1,52
2023-01-12 17:45:00,11.28,35.92,29.17,4.85,73.28,21.11,0.12,84.68,0.81,,2023,AIIMS,Quarterly,1,52
2023-01-12 18:00:00,9.91,33.0,26.54,4.88,73.28,21.11,0.11,97.38,0.8,,2023,AIIMS,Quarterly,1,52
2023-01-12 18:15:00,11.04,34.69,28.33,5.1,73.28,21.11,0.1,98.58,0.85,,2023,AIIMS,Quarterly,1,52
2023-01-12 18:30:00,14.86,37.75,32.99,3.92,74.12,21.38,0.23,40.55,0.98,,2023,AIIMS,Quarterly,1,52
2023-01-12 18:45:00,13.99,34.07,30.37,4.79,98.37,29.47,0.21,55.99,0.93,,2023,AIIMS,Quarterly,1,52
2023-01-12 19:00:00,14.47,37.79,32.7,5.1,98.37,29.47,0.21,112.11,0.92,,2023,AIIMS,Quarterly,1,52
2023-01-12 19:15:00,15.03,41.15,34.9,5.12,98.37,29.47,0.18,95.38,0.93,,2023,AIIMS,Quarterly,1,52
2023-01-12 19:30:00,16.94,40.09,35.88,4.56,99.5,29.86,0.14,119.14,0.96,,2023,AIIMS,Quarterly,1,52
2023-01-12 19:45:00,19.04,40.54,37.8,5.16,132.2,41.25,0.2,82.56,1.02,,2023,AIIMS,Quarterly,1,52
2023-01-12 20:00:00,21.33,39.25,38.96,4.91,132.2,41.25,0.19,78.28,1.08,,2023,AIIMS,Quarterly,1,52
2023-01-12 20:15:00,21.93,37.45,38.51,4.8,132.2,41.25,0.18,88.42,1.12,,2023,AIIMS,Quarterly,1,52
2023-01-12 20:30:00,22.39,36.98,38.63,4.8,132.77,41.31,0.16,108.52,1.13,,2023,AIIMS,Quarterly,1,52
2023-01-12 20:45:00,21.99,36.32,37.97,4.24,149.29,43.29,0.22,86.0,1.12,,2023,AIIMS,Quarterly,1,52
2023-01-12 21:00:00,21.39,34.91,36.74,4.26,149.29,43.29,0.21,94.49,1.12,,2023,AIIMS,Quarterly,1,52
2023-01-12 21:15:00,20.68,34.45,35.93,4.43,149.29,43.29,0.18,102.94,1.1,,2023,AIIMS,Quarterly,1,52
2023-01-12 21:30:00,19.84,33.77,34.9,4.4,147.99,43.2,0.16,84.97,1.08,,2023,AIIMS,Quarterly,1,52
2023-01-12 21:45:00,19.31,33.6,34.4,4.52,110.32,40.33,0.3,56.88,1.08,,2023,AIIMS,Quarterly,1,52
2023-01-12 22:00:00,19.27,34.43,34.79,4.74,110.32,40.33,0.32,61.04,1.07,,2023,AIIMS,Quarterly,1,52
2023-01-12 22:15:00,19.16,33.4,34.16,4.21,110.32,40.33,0.24,62.26,1.06,,2023,AIIMS,Quarterly,1,52
2023-01-12 22:30:00,18.65,32.2,33.13,3.96,109.62,40.21,0.26,78.54,1.04,,2023,AIIMS,Quarterly,1,52
2023-01-12 22:45:00,18.01,32.39,32.72,4.89,89.4,36.89,0.24,80.91,1.03,,2023,AIIMS,Quarterly,1,52
2023-01-12 23:00:00,17.36,30.9,31.41,5.0,89.4,36.89,0.21,75.09,1.0,,2023,AIIMS,Quarterly,1,52
2023-01-12 23:15:00,16.69,32.2,31.56,2.83,89.4,36.89,0.19,76.85,0.95,,2023,AIIMS,Quarterly,1,52
2023-01-12 23:30:00,16.08,32.06,31.0,4.55,89.26,36.69,0.28,53.8,0.96,,2023,AIIMS,Quarterly,1,52
2023-01-12 23:45:00,15.66,32.72,31.0,4.1,85.26,30.96,0.24,69.41,0.94,,2023,AIIMS,Quarterly,1,52
2023-06-01 01:00:00,12.81,75.32,53.72,7.23,74.88,39.15,0.07,133.81,1.19,15.8,2023,AIIMS,Quarterly,0,0
2024-01-01 00:15:00,34.65,58.39,59.64,5.73,149.73,90.01,0.14,109.34,1.64,14.18,2024,AIIMS,Quarterly,0,0
2024-01-01 00:30:00,37.15,58.68,61.8,5.6,435.25,93.91,0.17,113.7,1.66,15.16,2024,AIIMS,Quarterly,0,0
2024-01-01 00:45:00,41.39,58.58,65.15,4.41,435.25,93.91,0.15,88.87,1.69,14.03,2024,AIIMS,Quarterly,0,0
2024-01-01 01:00:00,43.9,58.32,67.02,4.24,435.25,93.91,0.17,83.13,1.7,15.51,2024,AIIMS,Quarterly,0,0
2024-01-01 01:15:00,44.84,58.47,67.86,5.17,298.78,103.84,0.11,106.07,1.69,15.42,2024,AIIMS,Quarterly,0,0
2024-01-01 01:30:00,45.25,58.11,68.0,5.83,262.25,106.68,0.18,122.07,1.69,14.74,2024,AIIMS,Quarterly,0,0
2024-01-01 01:45:00,46.43,57.62,68.69,5.7,262.25,106.68,0.15,95.96,1.69,15.44,2024,AIIMS,Quarterly,0,0
2024-01-01 02:00:00,48.23,57.27,69.95,4.64,262.25,106.68,0.16,125.05,1.67,15.18,2024,AIIMS,Quarterly,0,0
2024-01-01 02:15:00,49.44,56.39,70.46,4.84,244.45,108.4,0.16,88.14,1.66,15.98,2024,AIIMS,Quarterly,0,0
2024-01-01 02:30:00,49.2,55.36,69.73,4.93,244.45,108.9,0.38,350.84,1.63,14.6,2024,AIIMS,Quarterly,0,0
2024-01-01 02:45:00,47.78,54.85,68.32,6.06,244.45,108.9,0.18,97.18,1.61,15.93,2024,AIIMS,Quarterly,0,0
2024-01-01 03:00:00,46.0,53.85,66.37,4.79,244.45,108.9,0.21,128.37,1.58,14.49,2024,AIIMS,Quarterly,0,0
2024-01-01 03:15:00,43.98,53.28,64.46,7.04,198.56,104.41,0.23,111.04,1.54,15.86,2024,AIIMS,Quarterly,0,0
2024-01-01 03:30:00,41.68,52.22,62.06,5.25,185.44,103.13,0.23,128.24,1.51,15.2,2024,AIIMS,Quarterly,0,0
2024-01-01 03:45:00,39.43,51.34,59.79,4.65,185.44,103.13,0.18,108.78,1.48,14.89,2024,AIIMS,Quarterly,0,0
2024-01-01 04:00:00,37.39,50.84,57.9,4.27,185.44,103.13,0.18,69.41,1.44,15.27,2024,AIIMS,Quarterly,0,0
2024-01-01 04:15:00,35.59,50.89,56.48,4.73,187.35,98.93,0.12,89.8,1.42,15.74,2024,AIIMS,Quarterly,0,0
2024-01-01 04:30:00,34.07,50.29,54.94,4.82,187.89,97.73,0.15,100.9,1.39,13.7,2024,AIIMS,Quarterly,0,0
2024-01-01 04:45:00,32.59,49.93,53.57,5.45,187.89,97.73,0.15,94.09,1.36,15.74,2024,AIIMS,Quarterly,0,0
2024-01-01 05:00:00,30.78,49.72,52.01,6.0,187.89,97.73,0.15,72.63,1.33,16.19,2024,AIIMS,Quarterly,0,0
2024-01-01 05:15:00,29.01,49.68,50.57,2.57,164.74,93.6,0.18,86.74,1.27,15.01,2024,AIIMS,Quarterly,0,0
2024-01-01 05:30:00,27.3,49.56,49.14,3.93,158.13,92.42,0.23,56.71,1.27,14.56,2024,AIIMS,Quarterly,0,0
2024-01-01 05:45:00,25.64,49.12,47.58,4.25,158.13,92.42,0.22,64.82,1.24,15.07,2024,AIIMS,Quarterly,0,0
2024-01-01 06:00:00,23.85,48.54,45.84,4.94,158.13,92.42,0.24,54.46,1.2,14.52,2024,AIIMS,Quarterly,0,0
2024-01-01 06:15:00,22.28,48.9,44.76,4.69,135.95,88.83,0.31,68.67,1.18,14.94,2024,AIIMS,Quarterly,0,0
2024-01-01 06:30:00,20.84,48.39,43.34,4.62,129.61,87.8,0.28,73.03,1.15,15.29,2024,AIIMS,Quarterly,0,0
2024-01-01 06:45:00,19.62,48.28,42.31,4.84,129.61,87.8,0.19,77.72,1.12,14.71,2024,AIIMS,Quarterly,0,0
2024-01-01 07:00:00,18.77,48.06,41.51,4.68,129.61,87.8,0.1,61.18,1.09,14.61,2024,AIIMS,Quarterly,0,0
2024-01-01 07:15:00,17.82,48.04,40.74,4.37,124.7,81.96,0.08,93.99,1.07,15.41,2024,AIIMS,Quarterly,0,0
2024-01-01 07:30:00,16.94,47.47,39.74,4.44,123.3,80.28,0.17,62.67,1.04,14.95,2024,AIIMS,Quarterly,0,0
2024-01-01 07:45:00,16.61,47.44,39.46,4.2,123.3,80.28,0.15,88.92,1.03,14.7,2024,AIIMS,Quarterly,0,0
2024-01-01 08:00:00,16.48,47.46,39.36,4.06,123.3,80.28,0.14,78.89,1.02,14.99,2024,AIIMS,Quarterly,0,0
2024-01-01 08:15:00,16.65,48.12,39.84,3.09,129.18,77.08,0.14,91.35,1.02,15.03,2024,AIIMS,Quarterly,0,0
2024-01-01 08:30:00,16.42,47.77,39.47,3.78,130.86,76.16,0.13,77.31,1.0,14.26,2024,AIIMS,Quarterly,0,0
2024-01-01 08:45:00,16.03,47.84,39.2,3.63,130.86,76.16,0.1,89.53,1.0,15.79,2024,AIIMS,Quarterly,0,0
2024-01-01 09:00:00,15.63,48.0,38.96,3.36,130.86,76.16,0.11,80.45,0.99,14.48,2024,AIIMS,Quarterly,0,0
2024-01-01 09:15:00,15.29,48.67,39.04,3.32,123.19,70.76,0.25,39.54,0.97,13.62,2024,AIIMS,Quarterly,0,0
2024-01-01 09:30:00,14.86,49.07,38.91,3.93,121.0,69.22,0.19,47.83,0.97,13.99,2024,AIIMS,Quarterly,0,0
2024-01-01 09:45:00,14.27,49.32,38.56,3.78,121.0,69.22,0.11,81.44,0.95,14.37,2024,AIIMS,Quarterly,0,0
2024-01-01 10:00:00,13.52,49.06,37.83,4.08,121.0,69.22,0.25,31.64,0.95,14.7,2024,AIIMS,Quarterly,0,0
2024-01-01 10:15:00,12.96,49.58,37.65,4.17,99.96,62.8,0.18,49.37,0.95,14.28,2024,AIIMS,Quarterly,0,0
2024-01-01 10:30:00,12.18,50.04,37.26,4.32,93.95,60.96,0.04,77.45,0.95,15.39,2024,AIIMS,Quarterly,0,0
2024-01-01 10:45:00,11.22,50.29,36.62,3.79,93.95,60.96,0.29,0.74,0.94,15.96,2024,AIIMS,Quarterly,0,0
2024-01-01 11:00:00,10.17,50.46,35.87,4.59,93.95,60.96,0.24,283.28,0.94,15.31,2024,AIIMS,Quarterly,0,0
2024-01-01 11:15:00,8.95,50.87,35.1,2.26,89.01,58.05,0.31,178.85,0.91,16.06,2024,AIIMS,Quarterly,0,0
2024-01-01 11:30:00,7.73,50.71,34.04,3.99,87.59,57.21,0.06,105.1,0.92,15.58,2024,AIIMS,Quarterly,0,0
2024-01-01 11:45:00,6.62,50.43,33.01,4.87,87.59,57.21,0.12,140.04,0.91,14.73,2024,AIIMS,Quarterly,0,0
2024-01-01 12:00:00,5.66,50.43,32.23,4.24,87.59,57.21,0.9,205.37,0.9,15.49,2024,AIIMS,Quarterly,0,0
2024-01-01 12:15:00,4.98,49.85,31.39,4.43,81.2,54.09,0.8,206.14,0.89,14.62,2024,AIIMS,Quarterly,0,0
2024-01-01 12:30:00,4.54,49.02,30.61,4.64,79.37,53.2,0.41,214.16,0.89,14.07,2024,AIIMS,Quarterly,0,0
2024-01-01 12:45:00,4.23,48.21,29.94,4.39,79.37,53.2,0.19,264.08,0.87,14.77,2024,AIIMS,Quarterly,0,0
2024-01-01 13:00:00,4.1,45.96,28.66,4.72,79.37,53.2,0.85,328.22,0.86,14.51,2024,AIIMS,Quarterly,0,0
2024-01-01 13:15:00,3.99,45.62,28.38,4.15,75.96,53.96,0.33,207.41,0.86,14.47,2024,AIIMS,Quarterly,0,0
2024-01-01 13:30:00,3.96,45.57,28.33,4.54,74.98,54.18,0.12,265.32,0.85,14.83,2024,AIIMS,Quarterly,0,0
2024-01-01 13:45:00,3.92,45.22,28.12,5.02,74.98,54.18,0.5,1.35,0.84,15.47,2024,AIIMS,Quarterly,0,0
2024-01-01 14:00:00,3.93,45.07,28.05,5.03,74.98,54.18,0.15,265.83,0.83,15.36,2024,AIIMS,Quarterly,0,0
2024-01-01 14:15:00,4.0,45.19,28.17,5.49,86.89,52.77,0.16,354.44,0.84,15.21,2024,AIIMS,Quarterly,0,0
2024-01-01 14:30:00,4.02,45.02,28.09,5.15,90.3,52.37,0.26,43.26,0.83,13.63,2024,AIIMS,Quarterly,0,0
2024-01-01 14:45:00,3.97,45.34,28.23,4.56,90.3,52.37,0.26,165.3,0.83,15.03,2024,AIIMS,Quarterly,0,0
2024-01-01 15:00:00,3.9,44.84,27.91,4.85,90.3,52.37,0.13,69.8,0.82,15.48,2024,AIIMS,Quarterly,0,0
2024-01-01 15:15:00,3.89,44.84,27.9,6.34,106.46,58.91,0.14,132.1,0.81,15.25,2024,AIIMS,Quarterly,0,0
2024-01-01 15:30:00,3.95,44.63,27.84,5.71,111.07,60.78,0.18,82.79,0.8,15.26,2024,AIIMS,Quarterly,0,0
2024-01-01 15:45:00,3.98,44.75,27.92,6.32,111.07,60.78,0.15,116.99,0.8,15.79,2024,AIIMS,Quarterly,0,0
2024-01-01 16:00:00,4.01,44.58,27.86,5.45,111.07,60.78,0.12,135.6,0.79,15.42,2024,AIIMS,Quarterly,0,0
2024-01-01 16:15:00,4.03,44.53,27.85,5.03,92.57,55.76,0.15,135.69,0.77,14.94,2024,AIIMS,Quarterly,0,0
2024-01-01 16:30:00,4.02,44.54,27.85,4.17,87.29,54.32,0.16,133.75,0.77,14.44,2024,AIIMS,Quarterly,0,0
2024-01-01 16:45:00,3.99,44.22,27.65,4.38,87.29,54.32,0.15,127.35,0.75,14.69,2024,AIIMS,Quarterly,0,0
2024-01-01 17:00:00,3.97,44.56,27.82,4.58,87.29,54.32,0.21,120.88,0.75,15.26,2024,AIIMS,Quarterly,0,0
2024-01-01 17:15:00,4.16,45.74,28.58,2.83,79.8,51.54,0.21,113.52,0.77,14.04,2024,AIIMS,Quarterly,0,0
2024-01-01 17:30:00,4.63,47.17,29.71,5.95,77.65,50.75,0.23,115.03,0.86,14.79,2024,AIIMS,Quarterly,0,0
2024-01-01 17:45:00,5.7,49.55,31.81,6.17,77.65,50.75,0.2,118.21,0.94,14.47,2024,AIIMS,Quarterly,0,0
2024-01-01 18:00:00,6.44,51.35,33.34,6.09,77.65,50.75,0.23,121.57,0.98,15.26,2024,AIIMS,Quarterly,0,0
2024-01-01 18:15:00,6.77,52.69,34.31,6.21,100.23,53.03,0.26,126.44,1.01,15.61,2024,AIIMS,Quarterly,0,0
2024-01-01 18:30:00,6.76,52.96,34.44,6.2,106.68,53.68,0.19,94.32,1.03,14.26,2024,AIIMS,Quarterly,0,0
2024-01-01 18:45:00,7.21,53.8,35.25,6.07,106.68,53.68,0.19,129.56,1.08,15.28,2024,AIIMS,Quarterly,0,0
2024-01-01 19:00:00,7.65,54.5,35.96,6.29,106.68,53.68,0.2,115.05,1.11,14.91,2024,AIIMS,Quarterly,0,0
2024-01-01 19:15:00,8.65,55.57,37.32,5.96,129.1,59.51,0.17,118.14,1.17,14.9,2024,AIIMS,Quarterly,0,0
2024-01-01 19:30:00,9.85,56.37,38.7,6.13,135.5,61.18,0.19,116.96,1.22,14.8,2024,AIIMS,Quarterly,0,0
2024-01-01 19:45:00,10.35,57.1,39.49,6.26,135.5,61.18,0.15,99.44,1.23,14.6,2024,AIIMS,Quarterly,0,0
2024-01-01 20:00:00,10.38,57.01,39.46,5.18,135.5,61.18,0.17,96.96,1.25,16.12,2024,AIIMS,Quarterly,0,0
2024-01-01 20:15:00,11.53,58.14,40.97,5.8,122.72,58.35,0.2,106.12,1.29,13.94,2024,AIIMS,Quarterly,0,0
2024-01-01 20:30:00,13.46,57.98,42.44,6.42,119.06,57.54,0.18,101.61,1.35,15.6,2024,AIIMS,Quarterly,0,0
2024-01-01 20:45:00,15.4,58.17,44.09,6.65,119.06,57.54,0.2,94.97,1.42,15.6,2024,AIIMS,Quarterly,0,0
2024-01-01 21:00:00,18.53,58.87,46.96,5.93,119.06,57.54,0.18,101.37,1.51,14.46,2024,AIIMS,Quarterly,0,0
2024-01-01 21:15:00,21.28,59.32,49.41,5.45,120.02,61.02,0.16,112.32,1.58,14.15,2024,AIIMS,Quarterly,0,0
2024-01-01 21:30:00,22.7,59.55,50.67,5.92,120.29,62.01,0.14,96.05,1.63,14.43,2024,AIIMS,Quarterly,0,0
2024-01-01 21:45:00,23.6,59.91,51.58,6.23,120.29,62.01,0.14,95.89,1.68,14.94,2024,AIIMS,Quarterly,0,0
2024-01-01 22:00:00,24.78,60.33,52.75,6.17,120.29,62.01,0.12,126.08,1.75,14.92,2024,AIIMS,Quarterly,0,0
2024-01-01 22:15:00,25.98,60.92,54.02,6.13,136.98,64.71,0.14,135.51,1.81,15.8,2024,AIIMS,Quarterly,0,0
2024-01-01 22:30:00,26.8,61.0,54.71,6.54,141.74,65.48,0.13,134.16,1.87,15.31,2024,AIIMS,Quarterly,0,0
2024-01-01 22:45:00,27.28,60.86,55.03,6.58,141.74,65.48,0.15,128.51,1.9,13.99,2024,AIIMS,Quarterly,0,0
2024-01-01 23:00:00,28.19,60.66,55.65,6.56,141.74,65.48,0.14,136.49,1.91,14.07,2024,AIIMS,Quarterly,0,0
2024-01-01 23:15:00,29.57,60.46,56.65,2.61,158.72,69.89,0.21,116.84,1.74,15.48,2024,AIIMS,Quarterly,0,0
2024-01-01 23:30:00,31.77,59.82,58.08,4.18,163.57,71.15,0.2,134.83,1.84,14.86,2024,AIIMS,Quarterly,0,0
2024-01-01 23:45:00,34.93,59.49,60.44,4.57,163.57,71.15,0.14,148.78,1.87,14.65,2024,AIIMS,Quarterly,0,0
2024-01-02 00:15:00,16.32,52.12,41.67,5.81,74.54,42.73,0.09,188.83,1.04,14.85,2024,AIIMS,Quarterly,0,0
2024-01-02 00:30:00,17.52,51.8,42.46,6.25,83.31,42.99,0.21,138.81,1.04,15.61,2024,AIIMS,Quarterly,0,0
2024-01-02 00:45:00,18.86,51.45,43.36,6.49,83.51,43.0,0.17,153.85,1.03,14.89,2024,AIIMS,Quarterly,0,0
2024-01-02 01:00:00,19.81,50.94,43.85,6.55,83.51,43.0,0.33,195.28,1.02,15.86,2024,AIIMS,Quarterly,0,0
2024-01-02 01:15:00,19.85,50.39,43.59,6.49,83.51,43.0,0.14,154.28,1.01,15.44,2024,AIIMS,Quarterly,0,0
2024-01-02 01:30:00,19.68,49.97,43.24,6.34,66.55,42.54,0.11,116.73,0.99,15.07,2024,AIIMS,Quarterly,0,0
2024-01-02 01:45:00,19.34,49.37,42.65,6.13,66.16,42.53,0.13,126.64,0.98,14.49,2024,AIIMS,Quarterly,0,0
2024-01-02 02:00:00,18.67,49.09,41.97,5.91,66.16,42.53,0.11,103.48,0.95,15.39,2024,AIIMS,Quarterly,0,0
2024-01-02 02:15:00,17.78,48.8,41.11,6.02,66.16,42.53,0.14,111.64,0.92,14.91,2024,AIIMS,Quarterly,0,0
2024-01-02 02:30:00,17.03,48.37,40.28,5.83,31.95,40.08,0.11,104.22,0.9,15.1,2024,AIIMS,Quarterly,0,0
2024-01-02 02:45:00,16.53,48.34,39.86,5.75,31.17,40.03,0.11,91.5,0.88,16.05,2024,AIIMS,Quarterly,0,0
2024-01-02 03:00:00,16.41,48.59,39.9,6.01,31.17,40.03,0.17,19.62,0.85,15.01,2024,AIIMS,Quarterly,0,0
2024-01-02 03:15:00,16.25,48.24,39.58,5.86,31.17,40.03,0.07,28.53,0.83,14.96,2024,AIIMS,Quarterly,0,0
2024-01-02 03:30:00,16.13,47.94,39.34,5.67,54.19,37.19,0.33,348.33,0.82,15.17,2024,AIIMS,Quarterly,0,0
2024-01-02 03:45:00,15.76,47.26,38.68,6.29,54.72,37.13,0.39,21.44,0.81,14.98,2024,AIIMS,Quarterly,0,0
2024-01-02 04:00:00,15.26,46.71,37.99,6.01,54.72,37.13,0.31,19.12,0.79,15.33,2024,AIIMS,Quarterly,0,0
2024-01-02 04:15:00,14.75,46.2,37.32,6.24,54.72,37.13,0.2,82.41,0.78,15.35,2024,AIIMS,Quarterly,0,0
2024-01-02 04:30:00,14.42,46.44,37.18,5.67,55.25,39.44,0.27,14.59,0.77,14.89,2024,AIIMS,Quarterly,0,0
2024-01-02 04:45:00,14.44,45.85,36.89,5.99,55.27,39.49,0.21,355.05,0.76,15.41,2024,AIIMS,Quarterly,0,0
2024-01-02 05:00:00,14.48,45.61,36.79,6.14,55.27,39.49,0.3,1.01,0.75,15.27,2024,AIIMS,Quarterly,0,0
2024-01-02 05:15:00,14.36,45.21,36.49,3.21,55.27,39.49,0.03,250.82,0.74,14.97,2024,AIIMS,Quarterly,0,0
2024-01-02 05:30:00,14.3,44.99,36.32,5.21,58.1,40.23,0.04,79.45,0.77,13.92,2024,AIIMS,Quarterly,0,0
2024-01-02 05:45:00,14.28,44.24,35.92,6.05,58.16,40.25,0.11,63.49,0.76,13.98,2024,AIIMS,Quarterly,0,0
2024-01-02 06:00:00,14.15,43.86,35.61,5.77,58.16,40.25,0.17,51.46,0.76,15.8,2024,AIIMS,Quarterly,0,0
2024-01-02 06:15:00,14.06,43.73,35.47,5.96,58.16,40.25,0.15,60.6,0.76,15.14,2024,AIIMS,Quarterly,0,0
2024-01-02 06:30:00,13.96,43.59,35.32,6.09,55.34,39.84,0.15,84.27,0.75,15.55,2024,AIIMS,Quarterly,0,0
2024-01-02 06:45:00,13.78,43.73,35.25,5.2,55.27,39.83,0.16,89.14,0.76,14.21,2024,AIIMS,Quarterly,0,0
2024-01-02 07:00:00,13.69,43.7,35.17,5.86,55.27,39.83,0.16,118.82,0.77,15.02,2024,AIIMS,Quarterly,0,0
2024-01-02 07:15:00,13.91,43.57,35.27,6.03,55.27,39.83,0.11,112.73,0.78,15.17,2024,AIIMS,Quarterly,0,0
2024-01-02 07:30:00,14.42,43.98,35.89,5.94,77.55,45.42,0.13,121.38,0.8,14.34,2024,AIIMS,Quarterly,0,0
2024-01-02 07:45:00,14.89,43.87,36.22,5.46,78.06,45.55,0.17,122.46,0.82,14.55,2024,AIIMS,Quarterly,0,0
2024-01-02 08:00:00,15.74,44.44,37.19,5.95,78.06,45.55,0.03,109.47,0.85,15.84,2024,AIIMS,Quarterly,0,0
2024-01-02 08:15:00,17.29,45.02,38.73,6.66,78.06,45.55,0.22,17.6,0.9,14.76,2024,AIIMS,Quarterly,0,0
2024-01-02 08:30:00,18.83,46.29,40.63,7.02,117.78,64.52,0.28,355.29,0.95,15.44,2024,AIIMS,Quarterly,0,0
2024-01-02 08:45:00,20.25,46.91,42.1,7.07,118.69,64.95,0.16,42.12,0.99,15.95,2024,AIIMS,Quarterly,0,0
2024-01-02 09:00:00,21.24,48.03,43.48,7.37,118.69,64.95,0.15,182.2,1.03,15.02,2024,AIIMS,Quarterly,0,0
2024-01-02 09:15:00,21.93,49.14,44.61,7.15,118.69,64.95,0.29,189.45,1.07,14.85,2024,AIIMS,Quarterly,0,0
2024-01-02 09:30:00,22.43,50.25,45.59,7.58,147.4,80.97,0.15,239.07,1.1,14.53,2024,AIIMS,Quarterly,0,0
2024-01-02 09:45:00,22.23,50.82,45.73,7.29,148.05,81.34,0.21,274.16,1.12,14.35,2024,AIIMS,Quarterly,0,0
2024-01-02 10:00:00,21.73,51.97,45.93,7.25,148.05,81.34,0.23,33.12,1.14,15.62,2024,AIIMS,Quarterly,0,0
2024-01-02 10:15:00,20.88,52.98,45.77,7.21,148.05,81.34,0.12,5.11,1.16,15.29,2024,AIIMS,Quarterly,0,0
2024-01-02 10:30:00,20.1,53.58,45.46,6.77,80.78,78.13,0.14,302.2,1.15,15.11,2024,AIIMS,Quarterly,0,0
2024-01-02 10:45:00,18.85,54.12,44.74,7.03,79.25,78.05,1.31,222.56,1.13,16.34,2024,AIIMS,Quarterly,0,0
2024-01-02 11:00:00,17.19,54.42,43.57,6.93,79.25,78.05,0.98,210.88,1.11,14.32,2024,AIIMS,Quarterly,0,0
2024-01-02 11:15:00,15.3,53.41,41.52,4.62,79.25,78.05,0.7,234.49,0.94,14.95,2024,AIIMS,Quarterly,0,0
2024-01-02 11:30:00,13.42,53.24,39.93,7.35,58.36,61.0,1.07,223.11,0.98,15.36,2024,AIIMS,Quarterly,0,0
2024-01-02 11:45:00,11.7,52.65,38.24,8.44,57.88,60.61,0.23,294.58,0.95,14.84,2024,AIIMS,Quarterly,0,0
2024-01-02 12:00:00,10.47,53.57,37.74,7.79,57.88,60.61,1.06,223.02,0.94,15.06,2024,AIIMS,Quarterly,0,0
2024-01-02 12:15:00,8.98,54.12,36.83,7.63,57.88,60.61,1.02,219.4,0.92,14.53,2024,AIIMS,Quarterly,0,0
2024-01-02 12:30:00,7.56,53.97,35.61,8.4,37.46,46.51,0.94,219.9,0.89,15.37,2024,AIIMS,Quarterly,0,0
2024-01-02 12:45:00,6.52,53.49,34.52,8.65,37.0,46.19,0.58,243.24,0.88,15.46,2024,AIIMS,Quarterly,0,0
2024-01-02 13:00:00,5.82,52.93,33.68,8.17,37.0,46.19,0.6,227.69,0.86,14.57,2024,AIIMS,Quarterly,0,0
2024-01-02 13:15:00,5.21,51.08,31.1,4.07,37.0,46.19,0.95,231.26,0.83,14.23,2024,AIIMS,Quarterly,0,0
2024-01-02 13:30:00,4.61,49.02,30.66,3.98,36.1,43.85,0.97,223.0,0.8,15.37,2024,AIIMS,Quarterly,0,0
2024-01-02 13:45:00,4.53,47.39,29.75,6.02,35.99,43.71,0.85,221.21,0.78,14.83,2024,AIIMS,Quarterly,0,0
2024-01-02 14:00:00,4.53,45.28,28.64,7.22,35.99,43.71,1.19,189.36,0.77,15.18,2024,AIIMS,Quarterly,0,0
2024-01-02 14:15:00,4.71,43.67,27.94,7.43,35.99,43.71,1.61,202.93,0.76,14.35,2024,AIIMS,Quarterly,0,0
2024-01-02 14:30:00,4.75,42.5,27.37,7.19,35.99,43.71,1.57,201.89,0.75,15.36,2024,AIIMS,Quarterly,0,0
2024-01-02 14:45:00,4.63,41.9,26.95,7.7,27.05,34.3375,1.53,210.55,0.73,14.95,2024,AIIMS,Quarterly,1,3
2024-01-02 15:00:00,4.11,42.74,26.97,8.06,18.11,24.965,1.28,209.12,0.7,15.51,2024,AIIMS,Quarterly,1,3
2024-01-02 15:15:00,4.01,42.91,26.98,8.12,9.169999999999998,15.592500000000001,1.46,203.49,0.68,15.38,2024,AIIMS,Quarterly,1,3
2024-01-02 15:30:00,4.12,42.43,26.82,7.82,0.23,6.22,1.38,210.62,0.65,14.73,2024,AIIMS,Quarterly,0,0
2024-01-02 15:45:00,4.1,41.95,26.55,7.99,1.05,27.98,0.93,217.24,0.63,15.11,2024,AIIMS,Quarterly,0,0
2024-01-02 16:00:00,4.05,41.61,26.34,7.36,1.05,27.98,1.06,212.25,0.61,14.58,2024,AIIMS,Quarterly,0,0
2024-01-02 16:15:00,4.05,41.15,26.1,7.27,1.05,27.98,1.05,214.72,0.59,15.46,2024,AIIMS,Quarterly,0,0
2024-01-02 16:30:00,4.14,40.91,26.04,7.44,0.98,26.46,0.94,207.42,0.59,15.0,2024,AIIMS,Quarterly,0,0
2024-01-02 16:45:00,4.2,40.99,26.14,7.75,0.77,21.49,0.67,219.9,0.59,15.49,2024,AIIMS,Quarterly,0,0
2024-01-02 17:00:00,4.29,41.06,26.24,7.95,0.77,21.49,0.1,82.56,0.58,15.37,2024,AIIMS,Quarterly,0,0
2024-01-02 17:15:00,4.63,40.71,26.33,4.98,0.77,21.49,0.15,110.16,0.58,14.15,2024,AIIMS,Quarterly,0,0
2024-01-02 17:30:00,4.82,41.99,27.15,6.85,2.39,21.21,0.19,130.97,0.61,14.63,2024,AIIMS,Quarterly,0,0
2024-01-02 17:45:00,5.46,43.8,28.61,7.16,8.08,20.29,0.19,106.6,0.65,14.76,2024,AIIMS,Quarterly,0,0
2024-01-02 18:00:00,5.79,44.4,29.19,6.77,8.08,20.29,0.17,120.51,0.65,15.43,2024,AIIMS,Quarterly,0,0
2024-01-02 18:15:00,6.21,45.11,29.9,6.69,8.08,20.29,0.19,131.42,0.67,15.34,2024,AIIMS,Quarterly,0,0
2024-01-02 18:30:00,6.68,46.4,30.95,6.94,8.94,20.74,0.19,128.18,0.69,14.05,2024,AIIMS,Quarterly,0,0
2024-01-02 18:45:00,9.59,48.51,34.39,6.74,11.93,22.3,0.18,105.11,0.72,14.46,2024,AIIMS,Quarterly,0,0
2024-01-02 19:00:00,9.08,47.33,33.36,7.04,11.93,22.3,0.21,125.95,0.73,14.43,2024,AIIMS,Quarterly,0,0
2024-01-02 19:15:00,9.37,47.86,33.87,6.5,11.93,22.3,0.19,146.39,0.74,14.93,2024,AIIMS,Quarterly,0,0
2024-01-02 19:30:00,9.69,47.88,34.14,7.09,13.88,22.84,0.15,153.79,0.75,15.12,2024,AIIMS,Quarterly,0,0
2024-01-02 19:45:00,10.01,47.84,34.37,6.48,20.7,24.61,0.09,169.4,0.75,15.58,2024,AIIMS,Quarterly,0,0
2024-01-02 20:00:00,10.26,47.63,34.46,6.43,20.7,24.61,0.1,157.06,0.76,14.71,2024,AIIMS,Quarterly,0,0
2024-01-02 20:15:00,10.54,48.08,34.92,6.1,20.7,24.61,0.13,108.37,0.78,14.83,2024,AIIMS,Quarterly,0,0
2024-01-02 20:30:00,12.84,48.75,37.11,6.4,21.92,24.93,0.15,111.22,0.87,14.86,2024,AIIMS,Quarterly,0,0
2024-01-02 20:45:00,16.74,49.26,40.51,6.14,25.93,25.98,0.21,119.59,0.98,15.87,2024,AIIMS,Quarterly,0,0
2024-01-02 21:00:00,19.29,49.9,42.89,6.44,25.93,25.98,0.22,127.44,1.05,15.33,2024,AIIMS,Quarterly,0,0
2024-01-02 21:15:00,20.64,49.89,43.97,6.8,25.93,25.98,0.18,124.39,1.09,14.02,2024,AIIMS,Quarterly,0,0
2024-01-02 21:30:00,21.49,49.94,44.67,6.64,27.78,27.23,0.17,132.28,1.13,14.45,2024,AIIMS,Quarterly,0,0
2024-01-02 21:45:00,22.42,49.65,45.27,6.42,34.28,31.36,0.2,126.64,1.16,14.75,2024,AIIMS,Quarterly,0,0
2024-01-02 22:00:00,25.08,49.56,47.36,7.01,34.28,31.36,0.21,138.03,1.23,14.71,2024,AIIMS,Quarterly,0,0
2024-01-02 22:15:00,28.4,49.63,50.05,6.44,34.28,31.36,0.22,182.66,1.28,15.09,2024,AIIMS,Quarterly,0,0
2024-01-02 22:30:00,32.17,49.51,53.02,6.87,35.28,32.25,0.16,191.04,1.3,14.78,2024,AIIMS,Quarterly,0,0
2024-01-02 22:45:00,35.15,49.37,55.33,7.45,38.8,35.17,0.2,145.32,1.3,15.57,2024,AIIMS,Quarterly,0,0
2024-01-02 23:00:00,35.97,48.72,55.66,6.82,38.8,35.17,0.2,134.96,1.29,15.03,2024,AIIMS,Quarterly,0,0
2024-01-02 23:15:00,35.89,48.19,55.31,3.42,38.8,35.17,0.17,124.0,1.16,14.97,2024,AIIMS,Quarterly,0,0
2024-01-02 23:30:00,35.34,47.83,54.69,5.76,37.87,35.58,0.21,130.84,1.21,14.43,2024,AIIMS,Quarterly,0,0
2024-01-02 23:45:00,34.5,47.08,53.62,5.65,34.62,36.94,0.14,112.59,1.18,14.94,2024,AIIMS,Quarterly,0,0
2024-01-03 00:15:00,18.36,60.33,47.59,5.27,96.85,26.33,0.15,118.22,1.3,19.68,2024,AIIMS,Quarterly,0,0
2024-01-03 00:30:00,18.36,60.33,47.59,5.53,96.85,26.33,0.16,101.77,1.26,19.62,2024,AIIMS,Quarterly,0,0
2024-01-03 00:45:00,18.36,60.33,47.59,5.31,96.85,26.33,0.14,114.31,1.22,19.58,2024,AIIMS,Quarterly,0,0
2024-01-03 01:00:00,18.36,60.33,47.59,5.42,79.81,23.67,0.26,214.38,1.18,19.62,2024,AIIMS,Quarterly,0,0
2024-01-03 01:15:00,18.36,60.33,47.59,5.29,73.62,22.7,0.09,138.99,1.16,19.62,2024,AIIMS,Quarterly,0,0
2024-01-03 01:30:00,18.36,60.33,47.59,5.08,73.62,22.7,0.22,132.06,1.15,19.65,2024,AIIMS,Quarterly,0,0
2024-01-03 01:45:00,18.36,60.33,47.59,4.91,73.62,22.7,0.17,156.01,1.13,19.64,2024,AIIMS,Quarterly,0,0
2024-01-03 02:00:00,18.36,60.33,47.59,5.14,96.46,25.22,0.61,220.6,1.12,19.66,2024,AIIMS,Quarterly,0,0
2024-01-03 02:15:00,18.36,60.33,47.59,4.81,104.77,26.19,0.58,216.43,1.11,19.89,2024,AIIMS,Quarterly,0,0
2024-01-03 02:30:00,18.36,60.33,47.59,4.59,104.77,26.19,0.22,185.14,1.1,20.0,2024,AIIMS,Quarterly,0,0
2024-01-03 02:45:00,18.36,60.33,47.59,4.7,104.77,26.19,0.07,136.25,1.08,19.97,2024,AIIMS,Quarterly,0,0
2024-01-03 03:00:00,18.36,60.33,47.59,5.35,122.36,29.31,0.03,224.39,1.07,19.95,2024,AIIMS,Quarterly,0,0
2024-01-03 03:15:00,18.36,60.33,47.59,5.17,128.75,30.44,0.1,208.06,1.05,19.98,2024,AIIMS,Quarterly,0,0
2024-01-03 03:30:00,18.36,60.33,47.59,5.25,128.75,30.44,0.15,22.35,1.02,20.0,2024,AIIMS,Quarterly,0,0
2024-01-03 03:45:00,18.36,60.33,47.59,5.19,128.75,30.44,0.29,49.3,1.0,19.99,2024,AIIMS,Quarterly,0,0
2024-01-03 04:00:00,18.36,60.33,47.59,5.11,120.41,30.99,0.67,22.87,0.96,19.96,2024,AIIMS,Quarterly,0,0
2024-01-03 04:15:00,18.36,60.33,47.59,4.83,117.37,31.18,0.49,21.01,0.94,19.9,2024,AIIMS,Quarterly,0,0
2024-01-03 04:30:00,18.36,60.33,47.59,4.86,117.37,31.18,0.54,0.94,0.91,20.21,2024,AIIMS,Quarterly,0,0
2024-01-03 04:45:00,18.36,60.33,47.59,4.03,117.37,31.18,0.31,42.98,0.89,20.28,2024,AIIMS,Quarterly,0,0
2024-01-03 05:00:00,18.36,60.33,47.59,4.68,103.46,29.53,0.23,96.33,0.87,19.94,2024,AIIMS,Quarterly,0,0
2024-01-03 05:15:00,18.36,60.33,47.59,2.41,98.4,28.92,0.24,96.93,0.87,19.78,2024,AIIMS,Quarterly,0,0
2024-01-03 05:30:00,18.36,60.33,47.59,4.32,98.4,28.92,0.24,103.67,0.91,19.61,2024,AIIMS,Quarterly,0,0
2024-01-03 05:45:00,18.36,60.33,47.59,4.87,98.4,28.92,0.22,97.31,0.92,19.44,2024,AIIMS,Quarterly,0,0
2024-01-03 06:00:00,18.36,60.33,47.59,4.79,119.6,34.34,0.26,91.08,0.92,19.31,2024,AIIMS,Quarterly,0,0
2024-01-03 06:15:00,18.36,60.33,47.59,4.56,127.3,36.31,0.29,85.48,0.93,19.17,2024,AIIMS,Quarterly,0,0
2024-01-03 06:30:00,18.36,60.33,47.59,4.24,127.3,36.31,0.29,70.56,0.93,19.11,2024,AIIMS,Quarterly,0,0
2024-01-03 06:45:00,18.36,60.33,47.59,4.51,127.3,36.31,0.33,64.73,0.94,19.07,2024,AIIMS,Quarterly,0,0
2024-01-03 07:00:00,18.36,60.33,47.59,4.5,133.13,39.32,0.28,84.31,0.95,19.14,2024,AIIMS,Quarterly,0,0
2024-01-03 07:15:00,18.36,60.33,47.59,4.54,135.37,40.41,0.3,66.91,0.96,19.11,2024,AIIMS,Quarterly,0,0
2024-01-03 07:30:00,18.36,60.33,47.59,4.74,135.37,40.41,0.22,52.71,0.98,19.11,2024,AIIMS,Quarterly,0,0
2024-01-03 07:45:00,18.36,60.33,47.59,5.18,135.37,40.41,0.25,38.95,1.02,19.15,2024,AIIMS,Quarterly,0,0
2024-01-03 08:00:00,18.36,60.33,47.59,5.14,135.37,55.65,0.26,10.94,1.07,19.21,2024,AIIMS,Quarterly,0,0
2024-01-03 08:15:00,18.36,60.33,47.59,5.36,285.9,61.19,0.27,13.86,1.14,19.18,2024,AIIMS,Quarterly,0,0
2024-01-03 08:30:00,18.36,60.33,47.59,5.03,285.9,61.19,0.09,154.06,1.22,19.13,2024,AIIMS,Quarterly,0,0
2024-01-03 08:45:00,18.36,60.33,47.59,7.6,285.9,61.19,0.15,152.37,1.28,19.13,2024,AIIMS,Quarterly,0,0
2024-01-03 09:00:00,18.36,60.33,47.59,6.14,348.06,61.19,0.04,156.33,1.3,19.33,2024,AIIMS,Quarterly,0,0
2024-01-03 09:15:00,18.36,60.33,47.59,5.46,370.66,158.94,0.05,29.65,1.28,19.46,2024,AIIMS,Quarterly,0,0
2024-01-03 09:30:00,18.36,60.33,47.59,5.72,370.66,158.94,0.04,53.5,1.27,19.47,2024,AIIMS,Quarterly,0,0
2024-01-03 09:45:00,18.36,60.33,47.59,5.32,370.66,158.94,0.06,220.89,1.25,19.56,2024,AIIMS,Quarterly,0,0
2024-01-03 10:00:00,18.36,60.33,47.59,5.66,67.64,24.94,0.44,190.87,1.21,19.56,2024,AIIMS,Quarterly,0,0
2024-01-03 10:15:00,18.36,60.33,47.59,4.96,67.64,24.94,0.62,177.09,1.18,19.64,2024,AIIMS,Quarterly,0,0
2024-01-03 10:30:00,18.36,60.33,47.59,5.02,67.64,24.94,1.04,209.82,1.16,19.65,2024,AIIMS,Quarterly,0,0
2024-01-03 10:45:00,18.36,60.33,47.59,5.24,67.64,24.94,0.67,196.78,1.11,19.6,2024,AIIMS,Quarterly,0,0
2024-01-03 11:00:00,18.36,60.33,47.59,5.27,60.09,26.84,0.55,222.24,1.07,19.6,2024,AIIMS,Quarterly,0,0
2024-01-03 11:15:00,18.36,60.33,47.59,3.78,57.34,27.54,0.69,188.16,1.0,19.6,2024,AIIMS,Quarterly,0,0
2024-01-03 11:30:00,18.36,60.33,47.59,4.67,57.34,27.54,0.44,234.34,1.02,19.58,2024,AIIMS,Quarterly,0,0
2024-01-03 11:45:00,18.36,60.33,47.59,4.77,57.34,27.54,0.44,161.69,0.99,19.59,2024,AIIMS,Quarterly,0,0
2024-01-03 12:00:00,18.36,60.33,47.59,5.45,49.68,19.61,0.36,203.0,0.93,19.6,2024,AIIMS,Quarterly,0,0
2024-01-03 12:15:00,18.36,60.33,47.59,5.15,46.86,16.73,0.41,227.44,0.94,19.54,2024,AIIMS,Quarterly,0,0
2024-01-03 12:30:00,18.36,60.33,47.59,5.37,46.86,16.73,0.2,217.26,0.93,19.8,2024,AIIMS,Quarterly,0,0
2024-01-03 12:45:00,15.91,52.28,41.24,5.66,46.86,16.73,0.25,253.17,0.91,19.83,2024,AIIMS,Quarterly,0,0
2024-01-03 13:00:00,13.853333333333333,54.708333333333336,45.248333333333335,6.98,51.7,25.26,0.48,202.12,0.87,19.67,2024,AIIMS,Quarterly,1,5
2024-01-03 13:15:00,11.796666666666667,57.13666666666666,49.256666666666675,7.88,53.47,28.37,0.58,15.07,0.88,19.51,2024,AIIMS,Quarterly,1,5
2024-01-03 13:30:00,9.74,59.565,53.26500000000001,7.34,53.47,28.37,0.28,2.7,0.87,19.47,2024,AIIMS,Quarterly,1,5
2024-01-03 13:45:00,,,,5.97,53.47,28.37,1.08,220.4,0.85,19.46,2024,AIIMS,Quarterly,1,5
2024-01-03 14:00:00,,,,17.65,65.75,33.61,1.02,8.81,0.69,19.68,2024,AIIMS,Quarterly,1,5
2024-01-03 14:15:00,3.57,66.85,65.29,24.3,70.21,35.52,0.61,218.69,0.57,20.37,2024,AIIMS,Quarterly,0,0
2024-01-03 14:30:00,3.57,113.03,63.27,14.88,70.21,35.52,0.22,233.97,0.48,20.59,2024,AIIMS,Quarterly,0,0
2024-01-03 14:45:00,3.55,94.88,53.77,8.77,70.21,35.52,0.12,56.3,0.48,20.61,2024,AIIMS,Quarterly,0,0
2024-01-03 15:00:00,3.56,85.51,48.88,7.26,62.72,24.7,0.14,291.2,0.49,20.57,2024,AIIMS,Quarterly,0,0
2024-01-03 15:15:00,3.73,78.68,46.19,6.19,60.0,20.77,0.7,9.47,0.49,20.55,2024,AIIMS,Quarterly,0,0
2024-01-03 15:30:00,4.03,73.95,43.22,6.02,60.0,20.77,0.36,10.78,0.48,20.56,2024,AIIMS,Quarterly,0,0
2024-01-03 15:45:00,4.11,69.71,41.07,6.35,60.0,20.77,0.13,256.02,0.46,20.67,2024,AIIMS,Quarterly,0,0
2024-01-03 16:00:00,4.26,62.4,37.37,6.73,37.26,17.72,0.53,39.73,0.46,20.92,2024,AIIMS,Quarterly,0,0
2024-01-03 16:15:00,5.42,61.25,37.7,6.41,28.99,16.54,0.18,11.04,0.49,21.05,2024,AIIMS,Quarterly,0,0
2024-01-03 16:30:00,4.51,55.35,33.88,6.19,28.99,16.54,0.02,268.44,0.46,21.02,2024,AIIMS,Quarterly,0,0
2024-01-03 16:45:00,4.24,51.29,31.55,6.0,28.99,16.54,0.08,48.73,0.45,21.05,2024,AIIMS,Quarterly,0,0
2024-01-03 17:00:00,5.04,50.66,31.86,6.23,24.96,11.56,0.28,196.86,0.46,21.15,2024,AIIMS,Quarterly,0,0
2024-01-03 17:15:00,4.32,50.36,31.13,3.22,23.49,9.74,0.76,220.69,0.45,21.08,2024,AIIMS,Quarterly,0,0
2024-01-03 17:30:00,4.76,48.79,30.66,7.48,23.49,9.74,0.26,196.08,0.47,21.08,2024,AIIMS,Quarterly,0,0
2024-01-03 17:45:00,4.26,45.42,28.5,8.12,23.49,9.74,0.23,112.81,0.44,21.06,2024,AIIMS,Quarterly,0,0
2024-01-03 18:00:00,4.05,44.32,27.75,9.18,31.46,4.62,0.15,99.31,0.43,21.04,2024,AIIMS,Quarterly,0,0
2024-01-03 18:15:00,4.62,49.73,31.04,8.74,34.36,2.75,0.11,92.25,0.54,21.04,2024,AIIMS,Quarterly,0,0
2024-01-03 18:30:00,9.8,62.27,41.74,8.29,34.36,2.75,0.18,103.64,0.71,21.11,2024,AIIMS,Quarterly,0,0
2024-01-03 18:45:00,7.99,58.98,38.85,8.52,34.36,2.75,0.15,98.76,0.68,20.89,2024,AIIMS,Quarterly,0,0
2024-01-03 19:00:00,13.02,66.05,46.31,7.71,54.59,14.07,0.17,104.56,0.8,20.66,2024,AIIMS,Quarterly,0,0
2024-01-03 19:15:00,10.8,63.56,43.22,6.81,61.94,18.18,0.17,108.28,0.75,20.54,2024,AIIMS,Quarterly,0,0
2024-01-03 19:30:00,22.75,70.12,56.24,7.64,61.94,18.18,0.18,110.04,1.1,20.63,2024,AIIMS,Quarterly,0,0
2024-01-03 19:45:00,25.17,68.06,57.57,7.38,61.94,18.18,0.16,106.88,1.1,20.63,2024,AIIMS,Quarterly,0,0
2024-01-03 20:00:00,24.78,72.0,59.09,7.97,91.69,32.14,0.15,114.2,1.18,20.64,2024,AIIMS,Quarterly,0,0
2024-01-03 20:15:00,33.16,71.79,66.62,6.86,102.51,37.51,0.16,107.23,1.36,20.8,2024,AIIMS,Quarterly,0,0
2024-01-03 20:30:00,29.65,70.14,61.77,6.08,102.51,37.51,0.44,182.15,1.21,21.0,2024,AIIMS,Quarterly,0,0
2024-01-03 20:45:00,27.07,69.2,59.21,5.82,102.51,37.51,0.2,139.68,1.2,21.04,2024,AIIMS,Quarterly,0,0
2024-01-03 21:00:00,24.52,68.22,56.66,5.95,111.71,34.52,0.17,115.05,1.16,20.86,2024,AIIMS,Quarterly,0,0
2024-01-03 21:15:00,24.17,67.66,56.08,6.21,115.06,33.37,0.16,116.01,1.15,20.79,2024,AIIMS,Quarterly,0,0
2024-01-03 21:30:00,23.51,67.15,55.29,5.35,115.06,33.37,0.18,111.87,1.13,20.72,2024,AIIMS,Quarterly,0,0
2024-01-03 21:45:00,23.81,67.74,55.84,5.51,115.06,33.37,0.16,82.86,1.17,20.72,2024,AIIMS,Quarterly,0,0
2024-01-03 22:00:00,25.81,68.58,57.88,5.03,97.74,28.81,0.18,80.36,1.23,20.75,2024,AIIMS,Quarterly,0,0
2024-01-03 22:15:00,26.59,68.73,58.58,5.43,91.44,27.05,0.15,67.62,1.28,20.71,2024,AIIMS,Quarterly,0,0
2024-01-03 22:30:00,26.8,67.97,58.35,6.45,91.44,27.05,0.19,57.78,1.31,20.89,2024,AIIMS,Quarterly,0,0
2024-01-03 22:45:00,26.73,68.09,58.36,6.16,91.44,27.05,0.21,50.61,1.3,20.97,2024,AIIMS,Quarterly,0,0
2024-01-03 23:00:00,26.36,68.78,58.42,6.59,86.08,27.2,0.17,63.34,1.31,20.9,2024,AIIMS,Quarterly,0,0
2024-01-03 23:15:00,28.94,70.01,61.14,4.1,84.13,27.26,0.18,72.58,1.26,20.93,2024,AIIMS,Quarterly,0,0
2024-01-03 23:30:00,27.03,68.99,59.07,6.62,84.13,27.26,0.14,49.61,1.29,20.89,2024,AIIMS,Quarterly,0,0
2024-01-03 23:45:00,26.75,68.12,58.39,6.13,84.13,27.26,0.17,80.81,1.26,20.81,2024,AIIMS,Quarterly,0,0
2024-01-04 00:15:00,4.43,28.26,19.67,4.03,33.19,16.42,3.71,210.25,0.55,22.65,2024,AIIMS,Quarterly,0,0
2024-01-04 00:30:00,4.46,26.51,18.78,3.98,33.19,16.42,3.57,209.62,0.56,22.62,2024,AIIMS,Quarterly,0,0
2024-01-04 00:45:00,4.51,25.64,18.36,3.85,33.19,16.42,3.62,209.25,0.56,22.66,2024,AIIMS,Quarterly,0,0
2024-01-04 01:00:00,4.42,26.1,18.53,4.27,33.19,16.52,3.52,217.25,0.54,22.64,2024,AIIMS,Quarterly,0,0
2024-01-04 01:15:00,4.45,26.57,18.8,4.12,33.22,16.95,3.38,227.59,0.55,22.79,2024,AIIMS,Quarterly,0,0
2024-01-04 01:30:00,4.49,25.19,18.11,4.3,33.22,16.95,3.39,225.9,0.55,22.75,2024,AIIMS,Quarterly,0,0
2024-01-04 01:45:00,4.48,26.72,18.91,4.77,33.22,16.95,3.22,219.03,0.55,22.7,2024,AIIMS,Quarterly,0,0
2024-01-04 02:00:00,5.88,27.97,20.68,4.54,33.7,17.09,3.31,218.95,0.56,22.75,2024,AIIMS,Quarterly,0,0
2024-01-04 02:15:00,5.41,27.6,20.11,3.67,35.89,17.75,3.54,221.99,0.56,22.73,2024,AIIMS,Quarterly,0,0
2024-01-04 02:30:00,4.76,27.18,19.37,4.49,35.89,17.75,3.23,193.75,0.56,22.68,2024,AIIMS,Quarterly,0,0
2024-01-04 02:45:00,4.61,26.68,18.99,4.68,35.89,17.75,3.06,190.54,0.56,22.73,2024,AIIMS,Quarterly,0,0
2024-01-04 03:00:00,4.52,25.26,18.17,4.51,35.72,17.58,3.26,200.37,0.55,22.77,2024,AIIMS,Quarterly,0,0
2024-01-04 03:15:00,4.48,26.53,18.81,4.53,34.92,16.81,3.46,213.49,0.56,22.7,2024,AIIMS,Quarterly,0,0
2024-01-04 03:30:00,4.58,27.5,19.39,4.24,34.92,16.81,3.45,223.1,0.56,22.72,2024,AIIMS,Quarterly,0,0
2024-01-04 03:45:00,4.56,25.87,18.52,3.98,34.92,16.81,3.47,216.49,0.57,22.7,2024,AIIMS,Quarterly,0,0
2024-01-04 04:00:00,4.54,26.27,18.72,4.15,35.03,17.23,3.32,212.26,0.56,22.67,2024,AIIMS,Quarterly,0,0
2024-01-04 04:15:00,4.61,26.94,19.12,4.03,35.54,19.16,3.24,205.7,0.58,22.73,2024,AIIMS,Quarterly,0,0
2024-01-04 04:30:00,4.72,28.47,20.01,3.92,35.54,19.16,3.53,199.83,0.58,22.78,2024,AIIMS,Quarterly,0,0
2024-01-04 04:45:00,4.76,28.14,19.87,4.24,35.54,19.16,3.64,201.7,0.58,22.72,2024,AIIMS,Quarterly,0,0
2024-01-04 05:00:00,4.76,27.91,19.75,4.04,35.16,19.05,3.57,192.81,0.59,22.6,2024,AIIMS,Quarterly,0,0
2024-01-04 05:15:00,4.79,29.31,20.5,3.0,33.42,18.58,3.88,196.88,0.54,22.5,2024,AIIMS,Quarterly,0,0
2024-01-04 05:30:00,4.88,28.95,20.39,3.42,33.42,18.58,3.89,191.86,0.58,22.48,2024,AIIMS,Quarterly,0,0
2024-01-04 05:45:00,4.9,30.01,20.96,3.56,33.42,18.58,3.95,188.33,0.58,22.42,2024,AIIMS,Quarterly,0,0
2024-01-04 06:00:00,4.93,29.37,20.65,3.42,33.91,18.41,3.51,187.81,0.58,22.46,2024,AIIMS,Quarterly,0,0
2024-01-04 06:15:00,4.97,30.25,21.14,3.58,36.19,17.65,3.61,213.9,0.59,22.44,2024,AIIMS,Quarterly,0,0
2024-01-04 06:30:00,5.07,29.92,21.05,3.43,36.19,17.65,3.51,216.53,0.6,22.43,2024,AIIMS,Quarterly,0,0
2024-01-04 06:45:00,5.17,29.52,20.93,3.56,36.19,17.65,3.42,218.62,0.6,22.49,2024,AIIMS,Quarterly,0,0
2024-01-04 07:00:00,5.28,31.11,21.84,4.0,37.28,18.22,3.41,176.32,0.62,22.43,2024,AIIMS,Quarterly,0,0
2024-01-04 07:15:00,5.39,30.66,21.69,3.48,42.27,20.88,3.71,174.53,0.62,22.44,2024,AIIMS,Quarterly,0,0
2024-01-04 07:30:00,5.5,30.29,21.59,3.22,42.27,20.88,3.82,176.13,0.62,22.42,2024,AIIMS,Quarterly,0,0
2024-01-04 07:45:00,5.55,32.83,22.95,3.8,42.27,20.88,4.19,177.22,0.63,22.4,2024,AIIMS,Quarterly,0,0
2024-01-04 08:00:00,5.66,30.29,21.72,3.74,43.71,21.22,4.31,190.28,0.63,22.66,2024,AIIMS,Quarterly,0,0
2024-01-04 08:15:00,5.69,31.55,22.4,3.71,50.36,22.79,4.4,205.53,0.65,22.57,2024,AIIMS,Quarterly,0,0
2024-01-04 08:30:00,5.57,33.46,23.3,4.06,50.36,22.79,4.59,199.78,0.66,22.48,2024,AIIMS,Quarterly,0,0
2024-01-04 08:45:00,5.31,31.78,22.22,3.97,50.36,22.79,4.75,200.95,0.67,22.61,2024,AIIMS,Quarterly,0,0
2024-01-04 09:00:00,5.06,32.88,22.59,4.13,50.31,22.77,4.71,193.19,0.67,22.54,2024,AIIMS,Quarterly,0,0
2024-01-04 09:15:00,4.82,35.13,23.57,4.41,50.1,22.7,4.73,198.72,0.68,22.61,2024,AIIMS,Quarterly,0,0
2024-01-04 09:30:00,4.7,31.72,21.69,4.39,50.1,22.7,4.46,206.72,0.68,22.57,2024,AIIMS,Quarterly,0,0
2024-01-04 09:45:00,4.74,36.37,24.16,4.5,50.1,22.7,5.37,218.16,0.69,22.53,2024,AIIMS,Quarterly,0,0
2024-01-04 10:00:00,4.44,32.09,21.68,5.09,50.09,22.6,5.33,211.28,0.7,22.56,2024,AIIMS,Quarterly,0,0
2024-01-04 10:15:00,4.24,38.01,24.61,5.68,50.07,22.12,5.08,207.52,0.73,22.52,2024,AIIMS,Quarterly,0,0
2024-01-04 10:30:00,4.08,32.19,21.44,7.57,50.07,22.12,4.55,204.68,0.74,22.56,2024,AIIMS,Quarterly,0,0
2024-01-04 10:45:00,3.96,30.82,20.79,9.2,50.07,22.12,4.55,214.59,0.87,0.0,2024,AIIMS,Quarterly,0,0
2024-01-04 11:00:00,3.72,32.3,21.21,6.61,51.98,22.53,5.33,213.3,0.94,22.53,2024,AIIMS,Quarterly,0,0
2024-01-04 11:15:00,3.64,30.66,20.29,5.38,60.82,24.41,4.14,222.33,0.84,22.44,2024,AIIMS,Quarterly,0,0
2024-01-04 11:30:00,3.64,30.26,20.08,8.23,60.82,24.41,5.0,216.24,0.87,22.32,2024,AIIMS,Quarterly,0,0
2024-01-04 11:45:00,3.53,24.97,17.23,7.61,60.82,24.41,5.63,212.04,0.83,22.33,2024,AIIMS,Quarterly,0,0
2024-01-04 12:00:00,3.51,26.07,17.79,6.99,60.77,24.47,5.21,213.56,0.82,22.29,2024,AIIMS,Quarterly,0,0
2024-01-04 12:15:00,3.54,23.64,16.54,8.65,60.57,24.75,4.78,211.91,0.79,22.22,2024,AIIMS,Quarterly,0,0
2024-01-04 12:30:00,3.53,20.98,15.14,6.78,60.57,24.75,4.74,209.06,0.77,22.55,2024,AIIMS,Quarterly,0,0
2024-01-04 12:45:00,3.54,19.79,14.53,7.03,60.57,24.75,4.5,196.66,0.73,22.59,2024,AIIMS,Quarterly,0,0
2024-01-04 13:00:00,3.57,20.28,14.81,6.42,57.93,23.51,4.79,212.86,0.73,22.45,2024,AIIMS,Quarterly,0,0
2024-01-04 13:15:00,3.56,22.11,15.76,6.51,45.76,17.77,4.69,213.38,0.71,22.24,2024,AIIMS,Quarterly,0,0
2024-01-04 13:30:00,3.5,20.97,15.11,6.83,45.76,17.77,4.85,221.44,0.69,22.23,2024,AIIMS,Quarterly,0,0
2024-01-04 13:45:00,3.33,21.14,15.07,7.68,45.76,17.77,4.76,217.37,0.64,22.27,2024,AIIMS,Quarterly,0,0
2024-01-04 14:00:00,3.39,21.27,15.18,10.14,47.82,18.42,3.94,221.96,0.62,22.32,2024,AIIMS,Quarterly,0,0
2024-01-04 14:15:00,3.47,21.51,15.37,10.08,57.37,21.47,4.82,217.64,0.63,22.32,2024,AIIMS,Quarterly,0,0
2024-01-04 14:30:00,3.56,31.75,20.8,10.41,57.37,21.47,4.58,200.85,0.62,22.22,2024,AIIMS,Quarterly,0,0
2024-01-04 14:45:00,3.65,25.99,17.86,10.37,57.37,21.47,4.62,202.66,0.61,22.41,2024,AIIMS,Quarterly,0,0
2024-01-04 15:00:00,3.87,24.92,17.47,10.47,57.14,21.4,4.91,206.09,0.6,22.47,2024,AIIMS,Quarterly,0,0
2024-01-04 15:15:00,3.8,23.56,16.71,9.15,56.0,21.08,4.69,209.68,0.59,22.4,2024,AIIMS,Quarterly,0,0
2024-01-04 15:30:00,3.75,23.03,16.39,7.24,56.0,21.08,4.01,212.99,0.58,22.33,2024,AIIMS,Quarterly,0,0
2024-01-04 15:45:00,3.69,22.26,15.94,7.97,56.0,21.08,5.02,215.72,0.57,22.37,2024,AIIMS,Quarterly,0,0
2024-01-04 16:00:00,3.75,21.71,15.7,11.33,54.19,20.74,3.99,195.32,0.53,22.38,2024,AIIMS,Quarterly,0,0
2024-01-04 16:15:00,3.93,22.15,16.07,12.09,45.86,19.17,4.46,215.39,0.56,22.47,2024,AIIMS,Quarterly,0,0
2024-01-04 16:30:00,3.69,22.04,15.83,11.11,45.86,19.17,4.35,210.98,0.56,22.42,2024,AIIMS,Quarterly,0,0
2024-01-04 16:45:00,3.78,21.7,15.72,12.23,45.86,19.17,3.92,212.36,0.53,22.34,2024,AIIMS,Quarterly,0,0
2024-01-04 17:00:00,3.99,21.68,15.88,11.88,46.44,19.54,1.99,214.93,0.52,22.3,2024,AIIMS,Quarterly,0,0
2024-01-04 17:15:00,4.23,21.77,16.12,5.65,49.31,21.22,1.16,222.31,0.57,22.34,2024,AIIMS,Quarterly,0,0
2024-01-04 17:30:00,5.14,24.81,18.44,12.87,49.31,21.22,1.02,222.15,0.55,22.33,2024,AIIMS,Quarterly,0,0
2024-01-04 17:45:00,4.2,26.69,18.66,21.28,49.31,21.22,0.81,223.25,0.53,22.33,2024,AIIMS,Quarterly,0,0
2024-01-04 18:00:00,3.83,31.37,20.82,17.36,50.8,21.48,0.76,230.93,0.6,22.29,2024,AIIMS,Quarterly,0,0
2024-01-04 18:15:00,4.15,35.54,23.25,21.47,57.71,22.69,0.58,234.01,0.65,22.28,2024,AIIMS,Quarterly,0,0
2024-01-04 18:30:00,3.96,41.56,26.24,17.55,57.71,22.69,0.32,272.14,0.71,22.49,2024,AIIMS,Quarterly,0,0
2024-01-04 18:45:00,3.46,43.71,26.96,14.79,57.71,22.69,0.23,250.81,0.71,22.49,2024,AIIMS,Quarterly,0,0
2024-01-04 19:00:00,3.53,46.21,28.32,16.34,58.43,23.22,0.26,165.75,0.73,22.48,2024,AIIMS,Quarterly,0,0
2024-01-04 19:15:00,4.71,51.42,31.99,15.77,61.73,25.69,0.28,133.12,0.77,22.57,2024,AIIMS,Quarterly,0,0
2024-01-04 19:30:00,4.46,50.5,31.31,15.23,61.73,25.69,0.32,136.17,0.79,22.64,2024,AIIMS,Quarterly,0,0
2024-01-04 19:45:00,4.81,50.13,31.4,14.23,61.73,25.69,0.35,146.97,0.79,22.66,2024,AIIMS,Quarterly,0,0
2024-01-04 20:00:00,5.4,48.19,30.86,12.82,62.65,26.47,0.26,129.37,0.79,22.59,2024,AIIMS,Quarterly,0,0
2024-01-04 20:15:00,5.24,48.67,30.99,14.13,66.9,30.03,0.31,142.3,0.85,22.51,2024,AIIMS,Quarterly,0,0
2024-01-04 20:30:00,5.35,44.96,29.13,14.75,66.9,30.03,0.35,143.9,0.88,22.74,2024,AIIMS,Quarterly,0,0
2024-01-04 20:45:00,5.32,41.17,27.12,15.18,66.9,30.03,0.34,142.71,0.9,22.7,2024,AIIMS,Quarterly,0,0
2024-01-04 21:00:00,5.41,40.38,26.78,14.04,68.14,30.48,0.68,163.25,0.86,22.54,2024,AIIMS,Quarterly,0,0
2024-01-04 21:15:00,5.19,46.93,30.03,12.61,73.83,32.58,0.59,164.78,0.75,22.32,2024,AIIMS,Quarterly,0,0
2024-01-04 21:30:00,5.22,40.14,26.51,12.66,73.83,32.58,0.52,204.26,0.76,22.53,2024,AIIMS,Quarterly,0,0
2024-01-04 21:45:00,5.26,44.31,28.72,11.35,73.83,32.58,0.85,219.48,0.76,22.49,2024,AIIMS,Quarterly,0,0
2024-01-04 22:00:00,4.85,38.8,25.51,11.34,73.72,32.45,0.68,221.84,0.76,22.57,2024,AIIMS,Quarterly,0,0
2024-01-04 22:15:00,5.28,40.2,26.58,11.89,73.21,31.87,0.53,228.51,0.75,22.42,2024,AIIMS,Quarterly,0,0
2024-01-04 22:30:00,5.65,36.77,25.09,11.93,73.21,31.87,0.34,220.08,0.73,22.63,2024,AIIMS,Quarterly,0,0
2024-01-04 22:45:00,4.7,39.66,25.84,12.92,73.21,31.87,0.28,210.82,0.69,22.58,2024,AIIMS,Quarterly,0,0
2024-01-04 23:00:00,5.7,43.98,28.9,11.61,73.89,31.45,0.62,224.33,0.73,22.9,2024,AIIMS,Quarterly,0,0
2024-01-04 23:15:00,5.59,38.75,26.08,5.88,77.02,29.47,0.61,229.11,0.72,22.57,2024,AIIMS,Quarterly,0,0
2024-01-04 23:30:00,4.87,37.45,24.83,8.36,77.02,29.47,0.75,226.13,0.71,22.45,2024,AIIMS,Quarterly,0,0
2024-01-04 23:45:00,4.57,36.37,24.02,7.94,77.02,29.47,0.68,215.08,0.7,22.55,2024,AIIMS,Quarterly,0,0
2024-01-05 00:15:00,5.88,23.53,18.36,14.26,107.99,47.28,0.29,197.03,0.75,23.89,2024,AIIMS,Quarterly,0,0
2024-01-05 00:30:00,6.14,20.15,16.8,12.09,116.89,50.15,0.42,241.8,0.74,23.9,2024,AIIMS,Quarterly,0,0
2024-01-05 00:45:00,5.81,19.94,16.43,10.49,116.89,50.15,0.24,186.26,0.72,23.95,2024,AIIMS,Quarterly,0,0
2024-01-05 01:00:00,5.35,21.64,16.95,11.73,116.89,50.15,0.28,155.94,0.78,23.91,2024,AIIMS,Quarterly,0,0
2024-01-05 01:15:00,5.24,22.79,17.45,12.15,116.06,49.18,0.17,151.41,0.81,23.93,2024,AIIMS,Quarterly,0,0
2024-01-05 01:30:00,5.27,24.67,18.47,12.44,113.91,46.66,0.22,210.78,0.81,23.92,2024,AIIMS,Quarterly,0,0
2024-01-05 01:45:00,5.84,22.88,17.98,10.5,113.91,46.66,0.57,226.78,0.76,23.92,2024,AIIMS,Quarterly,0,0
2024-01-05 02:00:00,6.3,20.97,17.36,8.89,113.91,46.66,0.7,223.82,0.77,23.95,2024,AIIMS,Quarterly,0,0
2024-01-05 02:15:00,5.56,20.76,16.66,9.33,114.08,47.25,0.29,202.5,0.78,23.94,2024,AIIMS,Quarterly,0,0
2024-01-05 02:30:00,5.45,20.14,16.24,9.29,114.51,48.77,0.47,231.41,0.78,23.92,2024,AIIMS,Quarterly,0,0
2024-01-05 02:45:00,5.38,19.91,16.07,9.41,114.51,48.77,0.27,226.1,0.78,23.92,2024,AIIMS,Quarterly,0,0
2024-01-05 03:00:00,5.18,21.06,16.51,10.96,114.51,48.77,0.55,214.29,0.79,23.96,2024,AIIMS,Quarterly,0,0
2024-01-05 03:15:00,5.21,21.13,16.57,12.02,114.3,48.26,0.62,159.35,0.8,23.94,2024,AIIMS,Quarterly,0,0
2024-01-05 03:30:00,5.39,19.32,15.76,10.14,113.74,46.94,0.77,159.23,0.78,23.92,2024,AIIMS,Quarterly,0,0
2024-01-05 03:45:00,5.36,18.93,15.54,9.56,113.74,46.94,0.5,164.86,0.75,23.91,2024,AIIMS,Quarterly,0,0
2024-01-05 04:00:00,5.22,18.56,15.24,8.87,113.74,46.94,0.56,163.11,0.73,23.91,2024,AIIMS,Quarterly,0,0
2024-01-05 04:15:00,5.07,16.15,13.86,8.56,109.09,45.32,0.55,161.11,0.72,23.93,2024,AIIMS,Quarterly,0,0
2024-01-05 04:30:00,4.88,17.11,14.2,8.59,96.99,41.11,0.52,161.87,0.71,23.99,2024,AIIMS,Quarterly,0,0
2024-01-05 04:45:00,4.77,15.72,13.39,7.8,96.99,41.11,0.56,174.41,0.71,24.04,2024,AIIMS,Quarterly,0,0
2024-01-05 05:00:00,4.67,16.49,13.71,7.61,96.99,41.11,0.55,167.38,0.69,23.94,2024,AIIMS,Quarterly,0,0
2024-01-05 05:15:00,4.6,15.63,13.21,3.61,94.62,40.17,0.55,166.77,0.62,23.95,2024,AIIMS,Quarterly,0,0
2024-01-05 05:30:00,4.42,15.71,13.11,7.38,88.44,37.73,0.55,162.42,0.63,23.89,2024,AIIMS,Quarterly,0,0
2024-01-05 05:45:00,4.45,15.0,12.75,6.43,88.44,37.73,0.61,164.38,0.64,23.94,2024,AIIMS,Quarterly,0,0
2024-01-05 06:00:00,4.36,15.05,12.71,6.91,88.44,37.73,0.36,165.87,0.61,23.92,2024,AIIMS,Quarterly,0,0
2024-01-05 06:15:00,4.34,15.47,12.91,6.3,86.79,37.14,0.6,192.56,0.62,23.94,2024,AIIMS,Quarterly,0,0
2024-01-05 06:30:00,4.3,14.61,12.43,6.94,82.49,35.62,0.71,203.7,0.61,23.91,2024,AIIMS,Quarterly,0,0
2024-01-05 06:45:00,4.33,14.9,12.61,6.34,82.49,35.62,0.91,210.58,0.62,23.91,2024,AIIMS,Quarterly,0,0
2024-01-05 07:00:00,4.28,14.2,12.2,6.21,82.49,35.62,0.92,209.34,0.59,23.92,2024,AIIMS,Quarterly,0,0
2024-01-05 07:15:00,4.29,13.39,11.79,5.57,81.14,36.4,0.84,207.01,0.6,24.01,2024,AIIMS,Quarterly,0,0
2024-01-05 07:30:00,4.29,14.95,12.61,5.41,77.48,38.45,1.16,211.34,0.61,23.96,2024,AIIMS,Quarterly,0,0
2024-01-05 07:45:00,4.4,14.94,12.68,5.65,77.48,38.45,1.27,219.21,0.62,23.9,2024,AIIMS,Quarterly,0,0
2024-01-05 08:00:00,4.37,14.71,12.54,5.14,77.48,38.45,1.66,222.34,0.62,23.9,2024,AIIMS,Quarterly,0,0
2024-01-05 08:15:00,4.32,14.94,12.62,5.29,76.07,36.4,1.69,222.63,0.61,23.92,2024,AIIMS,Quarterly,0,0
2024-01-05 08:30:00,4.23,14.62,12.38,5.27,72.4,31.09,1.85,228.22,0.62,23.92,2024,AIIMS,Quarterly,0,0
2024-01-05 08:45:00,4.1,14.74,12.34,5.28,72.4,31.09,1.68,219.87,0.62,23.91,2024,AIIMS,Quarterly,0,0
2024-01-05 09:00:00,4.06,14.98,12.43,5.63,72.4,31.09,2.1,224.0,0.62,23.95,2024,AIIMS,Quarterly,0,0
2024-01-05 09:15:00,4.19,15.68,12.9,5.94,70.95,30.42,2.45,223.83,0.64,23.93,2024,AIIMS,Quarterly,0,0
2024-01-05 09:30:00,4.18,18.97,14.62,6.9,67.17,28.67,2.14,219.06,0.67,23.91,2024,AIIMS,Quarterly,0,0
2024-01-05 09:45:00,4.0,17.44,13.67,6.74,67.17,28.67,2.09,219.68,0.69,23.92,2024,AIIMS,Quarterly,0,0
2024-01-05 10:00:00,3.93,17.93,13.87,6.52,67.17,28.67,1.64,227.34,0.71,23.95,2024,AIIMS,Quarterly,0,0
2024-01-05 10:15:00,3.83,18.88,14.28,6.69,69.38,29.59,1.87,225.9,0.69,23.91,2024,AIIMS,Quarterly,0,0
2024-01-05 10:30:00,3.79,20.79,15.25,7.03,75.13,31.98,2.18,224.37,0.67,23.81,2024,AIIMS,Quarterly,0,0
2024-01-05 10:45:00,3.73,16.44,12.94,6.67,75.13,31.98,1.71,220.08,0.62,23.82,2024,AIIMS,Quarterly,0,0
2024-01-05 11:00:00,3.74,14.24,11.79,7.52,75.13,31.98,1.8,218.5,0.6,23.89,2024,AIIMS,Quarterly,0,0
2024-01-05 11:15:00,3.8,14.17,11.8,3.14,74.64,31.18,1.85,220.87,0.62,23.9,2024,AIIMS,Quarterly,0,0
2024-01-05 11:30:00,4.31,14.78,12.53,6.78,73.39,29.11,1.82,218.42,0.63,23.87,2024,AIIMS,Quarterly,0,0
2024-01-05 11:45:00,3.81,17.37,13.48,8.98,73.39,29.11,1.91,216.83,0.62,23.8,2024,AIIMS,Quarterly,0,0
2024-01-05 12:00:00,3.75,16.31,12.88,8.07,73.39,29.11,1.91,227.22,0.62,23.76,2024,AIIMS,Quarterly,0,0
2024-01-05 12:15:00,3.78,15.6,12.53,8.35,73.94,29.8,1.85,222.66,0.6,23.77,2024,AIIMS,Quarterly,0,0
2024-01-05 12:30:00,3.74,15.88,12.65,7.37,75.38,31.59,2.24,223.52,0.59,23.9,2024,AIIMS,Quarterly,0,0
2024-01-05 12:45:00,3.8,15.92,12.72,6.94,75.38,31.59,1.61,226.19,0.56,23.87,2024,AIIMS,Quarterly,0,0
2024-01-05 13:00:00,3.82,16.92,13.26,7.4,75.38,31.59,1.74,228.09,0.55,23.81,2024,AIIMS,Quarterly,0,0
2024-01-05 13:15:00,3.73,16.0,12.7,7.65,75.59,31.54,1.94,227.51,0.53,23.77,2024,AIIMS,Quarterly,0,0
2024-01-05 13:30:00,3.71,15.81,12.59,6.96,76.16,31.4,1.81,226.24,0.53,23.77,2024,AIIMS,Quarterly,0,0
2024-01-05 13:45:00,3.78,17.51,13.53,7.2,76.16,31.4,1.74,228.7,0.52,23.72,2024,AIIMS,Quarterly,0,0
2024-01-05 14:00:00,3.82,16.52,13.05,6.35,76.16,31.4,1.98,222.31,0.52,23.79,2024,AIIMS,Quarterly,0,0
2024-01-05 14:15:00,3.81,15.58,12.55,5.63,77.03,31.48,2.09,225.18,0.5,23.8,2024,AIIMS,Quarterly,0,0
2024-01-05 14:30:00,3.74,16.04,12.73,5.23,79.31,31.7,1.96,230.68,0.5,23.81,2024,AIIMS,Quarterly,0,0
2024-01-05 14:45:00,3.78,16.91,13.22,5.6,79.31,31.7,1.93,225.88,0.49,23.8,2024,AIIMS,Quarterly,0,0
2024-01-05 15:00:00,3.76,16.44,12.96,5.56,79.31,31.7,1.98,225.46,0.48,23.82,2024,AIIMS,Quarterly,0,0
2024-01-05 15:15:00,3.79,16.73,13.13,4.78,78.64,30.73,2.34,223.31,0.47,23.81,2024,AIIMS,Quarterly,0,0
2024-01-05 15:30:00,3.75,17.42,13.46,5.43,76.9,28.22,2.17,224.3,0.46,23.84,2024,AIIMS,Quarterly,0,0
2024-01-05 15:45:00,3.8,17.39,13.49,4.64,76.9,28.22,2.13,229.11,0.45,23.84,2024,AIIMS,Quarterly,0,0
2024-01-05 16:00:00,3.82,17.44,13.52,4.99,76.9,28.22,1.9,222.59,0.44,23.84,2024,AIIMS,Quarterly,0,0
2024-01-05 16:15:00,4.32,18.04,14.25,5.59,77.29,28.47,1.88,226.13,0.43,23.88,2024,AIIMS,Quarterly,0,0
2024-01-05 16:30:00,3.9,18.66,14.23,4.89,78.31,29.12,2.32,226.4,0.42,23.88,2024,AIIMS,Quarterly,0,0
2024-01-05 16:45:00,3.79,19.23,14.44,5.13,78.31,29.12,1.14,233.69,0.42,23.85,2024,AIIMS,Quarterly,0,0
2024-01-05 17:00:00,4.14,23.18,16.78,5.86,78.31,29.12,1.73,225.23,0.42,23.84,2024,AIIMS,Quarterly,0,0
2024-01-05 17:15:00,4.28,26.96,18.87,3.35,76.26,27.46,1.04,227.66,0.39,23.81,2024,AIIMS,Quarterly,0,0
2024-01-05 17:30:00,3.98,25.21,17.72,5.97,70.93,23.13,0.89,228.39,0.39,23.84,2024,AIIMS,Quarterly,0,0
2024-01-05 17:45:00,4.13,26.78,18.65,6.19,70.93,23.13,1.1,224.52,0.39,23.8,2024,AIIMS,Quarterly,0,0
2024-01-05 18:00:00,4.33,28.39,19.66,6.73,70.93,23.13,1.11,221.67,0.4,23.75,2024,AIIMS,Quarterly,0,0
2024-01-05 18:15:00,4.28,28.36,19.6,10.38,72.02,23.86,1.03,226.88,0.4,23.77,2024,AIIMS,Quarterly,0,0
2024-01-05 18:30:00,4.18,28.89,19.8,9.24,74.83,25.76,1.21,221.5,0.4,23.76,2024,AIIMS,Quarterly,0,0
2024-01-05 18:45:00,4.09,27.52,19.01,6.03,74.83,25.76,1.73,226.46,0.4,23.75,2024,AIIMS,Quarterly,0,0
2024-01-05 19:00:00,4.19,26.84,18.73,5.17,74.83,25.76,1.25,220.37,0.4,23.75,2024,AIIMS,Quarterly,0,0
2024-01-05 19:15:00,5.41,26.43,19.5,4.69,73.61,24.63,1.4,226.65,0.4,23.79,2024,AIIMS,Quarterly,0,0
2024-01-05 19:30:00,4.8,25.3,18.42,4.45,70.43,21.67,1.25,226.26,0.4,23.78,2024,AIIMS,Quarterly,0,0
2024-01-05 19:45:00,4.14,24.42,17.43,3.8,70.43,21.67,1.3,226.2,0.4,23.78,2024,AIIMS,Quarterly,0,0
2024-01-05 20:00:00,4.11,24.74,17.57,4.76,70.43,21.67,0.81,228.87,0.41,23.77,2024,AIIMS,Quarterly,0,0
2024-01-05 20:15:00,4.2,26.62,18.62,5.63,68.29,20.59,0.83,228.29,0.44,23.79,2024,AIIMS,Quarterly,0,0
2024-01-05 20:30:00,4.22,29.38,20.08,5.21,62.73,17.77,0.74,227.91,0.45,23.86,2024,AIIMS,Quarterly,0,0
2024-01-05 20:45:00,4.21,33.13,22.04,5.57,62.73,17.77,0.65,218.92,0.48,23.86,2024,AIIMS,Quarterly,0,0
2024-01-05 21:00:00,4.27,36.75,23.98,6.05,62.73,17.77,0.4,214.61,0.51,23.84,2024,AIIMS,Quarterly,0,0
2024-01-05 21:15:00,4.5,40.54,26.14,6.95,66.76,19.5,0.48,213.95,0.53,23.82,2024,AIIMS,Quarterly,0,0
2024-01-05 21:30:00,4.56,41.67,26.78,7.47,77.22,23.98,0.29,187.9,0.54,23.82,2024,AIIMS,Quarterly,0,0
2024-01-05 21:45:00,4.55,37.14,24.4,6.91,77.22,23.98,0.36,177.9,0.5,23.85,2024,AIIMS,Quarterly,0,0
2024-01-05 22:00:00,4.49,31.52,21.42,6.28,77.22,23.98,0.43,208.21,0.48,23.81,2024,AIIMS,Quarterly,0,0
2024-01-05 22:15:00,4.47,28.41,19.78,5.89,78.73,24.74,0.57,211.59,0.47,23.83,2024,AIIMS,Quarterly,0,0
2024-01-05 22:30:00,4.46,26.55,18.8,6.1,82.64,26.74,0.53,209.51,0.47,23.77,2024,AIIMS,Quarterly,0,0
2024-01-05 22:45:00,4.5,25.49,18.27,6.26,82.64,26.74,0.45,208.6,0.46,23.81,2024,AIIMS,Quarterly,0,0
2024-01-05 23:00:00,4.19,23.24,16.86,7.17,82.64,26.74,0.4,195.39,0.45,23.82,2024,AIIMS,Quarterly,0,0
2024-01-05 23:15:00,4.19,24.13,17.32,5.55,81.59,26.53,0.43,205.5,0.47,23.81,2024,AIIMS,Quarterly,0,0
2024-01-05 23:30:00,4.35,27.37,19.13,9.45,78.85,25.99,0.36,207.84,0.49,23.84,2024,AIIMS,Quarterly,0,0
2024-01-05 23:45:00,4.27,26.65,18.7,9.99,78.85,25.99,0.4,201.59,0.48,23.78,2024,AIIMS,Quarterly,0,0
2024-01-06 00:15:00,5.71,34.53,23.97,24.41,112.35,33.42,1.55,266.94,0.73,24.28,2024,AIIMS,Quarterly,0,0
2024-01-06 00:30:00,5.77,33.8,23.64,28.99,113.07,33.71,1.73,155.74,0.72,24.28,2024,AIIMS,Quarterly,0,0
2024-01-06 00:45:00,5.29,36.21,24.51,33.32,118.83,36.02,1.27,182.7,0.72,24.3,2024,AIIMS,Quarterly,0,0
2024-01-06 01:00:00,6.62,38.04,26.53,35.89,118.83,36.02,1.74,215.45,0.71,24.29,2024,AIIMS,Quarterly,0,0
2024-01-06 01:15:00,7.93,38.27,27.7,33.9,118.83,36.02,2.05,221.42,0.7,24.35,2024,AIIMS,Quarterly,0,0
2024-01-06 01:30:00,7.71,38.89,27.85,31.82,120.54,36.38,1.91,234.06,0.75,24.39,2024,AIIMS,Quarterly,0,0
2024-01-06 01:45:00,8.46,38.17,28.08,34.24,135.97,39.59,0.87,140.65,0.76,24.39,2024,AIIMS,Quarterly,0,0
2024-01-06 02:00:00,10.15,35.06,27.81,32.93,135.97,39.59,1.61,61.47,0.73,24.34,2024,AIIMS,Quarterly,0,0
2024-01-06 02:15:00,7.22,32.09,23.91,43.48,135.97,39.59,1.97,47.84,0.69,24.38,2024,AIIMS,Quarterly,0,0
2024-01-06 02:30:00,7.28,36.0,26.0,65.43,139.22,40.98,1.53,111.14,0.74,24.35,2024,AIIMS,Quarterly,0,0
2024-01-06 02:45:00,7.35,36.83,26.49,74.1,168.5,53.43,1.9,143.06,0.76,24.32,2024,AIIMS,Quarterly,0,0
2024-01-06 03:00:00,7.94,37.14,27.12,63.12,168.5,53.43,1.79,140.45,0.75,24.31,2024,AIIMS,Quarterly,0,0
2024-01-06 03:15:00,8.29,36.65,27.15,69.67,168.5,53.43,0.84,145.58,0.71,24.33,2024,AIIMS,Quarterly,0,0
2024-01-06 03:30:00,10.74,36.89,29.24,62.87,171.09,54.77,1.26,209.52,0.69,24.36,2024,AIIMS,Quarterly,0,0
2024-01-06 03:45:00,12.55,35.7,30.07,51.81,191.8,65.45,1.86,237.5,0.72,24.34,2024,AIIMS,Quarterly,0,0
2024-01-06 04:00:00,11.5,34.46,28.58,45.04,191.8,65.45,2.23,230.52,0.72,24.32,2024,AIIMS,Quarterly,0,0
2024-01-06 04:15:00,10.92,34.55,28.16,48.43,191.8,65.45,2.1,216.6,0.7,24.33,2024,AIIMS,Quarterly,0,0
2024-01-06 04:30:00,13.44,33.94,29.86,45.66,192.06,66.74,2.07,231.37,0.7,24.45,2024,AIIMS,Quarterly,0,0
2024-01-06 04:45:00,11.27,32.69,27.47,38.38,194.4,78.36,2.27,233.27,0.69,24.51,2024,AIIMS,Quarterly,0,0
2024-01-06 05:00:00,11.19,28.88,25.42,24.35,194.4,78.36,2.79,230.65,0.7,24.46,2024,AIIMS,Quarterly,0,0
2024-01-06 05:15:00,11.09,26.61,24.15,11.3,194.4,78.36,2.69,227.15,0.68,24.43,2024,AIIMS,Quarterly,0,0
2024-01-06 05:30:00,10.18,26.33,23.27,17.48,192.01,76.88,1.94,216.56,0.66,24.43,2024,AIIMS,Quarterly,0,0
2024-01-06 05:45:00,10.14,29.71,25.0,19.32,170.5,65.07,1.57,138.06,0.64,24.46,2024,AIIMS,Quarterly,0,0
2024-01-06 06:00:00,11.45,30.49,26.46,17.12,170.5,65.07,1.48,227.55,0.67,24.47,2024,AIIMS,Quarterly,0,0
2024-01-06 06:15:00,12.08,30.71,27.08,15.12,170.5,65.07,0.87,145.67,0.72,24.57,2024,AIIMS,Quarterly,0,0
2024-01-06 06:30:00,11.36,31.16,26.74,17.43,169.77,63.91,1.16,131.11,0.69,24.52,2024,AIIMS,Quarterly,0,0
2024-01-06 06:45:00,9.77,27.13,23.36,14.14,163.2,54.61,1.46,193.62,0.68,24.47,2024,AIIMS,Quarterly,0,0
2024-01-06 07:00:00,9.22,25.59,22.11,12.77,163.2,54.61,0.52,30.65,0.66,24.49,2024,AIIMS,Quarterly,0,0
2024-01-06 07:15:00,8.58,23.43,20.48,11.92,163.2,54.61,0.9,224.62,0.65,24.49,2024,AIIMS,Quarterly,0,0
2024-01-06 07:30:00,8.01,23.09,19.84,12.94,160.87,54.48,0.47,165.54,0.67,24.42,2024,AIIMS,Quarterly,0,0
2024-01-06 07:45:00,7.06,22.63,18.84,13.27,142.3,53.46,0.43,40.75,0.7,24.36,2024,AIIMS,Quarterly,0,0
2024-01-06 08:00:00,6.22,22.95,18.34,13.81,142.3,53.46,1.0,44.88,0.73,24.32,2024,AIIMS,Quarterly,0,0
2024-01-06 08:15:00,5.45,22.7,17.58,13.48,142.3,53.46,1.38,37.87,0.71,24.3,2024,AIIMS,Quarterly,0,0
2024-01-06 08:30:00,4.87,24.32,17.97,14.61,141.67,53.3,1.54,64.57,0.8,24.28,2024,AIIMS,Quarterly,0,0
2024-01-06 08:45:00,4.84,27.4,19.55,24.92,136.69,51.98,1.19,52.83,0.78,24.29,2024,AIIMS,Quarterly,0,0
2024-01-06 09:00:00,4.62,30.18,20.83,34.92,136.69,51.98,1.1,31.09,0.79,24.25,2024,AIIMS,Quarterly,0,0
2024-01-06 09:15:00,4.25,29.95,20.41,33.68,136.69,51.98,1.61,48.83,0.8,24.21,2024,AIIMS,Quarterly,0,0
2024-01-06 09:30:00,3.73,26.44,18.15,31.19,137.44,52.59,1.85,23.53,0.78,24.15,2024,AIIMS,Quarterly,0,0
2024-01-06 09:45:00,3.47,22.95,16.12,23.12,144.21,57.4,0.71,53.27,0.74,24.1,2024,AIIMS,Quarterly,0,0
2024-01-06 10:00:00,3.4,21.37,15.25,19.12,144.21,57.4,1.77,36.66,0.74,24.07,2024,AIIMS,Quarterly,0,0
2024-01-06 10:15:00,3.54,21.18,15.26,17.27,144.21,57.4,0.95,56.67,0.71,24.04,2024,AIIMS,Quarterly,0,0
2024-01-06 10:30:00,3.39,19.16,14.08,15.76,141.46,56.56,1.21,19.28,0.68,24.02,2024,AIIMS,Quarterly,0,0
2024-01-06 10:45:00,4.09,22.33,16.3,13.99,119.44,49.8,2.54,29.69,0.7,24.03,2024,AIIMS,Quarterly,0,0
2024-01-06 11:00:00,3.51,20.04,14.63,12.68,119.44,49.8,1.27,55.25,0.65,24.04,2024,AIIMS,Quarterly,0,0
2024-01-06 11:15:00,3.64,19.81,14.91,9.26,119.44,49.8,0.97,358.67,0.6,23.98,2024,AIIMS,Quarterly,0,0
2024-01-06 11:30:00,3.79,17.27,13.41,12.51,118.54,49.22,1.76,23.38,0.6,23.97,2024,AIIMS,Quarterly,0,0
2024-01-06 11:45:00,3.88,16.24,12.95,12.05,111.32,44.62,0.44,22.1,0.55,23.98,2024,AIIMS,Quarterly,0,0
2024-01-06 12:00:00,2.82,13.5,10.67,12.77,111.32,44.62,0.35,320.17,0.49,23.99,2024,AIIMS,Quarterly,0,0
2024-01-06 12:15:00,2.78,16.1,11.99,15.01,111.32,44.62,1.09,356.84,0.49,23.99,2024,AIIMS,Quarterly,0,0
2024-01-06 12:30:00,2.77,15.32,11.58,15.38,109.88,43.55,1.35,227.66,0.49,24.09,2024,AIIMS,Quarterly,0,0
2024-01-06 12:45:00,3.2,15.68,12.11,14.91,96.89,34.97,1.21,15.89,0.46,24.19,2024,AIIMS,Quarterly,0,0
2024-01-06 13:00:00,2.79,14.78,11.31,13.43,96.89,34.97,2.54,231.3,0.49,24.12,2024,AIIMS,Quarterly,0,0
2024-01-06 13:15:00,2.79,14.54,11.19,12.58,96.89,34.97,0.82,324.66,0.47,24.06,2024,AIIMS,Quarterly,0,0
2024-01-06 13:30:00,2.74,14.77,11.27,13.05,94.81,34.24,1.78,227.93,0.47,24.08,2024,AIIMS,Quarterly,0,0
2024-01-06 13:45:00,2.81,17.15,12.57,12.88,78.21,28.35,0.93,221.63,0.48,24.07,2024,AIIMS,Quarterly,0,0
2024-01-06 14:00:00,2.96,18.69,13.49,13.19,78.21,28.35,0.61,359.89,0.47,24.09,2024,AIIMS,Quarterly,0,0
2024-01-06 14:15:00,2.83,17.5,12.76,13.14,78.21,28.35,0.31,195.1,0.47,24.07,2024,AIIMS,Quarterly,0,0
2024-01-06 14:30:00,2.73,18.87,13.39,11.65,77.47,28.48,3.21,228.67,0.47,24.05,2024,AIIMS,Quarterly,0,0
2024-01-06 14:45:00,2.69,18.28,13.06,10.92,71.52,29.57,2.1,230.24,0.45,24.05,2024,AIIMS,Quarterly,0,0
2024-01-06 15:00:00,2.77,17.66,12.8,10.51,71.52,29.57,1.69,239.8,0.44,24.06,2024,AIIMS,Quarterly,0,0
2024-01-06 15:15:00,3.0,18.38,13.36,10.94,71.52,29.57,0.64,272.81,0.41,24.09,2024,AIIMS,Quarterly,0,0
2024-01-06 15:30:00,2.81,17.69,12.85,13.24,71.41,29.26,1.51,239.34,0.41,24.1,2024,AIIMS,Quarterly,0,0
2024-01-06 15:45:00,2.8,19.31,13.68,10.22,70.57,26.77,2.73,251.18,0.42,24.11,2024,AIIMS,Quarterly,0,0
2024-01-06 16:00:00,2.86,21.55,14.9,9.5,70.57,26.77,3.3,226.41,0.4,24.13,2024,AIIMS,Quarterly,0,0
2024-01-06 16:15:00,3.07,20.45,14.5,10.28,70.57,26.77,1.41,229.54,0.38,24.18,2024,AIIMS,Quarterly,0,0
2024-01-06 16:30:00,3.0,20.58,14.51,9.28,69.9,26.35,2.23,237.25,0.38,24.18,2024,AIIMS,Quarterly,0,0
2024-01-06 16:45:00,3.18,20.38,14.55,9.55,64.53,22.97,1.82,232.01,0.38,24.19,2024,AIIMS,Quarterly,0,0
2024-01-06 17:00:00,3.63,19.96,14.69,9.66,64.53,22.97,1.74,232.07,0.37,24.21,2024,AIIMS,Quarterly,0,0
2024-01-06 17:15:00,3.23,19.72,14.25,4.51,64.53,22.97,2.52,239.82,0.4,24.15,2024,AIIMS,Quarterly,0,0
2024-01-06 17:30:00,3.13,19.53,14.07,5.48,64.31,22.78,4.09,228.23,0.41,24.12,2024,AIIMS,Quarterly,0,0
2024-01-06 17:45:00,3.0,19.27,13.82,6.19,62.36,21.27,3.97,230.27,0.4,24.16,2024,AIIMS,Quarterly,0,0
2024-01-06 18:00:00,2.92,19.86,14.07,5.53,62.36,21.27,3.2,228.73,0.41,24.16,2024,AIIMS,Quarterly,0,0
2024-01-06 18:15:00,2.92,19.43,13.84,5.36,62.36,21.27,2.87,233.95,0.41,24.17,2024,AIIMS,Quarterly,0,0
2024-01-06 18:30:00,2.9,19.13,13.67,5.83,62.97,21.62,1.96,226.23,0.4,24.21,2024,AIIMS,Quarterly,0,0
2024-01-06 18:45:00,2.85,18.92,13.52,5.69,67.85,24.41,2.27,230.05,0.41,24.25,2024,AIIMS,Quarterly,0,0
2024-01-06 19:00:00,4.21,26.43,18.53,6.01,67.85,24.41,3.48,234.02,0.46,24.25,2024,AIIMS,Quarterly,0,0
2024-01-06 19:15:00,3.94,31.64,21.04,6.7,67.85,24.41,3.03,227.46,0.51,24.28,2024,AIIMS,Quarterly,0,0
2024-01-06 19:30:00,3.39,31.35,20.45,7.82,69.13,24.67,1.73,207.88,0.54,24.27,2024,AIIMS,Quarterly,0,0
2024-01-06 19:45:00,4.52,32.18,21.79,8.94,79.35,26.74,2.51,246.84,0.59,24.33,2024,AIIMS,Quarterly,0,0
2024-01-06 20:00:00,5.27,35.73,24.24,12.26,79.35,26.74,2.27,233.24,0.68,24.32,2024,AIIMS,Quarterly,0,0
2024-01-06 20:15:00,4.39,35.59,23.46,14.93,79.35,26.74,1.69,227.43,0.71,24.31,2024,AIIMS,Quarterly,0,0
2024-01-06 20:30:00,4.37,37.7,24.55,20.15,81.63,26.9,1.15,196.16,0.76,24.37,2024,AIIMS,Quarterly,0,0
2024-01-06 20:45:00,4.08,38.96,24.98,22.21,99.9,28.36,0.52,171.86,0.76,24.42,2024,AIIMS,Quarterly,0,0
2024-01-06 21:00:00,4.09,40.09,25.57,19.61,99.9,28.36,1.04,186.25,0.74,24.43,2024,AIIMS,Quarterly,0,0
2024-01-06 21:15:00,5.27,45.86,29.53,19.13,99.9,28.36,1.2,229.83,0.84,24.43,2024,AIIMS,Quarterly,0,0
2024-01-06 21:30:00,6.65,47.99,31.76,16.41,103.29,28.61,1.53,221.17,0.82,24.43,2024,AIIMS,Quarterly,0,0
2024-01-06 21:45:00,7.64,47.78,32.44,14.47,130.38,30.6,1.68,217.37,0.8,24.49,2024,AIIMS,Quarterly,0,0
2024-01-06 22:00:00,6.57,43.76,29.49,13.8,130.38,30.6,1.4,145.49,0.77,24.41,2024,AIIMS,Quarterly,0,0
2024-01-06 22:15:00,6.43,41.14,28.0,14.71,130.38,30.6,1.49,132.16,0.85,24.32,2024,AIIMS,Quarterly,0,0
2024-01-06 22:30:00,5.08,30.0,21.1,12.53,130.6,31.39,1.78,127.81,0.73,24.23,2024,AIIMS,Quarterly,0,0
2024-01-06 22:45:00,5.13,27.8,20.0,11.12,132.4,37.72,0.49,147.15,0.7,24.19,2024,AIIMS,Quarterly,0,0
2024-01-06 23:00:00,4.02,24.53,17.39,10.01,132.4,37.72,2.17,186.93,0.65,24.17,2024,AIIMS,Quarterly,0,0
2024-01-06 23:15:00,3.54,23.02,16.22,3.7,132.4,37.72,2.32,195.57,0.57,24.16,2024,AIIMS,Quarterly,0,0
2024-01-06 23:30:00,3.4,22.81,15.99,8.04,129.62,37.76,2.13,196.07,0.59,24.15,2024,AIIMS,Quarterly,0,0
2024-01-06 23:45:00,3.18,21.58,15.18,7.73,107.37,38.06,1.98,192.23,0.57,24.12,2024,AIIMS,Quarterly,0,0
2024-01-08 00:15:00,5.32,4.96,8.21,3.03,19.41,12.79,1.42,250.94,0.43,25.26,2024,AIIMS,Quarterly,0,0
2024-01-08 00:30:00,5.15,4.89,8.04,2.93,17.72,10.07,1.52,257.43,0.42,25.27,2024,AIIMS,Quarterly,0,0
2024-01-08 00:45:00,4.97,4.93,7.91,3.29,17.07,8.96,1.71,254.32,0.41,25.26,2024,AIIMS,Quarterly,0,0
2024-01-08 01:00:00,4.81,5.0,7.82,3.22,17.07,8.96,1.3,256.41,0.41,25.26,2024,AIIMS,Quarterly,0,0
2024-01-08 01:15:00,4.77,5.03,7.8,3.48,17.07,8.96,1.08,253.83,0.4,25.28,2024,AIIMS,Quarterly,0,0
2024-01-08 01:30:00,4.78,5.08,7.84,3.41,14.49,7.08,0.82,254.54,0.39,25.28,2024,AIIMS,Quarterly,0,0
2024-01-08 01:45:00,4.85,5.17,7.95,3.36,13.43,6.32,0.91,258.62,0.39,25.29,2024,AIIMS,Quarterly,0,0
2024-01-08 02:00:00,4.86,5.13,7.93,3.28,13.43,6.32,0.83,249.13,0.39,25.31,2024,AIIMS,Quarterly,0,0
2024-01-08 02:15:00,4.89,5.04,7.9,3.01,13.43,6.32,0.58,248.49,0.38,25.33,2024,AIIMS,Quarterly,0,0
2024-01-08 02:30:00,4.98,4.87,7.89,3.04,16.4,5.29,0.54,241.3,0.37,25.39,2024,AIIMS,Quarterly,0,0
2024-01-08 02:45:00,4.98,5.01,7.96,2.52,17.6,4.87,0.2,262.26,0.38,25.43,2024,AIIMS,Quarterly,0,0
2024-01-08 03:00:00,4.98,5.01,7.96,2.77,17.6,4.87,0.49,246.37,0.39,25.44,2024,AIIMS,Quarterly,0,0
2024-01-08 03:15:00,4.98,5.01,7.96,2.82,17.6,4.87,0.47,239.81,0.39,25.45,2024,AIIMS,Quarterly,0,0
2024-01-08 03:30:00,4.98,5.01,7.96,2.8,30.53,8.04,0.62,246.18,0.39,25.44,2024,AIIMS,Quarterly,0,0
2024-01-08 03:45:00,4.98,5.01,7.96,2.55,35.78,9.33,0.51,253.32,0.39,25.41,2024,AIIMS,Quarterly,0,0
2024-01-08 04:00:00,4.98,5.01,7.96,2.86,35.78,9.33,0.62,249.67,0.4,25.38,2024,AIIMS,Quarterly,0,0
2024-01-08 04:15:00,4.98,5.01,7.96,3.46,35.78,9.33,0.78,250.96,0.39,25.35,2024,AIIMS,Quarterly,0,0
2024-01-08 04:30:00,4.98,5.01,7.96,2.92,34.19,9.03,0.75,248.01,0.38,25.26,2024,AIIMS,Quarterly,0,0
2024-01-08 04:45:00,4.98,5.01,7.96,3.23,33.54,8.9,0.91,249.03,0.38,25.27,2024,AIIMS,Quarterly,0,0
2024-01-08 05:00:00,4.98,5.01,7.96,3.27,33.54,8.9,0.88,240.1,0.37,25.29,2024,AIIMS,Quarterly,0,0
2024-01-08 05:15:00,4.98,5.01,7.96,2.15,33.54,8.9,0.74,228.77,0.35,25.3,2024,AIIMS,Quarterly,0,0
2024-01-08 05:30:00,4.98,5.01,7.96,2.67,28.59,8.55,1.16,248.67,0.36,25.29,2024,AIIMS,Quarterly,0,0
2024-01-08 05:45:00,4.98,5.01,7.96,3.16,26.59,8.41,1.04,242.4,0.36,25.3,2024,AIIMS,Quarterly,0,0
2024-01-08 06:00:00,4.98,5.01,7.96,3.22,26.59,8.41,1.16,243.48,0.35,25.3,2024,AIIMS,Quarterly,0,0
2024-01-08 06:15:00,4.98,5.01,7.96,3.44,26.59,8.41,1.29,248.22,0.35,25.3,2024,AIIMS,Quarterly,0,0
2024-01-08 06:30:00,4.98,5.01,7.96,3.49,25.9,6.86,1.47,240.31,0.34,25.32,2024,AIIMS,Quarterly,0,0
2024-01-08 06:45:00,4.98,5.01,7.96,3.28,25.63,6.22,1.47,240.94,0.33,25.31,2024,AIIMS,Quarterly,0,0
2024-01-08 07:00:00,4.98,5.01,7.96,3.63,25.63,6.22,1.57,242.88,0.33,25.32,2024,AIIMS,Quarterly,0,0
2024-01-08 07:15:00,4.98,5.01,7.96,3.43,25.63,6.22,1.35,232.7,0.32,25.36,2024,AIIMS,Quarterly,0,0
2024-01-08 07:30:00,4.98,5.01,7.96,3.45,21.02,6.52,1.35,235.53,0.32,25.41,2024,AIIMS,Quarterly,0,0
2024-01-08 07:45:00,4.98,5.01,7.96,3.99,19.16,6.65,1.36,246.16,0.32,25.36,2024,AIIMS,Quarterly,0,0
2024-01-08 08:00:00,4.98,5.01,7.96,3.74,19.16,6.65,1.36,235.79,0.33,25.43,2024,AIIMS,Quarterly,0,0
2024-01-08 08:15:00,4.98,5.01,7.96,3.37,19.16,6.65,1.55,245.28,0.34,25.42,2024,AIIMS,Quarterly,0,0
2024-01-08 08:30:00,4.98,5.01,7.96,3.88,17.79,7.82,1.48,253.0,0.37,25.43,2024,AIIMS,Quarterly,0,0
2024-01-08 08:45:00,4.98,5.01,7.96,3.69,17.23,8.3,1.53,243.09,0.4,25.38,2024,AIIMS,Quarterly,0,0
2024-01-08 09:00:00,4.98,5.01,7.96,3.72,17.23,8.3,1.56,241.89,0.41,25.33,2024,AIIMS,Quarterly,0,0
2024-01-08 09:15:00,4.98,5.01,7.96,3.86,17.23,8.3,1.54,243.85,0.42,25.29,2024,AIIMS,Quarterly,0,0
2024-01-08 09:30:00,4.98,5.01,7.96,4.09,15.0,8.89,1.77,258.25,0.44,25.3,2024,AIIMS,Quarterly,0,0
2024-01-08 09:45:00,4.98,5.01,7.96,4.14,14.09,9.13,1.23,247.86,0.46,25.31,2024,AIIMS,Quarterly,0,0
2024-01-08 10:00:00,4.98,5.01,7.96,4.25,14.09,9.13,1.54,267.51,0.49,25.22,2024,AIIMS,Quarterly,0,0
2024-01-08 10:15:00,4.98,5.01,7.96,4.27,14.09,9.13,1.58,267.98,0.52,25.16,2024,AIIMS,Quarterly,0,0
2024-01-08 10:30:00,4.98,5.01,7.96,4.03,25.39,14.71,1.53,262.51,0.54,25.18,2024,AIIMS,Quarterly,0,0
2024-01-08 10:45:00,4.98,5.01,7.96,3.76,29.97,16.98,1.5,259.63,0.57,25.2,2024,AIIMS,Quarterly,0,0
2024-01-08 11:00:00,4.98,5.01,7.96,3.93,29.97,16.98,2.24,264.87,0.6,25.2,2024,AIIMS,Quarterly,0,0
2024-01-08 11:15:00,4.98,5.01,7.96,0.91,29.97,16.98,1.91,274.23,0.6,25.18,2024,AIIMS,Quarterly,0,0
2024-01-08 11:30:00,4.98,5.01,7.96,1.96,32.49,13.93,2.39,271.39,0.61,25.29,2024,AIIMS,Quarterly,0,0
2024-01-08 11:45:00,4.98,5.01,7.96,2.0,33.51,12.7,2.49,250.61,0.59,25.35,2024,AIIMS,Quarterly,0,0
2024-01-08 12:00:00,4.98,5.01,7.96,1.46,33.51,12.7,1.81,252.94,0.58,25.35,2024,AIIMS,Quarterly,0,0
2024-01-08 12:15:00,4.98,5.01,7.96,1.61,33.51,12.7,2.26,260.62,0.55,25.39,2024,AIIMS,Quarterly,0,0
2024-01-08 12:30:00,4.98,5.01,7.96,1.28,34.47,13.52,1.96,244.04,0.54,25.51,2024,AIIMS,Quarterly,0,0
2024-01-08 12:45:00,4.98,5.01,7.96,1.4,34.85,13.86,2.54,265.5,0.52,25.44,2024,AIIMS,Quarterly,0,0
2024-01-08 13:00:00,4.98,5.01,7.96,1.33,34.85,13.86,2.15,269.72,0.5,25.44,2024,AIIMS,Quarterly,0,0
2024-01-08 13:15:00,4.98,5.01,7.96,1.82,34.85,13.86,1.92,261.72,0.49,25.44,2024,AIIMS,Quarterly,0,0
2024-01-08 13:30:00,4.98,5.01,7.96,1.1,33.1,13.48,2.11,258.2,0.5,25.41,2024,AIIMS,Quarterly,0,0
2024-01-08 13:45:00,4.98,5.01,7.96,1.43,32.42,13.32,2.39,259.4,0.49,25.36,2024,AIIMS,Quarterly,0,0
2024-01-08 14:00:00,4.98,5.01,7.96,1.49,32.42,13.32,2.23,260.75,0.48,25.34,2024,AIIMS,Quarterly,0,0
2024-01-08 14:15:00,4.98,5.01,7.96,1.48,32.42,13.32,1.67,261.82,0.48,25.34,2024,AIIMS,Quarterly,0,0
2024-01-08 14:30:00,4.98,5.01,7.96,1.9,26.74,15.02,1.79,266.06,0.47,25.33,2024,AIIMS,Quarterly,0,0
2024-01-08 14:45:00,4.98,5.01,7.96,1.74,24.43,15.71,1.54,275.94,0.47,25.31,2024,AIIMS,Quarterly,0,0
2024-01-08 15:00:00,4.98,5.01,7.96,2.16,24.43,15.71,1.96,262.05,0.46,25.32,2024,AIIMS,Quarterly,0,0
2024-01-08 15:15:00,4.98,5.01,7.96,1.59,24.43,15.71,1.89,259.69,0.46,25.33,2024,AIIMS,Quarterly,0,0
2024-01-08 15:30:00,4.98,5.01,7.96,1.95,23.13,14.32,2.14,256.49,0.45,25.33,2024,AIIMS,Quarterly,0,0
2024-01-08 15:45:00,4.98,5.01,7.96,2.0,22.6,13.75,2.41,250.36,0.44,25.34,2024,AIIMS,Quarterly,0,0
2024-01-08 16:00:00,4.98,5.01,7.96,1.94,22.6,13.75,2.16,253.09,0.42,25.35,2024,AIIMS,Quarterly,0,0
2024-01-08 16:15:00,4.98,5.01,7.96,1.67,22.6,13.75,2.26,254.09,0.42,25.34,2024,AIIMS,Quarterly,0,0
2024-01-08 16:30:00,4.98,5.01,7.96,2.07,18.47,11.21,2.4,255.35,0.41,25.34,2024,AIIMS,Quarterly,0,0
2024-01-08 16:45:00,4.98,5.01,7.96,1.81,16.79,10.17,2.57,247.35,0.4,25.32,2024,AIIMS,Quarterly,0,0
2024-01-08 17:00:00,4.98,5.01,7.96,1.53,16.79,10.17,1.7,248.83,0.39,25.37,2024,AIIMS,Quarterly,0,0
2024-01-08 17:15:00,4.98,5.01,7.96,1.93,16.79,10.17,1.58,250.24,0.43,25.45,2024,AIIMS,Quarterly,0,0
2024-01-08 17:30:00,4.98,5.01,7.96,2.1,22.33,13.4,1.39,243.75,0.46,25.47,2024,AIIMS,Quarterly,0,0
2024-01-08 17:45:00,4.98,5.01,7.96,2.01,24.58,14.71,1.49,245.28,0.46,25.46,2024,AIIMS,Quarterly,0,0
2024-01-08 18:00:00,4.98,5.01,7.96,1.88,24.58,14.71,1.73,256.96,0.48,25.45,2024,AIIMS,Quarterly,0,0
2024-01-08 18:15:00,4.98,5.01,7.96,1.74,24.58,14.71,1.27,261.12,0.52,25.42,2024,AIIMS,Quarterly,0,0
2024-01-08 18:30:00,4.98,5.01,7.96,2.27,25.23,17.44,1.12,271.13,0.57,25.44,2024,AIIMS,Quarterly,0,0
2024-01-08 18:45:00,4.98,5.01,7.96,2.43,25.5,18.49,1.75,274.31,0.56,25.35,2024,AIIMS,Quarterly,0,0
2024-01-08 19:00:00,4.98,5.01,7.96,2.4,25.5,18.49,0.79,273.54,0.57,25.32,2024,AIIMS,Quarterly,0,0
2024-01-08 19:15:00,4.98,5.01,7.96,2.5,25.5,18.49,0.95,278.5,0.6,25.29,2024,AIIMS,Quarterly,0,0
2024-01-08 19:30:00,4.98,5.01,7.96,1.93,35.68,15.57,1.4,280.62,0.61,25.3,2024,AIIMS,Quarterly,0,0
2024-01-08 19:45:00,4.98,5.01,7.96,2.62,39.81,14.39,1.11,250.76,0.6,25.3,2024,AIIMS,Quarterly,0,0
2024-01-08 20:00:00,4.98,5.01,7.96,2.88,39.81,14.39,1.06,257.01,0.59,25.31,2024,AIIMS,Quarterly,0,0
2024-01-08 20:15:00,4.98,5.01,7.96,2.3,39.81,14.39,1.37,253.45,0.57,25.32,2024,AIIMS,Quarterly,0,0
2024-01-08 20:30:00,4.98,5.01,7.96,2.48,37.57,17.29,1.16,259.9,0.56,25.25,2024,AIIMS,Quarterly,0,0
2024-01-08 20:45:00,4.98,5.01,7.96,2.52,36.7,18.47,1.25,262.67,0.55,25.28,2024,AIIMS,Quarterly,0,0
2024-01-08 21:00:00,4.98,5.01,7.96,2.74,36.7,18.47,0.92,267.7,0.54,25.32,2024,AIIMS,Quarterly,0,0
2024-01-08 21:15:00,4.98,5.01,7.96,2.66,36.7,18.47,0.95,279.08,0.53,25.32,2024,AIIMS,Quarterly,0,0
2024-01-08 21:30:00,4.98,5.01,7.96,2.58,34.32,18.6,0.95,246.17,0.53,25.3,2024,AIIMS,Quarterly,0,0
2024-01-08 21:45:00,4.98,5.01,7.96,2.27,33.41,18.65,1.24,223.45,0.52,25.33,2024,AIIMS,Quarterly,0,0
2024-01-08 22:00:00,4.98,5.01,7.96,2.26,33.41,18.65,0.99,220.62,0.5,25.4,2024,AIIMS,Quarterly,0,0
2024-01-08 22:15:00,4.98,5.01,7.96,2.13,33.41,18.65,0.96,220.64,0.49,25.36,2024,AIIMS,Quarterly,0,0
2024-01-08 22:30:00,4.98,5.01,7.96,2.01,33.09,15.63,1.12,226.54,0.49,25.35,2024,AIIMS,Quarterly,0,0
2024-01-08 22:45:00,4.98,5.01,7.96,2.4,32.97,14.4,1.12,217.3,0.48,25.35,2024,AIIMS,Quarterly,0,0
2024-01-08 23:00:00,4.98,5.01,7.96,2.12,32.97,14.4,1.46,220.44,0.47,25.33,2024,AIIMS,Quarterly,0,0
2024-01-08 23:15:00,4.98,5.01,7.96,1.63,32.97,14.4,1.28,218.26,0.45,25.34,2024,AIIMS,Quarterly,0,0
2024-01-08 23:30:00,4.98,5.01,7.96,2.21,31.06,15.63,1.24,223.13,0.46,25.35,2024,AIIMS,Quarterly,0,0
2024-01-08 23:45:00,4.98,5.01,7.96,2.41,30.28,16.13,1.17,224.49,0.45,25.31,2024,AIIMS,Quarterly,0,0
2024-01-09 00:15:00,4.9983673469387755,4.986938775510204,7.96265306122449,3.68,47.2,17.9,0.6,43.93,0.57,25.25,2024,AIIMS,Quarterly,1,95
2024-01-09 00:30:00,5.0075510204081635,4.975408163265306,7.963979591836734,3.38,47.2,17.9,0.56,27.61,0.53,25.25,2024,AIIMS,Quarterly,1,95
2024-01-09 00:45:00,5.016734693877551,4.963877551020408,7.96530612244898,3.55,47.2,17.9,0.5,29.15,0.58,25.28,2024,AIIMS,Quarterly,1,95
2024-01-09 01:00:00,,,,3.5,49.72,18.29,0.52,27.09,0.6,25.29,2024,AIIMS,Quarterly,1,95
2024-01-09 01:15:00,,,,3.31,59.81,19.87,0.39,35.25,0.6,25.3,2024,AIIMS,Quarterly,1,95
2024-01-09 01:30:00,,,,3.47,59.81,19.87,0.59,32.05,0.58,25.32,2024,AIIMS,Quarterly,1,95
2024-01-09 01:45:00,,,,3.56,59.81,19.87,0.58,36.37,0.56,25.29,2024,AIIMS,Quarterly,1,95
2024-01-09 02:00:00,,,,3.16,62.83,21.58,0.57,44.46,0.54,25.28,2024,AIIMS,Quarterly,1,95
2024-01-09 02:15:00,,,,3.26,75.78,28.92,0.59,24.28,0.53,25.29,2024,AIIMS,Quarterly,1,95
2024-01-09 02:30:00,,,,3.16,75.78,28.92,0.54,32.12,0.53,25.27,2024,AIIMS,Quarterly,1,95
2024-01-09 02:45:00,,,,3.29,75.78,28.92,0.54,63.26,0.55,25.23,2024,AIIMS,Quarterly,1,95
2024-01-09 03:00:00,,,,3.93,73.96,28.52,0.51,52.19,0.53,25.22,2024,AIIMS,Quarterly,1,95
2024-01-09 03:15:00,,,,3.81,66.17,26.81,0.48,56.72,0.52,25.2,2024,AIIMS,Quarterly,1,95
2024-01-09 03:30:00,,,,4.03,66.17,26.81,0.51,45.22,0.5,25.21,2024,AIIMS,Quarterly,1,95
2024-01-09 03:45:00,,,,3.91,66.17,26.81,0.4,55.87,0.48,25.21,2024,AIIMS,Quarterly,1,95
2024-01-09 04:00:00,,,,3.68,62.79,26.19,0.15,60.42,0.48,25.19,2024,AIIMS,Quarterly,1,95
2024-01-09 04:15:00,,,,3.47,48.27,23.52,0.19,56.19,0.47,25.2,2024,AIIMS,Quarterly,1,95
2024-01-09 04:30:00,,,,3.79,48.27,23.52,0.25,54.45,0.46,25.21,2024,AIIMS,Quarterly,1,95
2024-01-09 04:45:00,,,,3.19,48.27,23.52,0.48,50.62,0.44,25.22,2024,AIIMS,Quarterly,1,95
2024-01-09 05:00:00,,,,2.91,45.93,22.2,0.36,41.6,0.43,25.25,2024,AIIMS,Quarterly,1,95
2024-01-09 05:15:00,,,,1.88,35.86,16.51,0.5,45.17,0.45,25.27,2024,AIIMS,Quarterly,1,95
2024-01-09 05:30:00,,,,2.7,35.86,16.51,0.39,62.14,0.47,25.3,2024,AIIMS,Quarterly,1,95
2024-01-09 05:45:00,,,,2.57,35.86,16.51,0.53,43.48,0.46,25.3,2024,AIIMS,Quarterly,1,95
2024-01-09 06:00:00,,,,3.07,34.52,16.19,0.55,52.32,0.46,25.31,2024,AIIMS,Quarterly,1,95
2024-01-09 06:15:00,,,,2.81,28.78,14.79,0.71,32.9,0.46,25.29,2024,AIIMS,Quarterly,1,95
2024-01-09 06:30:00,,,,2.9,28.78,14.79,0.49,39.39,0.46,25.29,2024,AIIMS,Quarterly,1,95
2024-01-09 06:45:00,,,,3.13,28.78,14.79,0.43,70.15,0.46,25.28,2024,AIIMS,Quarterly,1,95
2024-01-09 07:00:00,,,,2.82,32.24,15.29,0.44,58.45,0.46,25.26,2024,AIIMS,Quarterly,1,95
2024-01-09 07:15:00,,,,3.15,47.11,17.43,0.31,58.7,0.47,25.23,2024,AIIMS,Quarterly,1,95
2024-01-09 07:30:00,,,,2.86,47.11,17.43,0.28,58.8,0.47,25.21,2024,AIIMS,Quarterly,1,95
2024-01-09 07:45:00,,,,2.88,47.11,17.43,0.38,58.61,0.47,25.2,2024,AIIMS,Quarterly,1,95
2024-01-09 08:00:00,,,,2.91,45.27,16.99,0.3,72.87,0.49,25.2,2024,AIIMS,Quarterly,1,95
2024-01-09 08:15:00,,,,2.75,37.33,15.24,0.35,47.33,0.5,25.21,2024,AIIMS,Quarterly,1,95
2024-01-09 08:30:00,,,,2.66,37.33,15.24,0.21,90.01,0.49,25.21,2024,AIIMS,Quarterly,1,95
2024-01-09 08:45:00,,,,2.45,37.33,15.24,0.28,76.55,0.5,25.21,2024,AIIMS,Quarterly,1,95
2024-01-09 09:00:00,,,,3.0,37.13,14.43,0.22,81.71,0.51,25.22,2024,AIIMS,Quarterly,1,95
2024-01-09 09:15:00,,,,2.71,36.27,10.98,0.18,60.28,0.52,25.24,2024,AIIMS,Quarterly,1,95
2024-01-09 09:30:00,,,,2.56,36.27,10.98,0.33,106.17,0.5,25.25,2024,AIIMS,Quarterly,1,95
2024-01-09 09:45:00,,,,2.6,36.27,10.98,0.33,93.08,0.52,25.27,2024,AIIMS,Quarterly,1,95
2024-01-09 10:00:00,,,,2.49,35.22,10.61,0.38,65.0,0.5,25.28,2024,AIIMS,Quarterly,1,95
2024-01-09 10:15:00,,,,2.76,30.45,8.93,0.24,81.42,0.5,25.27,2024,AIIMS,Quarterly,1,95
2024-01-09 10:30:00,,,,3.11,30.45,8.93,0.31,67.64,0.51,25.29,2024,AIIMS,Quarterly,1,95
2024-01-09 10:45:00,,,,2.5,30.45,8.93,0.29,116.42,0.49,25.29,2024,AIIMS,Quarterly,1,95
2024-01-09 11:00:00,,,,2.84,30.82,8.98,0.42,117.28,0.47,25.27,2024,AIIMS,Quarterly,1,95
2024-01-09 11:15:00,,,,2.54,32.4,9.2,0.53,124.59,0.45,25.24,2024,AIIMS,Quarterly,1,95
2024-01-09 11:30:00,,,,2.63,32.4,9.2,0.15,140.11,0.48,25.21,2024,AIIMS,Quarterly,1,95
2024-01-09 11:45:00,,,,2.71,32.4,9.2,0.39,121.87,0.48,25.18,2024,AIIMS,Quarterly,1,95
2024-01-09 12:00:00,,,,2.63,31.13,9.16,0.25,88.28,0.46,25.18,2024,AIIMS,Quarterly,1,95
2024-01-09 12:15:00,,,,3.02,26.07,9.0,0.29,56.04,0.48,25.21,2024,AIIMS,Quarterly,1,95
2024-01-09 12:30:00,,,,2.99,26.07,9.0,0.35,39.49,0.46,25.19,2024,AIIMS,Quarterly,1,95
2024-01-09 12:45:00,,,,2.94,26.07,9.0,0.4,40.66,0.47,25.21,2024,AIIMS,Quarterly,1,95
2024-01-09 13:00:00,,,,2.69,27.06,8.54,0.38,65.63,0.47,25.21,2024,AIIMS,Quarterly,1,95
2024-01-09 13:15:00,,,,2.95,31.33,6.55,0.36,52.9,0.46,25.22,2024,AIIMS,Quarterly,1,95
2024-01-09 13:30:00,,,,2.59,31.33,6.55,0.25,63.51,0.47,25.2,2024,AIIMS,Quarterly,1,95
2024-01-09 13:45:00,,,,2.89,31.33,6.55,0.36,63.14,0.47,25.26,2024,AIIMS,Quarterly,1,95
2024-01-09 14:00:00,,,,2.57,29.76,6.25,0.41,87.21,0.45,25.27,2024,AIIMS,Quarterly,1,95
2024-01-09 14:15:00,,,,2.67,23.06,4.99,0.44,52.59,0.46,25.28,2024,AIIMS,Quarterly,1,95
2024-01-09 14:30:00,,,,2.94,23.06,4.99,0.78,47.43,0.44,25.27,2024,AIIMS,Quarterly,1,95
2024-01-09 14:45:00,,,,2.72,23.06,4.99,0.23,82.31,0.45,25.27,2024,AIIMS,Quarterly,1,95
2024-01-09 15:00:00,,,,3.06,23.22,5.68,0.37,68.03,0.45,25.28,2024,AIIMS,Quarterly,1,95
2024-01-09 15:15:00,,,,2.78,23.89,8.68,0.57,39.33,0.46,25.27,2024,AIIMS,Quarterly,1,95
2024-01-09 15:30:00,,,,2.61,23.89,8.68,0.52,71.45,0.45,25.26,2024,AIIMS,Quarterly,1,95
2024-01-09 15:45:00,,,,2.79,23.89,8.68,0.46,73.1,0.45,25.23,2024,AIIMS,Quarterly,1,95
2024-01-09 16:00:00,,,,2.88,24.46,8.53,0.5,53.19,0.44,25.19,2024,AIIMS,Quarterly,1,95
2024-01-09 16:15:00,,,,2.74,26.88,7.92,0.4,47.58,0.47,25.18,2024,AIIMS,Quarterly,1,95
2024-01-09 16:30:00,,,,3.3,26.88,7.92,0.48,49.56,0.45,25.17,2024,AIIMS,Quarterly,1,95
2024-01-09 16:45:00,,,,3.1,26.88,7.92,0.34,55.6,0.45,25.16,2024,AIIMS,Quarterly,1,95
2024-01-09 17:00:00,,,,3.26,27.87,8.19,0.57,57.77,0.46,25.19,2024,AIIMS,Quarterly,1,95
2024-01-09 17:15:00,,,,2.47,31.83,9.36,0.5,61.65,0.42,25.19,2024,AIIMS,Quarterly,1,95
2024-01-09 17:30:00,,,,3.1,31.83,9.36,0.51,57.13,0.44,25.21,2024,AIIMS,Quarterly,1,95
2024-01-09 17:45:00,,,,3.43,31.83,9.36,0.37,69.06,0.46,25.21,2024,AIIMS,Quarterly,1,95
2024-01-09 18:00:00,,,,3.25,32.29,9.49,0.27,47.88,0.49,25.22,2024,AIIMS,Quarterly,1,95
2024-01-09 18:15:00,,,,3.38,34.13,10.02,0.27,53.95,0.51,25.26,2024,AIIMS,Quarterly,1,95
2024-01-09 18:30:00,,,,2.99,34.13,10.02,0.33,52.89,0.52,25.29,2024,AIIMS,Quarterly,1,95
2024-01-09 18:45:00,,,,2.68,34.13,10.02,0.38,55.08,0.52,25.29,2024,AIIMS,Quarterly,1,95
2024-01-09 19:00:00,,,,2.94,34.85,11.27,0.37,58.13,0.54,25.27,2024,AIIMS,Quarterly,1,95
2024-01-09 19:15:00,,,,3.29,37.95,16.29,0.17,83.79,0.53,25.28,2024,AIIMS,Quarterly,1,95
2024-01-09 19:30:00,,,,3.92,37.95,16.29,0.33,45.65,0.58,25.27,2024,AIIMS,Quarterly,1,95
2024-01-09 19:45:00,,,,3.59,37.95,16.29,0.26,60.46,0.59,25.27,2024,AIIMS,Quarterly,1,95
2024-01-09 20:00:00,,,,3.2,37.51,16.21,0.34,48.91,0.59,25.26,2024,AIIMS,Quarterly,1,95
2024-01-09 20:15:00,,,,3.44,35.75,15.86,0.34,42.47,0.57,25.23,2024,AIIMS,Quarterly,1,95
2024-01-09 20:30:00,,,,3.65,35.75,15.86,0.37,49.56,0.57,25.18,2024,AIIMS,Quarterly,1,95
2024-01-09 20:45:00,,,,3.74,35.75,15.86,0.42,56.61,0.57,25.16,2024,AIIMS,Quarterly,1,95
2024-01-09 21:00:00,,,,3.58,36.48,15.3,0.59,47.03,0.58,25.16,2024,AIIMS,Quarterly,1,95
2024-01-09 21:15:00,,,,3.65,39.41,12.88,0.36,52.94,0.57,25.19,2024,AIIMS,Quarterly,1,95
2024-01-09 21:30:00,,,,3.27,39.41,12.88,0.43,44.86,0.58,25.22,2024,AIIMS,Quarterly,1,95
2024-01-09 21:45:00,,,,3.43,39.41,12.88,0.39,73.61,0.57,25.22,2024,AIIMS,Quarterly,1,95
2024-01-09 22:00:00,,,,3.43,37.13,12.93,0.26,67.99,0.58,25.22,2024,AIIMS,Quarterly,1,95
2024-01-09 22:15:00,,,,3.68,27.31,13.13,0.2,72.85,0.57,25.23,2024,AIIMS,Quarterly,1,95
2024-01-09 22:30:00,,,,3.29,27.31,13.13,0.15,79.17,0.55,25.26,2024,AIIMS,Quarterly,1,95
2024-01-09 22:45:00,,,,3.13,27.31,13.13,0.19,47.71,0.54,25.26,2024,AIIMS,Quarterly,1,95
2024-01-09 23:00:00,,,,2.93,26.26,12.62,0.14,57.22,0.54,25.28,2024,AIIMS,Quarterly,1,95
2024-01-09 23:15:00,,,,3.38,22.06,10.58,0.12,78.47,0.5,25.27,2024,AIIMS,Quarterly,1,95
2024-01-09 23:30:00,,,,3.52,22.06,10.58,0.16,50.98,0.52,25.26,2024,AIIMS,Quarterly,1,95
2024-01-09 23:45:00,,,,3.93,22.06,10.58,0.18,53.05,0.51,25.27,2024,AIIMS,Quarterly,1,95
2024-01-10 00:15:00,5.88,3.88,8.09,2.6,31.1,12.98,6.13,220.85,0.4,25.11,2024,AIIMS,Quarterly,0,0
2024-01-10 00:30:00,6.02,3.81,8.17,2.28,28.54,15.6,6.21,219.03,0.4,25.11,2024,AIIMS,Quarterly,0,0
2024-01-10 00:45:00,6.07,3.66,8.13,2.42,28.54,15.6,6.08,215.13,0.39,25.13,2024,AIIMS,Quarterly,0,0
2024-01-10 01:00:00,6.03,3.52,8.02,1.75,28.54,15.6,5.48,220.0,0.4,25.14,2024,AIIMS,Quarterly,0,0
2024-01-10 01:15:00,6.04,3.65,8.1,2.02,28.39,15.28,5.87,221.59,0.39,25.11,2024,AIIMS,Quarterly,0,0
2024-01-10 01:30:00,5.95,3.52,7.96,2.32,26.55,11.54,6.64,217.8,0.38,25.13,2024,AIIMS,Quarterly,0,0
2024-01-10 01:45:00,5.79,3.75,7.95,2.65,26.55,11.54,5.83,196.1,0.38,25.13,2024,AIIMS,Quarterly,0,0
2024-01-10 02:00:00,5.57,4.05,7.93,2.24,26.55,11.54,5.25,187.06,0.38,25.1,2024,AIIMS,Quarterly,0,0
2024-01-10 02:15:00,5.42,4.22,7.91,2.6,26.4,11.52,4.16,213.04,0.37,25.11,2024,AIIMS,Quarterly,0,0
2024-01-10 02:30:00,5.39,4.25,7.89,2.5,24.43,11.26,6.16,213.96,0.37,25.1,2024,AIIMS,Quarterly,0,0
2024-01-10 02:45:00,5.29,4.16,7.77,2.06,24.43,11.26,7.08,197.86,0.37,25.09,2024,AIIMS,Quarterly,0,0
2024-01-10 03:00:00,5.19,4.03,7.62,1.93,24.43,11.26,6.71,194.06,0.36,25.08,2024,AIIMS,Quarterly,0,0
2024-01-10 03:15:00,5.05,4.0,7.49,2.28,24.42,11.39,6.77,196.93,0.35,25.07,2024,AIIMS,Quarterly,0,0
2024-01-10 03:30:00,5.01,4.02,7.47,2.22,24.35,12.93,6.66,206.99,0.35,25.1,2024,AIIMS,Quarterly,0,0
2024-01-10 03:45:00,5.04,3.93,7.45,2.16,24.35,12.93,5.52,204.57,0.36,25.08,2024,AIIMS,Quarterly,0,0
2024-01-10 04:00:00,5.13,3.76,7.43,2.28,24.35,12.93,6.43,206.78,0.34,25.05,2024,AIIMS,Quarterly,0,0
2024-01-10 04:15:00,5.13,3.45,7.27,2.42,23.91,12.64,7.98,208.08,0.34,25.08,2024,AIIMS,Quarterly,0,0
2024-01-10 04:30:00,5.2,3.46,7.33,2.64,18.62,9.19,8.06,220.36,0.34,25.08,2024,AIIMS,Quarterly,0,0
2024-01-10 04:45:00,5.32,3.11,7.25,2.41,18.62,9.19,6.37,220.6,0.34,25.09,2024,AIIMS,Quarterly,0,0
2024-01-10 05:00:00,5.37,3.19,7.32,2.61,18.62,9.19,7.5,217.15,0.34,25.1,2024,AIIMS,Quarterly,0,0
2024-01-10 05:15:00,5.4,3.33,7.42,1.68,18.6,9.02,5.83,230.03,0.36,25.11,2024,AIIMS,Quarterly,0,0
2024-01-10 05:30:00,5.54,3.48,7.61,2.28,18.36,6.96,6.32,220.31,0.38,25.1,2024,AIIMS,Quarterly,0,0
2024-01-10 05:45:00,5.64,3.64,7.77,2.32,18.36,6.96,4.33,210.57,0.37,25.1,2024,AIIMS,Quarterly,0,0
2024-01-10 06:00:00,5.67,3.87,7.92,2.01,18.36,6.96,5.94,220.11,0.37,25.1,2024,AIIMS,Quarterly,0,0
2024-01-10 06:15:00,5.76,4.26,8.2,1.5,18.83,7.15,6.41,210.07,0.38,25.09,2024,AIIMS,Quarterly,0,0
2024-01-10 06:30:00,5.87,4.41,8.36,2.04,25.44,9.34,7.21,218.2,0.38,25.09,2024,AIIMS,Quarterly,0,0
2024-01-10 06:45:00,6.21,4.36,8.61,2.33,25.44,9.34,6.7,202.66,0.39,25.12,2024,AIIMS,Quarterly,0,0
2024-01-10 07:00:00,6.39,4.69,8.93,1.74,25.44,9.34,7.64,216.15,0.39,25.11,2024,AIIMS,Quarterly,0,0
2024-01-10 07:15:00,6.62,4.99,9.27,1.7,26.41,9.78,8.59,215.49,0.4,25.09,2024,AIIMS,Quarterly,0,0
2024-01-10 07:30:00,6.7,4.92,9.3,1.86,37.65,14.9,7.54,220.84,0.41,25.12,2024,AIIMS,Quarterly,0,0
2024-01-10 07:45:00,6.74,5.04,9.39,2.14,37.65,14.9,6.99,215.04,0.43,25.11,2024,AIIMS,Quarterly,0,0
2024-01-10 08:00:00,7.06,5.36,9.82,1.97,37.65,14.9,8.47,216.07,0.47,25.1,2024,AIIMS,Quarterly,0,0
2024-01-10 08:15:00,6.97,5.71,9.93,2.22,37.2,14.74,8.77,216.56,0.47,25.07,2024,AIIMS,Quarterly,0,0
2024-01-10 08:30:00,6.93,5.79,9.93,2.1,31.98,12.85,8.08,218.23,0.48,25.07,2024,AIIMS,Quarterly,0,0
2024-01-10 08:45:00,7.2,6.27,10.4,2.57,31.98,12.85,7.3,215.3,0.48,25.09,2024,AIIMS,Quarterly,0,0
2024-01-10 09:00:00,7.57,6.66,10.9,2.01,31.98,12.85,7.94,223.29,0.5,25.08,2024,AIIMS,Quarterly,0,0
2024-01-10 09:15:00,7.88,7.33,11.5,2.12,32.91,13.09,8.01,222.56,0.51,25.07,2024,AIIMS,Quarterly,0,0
2024-01-10 09:30:00,8.01,7.91,11.91,2.6,43.95,15.93,7.23,222.31,0.51,25.07,2024,AIIMS,Quarterly,0,0
2024-01-10 09:45:00,7.98,8.3,12.09,1.88,43.95,15.93,6.77,211.99,0.51,25.12,2024,AIIMS,Quarterly,0,0
2024-01-10 10:00:00,7.66,8.62,12.0,2.19,43.95,15.93,6.84,215.99,0.52,25.09,2024,AIIMS,Quarterly,0,0
2024-01-10 10:15:00,7.4,9.07,12.02,2.5,44.42,16.09,6.35,211.37,0.51,25.09,2024,AIIMS,Quarterly,0,0
2024-01-10 10:30:00,7.23,9.98,12.37,2.24,49.98,17.89,6.43,214.04,0.54,25.13,2024,AIIMS,Quarterly,0,0
2024-01-10 10:45:00,7.74,12.11,13.89,2.34,49.98,17.89,7.7,186.69,0.55,25.14,2024,AIIMS,Quarterly,0,0
2024-01-10 11:00:00,8.22,20.59,18.7,1.71,49.98,17.89,5.91,212.71,0.63,25.14,2024,AIIMS,Quarterly,0,0
2024-01-10 11:15:00,5.94,25.44,19.41,2.93,50.27,17.9,5.35,226.65,0.66,25.13,2024,AIIMS,Quarterly,0,0
2024-01-10 11:30:00,4.28,23.92,17.28,5.83,53.63,18.09,5.51,219.32,0.69,25.15,2024,AIIMS,Quarterly,0,0
2024-01-10 11:45:00,4.03,20.69,15.4,5.87,53.63,18.09,4.68,207.41,0.67,25.11,2024,AIIMS,Quarterly,0,0
2024-01-10 12:00:00,4.15,17.81,13.99,5.0,53.63,18.09,7.96,219.3,0.65,25.09,2024,AIIMS,Quarterly,0,0
2024-01-10 12:15:00,4.34,15.4,12.88,5.18,53.18,18.01,4.55,200.64,0.61,25.06,2024,AIIMS,Quarterly,0,0
2024-01-10 12:30:00,4.08,15.4,12.67,4.04,47.79,17.1,6.05,220.55,0.52,25.06,2024,AIIMS,Quarterly,0,0
2024-01-10 12:45:00,3.71,14.54,11.93,4.49,47.79,17.1,5.55,223.67,0.48,25.08,2024,AIIMS,Quarterly,0,0
2024-01-10 13:00:00,3.77,13.23,11.29,5.36,47.79,17.1,5.66,213.23,0.45,25.09,2024,AIIMS,Quarterly,0,0
2024-01-10 13:15:00,3.95,11.72,10.64,5.33,47.99,17.33,4.59,190.02,0.44,25.11,2024,AIIMS,Quarterly,0,0
2024-01-10 13:30:00,3.91,11.05,10.26,4.75,50.41,20.02,3.37,196.45,0.44,25.12,2024,AIIMS,Quarterly,0,0
2024-01-10 13:45:00,3.78,11.02,10.14,5.24,50.41,20.02,4.63,213.95,0.45,25.16,2024,AIIMS,Quarterly,0,0
2024-01-10 14:00:00,3.9,11.11,10.28,5.04,50.41,20.02,4.19,223.13,0.46,25.15,2024,AIIMS,Quarterly,0,0
2024-01-10 14:15:00,3.99,13.13,11.41,5.68,50.6,19.7,3.6,202.71,0.47,25.16,2024,AIIMS,Quarterly,0,0
2024-01-10 14:30:00,3.86,13.41,11.46,5.41,52.92,15.84,3.9,210.9,0.49,25.15,2024,AIIMS,Quarterly,0,0
2024-01-10 14:45:00,4.41,13.44,11.91,5.43,52.92,15.84,4.02,195.6,0.52,25.12,2024,AIIMS,Quarterly,0,0
2024-01-10 15:00:00,5.04,14.33,12.89,5.39,52.92,15.84,6.52,191.76,0.48,25.1,2024,AIIMS,Quarterly,0,0
2024-01-10 15:15:00,4.13,13.48,11.7,4.47,52.01,15.97,3.66,197.57,0.53,25.1,2024,AIIMS,Quarterly,0,0
2024-01-10 15:30:00,4.08,12.79,11.3,5.08,41.2,17.51,3.3,195.74,0.53,25.08,2024,AIIMS,Quarterly,0,0
2024-01-10 15:45:00,4.33,12.36,11.28,5.11,41.2,17.51,3.2,208.77,0.53,25.07,2024,AIIMS,Quarterly,0,0
2024-01-10 16:00:00,4.52,11.63,11.05,4.78,41.2,17.51,2.88,200.39,0.51,25.08,2024,AIIMS,Quarterly,0,0
2024-01-10 16:15:00,4.64,11.52,11.1,5.08,41.54,17.3,4.23,213.78,0.52,25.09,2024,AIIMS,Quarterly,0,0
2024-01-10 16:30:00,4.1,11.44,10.62,5.53,45.55,14.72,4.29,225.18,0.53,25.12,2024,AIIMS,Quarterly,0,0
2024-01-10 16:45:00,4.1,11.87,10.84,5.51,45.55,14.72,2.43,210.15,0.55,25.12,2024,AIIMS,Quarterly,0,0
2024-01-10 17:00:00,4.1,12.92,11.39,5.14,45.55,14.72,2.35,223.74,0.54,25.09,2024,AIIMS,Quarterly,0,0
2024-01-10 17:15:00,3.69,12.33,10.75,2.47,44.94,14.76,3.02,215.28,0.38,25.12,2024,AIIMS,Quarterly,0,0
2024-01-10 17:30:00,3.41,11.2,9.94,4.67,37.74,15.26,3.38,216.75,0.39,25.1,2024,AIIMS,Quarterly,0,0
2024-01-10 17:45:00,4.04,11.73,10.71,5.13,37.74,15.26,2.37,225.1,0.42,25.12,2024,AIIMS,Quarterly,0,0
2024-01-10 18:00:00,4.01,10.36,9.98,4.32,37.74,15.26,3.61,195.31,0.4,25.13,2024,AIIMS,Quarterly,0,0
2024-01-10 18:15:00,3.8,8.41,8.79,4.74,38.06,15.49,4.38,186.36,0.4,25.16,2024,AIIMS,Quarterly,0,0
2024-01-10 18:30:00,4.03,7.93,8.72,4.16,41.83,18.28,4.78,222.51,0.42,25.2,2024,AIIMS,Quarterly,0,0
2024-01-10 18:45:00,4.08,7.48,8.53,3.98,41.83,18.28,4.57,222.01,0.43,25.19,2024,AIIMS,Quarterly,0,0
2024-01-10 19:00:00,4.03,6.88,8.18,4.08,41.83,18.28,4.0,225.04,0.43,25.15,2024,AIIMS,Quarterly,0,0
2024-01-10 19:15:00,4.09,6.4,7.98,4.21,41.57,18.15,4.47,221.37,0.43,25.13,2024,AIIMS,Quarterly,0,0
2024-01-10 19:30:00,5.9,7.46,9.98,3.97,38.56,16.69,5.28,219.65,0.44,25.1,2024,AIIMS,Quarterly,0,0
2024-01-10 19:45:00,4.52,6.6,8.43,4.06,38.56,16.69,6.32,225.37,0.44,25.04,2024,AIIMS,Quarterly,0,0
2024-01-10 20:00:00,4.53,6.63,8.45,3.97,38.56,16.69,3.98,220.77,0.46,25.06,2024,AIIMS,Quarterly,0,0
2024-01-10 20:15:00,4.82,7.36,9.06,4.06,38.66,16.58,3.64,222.46,0.5,25.05,2024,AIIMS,Quarterly,0,0
2024-01-10 20:30:00,4.77,8.06,9.38,5.09,39.82,15.38,3.28,187.71,0.48,25.08,2024,AIIMS,Quarterly,0,0
2024-01-10 20:45:00,4.67,8.24,9.4,4.95,39.82,15.38,3.57,223.27,0.48,25.09,2024,AIIMS,Quarterly,0,0
2024-01-10 21:00:00,4.84,7.58,9.2,4.93,39.82,15.38,4.29,216.04,0.49,25.11,2024,AIIMS,Quarterly,0,0
2024-01-10 21:15:00,4.74,6.56,8.58,3.9,40.09,15.09,4.9,220.97,0.49,25.08,2024,AIIMS,Quarterly,0,0
2024-01-10 21:30:00,4.81,6.46,8.58,4.18,43.31,11.72,4.77,219.44,0.49,25.06,2024,AIIMS,Quarterly,0,0
2024-01-10 21:45:00,5.0,5.62,8.29,3.91,43.31,11.72,4.96,223.59,0.47,25.09,2024,AIIMS,Quarterly,0,0
2024-01-10 22:00:00,5.24,5.43,8.39,3.56,43.31,11.72,5.45,226.31,0.49,25.14,2024,AIIMS,Quarterly,0,0
2024-01-10 22:15:00,5.41,5.45,8.54,3.81,43.04,11.96,4.41,227.6,0.51,25.15,2024,AIIMS,Quarterly,0,0
2024-01-10 22:30:00,5.52,5.39,8.59,4.15,39.8,14.85,4.55,224.13,0.5,25.16,2024,AIIMS,Quarterly,0,0
2024-01-10 22:45:00,5.49,5.24,8.5,3.61,39.8,14.85,4.97,227.0,0.52,25.15,2024,AIIMS,Quarterly,0,0
2024-01-10 23:00:00,5.57,5.67,8.78,4.09,39.8,14.85,3.96,203.69,0.51,25.15,2024,AIIMS,Quarterly,0,0
2024-01-10 23:15:00,5.6,5.99,8.97,2.24,39.97,14.94,5.09,192.55,0.46,25.16,2024,AIIMS,Quarterly,0,0
2024-01-10 23:30:00,6.31,6.38,9.74,2.8,41.95,15.95,5.23,220.11,0.49,25.14,2024,AIIMS,Quarterly,0,0
2024-01-10 23:45:00,6.49,5.6,9.48,2.91,41.95,15.95,6.22,223.99,0.48,25.12,2024,AIIMS,Quarterly,0,0
2024-01-11 00:15:00,31.63,8.73,31.27,9.28,377.53,247.13,1.96,239.07,1.01,25.38,2024,AIIMS,Quarterly,0,0
2024-01-11 00:30:00,31.35,8.72,31.05,9.3,368.32,240.63,2.01,260.23,0.99,25.37,2024,AIIMS,Quarterly,0,0
2024-01-11 00:45:00,30.18,8.68,30.09,8.5,368.32,240.63,1.67,215.61,0.96,25.37,2024,AIIMS,Quarterly,0,0
2024-01-11 01:00:00,28.6,8.97,28.97,8.14,368.32,240.63,0.99,142.1,0.94,25.38,2024,AIIMS,Quarterly,0,0
2024-01-11 01:15:00,26.61,9.28,27.54,8.38,177.29,97.88,0.93,198.35,0.89,25.36,2024,AIIMS,Quarterly,0,0
2024-01-11 01:30:00,25.25,9.29,26.46,7.25,177.29,97.88,0.49,89.59,0.9,25.37,2024,AIIMS,Quarterly,0,0
2024-01-11 01:45:00,24.59,8.52,25.52,6.87,177.29,97.88,0.91,90.4,0.87,25.38,2024,AIIMS,Quarterly,0,0
2024-01-11 02:00:00,23.62,8.15,24.55,6.82,177.29,97.88,1.9,202.94,0.85,25.32,2024,AIIMS,Quarterly,0,0
2024-01-11 02:15:00,22.59,7.92,23.6,6.51,164.13,92.9,1.4,121.81,0.82,25.36,2024,AIIMS,Quarterly,0,0
2024-01-11 02:30:00,21.42,7.8,22.6,5.67,69.63,57.12,1.55,24.23,0.79,25.38,2024,AIIMS,Quarterly,0,0
2024-01-11 02:45:00,20.51,7.62,21.78,5.78,69.63,57.12,1.03,25.79,0.79,25.33,2024,AIIMS,Quarterly,0,0
2024-01-11 03:00:00,20.13,7.35,21.33,5.15,69.63,57.12,1.28,128.26,0.77,25.35,2024,AIIMS,Quarterly,0,0
2024-01-11 03:15:00,19.76,6.98,20.85,5.02,67.54,52.68,1.33,88.5,0.76,25.35,2024,AIIMS,Quarterly,0,0
2024-01-11 03:30:00,19.43,6.61,20.39,4.79,50.82,17.19,1.16,60.77,0.74,25.35,2024,AIIMS,Quarterly,0,0
2024-01-11 03:45:00,19.08,6.74,20.18,4.98,50.82,17.19,1.09,90.7,0.72,25.37,2024,AIIMS,Quarterly,0,0
2024-01-11 04:00:00,19.0,6.8,20.14,4.25,50.82,17.19,1.46,101.83,0.72,25.4,2024,AIIMS,Quarterly,0,0
2024-01-11 04:15:00,19.0,6.8,20.14,4.38,50.79,16.89,1.49,95.93,0.71,25.38,2024,AIIMS,Quarterly,0,0
2024-01-11 04:30:00,19.0,6.8,20.14,3.81,50.48,14.47,1.63,107.86,0.69,25.38,2024,AIIMS,Quarterly,0,0
2024-01-11 04:45:00,19.0,6.8,20.14,3.68,50.48,14.47,1.52,87.85,0.68,25.37,2024,AIIMS,Quarterly,0,0
2024-01-11 05:00:00,19.0,6.8,20.14,3.76,50.48,14.47,1.67,103.45,0.64,25.37,2024,AIIMS,Quarterly,0,0
2024-01-11 05:15:00,19.0,6.8,20.14,2.35,51.0,15.45,1.59,94.85,0.67,25.37,2024,AIIMS,Quarterly,0,0
2024-01-11 05:30:00,19.0,6.8,20.14,2.83,55.16,23.33,1.6,98.23,0.69,25.38,2024,AIIMS,Quarterly,0,0
2024-01-11 05:45:00,19.0,6.8,20.14,3.0,55.16,23.33,1.38,98.6,0.66,25.38,2024,AIIMS,Quarterly,0,0
2024-01-11 06:00:00,19.0,6.8,20.14,3.5,55.16,23.33,1.32,106.64,0.64,25.4,2024,AIIMS,Quarterly,0,0
2024-01-11 06:15:00,19.0,6.8,20.14,3.74,54.4,22.01,1.26,104.33,0.63,25.38,2024,AIIMS,Quarterly,0,0
2024-01-11 06:30:00,19.0,6.8,20.14,3.71,48.27,11.45,1.25,116.29,0.61,25.37,2024,AIIMS,Quarterly,0,0
2024-01-11 06:45:00,19.0,6.8,20.14,3.93,48.27,11.45,1.25,108.69,0.6,25.35,2024,AIIMS,Quarterly,0,0
2024-01-11 07:00:00,19.0,6.8,20.14,3.51,48.27,11.45,0.9,110.1,0.6,25.39,2024,AIIMS,Quarterly,0,0
2024-01-11 07:15:00,19.0,6.8,20.14,3.37,49.31,13.56,0.84,150.58,0.6,25.38,2024,AIIMS,Quarterly,0,0
2024-01-11 07:30:00,19.0,6.8,20.14,3.38,56.83,30.44,0.91,173.07,0.6,25.37,2024,AIIMS,Quarterly,0,0
2024-01-11 07:45:00,19.0,6.8,20.14,3.01,56.83,30.44,0.84,160.51,0.59,25.35,2024,AIIMS,Quarterly,0,0
2024-01-11 08:00:00,19.0,6.8,20.14,2.38,56.83,30.44,0.89,178.69,0.59,25.34,2024,AIIMS,Quarterly,0,0
2024-01-11 08:15:00,19.0,6.8,20.14,3.18,61.12,30.35,0.77,137.68,0.6,25.35,2024,AIIMS,Quarterly,0,0
2024-01-11 08:30:00,19.0,6.8,20.14,3.77,91.92,29.69,0.67,147.9,0.6,25.36,2024,AIIMS,Quarterly,0,0
2024-01-11 08:45:00,19.0,6.8,20.14,3.66,91.92,29.69,0.71,159.98,0.61,25.35,2024,AIIMS,Quarterly,0,0
2024-01-11 09:00:00,19.0,6.8,20.14,3.41,91.92,29.69,1.35,193.56,0.61,25.34,2024,AIIMS,Quarterly,0,0
2024-01-11 09:15:00,19.0,6.8,20.14,3.82,97.87,34.09,0.95,199.89,0.64,25.35,2024,AIIMS,Quarterly,0,0
2024-01-11 09:30:00,19.0,6.8,20.14,4.43,145.44,69.29,1.63,203.61,0.65,25.35,2024,AIIMS,Quarterly,0,0
2024-01-11 09:45:00,19.0,6.8,20.14,4.2,145.44,69.29,1.97,208.81,0.66,25.39,2024,AIIMS,Quarterly,0,0
2024-01-11 10:00:00,19.0,6.8,20.14,3.95,145.44,69.29,1.71,199.87,0.67,25.38,2024,AIIMS,Quarterly,0,0
2024-01-11 10:15:00,19.0,6.8,20.14,4.19,140.81,66.48,1.65,206.06,0.69,25.34,2024,AIIMS,Quarterly,0,0
2024-01-11 10:30:00,19.0,6.8,20.14,4.17,103.76,46.29,2.18,219.94,0.7,25.34,2024,AIIMS,Quarterly,0,0
2024-01-11 10:45:00,6.96,2.49,7.38,5.53,103.76,46.29,1.47,198.41,0.7,25.37,2024,AIIMS,Quarterly,0,0
2024-01-11 11:00:00,2.14,19.41,13.05,6.15,103.76,46.29,1.17,156.83,0.68,25.34,2024,AIIMS,Quarterly,0,0
2024-01-11 11:15:00,3.21,23.97,16.45,5.47,100.48,45.21,0.69,194.59,0.61,25.34,2024,AIIMS,Quarterly,0,0
2024-01-11 11:30:00,3.65,21.7,15.61,6.76,74.19,36.52,1.85,220.54,0.76,25.33,2024,AIIMS,Quarterly,0,0
2024-01-11 11:45:00,3.79,19.33,14.49,7.51,74.19,36.52,1.52,160.43,0.74,25.32,2024,AIIMS,Quarterly,0,0
2024-01-11 12:00:00,3.7,18.9,14.19,7.25,74.19,36.52,2.14,197.54,0.71,25.31,2024,AIIMS,Quarterly,0,0
2024-01-11 12:15:00,3.88,16.77,13.22,6.81,72.45,35.38,2.07,234.68,0.7,25.31,2024,AIIMS,Quarterly,0,0
2024-01-11 12:30:00,4.02,14.6,12.2,5.79,58.56,26.24,2.37,217.56,0.69,25.32,2024,AIIMS,Quarterly,0,0
2024-01-11 12:45:00,4.18,13.17,11.58,5.79,58.56,26.24,1.87,158.95,0.66,25.33,2024,AIIMS,Quarterly,0,0
2024-01-11 13:00:00,4.33,12.55,11.38,7.19,58.56,26.24,0.89,357.1,0.68,25.32,2024,AIIMS,Quarterly,0,0
2024-01-11 13:15:00,4.36,12.15,11.19,7.53,59.26,25.32,0.98,163.49,0.65,25.34,2024,AIIMS,Quarterly,0,0
2024-01-11 13:30:00,4.36,11.67,10.94,6.84,64.3,18.71,1.34,115.86,0.65,25.32,2024,AIIMS,Quarterly,0,0
2024-01-11 13:45:00,4.31,12.14,11.15,10.02,64.3,18.71,1.33,120.72,0.6,25.31,2024,AIIMS,Quarterly,0,0
2024-01-11 14:00:00,4.43,11.64,10.99,10.22,64.3,18.71,2.31,59.81,0.6,25.31,2024,AIIMS,Quarterly,0,0
2024-01-11 14:15:00,4.6,13.13,11.9,12.24,63.63,17.59,2.15,42.24,0.6,25.33,2024,AIIMS,Quarterly,0,0
2024-01-11 14:30:00,4.62,12.49,11.58,12.64,58.77,9.54,2.86,40.46,0.58,25.34,2024,AIIMS,Quarterly,0,0
2024-01-11 14:45:00,4.52,11.47,10.97,12.56,58.77,9.54,2.49,30.89,0.58,25.36,2024,AIIMS,Quarterly,0,0
2024-01-11 15:00:00,4.33,12.46,11.34,12.72,58.77,9.54,2.63,41.12,0.56,25.33,2024,AIIMS,Quarterly,0,0
2024-01-11 15:15:00,4.3,12.55,11.35,11.45,58.74,10.24,1.75,36.66,0.56,25.32,2024,AIIMS,Quarterly,0,0
2024-01-11 15:30:00,4.76,15.25,13.14,13.1,58.5,15.81,2.51,73.68,0.57,25.35,2024,AIIMS,Quarterly,0,0
2024-01-11 15:45:00,4.57,13.02,11.82,11.21,58.5,15.81,2.06,51.37,0.59,25.33,2024,AIIMS,Quarterly,0,0
2024-01-11 16:00:00,4.58,12.36,11.48,11.22,58.5,15.81,1.5,65.88,0.59,25.31,2024,AIIMS,Quarterly,0,0
2024-01-11 16:15:00,4.6,15.58,13.18,12.9,57.53,17.28,1.36,92.39,0.59,25.32,2024,AIIMS,Quarterly,0,0
2024-01-11 16:30:00,4.21,16.56,13.38,11.66,50.55,27.8,1.84,124.71,0.58,25.34,2024,AIIMS,Quarterly,0,0
2024-01-11 16:45:00,4.23,15.44,12.81,10.66,50.55,27.8,1.71,122.23,0.59,25.31,2024,AIIMS,Quarterly,0,0
2024-01-11 17:00:00,4.36,15.67,13.04,10.13,50.55,27.8,1.98,132.14,0.62,25.33,2024,AIIMS,Quarterly,0,0
2024-01-11 17:15:00,4.59,17.07,13.95,3.84,53.47,27.81,1.89,121.26,0.55,25.33,2024,AIIMS,Quarterly,0,0
2024-01-11 17:30:00,4.67,16.52,13.72,7.69,74.51,27.9,1.77,116.61,0.59,25.32,2024,AIIMS,Quarterly,0,0
2024-01-11 17:45:00,4.86,14.72,12.94,8.49,74.51,27.9,1.84,123.12,0.56,25.32,2024,AIIMS,Quarterly,0,0
2024-01-11 18:00:00,4.91,15.74,13.52,8.32,74.51,27.9,1.82,116.19,0.66,25.33,2024,AIIMS,Quarterly,0,0
2024-01-11 18:15:00,4.89,16.03,13.65,8.52,75.16,26.88,1.82,117.08,0.61,25.33,2024,AIIMS,Quarterly,0,0
2024-01-11 18:30:00,4.97,15.15,13.26,8.17,79.81,19.5,1.88,148.55,0.62,25.31,2024,AIIMS,Quarterly,0,0
2024-01-11 18:45:00,5.19,14.33,13.0,7.68,79.81,19.5,1.78,129.23,0.61,25.33,2024,AIIMS,Quarterly,0,0
2024-01-11 19:00:00,5.38,14.92,13.46,7.44,79.81,19.5,1.81,120.84,0.65,25.34,2024,AIIMS,Quarterly,0,0
2024-01-11 19:15:00,5.36,13.55,12.73,6.89,79.87,21.38,1.76,131.44,0.6,25.32,2024,AIIMS,Quarterly,0,0
2024-01-11 19:30:00,5.23,12.28,11.96,7.22,80.31,34.86,1.78,133.12,0.6,25.31,2024,AIIMS,Quarterly,0,0
2024-01-11 19:45:00,5.16,12.31,11.92,11.94,80.31,34.86,1.8,121.29,0.61,25.31,2024,AIIMS,Quarterly,0,0
2024-01-11 20:00:00,5.1,12.69,12.07,12.92,80.31,34.86,1.68,138.46,0.62,25.31,2024,AIIMS,Quarterly,0,0
2024-01-11 20:15:00,5.55,12.2,12.17,8.46,83.27,36.97,1.83,101.4,0.65,25.31,2024,AIIMS,Quarterly,0,0
2024-01-11 20:30:00,6.36,11.97,12.71,7.23,106.98,52.06,1.84,141.27,0.67,25.32,2024,AIIMS,Quarterly,0,0
2024-01-11 20:45:00,7.02,11.19,12.83,6.95,106.98,52.06,1.85,122.7,0.69,25.31,2024,AIIMS,Quarterly,0,0
2024-01-11 21:00:00,8.039285714285715,14.331428571428571,15.322857142857142,6.744285714285715,103.27214285714287,49.96071428571429,1.8814285714285715,125.13642857142858,0.7035714285714285,24.157857142857143,2024,AIIMS,Quarterly,1,12
2024-01-11 21:15:00,9.058571428571428,17.472857142857144,17.815714285714286,6.538571428571429,99.56428571428572,47.861428571428576,1.912857142857143,127.57285714285715,0.7171428571428571,23.005714285714284,2024,AIIMS,Quarterly,1,12
2024-01-11 21:30:00,10.077857142857143,20.614285714285714,20.308571428571426,6.332857142857143,95.85642857142858,45.76214285714286,1.9442857142857144,130.0092857142857,0.7307142857142856,21.853571428571428,2024,AIIMS,Quarterly,1,12
2024-01-11 21:45:00,,,,,,,,,,,2024,AIIMS,Quarterly,1,12
2024-01-11 22:00:00,,,,,,,,,,,2024,AIIMS,Quarterly,1,12
2024-01-11 22:15:00,,,,,,,,,,,2024,AIIMS,Quarterly,1,12
2024-01-11 22:30:00,,,,,,,,,,,2024,AIIMS,Quarterly,1,12
2024-01-11 22:45:00,,,,,,,,,,,2024,AIIMS,Quarterly,1,12
2024-01-11 23:00:00,,,,,,,,,,,2024,AIIMS,Quarterly,1,12
2024-01-11 23:15:00,,,,,,,,,,,2024,AIIMS,Quarterly,1,12
2024-01-11 23:30:00,,,,,,,,,,,2024,AIIMS,Quarterly,1,12
2024-01-11 23:45:00,,,,,,,,,,,2024,AIIMS,Quarterly,1,12
2024-01-12 00:15:00,21.29,55.17,47.73,4.07,55.07,22.67,2.29,156.81,0.88,9.18,2024,AIIMS,Quarterly,0,0
2024-01-12 00:30:00,21.57,55.2,47.96,4.44,53.71,22.09,1.61,135.64,0.86,8.98,2024,AIIMS,Quarterly,0,0
2024-01-12 00:45:00,21.8,55.41,48.26,4.36,51.75,21.26,1.53,93.17,0.83,8.92,2024,AIIMS,Quarterly,0,0
2024-01-12 01:00:00,22.03,55.74,48.62,4.11,51.75,21.26,1.5,128.48,0.82,8.87,2024,AIIMS,Quarterly,0,0
2024-01-12 01:15:00,22.14,55.81,48.75,3.97,51.75,21.26,1.38,69.47,0.79,8.93,2024,AIIMS,Quarterly,0,0
2024-01-12 01:30:00,22.34,56.47,49.25,4.04,48.95,19.89,1.69,97.41,0.78,8.92,2024,AIIMS,Quarterly,0,0
2024-01-12 01:45:00,22.52,54.59,48.41,4.05,44.92,17.93,2.46,29.95,0.76,9.12,2024,AIIMS,Quarterly,0,0
2024-01-12 02:00:00,22.72,51.06,46.73,3.96,44.92,17.93,3.15,44.2,0.75,9.6,2024,AIIMS,Quarterly,0,0
2024-01-12 02:15:00,22.76,51.82,47.15,3.85,44.92,17.93,3.24,29.26,0.74,9.56,2024,AIIMS,Quarterly,0,0
2024-01-12 02:30:00,22.67,52.61,47.5,3.76,40.59,17.6,2.69,60.87,0.74,9.57,2024,AIIMS,Quarterly,0,0
2024-01-12 02:45:00,22.68,53.17,47.79,3.74,34.38,17.12,3.39,48.43,0.73,9.67,2024,AIIMS,Quarterly,0,0
2024-01-12 03:00:00,22.93,52.72,47.76,4.42,34.38,17.12,3.83,41.8,0.73,9.66,2024,AIIMS,Quarterly,0,0
2024-01-12 03:15:00,23.25,52.53,47.92,4.07,34.38,17.12,3.84,50.5,0.73,9.67,2024,AIIMS,Quarterly,0,0
2024-01-12 03:30:00,23.5,52.51,48.11,4.01,39.94,17.45,4.45,49.48,0.72,9.66,2024,AIIMS,Quarterly,0,0
2024-01-12 03:45:00,23.26,51.85,47.57,3.75,47.91,17.94,3.5,52.81,0.7,9.59,2024,AIIMS,Quarterly,0,0
2024-01-12 04:00:00,23.8,53.65,48.95,4.15,47.91,17.94,3.43,51.6,0.69,9.26,2024,AIIMS,Quarterly,0,0
2024-01-12 04:15:00,24.42,54.57,49.92,4.38,47.91,17.94,3.01,53.48,0.67,9.14,2024,AIIMS,Quarterly,0,0
2024-01-12 04:30:00,25.14,55.01,50.73,4.31,52.69,17.5,3.44,43.47,0.65,9.32,2024,AIIMS,Quarterly,0,0
2024-01-12 04:45:00,25.76,56.33,51.92,4.37,59.52,16.83,3.23,64.73,0.64,8.8,2024,AIIMS,Quarterly,0,0
2024-01-12 05:00:00,26.53,56.66,52.71,3.97,59.52,16.83,3.25,60.82,0.63,8.5,2024,AIIMS,Quarterly,0,0
2024-01-12 05:15:00,27.22,57.01,53.45,2.71,59.52,16.83,2.95,74.58,0.64,8.35,2024,AIIMS,Quarterly,0,0
2024-01-12 05:30:00,27.78,58.36,54.6,4.31,61.0,16.9,2.93,50.27,0.66,8.22,2024,AIIMS,Quarterly,0,0
2024-01-12 05:45:00,28.52,58.45,55.24,4.32,63.13,17.0,4.02,40.98,0.65,8.19,2024,AIIMS,Quarterly,0,0
2024-01-12 06:00:00,29.47,55.81,54.62,4.14,63.13,17.0,3.38,53.98,0.65,8.38,2024,AIIMS,Quarterly,0,0
2024-01-12 06:15:00,30.64,51.63,53.38,4.08,63.13,17.0,2.3,59.91,0.66,8.89,2024,AIIMS,Quarterly,0,0
2024-01-12 06:30:00,31.49,52.94,54.74,4.04,61.68,17.35,3.42,72.44,0.67,8.8,2024,AIIMS,Quarterly,0,0
2024-01-12 06:45:00,32.1,54.61,56.1,3.69,59.51,17.88,3.55,40.51,0.66,8.73,2024,AIIMS,Quarterly,0,0
2024-01-12 07:00:00,32.62,54.9,56.68,3.87,59.51,17.88,3.6,57.54,0.67,8.68,2024,AIIMS,Quarterly,0,0
2024-01-12 07:15:00,33.33,54.87,57.22,4.01,59.51,17.88,3.25,40.31,0.68,8.71,2024,AIIMS,Quarterly,0,0
2024-01-12 07:30:00,34.27,55.22,58.16,3.83,58.38,17.09,2.94,50.52,0.68,8.7,2024,AIIMS,Quarterly,0,0
2024-01-12 07:45:00,35.48,55.25,59.15,4.01,56.75,15.9,3.18,59.91,0.7,8.56,2024,AIIMS,Quarterly,0,0
2024-01-12 08:00:00,37.19,55.29,60.54,3.83,56.75,15.9,3.17,51.8,0.71,8.42,2024,AIIMS,Quarterly,0,0
2024-01-12 08:15:00,38.93,55.86,62.23,4.34,56.75,15.9,3.23,35.0,0.72,8.17,2024,AIIMS,Quarterly,0,0
2024-01-12 08:30:00,41.68,56.3,64.67,4.77,62.14,18.18,2.52,57.68,0.73,7.76,2024,AIIMS,Quarterly,0,0
2024-01-12 08:45:00,42.55,58.4,66.46,4.53,70.22,21.45,3.19,48.45,0.73,7.44,2024,AIIMS,Quarterly,0,0
2024-01-12 09:00:00,42.88,59.44,67.28,4.57,70.22,21.45,3.12,53.66,0.73,7.19,2024,AIIMS,Quarterly,0,0
2024-01-12 09:15:00,43.05,59.96,67.68,4.69,70.22,21.45,3.04,60.89,0.74,7.01,2024,AIIMS,Quarterly,0,0
2024-01-12 09:30:00,43.27,61.42,68.62,4.8,67.89,21.71,2.41,62.29,0.75,6.91,2024,AIIMS,Quarterly,0,0
2024-01-12 09:45:00,43.43,62.38,69.25,4.25,64.39,22.11,2.06,125.69,0.76,6.77,2024,AIIMS,Quarterly,0,0
2024-01-12 10:00:00,43.64,61.26,68.83,4.62,64.39,22.11,2.11,76.39,0.76,6.9,2024,AIIMS,Quarterly,0,0
2024-01-12 10:15:00,43.53,62.31,69.29,4.44,64.39,22.11,2.49,54.11,0.76,6.88,2024,AIIMS,Quarterly,0,0
2024-01-12 10:30:00,42.05,57.41,65.54,5.18,64.32,22.32,1.67,80.96,0.77,7.37,2024,AIIMS,Quarterly,0,0
2024-01-12 10:45:00,41.87,52.33,62.74,4.35,64.21,22.62,2.12,67.54,0.77,7.98,2024,AIIMS,Quarterly,0,0
2024-01-12 11:00:00,41.01,54.4,63.13,4.78,64.21,22.62,2.56,52.11,0.78,7.98,2024,AIIMS,Quarterly,0,0
2024-01-12 11:15:00,39.57,53.79,61.66,2.54,64.21,22.62,1.9,85.79,0.76,8.15,2024,AIIMS,Quarterly,0,0
2024-01-12 11:30:00,38.25,53.93,60.68,3.82,64.49,22.57,1.43,64.59,0.79,8.38,2024,AIIMS,Quarterly,0,0
2024-01-12 11:45:00,36.95,53.65,59.5,4.2,64.91,22.49,1.79,124.26,0.79,8.56,2024,AIIMS,Quarterly,0,0
2024-01-12 12:00:00,35.67,53.24,58.25,4.05,64.91,22.49,1.12,91.62,0.8,8.67,2024,AIIMS,Quarterly,0,0
2024-01-12 12:15:00,34.38,52.31,56.73,4.14,64.91,22.49,2.05,75.2,0.8,8.83,2024,AIIMS,Quarterly,0,0
2024-01-12 12:30:00,33.44,51.71,55.66,3.96,63.27,22.07,2.26,73.54,0.81,8.96,2024,AIIMS,Quarterly,0,0
2024-01-12 12:45:00,32.81,54.43,56.58,4.12,60.93,21.48,2.07,61.33,0.82,8.4,2024,AIIMS,Quarterly,0,0
2024-01-12 13:00:00,32.42,55.28,56.71,4.7,60.93,21.48,1.66,115.0,0.81,8.01,2024,AIIMS,Quarterly,0,0
2024-01-12 13:15:00,31.94,55.73,56.55,4.65,60.93,21.48,2.31,75.1,0.8,7.91,2024,AIIMS,Quarterly,0,0
2024-01-12 13:30:00,31.63,55.28,56.08,4.15,59.02,20.88,3.67,37.65,0.79,7.87,2024,AIIMS,Quarterly,0,0
2024-01-12 13:45:00,31.28,56.56,56.47,3.89,56.28,19.97,2.74,53.96,0.79,7.68,2024,AIIMS,Quarterly,0,0
2024-01-12 14:00:00,30.76,56.59,56.06,4.2,56.28,19.97,1.9,64.84,0.79,7.69,2024,AIIMS,Quarterly,0,0
2024-01-12 14:15:00,30.25,57.16,55.95,4.63,56.28,19.97,2.2,100.2,0.8,7.62,2024,AIIMS,Quarterly,0,0
2024-01-12 14:30:00,29.84,57.67,55.89,4.59,53.86,19.07,2.76,95.27,0.8,7.63,2024,AIIMS,Quarterly,0,0
2024-01-12 14:45:00,29.54,55.6,54.56,4.26,50.22,17.78,3.14,80.57,0.8,7.89,2024,AIIMS,Quarterly,0,0
2024-01-12 15:00:00,28.74,50.18,51.1,4.25,50.22,17.78,3.33,100.15,0.79,8.64,2024,AIIMS,Quarterly,0,0
2024-01-12 15:15:00,27.86,49.01,49.77,3.92,50.22,17.78,3.33,61.35,0.79,8.84,2024,AIIMS,Quarterly,0,0
2024-01-12 15:30:00,27.29,49.64,49.65,3.75,47.15,17.21,2.72,81.34,0.8,8.92,2024,AIIMS,Quarterly,0,0
2024-01-12 15:45:00,26.68,50.06,49.38,3.74,42.76,16.35,2.4,75.22,0.8,8.92,2024,AIIMS,Quarterly,0,0
2024-01-12 16:00:00,26.2,49.75,48.83,3.56,42.76,16.35,2.46,85.14,0.79,9.03,2024,AIIMS,Quarterly,0,0
2024-01-12 16:15:00,25.73,49.08,48.11,3.67,42.76,16.35,3.08,80.88,0.79,9.17,2024,AIIMS,Quarterly,0,0
2024-01-12 16:30:00,25.56,48.99,47.92,3.8,41.69,15.56,2.05,75.48,0.79,9.26,2024,AIIMS,Quarterly,0,0
2024-01-12 16:45:00,25.32,49.23,47.85,4.07,40.15,14.43,3.79,50.7,0.79,9.2,2024,AIIMS,Quarterly,0,0
2024-01-12 17:00:00,25.31,49.78,48.13,3.94,40.15,14.43,3.43,52.88,0.79,9.02,2024,AIIMS,Quarterly,0,0
2024-01-12 17:15:00,25.73,52.35,49.81,2.86,40.15,14.43,2.69,65.36,0.78,8.56,2024,AIIMS,Quarterly,0,0
2024-01-12 17:30:00,26.49,53.98,51.27,4.05,38.64,14.26,3.09,51.54,0.8,8.29,2024,AIIMS,Quarterly,0,0
2024-01-12 17:45:00,27.14,55.45,52.57,3.61,36.46,14.0,2.97,74.56,0.8,8.01,2024,AIIMS,Quarterly,0,0
2024-01-12 18:00:00,27.91,56.39,53.67,4.46,36.46,14.0,3.24,126.33,0.81,7.78,2024,AIIMS,Quarterly,0,0
2024-01-12 18:15:00,28.48,56.85,54.37,4.29,36.46,14.0,2.35,101.69,0.82,7.65,2024,AIIMS,Quarterly,0,0
2024-01-12 18:30:00,29.19,58.3,55.7,4.27,36.07,15.4,2.65,92.76,0.84,7.43,2024,AIIMS,Quarterly,0,0
2024-01-12 18:45:00,29.99,59.88,57.17,4.42,35.52,17.39,2.31,56.98,0.85,7.28,2024,AIIMS,Quarterly,0,0
2024-01-12 19:00:00,30.63,58.37,56.88,4.8,35.52,17.39,3.43,52.26,0.85,7.5,2024,AIIMS,Quarterly,0,0
2024-01-12 19:15:00,31.19,57.18,56.72,4.61,35.52,17.39,2.38,55.86,0.85,7.6,2024,AIIMS,Quarterly,0,0
2024-01-12 19:30:00,31.83,50.73,53.86,4.23,35.19,16.68,2.33,41.41,0.86,8.36,2024,AIIMS,Quarterly,0,0
2024-01-12 19:45:00,32.34,50.85,54.33,4.48,34.69,15.61,2.1,45.21,0.88,8.33,2024,AIIMS,Quarterly,0,0
2024-01-12 20:00:00,32.55,50.8,54.47,3.85,34.69,15.61,3.09,41.76,0.9,8.34,2024,AIIMS,Quarterly,0,0
2024-01-12 20:15:00,33.31,50.45,54.9,4.47,34.69,15.61,3.28,44.49,0.92,8.42,2024,AIIMS,Quarterly,0,0
2024-01-12 20:30:00,33.91,50.52,55.42,4.08,33.06,15.02,2.74,49.63,0.92,9.08,2024,AIIMS,Quarterly,0,0
2024-01-12 20:45:00,34.38,50.08,55.56,4.26,30.74,14.18,3.16,36.81,0.93,8.98,2024,AIIMS,Quarterly,0,0
2024-01-12 21:00:00,34.78,50.0,55.84,3.79,30.74,14.18,2.45,67.3,0.94,8.76,2024,AIIMS,Quarterly,0,0
2024-01-12 21:15:00,34.97,49.74,55.86,3.99,30.74,14.18,3.49,44.48,0.93,8.72,2024,AIIMS,Quarterly,0,0
2024-01-12 21:30:00,35.67,52.38,57.8,4.02,28.87,13.65,2.43,130.28,0.93,8.26,2024,AIIMS,Quarterly,0,0
2024-01-12 21:45:00,36.18,54.08,59.1,3.96,26.21,12.88,1.74,118.44,0.92,7.95,2024,AIIMS,Quarterly,0,0
2024-01-12 22:00:00,36.57,54.1,59.42,4.33,26.21,12.88,2.37,158.01,0.9,7.81,2024,AIIMS,Quarterly,0,0
2024-01-12 22:15:00,36.82,54.99,60.09,4.31,26.21,12.88,3.01,134.18,0.88,7.59,2024,AIIMS,Quarterly,0,0
2024-01-12 22:30:00,36.81,56.25,60.73,4.07,25.83,11.83,1.5,112.01,0.87,7.45,2024,AIIMS,Quarterly,0,0
2024-01-12 22:45:00,36.92,58.75,62.14,3.97,25.29,10.34,2.31,123.32,0.87,7.09,2024,AIIMS,Quarterly,0,0
2024-01-12 23:00:00,36.99,57.68,61.63,3.85,25.29,10.34,3.05,107.36,0.86,7.18,2024,AIIMS,Quarterly,0,0
2024-01-12 23:15:00,36.92,57.76,61.61,3.02,25.29,10.34,2.97,100.03,0.78,7.28,2024,AIIMS,Quarterly,0,0
2024-01-12 23:30:00,37.12,60.8,63.36,3.98,24.64,9.31,3.63,99.59,0.81,7.1,2024,AIIMS,Quarterly,0,0
2024-01-12 23:45:00,37.0,54.29,59.86,3.83,23.71,7.84,4.09,60.84,0.79,7.94,2024,AIIMS,Quarterly,0,0
2024-07-01 00:15:00,5.98,7.93,10.29,2.5,22.81,5.09,0.61,191.97,0.37,25.12,2024,AIIMS,Quarterly,0,0
2024-07-01 00:30:00,5.99,7.35,10.0,2.41,19.83,4.42,0.66,200.05,0.37,25.13,2024,AIIMS,Quarterly,0,0
2024-07-01 00:45:00,5.88,7.29,9.88,2.36,16.85,3.74,0.54,196.37,0.37,25.11,2024,AIIMS,Quarterly,0,0
2024-07-01 01:00:00,5.83,7.92,10.16,2.32,16.85,3.74,0.66,194.77,0.38,25.06,2024,AIIMS,Quarterly,0,0
2024-07-01 01:15:00,5.73,7.73,9.98,2.78,16.85,3.74,0.83,200.1,0.37,25.02,2024,AIIMS,Quarterly,0,0
2024-07-01 01:30:00,5.64,7.58,9.83,2.87,20.27,3.94,0.77,182.56,0.36,25.02,2024,AIIMS,Quarterly,0,0
2024-07-01 01:45:00,5.6,7.43,9.72,2.63,23.69,4.15,0.85,173.85,0.36,25.01,2024,AIIMS,Quarterly,0,0
2024-07-01 02:00:00,5.5,7.31,9.58,3.05,23.69,4.15,0.93,179.39,0.36,25.01,2024,AIIMS,Quarterly,0,0
2024-07-01 02:15:00,5.38,7.23,9.44,2.9,23.69,4.15,1.21,205.0,0.35,25.0,2024,AIIMS,Quarterly,0,0
2024-07-01 02:30:00,5.23,7.2,9.31,2.62,23.18,3.53,1.26,211.19,0.35,24.99,2024,AIIMS,Quarterly,0,0
2024-07-01 02:45:00,4.99,7.13,9.08,2.63,22.67,2.9,1.51,208.12,0.34,25.01,2024,AIIMS,Quarterly,0,0
2024-07-01 03:00:00,4.78,7.0,8.84,2.69,22.67,2.9,1.5,199.26,0.33,24.94,2024,AIIMS,Quarterly,0,0
2024-07-01 03:15:00,4.6,6.95,8.68,2.55,22.67,2.9,1.56,213.22,0.32,24.94,2024,AIIMS,Quarterly,0,0
2024-07-01 03:30:00,4.42,6.93,8.52,2.71,21.74,2.47,1.52,217.42,0.32,24.99,2024,AIIMS,Quarterly,0,0
2024-07-01 03:45:00,4.26,7.11,8.48,2.52,20.81,2.03,2.0,221.76,0.32,25.04,2024,AIIMS,Quarterly,0,0
2024-07-01 04:00:00,4.18,7.96,8.86,2.56,20.81,2.03,1.87,219.95,0.31,25.04,2024,AIIMS,Quarterly,0,0
2024-07-01 04:15:00,4.21,8.27,9.05,2.79,20.81,2.03,1.76,218.23,0.3,25.04,2024,AIIMS,Quarterly,0,0
2024-07-01 04:30:00,4.1,7.74,8.68,2.43,17.69,1.75,1.76,221.66,0.29,25.1,2024,AIIMS,Quarterly,0,0
2024-07-01 04:45:00,3.99,7.37,8.4,2.32,14.57,1.46,1.73,218.86,0.29,25.13,2024,AIIMS,Quarterly,0,0
2024-07-01 05:00:00,4.01,6.98,8.21,2.39,14.57,1.46,1.47,218.86,0.29,25.17,2024,AIIMS,Quarterly,0,0
2024-07-01 05:15:00,4.08,6.83,8.19,2.11,14.57,1.46,1.74,216.06,0.27,25.17,2024,AIIMS,Quarterly,0,0
2024-07-01 05:30:00,4.1,6.74,8.16,2.42,15.5,1.52,1.72,218.42,0.29,25.16,2024,AIIMS,Quarterly,0,0
2024-07-01 05:45:00,4.08,7.0,8.28,2.34,16.44,1.58,1.5,221.22,0.31,25.11,2024,AIIMS,Quarterly,0,0
2024-07-01 06:00:00,4.09,6.9,8.23,2.5,16.44,1.58,1.44,217.42,0.3,25.04,2024,AIIMS,Quarterly,0,0
2024-07-01 06:15:00,4.11,6.73,8.17,2.57,16.44,1.58,1.14,215.7,0.32,25.02,2024,AIIMS,Quarterly,0,0
2024-07-01 06:30:00,4.17,6.93,8.32,2.74,17.46,2.14,1.04,205.4,0.35,25.0,2024,AIIMS,Quarterly,0,0
2024-07-01 06:45:00,4.3,6.99,8.45,2.46,18.47,2.7,1.27,206.29,0.35,25.0,2024,AIIMS,Quarterly,0,0
2024-07-01 07:00:00,4.35,6.89,8.44,1.71,18.47,2.7,1.16,201.25,0.35,25.02,2024,AIIMS,Quarterly,0,0
2024-07-01 07:15:00,4.42,6.8,8.45,2.65,18.47,2.7,1.1,197.01,0.35,25.03,2024,AIIMS,Quarterly,0,0
2024-07-01 07:30:00,4.5,6.76,8.49,2.59,15.99,2.44,1.08,206.08,0.35,25.03,2024,AIIMS,Quarterly,0,0
2024-07-01 07:45:00,4.7,6.72,8.63,2.39,13.52,2.18,1.18,201.93,0.36,25.04,2024,AIIMS,Quarterly,0,0
2024-07-01 08:00:00,4.93,6.99,8.96,2.49,13.52,2.18,1.09,198.41,0.38,25.02,2024,AIIMS,Quarterly,0,0
2024-07-01 08:15:00,5.29,7.16,9.34,2.39,13.52,2.18,1.52,215.23,0.38,24.95,2024,AIIMS,Quarterly,0,0
2024-07-01 08:30:00,5.78,7.54,9.93,2.77,13.96,2.99,1.37,209.52,0.4,24.93,2024,AIIMS,Quarterly,0,0
2024-07-01 08:45:00,6.1,7.89,10.37,3.03,14.41,3.79,1.34,214.26,0.41,24.99,2024,AIIMS,Quarterly,0,0
2024-07-01 09:00:00,6.42,7.96,10.66,3.1,14.41,3.79,1.23,210.38,0.42,24.99,2024,AIIMS,Quarterly,0,0
2024-07-01 09:15:00,6.62,7.96,10.82,2.69,14.41,3.79,1.17,204.05,0.41,25.08,2024,AIIMS,Quarterly,0,0
2024-07-01 09:30:00,6.63,7.8,10.75,2.48,15.32,3.32,1.43,213.61,0.42,25.11,2024,AIIMS,Quarterly,0,0
2024-07-01 09:45:00,6.67,7.73,10.74,2.5,16.23,2.85,1.89,221.77,0.43,25.16,2024,AIIMS,Quarterly,0,0
2024-07-01 10:00:00,6.61,7.85,10.75,2.54,16.23,2.85,1.54,224.37,0.43,25.15,2024,AIIMS,Quarterly,0,0
2024-07-01 10:15:00,6.59,8.11,10.87,2.39,16.23,2.85,1.59,221.85,0.44,25.14,2024,AIIMS,Quarterly,0,0
2024-07-01 10:30:00,6.59,8.4,11.02,2.48,16.12,3.3,1.55,221.75,0.46,25.14,2024,AIIMS,Quarterly,0,0
2024-07-01 10:45:00,6.7,9.23,11.55,2.21,16.01,3.76,1.76,221.26,0.47,25.08,2024,AIIMS,Quarterly,0,0
2024-07-01 11:00:00,6.84,9.55,11.83,2.57,16.01,3.76,1.23,217.15,0.47,25.04,2024,AIIMS,Quarterly,0,0
2024-07-01 11:15:00,7.99,13.73,14.93,2.14,16.01,3.76,1.43,221.58,0.47,25.01,2024,AIIMS,Quarterly,0,0
2024-07-01 11:30:00,7.93,15.54,15.83,2.14,16.83,3.68,1.57,219.08,0.49,25.02,2024,AIIMS,Quarterly,0,0
2024-07-01 11:45:00,8.06,14.67,15.48,4.87,17.65,3.61,1.46,216.93,0.51,25.05,2024,AIIMS,Quarterly,0,0
2024-07-01 12:00:00,8.18,13.91,15.18,5.36,17.65,3.61,1.44,219.8,0.52,25.04,2024,AIIMS,Quarterly,0,0
2024-07-01 12:15:00,8.12,13.29,14.81,5.78,17.65,3.61,1.59,220.15,0.52,25.05,2024,AIIMS,Quarterly,0,0
2024-07-01 12:30:00,7.83,12.82,14.33,5.34,26.34,6.93,1.94,221.61,0.52,25.08,2024,AIIMS,Quarterly,0,0
2024-07-01 12:45:00,7.58,12.28,13.85,5.73,35.03,10.25,1.44,216.97,0.52,25.06,2024,AIIMS,Quarterly,0,0
2024-07-01 13:00:00,7.31,12.02,13.5,5.64,35.03,10.25,1.6,212.09,0.52,25.08,2024,AIIMS,Quarterly,0,0
2024-07-01 13:15:00,7.07,11.81,13.19,5.27,35.03,10.25,1.71,219.1,0.51,25.06,2024,AIIMS,Quarterly,0,0
2024-07-01 13:30:00,6.63,11.43,12.64,5.35,36.53,9.51,1.46,220.0,0.5,25.08,2024,AIIMS,Quarterly,0,0
2024-07-01 13:45:00,6.3,11.06,12.18,2.21,38.03,8.76,1.46,207.66,0.5,25.1,2024,AIIMS,Quarterly,0,0
2024-07-01 14:00:00,6.96,10.93,12.65,2.42,38.03,8.76,1.2,201.89,0.49,25.09,2024,AIIMS,Quarterly,0,0
2024-07-01 14:15:00,5.76,12.3,12.39,3.56,38.03,8.76,1.73,213.66,0.48,25.1,2024,AIIMS,Quarterly,0,0
2024-07-01 14:30:00,4.87,12.21,11.63,5.2,39.72,7.77,1.52,208.2,0.46,25.13,2024,AIIMS,Quarterly,0,0
2024-07-01 14:45:00,4.47,11.41,10.9,6.72,41.4,6.77,1.59,210.11,0.44,25.16,2024,AIIMS,Quarterly,0,0
2024-07-01 15:00:00,4.38,10.49,10.35,6.62,41.4,6.77,1.44,203.02,0.43,25.17,2024,AIIMS,Quarterly,0,0
2024-07-01 15:15:00,4.45,10.69,10.5,3.8,41.4,6.77,1.74,222.67,0.43,25.14,2024,AIIMS,Quarterly,0,0
2024-07-01 15:30:00,4.59,11.3,11.03,3.17,26.98,7.7,1.51,218.7,0.41,25.1,2024,AIIMS,Quarterly,0,0
2024-07-01 15:45:00,4.4,10.95,10.6,5.57,26.98,7.7,1.27,219.82,0.39,25.09,2024,AIIMS,Quarterly,0,0
2024-07-01 16:00:00,4.24,10.26,10.12,3.09,26.98,7.7,1.28,219.0,0.38,25.06,2024,AIIMS,Quarterly,0,0
2024-07-01 16:15:00,4.27,10.01,10.0,3.31,26.98,7.7,1.12,223.3,0.38,25.07,2024,AIIMS,Quarterly,0,0
2024-07-01 16:30:00,4.26,10.68,10.35,3.14,31.79,8.03,0.96,221.58,0.39,25.07,2024,AIIMS,Quarterly,0,0
2024-07-01 16:45:00,4.11,11.83,10.82,3.19,36.6,8.36,1.85,225.82,0.38,25.09,2024,AIIMS,Quarterly,0,0
2024-07-01 17:00:00,4.14,12.7,11.3,5.99,36.6,8.36,0.81,215.17,0.38,25.08,2024,AIIMS,Quarterly,0,0
2024-07-01 17:15:00,4.52,12.6,11.56,2.5,36.6,8.36,0.48,191.87,0.35,25.08,2024,AIIMS,Quarterly,0,0
2024-07-01 17:30:00,5.76,14.54,13.57,1.46,32.69,8.7,0.65,220.3,0.4,25.08,2024,AIIMS,Quarterly,0,0
2024-07-01 17:45:00,6.06,15.36,14.24,2.08,28.79,9.04,1.02,222.7,0.44,25.11,2024,AIIMS,Quarterly,0,0
2024-07-01 18:00:00,5.87,14.53,13.65,2.33,28.79,9.04,0.86,212.22,0.46,25.09,2024,AIIMS,Quarterly,0,0
2024-07-01 18:15:00,5.85,13.37,13.03,5.32,28.79,9.04,0.84,203.65,0.49,25.08,2024,AIIMS,Quarterly,0,0
2024-07-01 18:30:00,5.88,12.26,12.47,5.16,30.55,7.81,0.97,198.98,0.51,25.06,2024,AIIMS,Quarterly,0,0
2024-07-01 18:45:00,5.83,11.17,11.87,5.14,32.3,6.57,0.83,193.52,0.51,25.07,2024,AIIMS,Quarterly,0,0
2024-07-01 19:00:00,5.62,10.34,11.26,5.7,32.3,6.57,0.65,181.53,0.49,25.07,2024,AIIMS,Quarterly,0,0
2024-07-01 19:15:00,5.42,9.69,10.76,5.0,32.3,6.57,0.64,173.1,0.49,25.1,2024,AIIMS,Quarterly,0,0
2024-07-01 19:30:00,5.27,9.06,10.31,5.29,32.19,6.96,0.72,171.4,0.49,25.15,2024,AIIMS,Quarterly,0,0
2024-07-01 19:45:00,5.14,8.58,9.96,5.51,32.08,7.35,0.77,177.68,0.48,25.16,2024,AIIMS,Quarterly,0,0
2024-07-01 20:00:00,5.1,8.31,9.79,5.68,32.08,7.35,0.85,201.56,0.48,25.18,2024,AIIMS,Quarterly,0,0
2024-07-01 20:15:00,5.04,7.86,9.5,5.46,32.08,7.35,0.67,178.89,0.47,25.15,2024,AIIMS,Quarterly,0,0
2024-07-01 20:30:00,4.99,8.42,9.76,5.42,30.11,8.83,0.75,178.27,0.48,25.14,2024,AIIMS,Quarterly,0,0
2024-07-01 20:45:00,4.96,8.03,9.53,6.0,28.14,10.31,0.67,165.31,0.47,25.08,2024,AIIMS,Quarterly,0,0
2024-07-01 21:00:00,4.92,7.49,9.21,5.48,28.14,10.31,0.54,153.33,0.46,25.03,2024,AIIMS,Quarterly,0,0
2024-07-01 21:15:00,4.84,7.5,9.15,5.53,28.14,10.31,0.5,165.67,0.45,25.02,2024,AIIMS,Quarterly,0,0
2024-07-01 21:30:00,4.89,7.34,9.11,5.39,28.62,8.87,0.82,154.03,0.45,25.03,2024,AIIMS,Quarterly,0,0
2024-07-01 21:45:00,4.89,7.25,9.06,5.47,29.1,7.43,0.75,161.87,0.44,25.07,2024,AIIMS,Quarterly,0,0
2024-07-01 22:00:00,4.9,7.09,8.98,5.72,29.1,7.43,0.79,177.73,0.43,25.11,2024,AIIMS,Quarterly,0,0
2024-07-01 22:15:00,5.06,7.1,9.12,5.77,29.1,7.43,0.87,186.04,0.43,25.08,2024,AIIMS,Quarterly,0,0
2024-07-01 22:30:00,5.16,6.98,9.14,5.61,25.62,6.51,0.86,190.49,0.43,25.07,2024,AIIMS,Quarterly,0,0
2024-07-01 22:45:00,5.2,6.76,9.05,5.65,22.15,5.58,0.73,167.8,0.41,25.08,2024,AIIMS,Quarterly,0,0
2024-07-01 23:00:00,5.16,6.89,9.09,5.72,22.15,5.58,0.67,155.95,0.4,25.07,2024,AIIMS,Quarterly,0,0
2024-07-01 23:15:00,5.22,7.05,9.22,2.01,22.15,5.58,0.73,158.13,0.38,25.08,2024,AIIMS,Quarterly,0,0
2024-07-01 23:30:00,5.28,7.11,9.31,2.15,23.06,5.22,0.73,163.97,0.39,25.08,2024,AIIMS,Quarterly,0,0
2024-07-01 23:45:00,5.32,7.17,9.36,2.54,23.98,4.85,0.7,162.13,0.38,25.1,2024,AIIMS,Quarterly,0,0
2025-01-01 00:15:00,22.36685837201404,62.1396535718329,52.23573304653006,3.077065549643383,76.46323899015057,27.108383335220196,4.529078455790785,147.29107777651987,0.7380436997622551,23.787173100871733,2025,AIIMS,Quarterly,1,95
2025-01-01 00:30:00,22.367828597305557,62.14278218045964,52.238173327295364,3.0770961168345976,76.46622608400317,27.109650175478322,4.529296388542964,147.2902332163478,0.7380640778897316,23.787098381070987,2025,AIIMS,Quarterly,1,95
2025-01-01 00:45:00,22.36879882259708,62.14591078908638,52.24061360806068,3.0771266840258122,76.46921317785576,27.11091701573644,4.529514321295143,147.2893886561757,0.7380844560172082,23.787023661270236,2025,AIIMS,Quarterly,1,95
2025-01-01 01:00:00,,,,,,,,,,,2025,AIIMS,Quarterly,1,95
2025-01-01 01:15:00,,,,,,,,,,,2025,AIIMS,Quarterly,1,95
2025-01-01 01:30:00,,,,,,,,,,,2025,AIIMS,Quarterly,1,95
2025-01-01 01:45:00,,,,,,,,,,,2025,AIIMS,Quarterly,1,95
2025-01-01 02:00:00,,,,,,,,,,,2025,AIIMS,Quarterly,1,95
2025-01-01 02:15:00,,,,,,,,,,,2025,AIIMS,Quarterly,1,95
2025-01-01 02:30:00,,,,,,,,,,,2025,AIIMS,Quarterly,1,95
2025-01-01 02:45:00,,,,,,,,,,,2025,AIIMS,Quarterly,1,95
2025-01-01 03:00:00,,,,,,,,,,,2025,AIIMS,Quarterly,1,95
2025-01-01 03:15:00,,,,,,,,,,,2025,AIIMS,Quarterly,1,95
2025-01-01 03:30:00,,,,,,,,,,,2025,AIIMS,Quarterly,1,95
2025-01-01 03:45:00,,,,,,,,,,,2025,AIIMS,Quarterly,1,95
2025-01-01 04:00:00,,,,,,,,,,,2025,AIIMS,Quarterly,1,95
2025-01-01 04:15:00,,,,,,,,,,,2025,AIIMS,Quarterly,1,95
2025-01-01 04:30:00,,,,,,,,,,,2025,AIIMS,Quarterly,1,95
2025-01-01 04:45:00,,,,,,,,,,,2025,AIIMS,Quarterly,1,95
2025-01-01 05:00:00,,,,,,,,,,,2025,AIIMS,Quarterly,1,95
2025-01-01 05:15:00,,,,,,,,,,,2025,AIIMS,Quarterly,1,95
2025-01-01 05:30:00,,,,,,,,,,,2025,AIIMS,Quarterly,1,95
2025-01-01 05:45:00,,,,,,,,,,,2025,AIIMS,Quarterly,1,95
2025-01-01 06:00:00,,,,,,,,,,,2025,AIIMS,Quarterly,1,95
2025-01-01 06:15:00,,,,,,,,,,,2025,AIIMS,Quarterly,1,95
2025-01-01 06:30:00,,,,,,,,,,,2025,AIIMS,Quarterly,1,95
2025-01-01 06:45:00,,,,,,,,,,,2025,AIIMS,Quarterly,1,95
2025-01-01 07:00:00,,,,,,,,,,,2025,AIIMS,Quarterly,1,95
2025-01-01 07:15:00,,,,,,,,,,,2025,AIIMS,Quarterly,1,95
2025-01-01 07:30:00,,,,,,,,,,,2025,AIIMS,Quarterly,1,95
2025-01-01 07:45:00,,,,,,,,,,,2025,AIIMS,Quarterly,1,95
2025-01-01 08:00:00,,,,,,,,,,,2025,AIIMS,Quarterly,1,95
2025-01-01 08:15:00,,,,,,,,,,,2025,AIIMS,Quarterly,1,95
2025-01-01 08:30:00,,,,,,,,,,,2025,AIIMS,Quarterly,1,95
2025-01-01 08:45:00,,,,,,,,,,,2025,AIIMS,Quarterly,1,95
2025-01-01 09:00:00,,,,,,,,,,,2025,AIIMS,Quarterly,1,95
2025-01-01 09:15:00,,,,,,,,,,,2025,AIIMS,Quarterly,1,95
2025-01-01 09:30:00,,,,,,,,,,,2025,AIIMS,Quarterly,1,95
2025-01-01 09:45:00,,,,,,,,,,,2025,AIIMS,Quarterly,1,95
2025-01-01 10:00:00,,,,,,,,,,,2025,AIIMS,Quarterly,1,95
2025-01-01 10:15:00,,,,,,,,,,,2025,AIIMS,Quarterly,1,95
2025-01-01 10:30:00,,,,,,,,,,,2025,AIIMS,Quarterly,1,95
2025-01-01 10:45:00,,,,,,,,,,,2025,AIIMS,Quarterly,1,95
2025-01-01 11:00:00,,,,,,,,,,,2025,AIIMS,Quarterly,1,95
2025-01-01 11:15:00,,,,,,,,,,,2025,AIIMS,Quarterly,1,95
2025-01-01 11:30:00,,,,,,,,,,,2025,AIIMS,Quarterly,1,95
2025-01-01 11:45:00,,,,,,,,,,,2025,AIIMS,Quarterly,1,95
2025-01-01 12:00:00,,,,,,,,,,,2025,AIIMS,Quarterly,1,95
2025-01-01 12:15:00,,,,,,,,,,,2025,AIIMS,Quarterly,1,95
2025-01-01 12:30:00,,,,,,,,,,,2025,AIIMS,Quarterly,1,95
2025-01-01 12:45:00,,,,,,,,,,,2025,AIIMS,Quarterly,1,95
2025-01-01 13:00:00,,,,,,,,,,,2025,AIIMS,Quarterly,1,95
2025-01-01 13:15:00,,,,,,,,,,,2025,AIIMS,Quarterly,1,95
2025-01-01 13:30:00,,,,,,,,,,,2025,AIIMS,Quarterly,1,95
2025-01-01 13:45:00,,,,,,,,,,,2025,AIIMS,Quarterly,1,95
2025-01-01 14:00:00,,,,,,,,,,,2025,AIIMS,Quarterly,1,95
2025-01-01 14:15:00,,,,,,,,,,,2025,AIIMS,Quarterly,1,95
2025-01-01 14:30:00,,,,,,,,,,,2025,AIIMS,Quarterly,1,95
2025-01-01 14:45:00,,,,,,,,,,,2025,AIIMS,Quarterly,1,95
2025-01-01 15:00:00,,,,,,,,,,,2025,AIIMS,Quarterly,1,95
2025-01-01 15:15:00,,,,,,,,,,,2025,AIIMS,Quarterly,1,95
2025-01-01 15:30:00,,,,,,,,,,,2025,AIIMS,Quarterly,1,95
2025-01-01 15:45:00,,,,,,,,,,,2025,AIIMS,Quarterly,1,95
2025-01-01 16:00:00,,,,,,,,,,,2025,AIIMS,Quarterly,1,95
2025-01-01 16:15:00,,,,,,,,,,,2025,AIIMS,Quarterly,1,95
2025-01-01 16:30:00,,,,,,,,,,,2025,AIIMS,Quarterly,1,95
2025-01-01 16:45:00,,,,,,,,,,,2025,AIIMS,Quarterly,1,95
2025-01-01 17:00:00,,,,,,,,,,,2025,AIIMS,Quarterly,1,95
2025-01-01 17:15:00,,,,,,,,,,,2025,AIIMS,Quarterly,1,95
2025-01-01 17:30:00,,,,,,,,,,,2025,AIIMS,Quarterly,1,95
2025-01-01 17:45:00,,,,,,,,,,,2025,AIIMS,Quarterly,1,95
2025-01-01 18:00:00,,,,,,,,,,,2025,AIIMS,Quarterly,1,95
2025-01-01 18:15:00,,,,,,,,,,,2025,AIIMS,Quarterly,1,95
2025-01-01 18:30:00,,,,,,,,,,,2025,AIIMS,Quarterly,1,95
2025-01-01 18:45:00,,,,,,,,,,,2025,AIIMS,Quarterly,1,95
2025-01-01 19:00:00,,,,,,,,,,,2025,AIIMS,Quarterly,1,95
2025-01-01 19:15:00,,,,,,,,,,,2025,AIIMS,Quarterly,1,95
2025-01-01 19:30:00,,,,,,,,,,,2025,AIIMS,Quarterly,1,95
2025-01-01 19:45:00,,,,,,,,,,,2025,AIIMS,Quarterly,1,95
2025-01-01 20:00:00,,,,,,,,,,,2025,AIIMS,Quarterly,1,95
2025-01-01 20:15:00,,,,,,,,,,,2025,AIIMS,Quarterly,1,95
2025-01-01 20:30:00,,,,,,,,,,,2025,AIIMS,Quarterly,1,95
2025-01-01 20:45:00,,,,,,,,,,,2025,AIIMS,Quarterly,1,95
2025-01-01 21:00:00,,,,,,,,,,,2025,AIIMS,Quarterly,1,95
2025-01-01 21:15:00,,,,,,,,,,,2025,AIIMS,Quarterly,1,95
2025-01-01 21:30:00,,,,,,,,,,,2025,AIIMS,Quarterly,1,95
2025-01-01 21:45:00,,,,,,,,,,,2025,AIIMS,Quarterly,1,95
2025-01-01 22:00:00,,,,,,,,,,,2025,AIIMS,Quarterly,1,95
2025-01-01 22:15:00,,,,,,,,,,,2025,AIIMS,Quarterly,1,95
2025-01-01 22:30:00,,,,,,,,,,,2025,AIIMS,Quarterly,1,95
2025-01-01 22:45:00,,,,,,,,,,,2025,AIIMS,Quarterly,1,95
2025-01-01 23:00:00,,,,,,,,,,,2025,AIIMS,Quarterly,1,95
2025-01-01 23:15:00,,,,,,,,,,,2025,AIIMS,Quarterly,1,95
2025-01-01 23:30:00,,,,,,,,,,,2025,AIIMS,Quarterly,1,95
2025-01-01 23:45:00,,,,,,,,,,,2025,AIIMS,Quarterly,1,95
2025-01-02 00:15:00,22.46,62.44,52.47,3.08,76.75,27.23,4.55,147.21,0.74,23.78,2025,AIIMS,Quarterly,0,0
2025-01-02 00:30:00,22.07,66.02,54.02,3.14,76.28,27.47,5.17,134.34,0.74,23.8,2025,AIIMS,Quarterly,0,0
2025-01-02 00:45:00,22.25,66.52,54.43,3.41,76.28,27.47,5.47,159.68,0.73,23.75,2025,AIIMS,Quarterly,0,0
2025-01-02 01:00:00,22.11,66.46,54.28,3.16,76.28,27.47,5.3,208.82,0.73,23.79,2025,AIIMS,Quarterly,0,0
2025-01-02 01:15:00,21.9,66.36,54.06,3.46,75.01,26.95,5.59,161.76,0.72,23.81,2025,AIIMS,Quarterly,0,0
2025-01-02 01:30:00,21.76,66.67,54.11,3.09,71.88,25.65,5.57,195.59,0.72,23.69,2025,AIIMS,Quarterly,0,0
2025-01-02 01:45:00,21.89,65.77,53.74,3.05,71.88,25.65,5.35,176.89,0.71,23.66,2025,AIIMS,Quarterly,0,0
2025-01-02 02:00:00,22.05,66.32,54.16,3.55,71.88,25.65,5.67,157.4,0.69,23.51,2025,AIIMS,Quarterly,0,0
2025-01-02 02:15:00,22.28,67.25,54.83,3.7,70.35,25.78,5.52,204.7,0.68,23.29,2025,AIIMS,Quarterly,0,0
2025-01-02 02:30:00,22.43,67.95,55.32,3.39,66.59,26.1,5.41,172.23,0.67,23.09,2025,AIIMS,Quarterly,0,0
2025-01-02 02:45:00,22.39,67.73,55.17,3.58,66.59,26.1,5.17,173.28,0.66,23.07,2025,AIIMS,Quarterly,0,0
2025-01-02 03:00:00,22.49,67.73,55.25,3.6,66.59,26.1,4.24,180.51,0.66,23.11,2025,AIIMS,Quarterly,0,0
2025-01-02 03:15:00,22.6,68.3,55.64,3.83,65.53,25.81,5.18,203.74,0.65,23.1,2025,AIIMS,Quarterly,0,0
2025-01-02 03:30:00,22.87,68.62,56.03,3.98,62.93,25.09,3.98,201.43,0.65,23.04,2025,AIIMS,Quarterly,0,0
2025-01-02 03:45:00,23.14,68.31,56.07,3.68,62.93,25.09,5.04,206.98,0.65,23.12,2025,AIIMS,Quarterly,0,0
2025-01-02 04:00:00,23.08,61.38,52.41,3.3,62.93,25.09,5.12,207.61,0.65,23.76,2025,AIIMS,Quarterly,0,0
2025-01-02 04:15:00,22.93,60.91,52.04,2.78,62.38,25.28,2.87,207.19,0.65,23.84,2025,AIIMS,Quarterly,0,0
2025-01-02 04:30:00,22.83,64.86,54.02,2.49,61.04,25.75,5.36,232.82,0.66,24.55,2025,AIIMS,Quarterly,0,0
2025-01-02 04:45:00,22.79,65.48,54.31,2.56,61.04,25.75,4.03,254.12,0.66,24.13,2025,AIIMS,Quarterly,0,0
2025-01-02 05:00:00,22.68,65.2,54.08,1.83,61.04,25.75,4.42,249.14,0.65,24.04,2025,AIIMS,Quarterly,0,0
2025-01-02 05:15:00,22.48,65.72,54.19,2.64,60.16,24.87,1.64,243.51,0.63,24.01,2025,AIIMS,Quarterly,0,0
2025-01-02 05:30:00,22.53,66.31,54.54,3.47,57.98,22.7,3.54,199.38,0.65,23.93,2025,AIIMS,Quarterly,0,0
2025-01-02 05:45:00,22.67,65.97,54.48,3.72,57.98,22.7,3.63,249.48,0.65,23.86,2025,AIIMS,Quarterly,0,0
2025-01-02 06:00:00,22.99,67.24,55.4,4.1,57.98,22.7,3.21,219.74,0.64,23.6,2025,AIIMS,Quarterly,0,0
2025-01-02 06:15:00,23.53,68.4,56.44,4.54,58.83,24.13,3.93,168.78,0.64,23.3,2025,AIIMS,Quarterly,0,0
2025-01-02 06:30:00,24.28,65.65,55.6,4.75,60.92,27.66,4.47,178.04,0.64,23.49,2025,AIIMS,Quarterly,0,0
2025-01-02 06:45:00,25.04,64.65,55.69,4.57,60.92,27.66,5.01,211.09,0.64,23.59,2025,AIIMS,Quarterly,0,0
2025-01-02 07:00:00,25.71,65.24,56.53,4.51,60.92,27.66,4.86,187.96,0.64,23.52,2025,AIIMS,Quarterly,0,0
2025-01-02 07:15:00,26.25,66.61,57.68,4.55,60.38,26.61,5.03,194.47,0.64,23.4,2025,AIIMS,Quarterly,0,0
2025-01-02 07:30:00,26.72,67.06,58.29,4.57,59.06,24.04,4.96,170.32,0.64,23.34,2025,AIIMS,Quarterly,0,0
2025-01-02 07:45:00,27.23,66.84,58.58,4.37,59.06,24.04,4.57,190.88,0.64,23.37,2025,AIIMS,Quarterly,0,0
2025-01-02 08:00:00,27.77,66.16,58.67,4.29,59.06,24.04,4.21,179.75,0.65,23.39,2025,AIIMS,Quarterly,0,0
2025-01-02 08:15:00,27.99,63.21,57.3,4.91,60.53,24.82,5.01,192.7,0.65,23.76,2025,AIIMS,Quarterly,0,0
2025-01-02 08:30:00,27.77,64.22,57.65,4.26,64.13,26.73,5.23,191.33,0.66,23.8,2025,AIIMS,Quarterly,0,0
2025-01-02 08:45:00,27.29,64.75,57.54,4.36,64.13,26.73,5.85,174.31,0.66,23.66,2025,AIIMS,Quarterly,0,0
2025-01-02 09:00:00,26.46,65.06,57.04,3.87,64.13,26.73,8.13,190.46,0.67,23.68,2025,AIIMS,Quarterly,0,0
2025-01-02 09:15:00,25.7,65.86,56.85,3.83,64.15,26.13,9.61,234.0,0.68,23.72,2025,AIIMS,Quarterly,0,0
2025-01-02 09:30:00,24.99,66.14,56.43,4.12,64.22,24.67,10.4,214.78,0.69,23.67,2025,AIIMS,Quarterly,0,0
2025-01-02 09:45:00,24.02,65.84,55.49,4.1,64.22,24.67,6.48,204.56,0.68,23.72,2025,AIIMS,Quarterly,0,0
2025-01-02 10:00:00,22.47,64.22,53.4,3.84,64.22,24.67,7.28,199.48,0.67,23.84,2025,AIIMS,Quarterly,0,0
2025-01-02 10:15:00,21.05,63.73,52.0,4.44,62.9,24.28,7.91,207.9,0.66,23.93,2025,AIIMS,Quarterly,0,0
2025-01-02 10:30:00,20.45,67.93,53.72,4.17,59.67,23.31,7.08,194.44,0.66,23.58,2025,AIIMS,Quarterly,0,0
2025-01-02 10:45:00,19.98,68.93,53.87,4.45,59.67,23.31,8.63,217.78,0.65,23.56,2025,AIIMS,Quarterly,0,0
2025-01-02 11:00:00,19.27,68.13,52.88,4.68,59.67,23.31,9.05,227.02,0.64,23.59,2025,AIIMS,Quarterly,0,0
2025-01-02 11:15:00,18.3,67.95,52.01,3.05,58.41,23.11,6.6,228.52,0.62,23.57,2025,AIIMS,Quarterly,0,0
2025-01-02 11:30:00,17.36,67.08,50.8,4.12,55.33,22.64,5.45,222.28,0.63,23.7,2025,AIIMS,Quarterly,0,0
2025-01-02 11:45:00,16.48,66.83,49.96,3.97,55.33,22.64,6.25,181.37,0.62,23.79,2025,AIIMS,Quarterly,0,0
2025-01-02 12:00:00,15.58,66.03,48.82,3.76,55.33,22.64,5.82,217.37,0.61,23.93,2025,AIIMS,Quarterly,0,0
2025-01-02 12:15:00,14.74,65.24,47.73,4.12,53.78,21.95,5.98,237.84,0.6,23.94,2025,AIIMS,Quarterly,0,0
2025-01-02 12:30:00,13.12,58.05,42.68,3.73,49.96,20.26,3.48,201.51,0.58,25.49,2025,AIIMS,Quarterly,0,0
2025-01-02 12:45:00,12.28,53.11,39.42,3.69,49.96,20.26,3.87,276.35,0.59,25.76,2025,AIIMS,Quarterly,0,0
2025-01-02 13:00:00,11.8,54.45,39.73,3.23,49.96,20.26,2.24,210.12,0.6,25.49,2025,AIIMS,Quarterly,0,0
2025-01-02 13:15:00,10.83,60.61,42.18,3.46,48.74,19.43,7.47,187.25,0.58,25.37,2025,AIIMS,Quarterly,0,0
2025-01-02 13:30:00,10.27,60.16,41.49,3.01,45.75,17.28,8.82,214.7,0.58,25.33,2025,AIIMS,Quarterly,0,0
2025-01-02 13:45:00,9.12,57.66,39.27,2.96,45.75,17.28,7.04,219.52,0.57,25.42,2025,AIIMS,Quarterly,0,0
2025-01-02 14:00:00,8.57,59.65,39.86,2.84,45.75,17.28,6.66,213.94,0.57,25.5,2025,AIIMS,Quarterly,0,0
2025-01-02 14:15:00,7.65,57.18,37.84,2.82,46.25,17.14,9.25,202.98,0.55,25.71,2025,AIIMS,Quarterly,0,0
2025-01-02 14:30:00,7.38,59.24,38.7,3.14,47.5,16.82,11.68,217.65,0.55,25.68,2025,AIIMS,Quarterly,0,0
2025-01-02 14:45:00,7.11,59.35,38.54,3.57,47.5,16.82,7.44,230.74,0.55,25.61,2025,AIIMS,Quarterly,0,0
2025-01-02 15:00:00,6.84,59.79,38.55,3.66,47.5,16.82,8.21,247.9,0.53,25.46,2025,AIIMS,Quarterly,0,0
2025-01-02 15:15:00,6.77,59.27,38.23,3.99,46.29,16.34,8.95,235.12,0.52,25.49,2025,AIIMS,Quarterly,0,0
2025-01-02 15:30:00,6.85,57.89,37.57,4.4,43.33,15.17,8.9,229.6,0.51,25.56,2025,AIIMS,Quarterly,0,0
2025-01-02 15:45:00,6.82,58.42,37.82,4.47,43.33,15.17,7.45,206.82,0.5,25.54,2025,AIIMS,Quarterly,0,0
2025-01-02 16:00:00,6.83,57.44,37.32,4.35,43.33,15.17,6.34,218.54,0.49,25.67,2025,AIIMS,Quarterly,0,0
2025-01-02 16:15:00,6.9,57.19,37.24,4.53,43.45,15.39,9.62,229.81,0.49,25.74,2025,AIIMS,Quarterly,0,0
2025-01-02 16:30:00,7.05,57.94,37.76,4.42,43.75,15.95,8.72,222.33,0.49,25.73,2025,AIIMS,Quarterly,0,0
2025-01-02 16:45:00,7.17,56.17,36.93,5.08,43.75,15.95,3.01,254.15,0.49,25.78,2025,AIIMS,Quarterly,0,0
2025-01-02 17:00:00,7.21,45.37,31.31,5.81,43.75,15.95,3.95,358.89,0.52,26.45,2025,AIIMS,Quarterly,0,0
2025-01-02 17:15:00,7.42,50.31,34.06,3.28,44.71,15.94,3.76,150.01,0.52,26.4,2025,AIIMS,Quarterly,0,0
2025-01-02 17:30:00,7.65,53.95,36.15,5.46,47.06,15.92,3.68,119.3,0.57,26.06,2025,AIIMS,Quarterly,0,0
2025-01-02 17:45:00,8.4,57.71,38.72,5.05,47.06,15.92,6.92,139.35,0.61,25.74,2025,AIIMS,Quarterly,0,0
2025-01-02 18:00:00,8.65,57.93,39.03,5.11,47.06,15.92,8.69,161.49,0.62,25.69,2025,AIIMS,Quarterly,0,0
2025-01-02 18:15:00,8.95,58.12,39.37,5.4,49.24,16.16,8.92,159.41,0.61,25.82,2025,AIIMS,Quarterly,0,0
2025-01-02 18:30:00,9.42,59.12,40.27,5.79,54.59,16.75,4.66,141.41,0.63,25.71,2025,AIIMS,Quarterly,0,0
2025-01-02 18:45:00,10.06,60.09,41.29,5.71,54.59,16.75,5.09,163.7,0.66,25.53,2025,AIIMS,Quarterly,0,0
2025-01-02 19:00:00,10.74,60.41,42.0,5.56,54.59,16.75,6.34,132.58,0.64,25.48,2025,AIIMS,Quarterly,0,0
2025-01-02 19:15:00,12.0,63.97,44.87,5.54,57.0,17.26,9.94,145.75,0.66,25.06,2025,AIIMS,Quarterly,0,0
2025-01-02 19:30:00,13.06,61.8,44.59,5.46,62.92,18.53,11.42,148.7,0.68,25.17,2025,AIIMS,Quarterly,0,0
2025-01-02 19:45:00,14.58,63.61,46.75,5.17,62.92,18.53,11.04,147.99,0.72,24.91,2025,AIIMS,Quarterly,0,0
2025-01-02 20:00:00,15.4,63.73,47.47,5.63,62.92,18.53,10.57,150.88,0.72,24.83,2025,AIIMS,Quarterly,0,0
2025-01-02 20:15:00,16.1,63.23,47.78,5.52,67.47,20.0,10.94,153.84,0.72,24.81,2025,AIIMS,Quarterly,0,0
2025-01-02 20:30:00,16.67,63.1,48.16,5.58,78.67,23.6,11.66,149.94,0.73,25.0,2025,AIIMS,Quarterly,0,0
2025-01-02 20:45:00,17.11,62.77,48.34,4.9,78.67,23.6,14.52,148.45,0.73,24.73,2025,AIIMS,Quarterly,0,0
2025-01-02 21:00:00,17.5,61.85,48.18,5.12,78.67,23.6,11.48,150.22,0.73,24.66,2025,AIIMS,Quarterly,0,0
2025-01-02 21:15:00,17.12,60.62,47.23,5.16,77.28,23.04,12.08,161.07,0.73,24.79,2025,AIIMS,Quarterly,0,0
2025-01-02 21:30:00,17.1,60.34,47.06,4.91,73.88,21.64,9.89,174.61,0.74,24.82,2025,AIIMS,Quarterly,0,0
2025-01-02 21:45:00,16.62,61.91,47.5,4.17,73.88,21.64,11.98,172.74,0.74,24.66,2025,AIIMS,Quarterly,0,0
2025-01-02 22:00:00,16.83,64.06,48.79,4.14,73.88,21.64,8.0,195.75,0.77,24.46,2025,AIIMS,Quarterly,0,0
2025-01-02 22:15:00,17.54,65.68,50.21,4.4,77.81,22.78,8.65,177.78,0.8,24.28,2025,AIIMS,Quarterly,0,0
2025-01-02 22:30:00,18.33,66.58,51.32,4.38,87.47,25.61,7.73,175.33,0.78,24.21,2025,AIIMS,Quarterly,0,0
2025-01-02 22:45:00,18.75,66.4,51.56,4.04,87.47,25.61,6.79,162.76,0.79,24.13,2025,AIIMS,Quarterly,0,0
2025-01-02 23:00:00,19.29,66.74,52.16,4.02,87.47,25.61,9.2,163.18,0.79,24.11,2025,AIIMS,Quarterly,0,0
2025-01-02 23:15:00,19.77,68.57,53.51,2.44,88.55,26.38,8.32,139.19,0.71,23.93,2025,AIIMS,Quarterly,0,0
2025-01-02 23:30:00,20.63,71.06,55.51,3.53,91.21,28.3,7.38,133.68,0.74,23.66,2025,AIIMS,Quarterly,0,0
2025-01-02 23:45:00,22.22,71.25,56.87,4.34,91.21,28.3,6.59,140.43,0.75,23.37,2025,AIIMS,Quarterly,0,0
2025-01-03 00:15:00,22.85,60.83,51.94,6.99,75.18,24.33,8.18,123.25,0.96,25.73,2025,AIIMS,Quarterly,0,0
2025-01-03 00:30:00,23.29,61.1,52.43,7.01,66.41,21.81,5.46,180.47,0.95,25.7,2025,AIIMS,Quarterly,0,0
2025-01-03 00:45:00,24.41,61.69,53.64,6.57,66.41,21.81,9.15,227.21,0.94,25.61,2025,AIIMS,Quarterly,0,0
2025-01-03 01:00:00,25.36,61.81,54.46,7.11,66.41,21.81,8.46,142.07,0.92,25.55,2025,AIIMS,Quarterly,0,0
2025-01-03 01:15:00,25.71,61.81,54.74,6.32,74.23,21.79,2.24,174.29,0.9,25.5,2025,AIIMS,Quarterly,0,0
2025-01-03 01:30:00,25.57,61.42,54.42,6.44,80.21,21.77,7.01,110.11,0.89,25.57,2025,AIIMS,Quarterly,0,0
2025-01-03 01:45:00,25.17,60.75,53.75,6.07,80.21,21.77,4.83,75.71,0.87,25.65,2025,AIIMS,Quarterly,0,0
2025-01-03 02:00:00,24.93,61.01,53.69,5.81,80.21,21.77,3.82,66.57,0.87,25.6,2025,AIIMS,Quarterly,0,0
2025-01-03 02:15:00,24.32,60.25,52.81,5.93,78.1,27.05,3.04,174.68,0.84,25.64,2025,AIIMS,Quarterly,0,0
2025-01-03 02:30:00,23.58,58.99,51.56,6.26,76.48,31.08,5.88,147.28,0.83,25.78,2025,AIIMS,Quarterly,0,0
2025-01-03 02:45:00,22.77,58.73,50.77,6.16,76.48,31.08,7.26,156.3,0.83,25.88,2025,AIIMS,Quarterly,0,0
2025-01-03 03:00:00,21.91,58.61,50.02,5.67,76.48,31.08,8.1,153.57,0.81,25.96,2025,AIIMS,Quarterly,0,0
2025-01-03 03:15:00,21.05,57.93,48.97,5.28,67.13,28.42,6.41,233.27,0.8,26.01,2025,AIIMS,Quarterly,0,0
2025-01-03 03:30:00,20.9,58.42,49.11,5.93,59.98,26.38,6.78,201.17,0.79,26.03,2025,AIIMS,Quarterly,0,0
2025-01-03 03:45:00,20.44,58.21,48.64,5.58,59.98,26.38,7.2,136.8,0.76,26.1,2025,AIIMS,Quarterly,0,0
2025-01-03 04:00:00,20.02,57.9,48.13,6.21,59.98,26.38,10.98,141.72,0.75,26.18,2025,AIIMS,Quarterly,0,0
2025-01-03 04:15:00,19.84,57.72,47.9,5.96,56.78,23.88,4.68,97.93,0.74,26.21,2025,AIIMS,Quarterly,0,0
2025-01-03 04:30:00,19.86,57.02,47.55,5.33,54.33,21.97,4.79,143.18,0.72,26.26,2025,AIIMS,Quarterly,0,0
2025-01-03 04:45:00,19.57,56.27,46.92,5.47,54.33,21.97,3.64,118.61,0.71,26.19,2025,AIIMS,Quarterly,0,0
2025-01-03 05:00:00,19.17,55.49,46.19,5.88,54.33,21.97,3.75,154.38,0.7,26.24,2025,AIIMS,Quarterly,0,0
2025-01-03 05:15:00,18.55,54.62,45.24,2.71,54.46,22.27,5.44,105.54,0.68,26.31,2025,AIIMS,Quarterly,0,0
2025-01-03 05:30:00,17.89,54.37,44.58,4.17,54.56,22.5,4.21,119.18,0.72,26.4,2025,AIIMS,Quarterly,0,0
2025-01-03 05:45:00,17.48,54.28,44.21,4.16,54.56,22.5,4.51,106.74,0.72,26.43,2025,AIIMS,Quarterly,0,0
2025-01-03 06:00:00,17.32,54.35,44.11,4.96,54.56,22.5,4.75,178.54,0.71,26.41,2025,AIIMS,Quarterly,0,0
2025-01-03 06:15:00,22.83,55.6,49.19,4.55,54.76,23.86,3.66,201.95,0.71,26.32,2025,AIIMS,Quarterly,0,0
2025-01-03 06:30:00,22.5,55.49,48.87,4.44,54.91,24.9,3.81,230.82,0.72,26.24,2025,AIIMS,Quarterly,0,0
2025-01-03 06:45:00,23.22,55.72,49.56,4.54,54.91,24.9,3.02,185.01,0.73,26.13,2025,AIIMS,Quarterly,0,0
2025-01-03 07:00:00,24.05,55.84,50.29,4.96,54.91,24.9,2.92,171.93,0.72,26.05,2025,AIIMS,Quarterly,0,0
2025-01-03 07:15:00,24.32,55.8,50.49,4.54,67.48,27.41,3.22,217.57,0.72,26.02,2025,AIIMS,Quarterly,0,0
2025-01-03 07:30:00,24.49,55.66,50.55,4.01,77.1,29.33,3.78,201.93,0.72,26.03,2025,AIIMS,Quarterly,0,0
2025-01-03 07:45:00,24.5,55.77,50.61,4.62,77.1,29.33,3.9,197.86,0.73,26.0,2025,AIIMS,Quarterly,0,0
2025-01-03 08:00:00,24.14,55.53,50.2,4.4,77.1,29.33,3.82,195.93,0.73,26.05,2025,AIIMS,Quarterly,0,0
2025-01-03 08:15:00,23.62,54.84,49.43,4.31,74.98,27.25,5.33,206.13,0.75,26.08,2025,AIIMS,Quarterly,0,0
2025-01-03 08:30:00,22.18,52.47,47.03,4.52,73.37,25.67,4.95,188.56,0.76,26.15,2025,AIIMS,Quarterly,0,0
2025-01-03 08:45:00,20.95,53.76,46.72,4.32,73.37,25.67,5.19,207.34,0.77,26.26,2025,AIIMS,Quarterly,0,0
2025-01-03 09:00:00,19.08,53.82,45.25,3.67,73.37,25.67,4.86,196.19,0.77,26.32,2025,AIIMS,Quarterly,0,0
2025-01-03 09:15:00,17.11,54.2,43.86,4.05,71.02,26.31,5.38,226.5,0.76,26.47,2025,AIIMS,Quarterly,0,0
2025-01-03 09:30:00,14.98,54.08,42.1,4.15,69.22,26.81,4.76,210.74,0.76,26.56,2025,AIIMS,Quarterly,0,0
2025-01-03 09:45:00,12.86,53.38,40.03,4.63,69.22,26.81,5.34,222.48,0.76,26.65,2025,AIIMS,Quarterly,0,0
2025-01-03 10:00:00,11.28,54.89,39.55,5.57,69.22,26.81,5.81,236.39,0.79,26.71,2025,AIIMS,Quarterly,0,0
2025-01-03 10:15:00,9.84,55.69,38.81,7.49,74.73,28.48,5.95,231.09,0.82,26.76,2025,AIIMS,Quarterly,0,0
2025-01-03 10:30:00,8.64,56.22,38.13,7.11,78.95,29.77,5.85,220.27,0.84,26.87,2025,AIIMS,Quarterly,0,0
2025-01-03 10:45:00,7.71,56.16,37.35,7.16,78.95,29.77,5.31,240.06,0.88,26.9,2025,AIIMS,Quarterly,0,0
2025-01-03 11:00:00,6.92,55.66,36.46,6.92,78.95,29.77,5.38,233.59,0.89,26.96,2025,AIIMS,Quarterly,0,0
2025-01-03 11:15:00,6.29,54.41,35.3,3.07,82.28,31.5,5.69,238.43,0.8,27.09,2025,AIIMS,Quarterly,0,0
2025-01-03 11:30:00,5.99,51.79,33.69,5.9,84.83,32.82,3.98,250.88,0.84,27.22,2025,AIIMS,Quarterly,0,0
2025-01-03 11:45:00,5.7,50.98,33.04,5.76,84.83,32.82,4.48,239.8,0.84,27.29,2025,AIIMS,Quarterly,0,0
2025-01-03 12:00:00,5.56,51.31,33.1,5.45,84.83,32.82,7.93,233.15,0.85,27.31,2025,AIIMS,Quarterly,0,0
2025-01-03 12:15:00,5.42,49.47,32.02,6.54,85.24,31.08,6.61,212.82,0.84,27.32,2025,AIIMS,Quarterly,0,0
2025-01-03 12:30:00,5.41,48.99,31.76,6.3,85.55,29.76,4.81,217.09,0.86,27.37,2025,AIIMS,Quarterly,0,0
2025-01-03 12:45:00,5.41,48.83,31.67,6.52,85.55,29.76,4.63,221.93,0.84,27.37,2025,AIIMS,Quarterly,0,0
2025-01-03 13:00:00,5.39,44.17,29.23,6.31,85.55,29.76,4.61,194.84,0.81,27.44,2025,AIIMS,Quarterly,0,0
2025-01-03 13:15:00,5.34,47.33,30.84,5.5,82.27,27.71,6.33,214.42,0.8,27.44,2025,AIIMS,Quarterly,0,0
2025-01-03 13:30:00,5.31,47.63,30.97,6.3,79.76,26.15,5.31,235.79,0.77,27.49,2025,AIIMS,Quarterly,0,0
2025-01-03 13:45:00,5.35,47.92,31.15,6.45,79.76,26.15,5.63,222.68,0.74,27.56,2025,AIIMS,Quarterly,0,0
2025-01-03 14:00:00,5.31,47.38,30.85,6.24,79.76,26.15,4.13,208.24,0.71,27.59,2025,AIIMS,Quarterly,0,0
2025-01-03 14:15:00,5.44,46.0,30.23,6.11,75.33,26.44,4.36,200.37,0.69,27.68,2025,AIIMS,Quarterly,0,0
2025-01-03 14:30:00,5.39,45.37,29.86,6.2,71.93,26.67,3.7,202.51,0.67,27.74,2025,AIIMS,Quarterly,0,0
2025-01-03 14:45:00,5.5,43.49,28.96,6.59,71.93,26.67,3.91,195.62,0.66,27.81,2025,AIIMS,Quarterly,0,0
2025-01-03 15:00:00,5.43,42.48,28.38,5.61,71.93,26.67,4.09,188.93,0.65,27.86,2025,AIIMS,Quarterly,0,0
2025-01-03 15:15:00,5.36,41.86,28.0,6.61,65.29,26.19,4.57,182.63,0.65,27.89,2025,AIIMS,Quarterly,0,0
2025-01-03 15:30:00,5.32,41.68,27.87,6.94,60.21,25.82,5.62,183.87,0.64,27.89,2025,AIIMS,Quarterly,0,0
2025-01-03 15:45:00,5.36,41.58,27.85,6.4,60.21,25.82,7.39,222.14,0.64,27.9,2025,AIIMS,Quarterly,0,0
2025-01-03 16:00:00,5.45,41.8,28.04,7.15,60.21,25.82,6.66,209.77,0.65,27.85,2025,AIIMS,Quarterly,0,0
2025-01-03 16:15:00,5.36,40.94,27.52,9.17,59.26,23.99,6.94,216.92,0.66,27.9,2025,AIIMS,Quarterly,0,0
2025-01-03 16:30:00,5.34,41.65,27.87,8.63,58.54,22.59,6.22,226.13,0.64,27.9,2025,AIIMS,Quarterly,0,0
2025-01-03 16:45:00,5.36,42.55,28.36,8.0,58.54,22.59,6.02,236.83,0.65,27.88,2025,AIIMS,Quarterly,0,0
2025-01-03 17:00:00,5.33,43.4,28.77,9.1,58.54,22.59,6.2,251.08,0.64,27.84,2025,AIIMS,Quarterly,0,0
2025-01-03 17:15:00,5.34,43.11,28.63,3.58,56.17,21.64,5.46,220.32,0.6,27.87,2025,AIIMS,Quarterly,0,0
2025-01-03 17:30:00,5.46,43.5,28.93,7.48,54.35,20.92,5.22,224.39,0.61,27.84,2025,AIIMS,Quarterly,0,0
2025-01-03 17:45:00,5.59,43.23,28.9,8.32,54.35,20.92,5.08,229.88,0.59,27.78,2025,AIIMS,Quarterly,0,0
2025-01-03 18:00:00,5.73,41.27,27.99,11.19,54.35,20.92,3.34,253.29,0.57,27.79,2025,AIIMS,Quarterly,0,0
2025-01-03 18:15:00,6.18,40.54,27.97,11.91,55.34,20.19,3.6,252.55,0.57,27.74,2025,AIIMS,Quarterly,0,0
2025-01-03 18:30:00,6.24,42.67,29.13,10.44,56.09,19.62,1.77,124.43,0.6,27.55,2025,AIIMS,Quarterly,0,0
2025-01-03 18:45:00,6.62,45.46,30.89,9.74,56.09,19.62,3.17,201.73,0.62,27.28,2025,AIIMS,Quarterly,0,0
2025-01-03 19:00:00,7.14,45.61,31.39,8.76,56.09,19.62,6.31,236.7,0.59,27.25,2025,AIIMS,Quarterly,0,0
2025-01-03 19:15:00,7.4,44.62,31.08,8.46,57.46,21.22,7.94,249.75,0.59,27.33,2025,AIIMS,Quarterly,0,0
2025-01-03 19:30:00,7.35,45.39,31.44,7.75,58.51,22.43,9.16,277.81,0.6,27.29,2025,AIIMS,Quarterly,0,0
2025-01-03 19:45:00,7.22,46.37,31.85,7.35,58.51,22.43,6.84,263.97,0.61,27.25,2025,AIIMS,Quarterly,0,0
2025-01-03 20:00:00,7.59,49.04,33.54,6.43,58.51,22.43,2.71,290.73,0.61,27.16,2025,AIIMS,Quarterly,0,0
2025-01-03 20:15:00,7.92,50.24,34.43,6.37,58.26,21.85,2.96,252.63,0.62,27.05,2025,AIIMS,Quarterly,0,0
2025-01-03 20:30:00,8.11,51.16,35.06,5.84,58.07,21.41,2.82,254.47,0.63,27.01,2025,AIIMS,Quarterly,0,0
2025-01-03 20:45:00,8.31,51.78,35.55,5.42,58.07,21.41,3.54,236.54,0.62,26.97,2025,AIIMS,Quarterly,0,0
2025-01-03 21:00:00,8.6,52.23,36.01,5.42,58.07,21.41,4.61,241.19,0.61,26.93,2025,AIIMS,Quarterly,0,0
2025-01-03 21:15:00,9.16,52.11,36.4,5.94,60.77,22.51,3.31,243.6,0.61,26.91,2025,AIIMS,Quarterly,0,0
2025-01-03 21:30:00,9.47,51.81,36.49,6.36,62.83,23.35,2.23,285.26,0.63,26.79,2025,AIIMS,Quarterly,0,0
2025-01-03 21:45:00,9.95,53.0,37.5,5.99,62.83,23.35,1.23,294.64,0.65,26.56,2025,AIIMS,Quarterly,0,0
2025-01-03 22:00:00,10.37,53.86,38.28,6.01,62.83,23.35,2.24,114.99,0.7,26.45,2025,AIIMS,Quarterly,0,0
2025-01-03 22:15:00,11.18,55.2,39.63,6.93,70.44,24.74,1.33,156.13,0.76,26.3,2025,AIIMS,Quarterly,0,0
2025-01-03 22:30:00,11.42,55.24,39.85,8.31,76.26,25.79,2.29,147.57,0.73,26.27,2025,AIIMS,Quarterly,0,0
2025-01-03 22:45:00,11.72,55.77,40.36,8.2,76.26,25.79,2.39,130.36,0.75,26.27,2025,AIIMS,Quarterly,0,0
2025-01-03 23:00:00,12.59,56.42,41.4,7.56,76.26,25.79,4.04,117.0,0.75,26.2,2025,AIIMS,Quarterly,0,0
2025-01-03 23:15:00,13.43,57.27,42.52,4.96,84.06,27.99,6.32,151.56,0.72,26.17,2025,AIIMS,Quarterly,0,0
2025-01-03 23:30:00,14.25,57.65,43.37,7.54,90.03,29.67,6.58,158.63,0.75,26.13,2025,AIIMS,Quarterly,0,0
2025-01-03 23:45:00,14.88,57.62,43.87,7.42,90.03,29.67,4.51,180.3,0.75,26.1,2025,AIIMS,Quarterly,0,0
2025-01-04 00:15:00,24.06,79.92,63.36,38.23,235.91,98.07,6.74,144.72,1.54,25.08,2025,AIIMS,Quarterly,0,0
2025-01-04 00:30:00,23.53,79.46,62.24,28.63,235.91,123.65,4.87,250.73,1.55,25.29,2025,AIIMS,Quarterly,0,0
2025-01-04 00:45:00,24.36,79.17,62.73,24.23,359.12,126.15,7.19,183.78,1.54,25.27,2025,AIIMS,Quarterly,0,0
2025-01-04 01:00:00,24.49,78.81,62.65,23.07,359.12,126.15,5.58,174.11,1.52,25.26,2025,AIIMS,Quarterly,0,0
2025-01-04 01:15:00,23.52,77.32,61.09,26.36,359.12,126.15,4.74,136.76,1.47,25.42,2025,AIIMS,Quarterly,0,0
2025-01-04 01:30:00,22.3,75.93,59.38,27.1,247.94,104.74,4.68,74.55,1.43,25.58,2025,AIIMS,Quarterly,0,0
2025-01-04 01:45:00,22.86,76.62,60.19,30.64,247.94,102.65,2.18,165.68,1.42,25.48,2025,AIIMS,Quarterly,0,0
2025-01-04 02:00:00,24.41,77.1,61.69,23.68,247.94,102.65,4.76,243.69,1.43,25.36,2025,AIIMS,Quarterly,0,0
2025-01-04 02:15:00,24.44,77.63,61.98,24.81,247.94,102.65,4.35,256.92,1.42,25.33,2025,AIIMS,Quarterly,0,0
2025-01-04 02:30:00,24.58,78.88,62.75,27.05,244.84,89.1,5.14,154.44,1.41,25.23,2025,AIIMS,Quarterly,0,0
2025-01-04 02:45:00,25.07,78.24,62.81,23.0,244.54,87.78,5.58,131.24,1.4,25.28,2025,AIIMS,Quarterly,0,0
2025-01-04 03:00:00,25.74,77.77,63.1,19.56,244.54,87.78,0.77,120.11,1.4,25.3,2025,AIIMS,Quarterly,0,0
2025-01-04 03:15:00,27.5,77.99,64.63,16.83,244.54,87.78,6.44,167.04,1.39,25.22,2025,AIIMS,Quarterly,0,0
2025-01-04 03:30:00,27.77,76.62,64.13,14.79,229.55,90.81,7.02,134.33,1.37,25.26,2025,AIIMS,Quarterly,0,0
2025-01-04 03:45:00,27.82,75.24,63.45,12.16,228.09,91.11,4.34,146.51,1.35,25.35,2025,AIIMS,Quarterly,0,0
2025-01-04 04:00:00,29.34,74.81,64.44,13.16,228.09,91.11,7.61,136.04,1.34,25.3,2025,AIIMS,Quarterly,0,0
2025-01-04 04:15:00,30.48,73.96,64.91,12.78,228.09,91.11,8.89,213.48,1.33,25.28,2025,AIIMS,Quarterly,0,0
2025-01-04 04:30:00,30.39,72.12,63.88,12.55,189.83,75.82,9.62,213.8,1.3,25.56,2025,AIIMS,Quarterly,0,0
2025-01-04 04:45:00,29.59,70.22,62.24,11.4,186.1,74.33,8.81,180.11,1.27,25.57,2025,AIIMS,Quarterly,0,0
2025-01-04 05:00:00,28.08,68.51,60.14,11.26,186.1,74.33,6.66,42.36,1.25,25.68,2025,AIIMS,Quarterly,0,0
2025-01-04 05:15:00,26.7,67.59,58.55,7.63,186.1,74.33,1.97,65.69,1.18,25.82,2025,AIIMS,Quarterly,0,0
2025-01-04 05:30:00,25.16,66.16,56.57,14.89,137.48,58.39,1.86,209.44,1.19,25.98,2025,AIIMS,Quarterly,0,0
2025-01-04 05:45:00,24.45,66.17,56.01,12.22,132.73,56.84,9.82,253.35,1.18,26.03,2025,AIIMS,Quarterly,0,0
2025-01-04 06:00:00,23.04,65.23,54.39,13.73,132.73,56.84,4.63,81.8,1.14,26.13,2025,AIIMS,Quarterly,0,0
2025-01-04 06:15:00,21.94,64.97,53.37,12.78,132.73,56.84,2.59,197.22,1.13,26.2,2025,AIIMS,Quarterly,0,0
2025-01-04 06:30:00,21.44,64.89,52.92,12.28,125.83,55.15,1.74,172.23,1.12,26.25,2025,AIIMS,Quarterly,0,0
2025-01-04 06:45:00,21.05,65.08,52.71,12.91,125.15,54.98,2.49,195.45,1.13,26.33,2025,AIIMS,Quarterly,0,0
2025-01-04 07:00:00,21.52,65.14,53.12,12.22,125.15,54.98,0.78,50.64,1.12,26.31,2025,AIIMS,Quarterly,0,0
2025-01-04 07:15:00,21.81,65.32,53.44,12.21,125.15,54.98,3.51,194.93,1.11,26.29,2025,AIIMS,Quarterly,0,0
2025-01-04 07:30:00,21.88,65.27,53.47,12.52,158.83,64.2,1.7,40.21,1.11,26.3,2025,AIIMS,Quarterly,0,0
2025-01-04 07:45:00,22.05,64.84,53.38,12.88,162.11,65.09,4.87,12.88,1.1,26.32,2025,AIIMS,Quarterly,0,0
2025-01-04 08:00:00,22.22,64.7,53.45,12.77,162.11,65.09,6.4,46.5,1.1,26.3,2025,AIIMS,Quarterly,0,0
2025-01-04 08:15:00,22.08,64.68,53.33,15.75,162.11,65.09,5.98,41.61,1.1,26.29,2025,AIIMS,Quarterly,0,0
2025-01-04 08:30:00,21.57,64.6,52.87,15.68,178.62,60.22,5.58,27.34,1.09,26.3,2025,AIIMS,Quarterly,0,0
2025-01-04 08:45:00,20.62,63.88,51.74,16.71,180.23,59.74,6.69,23.17,1.09,26.36,2025,AIIMS,Quarterly,0,0
2025-01-04 09:00:00,19.44,63.43,50.55,19.11,180.23,59.74,1.17,286.76,1.06,26.38,2025,AIIMS,Quarterly,0,0
2025-01-04 09:15:00,18.3,62.87,49.35,27.7,180.23,59.74,7.69,24.96,1.06,26.46,2025,AIIMS,Quarterly,0,0
2025-01-04 09:30:00,18.23,63.17,49.46,24.65,136.86,62.74,8.94,27.31,1.05,26.41,2025,AIIMS,Quarterly,0,0
2025-01-04 09:45:00,15.92,64.6,48.35,23.84,132.63,63.04,1.3,347.88,1.04,26.52,2025,AIIMS,Quarterly,0,0
2025-01-04 10:00:00,14.45,65.73,47.76,25.56,132.63,63.04,1.74,57.64,1.02,26.58,2025,AIIMS,Quarterly,0,0
2025-01-04 10:15:00,13.1,67.24,47.46,23.33,132.63,63.04,7.25,43.36,1.0,26.57,2025,AIIMS,Quarterly,0,0
2025-01-04 10:30:00,12.19,67.38,46.8,24.76,103.5,65.81,8.89,27.0,0.99,26.62,2025,AIIMS,Quarterly,0,0
2025-01-04 10:45:00,11.18,68.0,46.32,25.96,100.65,66.09,5.56,59.84,0.99,26.66,2025,AIIMS,Quarterly,0,0
2025-01-04 11:00:00,9.75,66.09,44.18,27.6,100.65,66.09,7.21,35.68,0.96,26.79,2025,AIIMS,Quarterly,0,0
2025-01-04 11:15:00,8.27,63.25,41.5,19.19,100.65,66.09,6.53,40.44,0.95,26.97,2025,AIIMS,Quarterly,0,0
2025-01-04 11:30:00,7.31,60.73,39.42,26.2,101.23,72.83,7.07,37.53,0.96,27.11,2025,AIIMS,Quarterly,0,0
2025-01-04 11:45:00,6.47,60.18,38.46,29.23,101.28,73.48,7.13,51.45,0.94,27.26,2025,AIIMS,Quarterly,0,0
2025-01-04 12:00:00,6.76,60.23,38.72,25.67,101.28,73.48,8.29,27.81,0.93,27.3,2025,AIIMS,Quarterly,0,0
2025-01-04 12:15:00,6.15,58.8,37.48,28.12,101.28,73.48,6.91,42.31,0.9,27.36,2025,AIIMS,Quarterly,0,0
2025-01-04 12:30:00,5.67,52.64,33.88,32.03,93.85,71.27,6.98,15.06,0.89,27.48,2025,AIIMS,Quarterly,0,0
2025-01-04 12:45:00,5.77,53.15,34.22,32.14,93.13,71.06,8.37,34.77,0.88,27.48,2025,AIIMS,Quarterly,0,0
2025-01-04 13:00:00,5.61,53.81,34.44,32.84,93.13,71.06,6.93,36.17,0.88,27.51,2025,AIIMS,Quarterly,0,0
2025-01-04 13:15:00,5.42,53.93,34.35,29.66,93.13,71.06,8.31,26.57,0.84,27.56,2025,AIIMS,Quarterly,0,0
2025-01-04 13:30:00,5.56,53.62,34.3,33.53,87.98,59.68,7.48,43.8,0.85,27.6,2025,AIIMS,Quarterly,0,0
2025-01-04 13:45:00,5.56,53.63,34.3,31.35,87.47,58.57,6.33,23.67,0.84,27.51,2025,AIIMS,Quarterly,0,0
2025-01-04 14:00:00,5.56,53.63,34.3,33.55,87.47,58.57,5.34,42.97,0.85,27.5,2025,AIIMS,Quarterly,0,0
2025-01-04 14:15:00,5.56,53.63,34.3,26.78,87.47,58.57,6.77,20.89,0.84,27.56,2025,AIIMS,Quarterly,0,0
2025-01-04 14:30:00,5.56,53.63,34.3,34.85,86.41,60.85,8.32,31.15,0.79,27.67,2025,AIIMS,Quarterly,0,0
2025-01-04 14:45:00,5.56,53.63,34.3,34.45,86.3,61.08,9.2,26.45,0.78,27.72,2025,AIIMS,Quarterly,0,0
2025-01-04 15:00:00,5.56,53.63,34.3,33.13,86.3,61.08,8.77,31.01,0.77,27.69,2025,AIIMS,Quarterly,0,0
2025-01-04 15:15:00,5.56,53.63,34.3,35.69,86.3,61.08,8.03,33.3,0.75,27.73,2025,AIIMS,Quarterly,0,0
2025-01-04 15:30:00,5.56,53.63,34.3,33.48,87.15,56.39,6.51,52.17,0.72,27.74,2025,AIIMS,Quarterly,0,0
2025-01-04 15:45:00,5.56,53.63,34.3,35.89,87.24,55.93,8.21,42.07,0.71,27.77,2025,AIIMS,Quarterly,0,0
2025-01-04 16:00:00,5.56,53.63,34.3,37.61,87.24,55.93,7.35,39.1,0.71,27.73,2025,AIIMS,Quarterly,0,0
2025-01-04 16:15:00,5.56,53.63,34.3,30.75,87.24,55.93,7.38,40.22,0.71,27.75,2025,AIIMS,Quarterly,0,0
2025-01-04 16:30:00,5.56,53.63,34.3,32.39,73.74,49.44,6.77,48.52,0.7,27.8,2025,AIIMS,Quarterly,0,0
2025-01-04 16:45:00,5.56,53.63,34.3,26.71,72.42,48.8,6.66,68.25,0.68,27.8,2025,AIIMS,Quarterly,0,0
2025-01-04 17:00:00,5.56,53.63,34.3,25.76,72.42,48.8,5.71,52.8,0.67,27.83,2025,AIIMS,Quarterly,0,0
2025-01-04 17:15:00,5.56,53.63,34.3,25.92,72.42,48.8,4.88,47.72,0.69,27.83,2025,AIIMS,Quarterly,0,0
2025-01-04 17:30:00,5.56,53.63,34.3,30.79,73.22,44.64,6.35,63.78,0.71,27.74,2025,AIIMS,Quarterly,0,0
2025-01-04 17:45:00,5.56,53.63,34.3,47.61,73.3,44.24,7.51,63.68,0.7,27.65,2025,AIIMS,Quarterly,0,0
2025-01-04 18:00:00,5.56,53.63,34.3,49.12,73.3,44.24,9.02,60.62,0.7,27.42,2025,AIIMS,Quarterly,0,0
2025-01-04 18:15:00,5.56,53.63,34.3,58.7,73.3,44.24,6.57,84.15,0.74,27.16,2025,AIIMS,Quarterly,0,0
2025-01-04 18:30:00,5.56,53.63,34.3,49.59,89.9,43.0,7.81,83.54,0.79,26.9,2025,AIIMS,Quarterly,0,0
2025-01-04 18:45:00,5.56,53.63,34.3,46.32,91.52,42.88,9.88,103.2,0.83,26.7,2025,AIIMS,Quarterly,0,0
2025-01-04 19:00:00,5.56,53.63,34.3,35.19,91.52,42.88,10.0,90.55,0.84,26.88,2025,AIIMS,Quarterly,0,0
2025-01-04 19:15:00,5.56,53.63,34.3,38.31,91.52,42.88,10.4,102.77,0.89,26.9,2025,AIIMS,Quarterly,0,0
2025-01-04 19:30:00,5.56,53.63,34.3,34.56,118.02,55.46,8.5,105.21,0.93,26.57,2025,AIIMS,Quarterly,0,0
2025-01-04 19:45:00,5.56,53.63,34.3,41.81,120.61,56.69,6.26,111.72,0.95,26.6,2025,AIIMS,Quarterly,0,0
2025-01-04 20:00:00,5.56,53.63,34.3,27.59,120.61,56.69,7.26,100.06,0.89,26.73,2025,AIIMS,Quarterly,0,0
2025-01-04 20:15:00,5.56,53.63,34.3,24.25,120.61,56.69,7.16,100.87,0.91,26.83,2025,AIIMS,Quarterly,0,0
2025-01-04 20:30:00,5.56,53.63,34.3,20.8,126.67,55.89,6.78,97.88,0.9,26.97,2025,AIIMS,Quarterly,0,0
2025-01-04 20:45:00,5.56,53.63,34.3,21.92,127.27,55.81,7.22,95.91,0.9,26.96,2025,AIIMS,Quarterly,0,0
2025-01-04 21:00:00,5.56,53.63,34.3,27.92,127.27,55.81,7.56,76.29,0.93,27.0,2025,AIIMS,Quarterly,0,0
2025-01-04 21:15:00,5.56,53.63,34.3,38.54,127.27,55.81,7.93,94.84,0.93,27.04,2025,AIIMS,Quarterly,0,0
2025-01-04 21:30:00,5.56,53.63,34.3,37.81,132.36,63.72,9.06,78.78,0.94,26.97,2025,AIIMS,Quarterly,0,0
2025-01-04 21:45:00,5.56,53.63,34.3,34.26,132.86,64.49,7.55,58.52,1.02,26.93,2025,AIIMS,Quarterly,0,0
2025-01-04 22:00:00,5.56,53.63,34.3,28.45,132.86,64.49,8.6,109.67,1.38,27.01,2025,AIIMS,Quarterly,0,0
2025-01-04 22:15:00,5.56,53.63,34.3,23.89,132.86,64.49,8.96,109.86,1.07,27.22,2025,AIIMS,Quarterly,0,0
2025-01-04 22:30:00,5.56,53.63,34.3,21.57,127.21,62.5,8.87,118.22,1.08,27.28,2025,AIIMS,Quarterly,0,0
2025-01-04 22:45:00,5.56,53.63,34.3,19.43,126.66,62.31,9.75,112.71,1.07,27.32,2025,AIIMS,Quarterly,0,0
2025-01-04 23:00:00,5.56,53.63,34.3,19.65,126.66,62.31,9.76,128.99,1.07,27.36,2025,AIIMS,Quarterly,0,0
2025-01-04 23:15:00,5.56,53.63,34.3,19.35,126.66,62.31,9.23,137.08,1.07,27.29,2025,AIIMS,Quarterly,0,0
2025-01-04 23:30:00,5.56,53.63,34.3,21.29,122.25,61.51,8.74,113.24,1.1,27.27,2025,AIIMS,Quarterly,0,0
2025-01-04 23:45:00,5.56,53.63,34.3,16.44,121.82,61.43,7.7,130.61,1.1,27.2,2025,AIIMS,Quarterly,0,0
2025-01-05 00:15:00,3.89,32.31,20.68,0.98,25.4,16.36,0.76,144.22,0.5,28.07,2025,AIIMS,Quarterly,0,0
2025-01-05 00:30:00,3.84,33.32,21.16,1.37,25.4,16.36,0.75,142.09,0.49,28.06,2025,AIIMS,Quarterly,0,0
2025-01-05 00:45:00,3.85,33.38,21.21,1.53,25.4,16.36,0.36,165.0,0.48,28.07,2025,AIIMS,Quarterly,0,0
2025-01-05 01:00:00,4.08,33.48,21.44,1.66,24.77,14.83,0.47,148.39,0.46,28.06,2025,AIIMS,Quarterly,0,0
2025-01-05 01:15:00,4.39,33.59,21.75,1.56,24.23,13.5,0.31,161.88,0.45,28.06,2025,AIIMS,Quarterly,0,0
2025-01-05 01:30:00,4.69,33.86,22.13,1.49,24.23,13.5,0.53,147.7,0.46,28.02,2025,AIIMS,Quarterly,0,0
2025-01-05 01:45:00,4.81,35.62,23.14,1.49,24.23,13.5,0.34,119.03,0.43,27.95,2025,AIIMS,Quarterly,0,0
2025-01-05 02:00:00,4.7,31.04,20.66,1.46,21.88,11.38,0.16,206.72,0.42,28.13,2025,AIIMS,Quarterly,0,0
2025-01-05 02:15:00,4.68,30.45,20.34,1.11,19.82,9.53,0.23,90.65,0.44,28.12,2025,AIIMS,Quarterly,0,0
2025-01-05 02:30:00,4.81,33.1,21.83,1.13,19.82,9.53,0.58,287.11,0.43,28.0,2025,AIIMS,Quarterly,0,0
2025-01-05 02:45:00,4.69,34.07,22.24,1.13,19.82,9.53,0.4,277.96,0.44,27.94,2025,AIIMS,Quarterly,0,0
2025-01-05 03:00:00,4.82,34.47,22.55,1.19,18.53,10.93,0.29,197.67,0.43,27.91,2025,AIIMS,Quarterly,0,0
2025-01-05 03:15:00,5.13,35.48,23.33,0.89,17.41,12.22,0.16,284.28,0.44,27.82,2025,AIIMS,Quarterly,0,0
2025-01-05 03:30:00,5.56,36.72,24.32,0.97,17.41,12.22,0.15,41.22,0.45,27.75,2025,AIIMS,Quarterly,0,0
2025-01-05 03:45:00,6.15,42.1,27.6,0.95,17.41,12.22,0.12,155.41,0.44,27.5,2025,AIIMS,Quarterly,0,0
2025-01-05 04:00:00,6.84,40.53,27.34,0.62,24.54,14.17,0.72,125.25,0.43,27.51,2025,AIIMS,Quarterly,0,0
2025-01-05 04:15:00,7.63,39.96,27.67,0.97,30.79,15.89,0.71,101.37,0.42,27.45,2025,AIIMS,Quarterly,0,0
2025-01-05 04:30:00,8.55,39.63,28.23,1.49,30.79,15.89,0.51,76.84,0.43,27.55,2025,AIIMS,Quarterly,0,0
2025-01-05 04:45:00,9.53,39.36,28.88,1.35,30.79,15.89,0.68,58.47,0.43,27.47,2025,AIIMS,Quarterly,0,0
2025-01-05 05:00:00,10.58,39.84,29.98,1.3,41.85,18.08,0.66,67.56,0.45,27.36,2025,AIIMS,Quarterly,0,0
2025-01-05 05:15:00,11.47,33.85,27.56,0.48,51.53,20.0,0.7,54.0,0.47,27.52,2025,AIIMS,Quarterly,0,0
2025-01-05 05:30:00,12.47,31.25,27.0,1.5,51.53,20.0,0.44,86.03,0.54,27.59,2025,AIIMS,Quarterly,0,0
2025-01-05 05:45:00,13.19,32.62,28.3,1.46,51.53,20.0,0.51,154.14,0.56,27.46,2025,AIIMS,Quarterly,0,0
2025-01-05 06:00:00,13.23,34.24,29.18,1.62,72.37,28.3,0.64,160.21,0.57,27.37,2025,AIIMS,Quarterly,0,0
2025-01-05 06:15:00,12.98,34.18,28.94,1.5,91.42,35.57,0.49,39.8,0.57,27.38,2025,AIIMS,Quarterly,0,0
2025-01-05 06:30:00,12.98,33.91,28.8,1.43,91.42,35.57,0.38,108.41,0.57,27.41,2025,AIIMS,Quarterly,0,0
2025-01-05 06:45:00,12.96,34.51,29.1,1.49,91.42,35.57,0.51,144.14,0.57,27.41,2025,AIIMS,Quarterly,0,0
2025-01-05 07:00:00,12.85,39.93,31.85,1.34,86.73,33.96,0.29,146.91,0.55,27.18,2025,AIIMS,Quarterly,0,0
2025-01-05 07:15:00,13.14,39.81,32.01,1.43,82.62,32.55,0.68,150.22,0.56,27.19,2025,AIIMS,Quarterly,0,0
2025-01-05 07:30:00,13.17,39.16,31.7,1.41,82.62,32.55,0.56,155.77,0.54,27.26,2025,AIIMS,Quarterly,0,0
2025-01-05 07:45:00,12.95,38.67,31.26,1.28,82.62,32.55,0.42,161.14,0.54,27.31,2025,AIIMS,Quarterly,0,0
2025-01-05 08:00:00,12.76,38.12,30.82,1.63,77.11,32.72,0.24,235.49,0.54,27.33,2025,AIIMS,Quarterly,0,0
2025-01-05 08:15:00,12.69,38.55,30.99,1.75,72.29,32.88,0.56,176.19,0.54,27.33,2025,AIIMS,Quarterly,0,0
2025-01-05 08:30:00,11.62,31.95,26.68,1.83,72.29,32.88,0.71,228.84,0.53,27.53,2025,AIIMS,Quarterly,0,0
2025-01-05 08:45:00,11.07,29.22,24.82,1.14,72.29,32.88,1.18,219.0,0.55,27.75,2025,AIIMS,Quarterly,0,0
2025-01-05 09:00:00,9.59,30.93,24.52,1.09,62.68,27.45,0.33,206.49,0.55,27.8,2025,AIIMS,Quarterly,0,0
2025-01-05 09:15:00,7.86,29.46,22.37,1.09,54.28,22.69,0.82,222.3,0.55,27.83,2025,AIIMS,Quarterly,0,0
2025-01-05 09:30:00,7.78,32.48,23.88,1.17,54.28,22.69,1.2,235.28,0.56,27.81,2025,AIIMS,Quarterly,0,0
2025-01-05 09:45:00,6.87,31.99,22.9,1.45,54.28,22.69,0.46,193.05,0.55,27.88,2025,AIIMS,Quarterly,0,0
2025-01-05 10:00:00,6.0,33.09,22.77,1.22,48.97,20.43,0.88,228.12,0.55,27.92,2025,AIIMS,Quarterly,0,0
2025-01-05 10:15:00,5.48,39.37,25.64,0.54,44.32,18.46,0.53,180.59,0.55,27.69,2025,AIIMS,Quarterly,0,0
2025-01-05 10:30:00,4.53,34.92,22.55,1.53,44.32,18.46,0.87,198.43,0.53,27.79,2025,AIIMS,Quarterly,0,0
2025-01-05 10:45:00,4.43,36.07,23.08,1.43,44.32,18.46,0.92,237.79,0.52,27.91,2025,AIIMS,Quarterly,0,0
2025-01-05 11:00:00,4.3,36.18,23.03,1.44,39.52,18.06,1.01,195.68,0.51,28.03,2025,AIIMS,Quarterly,0,0
2025-01-05 11:15:00,4.23,35.09,22.4,0.49,35.32,17.72,0.8,304.26,0.49,28.08,2025,AIIMS,Quarterly,0,0
2025-01-05 11:30:00,4.09,34.33,21.89,1.23,35.32,17.72,0.65,245.12,0.51,28.13,2025,AIIMS,Quarterly,0,0
2025-01-05 11:45:00,3.63,30.68,19.62,1.79,35.32,17.72,0.69,195.41,0.49,28.3,2025,AIIMS,Quarterly,0,0
2025-01-05 12:00:00,3.15,23.44,15.45,1.59,33.7,19.04,1.02,221.11,0.5,28.67,2025,AIIMS,Quarterly,0,0
2025-01-05 12:15:00,3.08,23.72,15.54,1.49,32.28,20.2,0.62,305.57,0.54,28.64,2025,AIIMS,Quarterly,0,0
2025-01-05 12:30:00,3.1,25.08,16.27,1.79,32.28,20.2,1.07,227.38,0.58,28.51,2025,AIIMS,Quarterly,0,0
2025-01-05 12:45:00,2.72,25.05,15.94,1.97,32.28,20.2,1.04,209.03,0.6,28.52,2025,AIIMS,Quarterly,0,0
2025-01-05 13:00:00,2.56,23.15,14.82,2.07,33.93,18.4,1.58,226.0,0.61,28.66,2025,AIIMS,Quarterly,0,0
2025-01-05 13:15:00,2.51,24.18,15.32,2.45,35.36,16.83,0.74,214.05,0.66,28.6,2025,AIIMS,Quarterly,0,0
2025-01-05 13:30:00,2.44,27.38,16.94,3.02,35.36,16.83,1.04,256.62,0.64,28.52,2025,AIIMS,Quarterly,0,0
2025-01-05 13:45:00,2.41,31.12,18.87,3.89,35.36,16.83,1.43,225.96,0.65,28.34,2025,AIIMS,Quarterly,0,0
2025-01-05 14:00:00,2.45,25.84,16.14,4.31,38.15,18.94,1.3,230.09,0.64,28.58,2025,AIIMS,Quarterly,0,0
2025-01-05 14:15:00,2.49,22.38,14.37,4.73,40.59,20.79,0.97,197.22,0.66,28.75,2025,AIIMS,Quarterly,0,0
2025-01-05 14:30:00,2.48,26.3,16.41,4.36,40.59,20.79,1.21,203.62,0.65,28.57,2025,AIIMS,Quarterly,0,0
2025-01-05 14:45:00,2.45,23.67,15.01,3.71,40.59,20.79,1.36,236.67,0.65,28.73,2025,AIIMS,Quarterly,0,0
2025-01-05 15:00:00,2.58,28.06,17.41,3.0,43.52,21.72,1.79,240.48,0.62,28.58,2025,AIIMS,Quarterly,0,0
2025-01-05 15:15:00,2.73,26.44,16.68,2.84,46.08,22.54,0.21,237.14,0.6,28.6,2025,AIIMS,Quarterly,0,0
2025-01-05 15:30:00,2.78,21.38,14.08,2.61,46.08,22.54,0.55,122.76,0.58,28.77,2025,AIIMS,Quarterly,0,0
2025-01-05 15:45:00,2.83,19.12,12.93,2.21,46.08,22.54,0.45,144.78,0.6,28.84,2025,AIIMS,Quarterly,0,0
2025-01-05 16:00:00,2.54,15.94,11.04,2.27,44.03,21.1,0.6,149.96,0.52,29.09,2025,AIIMS,Quarterly,0,0
2025-01-05 16:15:00,2.47,15.73,10.88,2.69,42.24,19.83,0.45,200.88,0.53,29.12,2025,AIIMS,Quarterly,0,0
2025-01-05 16:30:00,3.02,17.94,12.47,2.75,42.24,19.83,2.99,357.93,0.58,28.98,2025,AIIMS,Quarterly,0,0
2025-01-05 16:45:00,2.66,21.14,13.86,2.52,42.24,19.83,5.29,15.39,0.49,28.85,2025,AIIMS,Quarterly,0,0
2025-01-05 17:00:00,2.17,26.96,16.5,2.97,42.24,28.09,2.98,45.29,0.45,28.62,2025,AIIMS,Quarterly,0,0
2025-01-05 17:15:00,2.19,30.05,18.14,1.46,500.0,35.31,2.15,53.5,0.42,28.48,2025,AIIMS,Quarterly,0,0
2025-01-05 17:30:00,2.22,32.31,19.33,2.7,500.0,35.31,1.12,81.96,0.43,28.33,2025,AIIMS,Quarterly,0,0
2025-01-05 17:45:00,2.62,34.4,20.75,2.54,500.0,35.31,1.07,69.76,0.44,28.13,2025,AIIMS,Quarterly,0,0
2025-01-05 18:00:00,3.36,35.77,22.05,2.29,18.15,28.13,0.82,78.41,0.45,27.98,2025,AIIMS,Quarterly,0,0
2025-01-05 18:15:00,4.37,38.1,24.08,1.44,18.15,21.84,0.73,150.91,0.46,27.77,2025,AIIMS,Quarterly,0,0
2025-01-05 18:30:00,5.11,32.8,21.91,1.58,18.15,21.84,0.4,107.22,0.47,27.91,2025,AIIMS,Quarterly,0,0
2025-01-05 18:45:00,5.58,33.85,22.84,1.37,18.15,21.84,0.35,150.05,0.5,27.85,2025,AIIMS,Quarterly,0,0
2025-01-05 19:00:00,5.9,37.06,24.77,1.34,19.14,17.91,0.56,150.8,0.51,27.64,2025,AIIMS,Quarterly,0,0
2025-01-05 19:15:00,6.11,39.84,26.39,1.6,20.0,14.48,0.53,148.14,0.51,27.49,2025,AIIMS,Quarterly,0,0
2025-01-05 19:30:00,6.26,40.35,26.77,1.61,20.0,14.48,0.61,150.29,0.53,27.43,2025,AIIMS,Quarterly,0,0
2025-01-05 19:45:00,6.39,40.81,27.12,1.1,20.0,14.48,0.47,126.0,0.53,27.43,2025,AIIMS,Quarterly,0,0
2025-01-05 20:00:00,6.46,40.07,26.79,1.09,24.17,14.55,0.47,123.85,0.54,27.46,2025,AIIMS,Quarterly,0,0
2025-01-05 20:15:00,6.78,38.36,26.15,1.59,27.81,14.61,0.3,186.95,0.52,27.52,2025,AIIMS,Quarterly,0,0
2025-01-05 20:30:00,7.02,37.86,26.09,1.22,27.81,14.61,1.46,208.75,0.51,27.69,2025,AIIMS,Quarterly,0,0
2025-01-05 20:45:00,6.91,37.83,25.98,1.26,27.81,14.61,1.78,208.65,0.5,27.62,2025,AIIMS,Quarterly,0,0
2025-01-05 21:00:00,6.66,37.69,25.71,1.51,22.85,12.02,1.59,210.74,0.49,27.66,2025,AIIMS,Quarterly,0,0
2025-01-05 21:15:00,6.61,37.91,25.78,1.29,18.5,9.76,1.62,218.01,0.48,27.66,2025,AIIMS,Quarterly,0,0
2025-01-05 21:30:00,6.64,39.39,26.58,1.35,18.5,9.76,1.42,202.09,0.46,27.59,2025,AIIMS,Quarterly,0,0
2025-01-05 21:45:00,6.4,34.82,24.0,1.05,18.5,9.76,1.44,211.87,0.45,27.81,2025,AIIMS,Quarterly,0,0
2025-01-05 22:00:00,6.13,35.13,23.95,0.9,12.87,9.61,1.25,201.07,0.46,27.82,2025,AIIMS,Quarterly,0,0
2025-01-05 22:15:00,5.94,37.16,24.85,1.12,7.93,9.47,0.6,217.48,0.46,27.71,2025,AIIMS,Quarterly,0,0
2025-01-05 22:30:00,5.85,37.34,24.87,1.11,7.93,9.47,0.12,233.6,0.46,27.73,2025,AIIMS,Quarterly,0,0
2025-01-05 22:45:00,5.81,38.16,25.27,0.75,7.93,9.47,1.01,204.76,0.46,27.71,2025,AIIMS,Quarterly,0,0
2025-01-05 23:00:00,5.62,38.82,25.46,0.52,9.06,8.11,0.71,208.0,0.45,27.71,2025,AIIMS,Quarterly,0,0
2025-01-05 23:15:00,5.76,39.99,26.19,0.05,10.05,6.91,0.91,222.35,0.43,27.63,2025,AIIMS,Quarterly,0,0
2025-01-05 23:30:00,6.15,41.14,27.11,0.28,10.05,6.91,1.51,236.28,0.44,27.59,2025,AIIMS,Quarterly,0,0
2025-01-05 23:45:00,6.72,40.29,27.12,0.57,10.05,6.91,0.96,268.95,0.42,27.57,2025,AIIMS,Quarterly,0,0
2025-01-06 00:15:00,4.95,11.95,9.22,5.99,63.54,20.71,4.2,158.77,0.55,28.95,2025,AIIMS,Quarterly,0,0
2025-01-06 00:30:00,5.29,10.91,8.95,6.06,63.54,20.71,4.75,84.52,0.54,28.98,2025,AIIMS,Quarterly,0,0
2025-01-06 00:45:00,5.57,9.84,8.61,6.15,63.54,20.71,4.25,45.6,0.54,29.0,2025,AIIMS,Quarterly,0,0
2025-01-06 01:00:00,5.71,9.12,8.35,6.22,62.84,21.51,3.2,107.47,0.55,29.05,2025,AIIMS,Quarterly,0,0
2025-01-06 01:15:00,5.68,9.36,8.45,6.59,60.25,24.48,4.47,131.09,0.58,29.04,2025,AIIMS,Quarterly,0,0
2025-01-06 01:30:00,5.85,9.44,8.63,6.46,60.25,24.48,4.27,144.72,0.58,29.08,2025,AIIMS,Quarterly,0,0
2025-01-06 01:45:00,6.11,10.17,9.22,6.6,60.25,24.48,4.24,151.84,0.6,29.0,2025,AIIMS,Quarterly,0,0
2025-01-06 02:00:00,7.3,11.47,10.85,6.5,62.29,25.82,4.35,160.96,0.63,28.88,2025,AIIMS,Quarterly,0,0
2025-01-06 02:15:00,8.11,12.83,12.21,6.35,69.95,30.85,1.91,135.95,0.66,28.77,2025,AIIMS,Quarterly,0,0
2025-01-06 02:30:00,8.4,12.7,12.38,6.66,69.95,30.85,3.24,164.09,0.64,28.71,2025,AIIMS,Quarterly,0,0
2025-01-06 02:45:00,11.4,13.16,15.03,6.48,69.95,30.85,4.45,246.09,0.65,28.58,2025,AIIMS,Quarterly,0,0
2025-01-06 03:00:00,10.77,12.95,14.41,6.05,72.73,31.5,3.36,227.74,0.64,28.48,2025,AIIMS,Quarterly,0,0
2025-01-06 03:15:00,10.63,13.18,14.42,6.53,83.1,33.94,1.65,205.07,0.63,28.44,2025,AIIMS,Quarterly,0,0
2025-01-06 03:30:00,11.24,11.83,14.2,6.1,83.1,33.94,5.07,225.57,0.64,28.43,2025,AIIMS,Quarterly,0,0
2025-01-06 03:45:00,11.57,11.25,14.16,6.42,83.1,33.94,5.61,227.61,0.63,28.45,2025,AIIMS,Quarterly,0,0
2025-01-06 04:00:00,11.53,10.02,13.49,5.89,81.96,33.0,5.37,210.42,0.63,28.5,2025,AIIMS,Quarterly,0,0
2025-01-06 04:15:00,11.63,8.13,12.58,5.71,77.73,29.22,4.78,211.81,0.61,28.62,2025,AIIMS,Quarterly,0,0
2025-01-06 04:30:00,11.74,8.05,12.62,5.47,77.73,29.22,4.7,207.71,0.63,28.7,2025,AIIMS,Quarterly,0,0
2025-01-06 04:45:00,11.7,8.34,12.75,5.9,77.73,29.22,4.92,204.55,0.61,28.68,2025,AIIMS,Quarterly,0,0
2025-01-06 05:00:00,11.42,8.0,12.34,6.02,75.62,29.32,4.96,198.73,0.59,28.71,2025,AIIMS,Quarterly,0,0
2025-01-06 05:15:00,11.17,8.42,12.36,5.41,67.75,29.72,5.67,223.71,0.54,28.68,2025,AIIMS,Quarterly,0,0
2025-01-06 05:30:00,11.15,8.84,12.56,6.22,67.75,29.72,4.66,204.39,0.56,28.61,2025,AIIMS,Quarterly,0,0
2025-01-06 05:45:00,10.76,9.41,12.55,5.9,67.75,29.72,5.73,226.04,0.56,28.77,2025,AIIMS,Quarterly,0,0
2025-01-06 06:00:00,10.82,9.31,12.55,6.07,68.55,29.15,5.92,205.24,0.56,28.64,2025,AIIMS,Quarterly,0,0
2025-01-06 06:15:00,10.72,9.32,12.47,6.25,71.55,27.01,4.43,203.11,0.55,28.62,2025,AIIMS,Quarterly,0,0
2025-01-06 06:30:00,10.49,9.14,12.2,6.23,71.55,27.01,4.21,219.69,0.55,28.64,2025,AIIMS,Quarterly,0,0
2025-01-06 06:45:00,10.28,10.73,12.85,5.92,71.55,27.01,4.45,227.29,0.56,28.56,2025,AIIMS,Quarterly,0,0
2025-01-06 07:00:00,10.21,11.24,13.06,6.34,71.09,27.59,4.4,222.54,0.56,28.61,2025,AIIMS,Quarterly,0,0
2025-01-06 07:15:00,10.09,10.28,12.47,5.98,69.37,29.78,4.17,227.06,0.56,28.7,2025,AIIMS,Quarterly,0,0
2025-01-06 07:30:00,9.92,9.07,11.7,6.61,69.37,29.78,4.41,214.75,0.56,28.78,2025,AIIMS,Quarterly,0,0
2025-01-06 07:45:00,9.82,8.26,11.2,6.27,69.37,29.78,4.03,228.2,0.56,28.81,2025,AIIMS,Quarterly,0,0
2025-01-06 08:00:00,9.82,7.35,10.72,6.14,69.69,29.01,4.87,242.93,0.56,28.9,2025,AIIMS,Quarterly,0,0
2025-01-06 08:15:00,9.68,8.51,11.21,5.96,70.92,26.09,5.89,237.03,0.59,28.88,2025,AIIMS,Quarterly,0,0
2025-01-06 08:30:00,9.14,9.48,11.29,5.83,70.92,26.09,5.59,239.05,0.61,28.84,2025,AIIMS,Quarterly,0,0
2025-01-06 08:45:00,8.34,10.0,10.92,5.67,70.92,26.09,5.98,241.97,0.59,28.83,2025,AIIMS,Quarterly,0,0
2025-01-06 09:00:00,7.41,10.35,10.35,5.69,71.72,26.55,6.28,241.45,0.58,28.81,2025,AIIMS,Quarterly,0,0
2025-01-06 09:15:00,6.32,11.01,9.82,5.95,74.71,28.25,5.06,245.53,0.56,28.82,2025,AIIMS,Quarterly,0,0
2025-01-06 09:30:00,5.14,11.29,9.03,6.34,74.71,28.25,5.48,242.62,0.55,28.88,2025,AIIMS,Quarterly,0,0
2025-01-06 09:45:00,4.2,11.46,8.36,5.51,74.71,28.25,4.34,246.83,0.55,28.93,2025,AIIMS,Quarterly,0,0
2025-01-06 10:00:00,3.38,11.56,7.76,5.95,74.86,27.88,5.13,245.9,0.54,28.97,2025,AIIMS,Quarterly,0,0
2025-01-06 10:15:00,2.8,11.57,7.29,5.73,75.45,26.49,5.39,244.54,0.5,29.08,2025,AIIMS,Quarterly,0,0
2025-01-06 10:30:00,2.63,9.28,5.96,6.25,75.45,26.49,2.27,287.18,0.48,29.26,2025,AIIMS,Quarterly,0,0
2025-01-06 10:45:00,2.47,9.1,5.74,5.86,75.45,26.49,3.37,257.93,0.49,29.31,2025,AIIMS,Quarterly,0,0
2025-01-06 11:00:00,2.31,8.74,5.43,6.1,75.25,25.55,3.36,256.25,0.46,29.33,2025,AIIMS,Quarterly,0,0
2025-01-06 11:15:00,2.21,8.25,5.08,5.41,74.51,22.05,5.13,241.79,0.46,29.39,2025,AIIMS,Quarterly,0,0
2025-01-06 11:30:00,3.83,8.47,6.48,6.28,74.51,22.05,6.04,251.31,0.44,29.35,2025,AIIMS,Quarterly,0,0
2025-01-06 11:45:00,2.48,8.05,5.2,5.85,74.51,22.05,5.83,246.82,0.43,29.41,2025,AIIMS,Quarterly,0,0
2025-01-06 12:00:00,2.26,7.86,4.92,5.88,74.06,21.88,6.04,247.91,0.43,29.4,2025,AIIMS,Quarterly,0,0
2025-01-06 12:15:00,3.01,8.14,5.67,6.48,72.38,21.24,6.36,241.27,0.41,29.34,2025,AIIMS,Quarterly,0,0
2025-01-06 12:30:00,2.79,8.43,5.64,5.67,72.38,21.24,6.1,236.3,0.41,29.37,2025,AIIMS,Quarterly,0,0
2025-01-06 12:45:00,2.14,8.3,5.05,6.37,72.38,21.24,3.72,252.89,0.38,29.37,2025,AIIMS,Quarterly,0,0
2025-01-06 13:00:00,2.05,7.8,4.73,6.13,73.45,21.29,5.02,242.35,0.38,29.38,2025,AIIMS,Quarterly,0,0
2025-01-06 13:15:00,1.93,9.54,5.54,5.83,77.42,21.44,6.06,243.91,0.39,29.27,2025,AIIMS,Quarterly,0,0
2025-01-06 13:30:00,1.99,8.88,5.24,6.18,77.42,21.44,6.26,246.97,0.37,29.36,2025,AIIMS,Quarterly,0,0
2025-01-06 13:45:00,1.96,8.4,4.96,6.17,77.42,21.44,5.89,243.48,0.34,29.38,2025,AIIMS,Quarterly,0,0
2025-01-06 14:00:00,1.94,7.41,4.43,5.72,76.93,20.68,5.34,235.91,0.33,29.45,2025,AIIMS,Quarterly,0,0
2025-01-06 14:15:00,2.01,7.05,4.3,5.82,75.09,17.85,5.56,233.98,0.32,29.47,2025,AIIMS,Quarterly,0,0
2025-01-06 14:30:00,2.01,6.71,4.12,5.95,75.09,17.85,5.72,238.73,0.32,29.5,2025,AIIMS,Quarterly,0,0
2025-01-06 14:45:00,2.05,8.11,4.89,5.58,75.09,17.85,5.62,240.46,0.32,29.48,2025,AIIMS,Quarterly,0,0
2025-01-06 15:00:00,2.07,8.05,4.87,5.75,75.86,18.1,5.87,236.37,0.31,29.48,2025,AIIMS,Quarterly,0,0
2025-01-06 15:15:00,2.07,8.25,4.97,5.47,78.76,19.03,5.83,242.94,0.31,29.43,2025,AIIMS,Quarterly,0,0
2025-01-06 15:30:00,2.07,8.4,5.05,5.95,78.76,19.03,5.77,234.4,0.31,29.4,2025,AIIMS,Quarterly,0,0
2025-01-06 15:45:00,2.13,7.94,4.87,5.53,78.76,19.03,6.03,236.09,0.31,29.4,2025,AIIMS,Quarterly,0,0
2025-01-06 16:00:00,2.23,8.47,5.22,5.35,79.39,19.86,5.34,238.48,0.3,29.37,2025,AIIMS,Quarterly,0,0
2025-01-06 16:15:00,2.24,8.17,5.07,5.68,81.77,23.0,5.4,235.8,0.3,29.4,2025,AIIMS,Quarterly,0,0
2025-01-06 16:30:00,2.28,8.83,5.44,5.72,81.77,23.0,5.89,242.46,0.32,29.37,2025,AIIMS,Quarterly,0,0
2025-01-06 16:45:00,2.31,9.18,5.65,6.45,81.77,23.0,5.15,236.03,0.33,29.34,2025,AIIMS,Quarterly,0,0
2025-01-06 17:00:00,2.31,8.0,5.04,6.29,79.46,22.61,4.84,226.8,0.31,29.44,2025,AIIMS,Quarterly,0,0
2025-01-06 17:15:00,2.42,7.0,4.6,5.81,70.81,21.14,4.75,226.44,0.35,29.46,2025,AIIMS,Quarterly,0,0
2025-01-06 17:30:00,2.52,7.29,4.84,6.83,70.81,21.14,5.05,231.18,0.38,29.47,2025,AIIMS,Quarterly,0,0
2025-01-06 17:45:00,2.53,7.32,4.86,7.35,70.81,21.14,5.05,237.49,0.38,29.48,2025,AIIMS,Quarterly,0,0
2025-01-06 18:00:00,2.44,8.25,5.27,7.3,69.82,20.53,5.39,223.39,0.36,29.44,2025,AIIMS,Quarterly,0,0
2025-01-06 18:15:00,2.48,8.05,5.2,6.61,66.14,18.12,5.19,217.83,0.36,29.39,2025,AIIMS,Quarterly,0,0
2025-01-06 18:30:00,2.54,9.16,5.83,7.51,66.14,18.12,5.45,222.86,0.37,29.38,2025,AIIMS,Quarterly,0,0
2025-01-06 18:45:00,2.62,9.44,6.04,6.72,66.14,18.12,5.2,215.59,0.37,29.33,2025,AIIMS,Quarterly,0,0
2025-01-06 19:00:00,2.63,9.06,5.85,7.13,66.22,18.47,4.74,212.98,0.37,29.33,2025,AIIMS,Quarterly,0,0
2025-01-06 19:15:00,2.56,9.3,5.92,7.15,66.5,19.78,4.58,200.95,0.37,29.28,2025,AIIMS,Quarterly,0,0
2025-01-06 19:30:00,2.67,9.6,6.17,6.72,66.5,19.78,4.28,197.49,0.37,29.27,2025,AIIMS,Quarterly,0,0
2025-01-06 19:45:00,2.65,9.85,6.28,6.56,66.5,19.78,4.38,182.58,0.38,29.26,2025,AIIMS,Quarterly,0,0
2025-01-06 20:00:00,2.77,10.11,6.51,7.16,66.51,20.16,4.11,202.76,0.4,29.22,2025,AIIMS,Quarterly,0,0
2025-01-06 20:15:00,2.97,8.05,5.59,6.66,66.55,21.58,4.39,191.75,0.39,29.32,2025,AIIMS,Quarterly,0,0
2025-01-06 20:30:00,3.06,8.04,5.66,6.78,66.55,21.58,4.35,205.08,0.4,29.36,2025,AIIMS,Quarterly,0,0
2025-01-06 20:45:00,3.2,6.81,5.13,6.91,66.55,21.58,4.37,205.0,0.4,29.43,2025,AIIMS,Quarterly,0,0
2025-01-06 21:00:00,3.35,7.32,5.52,6.43,65.55,22.11,4.02,201.49,0.42,29.4,2025,AIIMS,Quarterly,0,0
2025-01-06 21:15:00,3.51,7.84,5.92,6.94,61.84,24.08,4.46,219.04,0.41,29.38,2025,AIIMS,Quarterly,0,0
2025-01-06 21:30:00,3.65,8.19,6.21,6.85,61.84,24.08,4.32,219.23,0.43,29.32,2025,AIIMS,Quarterly,0,0
2025-01-06 21:45:00,3.6,8.62,6.4,7.05,61.84,24.08,4.11,215.77,0.42,29.28,2025,AIIMS,Quarterly,0,0
2025-01-06 22:00:00,3.7,9.19,6.78,6.76,61.66,23.65,4.32,236.94,0.44,29.22,2025,AIIMS,Quarterly,0,0
2025-01-06 22:15:00,3.92,9.83,7.28,6.77,61.02,22.03,4.74,233.95,0.43,29.22,2025,AIIMS,Quarterly,0,0
2025-01-06 22:30:00,3.92,9.85,7.29,7.12,61.02,22.03,4.49,204.61,0.42,29.19,2025,AIIMS,Quarterly,0,0
2025-01-06 22:45:00,3.85,9.6,7.11,6.97,61.02,22.03,4.55,208.0,0.42,29.16,2025,AIIMS,Quarterly,0,0
2025-01-06 23:00:00,3.65,9.76,7.04,6.86,60.36,21.76,4.18,200.35,0.42,29.18,2025,AIIMS,Quarterly,0,0
2025-01-06 23:15:00,3.6,11.27,7.78,5.17,57.89,20.75,4.08,201.93,0.42,29.08,2025,AIIMS,Quarterly,0,0
2025-01-06 23:30:00,3.66,11.0,7.68,5.88,57.89,20.75,3.89,202.88,0.42,29.08,2025,AIIMS,Quarterly,0,0
2025-01-06 23:45:00,3.69,8.71,6.51,5.86,57.89,20.75,3.88,200.4,0.39,29.25,2025,AIIMS,Quarterly,0,0
2025-01-07 00:15:00,9.07,12.44,13.78,3.13,15.5,2.22,5.38,234.74,0.56,19.86,2025,AIIMS,Quarterly,0,0
2025-01-07 00:30:00,8.82,11.8,13.24,3.02,15.5,2.22,4.4,238.09,0.56,19.87,2025,AIIMS,Quarterly,0,0
2025-01-07 00:45:00,8.75,12.01,13.29,2.77,14.69,2.16,3.88,238.0,0.53,19.87,2025,AIIMS,Quarterly,0,0
2025-01-07 01:00:00,8.86,11.5,13.12,2.45,12.68,2.01,4.1,234.66,0.53,19.87,2025,AIIMS,Quarterly,0,0
2025-01-07 01:15:00,9.25,12.37,13.88,2.76,12.68,2.01,4.23,235.41,0.51,19.86,2025,AIIMS,Quarterly,0,0
2025-01-07 01:30:00,9.52,12.51,14.17,2.69,12.68,2.01,4.41,239.49,0.48,19.86,2025,AIIMS,Quarterly,0,0
2025-01-07 01:45:00,9.63,12.72,14.37,2.7,13.36,1.92,4.91,238.55,0.47,19.86,2025,AIIMS,Quarterly,0,0
2025-01-07 02:00:00,9.49,13.27,14.54,2.74,15.03,1.72,4.82,238.95,0.46,19.85,2025,AIIMS,Quarterly,0,0
2025-01-07 02:15:00,9.43,13.61,14.67,2.58,15.03,1.72,5.35,236.68,0.45,19.85,2025,AIIMS,Quarterly,0,0
2025-01-07 02:30:00,9.49,13.62,14.73,2.66,15.03,1.72,4.5,236.55,0.44,19.85,2025,AIIMS,Quarterly,0,0
2025-01-07 02:45:00,9.56,13.71,14.83,2.57,16.59,1.73,4.46,238.52,0.43,19.84,2025,AIIMS,Quarterly,0,0
2025-01-07 03:00:00,9.51,13.75,14.81,3.02,20.43,1.74,5.08,234.8,0.42,19.84,2025,AIIMS,Quarterly,0,0
2025-01-07 03:15:00,9.26,13.09,14.27,2.98,20.43,1.74,4.44,233.95,0.44,19.85,2025,AIIMS,Quarterly,0,0
2025-01-07 03:30:00,9.29,13.19,14.34,3.31,20.43,1.74,4.8,238.83,0.44,19.86,2025,AIIMS,Quarterly,0,0
2025-01-07 03:45:00,9.55,11.77,13.81,3.18,19.33,1.68,4.85,235.82,0.44,19.87,2025,AIIMS,Quarterly,0,0
2025-01-07 04:00:00,9.64,11.35,13.66,2.93,16.64,1.53,4.51,236.18,0.44,19.87,2025,AIIMS,Quarterly,0,0
2025-01-07 04:15:00,9.71,10.46,13.25,2.74,16.64,1.53,4.6,229.93,0.45,19.87,2025,AIIMS,Quarterly,0,0
2025-01-07 04:30:00,9.84,10.26,13.26,2.8,16.64,1.53,5.23,232.19,0.46,19.87,2025,AIIMS,Quarterly,0,0
2025-01-07 04:45:00,9.85,10.92,13.61,2.66,17.44,1.48,4.52,225.76,0.45,19.85,2025,AIIMS,Quarterly,0,0
2025-01-07 05:00:00,9.82,11.86,14.07,2.64,19.4,1.38,4.77,226.48,0.44,19.85,2025,AIIMS,Quarterly,0,0
2025-01-07 05:15:00,9.65,12.42,14.22,1.96,19.4,1.38,5.06,234.06,0.43,19.84,2025,AIIMS,Quarterly,0,0
2025-01-07 05:30:00,9.62,12.74,14.37,2.34,19.4,1.38,5.09,236.23,0.45,19.84,2025,AIIMS,Quarterly,0,0
2025-01-07 05:45:00,9.55,13.01,14.46,2.31,18.04,1.37,4.8,236.14,0.44,19.84,2025,AIIMS,Quarterly,0,0
2025-01-07 06:00:00,9.59,13.18,14.58,2.63,14.7,1.35,4.49,233.78,0.46,19.83,2025,AIIMS,Quarterly,0,0
2025-01-07 06:15:00,9.62,13.32,14.68,2.81,14.7,1.35,4.33,231.45,0.47,19.83,2025,AIIMS,Quarterly,0,0
2025-01-07 06:30:00,9.94,13.45,15.0,2.93,14.7,1.35,4.93,239.7,0.49,19.83,2025,AIIMS,Quarterly,0,0
2025-01-07 06:45:00,10.12,14.19,15.53,3.41,14.64,1.33,5.49,240.73,0.54,19.83,2025,AIIMS,Quarterly,0,0
2025-01-07 07:00:00,10.38,12.8,15.01,3.23,14.51,1.31,5.87,240.31,0.52,19.84,2025,AIIMS,Quarterly,0,0
2025-01-07 07:15:00,10.18,11.93,14.4,2.88,14.51,1.31,5.46,238.56,0.54,19.85,2025,AIIMS,Quarterly,0,0
2025-01-07 07:30:00,10.15,12.11,14.47,3.04,14.51,1.31,5.12,237.63,0.51,19.85,2025,AIIMS,Quarterly,0,0
2025-01-07 07:45:00,10.07,10.44,13.53,2.98,14.8,1.29,5.33,247.49,0.51,19.86,2025,AIIMS,Quarterly,0,0
2025-01-07 08:00:00,10.15,10.96,13.87,2.95,15.52,1.25,4.73,248.88,0.5,19.85,2025,AIIMS,Quarterly,0,0
2025-01-07 08:15:00,10.79,11.18,14.5,3.03,15.52,1.25,4.76,249.53,0.51,19.85,2025,AIIMS,Quarterly,0,0
2025-01-07 08:30:00,11.51,11.7,15.35,3.05,15.52,1.25,5.01,246.0,0.53,19.84,2025,AIIMS,Quarterly,0,0
2025-01-07 08:45:00,12.03,12.45,16.16,3.19,15.87,1.25,6.06,241.16,0.54,19.83,2025,AIIMS,Quarterly,0,0
2025-01-07 09:00:00,12.36,12.99,16.7,2.98,16.73,1.24,6.08,247.25,0.55,19.81,2025,AIIMS,Quarterly,0,0
2025-01-07 09:15:00,12.16,13.15,16.62,3.04,16.73,1.24,5.55,246.89,0.54,19.81,2025,AIIMS,Quarterly,0,0
2025-01-07 09:30:00,11.7,13.25,16.3,3.13,16.73,1.24,6.22,244.1,0.53,19.82,2025,AIIMS,Quarterly,0,0
2025-01-07 09:45:00,11.3,13.87,16.3,3.07,16.6,1.24,6.0,246.48,0.54,19.82,2025,AIIMS,Quarterly,0,0
2025-01-07 10:00:00,10.78,14.45,16.19,3.55,16.3,1.24,6.29,236.8,0.52,19.82,2025,AIIMS,Quarterly,0,0
2025-01-07 10:15:00,10.38,13.0,15.12,3.43,16.3,1.24,5.7,246.69,0.52,19.84,2025,AIIMS,Quarterly,0,0
2025-01-07 10:30:00,9.96,13.46,15.02,3.09,16.3,1.24,5.0,244.6,0.52,19.84,2025,AIIMS,Quarterly,0,0
2025-01-07 10:45:00,10.0,11.96,14.27,3.59,15.29,1.24,4.35,247.02,0.49,19.85,2025,AIIMS,Quarterly,0,0
2025-01-07 11:00:00,10.4,11.93,14.57,3.13,12.8,1.25,4.71,241.62,0.5,19.85,2025,AIIMS,Quarterly,0,0
2025-01-07 11:15:00,9.87,11.92,14.15,2.43,12.8,1.25,5.4,241.64,0.46,19.85,2025,AIIMS,Quarterly,0,0
2025-01-07 11:30:00,9.11,12.31,13.74,3.07,12.8,1.25,5.2,242.42,0.49,19.85,2025,AIIMS,Quarterly,0,0
2025-01-07 11:45:00,8.37,12.85,13.43,3.25,13.55,1.28,5.07,236.31,0.48,19.85,2025,AIIMS,Quarterly,0,0
2025-01-07 12:00:00,7.67,13.19,13.05,3.0,15.39,1.37,5.67,244.95,0.48,19.84,2025,AIIMS,Quarterly,0,0
2025-01-07 12:15:00,6.78,13.47,12.47,2.58,15.39,1.37,6.3,246.97,0.46,19.85,2025,AIIMS,Quarterly,0,0
2025-01-07 12:30:00,5.71,13.49,11.63,2.79,15.39,1.37,6.09,247.64,0.44,19.87,2025,AIIMS,Quarterly,0,0
2025-01-07 12:45:00,4.98,13.4,11.0,2.83,15.76,1.36,6.27,247.64,0.45,19.87,2025,AIIMS,Quarterly,0,0
2025-01-07 13:00:00,4.55,13.2,10.55,2.85,16.67,1.34,5.7,245.46,0.45,19.87,2025,AIIMS,Quarterly,0,0
2025-01-07 13:15:00,4.35,12.97,10.26,2.45,16.67,1.34,6.37,240.17,0.46,19.87,2025,AIIMS,Quarterly,0,0
2025-01-07 13:30:00,4.41,11.83,9.72,2.86,16.67,1.34,5.92,239.28,0.43,19.89,2025,AIIMS,Quarterly,0,0
2025-01-07 13:45:00,4.45,10.68,9.15,3.04,16.5,1.32,5.35,249.27,0.44,19.89,2025,AIIMS,Quarterly,0,0
2025-01-07 14:00:00,4.56,10.28,9.03,3.37,16.09,1.3,4.98,246.86,0.44,19.89,2025,AIIMS,Quarterly,0,0
2025-01-07 14:15:00,4.67,10.38,9.17,2.41,16.09,1.3,5.77,245.75,0.44,19.89,2025,AIIMS,Quarterly,0,0
2025-01-07 14:30:00,4.65,10.9,9.42,2.47,16.09,1.3,5.55,237.76,0.42,19.89,2025,AIIMS,Quarterly,0,0
2025-01-07 14:45:00,4.88,11.54,9.94,2.92,15.61,1.28,5.38,239.58,0.43,19.88,2025,AIIMS,Quarterly,0,0
2025-01-07 15:00:00,4.67,12.49,10.27,2.77,14.41,1.26,6.0,243.5,0.42,19.88,2025,AIIMS,Quarterly,0,0
2025-01-07 15:15:00,4.22,13.08,10.22,2.16,14.41,1.26,5.8,247.61,0.42,19.88,2025,AIIMS,Quarterly,0,0
2025-01-07 15:30:00,3.97,13.27,10.12,2.61,14.41,1.26,6.09,247.04,0.42,19.88,2025,AIIMS,Quarterly,0,0
2025-01-07 15:45:00,3.65,13.22,9.83,2.83,14.77,1.25,6.27,245.27,0.4,19.87,2025,AIIMS,Quarterly,0,0
2025-01-07 16:00:00,3.41,13.43,9.75,2.77,15.64,1.22,6.4,237.19,0.4,19.87,2025,AIIMS,Quarterly,0,0
2025-01-07 16:15:00,3.35,13.22,9.6,2.84,15.64,1.22,5.83,241.94,0.4,19.88,2025,AIIMS,Quarterly,0,0
2025-01-07 16:30:00,3.28,12.24,9.03,2.82,15.64,1.22,6.7,242.54,0.4,19.89,2025,AIIMS,Quarterly,0,0
2025-01-07 16:45:00,3.26,10.89,8.3,3.29,15.09,1.26,6.58,240.86,0.4,19.9,2025,AIIMS,Quarterly,0,0
2025-01-07 17:00:00,3.4,10.51,8.22,2.97,13.73,1.35,6.63,238.48,0.39,19.9,2025,AIIMS,Quarterly,0,0
2025-01-07 17:15:00,3.55,10.11,8.13,2.06,13.73,1.35,6.54,236.94,0.38,19.9,2025,AIIMS,Quarterly,0,0
2025-01-07 17:30:00,3.75,9.74,8.1,2.64,13.73,1.35,5.95,239.11,0.38,19.9,2025,AIIMS,Quarterly,0,0
2025-01-07 17:45:00,3.88,10.37,8.53,2.5,13.45,1.35,5.84,235.54,0.39,19.9,2025,AIIMS,Quarterly,0,0
2025-01-07 18:00:00,4.1,10.78,8.93,3.1,12.76,1.37,6.19,241.82,0.39,19.9,2025,AIIMS,Quarterly,0,0
2025-01-07 18:15:00,4.17,11.46,9.33,2.92,12.76,1.37,5.17,239.15,0.4,19.89,2025,AIIMS,Quarterly,0,0
2025-01-07 18:30:00,4.27,11.81,9.59,2.71,12.76,1.37,4.9,240.09,0.44,19.88,2025,AIIMS,Quarterly,0,0
2025-01-07 18:45:00,4.44,11.91,9.78,3.32,13.2,1.41,4.01,236.19,0.44,19.88,2025,AIIMS,Quarterly,0,0
2025-01-07 19:00:00,4.65,12.25,10.13,3.07,14.3,1.5,4.94,237.48,0.44,19.88,2025,AIIMS,Quarterly,0,0
2025-01-07 19:15:00,4.65,12.37,10.19,2.92,14.3,1.5,4.41,238.33,0.45,19.88,2025,AIIMS,Quarterly,0,0
2025-01-07 19:30:00,6.13,10.37,10.33,2.85,14.3,1.5,4.39,239.12,0.46,19.87,2025,AIIMS,Quarterly,0,0
2025-01-07 19:45:00,5.63,11.45,10.49,2.59,15.75,1.5,4.71,237.25,0.48,19.87,2025,AIIMS,Quarterly,0,0
2025-01-07 20:00:00,5.16,11.98,10.4,3.34,19.32,1.51,4.37,239.32,0.45,19.88,2025,AIIMS,Quarterly,0,0
2025-01-07 20:15:00,4.99,10.25,9.35,2.77,19.32,1.51,4.97,238.11,0.44,19.89,2025,AIIMS,Quarterly,0,0
2025-01-07 20:30:00,4.85,10.62,9.43,2.47,19.32,1.51,4.61,236.62,0.47,19.89,2025,AIIMS,Quarterly,0,0
2025-01-07 20:45:00,4.96,9.83,9.12,2.63,18.86,1.52,4.37,237.21,0.43,19.89,2025,AIIMS,Quarterly,0,0
2025-01-07 21:00:00,5.14,9.52,9.09,2.66,17.72,1.55,4.5,237.02,0.44,19.89,2025,AIIMS,Quarterly,0,0
2025-01-07 21:15:00,5.47,9.75,9.48,2.76,17.72,1.55,4.7,237.01,0.43,19.88,2025,AIIMS,Quarterly,0,0
2025-01-07 21:30:00,5.66,10.21,9.87,2.78,17.72,1.55,4.19,238.45,0.44,19.88,2025,AIIMS,Quarterly,0,0
2025-01-07 21:45:00,5.68,10.58,10.08,2.97,16.56,1.56,4.01,239.13,0.43,19.87,2025,AIIMS,Quarterly,0,0
2025-01-07 22:00:00,5.67,10.77,10.17,2.87,13.69,1.56,4.17,238.24,0.44,19.86,2025,AIIMS,Quarterly,0,0
2025-01-07 22:15:00,5.69,10.81,10.21,2.87,13.69,1.56,4.09,238.71,0.43,19.87,2025,AIIMS,Quarterly,0,0
2025-01-07 22:30:00,5.69,10.87,10.24,2.96,13.69,1.56,3.71,236.51,0.43,19.87,2025,AIIMS,Quarterly,0,0
2025-01-07 22:45:00,5.8,10.91,10.35,2.65,14.01,1.56,4.11,235.85,0.43,19.87,2025,AIIMS,Quarterly,0,0
2025-01-07 23:00:00,5.73,11.61,10.66,2.63,14.8,1.55,4.19,235.22,0.43,19.86,2025,AIIMS,Quarterly,0,0
2025-01-07 23:15:00,5.67,11.89,10.76,2.52,14.8,1.55,3.9,237.74,0.44,19.86,2025,AIIMS,Quarterly,0,0
2025-01-07 23:30:00,5.96,9.98,9.99,2.93,14.8,1.55,3.14,226.89,0.47,19.87,2025,AIIMS,Quarterly,0,0
2025-01-07 23:45:00,6.25,10.78,10.64,2.69,14.86,1.53,3.22,217.13,0.5,19.87,2025,AIIMS,Quarterly,0,0
2025-01-08 00:15:00,11.04,11.89,15.07,5.21,34.13,10.42,4.53,174.92,0.53,9.86,2025,AIIMS,Quarterly,0,0
2025-01-08 00:30:00,11.22,12.28,15.41,5.68,34.13,10.42,4.56,198.25,0.55,9.86,2025,AIIMS,Quarterly,0,0
2025-01-08 00:45:00,11.28,11.59,15.1,5.65,29.97,8.37,4.53,170.93,0.52,9.86,2025,AIIMS,Quarterly,0,0
2025-01-08 01:00:00,11.54,12.2,15.63,5.62,28.78,7.78,4.39,172.09,0.53,9.86,2025,AIIMS,Quarterly,0,0
2025-01-08 01:15:00,11.78,12.23,15.83,5.45,28.78,7.78,4.34,179.6,0.52,9.86,2025,AIIMS,Quarterly,0,0
2025-01-08 01:30:00,12.03,11.84,15.83,5.33,28.78,7.78,4.17,181.43,0.5,9.86,2025,AIIMS,Quarterly,0,0
2025-01-08 01:45:00,12.25,12.03,16.11,5.65,23.77,6.03,4.16,212.48,0.5,9.86,2025,AIIMS,Quarterly,0,0
2025-01-08 02:00:00,12.54,12.09,16.37,5.59,22.33,5.53,5.11,212.08,0.49,9.85,2025,AIIMS,Quarterly,0,0
2025-01-08 02:15:00,12.55,11.76,16.21,5.75,22.33,5.53,4.78,207.87,0.47,9.85,2025,AIIMS,Quarterly,0,0
2025-01-08 02:30:00,12.21,12.03,16.07,5.48,22.33,5.53,4.48,207.45,0.48,9.85,2025,AIIMS,Quarterly,0,0
2025-01-08 02:45:00,12.07,12.14,16.02,5.21,22.92,4.33,4.16,197.93,0.48,9.84,2025,AIIMS,Quarterly,0,0
2025-01-08 03:00:00,11.95,12.27,16.0,5.42,23.09,3.99,4.46,185.36,0.46,9.85,2025,AIIMS,Quarterly,0,0
2025-01-08 03:15:00,11.91,12.38,16.02,5.22,23.09,3.99,4.53,170.25,0.46,9.84,2025,AIIMS,Quarterly,0,0
2025-01-08 03:30:00,11.97,12.13,15.93,5.59,23.09,3.99,4.66,171.77,0.45,9.85,2025,AIIMS,Quarterly,0,0
2025-01-08 03:45:00,11.72,12.26,15.81,5.84,19.96,6.54,4.71,166.34,0.45,9.84,2025,AIIMS,Quarterly,0,0
2025-01-08 04:00:00,11.76,12.38,15.9,5.52,19.07,7.26,4.21,174.45,0.43,9.85,2025,AIIMS,Quarterly,0,0
2025-01-08 04:15:00,11.68,12.22,15.75,5.26,19.07,7.26,4.54,176.08,0.44,9.84,2025,AIIMS,Quarterly,0,0
2025-01-08 04:30:00,11.64,11.95,15.58,5.52,19.07,7.26,4.59,176.97,0.42,9.86,2025,AIIMS,Quarterly,0,0
2025-01-08 04:45:00,11.59,12.15,15.64,5.54,18.53,5.81,4.48,191.5,0.42,9.85,2025,AIIMS,Quarterly,0,0
2025-01-08 05:00:00,11.55,12.3,15.69,5.31,18.37,5.39,4.9,210.99,0.41,9.85,2025,AIIMS,Quarterly,0,0
2025-01-08 05:15:00,11.7,12.18,15.74,5.37,18.37,5.39,5.32,218.06,0.39,9.86,2025,AIIMS,Quarterly,0,0
2025-01-08 05:30:00,11.91,12.8,16.24,5.48,18.37,5.39,4.61,182.2,0.41,9.85,2025,AIIMS,Quarterly,0,0
2025-01-08 05:45:00,12.21,12.16,16.15,5.87,14.95,4.3,4.82,207.19,0.4,9.86,2025,AIIMS,Quarterly,0,0
2025-01-08 06:00:00,12.51,12.38,16.5,5.7,13.97,3.98,4.09,210.13,0.39,9.86,2025,AIIMS,Quarterly,0,0
2025-01-08 06:15:00,12.96,12.5,16.93,5.93,13.97,3.98,4.2,213.94,0.4,9.85,2025,AIIMS,Quarterly,0,0
2025-01-08 06:30:00,13.58,12.16,17.25,5.71,13.97,3.98,2.77,210.73,0.37,9.86,2025,AIIMS,Quarterly,0,0
2025-01-08 06:45:00,14.0,12.53,17.78,5.62,18.32,3.38,4.32,237.0,0.39,9.85,2025,AIIMS,Quarterly,0,0
2025-01-08 07:00:00,14.56,12.4,18.16,5.86,19.56,3.21,4.65,238.98,0.41,9.85,2025,AIIMS,Quarterly,0,0
2025-01-08 07:15:00,15.1,12.78,18.79,5.42,19.56,3.21,5.05,224.6,0.4,9.84,2025,AIIMS,Quarterly,0,0
2025-01-08 07:30:00,15.64,12.9,19.28,5.97,19.56,3.21,4.25,247.19,0.41,9.84,2025,AIIMS,Quarterly,0,0
2025-01-08 07:45:00,16.55,12.87,19.99,5.9,21.44,4.08,3.91,234.64,0.43,9.84,2025,AIIMS,Quarterly,0,0
2025-01-08 08:00:00,17.24,13.5,20.88,5.98,21.97,4.33,4.22,227.94,0.46,9.83,2025,AIIMS,Quarterly,0,0
2025-01-08 08:15:00,18.07,13.36,21.47,5.86,21.97,4.33,3.56,231.27,0.47,9.82,2025,AIIMS,Quarterly,0,0
2025-01-08 08:30:00,18.85,13.41,22.12,5.79,21.97,4.33,3.25,229.4,0.47,9.82,2025,AIIMS,Quarterly,0,0
2025-01-08 08:45:00,19.08,13.65,22.43,6.05,31.7,5.25,3.67,242.51,0.48,9.81,2025,AIIMS,Quarterly,0,0
2025-01-08 09:00:00,18.12,14.46,22.09,6.2,34.48,5.52,3.64,62.01,0.52,9.8,2025,AIIMS,Quarterly,0,0
2025-01-08 09:15:00,18.41,14.79,22.49,6.32,34.48,5.52,1.98,126.63,0.51,9.8,2025,AIIMS,Quarterly,0,0
2025-01-08 09:30:00,19.11,14.8,23.06,5.96,34.48,5.52,2.5,189.93,0.53,9.8,2025,AIIMS,Quarterly,0,0
2025-01-08 09:45:00,19.12,14.78,23.05,5.9,29.67,5.73,3.33,232.26,0.53,9.8,2025,AIIMS,Quarterly,0,0
2025-01-08 10:00:00,19.7,15.19,23.74,6.15,28.29,5.79,1.66,186.7,0.55,9.79,2025,AIIMS,Quarterly,0,0
2025-01-08 10:15:00,18.22,14.57,22.22,6.31,28.29,5.79,2.15,15.74,0.55,9.79,2025,AIIMS,Quarterly,0,0
2025-01-08 10:30:00,18.38,14.59,22.36,6.37,28.29,5.79,2.72,234.72,0.55,9.79,2025,AIIMS,Quarterly,0,0
2025-01-08 10:45:00,18.35,15.17,22.64,6.04,29.81,4.65,1.04,295.01,0.56,9.79,2025,AIIMS,Quarterly,0,0
2025-01-08 11:00:00,18.05,15.03,22.32,6.28,30.24,4.33,0.63,233.2,0.56,9.79,2025,AIIMS,Quarterly,0,0
2025-01-08 11:15:00,17.19,14.11,21.16,5.27,30.24,4.33,2.5,233.06,0.53,9.8,2025,AIIMS,Quarterly,0,0
2025-01-08 11:30:00,16.48,13.43,20.23,5.41,30.24,4.33,0.42,258.8,0.55,9.8,2025,AIIMS,Quarterly,0,0
2025-01-08 11:45:00,16.95,14.52,21.18,5.72,32.59,8.94,3.74,240.9,0.56,9.8,2025,AIIMS,Quarterly,0,0
2025-01-08 12:00:00,16.28,14.12,20.43,5.5,33.26,10.26,1.53,343.6,0.57,9.8,2025,AIIMS,Quarterly,0,0
2025-01-08 12:15:00,14.75,13.29,18.77,5.32,33.26,10.26,0.95,40.12,0.55,9.8,2025,AIIMS,Quarterly,0,0
2025-01-08 12:30:00,7.71,12.86,12.9,3.61,33.26,10.26,1.91,341.81,0.55,15.54,2025,AIIMS,Quarterly,0,0
2025-01-08 12:45:00,4.27,13.1,10.27,4.09,27.8,7.88,0.97,290.66,0.54,15.56,2025,AIIMS,Quarterly,0,0
2025-01-08 13:00:00,4.06,11.4,9.21,5.31,26.24,7.2,2.68,9.22,0.52,15.56,2025,AIIMS,Quarterly,0,0
2025-01-08 13:15:00,4.1,12.77,9.96,4.26,26.24,7.2,3.18,231.08,0.54,15.57,2025,AIIMS,Quarterly,0,0
2025-01-08 13:30:00,3.01,12.89,9.15,6.19,26.24,7.2,7.78,225.03,0.51,15.57,2025,AIIMS,Quarterly,0,0
2025-01-08 13:45:00,1.79,12.7,8.07,6.66,37.24,7.49,5.72,220.99,0.49,15.58,2025,AIIMS,Quarterly,0,0
2025-01-08 14:00:00,1.99,12.27,8.01,8.42,40.38,7.57,4.05,194.42,0.49,15.58,2025,AIIMS,Quarterly,0,0
2025-01-08 14:15:00,2.62,11.64,8.18,8.14,40.38,7.57,5.75,220.89,0.5,15.58,2025,AIIMS,Quarterly,0,0
2025-01-08 14:30:00,3.08,10.6,8.01,8.4,40.38,7.57,5.72,219.47,0.45,15.58,2025,AIIMS,Quarterly,0,0
2025-01-08 14:45:00,2.59,10.88,7.76,8.2,34.84,6.28,4.78,232.14,0.44,15.58,2025,AIIMS,Quarterly,0,0
2025-01-08 15:00:00,2.14,11.68,7.82,7.26,33.26,5.91,2.63,204.92,0.44,15.58,2025,AIIMS,Quarterly,0,0
2025-01-08 15:15:00,2.76,12.81,8.91,6.03,33.26,5.91,5.24,231.34,0.47,15.58,2025,AIIMS,Quarterly,0,0
2025-01-08 15:30:00,3.53,12.35,9.28,7.28,33.26,5.91,4.2,229.08,0.46,15.58,2025,AIIMS,Quarterly,0,0
2025-01-08 15:45:00,2.89,10.9,8.02,7.24,36.8,6.67,5.49,227.86,0.43,15.58,2025,AIIMS,Quarterly,0,0
2025-01-08 16:00:00,1.64,10.76,6.94,6.38,37.82,6.89,5.96,227.02,0.39,15.58,2025,AIIMS,Quarterly,0,0
2025-01-08 16:15:00,1.2,10.77,6.59,7.26,37.82,6.89,6.55,230.44,0.39,15.59,2025,AIIMS,Quarterly,0,0
2025-01-08 16:30:00,1.09,11.33,6.79,8.28,37.82,6.89,7.48,229.15,0.4,15.58,2025,AIIMS,Quarterly,0,0
2025-01-08 16:45:00,1.61,11.52,7.31,8.11,43.51,5.37,6.89,223.41,0.41,15.58,2025,AIIMS,Quarterly,0,0
2025-01-08 17:00:00,2.34,11.51,7.89,8.13,45.14,4.94,6.09,228.11,0.4,15.57,2025,AIIMS,Quarterly,0,0
2025-01-08 17:15:00,3.45,12.22,9.15,4.86,45.14,4.94,5.52,235.07,0.43,15.57,2025,AIIMS,Quarterly,0,0
2025-01-08 17:30:00,3.29,13.67,9.77,5.81,45.14,4.94,5.54,227.41,0.46,15.56,2025,AIIMS,Quarterly,0,0
2025-01-08 17:45:00,3.02,14.03,9.76,5.42,47.57,5.63,3.41,250.84,0.48,15.55,2025,AIIMS,Quarterly,0,0
2025-01-08 18:00:00,4.43,14.66,11.22,6.05,48.27,5.83,3.25,343.78,0.51,15.55,2025,AIIMS,Quarterly,0,0
2025-01-08 18:15:00,4.97,13.59,11.09,6.08,48.27,5.83,1.35,23.71,0.51,15.56,2025,AIIMS,Quarterly,0,0
2025-01-08 18:30:00,5.05,13.29,10.99,5.57,48.27,5.83,3.89,43.73,0.52,15.56,2025,AIIMS,Quarterly,0,0
2025-01-08 18:45:00,5.84,12.88,11.42,5.71,44.59,6.11,2.29,46.97,0.5,15.55,2025,AIIMS,Quarterly,0,0
2025-01-08 19:00:00,7.02,12.42,12.12,5.85,43.54,6.2,2.85,61.65,0.53,15.55,2025,AIIMS,Quarterly,0,0
2025-01-08 19:15:00,8.0,12.47,12.93,5.94,43.54,6.2,0.68,135.04,0.53,15.55,2025,AIIMS,Quarterly,0,0
2025-01-08 19:30:00,9.02,12.44,13.73,5.93,43.54,6.2,2.27,70.27,0.54,15.55,2025,AIIMS,Quarterly,0,0
2025-01-08 19:45:00,10.64,13.18,15.42,5.85,43.5,7.3,3.08,51.24,0.61,15.54,2025,AIIMS,Quarterly,0,0
2025-01-08 20:00:00,11.32,12.99,15.87,5.79,43.49,7.62,0.26,263.56,0.58,15.53,2025,AIIMS,Quarterly,0,0
2025-01-08 20:15:00,11.88,12.73,16.18,5.98,43.49,7.62,3.73,219.81,0.58,15.53,2025,AIIMS,Quarterly,0,0
2025-01-08 20:30:00,12.23,12.55,16.36,6.08,43.49,7.62,3.68,215.14,0.57,15.53,2025,AIIMS,Quarterly,0,0
2025-01-08 20:45:00,12.74,12.83,16.92,6.09,40.85,6.19,4.56,226.15,0.58,15.52,2025,AIIMS,Quarterly,0,0
2025-01-08 21:00:00,13.26,12.76,17.3,5.5,40.09,5.79,4.03,229.78,0.59,15.52,2025,AIIMS,Quarterly,0,0
2025-01-08 21:15:00,13.83,12.35,17.55,5.24,40.09,5.79,3.1,221.77,0.59,15.52,2025,AIIMS,Quarterly,0,0
2025-01-08 21:30:00,14.15,12.49,17.87,5.7,40.09,5.79,4.48,219.71,0.58,15.51,2025,AIIMS,Quarterly,0,0
2025-01-08 21:45:00,13.34,11.98,16.96,6.07,41.48,4.54,3.23,203.21,0.54,15.51,2025,AIIMS,Quarterly,0,0
2025-01-08 22:00:00,13.26,12.83,17.34,5.5,41.88,4.18,3.81,219.56,0.55,15.51,2025,AIIMS,Quarterly,0,0
2025-01-08 22:15:00,13.14,12.88,17.26,5.51,41.88,4.18,4.9,221.76,0.54,15.51,2025,AIIMS,Quarterly,0,0
2025-01-08 22:30:00,12.57,13.36,17.06,5.32,41.88,4.18,4.95,219.31,0.53,15.51,2025,AIIMS,Quarterly,0,0
2025-01-08 22:45:00,12.18,13.64,16.9,5.31,34.14,5.39,3.72,202.91,0.54,15.51,2025,AIIMS,Quarterly,0,0
2025-01-08 23:00:00,12.05,13.05,16.48,5.21,31.93,5.74,4.02,216.17,0.51,15.51,2025,AIIMS,Quarterly,0,0
2025-01-08 23:15:00,12.1,13.14,16.57,5.22,31.93,5.74,4.51,223.69,0.5,15.51,2025,AIIMS,Quarterly,0,0
2025-01-08 23:30:00,12.13,13.25,16.65,5.68,31.93,5.74,4.63,233.2,0.5,15.51,2025,AIIMS,Quarterly,0,0
2025-01-08 23:45:00,12.07,13.47,16.72,5.34,32.83,4.58,4.76,226.63,0.5,15.51,2025,AIIMS,Quarterly,0,0
2025-01-09 00:15:00,5.13,5.18,6.73,8.76,13.1,9.48,3.98,207.2,0.5,19.14,2025,AIIMS,Quarterly,0,0
2025-01-09 00:30:00,5.07,5.02,6.6,8.76,13.1,9.48,4.79,214.63,0.49,19.14,2025,AIIMS,Quarterly,0,0
2025-01-09 00:45:00,4.93,4.72,6.33,8.69,13.1,9.48,5.19,209.32,0.48,19.15,2025,AIIMS,Quarterly,0,0
2025-01-09 01:00:00,4.81,4.67,6.21,8.79,12.68,9.23,4.62,209.65,0.46,19.16,2025,AIIMS,Quarterly,0,0
2025-01-09 01:15:00,4.75,4.97,6.32,9.21,9.4,7.15,3.98,210.73,0.45,19.18,2025,AIIMS,Quarterly,0,0
2025-01-09 01:30:00,4.71,5.15,6.39,8.91,9.4,7.15,4.39,229.38,0.45,19.17,2025,AIIMS,Quarterly,0,0
2025-01-09 01:45:00,4.76,5.41,6.56,9.0,9.4,7.15,2.96,174.51,0.44,19.13,2025,AIIMS,Quarterly,0,0
2025-01-09 02:00:00,4.74,5.36,6.51,8.89,9.31,6.95,3.61,217.43,0.42,19.16,2025,AIIMS,Quarterly,0,0
2025-01-09 02:15:00,4.8,5.51,6.64,8.7,8.63,5.37,3.87,195.72,0.43,19.13,2025,AIIMS,Quarterly,0,0
2025-01-09 02:30:00,4.85,5.5,6.68,8.75,8.63,5.37,3.61,215.01,0.41,19.13,2025,AIIMS,Quarterly,0,0
2025-01-09 02:45:00,4.9,5.54,6.74,8.71,8.63,5.37,4.07,214.7,0.41,19.13,2025,AIIMS,Quarterly,0,0
2025-01-09 03:00:00,4.89,5.38,6.65,8.57,8.37,5.25,4.34,208.94,0.41,19.12,2025,AIIMS,Quarterly,0,0
2025-01-09 03:15:00,5.0,5.34,6.72,8.63,6.35,4.31,4.7,222.01,0.41,19.12,2025,AIIMS,Quarterly,0,0
2025-01-09 03:30:00,4.95,5.29,6.64,8.66,6.35,4.31,4.12,199.47,0.41,19.14,2025,AIIMS,Quarterly,0,0
2025-01-09 03:45:00,4.89,5.15,6.52,8.85,6.35,4.31,3.65,193.73,0.39,19.15,2025,AIIMS,Quarterly,0,0
2025-01-09 04:00:00,4.88,5.21,6.55,8.54,6.42,4.2,2.67,177.42,0.38,19.13,2025,AIIMS,Quarterly,0,0
2025-01-09 04:15:00,4.88,5.42,6.66,8.72,6.98,3.2,2.64,196.58,0.38,19.13,2025,AIIMS,Quarterly,0,0
2025-01-09 04:30:00,4.98,5.61,6.83,8.75,6.98,3.2,2.93,184.18,0.37,19.18,2025,AIIMS,Quarterly,0,0
2025-01-09 04:45:00,4.97,5.82,6.94,8.67,6.98,3.2,3.62,181.35,0.37,19.1,2025,AIIMS,Quarterly,0,0
2025-01-09 05:00:00,5.05,5.97,7.08,8.65,6.83,3.26,3.79,189.83,0.36,19.08,2025,AIIMS,Quarterly,0,0
2025-01-09 05:15:00,5.35,6.4,7.54,7.7,5.42,3.86,4.22,209.79,0.35,19.04,2025,AIIMS,Quarterly,0,0
2025-01-09 05:30:00,5.7,6.49,7.86,7.91,5.42,3.86,4.58,205.19,0.37,19.03,2025,AIIMS,Quarterly,0,0
2025-01-09 05:45:00,5.86,6.47,7.97,8.25,5.42,3.86,3.39,179.84,0.36,19.04,2025,AIIMS,Quarterly,0,0
2025-01-09 06:00:00,5.94,6.12,7.86,8.18,5.58,3.76,3.07,195.74,0.36,19.08,2025,AIIMS,Quarterly,0,0
2025-01-09 06:15:00,6.14,6.01,7.95,8.0,6.86,3.01,4.06,213.4,0.37,19.07,2025,AIIMS,Quarterly,0,0
2025-01-09 06:30:00,6.38,5.74,8.01,7.64,6.86,3.01,4.99,225.73,0.38,19.07,2025,AIIMS,Quarterly,0,0
2025-01-09 06:45:00,6.57,5.67,8.11,8.01,6.86,3.01,4.13,236.6,0.37,19.06,2025,AIIMS,Quarterly,0,0
2025-01-09 07:00:00,6.63,5.49,8.06,7.84,7.27,2.95,4.65,232.41,0.37,19.02,2025,AIIMS,Quarterly,0,0
2025-01-09 07:15:00,6.63,5.64,8.14,7.8,10.95,2.41,4.44,238.24,0.38,19.03,2025,AIIMS,Quarterly,0,0
2025-01-09 07:30:00,6.62,5.79,8.22,7.6,10.95,2.41,3.9,236.14,0.37,19.02,2025,AIIMS,Quarterly,0,0
2025-01-09 07:45:00,6.86,5.82,8.43,7.64,10.95,2.41,4.02,238.06,0.38,19.02,2025,AIIMS,Quarterly,0,0
2025-01-09 08:00:00,7.22,5.86,8.72,7.6,11.42,2.38,4.64,237.72,0.41,18.98,2025,AIIMS,Quarterly,0,0
2025-01-09 08:15:00,7.93,6.14,9.43,7.41,15.19,2.19,3.63,242.41,0.43,18.95,2025,AIIMS,Quarterly,0,0
2025-01-09 08:30:00,8.48,6.19,9.88,7.62,15.19,2.19,3.34,236.03,0.46,18.91,2025,AIIMS,Quarterly,0,0
2025-01-09 08:45:00,9.05,6.34,10.41,7.71,15.19,2.19,2.59,255.01,0.49,18.89,2025,AIIMS,Quarterly,0,0
2025-01-09 09:00:00,10.06,6.75,11.42,7.64,16.41,2.58,2.36,254.52,0.53,18.84,2025,AIIMS,Quarterly,0,0
2025-01-09 09:15:00,10.16,6.61,11.43,7.89,26.13,5.73,3.51,239.88,0.54,18.83,2025,AIIMS,Quarterly,0,0
2025-01-09 09:30:00,10.41,6.35,11.48,7.98,26.13,5.73,3.03,248.21,0.55,18.82,2025,AIIMS,Quarterly,0,0
2025-01-09 09:45:00,10.47,6.11,11.41,7.82,26.13,5.73,1.85,263.24,0.56,18.81,2025,AIIMS,Quarterly,0,0
2025-01-09 10:00:00,9.99,6.41,11.18,7.69,26.31,6.07,2.85,245.8,0.55,18.8,2025,AIIMS,Quarterly,0,0
2025-01-09 10:15:00,9.72,6.42,10.98,7.47,27.98,9.12,0.99,344.98,0.56,18.81,2025,AIIMS,Quarterly,0,0
2025-01-09 10:30:00,9.29,6.85,10.86,7.93,27.98,9.12,1.08,300.31,0.57,18.79,2025,AIIMS,Quarterly,0,0
2025-01-09 10:45:00,8.04,7.67,10.31,7.31,27.98,9.12,0.0,0.68,0.6,18.76,2025,AIIMS,Quarterly,0,0
2025-01-09 11:00:00,4.17,11.4,9.22,6.15,27.07,9.12,0.99,223.7,0.69,18.67,2025,AIIMS,Quarterly,0,0
2025-01-09 11:15:00,1.74,13.11,8.21,7.87,19.31,9.07,0.79,268.51,0.63,18.72,2025,AIIMS,Quarterly,0,0
2025-01-09 11:30:00,1.42,12.33,7.55,9.02,19.31,9.07,1.24,6.55,0.65,18.81,2025,AIIMS,Quarterly,0,0
2025-01-09 11:45:00,1.48,11.64,7.24,8.56,19.31,9.07,4.46,231.24,0.64,18.85,2025,AIIMS,Quarterly,0,0
2025-01-09 12:00:00,129.21,12.01,107.45,6.57,15.509999999999998,8.515,4.11,236.23,0.59,18.97,2025,AIIMS,Quarterly,1,15
2025-01-09 12:15:00,216.97,18.39,179.78,4.93,11.709999999999999,7.96,0.43,341.12,0.55,19.05,2025,AIIMS,Quarterly,1,15
2025-01-09 12:30:00,22.3,9.46,22.44,5.8,7.91,7.405,2.1,27.82,0.55,19.17,2025,AIIMS,Quarterly,1,15
2025-01-09 12:45:00,1.93,8.51,5.96,6.52,4.11,,1.78,32.59,0.55,19.07,2025,AIIMS,Quarterly,1,15
2025-01-09 13:00:00,1.4,8.63,5.6,7.46,11.73,,1.79,27.78,0.54,19.07,2025,AIIMS,Quarterly,1,15
2025-01-09 13:15:00,2.11,7.91,5.79,8.91,11.73,,1.85,350.89,0.54,19.09,2025,AIIMS,Quarterly,1,15
2025-01-09 13:30:00,2.29,7.98,5.97,8.89,11.73,,1.08,33.39,0.52,19.1,2025,AIIMS,Quarterly,1,15
2025-01-09 13:45:00,2.17,7.78,5.77,8.79,12.83,,1.83,235.16,0.53,19.11,2025,AIIMS,Quarterly,1,15
2025-01-09 14:00:00,2.39,7.91,6.0,8.71,15.54,,1.54,334.45,0.56,19.09,2025,AIIMS,Quarterly,1,15
2025-01-09 14:15:00,2.72,7.5,6.05,8.79,15.54,,0.94,57.11,0.53,19.13,2025,AIIMS,Quarterly,1,15
2025-01-09 14:30:00,3.05,7.62,6.37,8.91,15.54,,0.5,24.57,0.55,19.13,2025,AIIMS,Quarterly,1,15
2025-01-09 14:45:00,3.03,7.34,6.22,9.14,14.64,,1.08,314.15,0.55,19.14,2025,AIIMS,Quarterly,1,15
2025-01-09 15:00:00,3.19,6.51,5.91,8.88,12.43,,2.24,243.38,0.54,19.18,2025,AIIMS,Quarterly,1,15
2025-01-09 15:15:00,3.0,6.22,5.6,8.94,12.43,,2.45,197.29,0.55,19.21,2025,AIIMS,Quarterly,1,15
2025-01-09 15:30:00,2.91,6.02,5.43,8.93,12.43,,1.39,163.29,0.55,19.23,2025,AIIMS,Quarterly,1,15
2025-01-09 15:45:00,2.87,6.1,5.44,9.06,11.42,0.19,2.29,122.43,0.52,19.25,2025,AIIMS,Quarterly,0,0
2025-01-09 16:00:00,2.84,6.32,5.53,8.82,8.95,0.66,3.15,174.63,0.53,19.21,2025,AIIMS,Quarterly,0,0
2025-01-09 16:15:00,2.91,6.32,5.58,8.3,8.95,0.66,3.18,184.99,0.51,19.17,2025,AIIMS,Quarterly,0,0
2025-01-09 16:30:00,3.24,6.32,5.84,8.46,8.95,0.66,3.19,183.34,0.53,19.18,2025,AIIMS,Quarterly,0,0
2025-01-09 16:45:00,3.28,6.17,5.79,8.57,8.2,0.67,2.3,177.47,0.51,19.2,2025,AIIMS,Quarterly,0,0
2025-01-09 17:00:00,3.39,6.63,6.12,8.81,6.34,0.7,1.81,179.48,0.53,19.17,2025,AIIMS,Quarterly,0,0
2025-01-09 17:15:00,3.72,6.81,6.47,7.76,6.34,0.7,3.28,228.38,0.52,19.15,2025,AIIMS,Quarterly,0,0
2025-01-09 17:30:00,5.75,7.24,8.29,8.34,6.34,0.7,1.37,23.86,0.56,19.12,2025,AIIMS,Quarterly,0,0
2025-01-09 17:45:00,5.95,7.34,8.51,8.35,8.21,1.41,2.3,168.04,0.55,19.09,2025,AIIMS,Quarterly,0,0
2025-01-09 18:00:00,4.94,7.19,7.63,8.17,12.82,3.16,3.59,200.73,0.55,19.06,2025,AIIMS,Quarterly,0,0
2025-01-09 18:15:00,4.8,6.83,7.33,7.39,12.82,3.16,3.58,221.31,0.56,19.11,2025,AIIMS,Quarterly,0,0
2025-01-09 18:30:00,4.97,6.67,7.38,8.49,12.82,3.16,3.53,228.5,0.56,19.09,2025,AIIMS,Quarterly,0,0
2025-01-09 18:45:00,5.31,6.5,7.56,8.78,12.5,3.05,4.22,225.02,0.54,19.11,2025,AIIMS,Quarterly,0,0
2025-01-09 19:00:00,5.56,6.5,7.76,8.84,11.72,2.78,3.81,216.0,0.54,19.09,2025,AIIMS,Quarterly,0,0
2025-01-09 19:15:00,5.73,6.7,7.99,7.56,11.72,2.78,2.31,259.97,0.54,19.04,2025,AIIMS,Quarterly,0,0
2025-01-09 19:30:00,6.12,7.03,8.47,7.76,11.72,2.78,4.35,237.59,0.55,19.0,2025,AIIMS,Quarterly,0,0
2025-01-09 19:45:00,6.62,7.88,9.31,8.43,13.04,3.27,3.97,250.96,0.55,18.96,2025,AIIMS,Quarterly,0,0
2025-01-09 20:00:00,7.16,7.47,9.52,8.28,16.13,4.49,3.81,209.66,0.55,18.91,2025,AIIMS,Quarterly,0,0
2025-01-09 20:15:00,7.06,7.19,9.29,8.74,16.13,4.49,4.02,216.24,0.56,18.9,2025,AIIMS,Quarterly,0,0
2025-01-09 20:30:00,7.28,7.16,9.46,8.2,16.13,4.49,4.24,206.83,0.58,18.99,2025,AIIMS,Quarterly,0,0
2025-01-09 20:45:00,7.39,7.08,9.5,7.98,15.58,4.12,3.79,165.89,0.54,18.94,2025,AIIMS,Quarterly,0,0
2025-01-09 21:00:00,7.45,6.71,9.35,8.2,14.2,3.23,3.46,198.54,0.55,18.98,2025,AIIMS,Quarterly,0,0
2025-01-09 21:15:00,7.62,6.44,9.34,8.12,14.2,3.23,3.11,229.14,0.56,18.99,2025,AIIMS,Quarterly,0,0
2025-01-09 21:30:00,7.87,6.22,9.42,7.95,14.2,3.23,2.76,225.38,0.57,19.01,2025,AIIMS,Quarterly,0,0
2025-01-09 21:45:00,7.81,6.35,9.44,8.26,15.53,4.11,4.3,235.97,0.55,19.0,2025,AIIMS,Quarterly,0,0
2025-01-09 22:00:00,8.09,6.08,9.52,8.2,18.64,6.28,4.78,238.46,0.56,18.98,2025,AIIMS,Quarterly,0,0
2025-01-09 22:15:00,8.3,6.46,9.88,8.36,18.64,6.28,4.07,208.38,0.56,18.95,2025,AIIMS,Quarterly,0,0
2025-01-09 22:30:00,8.41,6.51,10.0,8.26,18.64,6.28,4.32,235.61,0.56,18.93,2025,AIIMS,Quarterly,0,0
2025-01-09 22:45:00,8.25,6.94,10.1,8.51,18.87,6.49,3.49,239.07,0.54,18.88,2025,AIIMS,Quarterly,0,0
2025-01-09 23:00:00,8.49,7.03,10.33,8.3,19.39,7.02,4.37,247.64,0.56,18.87,2025,AIIMS,Quarterly,0,0
2025-01-09 23:15:00,8.72,6.96,10.47,7.96,19.39,7.02,5.24,231.62,0.53,18.85,2025,AIIMS,Quarterly,0,0
2025-01-09 23:30:00,8.82,6.97,10.56,8.51,19.39,7.02,4.12,211.82,0.55,18.83,2025,AIIMS,Quarterly,0,0
2025-01-09 23:45:00,8.84,6.42,10.29,8.57,19.15,6.71,3.28,199.31,0.52,18.86,2025,AIIMS,Quarterly,0,0
2025-01-10 00:15:00,8.13,7.66,10.38,10.0,50.87,19.83,100.0,157.56,0.67,18.93,2025,AIIMS,Quarterly,0,0
2025-01-10 00:30:00,8.45,6.91,10.24,9.72,50.87,19.83,100.0,145.09,0.66,18.95,2025,AIIMS,Quarterly,0,0
2025-01-10 00:45:00,8.71,6.79,10.38,8.95,50.87,19.83,94.99,183.74,0.65,18.95,2025,AIIMS,Quarterly,0,0
2025-01-10 01:00:00,8.58,6.84,10.3,9.4,46.79,18.57,44.3,111.54,0.64,18.94,2025,AIIMS,Quarterly,0,0
2025-01-10 01:15:00,8.75,6.69,10.36,9.06,40.67,16.77,88.63,165.95,0.62,18.95,2025,AIIMS,Quarterly,0,0
2025-01-10 01:30:00,8.88,6.77,10.5,9.55,40.67,16.77,100.0,234.69,0.61,18.95,2025,AIIMS,Quarterly,0,0
2025-01-10 01:45:00,8.98,6.39,10.38,8.82,40.67,16.77,100.0,196.22,0.61,18.97,2025,AIIMS,Quarterly,0,0
2025-01-10 02:00:00,8.83,6.35,10.25,8.57,38.4,16.4,85.71,158.58,0.59,18.97,2025,AIIMS,Quarterly,0,0
2025-01-10 02:15:00,8.96,6.28,10.31,8.49,35.0,15.85,100.0,183.63,0.59,18.95,2025,AIIMS,Quarterly,0,0
2025-01-10 02:30:00,8.73,6.38,10.18,8.9,35.0,15.85,100.0,136.11,0.56,18.95,2025,AIIMS,Quarterly,0,0
2025-01-10 02:45:00,8.52,6.3,9.97,8.91,35.0,15.85,100.0,158.14,0.55,18.99,2025,AIIMS,Quarterly,0,0
2025-01-10 03:00:00,8.45,6.18,9.85,9.06,35.79,16.0,100.0,204.66,0.56,18.96,2025,AIIMS,Quarterly,0,0
2025-01-10 03:15:00,8.66,5.95,9.9,9.02,36.96,16.23,100.0,208.06,0.56,18.98,2025,AIIMS,Quarterly,0,0
2025-01-10 03:30:00,8.62,5.59,9.68,8.88,36.96,16.23,100.0,156.68,0.54,19.03,2025,AIIMS,Quarterly,0,0
2025-01-10 03:45:00,8.63,5.52,9.65,8.38,36.96,16.23,100.0,191.25,0.52,19.01,2025,AIIMS,Quarterly,0,0
2025-01-10 04:00:00,8.74,5.6,9.78,8.84,34.85,14.61,100.0,203.47,0.51,19.03,2025,AIIMS,Quarterly,0,0
2025-01-10 04:15:00,8.65,5.73,9.78,8.61,31.67,12.17,100.0,190.12,0.5,19.04,2025,AIIMS,Quarterly,0,0
2025-01-10 04:30:00,8.87,5.63,9.89,8.98,31.67,12.17,100.0,218.81,0.51,19.05,2025,AIIMS,Quarterly,0,0
2025-01-10 04:45:00,8.97,5.65,9.99,8.73,31.67,12.17,100.0,217.58,0.48,18.99,2025,AIIMS,Quarterly,0,0
2025-01-10 05:00:00,9.06,5.65,10.06,8.39,29.08,11.73,100.0,183.53,0.48,18.96,2025,AIIMS,Quarterly,0,0
2025-01-10 05:15:00,9.31,5.7,10.28,8.24,25.2,11.07,100.0,194.2,0.48,18.97,2025,AIIMS,Quarterly,0,0
2025-01-10 05:30:00,9.38,5.78,10.38,8.43,25.2,11.07,100.0,214.08,0.5,18.95,2025,AIIMS,Quarterly,0,0
2025-01-10 05:45:00,9.39,5.72,10.35,8.67,25.2,11.07,100.0,206.58,0.5,18.97,2025,AIIMS,Quarterly,0,0
2025-01-10 06:00:00,9.56,5.55,10.4,8.44,25.39,11.61,100.0,224.38,0.52,19.0,2025,AIIMS,Quarterly,0,0
2025-01-10 06:15:00,9.7,5.4,10.43,8.47,25.68,12.41,100.0,224.24,0.51,18.97,2025,AIIMS,Quarterly,0,0
2025-01-10 06:30:00,9.81,5.17,10.39,8.42,25.68,12.41,100.0,220.84,0.51,18.99,2025,AIIMS,Quarterly,0,0
2025-01-10 06:45:00,10.03,5.01,10.49,7.94,25.68,12.41,100.0,218.78,0.5,18.98,2025,AIIMS,Quarterly,0,0
2025-01-10 07:00:00,10.19,5.06,10.64,8.26,25.29,13.14,100.0,215.42,0.49,18.96,2025,AIIMS,Quarterly,0,0
2025-01-10 07:15:00,11.59,5.92,12.18,8.41,24.7,14.24,100.0,216.69,0.5,18.94,2025,AIIMS,Quarterly,0,0
2025-01-10 07:30:00,12.42,6.26,13.01,8.21,24.7,14.24,100.0,218.36,0.52,18.89,2025,AIIMS,Quarterly,0,0
2025-01-10 07:45:00,11.77,5.68,12.19,8.32,24.7,14.24,100.0,231.14,0.52,18.87,2025,AIIMS,Quarterly,0,0
2025-01-10 08:00:00,12.29,5.92,12.73,8.66,29.98,14.79,72.72,216.53,0.54,18.82,2025,AIIMS,Quarterly,0,0
2025-01-10 08:15:00,12.52,6.07,12.99,8.84,37.91,15.62,100.0,222.5,0.55,18.77,2025,AIIMS,Quarterly,0,0
2025-01-10 08:30:00,12.71,6.35,13.29,8.97,37.91,15.62,91.39,225.3,0.56,18.73,2025,AIIMS,Quarterly,0,0
2025-01-10 08:45:00,12.6,6.71,13.38,8.86,37.91,15.62,29.02,191.47,0.58,18.78,2025,AIIMS,Quarterly,0,0
2025-01-10 09:00:00,12.17,7.06,13.23,8.84,38.47,14.36,31.46,53.61,0.6,18.78,2025,AIIMS,Quarterly,0,0
2025-01-10 09:15:00,11.77,6.77,12.77,9.28,39.3,12.46,16.73,86.72,0.58,18.77,2025,AIIMS,Quarterly,0,0
2025-01-10 09:30:00,11.59,6.75,12.62,9.19,39.3,12.46,85.49,9.51,0.58,18.75,2025,AIIMS,Quarterly,0,0
2025-01-10 09:45:00,11.35,7.54,12.84,9.25,39.3,12.46,66.56,32.89,0.64,18.74,2025,AIIMS,Quarterly,0,0
2025-01-10 10:00:00,11.62,9.08,13.86,9.74,39.64,13.4,61.38,79.57,0.64,18.69,2025,AIIMS,Quarterly,0,0
2025-01-10 10:15:00,11.09,8.93,13.37,9.66,40.16,14.82,56.85,23.25,0.64,18.68,2025,AIIMS,Quarterly,0,0
2025-01-10 10:30:00,11.03,8.54,13.11,10.19,40.16,14.82,42.18,84.26,0.63,18.69,2025,AIIMS,Quarterly,0,0
2025-01-10 10:45:00,10.92,9.64,13.6,10.28,40.16,14.82,43.52,56.56,0.64,18.7,2025,AIIMS,Quarterly,0,0
2025-01-10 11:00:00,8.63,10.0,12.0,8.89,39.6,14.79,38.39,258.31,0.64,18.72,2025,AIIMS,Quarterly,0,0
2025-01-10 11:15:00,4.32,12.94,10.15,8.89,38.75,14.75,14.73,43.82,0.61,18.68,2025,AIIMS,Quarterly,0,0
2025-01-10 11:30:00,3.08,10.37,7.83,12.04,38.75,14.75,70.13,41.93,0.57,18.83,2025,AIIMS,Quarterly,0,0
2025-01-10 11:45:00,1.46,9.83,6.28,13.73,38.75,14.75,19.73,224.27,0.59,18.95,2025,AIIMS,Quarterly,0,0
2025-01-10 12:00:00,1.27,9.12,5.76,13.08,37.19,13.1,24.1,249.33,0.55,19.07,2025,AIIMS,Quarterly,0,0
2025-01-10 12:15:00,1.09,8.18,5.13,12.51,34.84,10.61,52.48,27.63,0.55,19.18,2025,AIIMS,Quarterly,0,0
2025-01-10 12:30:00,2.38,11.11,7.67,10.92,34.84,10.61,45.17,48.61,0.57,19.3,2025,AIIMS,Quarterly,0,0
2025-01-10 12:45:00,3.66,12.33,9.32,12.47,34.84,10.61,30.48,73.29,0.62,18.88,2025,AIIMS,Quarterly,0,0
2025-01-10 13:00:00,2.4,10.08,7.15,14.1,0.0,0.0,49.92,143.96,0.61,18.91,2025,AIIMS,Quarterly,0,0
2025-01-10 13:15:00,1.24,8.86,5.61,13.88,0.0,0.0,91.68,196.38,0.58,19.02,2025,AIIMS,Quarterly,0,0
2025-01-10 13:30:00,1.32,10.07,6.29,13.29,0.0,0.0,100.0,209.16,0.62,19.08,2025,AIIMS,Quarterly,0,0
2025-01-10 13:45:00,2.81,10.87,7.88,10.77,0.0,0.0,100.0,203.98,0.64,19.03,2025,AIIMS,Quarterly,0,0
2025-01-10 14:00:00,2.28,10.08,7.06,10.58,21.97,4.02,100.0,184.3,0.64,19.0,2025,AIIMS,Quarterly,0,0
2025-01-10 14:15:00,3.71,10.7,8.5,12.71,24.72,4.52,65.36,86.47,0.67,19.04,2025,AIIMS,Quarterly,0,0
2025-01-10 14:30:00,4.75,10.82,9.37,12.62,24.72,4.52,89.46,125.1,0.64,19.05,2025,AIIMS,Quarterly,0,0
2025-01-10 14:45:00,4.03,8.36,7.52,12.31,24.72,4.52,100.0,166.32,0.6,19.07,2025,AIIMS,Quarterly,0,0
2025-01-10 15:00:00,4.37,7.65,7.43,12.18,24.36,4.12,100.0,188.27,0.62,19.11,2025,AIIMS,Quarterly,0,0
2025-01-10 15:15:00,4.6,6.6,7.05,12.22,24.31,4.08,100.0,180.29,0.6,19.13,2025,AIIMS,Quarterly,0,0
2025-01-10 15:30:00,4.38,6.05,6.6,11.96,24.31,4.08,100.0,179.65,0.58,19.17,2025,AIIMS,Quarterly,0,0
2025-01-10 15:45:00,4.68,6.04,6.83,12.13,24.31,4.08,100.0,219.06,0.59,19.16,2025,AIIMS,Quarterly,0,0
2025-01-10 16:00:00,5.05,5.9,7.04,11.88,19.39,6.92,99.55,226.42,0.6,19.14,2025,AIIMS,Quarterly,0,0
2025-01-10 16:15:00,5.37,6.79,7.76,12.06,18.77,7.23,64.78,11.18,0.6,19.12,2025,AIIMS,Quarterly,0,0
2025-01-10 16:30:00,5.67,6.72,7.95,12.2,18.77,7.23,93.58,6.99,0.58,19.08,2025,AIIMS,Quarterly,0,0
2025-01-10 16:45:00,5.89,7.18,8.37,12.1,18.77,7.23,91.77,25.14,0.57,19.04,2025,AIIMS,Quarterly,0,0
2025-01-10 17:00:00,5.84,8.26,8.9,12.0,22.1,5.64,97.46,50.3,0.56,18.95,2025,AIIMS,Quarterly,0,0
2025-01-10 17:15:00,6.4,9.27,9.86,8.3,22.47,5.44,93.81,46.7,0.54,18.92,2025,AIIMS,Quarterly,0,0
2025-01-10 17:30:00,7.45,9.06,10.57,9.26,22.47,5.44,72.74,52.34,0.6,18.89,2025,AIIMS,Quarterly,0,0
2025-01-10 17:45:00,8.28,8.92,11.16,9.32,22.47,5.44,86.97,58.45,0.61,18.9,2025,AIIMS,Quarterly,0,0
2025-01-10 18:00:00,9.09,9.35,12.02,9.36,36.88,8.39,59.54,196.85,0.63,18.84,2025,AIIMS,Quarterly,0,0
2025-01-10 18:15:00,9.66,8.65,12.1,9.12,38.69,8.76,63.03,163.66,0.62,18.8,2025,AIIMS,Quarterly,0,0
2025-01-10 18:30:00,10.11,8.01,12.11,9.03,38.69,8.76,100.0,240.45,0.61,18.81,2025,AIIMS,Quarterly,0,0
2025-01-10 18:45:00,10.67,7.65,12.37,9.17,38.69,8.76,97.38,228.43,0.61,18.76,2025,AIIMS,Quarterly,0,0
2025-01-10 19:00:00,10.81,8.05,12.68,9.23,41.46,11.94,54.55,178.49,0.61,18.76,2025,AIIMS,Quarterly,0,0
2025-01-10 19:15:00,11.43,7.93,13.11,9.13,41.81,12.34,100.0,190.16,0.61,18.76,2025,AIIMS,Quarterly,0,0
2025-01-10 19:30:00,11.9,7.8,13.41,8.75,41.81,12.34,100.0,172.53,0.62,18.69,2025,AIIMS,Quarterly,0,0
2025-01-10 19:45:00,12.2,7.58,13.53,8.78,41.81,12.34,100.0,161.0,0.6,18.7,2025,AIIMS,Quarterly,0,0
2025-01-10 20:00:00,12.2,7.47,13.47,8.86,47.53,10.32,100.0,169.65,0.61,18.68,2025,AIIMS,Quarterly,0,0
2025-01-10 20:15:00,12.25,7.42,13.48,8.74,48.17,10.07,100.0,196.54,0.6,18.71,2025,AIIMS,Quarterly,0,0
2025-01-10 20:30:00,12.12,7.02,13.17,8.66,48.17,10.07,100.0,200.73,0.61,18.92,2025,AIIMS,Quarterly,0,0
2025-01-10 20:45:00,11.91,6.69,12.84,8.48,48.17,10.07,49.55,202.27,0.61,18.86,2025,AIIMS,Quarterly,0,0
2025-01-10 21:00:00,11.62,6.68,12.6,8.99,35.56,13.32,93.26,189.13,0.61,18.86,2025,AIIMS,Quarterly,0,0
2025-01-10 21:15:00,12.53,7.64,13.82,8.84,34.16,13.73,48.21,219.17,0.6,18.87,2025,AIIMS,Quarterly,0,0
2025-01-10 21:30:00,13.65,8.1,14.94,8.81,34.16,13.73,82.65,202.56,0.6,18.81,2025,AIIMS,Quarterly,0,0
2025-01-10 21:45:00,13.29,7.15,14.16,8.5,34.16,13.73,72.83,143.67,0.61,18.77,2025,AIIMS,Quarterly,0,0
2025-01-10 22:00:00,13.55,7.52,14.56,9.02,30.95,10.89,64.33,31.37,0.62,18.71,2025,AIIMS,Quarterly,0,0
2025-01-10 22:15:00,14.36,7.91,15.39,9.12,30.6,10.54,76.42,45.67,0.63,18.68,2025,AIIMS,Quarterly,0,0
2025-01-10 22:30:00,14.97,7.86,15.85,9.15,30.6,10.54,54.17,65.79,0.62,18.63,2025,AIIMS,Quarterly,0,0
2025-01-10 22:45:00,15.52,7.82,16.26,8.81,30.6,10.54,87.85,120.18,0.63,18.58,2025,AIIMS,Quarterly,0,0
2025-01-10 23:00:00,15.92,8.06,16.69,8.86,29.71,13.91,96.8,123.42,0.63,18.55,2025,AIIMS,Quarterly,0,0
2025-01-10 23:15:00,16.11,7.62,16.62,8.42,29.61,14.28,100.0,150.87,0.54,18.54,2025,AIIMS,Quarterly,0,0
2025-01-10 23:30:00,16.09,7.77,16.68,8.67,29.61,14.28,100.0,135.35,0.57,18.55,2025,AIIMS,Quarterly,0,0
2025-01-10 23:45:00,15.83,7.63,16.4,8.69,29.61,14.28,100.0,117.86,0.56,18.55,2025,AIIMS,Quarterly,0,0
2025-01-11 00:15:00,20.15,6.64,19.27,8.51,20.2,8.78,100.0,212.35,0.54,18.38,2025,AIIMS,Quarterly,0,0
2025-01-11 00:30:00,20.2,7.0,19.5,8.35,20.2,8.78,100.0,207.37,0.52,18.37,2025,AIIMS,Quarterly,0,0
2025-01-11 00:45:00,20.18,7.33,19.66,8.56,18.55,8.19,100.0,220.43,0.54,18.35,2025,AIIMS,Quarterly,0,0
2025-01-11 01:00:00,20.71,7.33,20.07,8.27,17.85,7.93,100.0,223.46,0.52,18.33,2025,AIIMS,Quarterly,0,0
2025-01-11 01:15:00,20.98,7.19,20.21,8.3,17.85,7.93,100.0,223.8,0.52,18.35,2025,AIIMS,Quarterly,0,0
2025-01-11 01:30:00,21.1,7.02,20.22,8.36,17.85,7.93,100.0,213.87,0.52,18.35,2025,AIIMS,Quarterly,0,0
2025-01-11 01:45:00,21.33,7.06,20.42,8.15,19.72,8.21,100.0,205.71,0.52,18.32,2025,AIIMS,Quarterly,0,0
2025-01-11 02:00:00,21.62,6.9,20.56,7.81,20.53,8.34,100.0,220.2,0.51,18.32,2025,AIIMS,Quarterly,0,0
2025-01-11 02:15:00,21.65,7.1,20.69,8.35,20.53,8.34,100.0,214.46,0.51,18.29,2025,AIIMS,Quarterly,0,0
2025-01-11 02:30:00,21.5,6.97,20.5,8.35,20.53,8.34,100.0,206.75,0.5,18.31,2025,AIIMS,Quarterly,0,0
2025-01-11 02:45:00,21.35,7.17,20.49,8.54,19.75,6.98,100.0,214.06,0.5,18.37,2025,AIIMS,Quarterly,0,0
2025-01-11 03:00:00,21.36,7.19,20.51,8.58,19.41,6.4,100.0,220.44,0.48,18.34,2025,AIIMS,Quarterly,0,0
2025-01-11 03:15:00,21.26,6.94,20.3,8.43,19.41,6.4,100.0,212.93,0.49,18.37,2025,AIIMS,Quarterly,0,0
2025-01-11 03:30:00,21.26,6.89,20.28,8.34,19.41,6.4,100.0,210.68,0.48,18.33,2025,AIIMS,Quarterly,0,0
2025-01-11 03:45:00,21.37,7.02,20.43,8.27,17.11,7.68,100.0,217.63,0.48,18.32,2025,AIIMS,Quarterly,0,0
2025-01-11 04:00:00,21.62,7.07,20.65,8.43,16.12,8.23,100.0,213.62,0.48,18.33,2025,AIIMS,Quarterly,0,0
2025-01-11 04:15:00,21.66,6.94,20.62,8.25,16.12,8.23,100.0,212.9,0.48,18.31,2025,AIIMS,Quarterly,0,0
2025-01-11 04:30:00,21.66,6.94,20.61,8.01,16.12,8.23,100.0,206.48,0.48,18.5,2025,AIIMS,Quarterly,0,0
2025-01-11 04:45:00,21.88,7.02,20.83,8.27,17.15,6.54,100.0,229.07,0.48,18.37,2025,AIIMS,Quarterly,0,0
2025-01-11 05:00:00,22.17,7.26,21.18,8.31,17.59,5.81,100.0,183.46,0.48,18.36,2025,AIIMS,Quarterly,0,0
2025-01-11 05:15:00,22.61,7.77,21.79,8.41,17.59,5.81,81.08,123.67,0.48,18.33,2025,AIIMS,Quarterly,0,0
2025-01-11 05:30:00,23.14,7.97,22.31,8.92,17.59,5.81,100.0,153.27,0.48,18.27,2025,AIIMS,Quarterly,0,0
2025-01-11 05:45:00,23.23,8.13,22.47,8.98,20.33,4.98,100.0,209.4,0.49,18.28,2025,AIIMS,Quarterly,0,0
2025-01-11 06:00:00,23.82,8.12,22.92,9.42,21.5,4.63,100.0,190.8,0.5,18.23,2025,AIIMS,Quarterly,0,0
2025-01-11 06:15:00,24.63,7.81,23.4,9.18,21.5,4.63,100.0,172.2,0.51,18.19,2025,AIIMS,Quarterly,0,0
2025-01-11 06:30:00,25.02,7.89,23.75,8.94,21.5,4.63,100.0,216.31,0.5,18.16,2025,AIIMS,Quarterly,0,0
2025-01-11 06:45:00,25.35,7.92,24.02,8.92,23.13,6.61,100.0,181.86,0.51,18.15,2025,AIIMS,Quarterly,0,0
2025-01-11 07:00:00,25.69,7.7,24.17,9.19,23.83,7.46,100.0,164.86,0.5,18.12,2025,AIIMS,Quarterly,0,0
2025-01-11 07:15:00,25.87,7.55,24.23,8.85,23.83,7.46,100.0,157.6,0.51,18.15,2025,AIIMS,Quarterly,0,0
2025-01-11 07:30:00,25.92,7.49,24.24,8.89,23.83,7.46,100.0,180.4,0.5,18.15,2025,AIIMS,Quarterly,0,0
2025-01-11 07:45:00,25.96,7.49,24.28,8.85,24.37,8.43,100.0,224.58,0.52,18.13,2025,AIIMS,Quarterly,0,0
2025-01-11 08:00:00,26.46,7.59,24.71,8.64,24.6,8.84,100.0,206.37,0.54,18.1,2025,AIIMS,Quarterly,0,0
2025-01-11 08:15:00,26.82,7.76,25.1,9.04,24.6,8.84,100.0,190.48,0.54,18.07,2025,AIIMS,Quarterly,0,0
2025-01-11 08:30:00,26.94,7.9,25.25,9.38,24.6,8.84,86.61,194.06,0.56,18.09,2025,AIIMS,Quarterly,0,0
2025-01-11 08:45:00,26.66,7.98,25.08,9.62,26.15,8.73,100.0,181.2,0.59,18.08,2025,AIIMS,Quarterly,0,0
2025-01-11 09:00:00,26.45,7.75,24.8,9.38,26.82,8.68,100.0,200.54,0.59,18.12,2025,AIIMS,Quarterly,0,0
2025-01-11 09:15:00,26.5,7.33,24.61,9.11,26.82,8.68,43.93,203.87,0.58,18.12,2025,AIIMS,Quarterly,0,0
2025-01-11 09:30:00,25.8,7.27,24.04,9.37,26.82,8.68,82.01,233.76,0.59,18.1,2025,AIIMS,Quarterly,0,0
2025-01-11 09:45:00,25.49,7.52,23.93,9.08,28.01,9.54,100.0,219.76,0.61,18.11,2025,AIIMS,Quarterly,0,0
2025-01-11 10:00:00,20.99,7.64,20.46,9.61,28.52,9.9,69.43,230.9,0.59,18.14,2025,AIIMS,Quarterly,0,0
2025-01-11 10:15:00,22.63,8.21,22.04,9.99,28.52,9.9,40.3,2.21,0.61,18.15,2025,AIIMS,Quarterly,0,0
2025-01-11 10:30:00,22.89,8.11,22.19,9.26,28.52,9.9,96.36,50.6,0.61,18.17,2025,AIIMS,Quarterly,0,0
2025-01-11 10:45:00,22.02,7.94,21.42,9.4,28.32,8.92,100.0,46.23,0.6,18.16,2025,AIIMS,Quarterly,0,0
2025-01-11 11:00:00,21.12,9.01,21.27,10.05,28.24,8.5,36.84,34.63,0.6,18.14,2025,AIIMS,Quarterly,0,0
2025-01-11 11:15:00,20.99,8.59,20.95,8.18,28.24,8.5,40.68,196.14,0.56,18.18,2025,AIIMS,Quarterly,0,0
2025-01-11 11:30:00,21.09,8.63,21.05,9.88,28.24,8.5,24.42,285.95,0.6,18.22,2025,AIIMS,Quarterly,0,0
2025-01-11 11:45:00,19.29,9.11,19.89,10.52,27.91,8.89,76.14,48.98,0.6,18.26,2025,AIIMS,Quarterly,0,0
2025-01-11 12:00:00,19.05,9.32,19.81,10.36,27.77,9.06,45.25,38.11,0.6,18.31,2025,AIIMS,Quarterly,0,0
2025-01-11 12:15:00,18.38,9.05,19.14,10.14,27.77,9.06,68.72,1.38,0.59,18.33,2025,AIIMS,Quarterly,0,0
2025-01-11 12:30:00,16.04,9.13,17.36,9.93,27.77,9.06,83.14,23.28,0.58,18.43,2025,AIIMS,Quarterly,0,0
2025-01-11 12:45:00,18.05,9.32,19.03,10.31,24.07,7.92,82.49,30.9,0.61,18.38,2025,AIIMS,Quarterly,0,0
2025-01-11 13:00:00,18.1,8.64,18.71,10.0,22.49,7.44,28.86,271.15,0.58,18.35,2025,AIIMS,Quarterly,0,0
2025-01-11 13:15:00,17.3,8.31,17.91,10.1,22.49,7.44,77.48,28.5,0.59,18.38,2025,AIIMS,Quarterly,0,0
2025-01-11 13:30:00,17.22,8.65,18.03,9.97,22.49,7.44,37.26,249.29,0.59,18.41,2025,AIIMS,Quarterly,0,0
2025-01-11 13:45:00,16.14,8.36,17.03,10.02,20.73,5.89,12.12,41.06,0.59,18.43,2025,AIIMS,Quarterly,0,0
2025-01-11 14:00:00,15.84,8.92,17.09,10.26,19.98,5.23,78.72,11.48,0.59,18.46,2025,AIIMS,Quarterly,0,0
2025-01-11 14:15:00,15.82,8.95,17.09,10.25,19.98,5.23,67.03,53.41,0.58,18.47,2025,AIIMS,Quarterly,0,0
2025-01-11 14:30:00,14.94,8.84,16.34,10.08,19.98,5.23,88.25,47.97,0.59,18.46,2025,AIIMS,Quarterly,0,0
2025-01-11 14:45:00,14.17,9.06,15.85,10.3,21.28,5.3,52.56,146.93,0.58,18.51,2025,AIIMS,Quarterly,0,0
2025-01-11 15:00:00,14.16,8.73,15.66,10.05,21.84,5.33,62.55,36.83,0.57,18.58,2025,AIIMS,Quarterly,0,0
2025-01-11 15:15:00,13.94,8.38,15.31,10.19,21.84,5.33,74.34,33.07,0.58,18.59,2025,AIIMS,Quarterly,0,0
2025-01-11 15:30:00,14.21,8.09,15.37,9.84,21.84,5.33,90.95,34.8,0.58,18.62,2025,AIIMS,Quarterly,0,0
2025-01-11 15:45:00,14.49,8.12,15.61,10.33,20.66,4.29,66.45,23.95,0.58,18.62,2025,AIIMS,Quarterly,0,0
2025-01-11 16:00:00,14.43,7.85,15.42,10.26,20.15,3.84,94.13,53.01,0.57,18.62,2025,AIIMS,Quarterly,0,0
2025-01-11 16:15:00,14.69,8.18,15.8,10.21,20.15,3.84,100.0,34.21,0.58,18.61,2025,AIIMS,Quarterly,0,0
2025-01-11 16:30:00,14.35,8.76,15.83,10.33,20.15,3.84,100.0,71.76,0.57,18.58,2025,AIIMS,Quarterly,0,0
2025-01-11 16:45:00,14.54,8.71,15.96,10.47,19.93,3.22,100.0,70.4,0.57,18.61,2025,AIIMS,Quarterly,0,0
2025-01-11 17:00:00,14.55,8.46,15.84,11.07,19.84,2.95,100.0,46.29,0.57,18.63,2025,AIIMS,Quarterly,0,0
2025-01-11 17:15:00,15.24,8.85,16.58,9.01,19.84,2.95,100.0,53.75,0.57,18.61,2025,AIIMS,Quarterly,0,0
2025-01-11 17:30:00,14.73,9.19,16.35,9.68,19.84,2.95,100.0,51.1,0.58,18.58,2025,AIIMS,Quarterly,0,0
2025-01-11 17:45:00,14.69,9.74,16.61,9.9,20.12,4.61,100.0,51.45,0.63,18.56,2025,AIIMS,Quarterly,0,0
2025-01-11 18:00:00,15.05,9.66,16.85,10.1,20.24,5.31,100.0,41.3,0.66,18.58,2025,AIIMS,Quarterly,0,0
2025-01-11 18:15:00,15.53,10.08,17.44,11.24,20.24,5.31,100.0,30.13,0.65,18.55,2025,AIIMS,Quarterly,0,0
2025-01-11 18:30:00,16.18,9.52,17.66,10.7,20.24,5.31,100.0,14.43,0.64,18.51,2025,AIIMS,Quarterly,0,0
2025-01-11 18:45:00,16.3,11.15,18.61,10.7,23.52,7.05,100.0,16.85,0.64,18.44,2025,AIIMS,Quarterly,0,0
2025-01-11 19:00:00,15.67,10.33,17.69,10.03,24.93,7.8,100.0,37.2,0.62,18.38,2025,AIIMS,Quarterly,0,0
2025-01-11 19:15:00,16.3,10.24,18.14,10.26,24.93,7.8,100.0,41.47,0.63,18.42,2025,AIIMS,Quarterly,0,0
2025-01-11 19:30:00,17.13,9.94,18.63,9.88,24.93,7.8,100.0,56.5,0.64,18.4,2025,AIIMS,Quarterly,0,0
2025-01-11 19:45:00,18.65,10.61,20.17,10.24,25.03,8.43,93.93,55.18,0.67,18.38,2025,AIIMS,Quarterly,0,0
2025-01-11 20:00:00,18.67,9.79,19.76,9.92,25.08,8.7,61.73,118.86,0.65,18.35,2025,AIIMS,Quarterly,0,0
2025-01-11 20:15:00,19.02,9.36,19.81,9.17,25.08,8.7,100.0,136.34,0.67,18.35,2025,AIIMS,Quarterly,0,0
2025-01-11 20:30:00,19.63,9.64,20.43,9.84,25.08,8.7,100.0,123.94,0.7,18.47,2025,AIIMS,Quarterly,0,0
2025-01-11 20:45:00,20.68,9.93,21.4,10.07,33.03,13.22,100.0,125.87,0.73,18.3,2025,AIIMS,Quarterly,0,0
2025-01-11 21:00:00,21.53,9.47,21.84,9.84,36.43,15.17,100.0,145.99,0.72,18.27,2025,AIIMS,Quarterly,0,0
2025-01-11 21:15:00,21.97,8.9,21.88,10.29,36.43,15.17,100.0,130.51,0.71,18.26,2025,AIIMS,Quarterly,0,0
2025-01-11 21:30:00,22.7,8.65,22.33,9.92,36.43,15.17,100.0,172.35,0.73,18.23,2025,AIIMS,Quarterly,0,0
2025-01-11 21:45:00,23.35,8.74,22.88,9.68,50.29,21.27,53.61,188.15,0.74,18.21,2025,AIIMS,Quarterly,0,0
2025-01-11 22:00:00,24.21,8.74,23.56,9.85,56.23,23.89,26.07,23.07,0.73,18.17,2025,AIIMS,Quarterly,0,0
2025-01-11 22:15:00,24.74,8.54,23.87,9.76,56.23,23.89,100.0,167.33,0.72,18.18,2025,AIIMS,Quarterly,0,0
2025-01-11 22:30:00,24.84,8.54,23.94,9.71,56.23,23.89,100.0,146.88,0.72,18.16,2025,AIIMS,Quarterly,0,0
2025-01-11 22:45:00,24.96,8.33,23.93,9.34,51.21,22.22,100.0,152.51,0.72,18.15,2025,AIIMS,Quarterly,0,0
2025-01-11 23:00:00,25.83,8.65,24.78,9.5,49.05,21.5,100.0,146.74,0.72,18.11,2025,AIIMS,Quarterly,0,0
2025-01-11 23:15:00,27.38,9.17,26.27,8.36,49.05,21.5,100.0,140.94,0.7,18.05,2025,AIIMS,Quarterly,0,0
2025-01-11 23:30:00,31.72,11.72,31.0,9.68,49.05,21.5,100.0,185.18,0.71,17.92,2025,AIIMS,Quarterly,0,0
2025-01-11 23:45:00,32.09,10.73,30.77,9.13,56.35,22.15,100.0,201.65,0.7,17.82,2025,AIIMS,Quarterly,0,0
2025-01-12 00:15:00,44.24,59.45,65.76,4.1,152.43,75.93,83.01,97.64,1.21,1.95,2025,AIIMS,Quarterly,0,0
2025-01-12 00:30:00,43.65,59.08,65.11,4.46,145.47,74.09,80.01,98.56,1.18,1.98,2025,AIIMS,Quarterly,0,0
2025-01-12 00:45:00,43.11,58.61,64.43,4.18,134.54,71.21,74.69,68.73,1.14,2.05,2025,AIIMS,Quarterly,0,0
2025-01-12 01:00:00,42.22,58.39,63.62,4.56,134.54,71.21,88.78,64.55,1.11,2.07,2025,AIIMS,Quarterly,0,0
2025-01-12 01:15:00,41.18,58.0,62.6,4.15,134.54,71.21,54.22,61.65,1.08,2.14,2025,AIIMS,Quarterly,0,0
2025-01-12 01:30:00,40.14,57.54,61.54,3.87,119.62,66.41,95.46,67.83,1.05,2.2,2025,AIIMS,Quarterly,0,0
2025-01-12 01:45:00,39.37,57.01,60.66,3.8,95.06,58.86,93.4,73.02,1.02,2.29,2025,AIIMS,Quarterly,0,0
2025-01-12 02:00:00,38.17,55.73,59.06,3.5,95.06,58.86,100.0,58.89,0.99,2.39,2025,AIIMS,Quarterly,0,0
2025-01-12 02:15:00,36.66,55.12,57.55,3.7,95.06,58.86,99.19,103.32,0.95,2.48,2025,AIIMS,Quarterly,0,0
2025-01-12 02:30:00,35.27,54.59,56.19,3.12,85.34,53.8,100.0,10.47,0.93,2.58,2025,AIIMS,Quarterly,0,0
2025-01-12 02:45:00,33.88,54.31,54.95,2.99,70.06,45.85,68.15,65.72,0.9,2.73,2025,AIIMS,Quarterly,0,0
2025-01-12 03:00:00,32.93,54.29,54.2,3.3,70.06,45.85,100.0,46.96,0.88,2.78,2025,AIIMS,Quarterly,0,0
2025-01-12 03:15:00,32.12,54.12,53.46,3.47,70.06,45.85,90.02,65.57,0.86,2.83,2025,AIIMS,Quarterly,0,0
2025-01-12 03:30:00,31.34,54.08,52.84,4.18,81.99,47.92,100.0,62.57,0.84,2.92,2025,AIIMS,Quarterly,0,0
2025-01-12 03:45:00,30.72,53.87,52.24,3.74,100.75,51.17,100.0,58.12,0.82,2.97,2025,AIIMS,Quarterly,0,0
2025-01-12 04:00:00,30.06,53.5,51.53,3.39,100.75,51.17,100.0,67.34,0.8,2.99,2025,AIIMS,Quarterly,0,0
2025-01-12 04:15:00,29.53,53.48,51.1,3.64,100.75,51.17,100.0,79.93,0.79,3.02,2025,AIIMS,Quarterly,0,0
2025-01-12 04:30:00,29.01,53.31,50.6,4.09,115.41,55.62,100.0,67.15,0.78,3.32,2025,AIIMS,Quarterly,0,0
2025-01-12 04:45:00,28.63,52.92,50.11,3.99,138.45,62.61,100.0,61.8,0.77,3.1,2025,AIIMS,Quarterly,0,0
2025-01-12 05:00:00,28.35,52.0,49.41,3.55,138.45,62.61,100.0,60.59,0.76,3.1,2025,AIIMS,Quarterly,0,0
2025-01-12 05:15:00,28.19,51.92,49.24,0.84,138.45,62.61,100.0,69.61,0.74,3.13,2025,AIIMS,Quarterly,0,0
2025-01-12 05:30:00,28.26,51.87,49.27,2.83,139.94,64.96,100.0,79.59,0.75,3.13,2025,AIIMS,Quarterly,0,0
2025-01-12 05:45:00,28.8,51.63,49.56,3.39,142.27,68.65,100.0,50.26,0.75,3.12,2025,AIIMS,Quarterly,0,0
2025-01-12 06:00:00,29.73,52.25,50.62,3.76,142.27,68.65,100.0,39.34,0.78,3.05,2025,AIIMS,Quarterly,0,0
2025-01-12 06:15:00,31.35,52.64,52.09,3.93,142.27,68.65,99.74,38.33,0.82,2.95,2025,AIIMS,Quarterly,0,0
2025-01-12 06:30:00,33.47,52.89,53.88,4.15,158.06,72.99,100.0,55.39,0.83,2.83,2025,AIIMS,Quarterly,0,0
2025-01-12 06:45:00,35.64,53.0,55.64,4.55,184.08,79.82,100.0,40.88,0.84,2.75,2025,AIIMS,Quarterly,0,0
2025-01-12 07:00:00,37.24,53.14,56.97,4.34,184.08,79.82,100.0,11.14,0.85,2.66,2025,AIIMS,Quarterly,0,0
2025-01-12 07:15:00,38.32,53.43,57.97,4.69,184.08,79.82,100.0,25.32,0.84,2.59,2025,AIIMS,Quarterly,0,0
2025-01-12 07:30:00,39.12,53.37,58.56,4.15,183.01,80.17,96.81,34.21,0.83,2.55,2025,AIIMS,Quarterly,0,0
2025-01-12 07:45:00,39.74,53.51,59.12,4.57,181.34,80.72,100.0,17.3,0.83,2.5,2025,AIIMS,Quarterly,0,0
2025-01-12 08:00:00,40.09,53.36,59.32,4.17,181.34,80.72,100.0,35.22,0.82,2.46,2025,AIIMS,Quarterly,0,0
2025-01-12 08:15:00,40.43,53.29,59.55,4.12,181.34,80.72,100.0,19.45,0.81,2.48,2025,AIIMS,Quarterly,0,0
2025-01-12 08:30:00,40.9,53.17,59.86,4.01,166.62,75.47,100.0,31.33,0.81,2.46,2025,AIIMS,Quarterly,0,0
2025-01-12 08:45:00,41.62,53.1,60.39,4.46,142.38,67.22,100.0,42.51,0.8,0.9,2025,AIIMS,Quarterly,0,0
2025-01-12 09:00:00,42.21,54.09,61.36,4.21,142.38,67.22,100.0,54.51,0.79,6.42,2025,AIIMS,Quarterly,0,0
2025-01-12 09:15:00,42.73,55.07,62.29,4.6,142.38,67.22,100.0,39.68,0.8,6.08,2025,AIIMS,Quarterly,0,0
2025-01-12 09:30:00,43.84,55.81,63.54,4.97,148.24,66.89,100.0,23.94,0.81,6.06,2025,AIIMS,Quarterly,0,0
2025-01-12 09:45:00,45.49,56.51,65.21,5.18,157.46,66.37,86.52,57.92,0.82,6.05,2025,AIIMS,Quarterly,0,0
2025-01-12 10:00:00,46.94,57.06,66.63,4.89,157.46,66.37,48.5,77.82,0.84,6.06,2025,AIIMS,Quarterly,0,0
2025-01-12 10:15:00,37.55,57.42,59.45,5.71,64.08,27.01,43.18,55.78,0.79,4.31,2025,AIIMS,Quarterly,0,0
2025-01-12 10:30:00,29.51,59.1,54.02,5.13,59.0225,25.2925,47.81,42.07,0.77,3.13,2025,AIIMS,Quarterly,1,3
2025-01-12 10:45:00,26.69,59.6,52.07,5.44,53.965,23.575000000000003,46.21,50.0,0.77,2.7,2025,AIIMS,Quarterly,1,3
2025-01-12 11:00:00,20.97,61.34,48.5,8.1,48.9075,21.8575,38.37,59.92,0.83,2.61,2025,AIIMS,Quarterly,1,3
2025-01-12 11:15:00,15.85,65.29,46.54,3.54,43.85,20.14,67.55,44.53,0.8,2.63,2025,AIIMS,Quarterly,0,0
2025-01-12 11:30:00,13.36,64.21,44.02,5.55,74.46,34.2,45.83,93.48,0.81,2.81,2025,AIIMS,Quarterly,0,0
2025-01-12 11:45:00,7.52,63.34,38.99,6.68,74.46,34.2,42.38,23.49,0.79,3.08,2025,AIIMS,Quarterly,0,0
2025-01-12 12:00:00,4.79,57.62,33.87,8.83,74.46,34.2,24.68,11.72,0.76,3.35,2025,AIIMS,Quarterly,0,0
2025-01-12 12:15:00,2.7,59.6,33.26,8.85,74.68,35.94,80.27,40.1,0.73,3.5,2025,AIIMS,Quarterly,0,0
2025-01-12 12:30:00,3.42,59.17,33.59,7.25,74.84,37.21,45.02,25.97,0.72,3.82,2025,AIIMS,Quarterly,0,0
2025-01-12 12:45:00,3.64,58.35,33.34,7.56,74.84,37.21,18.75,101.01,0.69,3.66,2025,AIIMS,Quarterly,0,0
2025-01-12 13:00:00,2.67,50.85,28.66,10.75,74.84,37.21,60.09,61.53,0.67,3.78,2025,AIIMS,Quarterly,0,0
2025-01-12 13:15:00,2.31,53.18,29.59,11.07,73.25,36.35,42.78,120.85,0.64,3.9,2025,AIIMS,Quarterly,0,0
2025-01-12 13:30:00,1.87,53.09,29.2,10.55,72.14,35.75,35.02,162.15,0.63,4.01,2025,AIIMS,Quarterly,0,0
2025-01-12 13:45:00,1.95,52.3,28.85,9.68,72.14,35.75,40.85,98.03,0.61,4.09,2025,AIIMS,Quarterly,0,0
2025-01-12 14:00:00,2.33,47.03,26.4,11.17,72.14,35.75,46.75,72.11,0.6,4.15,2025,AIIMS,Quarterly,0,0
2025-01-12 14:15:00,1.92,53.93,29.69,9.35,69.84,35.57,35.02,129.67,0.6,4.07,2025,AIIMS,Quarterly,0,0
2025-01-12 14:30:00,2.2,55.28,30.6,8.26,68.24,35.43,38.1,120.98,0.59,4.12,2025,AIIMS,Quarterly,0,0
2025-01-12 14:45:00,2.63,52.46,29.47,8.46,68.24,35.43,47.92,42.62,0.58,4.24,2025,AIIMS,Quarterly,0,0
2025-01-12 15:00:00,2.11,47.9,26.68,11.38,68.24,35.43,94.9,20.62,0.57,4.32,2025,AIIMS,Quarterly,0,0
2025-01-12 15:15:00,1.23,50.27,27.23,11.3,66.98,33.93,78.16,113.57,0.55,4.23,2025,AIIMS,Quarterly,0,0
2025-01-12 15:30:00,1.35,51.2,27.81,9.15,66.1,32.88,59.34,91.24,0.54,4.24,2025,AIIMS,Quarterly,0,0
2025-01-12 15:45:00,1.92,50.87,28.08,8.38,66.1,32.88,69.61,70.57,0.53,4.27,2025,AIIMS,Quarterly,0,0
2025-01-12 16:00:00,2.46,49.89,28.0,8.15,66.1,32.88,76.07,77.13,0.53,4.29,2025,AIIMS,Quarterly,0,0
2025-01-12 16:15:00,3.01,50.88,28.95,7.58,64.69,32.76,76.05,93.33,0.52,4.24,2025,AIIMS,Quarterly,0,0
2025-01-12 16:30:00,3.55,50.4,29.12,7.76,63.67,32.68,83.69,78.79,0.53,4.21,2025,AIIMS,Quarterly,0,0
2025-01-12 16:45:00,4.07,50.64,29.65,7.12,63.67,32.68,100.0,115.29,0.53,4.17,2025,AIIMS,Quarterly,0,0
2025-01-12 17:00:00,4.47,54.4,31.93,5.15,63.67,32.68,100.0,113.51,0.55,4.0,2025,AIIMS,Quarterly,0,0
2025-01-12 17:15:00,4.55,57.77,33.75,2.22,62.91,34.25,100.0,122.55,0.58,3.84,2025,AIIMS,Quarterly,0,0
2025-01-12 17:30:00,5.01,60.93,35.76,5.83,62.37,35.34,100.0,110.25,0.64,3.71,2025,AIIMS,Quarterly,0,0
2025-01-12 17:45:00,6.15,60.52,36.44,6.94,62.37,35.34,100.0,111.22,0.67,3.65,2025,AIIMS,Quarterly,0,0
2025-01-12 18:00:00,7.52,60.3,37.4,6.85,62.37,35.34,100.0,104.47,0.7,3.6,2025,AIIMS,Quarterly,0,0
2025-01-12 18:15:00,9.71,62.07,40.04,6.34,116.5,43.21,100.0,112.78,0.74,3.42,2025,AIIMS,Quarterly,0,0
2025-01-12 18:30:00,12.39,63.48,42.89,6.89,156.05,48.7,100.0,113.86,0.78,3.22,2025,AIIMS,Quarterly,0,0
2025-01-12 18:45:00,16.02,63.79,45.89,6.73,156.05,48.7,100.0,111.97,0.82,3.02,2025,AIIMS,Quarterly,0,0
2025-01-12 19:00:00,19.45,64.35,48.88,7.23,156.05,48.7,100.0,90.91,0.85,2.78,2025,AIIMS,Quarterly,0,0
2025-01-12 19:15:00,21.63,64.35,50.59,7.03,168.03,58.37,100.0,75.34,0.88,2.68,2025,AIIMS,Quarterly,0,0
2025-01-12 19:30:00,23.37,64.17,51.86,6.59,176.4,65.12,100.0,69.16,0.9,2.61,2025,AIIMS,Quarterly,0,0
2025-01-12 19:45:00,25.23,63.81,53.12,6.83,176.4,65.12,100.0,103.14,0.92,2.56,2025,AIIMS,Quarterly,0,0
2025-01-12 20:00:00,26.48,61.64,52.97,6.84,176.4,65.12,100.0,111.28,0.92,2.57,2025,AIIMS,Quarterly,0,0
2025-01-12 20:15:00,27.63,61.13,53.61,6.01,136.46,60.45,100.0,118.21,0.94,2.56,2025,AIIMS,Quarterly,0,0
2025-01-12 20:30:00,29.14,61.1,54.78,6.11,108.58,57.2,100.0,126.19,0.96,2.97,2025,AIIMS,Quarterly,0,0
2025-01-12 20:45:00,30.88,60.19,55.67,6.29,108.58,57.2,100.0,120.65,0.99,2.64,2025,AIIMS,Quarterly,0,0
2025-01-12 21:00:00,32.04,60.85,56.92,6.16,108.58,57.2,100.0,105.26,1.0,2.53,2025,AIIMS,Quarterly,0,0
2025-01-12 21:15:00,32.66,61.62,57.81,5.74,111.38,56.21,100.0,117.32,1.0,2.48,2025,AIIMS,Quarterly,0,0
2025-01-12 21:30:00,32.98,61.53,58.01,5.63,113.42,55.51,82.13,93.78,1.01,2.43,2025,AIIMS,Quarterly,0,0
2025-01-12 21:45:00,33.06,61.32,57.97,5.84,113.42,55.51,89.19,109.36,1.01,2.44,2025,AIIMS,Quarterly,0,0
2025-01-12 22:00:00,33.01,60.97,57.74,5.8,113.42,55.51,77.59,97.76,1.01,2.45,2025,AIIMS,Quarterly,0,0
2025-01-12 22:15:00,32.69,60.67,57.33,5.58,89.75,52.78,66.77,76.5,1.0,2.5,2025,AIIMS,Quarterly,0,0
2025-01-12 22:30:00,32.26,60.13,56.72,5.62,73.22,50.87,88.72,108.16,0.99,2.56,2025,AIIMS,Quarterly,0,0
2025-01-12 22:45:00,31.79,59.62,56.08,5.65,73.22,50.87,34.47,84.79,0.97,2.61,2025,AIIMS,Quarterly,0,0
2025-01-12 23:00:00,31.21,59.07,55.34,5.43,73.22,50.87,86.15,105.83,0.95,2.67,2025,AIIMS,Quarterly,0,0
2025-01-12 23:15:00,30.46,58.18,54.29,1.61,58.81,46.5,100.0,100.43,0.91,2.74,2025,AIIMS,Quarterly,0,0
2025-01-12 23:30:00,29.8,57.35,53.34,3.21,48.74,43.46,100.0,119.57,0.92,2.82,2025,AIIMS,Quarterly,0,0
2025-01-12 23:45:00,29.12,56.39,52.3,3.08,48.74,43.46,78.69,137.44,0.88,2.91,2025,AIIMS,Quarterly,0,0
