DateTime,NO,NO2,NOx,SO2,PM10,PM2.5,WS,WD,CO,NH3,Year,Location,Frequency,is_imputed,gap_length
2022-01-06 01:15:00,3.95,14.77,18.72,15.24,106.74,42.6,1.89,36.62,0.66,46.8,2022,IGKV,Quarterly,0,0
2022-01-06 01:30:00,3.97,14.89,18.85,15.2,104.25,42.86,1.89,35.95,0.68,47.04,2022,IGKV,Quarterly,0,0
2022-01-06 01:45:00,4.02,12.34,16.36,15.08,104.25,42.86,1.87,36.6,0.65,40.22,2022,IGKV,Quarterly,0,0
2022-01-06 02:00:00,3.94,10.34,14.28,15.3,104.25,42.86,1.87,36.3,0.64,35.37,2022,IGKV,Quarterly,0,0
2022-01-06 02:15:00,3.81,10.81,14.62,15.13,59.17,23.2,1.87,36.55,0.63,32.84,2022,IGKV,Quarterly,0,0
2022-01-06 02:30:00,3.65,11.22,14.87,15.15,50.795,19.5125,1.88,36.34,0.62,31.36,2022,IGKV,Quarterly,1,3
2022-01-06 02:45:00,3.47,11.04,14.5,15.29,42.42,15.825,1.89,36.14,0.61,33.36,2022,IGKV,Quarterly,1,3
2022-01-06 03:00:00,3.35,11.29,14.64,15.4,34.045,12.1375,1.89,36.77,0.6,33.55,2022,IGKV,Quarterly,1,3
2022-01-06 03:15:00,3.23,11.19,14.42,15.05,25.67,8.45,1.88,36.72,0.59,33.5,2022,IGKV,Quarterly,0,0
2022-01-06 03:30:00,3.13,11.35,14.48,14.76,59.24,20.0,1.89,36.22,0.58,33.13,2022,IGKV,Quarterly,0,0
2022-01-06 03:45:00,3.14,11.25,14.39,14.95,59.24,20.0,1.88,36.29,0.58,32.7,2022,IGKV,Quarterly,0,0
2022-01-06 04:00:00,3.15,11.08,14.23,15.35,59.24,20.0,1.89,35.69,0.57,32.8,2022,IGKV,Quarterly,0,0
2022-01-06 04:15:00,3.18,11.24,14.42,15.55,57.29,21.28,1.88,36.3,0.57,33.98,2022,IGKV,Quarterly,0,0
2022-01-06 04:30:00,3.2,11.39,14.59,15.56,54.74,23.02,1.87,36.48,0.55,33.93,2022,IGKV,Quarterly,0,0
2022-01-06 04:45:00,3.14,11.27,14.41,15.43,54.74,23.02,1.88,36.5,0.54,33.2,2022,IGKV,Quarterly,0,0
2022-01-06 05:00:00,3.08,11.26,14.33,15.55,54.74,23.02,1.88,36.42,0.54,33.93,2022,IGKV,Quarterly,0,0
2022-01-06 05:15:00,3.05,11.24,14.29,15.51,59.48,22.85,1.89,36.07,0.53,33.88,2022,IGKV,Quarterly,0,0
2022-01-06 05:30:00,3.12,11.45,14.57,15.67,65.68,22.63,1.89,36.08,0.52,33.35,2022,IGKV,Quarterly,0,0
2022-01-06 05:45:00,3.19,11.17,14.36,15.41,65.68,22.63,1.88,36.39,0.52,34.04,2022,IGKV,Quarterly,0,0
2022-01-06 06:00:00,3.22,11.45,14.67,15.59,65.68,22.63,1.89,36.21,0.52,34.61,2022,IGKV,Quarterly,0,0
2022-01-06 06:15:00,3.21,11.87,15.08,15.05,67.06,23.61,1.9,36.39,0.51,37.32,2022,IGKV,Quarterly,0,0
2022-01-06 06:30:00,3.2,11.73,14.93,15.0,68.87,24.96,2.11,36.47,0.5,37.97,2022,IGKV,Quarterly,0,0
2022-01-06 06:45:00,3.12,11.7,14.82,15.04,68.87,24.96,2.69,37.04,0.5,38.12,2022,IGKV,Quarterly,0,0
2022-01-06 07:00:00,2.95,11.97,14.93,14.84,68.87,24.96,3.4,36.83,0.51,38.16,2022,IGKV,Quarterly,0,0
2022-01-06 07:15:00,2.82,12.4,15.22,14.9,70.03,26.75,4.3,36.8,0.51,38.39,2022,IGKV,Quarterly,0,0
2022-01-06 07:30:00,2.71,12.54,15.25,14.82,71.56,29.1,5.07,37.57,0.5,38.75,2022,IGKV,Quarterly,0,0
2022-01-06 07:45:00,2.61,12.39,15.0,14.7,71.56,29.1,5.79,37.94,0.5,38.15,2022,IGKV,Quarterly,0,0
2022-01-06 08:00:00,2.47,12.73,15.2,14.69,71.56,29.1,6.71,39.13,0.51,38.8,2022,IGKV,Quarterly,0,0
2022-01-06 08:15:00,2.3,12.64,14.95,14.47,75.53,29.57,7.61,38.72,0.51,39.38,2022,IGKV,Quarterly,0,0
2022-01-06 08:30:00,2.14,12.65,14.8,14.57,80.72,30.2,8.67,40.34,0.52,38.9,2022,IGKV,Quarterly,0,0
2022-01-06 08:45:00,1.97,12.67,14.65,14.85,80.72,30.2,12.44,41.72,0.53,39.25,2022,IGKV,Quarterly,0,0
2022-01-06 09:00:00,1.75,12.12,13.87,14.59,80.72,30.2,13.85,41.33,0.53,38.2,2022,IGKV,Quarterly,0,0
2022-01-06 09:15:00,1.54,12.39,13.93,14.91,83.35,31.93,15.01,39.86,0.54,38.02,2022,IGKV,Quarterly,0,0
2022-01-06 09:30:00,1.38,12.4,13.78,14.72,86.78,34.2,17.89,40.99,0.55,38.03,2022,IGKV,Quarterly,0,0
2022-01-06 09:45:00,1.24,12.07,13.31,14.79,86.78,34.2,19.51,41.35,0.57,37.6,2022,IGKV,Quarterly,0,0
2022-01-06 10:00:00,1.11,11.93,13.03,15.14,86.78,34.2,21.34,42.65,0.6,36.51,2022,IGKV,Quarterly,0,0
2022-01-06 10:15:00,0.99,11.88,12.88,14.91,93.37,35.35,22.27,41.38,0.63,35.66,2022,IGKV,Quarterly,0,0
2022-01-06 10:30:00,1.0,12.45,13.45,14.44,101.98,36.85,22.59,41.29,0.67,36.1,2022,IGKV,Quarterly,0,0
2022-01-06 10:45:00,1.03,12.51,13.54,14.64,101.98,36.85,22.96,42.13,0.72,35.93,2022,IGKV,Quarterly,0,0
2022-01-06 11:00:00,1.13,13.11,14.25,15.18,101.98,36.85,20.12,41.21,0.8,34.33,2022,IGKV,Quarterly,0,0
2022-01-06 11:15:00,1.21,11.27,12.48,15.77,112.31,38.82,26.44,42.92,0.82,27.31,2022,IGKV,Quarterly,0,0
2022-01-06 11:30:00,1.38,10.86,12.24,15.99,125.81,41.4,26.68,41.0,0.8,23.57,2022,IGKV,Quarterly,0,0
2022-01-06 11:45:00,1.41,10.67,12.08,15.58,125.81,41.4,28.39,40.9,0.79,21.05,2022,IGKV,Quarterly,0,0
2022-01-06 12:00:00,1.34,11.09,12.43,15.69,125.81,41.4,27.14,39.41,0.78,19.89,2022,IGKV,Quarterly,0,0
2022-01-06 12:15:00,1.28,12.47,13.75,17.11,128.6,41.7,27.49,39.63,0.78,22.73,2022,IGKV,Quarterly,0,0
2022-01-06 12:30:00,1.27,12.52,13.79,16.43,132.25,42.1,27.34,39.63,0.77,20.68,2022,IGKV,Quarterly,0,0
2022-01-06 12:45:00,1.17,12.45,13.61,19.72,132.25,42.1,27.57,40.57,0.76,20.09,2022,IGKV,Quarterly,0,0
2022-01-06 13:00:00,1.17,13.15,14.32,19.22,132.25,42.1,24.92,43.49,0.76,22.18,2022,IGKV,Quarterly,0,0
2022-01-06 13:15:00,1.24,13.43,14.67,18.4,139.01,43.66,12.99,41.62,0.75,19.77,2022,IGKV,Quarterly,0,0
2022-01-06 13:30:00,1.24,13.86,15.1,15.98,147.86,45.69,14.01,42.3,0.74,21.64,2022,IGKV,Quarterly,0,0
2022-01-06 13:45:00,1.28,14.12,15.4,16.16,147.86,45.69,14.86,41.54,0.73,21.27,2022,IGKV,Quarterly,0,0
2022-01-06 14:00:00,1.27,14.39,15.66,15.22,147.86,45.69,3.9,33.37,0.72,24.04,2022,IGKV,Quarterly,0,0
2022-01-06 14:15:00,1.38,14.6,15.98,14.23,156.47,45.83,1.44,53.62,0.7,23.33,2022,IGKV,Quarterly,0,0
2022-01-06 14:30:00,1.42,14.49,15.91,14.17,167.73,46.01,1.43,33.0,0.69,23.99,2022,IGKV,Quarterly,0,0
2022-01-06 14:45:00,1.36,13.96,15.32,15.78,167.73,46.01,0.61,36.85,0.67,24.79,2022,IGKV,Quarterly,0,0
2022-01-06 15:00:00,1.36,13.69,15.05,15.24,167.73,46.01,1.78,34.8,0.66,24.97,2022,IGKV,Quarterly,0,0
2022-01-06 15:15:00,1.72,13.82,15.55,15.92,171.47,47.82,1.23,23.64,0.64,23.77,2022,IGKV,Quarterly,0,0
2022-01-06 15:30:00,1.99,13.7,15.69,14.41,176.36,50.19,1.84,31.43,0.62,24.77,2022,IGKV,Quarterly,0,0
2022-01-06 15:45:00,1.99,14.07,16.06,13.11,176.36,50.19,1.04,311.8,0.59,26.8,2022,IGKV,Quarterly,0,0
2022-01-06 16:00:00,1.98,14.38,16.36,13.53,176.36,50.19,0.8,11.77,0.57,27.76,2022,IGKV,Quarterly,0,0
2022-01-06 16:15:00,1.76,14.01,15.77,12.49,176.77,47.94,1.16,326.54,0.55,29.31,2022,IGKV,Quarterly,0,0
2022-01-06 16:30:00,1.66,13.77,15.43,12.94,177.3,44.99,1.42,324.79,0.53,29.34,2022,IGKV,Quarterly,0,0
2022-01-06 16:45:00,1.62,13.87,15.49,13.15,177.3,44.99,0.79,311.84,0.51,29.4,2022,IGKV,Quarterly,0,0
2022-01-06 17:00:00,1.72,13.94,15.66,12.81,177.3,44.99,0.89,347.1,0.49,28.27,2022,IGKV,Quarterly,0,0
2022-01-06 17:15:00,1.72,14.1,15.82,13.3,170.22,43.95,0.97,327.24,0.48,28.55,2022,IGKV,Quarterly,0,0
2022-01-06 17:30:00,1.69,14.1,15.79,13.56,160.97,42.58,1.66,31.34,0.47,27.99,2022,IGKV,Quarterly,0,0
2022-01-06 17:45:00,2.73,14.94,17.67,13.7,160.97,42.58,1.63,35.45,0.45,26.64,2022,IGKV,Quarterly,0,0
2022-01-06 18:00:00,2.84,15.17,18.01,13.99,160.97,42.58,0.97,2.26,0.44,26.49,2022,IGKV,Quarterly,0,0
2022-01-06 18:15:00,2.04,14.91,16.95,15.74,157.01,41.29,0.8,8.54,0.44,24.64,2022,IGKV,Quarterly,0,0
2022-01-06 18:30:00,2.75,16.76,19.51,16.17,151.83,39.6,0.84,38.48,0.43,20.87,2022,IGKV,Quarterly,0,0
2022-01-06 18:45:00,3.19,17.97,21.16,18.29,151.83,39.6,0.42,10.6,0.46,19.65,2022,IGKV,Quarterly,0,0
2022-01-06 19:00:00,7.21,21.38,28.58,23.31,151.83,39.6,0.56,33.5,0.48,17.04,2022,IGKV,Quarterly,0,0
2022-01-06 19:15:00,8.02,22.64,30.66,23.69,156.51,40.61,0.5,58.33,0.51,17.06,2022,IGKV,Quarterly,0,0
2022-01-06 19:30:00,8.93,25.05,33.98,25.35,162.62,41.94,0.2,66.03,0.56,13.76,2022,IGKV,Quarterly,0,0
2022-01-06 19:45:00,11.12,23.4,34.53,19.75,162.62,41.94,0.27,89.19,0.61,16.79,2022,IGKV,Quarterly,0,0
2022-01-06 20:00:00,13.52,24.6,38.12,31.63,162.62,41.94,0.79,50.36,0.66,20.22,2022,IGKV,Quarterly,0,0
2022-01-06 20:15:00,14.56,24.84,39.4,18.39,174.76,46.52,0.9,51.52,0.7,21.27,2022,IGKV,Quarterly,0,0
2022-01-06 20:30:00,12.91,22.24,35.15,15.13,190.63,52.5,1.28,45.08,0.74,21.14,2022,IGKV,Quarterly,0,0
2022-01-06 20:45:00,12.61,21.53,34.14,11.15,190.63,52.5,1.03,52.07,0.74,19.17,2022,IGKV,Quarterly,0,0
2022-01-06 21:00:00,12.62,21.74,34.36,10.02,190.63,52.5,0.77,59.07,0.75,16.12,2022,IGKV,Quarterly,0,0
2022-01-06 21:15:00,16.44,23.33,39.77,10.4,190.44,51.08,0.43,64.59,0.77,15.51,2022,IGKV,Quarterly,0,0
2022-01-06 21:30:00,14.43,21.82,36.25,10.53,190.19,49.21,0.27,160.98,0.78,20.06,2022,IGKV,Quarterly,0,0
2022-01-06 21:45:00,12.56,19.9,32.46,11.02,190.19,49.21,0.15,163.15,0.77,20.78,2022,IGKV,Quarterly,0,0
2022-01-06 22:00:00,11.83,18.97,30.8,10.64,190.19,49.21,0.21,154.02,0.78,21.09,2022,IGKV,Quarterly,0,0
2022-01-06 22:15:00,11.36,18.25,29.61,15.72,182.26,49.02,0.23,155.95,0.78,21.9,2022,IGKV,Quarterly,0,0
2022-01-06 22:30:00,11.15,17.29,28.44,15.74,171.89,48.77,0.24,162.66,0.79,22.99,2022,IGKV,Quarterly,0,0
2022-01-06 22:45:00,10.78,16.63,27.4,15.83,171.89,48.77,0.15,165.36,0.79,23.3,2022,IGKV,Quarterly,0,0
2022-01-06 23:00:00,10.4,16.28,26.68,15.92,171.89,48.77,0.18,166.56,0.8,23.49,2022,IGKV,Quarterly,0,0
2022-01-06 23:15:00,10.22,15.97,26.2,15.39,171.16,47.66,0.25,175.01,0.82,23.48,2022,IGKV,Quarterly,0,0
2022-01-06 23:30:00,10.2,15.77,25.97,15.79,170.21,46.2,0.16,227.87,0.82,22.77,2022,IGKV,Quarterly,0,0
2022-01-06 23:45:00,10.13,16.63,26.77,17.75,170.21,46.2,0.18,196.24,0.87,22.4,2022,IGKV,Quarterly,0,0
2022-01-07 00:15:00,5.16,0.39,5.53,3.66,12.76,5.05,0.42,252.23,0.33,12.77,2022,IGKV,Quarterly,0,0
2022-01-07 00:30:00,5.27,0.85,6.13,3.67,12.76,5.05,0.34,268.22,0.35,12.98,2022,IGKV,Quarterly,0,0
2022-01-07 00:45:00,5.71,1.2,6.91,3.4,12.76,5.05,0.48,271.65,0.37,13.22,2022,IGKV,Quarterly,0,0
2022-01-07 01:00:00,6.59,1.9,8.49,3.35,12.76,5.05,0.74,269.03,0.39,13.5,2022,IGKV,Quarterly,0,0
2022-01-07 01:15:00,7.29,2.46,9.75,3.15,12.76,5.05,0.67,260.69,0.4,13.81,2022,IGKV,Quarterly,0,0
2022-01-07 01:30:00,7.66,2.74,10.4,3.12,12.76,5.05,0.74,257.65,0.4,13.9,2022,IGKV,Quarterly,0,0
2022-01-07 01:45:00,7.74,2.75,10.5,3.26,12.76,5.05,0.56,248.18,0.39,13.92,2022,IGKV,Quarterly,0,0
2022-01-07 02:00:00,7.45,2.58,10.03,3.1,12.69,4.91,0.57,244.86,0.4,13.81,2022,IGKV,Quarterly,0,0
2022-01-07 02:15:00,7.16,2.35,9.51,3.13,12.03,3.53,0.66,243.16,0.41,13.8,2022,IGKV,Quarterly,0,0
2022-01-07 02:30:00,6.92,2.23,9.15,3.28,12.03,3.53,0.45,226.62,0.43,13.61,2022,IGKV,Quarterly,0,0
2022-01-07 02:45:00,6.74,1.81,8.55,3.31,12.03,3.53,0.72,236.47,0.44,13.53,2022,IGKV,Quarterly,0,0
2022-01-07 03:00:00,6.41,1.38,7.79,3.37,13.16,3.69,0.8,245.31,0.43,13.27,2022,IGKV,Quarterly,0,0
2022-01-07 03:15:00,6.22,1.09,7.3,3.27,24.79,5.31,0.97,242.44,0.44,13.26,2022,IGKV,Quarterly,0,0
2022-01-07 03:30:00,6.08,0.12,6.19,3.19,24.79,5.31,0.94,241.05,0.41,11.04,2022,IGKV,Quarterly,0,0
2022-01-07 03:45:00,5.93,0.11,5.97,3.12,24.79,5.31,0.94,244.64,0.4,10.97,2022,IGKV,Quarterly,0,0
2022-01-07 04:00:00,5.84,0.12,5.88,3.05,25.25,5.44,1.09,261.91,0.41,10.59,2022,IGKV,Quarterly,0,0
2022-01-07 04:15:00,6.0,0.32,6.32,3.0,29.99,6.85,0.92,260.09,0.43,10.86,2022,IGKV,Quarterly,0,0
2022-01-07 04:30:00,6.27,0.19,6.45,3.11,29.99,6.85,0.97,267.93,0.44,10.93,2022,IGKV,Quarterly,0,0
2022-01-07 04:45:00,6.31,0.44,6.75,2.89,29.99,6.85,0.78,250.72,0.45,11.19,2022,IGKV,Quarterly,0,0
2022-01-07 05:00:00,6.19,0.37,6.56,3.05,30.05,7.25,0.91,253.25,0.46,10.66,2022,IGKV,Quarterly,0,0
2022-01-07 05:15:00,5.9,0.76,6.66,3.07,30.68,11.39,0.83,248.33,0.5,11.99,2022,IGKV,Quarterly,0,0
2022-01-07 05:30:00,5.51,1.09,6.6,2.79,30.68,11.39,1.13,260.94,0.54,12.92,2022,IGKV,Quarterly,0,0
2022-01-07 05:45:00,5.53,0.69,6.22,2.34,30.68,11.39,0.64,247.63,0.55,12.96,2022,IGKV,Quarterly,0,0
2022-01-07 06:00:00,5.7,0.76,6.45,2.58,30.92,11.12,0.95,289.08,0.58,13.14,2022,IGKV,Quarterly,0,0
2022-01-07 06:15:00,5.72,0.59,6.31,3.26,33.45,8.34,0.74,279.07,0.58,12.77,2022,IGKV,Quarterly,0,0
2022-01-07 06:30:00,5.18,1.14,6.33,4.67,33.45,8.34,0.75,287.36,0.58,12.49,2022,IGKV,Quarterly,0,0
2022-01-07 06:45:00,4.45,1.56,6.01,4.15,33.45,8.34,0.52,247.17,0.59,12.97,2022,IGKV,Quarterly,0,0
2022-01-07 07:00:00,4.08,1.16,5.24,3.71,33.98,8.64,0.86,268.72,0.61,12.68,2022,IGKV,Quarterly,0,0
2022-01-07 07:15:00,4.07,1.24,5.31,3.6,39.48,11.63,0.59,272.64,0.62,13.49,2022,IGKV,Quarterly,0,0
2022-01-07 07:30:00,4.14,0.75,4.9,4.04,39.48,11.63,0.93,257.45,0.62,12.52,2022,IGKV,Quarterly,0,0
2022-01-07 07:45:00,4.2,0.95,5.15,4.05,39.48,11.63,0.91,248.25,0.62,13.06,2022,IGKV,Quarterly,0,0
2022-01-07 08:00:00,5.77,1.22,6.99,4.13,40.42,12.63,0.77,260.2,0.59,12.13,2022,IGKV,Quarterly,0,0
2022-01-07 08:15:00,4.62,0.88,5.49,4.21,50.02,22.91,1.03,248.53,0.59,12.57,2022,IGKV,Quarterly,0,0
2022-01-07 08:30:00,4.19,1.16,5.36,4.32,50.02,22.91,1.06,258.18,0.6,12.92,2022,IGKV,Quarterly,0,0
2022-01-07 08:45:00,4.07,1.16,5.23,4.7,50.02,22.91,0.79,255.77,0.6,13.06,2022,IGKV,Quarterly,0,0
2022-01-07 09:00:00,4.15,1.23,5.37,4.56,50.68,23.0,0.92,246.03,0.61,13.31,2022,IGKV,Quarterly,0,0
2022-01-07 09:15:00,4.23,1.28,5.51,5.13,57.44,23.82,0.93,271.15,0.61,13.43,2022,IGKV,Quarterly,0,0
2022-01-07 09:30:00,4.33,1.2,5.53,4.96,57.44,23.82,0.8,264.66,0.58,13.03,2022,IGKV,Quarterly,0,0
2022-01-07 09:45:00,4.26,1.67,5.92,5.25,57.44,23.82,0.59,236.15,0.6,13.47,2022,IGKV,Quarterly,0,0
2022-01-07 10:00:00,4.17,1.26,5.42,5.24,57.12,23.62,0.54,249.66,0.59,12.78,2022,IGKV,Quarterly,0,0
2022-01-07 10:15:00,4.17,1.33,5.5,5.16,53.85,21.56,0.71,267.46,0.61,13.51,2022,IGKV,Quarterly,0,0
2022-01-07 10:30:00,4.22,0.66,4.88,5.16,53.85,21.56,0.81,254.11,0.57,12.56,2022,IGKV,Quarterly,0,0
2022-01-07 10:45:00,4.17,1.35,5.51,5.05,53.85,21.56,0.69,262.97,0.59,13.04,2022,IGKV,Quarterly,0,0
2022-01-07 11:00:00,4.21,0.92,5.13,5.28,54.09,21.56,0.76,275.68,0.59,12.78,2022,IGKV,Quarterly,0,0
2022-01-07 11:15:00,4.19,1.63,5.81,5.6,56.58,21.52,1.09,272.66,0.61,13.32,2022,IGKV,Quarterly,0,0
2022-01-07 11:30:00,4.29,1.31,5.6,5.36,56.58,21.52,0.93,257.17,0.59,13.17,2022,IGKV,Quarterly,0,0
2022-01-07 11:45:00,4.24,1.7,5.94,5.4,56.58,21.52,0.98,255.53,0.59,13.32,2022,IGKV,Quarterly,0,0
2022-01-07 12:00:00,4.22,1.24,5.46,5.46,56.74,21.71,0.63,261.71,0.56,12.96,2022,IGKV,Quarterly,0,0
2022-01-07 12:15:00,4.25,1.91,6.16,5.02,58.3,23.67,0.6,257.04,0.57,13.32,2022,IGKV,Quarterly,0,0
2022-01-07 12:30:00,4.28,1.29,5.57,3.92,58.3,23.67,0.47,252.73,0.55,12.86,2022,IGKV,Quarterly,0,0
2022-01-07 12:45:00,4.25,1.58,5.83,3.73,58.3,23.67,0.78,251.24,0.56,13.22,2022,IGKV,Quarterly,0,0
2022-01-07 13:00:00,4.34,2.01,6.35,3.71,58.4,23.86,0.73,263.88,0.57,13.29,2022,IGKV,Quarterly,0,0
2022-01-07 13:15:00,5.51,2.82,8.33,4.03,59.42,25.84,0.77,272.01,0.6,14.4,2022,IGKV,Quarterly,0,0
2022-01-07 13:30:00,5.23,2.52,7.75,3.78,59.42,25.84,0.64,250.35,0.6,14.36,2022,IGKV,Quarterly,0,0
2022-01-07 13:45:00,4.97,1.78,6.75,3.87,59.42,25.84,0.56,248.42,0.58,13.62,2022,IGKV,Quarterly,0,0
2022-01-07 14:00:00,4.8,1.79,6.59,3.8,59.12,25.94,0.52,246.4,0.58,13.96,2022,IGKV,Quarterly,0,0
2022-01-07 14:15:00,4.73,1.6,6.33,3.8,56.11,26.96,0.67,250.66,0.6,13.92,2022,IGKV,Quarterly,0,0
2022-01-07 14:30:00,4.8,1.07,5.87,3.62,56.11,26.96,0.78,246.95,0.58,13.56,2022,IGKV,Quarterly,0,0
2022-01-07 14:45:00,4.78,1.09,5.87,3.91,56.11,26.96,0.77,248.41,0.59,13.84,2022,IGKV,Quarterly,0,0
2022-01-07 15:00:00,4.77,0.78,5.55,3.64,55.96,26.74,0.47,233.68,0.58,13.39,2022,IGKV,Quarterly,0,0
2022-01-07 15:15:00,4.84,0.52,5.37,3.85,54.45,24.41,0.5,243.79,0.58,13.56,2022,IGKV,Quarterly,0,0
2022-01-07 15:30:00,4.88,0.4,5.28,3.86,54.45,24.41,0.51,247.82,0.57,13.77,2022,IGKV,Quarterly,0,0
2022-01-07 15:45:00,4.87,0.55,5.42,4.03,54.45,24.41,0.39,244.83,0.57,13.74,2022,IGKV,Quarterly,0,0
2022-01-07 16:00:00,4.96,0.22,5.13,3.74,53.75,24.13,0.3,232.73,0.55,13.16,2022,IGKV,Quarterly,0,0
2022-01-07 16:15:00,5.03,0.21,5.17,3.88,46.54,21.17,0.37,242.4,0.54,13.58,2022,IGKV,Quarterly,0,0
2022-01-07 16:30:00,5.06,0.39,5.45,4.06,46.54,21.17,0.12,216.13,0.56,13.38,2022,IGKV,Quarterly,0,0
2022-01-07 16:45:00,5.13,0.41,5.54,4.27,46.54,21.17,0.3,222.43,0.55,13.4,2022,IGKV,Quarterly,0,0
2022-01-07 17:00:00,5.26,0.3,5.56,4.12,46.96,21.09,0.4,242.71,0.54,13.65,2022,IGKV,Quarterly,0,0
2022-01-07 17:15:00,5.21,0.52,5.73,4.35,51.25,20.28,0.38,236.26,0.54,13.82,2022,IGKV,Quarterly,0,0
2022-01-07 17:30:00,5.29,0.51,5.79,4.32,51.25,20.28,0.25,231.92,0.54,13.75,2022,IGKV,Quarterly,0,0
2022-01-07 17:45:00,5.3,0.18,5.48,4.1,51.25,20.28,0.22,230.12,0.53,13.5,2022,IGKV,Quarterly,0,0
2022-01-07 18:00:00,5.29,0.42,5.71,4.15,50.45,20.05,0.21,220.47,0.5,13.81,2022,IGKV,Quarterly,0,0
2022-01-07 18:15:00,5.25,0.49,5.74,4.47,42.26,17.71,0.5,242.75,0.5,13.91,2022,IGKV,Quarterly,0,0
2022-01-07 18:30:00,5.09,0.49,5.58,4.17,42.26,17.71,0.9,250.42,0.48,13.54,2022,IGKV,Quarterly,0,0
2022-01-07 18:45:00,5.05,0.49,5.54,4.33,42.26,17.71,0.94,250.01,0.48,13.56,2022,IGKV,Quarterly,0,0
2022-01-07 19:00:00,4.95,0.75,5.69,4.0,42.27,17.71,0.77,253.82,0.49,13.62,2022,IGKV,Quarterly,0,0
2022-01-07 19:15:00,5.04,1.22,6.27,3.98,42.32,17.71,0.69,269.94,0.51,13.76,2022,IGKV,Quarterly,0,0
2022-01-07 19:30:00,5.34,1.88,7.22,4.06,42.32,17.71,0.63,248.01,0.52,14.04,2022,IGKV,Quarterly,0,0
2022-01-07 19:45:00,5.5,1.93,7.43,4.03,42.32,17.71,0.79,252.79,0.52,14.02,2022,IGKV,Quarterly,0,0
2022-01-07 20:00:00,5.44,1.84,7.28,4.15,42.58,17.67,0.68,249.07,0.5,13.93,2022,IGKV,Quarterly,0,0
2022-01-07 20:15:00,5.36,2.14,7.51,4.03,45.17,17.29,0.66,265.89,0.5,14.37,2022,IGKV,Quarterly,0,0
2022-01-07 20:30:00,5.54,2.48,8.01,4.02,45.17,17.29,0.92,277.3,0.49,14.35,2022,IGKV,Quarterly,0,0
2022-01-07 20:45:00,5.76,2.7,8.46,4.05,45.17,17.29,0.52,250.31,0.48,14.37,2022,IGKV,Quarterly,0,0
2022-01-07 21:00:00,5.81,2.72,8.53,4.05,45.18,17.51,0.72,252.05,0.48,14.3,2022,IGKV,Quarterly,0,0
2022-01-07 21:15:00,5.72,2.77,8.5,3.89,45.27,19.75,0.74,243.62,0.47,14.44,2022,IGKV,Quarterly,0,0
2022-01-07 21:30:00,5.63,2.58,8.21,3.65,45.27,19.75,0.78,264.99,0.45,14.21,2022,IGKV,Quarterly,0,0
2022-01-07 21:45:00,5.62,2.53,8.15,3.81,45.27,19.75,0.81,281.98,0.45,14.25,2022,IGKV,Quarterly,0,0
2022-01-07 22:00:00,5.86,2.73,8.58,3.66,45.56,19.35,0.68,286.83,0.44,14.38,2022,IGKV,Quarterly,0,0
2022-01-07 22:15:00,6.51,3.06,9.57,4.02,48.54,15.24,0.62,281.38,0.44,14.78,2022,IGKV,Quarterly,0,0
2022-01-07 22:30:00,6.88,3.19,10.08,4.28,48.54,15.24,0.55,258.67,0.44,14.8,2022,IGKV,Quarterly,0,0
2022-01-07 22:45:00,6.93,3.27,10.19,3.87,48.54,15.24,0.44,249.61,0.43,14.7,2022,IGKV,Quarterly,0,0
2022-01-07 23:00:00,6.93,2.67,9.59,3.61,48.12,15.39,0.37,250.71,0.44,14.82,2022,IGKV,Quarterly,0,0
2022-01-07 23:15:00,6.97,2.3,9.26,3.83,43.81,16.98,0.2,247.14,0.45,14.85,2022,IGKV,Quarterly,0,0
2022-01-07 23:30:00,7.16,2.02,9.18,3.71,43.81,16.98,0.15,223.57,0.44,14.7,2022,IGKV,Quarterly,0,0
2022-01-07 23:45:00,7.4,1.83,9.22,3.58,43.81,16.98,0.22,217.88,0.43,14.65,2022,IGKV,Quarterly,0,0
2022-01-08 00:15:00,9.52,7.61,17.13,3.84,78.78,19.26,0.16,193.42,1.04,17.67,2022,IGKV,Quarterly,0,0
2022-01-08 00:30:00,9.13,8.54,17.66,3.66,77.74,19.59,0.17,145.59,1.07,17.76,2022,IGKV,Quarterly,0,0
2022-01-08 00:45:00,9.04,8.47,17.51,4.25,70.25,21.32,0.19,140.46,1.07,17.76,2022,IGKV,Quarterly,0,0
2022-01-08 01:00:00,8.95,8.14,17.09,3.85,70.25,21.32,0.12,161.21,1.06,17.53,2022,IGKV,Quarterly,0,0
2022-01-08 01:15:00,8.81,7.95,16.76,4.0,70.25,21.32,0.09,176.81,1.04,17.44,2022,IGKV,Quarterly,0,0
2022-01-08 01:30:00,8.72,8.21,16.93,4.01,69.39,21.45,0.14,135.91,1.06,17.46,2022,IGKV,Quarterly,0,0
2022-01-08 01:45:00,8.65,8.03,16.68,4.27,63.2,22.09,0.12,164.42,1.05,17.54,2022,IGKV,Quarterly,0,0
2022-01-08 02:00:00,8.53,7.95,16.48,4.13,63.2,22.09,0.12,168.47,1.04,17.21,2022,IGKV,Quarterly,0,0
2022-01-08 02:15:00,8.4,7.93,16.33,4.27,63.2,22.09,0.14,147.22,1.01,17.08,2022,IGKV,Quarterly,0,0
2022-01-08 02:30:00,8.26,8.1,16.36,4.09,53.16,21.8,0.11,173.69,1.02,17.22,2022,IGKV,Quarterly,0,0
2022-01-08 02:45:00,8.14,7.97,16.11,3.97,53.16,20.31,0.13,166.96,1.01,17.32,2022,IGKV,Quarterly,0,0
2022-01-08 03:00:00,8.01,7.76,15.77,4.06,53.16,20.31,0.13,148.26,0.99,17.04,2022,IGKV,Quarterly,0,0
2022-01-08 03:15:00,7.95,7.42,15.37,4.24,53.16,20.31,0.09,182.54,0.95,16.92,2022,IGKV,Quarterly,0,0
2022-01-08 03:30:00,7.84,7.12,14.96,4.15,53.21,19.91,0.19,152.36,0.95,16.07,2022,IGKV,Quarterly,0,0
2022-01-08 03:45:00,7.75,6.96,14.71,4.15,53.58,17.57,0.25,154.45,0.94,15.09,2022,IGKV,Quarterly,0,0
2022-01-08 04:00:00,7.73,6.83,14.56,4.27,53.58,17.57,0.18,167.3,0.92,15.46,2022,IGKV,Quarterly,0,0
2022-01-08 04:15:00,7.67,6.58,14.25,4.19,53.58,17.57,0.2,151.6,0.9,14.25,2022,IGKV,Quarterly,0,0
2022-01-08 04:30:00,7.69,6.76,14.45,4.25,52.88,17.48,0.09,144.88,0.9,15.43,2022,IGKV,Quarterly,0,0
2022-01-08 04:45:00,7.66,6.53,14.19,4.12,47.82,17.02,0.13,147.0,0.89,14.79,2022,IGKV,Quarterly,0,0
2022-01-08 05:00:00,7.63,6.58,14.21,4.17,47.82,17.02,0.07,144.23,0.88,15.43,2022,IGKV,Quarterly,0,0
2022-01-08 05:15:00,7.62,6.53,14.16,3.89,47.82,17.02,0.17,165.27,0.88,14.9,2022,IGKV,Quarterly,0,0
2022-01-08 05:30:00,7.71,6.29,14.0,3.95,47.75,16.89,0.19,151.45,0.85,15.28,2022,IGKV,Quarterly,0,0
2022-01-08 05:45:00,7.63,6.59,14.23,4.22,47.22,16.21,0.09,181.52,0.87,15.37,2022,IGKV,Quarterly,0,0
2022-01-08 06:00:00,7.66,6.28,13.93,3.91,47.22,16.21,0.14,145.38,0.83,14.76,2022,IGKV,Quarterly,0,0
2022-01-08 06:15:00,7.57,6.58,14.16,3.56,47.22,16.21,0.12,160.03,0.85,15.37,2022,IGKV,Quarterly,0,0
2022-01-08 06:30:00,7.65,6.15,13.79,4.03,46.23,16.32,0.1,157.54,0.8,14.57,2022,IGKV,Quarterly,0,0
2022-01-08 06:45:00,7.57,6.63,14.19,4.05,39.12,16.89,0.1,160.27,0.82,15.05,2022,IGKV,Quarterly,0,0
2022-01-08 07:00:00,7.58,6.37,13.96,4.28,39.12,16.89,0.09,208.59,0.8,15.26,2022,IGKV,Quarterly,0,0
2022-01-08 07:15:00,7.54,6.54,14.08,4.19,39.12,16.89,0.32,251.44,0.79,15.57,2022,IGKV,Quarterly,0,0
2022-01-08 07:30:00,7.43,6.29,13.72,3.91,38.41,16.15,0.22,225.35,0.75,14.53,2022,IGKV,Quarterly,0,0
2022-01-08 07:45:00,7.22,6.74,13.97,4.04,33.28,11.97,0.23,231.48,0.76,15.44,2022,IGKV,Quarterly,0,0
2022-01-08 08:00:00,7.08,6.25,13.33,4.0,33.28,11.97,0.17,243.58,0.73,14.54,2022,IGKV,Quarterly,0,0
2022-01-08 08:15:00,6.77,7.04,13.81,4.34,33.28,11.97,0.24,230.3,0.76,15.89,2022,IGKV,Quarterly,0,0
2022-01-08 08:30:00,6.38,7.06,13.44,4.02,35.07,12.89,0.42,259.38,0.74,16.32,2022,IGKV,Quarterly,0,0
2022-01-08 08:45:00,5.82,7.97,13.79,4.01,47.95,18.06,0.36,248.96,0.78,17.04,2022,IGKV,Quarterly,0,0
2022-01-08 09:00:00,5.32,8.08,13.41,3.9,47.95,18.06,0.31,236.62,0.79,16.37,2022,IGKV,Quarterly,0,0
2022-01-08 09:15:00,4.79,8.69,13.47,4.28,47.95,18.06,0.4,273.71,0.82,16.9,2022,IGKV,Quarterly,0,0
2022-01-08 09:30:00,4.18,8.77,12.95,3.88,48.78,18.01,0.31,237.85,0.82,15.83,2022,IGKV,Quarterly,0,0
2022-01-08 09:45:00,3.68,9.13,12.82,3.93,54.79,17.76,0.26,207.14,0.84,16.77,2022,IGKV,Quarterly,0,0
2022-01-08 10:00:00,3.16,8.65,11.81,3.92,54.79,17.76,0.42,234.26,0.81,15.84,2022,IGKV,Quarterly,0,0
2022-01-08 10:15:00,2.84,8.79,11.63,3.95,54.79,17.76,0.23,323.08,0.86,15.87,2022,IGKV,Quarterly,0,0
2022-01-08 10:30:00,2.82,8.82,11.64,4.01,55.16,17.67,1.63,50.67,0.85,16.04,2022,IGKV,Quarterly,0,0
2022-01-08 10:45:00,2.85,9.11,11.97,3.98,57.8,17.16,0.67,75.17,0.86,15.99,2022,IGKV,Quarterly,0,0
2022-01-08 11:00:00,3.02,8.88,11.9,3.76,57.8,17.16,0.54,60.43,0.83,15.88,2022,IGKV,Quarterly,0,0
2022-01-08 11:15:00,3.63,9.66,13.29,3.63,57.8,17.16,0.68,49.23,0.87,16.44,2022,IGKV,Quarterly,0,0
2022-01-08 11:30:00,4.2,9.5,13.7,3.92,57.8,17.03,0.88,11.03,0.85,16.19,2022,IGKV,Quarterly,0,0
2022-01-08 11:45:00,4.51,9.79,14.3,3.91,60.06,16.34,1.21,37.4,0.85,16.75,2022,IGKV,Quarterly,0,0
2022-01-08 12:00:00,4.77,9.9,14.68,3.69,60.06,16.34,1.16,45.67,0.83,16.54,2022,IGKV,Quarterly,0,0
2022-01-08 12:15:00,5.37,9.75,15.13,4.45,60.06,16.34,1.08,47.09,0.76,16.68,2022,IGKV,Quarterly,0,0
2022-01-08 12:30:00,6.53,9.68,16.21,4.55,52.16,16.52,0.95,43.26,0.81,16.9,2022,IGKV,Quarterly,0,0
2022-01-08 12:45:00,6.96,9.73,16.7,4.63,52.16,17.47,1.18,57.17,0.81,17.06,2022,IGKV,Quarterly,0,0
2022-01-08 13:00:00,6.83,9.82,16.65,4.32,52.16,17.47,1.0,59.33,0.77,17.26,2022,IGKV,Quarterly,0,0
2022-01-08 13:15:00,6.71,9.61,16.32,4.05,52.16,17.47,0.73,60.28,0.78,16.45,2022,IGKV,Quarterly,0,0
2022-01-08 13:30:00,6.76,9.09,15.86,4.01,52.16,17.8,0.63,51.0,0.75,15.54,2022,IGKV,Quarterly,0,0
2022-01-08 13:45:00,6.56,9.03,15.59,3.76,66.46,19.53,0.45,40.97,0.74,14.49,2022,IGKV,Quarterly,0,0
2022-01-08 14:00:00,6.39,9.28,15.67,4.17,66.46,19.53,0.47,29.73,0.75,15.82,2022,IGKV,Quarterly,0,0
2022-01-08 14:15:00,6.34,8.95,15.29,4.08,66.46,19.53,0.45,358.55,0.72,15.19,2022,IGKV,Quarterly,0,0
2022-01-08 14:30:00,6.16,9.54,15.7,3.96,67.38,19.4,0.58,14.75,0.7,14.09,2022,IGKV,Quarterly,0,0
2022-01-08 14:45:00,5.84,9.86,15.7,3.9,74.01,18.75,0.62,14.9,0.73,15.5,2022,IGKV,Quarterly,0,0
2022-01-08 15:00:00,6.08,10.28,16.36,3.83,74.01,18.75,0.36,346.3,0.69,15.19,2022,IGKV,Quarterly,0,0
2022-01-08 15:15:00,6.18,10.34,16.53,3.46,74.01,18.75,0.47,355.16,0.66,13.98,2022,IGKV,Quarterly,0,0
2022-01-08 15:30:00,5.78,10.07,15.86,3.82,74.0,18.63,0.55,11.52,0.69,14.69,2022,IGKV,Quarterly,0,0
2022-01-08 15:45:00,6.68,9.53,16.22,3.84,73.93,17.99,0.47,24.84,0.66,15.31,2022,IGKV,Quarterly,0,0
2022-01-08 16:00:00,6.18,9.56,15.74,3.5,73.93,17.99,0.44,1.64,0.63,14.22,2022,IGKV,Quarterly,0,0
2022-01-08 16:15:00,6.08,10.29,16.36,3.6,73.93,17.99,0.67,24.65,0.67,15.25,2022,IGKV,Quarterly,0,0
2022-01-08 16:30:00,7.38,13.86,21.24,2.82,73.76,17.87,0.69,47.92,0.62,17.28,2022,IGKV,Quarterly,0,0
2022-01-08 16:45:00,8.73,16.64,25.37,1.7,72.58,17.27,0.75,44.88,0.57,17.49,2022,IGKV,Quarterly,0,0
2022-01-08 17:00:00,10.27,17.07,27.34,0.88,72.58,17.27,0.81,36.58,0.56,17.92,2022,IGKV,Quarterly,0,0
2022-01-08 17:15:00,9.71,19.49,29.21,0.77,72.58,17.27,0.44,34.16,0.6,19.36,2022,IGKV,Quarterly,0,0
2022-01-08 17:30:00,13.42,22.72,36.15,0.04,73.28,17.55,0.52,52.57,0.66,18.25,2022,IGKV,Quarterly,0,0
2022-01-08 17:45:00,12.14,22.76,34.89,0.155,78.27,18.97,0.23,38.93,0.64,17.81,2022,IGKV,Quarterly,1,1
2022-01-08 18:00:00,9.81,17.47,27.28,0.27,78.27,18.97,0.18,237.56,0.64,18.68,2022,IGKV,Quarterly,0,0
2022-01-08 18:15:00,9.06,14.54,23.61,3.69,78.27,18.97,0.41,267.45,0.63,19.58,2022,IGKV,Quarterly,0,0
2022-01-08 18:30:00,8.86,13.51,22.38,3.11,78.64,18.74,0.41,359.85,0.64,18.72,2022,IGKV,Quarterly,1,1
2022-01-08 18:45:00,8.86,13.07,21.93,3.2,81.36,0.0,0.41,239.93,0.64,18.72,2022,IGKV,Quarterly,0,0
2022-01-08 19:00:00,9.1,12.25,21.35,3.3,81.36,17.54,0.25,221.98,0.63,18.52,2022,IGKV,Quarterly,0,0
2022-01-08 19:15:00,8.91,11.73,20.64,3.44,81.36,17.54,0.18,154.43,0.65,18.23,2022,IGKV,Quarterly,0,0
2022-01-08 19:30:00,8.5,10.81,19.31,3.62,80.2,17.31,0.29,148.37,0.64,17.75,2022,IGKV,Quarterly,0,0
2022-01-08 19:45:00,8.13,10.13,18.27,3.93,71.89,16.1,0.15,157.37,0.62,17.93,2022,IGKV,Quarterly,0,0
2022-01-08 20:00:00,7.68,9.65,17.33,3.96,71.89,16.1,0.11,161.53,0.63,17.42,2022,IGKV,Quarterly,0,0
2022-01-08 20:15:00,7.34,9.05,16.4,4.21,71.89,16.1,0.1,153.7,0.63,17.19,2022,IGKV,Quarterly,0,0
2022-01-08 20:30:00,7.28,8.81,16.09,4.36,71.16,15.61,0.21,167.97,0.61,17.16,2022,IGKV,Quarterly,0,0
2022-01-08 20:45:00,7.23,8.81,16.04,4.27,65.99,13.04,0.13,164.24,0.64,16.89,2022,IGKV,Quarterly,0,0
2022-01-08 21:00:00,7.68,8.37,16.06,4.35,65.99,13.04,0.27,69.68,0.63,17.03,2022,IGKV,Quarterly,0,0
2022-01-08 21:15:00,10.08,8.96,19.04,4.86,65.99,13.04,0.16,106.61,0.66,17.97,2022,IGKV,Quarterly,0,0
2022-01-08 21:30:00,12.38,9.65,22.03,4.72,67.77,13.51,0.27,76.62,0.72,18.22,2022,IGKV,Quarterly,0,0
2022-01-08 21:45:00,13.99,9.61,23.6,5.06,80.6,15.95,0.91,56.57,0.73,18.75,2022,IGKV,Quarterly,0,0
2022-01-08 22:00:00,14.77,9.78,24.55,5.07,80.6,15.95,0.88,59.12,0.74,19.07,2022,IGKV,Quarterly,0,0
2022-01-08 22:15:00,14.91,10.08,24.99,5.3,80.6,15.95,0.84,58.27,0.75,19.09,2022,IGKV,Quarterly,0,0
2022-01-08 22:30:00,14.94,9.88,24.83,4.95,80.27,15.75,0.6,62.66,0.73,18.71,2022,IGKV,Quarterly,0,0
2022-01-08 22:45:00,14.92,9.99,24.92,5.16,77.94,14.7,0.2,117.45,0.71,19.29,2022,IGKV,Quarterly,0,0
2022-01-08 23:00:00,14.77,10.06,24.82,5.23,77.94,14.7,0.16,201.29,0.72,19.02,2022,IGKV,Quarterly,0,0
2022-01-08 23:15:00,14.79,9.67,24.46,5.49,77.94,14.7,0.15,181.8,0.68,18.95,2022,IGKV,Quarterly,0,0
2022-01-08 23:30:00,14.67,9.12,23.79,5.21,77.64,14.74,0.11,179.42,0.66,16.87,2022,IGKV,Quarterly,0,0
2022-01-08 23:45:00,14.35,9.15,23.5,5.3,75.51,14.96,0.07,220.29,0.66,17.59,2022,IGKV,Quarterly,0,0
2022-01-09 00:15:00,2.89,4.02,6.91,5.59,9.31,5.88,0.14,212.33,0.46,13.32,2022,IGKV,Quarterly,0,0
2022-01-09 00:30:00,2.96,3.86,6.81,5.24,9.31,5.88,0.19,217.02,0.44,13.37,2022,IGKV,Quarterly,0,0
2022-01-09 00:45:00,2.99,3.96,6.95,4.95,8.84,5.88,0.1,230.18,0.45,13.61,2022,IGKV,Quarterly,0,0
2022-01-09 01:00:00,3.07,3.86,6.93,5.23,6.8,4.28,0.15,219.22,0.44,13.47,2022,IGKV,Quarterly,0,0
2022-01-09 01:15:00,3.15,3.82,6.97,5.19,6.8,4.28,0.14,196.4,0.43,13.92,2022,IGKV,Quarterly,0,0
2022-01-09 01:30:00,3.21,3.98,7.18,5.37,6.8,4.28,0.17,231.66,0.46,14.55,2022,IGKV,Quarterly,0,0
2022-01-09 01:45:00,3.21,4.02,7.23,5.04,6.84,4.28,0.1,237.69,0.45,15.87,2022,IGKV,Quarterly,0,0
2022-01-09 02:00:00,3.26,4.04,7.3,4.8,7.01,4.46,0.16,253.98,0.46,16.9,2022,IGKV,Quarterly,0,0
2022-01-09 02:15:00,3.38,4.14,7.52,5.36,7.01,4.46,0.16,158.33,0.46,17.24,2022,IGKV,Quarterly,0,0
2022-01-09 02:30:00,3.43,4.14,7.57,5.24,7.01,4.46,0.16,190.68,0.46,17.15,2022,IGKV,Quarterly,0,0
2022-01-09 02:45:00,3.48,4.04,7.52,5.07,7.06,4.46,0.11,216.51,0.44,16.59,2022,IGKV,Quarterly,0,0
2022-01-09 03:00:00,3.51,4.06,7.57,5.37,7.27,3.24,0.13,173.76,0.44,17.21,2022,IGKV,Quarterly,0,0
2022-01-09 03:15:00,3.52,4.06,7.58,5.1,7.27,3.24,0.15,226.31,0.43,17.05,2022,IGKV,Quarterly,0,0
2022-01-09 03:30:00,3.53,4.01,7.54,5.59,7.27,3.24,0.14,237.03,0.43,16.42,2022,IGKV,Quarterly,0,0
2022-01-09 03:45:00,3.48,4.03,7.51,5.42,7.15,3.24,0.14,224.63,0.42,16.75,2022,IGKV,Quarterly,0,0
2022-01-09 04:00:00,3.49,4.14,7.63,5.49,6.64,2.53,0.11,253.44,0.44,17.31,2022,IGKV,Quarterly,0,0
2022-01-09 04:15:00,3.49,4.16,7.66,4.88,6.64,2.53,0.15,192.29,0.43,17.18,2022,IGKV,Quarterly,0,0
2022-01-09 04:30:00,3.57,4.03,7.6,5.24,6.64,2.53,0.23,263.12,0.42,16.57,2022,IGKV,Quarterly,0,0
2022-01-09 04:45:00,3.59,4.04,7.63,5.26,6.26,2.53,0.35,251.89,0.41,16.71,2022,IGKV,Quarterly,0,0
2022-01-09 05:00:00,3.6,4.11,7.71,5.54,4.65,1.84,0.2,225.37,0.41,17.05,2022,IGKV,Quarterly,0,0
2022-01-09 05:15:00,3.58,4.11,7.69,5.62,4.65,1.84,0.11,204.56,0.41,16.88,2022,IGKV,Quarterly,0,0
2022-01-09 05:30:00,3.59,4.02,7.6,5.24,4.65,1.84,0.14,151.66,0.4,16.27,2022,IGKV,Quarterly,0,0
2022-01-09 05:45:00,3.61,4.0,7.61,5.28,4.38,1.84,0.12,172.71,0.4,16.48,2022,IGKV,Quarterly,0,0
2022-01-09 06:00:00,3.64,4.02,7.66,5.71,3.25,1.78,0.13,259.4,0.4,16.76,2022,IGKV,Quarterly,0,0
2022-01-09 06:15:00,3.69,4.01,7.7,4.64,3.25,1.78,0.11,166.36,0.41,16.58,2022,IGKV,Quarterly,0,0
2022-01-09 06:30:00,3.77,3.94,7.71,4.95,3.25,1.78,0.12,214.73,0.37,16.31,2022,IGKV,Quarterly,0,0
2022-01-09 06:45:00,3.86,3.74,7.6,4.55,3.08,1.78,0.14,215.24,0.35,14.15,2022,IGKV,Quarterly,0,0
2022-01-09 07:00:00,3.89,3.83,7.72,4.83,2.34,1.56,0.3,234.82,0.35,14.41,2022,IGKV,Quarterly,0,0
2022-01-09 07:15:00,3.96,3.84,7.8,4.54,2.34,1.56,0.38,264.02,0.35,14.1,2022,IGKV,Quarterly,0,0
2022-01-09 07:30:00,4.03,3.7,7.73,4.81,2.34,1.56,0.41,247.09,0.35,13.27,2022,IGKV,Quarterly,0,0
2022-01-09 07:45:00,4.07,3.77,7.84,4.88,2.28,1.56,0.44,265.4,0.35,13.84,2022,IGKV,Quarterly,0,0
2022-01-09 08:00:00,4.08,3.89,7.97,4.43,1.99,3.11,0.61,265.02,0.36,13.65,2022,IGKV,Quarterly,0,0
2022-01-09 08:15:00,4.07,3.86,7.93,4.89,1.99,3.11,0.55,253.14,0.35,14.09,2022,IGKV,Quarterly,0,0
2022-01-09 08:30:00,4.0,3.82,7.82,4.5,1.99,3.11,0.46,250.75,0.33,11.82,2022,IGKV,Quarterly,0,0
2022-01-09 08:45:00,3.84,4.01,7.85,4.63,3.81,3.11,0.47,250.08,0.38,13.47,2022,IGKV,Quarterly,0,0
2022-01-09 09:00:00,3.78,3.86,7.64,4.62,11.63,4.27,0.53,259.16,0.35,12.31,2022,IGKV,Quarterly,0,0
2022-01-09 09:15:00,3.83,4.03,7.86,4.84,11.63,4.27,0.66,252.85,0.38,13.56,2022,IGKV,Quarterly,0,0
2022-01-09 09:30:00,3.8,4.06,7.86,4.61,11.63,4.27,0.66,266.44,0.37,12.51,2022,IGKV,Quarterly,0,0
2022-01-09 09:45:00,3.76,4.25,8.01,4.51,13.09,4.27,0.55,267.17,0.39,11.39,2022,IGKV,Quarterly,0,0
2022-01-09 10:00:00,4.12,5.34,9.46,4.45,19.82,6.31,0.73,256.44,0.48,13.63,2022,IGKV,Quarterly,0,0
2022-01-09 10:15:00,3.94,5.11,9.04,4.39,19.82,6.31,0.43,269.05,0.46,12.73,2022,IGKV,Quarterly,0,0
2022-01-09 10:30:00,3.87,5.05,8.91,4.29,19.82,6.31,0.22,211.21,0.49,12.15,2022,IGKV,Quarterly,0,0
2022-01-09 10:45:00,3.29,5.04,8.32,4.86,23.17,6.31,0.3,323.96,0.53,13.65,2022,IGKV,Quarterly,0,0
2022-01-09 11:00:00,3.15,5.69,8.84,4.74,37.56,10.15,0.34,322.3,0.52,12.41,2022,IGKV,Quarterly,0,0
2022-01-09 11:15:00,3.05,5.83,8.88,4.54,37.56,10.15,0.29,7.18,0.52,11.3,2022,IGKV,Quarterly,0,0
2022-01-09 11:30:00,2.74,5.87,8.61,4.87,37.56,10.15,0.41,325.0,0.59,14.25,2022,IGKV,Quarterly,0,0
2022-01-09 11:45:00,2.61,5.9,8.51,4.43,38.58,10.15,0.11,173.91,0.61,15.34,2022,IGKV,Quarterly,0,0
2022-01-09 12:00:00,2.22,5.79,8.01,4.63,42.98,13.27,0.27,95.41,0.59,15.93,2022,IGKV,Quarterly,0,0
2022-01-09 12:15:00,1.96,5.68,7.64,5.64,42.98,13.27,0.3,121.5,0.5,16.18,2022,IGKV,Quarterly,0,0
2022-01-09 12:30:00,1.75,5.36,7.1,5.23,42.98,13.27,0.25,102.82,0.5,15.16,2022,IGKV,Quarterly,0,0
2022-01-09 12:45:00,1.71,5.77,7.48,4.71,44.53,13.27,0.16,116.62,0.54,15.8,2022,IGKV,Quarterly,0,0
2022-01-09 13:00:00,1.56,5.58,7.14,5.02,51.2,13.23,0.25,199.42,0.55,15.84,2022,IGKV,Quarterly,0,0
2022-01-09 13:15:00,1.47,5.17,6.64,5.02,51.2,13.23,0.2,134.65,0.53,15.48,2022,IGKV,Quarterly,0,0
2022-01-09 13:30:00,1.43,4.99,6.42,4.81,51.2,13.23,0.19,128.45,0.52,15.49,2022,IGKV,Quarterly,0,0
2022-01-09 13:45:00,1.5,4.92,6.42,4.79,49.7,13.23,0.15,28.67,0.54,14.65,2022,IGKV,Quarterly,0,0
2022-01-09 14:00:00,2.11,5.76,7.87,4.48,43.25,15.9,0.26,65.11,0.55,15.29,2022,IGKV,Quarterly,0,0
2022-01-09 14:15:00,1.78,5.28,7.06,4.85,43.25,15.9,0.26,108.6,0.56,15.83,2022,IGKV,Quarterly,0,0
2022-01-09 14:30:00,1.62,4.87,6.49,4.85,43.25,15.9,0.38,54.33,0.54,14.79,2022,IGKV,Quarterly,0,0
2022-01-09 14:45:00,1.66,5.01,6.66,4.96,45.97,15.9,0.23,162.67,0.55,15.64,2022,IGKV,Quarterly,0,0
2022-01-09 15:00:00,1.54,4.88,6.42,5.0,57.64,18.14,0.22,188.88,0.56,15.4,2022,IGKV,Quarterly,0,0
2022-01-09 15:15:00,1.49,4.75,6.23,4.78,57.64,18.14,0.5,260.09,0.53,15.29,2022,IGKV,Quarterly,0,0
2022-01-09 15:30:00,1.46,4.63,6.09,4.6,57.64,18.14,0.18,204.68,0.53,13.89,2022,IGKV,Quarterly,0,0
2022-01-09 15:45:00,1.44,4.55,5.99,4.8,55.98,18.14,0.26,164.23,0.52,15.23,2022,IGKV,Quarterly,0,0
2022-01-09 16:00:00,1.43,4.57,5.99,4.68,48.83,14.91,0.37,173.86,0.55,15.09,2022,IGKV,Quarterly,0,0
2022-01-09 16:15:00,1.41,4.46,5.87,4.97,48.83,14.91,0.16,216.61,0.51,15.4,2022,IGKV,Quarterly,0,0
2022-01-09 16:30:00,1.72,4.7,6.42,4.31,48.83,14.91,0.23,329.44,0.5,13.63,2022,IGKV,Quarterly,0,0
2022-01-09 16:45:00,2.74,6.46,9.21,4.12,49.58,14.91,0.05,92.78,0.48,11.68,2022,IGKV,Quarterly,0,0
2022-01-09 17:00:00,1.86,5.04,6.91,4.76,53.06,14.09,0.26,158.43,0.49,11.69,2022,IGKV,Quarterly,0,0
2022-01-09 17:15:00,1.67,4.31,5.97,4.75,53.06,14.09,0.32,154.44,0.45,12.41,2022,IGKV,Quarterly,0,0
2022-01-09 17:30:00,1.6,4.08,5.68,4.55,53.06,14.09,0.2,139.55,0.45,10.95,2022,IGKV,Quarterly,0,0
2022-01-09 17:45:00,1.6,4.04,5.64,4.27,50.18,14.09,0.23,152.92,0.44,12.51,2022,IGKV,Quarterly,0,0
2022-01-09 18:00:00,1.61,4.02,5.63,4.89,37.83,11.9,0.22,158.19,0.47,12.0,2022,IGKV,Quarterly,0,0
2022-01-09 18:15:00,1.62,3.91,5.53,5.2,37.83,11.9,0.23,150.09,0.44,12.94,2022,IGKV,Quarterly,0,0
2022-01-09 18:30:00,1.64,3.86,5.49,5.27,37.83,11.9,0.25,150.03,0.45,11.15,2022,IGKV,Quarterly,0,0
2022-01-09 18:45:00,1.63,3.91,5.54,5.23,37.07,11.9,0.22,156.67,0.44,12.65,2022,IGKV,Quarterly,0,0
2022-01-09 19:00:00,1.73,3.9,5.63,5.37,33.8,10.76,0.12,151.95,0.46,11.89,2022,IGKV,Quarterly,0,0
2022-01-09 19:15:00,1.75,4.15,5.89,4.98,33.8,10.76,0.16,148.62,0.47,12.86,2022,IGKV,Quarterly,0,0
2022-01-09 19:30:00,1.84,3.99,5.83,4.95,33.8,10.76,0.13,191.2,0.43,10.94,2022,IGKV,Quarterly,0,0
2022-01-09 19:45:00,1.93,4.19,6.12,5.24,32.73,10.76,0.13,173.3,0.46,12.44,2022,IGKV,Quarterly,0,0
2022-01-09 20:00:00,2.02,4.2,6.22,5.43,28.12,12.1,0.1,179.25,0.47,12.46,2022,IGKV,Quarterly,0,0
2022-01-09 20:15:00,2.04,4.12,6.16,4.95,28.12,12.1,0.15,204.56,0.44,12.3,2022,IGKV,Quarterly,0,0
2022-01-09 20:30:00,2.19,4.23,6.42,5.44,28.12,12.1,0.09,200.08,0.48,12.68,2022,IGKV,Quarterly,0,0
2022-01-09 20:45:00,2.21,4.2,6.41,4.88,29.35,12.05,0.09,176.73,0.46,12.04,2022,IGKV,Quarterly,0,0
2022-01-09 21:00:00,2.32,4.41,6.74,5.56,33.65,8.64,0.12,173.58,0.51,12.87,2022,IGKV,Quarterly,0,0
2022-01-09 21:15:00,2.5,4.58,7.08,5.43,33.65,8.64,0.16,159.88,0.5,13.41,2022,IGKV,Quarterly,0,0
2022-01-09 21:30:00,2.64,4.57,7.21,5.64,33.65,8.64,0.15,211.46,0.53,15.29,2022,IGKV,Quarterly,0,0
2022-01-09 21:45:00,2.72,4.48,7.21,5.68,34.55,8.7,0.11,202.15,0.55,15.99,2022,IGKV,Quarterly,0,0
2022-01-09 22:00:00,2.79,4.65,7.44,5.77,37.67,12.78,0.18,132.93,0.57,16.88,2022,IGKV,Quarterly,0,0
2022-01-09 22:15:00,2.91,4.56,7.47,6.14,37.67,12.78,0.12,135.99,0.57,16.63,2022,IGKV,Quarterly,0,0
2022-01-09 22:30:00,3.0,4.45,7.45,5.74,37.67,12.78,0.1,158.44,0.56,16.39,2022,IGKV,Quarterly,0,0
2022-01-09 22:45:00,4.13,4.99,9.12,5.94,36.77,12.8,0.18,133.98,0.57,16.68,2022,IGKV,Quarterly,0,0
2022-01-09 23:00:00,3.73,4.66,8.4,5.83,33.61,14.09,0.12,191.29,0.57,16.94,2022,IGKV,Quarterly,0,0
2022-01-09 23:15:00,3.45,4.4,7.85,6.06,33.61,14.09,0.16,164.44,0.56,16.24,2022,IGKV,Quarterly,0,0
2022-01-09 23:30:00,3.42,4.37,7.79,5.98,33.61,14.09,0.19,227.54,0.53,16.5,2022,IGKV,Quarterly,0,0
2022-01-09 23:45:00,3.83,4.57,8.4,5.79,34.36,14.02,0.12,162.11,0.56,16.45,2022,IGKV,Quarterly,0,0
2022-01-10 00:15:00,4.027142857142858,4.823877551020408,8.662448979591836,5.824897959183674,36.69632653061225,14.710204081632654,0.12,162.5557142857143,0.5675510204081633,16.304897959183673,2022,IGKV,Quarterly,1,95
2022-01-10 00:30:00,4.1257142857142854,4.950816326530613,8.793673469387755,5.84234693877551,37.86448979591837,15.055306122448979,0.12,162.77857142857144,0.5713265306122449,16.23234693877551,2022,IGKV,Quarterly,1,95
2022-01-10 00:45:00,4.224285714285714,5.0777551020408165,8.924897959183674,5.859795918367347,39.03265306122449,15.400408163265306,0.12,163.0014285714286,0.5751020408163265,16.159795918367347,2022,IGKV,Quarterly,1,95
2022-01-10 01:00:00,,,,,,,,,,,2022,IGKV,Quarterly,1,95
2022-01-10 01:15:00,,,,,,,,,,,2022,IGKV,Quarterly,1,95
2022-01-10 01:30:00,,,,,,,,,,,2022,IGKV,Quarterly,1,95
2022-01-10 01:45:00,,,,,,,,,,,2022,IGKV,Quarterly,1,95
2022-01-10 02:00:00,,,,,,,,,,,2022,IGKV,Quarterly,1,95
2022-01-10 02:15:00,,,,,,,,,,,2022,IGKV,Quarterly,1,95
2022-01-10 02:30:00,,,,,,,,,,,2022,IGKV,Quarterly,1,95
2022-01-10 02:45:00,,,,,,,,,,,2022,IGKV,Quarterly,1,95
2022-01-10 03:00:00,,,,,,,,,,,2022,IGKV,Quarterly,1,95
2022-01-10 03:15:00,,,,,,,,,,,2022,IGKV,Quarterly,1,95
2022-01-10 03:30:00,,,,,,,,,,,2022,IGKV,Quarterly,1,95
2022-01-10 03:45:00,,,,,,,,,,,2022,IGKV,Quarterly,1,95
2022-01-10 04:00:00,,,,,,,,,,,2022,IGKV,Quarterly,1,95
2022-01-10 04:15:00,,,,,,,,,,,2022,IGKV,Quarterly,1,95
2022-01-10 04:30:00,,,,,,,,,,,2022,IGKV,Quarterly,1,95
2022-01-10 04:45:00,,,,,,,,,,,2022,IGKV,Quarterly,1,95
2022-01-10 05:00:00,,,,,,,,,,,2022,IGKV,Quarterly,1,95
2022-01-10 05:15:00,,,,,,,,,,,2022,IGKV,Quarterly,1,95
2022-01-10 05:30:00,,,,,,,,,,,2022,IGKV,Quarterly,1,95
2022-01-10 05:45:00,,,,,,,,,,,2022,IGKV,Quarterly,1,95
2022-01-10 06:00:00,,,,,,,,,,,2022,IGKV,Quarterly,1,95
2022-01-10 06:15:00,,,,,,,,,,,2022,IGKV,Quarterly,1,95
2022-01-10 06:30:00,,,,,,,,,,,2022,IGKV,Quarterly,1,95
2022-01-10 06:45:00,,,,,,,,,,,2022,IGKV,Quarterly,1,95
2022-01-10 07:00:00,,,,,,,,,,,2022,IGKV,Quarterly,1,95
2022-01-10 07:15:00,,,,,,,,,,,2022,IGKV,Quarterly,1,95
2022-01-10 07:30:00,,,,,,,,,,,2022,IGKV,Quarterly,1,95
2022-01-10 07:45:00,,,,,,,,,,,2022,IGKV,Quarterly,1,95
2022-01-10 08:00:00,,,,,,,,,,,2022,IGKV,Quarterly,1,95
2022-01-10 08:15:00,,,,,,,,,,,2022,IGKV,Quarterly,1,95
2022-01-10 08:30:00,,,,,,,,,,,2022,IGKV,Quarterly,1,95
2022-01-10 08:45:00,,,,,,,,,,,2022,IGKV,Quarterly,1,95
2022-01-10 09:00:00,,,,,,,,,,,2022,IGKV,Quarterly,1,95
2022-01-10 09:15:00,,,,,,,,,,,2022,IGKV,Quarterly,1,95
2022-01-10 09:30:00,,,,,,,,,,,2022,IGKV,Quarterly,1,95
2022-01-10 09:45:00,,,,,,,,,,,2022,IGKV,Quarterly,1,95
2022-01-10 10:00:00,,,,,,,,,,,2022,IGKV,Quarterly,1,95
2022-01-10 10:15:00,,,,,,,,,,,2022,IGKV,Quarterly,1,95
2022-01-10 10:30:00,,,,,,,,,,,2022,IGKV,Quarterly,1,95
2022-01-10 10:45:00,,,,,,,,,,,2022,IGKV,Quarterly,1,95
2022-01-10 11:00:00,,,,,,,,,,,2022,IGKV,Quarterly,1,95
2022-01-10 11:15:00,,,,,,,,,,,2022,IGKV,Quarterly,1,95
2022-01-10 11:30:00,,,,,,,,,,,2022,IGKV,Quarterly,1,95
2022-01-10 11:45:00,,,,,,,,,,,2022,IGKV,Quarterly,1,95
2022-01-10 12:00:00,,,,,,,,,,,2022,IGKV,Quarterly,1,95
2022-01-10 12:15:00,,,,,,,,,,,2022,IGKV,Quarterly,1,95
2022-01-10 12:30:00,,,,,,,,,,,2022,IGKV,Quarterly,1,95
2022-01-10 12:45:00,,,,,,,,,,,2022,IGKV,Quarterly,1,95
2022-01-10 13:00:00,,,,,,,,,,,2022,IGKV,Quarterly,1,95
2022-01-10 13:15:00,,,,,,,,,,,2022,IGKV,Quarterly,1,95
2022-01-10 13:30:00,,,,,,,,,,,2022,IGKV,Quarterly,1,95
2022-01-10 13:45:00,,,,,,,,,,,2022,IGKV,Quarterly,1,95
2022-01-10 14:00:00,,,,,,,,,,,2022,IGKV,Quarterly,1,95
2022-01-10 14:15:00,,,,,,,,,,,2022,IGKV,Quarterly,1,95
2022-01-10 14:30:00,,,,,,,,,,,2022,IGKV,Quarterly,1,95
2022-01-10 14:45:00,,,,,,,,,,,2022,IGKV,Quarterly,1,95
2022-01-10 15:00:00,,,,,,,,,,,2022,IGKV,Quarterly,1,95
2022-01-10 15:15:00,,,,,,,,,,,2022,IGKV,Quarterly,1,95
2022-01-10 15:30:00,,,,,,,,,,,2022,IGKV,Quarterly,1,95
2022-01-10 15:45:00,,,,,,,,,,,2022,IGKV,Quarterly,1,95
2022-01-10 16:00:00,,,,,,,,,,,2022,IGKV,Quarterly,1,95
2022-01-10 16:15:00,,,,,,,,,,,2022,IGKV,Quarterly,1,95
2022-01-10 16:30:00,,,,,,,,,,,2022,IGKV,Quarterly,1,95
2022-01-10 16:45:00,,,,,,,,,,,2022,IGKV,Quarterly,1,95
2022-01-10 17:00:00,,,,,,,,,,,2022,IGKV,Quarterly,1,95
2022-01-10 17:15:00,,,,,,,,,,,2022,IGKV,Quarterly,1,95
2022-01-10 17:30:00,,,,,,,,,,,2022,IGKV,Quarterly,1,95
2022-01-10 17:45:00,,,,,,,,,,,2022,IGKV,Quarterly,1,95
2022-01-10 18:00:00,,,,,,,,,,,2022,IGKV,Quarterly,1,95
2022-01-10 18:15:00,,,,,,,,,,,2022,IGKV,Quarterly,1,95
2022-01-10 18:30:00,,,,,,,,,,,2022,IGKV,Quarterly,1,95
2022-01-10 18:45:00,,,,,,,,,,,2022,IGKV,Quarterly,1,95
2022-01-10 19:00:00,,,,,,,,,,,2022,IGKV,Quarterly,1,95
2022-01-10 19:15:00,,,,,,,,,,,2022,IGKV,Quarterly,1,95
2022-01-10 19:30:00,,,,,,,,,,,2022,IGKV,Quarterly,1,95
2022-01-10 19:45:00,,,,,,,,,,,2022,IGKV,Quarterly,1,95
2022-01-10 20:00:00,,,,,,,,,,,2022,IGKV,Quarterly,1,95
2022-01-10 20:15:00,,,,,,,,,,,2022,IGKV,Quarterly,1,95
2022-01-10 20:30:00,,,,,,,,,,,2022,IGKV,Quarterly,1,95
2022-01-10 20:45:00,,,,,,,,,,,2022,IGKV,Quarterly,1,95
2022-01-10 21:00:00,,,,,,,,,,,2022,IGKV,Quarterly,1,95
2022-01-10 21:15:00,,,,,,,,,,,2022,IGKV,Quarterly,1,95
2022-01-10 21:30:00,,,,,,,,,,,2022,IGKV,Quarterly,1,95
2022-01-10 21:45:00,,,,,,,,,,,2022,IGKV,Quarterly,1,95
2022-01-10 22:00:00,,,,,,,,,,,2022,IGKV,Quarterly,1,95
2022-01-10 22:15:00,,,,,,,,,,,2022,IGKV,Quarterly,1,95
2022-01-10 22:30:00,,,,,,,,,,,2022,IGKV,Quarterly,1,95
2022-01-10 22:45:00,,,,,,,,,,,2022,IGKV,Quarterly,1,95
2022-01-10 23:00:00,,,,,,,,,,,2022,IGKV,Quarterly,1,95
2022-01-10 23:15:00,,,,,,,,,,,2022,IGKV,Quarterly,1,95
2022-01-10 23:30:00,,,,,,,,,,,2022,IGKV,Quarterly,1,95
2022-01-10 23:45:00,,,,,,,,,,,2022,IGKV,Quarterly,1,95
2022-01-11 00:15:00,13.49,17.01,21.26,7.5,148.84,47.84,0.12,183.95,0.93,9.34,2022,IGKV,Quarterly,0,0
2022-01-11 00:30:00,14.13,16.29,21.39,7.68,148.67,47.84,0.07,183.72,0.93,9.33,2022,IGKV,Quarterly,0,0
2022-01-11 00:45:00,15.59,15.9,22.36,7.6,148.67,47.84,0.11,195.28,0.92,9.49,2022,IGKV,Quarterly,0,0
2022-01-11 01:00:00,17.83,16.94,24.69,8.02,148.67,47.84,0.06,165.91,0.92,9.8,2022,IGKV,Quarterly,0,0
2022-01-11 01:15:00,20.27,17.56,26.98,7.75,142.68,46.77,0.12,190.78,0.92,10.12,2022,IGKV,Quarterly,0,0
2022-01-11 01:30:00,21.26,17.79,27.89,7.81,142.55,46.77,0.1,203.62,0.91,10.26,2022,IGKV,Quarterly,0,0
2022-01-11 01:45:00,21.21,17.34,27.62,7.71,142.55,46.77,0.05,183.53,0.91,10.29,2022,IGKV,Quarterly,0,0
2022-01-11 02:00:00,23.69,17.31,29.59,7.8,142.55,46.77,0.45,23.18,0.9,10.52,2022,IGKV,Quarterly,0,0
2022-01-11 02:15:00,23.89,17.46,29.83,7.56,137.24,45.6,0.52,39.04,0.88,10.58,2022,IGKV,Quarterly,0,0
2022-01-11 02:30:00,22.67,17.49,28.87,7.8,137.12,45.6,0.55,42.24,0.88,10.44,2022,IGKV,Quarterly,0,0
2022-01-11 02:45:00,21.66,17.55,28.09,7.63,137.12,45.6,0.67,30.36,0.86,10.34,2022,IGKV,Quarterly,0,0
2022-01-11 03:00:00,20.5,17.67,27.22,7.47,137.12,45.6,0.62,18.55,0.85,10.22,2022,IGKV,Quarterly,0,0
2022-01-11 03:15:00,19.26,17.5,26.14,7.33,134.77,48.01,0.45,35.9,0.85,10.06,2022,IGKV,Quarterly,0,0
2022-01-11 03:30:00,17.88,17.23,24.88,7.82,134.72,48.01,0.6,25.46,0.84,9.92,2022,IGKV,Quarterly,0,0
2022-01-11 03:45:00,16.62,17.11,23.82,7.36,134.72,48.01,0.58,23.08,0.83,9.79,2022,IGKV,Quarterly,0,0
2022-01-11 04:00:00,15.48,16.99,22.84,7.45,134.72,48.01,0.41,49.32,0.82,9.71,2022,IGKV,Quarterly,0,0
2022-01-11 04:15:00,14.81,17.05,22.34,7.22,131.17,47.03,0.34,37.03,0.82,9.73,2022,IGKV,Quarterly,0,0
2022-01-11 04:30:00,14.88,16.94,22.33,7.27,131.09,47.03,0.15,41.24,0.81,9.72,2022,IGKV,Quarterly,0,0
2022-01-11 04:45:00,15.06,16.91,22.46,7.35,131.09,47.03,0.31,24.92,0.81,9.7,2022,IGKV,Quarterly,0,0
2022-01-11 05:00:00,15.5,16.88,22.8,7.31,131.09,47.03,0.14,33.46,0.81,9.68,2022,IGKV,Quarterly,0,0
2022-01-11 05:15:00,15.47,16.68,22.67,7.94,126.65,44.36,0.11,181.5,0.8,9.65,2022,IGKV,Quarterly,0,0
2022-01-11 05:30:00,15.2,16.44,22.32,7.26,126.55,44.36,0.1,106.23,0.79,9.59,2022,IGKV,Quarterly,0,0
2022-01-11 05:45:00,15.68,16.17,22.57,7.25,126.55,44.36,0.19,72.53,0.79,9.31,2022,IGKV,Quarterly,0,0
2022-01-11 06:00:00,16.69,15.93,23.26,7.44,126.55,44.36,0.05,144.58,0.79,9.3,2022,IGKV,Quarterly,0,0
2022-01-11 06:15:00,17.52,15.88,23.9,7.4,122.93,46.21,0.19,213.86,0.8,9.41,2022,IGKV,Quarterly,0,0
2022-01-11 06:30:00,17.52,15.34,23.62,7.7,122.85,46.21,0.16,196.48,0.78,9.36,2022,IGKV,Quarterly,0,0
2022-01-11 06:45:00,17.1,14.82,23.01,7.39,122.85,46.21,0.13,239.04,0.79,9.26,2022,IGKV,Quarterly,0,0
2022-01-11 07:00:00,16.69,14.54,22.53,7.4,122.85,46.21,0.14,216.27,0.8,9.2,2022,IGKV,Quarterly,0,0
2022-01-11 07:15:00,16.45,14.31,22.21,7.42,117.98,48.43,0.11,142.62,0.8,9.15,2022,IGKV,Quarterly,0,0
2022-01-11 07:30:00,16.91,14.34,22.6,7.47,117.87,48.43,0.42,24.81,0.8,9.23,2022,IGKV,Quarterly,0,0
2022-01-11 07:45:00,17.67,14.71,23.41,7.62,117.87,48.43,0.68,38.73,0.81,9.32,2022,IGKV,Quarterly,0,0
2022-01-11 08:00:00,18.03,15.11,23.9,7.78,117.87,48.43,0.69,51.23,0.82,9.39,2022,IGKV,Quarterly,0,0
2022-01-11 08:15:00,17.96,15.18,23.88,7.62,120.7,49.52,0.59,47.71,0.82,9.37,2022,IGKV,Quarterly,0,0
2022-01-11 08:30:00,17.34,15.38,23.49,8.06,120.76,49.52,0.75,38.03,0.83,9.28,2022,IGKV,Quarterly,0,0
2022-01-11 08:45:00,16.66,15.51,23.02,7.71,120.76,49.52,0.57,53.5,0.83,9.29,2022,IGKV,Quarterly,0,0
2022-01-11 09:00:00,15.75,15.86,22.47,8.03,120.76,49.52,0.5,74.95,0.83,9.32,2022,IGKV,Quarterly,0,0
2022-01-11 09:15:00,14.71,16.07,21.74,7.91,121.34,49.17,0.78,60.15,0.83,9.31,2022,IGKV,Quarterly,0,0
2022-01-11 09:30:00,13.77,16.31,21.12,7.94,121.36,49.17,0.76,41.97,0.83,9.29,2022,IGKV,Quarterly,0,0
2022-01-11 09:45:00,12.88,16.4,20.45,7.95,121.36,49.17,0.62,72.69,0.83,9.24,2022,IGKV,Quarterly,0,0
2022-01-11 10:00:00,11.83,16.49,19.65,8.34,121.36,49.17,0.15,80.63,0.83,9.16,2022,IGKV,Quarterly,0,0
2022-01-11 10:15:00,10.83,16.47,18.83,8.12,115.92,43.39,0.38,81.66,0.82,9.15,2022,IGKV,Quarterly,0,0
2022-01-11 10:30:00,9.82,16.33,17.96,8.32,115.8,43.39,1.06,52.69,0.81,9.21,2022,IGKV,Quarterly,0,0
2022-01-11 10:45:00,9.03,17.19,17.77,8.51,115.8,43.39,0.94,45.14,0.8,9.13,2022,IGKV,Quarterly,0,0
2022-01-11 11:00:00,8.38,17.93,17.64,8.01,115.8,43.39,0.63,60.7,0.79,9.13,2022,IGKV,Quarterly,0,0
2022-01-11 11:15:00,7.61,17.69,16.9,8.33,113.23,47.41,0.97,45.81,0.79,9.05,2022,IGKV,Quarterly,0,0
2022-01-11 11:30:00,6.8,17.49,16.14,8.18,113.17,47.41,0.26,63.98,0.77,8.91,2022,IGKV,Quarterly,0,0
2022-01-11 11:45:00,6.05,16.95,15.25,8.55,113.17,47.41,0.51,65.05,0.76,8.79,2022,IGKV,Quarterly,0,0
2022-01-11 12:00:00,5.5,16.34,14.5,8.55,113.17,47.41,0.76,40.0,0.75,8.72,2022,IGKV,Quarterly,0,0
2022-01-11 12:15:00,5.26,15.96,14.1,8.94,106.5,46.57,0.54,17.93,0.75,8.69,2022,IGKV,Quarterly,0,0
2022-01-11 12:30:00,5.16,15.63,13.85,8.56,106.35,46.57,0.15,46.78,0.73,8.7,2022,IGKV,Quarterly,0,0
2022-01-11 12:45:00,5.0,14.99,13.39,8.64,106.35,46.57,0.14,84.25,0.72,8.57,2022,IGKV,Quarterly,0,0
2022-01-11 13:00:00,4.85,14.35,12.94,8.78,106.35,46.57,0.32,172.51,0.71,8.47,2022,IGKV,Quarterly,0,0
2022-01-11 13:15:00,4.79,13.58,12.49,8.57,101.65,40.25,0.3,233.82,0.7,8.41,2022,IGKV,Quarterly,0,0
2022-01-11 13:30:00,4.77,13.12,12.23,8.66,101.54,40.25,0.13,316.75,0.69,8.35,2022,IGKV,Quarterly,0,0
2022-01-11 13:45:00,4.75,12.9,12.1,8.38,101.54,40.25,0.43,169.37,0.67,8.3,2022,IGKV,Quarterly,0,0
2022-01-11 14:00:00,4.77,12.46,11.88,8.6,101.54,40.25,0.48,64.79,0.66,8.33,2022,IGKV,Quarterly,0,0
2022-01-11 14:15:00,4.76,12.71,12.01,5.9,98.03,65.44,0.73,53.3,0.55,8.4,2022,IGKV,Quarterly,0,0
2022-01-11 14:30:00,4.86,13.34,12.42,6.52,97.95,65.44,0.33,61.4,0.58,8.4,2022,IGKV,Quarterly,0,0
2022-01-11 14:45:00,4.83,13.47,12.46,7.0,97.95,65.44,0.33,151.49,0.57,8.39,2022,IGKV,Quarterly,0,0
2022-01-11 15:00:00,4.74,13.08,12.18,6.7,97.95,65.44,0.39,72.57,0.56,8.36,2022,IGKV,Quarterly,0,0
2022-01-11 15:15:00,4.71,12.92,12.07,7.05,91.22,64.23,0.22,50.83,0.56,8.35,2022,IGKV,Quarterly,0,0
2022-01-11 15:30:00,4.8,13.6,12.5,7.86,91.07,64.23,0.56,28.35,0.57,8.2,2022,IGKV,Quarterly,0,0
2022-01-11 15:45:00,5.02,14.56,13.18,8.21,91.07,64.23,0.64,45.57,0.58,8.18,2022,IGKV,Quarterly,0,0
2022-01-11 16:00:00,5.25,15.58,13.89,8.35,91.07,64.23,0.52,41.54,0.59,8.31,2022,IGKV,Quarterly,0,0
2022-01-11 16:15:00,5.87,17.8,15.56,8.63,114.47,62.1,0.96,41.24,0.6,8.35,2022,IGKV,Quarterly,0,0
2022-01-11 16:30:00,5.72,17.65,15.35,8.92,115.0,62.1,0.52,32.29,0.61,8.42,2022,IGKV,Quarterly,0,0
2022-01-11 16:45:00,5.77,17.51,15.32,8.47,115.0,62.1,0.49,44.88,0.63,8.5,2022,IGKV,Quarterly,0,0
2022-01-11 17:00:00,6.3,18.91,16.48,7.82,115.0,62.1,0.51,46.0,0.66,8.62,2022,IGKV,Quarterly,0,0
2022-01-11 17:15:00,7.73,21.35,18.91,8.28,129.98,57.59,0.38,34.1,0.67,8.76,2022,IGKV,Quarterly,0,0
2022-01-11 17:30:00,8.74,21.06,19.56,7.6,130.32,57.59,0.42,49.08,0.68,8.84,2022,IGKV,Quarterly,0,0
2022-01-11 17:45:00,8.39,20.02,18.73,7.47,130.32,57.59,0.14,69.04,0.7,8.95,2022,IGKV,Quarterly,0,0
2022-01-11 18:00:00,9.07,20.91,19.75,7.25,130.32,57.59,0.41,56.09,0.74,9.11,2022,IGKV,Quarterly,0,0
2022-01-11 18:15:00,10.05,21.66,20.92,7.53,166.84,53.16,0.48,51.97,0.77,9.2,2022,IGKV,Quarterly,0,0
2022-01-11 18:30:00,10.54,21.4,21.19,7.14,167.67,53.16,0.32,47.84,0.8,9.23,2022,IGKV,Quarterly,0,0
2022-01-11 18:45:00,10.65,20.79,20.95,7.8,167.67,53.16,0.15,117.95,0.83,9.27,2022,IGKV,Quarterly,0,0
2022-01-11 19:00:00,10.8,20.61,20.98,7.11,167.67,53.16,0.12,94.32,0.85,9.35,2022,IGKV,Quarterly,0,0
2022-01-11 19:15:00,11.12,20.63,21.24,6.64,173.6,56.69,0.19,148.93,0.87,9.36,2022,IGKV,Quarterly,0,0
2022-01-11 19:30:00,11.23,20.57,21.3,7.22,173.74,56.69,0.25,158.13,0.89,9.39,2022,IGKV,Quarterly,0,0
2022-01-11 19:45:00,11.11,20.44,21.13,7.2,173.74,56.69,0.24,155.69,0.9,9.36,2022,IGKV,Quarterly,0,0
2022-01-11 20:00:00,10.87,19.98,20.71,6.85,173.74,56.69,0.21,157.32,0.92,9.32,2022,IGKV,Quarterly,0,0
2022-01-11 20:15:00,10.64,19.29,20.16,6.96,182.35,56.72,0.18,145.5,0.94,9.32,2022,IGKV,Quarterly,0,0
2022-01-11 20:30:00,10.81,18.77,20.03,6.69,182.55,56.72,0.17,48.74,0.96,9.42,2022,IGKV,Quarterly,0,0
2022-01-11 20:45:00,11.89,20.26,21.67,6.84,182.55,56.72,0.14,52.13,0.98,9.6,2022,IGKV,Quarterly,0,0
2022-01-11 21:00:00,12.73,21.39,22.93,6.92,182.55,56.72,0.16,187.72,1.0,9.76,2022,IGKV,Quarterly,0,0
2022-01-11 21:15:00,12.99,21.87,23.39,6.53,174.12,56.97,0.14,176.36,1.01,9.8,2022,IGKV,Quarterly,0,0
2022-01-11 21:30:00,13.25,21.81,23.58,6.24,173.93,56.97,0.2,193.42,1.02,9.84,2022,IGKV,Quarterly,0,0
2022-01-11 21:45:00,12.91,21.06,22.91,6.62,173.93,56.97,0.2,183.69,1.01,9.77,2022,IGKV,Quarterly,0,0
2022-01-11 22:00:00,12.43,20.08,22.0,6.62,173.93,56.97,0.12,156.9,1.02,9.61,2022,IGKV,Quarterly,0,0
2022-01-11 22:15:00,11.92,19.31,21.2,6.87,160.46,58.95,0.15,162.24,1.01,9.57,2022,IGKV,Quarterly,0,0
2022-01-11 22:30:00,11.78,18.81,20.82,6.88,160.31,58.95,0.18,203.7,1.02,9.5,2022,IGKV,Quarterly,0,0
2022-01-11 22:45:00,11.74,18.53,20.64,6.57,160.31,58.95,0.17,170.64,1.02,9.51,2022,IGKV,Quarterly,0,0
2022-01-11 23:00:00,11.35,17.86,19.98,6.55,160.31,58.95,0.3,167.84,1.02,9.41,2022,IGKV,Quarterly,0,0
2022-01-11 23:15:00,10.87,17.32,19.32,6.14,149.21,55.92,0.11,204.88,1.0,9.36,2022,IGKV,Quarterly,0,0
2022-01-11 23:30:00,10.54,16.79,18.77,6.44,148.96,55.92,0.11,223.16,1.0,9.28,2022,IGKV,Quarterly,0,0
2022-01-11 23:45:00,14.12,17.47,22.0,6.38,148.96,55.92,0.08,167.79,1.01,9.67,2022,IGKV,Quarterly,0,0
2022-01-12 00:15:00,23.39,28.18,35.03,8.42,101.22,53.24,0.14,169.23,1.34,5.51,2022,IGKV,Quarterly,0,0
2022-01-12 00:30:00,25.05,27.48,35.99,8.11,102.01,53.2,0.12,144.25,1.34,5.61,2022,IGKV,Quarterly,0,0
2022-01-12 00:45:00,25.49,26.7,35.94,8.41,102.01,53.2,0.12,211.96,1.34,5.66,2022,IGKV,Quarterly,0,0
2022-01-12 01:00:00,26.91,26.34,36.89,8.32,102.01,53.2,0.12,212.93,1.33,5.67,2022,IGKV,Quarterly,0,0
2022-01-12 01:15:00,31.03,26.59,40.32,8.59,87.15,46.09,0.02,261.1,1.32,5.92,2022,IGKV,Quarterly,0,0
2022-01-12 01:30:00,36.67,26.72,44.91,8.87,85.9,46.09,0.06,60.94,1.32,6.23,2022,IGKV,Quarterly,0,0
2022-01-12 01:45:00,41.69,27.44,49.32,8.52,85.9,46.09,0.13,87.52,1.33,6.54,2022,IGKV,Quarterly,0,0
2022-01-12 02:00:00,43.0,28.38,50.86,8.78,85.9,46.09,0.1,156.08,1.34,6.75,2022,IGKV,Quarterly,0,0
2022-01-12 02:15:00,42.2,29.05,50.57,8.96,129.41,57.05,0.09,130.95,1.34,6.76,2022,IGKV,Quarterly,0,0
2022-01-12 02:30:00,42.12,29.53,50.75,8.75,133.66,57.05,0.13,141.1,1.34,6.76,2022,IGKV,Quarterly,0,0
2022-01-12 02:45:00,42.85,29.84,51.5,9.08,133.66,57.05,0.11,75.71,1.35,6.8,2022,IGKV,Quarterly,0,0
2022-01-12 03:00:00,43.7,30.2,52.37,9.24,133.66,57.05,0.37,58.27,1.36,6.87,2022,IGKV,Quarterly,0,0
2022-01-12 03:15:00,42.73,30.43,51.72,9.03,176.09,75.38,0.21,45.93,1.38,6.88,2022,IGKV,Quarterly,0,0
2022-01-12 03:30:00,40.81,30.01,49.95,9.05,179.66,75.38,0.15,152.0,1.37,6.79,2022,IGKV,Quarterly,0,0
2022-01-12 03:45:00,38.72,30.01,48.28,8.94,179.66,75.38,0.07,117.75,1.38,6.65,2022,IGKV,Quarterly,0,0
2022-01-12 04:00:00,37.58,30.02,47.37,8.91,179.66,75.38,0.12,201.37,1.37,6.56,2022,IGKV,Quarterly,0,0
2022-01-12 04:15:00,37.43,29.9,47.18,8.56,159.55,72.92,0.12,155.41,1.36,6.53,2022,IGKV,Quarterly,0,0
2022-01-12 04:30:00,38.92,29.43,48.14,8.86,157.86,72.92,0.14,156.56,1.35,6.55,2022,IGKV,Quarterly,0,0
2022-01-12 04:45:00,39.24,29.16,48.25,8.39,157.86,72.92,0.13,198.41,1.33,6.6,2022,IGKV,Quarterly,0,0
2022-01-12 05:00:00,37.68,28.49,46.65,8.12,157.86,72.92,0.13,209.86,1.33,6.53,2022,IGKV,Quarterly,0,0
2022-01-12 05:15:00,35.52,27.65,44.48,8.44,123.74,68.07,0.18,224.58,1.32,6.39,2022,IGKV,Quarterly,0,0
2022-01-12 05:30:00,33.34,26.68,42.23,8.01,120.86,68.07,0.16,220.91,1.3,6.21,2022,IGKV,Quarterly,0,0
2022-01-12 05:45:00,31.44,25.89,40.29,8.0,120.86,68.07,0.1,218.18,1.29,6.07,2022,IGKV,Quarterly,0,0
2022-01-12 06:00:00,32.23,25.37,40.65,8.2,120.86,68.07,0.12,208.21,1.29,6.05,2022,IGKV,Quarterly,0,0
2022-01-12 06:15:00,36.11,25.46,43.81,8.19,105.03,61.9,0.11,165.48,1.31,6.12,2022,IGKV,Quarterly,0,0
2022-01-12 06:30:00,40.94,25.59,47.75,8.52,103.69,61.9,0.09,192.7,1.3,6.35,2022,IGKV,Quarterly,0,0
2022-01-12 06:45:00,45.81,25.52,51.61,7.92,103.69,61.9,0.11,170.78,1.31,6.65,2022,IGKV,Quarterly,0,0
2022-01-12 07:00:00,49.4,25.55,54.52,8.57,103.69,61.9,0.08,202.42,1.31,6.87,2022,IGKV,Quarterly,0,0
2022-01-12 07:15:00,51.3,25.39,55.96,8.59,111.73,65.6,0.11,200.61,1.32,7.03,2022,IGKV,Quarterly,0,0
2022-01-12 07:30:00,51.34,24.9,55.73,8.5,112.41,65.6,0.05,51.59,1.32,7.01,2022,IGKV,Quarterly,0,0
2022-01-12 07:45:00,51.93,25.16,56.34,8.6,112.41,65.6,0.46,43.98,1.35,7.07,2022,IGKV,Quarterly,0,0
2022-01-12 08:00:00,51.8,25.95,56.64,8.46,112.41,65.6,0.4,25.71,1.35,7.09,2022,IGKV,Quarterly,0,0
2022-01-12 08:15:00,50.18,26.98,55.88,8.68,118.43,68.02,0.8,46.02,1.35,7.07,2022,IGKV,Quarterly,0,0
2022-01-12 08:30:00,48.03,28.26,54.83,8.84,118.94,68.02,0.69,36.71,1.35,6.97,2022,IGKV,Quarterly,0,0
2022-01-12 08:45:00,45.83,29.25,53.58,9.32,118.94,68.02,0.53,7.61,1.35,6.87,2022,IGKV,Quarterly,0,0
2022-01-12 09:00:00,43.37,29.97,51.98,8.72,118.94,68.02,0.67,43.43,1.34,6.75,2022,IGKV,Quarterly,0,0
2022-01-12 09:15:00,40.82,29.92,49.92,8.96,121.85,62.78,0.79,47.01,1.33,6.65,2022,IGKV,Quarterly,0,0
2022-01-12 09:30:00,38.34,30.27,48.11,9.41,122.09,62.78,0.51,66.05,1.3,6.52,2022,IGKV,Quarterly,0,0
2022-01-12 09:45:00,35.54,30.45,45.96,8.42,122.09,62.78,0.75,74.52,1.28,6.36,2022,IGKV,Quarterly,0,0
2022-01-12 10:00:00,32.66,31.1,43.99,9.08,122.09,62.78,0.55,62.12,1.26,6.2,2022,IGKV,Quarterly,0,0
2022-01-12 10:15:00,30.1,31.49,42.14,8.71,108.95,62.21,0.96,43.71,1.25,6.1,2022,IGKV,Quarterly,0,0
2022-01-12 10:30:00,27.81,31.87,40.5,8.83,107.85,62.21,0.86,53.09,1.24,6.0,2022,IGKV,Quarterly,0,0
2022-01-12 10:45:00,25.44,32.44,38.9,8.62,107.85,62.21,1.05,48.09,1.22,5.87,2022,IGKV,Quarterly,0,0
2022-01-12 11:00:00,22.98,33.03,37.23,9.52,107.85,62.21,0.87,37.56,1.17,5.79,2022,IGKV,Quarterly,0,0
2022-01-12 11:15:00,19.84,33.59,35.01,9.77,125.45,61.46,0.55,58.76,1.13,5.68,2022,IGKV,Quarterly,0,0
2022-01-12 11:30:00,16.26,34.62,32.68,9.75,126.94,61.46,0.51,52.95,1.1,5.48,2022,IGKV,Quarterly,0,0
2022-01-12 11:45:00,13.04,34.83,30.2,9.64,126.94,61.46,0.62,27.52,1.08,5.29,2022,IGKV,Quarterly,0,0
2022-01-12 12:00:00,10.4,34.85,28.1,9.9,126.94,61.46,0.6,69.04,1.05,5.12,2022,IGKV,Quarterly,0,0
2022-01-12 12:15:00,8.23,34.2,26.02,10.28,110.19,57.77,0.13,304.02,1.02,4.99,2022,IGKV,Quarterly,0,0
2022-01-12 12:30:00,6.72,33.02,24.19,9.51,108.78,57.77,0.27,85.14,0.99,4.9,2022,IGKV,Quarterly,0,0
2022-01-12 12:45:00,5.76,31.43,22.59,10.01,108.78,57.77,0.24,126.33,0.96,4.78,2022,IGKV,Quarterly,0,0
2022-01-12 13:00:00,5.28,29.67,21.29,9.52,108.78,57.77,0.54,55.98,0.94,4.68,2022,IGKV,Quarterly,0,0
2022-01-12 13:15:00,5.11,28.31,20.44,10.28,79.65,56.97,0.34,53.64,0.92,4.62,2022,IGKV,Quarterly,0,0
2022-01-12 13:30:00,4.99,27.19,19.76,10.52,77.2,56.97,0.19,35.38,0.89,4.54,2022,IGKV,Quarterly,0,0
2022-01-12 13:45:00,4.86,26.28,19.17,10.06,77.2,56.97,0.55,262.69,0.89,4.45,2022,IGKV,Quarterly,0,0
2022-01-12 14:00:00,4.82,25.72,18.85,10.23,77.2,56.97,0.25,286.56,0.86,4.44,2022,IGKV,Quarterly,0,0
2022-01-12 14:15:00,4.89,25.94,19.02,8.51,71.69,52.37,0.37,291.82,0.83,4.44,2022,IGKV,Quarterly,0,0
2022-01-12 14:30:00,4.89,25.44,18.76,9.56,71.22,52.37,0.24,261.44,0.83,4.42,2022,IGKV,Quarterly,0,0
2022-01-12 14:45:00,4.81,24.92,18.43,9.41,71.22,52.37,0.26,182.46,0.82,4.42,2022,IGKV,Quarterly,0,0
2022-01-12 15:00:00,4.78,24.2,18.03,9.87,71.22,52.37,0.25,241.48,0.81,4.38,2022,IGKV,Quarterly,0,0
2022-01-12 15:15:00,4.78,24.21,18.03,10.55,67.34,49.99,0.19,272.77,0.81,4.4,2022,IGKV,Quarterly,0,0
2022-01-12 15:30:00,4.73,24.35,18.07,9.89,67.01,49.99,0.25,183.69,0.8,4.37,2022,IGKV,Quarterly,0,0
2022-01-12 15:45:00,4.78,24.45,18.16,10.1,67.01,49.99,0.4,36.07,0.8,4.38,2022,IGKV,Quarterly,0,0
2022-01-12 16:00:00,4.93,25.7,18.94,10.22,67.01,49.99,0.09,66.26,0.83,4.36,2022,IGKV,Quarterly,0,0
2022-01-12 16:15:00,5.49,29.49,21.36,10.13,80.74,50.59,0.24,33.45,0.85,4.41,2022,IGKV,Quarterly,0,0
2022-01-12 16:30:00,6.01,29.03,21.53,10.11,81.9,50.59,0.28,31.59,0.85,4.43,2022,IGKV,Quarterly,0,0
2022-01-12 16:45:00,5.95,29.21,21.58,10.23,81.9,50.59,0.27,57.85,0.87,4.47,2022,IGKV,Quarterly,0,0
2022-01-12 17:00:00,6.04,29.68,21.9,9.26,81.9,50.59,0.2,154.17,0.88,4.53,2022,IGKV,Quarterly,0,0
2022-01-12 17:15:00,6.12,30.04,22.15,8.6,113.34,50.31,0.26,158.84,0.89,4.58,2022,IGKV,Quarterly,0,0
2022-01-12 17:30:00,6.38,30.73,22.72,8.73,115.99,50.31,0.26,127.74,0.91,4.6,2022,IGKV,Quarterly,0,0
2022-01-12 17:45:00,6.74,31.73,23.53,8.58,115.99,50.31,0.24,143.8,0.93,4.62,2022,IGKV,Quarterly,0,0
2022-01-12 18:00:00,7.3,32.72,24.5,8.26,115.99,50.31,0.29,150.88,0.97,4.67,2022,IGKV,Quarterly,0,0
2022-01-12 18:15:00,7.92,33.58,25.44,8.97,139.11,53.55,0.21,167.28,0.99,4.71,2022,IGKV,Quarterly,0,0
2022-01-12 18:30:00,9.1,34.48,26.87,8.66,141.06,53.55,0.2,160.04,1.03,4.81,2022,IGKV,Quarterly,0,0
2022-01-12 18:45:00,10.55,35.32,28.46,8.43,141.06,53.55,0.1,154.39,1.06,4.94,2022,IGKV,Quarterly,0,0
2022-01-12 19:00:00,13.22,35.95,30.94,8.63,141.06,53.55,0.18,138.52,1.11,5.14,2022,IGKV,Quarterly,0,0
2022-01-12 19:15:00,15.24,36.38,32.78,8.51,148.74,55.96,0.24,157.09,1.14,5.28,2022,IGKV,Quarterly,0,0
2022-01-12 19:30:00,16.2,36.47,33.6,8.39,149.39,55.96,0.23,160.31,1.17,5.33,2022,IGKV,Quarterly,0,0
2022-01-12 19:45:00,16.84,36.55,34.15,8.32,149.39,55.96,0.14,150.36,1.19,5.38,2022,IGKV,Quarterly,0,0
2022-01-12 20:00:00,18.21,36.54,35.24,8.41,149.39,55.96,0.16,103.44,1.23,5.47,2022,IGKV,Quarterly,0,0
2022-01-12 20:15:00,19.49,36.44,36.22,8.68,147.48,57.78,0.15,84.63,1.26,5.57,2022,IGKV,Quarterly,0,0
2022-01-12 20:30:00,20.13,36.08,36.54,8.89,147.32,57.78,0.14,97.6,1.28,5.58,2022,IGKV,Quarterly,0,0
2022-01-12 20:45:00,20.38,35.92,36.66,8.38,147.32,57.78,0.17,138.19,1.29,5.61,2022,IGKV,Quarterly,0,0
2022-01-12 21:00:00,20.18,36.1,36.6,8.63,147.32,57.78,0.21,156.96,1.29,5.66,2022,IGKV,Quarterly,0,0
2022-01-12 21:15:00,19.74,36.0,36.19,8.62,153.92,64.53,0.15,192.85,1.31,5.65,2022,IGKV,Quarterly,0,0
2022-01-12 21:30:00,19.01,35.27,35.22,8.62,154.47,64.53,0.16,206.21,1.32,5.57,2022,IGKV,Quarterly,0,0
2022-01-12 21:45:00,17.91,34.22,33.79,8.22,154.47,64.53,0.16,174.51,1.32,5.49,2022,IGKV,Quarterly,0,0
2022-01-12 22:00:00,16.74,33.17,32.31,8.02,154.47,64.53,0.16,205.51,1.32,5.41,2022,IGKV,Quarterly,0,0
2022-01-12 22:15:00,15.62,32.33,30.97,8.15,135.6,60.25,0.15,204.56,1.32,5.29,2022,IGKV,Quarterly,0,0
2022-01-12 22:30:00,14.47,31.4,29.56,8.14,134.01,60.25,0.15,202.64,1.31,5.18,2022,IGKV,Quarterly,0,0
2022-01-12 22:45:00,13.36,30.61,28.25,8.07,134.01,60.25,0.19,183.11,1.31,5.08,2022,IGKV,Quarterly,0,0
2022-01-12 23:00:00,12.48,29.74,27.09,8.2,134.01,60.25,0.17,194.87,1.3,5.01,2022,IGKV,Quarterly,0,0
2022-01-12 23:15:00,11.84,29.02,26.21,7.61,115.98,59.79,0.08,144.76,1.3,4.94,2022,IGKV,Quarterly,0,0
2022-01-12 23:30:00,13.8,28.86,27.69,7.51,114.46,59.79,0.14,191.8,1.3,5.0,2022,IGKV,Quarterly,0,0
2022-01-12 23:45:00,17.96,29.31,31.27,7.83,114.46,59.79,0.15,188.06,1.31,5.21,2022,IGKV,Quarterly,0,0
2022-02-06 00:15:00,10.33,15.94,26.27,16.78,176.46,48.76,0.22,156.77,0.87,23.14,2022,IGKV,Quarterly,0,0
2022-02-06 00:30:00,10.45,16.08,26.53,17.03,184.64,52.11,0.13,172.12,0.94,23.49,2022,IGKV,Quarterly,0,0
2022-02-06 00:45:00,10.54,16.06,26.6,17.31,184.64,52.11,0.21,157.39,0.97,24.47,2022,IGKV,Quarterly,0,0
2022-02-06 01:00:00,10.78,15.93,26.71,17.45,184.64,52.11,0.17,165.6,0.99,25.58,2022,IGKV,Quarterly,0,0
2023-01-01 00:15:00,34.91,37.03,48.89,10.94,69.59,25.08,0.74,45.61,0.98,6.73,2023,IGKV,Quarterly,0,0
2023-01-01 00:30:00,33.19,37.04,47.52,10.7,69.59,25.08,0.73,42.5,0.95,6.63,2023,IGKV,Quarterly,0,0
2023-01-01 00:45:00,31.7,36.68,46.13,10.04,69.59,25.08,0.71,40.16,0.93,6.49,2023,IGKV,Quarterly,0,0
2023-01-01 01:00:00,30.61,36.52,45.17,10.09,65.89,25.1,0.88,41.91,0.9,6.44,2023,IGKV,Quarterly,0,0
2023-01-01 01:15:00,29.3,36.48,44.11,10.42,65.48,25.49,0.65,45.46,0.87,6.4,2023,IGKV,Quarterly,0,0
2023-01-01 01:30:00,28.29,36.52,43.31,9.79,65.48,25.49,0.58,54.24,0.87,6.29,2023,IGKV,Quarterly,0,0
2023-01-01 01:45:00,27.34,36.46,42.52,9.68,65.48,25.49,0.28,31.47,0.85,6.19,2023,IGKV,Quarterly,0,0
2023-01-01 02:00:00,27.52,36.44,42.66,9.68,57.11,25.38,0.37,48.23,0.83,6.17,2023,IGKV,Quarterly,0,0
2023-01-01 02:15:00,28.3,36.57,43.36,9.22,56.18,23.01,0.17,75.37,0.82,6.2,2023,IGKV,Quarterly,0,0
2023-01-01 02:30:00,28.88,36.95,44.01,9.27,56.18,23.01,0.12,97.79,0.81,6.21,2023,IGKV,Quarterly,0,0
2023-01-01 02:45:00,28.95,36.51,43.84,9.59,56.18,23.01,0.11,161.91,0.8,6.22,2023,IGKV,Quarterly,0,0
2023-01-01 03:00:00,28.16,36.33,43.11,9.06,63.65,22.95,0.17,141.75,0.78,6.17,2023,IGKV,Quarterly,0,0
2023-01-01 03:15:00,26.71,35.57,41.55,9.41,64.58,21.63,0.16,156.48,0.76,6.09,2023,IGKV,Quarterly,0,0
2023-01-01 03:30:00,25.15,34.64,39.82,9.64,64.58,21.63,0.18,138.61,0.75,5.97,2023,IGKV,Quarterly,0,0
2023-01-01 03:45:00,23.96,34.24,38.65,8.92,64.58,21.63,0.16,86.45,0.74,5.89,2023,IGKV,Quarterly,0,0
2023-01-01 04:00:00,24.12,34.02,38.66,8.87,54.06,21.52,0.3,57.01,0.73,5.86,2023,IGKV,Quarterly,0,0
2023-01-01 04:15:00,24.3,34.24,38.92,9.44,52.89,19.0,0.2,59.03,0.72,5.88,2023,IGKV,Quarterly,0,0
2023-01-01 04:30:00,24.85,34.51,39.51,9.47,52.89,19.0,0.35,20.71,0.71,5.85,2023,IGKV,Quarterly,0,0
2023-01-01 04:45:00,25.34,34.4,39.84,8.87,52.89,19.0,0.56,45.25,0.7,5.87,2023,IGKV,Quarterly,0,0
2023-01-01 05:00:00,25.27,34.31,39.74,8.87,45.39,19.14,0.65,43.85,0.69,5.9,2023,IGKV,Quarterly,0,0
2023-01-01 05:15:00,25.25,34.18,39.66,8.82,44.56,21.97,0.41,32.52,0.69,5.89,2023,IGKV,Quarterly,0,0
2023-01-01 05:30:00,25.41,34.29,39.85,8.96,44.56,21.97,0.45,40.54,0.69,5.88,2023,IGKV,Quarterly,0,0
2023-01-01 05:45:00,25.57,34.36,40.01,8.49,44.56,21.97,0.47,50.34,0.69,5.9,2023,IGKV,Quarterly,0,0
2023-01-01 06:00:00,26.08,34.38,40.43,8.66,54.18,21.9,0.26,16.28,0.69,5.92,2023,IGKV,Quarterly,0,0
2023-01-01 06:15:00,27.14,34.66,41.42,9.45,55.25,20.39,0.15,41.55,0.67,5.99,2023,IGKV,Quarterly,0,0
2023-01-01 06:30:00,28.3,34.55,42.3,8.93,55.25,20.39,0.05,278.42,0.66,6.1,2023,IGKV,Quarterly,0,0
2023-01-01 06:45:00,29.78,34.66,43.54,8.75,55.25,20.39,0.49,48.28,0.66,6.17,2023,IGKV,Quarterly,0,0
2023-01-01 07:00:00,31.52,34.72,44.96,9.24,58.1,20.42,0.65,53.15,0.67,6.3,2023,IGKV,Quarterly,0,0
2023-01-01 07:15:00,32.2,34.83,45.57,9.02,58.42,21.05,0.38,18.96,0.68,6.38,2023,IGKV,Quarterly,0,0
2023-01-01 07:30:00,33.07,34.58,46.14,9.6,58.42,21.05,0.59,27.42,0.69,6.39,2023,IGKV,Quarterly,0,0
2023-01-01 07:45:00,33.29,34.72,46.38,9.36,58.42,21.05,0.82,32.03,0.69,6.39,2023,IGKV,Quarterly,0,0
2023-01-01 08:00:00,32.32,34.34,45.41,9.34,66.73,21.14,0.96,29.27,0.7,6.34,2023,IGKV,Quarterly,0,0
2023-01-01 08:15:00,31.04,34.14,44.27,8.81,67.65,23.06,1.06,48.47,0.71,6.3,2023,IGKV,Quarterly,0,0
2023-01-01 08:30:00,30.04,34.2,43.51,9.29,67.65,23.06,1.36,49.3,0.72,6.24,2023,IGKV,Quarterly,0,0
2023-01-01 08:45:00,28.98,34.58,42.86,10.39,67.65,23.06,1.01,49.19,0.72,6.18,2023,IGKV,Quarterly,0,0
2023-01-01 09:00:00,27.81,34.51,41.89,10.74,72.95,23.12,1.44,46.92,0.72,6.16,2023,IGKV,Quarterly,0,0
2023-01-01 09:15:00,26.71,34.82,41.16,11.11,73.54,24.36,1.57,50.67,0.73,6.09,2023,IGKV,Quarterly,0,0
2023-01-01 09:30:00,25.6,35.32,40.54,11.63,73.54,24.36,1.59,50.52,0.72,6.02,2023,IGKV,Quarterly,0,0
2023-01-01 09:45:00,24.33,35.55,39.63,11.62,73.54,24.36,1.27,43.77,0.71,5.94,2023,IGKV,Quarterly,0,0
2023-01-01 10:00:00,22.76,35.7,38.45,11.36,79.19,24.53,1.39,43.75,0.72,5.85,2023,IGKV,Quarterly,0,0
2023-01-01 10:15:00,21.32,35.76,37.32,11.27,79.82,28.02,1.11,52.07,0.7,5.78,2023,IGKV,Quarterly,0,0
2023-01-01 10:30:00,19.67,36.0,36.13,11.83,79.82,28.02,1.26,47.69,0.71,5.71,2023,IGKV,Quarterly,0,0
2023-01-01 10:45:00,17.8,36.28,34.78,12.05,79.82,28.02,1.47,50.56,0.7,5.61,2023,IGKV,Quarterly,0,0
2023-01-01 11:00:00,15.98,36.26,33.31,12.04,75.71,27.84,1.17,54.9,0.7,5.52,2023,IGKV,Quarterly,0,0
2023-01-01 11:15:00,14.14,36.38,31.9,12.2,75.2,24.9,1.45,52.03,0.7,5.4,2023,IGKV,Quarterly,0,0
2023-01-01 11:30:00,12.66,36.54,30.8,11.51,75.2,24.9,1.3,48.23,0.72,5.28,2023,IGKV,Quarterly,0,0
2023-01-01 11:45:00,11.58,36.47,29.89,11.46,75.2,24.9,1.13,43.06,0.72,5.2,2023,IGKV,Quarterly,0,0
2023-01-01 12:00:00,10.81,36.22,29.14,11.64,77.11,25.0,0.97,61.03,0.71,5.18,2023,IGKV,Quarterly,0,0
2023-01-01 12:15:00,10.05,35.96,28.39,12.19,77.33,26.55,1.04,41.4,0.7,5.11,2023,IGKV,Quarterly,0,0
2023-01-01 12:30:00,9.53,35.66,27.83,12.3,77.33,26.55,1.04,43.15,0.71,5.04,2023,IGKV,Quarterly,0,0
2023-01-01 12:45:00,8.9,35.47,27.21,11.56,77.33,26.55,0.83,70.83,0.7,5.01,2023,IGKV,Quarterly,0,0
2023-01-01 13:00:00,8.27,35.06,26.49,12.67,68.58,26.46,1.02,36.12,0.69,4.96,2023,IGKV,Quarterly,0,0
2023-01-01 13:15:00,7.76,34.9,26.01,12.12,67.61,24.5,0.33,43.1,0.69,4.95,2023,IGKV,Quarterly,0,0
2023-01-01 13:30:00,7.34,34.44,25.43,12.65,67.61,24.5,0.7,57.68,0.69,4.9,2023,IGKV,Quarterly,0,0
2023-01-01 13:45:00,6.93,33.96,24.85,12.51,67.61,24.5,0.15,31.43,0.68,4.84,2023,IGKV,Quarterly,0,0
2023-01-01 14:00:00,6.87,33.6,24.61,13.08,64.01,24.54,0.8,44.22,0.67,4.81,2023,IGKV,Quarterly,0,0
2023-01-01 14:15:00,6.69,33.09,24.2,10.01,63.61,25.28,0.65,58.65,0.64,4.79,2023,IGKV,Quarterly,0,0
2023-01-01 14:30:00,6.48,32.73,23.84,11.22,63.61,25.28,0.65,62.84,0.67,4.73,2023,IGKV,Quarterly,0,0
2023-01-01 14:45:00,6.18,32.31,23.38,10.82,63.61,25.28,0.23,97.17,0.66,4.74,2023,IGKV,Quarterly,0,0
2023-01-01 15:00:00,6.15,31.92,23.16,11.9,60.9,25.26,0.54,32.0,0.67,4.71,2023,IGKV,Quarterly,0,0
2023-01-01 15:15:00,5.94,31.66,22.85,11.27,60.6,24.94,0.19,87.54,0.66,4.69,2023,IGKV,Quarterly,0,0
2023-01-01 15:30:00,5.75,31.3,22.52,10.37,60.6,24.94,0.31,322.99,0.66,4.67,2023,IGKV,Quarterly,0,0
2023-01-01 15:45:00,5.61,31.17,22.34,11.15,60.6,24.94,0.6,54.91,0.65,4.65,2023,IGKV,Quarterly,0,0
2023-01-01 16:00:00,5.71,31.37,22.52,11.58,60.04,24.85,0.41,47.3,0.66,4.65,2023,IGKV,Quarterly,0,0
2023-01-01 16:15:00,5.69,31.22,22.42,11.32,59.98,22.76,0.56,36.38,0.63,4.72,2023,IGKV,Quarterly,0,0
2023-01-01 16:30:00,5.72,32.06,22.88,12.03,59.98,22.76,0.61,41.47,0.64,4.71,2023,IGKV,Quarterly,0,0
2023-01-01 16:45:00,6.18,33.52,24.02,12.45,59.98,22.76,0.71,44.79,0.65,4.75,2023,IGKV,Quarterly,0,0
2023-01-01 17:00:00,6.9,34.73,25.22,12.92,64.19,22.8,0.74,43.06,0.66,4.86,2023,IGKV,Quarterly,0,0
2023-01-01 17:15:00,7.43,35.92,26.28,12.23,64.66,23.69,0.93,52.69,0.68,4.92,2023,IGKV,Quarterly,0,0
2023-01-01 17:30:00,7.47,36.62,26.67,11.64,64.66,23.69,0.92,51.21,0.7,4.96,2023,IGKV,Quarterly,0,0
2023-01-01 17:45:00,7.43,37.35,27.02,11.45,64.66,23.69,0.81,53.41,0.72,4.97,2023,IGKV,Quarterly,0,0
2023-01-01 18:00:00,7.32,37.7,27.12,11.65,71.8,23.85,0.55,42.3,0.74,4.95,2023,IGKV,Quarterly,0,0
2023-01-01 18:15:00,7.53,38.55,27.73,11.46,72.62,27.26,0.64,48.44,0.78,5.01,2023,IGKV,Quarterly,0,0
2023-01-01 18:30:00,8.29,39.7,28.94,11.38,72.62,27.26,0.55,48.04,0.82,5.08,2023,IGKV,Quarterly,0,0
2023-01-01 18:45:00,9.78,41.08,30.85,11.33,72.62,27.26,0.73,61.26,0.85,5.18,2023,IGKV,Quarterly,0,0
2023-01-01 19:00:00,11.08,42.12,32.44,11.11,84.71,27.47,0.6,62.72,0.88,5.31,2023,IGKV,Quarterly,0,0
2023-01-01 19:15:00,12.36,43.02,33.94,10.93,86.05,31.78,0.38,57.88,0.91,5.43,2023,IGKV,Quarterly,0,0
2023-01-01 19:30:00,12.97,43.19,34.51,10.73,86.05,31.78,0.33,69.93,0.93,5.49,2023,IGKV,Quarterly,0,0
2023-01-01 19:45:00,12.93,42.76,34.26,10.58,86.05,31.78,0.21,86.39,0.95,5.52,2023,IGKV,Quarterly,0,0
2023-01-01 20:00:00,12.4,42.04,33.46,10.17,88.73,31.96,0.2,140.99,0.95,5.46,2023,IGKV,Quarterly,0,0
2023-01-01 20:15:00,11.66,41.22,32.44,9.59,89.03,34.81,0.22,152.82,0.95,5.41,2023,IGKV,Quarterly,0,0
2023-01-01 20:30:00,11.11,40.61,31.68,9.59,89.03,34.81,0.12,134.1,0.95,5.35,2023,IGKV,Quarterly,0,0
2023-01-01 20:45:00,11.56,40.72,32.1,10.07,89.03,34.81,0.3,56.03,0.96,5.36,2023,IGKV,Quarterly,0,0
2023-01-01 21:00:00,13.29,40.85,33.55,9.85,93.61,34.87,0.25,157.12,0.97,5.44,2023,IGKV,Quarterly,0,0
2023-01-01 21:15:00,14.15,40.8,34.21,8.34,94.12,36.15,0.21,163.75,1.0,5.48,2023,IGKV,Quarterly,0,0
2023-01-01 21:30:00,14.85,40.44,34.59,8.41,94.12,36.15,0.17,170.29,1.01,5.47,2023,IGKV,Quarterly,0,0
2023-01-01 21:45:00,15.71,40.15,35.13,8.0,94.12,36.15,0.18,146.4,1.02,5.52,2023,IGKV,Quarterly,0,0
2023-01-01 22:00:00,17.15,40.13,36.27,7.77,96.64,36.35,0.04,208.72,1.03,5.59,2023,IGKV,Quarterly,0,0
2023-01-01 22:15:00,20.74,39.99,39.07,8.75,96.92,39.5,0.12,95.2,1.05,5.74,2023,IGKV,Quarterly,0,0
2023-01-01 22:30:00,23.37,40.0,41.18,8.19,96.92,39.5,0.24,148.94,1.06,5.91,2023,IGKV,Quarterly,0,0
2023-01-01 22:45:00,25.12,40.15,42.67,7.89,96.92,39.5,0.46,64.29,1.06,6.04,2023,IGKV,Quarterly,0,0
2023-01-01 23:00:00,26.02,40.38,43.51,8.77,98.36,39.29,0.64,46.02,1.06,6.11,2023,IGKV,Quarterly,0,0
2023-01-01 23:15:00,26.12,40.23,43.51,8.49,98.54,36.03,0.67,53.59,1.05,6.1,2023,IGKV,Quarterly,0,0
2023-01-01 23:30:00,26.3,40.19,43.63,8.41,98.54,36.03,0.45,54.94,1.05,6.09,2023,IGKV,Quarterly,0,0
2023-01-01 23:45:00,27.43,40.22,44.56,8.39,98.54,36.03,0.39,54.04,1.05,6.14,2023,IGKV,Quarterly,0,0
2023-01-02 00:15:00,15.86,52.64,41.77,7.91,86.45,32.28,1.36,41.25,0.85,6.71,2023,IGKV,Quarterly,0,0
2023-01-02 00:45:00,14.23,51.88,40.07,8.03,68.7,30.52,1.48,47.87,0.8,6.52,2023,IGKV,Quarterly,0,0
2023-01-02 01:00:00,13.48,51.28,39.15,7.54,68.7,28.7,1.32,45.36,0.79,6.45,2023,IGKV,Quarterly,0,0
2023-01-02 01:15:00,12.72,50.9,38.34,7.74,68.7,28.7,1.3,46.99,0.76,6.41,2023,IGKV,Quarterly,0,0
2023-01-02 01:30:00,12.05,50.52,37.6,7.6,55.48,28.7,1.35,47.62,0.75,6.34,2023,IGKV,Quarterly,0,0
2023-01-02 01:45:00,11.39,49.71,36.65,7.27,52.84,26.66,1.47,39.81,0.73,6.3,2023,IGKV,Quarterly,0,0
2023-01-02 02:00:00,10.92,49.07,35.94,7.41,52.84,24.44,1.33,36.71,0.72,6.24,2023,IGKV,Quarterly,0,0
2023-01-02 02:15:00,10.62,48.43,35.37,5.2,52.84,24.44,1.45,43.86,0.7,6.17,2023,IGKV,Quarterly,0,0
2023-01-02 02:30:00,10.26,47.64,34.66,7.69,41.5,24.44,1.34,43.04,0.68,6.14,2023,IGKV,Quarterly,0,0
2023-01-02 02:45:00,9.95,46.8,33.98,8.09,39.24,23.53,1.17,50.24,0.65,6.11,2023,IGKV,Quarterly,0,0
2023-01-02 03:00:00,9.74,46.49,33.65,8.05,39.24,20.33,1.17,48.08,0.65,6.07,2023,IGKV,Quarterly,0,0
2023-01-02 03:15:00,9.62,46.12,33.36,7.78,39.24,20.33,1.07,42.09,0.63,6.07,2023,IGKV,Quarterly,0,0
2023-01-02 03:30:00,9.58,45.52,33.02,7.9,36.33,20.33,0.78,34.56,0.62,6.04,2023,IGKV,Quarterly,0,0
2023-01-02 03:45:00,9.5,45.12,32.74,7.67,35.75,20.47,0.78,35.17,0.61,5.98,2023,IGKV,Quarterly,0,0
2023-01-02 04:00:00,9.47,44.84,32.57,7.75,35.75,20.62,0.92,49.01,0.6,5.99,2023,IGKV,Quarterly,0,0
2023-01-02 04:15:00,9.71,44.7,32.69,7.79,35.75,20.62,0.9,40.39,0.58,5.99,2023,IGKV,Quarterly,0,0
2023-01-02 04:30:00,10.12,44.64,32.99,7.71,22.94,20.62,0.76,41.91,0.57,5.98,2023,IGKV,Quarterly,0,0
2023-01-02 04:45:00,10.47,44.56,33.23,8.2,20.38,19.14,0.77,36.62,0.56,6.01,2023,IGKV,Quarterly,0,0
2023-01-02 05:00:00,10.6,44.58,33.34,7.48,20.38,17.57,0.61,42.83,0.55,6.05,2023,IGKV,Quarterly,0,0
2023-01-02 05:15:00,10.81,44.69,33.57,7.28,20.38,17.57,0.61,53.98,0.55,6.01,2023,IGKV,Quarterly,0,0
2023-01-02 05:30:00,11.13,44.81,33.89,7.65,26.62,17.57,0.81,56.45,0.54,6.06,2023,IGKV,Quarterly,0,0
2023-01-02 05:45:00,11.55,44.9,34.27,7.37,27.87,17.34,0.61,50.14,0.54,6.1,2023,IGKV,Quarterly,0,0
2023-01-02 06:00:00,12.12,45.25,34.91,7.65,27.87,17.09,0.8,52.29,0.54,6.15,2023,IGKV,Quarterly,0,0
2023-01-02 06:15:00,12.67,45.42,35.44,7.59,27.87,17.09,0.93,43.45,0.54,6.16,2023,IGKV,Quarterly,0,0
2023-01-02 06:30:00,13.12,45.5,35.84,7.6,35.07,17.09,1.01,46.45,0.54,6.18,2023,IGKV,Quarterly,0,0
2023-01-02 06:45:00,13.53,45.96,36.41,6.98,36.51,16.27,0.74,40.61,0.54,6.15,2023,IGKV,Quarterly,0,0
2023-01-02 07:00:00,14.08,46.74,37.26,7.58,36.51,13.41,0.97,40.61,0.54,6.19,2023,IGKV,Quarterly,0,0
2023-01-02 07:15:00,14.66,47.47,38.1,7.48,36.51,13.41,1.01,41.81,0.54,6.24,2023,IGKV,Quarterly,0,0
2023-01-02 07:30:00,15.17,47.94,38.76,7.4,35.26,13.41,1.08,44.15,0.54,6.29,2023,IGKV,Quarterly,0,0
2023-01-02 07:45:00,15.67,48.56,39.49,7.28,35.0,13.76,1.13,45.13,0.55,6.32,2023,IGKV,Quarterly,0,0
2023-01-02 08:00:00,15.97,48.89,39.91,7.04,35.0,14.14,1.24,56.78,0.55,6.37,2023,IGKV,Quarterly,0,0
2023-01-02 08:15:00,16.39,49.42,40.51,7.51,35.0,14.14,1.1,53.74,0.56,6.4,2023,IGKV,Quarterly,0,0
2023-01-02 08:30:00,16.81,49.7,41.0,7.52,33.74,14.14,1.57,51.44,0.57,6.46,2023,IGKV,Quarterly,0,0
2023-01-02 08:45:00,16.85,49.88,41.12,7.55,33.49,15.34,1.68,48.74,0.56,6.47,2023,IGKV,Quarterly,0,0
2023-01-02 09:00:00,16.78,50.2,41.23,7.56,33.49,16.64,1.29,58.16,0.56,6.47,2023,IGKV,Quarterly,0,0
2023-01-02 09:15:00,16.91,50.47,41.48,7.52,33.49,16.64,1.23,45.51,0.56,6.49,2023,IGKV,Quarterly,0,0
2023-01-02 09:30:00,17.05,50.64,41.68,7.31,35.25,16.64,1.07,58.66,0.57,6.52,2023,IGKV,Quarterly,0,0
2023-01-02 09:45:00,16.98,50.42,41.51,7.47,35.61,16.22,1.15,56.54,0.57,6.54,2023,IGKV,Quarterly,0,0
2023-01-02 10:00:00,17.4,50.63,41.95,7.7,35.61,15.78,1.11,53.34,0.57,6.57,2023,IGKV,Quarterly,0,0
2023-01-02 10:15:00,17.76,50.9,42.39,5.36,35.61,15.78,1.14,49.22,0.57,6.56,2023,IGKV,Quarterly,0,0
2023-01-02 10:30:00,17.82,50.95,42.46,7.73,39.01,15.78,0.78,62.12,0.58,6.6,2023,IGKV,Quarterly,0,0
2023-01-02 10:45:00,17.69,50.99,42.37,8.77,39.69,16.1,1.07,54.41,0.58,6.63,2023,IGKV,Quarterly,0,0
2023-01-02 11:00:00,17.85,51.23,42.63,9.6,39.69,17.22,1.42,55.84,0.58,6.64,2023,IGKV,Quarterly,0,0
2023-01-02 11:15:00,16.35,50.04,40.81,25.32,39.69,17.22,1.33,52.77,0.55,6.66,2023,IGKV,Quarterly,0,0
2023-01-02 11:30:00,17.26,50.06,41.54,36.08,37.98,17.3375,0.91,38.67,0.54,6.79,2023,IGKV,Quarterly,1,7
2023-01-02 11:45:00,21.55,55.26,47.7,45.93,36.269999999999996,17.455,0.94,33.93,0.51,7.17,2023,IGKV,Quarterly,1,7
2023-01-02 12:00:00,19.01,58.63,47.43,18.35,34.56,17.572499999999998,1.04,49.32,0.51,7.44,2023,IGKV,Quarterly,1,7
2023-01-02 12:15:00,17.55,58.2,46.03,11.57,,,1.17,41.21,0.52,7.48,2023,IGKV,Quarterly,1,7
2023-01-02 12:30:00,15.88,56.87,44.0,9.94,,,1.14,51.64,0.53,7.39,2023,IGKV,Quarterly,1,7
2023-01-02 12:45:00,14.14,55.04,41.65,9.09,,,1.22,39.0,0.53,7.21,2023,IGKV,Quarterly,1,7
2023-01-02 13:00:00,12.66,52.91,39.34,8.66,,,1.36,34.17,0.53,7.1,2023,IGKV,Quarterly,1,7
2023-01-02 13:15:00,11.44,51.88,37.83,8.89,26.01,18.16,0.99,36.11,0.53,6.95,2023,IGKV,Quarterly,0,0
2023-01-02 13:30:00,10.36,51.05,36.53,8.65,26.01,18.16,1.31,48.34,0.52,6.85,2023,IGKV,Quarterly,0,0
2023-01-02 13:45:00,9.6,49.93,35.33,8.57,29.17,17.89,0.97,21.32,0.51,6.72,2023,IGKV,Quarterly,0,0
2023-01-02 14:00:00,9.12,49.31,34.63,8.57,34.64,17.61,1.21,26.52,0.51,6.62,2023,IGKV,Quarterly,0,0
2023-01-02 14:15:00,8.72,48.75,34.01,8.13,34.64,17.61,0.97,43.34,0.5,6.54,2023,IGKV,Quarterly,0,0
2023-01-02 14:30:00,7.64,44.59,30.97,8.68,34.64,17.61,1.31,44.49,0.5,6.43,2023,IGKV,Quarterly,0,0
2023-01-02 14:45:00,6.23,46.46,30.82,7.96,36.02,17.74,1.61,48.94,0.5,6.29,2023,IGKV,Quarterly,0,0
2023-01-02 15:00:00,6.13,46.96,31.0,8.17,38.41,17.9,0.96,19.98,0.5,6.23,2023,IGKV,Quarterly,0,0
2023-01-02 15:15:00,6.41,46.39,30.93,8.51,38.41,17.9,0.9,334.58,0.49,6.16,2023,IGKV,Quarterly,0,0
2023-01-02 15:30:00,6.67,46.09,30.98,9.22,38.41,17.9,0.95,10.89,0.49,6.11,2023,IGKV,Quarterly,0,0
2023-01-02 15:45:00,7.05,46.16,31.32,8.79,39.11,17.73,1.19,45.14,0.49,6.1,2023,IGKV,Quarterly,0,0
2023-01-02 16:00:00,7.37,46.67,31.84,8.88,40.33,17.2,1.12,39.21,0.49,6.14,2023,IGKV,Quarterly,0,0
2023-01-02 16:15:00,7.64,46.82,32.14,8.85,40.33,17.2,0.98,32.92,0.5,6.12,2023,IGKV,Quarterly,0,0
2023-01-02 16:30:00,8.04,47.46,32.8,9.86,40.33,17.2,0.91,36.41,0.51,6.1,2023,IGKV,Quarterly,0,0
2023-01-02 16:45:00,9.02,47.62,33.66,10.21,41.77,16.64,0.57,29.8,0.51,6.1,2023,IGKV,Quarterly,0,0
2023-01-02 17:00:00,9.96,48.14,34.69,9.81,44.26,16.05,0.54,24.21,0.52,6.18,2023,IGKV,Quarterly,0,0
2023-01-02 17:15:00,10.9,49.6,36.21,8.64,44.26,16.05,0.33,53.47,0.54,6.24,2023,IGKV,Quarterly,0,0
2023-01-02 17:30:00,11.43,49.9,36.79,8.29,44.26,16.05,0.21,149.04,0.55,6.35,2023,IGKV,Quarterly,0,0
2023-01-02 17:45:00,11.8,50.26,37.27,7.94,47.83,16.55,0.26,159.38,0.56,6.42,2023,IGKV,Quarterly,0,0
2023-01-02 18:00:00,12.11,50.31,37.55,7.92,54.0,17.07,0.2,166.5,0.56,6.39,2023,IGKV,Quarterly,0,0
2023-01-02 18:15:00,12.27,50.2,37.62,5.4,54.0,17.07,0.19,157.58,0.57,6.36,2023,IGKV,Quarterly,0,0
2023-01-02 18:30:00,12.27,50.13,37.58,8.14,54.0,17.07,0.13,163.71,0.57,6.38,2023,IGKV,Quarterly,0,0
2023-01-02 18:45:00,12.25,49.78,37.38,7.78,52.72,17.95,0.16,152.02,0.58,6.36,2023,IGKV,Quarterly,0,0
2023-01-02 19:00:00,12.33,49.57,37.33,8.08,50.52,18.88,0.18,163.83,0.58,6.31,2023,IGKV,Quarterly,0,0
2023-01-02 19:15:00,14.14,49.99,39.01,7.77,50.52,18.88,0.11,168.56,0.6,6.38,2023,IGKV,Quarterly,0,0
2023-01-02 19:30:00,19.59,50.94,43.87,8.31,50.52,18.88,0.28,160.31,0.64,6.67,2023,IGKV,Quarterly,0,0
2023-01-02 19:45:00,23.37,51.42,47.16,8.63,57.67,19.91,0.17,148.59,0.68,6.95,2023,IGKV,Quarterly,0,0
2023-01-02 20:00:00,26.99,52.04,50.39,8.42,70.01,23.08,0.07,127.63,0.72,7.18,2023,IGKV,Quarterly,0,0
2023-01-02 20:15:00,35.37,53.05,57.63,8.69,70.01,23.08,0.28,169.04,0.8,7.57,2023,IGKV,Quarterly,0,0
2023-01-02 20:30:00,41.15,53.59,62.55,8.36,70.01,23.08,0.23,174.7,0.84,7.99,2023,IGKV,Quarterly,0,0
2023-01-02 20:45:00,42.44,53.49,63.53,8.54,76.83,24.15,0.13,161.01,0.88,8.21,2023,IGKV,Quarterly,0,0
2023-01-02 21:00:00,42.42,53.38,63.46,8.49,88.6,25.26,0.14,184.16,0.89,8.21,2023,IGKV,Quarterly,0,0
2023-01-02 21:15:00,42.34,53.16,63.28,8.6,88.6,25.26,0.19,168.18,0.92,8.21,2023,IGKV,Quarterly,0,0
2023-01-02 21:30:00,41.84,52.87,62.72,8.67,88.6,25.26,0.2,177.24,0.95,8.22,2023,IGKV,Quarterly,0,0
2023-01-02 21:45:00,40.96,52.24,61.69,8.86,86.76,26.35,0.18,199.41,0.98,8.19,2023,IGKV,Quarterly,0,0
2023-01-02 22:00:00,40.24,51.52,60.74,8.99,83.58,27.47,0.74,63.42,1.0,8.15,2023,IGKV,Quarterly,0,0
2023-01-02 22:15:00,42.2,51.34,62.21,9.25,83.58,27.47,0.63,42.24,1.04,8.23,2023,IGKV,Quarterly,0,0
2023-01-02 22:30:00,44.71,51.95,64.55,8.89,83.58,27.47,0.37,46.06,1.07,8.38,2023,IGKV,Quarterly,0,0
2023-01-02 22:45:00,47.94,52.3,67.31,9.49,87.83,30.61,0.26,2.87,1.1,8.56,2023,IGKV,Quarterly,0,0
2023-01-02 23:00:00,51.14,52.83,70.16,9.15,95.18,33.84,0.07,26.58,1.13,8.72,2023,IGKV,Quarterly,0,0
2023-01-02 23:15:00,54.07,53.29,72.75,8.62,95.18,33.84,0.13,145.01,1.15,8.9,2023,IGKV,Quarterly,0,0
2023-01-02 23:30:00,56.04,52.89,74.13,8.83,95.18,33.84,0.28,156.56,1.17,9.07,2023,IGKV,Quarterly,0,0
2023-01-02 23:45:00,56.39,52.55,74.23,9.13,97.59,34.55,0.2,155.64,1.18,9.11,2023,IGKV,Quarterly,0,0
2023-01-03 00:15:00,20.23,81.5,57.35,10.41,115.33,37.72,0.16,158.89,1.07,7.61,2023,IGKV,Quarterly,0,0
2023-01-03 00:30:00,20.24,80.74,56.96,9.84,96.56,34.28,0.22,236.89,1.06,7.59,2023,IGKV,Quarterly,0,0
2023-01-03 00:45:00,23.08,80.79,59.27,10.24,93.39,34.28,0.24,112.28,1.06,7.65,2023,IGKV,Quarterly,0,0
2023-01-03 01:00:00,28.62,81.18,63.91,9.86,93.39,34.28,0.36,82.29,1.08,7.94,2023,IGKV,Quarterly,0,0
2023-01-03 01:15:00,32.37,81.51,67.09,10.31,93.39,34.28,0.06,55.38,1.08,8.2,2023,IGKV,Quarterly,0,0
2023-01-03 01:30:00,34.9,81.97,69.37,10.11,98.85,36.76,0.21,292.04,1.08,8.38,2023,IGKV,Quarterly,0,0
2023-01-03 01:45:00,36.41,82.06,70.62,9.73,99.78,36.76,0.32,357.5,1.06,8.5,2023,IGKV,Quarterly,0,0
2023-01-03 02:00:00,36.56,81.87,70.65,9.68,99.78,36.76,0.05,333.56,1.05,8.53,2023,IGKV,Quarterly,0,0
2023-01-03 02:15:00,36.31,81.83,70.42,6.87,99.78,36.76,0.13,200.24,1.04,8.51,2023,IGKV,Quarterly,0,0
2023-01-03 02:30:00,35.84,81.63,69.94,10.87,106.23,39.43,0.23,192.09,1.03,8.48,2023,IGKV,Quarterly,0,0
2023-01-03 02:45:00,34.91,81.13,68.93,10.85,107.32,39.43,0.2,169.33,1.03,8.39,2023,IGKV,Quarterly,0,0
2023-01-03 03:00:00,33.61,79.9,67.4,10.86,107.32,39.43,0.2,189.19,1.03,8.31,2023,IGKV,Quarterly,0,0
2023-01-03 03:15:00,32.21,79.39,65.86,10.36,107.32,39.43,0.17,172.63,1.02,8.21,2023,IGKV,Quarterly,0,0
2023-01-03 03:30:00,30.88,78.71,64.43,10.8,105.92,35.71,0.11,194.54,1.01,8.11,2023,IGKV,Quarterly,0,0
2023-01-03 03:45:00,29.66,78.19,63.18,10.56,105.68,35.71,0.16,165.85,1.01,8.0,2023,IGKV,Quarterly,0,0
2023-01-03 04:00:00,28.62,77.25,61.86,10.95,105.68,35.71,0.2,152.5,1.01,7.92,2023,IGKV,Quarterly,0,0
2023-01-03 04:15:00,27.67,76.64,60.78,10.26,105.68,35.71,0.24,171.15,1.01,7.85,2023,IGKV,Quarterly,0,0
2023-01-03 04:30:00,26.87,76.26,59.94,10.43,101.33,36.05,0.26,158.37,1.02,7.79,2023,IGKV,Quarterly,0,0
2023-01-03 04:45:00,26.03,75.78,59.01,9.88,100.6,36.05,0.42,155.14,1.02,7.73,2023,IGKV,Quarterly,0,0
2023-01-03 05:00:00,25.34,75.35,58.24,10.18,100.6,36.05,0.17,163.75,1.04,7.63,2023,IGKV,Quarterly,0,0
2023-01-03 05:15:00,25.0,75.19,57.88,10.44,100.6,36.05,0.18,136.25,1.03,7.56,2023,IGKV,Quarterly,0,0
2023-01-03 05:30:00,24.87,75.47,57.92,9.86,93.28,37.54,0.13,111.06,1.03,7.51,2023,IGKV,Quarterly,0,0
2023-01-03 05:45:00,27.89,76.68,60.98,10.16,92.04,37.54,0.08,334.46,1.05,7.61,2023,IGKV,Quarterly,0,0
2023-01-03 06:00:00,32.4,77.67,65.11,10.44,92.04,37.54,0.23,155.45,1.08,7.88,2023,IGKV,Quarterly,0,0
2023-01-03 06:15:00,35.98,78.6,68.47,10.44,92.04,37.54,0.18,66.64,1.09,8.11,2023,IGKV,Quarterly,0,0
2023-01-03 06:30:00,40.67,79.44,72.67,10.19,100.11,37.05,0.43,44.22,1.12,8.36,2023,IGKV,Quarterly,0,0
2023-01-03 06:45:00,44.06,79.94,75.88,10.68,101.47,37.05,0.24,206.06,1.16,8.63,2023,IGKV,Quarterly,0,0
2023-01-03 07:00:00,45.44,81.15,77.38,11.22,101.47,37.05,0.19,192.13,1.19,8.79,2023,IGKV,Quarterly,0,0
2023-01-03 07:15:00,45.96,81.13,77.79,11.2,101.47,37.05,0.29,93.86,1.22,8.83,2023,IGKV,Quarterly,0,0
2023-01-03 07:30:00,46.73,81.58,78.65,11.35,121.14,46.36,0.24,70.6,1.24,8.85,2023,IGKV,Quarterly,0,0
2023-01-03 07:45:00,49.09,82.46,81.0,11.62,124.46,46.36,0.26,156.78,1.29,8.97,2023,IGKV,Quarterly,0,0
2023-01-03 08:00:00,51.08,83.56,83.17,11.65,124.46,46.36,0.04,52.44,1.32,9.14,2023,IGKV,Quarterly,0,0
2023-01-03 08:15:00,51.83,84.63,84.33,12.16,124.46,46.36,0.28,288.01,1.37,9.32,2023,IGKV,Quarterly,0,0
2023-01-03 08:30:00,51.28,85.68,84.43,12.48,157.1,61.0,0.25,226.17,1.4,9.34,2023,IGKV,Quarterly,0,0
2023-01-03 08:45:00,49.57,86.83,83.66,13.18,162.61,61.0,0.17,104.94,1.44,9.29,2023,IGKV,Quarterly,0,0
2023-01-03 09:00:00,47.21,87.99,82.38,13.54,162.61,61.0,0.28,87.83,1.47,9.23,2023,IGKV,Quarterly,0,0
2023-01-03 09:15:00,44.24,88.6,80.31,13.68,162.61,61.0,0.35,116.06,1.46,9.14,2023,IGKV,Quarterly,0,0
2023-01-03 09:30:00,40.92,88.4,77.55,14.06,176.02,62.96,0.21,160.08,1.45,9.06,2023,IGKV,Quarterly,0,0
2023-01-03 09:45:00,37.49,88.38,74.79,16.09,178.29,62.96,0.36,241.37,1.45,8.93,2023,IGKV,Quarterly,0,0
2023-01-03 10:00:00,33.75,89.36,72.3,18.53,178.29,62.96,0.4,204.42,1.46,8.8,2023,IGKV,Quarterly,0,0
2023-01-03 10:15:00,29.31,90.06,69.11,9.08,178.29,62.96,0.32,231.5,1.45,8.52,2023,IGKV,Quarterly,0,0
2023-01-03 10:30:00,24.47,90.65,65.53,18.72,161.32,65.12,0.38,270.8,1.46,8.29,2023,IGKV,Quarterly,0,0
2023-01-03 10:45:00,19.9,91.63,62.38,20.32,158.46,65.12,0.84,270.17,1.46,8.09,2023,IGKV,Quarterly,0,0
2023-01-03 11:00:00,15.37,91.41,58.63,21.1,158.46,65.12,0.86,294.26,1.45,7.87,2023,IGKV,Quarterly,0,0
2023-01-03 11:15:00,11.84,88.97,54.53,20.44,158.46,65.12,0.51,316.81,1.43,7.64,2023,IGKV,Quarterly,0,0
2023-01-03 11:30:00,9.33,86.56,51.26,18.91,155.42,66.18,0.91,291.83,1.39,7.47,2023,IGKV,Quarterly,0,0
2023-01-03 11:45:00,8.03,87.76,50.84,16.9,154.9,66.18,0.82,286.97,1.36,7.3,2023,IGKV,Quarterly,0,0
2023-01-03 12:00:00,6.97,84.7,48.39,16.73,154.9,66.18,1.09,318.09,1.31,7.17,2023,IGKV,Quarterly,0,0
2023-01-03 12:15:00,6.44,82.71,46.93,15.68,154.9,66.18,0.9,295.04,1.27,7.0,2023,IGKV,Quarterly,0,0
2023-01-03 12:30:00,5.99,81.52,45.94,14.8,117.28,53.38,0.54,245.53,1.23,6.88,2023,IGKV,Quarterly,0,0
2023-01-03 12:45:00,5.74,79.14,44.63,14.18,110.93,53.38,0.89,267.14,1.19,6.78,2023,IGKV,Quarterly,0,0
2023-01-03 13:00:00,5.49,75.16,42.22,14.98,110.93,53.38,0.65,264.86,1.13,6.67,2023,IGKV,Quarterly,0,0
2023-01-03 13:15:00,5.22,72.3,40.51,15.2,110.93,53.38,1.05,247.83,1.1,6.54,2023,IGKV,Quarterly,0,0
2023-01-03 13:30:00,5.27,71.19,39.97,15.79,87.44,43.48,0.26,214.52,1.07,6.43,2023,IGKV,Quarterly,0,0
2023-01-03 13:45:00,5.31,70.54,39.66,16.68,83.47,43.48,0.88,270.96,1.05,6.38,2023,IGKV,Quarterly,0,0
2023-01-03 14:00:00,5.36,69.65,39.24,17.97,83.47,43.48,0.76,301.05,1.07,6.33,2023,IGKV,Quarterly,0,0
2023-01-03 14:15:00,5.33,68.94,38.84,16.02,83.47,43.48,0.65,240.46,1.05,6.26,2023,IGKV,Quarterly,0,0
2023-01-03 14:30:00,5.19,66.26,37.33,16.47,69.45,39.87,0.33,277.21,1.02,6.22,2023,IGKV,Quarterly,0,0
2023-01-03 14:45:00,5.32,61.98,35.2,15.62,67.09,39.87,0.26,241.11,0.97,6.16,2023,IGKV,Quarterly,0,0
2023-01-03 15:00:00,5.55,58.64,33.63,14.79,67.09,39.87,0.31,247.47,0.95,6.12,2023,IGKV,Quarterly,0,0
2023-01-03 15:15:00,5.64,59.07,33.94,14.24,67.09,39.87,0.42,269.53,0.93,6.08,2023,IGKV,Quarterly,0,0
2023-01-03 15:30:00,6.85,62.15,36.51,15.08,66.1,32.28,0.35,274.58,0.92,6.11,2023,IGKV,Quarterly,0,0
2023-01-03 15:45:00,6.42,62.14,36.16,14.02,65.93,32.28,0.43,254.05,0.89,6.14,2023,IGKV,Quarterly,0,0
2023-01-03 16:00:00,5.71,61.58,35.3,13.56,65.93,32.28,0.42,247.63,0.87,6.14,2023,IGKV,Quarterly,0,0
2023-01-03 16:15:00,5.72,59.81,34.38,14.42,65.93,32.28,0.17,212.78,0.81,6.12,2023,IGKV,Quarterly,0,0
2023-01-03 16:30:00,5.82,58.14,33.59,14.98,52.19,30.68,0.21,248.96,0.8,6.1,2023,IGKV,Quarterly,0,0
2023-01-03 16:45:00,6.24,60.7,35.27,15.25,49.88,30.68,0.13,65.18,0.77,6.1,2023,IGKV,Quarterly,0,0
2023-01-03 17:00:00,5.56,56.45,32.5,16.38,49.88,30.68,0.17,179.76,0.74,6.15,2023,IGKV,Quarterly,0,0
2023-01-03 17:15:00,5.72,55.0,31.88,15.43,49.88,30.68,0.18,184.23,0.76,6.15,2023,IGKV,Quarterly,0,0
2023-01-03 17:30:00,5.8,56.86,32.91,15.31,46.72,25.64,0.24,161.39,0.73,6.14,2023,IGKV,Quarterly,0,0
2023-01-03 17:45:00,6.03,59.94,34.7,14.5,46.19,25.64,0.21,157.88,0.74,6.13,2023,IGKV,Quarterly,0,0
2023-01-03 18:00:00,11.0,69.47,43.67,13.45,46.19,25.64,0.29,93.31,0.82,6.22,2023,IGKV,Quarterly,0,0
2023-01-03 18:15:00,10.2,76.66,46.78,7.36,46.19,25.64,0.23,129.27,0.81,6.37,2023,IGKV,Quarterly,0,0
2023-01-03 18:30:00,12.48,78.67,49.98,11.4,63.76,27.25,0.31,89.07,0.83,6.58,2023,IGKV,Quarterly,0,0
2023-01-03 18:45:00,12.06,79.82,50.57,12.58,66.73,27.25,0.21,117.96,0.88,6.77,2023,IGKV,Quarterly,0,0
2023-01-03 19:00:00,11.6,81.99,50.68,12.4,66.73,27.25,0.15,208.79,0.9,6.91,2023,IGKV,Quarterly,0,0
2023-01-03 19:15:00,11.8,83.26,51.52,11.64,66.73,27.25,0.31,165.36,0.88,7.04,2023,IGKV,Quarterly,0,0
2023-01-03 19:30:00,11.77,79.53,50.61,11.6,104.5,29.59,0.14,176.18,0.89,7.1,2023,IGKV,Quarterly,0,0
2023-01-03 19:45:00,12.12,83.58,51.93,11.15,110.88,29.59,0.16,154.61,0.89,7.19,2023,IGKV,Quarterly,0,0
2023-01-03 20:00:00,13.37,83.36,52.82,11.54,110.88,29.59,0.1,192.99,0.9,7.17,2023,IGKV,Quarterly,0,0
2023-01-03 20:15:00,22.64,85.94,61.61,11.64,110.88,29.59,0.22,168.75,0.98,7.42,2023,IGKV,Quarterly,0,0
2023-01-03 20:30:00,27.02,86.76,65.55,11.74,126.6,34.36,0.35,162.59,1.01,7.9,2023,IGKV,Quarterly,0,0
2023-01-03 20:45:00,28.16,86.86,66.51,11.54,129.26,34.36,0.18,133.09,1.01,8.11,2023,IGKV,Quarterly,0,0
2023-01-03 21:00:00,27.28,86.31,65.52,11.67,129.26,34.36,0.12,179.3,1.01,8.15,2023,IGKV,Quarterly,0,0
2023-01-03 21:15:00,30.85,86.07,68.26,12.2,129.26,34.36,0.21,138.07,1.04,8.22,2023,IGKV,Quarterly,0,0
2023-01-03 21:30:00,34.16,86.97,71.38,11.44,146.2,36.11,0.29,154.1,1.05,8.44,2023,IGKV,Quarterly,0,0
2023-01-03 21:45:00,36.32,86.97,73.11,11.01,149.06,36.11,0.13,153.0,1.07,8.59,2023,IGKV,Quarterly,0,0
2023-01-03 22:00:00,40.43,87.43,76.65,11.36,149.06,36.11,0.37,334.36,1.11,8.78,2023,IGKV,Quarterly,0,0
2023-01-03 22:15:00,44.11,88.6,80.21,11.64,149.06,36.11,0.39,51.92,1.16,9.05,2023,IGKV,Quarterly,0,0
2023-01-03 22:30:00,45.58,89.46,81.84,14.45,168.65,42.64,0.93,43.7,1.22,9.24,2023,IGKV,Quarterly,0,0
2023-01-03 22:45:00,44.84,89.81,81.43,15.5,171.96,42.64,0.91,45.42,1.26,9.22,2023,IGKV,Quarterly,0,0
2023-01-03 23:00:00,42.54,89.81,79.59,15.76,171.96,42.64,0.7,47.02,1.28,9.17,2023,IGKV,Quarterly,0,0
2023-01-03 23:15:00,40.57,89.99,78.1,17.49,171.96,42.64,0.63,42.39,1.28,9.03,2023,IGKV,Quarterly,0,0
2023-01-03 23:30:00,38.54,90.12,76.54,17.87,176.62,51.4,0.51,22.5,1.27,8.95,2023,IGKV,Quarterly,0,0
2023-01-03 23:45:00,36.82,89.97,75.08,15.18,177.41,51.4,0.54,40.41,1.25,8.84,2023,IGKV,Quarterly,0,0
2023-01-04 00:15:00,26.95,59.83,53.74,7.25,29.01,5.48,0.1,278.88,0.61,7.05,2023,IGKV,Quarterly,0,0
2023-01-04 00:30:00,28.11,68.72,59.32,7.63,28.14,5.48,0.12,11.88,0.62,7.26,2023,IGKV,Quarterly,0,0
2023-01-04 00:45:00,29.71,65.98,59.17,7.58,28.14,5.48,0.23,110.08,0.61,7.3,2023,IGKV,Quarterly,0,0
2023-01-04 01:15:00,31.57,68.41,61.94,7.89,27.47,7.59,0.18,170.93,0.62,7.43,2023,IGKV,Quarterly,0,0
2023-01-04 01:30:00,32.56,67.4,62.2,7.88,27.3,7.59,0.2,45.52,0.62,7.51,2023,IGKV,Quarterly,0,0
2023-01-04 01:45:00,33.84,64.05,61.47,7.76,27.3,7.59,0.4,23.39,0.6,7.5,2023,IGKV,Quarterly,0,0
2023-01-04 02:00:00,34.75,67.14,63.82,7.11,27.3,7.59,0.31,46.43,0.62,7.58,2023,IGKV,Quarterly,0,0
2023-01-04 02:15:00,36.19,63.47,63.05,5.07,29.32,13.53,0.2,56.35,0.6,7.53,2023,IGKV,Quarterly,0,0
2023-01-04 02:30:00,37.05,66.98,65.58,7.65,29.87,13.53,0.6,48.4,0.61,7.7,2023,IGKV,Quarterly,0,0
2023-01-04 02:45:00,37.76,64.9,65.06,8.14,29.87,13.53,0.82,57.56,0.6,7.67,2023,IGKV,Quarterly,0,0
2023-01-04 03:00:00,38.39,65.95,66.12,8.32,29.87,13.53,0.59,15.42,0.61,7.75,2023,IGKV,Quarterly,0,0
2023-01-04 03:15:00,39.07,65.75,66.56,8.72,32.04,12.61,0.88,26.99,0.61,7.83,2023,IGKV,Quarterly,0,0
2023-01-04 03:30:00,39.75,65.79,67.12,8.21,32.62,12.61,1.04,35.18,0.6,7.87,2023,IGKV,Quarterly,0,0
2023-01-04 03:45:00,40.3,63.37,66.3,8.3,32.62,12.61,0.94,38.02,0.58,7.81,2023,IGKV,Quarterly,0,0
2023-01-04 04:00:00,40.42,66.12,67.83,8.57,32.62,12.61,1.25,28.38,0.59,7.96,2023,IGKV,Quarterly,0,0
2023-01-04 04:15:00,40.03,65.15,67.01,8.37,32.0,15.56,1.1,342.88,0.59,8.08,2023,IGKV,Quarterly,0,0
2023-01-04 04:30:00,39.25,66.27,66.98,8.26,31.83,15.56,1.51,352.66,0.61,8.14,2023,IGKV,Quarterly,0,0
2023-01-04 04:45:00,36.84,67.91,65.9,7.32,31.83,15.56,1.5,21.41,0.6,8.12,2023,IGKV,Quarterly,0,0
2023-01-04 05:00:00,36.0,65.91,64.18,7.92,31.83,15.56,1.47,68.56,0.58,8.06,2023,IGKV,Quarterly,0,0
2023-01-04 05:15:00,32.66,67.39,62.28,7.46,29.56,12.56,1.19,70.38,0.56,7.94,2023,IGKV,Quarterly,0,0
2023-01-04 05:30:00,30.57,67.03,60.41,7.15,28.96,12.56,1.52,59.45,0.55,7.77,2023,IGKV,Quarterly,0,0
2023-01-04 05:45:00,29.69,67.0,59.69,7.08,28.96,12.56,0.37,104.19,0.55,7.69,2023,IGKV,Quarterly,0,0
2023-01-04 06:00:00,29.11,67.76,59.62,7.19,28.96,12.56,0.35,95.0,0.53,7.65,2023,IGKV,Quarterly,0,0
2023-01-04 06:15:00,28.63,68.51,59.63,7.24,27.17,9.78,0.46,108.33,0.53,7.67,2023,IGKV,Quarterly,0,0
2023-01-04 06:30:00,27.97,68.1,58.88,7.23,26.69,9.78,0.26,124.76,0.52,7.59,2023,IGKV,Quarterly,0,0
2023-01-04 06:45:00,27.58,68.77,58.92,7.18,26.69,9.78,0.17,148.46,0.51,7.57,2023,IGKV,Quarterly,0,0
2023-01-04 07:00:00,27.3,68.77,58.7,7.08,26.69,9.78,0.33,98.12,0.5,7.58,2023,IGKV,Quarterly,0,0
2023-01-04 07:15:00,26.96,68.48,58.27,6.66,22.24,4.69,0.34,93.16,0.48,7.55,2023,IGKV,Quarterly,0,0
2023-01-04 07:30:00,26.53,68.5,57.94,6.83,21.05,4.69,0.18,206.62,0.48,7.5,2023,IGKV,Quarterly,0,0
2023-01-04 07:45:00,26.22,68.44,57.66,6.75,21.05,4.69,0.33,142.78,0.48,7.5,2023,IGKV,Quarterly,0,0
2023-01-04 08:00:00,25.82,68.18,57.2,6.91,21.05,4.69,0.05,145.58,0.47,7.46,2023,IGKV,Quarterly,0,0
2023-01-04 08:15:00,25.38,69.28,57.42,6.92,19.47,3.71,0.05,105.83,0.46,7.44,2023,IGKV,Quarterly,0,0
2023-01-04 08:30:00,25.08,68.8,56.93,6.71,19.05,3.71,0.25,105.87,0.45,7.43,2023,IGKV,Quarterly,0,0
2023-01-04 08:45:00,24.62,68.44,56.38,7.05,19.05,3.71,0.41,75.91,0.45,7.36,2023,IGKV,Quarterly,0,0
2023-01-04 09:00:00,24.43,69.24,56.64,6.62,19.05,3.71,0.26,100.05,0.45,7.34,2023,IGKV,Quarterly,0,0
2023-01-04 09:15:00,24.55,57.2,50.44,6.42,14.65,2.55,0.45,228.57,0.4,6.89,2023,IGKV,Quarterly,0,0
2023-01-04 09:30:00,24.03,56.14,49.47,6.74,13.48,2.55,0.17,216.13,0.39,6.61,2023,IGKV,Quarterly,0,0
2023-01-04 09:45:00,23.7,62.39,52.47,6.94,13.48,2.55,0.22,197.64,0.41,6.8,2023,IGKV,Quarterly,0,0
2023-01-04 10:00:00,23.34,55.46,48.56,6.95,13.48,2.55,0.2,256.09,0.39,6.62,2023,IGKV,Quarterly,0,0
2023-01-04 10:15:00,22.41,56.73,48.49,4.51,10.24,16.73,0.66,240.6,0.4,6.47,2023,IGKV,Quarterly,0,0
2023-01-04 10:30:00,21.97,62.12,50.95,6.84,9.43,16.73,0.68,298.48,0.42,6.67,2023,IGKV,Quarterly,0,0
2023-01-04 10:45:00,21.94,55.05,47.23,6.91,9.43,16.73,0.21,259.45,0.41,6.45,2023,IGKV,Quarterly,0,0
2023-01-04 11:00:00,21.43,61.01,49.94,7.05,9.43,16.73,0.29,241.35,0.43,6.55,2023,IGKV,Quarterly,0,0
2023-01-04 11:15:00,20.51,58.13,47.69,7.24,11.87,21.75,0.66,228.34,0.43,6.66,2023,IGKV,Quarterly,0,0
2023-01-04 11:30:00,19.9,53.82,44.95,7.18,12.52,21.75,0.39,299.19,0.41,6.38,2023,IGKV,Quarterly,0,0
2023-01-04 11:45:00,19.01,63.01,49.03,7.41,12.52,21.75,0.67,248.16,0.44,6.51,2023,IGKV,Quarterly,0,0
2023-01-04 12:00:00,12.62,47.29,35.7,8.0,12.934166666666666,21.028260869565216,0.57,290.53,0.44,6.4,2023,IGKV,Quarterly,1,22
2023-01-04 12:15:00,6.92,40.57,27.62,7.1,13.348333333333333,20.306521739130435,0.36,220.29,0.41,5.81,2023,IGKV,Quarterly,1,22
2023-01-04 12:30:00,4.53,45.39,28.22,6.96,13.7625,19.58478260869565,0.48,284.8,0.42,5.56,2023,IGKV,Quarterly,1,22
2023-01-04 12:45:00,4.26,43.88,27.22,7.26,,,0.21,335.78,0.43,5.66,2023,IGKV,Quarterly,1,22
2023-01-04 13:00:00,4.4,37.02,23.75,7.48,,,0.82,305.86,0.42,5.38,2023,IGKV,Quarterly,1,22
2023-01-04 13:15:00,4.03,35.79,22.8,7.31,,,0.45,276.48,0.41,5.15,2023,IGKV,Quarterly,1,22
2023-01-04 13:30:00,3.73,33.7,21.47,7.21,,,0.36,248.47,0.39,4.99,2023,IGKV,Quarterly,1,22
2023-01-04 13:45:00,3.18,33.37,20.86,6.34,,,0.55,212.94,0.39,4.92,2023,IGKV,Quarterly,1,22
2023-01-04 14:00:00,3.21,33.27,20.83,6.78,,,0.58,211.49,0.38,5.0,2023,IGKV,Quarterly,1,22
2023-01-04 14:15:00,3.2,34.74,21.59,6.8,,,0.74,257.8,0.36,4.97,2023,IGKV,Quarterly,1,22
2023-01-04 14:30:00,3.28,33.48,21.0,7.2,,,1.07,275.55,0.39,4.99,2023,IGKV,Quarterly,1,22
2023-01-04 14:45:00,3.3,36.02,22.34,6.72,17.49,,0.8,269.8,0.4,5.03,2023,IGKV,Quarterly,1,22
2023-01-04 15:00:00,3.61,42.36,25.9,6.5,17.49,,0.56,297.15,0.42,5.16,2023,IGKV,Quarterly,1,22
2023-01-04 15:15:00,4.05,43.93,27.07,5.92,17.49,,0.5,232.42,0.43,5.24,2023,IGKV,Quarterly,1,22
2023-01-04 15:30:00,4.45,48.14,29.59,6.21,17.55,,0.54,249.17,0.44,5.35,2023,IGKV,Quarterly,1,22
2023-01-04 15:45:00,4.8,50.72,31.22,6.05,20.05,,0.71,250.6,0.47,5.5,2023,IGKV,Quarterly,1,22
2023-01-04 16:00:00,4.95,51.06,31.52,6.38,20.05,,0.63,244.84,0.49,5.54,2023,IGKV,Quarterly,1,22
2023-01-04 16:15:00,5.04,51.17,31.65,6.36,20.05,,0.58,226.78,0.51,5.58,2023,IGKV,Quarterly,1,22
2023-01-04 16:30:00,5.11,53.14,32.73,6.55,20.21,,0.5,241.27,0.54,5.58,2023,IGKV,Quarterly,1,22
2023-01-04 16:45:00,5.13,54.91,33.68,6.86,27.19,,0.48,221.78,0.56,5.68,2023,IGKV,Quarterly,1,22
2023-01-04 17:00:00,5.22,55.53,34.07,6.42,27.19,,0.39,235.7,0.58,5.71,2023,IGKV,Quarterly,1,22
2023-01-04 17:15:00,5.19,56.56,34.59,6.81,27.19,,0.47,206.92,0.58,5.8,2023,IGKV,Quarterly,1,22
2023-01-04 17:30:00,5.47,56.46,34.76,6.74,27.23,5.15,0.36,198.45,0.58,5.86,2023,IGKV,Quarterly,0,0
2023-01-04 17:45:00,5.96,54.81,34.29,6.79,29.01,5.15,0.19,173.88,0.57,5.87,2023,IGKV,Quarterly,0,0
2023-01-04 18:00:00,6.45,58.22,36.46,6.38,29.01,5.15,0.27,199.98,0.56,5.91,2023,IGKV,Quarterly,0,0
2023-01-04 18:15:00,6.97,58.42,36.98,5.05,29.01,5.15,0.19,169.76,0.55,5.9,2023,IGKV,Quarterly,0,0
2023-01-04 18:30:00,7.45,58.81,37.57,7.26,28.98,5.31,0.17,160.85,0.53,5.97,2023,IGKV,Quarterly,0,0
2023-01-04 18:45:00,7.89,59.59,38.33,7.69,27.39,10.35,0.14,192.91,0.52,6.06,2023,IGKV,Quarterly,0,0
2023-01-04 19:00:00,9.0,55.67,37.18,7.01,27.39,10.35,0.13,152.42,0.51,5.84,2023,IGKV,Quarterly,0,0
2023-01-04 19:15:00,10.28,66.76,44.0,7.54,27.39,10.35,0.12,160.68,0.52,6.08,2023,IGKV,Quarterly,0,0
2023-01-04 19:30:00,11.18,64.45,43.51,7.68,27.51,10.7,0.22,152.48,0.51,6.13,2023,IGKV,Quarterly,0,0
2023-01-04 19:45:00,12.12,62.86,43.43,7.78,32.65,22.34,0.15,162.49,0.5,6.21,2023,IGKV,Quarterly,0,0
2023-01-04 20:00:00,13.14,67.9,46.88,7.69,32.65,22.34,0.18,149.54,0.52,6.32,2023,IGKV,Quarterly,0,0
2023-01-04 20:15:00,14.02,63.06,45.06,8.03,32.65,22.34,0.17,169.23,0.51,6.33,2023,IGKV,Quarterly,0,0
2023-01-04 20:30:00,15.07,67.04,47.98,7.9,32.54,22.12,0.23,156.96,0.52,6.53,2023,IGKV,Quarterly,0,0
2023-01-04 20:45:00,15.79,61.8,45.83,8.13,27.88,15.11,0.14,164.85,0.52,6.46,2023,IGKV,Quarterly,0,0
2023-01-04 21:00:00,20.85,65.5,51.81,7.83,27.88,15.11,0.13,148.58,0.55,6.65,2023,IGKV,Quarterly,0,0
2023-01-04 21:15:00,20.85,65.31,51.72,8.34,27.88,15.11,0.25,163.3,0.56,6.84,2023,IGKV,Quarterly,0,0
2023-01-04 21:30:00,22.55,66.02,53.45,8.14,28.17,15.28,0.13,109.19,0.57,6.88,2023,IGKV,Quarterly,0,0
2023-01-04 21:45:00,26.01,67.08,56.77,7.95,40.69,20.83,0.19,141.16,0.6,7.13,2023,IGKV,Quarterly,0,0
2023-01-04 22:00:00,28.0,66.78,58.22,8.13,40.69,20.83,0.22,168.93,0.61,7.29,2023,IGKV,Quarterly,0,0
2023-01-04 22:15:00,29.02,68.72,60.05,8.32,40.69,20.83,0.19,153.06,0.63,7.45,2023,IGKV,Quarterly,0,0
2023-01-04 22:30:00,30.02,66.22,59.54,8.15,40.88,20.77,0.09,167.66,0.64,7.47,2023,IGKV,Quarterly,0,0
2023-01-04 22:45:00,32.32,65.62,61.08,8.0,49.45,18.89,0.19,80.95,0.66,7.55,2023,IGKV,Quarterly,0,0
2023-01-04 23:00:00,38.0,68.36,67.06,8.41,49.45,18.89,0.23,146.99,0.67,7.8,2023,IGKV,Quarterly,0,0
2023-01-04 23:15:00,39.1,68.15,67.83,8.04,49.45,18.89,0.24,180.15,0.68,8.03,2023,IGKV,Quarterly,0,0
2023-01-04 23:30:00,39.79,66.37,67.45,8.04,49.57,19.18,0.19,189.7,0.7,8.07,2023,IGKV,Quarterly,0,0
2023-01-04 23:45:00,39.95,69.89,69.43,8.05,54.59,28.69,0.17,151.76,0.72,8.33,2023,IGKV,Quarterly,0,0
2023-01-05 00:15:00,38.42,59.71,63.36,7.16,20.45,10.84,0.94,68.1,0.72,7.03,2023,IGKV,Quarterly,0,0
2023-01-05 00:30:00,37.85,61.7,63.94,6.91,21.57,11.15,1.17,56.18,0.73,7.06,2023,IGKV,Quarterly,0,0
2023-01-05 01:00:00,37.36,62.76,64.1,6.46,23.52,12.2,0.35,268.42,0.72,7.1,2023,IGKV,Quarterly,0,0
2023-01-05 01:15:00,36.9,62.43,63.56,6.77,23.52,12.2,0.44,255.45,0.73,7.05,2023,IGKV,Quarterly,0,0
2023-01-05 01:30:00,36.07,62.44,62.9,6.89,21.87,11.8,0.6,268.73,0.72,6.98,2023,IGKV,Quarterly,0,0
2023-01-05 01:45:00,35.36,62.67,62.45,6.56,19.03,11.37,1.15,313.27,0.72,6.96,2023,IGKV,Quarterly,0,0
2023-01-05 02:00:00,35.28,63.17,62.65,6.66,19.03,11.37,0.97,301.27,0.73,6.97,2023,IGKV,Quarterly,0,0
2023-01-05 02:15:00,35.44,63.88,63.14,6.74,19.03,11.37,0.36,262.58,0.75,6.97,2023,IGKV,Quarterly,0,0
2023-01-05 02:30:00,35.49,63.95,63.22,7.47,20.87,12.06,0.2,148.87,0.77,7.0,2023,IGKV,Quarterly,0,0
2023-01-05 02:45:00,35.52,64.23,63.39,7.84,24.06,12.78,0.19,127.31,0.77,7.04,2023,IGKV,Quarterly,0,0
2023-01-05 03:00:00,35.33,63.77,63.0,7.76,24.06,12.78,0.16,144.35,0.78,6.99,2023,IGKV,Quarterly,0,0
2023-01-05 03:15:00,35.2,63.33,62.66,7.79,24.06,12.78,0.11,166.9,0.78,6.94,2023,IGKV,Quarterly,0,0
2023-01-05 03:30:00,35.0,63.3,62.49,7.7,27.36,13.9,0.13,117.59,0.77,6.92,2023,IGKV,Quarterly,0,0
2023-01-05 03:45:00,34.75,62.69,61.97,7.7,33.07,15.05,0.31,86.35,0.76,6.92,2023,IGKV,Quarterly,0,0
2023-01-05 04:00:00,34.34,63.05,61.82,8.45,33.07,15.05,0.32,147.7,0.76,6.9,2023,IGKV,Quarterly,0,0
2023-01-05 04:15:00,33.9,63.43,61.68,8.24,33.07,15.05,0.17,182.51,0.76,6.89,2023,IGKV,Quarterly,0,0
2023-01-05 04:30:00,33.72,63.12,61.37,8.34,31.43,14.36,0.3,140.54,0.75,6.84,2023,IGKV,Quarterly,0,0
2023-01-05 04:45:00,33.55,63.25,61.3,7.81,28.6,13.66,0.29,161.87,0.73,6.82,2023,IGKV,Quarterly,0,0
2023-01-05 05:00:00,33.63,52.79,55.9,7.16,28.6,13.66,0.23,144.15,0.69,6.51,2023,IGKV,Quarterly,0,0
2023-01-05 05:15:00,33.1,56.76,57.54,7.19,28.6,13.66,0.28,167.6,0.68,6.46,2023,IGKV,Quarterly,0,0
2023-01-05 05:30:00,32.16,54.22,55.46,7.37,24.98,12.84,0.36,157.0,0.66,6.33,2023,IGKV,Quarterly,0,0
2023-01-05 05:45:00,31.8,58.7,57.52,7.8,18.74,11.99,0.12,277.29,0.66,6.45,2023,IGKV,Quarterly,0,0
2023-01-05 06:00:00,31.47,59.06,57.45,7.55,18.74,11.99,0.27,272.42,0.66,6.44,2023,IGKV,Quarterly,0,0
2023-01-05 06:15:00,31.31,58.75,57.15,7.48,18.74,11.99,0.12,252.64,0.66,6.39,2023,IGKV,Quarterly,0,0
2023-01-05 06:30:00,31.24,56.41,55.88,7.96,17.38,11.17,0.13,229.61,0.64,6.32,2023,IGKV,Quarterly,0,0
2023-01-05 06:45:00,31.14,60.22,57.79,8.3,15.03,8.39,0.07,179.81,0.65,6.47,2023,IGKV,Quarterly,0,0
2023-01-05 07:00:00,31.22,56.22,55.76,7.83,15.03,8.39,0.29,264.34,0.63,6.34,2023,IGKV,Quarterly,0,0
2023-01-05 07:15:00,30.93,59.49,57.23,7.54,15.03,8.39,0.23,89.41,0.64,6.44,2023,IGKV,Quarterly,0,0
2023-01-05 07:30:00,30.96,56.47,55.68,8.13,14.56,7.37,0.32,55.79,0.62,6.31,2023,IGKV,Quarterly,0,0
2023-01-05 07:45:00,31.49,59.64,57.76,7.91,13.75,6.31,0.35,72.11,0.64,6.46,2023,IGKV,Quarterly,0,0
2023-01-05 08:00:00,32.21,57.92,57.44,8.01,13.75,6.31,0.29,66.03,0.64,6.4,2023,IGKV,Quarterly,0,0
2023-01-05 08:15:00,32.33,58.34,57.76,7.92,13.75,6.31,0.37,84.81,0.63,6.46,2023,IGKV,Quarterly,0,0
2023-01-05 08:30:00,32.1,58.91,57.87,7.83,12.32,5.53,0.21,101.24,0.63,6.47,2023,IGKV,Quarterly,0,0
2023-01-05 08:45:00,31.91,59.28,57.92,8.05,9.84,4.72,0.19,122.58,0.63,6.46,2023,IGKV,Quarterly,0,0
2023-01-05 09:00:00,32.05,56.25,56.44,8.21,9.84,4.72,0.4,75.67,0.6,6.39,2023,IGKV,Quarterly,0,0
2023-01-05 09:15:00,31.71,58.2,57.19,8.05,9.84,4.72,0.37,116.62,0.62,6.42,2023,IGKV,Quarterly,0,0
2023-01-05 09:30:00,31.75,53.59,54.81,8.09,10.45,6.0,0.28,254.98,0.58,6.22,2023,IGKV,Quarterly,0,0
2023-01-05 09:45:00,31.14,60.3,57.83,7.75,11.51,7.36,0.07,156.61,0.61,6.47,2023,IGKV,Quarterly,0,0
2023-01-05 10:00:00,30.55,61.99,58.24,8.13,11.51,7.36,0.39,297.1,0.62,6.63,2023,IGKV,Quarterly,0,0
2023-01-05 10:15:00,30.11,61.87,57.82,6.76,11.51,7.36,0.34,299.25,0.63,6.57,2023,IGKV,Quarterly,0,0
2023-01-05 10:30:00,29.26,61.15,56.76,8.02,11.73,6.39,0.58,71.56,0.62,6.46,2023,IGKV,Quarterly,0,0
2023-01-05 10:45:00,28.41,62.05,56.55,7.69,12.12,5.38,0.49,25.0,0.63,6.47,2023,IGKV,Quarterly,0,0
2023-01-05 11:00:00,27.68,62.09,55.99,7.74,12.12,5.38,0.06,43.15,0.62,6.41,2023,IGKV,Quarterly,0,0
2023-01-05 11:15:00,26.61,62.37,55.28,7.99,12.12,5.38,0.1,153.74,0.62,6.37,2023,IGKV,Quarterly,0,0
2023-01-05 11:30:00,25.71,61.27,53.98,7.6,12.47,5.04,0.34,86.19,0.62,6.25,2023,IGKV,Quarterly,0,0
2023-01-05 11:45:00,24.75,60.84,52.98,7.23,13.08,4.68,0.34,149.27,0.59,6.25,2023,IGKV,Quarterly,0,0
2023-01-05 12:00:00,23.75,61.03,52.28,7.11,13.08,4.68,0.31,144.49,0.59,6.18,2023,IGKV,Quarterly,0,0
2023-01-05 12:15:00,22.71,59.14,50.46,7.48,13.08,4.68,0.11,230.73,0.58,5.99,2023,IGKV,Quarterly,0,0
2023-01-05 12:30:00,21.69,59.25,49.7,7.43,13.27,4.4,0.29,102.93,0.57,5.97,2023,IGKV,Quarterly,0,0
2023-01-05 12:45:00,20.95,60.67,49.85,7.22,13.6,3.53,0.22,109.74,0.57,5.96,2023,IGKV,Quarterly,0,0
2023-01-05 13:00:00,20.3,57.67,47.76,7.1,13.6,3.53,0.28,192.34,0.55,5.79,2023,IGKV,Quarterly,0,0
2023-01-05 13:15:00,19.4,59.88,48.2,6.56,13.6,3.53,0.29,229.73,0.56,5.84,2023,IGKV,Quarterly,0,0
2023-01-05 13:30:00,18.75,56.77,46.05,7.16,13.21,4.26,0.32,122.38,0.54,5.69,2023,IGKV,Quarterly,0,0
2023-01-05 13:45:00,18.28,59.02,46.85,7.19,12.54,5.01,0.38,95.31,0.54,5.77,2023,IGKV,Quarterly,0,0
2023-01-05 14:00:00,17.71,55.76,44.69,6.85,12.54,5.01,0.31,190.71,0.52,5.51,2023,IGKV,Quarterly,0,0
2023-01-05 14:15:00,17.07,58.17,45.43,6.56,12.54,5.01,0.25,149.01,0.42,5.51,2023,IGKV,Quarterly,0,0
2023-01-05 14:30:00,16.39,53.11,42.24,6.49,11.8,4.4,0.3,111.17,0.44,5.38,2023,IGKV,Quarterly,0,0
2023-01-05 14:45:00,15.69,51.63,40.91,6.67,10.5,3.77,0.44,78.54,0.42,5.3,2023,IGKV,Quarterly,0,0
2023-01-05 15:00:00,15.67,47.6,38.78,6.72,10.5,3.77,0.25,112.5,0.4,5.11,2023,IGKV,Quarterly,0,0
2023-01-05 15:15:00,15.5,45.21,37.41,6.15,10.5,3.77,0.36,83.68,0.38,4.94,2023,IGKV,Quarterly,0,0
2023-01-05 15:30:00,15.43,50.42,40.07,6.83,9.41,3.84,0.25,152.11,0.4,5.0,2023,IGKV,Quarterly,0,0
2023-01-05 15:45:00,15.15,52.58,40.97,6.37,7.51,3.91,0.22,150.1,0.39,5.21,2023,IGKV,Quarterly,0,0
2023-01-05 16:00:00,14.77,46.93,37.72,6.75,7.51,3.91,0.14,124.11,0.36,5.05,2023,IGKV,Quarterly,0,0
2023-01-05 16:15:00,14.9,51.89,40.41,6.89,7.51,3.91,0.12,110.61,0.4,5.09,2023,IGKV,Quarterly,0,0
2023-01-05 16:30:00,14.63,51.03,39.74,6.39,7.55,3.4,0.12,88.67,0.39,5.16,2023,IGKV,Quarterly,0,0
2023-01-05 16:45:00,14.16,44.29,35.85,6.73,7.61,2.88,0.2,207.26,0.36,4.98,2023,IGKV,Quarterly,0,0
2023-01-05 17:00:00,14.82,51.88,40.34,6.92,7.61,2.88,0.21,108.39,0.4,5.07,2023,IGKV,Quarterly,0,0
2023-01-05 17:15:00,15.21,50.44,39.9,7.46,7.61,2.88,0.2,144.36,0.38,5.12,2023,IGKV,Quarterly,0,0
2023-01-05 17:30:00,14.65,44.2,36.2,6.45,6.97,3.5,0.09,117.75,0.35,4.97,2023,IGKV,Quarterly,0,0
2023-01-05 17:45:00,15.51,52.95,41.45,6.72,5.87,4.13,0.06,122.81,0.39,5.09,2023,IGKV,Quarterly,0,0
2023-01-05 18:00:00,15.41,49.87,39.76,6.85,5.87,4.13,0.1,186.89,0.36,5.13,2023,IGKV,Quarterly,0,0
2023-01-05 18:15:00,15.4,46.65,38.08,6.71,5.87,4.13,0.07,165.21,0.35,4.98,2023,IGKV,Quarterly,0,0
2023-01-05 18:30:00,15.87,52.02,41.26,8.08,5.39,3.87,0.13,99.65,0.38,5.17,2023,IGKV,Quarterly,0,0
2023-01-05 18:45:00,16.22,47.77,39.32,8.25,4.56,3.08,0.13,174.87,0.37,5.16,2023,IGKV,Quarterly,0,0
2023-01-05 19:00:00,17.84,54.47,44.12,8.6,4.56,3.08,0.09,149.4,0.4,5.28,2023,IGKV,Quarterly,0,0
2023-01-05 19:15:00,18.39,49.79,42.11,8.66,4.56,3.08,0.18,140.61,0.37,5.19,2023,IGKV,Quarterly,0,0
2023-01-05 19:30:00,19.25,55.67,45.87,8.7,6.98,3.15,0.24,117.45,0.41,5.41,2023,IGKV,Quarterly,0,0
2023-01-05 19:45:00,19.72,59.82,48.42,9.17,11.14,3.22,0.27,136.64,0.41,5.77,2023,IGKV,Quarterly,0,0
2023-01-05 20:00:00,19.96,60.92,49.19,9.23,11.14,3.22,0.46,79.88,0.42,5.88,2023,IGKV,Quarterly,0,0
2023-01-05 20:15:00,20.46,60.26,49.24,8.83,11.14,3.22,0.47,78.76,0.43,5.87,2023,IGKV,Quarterly,0,0
2023-01-05 20:30:00,21.21,58.81,49.09,8.8,11.82,2.86,0.21,147.93,0.42,5.84,2023,IGKV,Quarterly,0,0
2023-01-05 20:45:00,21.67,60.39,50.29,8.97,13.0,2.48,0.28,72.1,0.43,5.96,2023,IGKV,Quarterly,0,0
2023-01-05 21:00:00,22.53,60.18,50.86,8.61,13.0,2.48,0.27,52.23,0.45,5.98,2023,IGKV,Quarterly,0,0
2023-01-05 21:15:00,23.79,58.99,51.25,8.36,13.0,2.48,0.11,163.4,0.43,6.02,2023,IGKV,Quarterly,0,0
2023-01-05 21:30:00,24.8,60.41,52.8,8.38,16.32,4.59,0.45,351.1,0.45,6.16,2023,IGKV,Quarterly,0,0
2023-01-05 21:45:00,25.84,60.63,53.75,8.52,22.05,6.76,0.36,239.32,0.46,6.22,2023,IGKV,Quarterly,0,0
2023-01-05 22:00:00,26.38,60.45,54.09,8.67,22.05,6.76,0.27,188.44,0.46,6.22,2023,IGKV,Quarterly,0,0
2023-01-05 22:15:00,26.74,58.3,53.26,8.48,22.05,6.76,0.23,105.19,0.45,6.21,2023,IGKV,Quarterly,0,0
2023-01-05 22:30:00,26.34,59.02,53.31,8.3,19.82,5.84,0.22,160.42,0.45,6.27,2023,IGKV,Quarterly,0,0
2023-01-05 22:45:00,26.03,59.57,53.34,8.25,15.96,4.85,0.46,253.72,0.44,6.25,2023,IGKV,Quarterly,0,0
2023-01-05 23:00:00,25.7,59.54,53.07,8.63,15.96,4.85,0.2,247.7,0.44,6.21,2023,IGKV,Quarterly,0,0
2023-01-05 23:15:00,25.46,58.67,52.42,8.27,15.96,4.85,0.25,244.89,0.42,6.14,2023,IGKV,Quarterly,0,0
2023-01-05 23:30:00,25.01,59.18,52.32,8.48,15.7,5.12,0.38,253.51,0.42,6.16,2023,IGKV,Quarterly,0,0
2023-01-05 23:45:00,24.81,60.08,52.63,8.82,15.23,5.4,0.44,252.56,0.42,6.18,2023,IGKV,Quarterly,0,0
2023-01-06 00:15:00,22.03,59.97,47.95,6.35,88.44,26.68,0.27,248.6,0.81,5.78,2023,IGKV,Quarterly,0,0
2023-01-06 00:30:00,32.47,61.88,57.32,6.63,93.43,29.22,0.13,201.09,0.84,5.71,2023,IGKV,Quarterly,0,0
2023-01-06 00:45:00,47.45,68.26,72.67,6.68,100.58,31.4,0.13,123.85,0.89,5.91,2023,IGKV,Quarterly,0,0
2023-01-06 01:00:00,30.74,63.49,56.78,5.9,100.58,31.4,0.21,95.0,0.84,6.05,2023,IGKV,Quarterly,0,0
2023-01-06 01:15:00,29.36,63.59,55.72,6.28,100.58,31.4,0.16,111.01,0.84,6.18,2023,IGKV,Quarterly,0,0
2023-01-06 01:30:00,30.63,61.47,55.64,7.33,105.3,31.87,0.12,5.4,0.85,6.27,2023,IGKV,Quarterly,0,0
2023-01-06 02:00:00,28.12,60.23,52.98,6.12,112.38,32.99,0.25,157.56,0.82,6.31,2023,IGKV,Quarterly,0,0
2023-01-06 02:15:00,32.7,62.32,57.74,7.43,112.38,32.99,0.13,175.87,0.84,6.36,2023,IGKV,Quarterly,0,0
2023-01-06 02:30:00,35.51,60.63,59.11,13.55,106.65,32.76,0.06,34.92,0.84,6.4,2023,IGKV,Quarterly,0,0
2023-01-06 02:45:00,34.04,59.32,57.25,15.82,98.45,32.56,0.34,56.02,0.84,6.4,2023,IGKV,Quarterly,0,0
2023-01-06 03:00:00,32.4,59.03,55.77,15.71,98.45,32.56,0.55,58.69,0.87,6.46,2023,IGKV,Quarterly,0,0
2023-01-06 03:15:00,35.65,60.86,59.35,18.11,98.45,32.56,0.51,46.52,0.85,6.54,2023,IGKV,Quarterly,0,0
2023-01-06 03:30:00,35.98,60.48,59.41,15.43,100.83,32.18,0.29,40.93,0.85,6.49,2023,IGKV,Quarterly,0,0
2023-01-06 03:45:00,36.4,60.26,59.63,14.99,104.24,31.86,0.23,72.34,0.84,6.52,2023,IGKV,Quarterly,0,0
2023-01-06 04:00:00,38.42,61.93,62.12,12.43,104.24,31.86,0.24,71.54,0.83,6.58,2023,IGKV,Quarterly,0,0
2023-01-06 04:15:00,39.42,62.68,63.31,9.69,104.24,31.86,0.11,52.2,0.84,6.6,2023,IGKV,Quarterly,0,0
2023-01-06 04:30:00,39.98,61.79,63.3,9.63,100.43,31.46,0.05,79.03,0.84,6.59,2023,IGKV,Quarterly,0,0
2023-01-06 04:45:00,41.29,63.72,65.35,8.24,94.71,31.11,0.16,154.98,0.85,6.68,2023,IGKV,Quarterly,0,0
2023-01-06 05:00:00,42.5,64.07,66.51,7.52,94.71,31.11,0.2,168.61,0.85,6.68,2023,IGKV,Quarterly,0,0
2023-01-06 05:15:00,43.65,63.19,66.97,7.97,94.71,31.11,0.27,58.99,0.84,6.65,2023,IGKV,Quarterly,0,0
2023-01-06 05:30:00,44.07,62.83,67.12,9.01,96.74,30.1,0.22,66.25,0.84,6.71,2023,IGKV,Quarterly,0,0
2023-01-06 05:45:00,45.37,63.86,68.7,8.54,99.78,29.2,0.09,159.31,0.85,6.79,2023,IGKV,Quarterly,0,0
2023-01-06 06:00:00,47.0,65.31,70.77,7.74,99.78,29.2,0.2,167.93,0.85,6.89,2023,IGKV,Quarterly,0,0
2023-01-06 06:15:00,47.95,66.15,71.97,8.06,99.78,29.2,0.04,340.83,0.87,6.93,2023,IGKV,Quarterly,0,0
2023-01-06 06:30:00,47.71,62.6,69.92,10.25,101.76,31.44,0.2,42.97,0.9,6.93,2023,IGKV,Quarterly,0,0
2023-01-06 06:45:00,46.16,61.7,68.21,15.39,104.72,33.37,0.22,43.63,0.92,7.03,2023,IGKV,Quarterly,0,0
2023-01-06 07:00:00,45.58,61.71,67.75,13.11,104.72,33.37,0.32,27.56,0.93,7.04,2023,IGKV,Quarterly,0,0
2023-01-06 07:15:00,41.3,57.45,62.09,19.53,104.72,33.37,0.23,1.71,0.97,7.0,2023,IGKV,Quarterly,0,0
2023-01-06 07:30:00,40.45,61.26,63.4,15.94,112.57,34.67,0.35,0.87,0.95,7.01,2023,IGKV,Quarterly,0,0
2023-01-06 07:45:00,39.19,59.16,61.29,18.24,123.82,37.78,0.29,24.5,0.94,6.94,2023,IGKV,Quarterly,0,0
2023-01-06 08:00:00,36.56,62.79,61.08,16.46,123.82,37.78,0.72,27.5,0.94,6.94,2023,IGKV,Quarterly,0,0
2023-01-06 08:15:00,34.51,58.56,57.22,18.61,123.82,37.78,0.99,47.31,0.9,6.77,2023,IGKV,Quarterly,0,0
2023-01-06 08:30:00,34.03,60.81,58.02,16.83,117.82,36.53,1.26,36.32,0.88,6.65,2023,IGKV,Quarterly,0,0
2023-01-06 08:45:00,30.74,63.45,56.76,18.51,109.24,35.46,1.39,41.84,0.86,6.66,2023,IGKV,Quarterly,0,0
2023-01-06 09:00:00,26.63,55.66,49.4,22.1,109.24,35.46,1.06,33.37,0.86,6.49,2023,IGKV,Quarterly,0,0
2023-01-06 09:15:00,25.12,54.25,47.44,16.6,109.24,35.46,1.14,28.67,0.84,6.31,2023,IGKV,Quarterly,0,0
2023-01-06 09:30:00,23.49,54.1,46.06,15.86,106.1,35.36,1.29,30.01,0.83,6.13,2023,IGKV,Quarterly,0,0
2023-01-06 09:45:00,23.13,58.97,48.31,12.54,101.61,35.27,1.41,37.44,0.83,6.01,2023,IGKV,Quarterly,0,0
2023-01-06 10:00:00,19.96,56.63,44.55,12.55,101.61,35.27,1.3,42.73,0.8,6.0,2023,IGKV,Quarterly,0,0
2023-01-06 10:15:00,18.59,56.18,43.22,9.64,101.61,35.27,1.02,29.47,0.78,5.89,2023,IGKV,Quarterly,0,0
2023-01-06 10:30:00,17.34,54.42,41.29,12.86,97.6,33.69,1.45,38.82,0.78,5.76,2023,IGKV,Quarterly,0,0
2023-01-06 10:45:00,16.5,51.09,38.88,13.59,91.87,32.34,1.25,40.07,0.75,5.67,2023,IGKV,Quarterly,0,0
2023-01-06 11:00:00,15.71,51.87,38.65,13.12,91.87,32.34,1.47,38.73,0.73,5.59,2023,IGKV,Quarterly,0,0
2023-01-06 11:15:00,13.96,50.12,36.34,12.74,91.87,32.34,1.22,53.61,0.7,5.54,2023,IGKV,Quarterly,0,0
2023-01-06 11:30:00,12.02,50.88,35.17,10.87,90.1,32.29,1.31,53.04,0.72,5.44,2023,IGKV,Quarterly,0,0
2023-01-06 11:45:00,10.15,49.65,33.03,13.37,87.57,32.24,0.96,25.34,0.69,5.34,2023,IGKV,Quarterly,0,0
2023-01-06 12:00:00,9.48,47.47,31.36,12.21,87.57,32.24,1.04,41.18,0.67,5.27,2023,IGKV,Quarterly,0,0
2023-01-06 12:15:00,9.14,46.86,30.77,11.77,87.57,32.24,1.36,46.24,0.67,5.18,2023,IGKV,Quarterly,0,0
2023-01-06 12:30:00,8.4,47.67,30.6,13.23,88.54,30.99,0.76,9.78,0.66,5.2,2023,IGKV,Quarterly,0,0
2023-01-06 12:45:00,8.32,50.19,31.85,11.94,89.94,29.91,0.87,53.55,0.66,5.24,2023,IGKV,Quarterly,0,0
2023-01-06 13:00:00,7.71,51.62,32.11,11.83,89.94,29.91,0.74,304.18,0.65,5.26,2023,IGKV,Quarterly,0,0
2023-01-06 13:15:00,7.57,54.23,33.36,13.59,89.94,29.91,0.66,323.22,0.64,5.29,2023,IGKV,Quarterly,0,0
2023-01-06 13:30:00,7.31,54.36,33.22,9.83,89.47,30.1,1.07,312.09,0.65,5.36,2023,IGKV,Quarterly,0,0
2023-01-06 13:45:00,7.5,55.88,34.16,8.87,88.8,30.56,0.79,337.83,0.63,5.44,2023,IGKV,Quarterly,0,0
2023-01-06 14:00:00,7.3,55.64,33.88,10.68,88.8,30.56,0.88,34.2,0.61,5.47,2023,IGKV,Quarterly,0,0
2023-01-06 14:15:00,5.96,54.5,32.21,14.53,88.8,30.56,0.76,23.3,0.49,5.54,2023,IGKV,Quarterly,0,0
2023-01-06 14:30:00,3.1,63.73,34.73,11.42,88.03,27.13,1.07,25.16,0.54,5.51,2023,IGKV,Quarterly,0,0
2023-01-06 14:45:00,2.41,60.33,32.41,13.4,86.94,24.18,0.77,347.09,0.48,5.54,2023,IGKV,Quarterly,0,0
2023-01-06 15:00:00,1.75,65.56,34.61,9.64,86.94,24.18,0.58,64.22,0.49,5.45,2023,IGKV,Quarterly,0,0
2023-01-06 15:15:00,1.88,67.66,35.82,7.84,86.94,24.18,0.65,316.15,0.48,5.46,2023,IGKV,Quarterly,0,0
2023-01-06 15:30:00,2.67,65.37,35.24,7.85,81.62,23.97,1.1,302.22,0.46,5.52,2023,IGKV,Quarterly,0,0
2023-01-06 15:45:00,3.19,64.5,35.21,7.77,73.99,23.79,0.76,302.2,0.44,5.55,2023,IGKV,Quarterly,0,0
2023-01-06 16:00:00,3.48,60.54,33.37,8.61,73.99,23.79,0.37,49.98,0.41,5.52,2023,IGKV,Quarterly,0,0
2023-01-06 16:15:00,3.55,58.46,32.35,7.9,73.99,23.79,0.18,38.27,0.4,5.46,2023,IGKV,Quarterly,0,0
2023-01-06 16:30:00,6.39,58.31,34.55,8.89,73.11,21.43,0.92,45.29,0.41,5.38,2023,IGKV,Quarterly,0,0
2023-01-06 16:45:00,6.07,54.06,32.07,8.78,71.85,19.41,0.75,59.58,0.41,5.24,2023,IGKV,Quarterly,0,0
2023-01-06 17:00:00,5.53,49.57,29.29,8.55,71.85,19.41,0.14,36.62,0.38,5.22,2023,IGKV,Quarterly,0,0
2023-01-06 17:15:00,5.39,51.74,30.32,9.83,71.85,19.41,0.05,29.07,0.42,5.19,2023,IGKV,Quarterly,0,0
2023-01-06 17:30:00,4.59,45.33,26.32,10.97,70.17,19.33,0.25,198.39,0.35,5.16,2023,IGKV,Quarterly,0,0
2023-01-06 17:45:00,7.17,53.34,32.57,7.97,67.75,19.26,0.44,294.59,0.44,5.1,2023,IGKV,Quarterly,0,0
2023-01-06 18:00:00,8.21,56.52,35.07,8.7,67.75,19.26,0.14,54.84,0.5,5.06,2023,IGKV,Quarterly,0,0
2023-01-06 18:15:00,7.86,58.15,35.64,7.86,67.75,19.26,0.16,256.14,0.53,5.05,2023,IGKV,Quarterly,0,0
2023-01-06 18:30:00,9.94,59.76,38.15,10.96,68.0,18.63,0.5,300.78,0.49,5.12,2023,IGKV,Quarterly,0,0
2023-01-06 18:45:00,8.24,62.94,38.45,12.85,68.37,18.09,0.08,264.3,0.58,5.34,2023,IGKV,Quarterly,0,0
2023-01-06 19:00:00,8.87,66.91,41.03,12.15,68.37,18.09,0.19,234.48,0.59,5.47,2023,IGKV,Quarterly,0,0
2023-01-06 19:15:00,14.29,69.08,47.22,11.34,68.37,18.09,0.12,252.79,0.63,5.52,2023,IGKV,Quarterly,0,0
2023-01-06 19:30:00,12.17,72.67,46.68,15.33,72.32,19.05,0.17,213.55,0.74,5.6,2023,IGKV,Quarterly,0,0
2023-01-06 19:45:00,10.43,68.75,43.24,18.15,77.97,21.53,0.21,197.45,0.7,5.66,2023,IGKV,Quarterly,0,0
2023-01-06 20:00:00,14.73,67.66,46.11,21.72,77.97,21.53,0.17,167.87,0.72,5.65,2023,IGKV,Quarterly,0,0
2023-01-06 20:15:00,26.17,73.04,58.1,28.59,77.97,21.53,0.12,130.03,0.83,5.64,2023,IGKV,Quarterly,0,0
2023-01-06 20:30:00,35.47,74.32,66.23,33.99,81.24,22.04,0.14,197.03,0.95,5.73,2023,IGKV,Quarterly,0,0
2023-01-06 20:45:00,30.81,72.5,61.54,35.07,85.93,22.47,0.2,184.95,0.94,5.84,2023,IGKV,Quarterly,0,0
2023-01-06 21:00:00,19.26,67.65,49.75,18.33,85.93,22.47,0.28,172.97,0.84,5.92,2023,IGKV,Quarterly,0,0
2023-01-06 21:15:00,23.52,67.9,53.86,22.09,85.93,22.47,0.21,161.31,0.93,5.91,2023,IGKV,Quarterly,0,0
2023-01-06 21:30:00,29.49,70.62,59.5,26.01,95.44,26.97,0.21,176.21,0.95,5.99,2023,IGKV,Quarterly,0,0
2023-01-06 21:45:00,27.62,67.82,56.54,18.54,109.07,30.86,0.23,154.36,0.91,6.06,2023,IGKV,Quarterly,0,0
2023-01-06 22:00:00,32.26,68.48,60.6,17.31,109.07,30.86,0.21,153.8,0.94,6.1,2023,IGKV,Quarterly,0,0
2023-01-06 22:15:00,27.0,67.06,55.65,13.29,109.07,30.86,0.25,176.41,0.9,6.2,2023,IGKV,Quarterly,0,0
2023-01-06 22:30:00,24.93,66.46,53.67,13.23,115.51,32.28,0.19,169.46,0.92,6.22,2023,IGKV,Quarterly,0,0
2023-01-06 22:45:00,34.54,66.01,61.14,12.01,124.73,33.51,0.19,180.09,0.95,6.23,2023,IGKV,Quarterly,0,0
2023-01-06 23:00:00,32.0,64.43,58.28,11.18,124.73,33.51,0.2,188.01,0.94,6.28,2023,IGKV,Quarterly,0,0
2023-01-06 23:15:00,38.82,65.41,64.27,12.04,124.73,33.51,0.25,139.02,0.98,6.33,2023,IGKV,Quarterly,0,0
2023-01-06 23:30:00,44.93,66.99,69.99,20.04,127.77,34.8,0.18,124.1,1.04,6.4,2023,IGKV,Quarterly,0,0
2023-01-06 23:45:00,39.89,64.69,64.74,15.62,132.13,35.92,0.29,214.76,1.02,6.49,2023,IGKV,Quarterly,0,0
2023-01-07 00:15:00,7.87,24.65,18.15,6.64,25.24,7.1,0.09,183.61,0.41,4.41,2023,IGKV,Quarterly,0,0
2023-01-07 00:30:00,9.04,27.27,20.46,6.8,25.24,7.1,0.11,211.44,0.41,4.37,2023,IGKV,Quarterly,0,0
2023-01-07 00:45:00,10.42,34.45,25.31,7.56,25.24,7.1,0.2,229.34,0.46,4.47,2023,IGKV,Quarterly,0,0
2023-01-07 01:00:00,9.62,28.72,21.68,6.64,22.87,8.16,0.31,230.48,0.43,4.49,2023,IGKV,Quarterly,0,0
2023-01-07 01:15:00,9.9,25.33,20.13,6.71,19.14,9.15,0.61,254.81,0.4,4.39,2023,IGKV,Quarterly,0,0
2023-01-07 01:30:00,10.66,30.43,23.41,6.87,19.14,9.15,0.53,245.65,0.42,4.37,2023,IGKV,Quarterly,0,0
2023-01-07 01:45:00,10.98,33.75,25.4,7.36,19.14,9.15,0.58,253.01,0.44,4.5,2023,IGKV,Quarterly,0,0
2023-01-07 02:00:00,10.86,27.91,22.24,6.92,18.26,7.82,0.73,252.01,0.41,4.46,2023,IGKV,Quarterly,0,0
2023-01-07 02:15:00,10.99,29.39,23.12,4.78,16.8,6.53,0.5,243.29,0.4,4.41,2023,IGKV,Quarterly,0,0
2023-01-07 02:30:00,11.4,35.88,26.85,6.4,16.8,6.53,0.35,241.4,0.43,4.49,2023,IGKV,Quarterly,0,0
2023-01-07 02:45:00,10.69,30.43,23.43,6.49,16.8,6.53,0.35,247.92,0.39,4.48,2023,IGKV,Quarterly,0,0
2023-01-07 03:00:00,10.27,26.46,21.02,5.86,16.11,5.61,0.32,238.11,0.36,4.41,2023,IGKV,Quarterly,0,0
2023-01-07 03:15:00,11.57,34.51,26.27,5.74,14.98,4.71,0.31,227.22,0.41,4.46,2023,IGKV,Quarterly,0,0
2023-01-07 03:30:00,11.35,33.41,25.52,5.98,14.98,4.71,0.39,240.45,0.4,4.54,2023,IGKV,Quarterly,0,0
2023-01-07 03:45:00,10.83,28.75,22.66,5.69,14.98,4.71,0.39,238.32,0.37,4.44,2023,IGKV,Quarterly,0,0
2023-01-07 04:00:00,11.66,33.52,25.82,6.13,14.41,4.13,0.51,258.2,0.4,4.46,2023,IGKV,Quarterly,0,0
2023-01-07 04:15:00,12.34,35.96,27.64,6.88,13.47,3.56,0.42,249.94,0.41,4.58,2023,IGKV,Quarterly,0,0
2023-01-07 04:30:00,12.03,30.72,24.66,5.89,13.47,3.56,0.21,241.56,0.37,4.5,2023,IGKV,Quarterly,0,0
2023-01-07 04:45:00,12.62,35.8,27.78,5.98,13.47,3.56,0.42,252.36,0.41,4.52,2023,IGKV,Quarterly,0,0
2023-01-07 05:00:00,12.4,32.36,25.8,5.91,12.04,3.16,0.36,247.89,0.38,4.53,2023,IGKV,Quarterly,0,0
2023-01-07 05:15:00,11.94,30.1,24.25,5.48,9.7,2.76,0.43,252.63,0.35,4.45,2023,IGKV,Quarterly,0,0
2023-01-07 05:30:00,12.99,36.9,28.65,6.24,9.7,2.76,0.34,251.09,0.4,4.53,2023,IGKV,Quarterly,0,0
2023-01-07 05:45:00,12.93,35.01,27.62,6.33,9.7,2.76,0.34,249.39,0.38,4.56,2023,IGKV,Quarterly,0,0
2023-01-07 06:00:00,11.81,28.62,23.38,5.41,9.61,2.59,0.34,252.09,0.35,4.46,2023,IGKV,Quarterly,0,0
2023-01-07 06:15:00,12.95,34.74,27.49,5.78,9.48,1.95,0.42,244.24,0.38,4.54,2023,IGKV,Quarterly,0,0
2023-01-07 06:30:00,13.51,37.42,29.34,6.27,9.48,1.95,0.41,241.14,0.39,4.65,2023,IGKV,Quarterly,0,0
2023-01-07 06:45:00,13.44,32.27,26.59,5.9,9.48,1.95,0.49,245.33,0.36,4.56,2023,IGKV,Quarterly,0,0
2023-01-07 07:00:00,13.48,34.12,27.59,5.8,8.42,1.73,0.54,239.48,0.37,4.56,2023,IGKV,Quarterly,0,0
2023-01-07 07:15:00,13.68,37.42,29.47,6.35,6.67,1.51,0.76,254.86,0.4,4.67,2023,IGKV,Quarterly,0,0
2023-01-07 07:30:00,13.86,32.73,27.17,6.3,6.67,1.51,0.97,257.95,0.37,4.62,2023,IGKV,Quarterly,0,0
2023-01-07 07:45:00,13.78,33.64,27.58,5.81,6.67,1.51,1.08,264.34,0.36,4.56,2023,IGKV,Quarterly,0,0
2023-01-07 08:00:00,13.4,37.63,29.36,6.11,7.18,2.03,0.89,256.67,0.4,4.6,2023,IGKV,Quarterly,0,0
2023-01-07 08:15:00,12.89,34.17,27.14,6.58,8.0,2.55,0.98,255.38,0.37,4.58,2023,IGKV,Quarterly,0,0
2023-01-07 08:30:00,12.63,31.12,25.34,6.29,8.0,2.55,1.3,261.44,0.35,4.51,2023,IGKV,Quarterly,0,0
2023-01-07 08:45:00,11.87,30.33,24.32,5.6,8.0,2.55,1.01,260.09,0.33,4.43,2023,IGKV,Quarterly,0,0
2023-01-07 09:00:00,11.07,32.11,24.61,5.75,8.2,3.3,1.29,259.38,0.34,4.37,2023,IGKV,Quarterly,0,0
2023-01-07 09:15:00,11.01,37.17,27.2,5.61,8.52,4.02,1.21,263.78,0.39,4.43,2023,IGKV,Quarterly,0,0
2023-01-07 09:30:00,10.62,36.27,26.42,6.21,8.52,4.02,1.16,259.08,0.4,4.48,2023,IGKV,Quarterly,0,0
2023-01-07 09:45:00,10.13,32.55,24.09,5.47,8.52,4.02,1.15,270.32,0.38,4.39,2023,IGKV,Quarterly,0,0
2023-01-07 10:00:00,9.66,32.13,23.49,4.65,11.69,3.54,1.16,259.48,0.37,4.34,2023,IGKV,Quarterly,0,0
2023-01-07 10:15:00,9.34,31.62,22.96,3.09,16.92,3.07,1.27,259.87,0.35,4.28,2023,IGKV,Quarterly,0,0
2023-01-07 10:30:00,8.48,29.33,21.08,4.04,16.92,3.07,1.1,257.79,0.34,4.22,2023,IGKV,Quarterly,0,0
2023-01-07 10:45:00,7.94,29.87,20.93,3.73,16.92,3.07,1.31,269.8,0.34,4.17,2023,IGKV,Quarterly,0,0
2023-01-07 11:00:00,6.59,25.56,17.6,4.13,15.29,4.59,1.24,262.57,0.33,4.16,2023,IGKV,Quarterly,0,0
2023-01-07 11:15:00,3.95,22.02,13.63,3.84,12.6,6.07,0.91,252.99,0.35,4.06,2023,IGKV,Quarterly,0,0
2023-01-07 11:30:00,2.56,22.45,12.74,4.2,12.6,6.07,0.79,248.7,0.37,3.95,2023,IGKV,Quarterly,0,0
2023-01-07 11:45:00,1.91,25.22,13.67,3.22,12.6,6.07,0.91,252.61,0.36,3.85,2023,IGKV,Quarterly,0,0
2023-01-07 12:00:00,1.85,26.06,14.06,2.76,12.0,5.81,1.06,252.62,0.35,3.82,2023,IGKV,Quarterly,0,0
2023-01-07 12:15:00,2.03,26.21,14.28,2.92,11.01,4.97,1.08,250.9,0.34,3.84,2023,IGKV,Quarterly,0,0
2023-01-07 12:30:00,2.13,26.63,14.58,2.77,11.01,4.97,0.93,242.55,0.34,3.84,2023,IGKV,Quarterly,0,0
2023-01-07 12:45:00,2.31,26.99,14.91,2.28,11.01,4.97,0.92,251.19,0.34,3.88,2023,IGKV,Quarterly,0,0
2023-01-07 13:00:00,2.52,27.28,15.23,2.6,10.53,5.52,1.12,248.84,0.34,3.9,2023,IGKV,Quarterly,0,0
2023-01-07 13:15:00,2.66,27.3,15.35,2.81,9.74,6.04,0.8,248.08,0.33,3.89,2023,IGKV,Quarterly,0,0
2023-01-07 13:30:00,2.72,23.23,13.27,2.44,9.74,6.04,1.05,263.67,0.33,3.9,2023,IGKV,Quarterly,0,0
2023-01-07 13:45:00,2.22,24.72,13.65,2.42,9.74,6.04,0.92,250.94,0.33,3.87,2023,IGKV,Quarterly,0,0
2023-01-07 14:00:00,2.09,26.91,14.69,2.77,8.8,5.17,0.72,246.69,0.32,3.84,2023,IGKV,Quarterly,0,0
2023-01-07 14:15:00,2.36,29.09,16.05,2.92,7.26,4.35,1.17,258.55,0.33,3.88,2023,IGKV,Quarterly,0,0
2023-01-07 14:30:00,2.49,27.4,15.27,2.74,7.26,4.35,1.01,267.21,0.33,3.92,2023,IGKV,Quarterly,0,0
2023-01-07 14:45:00,2.7,24.52,13.93,2.12,7.26,4.35,1.27,259.15,0.31,3.89,2023,IGKV,Quarterly,0,0
2023-01-07 15:00:00,2.58,25.23,14.2,2.62,7.33,3.88,0.9,255.01,0.31,3.89,2023,IGKV,Quarterly,0,0
2023-01-07 15:15:00,1.77,25.87,13.89,2.5,7.44,3.42,0.97,248.35,0.29,3.84,2023,IGKV,Quarterly,0,0
2023-01-07 15:30:00,1.63,26.93,14.33,2.52,7.44,3.42,1.19,258.08,0.29,3.85,2023,IGKV,Quarterly,0,0
2023-01-07 15:45:00,1.69,27.26,14.56,2.26,7.44,3.42,0.91,247.61,0.29,3.85,2023,IGKV,Quarterly,0,0
2023-01-07 16:00:00,1.91,26.69,14.43,2.73,7.55,3.0,1.28,262.1,0.28,3.86,2023,IGKV,Quarterly,0,0
2023-01-07 16:15:00,2.07,27.09,14.77,2.67,7.72,2.59,1.23,258.2,0.29,3.88,2023,IGKV,Quarterly,0,0
2023-01-07 16:30:00,2.05,27.4,14.92,2.96,7.72,2.59,0.78,242.3,0.28,3.88,2023,IGKV,Quarterly,0,0
2023-01-07 16:45:00,2.23,27.01,14.86,2.84,7.72,2.59,0.87,247.63,0.27,3.87,2023,IGKV,Quarterly,0,0
2023-01-07 17:00:00,2.28,26.21,14.48,3.08,9.36,3.65,1.04,251.18,0.28,3.87,2023,IGKV,Quarterly,0,0
2023-01-07 17:15:00,2.68,31.24,17.43,3.21,11.94,4.64,1.11,249.1,0.31,3.95,2023,IGKV,Quarterly,0,0
2023-01-07 17:30:00,3.1,32.03,18.17,3.66,11.94,4.64,1.3,257.59,0.32,4.01,2023,IGKV,Quarterly,0,0
2023-01-07 17:45:00,3.23,28.9,16.64,3.51,11.94,4.64,1.35,257.11,0.3,3.96,2023,IGKV,Quarterly,0,0
2023-01-07 18:00:00,3.1,28.47,16.32,2.92,10.6,4.4,1.01,254.76,0.29,3.95,2023,IGKV,Quarterly,0,0
2023-01-07 18:15:00,2.81,26.6,15.11,4.19,8.4,3.6,0.91,266.29,0.27,3.93,2023,IGKV,Quarterly,0,0
2023-01-07 18:30:00,2.83,26.38,15.0,4.93,8.4,3.6,0.87,254.31,0.27,3.9,2023,IGKV,Quarterly,0,0
2023-01-07 18:45:00,2.74,26.7,15.1,5.33,8.4,3.6,0.73,258.16,0.26,3.9,2023,IGKV,Quarterly,0,0
2023-01-07 19:00:00,3.31,30.61,17.6,4.9,9.29,3.26,0.6,253.2,0.3,3.94,2023,IGKV,Quarterly,0,0
2023-01-07 19:15:00,3.56,29.79,17.37,5.91,10.67,2.94,0.59,255.47,0.33,4.07,2023,IGKV,Quarterly,0,0
2023-01-07 19:30:00,3.63,27.33,16.14,5.59,10.67,2.94,0.43,261.48,0.32,4.03,2023,IGKV,Quarterly,0,0
2023-01-07 19:45:00,3.76,25.74,15.42,5.38,10.67,2.94,0.77,260.54,0.31,3.98,2023,IGKV,Quarterly,0,0
2023-01-07 20:00:00,3.77,25.62,15.36,5.32,11.32,3.31,0.59,263.83,0.3,3.96,2023,IGKV,Quarterly,0,0
2023-01-07 20:15:00,4.26,30.53,18.32,5.64,12.33,3.65,0.51,259.72,0.34,4.04,2023,IGKV,Quarterly,0,0
2023-01-07 20:30:00,4.27,28.47,17.26,5.53,12.33,3.65,0.4,244.26,0.36,4.12,2023,IGKV,Quarterly,0,0
2023-01-07 20:45:00,4.23,25.58,15.71,5.93,12.33,3.65,0.26,225.69,0.34,4.07,2023,IGKV,Quarterly,0,0
2023-01-07 21:00:00,4.01,23.72,14.57,5.44,12.96,4.81,0.26,256.5,0.34,4.06,2023,IGKV,Quarterly,0,0
2023-01-07 21:15:00,5.2,31.64,19.66,6.2,14.0,5.9,0.21,235.57,0.36,4.15,2023,IGKV,Quarterly,0,0
2023-01-07 21:30:00,5.31,29.33,18.53,6.09,14.0,5.9,0.29,242.8,0.38,4.24,2023,IGKV,Quarterly,0,0
2023-01-07 21:45:00,5.2,26.4,16.92,5.93,14.0,5.9,0.42,254.11,0.36,4.18,2023,IGKV,Quarterly,0,0
2023-01-07 22:00:00,5.43,26.07,16.93,6.27,15.14,5.18,0.16,213.93,0.34,4.11,2023,IGKV,Quarterly,0,0
2023-01-07 22:15:00,6.41,32.84,21.25,6.59,16.94,4.51,0.17,199.45,0.38,4.24,2023,IGKV,Quarterly,0,0
2023-01-07 22:30:00,6.01,28.15,18.48,6.48,16.94,4.51,0.2,244.05,0.36,4.27,2023,IGKV,Quarterly,0,0
2023-01-07 22:45:00,5.47,23.76,15.75,6.16,16.94,4.51,0.08,215.75,0.34,4.21,2023,IGKV,Quarterly,0,0
2023-01-07 23:00:00,5.49,23.34,15.56,6.23,16.19,4.91,0.18,225.69,0.32,4.18,2023,IGKV,Quarterly,0,0
2023-01-07 23:15:00,7.18,33.07,21.99,6.55,15.02,5.29,0.17,182.33,0.37,4.28,2023,IGKV,Quarterly,0,0
2023-01-07 23:30:00,6.88,29.54,19.91,6.96,15.02,5.29,0.18,187.03,0.37,4.33,2023,IGKV,Quarterly,0,0
2023-01-07 23:45:00,7.38,28.18,19.59,6.31,15.02,5.29,0.13,175.58,0.36,4.29,2023,IGKV,Quarterly,0,0
2023-01-08 00:15:00,11.79,19.67,18.69,6.332448979591836,25.14,8.57,0.72,257.44,0.47,3.77,2023,IGKV,Quarterly,1,95
2023-01-08 00:30:00,12.02,18.95,18.49,6.343673469387754,25.14,8.57,0.72,259.04,0.46,3.88,2023,IGKV,Quarterly,1,95
2023-01-08 00:45:00,11.94,16.84,17.33,6.354897959183673,24.98,8.42,0.85,258.86,0.43,3.78,2023,IGKV,Quarterly,1,95
2023-01-08 01:00:00,12.25,17.86,18.11,,21.68,6.07,0.77,259.45,0.46,3.75,2023,IGKV,Quarterly,1,95
2023-01-08 01:15:00,12.26,18.12,18.26,,21.68,6.07,0.55,254.04,0.44,3.88,2023,IGKV,Quarterly,1,95
2023-01-08 01:30:00,12.08,15.72,16.86,,21.68,6.07,0.64,254.95,0.4,3.82,2023,IGKV,Quarterly,1,95
2023-01-08 01:45:00,12.66,16.9,17.94,,21.42,6.02,0.7,260.16,0.43,3.76,2023,IGKV,Quarterly,1,95
2023-01-08 02:00:00,12.59,17.42,18.15,,15.87,5.02,0.59,256.9,0.42,3.87,2023,IGKV,Quarterly,1,95
2023-01-08 02:15:00,12.24,15.86,17.06,,15.87,5.02,0.46,254.68,0.38,3.8,2023,IGKV,Quarterly,1,95
2023-01-08 02:30:00,12.82,16.26,17.73,,15.87,5.02,0.49,257.06,0.39,3.73,2023,IGKV,Quarterly,1,95
2023-01-08 02:45:00,13.21,18.92,19.43,,15.87,5.0,0.61,256.29,0.44,3.77,2023,IGKV,Quarterly,1,95
2023-01-08 03:00:00,12.98,20.29,19.96,,15.83,4.59,0.62,256.91,0.47,3.91,2023,IGKV,Quarterly,1,95
2023-01-08 03:15:00,13.0,17.96,18.76,,15.83,4.59,0.94,258.52,0.43,3.85,2023,IGKV,Quarterly,1,95
2023-01-08 03:30:00,13.0,16.78,18.15,,15.83,4.59,0.91,254.53,0.4,3.72,2023,IGKV,Quarterly,1,95
2023-01-08 03:45:00,12.98,16.98,18.24,,15.87,4.63,0.6,256.64,0.39,3.68,2023,IGKV,Quarterly,1,95
2023-01-08 04:00:00,13.47,19.2,19.79,,16.91,5.45,0.71,264.22,0.43,3.8,2023,IGKV,Quarterly,1,95
2023-01-08 04:15:00,13.81,17.97,19.42,,16.91,5.45,0.72,274.59,0.41,3.8,2023,IGKV,Quarterly,1,95
2023-01-08 04:30:00,14.06,17.1,19.17,,16.91,5.45,0.65,281.34,0.39,3.74,2023,IGKV,Quarterly,1,95
2023-01-08 04:45:00,14.69,19.02,20.67,,17.01,5.42,0.91,280.52,0.41,3.83,2023,IGKV,Quarterly,1,95
2023-01-08 05:00:00,15.19,18.11,20.59,,19.33,4.96,0.95,278.01,0.39,3.85,2023,IGKV,Quarterly,1,95
2023-01-08 05:15:00,15.42,18.13,20.79,,19.33,4.96,1.21,265.2,0.39,3.79,2023,IGKV,Quarterly,1,95
2023-01-08 05:30:00,15.55,19.24,21.48,,19.33,4.96,0.93,262.76,0.4,3.88,2023,IGKV,Quarterly,1,95
2023-01-08 05:45:00,15.66,17.45,20.63,,19.21,4.9,0.91,255.52,0.37,3.84,2023,IGKV,Quarterly,1,95
2023-01-08 06:00:00,15.74,18.18,21.08,,16.78,3.64,0.57,259.69,0.39,3.85,2023,IGKV,Quarterly,1,95
2023-01-08 06:15:00,16.22,19.72,22.27,,16.78,3.64,0.63,268.34,0.38,3.97,2023,IGKV,Quarterly,1,95
2023-01-08 06:30:00,16.55,17.77,21.51,,16.78,3.64,0.74,257.11,0.36,3.9,2023,IGKV,Quarterly,1,95
2023-01-08 06:45:00,16.86,17.76,21.75,,16.66,3.59,0.68,258.85,0.36,3.86,2023,IGKV,Quarterly,1,95
2023-01-08 07:00:00,17.17,19.98,23.16,,14.2,2.68,0.7,261.47,0.39,3.98,2023,IGKV,Quarterly,1,95
2023-01-08 07:15:00,17.71,18.45,22.8,,14.2,2.68,0.92,255.81,0.36,3.97,2023,IGKV,Quarterly,1,95
2023-01-08 07:30:00,17.85,17.82,22.58,,14.2,2.68,0.9,259.38,0.36,3.88,2023,IGKV,Quarterly,1,95
2023-01-08 07:45:00,17.87,20.64,24.07,,14.3,2.65,0.73,267.19,0.4,3.97,2023,IGKV,Quarterly,1,95
2023-01-08 08:00:00,17.71,23.01,25.19,,16.5,2.15,0.72,265.99,0.43,4.09,2023,IGKV,Quarterly,1,95
2023-01-08 08:15:00,18.19,23.23,25.68,,16.5,2.15,0.77,271.52,0.44,4.22,2023,IGKV,Quarterly,1,95
2023-01-08 08:30:00,19.2,19.83,24.72,,16.5,2.15,0.78,283.11,0.38,4.1,2023,IGKV,Quarterly,1,95
2023-01-08 08:45:00,19.2,19.28,24.42,,17.21,2.21,0.72,266.05,0.36,4.01,2023,IGKV,Quarterly,1,95
2023-01-08 09:00:00,19.22,19.2,24.4,,29.27,3.56,0.74,277.61,0.35,4.02,2023,IGKV,Quarterly,1,95
2023-01-08 09:15:00,19.52,21.67,25.93,,29.27,3.56,0.8,269.53,0.38,4.07,2023,IGKV,Quarterly,1,95
2023-01-08 09:30:00,19.92,20.96,25.88,,29.27,3.56,0.78,274.73,0.39,4.1,2023,IGKV,Quarterly,1,95
2023-01-08 09:45:00,20.13,19.85,25.47,,29.39,3.65,0.7,268.98,0.38,4.05,2023,IGKV,Quarterly,1,95
2023-01-08 10:00:00,20.44,20.54,26.08,,31.89,5.59,0.74,277.15,0.39,4.07,2023,IGKV,Quarterly,1,95
2023-01-08 10:15:00,20.51,21.67,26.72,,31.89,5.59,0.54,283.66,0.42,4.14,2023,IGKV,Quarterly,1,95
2023-01-08 10:30:00,21.15,20.24,26.49,,31.89,5.59,0.73,267.99,0.42,4.11,2023,IGKV,Quarterly,1,95
2023-01-08 10:45:00,20.94,19.42,25.9,,31.86,5.75,0.54,280.55,0.4,4.06,2023,IGKV,Quarterly,1,95
2023-01-08 11:00:00,21.33,21.81,27.46,,31.41,9.17,0.47,271.39,0.43,4.12,2023,IGKV,Quarterly,1,95
2023-01-08 11:15:00,21.22,21.39,27.14,,31.41,9.17,0.57,251.06,0.42,4.16,2023,IGKV,Quarterly,1,95
2023-01-08 11:30:00,21.2,19.69,26.24,,31.41,9.17,0.91,254.74,0.41,4.07,2023,IGKV,Quarterly,1,95
2023-01-08 11:45:00,21.17,21.19,27.01,,31.47,9.08,0.65,256.65,0.42,4.1,2023,IGKV,Quarterly,1,95
2023-01-08 12:00:00,20.69,20.57,26.29,,32.77,7.32,0.77,254.54,0.41,4.14,2023,IGKV,Quarterly,1,95
2023-01-08 12:15:00,20.77,19.46,25.78,,32.77,7.32,0.79,257.56,0.39,4.04,2023,IGKV,Quarterly,1,95
2023-01-08 12:30:00,20.78,20.75,26.46,,32.77,7.32,0.68,255.58,0.41,4.04,2023,IGKV,Quarterly,1,95
2023-01-08 12:45:00,20.52,20.79,26.28,,32.54,7.2,0.71,252.9,0.41,4.05,2023,IGKV,Quarterly,1,95
2023-01-08 13:00:00,20.46,20.44,26.04,,28.51,5.21,0.73,257.11,0.42,3.96,2023,IGKV,Quarterly,1,95
2023-01-08 13:15:00,19.4,22.24,26.13,,28.51,5.21,0.84,254.85,0.45,3.95,2023,IGKV,Quarterly,1,95
2023-01-08 13:30:00,18.24,22.29,25.23,,28.51,5.21,0.78,255.42,0.44,4.02,2023,IGKV,Quarterly,1,95
2023-01-08 13:45:00,17.68,19.34,23.24,,28.33,5.23,1.01,258.12,0.41,3.9,2023,IGKV,Quarterly,1,95
2023-01-08 14:00:00,17.03,18.52,22.28,,24.47,5.72,0.87,258.96,0.38,3.82,2023,IGKV,Quarterly,1,95
2023-01-08 14:15:00,16.53,19.04,22.15,,24.47,5.72,0.87,262.5,0.45,3.78,2023,IGKV,Quarterly,1,95
2023-01-08 14:30:00,15.85,19.01,21.6,,24.47,5.72,0.8,262.83,0.48,3.74,2023,IGKV,Quarterly,1,95
2023-01-08 14:45:00,15.69,19.68,21.82,,24.68,5.73,0.9,262.17,0.48,3.72,2023,IGKV,Quarterly,1,95
2023-01-08 15:00:00,15.88,21.6,22.98,,29.12,6.03,0.73,264.71,0.52,3.79,2023,IGKV,Quarterly,1,95
2023-01-08 15:15:00,15.67,20.73,22.35,,29.12,6.03,0.83,261.04,0.51,3.81,2023,IGKV,Quarterly,1,95
2023-01-08 15:30:00,15.34,19.45,21.43,,29.12,6.03,1.01,253.11,0.51,3.72,2023,IGKV,Quarterly,1,95
2023-01-08 15:45:00,14.51,18.24,20.12,,29.18,6.23,0.71,255.71,0.55,3.68,2023,IGKV,Quarterly,1,95
2023-01-08 16:00:00,14.13,18.54,19.97,,30.37,9.34,0.76,258.81,0.53,3.66,2023,IGKV,Quarterly,1,95
2023-01-08 16:15:00,14.51,21.04,21.59,,30.37,9.34,0.9,256.57,0.54,3.69,2023,IGKV,Quarterly,1,95
2023-01-08 16:30:00,14.14,20.51,21.01,,30.37,9.34,1.03,255.82,0.54,3.7,2023,IGKV,Quarterly,1,95
2023-01-08 16:45:00,13.41,18.99,19.63,,30.38,9.27,0.83,262.06,0.54,3.62,2023,IGKV,Quarterly,1,95
2023-01-08 17:00:00,12.87,18.53,18.96,,30.49,8.17,0.84,253.56,0.56,3.56,2023,IGKV,Quarterly,1,95
2023-01-08 17:15:00,12.6,18.3,18.62,,30.49,8.17,0.84,257.81,0.52,3.53,2023,IGKV,Quarterly,1,95
2023-01-08 17:30:00,13.02,20.17,19.93,,30.49,8.17,0.78,259.02,0.55,3.59,2023,IGKV,Quarterly,1,95
2023-01-08 17:45:00,12.69,19.0,19.06,,30.63,8.21,0.89,257.15,0.53,3.6,2023,IGKV,Quarterly,1,95
2023-01-08 18:00:00,11.74,16.34,16.91,,33.56,8.84,0.69,257.16,0.49,3.53,2023,IGKV,Quarterly,1,95
2023-01-08 18:15:00,12.51,18.92,18.87,,33.56,8.84,0.64,256.77,0.53,3.48,2023,IGKV,Quarterly,1,95
2023-01-08 18:30:00,11.78,21.08,19.42,,33.56,8.84,0.67,256.25,0.56,3.5,2023,IGKV,Quarterly,1,95
2023-01-08 18:45:00,10.76,19.5,17.78,,33.29,8.74,0.83,255.89,0.52,3.51,2023,IGKV,Quarterly,1,95
2023-01-08 19:00:00,10.3,17.76,16.49,,27.62,7.16,0.66,256.4,0.48,3.44,2023,IGKV,Quarterly,1,95
2023-01-08 19:15:00,9.89,16.76,15.64,,27.62,7.16,0.7,255.93,0.45,3.38,2023,IGKV,Quarterly,1,95
2023-01-08 19:30:00,9.5,16.32,15.1,,27.62,7.16,0.62,252.47,0.43,3.37,2023,IGKV,Quarterly,1,95
2023-01-08 19:45:00,9.12,16.15,14.7,,27.57,7.18,0.55,256.79,0.42,3.33,2023,IGKV,Quarterly,1,95
2023-01-08 20:00:00,10.04,19.49,17.19,,26.74,7.45,0.71,254.07,0.47,3.37,2023,IGKV,Quarterly,1,95
2023-01-08 20:15:00,9.98,18.88,16.82,,26.74,7.45,0.6,252.68,0.46,3.42,2023,IGKV,Quarterly,1,95
2023-01-08 20:30:00,9.35,16.61,15.13,,26.74,7.45,0.42,251.29,0.44,3.36,2023,IGKV,Quarterly,1,95
2023-01-08 20:45:00,9.3,16.07,14.81,,26.6,7.33,0.59,254.03,0.42,3.35,2023,IGKV,Quarterly,1,95
2023-01-08 21:00:00,10.15,19.27,17.16,,23.76,5.45,0.77,255.74,0.46,3.39,2023,IGKV,Quarterly,1,95
2023-01-08 21:15:00,10.23,18.12,16.63,,23.76,5.45,0.83,255.05,0.44,3.38,2023,IGKV,Quarterly,1,95
2023-01-08 21:30:00,9.91,16.56,15.55,,23.76,5.45,0.76,255.3,0.41,3.32,2023,IGKV,Quarterly,1,95
2023-01-08 21:45:00,10.39,19.15,17.29,,23.66,5.53,0.75,256.0,0.44,3.35,2023,IGKV,Quarterly,1,95
2023-01-08 22:00:00,10.26,17.88,16.52,,21.94,6.71,0.83,253.19,0.42,3.37,2023,IGKV,Quarterly,1,95
2023-01-08 22:15:00,10.15,16.29,15.61,,21.94,6.71,1.02,256.58,0.4,3.32,2023,IGKV,Quarterly,1,95
2023-01-08 22:30:00,10.51,19.04,17.33,,21.94,6.71,1.15,257.81,0.43,3.32,2023,IGKV,Quarterly,1,95
2023-01-08 22:45:00,10.5,17.76,16.65,,21.68,6.68,1.02,258.54,0.41,3.33,2023,IGKV,Quarterly,1,95
2023-01-08 23:00:00,10.37,16.23,15.75,,17.25,6.31,0.94,257.83,0.38,3.28,2023,IGKV,Quarterly,1,95
2023-01-08 23:15:00,10.7,18.98,17.45,,17.25,6.31,0.95,258.84,0.42,3.3,2023,IGKV,Quarterly,1,95
2023-01-08 23:30:00,10.4,21.83,18.7,,17.25,6.31,1.11,254.82,0.45,3.35,2023,IGKV,Quarterly,1,95
2023-01-08 23:45:00,10.12,22.62,18.89,,17.28,6.28,1.27,258.32,0.47,3.44,2023,IGKV,Quarterly,1,95
2023-01-09 00:15:00,8.57,14.33,15.71,7.41,55.21,17.87,0.09,201.91,0.76,4.67,2023,IGKV,Quarterly,0,0
2023-01-09 00:30:00,9.51,15.6,17.13,7.96,55.21,17.87,0.25,256.91,0.76,4.65,2023,IGKV,Quarterly,0,0
2023-01-09 00:45:00,9.93,17.74,18.59,9.13,55.21,17.87,0.21,202.97,0.78,4.71,2023,IGKV,Quarterly,0,0
2023-01-09 01:00:00,9.52,15.88,17.28,8.24,51.89,18.1,0.25,171.32,0.76,4.7,2023,IGKV,Quarterly,0,0
2023-01-09 01:15:00,9.49,14.47,16.52,7.99,51.74,18.1,0.16,188.5,0.72,4.69,2023,IGKV,Quarterly,0,0
2023-01-09 01:30:00,10.59,16.24,18.33,8.47,51.74,18.1,0.12,203.46,0.75,4.65,2023,IGKV,Quarterly,0,0
2023-01-09 01:45:00,10.73,16.21,18.42,8.5,51.74,18.1,0.29,172.43,0.76,4.69,2023,IGKV,Quarterly,0,0
2023-01-09 02:00:00,10.0,14.63,17.01,8.21,49.99,18.48,0.14,206.0,0.72,4.69,2023,IGKV,Quarterly,0,0
2023-01-09 02:15:00,10.04,13.78,16.6,6.76,49.88,18.48,0.24,180.62,0.71,4.66,2023,IGKV,Quarterly,0,0
2023-01-09 02:30:00,9.99,13.19,16.25,8.09,49.88,18.48,0.13,200.93,0.7,4.64,2023,IGKV,Quarterly,0,0
2023-01-09 02:45:00,9.69,13.11,15.97,7.96,49.88,18.48,0.13,162.79,0.7,4.61,2023,IGKV,Quarterly,0,0
2023-01-09 03:00:00,10.36,15.01,17.5,8.27,47.38,20.73,0.11,186.06,0.72,4.67,2023,IGKV,Quarterly,0,0
2023-01-09 03:15:00,10.83,16.19,18.49,8.5,47.24,20.73,0.11,218.04,0.74,4.69,2023,IGKV,Quarterly,0,0
2023-01-09 03:30:00,10.69,14.96,17.73,8.34,47.24,20.73,0.13,195.97,0.73,4.69,2023,IGKV,Quarterly,0,0
2023-01-09 03:45:00,10.32,14.02,16.95,8.15,47.24,20.73,0.18,189.49,0.7,4.65,2023,IGKV,Quarterly,0,0
2023-01-09 04:00:00,10.31,13.3,16.57,7.85,44.88,15.85,0.12,158.28,0.69,4.66,2023,IGKV,Quarterly,0,0
2023-01-09 04:15:00,11.46,15.34,18.56,8.49,44.74,15.85,0.13,208.39,0.72,4.67,2023,IGKV,Quarterly,0,0
2023-01-09 04:30:00,11.53,16.03,18.97,8.52,44.74,15.85,0.13,193.91,0.73,4.74,2023,IGKV,Quarterly,0,0
2023-01-09 04:45:00,11.38,14.92,18.27,8.28,44.74,15.85,0.18,222.02,0.72,4.71,2023,IGKV,Quarterly,0,0
2023-01-09 05:00:00,10.79,14.06,17.35,7.45,43.84,14.17,0.14,175.35,0.68,4.69,2023,IGKV,Quarterly,0,0
2023-01-09 05:15:00,10.72,13.35,16.92,7.68,43.79,14.17,0.15,198.88,0.68,4.69,2023,IGKV,Quarterly,0,0
2023-01-09 05:30:00,11.64,15.1,18.57,8.17,43.79,14.17,0.1,167.84,0.71,4.71,2023,IGKV,Quarterly,0,0
2023-01-09 05:45:00,11.84,16.32,19.38,7.92,43.79,14.17,0.14,177.02,0.72,4.75,2023,IGKV,Quarterly,0,0
2023-01-09 06:00:00,11.46,14.31,18.02,7.91,40.29,16.31,0.1,168.96,0.7,4.75,2023,IGKV,Quarterly,0,0
2023-01-09 06:15:00,12.14,15.03,18.94,8.09,40.08,16.31,0.09,150.68,0.7,4.73,2023,IGKV,Quarterly,0,0
2023-01-09 06:30:00,12.53,16.06,19.79,7.9,40.08,16.31,0.2,162.81,0.71,4.79,2023,IGKV,Quarterly,0,0
2023-01-09 06:45:00,12.4,14.78,19.01,7.69,40.08,16.31,0.14,219.1,0.7,4.76,2023,IGKV,Quarterly,0,0
2023-01-09 07:00:00,12.14,13.71,18.25,6.98,40.71,16.62,0.09,246.13,0.68,4.76,2023,IGKV,Quarterly,0,0
2023-01-09 07:15:00,12.42,14.11,18.68,7.38,40.75,16.62,0.13,230.94,0.67,4.74,2023,IGKV,Quarterly,0,0
2023-01-09 07:30:00,12.42,14.24,18.75,7.9,40.75,16.62,0.15,214.13,0.66,4.76,2023,IGKV,Quarterly,0,0
2023-01-09 07:45:00,12.57,14.68,19.1,8.01,40.75,16.62,0.19,210.68,0.65,4.72,2023,IGKV,Quarterly,0,0
2023-01-09 08:00:00,13.07,16.82,20.62,8.41,35.86,12.73,0.15,264.57,0.7,4.74,2023,IGKV,Quarterly,0,0
2023-01-09 08:15:00,13.24,17.58,21.16,8.49,35.58,12.73,0.2,207.83,0.71,4.76,2023,IGKV,Quarterly,0,0
2023-01-09 08:30:00,13.04,16.85,20.61,7.78,35.58,12.73,0.19,227.85,0.69,4.73,2023,IGKV,Quarterly,0,0
2023-01-09 08:45:00,12.54,16.68,20.12,7.31,35.58,12.73,0.26,259.12,0.68,4.7,2023,IGKV,Quarterly,0,0
2023-01-09 09:00:00,12.14,16.52,19.72,7.85,37.19,16.94,0.19,284.65,0.68,4.66,2023,IGKV,Quarterly,0,0
2023-01-09 09:15:00,11.7,17.32,19.78,7.83,37.29,16.94,0.29,290.06,0.69,4.68,2023,IGKV,Quarterly,0,0
2023-01-09 09:30:00,11.34,17.99,19.84,7.39,37.29,16.94,0.34,254.92,0.7,4.67,2023,IGKV,Quarterly,0,0
2023-01-09 09:45:00,10.79,18.4,19.62,7.98,37.29,16.94,0.31,19.33,0.71,4.66,2023,IGKV,Quarterly,0,0
2023-01-09 10:00:00,10.01,18.21,18.89,7.92,40.8,14.18,0.22,344.22,0.71,4.63,2023,IGKV,Quarterly,0,0
2023-01-09 10:15:00,9.62,18.42,18.69,8.19,41.0,14.18,0.31,4.27,0.69,4.61,2023,IGKV,Quarterly,0,0
2023-01-09 10:30:00,9.05,18.91,18.49,9.84,41.0,14.18,0.1,307.36,0.7,4.56,2023,IGKV,Quarterly,0,0
2023-01-09 10:45:00,8.41,18.23,17.62,10.88,41.0,14.18,0.12,144.17,0.68,4.54,2023,IGKV,Quarterly,0,0
2023-01-09 11:00:00,7.76,17.31,16.62,12.47,45.49,14.51,0.12,7.77,0.68,4.48,2023,IGKV,Quarterly,0,0
2023-01-09 11:15:00,7.46,18.99,17.25,11.63,45.76,14.51,0.51,31.34,0.71,4.48,2023,IGKV,Quarterly,0,0
2023-01-09 11:30:00,7.03,18.8,16.82,12.43,45.76,14.51,0.47,19.06,0.69,4.46,2023,IGKV,Quarterly,0,0
2023-01-09 11:45:00,6.89,18.45,16.52,11.45,45.76,14.51,0.28,25.28,0.68,4.44,2023,IGKV,Quarterly,0,0
2023-01-09 12:00:00,6.9,19.02,16.83,13.75,53.72,17.78,0.23,22.82,0.68,4.42,2023,IGKV,Quarterly,0,0
2023-01-09 12:15:00,6.81,18.83,16.65,14.22,54.19,17.78,0.33,235.49,0.67,4.37,2023,IGKV,Quarterly,0,0
2023-01-09 12:30:00,6.49,18.73,16.34,12.8,54.19,17.78,0.53,298.68,0.67,4.38,2023,IGKV,Quarterly,0,0
2023-01-09 12:45:00,6.46,18.57,16.24,9.77,54.19,17.78,0.73,268.94,0.66,4.35,2023,IGKV,Quarterly,0,0
2023-01-09 13:00:00,6.17,17.86,15.64,10.23,55.76,18.1,0.65,274.42,0.65,4.32,2023,IGKV,Quarterly,0,0
2023-01-09 13:15:00,6.13,17.82,15.58,10.14,55.85,18.1,0.6,279.63,0.65,4.29,2023,IGKV,Quarterly,0,0
2023-01-09 13:30:00,6.15,17.75,15.56,11.44,55.85,18.1,0.63,282.41,0.64,4.29,2023,IGKV,Quarterly,0,0
2023-01-09 13:45:00,6.37,17.76,15.74,13.59,55.85,18.1,0.41,283.57,0.63,4.28,2023,IGKV,Quarterly,0,0
2023-01-09 14:00:00,5.79,15.99,14.35,14.99,52.92,16.52,0.36,165.26,0.6,4.28,2023,IGKV,Quarterly,0,0
2023-01-09 14:15:00,5.55,14.43,13.34,13.53,52.75,16.52,0.39,161.57,0.57,4.23,2023,IGKV,Quarterly,0,0
2023-01-09 14:30:00,5.48,13.34,12.72,12.53,52.75,16.52,0.22,157.67,0.58,4.2,2023,IGKV,Quarterly,0,0
2023-01-09 14:45:00,5.28,12.82,12.28,13.18,52.75,16.52,0.3,154.43,0.57,4.17,2023,IGKV,Quarterly,0,0
2023-01-09 15:00:00,5.11,12.42,11.94,13.06,49.38,18.02,0.34,163.1,0.56,4.19,2023,IGKV,Quarterly,0,0
2023-01-09 15:15:00,5.36,13.5,12.7,12.37,49.23,18.02,0.29,199.84,0.58,4.18,2023,IGKV,Quarterly,0,0
2023-01-09 15:30:00,5.6,14.04,13.18,12.16,49.23,18.02,0.28,230.64,0.61,4.19,2023,IGKV,Quarterly,0,0
2023-01-09 15:45:00,5.64,14.32,13.36,10.94,49.23,18.02,0.17,197.62,0.6,4.2,2023,IGKV,Quarterly,0,0
2023-01-09 16:00:00,5.65,14.27,13.34,11.31,51.69,17.65,0.23,172.43,0.59,4.22,2023,IGKV,Quarterly,0,0
2023-01-09 16:15:00,5.54,12.78,12.47,11.16,51.8,17.65,0.18,172.6,0.57,4.21,2023,IGKV,Quarterly,0,0
2023-01-09 16:30:00,5.41,12.31,12.12,11.1,51.8,17.65,0.14,186.17,0.54,4.2,2023,IGKV,Quarterly,0,0
2023-01-09 16:45:00,5.36,11.92,11.87,11.03,51.8,17.65,0.12,224.42,0.55,4.16,2023,IGKV,Quarterly,0,0
2023-01-09 17:00:00,5.35,11.44,11.61,11.15,50.83,16.68,0.13,184.45,0.53,4.18,2023,IGKV,Quarterly,0,0
2023-01-09 17:15:00,5.35,11.2,11.5,11.25,50.77,16.68,0.19,162.88,0.53,4.16,2023,IGKV,Quarterly,0,0
2023-01-09 17:30:00,5.32,11.32,11.53,10.93,50.77,16.68,0.24,155.65,0.52,4.13,2023,IGKV,Quarterly,0,0
2023-01-09 17:45:00,5.24,11.48,11.55,10.61,50.77,16.68,0.19,182.6,0.53,4.15,2023,IGKV,Quarterly,0,0
2023-01-09 18:00:00,6.35,15.56,14.57,10.39,45.6,16.62,0.08,138.49,0.66,4.18,2023,IGKV,Quarterly,0,0
2023-01-09 18:15:00,6.63,20.15,17.2,7.0,45.3,16.62,0.17,239.67,0.73,4.21,2023,IGKV,Quarterly,0,0
2023-01-09 18:30:00,6.47,20.21,17.1,8.74,45.3,16.62,0.29,248.59,0.79,4.2,2023,IGKV,Quarterly,0,0
2023-01-09 18:45:00,6.05,17.91,15.56,8.93,45.3,16.62,0.17,214.7,0.74,4.27,2023,IGKV,Quarterly,0,0
2023-01-09 19:00:00,6.27,17.65,15.6,8.32,65.36,17.79,0.25,232.23,0.76,4.3,2023,IGKV,Quarterly,0,0
2023-01-09 19:15:00,6.08,17.39,15.31,8.33,66.29,17.79,0.18,182.51,0.72,4.29,2023,IGKV,Quarterly,0,0
2023-01-09 19:30:00,6.07,16.21,14.69,8.28,66.29,17.79,0.23,185.79,0.7,4.34,2023,IGKV,Quarterly,0,0
2023-01-09 19:45:00,6.06,15.19,14.15,7.55,66.29,17.79,0.14,178.38,0.71,4.33,2023,IGKV,Quarterly,0,0
2023-01-09 20:00:00,7.55,17.34,16.46,7.96,57.61,17.24,0.1,232.9,0.78,4.36,2023,IGKV,Quarterly,0,0
2023-01-09 20:15:00,13.75,23.71,24.76,8.33,57.1,17.24,0.07,192.92,0.92,4.39,2023,IGKV,Quarterly,0,0
2023-01-09 20:30:00,10.7,21.89,21.37,8.19,57.1,17.24,0.18,205.19,0.85,4.44,2023,IGKV,Quarterly,0,0
2023-01-09 20:45:00,8.97,20.0,18.99,8.16,57.1,17.24,0.18,235.92,0.8,4.51,2023,IGKV,Quarterly,0,0
2023-01-09 21:00:00,9.78,21.28,20.31,8.86,67.48,18.26,0.04,287.78,0.89,4.59,2023,IGKV,Quarterly,0,0
2023-01-09 21:15:00,12.3,22.46,22.95,10.3,67.96,18.26,0.07,229.81,0.89,4.62,2023,IGKV,Quarterly,0,0
2023-01-09 21:30:00,11.56,22.1,22.17,12.68,67.96,18.26,0.1,193.23,0.85,4.65,2023,IGKV,Quarterly,0,0
2023-01-09 21:45:00,13.54,22.66,24.04,15.88,67.96,18.26,0.11,127.08,0.85,4.67,2023,IGKV,Quarterly,0,0
2023-01-09 22:00:00,11.25,21.39,21.55,16.91,71.78,16.96,0.2,191.61,0.82,4.73,2023,IGKV,Quarterly,0,0
2023-01-09 22:15:00,9.77,19.77,19.52,14.74,71.96,16.96,0.2,171.33,0.81,4.75,2023,IGKV,Quarterly,0,0
2023-01-09 22:30:00,9.42,18.07,18.34,11.45,71.96,16.96,0.24,183.62,0.8,4.72,2023,IGKV,Quarterly,0,0
2023-01-09 22:45:00,9.35,17.28,17.87,9.57,71.96,16.96,0.11,187.52,0.88,4.73,2023,IGKV,Quarterly,0,0
2023-01-09 23:00:00,9.32,17.81,18.13,8.1,68.69,19.2,0.13,182.37,0.9,4.7,2023,IGKV,Quarterly,0,0
2023-01-09 23:15:00,10.51,18.57,19.48,7.81,68.5,19.2,0.14,250.31,0.84,4.73,2023,IGKV,Quarterly,0,0
2023-01-09 23:30:00,10.64,18.24,19.41,7.43,68.5,19.2,0.1,206.44,0.85,4.79,2023,IGKV,Quarterly,0,0
2023-01-09 23:45:00,10.13,16.22,17.95,7.24,68.5,19.2,0.15,176.46,0.8,4.76,2023,IGKV,Quarterly,0,0
2023-01-10 00:15:00,14.15,24.8,25.65,7.75,34.05,15.56,0.19,237.89,0.85,4.07,2023,IGKV,Quarterly,0,0
2023-01-10 00:30:00,14.42,23.43,25.16,7.59,34.05,15.56,0.23,255.89,0.83,4.05,2023,IGKV,Quarterly,0,0
2023-01-10 00:45:00,14.42,22.74,24.8,7.3,34.25,15.42,0.18,238.41,0.81,4.01,2023,IGKV,Quarterly,0,0
2023-01-10 01:00:00,14.19,21.52,23.98,7.17,35.07,14.44,0.36,263.51,0.79,3.96,2023,IGKV,Quarterly,0,0
2023-01-10 01:15:00,14.75,24.08,25.76,6.89,35.07,14.44,0.22,249.1,0.81,3.94,2023,IGKV,Quarterly,0,0
2023-01-10 01:30:00,15.2,24.51,26.35,7.31,35.07,14.44,0.22,256.95,0.83,4.01,2023,IGKV,Quarterly,0,0
2023-01-10 01:45:00,15.29,23.0,25.64,7.25,32.67,14.07,0.22,247.92,0.8,4.02,2023,IGKV,Quarterly,0,0
2023-01-10 02:00:00,15.37,21.61,24.96,6.83,24.26,13.13,0.21,257.54,0.77,4.02,2023,IGKV,Quarterly,0,0
2023-01-10 02:15:00,15.63,23.21,26.01,6.0,24.26,13.13,0.15,238.06,0.78,3.99,2023,IGKV,Quarterly,0,0
2023-01-10 02:30:00,15.93,23.86,26.59,7.27,24.26,13.13,0.23,255.48,0.79,4.05,2023,IGKV,Quarterly,0,0
2023-01-10 02:45:00,16.15,22.12,25.86,6.83,23.86,12.74,0.27,258.44,0.75,4.06,2023,IGKV,Quarterly,0,0
2023-01-10 03:00:00,16.3,22.92,26.4,7.15,22.47,11.78,0.29,257.87,0.76,4.04,2023,IGKV,Quarterly,0,0
2023-01-10 03:15:00,16.6,23.21,26.79,7.08,22.47,11.78,0.17,262.13,0.76,4.1,2023,IGKV,Quarterly,0,0
2023-01-10 03:30:00,16.73,21.88,26.2,6.8,22.47,11.78,0.12,185.57,0.73,4.1,2023,IGKV,Quarterly,0,0
2023-01-10 03:45:00,16.75,21.2,25.86,6.79,22.65,10.93,0.1,158.64,0.72,4.06,2023,IGKV,Quarterly,0,0
2023-01-10 04:00:00,16.99,23.37,27.19,7.06,23.28,8.94,0.06,221.26,0.74,4.05,2023,IGKV,Quarterly,0,0
2023-01-10 04:15:00,17.32,22.57,27.03,7.54,23.28,8.94,0.09,210.6,0.72,4.13,2023,IGKV,Quarterly,0,0
2023-01-10 04:30:00,17.38,21.46,26.5,6.75,23.28,8.94,0.09,227.46,0.71,4.1,2023,IGKV,Quarterly,0,0
2023-01-10 04:45:00,17.09,21.58,26.33,6.84,23.02,9.57,0.07,205.26,0.71,4.07,2023,IGKV,Quarterly,0,0
2023-01-10 05:00:00,16.74,22.16,26.36,6.9,22.09,11.14,0.12,182.54,0.71,4.05,2023,IGKV,Quarterly,0,0
2023-01-10 05:15:00,16.67,22.59,26.53,7.11,22.09,11.14,0.07,185.27,0.73,4.02,2023,IGKV,Quarterly,0,0
2023-01-10 05:30:00,16.56,22.92,26.6,6.83,22.09,11.14,0.09,222.4,0.74,4.04,2023,IGKV,Quarterly,0,0
2023-01-10 05:45:00,16.36,23.33,26.66,7.2,22.41,10.87,0.08,165.39,0.73,4.05,2023,IGKV,Quarterly,0,0
2023-01-10 06:00:00,16.24,23.94,26.88,7.35,23.52,10.22,0.1,228.97,0.73,4.09,2023,IGKV,Quarterly,0,0
2023-01-10 06:15:00,16.15,24.09,26.89,7.25,23.52,10.22,0.11,226.26,0.73,4.09,2023,IGKV,Quarterly,0,0
2023-01-10 06:30:00,16.14,24.1,26.88,7.52,23.52,10.22,0.24,257.33,0.72,4.08,2023,IGKV,Quarterly,0,0
2023-01-10 06:45:00,15.99,24.28,26.86,7.68,23.36,10.62,0.28,253.41,0.71,4.1,2023,IGKV,Quarterly,0,0
2023-01-10 07:00:00,15.89,24.59,26.94,7.13,22.81,12.52,0.31,264.68,0.71,4.11,2023,IGKV,Quarterly,0,0
2023-01-10 07:15:00,15.83,24.79,26.99,7.24,22.81,12.52,0.52,264.93,0.7,4.13,2023,IGKV,Quarterly,0,0
2023-01-10 07:30:00,15.73,25.01,27.03,7.39,22.81,12.52,0.48,267.42,0.7,4.11,2023,IGKV,Quarterly,0,0
2023-01-10 07:45:00,15.6,25.29,27.07,7.71,21.93,11.73,0.48,261.95,0.7,4.11,2023,IGKV,Quarterly,0,0
2023-01-10 08:00:00,15.51,25.64,27.19,8.12,18.86,9.87,0.43,262.66,0.7,4.14,2023,IGKV,Quarterly,0,0
2023-01-10 08:15:00,15.27,25.98,27.17,7.82,18.86,9.87,0.41,261.5,0.7,4.13,2023,IGKV,Quarterly,0,0
2023-01-10 08:30:00,15.07,25.77,26.9,7.99,18.86,9.87,0.36,244.55,0.7,4.12,2023,IGKV,Quarterly,0,0
2023-01-10 08:45:00,14.88,25.74,26.73,8.36,20.86,10.35,0.54,262.0,0.7,4.1,2023,IGKV,Quarterly,0,0
2023-01-10 09:00:00,14.47,26.06,26.57,7.85,27.83,11.56,0.49,272.18,0.71,4.09,2023,IGKV,Quarterly,0,0
2023-01-10 09:15:00,13.98,26.22,26.26,7.9,27.83,11.56,0.58,265.57,0.72,4.05,2023,IGKV,Quarterly,0,0
2023-01-10 09:30:00,13.42,25.96,25.68,7.96,27.83,11.56,0.38,275.3,0.73,4.03,2023,IGKV,Quarterly,0,0
2023-01-10 09:45:00,13.19,26.26,25.65,8.29,28.68,13.42,0.43,289.57,0.76,4.0,2023,IGKV,Quarterly,0,0
2023-01-10 10:00:00,13.23,25.57,25.32,8.23,31.68,18.05,0.56,262.28,0.76,3.96,2023,IGKV,Quarterly,0,0
2023-01-10 10:15:00,13.23,24.53,24.78,7.12,31.68,18.05,0.62,256.57,0.77,3.9,2023,IGKV,Quarterly,0,0
2023-01-10 10:30:00,13.19,23.55,24.23,8.16,31.68,18.05,0.52,255.76,0.8,3.87,2023,IGKV,Quarterly,0,0
2023-01-10 10:45:00,13.15,22.49,23.64,8.69,33.03,17.11,0.57,261.23,0.79,3.83,2023,IGKV,Quarterly,0,0
2023-01-10 11:00:00,12.8,21.93,23.07,8.18,37.76,14.9,0.5,262.95,0.76,3.81,2023,IGKV,Quarterly,0,0
2023-01-10 11:15:00,12.4,21.71,22.64,8.51,37.76,14.9,0.7,265.64,0.75,3.77,2023,IGKV,Quarterly,0,0
2023-01-10 11:30:00,12.06,21.63,22.32,7.82,37.76,14.9,0.62,262.98,0.73,3.75,2023,IGKV,Quarterly,0,0
2023-01-10 11:45:00,11.67,21.19,21.78,7.65,36.66,14.97,0.62,262.61,0.72,3.72,2023,IGKV,Quarterly,0,0
2023-01-10 12:00:00,11.31,20.89,21.33,7.45,33.07,15.16,0.57,264.25,0.71,3.68,2023,IGKV,Quarterly,0,0
2023-01-10 12:15:00,11.03,20.65,20.98,7.2,33.07,15.16,0.44,255.74,0.7,3.67,2023,IGKV,Quarterly,0,0
2023-01-10 12:30:00,10.64,20.54,20.62,7.2,33.07,15.16,0.61,266.78,0.7,3.66,2023,IGKV,Quarterly,0,0
2023-01-10 12:45:00,10.45,20.39,20.38,7.31,32.99,15.22,0.6,272.42,0.71,3.65,2023,IGKV,Quarterly,0,0
2023-01-10 13:00:00,10.11,20.06,19.94,8.06,32.73,15.51,0.57,258.75,0.7,3.63,2023,IGKV,Quarterly,0,0
2023-01-10 13:15:00,9.84,20.93,20.18,7.49,32.73,15.51,0.64,272.46,0.7,3.58,2023,IGKV,Quarterly,0,0
2023-01-10 13:30:00,9.5,20.82,19.85,7.98,32.73,15.51,0.58,260.38,0.71,3.58,2023,IGKV,Quarterly,0,0
2023-01-10 13:45:00,9.17,20.07,19.19,7.33,32.89,14.7,0.74,271.05,0.69,3.56,2023,IGKV,Quarterly,0,0
2023-01-10 14:00:00,8.77,20.55,19.12,7.46,33.47,12.8,0.58,280.36,0.68,3.53,2023,IGKV,Quarterly,0,0
2023-01-10 14:15:00,8.5,20.95,19.12,8.12,33.47,12.8,0.43,300.22,0.64,3.53,2023,IGKV,Quarterly,0,0
2023-01-10 14:30:00,8.27,21.68,19.31,7.2,33.47,12.8,0.75,277.59,0.68,3.51,2023,IGKV,Quarterly,0,0
2023-01-10 14:45:00,7.69,22.25,19.15,6.96,33.67,12.26,0.7,277.29,0.66,3.51,2023,IGKV,Quarterly,0,0
2023-01-10 15:00:00,7.41,22.07,18.82,7.03,34.32,10.98,0.62,284.02,0.63,3.5,2023,IGKV,Quarterly,0,0
2023-01-10 15:15:00,7.27,22.26,18.81,6.92,34.32,10.98,0.74,267.95,0.63,3.49,2023,IGKV,Quarterly,0,0
2023-01-10 15:30:00,7.13,22.69,18.92,7.52,34.32,10.98,0.56,268.92,0.63,3.48,2023,IGKV,Quarterly,0,0
2023-01-10 15:45:00,7.09,23.03,19.07,7.37,33.06,11.75,0.71,269.11,0.61,3.5,2023,IGKV,Quarterly,0,0
2023-01-10 16:00:00,7.27,23.08,19.24,7.31,28.65,13.67,0.59,293.92,0.62,3.52,2023,IGKV,Quarterly,0,0
2023-01-10 16:15:00,7.39,23.38,19.5,7.26,28.65,13.67,0.67,274.44,0.61,3.52,2023,IGKV,Quarterly,0,0
2023-01-10 16:30:00,7.27,23.63,19.52,7.57,28.65,13.67,0.81,271.12,0.62,3.52,2023,IGKV,Quarterly,0,0
2023-01-10 16:45:00,7.24,23.53,19.46,7.39,29.85,13.96,0.78,264.94,0.63,3.51,2023,IGKV,Quarterly,0,0
2023-01-10 17:00:00,7.23,23.92,19.65,7.98,34.28,14.7,0.7,279.74,0.63,3.54,2023,IGKV,Quarterly,0,0
2023-01-10 17:15:00,7.28,24.04,19.75,7.85,34.28,14.7,0.95,269.35,0.62,3.56,2023,IGKV,Quarterly,0,0
2023-01-10 17:30:00,7.3,24.29,19.89,7.91,34.28,14.7,0.7,281.96,0.62,3.56,2023,IGKV,Quarterly,0,0
2023-01-10 17:45:00,7.43,24.63,20.18,7.88,34.74,14.45,0.54,295.46,0.63,3.58,2023,IGKV,Quarterly,0,0
2023-01-10 18:00:00,7.61,24.94,20.49,7.69,36.26,13.83,0.55,31.25,0.65,3.62,2023,IGKV,Quarterly,0,0
2023-01-10 18:15:00,7.89,25.51,21.0,6.7,36.26,13.83,0.95,24.38,0.64,3.65,2023,IGKV,Quarterly,0,0
2023-01-10 18:30:00,8.42,26.17,21.77,7.66,36.26,13.83,0.64,28.43,0.64,3.67,2023,IGKV,Quarterly,0,0
2023-01-10 18:45:00,8.97,26.41,22.34,8.2,37.61,13.88,0.29,1.31,0.66,3.7,2023,IGKV,Quarterly,0,0
2023-01-10 19:00:00,9.37,26.78,22.86,7.93,42.06,14.22,0.22,334.09,0.66,3.72,2023,IGKV,Quarterly,0,0
2023-01-10 19:15:00,9.55,26.83,23.03,7.01,42.06,14.22,0.22,260.98,0.65,3.76,2023,IGKV,Quarterly,0,0
2023-01-10 19:30:00,9.69,27.26,23.36,7.69,42.06,14.22,0.11,165.15,0.65,3.75,2023,IGKV,Quarterly,0,0
2023-01-10 19:45:00,10.16,27.44,23.83,7.63,41.44,13.87,0.2,173.91,0.65,3.79,2023,IGKV,Quarterly,0,0
2023-01-10 20:00:00,10.79,25.63,23.4,7.43,39.25,13.05,0.16,165.53,0.64,3.81,2023,IGKV,Quarterly,0,0
2023-01-10 20:15:00,11.23,23.94,22.87,6.45,39.25,13.05,0.16,168.23,0.63,3.8,2023,IGKV,Quarterly,0,0
2023-01-10 20:30:00,11.35,23.04,22.49,6.49,39.25,13.05,0.18,168.52,0.63,3.75,2023,IGKV,Quarterly,0,0
2023-01-10 20:45:00,11.2,22.07,21.86,6.17,38.96,13.62,0.21,182.75,0.64,3.74,2023,IGKV,Quarterly,0,0
2023-01-10 21:00:00,11.19,21.07,21.33,6.41,38.04,14.96,0.19,166.7,0.63,3.76,2023,IGKV,Quarterly,0,0
2023-01-10 21:15:00,10.82,19.68,20.31,6.49,38.04,14.96,0.18,190.27,0.63,3.77,2023,IGKV,Quarterly,0,0
2023-01-10 21:30:00,11.26,19.42,20.53,6.52,38.04,14.96,0.12,187.31,0.65,3.78,2023,IGKV,Quarterly,0,0
2023-01-10 21:45:00,12.36,21.66,22.58,6.83,38.08,14.99,0.28,261.27,0.65,3.77,2023,IGKV,Quarterly,0,0
2023-01-10 22:00:00,12.28,22.12,22.76,7.36,38.23,15.08,0.14,234.6,0.68,3.83,2023,IGKV,Quarterly,0,0
2023-01-10 22:15:00,12.2,20.56,21.88,6.81,38.23,15.08,0.2,239.56,0.66,3.86,2023,IGKV,Quarterly,0,0
2023-01-10 22:30:00,12.04,19.1,20.99,6.17,38.23,15.08,0.18,167.07,0.65,3.87,2023,IGKV,Quarterly,0,0
2023-01-10 22:45:00,11.71,18.58,20.45,6.62,38.91,15.41,0.09,172.8,0.65,3.87,2023,IGKV,Quarterly,0,0
2023-01-10 23:00:00,12.87,21.36,22.83,6.71,41.14,16.21,0.16,176.31,0.66,3.83,2023,IGKV,Quarterly,0,0
2023-01-10 23:15:00,12.89,21.27,22.8,7.13,41.14,16.21,0.2,171.0,0.66,3.9,2023,IGKV,Quarterly,0,0
2023-01-10 23:30:00,12.83,19.89,22.04,6.77,41.14,16.21,0.14,170.22,0.66,3.9,2023,IGKV,Quarterly,0,0
2023-01-10 23:45:00,12.27,18.14,20.66,6.74,40.46,16.53,0.16,160.42,0.67,3.9,2023,IGKV,Quarterly,0,0
2023-01-11 00:15:00,8.64,19.92,18.69,4.15,54.51,29.31,0.06,237.47,0.79,4.49,2023,IGKV,Quarterly,0,0
2023-01-11 00:30:00,8.58,18.6,17.95,4.4,54.51,29.31,0.24,263.54,0.77,4.52,2023,IGKV,Quarterly,0,0
2023-01-11 00:45:00,8.47,17.8,17.44,4.35,54.25,29.18,0.09,205.14,0.75,4.53,2023,IGKV,Quarterly,0,0
2023-01-11 01:00:00,8.61,18.8,18.08,4.17,49.94,27.13,0.13,157.38,0.76,4.49,2023,IGKV,Quarterly,0,0
2023-01-11 01:15:00,8.84,20.43,19.11,4.07,49.94,27.13,0.13,158.33,0.79,4.48,2023,IGKV,Quarterly,0,0
2023-01-11 01:30:00,8.82,20.45,19.11,4.66,49.94,27.13,0.07,184.54,0.8,4.52,2023,IGKV,Quarterly,0,0
2023-01-11 01:45:00,9.24,20.76,19.61,4.55,50.03,27.1,0.09,170.83,0.8,4.55,2023,IGKV,Quarterly,0,0
2023-01-11 02:00:00,11.37,22.1,22.02,4.91,51.81,26.44,0.13,152.09,0.81,4.66,2023,IGKV,Quarterly,0,0
2023-01-11 02:15:00,13.52,23.25,24.35,5.17,51.81,26.44,0.1,141.38,0.8,4.76,2023,IGKV,Quarterly,0,0
2023-01-11 02:30:00,15.6,24.38,26.6,5.88,51.81,26.44,0.05,137.88,0.82,4.89,2023,IGKV,Quarterly,0,0
2023-01-11 02:45:00,17.29,25.31,28.44,6.03,52.29,26.47,0.09,148.77,0.81,4.99,2023,IGKV,Quarterly,0,0
2023-01-11 03:00:00,18.4,25.87,29.62,6.32,62.61,26.98,0.1,179.66,0.81,5.05,2023,IGKV,Quarterly,0,0
2023-01-11 03:15:00,19.28,26.13,30.46,6.29,62.61,26.98,0.11,144.92,0.81,5.12,2023,IGKV,Quarterly,0,0
2023-01-11 03:30:00,20.17,26.49,31.37,6.08,62.61,26.98,0.16,151.65,0.81,5.13,2023,IGKV,Quarterly,0,0
2023-01-11 03:45:00,20.57,26.84,31.87,6.12,62.71,27.06,0.15,180.34,0.8,5.17,2023,IGKV,Quarterly,0,0
2023-01-11 04:00:00,20.66,27.05,32.05,6.19,64.65,28.34,0.06,218.44,0.81,5.19,2023,IGKV,Quarterly,0,0
2023-01-11 04:15:00,21.42,27.03,32.65,6.35,64.65,28.34,0.12,224.01,0.79,5.22,2023,IGKV,Quarterly,0,0
2023-01-11 04:30:00,23.9,27.49,34.88,6.74,64.65,28.34,0.03,342.17,0.79,5.31,2023,IGKV,Quarterly,0,0
2023-01-11 04:45:00,27.25,28.26,37.97,6.56,64.89,28.38,0.08,98.87,0.79,5.46,2023,IGKV,Quarterly,0,0
2023-01-11 05:00:00,29.39,28.71,39.92,6.55,70.08,29.16,0.09,57.26,0.79,5.55,2023,IGKV,Quarterly,0,0
2023-01-11 05:15:00,30.5,28.59,40.75,6.81,70.08,29.16,0.15,58.75,0.79,5.63,2023,IGKV,Quarterly,0,0
2023-01-11 05:30:00,30.7,28.5,40.86,6.87,70.08,29.16,0.21,52.17,0.8,5.68,2023,IGKV,Quarterly,0,0
2023-01-11 05:45:00,30.53,28.5,40.72,6.71,70.15,29.36,0.16,58.37,0.81,5.67,2023,IGKV,Quarterly,0,0
2023-01-11 06:00:00,30.13,28.54,40.42,6.92,71.64,32.54,0.12,52.78,0.81,5.65,2023,IGKV,Quarterly,0,0
2023-01-11 06:15:00,29.86,28.56,40.22,7.14,71.64,32.54,0.16,46.27,0.82,5.61,2023,IGKV,Quarterly,0,0
2023-01-11 06:30:00,30.02,28.42,40.27,7.23,71.64,32.54,0.36,51.59,0.81,5.6,2023,IGKV,Quarterly,0,0
2023-01-11 06:45:00,30.09,26.54,39.35,6.63,71.35,32.64,0.16,44.18,0.79,5.57,2023,IGKV,Quarterly,0,0
2023-01-11 07:00:00,29.84,25.42,38.56,6.52,65.11,34.17,0.29,47.03,0.77,5.55,2023,IGKV,Quarterly,0,0
2023-01-11 07:15:00,29.36,26.13,38.55,6.22,65.11,34.17,0.46,36.72,0.79,5.52,2023,IGKV,Quarterly,0,0
2023-01-11 07:30:00,29.04,24.83,37.61,6.13,65.11,34.17,0.47,38.95,0.78,5.47,2023,IGKV,Quarterly,0,0
2023-01-11 07:45:00,28.28,25.61,37.41,5.6,65.16,33.92,0.48,34.9,0.8,5.43,2023,IGKV,Quarterly,0,0
2023-01-11 08:00:00,27.67,25.44,36.83,6.09,66.34,29.9,0.22,104.37,0.79,5.44,2023,IGKV,Quarterly,0,0
2023-01-11 08:15:00,26.77,24.35,35.54,5.97,66.34,29.9,0.41,55.67,0.78,5.41,2023,IGKV,Quarterly,0,0
2023-01-11 08:30:00,25.59,25.88,35.39,6.03,66.34,29.9,0.2,93.06,0.79,5.35,2023,IGKV,Quarterly,0,0
2023-01-11 08:45:00,24.45,25.12,34.08,5.99,66.58,30.29,0.26,95.54,0.79,5.32,2023,IGKV,Quarterly,0,0
2023-01-11 09:00:00,23.17,24.59,32.78,5.92,71.76,36.42,0.33,67.59,0.78,5.27,2023,IGKV,Quarterly,0,0
2023-01-11 09:15:00,21.77,25.86,32.32,5.46,71.76,36.42,0.39,54.17,0.8,5.2,2023,IGKV,Quarterly,0,0
2023-01-11 09:30:00,20.48,25.4,31.05,5.9,71.76,36.42,0.3,64.53,0.8,5.12,2023,IGKV,Quarterly,0,0
2023-01-11 09:45:00,19.02,24.74,29.53,6.12,71.61,36.05,0.26,108.65,0.79,5.09,2023,IGKV,Quarterly,0,0
2023-01-11 10:00:00,17.46,24.53,28.17,6.43,68.99,30.21,0.3,78.12,0.78,5.03,2023,IGKV,Quarterly,0,0
2023-01-11 10:15:00,16.08,24.33,26.96,6.39,68.99,30.21,0.29,67.87,0.78,4.95,2023,IGKV,Quarterly,0,0
2023-01-11 10:30:00,14.85,23.87,25.73,7.96,68.99,30.21,0.57,42.97,0.77,4.86,2023,IGKV,Quarterly,0,0
2023-01-11 10:45:00,13.55,23.45,24.47,7.96,68.79,30.06,0.2,116.45,0.77,4.81,2023,IGKV,Quarterly,0,0
2023-01-11 11:00:00,12.27,23.0,23.21,8.32,64.48,27.65,0.33,59.03,0.76,4.76,2023,IGKV,Quarterly,0,0
2023-01-11 11:15:00,10.76,23.35,22.18,8.11,64.48,27.65,0.32,129.32,0.77,4.7,2023,IGKV,Quarterly,0,0
2023-01-11 11:30:00,9.03,23.49,20.87,7.52,64.48,27.65,0.32,110.39,0.77,4.6,2023,IGKV,Quarterly,0,0
2023-01-11 11:45:00,7.61,23.29,19.62,7.78,64.29,27.77,0.22,85.48,0.76,4.51,2023,IGKV,Quarterly,0,0
2023-01-11 12:00:00,6.47,23.33,18.73,8.01,60.1,29.68,0.27,83.94,0.76,4.45,2023,IGKV,Quarterly,0,0
2023-01-11 12:15:00,5.79,22.89,17.95,7.92,60.1,29.68,0.35,65.31,0.74,4.4,2023,IGKV,Quarterly,0,0
2023-01-11 12:30:00,5.35,22.73,17.52,7.83,60.1,29.68,0.4,45.59,0.73,4.39,2023,IGKV,Quarterly,0,0
2023-01-11 12:45:00,5.09,22.28,17.07,7.87,59.94,29.4,0.25,84.41,0.73,4.35,2023,IGKV,Quarterly,0,0
2023-01-11 13:00:00,4.76,22.25,16.79,7.41,56.43,24.97,0.39,168.27,0.71,4.34,2023,IGKV,Quarterly,0,0
2023-01-11 13:15:00,4.67,21.62,16.39,7.79,56.43,24.97,0.43,35.62,0.7,4.32,2023,IGKV,Quarterly,0,0
2023-01-11 13:30:00,4.71,21.25,16.23,7.21,56.43,24.97,0.24,75.56,0.69,4.34,2023,IGKV,Quarterly,0,0
2023-01-11 13:45:00,4.59,21.31,16.17,7.31,56.08,24.86,0.38,37.39,0.68,4.34,2023,IGKV,Quarterly,0,0
2023-01-11 14:00:00,4.72,21.41,16.32,8.04,50.09,23.19,0.14,212.75,0.68,4.33,2023,IGKV,Quarterly,0,0
2023-01-11 14:15:00,4.76,20.69,15.98,7.44,50.09,23.19,0.17,48.71,0.65,4.34,2023,IGKV,Quarterly,0,0
2023-01-11 14:30:00,4.59,20.21,15.59,7.35,50.09,23.19,0.36,172.12,0.65,4.33,2023,IGKV,Quarterly,0,0
2023-01-11 14:45:00,4.61,19.89,15.44,7.11,50.0,23.13,0.36,179.3,0.64,4.31,2023,IGKV,Quarterly,0,0
2023-01-11 15:00:00,4.53,19.89,15.38,7.51,48.26,22.27,0.36,173.75,0.64,4.3,2023,IGKV,Quarterly,0,0
2023-01-11 15:15:00,4.56,19.49,15.19,7.49,48.26,22.27,0.13,115.37,0.63,4.31,2023,IGKV,Quarterly,0,0
2023-01-11 15:30:00,4.58,19.17,15.04,6.75,48.26,22.27,0.2,149.41,0.62,4.31,2023,IGKV,Quarterly,0,0
2023-01-11 15:45:00,4.51,19.41,15.11,7.46,47.85,22.1,0.42,51.85,0.61,4.3,2023,IGKV,Quarterly,0,0
2023-01-11 16:00:00,4.83,19.55,15.44,7.77,39.16,19.5,0.56,36.64,0.61,4.31,2023,IGKV,Quarterly,0,0
2023-01-11 16:15:00,5.11,20.48,16.15,7.64,39.16,19.5,0.43,54.63,0.62,4.33,2023,IGKV,Quarterly,0,0
2023-01-11 16:30:00,5.26,20.97,16.52,7.38,39.16,19.5,0.6,47.36,0.62,4.35,2023,IGKV,Quarterly,0,0
2023-01-11 16:45:00,5.49,19.91,16.16,6.94,39.67,19.54,0.22,66.08,0.61,4.33,2023,IGKV,Quarterly,0,0
2023-01-11 17:00:00,5.67,19.18,15.91,6.88,48.45,20.22,0.17,143.15,0.6,4.33,2023,IGKV,Quarterly,0,0
2023-01-11 17:15:00,5.97,18.51,15.81,6.96,48.45,20.22,0.13,109.25,0.6,4.35,2023,IGKV,Quarterly,0,0
2023-01-11 17:30:00,6.5,18.08,16.01,6.73,48.45,20.22,0.2,48.79,0.59,4.35,2023,IGKV,Quarterly,0,0
2023-01-11 17:45:00,7.24,18.6,16.87,6.79,49.31,20.27,0.14,41.39,0.61,4.37,2023,IGKV,Quarterly,0,0
2023-01-11 18:00:00,8.21,19.33,18.04,6.87,67.84,21.09,0.14,97.23,0.62,4.44,2023,IGKV,Quarterly,0,0
2023-01-11 18:15:00,8.43,19.28,18.19,4.54,67.84,21.09,0.17,62.46,0.62,4.46,2023,IGKV,Quarterly,0,0
2023-01-11 18:30:00,9.08,21.11,19.66,5.79,67.84,21.09,0.17,66.67,0.67,4.48,2023,IGKV,Quarterly,0,0
2023-01-11 18:45:00,9.88,21.3,20.41,5.41,68.92,21.35,0.16,98.3,0.69,4.53,2023,IGKV,Quarterly,0,0
2023-01-11 19:00:00,10.43,20.78,20.58,5.41,87.24,25.42,0.12,83.89,0.69,4.57,2023,IGKV,Quarterly,0,0
2023-01-11 19:15:00,11.04,22.13,21.76,5.54,87.24,25.42,0.11,105.42,0.73,4.59,2023,IGKV,Quarterly,0,0
2023-01-11 19:30:00,11.75,21.6,22.06,5.12,87.24,25.42,0.1,139.79,0.74,4.63,2023,IGKV,Quarterly,0,0
2023-01-11 19:45:00,12.24,21.28,22.28,5.26,88.16,25.74,0.21,170.72,0.76,4.67,2023,IGKV,Quarterly,0,0
2023-01-11 20:00:00,12.61,22.92,23.44,5.37,103.66,30.74,0.18,171.75,0.79,4.69,2023,IGKV,Quarterly,0,0
2023-01-11 20:15:00,12.96,22.19,23.34,5.71,103.66,30.74,0.16,166.48,0.79,4.72,2023,IGKV,Quarterly,0,0
2023-01-11 20:30:00,13.22,21.84,23.36,5.85,103.66,30.74,0.18,159.32,0.8,4.75,2023,IGKV,Quarterly,0,0
2023-01-11 20:45:00,13.75,23.27,24.54,6.01,103.99,30.92,0.15,139.35,0.85,4.76,2023,IGKV,Quarterly,0,0
2023-01-11 21:00:00,14.57,22.85,24.97,5.8,109.6,33.63,0.11,45.0,0.87,4.79,2023,IGKV,Quarterly,0,0
2023-01-11 21:15:00,15.92,24.0,26.66,5.92,109.6,33.63,0.11,64.83,0.93,4.87,2023,IGKV,Quarterly,0,0
2023-01-11 21:30:00,17.1,24.69,27.96,6.1,109.6,33.63,0.09,73.23,0.95,4.93,2023,IGKV,Quarterly,0,0
2023-01-11 21:45:00,18.02,25.52,29.14,6.14,109.8,33.62,0.15,180.52,0.97,4.96,2023,IGKV,Quarterly,0,0
2023-01-11 22:00:00,18.27,26.22,29.7,5.98,113.28,33.39,0.2,167.15,0.97,5.02,2023,IGKV,Quarterly,0,0
2023-01-11 22:15:00,18.5,26.56,30.07,5.86,113.28,33.39,0.12,194.68,0.97,5.01,2023,IGKV,Quarterly,0,0
2023-01-11 22:30:00,19.09,26.98,30.75,5.93,113.28,33.39,0.08,173.56,0.98,5.06,2023,IGKV,Quarterly,0,0
2023-01-11 22:45:00,20.32,27.49,32.01,6.46,113.15,33.45,0.1,96.29,0.99,5.13,2023,IGKV,Quarterly,0,0
2023-01-11 23:00:00,21.58,28.01,33.29,6.37,110.89,34.42,0.08,131.39,0.98,5.22,2023,IGKV,Quarterly,0,0
2023-01-11 23:15:00,22.4,28.38,34.14,6.26,110.89,34.42,0.09,119.45,0.98,5.24,2023,IGKV,Quarterly,0,0
2023-01-11 23:30:00,23.23,28.62,34.93,6.19,110.89,34.42,0.04,117.43,0.98,5.27,2023,IGKV,Quarterly,0,0
2023-01-11 23:45:00,23.57,28.76,35.28,6.28,110.09,34.32,0.16,169.23,0.97,5.31,2023,IGKV,Quarterly,0,0
2023-01-12 00:15:00,19.1,25.55,30.01,6.6,83.22,33.55,0.1,162.85,0.9,4.81,2023,IGKV,Quarterly,0,0
2023-01-12 00:30:00,18.86,25.25,29.67,6.22,83.22,33.55,0.26,165.32,0.89,4.8,2023,IGKV,Quarterly,0,0
2023-01-12 00:45:00,18.11,25.36,29.12,5.75,83.22,33.55,0.21,157.08,0.88,4.8,2023,IGKV,Quarterly,0,0
2023-01-12 01:00:00,17.19,25.4,28.4,6.09,82.8,33.52,0.15,158.49,0.86,4.78,2023,IGKV,Quarterly,0,0
2023-01-12 01:15:00,16.41,25.87,28.02,6.07,64.31,32.52,0.16,161.16,0.85,4.77,2023,IGKV,Quarterly,0,0
2023-01-12 01:30:00,15.7,25.63,27.33,6.23,64.31,32.52,0.09,183.14,0.83,4.77,2023,IGKV,Quarterly,0,0
2023-01-12 01:45:00,15.03,25.41,26.68,6.73,64.31,32.52,0.1,26.58,0.81,4.76,2023,IGKV,Quarterly,0,0
2023-01-12 02:00:00,14.9,25.74,26.75,6.47,64.28,32.46,0.11,54.68,0.8,4.74,2023,IGKV,Quarterly,0,0
2023-01-12 02:15:00,15.08,26.53,27.31,6.38,61.37,28.35,0.1,357.3,0.79,4.72,2023,IGKV,Quarterly,0,0
2023-01-12 02:30:00,15.42,26.69,27.66,7.61,61.37,28.35,0.1,76.28,0.78,4.79,2023,IGKV,Quarterly,0,0
2023-01-12 02:45:00,15.59,27.25,28.09,7.66,61.37,28.35,0.11,88.08,0.78,4.82,2023,IGKV,Quarterly,0,0
2023-01-12 03:00:00,15.52,27.05,27.93,7.52,61.39,28.39,0.14,82.36,0.77,4.81,2023,IGKV,Quarterly,0,0
2023-01-12 03:15:00,15.29,27.58,28.02,7.86,62.17,30.81,0.12,69.14,0.76,4.83,2023,IGKV,Quarterly,0,0
2023-01-12 03:30:00,15.21,27.24,27.78,7.41,62.17,30.81,0.18,53.96,0.75,4.82,2023,IGKV,Quarterly,0,0
2023-01-12 03:45:00,15.08,27.66,27.9,7.63,62.17,30.81,0.26,55.5,0.75,4.8,2023,IGKV,Quarterly,0,0
2023-01-12 04:00:00,14.94,27.54,27.72,7.66,62.18,30.79,0.23,67.15,0.73,4.8,2023,IGKV,Quarterly,0,0
2023-01-12 04:15:00,14.76,28.04,27.84,8.1,63.18,29.54,0.09,54.37,0.73,4.81,2023,IGKV,Quarterly,0,0
2023-01-12 04:30:00,15.02,27.89,27.97,7.85,63.18,29.54,0.2,54.06,0.72,4.8,2023,IGKV,Quarterly,0,0
2023-01-12 04:45:00,15.39,28.56,28.61,7.99,63.18,29.54,0.1,46.18,0.71,4.83,2023,IGKV,Quarterly,0,0
2023-01-12 05:00:00,15.96,29.72,29.68,8.61,63.23,29.57,0.2,58.66,0.72,4.83,2023,IGKV,Quarterly,0,0
2023-01-12 05:15:00,16.71,26.44,28.56,8.05,68.3,31.93,0.1,65.16,0.69,4.87,2023,IGKV,Quarterly,0,0
2023-01-12 05:30:00,17.1,23.58,27.38,7.29,68.3,31.93,0.2,78.53,0.66,4.84,2023,IGKV,Quarterly,0,0
2023-01-12 05:45:00,17.47,23.05,27.4,7.13,68.3,31.93,0.2,76.74,0.66,4.83,2023,IGKV,Quarterly,0,0
2023-01-12 06:00:00,17.33,24.07,27.82,7.11,68.32,31.93,0.23,49.61,0.66,4.82,2023,IGKV,Quarterly,0,0
2023-01-12 06:15:00,17.28,25.23,28.38,7.11,69.65,32.26,0.19,56.49,0.68,4.79,2023,IGKV,Quarterly,0,0
2023-01-12 06:30:00,17.41,25.2,28.47,7.71,69.65,32.26,0.2,68.29,0.68,4.8,2023,IGKV,Quarterly,0,0
2023-01-12 06:45:00,17.54,24.65,28.3,7.56,69.65,32.26,0.22,69.34,0.68,4.82,2023,IGKV,Quarterly,0,0
2023-01-12 07:00:00,17.55,24.73,28.35,7.35,69.73,32.26,0.22,73.5,0.7,4.82,2023,IGKV,Quarterly,0,0
2023-01-12 07:15:00,17.34,24.99,28.31,7.24,72.97,32.71,0.3,65.32,0.7,4.83,2023,IGKV,Quarterly,0,0
2023-01-12 07:30:00,17.05,25.7,28.45,7.75,72.97,32.71,0.38,48.72,0.71,4.82,2023,IGKV,Quarterly,0,0
2023-01-12 07:45:00,17.02,24.74,27.92,7.63,72.97,32.71,0.38,57.75,0.71,4.83,2023,IGKV,Quarterly,0,0
2023-01-12 08:00:00,16.94,25.29,28.15,7.38,72.98,32.7,0.36,64.58,0.73,4.81,2023,IGKV,Quarterly,0,0
2023-01-12 08:15:00,16.82,24.69,27.74,7.36,73.71,31.82,0.51,43.42,0.73,4.81,2023,IGKV,Quarterly,0,0
2023-01-12 08:30:00,16.73,24.5,27.57,7.67,73.71,31.82,0.47,63.41,0.74,4.8,2023,IGKV,Quarterly,0,0
2023-01-12 08:45:00,16.47,24.22,27.21,7.34,73.71,31.82,0.48,66.44,0.74,4.8,2023,IGKV,Quarterly,0,0
2023-01-12 09:00:00,16.09,23.56,26.56,7.42,73.69,31.87,0.33,74.24,0.74,4.78,2023,IGKV,Quarterly,0,0
2023-01-12 09:15:00,15.63,24.09,26.47,7.18,73.16,35.22,0.33,89.17,0.74,4.79,2023,IGKV,Quarterly,0,0
2023-01-12 09:30:00,15.08,23.55,25.75,7.5,73.16,35.22,0.22,98.24,0.73,4.74,2023,IGKV,Quarterly,0,0
2023-01-12 09:45:00,14.25,22.85,24.72,7.42,73.16,35.22,0.29,125.4,0.74,4.73,2023,IGKV,Quarterly,0,0
2023-01-12 10:00:00,12.95,23.33,23.93,7.23,73.06,35.17,0.3,74.69,0.75,4.7,2023,IGKV,Quarterly,0,0
2023-01-12 10:15:00,11.75,24.07,23.35,8.12,68.73,31.73,0.28,109.39,0.74,4.66,2023,IGKV,Quarterly,0,0
2023-01-12 10:30:00,10.5,24.54,22.59,9.07,68.73,31.73,0.27,96.02,0.75,4.6,2023,IGKV,Quarterly,0,0
2023-01-12 10:45:00,9.38,24.77,21.81,9.48,68.73,31.73,0.24,106.35,0.74,4.58,2023,IGKV,Quarterly,0,0
2023-01-12 11:00:00,8.34,24.81,21.0,9.15,68.52,31.71,0.16,105.37,0.73,4.54,2023,IGKV,Quarterly,0,0
2023-01-12 11:15:00,7.48,24.49,20.15,8.87,59.06,30.73,0.29,143.03,0.73,4.5,2023,IGKV,Quarterly,0,0
2023-01-12 11:30:00,6.67,23.99,19.24,8.77,59.06,30.73,0.26,123.98,0.71,4.47,2023,IGKV,Quarterly,0,0
2023-01-12 11:45:00,6.05,23.79,18.63,9.09,59.06,30.73,0.15,133.39,0.7,4.47,2023,IGKV,Quarterly,0,0
2023-01-12 12:00:00,5.59,23.65,18.19,9.49,58.99,30.73,0.21,160.65,0.69,4.46,2023,IGKV,Quarterly,0,0
2023-01-12 12:15:00,5.31,23.24,17.75,9.37,55.7,30.42,0.2,76.46,0.69,4.45,2023,IGKV,Quarterly,0,0
2023-01-12 12:30:00,5.31,22.77,17.5,10.01,55.7,30.42,0.35,69.19,0.68,4.45,2023,IGKV,Quarterly,0,0
2023-01-12 12:45:00,5.21,23.23,17.66,9.39,55.7,30.42,0.33,64.76,0.67,4.44,2023,IGKV,Quarterly,0,0
2023-01-12 13:00:00,5.17,23.03,17.53,9.8,55.68,30.32,0.26,169.88,0.67,4.44,2023,IGKV,Quarterly,0,0
2023-01-12 13:15:00,5.23,23.48,17.81,9.78,54.59,23.69,0.57,57.01,0.67,4.43,2023,IGKV,Quarterly,0,0
2023-01-12 13:30:00,5.38,23.46,17.92,9.88,54.59,23.69,0.48,64.48,0.66,4.45,2023,IGKV,Quarterly,0,0
2023-01-12 13:45:00,5.54,23.79,18.22,9.79,54.59,23.69,0.34,59.92,0.66,4.45,2023,IGKV,Quarterly,0,0
2023-01-12 14:00:00,5.56,23.67,18.18,9.99,54.59,23.61,0.38,72.37,0.66,4.44,2023,IGKV,Quarterly,0,0
2023-01-12 14:15:00,5.6,23.75,18.25,10.45,54.29,18.85,0.25,98.81,0.64,4.45,2023,IGKV,Quarterly,0,0
2023-01-12 14:30:00,5.41,23.55,18.0,9.86,54.29,18.85,0.17,149.55,0.67,4.46,2023,IGKV,Quarterly,0,0
2023-01-12 14:45:00,5.34,24.24,18.3,9.79,54.29,18.85,0.48,65.14,0.67,4.44,2023,IGKV,Quarterly,0,0
2023-01-12 15:00:00,5.66,23.16,17.99,9.87,54.15,18.85,0.4,73.66,0.67,4.45,2023,IGKV,Quarterly,0,0
2023-01-12 15:15:00,5.81,20.78,16.87,9.78,47.72,18.55,0.51,54.54,0.66,4.45,2023,IGKV,Quarterly,0,0
2023-01-12 15:30:00,5.84,19.66,16.31,9.23,47.72,18.55,0.31,105.3,0.64,4.42,2023,IGKV,Quarterly,0,0
2023-01-12 15:45:00,5.89,18.87,15.93,9.6,47.72,18.55,0.23,132.33,0.64,4.4,2023,IGKV,Quarterly,0,0
2023-01-12 16:00:00,5.95,18.44,15.76,9.47,47.62,18.57,0.24,109.99,0.64,4.4,2023,IGKV,Quarterly,0,0
2023-01-12 16:15:00,6.02,18.1,15.64,10.71,43.57,19.93,0.41,63.76,0.64,4.4,2023,IGKV,Quarterly,0,0
2023-01-12 16:30:00,6.09,18.52,15.91,10.51,43.57,19.93,0.31,70.17,0.64,4.4,2023,IGKV,Quarterly,0,0
2023-01-12 16:45:00,6.14,18.71,16.05,10.36,43.57,19.93,0.31,60.64,0.65,4.39,2023,IGKV,Quarterly,0,0
2023-01-12 17:00:00,7.34,19.76,17.56,10.21,43.87,19.96,0.31,64.65,0.65,4.38,2023,IGKV,Quarterly,0,0
2023-01-12 17:15:00,8.09,22.11,19.39,9.47,57.1,21.86,0.28,70.25,0.68,4.39,2023,IGKV,Quarterly,0,0
2023-01-12 17:30:00,7.36,20.95,18.19,9.03,57.1,21.86,0.15,148.36,0.7,4.41,2023,IGKV,Quarterly,0,0
2023-01-12 17:45:00,7.5,20.14,17.89,9.01,57.1,21.86,0.19,156.81,0.7,4.44,2023,IGKV,Quarterly,0,0
2023-01-12 18:00:00,8.0,21.97,19.24,9.28,57.74,21.97,0.21,133.78,0.75,4.43,2023,IGKV,Quarterly,0,0
2023-01-12 18:15:00,8.65,21.72,19.64,7.88,85.91,28.94,0.17,138.08,0.76,4.47,2023,IGKV,Quarterly,0,0
2023-01-12 18:30:00,9.07,20.93,19.56,8.22,85.91,28.94,0.2,81.64,0.77,4.52,2023,IGKV,Quarterly,0,0
2023-01-12 18:45:00,9.47,20.78,19.8,7.79,85.91,28.94,0.22,85.61,0.77,4.53,2023,IGKV,Quarterly,0,0
2023-01-12 19:00:00,9.8,20.85,20.1,7.52,86.07,28.94,0.34,59.82,0.79,4.52,2023,IGKV,Quarterly,0,0
2023-01-12 19:15:00,10.5,23.0,21.79,7.91,92.9,28.94,0.22,75.79,0.81,4.55,2023,IGKV,Quarterly,0,0
2023-01-12 19:30:00,11.35,23.64,22.81,8.13,92.9,28.94,0.26,70.06,0.83,4.57,2023,IGKV,Quarterly,0,0
2023-01-12 19:45:00,12.03,23.77,23.42,8.28,92.9,28.94,0.34,44.03,0.88,4.61,2023,IGKV,Quarterly,0,0
2023-01-12 20:00:00,12.58,25.02,24.51,8.47,93.04,29.02,0.22,64.45,0.93,4.65,2023,IGKV,Quarterly,0,0
2023-01-12 20:15:00,13.06,25.89,25.35,8.11,98.79,34.14,0.25,67.65,0.95,4.68,2023,IGKV,Quarterly,0,0
2023-01-12 20:30:00,13.44,26.52,25.98,8.49,98.79,34.14,0.35,58.45,0.97,4.69,2023,IGKV,Quarterly,0,0
2023-01-12 20:45:00,13.95,27.43,26.87,8.25,98.79,34.14,0.26,68.91,0.99,4.72,2023,IGKV,Quarterly,0,0
2023-01-12 21:00:00,14.03,27.82,27.14,8.68,99.16,34.16,0.29,67.28,0.99,4.74,2023,IGKV,Quarterly,0,0
2023-01-12 21:15:00,13.92,28.24,27.27,8.85,115.68,35.56,0.26,78.56,1.0,4.73,2023,IGKV,Quarterly,0,0
2023-01-12 21:30:00,13.47,28.38,26.98,9.0,115.68,35.56,0.15,148.63,0.99,4.73,2023,IGKV,Quarterly,0,0
2023-01-12 21:45:00,12.84,28.32,26.45,8.41,115.68,35.56,0.23,71.31,0.99,4.71,2023,IGKV,Quarterly,0,0
2023-01-12 22:00:00,12.2,28.34,25.94,8.65,115.3,35.56,0.33,58.4,0.98,4.71,2023,IGKV,Quarterly,0,0
2023-01-12 22:15:00,11.94,28.32,25.72,8.49,98.9,35.5,0.28,57.6,0.98,4.67,2023,IGKV,Quarterly,0,0
2023-01-12 22:30:00,11.89,28.34,25.69,8.62,98.9,35.5,0.47,45.38,0.97,4.68,2023,IGKV,Quarterly,0,0
2023-01-12 22:45:00,11.9,28.29,25.67,8.54,98.9,35.5,0.41,59.73,0.97,4.71,2023,IGKV,Quarterly,0,0
2023-01-12 23:00:00,11.6,28.53,25.56,8.31,98.75,35.48,0.38,62.29,0.97,4.68,2023,IGKV,Quarterly,0,0
2023-01-12 23:15:00,11.51,28.5,25.47,8.64,92.32,33.98,0.42,60.6,0.98,4.66,2023,IGKV,Quarterly,0,0
2023-01-12 23:30:00,11.49,28.53,25.47,8.75,92.32,33.98,0.41,59.38,0.97,4.67,2023,IGKV,Quarterly,0,0
2023-01-12 23:45:00,11.65,28.55,25.61,8.95,92.32,33.98,0.34,66.35,0.98,4.71,2023,IGKV,Quarterly,0,0
2023-04-01 01:00:00,30.78,65.98,60.03,7.62,28.14,5.48,0.17,163.23,0.61,7.34,2023,IGKV,Quarterly,0,0
2023-05-01 00:45:00,37.56,62.66,64.21,6.79,23.52,12.2,0.63,27.34,0.73,7.1,2023,IGKV,Quarterly,0,0
2023-06-01 01:45:00,30.58,59.83,54.74,6.47,112.38,32.99,0.13,205.32,0.83,6.24,2023,IGKV,Quarterly,0,0
2024-01-01 00:15:00,16.41,30.55,30.47,6.04,146.82,70.44,0.14,160.01,1.19,5.03,2024,IGKV,Quarterly,0,0
2024-01-01 00:30:00,15.88,29.75,29.63,6.35,146.82,70.44,0.15,165.14,1.19,5.02,2024,IGKV,Quarterly,0,0
2024-01-01 00:45:00,14.96,29.53,28.77,6.13,138.11,72.84,0.08,228.02,1.19,5.0,2024,IGKV,Quarterly,0,0
2024-01-01 01:00:00,14.96,29.53,28.77,6.13,138.11,72.84,0.08,228.02,1.19,5.0,2024,IGKV,Quarterly,0,0
2024-01-01 01:15:00,14.09,28.44,27.51,5.96,136.89,72.84,0.13,153.24,1.17,4.96,2024,IGKV,Quarterly,0,0
2024-01-01 01:30:00,13.6,28.15,26.96,5.83,136.89,72.84,0.11,165.74,1.16,0.0,2024,IGKV,Quarterly,0,0
2024-01-01 01:45:00,14.12,28.9,27.78,6.68,127.8,71.54,0.11,97.33,1.17,4.94,2024,IGKV,Quarterly,0,0
2024-01-01 02:00:00,15.98,30.02,29.85,6.65,126.47,71.54,0.08,85.75,1.19,4.97,2024,IGKV,Quarterly,0,0
2024-01-01 02:15:00,18.22,31.16,32.24,6.26,126.47,71.54,0.09,55.22,1.21,4.98,2024,IGKV,Quarterly,0,0
2024-01-01 02:30:00,20.05,32.27,34.29,7.19,126.47,71.54,0.09,73.77,1.22,5.0,2024,IGKV,Quarterly,0,0
2024-01-01 02:45:00,21.4,29.42,33.88,7.2,147.68,75.64,0.24,34.46,1.21,5.03,2024,IGKV,Quarterly,0,0
2024-01-01 03:00:00,22.05,28.05,33.68,6.9,150.95,75.64,0.14,57.76,1.21,5.03,2024,IGKV,Quarterly,0,0
2024-01-01 03:15:00,22.01,29.1,34.21,6.9,150.95,75.64,0.12,37.47,1.21,5.03,2024,IGKV,Quarterly,0,0
2024-01-01 03:30:00,22.04,27.4,33.34,6.64,150.95,75.64,0.2,44.86,1.19,5.04,2024,IGKV,Quarterly,0,0
2024-01-01 03:45:00,21.94,28.99,34.09,6.35,153.15,76.05,0.08,115.66,1.2,5.04,2024,IGKV,Quarterly,0,0
2024-01-01 04:00:00,22.02,27.77,33.51,6.66,153.33,76.05,0.12,67.11,1.19,5.07,2024,IGKV,Quarterly,0,0
2024-01-01 04:15:00,22.29,27.85,33.78,6.53,153.33,76.05,0.13,99.34,1.18,5.08,2024,IGKV,Quarterly,0,0
2024-01-01 04:30:00,22.16,28.22,33.87,6.39,153.33,76.05,0.07,136.23,1.17,5.1,2024,IGKV,Quarterly,0,0
2024-01-01 04:45:00,21.96,27.7,33.43,6.92,140.71,77.03,0.11,127.93,1.15,5.1,2024,IGKV,Quarterly,0,0
2024-01-01 05:00:00,21.27,28.38,33.24,6.46,138.96,77.03,0.12,134.31,1.15,5.1,2024,IGKV,Quarterly,0,0
2024-01-01 05:15:00,20.48,27.34,32.06,6.88,138.96,77.03,0.08,117.46,1.13,5.07,2024,IGKV,Quarterly,0,0
2024-01-01 05:30:00,19.64,27.76,31.6,6.84,138.96,77.03,0.08,139.87,1.11,5.09,2024,IGKV,Quarterly,0,0
2024-01-01 05:45:00,19.08,26.95,30.73,6.45,127.68,73.63,0.06,123.08,1.09,5.07,2024,IGKV,Quarterly,0,0
2024-01-01 06:00:00,18.48,27.45,30.51,6.7,126.0,73.63,0.09,276.3,1.08,5.06,2024,IGKV,Quarterly,0,0
2024-01-01 06:15:00,18.3,25.91,29.57,7.14,126.0,73.63,0.05,91.83,1.05,5.04,2024,IGKV,Quarterly,0,0
2024-01-01 06:30:00,17.93,27.32,30.0,7.26,126.0,73.63,0.07,244.03,1.05,5.03,2024,IGKV,Quarterly,0,0
2024-01-01 06:45:00,17.56,26.11,29.07,6.61,112.91,67.01,0.12,243.74,1.02,5.04,2024,IGKV,Quarterly,0,0
2024-01-01 07:00:00,17.0,26.33,28.74,6.91,111.04,67.01,0.18,264.45,1.01,5.01,2024,IGKV,Quarterly,0,0
2024-01-01 07:15:00,16.4,25.11,27.62,6.94,111.04,67.01,0.09,227.72,1.01,5.0,2024,IGKV,Quarterly,0,0
2024-01-01 07:30:00,15.74,24.84,26.95,6.96,111.04,67.01,0.1,257.38,1.0,5.02,2024,IGKV,Quarterly,0,0
2024-01-01 07:45:00,15.32,24.91,26.65,6.84,101.97,61.46,0.06,196.37,1.01,4.98,2024,IGKV,Quarterly,0,0
2024-01-01 08:00:00,15.01,24.61,26.24,6.85,100.63,61.46,0.15,152.07,1.0,4.98,2024,IGKV,Quarterly,0,0
2024-01-01 08:15:00,14.51,24.96,26.03,6.88,100.63,61.46,0.16,102.25,0.99,4.97,2024,IGKV,Quarterly,0,0
2024-01-01 08:30:00,13.77,25.63,25.78,6.99,100.63,61.46,0.1,157.49,0.97,4.96,2024,IGKV,Quarterly,0,0
2024-01-01 08:45:00,12.93,25.36,24.97,6.79,95.17,53.04,0.23,101.5,0.96,4.95,2024,IGKV,Quarterly,0,0
2024-01-01 09:00:00,12.08,25.75,24.5,7.22,94.46,53.04,0.4,63.5,0.94,4.93,2024,IGKV,Quarterly,0,0
2024-01-01 09:15:00,11.59,25.92,24.19,7.0,94.46,53.04,0.35,82.16,0.94,4.94,2024,IGKV,Quarterly,0,0
2024-01-01 09:30:00,10.94,25.86,23.63,7.05,94.46,53.04,0.3,100.36,0.92,4.92,2024,IGKV,Quarterly,0,0
2024-01-01 09:45:00,10.13,25.96,23.04,6.76,86.93,49.61,0.35,73.38,0.9,4.91,2024,IGKV,Quarterly,0,0
2024-01-01 10:00:00,9.56,26.17,22.69,7.05,85.79,49.61,0.29,81.55,0.88,4.88,2024,IGKV,Quarterly,0,0
2024-01-01 10:15:00,8.91,26.25,22.21,6.65,85.79,49.61,0.31,61.14,0.87,4.87,2024,IGKV,Quarterly,0,0
2024-01-01 10:30:00,8.13,26.32,21.62,7.9,85.79,49.61,0.39,12.95,0.86,4.85,2024,IGKV,Quarterly,0,0
2024-01-01 10:45:00,7.72,26.39,21.33,7.92,79.83,48.18,0.25,81.09,0.85,4.84,2024,IGKV,Quarterly,0,0
2024-01-01 11:00:00,7.24,26.15,20.82,8.02,79.06,48.18,0.24,43.15,0.84,4.85,2024,IGKV,Quarterly,0,0
2024-01-01 11:15:00,6.68,25.95,20.27,7.77,79.06,48.18,0.1,240.95,0.83,4.82,2024,IGKV,Quarterly,0,0
2024-01-01 11:30:00,6.03,25.72,19.62,8.26,79.06,48.18,0.25,114.66,0.82,4.79,2024,IGKV,Quarterly,0,0
2024-01-01 11:45:00,5.55,25.35,19.04,8.43,78.46,50.96,0.22,100.63,0.81,4.8,2024,IGKV,Quarterly,0,0
2024-01-01 12:00:00,5.27,25.13,18.71,8.44,78.37,50.96,0.22,137.2,0.8,4.77,2024,IGKV,Quarterly,0,0
2024-01-01 12:15:00,5.04,25.24,18.58,8.48,78.37,50.96,0.16,40.93,0.81,4.76,2024,IGKV,Quarterly,0,0
2024-01-01 12:30:00,5.04,25.24,18.58,8.48,78.37,50.96,0.16,40.93,0.81,4.76,2024,IGKV,Quarterly,0,0
2024-01-01 12:45:00,4.96,22.86,17.27,8.14,82.65,50.59,0.22,67.95,0.79,4.73,2024,IGKV,Quarterly,0,0
2024-01-01 13:00:00,4.98,19.41,15.49,7.57,89.53,49.99,0.18,98.34,0.77,4.74,2024,IGKV,Quarterly,0,0
2024-01-01 13:15:00,4.9,18.28,14.83,7.38,89.53,49.99,0.32,96.4,0.76,4.74,2024,IGKV,Quarterly,0,0
2024-01-01 13:30:00,4.89,17.57,14.46,7.35,89.53,49.99,0.35,37.05,0.76,4.77,2024,IGKV,Quarterly,0,0
2024-01-01 13:45:00,4.92,17.31,14.34,7.39,85.61,51.67,0.25,334.18,0.75,4.82,2024,IGKV,Quarterly,0,0
2024-01-01 14:00:00,4.92,17.31,14.34,7.39,85.61,51.67,0.25,334.18,0.75,4.82,2024,IGKV,Quarterly,0,0
2024-01-01 14:15:00,4.89,17.29,14.31,6.87,84.99,51.67,0.23,324.63,0.73,4.84,2024,IGKV,Quarterly,0,0
2024-01-01 14:30:00,4.89,17.29,14.31,6.87,84.99,51.67,0.23,324.63,0.73,4.84,2024,IGKV,Quarterly,0,0
2024-01-01 14:45:00,4.81,16.68,13.92,7.22,84.2,50.44,0.14,131.43,0.73,4.85,2024,IGKV,Quarterly,0,0
2024-01-01 15:00:00,4.66,16.26,13.58,7.25,83.14,48.81,0.29,70.51,0.72,4.84,2024,IGKV,Quarterly,0,0
2024-01-01 15:15:00,4.63,15.84,13.34,7.33,83.14,48.81,0.39,62.83,0.72,4.82,2024,IGKV,Quarterly,0,0
2024-01-01 15:30:00,4.78,15.61,13.34,7.51,83.14,48.81,0.35,48.46,0.71,0.0,2024,IGKV,Quarterly,0,0
2024-01-01 15:45:00,4.86,17.46,14.37,7.59,82.72,48.53,0.13,32.26,0.72,4.86,2024,IGKV,Quarterly,0,0
2024-01-01 16:00:00,4.92,17.58,14.48,7.15,82.65,48.53,0.25,61.08,0.72,0.0,2024,IGKV,Quarterly,0,0
2024-01-01 16:15:00,4.95,16.93,14.17,7.46,82.65,48.53,0.24,64.17,0.72,4.85,2024,IGKV,Quarterly,0,0
2024-01-01 16:30:00,4.99,16.64,14.05,7.3,82.65,48.53,0.25,167.68,0.72,4.84,2024,IGKV,Quarterly,0,0
2024-01-01 16:45:00,4.97,16.7,14.07,6.66,84.85,49.45,0.23,167.36,0.72,4.86,2024,IGKV,Quarterly,0,0
2024-01-01 17:00:00,5.0,17.21,14.35,7.33,85.27,49.45,0.24,163.47,0.71,0.0,2024,IGKV,Quarterly,0,0
2024-01-01 17:15:00,5.03,17.86,14.71,7.37,85.27,49.45,0.18,154.7,0.74,4.87,2024,IGKV,Quarterly,0,0
2024-01-01 17:30:00,4.89,19.15,15.28,8.12,85.27,49.45,0.21,159.12,0.76,4.87,2024,IGKV,Quarterly,0,0
2024-01-01 17:45:00,4.91,20.51,16.0,8.21,92.83,50.8,0.21,163.63,0.78,0.0,2024,IGKV,Quarterly,0,0
2024-01-01 18:00:00,5.02,21.84,16.79,7.83,94.9,50.8,0.19,154.27,0.81,4.86,2024,IGKV,Quarterly,0,0
2024-01-01 18:15:00,5.02,21.84,16.79,7.83,94.9,50.8,0.19,154.27,0.81,4.86,2024,IGKV,Quarterly,0,0
2024-01-01 18:30:00,5.57,23.76,18.23,6.64,94.9,50.8,0.25,173.76,0.85,4.91,2024,IGKV,Quarterly,0,0
2024-01-01 18:45:00,5.57,23.76,18.23,6.64,94.9,50.8,0.25,173.76,0.85,4.91,2024,IGKV,Quarterly,0,0
2024-01-01 19:00:00,5.88,24.88,19.07,6.56,112.57,53.4,0.19,170.3,0.89,4.88,2024,IGKV,Quarterly,0,0
2024-01-01 19:15:00,5.89,25.12,19.19,6.64,113.15,53.4,0.14,183.63,0.9,0.0,2024,IGKV,Quarterly,0,0
2024-01-01 19:30:00,5.95,25.15,19.27,6.18,113.15,53.4,0.1,206.33,0.92,4.87,2024,IGKV,Quarterly,0,0
2024-01-01 19:45:00,6.07,25.39,19.49,6.99,105.58,50.84,0.13,162.68,0.92,4.86,2024,IGKV,Quarterly,0,0
2024-01-01 20:00:00,6.07,25.39,19.49,6.99,105.58,50.84,0.13,162.68,0.92,4.86,2024,IGKV,Quarterly,0,0
2024-01-01 20:15:00,6.25,25.48,19.68,6.51,105.15,50.84,0.15,167.54,0.94,4.85,2024,IGKV,Quarterly,0,0
2024-01-01 20:30:00,6.32,25.47,19.73,6.6,105.15,50.84,0.16,155.32,0.94,0.0,2024,IGKV,Quarterly,0,0
2024-01-01 20:45:00,6.44,25.47,19.83,6.58,99.47,47.98,0.1,225.2,0.95,0.0,2024,IGKV,Quarterly,0,0
2024-01-01 21:00:00,6.45,25.45,19.82,6.9,99.47,47.98,0.11,190.01,0.95,0.0,2024,IGKV,Quarterly,0,0
2024-01-01 21:15:00,6.56,25.57,19.97,6.42,99.47,47.98,0.13,211.33,0.96,4.81,2024,IGKV,Quarterly,0,0
2024-01-01 21:30:00,6.67,25.41,19.97,6.83,99.47,47.98,0.13,226.04,0.97,0.0,2024,IGKV,Quarterly,0,0
2024-01-01 21:45:00,6.67,25.41,19.97,6.83,99.47,47.98,0.13,226.04,0.97,0.0,2024,IGKV,Quarterly,0,0
2024-01-01 22:00:00,6.73,25.59,20.12,6.9,100.32,52.42,0.1,187.69,0.98,4.8,2024,IGKV,Quarterly,0,0
2024-01-01 22:15:00,6.73,25.59,20.12,6.9,100.32,52.42,0.1,187.69,0.98,4.8,2024,IGKV,Quarterly,0,0
2024-01-01 22:30:00,6.83,25.31,20.05,6.26,100.44,52.42,0.11,167.08,0.98,4.77,2024,IGKV,Quarterly,0,0
2024-01-01 22:45:00,7.07,21.68,18.35,6.01,106.62,55.21,0.1,186.59,0.96,4.78,2024,IGKV,Quarterly,0,0
2024-01-01 23:00:00,7.37,22.08,18.8,5.92,107.41,55.21,0.13,160.59,0.96,0.0,2024,IGKV,Quarterly,0,0
2024-01-01 23:15:00,7.49,21.83,18.76,6.09,107.41,55.21,0.1,175.95,0.97,0.0,2024,IGKV,Quarterly,0,0
2024-01-01 23:30:00,7.36,21.01,18.23,5.94,107.41,55.21,0.12,163.15,0.95,4.79,2024,IGKV,Quarterly,0,0
2024-01-01 23:45:00,7.36,21.01,18.23,5.94,107.41,55.21,0.12,163.15,0.95,4.79,2024,IGKV,Quarterly,0,0
2024-02-01 00:15:00,7.56,18.9,17.29,5.83,94.82,39.64,0.11,185.22,0.83,4.76,2024,IGKV,Quarterly,0,0
2024-02-01 00:30:00,7.58,18.59,17.14,5.87,90.43,39.6,0.09,212.69,0.82,4.78,2024,IGKV,Quarterly,0,0
2024-02-01 00:45:00,7.68,19.44,17.67,6.04,90.43,39.6,0.18,174.17,0.82,4.8,2024,IGKV,Quarterly,0,0
2024-02-01 01:00:00,7.68,20.33,18.13,5.63,90.43,39.6,0.23,199.57,0.81,4.79,2024,IGKV,Quarterly,0,0
2024-02-01 01:15:00,7.63,20.57,18.21,6.58,83.46,37.03,0.07,186.63,0.82,4.78,2024,IGKV,Quarterly,0,0
2024-02-01 01:30:00,7.66,19.45,17.66,6.15,78.12,36.2,0.09,181.34,0.8,4.78,2024,IGKV,Quarterly,0,0
2024-02-01 01:45:00,7.66,17.58,16.67,5.98,78.12,36.2,0.11,82.21,0.78,4.77,2024,IGKV,Quarterly,0,0
2024-02-01 02:00:00,7.69,17.14,16.48,5.77,78.12,36.2,0.12,183.55,0.77,4.78,2024,IGKV,Quarterly,0,0
2024-02-01 02:15:00,7.76,18.22,17.1,4.0,76.01,35.79,0.06,226.45,0.78,4.77,2024,IGKV,Quarterly,0,0
2024-02-01 02:30:00,7.71,18.96,17.44,4.92,74.39,35.54,0.09,166.39,0.76,4.78,2024,IGKV,Quarterly,0,0
2024-02-01 02:45:00,7.67,19.49,17.69,4.84,74.39,35.54,0.14,139.49,0.77,4.78,2024,IGKV,Quarterly,0,0
2024-02-01 03:00:00,7.78,18.63,17.32,5.26,74.39,35.54,0.1,147.12,0.76,4.79,2024,IGKV,Quarterly,0,0
2024-02-01 03:15:00,7.8,17.4,16.69,4.61,71.74,35.42,0.08,179.21,0.74,4.8,2024,IGKV,Quarterly,0,0
2024-02-01 03:30:00,8.16,19.13,17.89,5.33,69.72,35.39,0.13,223.81,0.74,4.81,2024,IGKV,Quarterly,0,0
2024-02-01 03:45:00,9.29,18.94,18.69,5.18,69.72,35.39,0.09,306.36,0.73,4.82,2024,IGKV,Quarterly,0,0
2024-02-01 04:00:00,10.72,20.43,20.62,4.88,69.72,35.39,0.51,344.33,0.72,4.81,2024,IGKV,Quarterly,0,0
2024-02-01 04:15:00,11.42,20.93,21.44,5.19,69.85,35.64,0.63,34.8,0.73,4.84,2024,IGKV,Quarterly,0,0
2024-02-01 04:30:00,11.85,20.64,21.64,5.1,69.94,35.73,0.65,41.95,0.73,4.85,2024,IGKV,Quarterly,0,0
2024-02-01 04:45:00,12.24,21.47,22.38,5.25,69.94,35.73,0.45,36.55,0.74,4.85,2024,IGKV,Quarterly,0,0
2024-02-01 05:00:00,12.5,22.28,23.02,4.88,69.94,35.73,0.32,48.5,0.75,4.87,2024,IGKV,Quarterly,0,0
2024-02-01 05:15:00,13.42,23.11,24.19,5.46,74.91,38.3,0.28,45.17,0.77,4.85,2024,IGKV,Quarterly,0,0
2024-02-01 05:30:00,14.91,23.91,25.8,5.37,78.71,39.12,0.33,46.7,0.79,4.86,2024,IGKV,Quarterly,0,0
2024-02-01 05:45:00,16.67,24.54,27.54,5.08,78.71,39.12,0.2,71.54,0.79,4.87,2024,IGKV,Quarterly,0,0
2024-02-01 06:00:00,18.04,25.02,28.89,5.15,78.71,39.12,0.12,187.22,0.82,4.92,2024,IGKV,Quarterly,0,0
2024-02-01 06:15:00,19.1,25.56,30.02,5.55,86.97,39.59,0.23,87.62,0.83,4.92,2024,IGKV,Quarterly,0,0
2024-02-01 06:30:00,20.18,25.63,30.93,5.14,93.29,39.74,0.18,158.0,0.85,4.91,2024,IGKV,Quarterly,0,0
2024-02-01 06:45:00,20.71,25.87,31.48,5.42,93.29,39.74,0.18,192.27,0.86,4.92,2024,IGKV,Quarterly,0,0
2024-02-01 07:00:00,20.78,26.01,31.6,5.39,93.29,39.74,0.18,178.72,0.88,4.93,2024,IGKV,Quarterly,0,0
2024-02-01 07:15:00,21.09,25.87,31.78,5.77,93.39,42.97,0.15,183.59,0.89,4.92,2024,IGKV,Quarterly,0,0
2024-02-01 07:30:00,21.61,25.82,32.17,5.74,93.46,44.01,0.2,179.28,0.89,4.94,2024,IGKV,Quarterly,0,0
2024-02-01 07:45:00,21.75,26.08,32.42,5.82,93.46,44.01,0.32,180.35,0.91,4.94,2024,IGKV,Quarterly,0,0
2024-02-01 08:00:00,22.03,26.5,32.86,5.98,93.46,44.01,0.39,167.72,0.93,4.92,2024,IGKV,Quarterly,0,0
2024-02-01 08:15:00,22.14,26.38,32.89,5.5,96.36,44.39,0.27,127.06,0.94,4.92,2024,IGKV,Quarterly,0,0
2024-02-01 08:30:00,21.74,26.78,32.77,5.48,98.58,44.62,0.22,152.27,0.94,4.9,2024,IGKV,Quarterly,0,0
2024-02-01 08:45:00,20.9,26.96,32.2,5.67,98.58,44.62,0.34,144.34,0.94,4.9,2024,IGKV,Quarterly,0,0
2024-02-01 09:00:00,19.78,27.04,31.34,6.11,98.58,44.62,0.33,80.98,0.94,4.91,2024,IGKV,Quarterly,0,0
2024-02-01 09:15:00,18.52,27.22,30.42,5.86,96.82,44.35,0.02,359.76,0.94,4.88,2024,IGKV,Quarterly,0,0
2024-02-01 09:30:00,17.38,27.76,29.79,6.18,95.48,44.27,0.22,309.13,0.94,4.84,2024,IGKV,Quarterly,0,0
2024-02-01 09:45:00,16.83,25.42,28.13,5.95,95.48,44.27,0.37,286.48,0.94,4.81,2024,IGKV,Quarterly,0,0
2024-02-01 10:00:00,16.39,22.65,26.33,5.33,95.48,44.27,0.39,298.18,0.93,4.81,2024,IGKV,Quarterly,0,0
2024-02-01 10:15:00,15.94,21.35,25.29,5.98,93.59,41.47,0.48,296.54,0.92,4.81,2024,IGKV,Quarterly,0,0
2024-02-01 10:30:00,15.36,21.11,24.7,6.79,92.14,40.57,0.9,319.89,0.92,4.81,2024,IGKV,Quarterly,0,0
2024-02-01 10:45:00,14.84,21.05,24.25,7.28,92.14,40.57,0.63,318.89,0.94,4.82,2024,IGKV,Quarterly,0,0
2024-02-01 11:00:00,14.14,21.34,23.84,6.93,92.14,40.57,1.1,291.09,0.96,4.81,2024,IGKV,Quarterly,0,0
2024-02-01 11:15:00,13.3,21.41,23.21,7.53,92.7,40.57,0.93,278.18,0.96,4.8,2024,IGKV,Quarterly,0,0
2024-02-01 11:30:00,12.47,21.37,22.51,7.38,93.13,40.57,0.76,276.94,0.97,4.8,2024,IGKV,Quarterly,0,0
2024-02-01 11:45:00,11.58,21.13,21.68,7.13,93.13,40.57,0.84,290.03,0.98,4.83,2024,IGKV,Quarterly,0,0
2024-02-01 12:00:00,10.75,21.13,21.02,7.04,93.13,40.57,0.74,299.0,0.98,4.81,2024,IGKV,Quarterly,0,0
2024-02-01 12:15:00,9.98,20.9,20.28,7.18,92.77,40.72,0.55,304.82,0.99,4.83,2024,IGKV,Quarterly,0,0
2024-02-01 12:30:00,9.35,20.78,19.71,6.87,92.49,40.76,0.92,302.36,0.99,4.83,2024,IGKV,Quarterly,0,0
2024-02-01 12:45:00,8.65,20.51,19.0,7.21,92.49,40.76,0.86,296.3,0.98,4.81,2024,IGKV,Quarterly,0,0
2024-02-01 13:00:00,7.87,20.28,18.25,6.96,92.49,40.76,0.69,306.86,0.99,4.81,2024,IGKV,Quarterly,0,0
2024-02-01 13:15:00,7.29,20.24,17.77,7.19,91.03,40.36,0.71,311.18,0.99,4.8,2024,IGKV,Quarterly,0,0
2024-02-01 13:30:00,6.71,19.95,17.15,6.7,89.91,40.24,0.83,293.77,0.99,4.78,2024,IGKV,Quarterly,0,0
2024-02-01 13:45:00,6.22,19.41,16.48,6.9,89.91,40.24,0.99,292.12,0.98,4.78,2024,IGKV,Quarterly,0,0
2024-02-01 14:00:00,5.82,18.84,15.86,6.57,89.91,40.24,0.68,280.83,0.97,4.78,2024,IGKV,Quarterly,0,0
2024-02-01 14:15:00,5.46,18.55,15.42,6.97,86.92,38.04,0.64,277.35,0.92,4.77,2024,IGKV,Quarterly,0,0
2024-02-01 14:30:00,5.0,18.89,15.24,7.4,84.63,36.73,1.02,281.6,0.92,4.79,2024,IGKV,Quarterly,0,0
2024-02-01 14:45:00,4.77,19.15,15.18,7.0,84.63,36.73,1.02,288.22,0.89,4.79,2024,IGKV,Quarterly,0,0
2024-02-01 15:00:00,4.7,19.26,15.18,6.22,84.63,36.73,1.0,295.29,0.88,4.78,2024,IGKV,Quarterly,0,0
2024-02-01 15:15:00,4.69,19.39,15.24,7.21,74.67,33.58,0.72,291.01,0.86,4.78,2024,IGKV,Quarterly,0,0
2024-02-01 15:30:00,4.69,19.36,15.22,6.83,67.05,32.59,0.66,289.58,0.84,4.76,2024,IGKV,Quarterly,0,0
2024-02-01 15:45:00,4.76,19.14,15.17,7.59,67.05,32.59,0.53,298.4,0.81,4.75,2024,IGKV,Quarterly,0,0
2024-02-01 16:00:00,4.79,19.12,15.18,7.08,67.05,32.59,0.51,292.45,0.8,4.76,2024,IGKV,Quarterly,0,0
2024-02-01 16:15:00,4.88,19.45,15.43,7.04,63.82,30.38,0.44,305.49,0.79,4.77,2024,IGKV,Quarterly,0,0
2024-02-01 16:30:00,5.06,19.97,15.84,7.04,61.35,29.67,0.26,289.69,0.77,4.76,2024,IGKV,Quarterly,0,0
2024-02-01 16:45:00,5.32,20.48,16.32,7.17,61.35,29.67,0.61,323.54,0.76,4.76,2024,IGKV,Quarterly,0,0
2024-02-01 17:00:00,5.81,21.66,17.33,7.76,61.35,29.67,0.44,339.65,0.76,4.75,2024,IGKV,Quarterly,0,0
2024-02-01 17:15:00,6.03,22.95,18.18,7.56,63.27,30.07,0.32,53.6,0.75,4.75,2024,IGKV,Quarterly,0,0
2024-02-01 17:30:00,6.19,23.37,18.52,7.07,64.75,30.2,0.18,157.69,0.76,4.77,2024,IGKV,Quarterly,0,0
2024-02-01 17:45:00,6.38,23.72,18.86,7.21,64.75,30.2,0.27,178.15,0.75,4.78,2024,IGKV,Quarterly,0,0
2024-02-01 18:00:00,6.61,24.23,19.32,7.19,64.75,30.2,0.32,71.35,0.77,4.78,2024,IGKV,Quarterly,0,0
2024-02-01 18:15:00,7.64,25.7,20.9,6.31,68.42,29.5,0.35,69.43,0.78,4.77,2024,IGKV,Quarterly,0,0
2024-02-01 18:30:00,8.45,26.7,22.08,7.09,71.24,29.28,0.17,135.67,0.79,4.78,2024,IGKV,Quarterly,0,0
2024-02-01 18:45:00,9.08,27.48,22.99,7.36,71.24,29.28,0.21,91.96,0.81,4.79,2024,IGKV,Quarterly,0,0
2024-02-01 19:00:00,9.68,28.14,23.82,7.0,71.24,29.28,0.26,174.04,0.83,4.78,2024,IGKV,Quarterly,0,0
2024-02-01 19:15:00,10.04,28.74,24.42,7.34,79.17,29.73,0.22,184.36,0.84,4.76,2024,IGKV,Quarterly,0,0
2024-02-01 19:30:00,10.48,28.94,24.87,6.74,85.24,29.87,0.18,179.73,0.87,4.74,2024,IGKV,Quarterly,0,0
2024-02-01 19:45:00,10.86,25.89,23.59,6.44,85.24,29.87,0.2,167.49,0.88,4.75,2024,IGKV,Quarterly,0,0
2024-02-01 20:00:00,11.47,23.61,22.88,6.95,85.24,29.87,0.13,93.47,0.89,4.76,2024,IGKV,Quarterly,0,0
2024-02-01 20:15:00,13.27,22.63,23.82,6.11,93.78,33.44,0.1,199.15,0.92,4.76,2024,IGKV,Quarterly,0,0
2024-02-01 20:30:00,15.67,22.5,25.68,6.41,100.31,34.6,0.14,194.22,0.95,4.8,2024,IGKV,Quarterly,0,0
2024-02-01 20:45:00,18.03,24.11,28.41,6.39,100.31,34.6,0.41,177.38,0.99,4.82,2024,IGKV,Quarterly,0,0
2024-02-01 21:00:00,19.39,25.76,30.36,6.78,100.31,34.6,0.14,163.01,1.02,4.84,2024,IGKV,Quarterly,0,0
2024-02-01 21:15:00,19.88,25.05,30.38,6.69,101.5,33.73,0.15,168.69,1.03,4.88,2024,IGKV,Quarterly,0,0
2024-02-01 21:30:00,20.02,22.98,29.42,6.58,102.4,33.46,0.2,192.23,1.01,4.89,2024,IGKV,Quarterly,0,0
2024-02-01 21:45:00,19.95,22.29,29.0,6.58,102.4,33.46,0.11,223.58,1.01,4.91,2024,IGKV,Quarterly,0,0
2024-02-01 22:00:00,19.7,23.6,29.48,7.07,102.4,33.46,0.15,233.69,1.02,4.88,2024,IGKV,Quarterly,0,0
2024-02-01 22:15:00,19.53,24.42,29.77,6.58,102.98,34.17,0.19,183.86,1.03,4.91,2024,IGKV,Quarterly,0,0
2024-02-01 22:30:00,19.32,23.56,29.15,6.49,103.42,34.53,0.11,188.21,1.02,4.93,2024,IGKV,Quarterly,0,0
2024-02-01 22:45:00,19.3,21.24,27.92,6.37,103.42,34.53,0.17,245.74,1.0,4.91,2024,IGKV,Quarterly,0,0
2024-02-01 23:00:00,19.24,20.26,27.37,6.52,103.42,34.53,0.2,195.76,1.0,4.9,2024,IGKV,Quarterly,0,0
2024-02-01 23:15:00,18.96,21.44,27.76,6.33,100.59,34.43,0.19,182.98,1.01,4.91,2024,IGKV,Quarterly,0,0
2024-02-01 23:30:00,18.83,22.42,28.16,6.79,98.42,34.4,0.08,229.5,1.01,4.92,2024,IGKV,Quarterly,0,0
2024-02-01 23:45:00,18.91,22.23,28.13,6.78,98.42,34.4,0.18,177.59,1.02,4.9,2024,IGKV,Quarterly,0,0
2024-02-02 00:00:00,19.07,20.56,27.39,6.68,98.42,34.4,0.13,191.46,1.01,4.89,2024,IGKV,Quarterly,0,0
2024-03-01 00:15:00,26.04,19.63,32.49,7.28,96.06,30.96,0.15,215.33,0.69,4.8,2024,IGKV,Quarterly,0,0
2024-03-01 00:30:00,26.76,20.4,33.47,7.35,96.06,30.96,0.18,187.53,0.7,4.8,2024,IGKV,Quarterly,0,0
2024-03-01 00:45:00,27.42,19.57,33.56,7.34,94.88,31.97,0.2,185.49,0.7,4.8,2024,IGKV,Quarterly,0,0
2024-03-01 01:00:00,27.65,19.49,33.71,7.66,93.59,32.55,0.25,202.25,0.7,4.83,2024,IGKV,Quarterly,0,0
2024-03-01 01:15:00,27.55,20.09,33.94,7.88,93.59,32.55,0.22,226.66,0.7,4.83,2024,IGKV,Quarterly,0,0
2024-03-01 01:30:00,26.68,20.59,33.5,7.46,93.59,32.55,0.17,172.28,0.71,4.82,2024,IGKV,Quarterly,0,0
2024-03-01 01:45:00,25.74,20.72,32.81,7.65,86.45,29.5,0.11,197.64,0.7,4.82,2024,IGKV,Quarterly,0,0
2024-03-01 02:00:00,24.77,20.77,32.07,6.95,78.63,27.76,0.16,248.27,0.7,4.82,2024,IGKV,Quarterly,0,0
2024-03-01 02:15:00,24.95,21.28,32.48,8.58,78.63,27.76,0.16,237.14,0.7,4.81,2024,IGKV,Quarterly,0,0
2024-03-01 02:30:00,27.46,21.98,34.86,10.46,78.63,27.76,0.15,171.92,0.71,4.83,2024,IGKV,Quarterly,0,0
2024-03-01 02:45:00,29.89,22.88,37.27,9.92,79.1,27.55,0.22,167.28,0.72,4.83,2024,IGKV,Quarterly,0,0
2024-03-01 03:00:00,31.33,23.41,38.71,10.31,79.61,27.27,0.24,186.85,0.72,4.84,2024,IGKV,Quarterly,0,0
2024-03-01 03:15:00,31.54,23.64,39.0,10.52,79.61,27.27,0.19,198.95,0.72,4.84,2024,IGKV,Quarterly,0,0
2024-03-01 03:30:00,30.75,23.71,38.39,10.46,79.61,27.27,0.16,125.69,0.72,4.82,2024,IGKV,Quarterly,0,0
2024-03-01 03:45:00,31.27,24.0,38.97,10.63,74.88,24.8,0.14,118.56,0.72,4.83,2024,IGKV,Quarterly,0,0
2024-03-01 04:00:00,33.52,24.26,40.91,10.82,69.71,23.38,0.42,74.87,0.72,4.85,2024,IGKV,Quarterly,0,0
2024-03-01 04:15:00,35.14,24.86,42.52,10.79,69.71,23.38,0.4,53.33,0.71,4.86,2024,IGKV,Quarterly,0,0
2024-03-01 04:30:00,35.39,25.07,42.83,10.48,69.71,23.38,0.34,52.31,0.72,4.88,2024,IGKV,Quarterly,0,0
2024-03-01 04:45:00,35.44,25.29,42.99,10.99,70.83,27.41,0.34,62.49,0.74,4.87,2024,IGKV,Quarterly,0,0
2024-03-01 05:00:00,35.47,25.48,43.1,11.35,72.05,29.72,0.23,56.3,0.76,4.85,2024,IGKV,Quarterly,0,0
2024-03-01 05:15:00,35.39,25.52,43.06,10.93,72.05,29.72,0.45,72.38,0.76,4.86,2024,IGKV,Quarterly,0,0
2024-03-01 05:30:00,35.59,25.46,43.19,11.08,72.05,29.72,0.13,85.49,0.78,4.87,2024,IGKV,Quarterly,0,0
2024-03-01 05:45:00,35.74,25.29,43.22,10.65,77.76,31.9,0.16,112.78,0.79,4.87,2024,IGKV,Quarterly,0,0
2024-03-01 06:00:00,35.7,25.45,43.28,11.25,84.01,33.14,0.61,72.01,0.82,4.84,2024,IGKV,Quarterly,0,0
2024-03-01 06:15:00,36.38,25.02,43.6,10.86,84.01,33.14,0.4,63.58,0.84,4.84,2024,IGKV,Quarterly,0,0
2024-03-01 06:30:00,37.47,23.16,43.5,10.7,84.01,33.14,0.3,63.16,0.84,4.84,2024,IGKV,Quarterly,0,0
2024-03-01 06:45:00,37.61,21.83,42.92,10.72,86.83,34.4,0.14,133.69,0.84,4.86,2024,IGKV,Quarterly,0,0
2024-03-01 07:00:00,37.19,20.74,42.01,10.32,89.91,35.12,0.52,54.65,0.83,4.87,2024,IGKV,Quarterly,0,0
2024-03-01 07:15:00,37.19,19.86,41.55,9.77,89.91,35.12,0.66,67.45,0.84,4.86,2024,IGKV,Quarterly,0,0
2024-03-01 07:30:00,37.46,19.35,41.5,9.66,89.91,35.12,0.76,59.58,0.85,4.86,2024,IGKV,Quarterly,0,0
2024-03-01 07:45:00,37.28,19.64,41.5,10.22,95.72,36.11,0.76,60.57,0.85,4.86,2024,IGKV,Quarterly,0,0
2024-03-01 08:00:00,37.01,20.8,41.9,9.62,102.08,36.68,0.83,61.23,0.88,4.86,2024,IGKV,Quarterly,0,0
2024-03-01 08:15:00,36.68,21.6,42.05,10.69,102.08,36.68,0.64,62.71,0.9,4.83,2024,IGKV,Quarterly,0,0
2024-03-01 08:30:00,36.31,20.89,41.38,11.23,102.08,36.68,0.67,53.49,0.9,4.87,2024,IGKV,Quarterly,0,0
2024-03-01 08:45:00,35.76,20.09,40.53,10.37,103.61,36.84,0.47,90.27,0.9,4.85,2024,IGKV,Quarterly,0,0
2024-03-01 09:00:00,35.04,19.68,39.73,11.42,105.28,37.07,0.54,61.56,0.89,4.84,2024,IGKV,Quarterly,0,0
2024-03-01 09:15:00,34.32,19.73,39.18,11.51,105.28,37.07,0.25,107.41,0.89,4.86,2024,IGKV,Quarterly,0,0
2024-03-01 09:30:00,32.7,19.46,37.74,10.39,105.28,37.07,0.07,237.09,0.89,4.86,2024,IGKV,Quarterly,0,0
2024-03-01 09:45:00,30.58,19.32,35.97,9.88,100.7,34.98,0.23,251.77,0.88,4.85,2024,IGKV,Quarterly,0,0
2024-03-01 10:00:00,28.69,19.7,34.65,10.17,95.7,33.79,0.01,356.93,0.87,4.82,2024,IGKV,Quarterly,0,0
2024-03-01 10:15:00,26.38,19.95,32.93,10.03,95.7,33.79,0.26,239.01,0.85,4.81,2024,IGKV,Quarterly,0,0
2024-03-01 10:30:00,24.06,20.43,31.32,11.05,95.7,33.79,0.07,90.07,0.84,4.79,2024,IGKV,Quarterly,0,0
2024-03-01 10:45:00,21.12,20.84,29.18,10.97,87.13,31.73,0.3,285.2,0.83,4.8,2024,IGKV,Quarterly,0,0
2024-03-01 11:00:00,17.81,21.88,27.07,11.02,77.76,30.56,0.5,300.0,0.77,4.82,2024,IGKV,Quarterly,0,0
2024-03-01 11:15:00,14.64,22.34,24.76,10.9,77.76,30.56,0.42,284.01,0.75,4.79,2024,IGKV,Quarterly,0,0
2024-03-01 11:30:00,12.12,22.77,22.97,10.61,77.76,30.56,0.18,79.64,0.73,4.78,2024,IGKV,Quarterly,0,0
2024-03-01 11:45:00,9.34,22.0,20.34,12.48,73.82,29.57,0.5,301.21,0.7,4.77,2024,IGKV,Quarterly,0,0
2024-03-01 12:00:00,7.8,23.14,19.7,11.63,69.53,29.0,0.92,60.84,0.7,4.77,2024,IGKV,Quarterly,0,0
2024-03-01 12:15:00,6.87,23.84,19.32,10.09,69.53,29.0,1.0,294.54,0.68,4.74,2024,IGKV,Quarterly,0,0
2024-03-01 12:30:00,5.8,22.4,17.7,11.48,69.53,29.0,0.1,315.94,0.67,4.73,2024,IGKV,Quarterly,0,0
2024-03-01 12:45:00,5.09,21.4,16.61,11.02,67.8,26.26,0.64,310.93,0.65,4.71,2024,IGKV,Quarterly,0,0
2024-03-01 13:00:00,4.82,20.73,16.05,11.86,65.92,24.7,0.62,23.64,0.62,4.72,2024,IGKV,Quarterly,0,0
2024-03-01 13:15:00,4.7,20.27,15.72,11.78,65.92,24.7,1.0,309.64,0.61,4.71,2024,IGKV,Quarterly,0,0
2024-03-01 13:30:00,4.68,19.51,15.3,13.34,65.92,24.7,0.53,12.16,0.59,4.71,2024,IGKV,Quarterly,0,0
2024-03-01 13:45:00,4.65,18.84,14.93,15.42,63.8,25.99,1.06,49.81,0.61,4.69,2024,IGKV,Quarterly,0,0
2024-03-01 14:00:00,4.49,18.86,14.81,16.39,61.47,26.73,1.01,68.01,0.59,4.7,2024,IGKV,Quarterly,0,0
2024-03-01 14:15:00,4.42,18.76,14.7,13.91,61.47,26.73,0.41,53.11,0.61,4.71,2024,IGKV,Quarterly,0,0
2024-03-01 14:30:00,4.61,18.58,14.75,14.52,61.47,26.73,1.19,323.61,0.63,4.72,2024,IGKV,Quarterly,0,0
2024-03-01 14:45:00,4.74,18.41,14.77,15.93,61.86,26.74,0.87,325.97,0.61,4.71,2024,IGKV,Quarterly,0,0
2024-03-01 15:00:00,4.83,18.07,14.67,14.69,62.29,26.75,0.77,301.99,0.61,4.71,2024,IGKV,Quarterly,0,0
2024-03-01 15:15:00,5.2,18.45,15.16,15.79,62.29,26.75,0.9,346.22,0.61,4.7,2024,IGKV,Quarterly,0,0
2024-03-01 15:30:00,5.72,19.09,15.91,18.27,62.29,26.75,0.62,33.29,0.6,4.72,2024,IGKV,Quarterly,0,0
2024-03-01 15:45:00,5.32,18.82,15.45,16.8,59.85,25.32,0.77,332.65,0.6,4.71,2024,IGKV,Quarterly,0,0
2024-03-01 16:00:00,5.4,18.91,15.56,22.88,57.18,24.51,0.62,6.67,0.61,4.69,2024,IGKV,Quarterly,0,0
2024-03-01 16:15:00,5.78,18.45,15.62,21.84,57.18,24.51,0.32,4.67,0.63,4.66,2024,IGKV,Quarterly,0,0
2024-03-01 16:30:00,5.01,17.62,14.57,19.73,57.18,24.51,0.22,272.5,0.63,4.65,2024,IGKV,Quarterly,0,0
2024-03-01 16:45:00,4.8,16.55,13.84,17.12,56.95,23.89,0.24,61.08,0.63,4.64,2024,IGKV,Quarterly,0,0
2024-03-01 17:00:00,6.98,19.48,17.13,16.68,56.69,23.54,0.81,61.56,0.64,4.65,2024,IGKV,Quarterly,0,0
2024-03-01 17:15:00,6.02,18.58,15.89,12.54,56.69,23.54,0.33,122.35,0.63,4.66,2024,IGKV,Quarterly,0,0
2024-03-01 17:30:00,5.38,17.32,14.71,11.11,56.69,23.54,0.34,115.18,0.63,4.67,2024,IGKV,Quarterly,0,0
2024-03-01 17:45:00,5.37,17.69,14.9,11.21,60.75,24.33,0.27,141.0,0.64,4.66,2024,IGKV,Quarterly,0,0
2024-03-01 18:00:00,5.54,17.66,15.02,10.7,65.18,24.78,0.2,168.99,0.63,4.68,2024,IGKV,Quarterly,0,0
2024-03-01 18:15:00,5.9,17.38,15.16,7.43,65.18,24.78,0.23,165.25,0.64,4.68,2024,IGKV,Quarterly,0,0
2024-03-01 18:30:00,6.34,17.16,15.4,8.13,65.18,24.78,0.25,176.62,0.64,4.68,2024,IGKV,Quarterly,0,0
2024-03-01 18:45:00,6.73,16.94,15.6,8.79,70.55,25.41,0.27,194.56,0.65,4.69,2024,IGKV,Quarterly,0,0
2024-03-01 19:00:00,7.05,16.48,15.61,8.65,76.42,25.77,0.24,183.08,0.64,4.68,2024,IGKV,Quarterly,0,0
2024-03-01 19:15:00,7.29,15.93,15.51,8.12,76.42,25.77,0.25,176.44,0.64,4.68,2024,IGKV,Quarterly,0,0
2024-03-01 19:30:00,7.68,15.12,15.41,8.23,76.42,25.77,0.17,169.62,0.65,4.69,2024,IGKV,Quarterly,0,0
2024-03-01 19:45:00,7.89,14.56,15.28,8.23,77.88,27.64,0.27,180.46,0.64,4.69,2024,IGKV,Quarterly,0,0
2024-03-01 20:00:00,8.08,14.15,15.22,7.73,79.48,28.71,0.2,200.42,0.64,4.71,2024,IGKV,Quarterly,0,0
2024-03-01 20:15:00,8.35,13.7,15.21,8.53,79.48,28.71,0.22,226.12,0.64,4.71,2024,IGKV,Quarterly,0,0
2024-03-01 20:30:00,8.71,13.57,15.43,8.56,79.48,28.71,0.25,252.01,0.64,4.7,2024,IGKV,Quarterly,0,0
2024-03-01 20:45:00,8.88,14.0,15.78,8.32,93.71,30.64,0.17,249.5,0.66,4.71,2024,IGKV,Quarterly,0,0
2024-03-01 21:00:00,8.9,14.7,16.17,8.28,109.27,33.22,0.2,176.97,0.66,4.74,2024,IGKV,Quarterly,0,0
2024-03-01 21:15:00,8.9,15.26,16.46,8.97,109.27,33.22,0.3,179.15,0.68,4.73,2024,IGKV,Quarterly,0,0
2024-03-01 21:30:00,8.8,15.9,16.72,9.37,109.27,33.22,0.23,168.89,0.69,4.72,2024,IGKV,Quarterly,0,0
2024-03-01 21:45:00,8.75,16.19,16.83,8.92,102.46,30.81,0.13,181.47,0.7,4.71,2024,IGKV,Quarterly,0,0
2024-03-01 22:00:00,8.91,16.25,16.99,9.02,95.02,29.43,0.21,249.67,0.7,4.7,2024,IGKV,Quarterly,0,0
2024-03-01 22:15:00,8.79,16.55,17.04,8.7,95.02,29.43,0.18,240.19,0.71,4.73,2024,IGKV,Quarterly,0,0
2024-03-01 22:30:00,8.65,16.82,17.08,9.38,95.02,29.43,0.17,183.1,0.71,4.71,2024,IGKV,Quarterly,0,0
2024-03-01 22:45:00,8.62,16.89,17.09,9.11,87.88,28.75,0.15,217.2,0.71,4.71,2024,IGKV,Quarterly,0,0
2024-03-01 23:00:00,8.62,16.98,17.13,9.4,80.09,28.36,0.21,157.53,0.71,4.72,2024,IGKV,Quarterly,0,0
2024-03-01 23:15:00,8.55,17.16,17.17,9.55,80.09,28.36,0.21,188.15,0.71,4.71,2024,IGKV,Quarterly,0,0
2024-03-01 23:30:00,8.58,17.07,17.15,9.12,80.09,28.36,0.17,189.44,0.71,4.72,2024,IGKV,Quarterly,0,0
2024-03-01 23:45:00,8.46,17.19,17.11,8.97,73.28,27.65,0.14,203.84,0.72,4.72,2024,IGKV,Quarterly,0,0
2024-03-02 00:00:00,8.47,17.27,17.16,9.79,65.85,27.25,0.2,251.22,0.71,4.72,2024,IGKV,Quarterly,0,0
2024-04-01 00:15:00,7.2,20.91,18.05,9.03,40.05,10.731222826086952,0.17,183.57,0.6,4.98,2024,IGKV,Quarterly,1,63
2024-04-01 00:30:00,7.26,20.34,17.8,9.09,40.05,10.72548913043478,0.22,208.22,0.61,4.98,2024,IGKV,Quarterly,1,63
2024-04-01 00:45:00,7.06,20.07,17.5,8.38,40.05,10.719755434782606,0.16,182.02,0.6,5.01,2024,IGKV,Quarterly,1,63
2024-04-01 01:00:00,6.81,19.73,17.12,8.36,29.34,,0.2,186.98,0.6,5.0,2024,IGKV,Quarterly,1,63
2024-04-01 01:15:00,6.86,20.18,17.4,8.47,28.57,,0.21,185.15,0.59,5.01,2024,IGKV,Quarterly,1,63
2024-04-01 01:30:00,7.04,20.79,17.86,8.71,28.57,,0.23,208.93,0.58,5.01,2024,IGKV,Quarterly,1,63
2024-04-01 01:45:00,7.25,21.11,18.2,8.04,28.57,,0.23,198.42,0.59,5.0,2024,IGKV,Quarterly,1,63
2024-04-01 02:00:00,7.33,21.18,18.29,8.69,25.7,,0.22,204.42,0.59,5.01,2024,IGKV,Quarterly,1,63
2024-04-01 02:15:00,7.36,21.69,18.58,8.69,25.46,,0.18,189.27,0.61,5.01,2024,IGKV,Quarterly,1,63
2024-04-01 02:30:00,7.41,21.99,18.78,11.83,25.46,,0.24,210.88,0.61,5.0,2024,IGKV,Quarterly,1,63
2024-04-01 02:45:00,7.5,21.85,18.78,12.04,25.46,,0.19,200.2,0.61,5.0,2024,IGKV,Quarterly,1,63
2024-04-01 03:00:00,7.53,22.04,18.91,11.99,34.79,,0.19,198.24,0.61,5.0,2024,IGKV,Quarterly,1,63
2024-04-01 03:15:00,7.58,22.15,19.0,12.23,35.57,,0.13,181.24,0.61,5.02,2024,IGKV,Quarterly,1,63
2024-04-01 03:30:00,7.64,22.38,19.17,12.3,35.57,,0.15,184.6,0.62,5.01,2024,IGKV,Quarterly,1,63
2024-04-01 03:45:00,7.67,22.71,19.37,12.4,35.57,,0.14,197.95,0.63,5.02,2024,IGKV,Quarterly,1,63
2024-04-01 04:00:00,7.76,22.56,19.36,11.97,37.1,,0.17,180.78,0.62,5.04,2024,IGKV,Quarterly,1,63
2024-04-01 04:15:00,7.83,22.7,19.49,12.21,37.23,,0.14,190.25,0.63,5.02,2024,IGKV,Quarterly,1,63
2024-04-01 04:30:00,7.97,22.95,19.73,12.42,37.23,,0.16,200.29,0.63,5.02,2024,IGKV,Quarterly,1,63
2024-04-01 04:45:00,7.99,23.11,19.83,11.97,37.23,,0.16,183.99,0.64,5.03,2024,IGKV,Quarterly,1,63
2024-04-01 05:00:00,8.09,23.2,19.96,11.79,40.25,,0.21,200.38,0.64,5.03,2024,IGKV,Quarterly,1,63
2024-04-01 05:15:00,8.24,23.61,20.29,12.69,40.5,,0.21,185.89,0.64,5.02,2024,IGKV,Quarterly,1,63
2024-04-01 05:30:00,8.68,22.31,19.97,12.36,40.5,,0.25,185.42,0.65,5.02,2024,IGKV,Quarterly,1,63
2024-04-01 05:45:00,8.95,20.8,19.4,11.68,40.5,,0.15,176.48,0.65,5.01,2024,IGKV,Quarterly,1,63
2024-04-01 06:00:00,9.04,19.71,18.9,11.38,48.81,,0.14,215.37,0.66,5.02,2024,IGKV,Quarterly,1,63
2024-04-01 06:15:00,9.16,18.87,18.56,11.45,49.51,,0.24,183.56,0.65,5.01,2024,IGKV,Quarterly,1,63
2024-04-01 06:30:00,9.08,18.77,18.44,11.06,49.51,,0.2,164.1,0.65,5.02,2024,IGKV,Quarterly,1,63
2024-04-01 06:45:00,8.8,19.22,18.45,10.77,49.51,,0.25,160.21,0.66,5.02,2024,IGKV,Quarterly,1,63
2024-04-01 07:00:00,8.61,19.63,18.51,10.8,46.31,,0.3,172.95,0.65,5.05,2024,IGKV,Quarterly,1,63
2024-04-01 07:15:00,8.43,19.89,18.5,10.81,46.04,,0.21,203.83,0.66,5.04,2024,IGKV,Quarterly,1,63
2024-04-01 07:30:00,8.3,20.11,18.51,11.14,46.04,,0.25,217.4,0.67,5.04,2024,IGKV,Quarterly,1,63
2024-04-01 07:45:00,8.03,20.68,18.59,11.02,46.04,,0.49,227.86,0.67,5.04,2024,IGKV,Quarterly,1,63
2024-04-01 08:00:00,7.82,20.92,18.55,12.11,46.34,,0.6,250.09,0.68,5.03,2024,IGKV,Quarterly,1,63
2024-04-01 08:15:00,7.43,20.86,18.21,12.47,46.36,,0.84,262.93,0.69,5.02,2024,IGKV,Quarterly,1,63
2024-04-01 08:30:00,7.15,20.9,18.0,12.24,46.36,,0.68,255.3,0.69,5.04,2024,IGKV,Quarterly,1,63
2024-04-01 08:45:00,6.78,21.15,17.84,12.09,46.36,,0.74,249.45,0.7,5.02,2024,IGKV,Quarterly,1,63
2024-04-01 09:00:00,6.39,21.35,17.63,12.33,52.53,,0.85,249.14,0.7,5.03,2024,IGKV,Quarterly,1,63
2024-04-01 09:15:00,6.08,21.6,17.51,11.52,52.97,,1.21,262.72,0.7,5.05,2024,IGKV,Quarterly,1,63
2024-04-01 09:30:00,5.79,21.04,16.99,12.75,52.97,,0.9,268.19,0.7,5.05,2024,IGKV,Quarterly,1,63
2024-04-01 09:45:00,5.61,20.7,16.66,13.29,52.97,,1.01,263.89,0.69,5.05,2024,IGKV,Quarterly,1,63
2024-04-01 10:00:00,5.55,20.61,16.57,13.9,60.11,,0.75,248.26,0.68,5.06,2024,IGKV,Quarterly,1,63
2024-04-01 10:15:00,5.47,20.59,16.5,11.47,60.63,,1.07,266.3,0.69,5.06,2024,IGKV,Quarterly,1,63
2024-04-01 10:30:00,5.32,20.78,16.47,14.46,60.63,,1.39,272.97,0.67,5.06,2024,IGKV,Quarterly,1,63
2024-04-01 10:45:00,5.35,20.27,16.23,15.36,60.63,,1.44,275.15,0.67,5.09,2024,IGKV,Quarterly,1,63
2024-04-01 11:00:00,5.32,20.14,16.14,17.35,52.64,,1.1,273.03,0.65,5.07,2024,IGKV,Quarterly,1,63
2024-04-01 11:15:00,5.28,20.44,16.26,17.24,52.07,,1.33,274.0,0.64,5.04,2024,IGKV,Quarterly,1,63
2024-04-01 11:30:00,5.34,21.67,16.96,15.95,52.07,,1.25,282.74,0.66,4.99,2024,IGKV,Quarterly,1,63
2024-04-01 11:45:00,5.25,22.78,17.46,16.27,52.07,,1.45,285.99,0.68,5.0,2024,IGKV,Quarterly,1,63
2024-04-01 12:00:00,5.02,23.37,17.59,17.38,58.78,,1.4,288.29,0.69,5.01,2024,IGKV,Quarterly,1,63
2024-04-01 12:15:00,4.9,23.99,17.81,16.12,59.34,,1.16,279.85,0.7,5.01,2024,IGKV,Quarterly,1,63
2024-04-01 12:30:00,4.72,21.22,16.22,17.09,59.34,,1.19,278.71,0.67,5.03,2024,IGKV,Quarterly,1,63
2024-04-01 12:45:00,4.77,19.86,15.55,17.49,59.34,,1.26,285.28,0.65,5.05,2024,IGKV,Quarterly,1,63
2024-04-01 13:00:00,4.73,17.37,14.22,18.55,59.32,,0.99,283.03,0.61,5.05,2024,IGKV,Quarterly,1,63
2024-04-01 13:15:00,4.71,17.91,14.49,16.96,59.32,,1.06,260.91,0.63,5.07,2024,IGKV,Quarterly,1,63
2024-04-01 13:30:00,4.88,19.97,15.69,18.53,59.32,,1.24,296.79,0.63,5.08,2024,IGKV,Quarterly,1,63
2024-04-01 13:45:00,5.06,23.07,17.46,18.23,59.32,,1.04,273.91,0.63,5.05,2024,IGKV,Quarterly,1,63
2024-04-01 14:00:00,5.03,24.63,18.25,17.17,52.56,,1.3,277.84,0.63,5.03,2024,IGKV,Quarterly,1,63
2024-04-01 14:15:00,4.99,23.06,17.4,18.65,52.08,,1.28,295.04,0.55,5.05,2024,IGKV,Quarterly,1,63
2024-04-01 14:30:00,5.07,22.21,17.02,18.35,52.08,,1.07,264.25,0.56,5.04,2024,IGKV,Quarterly,1,63
2024-04-01 14:45:00,5.03,21.61,16.68,18.24,52.08,,1.42,284.35,0.57,5.04,2024,IGKV,Quarterly,1,63
2024-04-01 15:00:00,5.05,21.81,16.8,17.62,53.31,,1.27,274.41,0.58,5.06,2024,IGKV,Quarterly,1,63
2024-04-01 15:15:00,4.98,21.11,16.37,19.05,53.4,,1.13,276.99,0.56,5.06,2024,IGKV,Quarterly,1,63
2024-04-01 15:30:00,4.83,20.41,15.89,19.86,53.4,,1.03,267.97,0.55,5.02,2024,IGKV,Quarterly,1,63
2024-04-01 15:45:00,4.92,20.09,15.79,19.16,53.4,,1.07,264.98,0.54,5.01,2024,IGKV,Quarterly,1,63
2024-04-01 16:00:00,4.87,18.83,15.09,20.11,51.45,10.37,1.04,273.98,0.52,5.04,2024,IGKV,Quarterly,0,0
2024-04-01 16:15:00,4.82,18.59,14.93,19.32,51.31,11.02,1.03,264.2,0.51,5.04,2024,IGKV,Quarterly,0,0
2024-04-01 16:30:00,4.72,19.13,15.13,16.94,51.31,11.02,1.0,271.55,0.51,5.02,2024,IGKV,Quarterly,0,0
2024-04-01 16:45:00,4.83,18.22,14.74,17.36,51.31,11.02,0.84,264.46,0.5,5.01,2024,IGKV,Quarterly,0,0
2024-04-01 17:00:00,4.85,17.25,14.25,19.03,49.59,15.26,0.8,268.44,0.48,5.0,2024,IGKV,Quarterly,0,0
2024-04-01 17:15:00,4.83,17.11,14.16,18.89,49.46,15.26,0.68,267.95,0.5,5.0,2024,IGKV,Quarterly,0,0
2024-04-01 17:30:00,4.77,17.73,14.44,18.62,49.46,15.26,0.64,266.19,0.53,4.99,2024,IGKV,Quarterly,0,0
2024-04-01 17:45:00,4.73,18.37,14.74,17.5,49.46,15.26,0.71,266.29,0.56,4.98,2024,IGKV,Quarterly,0,0
2024-04-01 18:00:00,4.69,18.49,14.77,17.88,44.52,16.28,0.46,259.47,0.62,4.96,2024,IGKV,Quarterly,0,0
2024-04-01 18:15:00,4.6,18.59,14.75,14.19,44.16,16.28,0.39,254.16,0.62,4.98,2024,IGKV,Quarterly,0,0
2024-04-01 18:30:00,4.42,15.83,13.17,17.24,44.16,16.28,0.49,254.5,0.61,5.04,2024,IGKV,Quarterly,0,0
2024-04-01 18:45:00,4.23,14.75,12.45,17.89,44.16,16.28,0.27,229.92,0.58,5.03,2024,IGKV,Quarterly,0,0
2024-04-01 19:00:00,4.33,16.65,13.52,20.01,45.11,18.33,0.2,204.44,0.59,5.05,2024,IGKV,Quarterly,0,0
2024-04-01 19:15:00,4.66,19.83,15.45,17.34,45.18,18.33,0.28,181.85,0.61,5.06,2024,IGKV,Quarterly,0,0
2024-04-01 19:30:00,4.96,22.37,17.01,15.56,45.18,18.33,0.25,197.69,0.65,5.04,2024,IGKV,Quarterly,0,0
2024-04-01 19:45:00,5.04,22.21,17.0,15.05,45.18,18.33,0.2,190.92,0.66,5.05,2024,IGKV,Quarterly,0,0
2024-04-01 20:00:00,5.24,21.53,16.8,14.54,64.7,23.61,0.18,193.05,0.67,5.06,2024,IGKV,Quarterly,0,0
2024-04-01 20:15:00,5.47,21.3,16.87,14.86,66.1,23.61,0.19,193.26,0.67,5.07,2024,IGKV,Quarterly,0,0
2024-04-01 20:30:00,5.59,21.07,16.84,15.09,66.1,23.61,0.2,193.33,0.69,5.06,2024,IGKV,Quarterly,0,0
2024-04-01 20:45:00,5.68,21.34,17.05,14.15,66.1,23.61,0.17,198.33,0.69,5.06,2024,IGKV,Quarterly,0,0
2024-04-01 21:00:00,5.79,21.62,17.29,14.14,64.35,23.13,0.24,199.49,0.7,5.07,2024,IGKV,Quarterly,0,0
2024-04-01 21:15:00,5.87,22.38,17.75,13.63,64.23,23.13,0.21,189.98,0.72,5.07,2024,IGKV,Quarterly,0,0
2024-04-01 21:30:00,6.0,22.4,17.87,14.55,64.23,23.13,0.23,173.13,0.74,5.06,2024,IGKV,Quarterly,0,0
2024-04-01 21:45:00,6.09,22.76,18.12,14.0,64.23,23.13,0.23,189.51,0.76,5.06,2024,IGKV,Quarterly,0,0
2024-04-01 22:00:00,6.25,23.19,18.48,13.71,64.88,23.62,0.15,176.54,0.76,5.06,2024,IGKV,Quarterly,0,0
2024-04-01 22:15:00,6.4,22.95,18.47,13.76,64.92,23.62,0.22,171.04,0.77,5.07,2024,IGKV,Quarterly,0,0
2024-04-01 22:30:00,6.56,22.83,18.54,13.39,64.92,23.62,0.2,203.46,0.77,5.07,2024,IGKV,Quarterly,0,0
2024-04-01 22:45:00,6.55,23.0,18.62,13.68,64.92,23.62,0.15,197.11,0.77,5.07,2024,IGKV,Quarterly,0,0
2024-04-01 23:00:00,6.58,23.93,19.13,13.45,64.51,28.53,0.18,184.22,0.76,5.06,2024,IGKV,Quarterly,0,0
2024-04-01 23:15:00,6.77,22.81,18.7,13.58,64.48,28.53,0.19,180.37,0.77,5.04,2024,IGKV,Quarterly,0,0
2024-04-01 23:30:00,6.92,21.95,18.36,13.24,64.48,28.53,0.15,188.73,0.78,5.04,2024,IGKV,Quarterly,0,0
2024-04-01 23:45:00,7.03,20.81,17.86,11.94,64.48,28.53,0.16,172.77,0.78,5.04,2024,IGKV,Quarterly,0,0
2024-04-02 00:00:00,6.92,20.16,17.43,11.71,64.13,26.75,0.12,179.4,0.78,5.02,2024,IGKV,Quarterly,0,0
2024-05-01 00:15:00,11.27,13.19,25.08,12.67,63.84,25.74,0.14,165.65,0.87,5.000663079326506,2024,IGKV,Quarterly,1,96
2024-05-01 00:30:00,11.28,13.16,25.06,11.22,63.64,25.74,0.18,51.19,0.86,5.000656136087485,2024,IGKV,Quarterly,1,96
2024-05-01 00:45:00,11.28,13.13,25.05,11.75,63.64,25.74,0.16,162.62,0.87,5.0006491928484635,2024,IGKV,Quarterly,1,96
2024-05-01 01:00:00,11.27,13.14,25.05,11.56,63.64,25.74,0.19,188.15,0.86,,2024,IGKV,Quarterly,1,96
2024-05-01 01:15:00,11.26,13.17,25.05,10.13,67.9,25.34,0.18,165.89,0.85,,2024,IGKV,Quarterly,1,96
2024-05-01 01:30:00,11.26,13.12,25.03,10.0,69.04,25.34,0.24,190.85,0.85,,2024,IGKV,Quarterly,1,96
2024-05-01 01:45:00,11.28,13.18,25.08,10.01,69.04,25.34,0.13,190.63,0.83,,2024,IGKV,Quarterly,1,96
2024-05-01 02:00:00,11.32,13.29,25.17,10.2,69.04,25.34,0.2,211.58,0.83,,2024,IGKV,Quarterly,1,96
2024-05-01 02:15:00,11.27,13.27,25.12,8.72,66.26,26.39,0.22,194.76,0.82,,2024,IGKV,Quarterly,1,96
2024-05-01 02:30:00,11.3,13.23,25.11,9.83,65.51,26.39,0.24,181.19,0.82,,2024,IGKV,Quarterly,1,96
2024-05-01 02:45:00,11.28,13.19,25.08,10.06,65.51,26.39,0.19,195.72,0.81,,2024,IGKV,Quarterly,1,96
2024-05-01 03:00:00,11.27,13.17,25.06,9.72,65.51,26.39,0.23,190.98,0.8,,2024,IGKV,Quarterly,1,96
2024-05-01 03:15:00,11.28,13.1,25.03,10.26,59.69,23.68,0.17,169.81,0.79,,2024,IGKV,Quarterly,1,96
2024-05-01 03:30:00,11.31,13.19,25.11,10.37,58.13,23.68,0.15,162.17,0.78,,2024,IGKV,Quarterly,1,96
2024-05-01 03:45:00,11.3,13.09,25.05,10.42,58.13,23.68,0.16,170.69,0.78,,2024,IGKV,Quarterly,1,96
2024-05-01 04:00:00,11.29,13.15,25.07,10.17,58.13,23.68,0.13,152.8,0.79,,2024,IGKV,Quarterly,1,96
2024-05-01 04:15:00,11.26,13.14,25.04,10.57,56.33,23.64,0.14,167.52,0.77,,2024,IGKV,Quarterly,1,96
2024-05-01 04:30:00,11.23,13.11,25.0,10.82,55.84,23.64,0.18,169.52,0.73,,2024,IGKV,Quarterly,1,96
2024-05-01 04:45:00,11.25,13.12,25.02,12.22,55.84,23.64,0.19,178.26,0.7,,2024,IGKV,Quarterly,1,96
2024-05-01 05:00:00,11.29,13.07,25.02,10.64,55.84,23.64,0.17,175.92,0.67,,2024,IGKV,Quarterly,1,96
2024-05-01 05:15:00,11.32,13.09,25.06,11.41,67.75,23.73,0.15,177.07,0.65,,2024,IGKV,Quarterly,1,96
2024-05-01 05:30:00,11.3,13.07,25.04,10.68,70.94,23.73,0.13,166.6,0.65,,2024,IGKV,Quarterly,1,96
2024-05-01 05:45:00,11.27,13.13,25.04,10.13,70.94,23.73,0.18,162.01,0.65,,2024,IGKV,Quarterly,1,96
2024-05-01 06:00:00,11.29,13.13,25.06,10.77,70.94,23.73,0.21,160.33,0.65,,2024,IGKV,Quarterly,1,96
2024-05-01 06:15:00,11.32,13.23,25.14,11.41,65.05,20.94,0.14,195.03,0.66,,2024,IGKV,Quarterly,1,96
2024-05-01 06:30:00,11.25,13.15,25.04,11.62,63.36,20.94,0.28,240.67,0.65,,2024,IGKV,Quarterly,1,96
2024-05-01 06:45:00,11.24,13.11,25.0,12.43,63.36,20.94,0.42,242.97,0.64,,2024,IGKV,Quarterly,1,96
2024-05-01 07:00:00,11.24,13.11,25.01,12.78,63.36,20.94,0.51,243.43,0.64,,2024,IGKV,Quarterly,1,96
2024-05-01 07:15:00,11.25,13.14,25.03,12.05,55.28,23.05,0.63,247.42,0.64,,2024,IGKV,Quarterly,1,96
2024-05-01 07:30:00,11.24,13.15,25.02,12.6,53.11,23.05,0.77,254.43,0.64,,2024,IGKV,Quarterly,1,96
2024-05-01 07:45:00,11.23,13.11,25.0,11.81,53.11,23.05,0.84,249.14,0.62,,2024,IGKV,Quarterly,1,96
2024-05-01 08:00:00,11.23,13.11,25.0,10.52,53.11,23.05,0.98,251.61,0.61,,2024,IGKV,Quarterly,1,96
2024-05-01 08:15:00,11.24,13.15,25.03,10.29,50.52,21.01,1.16,252.05,0.61,,2024,IGKV,Quarterly,1,96
2024-05-01 08:30:00,11.26,13.24,25.09,10.09,49.82,21.01,0.85,251.26,0.59,,2024,IGKV,Quarterly,1,96
2024-05-01 08:45:00,11.22,13.16,25.02,11.05,49.82,21.01,1.14,255.19,0.59,,2024,IGKV,Quarterly,1,96
2024-05-01 09:00:00,11.23,13.12,25.0,9.93,49.82,21.01,1.06,255.53,0.59,,2024,IGKV,Quarterly,1,96
2024-05-01 09:15:00,11.24,13.12,25.01,9.87,43.02,16.47,1.08,258.63,0.58,,2024,IGKV,Quarterly,1,96
2024-05-01 09:30:00,11.23,13.12,25.0,9.6,41.2,16.47,1.42,262.51,0.57,,2024,IGKV,Quarterly,1,96
2024-05-01 09:45:00,11.22,13.13,25.0,9.6,41.2,16.47,1.27,267.91,0.56,,2024,IGKV,Quarterly,1,96
2024-05-01 10:00:00,11.23,13.16,25.02,10.27,41.2,16.47,1.48,267.44,0.56,,2024,IGKV,Quarterly,1,96
2024-05-01 10:15:00,11.26,13.17,25.05,12.06,41.6,17.93,1.32,282.14,0.56,,2024,IGKV,Quarterly,1,96
2024-05-01 10:30:00,11.28,13.14,25.05,15.74,41.71,17.93,1.53,273.41,0.55,,2024,IGKV,Quarterly,1,96
2024-05-01 10:45:00,11.28,13.12,25.04,18.37,41.71,17.93,1.35,263.96,0.55,,2024,IGKV,Quarterly,1,96
2024-05-01 11:00:00,11.28,13.13,25.06,17.86,41.71,17.93,1.4,259.73,0.55,,2024,IGKV,Quarterly,1,96
2024-05-01 11:15:00,11.28,13.29,25.13,18.9,50.61,18.9,1.4,265.08,0.55,,2024,IGKV,Quarterly,1,96
2024-05-01 11:30:00,11.26,13.18,25.06,18.66,52.99,18.9,1.33,282.11,0.58,,2024,IGKV,Quarterly,1,96
2024-05-01 11:45:00,11.25,13.13,25.03,19.45,52.99,18.9,1.15,258.96,0.57,,2024,IGKV,Quarterly,1,96
2024-05-01 12:00:00,11.25,13.15,25.03,22.19,52.99,18.9,1.4,268.83,0.57,,2024,IGKV,Quarterly,1,96
2024-05-01 12:15:00,11.23,13.15,25.02,18.98,54.94,20.56,1.49,275.62,0.57,,2024,IGKV,Quarterly,1,96
2024-05-01 12:30:00,11.23,13.12,25.0,19.51,55.46,20.56,1.22,262.65,0.57,,2024,IGKV,Quarterly,1,96
2024-05-01 12:45:00,11.21,13.14,25.0,18.83,55.46,20.56,1.24,277.17,0.58,,2024,IGKV,Quarterly,1,96
2024-05-01 13:00:00,11.23,13.13,25.01,18.42,55.46,20.56,1.39,260.38,0.57,,2024,IGKV,Quarterly,1,96
2024-05-01 13:15:00,11.24,13.17,25.04,17.43,58.36,21.18,1.3,274.29,0.57,,2024,IGKV,Quarterly,1,96
2024-05-01 13:30:00,11.22,13.16,25.02,17.01,59.14,21.18,1.52,272.93,0.57,,2024,IGKV,Quarterly,1,96
2024-05-01 13:45:00,11.21,13.15,25.0,16.92,59.14,21.18,1.33,270.35,0.57,,2024,IGKV,Quarterly,1,96
2024-05-01 14:00:00,11.2,13.17,25.0,20.34,59.14,21.18,1.34,274.83,0.57,,2024,IGKV,Quarterly,1,96
2024-05-01 14:15:00,11.22,13.13,25.0,21.19,60.77,20.25,1.3,266.95,0.58,,2024,IGKV,Quarterly,1,96
2024-05-01 14:30:00,11.27,13.09,25.02,21.02,61.21,20.25,1.17,264.0,0.57,,2024,IGKV,Quarterly,1,96
2024-05-01 14:45:00,11.32,13.08,25.05,19.78,61.21,20.25,1.06,264.88,0.58,,2024,IGKV,Quarterly,1,96
2024-05-01 15:00:00,11.35,13.13,25.1,17.48,61.21,20.25,1.24,257.35,0.57,,2024,IGKV,Quarterly,1,96
2024-05-01 15:15:00,11.39,13.11,25.13,15.81,54.33,17.58,1.56,261.24,0.58,,2024,IGKV,Quarterly,1,96
2024-05-01 15:30:00,11.41,13.13,25.15,15.06,52.49,17.58,1.38,267.22,0.58,,2024,IGKV,Quarterly,1,96
2024-05-01 15:45:00,11.43,13.12,25.17,14.19,52.49,17.58,1.48,268.17,0.57,,2024,IGKV,Quarterly,1,96
2024-05-01 16:00:00,11.46,13.31,25.29,14.89,52.49,17.58,1.25,267.68,0.56,,2024,IGKV,Quarterly,1,96
2024-05-01 16:15:00,11.45,13.35,25.3,16.02,63.35,17.13,1.31,266.61,0.54,,2024,IGKV,Quarterly,1,96
2024-05-01 16:30:00,11.4,13.19,25.17,14.52,66.26,17.13,1.52,275.05,0.55,,2024,IGKV,Quarterly,1,96
2024-05-01 16:45:00,11.41,13.13,25.15,12.11,66.26,17.13,1.41,289.69,0.53,,2024,IGKV,Quarterly,1,96
2024-05-01 17:00:00,11.41,13.1,25.14,12.43,66.26,17.13,1.77,299.0,0.53,,2024,IGKV,Quarterly,1,96
2024-05-01 17:15:00,11.41,13.15,25.16,12.24,61.28,19.65,1.88,300.26,0.52,,2024,IGKV,Quarterly,1,96
2024-05-01 17:30:00,11.39,13.12,25.13,11.47,59.95,19.65,1.96,297.54,0.51,,2024,IGKV,Quarterly,1,96
2024-05-01 17:45:00,11.39,13.14,25.14,11.09,59.95,19.65,1.79,292.73,0.51,,2024,IGKV,Quarterly,1,96
2024-05-01 18:00:00,11.39,13.13,25.14,12.47,59.95,19.65,1.53,302.0,0.52,,2024,IGKV,Quarterly,1,96
2024-05-01 18:15:00,11.42,13.11,25.16,14.92,59.65,15.06,1.52,298.87,0.51,,2024,IGKV,Quarterly,1,96
2024-05-01 18:30:00,11.45,13.11,25.18,15.56,59.57,15.06,1.45,300.42,0.51,,2024,IGKV,Quarterly,1,96
2024-05-01 18:45:00,11.41,13.1,25.14,14.45,59.57,15.06,1.19,296.15,0.51,,2024,IGKV,Quarterly,1,96
2024-05-01 19:00:00,11.4,13.1,25.13,13.4,59.57,15.06,1.35,298.65,0.52,,2024,IGKV,Quarterly,1,96
2024-05-01 19:15:00,11.43,13.08,25.14,14.74,56.41,15.42,1.32,299.25,0.53,,2024,IGKV,Quarterly,1,96
2024-05-01 19:30:00,11.32,13.1,25.07,15.14,55.57,15.42,1.53,301.28,0.53,,2024,IGKV,Quarterly,1,96
2024-05-01 19:45:00,11.26,13.14,25.04,16.05,55.57,15.42,0.72,281.44,0.54,,2024,IGKV,Quarterly,1,96
2024-05-01 20:00:00,11.22,13.16,25.01,14.32,55.57,15.42,1.05,282.78,0.56,,2024,IGKV,Quarterly,1,96
2024-05-01 20:15:00,11.22,13.2,25.04,13.84,57.55,16.43,0.87,283.28,0.58,,2024,IGKV,Quarterly,1,96
2024-05-01 20:30:00,11.24,13.27,25.09,13.55,58.09,16.43,0.81,284.64,0.6,,2024,IGKV,Quarterly,1,96
2024-05-01 20:45:00,11.22,13.13,25.0,13.61,58.09,16.43,0.84,295.37,0.62,,2024,IGKV,Quarterly,1,96
2024-05-01 21:00:00,11.22,13.13,25.0,14.24,58.09,16.43,0.89,304.6,0.65,,2024,IGKV,Quarterly,1,96
2024-05-01 21:15:00,11.21,13.15,25.01,13.48,60.71,18.26,0.89,296.01,0.65,,2024,IGKV,Quarterly,1,96
2024-05-01 21:30:00,11.19,13.18,25.0,14.21,61.41,18.26,0.84,296.99,0.67,,2024,IGKV,Quarterly,1,96
2024-05-01 21:45:00,11.19,13.18,25.0,13.63,61.41,18.26,0.7,289.2,0.67,,2024,IGKV,Quarterly,1,96
2024-05-01 22:00:00,11.21,13.16,25.01,13.52,61.41,18.26,0.66,292.54,0.68,,2024,IGKV,Quarterly,1,96
2024-05-01 22:15:00,11.22,13.13,25.0,14.51,64.07,17.07,0.67,293.84,0.68,,2024,IGKV,Quarterly,1,96
2024-05-01 22:30:00,11.24,13.17,25.03,15.56,64.78,17.07,0.78,290.57,0.68,,2024,IGKV,Quarterly,1,96
2024-05-01 22:45:00,11.28,13.38,25.18,16.67,64.78,17.07,0.57,300.21,0.68,,2024,IGKV,Quarterly,1,96
2024-05-01 23:00:00,11.24,13.27,25.09,16.86,64.78,17.07,0.49,276.08,0.68,,2024,IGKV,Quarterly,1,96
2024-05-01 23:15:00,11.2,13.17,25.0,17.47,66.68,19.63,0.54,250.76,0.66,,2024,IGKV,Quarterly,1,96
2024-05-01 23:30:00,11.2,13.23,25.04,25.4,67.19,19.63,0.32,225.58,0.63,,2024,IGKV,Quarterly,1,96
2024-05-01 23:45:00,11.25,13.19,25.06,24.26,67.19,19.63,0.33,298.17,0.65,,2024,IGKV,Quarterly,1,96
2024-05-02 00:00:00,11.32,13.18,25.11,22.14,67.19,19.63,0.48,288.68,0.68,,2024,IGKV,Quarterly,1,96
2024-06-01 00:15:00,7.33,6.02,14.03,27.25,72.57,19.6,0.13,166.27,0.78,4.98,2024,IGKV,Quarterly,0,0
2024-06-01 00:30:00,7.29,6.09,14.04,29.51,74.3,19.06,0.28,170.39,0.85,4.98,2024,IGKV,Quarterly,0,0
2024-06-01 00:45:00,7.28,6.09,14.03,24.01,74.68,19.06,0.21,172.49,0.81,4.96,2024,IGKV,Quarterly,0,0
2024-06-01 01:00:00,7.27,6.09,14.02,22.18,74.68,19.06,0.17,178.43,0.81,4.97,2024,IGKV,Quarterly,0,0
2024-06-01 01:15:00,7.28,6.06,14.01,20.48,74.68,19.06,0.25,102.3,0.82,4.98,2024,IGKV,Quarterly,0,0
2024-06-01 01:30:00,7.3,6.1,14.05,16.95,78.79,26.38,0.55,62.88,0.81,4.99,2024,IGKV,Quarterly,0,0
2024-06-01 01:45:00,7.3,6.14,14.07,28.61,79.68,26.38,0.56,30.19,0.74,4.99,2024,IGKV,Quarterly,0,0
2024-06-01 02:00:00,7.29,6.12,14.05,35.69,79.68,26.38,0.38,51.27,0.69,4.98,2024,IGKV,Quarterly,0,0
2024-06-01 02:15:00,7.29,6.08,14.03,30.63,79.68,26.38,0.35,50.0,0.7,4.98,2024,IGKV,Quarterly,0,0
2024-06-01 02:30:00,7.28,6.13,14.05,42.67,86.71,25.94,0.24,113.38,0.69,5.0,2024,IGKV,Quarterly,0,0
2024-06-01 02:45:00,7.28,6.1,14.03,43.6,88.23,25.94,0.33,172.21,0.69,5.0,2024,IGKV,Quarterly,0,0
2024-06-01 03:00:00,7.28,6.07,14.02,31.29,88.23,25.94,0.36,184.56,0.68,4.99,2024,IGKV,Quarterly,0,0
2024-06-01 03:15:00,7.28,6.08,14.02,32.22,88.23,25.94,0.13,175.16,0.66,4.98,2024,IGKV,Quarterly,0,0
2024-06-01 03:30:00,7.28,6.1,14.03,40.01,98.98,28.46,0.24,223.11,0.65,4.98,2024,IGKV,Quarterly,0,0
2024-06-01 03:45:00,7.29,6.1,14.04,25.02,101.31,28.46,0.09,243.44,0.7,4.98,2024,IGKV,Quarterly,0,0
2024-06-01 04:00:00,7.31,6.12,14.07,23.78,101.31,28.46,0.17,182.55,0.69,4.99,2024,IGKV,Quarterly,0,0
2024-06-01 04:15:00,7.34,6.12,14.09,23.4,101.31,28.46,0.15,200.53,0.69,4.99,2024,IGKV,Quarterly,0,0
2024-06-01 04:30:00,7.33,6.1,14.07,24.87,99.44,29.04,0.17,183.74,0.69,5.0,2024,IGKV,Quarterly,0,0
2024-06-01 04:45:00,7.33,6.07,14.06,17.67,99.03,29.04,0.21,203.38,0.69,4.98,2024,IGKV,Quarterly,0,0
2024-06-01 05:00:00,7.33,6.06,14.06,19.29,99.03,29.04,0.2,146.74,0.69,5.0,2024,IGKV,Quarterly,0,0
2024-06-01 05:15:00,7.35,6.05,14.07,20.25,99.03,29.04,0.11,205.38,0.69,4.99,2024,IGKV,Quarterly,0,0
2024-06-01 05:30:00,7.34,6.07,14.07,19.77,99.81,28.74,0.12,159.6,0.7,4.99,2024,IGKV,Quarterly,0,0
2024-06-01 05:45:00,7.32,6.09,14.06,19.58,99.98,28.74,0.09,209.37,0.72,4.99,2024,IGKV,Quarterly,0,0
2024-06-01 06:00:00,7.34,6.09,14.08,18.68,99.98,28.74,0.11,34.29,0.74,4.98,2024,IGKV,Quarterly,0,0
2024-06-01 06:15:00,7.35,6.14,14.11,21.51,99.98,28.74,0.59,38.9,0.82,4.99,2024,IGKV,Quarterly,0,0
2024-06-01 06:30:00,7.35,6.09,14.08,25.32,106.01,31.71,0.79,65.44,0.83,4.99,2024,IGKV,Quarterly,0,0
2024-06-01 06:45:00,7.35,6.11,14.09,29.21,107.31,31.71,0.56,45.55,0.85,4.99,2024,IGKV,Quarterly,0,0
2024-06-01 07:00:00,7.34,6.13,14.1,33.59,107.31,31.71,0.36,0.4,0.85,4.98,2024,IGKV,Quarterly,0,0
2024-06-01 07:15:00,7.33,6.06,14.06,33.74,107.31,31.71,0.3,16.06,0.89,4.99,2024,IGKV,Quarterly,0,0
2024-06-01 07:30:00,7.34,6.07,14.07,47.34,128.31,40.38,0.42,350.34,1.0,5.0,2024,IGKV,Quarterly,0,0
2024-06-01 07:45:00,7.35,6.11,14.09,34.25,132.92,40.38,0.87,317.7,0.98,5.02,2024,IGKV,Quarterly,0,0
2024-06-01 08:00:00,7.33,6.11,14.08,28.67,132.92,40.38,0.85,319.35,0.93,5.0,2024,IGKV,Quarterly,0,0
2024-06-01 08:15:00,7.33,6.08,14.06,35.2,132.92,40.38,0.69,316.22,0.93,4.99,2024,IGKV,Quarterly,0,0
2024-06-01 08:30:00,7.32,6.07,14.05,39.69,156.21,57.21,0.51,317.41,0.95,4.98,2024,IGKV,Quarterly,0,0
2024-06-01 08:45:00,7.31,6.1,14.06,61.71,161.25,57.21,0.79,340.18,0.99,4.98,2024,IGKV,Quarterly,0,0
2024-06-01 09:00:00,7.34,6.09,14.08,71.26,161.25,57.21,0.36,344.67,1.04,4.98,2024,IGKV,Quarterly,0,0
2024-06-01 09:15:00,7.37,6.1,14.11,76.51,161.25,57.21,0.56,309.76,1.03,4.98,2024,IGKV,Quarterly,0,0
2024-06-01 09:30:00,7.35,6.12,14.1,127.72,178.85,61.26,1.0,34.39,1.09,4.97,2024,IGKV,Quarterly,0,0
2024-06-01 09:45:00,7.33,6.1,14.07,54.44,182.66,61.26,1.26,314.95,0.93,4.98,2024,IGKV,Quarterly,0,0
2024-06-01 10:00:00,7.34,6.09,14.08,59.14,182.66,61.26,1.01,2.54,0.89,4.99,2024,IGKV,Quarterly,0,0
2024-06-01 10:15:00,7.34,6.08,14.07,42.33,182.66,61.26,1.47,25.74,0.88,4.97,2024,IGKV,Quarterly,0,0
2024-06-01 10:30:00,7.32,6.05,14.03,48.22,166.76,54.93,0.97,7.59,0.84,4.97,2024,IGKV,Quarterly,0,0
2024-06-01 10:45:00,7.31,6.09,14.06,38.56,163.54,54.93,1.13,346.18,0.88,4.95,2024,IGKV,Quarterly,0,0
2024-06-01 11:00:00,7.31,6.12,14.07,35.88,163.54,54.93,1.07,318.29,0.87,4.95,2024,IGKV,Quarterly,0,0
2024-06-01 11:15:00,7.34,6.1,14.08,28.87,163.54,54.93,1.53,310.97,0.88,4.94,2024,IGKV,Quarterly,0,0
2024-06-01 11:30:00,7.39,6.07,14.11,33.81,141.19,49.52,0.61,12.66,0.78,4.96,2024,IGKV,Quarterly,0,0
2024-06-01 11:45:00,7.37,6.05,14.08,27.76,136.35,49.52,0.62,315.61,0.83,4.96,2024,IGKV,Quarterly,0,0
2024-06-01 12:00:00,7.31,6.07,14.04,23.56,136.35,49.52,0.83,333.62,0.81,4.95,2024,IGKV,Quarterly,0,0
2024-06-01 12:15:00,7.29,6.08,14.03,23.07,136.35,49.52,0.0,0.75,0.77,4.96,2024,IGKV,Quarterly,0,0
2024-06-01 12:30:00,7.27,6.14,14.05,20.12,101.61,37.35,0.85,285.56,0.8,0.0,2024,IGKV,Quarterly,0,0
2024-06-01 12:45:00,7.3,6.12,14.06,19.85,101.61,42.02,0.68,12.01,0.8,4.95,2024,IGKV,Quarterly,0,0
2024-06-01 13:00:00,7.33,6.11,14.08,18.44,101.61,42.02,0.53,264.87,0.8,4.96,2024,IGKV,Quarterly,0,0
2024-06-01 13:15:00,7.35,6.15,14.11,16.67,101.61,42.02,0.89,28.93,0.82,4.98,2024,IGKV,Quarterly,0,0
2024-06-01 13:30:00,7.35,6.19,14.14,15.73,96.91,33.96,1.27,316.58,0.79,4.99,2024,IGKV,Quarterly,0,0
2024-06-01 13:45:00,7.37,6.09,14.1,15.3,95.9,33.96,1.35,306.18,0.75,5.01,2024,IGKV,Quarterly,0,0
2024-06-01 14:00:00,7.36,6.11,14.1,15.08,95.9,33.96,1.37,296.36,0.72,4.99,2024,IGKV,Quarterly,0,0
2024-06-01 14:15:00,7.34,6.08,14.07,14.56,95.9,33.96,1.1,290.63,0.67,4.98,2024,IGKV,Quarterly,0,0
2024-06-01 14:30:00,7.32,6.08,14.05,14.48,76.04,32.24,0.59,321.23,0.68,4.99,2024,IGKV,Quarterly,0,0
2024-06-01 14:45:00,7.31,6.1,14.05,14.09,71.74,32.24,1.78,306.43,0.66,4.98,2024,IGKV,Quarterly,0,0
2024-06-01 15:00:00,7.29,6.15,14.07,13.98,71.74,32.24,1.09,297.91,0.65,4.97,2024,IGKV,Quarterly,0,0
2024-06-01 15:15:00,7.3,6.14,14.07,14.04,71.74,32.24,1.06,297.0,0.63,4.97,2024,IGKV,Quarterly,0,0
2024-06-01 15:30:00,7.35,6.14,14.11,14.19,59.08,28.75,1.32,306.26,0.6,4.96,2024,IGKV,Quarterly,0,0
2024-06-01 15:45:00,7.37,6.11,14.11,13.98,56.34,28.75,1.47,304.05,0.57,4.97,2024,IGKV,Quarterly,0,0
2024-06-01 16:00:00,7.36,6.1,14.1,13.38,56.34,28.75,1.44,299.03,0.56,5.0,2024,IGKV,Quarterly,0,0
2024-06-01 16:15:00,7.36,6.07,14.09,13.55,56.34,28.75,1.48,298.4,0.55,4.99,2024,IGKV,Quarterly,0,0
2024-06-01 16:30:00,7.34,6.08,14.07,12.94,72.86,27.41,1.16,293.52,0.52,4.97,2024,IGKV,Quarterly,0,0
2024-06-01 16:45:00,7.33,6.08,14.06,12.93,76.44,27.41,1.08,288.34,0.51,4.96,2024,IGKV,Quarterly,0,0
2024-06-01 17:00:00,7.31,6.11,14.07,12.73,76.44,27.41,0.8,272.86,0.5,4.96,2024,IGKV,Quarterly,0,0
2024-06-01 17:15:00,7.34,6.1,14.08,12.58,76.44,27.41,1.51,309.91,0.5,4.97,2024,IGKV,Quarterly,0,0
2024-06-01 17:30:00,7.33,6.08,14.07,13.17,62.02,20.66,1.37,308.76,0.48,4.98,2024,IGKV,Quarterly,0,0
2024-06-01 17:45:00,7.37,6.09,14.1,12.04,58.9,20.66,1.22,291.19,0.46,4.99,2024,IGKV,Quarterly,0,0
2024-06-01 18:00:00,7.34,6.12,14.09,12.6,58.9,20.66,1.11,299.33,0.5,4.98,2024,IGKV,Quarterly,0,0
2024-06-01 18:15:00,7.29,6.19,14.09,8.92,58.9,20.66,1.19,297.34,0.51,4.97,2024,IGKV,Quarterly,0,0
2024-06-01 18:30:00,7.37,6.2,14.16,9.75,68.92,21.19,1.01,289.99,0.58,4.96,2024,IGKV,Quarterly,0,0
2024-06-01 18:45:00,7.42,6.1,14.15,9.44,71.09,21.19,0.72,272.28,0.61,4.97,2024,IGKV,Quarterly,0,0
2024-06-01 19:00:00,7.49,6.07,14.19,9.97,71.09,21.19,0.58,248.07,0.6,4.96,2024,IGKV,Quarterly,0,0
2024-06-01 19:15:00,7.4,6.12,14.14,12.01,71.09,21.19,0.42,243.32,0.63,4.98,2024,IGKV,Quarterly,0,0
2024-06-01 19:30:00,7.34,6.1,14.08,13.49,67.25,19.84,0.32,237.65,0.68,4.97,2024,IGKV,Quarterly,0,0
2024-06-01 19:45:00,7.34,6.08,14.07,10.62,66.42,19.84,0.42,248.48,0.65,4.99,2024,IGKV,Quarterly,0,0
2024-06-01 20:00:00,7.34,6.05,14.05,12.52,66.42,19.84,0.57,250.96,0.69,4.99,2024,IGKV,Quarterly,0,0
2024-06-01 20:15:00,7.32,6.13,14.09,12.76,66.42,19.84,0.49,249.89,0.73,4.99,2024,IGKV,Quarterly,0,0
2024-06-01 20:30:00,7.31,6.07,14.05,12.68,62.75,19.72,0.33,236.62,0.8,4.99,2024,IGKV,Quarterly,0,0
2024-06-01 20:45:00,7.32,6.13,14.08,12.3,61.96,19.72,0.26,160.46,0.8,4.99,2024,IGKV,Quarterly,0,0
2024-06-01 21:00:00,7.31,6.08,14.05,12.3,61.96,19.72,0.12,116.6,0.69,5.0,2024,IGKV,Quarterly,0,0
2024-06-01 21:15:00,7.31,6.07,14.04,10.22,61.96,19.72,0.73,83.39,0.65,5.0,2024,IGKV,Quarterly,0,0
2024-06-01 21:30:00,7.29,6.11,14.05,9.91,77.53,20.46,0.42,91.69,0.57,4.97,2024,IGKV,Quarterly,0,0
2024-06-01 21:45:00,7.32,6.11,14.07,9.76,80.89,20.46,0.27,137.51,0.58,4.97,2024,IGKV,Quarterly,0,0
2024-06-01 22:00:00,7.36,6.06,14.07,10.54,80.89,20.46,0.28,142.36,0.57,4.98,2024,IGKV,Quarterly,0,0
2024-06-01 22:15:00,7.34,6.08,14.08,9.57,80.89,20.46,0.42,144.47,0.59,4.98,2024,IGKV,Quarterly,0,0
2024-06-01 22:30:00,7.34,6.13,14.1,9.35,60.43,22.71,0.46,157.31,0.58,4.99,2024,IGKV,Quarterly,0,0
2024-06-01 22:45:00,7.37,6.09,14.1,8.92,56.0,22.71,0.2,175.16,0.5,4.99,2024,IGKV,Quarterly,0,0
2024-06-01 23:00:00,7.43,6.08,14.15,9.05,56.0,22.71,0.16,217.24,0.41,5.0,2024,IGKV,Quarterly,0,0
2024-06-01 23:15:00,7.45,6.12,14.18,9.71,56.0,22.71,0.14,233.22,0.38,5.01,2024,IGKV,Quarterly,0,0
2024-06-01 23:30:00,7.41,6.09,14.13,9.89,52.58,19.34,0.15,258.07,0.39,4.99,2024,IGKV,Quarterly,0,0
2024-06-01 23:45:00,7.37,6.08,14.09,10.32,51.84,19.34,0.14,104.61,0.38,5.0,2024,IGKV,Quarterly,0,0
2024-06-02 00:00:00,7.38,6.08,14.11,10.22,51.84,19.34,0.27,89.79,0.4,5.01,2024,IGKV,Quarterly,0,0
2024-07-01 00:15:00,9.21,4.15,14.01,7.07,8.26,4.61,0.1,259.9,0.33,4.62,2024,IGKV,Quarterly,0,0
2024-07-01 00:30:00,9.23,4.07,13.98,7.55,8.93,3.89,0.11,229.17,0.33,4.62,2024,IGKV,Quarterly,0,0
2024-07-01 00:45:00,9.24,4.06,13.98,7.95,9.94,3.24,0.12,236.75,0.33,4.62,2024,IGKV,Quarterly,0,0
2024-07-01 01:00:00,9.22,4.07,13.97,7.66,9.94,3.24,0.1,270.82,0.32,4.61,2024,IGKV,Quarterly,0,0
2024-07-01 01:15:00,9.23,4.08,13.98,7.85,9.94,3.24,0.15,231.87,0.32,4.62,2024,IGKV,Quarterly,0,0
2024-07-01 01:30:00,9.23,4.06,13.97,7.91,9.66,2.83,0.18,252.47,0.31,4.61,2024,IGKV,Quarterly,0,0
2024-07-01 01:45:00,9.23,4.06,13.97,8.34,9.25,2.47,0.37,251.43,0.31,4.6,2024,IGKV,Quarterly,0,0
2024-07-01 02:00:00,9.23,4.06,13.97,8.88,9.25,2.47,0.48,246.14,0.31,4.61,2024,IGKV,Quarterly,0,0
2024-07-01 02:15:00,9.25,4.07,14.0,6.4,9.25,2.47,0.57,248.68,0.3,4.64,2024,IGKV,Quarterly,0,0
2024-07-01 02:30:00,9.25,4.05,13.98,8.59,10.36,2.89,0.56,254.59,0.3,4.63,2024,IGKV,Quarterly,0,0
2024-07-01 02:45:00,9.24,4.05,13.98,8.4,12.04,3.28,0.74,260.75,0.31,4.63,2024,IGKV,Quarterly,0,0
2024-07-01 03:00:00,9.23,4.06,13.97,8.24,12.04,3.28,0.86,260.14,0.3,4.63,2024,IGKV,Quarterly,0,0
2024-07-01 03:15:00,9.24,4.07,13.99,8.95,12.04,3.28,0.8,253.7,0.29,4.64,2024,IGKV,Quarterly,0,0
2024-07-01 03:30:00,9.24,4.08,13.99,8.75,11.77,5.13,0.96,259.65,0.29,4.64,2024,IGKV,Quarterly,0,0
2024-07-01 03:45:00,9.23,4.09,13.99,8.77,11.36,6.76,1.05,266.46,0.28,4.63,2024,IGKV,Quarterly,0,0
2024-07-01 04:00:00,9.23,4.08,13.99,8.99,11.36,6.76,0.75,266.57,0.29,4.62,2024,IGKV,Quarterly,0,0
2024-07-01 04:15:00,9.26,4.08,14.01,8.98,11.36,6.76,0.8,265.0,0.27,4.62,2024,IGKV,Quarterly,0,0
2024-07-01 04:30:00,9.25,4.09,14.01,9.3,10.26,6.32,1.12,276.7,0.3,4.64,2024,IGKV,Quarterly,0,0
2024-07-01 04:45:00,9.24,4.07,13.99,9.52,8.62,5.07,0.94,269.23,0.36,4.64,2024,IGKV,Quarterly,0,0
2024-07-01 05:00:00,9.23,4.07,13.98,9.51,8.62,5.07,0.69,267.03,0.39,4.64,2024,IGKV,Quarterly,0,0
2024-07-01 05:15:00,9.22,4.04,13.96,8.96,8.62,5.07,0.56,267.12,0.39,4.64,2024,IGKV,Quarterly,0,0
2024-07-01 05:30:00,9.21,4.07,13.96,8.46,8.51,4.3,0.65,264.76,0.4,4.64,2024,IGKV,Quarterly,0,0
2024-07-01 05:45:00,9.21,4.12,13.98,8.94,8.35,3.6,0.55,268.32,0.36,4.64,2024,IGKV,Quarterly,0,0
2024-07-01 06:00:00,9.21,4.07,13.96,7.48,8.35,3.6,0.86,271.45,0.35,4.62,2024,IGKV,Quarterly,0,0
2024-07-01 06:15:00,9.19,4.06,13.94,7.03,8.35,3.6,0.73,267.41,0.36,4.62,2024,IGKV,Quarterly,0,0
2024-07-01 06:30:00,9.19,4.09,13.95,7.52,8.18,3.71,0.8,259.53,0.35,4.63,2024,IGKV,Quarterly,0,0
2024-07-01 06:45:00,9.22,4.03,13.95,7.15,7.93,3.8,0.81,260.39,0.35,4.64,2024,IGKV,Quarterly,0,0
2024-07-01 07:00:00,9.2,4.05,13.94,6.47,7.93,3.8,0.58,256.54,0.34,4.64,2024,IGKV,Quarterly,0,0
2024-07-01 07:15:00,9.19,4.05,13.94,6.64,7.93,3.8,0.61,258.14,0.34,4.64,2024,IGKV,Quarterly,0,0
2024-07-01 07:30:00,9.18,4.08,13.95,6.17,8.25,3.3,0.78,258.39,0.33,4.63,2024,IGKV,Quarterly,0,0
2024-07-01 07:45:00,9.19,4.05,13.93,6.08,8.72,2.87,0.71,256.24,0.33,4.63,2024,IGKV,Quarterly,0,0
2024-07-01 08:00:00,9.18,4.08,13.95,6.48,8.72,2.87,0.63,263.25,0.32,4.64,2024,IGKV,Quarterly,0,0
2024-07-01 08:15:00,9.18,4.06,13.94,6.14,8.72,2.87,0.73,260.98,0.32,4.63,2024,IGKV,Quarterly,0,0
2024-07-01 08:30:00,9.19,4.06,13.94,6.16,7.83,2.6,0.78,264.03,0.31,4.63,2024,IGKV,Quarterly,0,0
2024-07-01 08:45:00,9.19,4.06,13.94,6.18,6.49,2.36,0.87,265.17,0.31,4.66,2024,IGKV,Quarterly,0,0
2024-07-01 09:00:00,9.2,4.05,13.95,5.42,6.49,2.36,0.87,259.99,0.31,4.64,2024,IGKV,Quarterly,0,0
2024-07-01 09:15:00,9.19,4.06,13.94,6.03,6.49,2.36,0.8,257.83,0.3,4.63,2024,IGKV,Quarterly,0,0
2024-07-01 09:30:00,9.19,4.02,13.92,5.76,7.37,3.23,0.69,261.11,0.3,4.6,2024,IGKV,Quarterly,0,0
2024-07-01 09:45:00,9.19,4.03,13.93,6.08,8.68,4.01,0.71,264.63,0.3,4.61,2024,IGKV,Quarterly,0,0
2024-07-01 10:00:00,9.2,4.06,13.95,5.92,8.68,4.01,1.27,262.92,0.3,4.64,2024,IGKV,Quarterly,0,0
2024-07-01 10:15:00,9.21,4.04,13.94,6.79,8.68,4.01,1.09,270.48,0.3,4.63,2024,IGKV,Quarterly,0,0
2024-07-01 10:30:00,9.21,4.05,13.95,8.46,9.27,4.35,1.1,269.47,0.3,4.64,2024,IGKV,Quarterly,0,0
2024-07-01 10:45:00,9.19,4.06,13.94,8.7,10.15,5.3,1.06,271.69,0.29,4.62,2024,IGKV,Quarterly,0,0
2024-07-01 11:00:00,9.21,4.04,13.94,8.99,10.15,5.3,1.15,275.95,0.29,4.65,2024,IGKV,Quarterly,0,0
2024-07-01 11:15:00,9.21,4.05,13.95,9.22,10.15,5.3,1.03,273.98,0.29,4.65,2024,IGKV,Quarterly,0,0
2024-07-01 11:30:00,9.2,4.07,13.96,9.14,9.87,5.24,1.4,266.21,0.3,4.63,2024,IGKV,Quarterly,0,0
2024-07-01 11:45:00,9.22,4.07,13.97,9.41,9.45,5.18,0.92,267.43,0.28,4.64,2024,IGKV,Quarterly,0,0
2024-07-01 12:00:00,9.2,4.09,13.97,9.25,9.45,5.18,1.17,272.65,0.29,4.65,2024,IGKV,Quarterly,0,0
2024-07-01 12:15:00,9.22,4.06,13.97,9.57,9.45,5.18,1.1,266.74,0.28,4.65,2024,IGKV,Quarterly,0,0
2024-07-01 12:30:00,9.24,4.08,13.98,10.07,10.65,4.73,0.85,263.4,0.28,4.64,2024,IGKV,Quarterly,0,0
2024-07-01 12:45:00,9.24,4.05,13.97,9.51,12.44,4.33,0.81,263.98,0.27,4.64,2024,IGKV,Quarterly,0,0
2024-07-01 13:00:00,9.22,4.07,13.97,9.57,12.44,4.33,0.95,269.92,0.27,4.64,2024,IGKV,Quarterly,0,0
2024-07-01 13:15:00,9.24,4.08,13.99,9.91,12.44,4.33,1.24,271.35,0.27,4.64,2024,IGKV,Quarterly,0,0
2024-07-01 13:30:00,9.25,4.05,13.98,9.82,13.98,5.28,0.85,264.38,0.28,4.64,2024,IGKV,Quarterly,0,0
2024-07-01 13:45:00,9.25,4.09,14.0,10.05,16.29,6.12,0.76,251.41,0.26,4.65,2024,IGKV,Quarterly,0,0
2024-07-01 14:00:00,9.25,4.11,14.01,10.41,16.29,6.12,0.89,264.71,0.26,4.64,2024,IGKV,Quarterly,0,0
2024-07-01 14:15:00,9.26,4.07,14.0,10.26,16.29,6.12,0.92,261.5,0.27,4.64,2024,IGKV,Quarterly,0,0
2024-07-01 14:30:00,9.28,4.08,14.02,9.89,16.66,5.87,0.66,257.6,0.29,4.62,2024,IGKV,Quarterly,0,0
2024-07-01 14:45:00,9.24,4.08,13.99,9.05,17.2,5.64,1.11,259.69,0.28,4.63,2024,IGKV,Quarterly,0,0
2024-07-01 15:00:00,9.22,4.06,13.96,8.62,17.2,5.64,0.74,268.09,0.27,4.65,2024,IGKV,Quarterly,0,0
2024-07-01 15:15:00,9.2,4.08,13.96,7.96,17.2,5.64,0.79,258.54,0.27,4.65,2024,IGKV,Quarterly,0,0
2024-07-01 15:30:00,9.19,4.07,13.95,8.39,15.5,7.05,0.6,250.01,0.25,4.63,2024,IGKV,Quarterly,0,0
2024-07-01 15:45:00,9.21,4.07,13.97,7.93,12.94,8.3,0.65,256.01,0.25,4.64,2024,IGKV,Quarterly,0,0
2024-07-01 16:00:00,9.22,4.04,13.96,7.91,12.94,8.3,0.8,257.55,0.24,4.64,2024,IGKV,Quarterly,0,0
2024-07-01 16:15:00,9.21,4.08,13.97,7.84,12.94,8.3,0.72,263.68,0.25,4.64,2024,IGKV,Quarterly,0,0
2024-07-01 16:30:00,9.21,4.09,13.97,7.55,14.93,7.77,0.63,270.18,0.25,4.64,2024,IGKV,Quarterly,0,0
2024-07-01 16:45:00,9.21,4.11,13.98,7.72,17.9,6.28,0.76,265.22,0.25,4.66,2024,IGKV,Quarterly,0,0
2024-07-01 17:00:00,9.21,4.08,13.97,7.52,17.9,6.28,1.29,295.17,0.26,4.64,2024,IGKV,Quarterly,0,0
2024-07-01 17:15:00,9.22,4.06,13.96,7.94,17.9,6.28,0.56,315.58,0.32,4.63,2024,IGKV,Quarterly,0,0
2024-07-01 17:30:00,9.21,4.06,13.96,7.48,16.42,5.92,0.34,277.38,0.39,4.64,2024,IGKV,Quarterly,0,0
2024-07-01 17:45:00,9.21,4.08,13.97,7.96,14.2,5.6,0.19,223.8,0.34,4.64,2024,IGKV,Quarterly,0,0
2024-07-01 18:00:00,9.21,4.1,13.97,7.59,14.2,5.6,0.3,262.94,0.34,4.65,2024,IGKV,Quarterly,0,0
2024-07-01 18:15:00,9.22,4.08,13.97,7.51,14.2,5.6,0.4,254.74,0.34,4.62,2024,IGKV,Quarterly,0,0
2024-07-01 18:30:00,9.22,4.07,13.97,8.47,15.3,4.78,0.41,255.56,0.34,4.63,2024,IGKV,Quarterly,0,0
2024-07-01 18:45:00,9.2,4.06,13.95,9.08,16.94,4.03,0.31,242.74,0.32,4.62,2024,IGKV,Quarterly,0,0
2024-07-01 19:00:00,9.2,4.05,13.95,9.2,16.94,4.03,0.31,244.39,0.31,4.62,2024,IGKV,Quarterly,0,0
2024-07-01 19:15:00,9.21,4.05,13.95,9.24,16.94,4.03,0.28,247.09,0.31,4.63,2024,IGKV,Quarterly,0,0
2024-07-01 19:30:00,9.19,4.06,13.94,9.65,15.15,4.55,0.35,248.87,0.3,4.61,2024,IGKV,Quarterly,0,0
2024-07-01 19:45:00,9.19,4.1,13.96,9.59,12.47,5.0,0.26,243.92,0.3,4.62,2024,IGKV,Quarterly,0,0
2024-07-01 20:00:00,9.2,4.08,13.95,9.52,12.47,5.0,0.2,232.42,0.32,4.64,2024,IGKV,Quarterly,0,0
2024-07-01 20:15:00,9.2,4.09,13.96,10.01,12.47,5.0,0.24,243.49,0.31,4.63,2024,IGKV,Quarterly,0,0
2024-07-01 20:30:00,9.2,4.1,13.97,9.85,12.99,5.05,0.33,244.56,0.31,4.62,2024,IGKV,Quarterly,0,0
2024-07-01 20:45:00,9.19,4.11,13.97,9.89,13.78,5.1,0.24,243.95,0.31,4.63,2024,IGKV,Quarterly,0,0
2024-07-01 21:00:00,9.19,4.09,13.96,10.15,13.78,5.1,0.17,229.23,0.31,4.65,2024,IGKV,Quarterly,0,0
2024-07-01 21:15:00,9.16,4.08,13.92,11.01,13.78,5.1,0.22,250.52,0.31,4.65,2024,IGKV,Quarterly,0,0
2024-07-01 21:30:00,9.16,4.08,13.93,10.72,14.58,4.62,0.13,215.52,0.31,4.64,2024,IGKV,Quarterly,0,0
2024-07-01 21:45:00,9.19,4.04,13.93,11.07,15.77,4.19,0.15,233.62,0.31,4.63,2024,IGKV,Quarterly,0,0
2024-07-01 22:00:00,9.19,4.05,13.93,10.94,15.77,4.19,0.18,236.04,0.31,4.63,2024,IGKV,Quarterly,0,0
2024-07-01 22:15:00,9.18,4.05,13.93,11.04,15.77,4.19,0.23,230.7,0.31,4.65,2024,IGKV,Quarterly,0,0
2024-07-01 22:30:00,9.17,4.09,13.94,11.13,15.89,4.99,0.18,227.72,0.31,4.65,2024,IGKV,Quarterly,0,0
2024-07-01 22:45:00,9.17,4.08,13.93,11.37,16.06,7.23,0.26,249.08,0.31,4.64,2024,IGKV,Quarterly,0,0
2024-07-01 23:00:00,9.17,4.06,13.92,11.52,16.06,7.23,0.34,254.95,0.32,4.64,2024,IGKV,Quarterly,0,0
2024-07-01 23:15:00,9.16,4.09,13.94,11.57,16.06,7.23,0.39,257.36,0.31,4.63,2024,IGKV,Quarterly,0,0
2024-07-01 23:30:00,9.17,4.08,13.94,11.95,16.51,6.77,0.32,249.02,0.31,4.62,2024,IGKV,Quarterly,0,0
2024-07-01 23:45:00,9.18,4.06,13.93,11.68,17.19,6.36,0.32,246.38,0.33,4.64,2024,IGKV,Quarterly,0,0
2024-07-02 00:00:00,9.2,4.07,13.95,10.33,17.19,6.36,0.24,242.5,0.3,4.63,2024,IGKV,Quarterly,0,0
2024-08-01 00:15:00,9.23,4.13,14.0,11.77,19.79,10.31,0.56,279.68,0.4,4.67,2024,IGKV,Quarterly,0,0
2024-08-01 00:30:00,9.2,4.16,14.0,11.79,19.79,10.31,0.79,279.87,0.4,4.66,2024,IGKV,Quarterly,0,0
2024-08-01 00:45:00,9.21,4.14,14.0,11.2,21.48,10.37,0.72,280.75,0.39,4.68,2024,IGKV,Quarterly,0,0
2024-08-01 01:00:00,9.2,4.17,14.0,10.87,24.01,10.42,0.63,280.34,0.38,4.66,2024,IGKV,Quarterly,0,0
2024-08-01 01:15:00,9.2,4.15,14.0,11.42,24.01,10.42,0.8,279.45,0.38,4.66,2024,IGKV,Quarterly,0,0
2024-08-01 01:30:00,9.19,4.17,14.0,10.92,24.01,10.42,0.45,279.59,0.36,4.66,2024,IGKV,Quarterly,0,0
2024-08-01 01:45:00,9.19,4.17,14.0,10.86,22.39,10.25,0.29,267.75,0.37,4.66,2024,IGKV,Quarterly,0,0
2024-08-01 02:00:00,9.2,4.16,14.0,10.58,19.83,10.09,0.37,277.22,0.36,4.66,2024,IGKV,Quarterly,0,0
2024-08-01 02:15:00,9.18,4.19,14.0,9.13,19.83,10.09,0.44,276.88,0.35,4.67,2024,IGKV,Quarterly,0,0
2024-08-01 02:30:00,9.2,4.17,14.0,10.7,19.83,10.09,0.31,272.99,0.36,4.66,2024,IGKV,Quarterly,0,0
2024-08-01 02:45:00,9.21,4.14,14.0,10.2,17.56,9.45,0.24,270.73,0.34,4.68,2024,IGKV,Quarterly,0,0
2024-08-01 03:00:00,9.19,4.17,14.0,10.41,13.99,7.43,0.24,270.76,0.34,4.67,2024,IGKV,Quarterly,0,0
2024-08-01 03:15:00,9.17,4.2,14.0,10.25,13.99,7.43,0.14,258.02,0.33,4.66,2024,IGKV,Quarterly,0,0
2024-08-01 03:30:00,9.18,4.2,14.0,10.44,13.99,7.43,0.13,265.01,0.33,4.65,2024,IGKV,Quarterly,0,0
2024-08-01 03:45:00,9.18,4.19,14.0,10.31,12.97,6.66,0.24,270.05,0.32,4.67,2024,IGKV,Quarterly,0,0
2024-08-01 04:00:00,9.16,4.22,14.0,10.52,11.36,5.93,0.19,265.34,0.32,4.67,2024,IGKV,Quarterly,0,0
2024-08-01 04:15:00,9.15,4.24,14.0,10.48,11.36,5.93,0.26,269.23,0.28,4.66,2024,IGKV,Quarterly,0,0
2024-08-01 04:30:00,9.15,4.23,14.0,10.8,11.36,5.93,0.17,258.92,0.27,4.65,2024,IGKV,Quarterly,0,0
2024-08-01 04:45:00,9.14,4.26,14.0,11.12,10.38,5.43,0.19,264.54,0.26,4.65,2024,IGKV,Quarterly,0,0
2024-08-01 05:00:00,9.12,4.28,14.0,11.02,8.84,4.95,0.25,271.12,0.26,4.68,2024,IGKV,Quarterly,0,0
2024-08-01 05:15:00,9.13,4.27,14.0,11.62,8.84,4.95,0.32,271.25,0.26,4.68,2024,IGKV,Quarterly,0,0
2024-08-01 05:30:00,9.14,4.25,14.0,11.25,8.84,4.95,0.36,273.57,0.25,4.67,2024,IGKV,Quarterly,0,0
2024-08-01 05:45:00,9.14,4.25,14.0,11.37,9.66,4.63,0.31,264.04,0.26,4.65,2024,IGKV,Quarterly,0,0
2024-08-01 06:00:00,9.15,4.23,14.0,11.61,10.95,4.34,0.31,278.55,0.25,4.67,2024,IGKV,Quarterly,0,0
2024-08-01 06:15:00,9.18,4.19,14.0,11.95,10.95,4.34,0.48,275.05,0.25,4.67,2024,IGKV,Quarterly,0,0
2024-08-01 06:30:00,9.18,4.19,14.0,11.82,10.95,4.34,0.64,277.09,0.24,4.66,2024,IGKV,Quarterly,0,0
2024-08-01 06:45:00,9.18,4.19,14.0,12.02,9.84,3.85,0.56,276.7,0.25,4.66,2024,IGKV,Quarterly,0,0
2024-08-01 07:00:00,9.17,4.2,14.0,12.16,8.1,3.39,0.54,276.99,0.24,4.66,2024,IGKV,Quarterly,0,0
2024-08-01 07:15:00,9.18,4.19,14.0,12.59,8.1,3.39,0.65,278.08,0.25,4.66,2024,IGKV,Quarterly,0,0
2024-08-01 07:30:00,9.19,4.17,14.0,12.11,8.1,3.39,0.7,275.58,0.24,4.66,2024,IGKV,Quarterly,0,0
2024-08-01 07:45:00,9.2,4.16,14.0,12.68,12.29,3.35,0.81,278.91,0.25,4.67,2024,IGKV,Quarterly,0,0
2024-08-01 08:00:00,9.19,4.17,14.0,12.64,18.87,3.31,0.64,273.6,0.25,4.66,2024,IGKV,Quarterly,0,0
2024-08-01 08:15:00,9.19,4.17,14.0,12.48,18.87,3.31,0.92,279.42,0.25,4.65,2024,IGKV,Quarterly,0,0
2024-08-01 08:30:00,9.2,4.15,14.0,13.04,18.87,3.31,0.87,280.52,0.24,4.67,2024,IGKV,Quarterly,0,0
2024-08-01 08:45:00,9.2,4.15,14.0,12.42,19.95,3.23,0.88,280.56,0.24,4.66,2024,IGKV,Quarterly,0,0
2024-08-01 09:00:00,9.2,4.16,14.0,13.3,21.65,2.94,0.95,277.13,0.28,4.65,2024,IGKV,Quarterly,0,0
2024-08-01 09:15:00,9.18,4.19,14.0,13.06,21.65,2.94,0.98,280.14,0.29,4.66,2024,IGKV,Quarterly,0,0
2024-08-01 09:30:00,9.16,4.21,14.0,12.15,21.65,2.94,0.97,279.67,0.29,4.67,2024,IGKV,Quarterly,0,0
2024-08-01 09:45:00,9.16,4.23,14.0,11.88,19.37,3.92,0.83,284.4,0.28,4.67,2024,IGKV,Quarterly,0,0
2024-08-01 10:00:00,9.16,4.22,14.0,11.62,15.78,4.84,0.85,277.19,0.27,4.66,2024,IGKV,Quarterly,0,0
2024-08-01 10:15:00,9.16,4.22,14.0,8.0,15.78,4.84,0.93,278.11,0.27,4.65,2024,IGKV,Quarterly,0,0
2024-08-01 10:30:00,9.16,4.23,14.0,9.19,15.78,4.84,0.79,278.04,0.27,4.65,2024,IGKV,Quarterly,0,0
2024-08-01 10:45:00,9.17,4.2,14.0,9.21,15.43,7.29,0.87,280.25,0.27,4.67,2024,IGKV,Quarterly,0,0
2024-08-01 11:00:00,9.16,4.21,14.0,9.17,14.88,9.59,1.03,280.79,0.27,4.67,2024,IGKV,Quarterly,0,0
2024-08-01 11:15:00,9.15,4.23,14.0,9.03,14.88,9.59,0.86,281.44,0.27,4.67,2024,IGKV,Quarterly,0,0
2024-08-01 11:30:00,9.16,4.22,14.0,8.63,14.88,9.59,0.74,284.6,0.28,4.67,2024,IGKV,Quarterly,0,0
2024-08-01 11:45:00,9.18,4.19,14.0,8.73,14.69,8.68,0.95,278.35,0.28,4.68,2024,IGKV,Quarterly,0,0
2024-08-01 12:00:00,9.18,4.19,14.0,8.55,14.39,7.66,0.65,281.86,0.28,4.68,2024,IGKV,Quarterly,0,0
2024-08-01 12:15:00,9.19,4.18,14.0,8.39,14.39,7.66,0.88,280.49,0.28,4.67,2024,IGKV,Quarterly,0,0
2024-08-01 12:30:00,9.19,4.18,14.0,8.58,14.39,7.66,1.02,281.63,0.28,4.65,2024,IGKV,Quarterly,0,0
2024-08-01 12:45:00,9.22,4.13,14.0,8.19,13.98,6.89,0.96,283.53,0.28,4.66,2024,IGKV,Quarterly,0,0
2024-08-01 13:00:00,9.22,4.13,14.0,8.55,13.33,6.16,1.13,281.15,0.29,4.65,2024,IGKV,Quarterly,0,0
2024-08-01 13:15:00,9.22,4.13,14.0,8.92,13.33,6.16,1.12,281.02,0.29,4.67,2024,IGKV,Quarterly,0,0
2024-08-01 13:30:00,9.22,4.12,14.0,8.64,13.33,6.16,0.87,282.62,0.3,4.66,2024,IGKV,Quarterly,0,0
2024-08-01 13:45:00,9.22,4.13,14.0,8.46,16.06,5.55,0.99,280.77,0.26,4.65,2024,IGKV,Quarterly,0,0
2024-08-01 14:00:00,9.22,4.13,14.0,8.65,20.34,4.98,0.78,279.08,0.26,4.67,2024,IGKV,Quarterly,0,0
2024-08-01 14:15:00,9.23,4.11,14.0,8.8,20.34,4.98,0.8,282.88,0.32,4.66,2024,IGKV,Quarterly,0,0
2024-08-01 14:30:00,9.23,4.12,14.0,9.07,20.34,4.98,0.91,282.04,0.33,4.67,2024,IGKV,Quarterly,0,0
2024-08-01 14:45:00,9.23,4.11,14.0,9.12,21.57,6.3,0.91,285.19,0.34,4.66,2024,IGKV,Quarterly,0,0
2024-08-01 15:00:00,9.23,4.12,14.0,8.81,23.41,10.51,0.81,280.7,0.35,4.66,2024,IGKV,Quarterly,0,0
2024-08-01 15:15:00,9.24,4.1,14.0,9.27,23.41,10.51,0.79,282.01,0.37,4.65,2024,IGKV,Quarterly,0,0
2024-08-01 15:30:00,9.24,4.1,14.0,9.11,23.41,10.51,0.86,281.25,0.38,4.66,2024,IGKV,Quarterly,0,0
2024-08-01 15:45:00,9.25,4.09,14.0,9.17,22.27,11.08,0.93,282.96,0.39,4.67,2024,IGKV,Quarterly,0,0
2024-08-01 16:00:00,9.25,4.09,14.0,9.94,20.55,11.63,0.84,279.22,0.39,4.65,2024,IGKV,Quarterly,0,0
2024-08-01 16:15:00,9.24,4.1,14.0,9.64,20.55,11.63,0.86,282.31,0.39,4.66,2024,IGKV,Quarterly,0,0
2024-08-01 16:30:00,9.24,4.1,14.0,10.35,20.55,11.63,0.87,275.45,0.38,4.65,2024,IGKV,Quarterly,0,0
2024-08-01 16:45:00,9.23,4.11,14.0,10.48,20.07,12.43,0.91,282.47,0.39,4.65,2024,IGKV,Quarterly,0,0
2024-08-01 17:00:00,9.24,4.1,14.0,10.19,19.34,13.17,0.82,281.3,0.37,4.66,2024,IGKV,Quarterly,0,0
2024-08-01 17:15:00,9.24,4.1,14.0,10.0,19.34,13.17,0.73,282.67,0.37,4.65,2024,IGKV,Quarterly,0,0
2024-08-01 17:30:00,9.21,4.14,14.0,10.25,19.34,13.17,0.64,282.12,0.36,4.65,2024,IGKV,Quarterly,0,0
2024-08-01 17:45:00,9.22,4.12,14.0,10.92,20.94,12.15,0.61,278.18,0.36,4.65,2024,IGKV,Quarterly,0,0
2024-08-01 18:00:00,9.23,4.11,14.0,10.95,23.34,11.22,0.59,277.08,0.37,4.65,2024,IGKV,Quarterly,0,0
2024-08-01 18:15:00,9.23,4.12,14.0,9.27,23.34,11.22,0.6,275.82,0.36,4.66,2024,IGKV,Quarterly,0,0
2024-08-01 18:30:00,9.22,4.13,14.0,10.71,23.34,11.22,0.45,275.71,0.39,4.66,2024,IGKV,Quarterly,0,0
2024-08-01 18:45:00,9.23,4.11,14.0,11.02,21.4,13.47,0.54,279.17,0.42,4.66,2024,IGKV,Quarterly,0,0
2024-08-01 19:00:00,9.23,4.11,14.0,10.87,18.35,15.52,0.58,278.23,0.41,4.65,2024,IGKV,Quarterly,0,0
2024-08-01 19:15:00,9.2,4.16,14.0,10.55,18.35,15.52,0.34,272.13,0.41,4.65,2024,IGKV,Quarterly,0,0
2024-08-01 19:30:00,9.2,4.16,14.0,10.15,18.35,15.52,0.27,268.81,0.42,4.66,2024,IGKV,Quarterly,0,0
2024-08-01 19:45:00,9.19,4.17,14.0,9.75,18.76,14.58,0.34,272.51,0.41,4.66,2024,IGKV,Quarterly,0,0
2024-08-01 20:00:00,9.19,4.18,14.0,9.66,19.38,13.72,0.42,274.26,0.41,4.66,2024,IGKV,Quarterly,0,0
2024-08-01 20:15:00,9.18,4.19,14.0,9.35,19.38,13.72,0.41,280.3,0.41,4.65,2024,IGKV,Quarterly,0,0
2024-08-01 20:30:00,9.15,4.23,14.0,9.29,19.38,13.72,0.23,271.72,0.41,4.66,2024,IGKV,Quarterly,0,0
2024-08-01 20:45:00,9.14,4.25,14.0,9.34,24.94,14.29,0.37,274.88,0.41,4.67,2024,IGKV,Quarterly,0,0
2024-08-01 21:00:00,9.13,4.26,14.0,9.51,33.67,15.91,0.48,279.57,0.4,4.68,2024,IGKV,Quarterly,0,0
2024-08-01 21:15:00,9.13,4.27,14.0,9.15,33.67,15.91,0.58,276.03,0.4,4.67,2024,IGKV,Quarterly,0,0
2024-08-01 21:30:00,9.12,4.28,14.0,9.3,33.67,15.91,0.57,279.7,0.4,4.66,2024,IGKV,Quarterly,0,0
2024-08-01 21:45:00,9.13,4.26,14.0,8.59,30.11,13.77,0.45,274.58,0.4,4.66,2024,IGKV,Quarterly,0,0
2024-08-01 22:00:00,9.14,4.26,14.0,8.8,24.76,11.77,0.58,278.43,0.4,4.66,2024,IGKV,Quarterly,0,0
2024-08-01 22:15:00,9.15,4.23,14.0,8.51,24.76,11.77,0.57,277.69,0.39,4.66,2024,IGKV,Quarterly,0,0
2024-08-01 22:30:00,9.14,4.25,14.0,8.69,24.76,11.77,0.52,275.1,0.4,4.67,2024,IGKV,Quarterly,0,0
2024-08-01 22:45:00,9.12,4.28,14.0,9.11,24.39,14.4,0.35,276.82,0.4,4.67,2024,IGKV,Quarterly,0,0
2024-08-01 23:00:00,9.12,4.28,14.0,8.97,23.83,16.73,0.26,271.19,0.38,4.65,2024,IGKV,Quarterly,0,0
2024-08-01 23:15:00,9.13,4.26,14.0,8.41,23.83,16.73,0.3,270.17,0.34,4.66,2024,IGKV,Quarterly,0,0
2024-08-01 23:30:00,9.18,4.19,14.0,9.09,23.83,16.73,0.33,268.65,0.33,4.67,2024,IGKV,Quarterly,0,0
2024-08-01 23:45:00,9.21,4.14,14.0,9.33,24.75,14.47,0.32,274.88,0.33,4.66,2024,IGKV,Quarterly,0,0
2024-08-02 00:00:00,9.23,4.11,14.0,9.43,26.12,12.47,0.25,275.68,0.32,4.67,2024,IGKV,Quarterly,0,0
2024-09-01 00:15:00,9.13,4.27,14.0,9.51,57.3,10.2,1.13,56.5,0.3,5.03,2024,IGKV,Quarterly,0,0
2024-09-01 00:30:00,9.15,4.24,14.0,9.51,57.3,10.2,1.06,57.07,0.3,5.03,2024,IGKV,Quarterly,0,0
2024-09-01 00:45:00,9.14,4.25,14.0,9.73,56.38,11.27,1.02,55.21,0.31,5.03,2024,IGKV,Quarterly,0,0
2024-09-01 01:00:00,9.13,4.27,14.0,10.36,53.17,13.93,0.8,59.79,0.34,5.03,2024,IGKV,Quarterly,0,0
2024-09-01 01:15:00,9.08,4.34,14.0,10.43,53.17,13.93,0.95,61.21,0.37,5.03,2024,IGKV,Quarterly,0,0
2024-09-01 01:30:00,9.05,4.39,14.0,10.58,53.17,13.93,1.01,58.87,0.38,5.03,2024,IGKV,Quarterly,0,0
2024-09-01 01:45:00,9.05,4.39,14.0,10.57,51.91,14.42,0.74,62.84,0.38,5.02,2024,IGKV,Quarterly,0,0
2024-09-01 02:00:00,9.05,4.39,14.0,10.35,47.51,15.62,0.65,61.58,0.37,5.02,2024,IGKV,Quarterly,0,0
2024-09-01 02:15:00,9.05,4.39,14.0,8.68,47.51,15.62,0.4,72.88,0.37,5.03,2024,IGKV,Quarterly,0,0
2024-09-01 02:30:00,9.05,4.38,14.0,9.91,47.51,15.62,0.58,69.33,0.36,5.03,2024,IGKV,Quarterly,0,0
2024-09-01 02:45:00,9.04,4.4,14.0,10.18,46.8,14.87,0.47,66.91,0.36,5.04,2024,IGKV,Quarterly,0,0
2024-09-01 03:00:00,9.03,4.42,14.0,10.09,44.31,11.31,0.59,62.89,0.35,5.04,2024,IGKV,Quarterly,0,0
2024-09-01 03:15:00,9.05,4.38,14.0,10.16,44.31,11.31,0.71,54.48,0.34,5.04,2024,IGKV,Quarterly,0,0
2024-09-01 03:30:00,9.05,4.39,14.0,10.41,44.31,11.31,0.72,58.17,0.34,5.04,2024,IGKV,Quarterly,0,0
2024-09-01 03:45:00,9.05,4.39,14.0,10.33,42.66,10.99,0.56,62.65,0.33,5.04,2024,IGKV,Quarterly,0,0
2024-09-01 04:00:00,9.06,4.38,14.0,10.63,36.91,10.19,0.56,67.56,0.34,5.04,2024,IGKV,Quarterly,0,0
2024-09-01 04:15:00,9.04,4.4,14.0,11.0,36.91,10.19,0.48,67.19,0.33,5.02,2024,IGKV,Quarterly,0,0
2024-09-01 04:30:00,9.05,4.39,14.0,10.88,36.91,10.19,0.48,71.27,0.31,5.04,2024,IGKV,Quarterly,0,0
2024-09-01 04:45:00,9.05,4.4,14.0,10.65,35.81,9.37,0.94,53.48,0.31,5.03,2024,IGKV,Quarterly,0,0
2024-09-01 05:00:00,9.02,4.43,14.0,10.69,31.96,7.33,1.04,56.73,0.31,5.05,2024,IGKV,Quarterly,0,0
2024-09-01 05:15:00,9.03,4.41,14.0,10.84,31.96,7.33,0.84,56.69,0.31,5.04,2024,IGKV,Quarterly,0,0
2024-09-01 05:30:00,9.04,4.41,14.0,11.22,31.96,7.33,0.98,57.64,0.31,5.04,2024,IGKV,Quarterly,0,0
2024-09-01 05:45:00,9.05,4.39,14.0,10.72,31.47,6.72,0.81,54.05,0.31,5.04,2024,IGKV,Quarterly,0,0
2024-09-01 06:00:00,9.04,4.4,14.0,11.27,29.77,5.22,0.99,56.04,0.31,5.03,2024,IGKV,Quarterly,0,0
2024-09-01 06:15:00,9.08,4.34,14.0,11.04,29.77,5.22,0.85,56.07,0.3,5.04,2024,IGKV,Quarterly,0,0
2024-09-01 06:30:00,9.08,4.34,14.0,11.37,29.77,5.22,1.14,53.67,0.29,5.05,2024,IGKV,Quarterly,0,0
2024-09-01 06:45:00,9.08,4.34,14.0,10.4,28.45,5.44,0.77,60.86,0.28,5.05,2024,IGKV,Quarterly,0,0
2024-09-01 07:00:00,9.07,4.36,14.0,10.35,23.84,6.0,0.71,60.31,0.27,5.04,2024,IGKV,Quarterly,0,0
2024-09-01 07:15:00,9.07,4.36,14.0,9.82,23.84,6.0,0.69,67.62,0.27,5.05,2024,IGKV,Quarterly,0,0
2024-09-01 07:30:00,9.07,4.36,14.0,9.48,23.84,6.0,0.91,59.42,0.27,5.05,2024,IGKV,Quarterly,0,0
2024-09-01 07:45:00,9.07,4.36,14.0,9.39,25.21,6.3,0.7,58.53,0.27,5.05,2024,IGKV,Quarterly,0,0
2024-09-01 08:00:00,9.05,4.38,14.0,9.23,30.01,7.04,0.74,64.15,0.27,5.04,2024,IGKV,Quarterly,0,0
2024-09-01 08:15:00,9.05,4.39,14.0,8.43,30.01,7.04,0.72,64.19,0.26,5.05,2024,IGKV,Quarterly,0,0
2024-09-01 08:30:00,9.05,4.39,14.0,8.38,30.01,7.04,0.59,66.86,0.27,5.05,2024,IGKV,Quarterly,0,0
2024-09-01 08:45:00,9.05,4.39,14.0,8.22,30.75,6.7,0.36,100.68,0.27,5.04,2024,IGKV,Quarterly,0,0
2024-09-01 09:00:00,9.06,4.38,14.0,8.06,33.34,5.09,0.74,63.62,0.26,5.06,2024,IGKV,Quarterly,0,0
2024-09-01 09:15:00,9.07,4.35,14.0,7.9,33.34,5.09,0.56,76.39,0.26,5.05,2024,IGKV,Quarterly,0,0
2024-09-01 09:30:00,9.07,4.36,14.0,8.23,33.34,5.09,0.73,67.02,0.27,5.04,2024,IGKV,Quarterly,0,0
2024-09-01 09:45:00,9.06,4.38,14.0,7.64,32.62,5.06,1.01,57.91,0.27,5.06,2024,IGKV,Quarterly,0,0
2024-09-01 10:00:00,9.05,4.39,14.0,7.42,30.09,4.98,0.43,96.39,0.27,5.05,2024,IGKV,Quarterly,0,0
2024-09-01 10:15:00,9.07,4.36,14.0,9.4,30.09,4.98,0.28,122.01,0.27,5.04,2024,IGKV,Quarterly,0,0
2024-09-01 10:30:00,9.08,4.34,14.0,10.92,30.09,4.98,0.3,90.74,0.29,5.03,2024,IGKV,Quarterly,0,0
2024-09-01 10:45:00,9.07,4.35,14.0,10.63,30.08,5.3,0.35,106.97,0.31,5.03,2024,IGKV,Quarterly,0,0
2024-09-01 11:00:00,9.06,4.38,14.0,11.12,30.05,6.09,0.38,92.37,0.31,5.03,2024,IGKV,Quarterly,0,0
2024-09-01 11:15:00,9.06,4.37,14.0,11.03,30.05,6.09,0.41,84.93,0.31,5.04,2024,IGKV,Quarterly,0,0
2024-09-01 11:30:00,9.05,4.38,14.0,11.06,30.05,6.09,0.39,121.84,0.3,5.03,2024,IGKV,Quarterly,0,0
2024-09-01 11:45:00,9.05,4.39,14.0,11.47,30.56,6.64,0.37,97.48,0.3,5.05,2024,IGKV,Quarterly,0,0
2024-09-01 12:00:00,9.05,4.39,14.0,11.28,32.35,7.98,0.25,116.46,0.3,5.05,2024,IGKV,Quarterly,0,0
2024-09-01 12:15:00,9.05,4.39,14.0,11.42,32.35,7.98,0.76,62.54,0.29,5.03,2024,IGKV,Quarterly,0,0
2024-09-01 12:30:00,9.06,4.37,14.0,11.52,32.35,7.98,0.8,67.96,0.3,5.04,2024,IGKV,Quarterly,0,0
2024-09-01 12:45:00,9.07,4.35,14.0,11.72,32.02,8.67,0.68,66.43,0.3,5.05,2024,IGKV,Quarterly,0,0
2024-09-01 13:00:00,9.06,4.37,14.0,12.01,30.85,10.36,0.62,67.46,0.29,5.04,2024,IGKV,Quarterly,0,0
2024-09-01 13:15:00,9.06,4.37,14.0,11.53,30.85,10.36,0.63,69.57,0.29,5.04,2024,IGKV,Quarterly,0,0
2024-09-01 13:30:00,9.04,4.4,14.0,11.79,30.85,10.36,0.8,64.13,0.28,5.05,2024,IGKV,Quarterly,0,0
2024-09-01 13:45:00,9.04,4.4,14.0,11.77,31.01,9.75,0.78,63.61,0.28,5.04,2024,IGKV,Quarterly,0,0
2024-09-01 14:00:00,9.05,4.39,14.0,11.74,31.56,7.62,0.53,74.13,0.28,5.04,2024,IGKV,Quarterly,0,0
2024-09-01 14:15:00,9.05,4.39,14.0,12.04,31.56,7.62,1.43,50.91,0.32,5.03,2024,IGKV,Quarterly,0,0
2024-09-01 14:30:00,9.06,4.38,14.0,12.22,31.56,7.62,0.72,65.02,0.37,5.03,2024,IGKV,Quarterly,0,0
2024-09-01 14:45:00,9.05,4.39,14.0,12.0,31.32,7.37,0.66,72.74,0.35,5.02,2024,IGKV,Quarterly,0,0
2024-09-01 15:00:00,9.04,4.41,14.0,12.07,30.48,6.04,0.88,59.89,0.37,5.03,2024,IGKV,Quarterly,0,0
2024-09-01 15:15:00,9.04,4.41,14.0,12.39,30.48,6.04,1.14,54.91,0.35,5.02,2024,IGKV,Quarterly,0,0
2024-09-01 15:30:00,9.05,4.38,14.0,12.66,30.48,6.04,0.95,55.23,0.35,5.03,2024,IGKV,Quarterly,0,0
2024-09-01 15:45:00,9.13,4.27,14.0,11.98,31.46,7.34,0.6,68.38,0.35,5.03,2024,IGKV,Quarterly,0,0
2024-09-01 16:00:00,9.17,4.21,14.0,11.86,34.9,10.58,0.9,57.34,0.36,5.02,2024,IGKV,Quarterly,0,0
2024-09-01 16:15:00,9.13,4.26,14.0,12.37,34.9,10.58,1.06,55.12,0.36,5.04,2024,IGKV,Quarterly,0,0
2024-09-01 16:30:00,9.14,4.25,14.0,11.65,34.9,10.58,1.04,55.89,0.35,5.03,2024,IGKV,Quarterly,0,0
2024-09-01 16:45:00,9.14,4.25,14.0,11.62,35.79,10.08,0.61,62.4,0.36,5.02,2024,IGKV,Quarterly,0,0
2024-09-01 17:00:00,9.15,4.24,14.0,11.35,38.88,8.92,0.77,61.13,0.36,5.03,2024,IGKV,Quarterly,0,0
2024-09-01 17:15:00,9.12,4.28,14.0,11.8,38.88,8.92,0.83,64.91,0.35,5.02,2024,IGKV,Quarterly,0,0
2024-09-01 17:30:00,9.12,4.28,14.0,11.4,38.88,8.92,0.52,73.5,0.35,5.02,2024,IGKV,Quarterly,0,0
2024-09-01 17:45:00,9.12,4.28,14.0,10.9,38.42,8.64,0.68,63.77,0.36,5.04,2024,IGKV,Quarterly,0,0
2024-09-01 18:00:00,9.11,4.29,14.0,11.09,36.81,7.94,0.55,65.92,0.36,5.03,2024,IGKV,Quarterly,0,0
2024-09-01 18:15:00,9.11,4.29,14.0,7.14,36.81,7.94,0.67,60.69,0.37,5.04,2024,IGKV,Quarterly,0,0
2024-09-01 18:30:00,9.09,4.33,14.0,7.62,36.81,7.94,0.86,61.15,0.39,5.05,2024,IGKV,Quarterly,0,0
2024-09-01 18:45:00,9.08,4.34,14.0,7.67,37.05,7.58,0.58,59.16,0.43,5.03,2024,IGKV,Quarterly,0,0
2024-09-01 19:00:00,9.07,4.36,14.0,8.27,37.88,6.73,0.71,57.55,0.41,5.04,2024,IGKV,Quarterly,0,0
2024-09-01 19:15:00,9.08,4.35,14.0,8.28,37.88,6.73,0.39,75.0,0.36,5.03,2024,IGKV,Quarterly,0,0
2024-09-01 19:30:00,9.1,4.31,14.0,8.22,37.88,6.73,0.45,62.86,0.37,5.05,2024,IGKV,Quarterly,0,0
2024-09-01 19:45:00,9.09,4.32,14.0,8.06,39.88,7.42,0.58,61.71,0.38,5.05,2024,IGKV,Quarterly,0,0
2024-09-01 20:00:00,9.1,4.31,14.0,8.43,46.84,9.1,0.68,59.07,0.38,5.03,2024,IGKV,Quarterly,0,0
2024-09-01 20:15:00,9.1,4.31,14.0,8.54,46.84,9.1,0.79,58.53,0.4,5.03,2024,IGKV,Quarterly,0,0
2024-09-01 20:30:00,9.1,4.31,14.0,8.7,46.84,9.1,0.59,65.05,0.4,5.05,2024,IGKV,Quarterly,0,0
2024-09-01 20:45:00,9.11,4.3,14.0,8.54,44.54,8.94,0.45,73.16,0.39,5.04,2024,IGKV,Quarterly,0,0
2024-09-01 21:00:00,9.1,4.31,14.0,9.28,36.48,8.14,0.55,60.54,0.39,5.04,2024,IGKV,Quarterly,0,0
2024-09-01 21:15:00,9.09,4.33,14.0,9.11,36.48,8.14,0.28,88.37,0.39,5.03,2024,IGKV,Quarterly,0,0
2024-09-01 21:30:00,9.09,4.33,14.0,9.25,36.48,8.14,0.29,83.1,0.4,5.02,2024,IGKV,Quarterly,0,0
2024-09-01 21:45:00,9.08,4.35,14.0,9.25,36.98,7.58,0.54,64.12,0.39,5.03,2024,IGKV,Quarterly,0,0
2024-09-01 22:00:00,9.07,4.36,14.0,9.84,38.73,6.19,0.39,70.62,0.39,5.03,2024,IGKV,Quarterly,0,0
2024-09-01 22:15:00,9.07,4.36,14.0,9.71,38.73,6.19,0.27,73.29,0.39,5.03,2024,IGKV,Quarterly,0,0
2024-09-01 22:30:00,9.07,4.36,14.0,9.81,38.73,6.19,0.3,70.98,0.39,5.01,2024,IGKV,Quarterly,0,0
2024-09-01 22:45:00,9.07,4.36,14.0,10.17,36.2,5.76,0.38,71.06,0.38,5.04,2024,IGKV,Quarterly,0,0
2024-09-01 23:00:00,9.08,4.35,14.0,10.24,27.36,4.7,0.2,85.59,0.38,5.04,2024,IGKV,Quarterly,0,0
2024-09-01 23:15:00,9.07,4.35,14.0,9.84,27.36,4.7,0.15,133.48,0.38,5.05,2024,IGKV,Quarterly,0,0
2024-09-01 23:30:00,9.06,4.37,14.0,10.23,27.36,4.7,0.25,93.4,0.38,5.03,2024,IGKV,Quarterly,0,0
2024-09-01 23:45:00,9.06,4.38,14.0,11.06,27.3,4.46,0.2,143.36,0.38,5.03,2024,IGKV,Quarterly,0,0
2024-09-02 00:00:00,9.07,4.36,14.0,10.52,27.09,3.86,0.23,92.96,0.38,5.04,2024,IGKV,Quarterly,0,0
2024-10-01 00:15:00,9.29,4.22,14.0,9.34,39.6,17.61,0.19,246.23,0.41,4.66,2024,IGKV,Quarterly,0,0
2024-10-01 00:30:00,9.26,4.25,14.0,9.61,39.6,17.61,0.28,253.06,0.41,4.67,2024,IGKV,Quarterly,0,0
2024-10-01 00:45:00,9.22,4.03,14.0,10.23,39.6,17.61,0.18,247.86,0.41,4.68,2024,IGKV,Quarterly,0,0
2024-10-01 01:00:00,9.24,4.08,14.01,10.4,39.38,17.61,0.22,262.0,0.41,4.67,2024,IGKV,Quarterly,0,0
2024-10-01 01:15:00,9.24,4.12,14.0,10.54,35.65,17.48,0.26,255.19,0.4,4.66,2024,IGKV,Quarterly,0,0
2024-10-01 01:30:00,9.23,4.1,14.0,10.59,35.65,17.48,0.18,239.75,0.4,4.66,2024,IGKV,Quarterly,0,0
2024-10-01 01:45:00,9.24,4.1,14.0,10.47,35.65,17.48,0.24,257.9,0.39,4.66,2024,IGKV,Quarterly,0,0
2024-10-01 02:00:00,9.23,4.11,14.0,10.46,35.34,17.46,0.14,239.95,0.39,4.68,2024,IGKV,Quarterly,0,0
2024-10-01 02:15:00,9.25,4.1,14.0,10.53,28.69,17.16,0.23,257.2,0.39,4.68,2024,IGKV,Quarterly,0,0
2024-10-01 02:30:00,9.25,4.11,14.0,11.03,28.69,17.16,0.27,256.86,0.38,4.68,2024,IGKV,Quarterly,0,0
2024-10-01 02:45:00,9.26,4.07,14.0,10.22,28.69,17.16,0.24,257.16,0.38,4.68,2024,IGKV,Quarterly,0,0
2024-10-01 03:00:00,9.23,4.09,14.0,11.44,28.58,16.93,0.23,255.94,0.38,4.67,2024,IGKV,Quarterly,0,0
2024-10-01 03:15:00,9.23,4.07,14.0,12.14,26.05,12.12,0.24,261.08,0.37,4.67,2024,IGKV,Quarterly,0,0
2024-10-01 03:30:00,9.23,4.11,14.0,11.85,26.05,12.12,0.23,261.27,0.36,4.67,2024,IGKV,Quarterly,0,0
2024-10-01 03:45:00,9.25,4.11,14.0,12.06,26.05,12.12,0.13,244.77,0.36,4.67,2024,IGKV,Quarterly,0,0
2024-10-01 04:00:00,9.31,4.11,14.0,12.68,25.83,12.26,0.11,217.01,0.37,4.66,2024,IGKV,Quarterly,0,0
2024-10-01 04:15:00,9.33,4.09,14.01,12.22,21.12,15.22,0.31,259.58,0.37,4.65,2024,IGKV,Quarterly,0,0
2024-10-01 04:30:00,9.32,4.12,14.07,11.96,21.12,15.22,0.28,265.53,0.38,4.66,2024,IGKV,Quarterly,0,0
2024-10-01 04:45:00,9.31,4.09,14.07,11.18,21.12,15.22,0.15,244.58,0.37,4.66,2024,IGKV,Quarterly,0,0
2024-10-01 05:00:00,9.32,4.08,14.05,11.33,21.18,15.1,0.1,189.67,0.37,4.65,2024,IGKV,Quarterly,0,0
2024-10-01 05:15:00,9.31,4.06,14.04,11.1,22.47,12.79,0.18,248.31,0.36,4.66,2024,IGKV,Quarterly,0,0
2024-10-01 05:30:00,9.29,4.06,14.05,10.54,22.47,12.79,0.18,253.12,0.35,4.67,2024,IGKV,Quarterly,0,0
2024-10-01 05:45:00,9.3,4.06,14.04,10.82,22.47,12.79,0.15,232.02,0.36,4.66,2024,IGKV,Quarterly,0,0
2024-10-01 06:00:00,9.3,4.07,14.03,10.54,22.88,12.72,0.15,232.41,0.36,4.66,2024,IGKV,Quarterly,0,0
2024-10-01 06:15:00,9.3,4.05,14.02,10.13,31.67,11.69,0.26,260.2,0.37,4.66,2024,IGKV,Quarterly,0,0
2024-10-01 06:30:00,9.29,4.05,14.02,9.83,31.67,11.69,0.23,259.79,0.37,4.66,2024,IGKV,Quarterly,0,0
2024-10-01 06:45:00,9.28,4.08,14.04,10.19,31.67,11.69,0.26,257.66,0.37,4.65,2024,IGKV,Quarterly,0,0
2024-10-01 07:00:00,9.28,4.08,14.03,10.31,31.61,11.94,0.37,254.26,0.37,4.66,2024,IGKV,Quarterly,0,0
2024-10-01 07:15:00,9.28,4.07,14.01,9.98,30.47,15.98,0.32,256.44,0.38,4.64,2024,IGKV,Quarterly,0,0
2024-10-01 07:30:00,9.3,4.08,14.02,10.07,30.47,15.98,0.37,263.07,0.39,4.65,2024,IGKV,Quarterly,0,0
2024-10-01 07:45:00,9.28,4.09,14.03,9.86,30.47,15.98,0.4,264.98,0.38,4.66,2024,IGKV,Quarterly,0,0
2024-10-01 08:00:00,9.28,4.06,14.03,10.23,30.52,15.88,0.47,264.84,0.42,4.65,2024,IGKV,Quarterly,0,0
2024-10-01 08:15:00,9.27,4.05,14.01,10.27,31.58,14.39,0.59,271.22,0.43,4.65,2024,IGKV,Quarterly,0,0
2024-10-01 08:30:00,9.36,4.04,14.0,10.14,31.58,14.39,0.8,267.09,0.48,4.64,2024,IGKV,Quarterly,0,0
2024-10-01 08:45:00,9.39,4.06,14.0,10.95,31.58,14.39,0.86,269.36,0.55,4.66,2024,IGKV,Quarterly,0,0
2024-10-01 09:00:00,9.32,4.07,14.08,11.04,32.27,14.48,0.58,280.17,0.54,4.68,2024,IGKV,Quarterly,0,0
2024-10-01 09:15:00,9.29,4.09,14.12,11.44,47.09,16.34,0.64,268.34,0.54,4.67,2024,IGKV,Quarterly,0,0
2024-10-01 09:30:00,9.24,4.08,14.05,13.66,47.09,16.34,0.68,266.2,0.56,4.68,2024,IGKV,Quarterly,0,0
2024-10-01 09:45:00,9.23,4.04,14.01,14.06,47.09,16.34,0.64,260.33,0.62,4.67,2024,IGKV,Quarterly,0,0
2024-10-01 10:00:00,9.22,4.1,14.0,14.48,47.55,16.69,0.55,261.38,0.63,4.67,2024,IGKV,Quarterly,0,0
2024-10-01 10:15:00,9.22,4.11,14.0,15.88,57.38,24.02,0.56,270.72,0.65,4.69,2024,IGKV,Quarterly,0,0
2024-10-01 10:30:00,9.21,4.13,14.0,15.35,57.38,24.02,0.72,272.11,0.67,4.68,2024,IGKV,Quarterly,0,0
2024-10-01 10:45:00,9.19,4.13,14.0,10.68,57.38,24.02,0.51,256.31,0.67,4.66,2024,IGKV,Quarterly,0,0
2024-10-01 11:00:00,9.2,4.14,14.0,16.47,57.51,23.81,0.62,263.0,0.65,4.66,2024,IGKV,Quarterly,0,0
2024-10-01 11:15:00,9.2,4.17,14.0,15.17,60.41,20.61,0.66,264.62,0.64,4.65,2024,IGKV,Quarterly,0,0
2024-10-01 11:30:00,9.2,4.15,14.0,17.13,60.41,20.61,0.51,260.89,0.63,4.66,2024,IGKV,Quarterly,0,0
2024-10-01 11:45:00,9.19,4.16,14.0,15.22,60.41,20.61,0.51,265.54,0.64,4.68,2024,IGKV,Quarterly,0,0
2024-10-01 12:00:00,9.21,4.17,14.0,15.13,60.43,20.62,0.53,269.26,0.61,4.69,2024,IGKV,Quarterly,0,0
2024-10-01 12:15:00,9.21,4.17,14.0,13.81,60.89,20.77,0.65,272.3,0.61,4.68,2024,IGKV,Quarterly,0,0
2024-10-01 12:30:00,9.27,4.15,14.0,13.56,60.89,20.77,0.49,271.82,0.59,4.67,2024,IGKV,Quarterly,0,0
2024-10-01 12:45:00,9.26,4.14,14.0,13.42,60.89,20.77,0.47,272.63,0.53,4.67,2024,IGKV,Quarterly,0,0
2024-10-01 13:00:00,9.19,4.05,14.0,13.16,60.83,21.1,0.4825,269.29249999999996,0.53,4.67,2024,IGKV,Quarterly,1,5
2024-10-01 13:15:00,9.25,4.053333333333333,14.03,13.586666666666666,60.40333333333333,22.836666666666666,0.495,265.955,0.5166666666666667,4.6625,2024,IGKV,Quarterly,1,5
2024-10-01 13:30:00,9.309999999999999,4.056666666666667,14.06,14.013333333333334,59.97666666666667,24.573333333333334,0.5075000000000001,262.61749999999995,0.5033333333333333,4.654999999999999,2024,IGKV,Quarterly,1,5
2024-10-01 13:45:00,9.37,4.06,14.09,14.44,59.55,26.31,0.52,259.28,0.49,4.6475,2024,IGKV,Quarterly,1,5
2024-10-01 14:00:00,9.29,4.06,14.02,14.45,59.47,25.31,0.41,270.0,0.49,4.64,2024,IGKV,Quarterly,1,5
2024-10-01 14:15:00,9.31,4.07,14.04,12.15,56.15,24.31,0.23,211.02,0.5,4.63,2024,IGKV,Quarterly,0,0
2024-10-01 14:30:00,9.29,4.1,14.04,11.67,56.15,24.31,0.33,253.47,0.5,4.62,2024,IGKV,Quarterly,0,0
2024-10-01 14:45:00,9.33,4.07,14.06,10.98,56.15,24.31,0.38,253.03,0.49,4.62,2024,IGKV,Quarterly,0,0
2024-10-01 15:00:00,9.39,4.09,14.12,10.53,55.85,24.12,0.36,248.42,0.49,4.62,2024,IGKV,Quarterly,0,0
2024-10-01 15:15:00,9.37,4.07,14.09,9.83,49.29,21.19,0.53,264.67,0.48,4.62,2024,IGKV,Quarterly,0,0
2024-10-01 15:30:00,9.34,4.05,14.06,9.58,49.29,21.19,0.56,261.7,0.48,4.63,2024,IGKV,Quarterly,0,0
2024-10-01 15:45:00,9.34,4.07,14.07,9.19,49.29,21.19,0.21,235.78,0.48,4.62,2024,IGKV,Quarterly,0,0
2024-10-01 16:00:00,9.34,4.08,14.08,9.39,49.03,21.0,0.19,120.34,0.48,4.63,2024,IGKV,Quarterly,0,0
2024-10-01 16:15:00,9.33,4.08,14.06,9.56,43.31,18.01,0.22,112.64,0.48,4.63,2024,IGKV,Quarterly,0,0
2024-10-01 16:30:00,9.33,4.08,14.06,8.5,43.31,18.01,0.17,113.37,0.47,4.64,2024,IGKV,Quarterly,0,0
2024-10-01 16:45:00,9.35,4.05,14.07,8.84,43.31,18.01,0.19,157.81,0.47,4.64,2024,IGKV,Quarterly,0,0
2024-10-01 17:00:00,9.35,4.04,14.06,8.82,43.09,17.8,0.16,146.14,0.47,4.63,2024,IGKV,Quarterly,0,0
2024-10-01 17:15:00,9.36,4.06,14.08,8.72,38.39,13.45,0.13,199.49,0.46,4.63,2024,IGKV,Quarterly,0,0
2024-10-01 17:30:00,9.37,4.06,14.08,8.74,38.39,13.45,0.13,169.2,0.47,4.63,2024,IGKV,Quarterly,0,0
2024-10-01 17:45:00,9.4,4.08,14.12,8.33,38.39,13.45,0.13,178.23,0.41,4.65,2024,IGKV,Quarterly,0,0
2024-10-01 18:00:00,9.45,4.07,14.16,7.49,38.3,13.74,0.18,174.73,0.35,4.69,2024,IGKV,Quarterly,0,0
2024-10-01 18:15:00,9.51,4.05,14.19,6.93,36.49,19.8,0.16,179.84,0.33,4.69,2024,IGKV,Quarterly,0,0
2024-10-01 18:30:00,9.42,4.08,14.13,8.18,36.49,19.8,0.14,246.71,0.34,4.68,2024,IGKV,Quarterly,0,0
2024-10-01 18:45:00,9.43,4.07,14.14,9.22,36.49,19.8,0.09,218.3,0.33,4.67,2024,IGKV,Quarterly,0,0
2024-10-01 19:00:00,9.35,4.05,14.07,8.66,36.71,19.71,0.21,250.21,0.36,4.67,2024,IGKV,Quarterly,0,0
2024-10-01 19:15:00,9.33,4.08,14.06,9.42,41.44,17.97,0.26,265.31,0.36,4.66,2024,IGKV,Quarterly,0,0
2024-10-01 19:30:00,9.34,4.06,14.06,9.99,41.44,17.97,0.34,259.03,0.36,4.67,2024,IGKV,Quarterly,0,0
2024-10-01 19:45:00,9.33,4.06,14.05,10.26,41.44,17.97,0.1,224.94,0.38,4.66,2024,IGKV,Quarterly,0,0
2024-10-01 20:00:00,9.34,4.07,14.07,10.34,41.57,17.68,0.16,169.32,0.37,4.66,2024,IGKV,Quarterly,0,0
2024-10-01 20:15:00,9.33,4.08,14.06,9.73,44.38,13.1,0.11,186.47,0.4,4.67,2024,IGKV,Quarterly,0,0
2024-10-01 20:30:00,9.33,4.07,14.06,10.29,44.38,13.1,0.12,188.42,0.39,4.65,2024,IGKV,Quarterly,0,0
2024-10-01 20:45:00,9.32,4.08,14.06,10.11,44.38,13.1,0.15,251.22,0.39,4.65,2024,IGKV,Quarterly,0,0
2024-10-01 21:00:00,9.33,4.07,14.06,10.24,44.36,13.18,0.13,189.75,0.4,4.66,2024,IGKV,Quarterly,0,0
2024-10-01 21:15:00,9.35,4.06,14.07,10.05,44.01,14.53,0.14,195.2,0.4,4.67,2024,IGKV,Quarterly,0,0
2024-10-01 21:30:00,9.33,4.07,14.06,10.35,44.01,14.53,0.13,185.24,0.44,4.67,2024,IGKV,Quarterly,0,0
2024-10-01 21:45:00,9.34,4.09,14.08,10.99,44.01,14.53,0.11,198.44,0.44,4.68,2024,IGKV,Quarterly,0,0
2024-10-01 22:00:00,9.34,4.09,14.08,10.07,44.18,14.45,0.13,206.44,0.48,4.67,2024,IGKV,Quarterly,0,0
2024-10-01 22:15:00,9.34,4.08,14.08,11.05,47.73,13.3,0.12,204.98,0.47,4.67,2024,IGKV,Quarterly,0,0
2024-10-01 22:30:00,9.33,4.07,14.06,10.93,47.73,13.3,0.13,190.49,0.48,4.65,2024,IGKV,Quarterly,0,0
2024-10-01 22:45:00,9.32,4.07,14.05,10.56,47.73,13.3,0.12,184.59,0.51,4.65,2024,IGKV,Quarterly,0,0
2024-10-01 23:00:00,9.3,4.04,14.02,10.04,48.42,13.62,0.09,193.71,0.52,4.66,2024,IGKV,Quarterly,0,0
2024-10-01 23:15:00,9.29,4.05,14.01,10.03,63.3,18.63,0.14,177.8,0.52,4.65,2024,IGKV,Quarterly,0,0
2024-10-01 23:30:00,9.31,4.06,14.04,9.78,63.3,18.63,0.09,235.44,0.51,4.67,2024,IGKV,Quarterly,0,0
2024-10-01 23:45:00,9.3,4.04,14.02,9.41,63.3,18.63,0.09,225.26,0.51,4.65,2024,IGKV,Quarterly,0,0
2024-10-02 00:00:00,9.28,4.05,14.01,9.65,63.05,18.63,0.35,260.75,0.55,4.65,2024,IGKV,Quarterly,0,0
2024-11-01 00:15:00,5.29,7.88,13.92,9.62,101.08,59.76,0.08,196.03,0.74,4.28,2024,IGKV,Quarterly,0,0
2024-11-01 00:30:00,5.25,8.03,13.97,9.46,100.73,59.76,0.1,206.93,0.74,4.29,2024,IGKV,Quarterly,0,0
2024-11-01 00:45:00,5.26,8.05,13.99,9.28,100.73,59.76,0.09,224.28,0.74,4.29,2024,IGKV,Quarterly,0,0
2024-11-01 01:00:00,5.25,8.1,14.0,9.53,100.73,59.76,0.07,201.63,0.73,4.28,2024,IGKV,Quarterly,0,0
2024-11-01 01:15:00,5.26,8.07,14.0,9.0,100.91,60.91,0.15,331.3,0.73,4.28,2024,IGKV,Quarterly,0,0
2024-11-01 01:30:00,5.24,8.1,14.0,9.3,100.96,60.91,0.02,32.17,0.73,4.28,2024,IGKV,Quarterly,0,0
2024-11-01 01:45:00,5.24,8.08,13.99,9.36,100.96,60.91,0.17,24.32,0.74,4.28,2024,IGKV,Quarterly,0,0
2024-11-01 02:00:00,5.26,8.04,13.98,9.46,100.96,60.91,0.09,185.47,0.77,4.28,2024,IGKV,Quarterly,0,0
2024-11-01 02:15:00,5.25,8.05,13.98,6.77,225.93,142.63,0.28,53.21,0.78,4.26,2024,IGKV,Quarterly,0,0
2024-11-01 02:30:00,5.25,8.05,13.98,8.84,247.03,142.63,0.03,90.89,0.79,4.28,2024,IGKV,Quarterly,0,0
2024-11-01 02:45:00,5.25,8.04,13.98,8.52,247.03,142.63,0.09,37.49,0.8,4.27,2024,IGKV,Quarterly,0,0
2024-11-01 03:00:00,5.25,8.06,13.99,8.31,247.03,142.63,0.11,77.66,0.82,4.25,2024,IGKV,Quarterly,0,0
2024-11-01 03:15:00,5.26,8.06,13.99,8.32,247.03,231.7,0.27,46.05,0.83,4.27,2024,IGKV,Quarterly,0,0
2024-11-01 03:30:00,5.26,8.07,14.01,8.65,381.3,231.7,0.34,34.73,0.84,4.27,2024,IGKV,Quarterly,0,0
2024-11-01 03:45:00,5.28,8.05,14.01,8.46,381.3,231.7,0.14,65.58,0.85,4.27,2024,IGKV,Quarterly,0,0
2024-11-01 04:00:00,5.29,8.04,14.01,8.31,381.3,231.7,0.03,23.14,0.85,4.27,2024,IGKV,Quarterly,0,0
2024-11-01 04:15:00,5.29,8.06,14.02,8.33,156.85,86.1,0.03,215.51,0.86,4.26,2024,IGKV,Quarterly,0,0
2024-11-01 04:30:00,5.29,8.04,14.01,8.71,156.85,86.1,0.09,49.86,0.85,4.27,2024,IGKV,Quarterly,0,0
2024-11-01 04:45:00,5.28,8.09,14.03,8.05,156.85,86.1,0.1,61.4,0.85,4.27,2024,IGKV,Quarterly,0,0
2024-11-01 05:00:00,5.28,8.06,14.02,7.86,156.85,86.1,0.09,67.16,0.86,4.28,2024,IGKV,Quarterly,0,0
2024-11-01 05:15:00,5.29,8.04,14.01,7.83,121.84,36.49,0.09,115.9,0.86,4.28,2024,IGKV,Quarterly,0,0
2024-11-01 05:30:00,5.28,8.04,14.0,8.12,115.04,36.49,0.06,149.5,0.84,4.29,2024,IGKV,Quarterly,0,0
2024-11-01 05:45:00,5.29,8.05,14.02,7.68,115.04,36.49,0.17,71.96,0.84,4.29,2024,IGKV,Quarterly,0,0
2024-11-01 06:00:00,5.28,8.05,14.01,8.07,115.04,36.49,0.15,174.26,0.85,4.3,2024,IGKV,Quarterly,0,0
2024-11-01 06:15:00,5.28,8.04,14.0,8.06,92.3,25.41,0.09,165.26,0.86,4.28,2024,IGKV,Quarterly,0,0
2024-11-01 06:30:00,5.27,8.06,14.01,8.34,55.36,25.41,0.07,170.19,0.87,4.27,2024,IGKV,Quarterly,0,0
2024-11-01 06:45:00,5.28,8.08,14.02,8.16,55.36,25.41,0.09,157.71,0.87,4.29,2024,IGKV,Quarterly,0,0
2024-11-01 07:00:00,5.27,8.11,14.03,8.05,55.36,25.41,0.06,139.24,0.88,4.29,2024,IGKV,Quarterly,0,0
2024-11-01 07:15:00,5.26,8.08,14.01,7.51,55.36,36.99,0.12,113.84,0.9,4.28,2024,IGKV,Quarterly,0,0
2024-11-01 07:30:00,5.28,8.07,14.02,7.79,56.334545454545456,36.99,0.2,125.48,0.91,4.27,2024,IGKV,Quarterly,1,21
2024-11-01 07:45:00,5.26,8.1,14.02,7.8,57.309090909090905,36.99,0.17,126.06,0.9,4.28,2024,IGKV,Quarterly,1,21
2024-11-01 08:00:00,5.27,8.07,14.01,7.94,58.28363636363636,36.99,0.03,152.71,0.89,4.28,2024,IGKV,Quarterly,1,21
2024-11-01 08:15:00,5.28,8.05,14.01,7.97,,17.57,0.11,134.77,0.88,4.28,2024,IGKV,Quarterly,1,21
2024-11-01 08:30:00,5.29,8.07,14.02,8.32,,17.57,0.26,164.08,0.87,4.27,2024,IGKV,Quarterly,1,21
2024-11-01 08:45:00,5.28,8.05,14.01,8.0,,17.57,0.28,139.44,0.87,4.26,2024,IGKV,Quarterly,1,21
2024-11-01 09:00:00,5.28,8.05,14.01,8.46,,17.57,0.29,248.01,0.87,4.27,2024,IGKV,Quarterly,1,21
2024-11-01 09:15:00,5.28,8.05,14.01,8.22,,24.76,0.05,136.16,0.88,4.27,2024,IGKV,Quarterly,1,21
2024-11-01 09:30:00,5.27,8.07,14.01,8.89,,24.76,0.13,210.27,0.9,4.27,2024,IGKV,Quarterly,1,21
2024-11-01 09:45:00,5.26,8.08,14.01,8.19,,24.76,0.31,169.73,0.9,4.28,2024,IGKV,Quarterly,1,21
2024-11-01 10:00:00,5.29,8.05,14.01,9.26,,24.76,0.42,264.01,0.9,4.27,2024,IGKV,Quarterly,1,21
2024-11-01 10:15:00,5.29,8.05,14.02,9.63,,36.6,0.12,260.04,0.89,4.27,2024,IGKV,Quarterly,1,21
2024-11-01 10:30:00,5.27,8.07,14.01,10.89,,36.6,0.18,232.63,0.89,4.27,2024,IGKV,Quarterly,1,21
2024-11-01 10:45:00,5.28,8.06,14.01,11.69,,36.6,0.3,281.98,0.82,4.27,2024,IGKV,Quarterly,1,21
2024-11-01 11:00:00,5.32,8.08,14.06,14.41,,36.6,0.08,192.85,0.73,4.27,2024,IGKV,Quarterly,1,21
2024-11-01 11:15:00,5.34,8.07,14.07,17.57,,28.51,0.11,142.61,0.67,4.29,2024,IGKV,Quarterly,1,21
2024-11-01 11:30:00,5.35,8.07,14.08,12.42,,28.51,0.23,144.34,0.65,4.29,2024,IGKV,Quarterly,1,21
2024-11-01 11:45:00,5.38,8.04,14.08,14.48,,11.58,0.15,143.95,0.55,4.29,2024,IGKV,Quarterly,1,21
2024-11-01 12:00:00,5.37,8.07,14.09,23.41,,13.2125,0.11,201.44,0.45,4.3,2024,IGKV,Quarterly,1,21
2024-11-01 12:15:00,5.36,8.07,14.08,23.47,,14.844999999999999,0.09,167.68,0.44,4.29,2024,IGKV,Quarterly,1,21
2024-11-01 12:30:00,5.29,8.08,14.03,18.71,,16.4775,0.13,70.74,0.46,4.27,2024,IGKV,Quarterly,1,21
2024-11-01 12:45:00,5.29,8.1,14.04,15.3,76.8,18.11,0.3,115.36,0.43,4.27,2024,IGKV,Quarterly,0,0
2024-11-01 13:00:00,5.35,8.08,14.08,10.67,108.0,18.96,0.43,84.35,0.42,4.28,2024,IGKV,Quarterly,0,0
2024-11-01 13:15:00,5.36,8.08,14.09,12.31,108.0,18.96,0.28,172.92,0.38,4.29,2024,IGKV,Quarterly,0,0
2024-11-01 13:30:00,5.32,8.08,14.06,11.87,108.0,18.96,0.29,81.3,0.35,4.28,2024,IGKV,Quarterly,0,0
2024-11-01 13:45:00,5.34,8.09,14.08,11.92,88.55,17.3,0.31,99.07,0.31,4.28,2024,IGKV,Quarterly,0,0
2024-11-01 14:00:00,5.36,8.09,14.09,9.33,80.65,17.22,0.31,76.99,0.32,4.3,2024,IGKV,Quarterly,0,0
2024-11-01 14:15:00,5.38,8.05,14.09,10.36,80.65,17.22,0.57,37.23,0.37,4.3,2024,IGKV,Quarterly,0,0
2024-11-01 14:30:00,5.38,8.07,14.1,14.29,80.65,17.22,0.1,58.67,0.36,4.3,2024,IGKV,Quarterly,0,0
2024-11-01 14:45:00,5.37,8.09,14.1,20.62,70.07,18.41,0.37,35.2,0.37,4.3,2024,IGKV,Quarterly,0,0
2024-11-01 15:00:00,5.35,8.11,14.09,12.61,65.77,18.47,0.67,50.7,0.38,4.31,2024,IGKV,Quarterly,0,0
2024-11-01 15:15:00,5.37,8.05,14.08,11.16,65.77,18.47,0.56,54.56,0.38,4.3,2024,IGKV,Quarterly,0,0
2024-11-01 15:30:00,5.34,8.08,14.07,10.01,65.77,18.47,0.3,90.24,0.37,4.29,2024,IGKV,Quarterly,0,0
2024-11-01 15:45:00,5.33,8.06,14.05,10.34,61.42,17.99,0.14,156.18,0.35,4.3,2024,IGKV,Quarterly,0,0
2024-11-01 16:00:00,5.36,8.09,14.09,9.88,59.66,17.97,0.2,169.77,0.36,4.3,2024,IGKV,Quarterly,0,0
2024-11-01 16:15:00,5.41,8.09,14.13,10.25,59.66,17.97,0.25,165.25,0.35,4.3,2024,IGKV,Quarterly,0,0
2024-11-01 16:30:00,5.43,8.08,14.15,10.62,59.66,17.97,0.34,160.4,0.34,4.31,2024,IGKV,Quarterly,0,0
2024-11-01 16:45:00,5.39,8.09,14.12,8.89,59.59,17.79,0.29,163.08,0.36,4.29,2024,IGKV,Quarterly,0,0
2024-11-01 17:00:00,5.39,8.06,14.1,8.27,59.56,17.78,0.25,171.07,0.39,4.27,2024,IGKV,Quarterly,0,0
2024-11-01 17:15:00,5.36,8.07,14.09,7.07,59.56,17.78,0.26,169.73,0.41,4.29,2024,IGKV,Quarterly,0,0
2024-11-01 17:30:00,5.35,8.08,14.07,6.72,59.56,17.78,0.25,163.97,0.42,4.28,2024,IGKV,Quarterly,0,0
2024-11-01 17:45:00,5.33,8.1,14.07,7.42,62.44,19.77,0.2,166.44,0.43,4.27,2024,IGKV,Quarterly,0,0
2024-11-01 18:00:00,5.32,8.07,14.05,8.08,63.61,19.92,0.23,167.12,0.43,4.28,2024,IGKV,Quarterly,0,0
2024-11-01 18:15:00,5.32,8.07,14.05,8.09,63.61,19.92,0.27,160.79,0.45,4.27,2024,IGKV,Quarterly,0,0
2024-11-01 18:30:00,5.32,8.05,14.04,9.37,63.61,19.92,0.2,169.33,0.46,4.28,2024,IGKV,Quarterly,0,0
2024-11-01 18:45:00,5.31,8.09,14.05,9.02,67.66,23.05,0.2,185.72,0.47,4.29,2024,IGKV,Quarterly,0,0
2024-11-01 19:00:00,5.3,8.09,14.04,9.55,69.21,23.2,0.17,223.27,0.47,4.28,2024,IGKV,Quarterly,0,0
2024-11-01 19:15:00,5.3,8.09,14.04,9.84,69.21,23.2,0.19,161.2,0.48,4.28,2024,IGKV,Quarterly,0,0
2024-11-01 19:30:00,5.29,8.08,14.03,9.09,69.21,23.2,0.21,163.1,0.48,4.29,2024,IGKV,Quarterly,0,0
2024-11-01 19:45:00,5.29,8.05,14.01,9.65,68.12,22.59,0.2,161.12,0.49,4.3,2024,IGKV,Quarterly,0,0
2024-11-01 20:00:00,5.28,8.07,14.02,9.57,67.68,22.56,0.17,177.05,0.5,4.29,2024,IGKV,Quarterly,0,0
2024-11-01 20:15:00,5.29,8.07,14.03,9.87,67.68,22.56,0.17,224.96,0.52,4.28,2024,IGKV,Quarterly,0,0
2024-11-01 20:30:00,5.29,8.09,14.03,10.17,67.68,22.56,0.18,228.59,0.53,4.28,2024,IGKV,Quarterly,0,0
2024-11-01 20:45:00,5.28,8.12,14.05,10.26,75.48,31.5,0.13,200.37,0.53,4.29,2024,IGKV,Quarterly,0,0
2024-11-01 21:00:00,5.28,8.09,14.03,10.0,78.65,31.92,0.14,196.62,0.53,4.29,2024,IGKV,Quarterly,0,0
2024-11-01 21:15:00,5.3,8.07,14.04,10.37,78.65,31.92,0.17,158.3,0.55,4.28,2024,IGKV,Quarterly,0,0
2024-11-01 21:30:00,5.3,8.04,14.02,10.32,78.65,31.92,0.18,185.53,0.56,4.29,2024,IGKV,Quarterly,0,0
2024-11-01 21:45:00,5.3,8.02,14.01,10.67,74.65,32.55,0.19,221.98,0.56,4.29,2024,IGKV,Quarterly,0,0
2024-11-01 22:00:00,5.3,8.07,14.04,10.58,73.02,32.57,0.15,212.55,0.56,4.29,2024,IGKV,Quarterly,0,0
2024-11-01 22:15:00,5.3,8.09,14.04,10.33,73.02,32.57,0.16,224.79,0.55,4.28,2024,IGKV,Quarterly,0,0
2024-11-01 22:30:00,5.31,8.08,14.04,10.13,73.02,32.57,0.14,226.51,0.55,4.29,2024,IGKV,Quarterly,0,0
2024-11-01 22:45:00,5.31,8.07,14.04,10.21,74.96,32.35,0.15,135.68,0.56,4.28,2024,IGKV,Quarterly,0,0
2024-11-01 23:00:00,5.32,8.08,14.05,10.36,75.71,32.34,0.15,192.96,0.55,4.31,2024,IGKV,Quarterly,0,0
2024-11-01 23:15:00,5.31,8.06,14.03,10.3,75.71,32.34,0.14,196.86,0.56,4.28,2024,IGKV,Quarterly,0,0
2024-11-01 23:30:00,5.3,8.04,14.02,10.47,75.71,32.34,0.13,219.23,0.57,4.29,2024,IGKV,Quarterly,0,0
2024-11-01 23:45:00,5.29,8.04,14.01,10.45,75.64,33.56,0.13,196.4,0.58,4.28,2024,IGKV,Quarterly,0,0
2024-11-02 00:00:00,5.28,8.07,14.02,10.17,75.62,33.65,0.15,230.42,0.58,4.29,2024,IGKV,Quarterly,0,0
2024-12-01 00:15:00,8.38,18.19,17.57,10.79,53.37,20.43,0.38,60.11,0.79,10.15,2024,IGKV,Quarterly,0,0
2024-12-01 00:30:00,8.69,18.75,18.12,10.73,46.12,17.83,0.31,66.89,0.79,10.16,2024,IGKV,Quarterly,0,0
2024-12-01 00:45:00,9.03,18.77,18.4,10.62,46.12,17.83,0.5,53.25,0.79,10.15,2024,IGKV,Quarterly,0,0
2024-12-01 01:00:00,9.34,18.33,18.42,10.82,46.12,17.83,0.37,71.36,0.78,10.16,2024,IGKV,Quarterly,0,0
2024-12-01 01:15:00,9.58,18.27,18.58,10.78,46.04,17.8,0.47,58.0,0.77,10.16,2024,IGKV,Quarterly,0,0
2024-12-01 01:30:00,9.82,18.39,18.83,10.97,42.52,15.47,0.65,53.71,0.76,10.15,2024,IGKV,Quarterly,0,0
2024-12-01 01:45:00,10.01,18.1,18.84,10.68,42.52,15.47,0.72,46.77,0.76,10.16,2024,IGKV,Quarterly,0,0
2024-12-01 02:00:00,10.36,17.69,18.9,11.11,42.52,15.47,0.52,39.17,0.76,10.15,2024,IGKV,Quarterly,0,0
2024-12-01 02:15:00,10.81,17.78,19.31,8.04,42.33,15.43,0.73,43.7,0.74,10.16,2024,IGKV,Quarterly,0,0
2024-12-01 02:30:00,11.16,17.83,19.61,10.0,34.04,12.92,0.73,44.0,0.73,10.17,2024,IGKV,Quarterly,0,0
2024-12-01 02:45:00,11.43,17.79,19.81,10.01,34.04,12.92,0.69,38.91,0.73,10.17,2024,IGKV,Quarterly,0,0
2024-12-01 03:00:00,11.73,17.36,19.83,9.61,34.04,12.92,0.72,42.1,0.73,10.16,2024,IGKV,Quarterly,0,0
2024-12-01 03:15:00,11.94,17.2,19.92,9.71,34.02,12.9,0.73,37.99,0.72,10.15,2024,IGKV,Quarterly,0,0
2024-12-01 03:30:00,12.17,17.34,20.17,9.25,32.88,11.75,0.75,36.22,0.7,10.15,2024,IGKV,Quarterly,0,0
2024-12-01 03:45:00,12.39,17.05,20.19,9.91,32.88,11.75,0.75,45.37,0.7,10.15,2024,IGKV,Quarterly,0,0
2024-12-01 04:00:00,12.58,17.22,20.44,9.43,32.88,11.75,0.94,51.4,0.71,10.15,2024,IGKV,Quarterly,0,0
2024-12-01 04:15:00,12.7,17.41,20.63,9.35,32.7,11.74,1.07,49.39,0.7,10.17,2024,IGKV,Quarterly,0,0
2024-12-01 04:30:00,12.85,17.65,20.87,9.38,24.9,11.18,1.0,47.77,0.69,10.16,2024,IGKV,Quarterly,0,0
2024-12-01 04:45:00,13.17,17.97,21.31,9.07,24.9,11.18,1.09,49.3,0.68,10.17,2024,IGKV,Quarterly,0,0
2024-12-01 05:00:00,13.86,18.16,21.96,9.28,24.9,11.18,0.91,44.89,0.66,10.19,2024,IGKV,Quarterly,0,0
2024-12-01 05:15:00,14.66,18.53,22.79,9.38,25.01,11.13,0.97,50.13,0.65,10.17,2024,IGKV,Quarterly,0,0
2024-12-01 05:30:00,15.18,18.85,23.37,9.83,29.86,8.23,1.05,43.65,0.63,10.18,2024,IGKV,Quarterly,0,0
2024-12-01 05:45:00,15.41,18.84,23.56,9.62,29.86,8.23,0.86,51.69,0.63,10.18,2024,IGKV,Quarterly,0,0
2024-12-01 06:00:00,15.46,19.09,23.72,9.42,29.86,8.23,1.04,46.31,0.62,10.18,2024,IGKV,Quarterly,0,0
2024-12-01 06:15:00,15.75,19.08,23.95,9.45,29.92,8.27,1.0,41.36,0.61,10.17,2024,IGKV,Quarterly,0,0
2024-12-01 06:30:00,16.06,19.12,24.22,9.0,32.26,9.76,1.36,51.11,0.6,10.18,2024,IGKV,Quarterly,0,0
2024-12-01 06:45:00,15.97,18.95,24.06,9.31,32.26,9.76,0.92,48.42,0.62,10.19,2024,IGKV,Quarterly,0,0
2024-12-01 07:00:00,15.74,18.85,23.83,9.32,32.26,9.76,0.93,45.65,0.62,10.19,2024,IGKV,Quarterly,0,0
2024-12-01 07:15:00,15.48,18.85,23.62,9.59,32.21,9.77,0.76,49.24,0.62,10.18,2024,IGKV,Quarterly,0,0
2024-12-01 07:30:00,15.59,18.83,23.69,8.86,30.31,10.05,0.84,55.03,0.62,10.16,2024,IGKV,Quarterly,0,0
2024-12-01 07:45:00,15.99,19.14,24.17,9.12,30.31,10.05,1.02,47.99,0.64,10.17,2024,IGKV,Quarterly,0,0
2024-12-01 08:00:00,16.52,19.4,24.74,9.61,30.31,10.05,0.87,51.46,0.65,10.18,2024,IGKV,Quarterly,0,0
2024-12-01 08:15:00,16.86,19.43,25.02,8.97,30.49,10.05,0.46,58.28,0.66,10.18,2024,IGKV,Quarterly,0,0
2024-12-01 08:30:00,17.16,19.57,25.34,9.15,38.42,9.78,0.62,58.53,0.66,10.17,2024,IGKV,Quarterly,0,0
2024-12-01 08:45:00,17.34,19.63,25.52,8.99,38.42,9.78,0.63,58.48,0.68,10.19,2024,IGKV,Quarterly,0,0
2024-12-01 09:00:00,17.35,19.68,25.55,9.81,38.42,9.78,0.82,49.46,0.68,10.14,2024,IGKV,Quarterly,0,0
2024-12-01 09:15:00,17.37,19.37,25.4,9.78,38.48,9.81,0.86,48.33,0.67,10.15,2024,IGKV,Quarterly,0,0
2024-12-01 09:30:00,17.33,18.81,25.07,10.0,41.32,10.79,0.69,52.1,0.67,10.16,2024,IGKV,Quarterly,0,0
2024-12-01 09:45:00,17.16,18.68,24.87,9.95,41.32,10.79,0.62,62.15,0.68,10.17,2024,IGKV,Quarterly,0,0
2024-12-01 10:00:00,16.9,18.15,24.38,10.45,41.32,10.79,0.92,48.01,0.68,10.16,2024,IGKV,Quarterly,0,0
2024-12-01 10:15:00,16.78,18.61,24.53,6.37,41.41,10.87,0.93,49.53,0.7,10.17,2024,IGKV,Quarterly,0,0
2024-12-01 10:30:00,16.71,18.56,24.45,8.36,45.29,15.98,0.42,93.25,0.7,10.16,2024,IGKV,Quarterly,0,0
2024-12-01 10:45:00,16.33,18.44,24.08,8.12,45.29,15.98,0.52,60.81,0.71,10.15,2024,IGKV,Quarterly,0,0
2024-12-01 11:00:00,16.11,18.19,23.78,8.45,45.29,15.98,0.71,54.38,0.72,10.14,2024,IGKV,Quarterly,0,0
2024-12-01 11:15:00,16.0,17.96,23.57,8.98,45.4,15.97,0.71,48.79,0.71,10.13,2024,IGKV,Quarterly,0,0
2024-12-01 11:30:00,15.85,18.55,23.76,8.05,50.32,15.9,0.51,69.84,0.73,10.13,2024,IGKV,Quarterly,0,0
2024-12-01 11:45:00,15.55,18.28,23.37,8.48,50.32,15.9,0.42,75.14,0.73,10.15,2024,IGKV,Quarterly,0,0
2024-12-01 12:00:00,15.22,18.13,23.03,8.67,50.32,15.9,0.63,57.57,0.73,10.15,2024,IGKV,Quarterly,0,0
2024-12-01 12:15:00,14.85,18.23,22.78,8.65,50.22,15.86,0.45,85.1,0.74,10.14,2024,IGKV,Quarterly,0,0
2024-12-01 12:30:00,14.59,18.22,22.57,8.52,45.7,14.44,0.34,83.63,0.75,10.15,2024,IGKV,Quarterly,0,0
2024-12-01 12:45:00,14.43,18.23,22.45,8.87,45.7,14.44,0.31,72.18,0.75,10.14,2024,IGKV,Quarterly,0,0
2024-12-01 13:00:00,14.29,17.63,22.02,8.6,45.7,14.44,0.51,54.73,0.75,10.12,2024,IGKV,Quarterly,0,0
2024-12-01 13:15:00,14.16,18.11,22.17,8.53,45.7,14.46,0.67,52.56,0.76,10.13,2024,IGKV,Quarterly,0,0
2024-12-01 13:30:00,14.03,18.41,22.22,8.63,45.65,16.06,0.49,65.39,0.77,10.13,2024,IGKV,Quarterly,0,0
2024-12-01 13:45:00,13.61,16.93,21.11,8.13,45.65,16.06,0.48,70.99,0.77,10.13,2024,IGKV,Quarterly,0,0
2024-12-01 14:00:00,12.79,17.2,20.59,8.01,45.65,16.06,0.54,59.6,0.78,10.15,2024,IGKV,Quarterly,0,0
2024-12-01 14:15:00,12.14,17.6,20.28,7.72,45.5,16.03,0.62,53.32,0.68,10.13,2024,IGKV,Quarterly,0,0
2024-12-01 14:30:00,11.83,17.94,20.21,7.74,38.85,13.94,0.55,57.37,0.71,10.13,2024,IGKV,Quarterly,0,0
2024-12-01 14:45:00,11.66,18.08,20.15,7.78,38.85,13.94,0.75,45.11,0.71,10.12,2024,IGKV,Quarterly,0,0
2024-12-01 15:00:00,11.76,18.39,20.39,7.67,38.85,13.94,0.72,48.39,0.72,10.13,2024,IGKV,Quarterly,0,0
2024-12-01 15:15:00,11.9,18.59,20.61,7.73,38.76,13.92,0.65,48.14,0.72,10.13,2024,IGKV,Quarterly,0,0
2024-12-01 15:30:00,11.78,18.52,20.48,7.41,34.72,13.32,0.55,63.49,0.71,10.13,2024,IGKV,Quarterly,0,0
2024-12-01 15:45:00,11.5,18.67,20.33,7.61,34.72,13.32,0.65,55.36,0.72,10.14,2024,IGKV,Quarterly,0,0
2024-12-01 16:00:00,11.27,18.73,20.18,7.72,34.72,13.32,0.52,66.16,0.71,10.13,2024,IGKV,Quarterly,0,0
2024-12-01 16:15:00,10.97,18.67,19.9,7.72,34.57,13.26,0.46,66.19,0.71,10.14,2024,IGKV,Quarterly,0,0
2024-12-01 16:30:00,10.72,18.76,19.75,7.76,27.89,11.13,0.37,64.71,0.7,10.12,2024,IGKV,Quarterly,0,0
2024-12-01 16:45:00,10.52,18.76,19.59,7.65,27.89,11.13,0.48,74.59,0.71,10.12,2024,IGKV,Quarterly,0,0
2024-12-01 17:00:00,10.4,18.66,19.44,7.62,27.89,11.13,0.22,96.96,0.71,10.11,2024,IGKV,Quarterly,0,0
2024-12-01 17:15:00,10.51,18.81,19.61,7.45,27.97,11.19,0.31,136.66,0.71,10.12,2024,IGKV,Quarterly,0,0
2024-12-01 17:30:00,10.71,18.87,19.8,7.9,31.57,13.26,0.3,150.75,0.71,10.13,2024,IGKV,Quarterly,0,0
2024-12-01 17:45:00,10.75,19.03,19.91,7.6,31.57,13.26,0.36,141.84,0.7,10.12,2024,IGKV,Quarterly,0,0
2024-12-01 18:00:00,10.6,18.7,19.62,7.47,31.57,13.26,0.32,108.26,0.7,10.11,2024,IGKV,Quarterly,0,0
2024-12-01 18:15:00,10.35,18.46,19.29,8.41,31.49,13.23,0.28,133.04,0.69,10.12,2024,IGKV,Quarterly,0,0
2024-12-01 18:30:00,10.13,18.32,19.04,10.18,28.02,12.05,0.2,142.07,0.68,10.13,2024,IGKV,Quarterly,0,0
2024-12-01 18:45:00,10.03,18.97,19.31,10.5,28.02,12.05,0.18,150.04,0.67,10.12,2024,IGKV,Quarterly,0,0
2024-12-01 19:00:00,10.13,18.32,19.04,10.34,28.02,12.05,0.31,142.04,0.65,10.11,2024,IGKV,Quarterly,0,0
2024-12-01 19:15:00,10.24,17.41,18.66,10.22,27.93,12.04,0.21,121.78,0.63,10.1,2024,IGKV,Quarterly,0,0
2024-12-01 19:30:00,10.3,17.81,18.91,10.78,23.7,11.86,0.2,133.6,0.62,10.09,2024,IGKV,Quarterly,0,0
2024-12-01 19:45:00,10.38,17.03,18.58,10.5,23.7,11.86,0.15,90.3,0.63,10.09,2024,IGKV,Quarterly,0,0
2024-12-01 20:00:00,10.55,17.18,18.79,10.43,23.7,11.86,0.24,84.42,0.62,10.1,2024,IGKV,Quarterly,0,0
2024-12-01 20:15:00,10.82,16.69,18.75,10.66,23.68,11.82,0.2,143.91,0.62,10.1,2024,IGKV,Quarterly,0,0
2024-12-01 20:30:00,10.96,17.42,19.24,10.57,22.89,10.49,0.19,127.74,0.62,10.1,2024,IGKV,Quarterly,0,0
2024-12-01 20:45:00,11.07,16.65,18.92,10.79,22.89,10.49,0.16,115.83,0.61,10.1,2024,IGKV,Quarterly,0,0
2024-12-01 21:00:00,11.07,16.55,18.88,11.23,22.89,10.49,0.16,95.03,0.61,10.1,2024,IGKV,Quarterly,0,0
2024-12-01 21:15:00,11.1,16.41,18.82,10.34,22.75,10.44,0.08,88.59,0.6,10.1,2024,IGKV,Quarterly,0,0
2024-12-01 21:30:00,11.22,16.65,19.05,10.93,16.36,8.82,0.23,85.26,0.59,10.09,2024,IGKV,Quarterly,0,0
2024-12-01 21:45:00,11.53,16.0,18.95,11.25,16.36,8.82,0.18,153.45,0.58,10.1,2024,IGKV,Quarterly,0,0
2024-12-01 22:00:00,11.59,16.58,19.31,10.9,16.36,8.82,0.25,128.59,0.59,10.09,2024,IGKV,Quarterly,0,0
2024-12-01 22:15:00,11.57,16.51,19.25,10.8,16.4,8.84,0.16,129.29,0.58,10.1,2024,IGKV,Quarterly,0,0
2024-12-01 22:30:00,11.58,16.4,19.21,11.24,17.78,9.51,0.15,142.85,0.57,10.11,2024,IGKV,Quarterly,0,0
2024-12-01 22:45:00,11.56,16.14,19.06,11.15,17.78,9.51,0.19,142.74,0.57,10.09,2024,IGKV,Quarterly,0,0
2024-12-01 23:00:00,11.57,16.08,19.03,11.03,17.78,9.51,0.12,102.5,0.56,10.09,2024,IGKV,Quarterly,0,0
2024-12-01 23:15:00,11.59,15.74,18.87,11.12,17.73,9.48,0.2,155.85,0.56,10.1,2024,IGKV,Quarterly,0,0
2024-12-01 23:30:00,11.55,16.0,18.98,11.01,15.24,8.41,0.26,88.9,0.56,10.1,2024,IGKV,Quarterly,0,0
2024-12-01 23:45:00,11.28,15.46,18.47,10.65,15.24,8.41,0.12,99.53,0.56,10.11,2024,IGKV,Quarterly,0,0
2024-12-02 00:00:00,10.93,15.49,18.21,10.22,15.24,8.41,0.13,91.64,0.56,10.1,2024,IGKV,Quarterly,0,0
2025-01-01 00:15:00,19.51,24.12,29.6,9.97,87.31,20.99,0.14,228.46,0.91,13.03,2025,IGKV,Quarterly,0,0
2025-01-01 00:30:00,18.85,23.03,28.5,9.48,85.18,21.41,0.14,215.06,0.86,13.03,2025,IGKV,Quarterly,0,0
2025-01-01 00:45:00,17.86,22.54,27.45,8.97,85.18,21.41,0.16,181.02,0.84,13.02,2025,IGKV,Quarterly,0,0
2025-01-01 01:00:00,16.96,22.38,26.65,9.1,85.18,21.41,0.14,190.71,0.83,13.01,2025,IGKV,Quarterly,0,0
2025-01-01 01:15:00,16.15,22.2,25.9,9.0,80.09,22.29,0.17,212.13,0.82,13.0,2025,IGKV,Quarterly,0,0
2025-01-01 01:30:00,15.36,21.79,25.05,9.13,76.36,22.86,0.14,210.98,0.82,12.99,2025,IGKV,Quarterly,0,0
2025-01-01 01:45:00,14.63,21.52,24.32,9.48,76.36,22.86,0.13,173.36,0.81,12.99,2025,IGKV,Quarterly,0,0
2025-01-01 02:00:00,14.03,21.3,23.73,9.32,76.36,22.86,0.17,153.8,0.81,13.0,2025,IGKV,Quarterly,0,0
2025-01-01 02:15:00,13.85,21.26,23.57,6.57,75.19,25.36,0.16,192.45,0.81,12.99,2025,IGKV,Quarterly,0,0
2025-01-01 02:30:00,13.74,21.08,23.39,7.86,74.34,26.16,0.16,188.26,0.81,13.0,2025,IGKV,Quarterly,0,0
2025-01-01 02:45:00,13.34,20.89,22.96,8.6,74.34,26.16,0.14,173.83,0.8,13.0,2025,IGKV,Quarterly,0,0
2025-01-01 03:00:00,13.0,20.55,22.52,8.57,74.34,26.16,0.13,165.25,0.8,13.0,2025,IGKV,Quarterly,0,0
2025-01-01 03:15:00,12.96,20.5,22.46,8.22,74.93,26.31,0.13,184.67,0.81,13.0,2025,IGKV,Quarterly,0,0
2025-01-01 03:30:00,12.8,20.41,22.28,7.98,75.36,26.36,0.13,168.31,0.79,13.0,2025,IGKV,Quarterly,0,0
2025-01-01 03:45:00,12.42,20.21,21.87,7.76,75.36,26.36,0.14,184.21,0.79,12.98,2025,IGKV,Quarterly,0,0
2025-01-01 04:00:00,12.05,19.92,21.42,7.76,75.36,26.36,0.12,169.34,0.78,12.99,2025,IGKV,Quarterly,0,0
2025-01-01 04:15:00,11.71,19.86,21.12,7.76,73.8,26.7,0.14,191.27,0.77,12.97,2025,IGKV,Quarterly,0,0
2025-01-01 04:30:00,11.43,19.79,20.86,7.5,72.65,26.81,0.08,193.71,0.77,13.0,2025,IGKV,Quarterly,0,0
2025-01-01 04:45:00,11.36,20.11,20.97,7.84,72.65,26.81,0.17,160.28,0.76,12.99,2025,IGKV,Quarterly,0,0
2025-01-01 05:00:00,11.39,20.38,21.13,7.79,72.65,26.81,0.11,173.44,0.76,13.0,2025,IGKV,Quarterly,0,0
2025-01-01 05:15:00,11.22,20.35,20.99,8.05,65.2,23.2,0.06,152.51,0.74,12.98,2025,IGKV,Quarterly,0,0
2025-01-01 05:30:00,10.9,20.06,20.58,7.95,59.76,22.04,0.15,211.99,0.76,12.97,2025,IGKV,Quarterly,0,0
2025-01-01 05:45:00,10.66,20.13,20.42,7.35,59.76,22.04,0.13,214.45,0.76,12.97,2025,IGKV,Quarterly,0,0
2025-01-01 06:00:00,10.4,20.28,20.29,7.91,59.76,22.04,0.12,182.72,0.75,12.97,2025,IGKV,Quarterly,0,0
2025-01-01 06:15:00,10.31,20.44,20.3,7.51,59.3,21.85,0.12,106.93,0.75,12.97,2025,IGKV,Quarterly,0,0
2025-01-01 06:30:00,10.69,20.63,20.7,7.36,58.96,21.79,0.12,191.93,0.74,12.96,2025,IGKV,Quarterly,0,0
2025-01-01 06:45:00,10.9,20.69,20.91,7.61,58.96,21.79,0.08,189.16,0.74,12.97,2025,IGKV,Quarterly,0,0
2025-01-01 07:00:00,11.38,20.82,21.36,7.51,58.96,21.79,0.2,67.77,0.74,13.0,2025,IGKV,Quarterly,0,0
2025-01-01 07:15:00,12.45,20.97,22.29,7.3,57.44,22.23,0.26,65.53,0.74,12.99,2025,IGKV,Quarterly,0,0
2025-01-01 07:30:00,13.09,21.28,22.97,7.67,56.32,22.48,0.24,82.37,0.75,12.98,2025,IGKV,Quarterly,0,0
2025-01-01 07:45:00,13.28,21.39,23.17,7.4,56.32,22.48,0.55,68.21,0.76,13.0,2025,IGKV,Quarterly,0,0
2025-01-01 08:00:00,13.11,21.41,23.05,6.88,56.32,22.48,0.49,67.36,0.75,13.0,2025,IGKV,Quarterly,0,0
2025-01-01 08:15:00,12.67,21.28,22.63,6.97,58.91,20.48,0.51,65.72,0.74,12.99,2025,IGKV,Quarterly,0,0
2025-01-01 08:30:00,12.2,21.12,22.17,7.24,60.8,19.88,0.93,50.91,0.74,12.97,2025,IGKV,Quarterly,0,0
2025-01-01 08:45:00,12.11,21.37,22.23,7.5,60.8,19.88,1.04,53.59,0.74,12.98,2025,IGKV,Quarterly,0,0
2025-01-01 09:00:00,11.94,21.68,22.25,7.2,60.8,19.88,1.03,48.83,0.74,12.98,2025,IGKV,Quarterly,0,0
2025-01-01 09:15:00,11.91,21.91,22.35,7.53,62.42,21.31,1.21,52.34,0.74,13.0,2025,IGKV,Quarterly,0,0
2025-01-01 09:30:00,11.95,22.03,22.45,7.67,63.62,21.74,0.71,48.68,0.74,12.99,2025,IGKV,Quarterly,0,0
2025-01-01 09:45:00,12.34,22.24,22.87,7.52,63.62,21.74,0.87,35.87,0.74,12.99,2025,IGKV,Quarterly,0,0
2025-01-01 10:00:00,13.43,22.45,23.85,7.53,63.62,21.74,0.96,45.46,0.74,13.0,2025,IGKV,Quarterly,0,0
2025-01-01 10:15:00,14.05,22.43,24.33,10.01,64.82,20.31,0.98,45.93,0.72,13.0,2025,IGKV,Quarterly,0,0
2025-01-01 10:30:00,14.22,23.0,24.77,11.14,65.7,19.89,0.83,41.44,0.69,13.01,2025,IGKV,Quarterly,0,0
2025-01-01 10:45:00,14.34,23.84,25.31,10.93,65.7,19.89,0.71,25.52,0.68,13.01,2025,IGKV,Quarterly,0,0
2025-01-01 11:00:00,14.03,24.48,25.39,10.62,65.7,19.89,0.56,359.18,0.68,13.01,2025,IGKV,Quarterly,0,0
2025-01-01 11:15:00,13.04,24.72,24.73,11.01,64.41,19.61,0.3,111.13,0.66,13.02,2025,IGKV,Quarterly,0,0
2025-01-01 11:30:00,11.54,24.85,23.59,11.08,63.47,19.53,0.56,60.92,0.65,12.99,2025,IGKV,Quarterly,0,0
2025-01-01 11:45:00,9.99,24.8,22.32,11.05,63.47,19.53,0.68,45.87,0.64,12.99,2025,IGKV,Quarterly,0,0
2025-01-01 12:00:00,8.61,24.7,21.16,11.1,63.47,19.53,0.41,2.73,0.62,12.98,2025,IGKV,Quarterly,0,0
2025-01-01 12:15:00,7.39,24.51,20.08,10.82,57.3,18.73,0.41,57.75,0.6,12.99,2025,IGKV,Quarterly,0,0
2025-01-01 12:30:00,6.35,24.35,19.17,10.9,52.79,18.49,0.55,11.24,0.59,13.01,2025,IGKV,Quarterly,0,0
2025-01-01 12:45:00,5.66,24.25,18.56,11.16,52.79,18.49,0.32,41.46,0.58,12.99,2025,IGKV,Quarterly,0,0
2025-01-01 13:00:00,5.11,23.89,17.93,11.16,52.79,18.49,0.31,52.02,0.58,12.97,2025,IGKV,Quarterly,0,0
2025-01-01 13:15:00,4.74,23.29,17.32,11.27,51.97,18.44,0.86,10.63,0.56,12.98,2025,IGKV,Quarterly,0,0
2025-01-01 13:30:00,4.58,22.78,16.92,11.26,51.37,18.41,0.29,103.06,0.54,12.97,2025,IGKV,Quarterly,0,0
2025-01-01 13:45:00,4.43,22.53,16.68,11.15,51.37,18.41,0.7,66.18,0.54,12.98,2025,IGKV,Quarterly,0,0
2025-01-01 14:00:00,4.34,22.28,16.47,11.51,51.37,18.41,0.34,353.12,0.53,12.98,2025,IGKV,Quarterly,0,0
2025-01-01 14:15:00,4.33,22.2,16.42,11.53,50.15,18.42,0.55,48.61,0.52,12.99,2025,IGKV,Quarterly,0,0
2025-01-01 14:30:00,4.3,22.13,16.37,11.38,49.25,18.42,0.4,341.91,0.53,12.97,2025,IGKV,Quarterly,0,0
2025-01-01 14:45:00,4.44,22.3,16.56,11.51,49.25,18.42,0.64,49.67,0.52,12.97,2025,IGKV,Quarterly,0,0
2025-01-01 15:00:00,4.51,22.52,16.73,11.18,49.25,18.42,0.42,3.08,0.52,12.98,2025,IGKV,Quarterly,0,0
2025-01-01 15:15:00,4.44,22.47,16.65,11.45,47.4,13.46,0.55,13.73,0.51,12.98,2025,IGKV,Quarterly,0,0
2025-01-01 15:30:00,4.58,22.32,16.69,11.71,46.04,11.98,0.54,40.47,0.54,12.97,2025,IGKV,Quarterly,0,0
2025-01-01 15:45:00,4.8,21.63,16.5,11.87,46.04,11.98,0.63,36.49,0.56,12.97,2025,IGKV,Quarterly,0,0
2025-01-01 16:00:00,5.02,21.05,16.37,11.48,46.04,11.98,0.69,38.43,0.54,12.97,2025,IGKV,Quarterly,0,0
2025-01-01 16:15:00,5.21,20.69,16.34,11.24,44.92,13.61,0.57,41.9,0.56,12.98,2025,IGKV,Quarterly,0,0
2025-01-01 16:30:00,5.46,20.47,16.42,11.49,44.1,14.1,0.47,42.9,0.56,12.97,2025,IGKV,Quarterly,0,0
2025-01-01 16:45:00,5.71,20.44,16.61,11.34,44.1,14.1,0.51,42.9,0.56,12.95,2025,IGKV,Quarterly,0,0
2025-01-01 17:00:00,5.91,20.45,16.77,10.71,44.1,14.1,0.2,55.27,0.57,12.96,2025,IGKV,Quarterly,0,0
2025-01-01 17:15:00,6.12,20.52,16.98,10.83,45.02,13.12,0.17,122.73,0.57,12.95,2025,IGKV,Quarterly,0,0
2025-01-01 17:30:00,6.26,20.71,17.19,10.98,45.7,12.82,0.29,144.43,0.58,12.95,2025,IGKV,Quarterly,0,0
2025-01-01 17:45:00,6.47,21.05,17.54,10.6,45.7,12.82,0.31,156.23,0.61,12.97,2025,IGKV,Quarterly,0,0
2025-01-01 18:00:00,6.76,21.58,18.05,11.14,45.7,12.82,0.37,163.12,0.61,12.98,2025,IGKV,Quarterly,0,0
2025-01-01 18:15:00,7.12,22.21,18.66,8.58,57.8,15.87,0.21,172.63,0.63,12.99,2025,IGKV,Quarterly,0,0
2025-01-01 18:30:00,7.54,22.74,19.28,8.99,66.65,16.78,0.24,166.53,0.65,12.98,2025,IGKV,Quarterly,0,0
2025-01-01 18:45:00,7.91,23.11,19.77,9.32,66.65,16.78,0.2,171.74,0.67,12.97,2025,IGKV,Quarterly,0,0
2025-01-01 19:00:00,8.25,23.39,20.19,9.41,66.65,16.78,0.22,174.51,0.7,12.99,2025,IGKV,Quarterly,0,0
2025-01-01 19:15:00,8.63,23.51,20.56,9.62,75.47,17.27,0.19,175.27,0.72,12.98,2025,IGKV,Quarterly,0,0
2025-01-01 19:30:00,9.16,23.66,21.06,9.42,81.92,17.54,0.21,168.72,0.73,12.97,2025,IGKV,Quarterly,0,0
2025-01-01 19:45:00,9.89,23.9,21.77,9.57,81.92,17.54,0.21,176.44,0.78,12.99,2025,IGKV,Quarterly,0,0
2025-01-01 20:00:00,10.5,24.01,22.31,9.3,81.92,17.54,0.11,180.26,0.79,13.0,2025,IGKV,Quarterly,0,0
2025-01-01 20:15:00,10.83,23.96,22.56,9.12,83.31,18.72,0.18,180.31,0.79,13.0,2025,IGKV,Quarterly,0,0
2025-01-01 20:30:00,10.87,24.01,22.61,9.44,84.33,19.07,0.2,172.41,0.79,13.01,2025,IGKV,Quarterly,0,0
2025-01-01 20:45:00,10.8,23.89,22.5,9.04,84.33,19.07,0.25,163.0,0.81,13.02,2025,IGKV,Quarterly,0,0
2025-01-01 21:00:00,10.81,23.7,22.4,9.31,84.33,19.07,0.22,200.88,0.83,13.0,2025,IGKV,Quarterly,0,0
2025-01-01 21:15:00,10.78,23.43,22.24,8.74,85.25,20.09,0.17,198.15,0.84,13.0,2025,IGKV,Quarterly,0,0
2025-01-01 21:30:00,10.74,23.15,22.06,8.91,85.93,20.39,0.13,191.16,0.85,12.99,2025,IGKV,Quarterly,0,0
2025-01-01 21:45:00,10.56,22.95,21.81,9.21,85.93,20.39,0.22,160.5,0.86,12.98,2025,IGKV,Quarterly,0,0
2025-01-01 22:00:00,10.47,22.64,21.58,8.54,85.93,20.39,0.2,164.6,0.87,12.97,2025,IGKV,Quarterly,0,0
2025-01-01 22:15:00,10.49,22.38,21.45,8.85,83.53,19.64,0.22,160.44,0.87,12.99,2025,IGKV,Quarterly,0,0
2025-01-01 22:30:00,10.55,22.28,21.45,9.06,81.78,19.42,0.22,192.19,0.87,12.98,2025,IGKV,Quarterly,0,0
2025-01-01 22:45:00,10.53,22.02,21.3,8.95,81.78,19.42,0.13,212.38,0.88,13.0,2025,IGKV,Quarterly,0,0
2025-01-01 23:00:00,10.49,21.86,21.18,8.65,81.78,19.42,0.13,169.63,0.88,12.98,2025,IGKV,Quarterly,0,0
2025-01-01 23:15:00,10.89,21.81,21.48,9.34,81.06,24.35,0.21,162.58,0.89,12.98,2025,IGKV,Quarterly,0,0
2025-01-01 23:30:00,11.73,21.83,22.17,8.7,80.53,25.8,0.2,182.45,0.89,12.99,2025,IGKV,Quarterly,0,0
2025-01-01 23:45:00,12.19,21.63,22.43,9.08,80.53,25.8,0.18,215.01,0.91,12.99,2025,IGKV,Quarterly,0,0
2025-01-02 00:15:00,11.0,26.45,23.99,10.13,85.7,26.02,0.14,156.62,0.96,12.97,2025,IGKV,Quarterly,0,0
2025-01-02 00:30:00,11.25,24.95,23.41,9.87,85.7,26.02,0.17,189.37,0.96,12.95,2025,IGKV,Quarterly,0,0
2025-01-02 00:45:00,11.59,23.63,22.99,9.71,85.7,26.0,0.15,177.76,0.97,12.95,2025,IGKV,Quarterly,0,0
2025-01-02 01:00:00,11.86,24.49,23.66,9.78,85.84,25.41,0.16,218.05,0.97,12.96,2025,IGKV,Quarterly,0,0
2025-01-02 01:15:00,12.11,24.53,23.88,9.86,85.84,25.41,0.09,162.09,0.97,12.96,2025,IGKV,Quarterly,0,0
2025-01-02 01:30:00,12.39,23.4,23.52,9.82,85.84,25.41,0.13,192.97,0.98,12.96,2025,IGKV,Quarterly,0,0
2025-01-02 01:45:00,12.64,23.58,23.81,9.67,85.66,25.53,0.13,186.51,0.98,12.95,2025,IGKV,Quarterly,0,0
2025-01-02 02:00:00,12.83,24.53,24.46,9.75,80.47,29.32,0.12,144.3,0.97,12.95,2025,IGKV,Quarterly,0,0
2025-01-02 02:15:00,13.13,23.89,24.36,8.91,80.47,29.32,0.2,151.99,0.99,12.95,2025,IGKV,Quarterly,0,0
2025-01-02 02:30:00,13.34,24.26,24.72,10.16,80.47,29.32,0.13,171.8,0.99,12.96,2025,IGKV,Quarterly,0,0
2025-01-02 02:45:00,13.5,24.49,24.97,10.24,80.18,29.19,0.15,229.58,1.0,12.96,2025,IGKV,Quarterly,0,0
2025-01-02 03:00:00,13.64,24.54,25.11,10.33,71.72,24.83,0.11,199.99,0.99,12.97,2025,IGKV,Quarterly,0,0
2025-01-02 03:15:00,13.8,22.84,24.35,10.21,71.72,24.83,0.08,182.43,0.99,12.96,2025,IGKV,Quarterly,0,0
2025-01-02 03:30:00,13.58,21.76,23.61,9.78,71.72,24.83,0.11,187.5,0.99,12.95,2025,IGKV,Quarterly,0,0
2025-01-02 03:45:00,13.23,21.44,23.17,9.23,71.49,24.83,0.13,201.19,0.98,12.97,2025,IGKV,Quarterly,0,0
2025-01-02 04:00:00,12.94,21.5,22.96,9.43,64.63,24.9,0.12,167.9,0.97,12.97,2025,IGKV,Quarterly,0,0
2025-01-02 04:15:00,12.72,21.19,22.62,9.26,64.63,24.9,0.15,171.26,0.96,12.96,2025,IGKV,Quarterly,0,0
2025-01-02 04:30:00,12.54,20.97,22.36,9.15,64.63,24.9,0.15,161.47,0.97,12.96,2025,IGKV,Quarterly,0,0
2025-01-02 04:45:00,12.47,21.07,22.36,9.0,64.53,24.87,0.15,187.92,0.96,12.95,2025,IGKV,Quarterly,0,0
2025-01-02 05:00:00,12.41,21.06,22.31,9.22,61.77,23.87,0.14,205.22,0.95,12.95,2025,IGKV,Quarterly,0,0
2025-01-02 05:15:00,12.28,20.97,22.15,8.53,61.77,23.87,0.11,215.24,0.95,12.93,2025,IGKV,Quarterly,0,0
2025-01-02 05:30:00,12.14,20.68,21.89,8.94,61.77,23.87,0.12,237.15,0.94,12.94,2025,IGKV,Quarterly,0,0
2025-01-02 05:45:00,12.01,20.55,21.72,8.92,61.83,23.84,0.13,170.2,0.92,12.95,2025,IGKV,Quarterly,0,0
2025-01-02 06:00:00,12.03,20.78,21.86,9.08,63.1,21.56,0.14,171.15,0.92,12.95,2025,IGKV,Quarterly,0,0
2025-01-02 06:15:00,12.05,20.44,21.7,8.92,63.1,21.56,0.19,166.36,0.91,12.94,2025,IGKV,Quarterly,0,0
2025-01-02 06:30:00,12.01,20.42,21.65,8.78,63.1,21.56,0.27,168.6,0.91,12.96,2025,IGKV,Quarterly,0,0
2025-01-02 06:45:00,11.97,20.33,21.57,8.59,62.82,21.6,0.13,193.93,0.91,12.96,2025,IGKV,Quarterly,0,0
2025-01-02 07:00:00,12.0,20.29,21.58,8.87,54.8,23.03,0.14,170.82,0.92,12.96,2025,IGKV,Quarterly,0,0
2025-01-02 07:15:00,12.04,20.01,21.46,8.73,54.8,23.03,0.25,171.87,0.91,12.95,2025,IGKV,Quarterly,0,0
2025-01-02 07:30:00,12.07,20.0,21.48,8.58,54.8,23.03,0.17,162.24,0.92,12.95,2025,IGKV,Quarterly,0,0
2025-01-02 07:45:00,12.04,20.16,21.54,8.8,54.93,23.03,0.23,156.34,0.94,12.94,2025,IGKV,Quarterly,0,0
2025-01-02 08:00:00,11.95,20.25,21.51,9.07,57.75,23.27,0.2,155.58,0.94,12.94,2025,IGKV,Quarterly,0,0
2025-01-02 08:15:00,11.81,22.1,22.37,9.22,57.75,23.27,0.22,253.18,0.95,12.94,2025,IGKV,Quarterly,0,0
2025-01-02 08:30:00,11.99,22.67,22.81,8.71,57.75,23.27,0.32,262.69,0.93,12.96,2025,IGKV,Quarterly,0,0
2025-01-02 08:45:00,12.11,22.8,22.97,9.11,57.82,23.29,0.23,266.52,0.92,12.96,2025,IGKV,Quarterly,0,0
2025-01-02 09:00:00,12.14,23.27,23.24,9.56,59.33,24.08,0.07,216.31,0.92,12.95,2025,IGKV,Quarterly,0,0
2025-01-02 09:15:00,12.02,22.83,22.91,9.43,59.33,24.08,0.2,264.85,0.92,12.94,2025,IGKV,Quarterly,0,0
2025-01-02 09:30:00,11.8,21.61,22.1,9.6,59.33,24.08,0.24,264.36,0.91,12.94,2025,IGKV,Quarterly,0,0
2025-01-02 09:45:00,11.41,23.13,22.59,9.81,59.24,24.14,0.29,260.49,0.9,12.95,2025,IGKV,Quarterly,0,0
2025-01-02 10:00:00,11.0,20.28,20.77,9.7,56.68,25.84,0.38,255.73,0.88,12.96,2025,IGKV,Quarterly,0,0
2025-01-02 10:15:00,10.42,22.96,21.71,9.56,56.68,25.84,0.32,254.31,0.87,12.95,2025,IGKV,Quarterly,0,0
2025-01-02 10:30:00,9.85,19.79,19.59,10.82,56.68,25.84,0.1,192.06,0.85,12.95,2025,IGKV,Quarterly,0,0
2025-01-02 10:45:00,9.24,19.49,18.94,10.93,56.23,25.69,0.15,229.59,0.83,12.94,2025,IGKV,Quarterly,0,0
2025-01-02 11:00:00,8.7,21.96,19.8,10.62,46.69,20.73,0.1,255.93,0.83,12.96,2025,IGKV,Quarterly,0,0
2025-01-02 11:15:00,8.15,20.2,18.44,11.0,46.69,20.73,0.44,278.3,0.8,12.95,2025,IGKV,Quarterly,0,0
2025-01-02 11:30:00,7.58,18.34,17.02,10.82,46.69,20.73,0.25,212.02,0.77,12.93,2025,IGKV,Quarterly,0,0
2025-01-02 11:45:00,7.05,17.06,15.92,10.76,46.63,20.74,0.41,265.12,0.73,12.94,2025,IGKV,Quarterly,0,0
2025-01-02 12:00:00,6.57,19.11,16.6,10.75,45.38,21.07,0.49,283.13,0.73,12.92,2025,IGKV,Quarterly,0,0
2025-01-02 12:15:00,6.24,20.33,16.98,10.47,45.38,21.07,0.41,263.29,0.73,12.92,2025,IGKV,Quarterly,0,0
2025-01-02 12:30:00,5.94,18.55,15.81,10.67,45.38,21.07,0.25,241.95,0.71,12.92,2025,IGKV,Quarterly,0,0
2025-01-02 12:45:00,5.67,17.38,14.98,10.53,45.26,21.09,0.51,254.49,0.68,12.92,2025,IGKV,Quarterly,0,0
2025-01-02 13:00:00,5.38,16.8,14.44,10.78,42.72,21.73,0.86,264.3,0.65,12.93,2025,IGKV,Quarterly,0,0
2025-01-02 13:15:00,4.97,16.51,13.96,10.09,42.72,21.73,0.54,267.13,0.66,12.93,2025,IGKV,Quarterly,0,0
2025-01-02 13:30:00,4.62,17.09,13.98,9.9,42.72,21.73,0.68,263.16,0.65,12.92,2025,IGKV,Quarterly,0,0
2025-01-02 13:45:00,4.41,17.43,14.0,9.39,42.59,21.63,0.7,281.43,0.64,12.92,2025,IGKV,Quarterly,0,0
2025-01-02 14:00:00,4.31,17.82,14.12,9.62,39.72,18.42,0.83,289.35,0.61,12.91,2025,IGKV,Quarterly,0,0
2025-01-02 14:15:00,4.27,18.11,14.24,9.37,39.72,18.42,0.96,277.55,0.58,12.91,2025,IGKV,Quarterly,0,0
2025-01-02 14:30:00,4.19,17.96,14.09,9.68,39.72,18.42,0.68,272.32,0.57,12.91,2025,IGKV,Quarterly,0,0
2025-01-02 14:45:00,4.14,18.06,14.11,9.93,39.73,18.44,0.64,291.08,0.56,12.91,2025,IGKV,Quarterly,0,0
2025-01-02 15:00:00,4.12,18.28,14.21,9.75,40.03,19.34,0.73,280.93,0.53,12.92,2025,IGKV,Quarterly,0,0
2025-01-02 15:15:00,4.15,18.43,14.31,10.35,40.03,19.34,0.53,278.38,0.54,12.92,2025,IGKV,Quarterly,0,0
2025-01-02 15:30:00,4.12,18.63,14.39,9.66,40.03,19.34,0.27,238.55,0.52,12.92,2025,IGKV,Quarterly,0,0
2025-01-02 15:45:00,4.07,18.7,14.38,9.88,40.01,19.27,0.42,253.9,0.52,12.93,2025,IGKV,Quarterly,0,0
2025-01-02 16:00:00,4.08,18.83,14.46,9.97,39.63,17.1,0.44,269.71,0.5,12.92,2025,IGKV,Quarterly,0,0
2025-01-02 16:15:00,4.07,18.55,14.31,9.58,39.63,17.1,0.21,233.52,0.49,12.91,2025,IGKV,Quarterly,0,0
2025-01-02 16:30:00,4.06,18.42,14.23,9.84,39.63,17.1,0.19,204.47,0.5,12.92,2025,IGKV,Quarterly,0,0
2025-01-02 16:45:00,4.1,18.36,14.23,9.98,39.52,17.13,0.23,255.43,0.49,12.92,2025,IGKV,Quarterly,0,0
2025-01-02 17:00:00,4.1,18.51,14.31,10.25,37.15,18.16,0.13,204.8,0.49,12.93,2025,IGKV,Quarterly,0,0
2025-01-02 17:15:00,4.11,18.67,14.4,9.9,37.15,18.16,0.21,172.97,0.49,12.93,2025,IGKV,Quarterly,0,0
2025-01-02 17:30:00,4.14,18.75,14.47,10.06,37.15,18.16,0.24,172.68,0.51,12.92,2025,IGKV,Quarterly,0,0
2025-01-02 17:45:00,4.24,19.07,14.71,10.15,37.29,18.12,0.05,213.77,0.54,12.93,2025,IGKV,Quarterly,0,0
2025-01-02 18:00:00,4.48,20.02,15.4,11.06,40.26,16.62,0.25,105.36,0.57,12.92,2025,IGKV,Quarterly,0,0
2025-01-02 18:15:00,4.95,22.66,17.16,6.83,40.26,16.62,0.28,152.08,0.59,12.91,2025,IGKV,Quarterly,0,0
2025-01-02 18:30:00,5.56,21.85,17.22,8.32,40.26,16.62,0.24,129.06,0.58,12.91,2025,IGKV,Quarterly,0,0
2025-01-02 18:45:00,6.27,24.54,19.2,8.38,44.32,16.74,0.34,83.68,0.63,12.94,2025,IGKV,Quarterly,0,0
2025-01-02 19:00:00,7.12,25.36,20.31,9.22,131.52,20.31,0.48,66.72,0.68,12.95,2025,IGKV,Quarterly,0,0
2025-01-02 19:15:00,8.12,26.16,21.53,9.03,131.52,20.31,0.33,61.95,0.69,12.93,2025,IGKV,Quarterly,0,0
2025-01-02 19:30:00,9.17,24.41,21.46,8.79,131.52,20.31,0.16,170.32,0.68,12.94,2025,IGKV,Quarterly,0,0
2025-01-02 19:45:00,10.03,26.05,23.01,8.62,132.14,20.5,0.21,55.89,0.7,12.95,2025,IGKV,Quarterly,0,0
2025-01-02 20:00:00,11.05,27.11,24.37,8.98,145.38,24.73,0.24,62.52,0.73,12.96,2025,IGKV,Quarterly,0,0
2025-01-02 20:15:00,12.34,26.33,25.01,8.57,145.38,24.73,0.13,94.27,0.78,12.96,2025,IGKV,Quarterly,0,0
2025-01-02 20:30:00,13.39,26.48,25.92,8.78,145.38,24.73,0.26,183.11,0.79,12.95,2025,IGKV,Quarterly,0,0
2025-01-02 20:45:00,14.03,26.07,26.22,8.89,144.72,24.79,0.18,163.23,0.8,12.97,2025,IGKV,Quarterly,0,0
2025-01-02 21:00:00,14.63,25.83,26.57,8.92,130.55,26.57,0.24,162.98,0.84,12.97,2025,IGKV,Quarterly,0,0
2025-01-02 21:15:00,15.35,25.66,27.07,9.18,130.55,26.57,0.34,177.76,0.85,12.98,2025,IGKV,Quarterly,0,0
2025-01-02 21:30:00,15.75,25.67,27.39,9.3,130.55,26.57,0.18,217.23,0.87,12.97,2025,IGKV,Quarterly,0,0
2025-01-02 21:45:00,15.94,25.48,27.45,9.05,129.87,26.55,0.16,224.41,0.88,12.97,2025,IGKV,Quarterly,0,0
2025-01-02 22:00:00,16.1,25.45,27.56,9.72,115.13,25.85,0.2,222.59,0.89,12.97,2025,IGKV,Quarterly,0,0
2025-01-02 22:15:00,16.22,25.28,27.57,9.53,115.13,25.85,0.13,194.97,0.9,12.98,2025,IGKV,Quarterly,0,0
2025-01-02 22:30:00,16.33,25.08,27.55,8.99,115.13,25.85,0.17,167.51,0.91,12.97,2025,IGKV,Quarterly,0,0
2025-01-02 22:45:00,16.44,24.66,27.42,9.49,114.93,25.8,0.21,165.92,0.92,12.95,2025,IGKV,Quarterly,0,0
2025-01-02 23:00:00,16.38,23.76,26.9,9.36,110.63,24.16,0.15,215.14,0.93,12.97,2025,IGKV,Quarterly,0,0
2025-01-02 23:15:00,16.04,23.66,26.57,8.73,110.63,24.16,0.17,212.81,0.95,12.98,2025,IGKV,Quarterly,0,0
2025-01-02 23:30:00,15.62,23.78,26.3,8.78,110.63,24.16,0.25,158.05,0.97,12.97,2025,IGKV,Quarterly,0,0
2025-01-02 23:45:00,15.23,23.86,26.02,8.31,109.96,24.25,0.14,179.45,0.98,12.98,2025,IGKV,Quarterly,0,0
2025-01-03 00:15:00,9.89,22.75,21.17,11.27,110.66,35.44,0.14,147.37,1.0,28.19,2025,IGKV,Quarterly,0,0
2025-01-03 00:30:00,11.08,23.64,22.59,10.77,110.66,35.44,0.23,196.07,1.02,28.26,2025,IGKV,Quarterly,0,0
2025-01-03 00:45:00,12.14,24.44,23.86,11.5,110.29,33.62,0.22,187.39,1.04,28.31,2025,IGKV,Quarterly,0,0
2025-01-03 01:00:00,12.63,25.03,24.56,10.89,110.25,33.62,0.26,217.45,1.05,28.35,2025,IGKV,Quarterly,0,0
2025-01-03 01:15:00,12.76,25.54,24.93,11.0,110.25,33.62,0.19,203.53,1.07,28.38,2025,IGKV,Quarterly,0,0
2025-01-03 01:30:00,12.72,25.91,25.09,11.13,110.25,33.62,0.2,200.8,1.08,28.36,2025,IGKV,Quarterly,0,0
2025-01-03 01:45:00,12.56,26.04,25.03,11.19,106.13,31.67,0.03,220.08,1.11,28.36,2025,IGKV,Quarterly,0,0
2025-01-03 02:00:00,12.75,26.11,25.22,11.09,105.61,31.67,0.21,80.61,1.12,28.36,2025,IGKV,Quarterly,0,0
2025-01-03 02:15:00,14.08,26.81,26.65,8.24,105.61,31.67,0.15,126.85,1.14,28.42,2025,IGKV,Quarterly,0,0
2025-01-03 02:30:00,15.6,27.34,28.15,9.41,105.61,31.67,0.22,173.54,1.15,28.45,2025,IGKV,Quarterly,0,0
2025-01-03 02:45:00,16.49,27.74,29.06,9.38,109.09,33.52,0.22,190.4,1.17,28.5,2025,IGKV,Quarterly,0,0
2025-01-03 03:00:00,16.7,27.96,29.35,9.3,109.53,33.52,0.27,221.12,1.18,28.52,2025,IGKV,Quarterly,0,0
2025-01-03 03:15:00,16.53,27.87,29.17,9.57,109.53,33.52,0.22,197.53,1.18,28.52,2025,IGKV,Quarterly,0,0
2025-01-03 03:30:00,16.27,27.62,28.83,9.53,109.53,33.52,0.2,163.25,1.19,28.5,2025,IGKV,Quarterly,0,0
2025-01-03 03:45:00,15.98,27.55,28.56,9.78,99.71,30.88,0.19,180.64,1.19,28.5,2025,IGKV,Quarterly,0,0
2025-01-03 04:00:00,15.63,27.27,28.13,9.5,98.48,30.88,0.29,189.39,1.19,28.51,2025,IGKV,Quarterly,0,0
2025-01-03 04:15:00,15.14,26.76,27.47,9.22,98.48,30.88,0.16,188.13,1.19,28.46,2025,IGKV,Quarterly,0,0
2025-01-03 04:30:00,14.59,26.22,26.75,9.39,98.48,30.88,0.19,178.99,1.18,28.45,2025,IGKV,Quarterly,0,0
2025-01-03 04:45:00,14.12,25.79,26.15,9.65,87.95,24.1,0.2,166.63,1.19,28.42,2025,IGKV,Quarterly,0,0
2025-01-03 05:00:00,13.74,25.5,25.69,9.41,86.64,24.1,0.17,156.19,1.19,28.41,2025,IGKV,Quarterly,0,0
2025-01-03 05:15:00,13.54,24.66,25.09,9.02,86.64,24.1,0.13,152.47,1.22,28.4,2025,IGKV,Quarterly,0,0
2025-01-03 05:30:00,13.44,24.4,24.88,9.26,86.64,24.1,0.15,155.43,1.22,28.38,2025,IGKV,Quarterly,0,0
2025-01-03 05:45:00,13.2,24.17,24.57,9.22,79.63,22.8,0.18,160.07,1.21,28.39,2025,IGKV,Quarterly,0,0
2025-01-03 06:00:00,13.16,23.92,24.4,9.36,78.75,22.8,0.18,190.15,1.19,28.39,2025,IGKV,Quarterly,0,0
2025-01-03 06:15:00,13.4,23.79,24.53,8.95,78.75,22.8,0.2,196.12,1.19,28.39,2025,IGKV,Quarterly,0,0
2025-01-03 06:30:00,13.48,23.49,24.43,8.72,78.75,22.8,0.13,194.57,1.19,28.39,2025,IGKV,Quarterly,0,0
2025-01-03 06:45:00,13.45,23.3,24.31,8.83,85.88,26.38,0.19,245.74,1.18,28.4,2025,IGKV,Quarterly,0,0
2025-01-03 07:00:00,13.43,22.98,24.13,8.77,86.77,26.38,0.22,250.42,1.18,28.42,2025,IGKV,Quarterly,0,0
2025-01-03 07:15:00,13.41,22.63,23.93,8.61,86.77,26.38,0.09,157.69,1.18,28.4,2025,IGKV,Quarterly,0,0
2025-01-03 07:30:00,13.38,22.46,23.82,8.64,86.77,26.38,0.14,162.56,1.18,28.39,2025,IGKV,Quarterly,0,0
2025-01-03 07:45:00,13.29,22.56,23.8,8.45,91.0,26.89,0.1,220.78,1.18,28.4,2025,IGKV,Quarterly,0,0
2025-01-03 08:00:00,13.1,22.53,23.63,8.76,91.53,26.89,0.11,210.07,1.18,28.4,2025,IGKV,Quarterly,0,0
2025-01-03 08:15:00,12.8,22.41,23.33,9.26,91.53,26.89,0.22,259.92,1.16,28.36,2025,IGKV,Quarterly,0,0
2025-01-03 08:30:00,12.25,22.44,22.9,9.05,91.53,26.89,0.57,260.06,1.16,28.33,2025,IGKV,Quarterly,0,0
2025-01-03 08:45:00,11.57,22.44,22.35,9.63,90.48,27.35,0.95,257.54,1.13,28.3,2025,IGKV,Quarterly,0,0
2025-01-03 09:00:00,10.65,22.7,21.75,9.4,90.34,27.35,0.77,258.47,1.11,28.28,2025,IGKV,Quarterly,0,0
2025-01-03 09:15:00,9.53,22.79,20.9,9.36,90.34,27.35,1.01,257.88,1.09,28.24,2025,IGKV,Quarterly,0,0
2025-01-03 09:30:00,8.44,22.83,20.04,9.63,90.34,27.35,0.96,262.73,1.07,28.19,2025,IGKV,Quarterly,0,0
2025-01-03 09:45:00,7.3,23.03,19.24,9.47,79.23,32.44,0.87,271.11,1.04,28.14,2025,IGKV,Quarterly,0,0
2025-01-03 10:00:00,6.26,23.31,18.55,9.39,77.84,32.44,0.77,273.8,1.01,28.09,2025,IGKV,Quarterly,0,0
2025-01-03 10:15:00,5.34,23.46,17.89,8.81,77.84,32.44,1.17,286.29,0.97,28.05,2025,IGKV,Quarterly,0,0
2025-01-03 10:30:00,4.63,23.54,17.36,10.74,77.84,32.44,0.99,269.51,0.93,28.04,2025,IGKV,Quarterly,0,0
2025-01-03 10:45:00,4.21,23.46,16.99,11.66,76.24,33.29,0.98,285.26,0.89,28.01,2025,IGKV,Quarterly,0,0
2025-01-03 11:00:00,4.07,23.1,16.68,11.29,76.04,33.29,1.33,293.4,0.88,28.01,2025,IGKV,Quarterly,0,0
2025-01-03 11:15:00,4.0,22.92,16.53,11.37,76.04,33.29,0.94,273.83,0.87,28.01,2025,IGKV,Quarterly,0,0
2025-01-03 11:30:00,3.9,22.45,16.21,12.19,76.04,33.29,1.07,283.23,0.84,28.0,2025,IGKV,Quarterly,0,0
2025-01-03 11:45:00,3.87,22.25,16.08,13.05,73.54,36.06,1.28,298.73,0.79,28.0,2025,IGKV,Quarterly,0,0
2025-01-03 12:00:00,3.87,22.34,16.12,12.39,73.23,36.06,1.02,278.03,0.79,28.02,2025,IGKV,Quarterly,0,0
2025-01-03 12:15:00,3.85,22.12,15.99,12.16,73.23,36.06,1.06,287.05,0.76,27.99,2025,IGKV,Quarterly,0,0
2025-01-03 12:30:00,3.86,21.93,15.9,12.72,73.23,36.06,1.01,272.83,0.74,28.0,2025,IGKV,Quarterly,0,0
2025-01-03 12:45:00,3.87,21.64,15.76,11.94,63.81,44.51,0.67,254.26,0.72,28.0,2025,IGKV,Quarterly,0,0
2025-01-03 13:00:00,3.86,21.2,15.52,11.97,62.64,44.51,0.79,282.55,0.7,28.0,2025,IGKV,Quarterly,0,0
2025-01-03 13:15:00,3.87,20.83,15.33,12.25,62.64,44.51,0.9,285.09,0.67,28.0,2025,IGKV,Quarterly,0,0
2025-01-03 13:30:00,3.86,20.78,15.3,12.15,62.64,44.51,0.74,254.6,0.66,27.99,2025,IGKV,Quarterly,0,0
2025-01-03 13:45:00,3.85,20.57,15.19,12.3,61.5,42.19,0.92,273.23,0.64,27.99,2025,IGKV,Quarterly,0,0
2025-01-03 14:00:00,3.86,20.44,15.12,12.8,61.36,42.19,0.55,263.38,0.63,27.97,2025,IGKV,Quarterly,0,0
2025-01-03 14:15:00,3.87,20.21,15.02,12.57,61.36,42.19,0.81,286.23,0.65,28.0,2025,IGKV,Quarterly,0,0
2025-01-03 14:30:00,3.9,20.53,15.21,12.76,61.36,42.19,1.13,301.65,0.69,28.0,2025,IGKV,Quarterly,0,0
2025-01-03 14:45:00,3.93,20.66,15.3,13.0,62.16,39.48,0.56,279.66,0.65,28.01,2025,IGKV,Quarterly,0,0
2025-01-03 15:00:00,3.96,20.52,15.25,14.33,62.26,39.48,0.4,242.31,0.67,28.0,2025,IGKV,Quarterly,0,0
2025-01-03 15:15:00,4.02,19.16,14.58,14.71,62.26,39.48,0.75,291.99,0.69,28.02,2025,IGKV,Quarterly,0,0
2025-01-03 15:30:00,4.05,18.23,14.12,15.28,62.26,39.48,0.82,286.89,0.7,28.01,2025,IGKV,Quarterly,0,0
2025-01-03 15:45:00,4.09,18.07,14.07,15.9,56.93,38.54,0.66,289.19,0.67,28.01,2025,IGKV,Quarterly,0,0
2025-01-03 16:00:00,4.05,17.99,14.0,16.48,56.27,38.54,0.7,269.46,0.65,28.01,2025,IGKV,Quarterly,0,0
2025-01-03 16:15:00,4.04,17.94,13.96,18.32,56.27,38.54,0.46,292.82,0.64,28.02,2025,IGKV,Quarterly,0,0
2025-01-03 16:30:00,4.1,18.22,14.16,20.94,56.27,38.54,0.48,313.3,0.67,28.02,2025,IGKV,Quarterly,0,0
2025-01-03 16:45:00,4.13,18.46,14.31,20.8,52.92,36.18,0.44,265.42,0.6,28.03,2025,IGKV,Quarterly,0,0
2025-01-03 17:00:00,4.11,18.17,14.14,19.55,52.5,36.18,0.63,256.14,0.6,28.03,2025,IGKV,Quarterly,0,0
2025-01-03 17:15:00,4.07,17.97,14.0,20.85,52.5,36.18,0.45,250.53,0.62,28.02,2025,IGKV,Quarterly,0,0
2025-01-03 17:30:00,4.03,17.86,13.91,23.2,52.5,36.18,0.47,253.28,0.65,28.01,2025,IGKV,Quarterly,0,0
2025-01-03 17:45:00,4.01,18.04,14.0,27.7,48.18,32.49,0.3,235.8,0.71,28.01,2025,IGKV,Quarterly,0,0
2025-01-03 18:00:00,4.02,18.25,14.11,25.38,47.64,32.49,0.25,218.41,0.7,28.01,2025,IGKV,Quarterly,0,0
2025-01-03 18:15:00,4.03,18.21,14.1,16.61,47.64,32.49,0.24,176.17,0.7,28.0,2025,IGKV,Quarterly,0,0
2025-01-03 18:30:00,4.09,18.6,14.35,17.17,47.64,32.49,0.25,173.11,0.73,28.01,2025,IGKV,Quarterly,0,0
2025-01-03 18:45:00,4.21,19.13,14.72,15.75,51.45,33.55,0.25,168.22,0.76,28.02,2025,IGKV,Quarterly,0,0
2025-01-03 19:00:00,4.29,19.29,14.87,13.88,51.93,33.55,0.19,170.65,0.78,28.03,2025,IGKV,Quarterly,0,0
2025-01-03 19:15:00,4.4,19.33,14.98,13.65,51.93,33.55,0.18,177.5,0.83,28.03,2025,IGKV,Quarterly,0,0
2025-01-03 19:30:00,4.55,19.27,15.07,13.48,51.93,33.55,0.16,179.58,0.85,28.03,2025,IGKV,Quarterly,0,0
2025-01-03 19:45:00,4.65,19.07,15.04,11.84,57.95,32.49,0.2,179.48,0.77,28.02,2025,IGKV,Quarterly,0,0
2025-01-03 20:00:00,4.71,19.55,15.34,11.53,58.71,32.49,0.21,181.52,0.76,28.01,2025,IGKV,Quarterly,0,0
2025-01-03 20:15:00,4.79,20.09,15.69,11.06,58.71,32.49,0.19,185.31,0.78,28.02,2025,IGKV,Quarterly,0,0
2025-01-03 20:30:00,4.87,20.51,15.97,10.74,58.71,32.49,0.16,172.0,0.79,28.04,2025,IGKV,Quarterly,0,0
2025-01-03 20:45:00,4.96,20.87,16.23,11.02,72.77,31.64,0.17,172.34,0.82,28.03,2025,IGKV,Quarterly,0,0
2025-01-03 21:00:00,5.08,21.45,16.63,11.45,74.53,31.64,0.22,172.78,0.84,28.05,2025,IGKV,Quarterly,0,0
2025-01-03 21:15:00,5.24,21.95,17.02,11.26,74.53,31.64,0.24,174.71,0.87,28.04,2025,IGKV,Quarterly,0,0
2025-01-03 21:30:00,5.37,22.27,17.29,10.85,74.53,31.64,0.28,179.63,0.89,28.06,2025,IGKV,Quarterly,0,0
2025-01-03 21:45:00,5.47,22.48,17.48,10.8,73.42,30.27,0.27,165.3,0.92,28.08,2025,IGKV,Quarterly,0,0
2025-01-03 22:00:00,5.61,22.69,17.7,10.99,73.28,30.27,0.27,163.73,0.94,28.06,2025,IGKV,Quarterly,0,0
2025-01-03 22:15:00,5.75,22.97,17.96,10.98,73.28,30.27,0.27,155.77,0.98,28.07,2025,IGKV,Quarterly,0,0
2025-01-03 22:30:00,5.89,23.09,18.14,10.84,73.28,30.27,0.27,173.08,1.0,28.06,2025,IGKV,Quarterly,0,0
2025-01-03 22:45:00,6.04,23.16,18.29,11.01,79.33,28.58,0.25,170.95,1.02,28.09,2025,IGKV,Quarterly,0,0
2025-01-03 23:00:00,6.05,23.13,18.29,10.88,80.09,28.58,0.23,144.09,1.04,28.1,2025,IGKV,Quarterly,0,0
2025-01-03 23:15:00,6.34,23.23,18.57,11.07,80.09,28.58,0.28,155.75,1.04,28.1,2025,IGKV,Quarterly,0,0
2025-01-03 23:30:00,7.01,23.7,19.35,10.99,80.09,28.58,0.21,188.98,1.07,28.13,2025,IGKV,Quarterly,0,0
2025-01-03 23:45:00,7.4,23.89,19.77,10.76,79.65,26.11,0.21,173.34,1.08,28.14,2025,IGKV,Quarterly,0,0
2025-01-04 00:15:00,24.06,79.92,63.36,38.23,235.91,98.07,6.74,144.72,1.54,25.08,2025,IGKV,Quarterly,0,0
2025-01-04 00:30:00,23.53,79.46,62.24,28.63,235.91,123.65,4.87,250.73,1.55,25.29,2025,IGKV,Quarterly,0,0
2025-01-04 00:45:00,24.36,79.17,62.73,24.23,359.12,126.15,7.19,183.78,1.54,25.27,2025,IGKV,Quarterly,0,0
2025-01-04 01:00:00,24.49,78.81,62.65,23.07,359.12,126.15,5.58,174.11,1.52,25.26,2025,IGKV,Quarterly,0,0
2025-01-04 01:15:00,23.52,77.32,61.09,26.36,359.12,126.15,4.74,136.76,1.47,25.42,2025,IGKV,Quarterly,0,0
2025-01-04 01:30:00,22.3,75.93,59.38,27.1,247.94,104.74,4.68,74.55,1.43,25.58,2025,IGKV,Quarterly,0,0
2025-01-04 01:45:00,22.86,76.62,60.19,30.64,247.94,102.65,2.18,165.68,1.42,25.48,2025,IGKV,Quarterly,0,0
2025-01-04 02:00:00,24.41,77.1,61.69,23.68,247.94,102.65,4.76,243.69,1.43,25.36,2025,IGKV,Quarterly,0,0
2025-01-04 02:15:00,24.44,77.63,61.98,24.81,247.94,102.65,4.35,256.92,1.42,25.33,2025,IGKV,Quarterly,0,0
2025-01-04 02:30:00,24.58,78.88,62.75,27.05,244.84,89.1,5.14,154.44,1.41,25.23,2025,IGKV,Quarterly,0,0
2025-01-04 02:45:00,25.07,78.24,62.81,23.0,244.54,87.78,5.58,131.24,1.4,25.28,2025,IGKV,Quarterly,0,0
2025-01-04 03:00:00,25.74,77.77,63.1,19.56,244.54,87.78,0.77,120.11,1.4,25.3,2025,IGKV,Quarterly,0,0
2025-01-04 03:15:00,27.5,77.99,64.63,16.83,244.54,87.78,6.44,167.04,1.39,25.22,2025,IGKV,Quarterly,0,0
2025-01-04 03:30:00,27.77,76.62,64.13,14.79,229.55,90.81,7.02,134.33,1.37,25.26,2025,IGKV,Quarterly,0,0
2025-01-04 03:45:00,27.82,75.24,63.45,12.16,228.09,91.11,4.34,146.51,1.35,25.35,2025,IGKV,Quarterly,0,0
2025-01-04 04:00:00,29.34,74.81,64.44,13.16,228.09,91.11,7.61,136.04,1.34,25.3,2025,IGKV,Quarterly,0,0
2025-01-04 04:15:00,30.48,73.96,64.91,12.78,228.09,91.11,8.89,213.48,1.33,25.28,2025,IGKV,Quarterly,0,0
2025-01-04 04:30:00,30.39,72.12,63.88,12.55,189.83,75.82,9.62,213.8,1.3,25.56,2025,IGKV,Quarterly,0,0
2025-01-04 04:45:00,29.59,70.22,62.24,11.4,186.1,74.33,8.81,180.11,1.27,25.57,2025,IGKV,Quarterly,0,0
2025-01-04 05:00:00,28.08,68.51,60.14,11.26,186.1,74.33,6.66,42.36,1.25,25.68,2025,IGKV,Quarterly,0,0
2025-01-04 05:15:00,26.7,67.59,58.55,7.63,186.1,74.33,1.97,65.69,1.18,25.82,2025,IGKV,Quarterly,0,0
2025-01-04 05:30:00,25.16,66.16,56.57,14.89,137.48,58.39,1.86,209.44,1.19,25.98,2025,IGKV,Quarterly,0,0
2025-01-04 05:45:00,24.45,66.17,56.01,12.22,132.73,56.84,9.82,253.35,1.18,26.03,2025,IGKV,Quarterly,0,0
2025-01-04 06:00:00,23.04,65.23,54.39,13.73,132.73,56.84,4.63,81.8,1.14,26.13,2025,IGKV,Quarterly,0,0
2025-01-04 06:15:00,21.94,64.97,53.37,12.78,132.73,56.84,2.59,197.22,1.13,26.2,2025,IGKV,Quarterly,0,0
2025-01-04 06:30:00,21.44,64.89,52.92,12.28,125.83,55.15,1.74,172.23,1.12,26.25,2025,IGKV,Quarterly,0,0
2025-01-04 06:45:00,21.05,65.08,52.71,12.91,125.15,54.98,2.49,195.45,1.13,26.33,2025,IGKV,Quarterly,0,0
2025-01-04 07:00:00,21.52,65.14,53.12,12.22,125.15,54.98,0.78,50.64,1.12,26.31,2025,IGKV,Quarterly,0,0
2025-01-04 07:15:00,21.81,65.32,53.44,12.21,125.15,54.98,3.51,194.93,1.11,26.29,2025,IGKV,Quarterly,0,0
2025-01-04 07:30:00,21.88,65.27,53.47,12.52,158.83,64.2,1.7,40.21,1.11,26.3,2025,IGKV,Quarterly,0,0
2025-01-04 07:45:00,22.05,64.84,53.38,12.88,162.11,65.09,4.87,12.88,1.1,26.32,2025,IGKV,Quarterly,0,0
2025-01-04 08:00:00,22.22,64.7,53.45,12.77,162.11,65.09,6.4,46.5,1.1,26.3,2025,IGKV,Quarterly,0,0
2025-01-04 08:15:00,22.08,64.68,53.33,15.75,162.11,65.09,5.98,41.61,1.1,26.29,2025,IGKV,Quarterly,0,0
2025-01-04 08:30:00,21.57,64.6,52.87,15.68,178.62,60.22,5.58,27.34,1.09,26.3,2025,IGKV,Quarterly,0,0
2025-01-04 08:45:00,20.62,63.88,51.74,16.71,180.23,59.74,6.69,23.17,1.09,26.36,2025,IGKV,Quarterly,0,0
2025-01-04 09:00:00,19.44,63.43,50.55,19.11,180.23,59.74,1.17,286.76,1.06,26.38,2025,IGKV,Quarterly,0,0
2025-01-04 09:15:00,18.3,62.87,49.35,27.7,180.23,59.74,7.69,24.96,1.06,26.46,2025,IGKV,Quarterly,0,0
2025-01-04 09:30:00,18.23,63.17,49.46,24.65,136.86,62.74,8.94,27.31,1.05,26.41,2025,IGKV,Quarterly,0,0
2025-01-04 09:45:00,15.92,64.6,48.35,23.84,132.63,63.04,1.3,347.88,1.04,26.52,2025,IGKV,Quarterly,0,0
2025-01-04 10:00:00,14.45,65.73,47.76,25.56,132.63,63.04,1.74,57.64,1.02,26.58,2025,IGKV,Quarterly,0,0
2025-01-04 10:15:00,13.1,67.24,47.46,23.33,132.63,63.04,7.25,43.36,1.0,26.57,2025,IGKV,Quarterly,0,0
2025-01-04 10:30:00,12.19,67.38,46.8,24.76,103.5,65.81,8.89,27.0,0.99,26.62,2025,IGKV,Quarterly,0,0
2025-01-04 10:45:00,11.18,68.0,46.32,25.96,100.65,66.09,5.56,59.84,0.99,26.66,2025,IGKV,Quarterly,0,0
2025-01-04 11:00:00,9.75,66.09,44.18,27.6,100.65,66.09,7.21,35.68,0.96,26.79,2025,IGKV,Quarterly,0,0
2025-01-04 11:15:00,8.27,63.25,41.5,19.19,100.65,66.09,6.53,40.44,0.95,26.97,2025,IGKV,Quarterly,0,0
2025-01-04 11:30:00,7.31,60.73,39.42,26.2,101.23,72.83,7.07,37.53,0.96,27.11,2025,IGKV,Quarterly,0,0
2025-01-04 11:45:00,6.47,60.18,38.46,29.23,101.28,73.48,7.13,51.45,0.94,27.26,2025,IGKV,Quarterly,0,0
2025-01-04 12:00:00,6.76,60.23,38.72,25.67,101.28,73.48,8.29,27.81,0.93,27.3,2025,IGKV,Quarterly,0,0
2025-01-04 12:15:00,6.15,58.8,37.48,28.12,101.28,73.48,6.91,42.31,0.9,27.36,2025,IGKV,Quarterly,0,0
2025-01-04 12:30:00,5.67,52.64,33.88,32.03,93.85,71.27,6.98,15.06,0.89,27.48,2025,IGKV,Quarterly,0,0
2025-01-04 12:45:00,5.77,53.15,34.22,32.14,93.13,71.06,8.37,34.77,0.88,27.48,2025,IGKV,Quarterly,0,0
2025-01-04 13:00:00,5.61,53.81,34.44,32.84,93.13,71.06,6.93,36.17,0.88,27.51,2025,IGKV,Quarterly,0,0
2025-01-04 13:15:00,5.42,53.93,34.35,29.66,93.13,71.06,8.31,26.57,0.84,27.56,2025,IGKV,Quarterly,0,0
2025-01-04 13:30:00,5.56,53.62,34.3,33.53,87.98,59.68,7.48,43.8,0.85,27.6,2025,IGKV,Quarterly,0,0
2025-01-04 13:45:00,5.56,53.63,34.3,31.35,87.47,58.57,6.33,23.67,0.84,27.51,2025,IGKV,Quarterly,0,0
2025-01-04 14:00:00,5.56,53.63,34.3,33.55,87.47,58.57,5.34,42.97,0.85,27.5,2025,IGKV,Quarterly,0,0
2025-01-04 14:15:00,5.56,53.63,34.3,26.78,87.47,58.57,6.77,20.89,0.84,27.56,2025,IGKV,Quarterly,0,0
2025-01-04 14:30:00,5.56,53.63,34.3,34.85,86.41,60.85,8.32,31.15,0.79,27.67,2025,IGKV,Quarterly,0,0
2025-01-04 14:45:00,5.56,53.63,34.3,34.45,86.3,61.08,9.2,26.45,0.78,27.72,2025,IGKV,Quarterly,0,0
2025-01-04 15:00:00,5.56,53.63,34.3,33.13,86.3,61.08,8.77,31.01,0.77,27.69,2025,IGKV,Quarterly,0,0
2025-01-04 15:15:00,5.56,53.63,34.3,35.69,86.3,61.08,8.03,33.3,0.75,27.73,2025,IGKV,Quarterly,0,0
2025-01-04 15:30:00,5.56,53.63,34.3,33.48,87.15,56.39,6.51,52.17,0.72,27.74,2025,IGKV,Quarterly,0,0
2025-01-04 15:45:00,5.56,53.63,34.3,35.89,87.24,55.93,8.21,42.07,0.71,27.77,2025,IGKV,Quarterly,0,0
2025-01-04 16:00:00,5.56,53.63,34.3,37.61,87.24,55.93,7.35,39.1,0.71,27.73,2025,IGKV,Quarterly,0,0
2025-01-04 16:15:00,5.56,53.63,34.3,30.75,87.24,55.93,7.38,40.22,0.71,27.75,2025,IGKV,Quarterly,0,0
2025-01-04 16:30:00,5.56,53.63,34.3,32.39,73.74,49.44,6.77,48.52,0.7,27.8,2025,IGKV,Quarterly,0,0
2025-01-04 16:45:00,5.56,53.63,34.3,26.71,72.42,48.8,6.66,68.25,0.68,27.8,2025,IGKV,Quarterly,0,0
2025-01-04 17:00:00,5.56,53.63,34.3,25.76,72.42,48.8,5.71,52.8,0.67,27.83,2025,IGKV,Quarterly,0,0
2025-01-04 17:15:00,5.56,53.63,34.3,25.92,72.42,48.8,4.88,47.72,0.69,27.83,2025,IGKV,Quarterly,0,0
2025-01-04 17:30:00,5.56,53.63,34.3,30.79,73.22,44.64,6.35,63.78,0.71,27.74,2025,IGKV,Quarterly,0,0
2025-01-04 17:45:00,5.56,53.63,34.3,47.61,73.3,44.24,7.51,63.68,0.7,27.65,2025,IGKV,Quarterly,0,0
2025-01-04 18:00:00,5.56,53.63,34.3,49.12,73.3,44.24,9.02,60.62,0.7,27.42,2025,IGKV,Quarterly,0,0
2025-01-04 18:15:00,5.56,53.63,34.3,58.7,73.3,44.24,6.57,84.15,0.74,27.16,2025,IGKV,Quarterly,0,0
2025-01-04 18:30:00,5.56,53.63,34.3,49.59,89.9,43.0,7.81,83.54,0.79,26.9,2025,IGKV,Quarterly,0,0
2025-01-04 18:45:00,5.56,53.63,34.3,46.32,91.52,42.88,9.88,103.2,0.83,26.7,2025,IGKV,Quarterly,0,0
2025-01-04 19:00:00,5.56,53.63,34.3,35.19,91.52,42.88,10.0,90.55,0.84,26.88,2025,IGKV,Quarterly,0,0
2025-01-04 19:15:00,5.56,53.63,34.3,38.31,91.52,42.88,10.4,102.77,0.89,26.9,2025,IGKV,Quarterly,0,0
2025-01-04 19:30:00,5.56,53.63,34.3,34.56,118.02,55.46,8.5,105.21,0.93,26.57,2025,IGKV,Quarterly,0,0
2025-01-04 19:45:00,5.56,53.63,34.3,41.81,120.61,56.69,6.26,111.72,0.95,26.6,2025,IGKV,Quarterly,0,0
2025-01-04 20:00:00,5.56,53.63,34.3,27.59,120.61,56.69,7.26,100.06,0.89,26.73,2025,IGKV,Quarterly,0,0
2025-01-04 20:15:00,5.56,53.63,34.3,24.25,120.61,56.69,7.16,100.87,0.91,26.83,2025,IGKV,Quarterly,0,0
2025-01-04 20:30:00,5.56,53.63,34.3,20.8,126.67,55.89,6.78,97.88,0.9,26.97,2025,IGKV,Quarterly,0,0
2025-01-04 20:45:00,5.56,53.63,34.3,21.92,127.27,55.81,7.22,95.91,0.9,26.96,2025,IGKV,Quarterly,0,0
2025-01-04 21:00:00,5.56,53.63,34.3,27.92,127.27,55.81,7.56,76.29,0.93,27.0,2025,IGKV,Quarterly,0,0
2025-01-04 21:15:00,5.56,53.63,34.3,38.54,127.27,55.81,7.93,94.84,0.93,27.04,2025,IGKV,Quarterly,0,0
2025-01-04 21:30:00,5.56,53.63,34.3,37.81,132.36,63.72,9.06,78.78,0.94,26.97,2025,IGKV,Quarterly,0,0
2025-01-04 21:45:00,5.56,53.63,34.3,34.26,132.86,64.49,7.55,58.52,1.02,26.93,2025,IGKV,Quarterly,0,0
2025-01-04 22:00:00,5.56,53.63,34.3,28.45,132.86,64.49,8.6,109.67,1.38,27.01,2025,IGKV,Quarterly,0,0
2025-01-04 22:15:00,5.56,53.63,34.3,23.89,132.86,64.49,8.96,109.86,1.07,27.22,2025,IGKV,Quarterly,0,0
2025-01-04 22:30:00,5.56,53.63,34.3,21.57,127.21,62.5,8.87,118.22,1.08,27.28,2025,IGKV,Quarterly,0,0
2025-01-04 22:45:00,5.56,53.63,34.3,19.43,126.66,62.31,9.75,112.71,1.07,27.32,2025,IGKV,Quarterly,0,0
2025-01-04 23:00:00,5.56,53.63,34.3,19.65,126.66,62.31,9.76,128.99,1.07,27.36,2025,IGKV,Quarterly,0,0
2025-01-04 23:15:00,5.56,53.63,34.3,19.35,126.66,62.31,9.23,137.08,1.07,27.29,2025,IGKV,Quarterly,0,0
2025-01-04 23:30:00,5.56,53.63,34.3,21.29,122.25,61.51,8.74,113.24,1.1,27.27,2025,IGKV,Quarterly,0,0
2025-01-04 23:45:00,5.56,53.63,34.3,16.44,121.82,61.43,7.7,130.61,1.1,27.2,2025,IGKV,Quarterly,0,0
2025-01-05 00:15:00,3.89,32.31,20.68,0.98,25.4,16.36,0.76,144.22,0.5,28.07,2025,IGKV,Quarterly,0,0
2025-01-05 00:30:00,3.84,33.32,21.16,1.37,25.4,16.36,0.75,142.09,0.49,28.06,2025,IGKV,Quarterly,0,0
2025-01-05 00:45:00,3.85,33.38,21.21,1.53,25.4,16.36,0.36,165.0,0.48,28.07,2025,IGKV,Quarterly,0,0
2025-01-05 01:00:00,4.08,33.48,21.44,1.66,24.77,14.83,0.47,148.39,0.46,28.06,2025,IGKV,Quarterly,0,0
2025-01-05 01:15:00,4.39,33.59,21.75,1.56,24.23,13.5,0.31,161.88,0.45,28.06,2025,IGKV,Quarterly,0,0
2025-01-05 01:30:00,4.69,33.86,22.13,1.49,24.23,13.5,0.53,147.7,0.46,28.02,2025,IGKV,Quarterly,0,0
2025-01-05 01:45:00,4.81,35.62,23.14,1.49,24.23,13.5,0.34,119.03,0.43,27.95,2025,IGKV,Quarterly,0,0
2025-01-05 02:00:00,4.7,31.04,20.66,1.46,21.88,11.38,0.16,206.72,0.42,28.13,2025,IGKV,Quarterly,0,0
2025-01-05 02:15:00,4.68,30.45,20.34,1.11,19.82,9.53,0.23,90.65,0.44,28.12,2025,IGKV,Quarterly,0,0
2025-01-05 02:30:00,4.81,33.1,21.83,1.13,19.82,9.53,0.58,287.11,0.43,28.0,2025,IGKV,Quarterly,0,0
2025-01-05 02:45:00,4.69,34.07,22.24,1.13,19.82,9.53,0.4,277.96,0.44,27.94,2025,IGKV,Quarterly,0,0
2025-01-05 03:00:00,4.82,34.47,22.55,1.19,18.53,10.93,0.29,197.67,0.43,27.91,2025,IGKV,Quarterly,0,0
2025-01-05 03:15:00,5.13,35.48,23.33,0.89,17.41,12.22,0.16,284.28,0.44,27.82,2025,IGKV,Quarterly,0,0
2025-01-05 03:30:00,5.56,36.72,24.32,0.97,17.41,12.22,0.15,41.22,0.45,27.75,2025,IGKV,Quarterly,0,0
2025-01-05 03:45:00,6.15,42.1,27.6,0.95,17.41,12.22,0.12,155.41,0.44,27.5,2025,IGKV,Quarterly,0,0
2025-01-05 04:00:00,6.84,40.53,27.34,0.62,24.54,14.17,0.72,125.25,0.43,27.51,2025,IGKV,Quarterly,0,0
2025-01-05 04:15:00,7.63,39.96,27.67,0.97,30.79,15.89,0.71,101.37,0.42,27.45,2025,IGKV,Quarterly,0,0
2025-01-05 04:30:00,8.55,39.63,28.23,1.49,30.79,15.89,0.51,76.84,0.43,27.55,2025,IGKV,Quarterly,0,0
2025-01-05 04:45:00,9.53,39.36,28.88,1.35,30.79,15.89,0.68,58.47,0.43,27.47,2025,IGKV,Quarterly,0,0
2025-01-05 05:00:00,10.58,39.84,29.98,1.3,41.85,18.08,0.66,67.56,0.45,27.36,2025,IGKV,Quarterly,0,0
2025-01-05 05:15:00,11.47,33.85,27.56,0.48,51.53,20.0,0.7,54.0,0.47,27.52,2025,IGKV,Quarterly,0,0
2025-01-05 05:30:00,12.47,31.25,27.0,1.5,51.53,20.0,0.44,86.03,0.54,27.59,2025,IGKV,Quarterly,0,0
2025-01-05 05:45:00,13.19,32.62,28.3,1.46,51.53,20.0,0.51,154.14,0.56,27.46,2025,IGKV,Quarterly,0,0
2025-01-05 06:00:00,13.23,34.24,29.18,1.62,72.37,28.3,0.64,160.21,0.57,27.37,2025,IGKV,Quarterly,0,0
2025-01-05 06:15:00,12.98,34.18,28.94,1.5,91.42,35.57,0.49,39.8,0.57,27.38,2025,IGKV,Quarterly,0,0
2025-01-05 06:30:00,12.98,33.91,28.8,1.43,91.42,35.57,0.38,108.41,0.57,27.41,2025,IGKV,Quarterly,0,0
2025-01-05 06:45:00,12.96,34.51,29.1,1.49,91.42,35.57,0.51,144.14,0.57,27.41,2025,IGKV,Quarterly,0,0
2025-01-05 07:00:00,12.85,39.93,31.85,1.34,86.73,33.96,0.29,146.91,0.55,27.18,2025,IGKV,Quarterly,0,0
2025-01-05 07:15:00,13.14,39.81,32.01,1.43,82.62,32.55,0.68,150.22,0.56,27.19,2025,IGKV,Quarterly,0,0
2025-01-05 07:30:00,13.17,39.16,31.7,1.41,82.62,32.55,0.56,155.77,0.54,27.26,2025,IGKV,Quarterly,0,0
2025-01-05 07:45:00,12.95,38.67,31.26,1.28,82.62,32.55,0.42,161.14,0.54,27.31,2025,IGKV,Quarterly,0,0
2025-01-05 08:00:00,12.76,38.12,30.82,1.63,77.11,32.72,0.24,235.49,0.54,27.33,2025,IGKV,Quarterly,0,0
2025-01-05 08:15:00,12.69,38.55,30.99,1.75,72.29,32.88,0.56,176.19,0.54,27.33,2025,IGKV,Quarterly,0,0
2025-01-05 08:30:00,11.62,31.95,26.68,1.83,72.29,32.88,0.71,228.84,0.53,27.53,2025,IGKV,Quarterly,0,0
2025-01-05 08:45:00,11.07,29.22,24.82,1.14,72.29,32.88,1.18,219.0,0.55,27.75,2025,IGKV,Quarterly,0,0
2025-01-05 09:00:00,9.59,30.93,24.52,1.09,62.68,27.45,0.33,206.49,0.55,27.8,2025,IGKV,Quarterly,0,0
2025-01-05 09:15:00,7.86,29.46,22.37,1.09,54.28,22.69,0.82,222.3,0.55,27.83,2025,IGKV,Quarterly,0,0
2025-01-05 09:30:00,7.78,32.48,23.88,1.17,54.28,22.69,1.2,235.28,0.56,27.81,2025,IGKV,Quarterly,0,0
2025-01-05 09:45:00,6.87,31.99,22.9,1.45,54.28,22.69,0.46,193.05,0.55,27.88,2025,IGKV,Quarterly,0,0
2025-01-05 10:00:00,6.0,33.09,22.77,1.22,48.97,20.43,0.88,228.12,0.55,27.92,2025,IGKV,Quarterly,0,0
2025-01-05 10:15:00,5.48,39.37,25.64,0.54,44.32,18.46,0.53,180.59,0.55,27.69,2025,IGKV,Quarterly,0,0
2025-01-05 10:30:00,4.53,34.92,22.55,1.53,44.32,18.46,0.87,198.43,0.53,27.79,2025,IGKV,Quarterly,0,0
2025-01-05 10:45:00,4.43,36.07,23.08,1.43,44.32,18.46,0.92,237.79,0.52,27.91,2025,IGKV,Quarterly,0,0
2025-01-05 11:00:00,4.3,36.18,23.03,1.44,39.52,18.06,1.01,195.68,0.51,28.03,2025,IGKV,Quarterly,0,0
2025-01-05 11:15:00,4.23,35.09,22.4,0.49,35.32,17.72,0.8,304.26,0.49,28.08,2025,IGKV,Quarterly,0,0
2025-01-05 11:30:00,4.09,34.33,21.89,1.23,35.32,17.72,0.65,245.12,0.51,28.13,2025,IGKV,Quarterly,0,0
2025-01-05 11:45:00,3.63,30.68,19.62,1.79,35.32,17.72,0.69,195.41,0.49,28.3,2025,IGKV,Quarterly,0,0
2025-01-05 12:00:00,3.15,23.44,15.45,1.59,33.7,19.04,1.02,221.11,0.5,28.67,2025,IGKV,Quarterly,0,0
2025-01-05 12:15:00,3.08,23.72,15.54,1.49,32.28,20.2,0.62,305.57,0.54,28.64,2025,IGKV,Quarterly,0,0
2025-01-05 12:30:00,3.1,25.08,16.27,1.79,32.28,20.2,1.07,227.38,0.58,28.51,2025,IGKV,Quarterly,0,0
2025-01-05 12:45:00,2.72,25.05,15.94,1.97,32.28,20.2,1.04,209.03,0.6,28.52,2025,IGKV,Quarterly,0,0
2025-01-05 13:00:00,2.56,23.15,14.82,2.07,33.93,18.4,1.58,226.0,0.61,28.66,2025,IGKV,Quarterly,0,0
2025-01-05 13:15:00,2.51,24.18,15.32,2.45,35.36,16.83,0.74,214.05,0.66,28.6,2025,IGKV,Quarterly,0,0
2025-01-05 13:30:00,2.44,27.38,16.94,3.02,35.36,16.83,1.04,256.62,0.64,28.52,2025,IGKV,Quarterly,0,0
2025-01-05 13:45:00,2.41,31.12,18.87,3.89,35.36,16.83,1.43,225.96,0.65,28.34,2025,IGKV,Quarterly,0,0
2025-01-05 14:00:00,2.45,25.84,16.14,4.31,38.15,18.94,1.3,230.09,0.64,28.58,2025,IGKV,Quarterly,0,0
2025-01-05 14:15:00,2.49,22.38,14.37,4.73,40.59,20.79,0.97,197.22,0.66,28.75,2025,IGKV,Quarterly,0,0
2025-01-05 14:30:00,2.48,26.3,16.41,4.36,40.59,20.79,1.21,203.62,0.65,28.57,2025,IGKV,Quarterly,0,0
2025-01-05 14:45:00,2.45,23.67,15.01,3.71,40.59,20.79,1.36,236.67,0.65,28.73,2025,IGKV,Quarterly,0,0
2025-01-05 15:00:00,2.58,28.06,17.41,3.0,43.52,21.72,1.79,240.48,0.62,28.58,2025,IGKV,Quarterly,0,0
2025-01-05 15:15:00,2.73,26.44,16.68,2.84,46.08,22.54,0.21,237.14,0.6,28.6,2025,IGKV,Quarterly,0,0
2025-01-05 15:30:00,2.78,21.38,14.08,2.61,46.08,22.54,0.55,122.76,0.58,28.77,2025,IGKV,Quarterly,0,0
2025-01-05 15:45:00,2.83,19.12,12.93,2.21,46.08,22.54,0.45,144.78,0.6,28.84,2025,IGKV,Quarterly,0,0
2025-01-05 16:00:00,2.54,15.94,11.04,2.27,44.03,21.1,0.6,149.96,0.52,29.09,2025,IGKV,Quarterly,0,0
2025-01-05 16:15:00,2.47,15.73,10.88,2.69,42.24,19.83,0.45,200.88,0.53,29.12,2025,IGKV,Quarterly,0,0
2025-01-05 16:30:00,3.02,17.94,12.47,2.75,42.24,19.83,2.99,357.93,0.58,28.98,2025,IGKV,Quarterly,0,0
2025-01-05 16:45:00,2.66,21.14,13.86,2.52,42.24,19.83,5.29,15.39,0.49,28.85,2025,IGKV,Quarterly,0,0
2025-01-05 17:00:00,2.17,26.96,16.5,2.97,42.24,28.09,2.98,45.29,0.45,28.62,2025,IGKV,Quarterly,0,0
2025-01-05 17:15:00,2.19,30.05,18.14,1.46,500.0,35.31,2.15,53.5,0.42,28.48,2025,IGKV,Quarterly,0,0
2025-01-05 17:30:00,2.22,32.31,19.33,2.7,500.0,35.31,1.12,81.96,0.43,28.33,2025,IGKV,Quarterly,0,0
2025-01-05 17:45:00,2.62,34.4,20.75,2.54,500.0,35.31,1.07,69.76,0.44,28.13,2025,IGKV,Quarterly,0,0
2025-01-05 18:00:00,3.36,35.77,22.05,2.29,18.15,28.13,0.82,78.41,0.45,27.98,2025,IGKV,Quarterly,0,0
2025-01-05 18:15:00,4.37,38.1,24.08,1.44,18.15,21.84,0.73,150.91,0.46,27.77,2025,IGKV,Quarterly,0,0
2025-01-05 18:30:00,5.11,32.8,21.91,1.58,18.15,21.84,0.4,107.22,0.47,27.91,2025,IGKV,Quarterly,0,0
2025-01-05 18:45:00,5.58,33.85,22.84,1.37,18.15,21.84,0.35,150.05,0.5,27.85,2025,IGKV,Quarterly,0,0
2025-01-05 19:00:00,5.9,37.06,24.77,1.34,19.14,17.91,0.56,150.8,0.51,27.64,2025,IGKV,Quarterly,0,0
2025-01-05 19:15:00,6.11,39.84,26.39,1.6,20.0,14.48,0.53,148.14,0.51,27.49,2025,IGKV,Quarterly,0,0
2025-01-05 19:30:00,6.26,40.35,26.77,1.61,20.0,14.48,0.61,150.29,0.53,27.43,2025,IGKV,Quarterly,0,0
2025-01-05 19:45:00,6.39,40.81,27.12,1.1,20.0,14.48,0.47,126.0,0.53,27.43,2025,IGKV,Quarterly,0,0
2025-01-05 20:00:00,6.46,40.07,26.79,1.09,24.17,14.55,0.47,123.85,0.54,27.46,2025,IGKV,Quarterly,0,0
2025-01-05 20:15:00,6.78,38.36,26.15,1.59,27.81,14.61,0.3,186.95,0.52,27.52,2025,IGKV,Quarterly,0,0
2025-01-05 20:30:00,7.02,37.86,26.09,1.22,27.81,14.61,1.46,208.75,0.51,27.69,2025,IGKV,Quarterly,0,0
2025-01-05 20:45:00,6.91,37.83,25.98,1.26,27.81,14.61,1.78,208.65,0.5,27.62,2025,IGKV,Quarterly,0,0
2025-01-05 21:00:00,6.66,37.69,25.71,1.51,22.85,12.02,1.59,210.74,0.49,27.66,2025,IGKV,Quarterly,0,0
2025-01-05 21:15:00,6.61,37.91,25.78,1.29,18.5,9.76,1.62,218.01,0.48,27.66,2025,IGKV,Quarterly,0,0
2025-01-05 21:30:00,6.64,39.39,26.58,1.35,18.5,9.76,1.42,202.09,0.46,27.59,2025,IGKV,Quarterly,0,0
2025-01-05 21:45:00,6.4,34.82,24.0,1.05,18.5,9.76,1.44,211.87,0.45,27.81,2025,IGKV,Quarterly,0,0
2025-01-05 22:00:00,6.13,35.13,23.95,0.9,12.87,9.61,1.25,201.07,0.46,27.82,2025,IGKV,Quarterly,0,0
2025-01-05 22:15:00,5.94,37.16,24.85,1.12,7.93,9.47,0.6,217.48,0.46,27.71,2025,IGKV,Quarterly,0,0
2025-01-05 22:30:00,5.85,37.34,24.87,1.11,7.93,9.47,0.12,233.6,0.46,27.73,2025,IGKV,Quarterly,0,0
2025-01-05 22:45:00,5.81,38.16,25.27,0.75,7.93,9.47,1.01,204.76,0.46,27.71,2025,IGKV,Quarterly,0,0
2025-01-05 23:00:00,5.62,38.82,25.46,0.52,9.06,8.11,0.71,208.0,0.45,27.71,2025,IGKV,Quarterly,0,0
2025-01-05 23:15:00,5.76,39.99,26.19,0.05,10.05,6.91,0.91,222.35,0.43,27.63,2025,IGKV,Quarterly,0,0
2025-01-05 23:30:00,6.15,41.14,27.11,0.28,10.05,6.91,1.51,236.28,0.44,27.59,2025,IGKV,Quarterly,0,0
2025-01-05 23:45:00,6.72,40.29,27.12,0.57,10.05,6.91,0.96,268.95,0.42,27.57,2025,IGKV,Quarterly,0,0
2025-01-06 00:15:00,5.18,7.63,4.06,7.29,54.71,22.48,0.13,242.7,0.6,28.0,2025,IGKV,Quarterly,0,0
2025-01-06 00:30:00,5.11,7.51,3.94,6.7,54.71,22.48,0.06,172.43,0.57,28.0,2025,IGKV,Quarterly,0,0
2025-01-06 00:45:00,5.67,7.85,3.73,7.3,54.71,22.48,0.68,52.22,0.59,28.0,2025,IGKV,Quarterly,0,0
2025-01-06 01:00:00,6.63,9.93,6.23,6.8,55.02,27.37,0.1,62.21,0.65,28.0,2025,IGKV,Quarterly,0,0
2025-01-06 01:15:00,7.33,10.74,6.72,6.79,55.05,27.37,0.05,138.08,0.63,28.0,2025,IGKV,Quarterly,0,0
2025-01-06 01:30:00,8.16,10.75,5.46,7.22,55.05,27.37,0.32,60.69,0.64,28.0,2025,IGKV,Quarterly,0,0
2025-01-06 01:45:00,8.09,11.0,6.05,7.04,55.05,27.37,0.17,151.19,0.64,28.0,2025,IGKV,Quarterly,0,0
2025-01-06 02:00:00,7.61,10.74,6.29,6.75,59.3,28.24,0.14,201.99,0.61,28.0,2025,IGKV,Quarterly,0,0
2025-01-06 02:15:00,7.52,10.58,6.13,7.47,59.83,28.24,0.13,213.91,0.62,28.0,2025,IGKV,Quarterly,0,0
2025-01-06 02:30:00,7.47,10.42,5.89,8.81,59.83,28.24,0.18,201.05,0.61,28.0,2025,IGKV,Quarterly,0,0
2025-01-06 02:45:00,7.48,10.26,5.58,8.68,59.83,28.24,0.16,187.31,0.62,28.0,2025,IGKV,Quarterly,0,0
2025-01-06 03:00:00,7.47,10.12,5.32,8.76,58.39,27.98,0.15,189.16,0.63,28.0,2025,IGKV,Quarterly,0,0
2025-01-06 03:15:00,7.43,10.0,5.15,9.05,58.2,27.98,0.15,181.35,0.62,28.0,2025,IGKV,Quarterly,0,0
2025-01-06 03:30:00,7.39,9.87,4.95,8.88,58.2,27.98,0.12,183.92,0.62,28.0,2025,IGKV,Quarterly,0,0
2025-01-06 03:45:00,7.38,9.75,4.74,9.19,58.2,27.98,0.25,232.11,0.61,28.0,2025,IGKV,Quarterly,0,0
2025-01-06 04:00:00,7.32,9.7,4.73,9.21,53.89,23.84,0.14,207.46,0.62,28.0,2025,IGKV,Quarterly,0,0
2025-01-06 04:15:00,7.28,9.58,4.57,9.05,53.36,23.84,0.15,218.93,0.61,28.0,2025,IGKV,Quarterly,0,0
2025-01-06 04:30:00,7.14,9.41,4.46,9.17,53.36,23.84,0.13,186.87,0.59,28.0,2025,IGKV,Quarterly,0,0
2025-01-06 04:45:00,6.97,9.18,4.28,9.49,53.36,23.84,0.15,185.58,0.59,28.0,2025,IGKV,Quarterly,0,0
2025-01-06 05:00:00,6.83,9.13,4.4,9.34,51.96,23.11,0.13,204.67,0.58,28.0,2025,IGKV,Quarterly,0,0
2025-01-06 05:15:00,6.76,8.95,4.17,9.55,51.79,23.11,0.23,242.63,0.57,28.0,2025,IGKV,Quarterly,0,0
2025-01-06 05:30:00,6.65,8.81,4.06,9.61,51.79,23.11,0.2,238.27,0.57,28.0,2025,IGKV,Quarterly,0,0
2025-01-06 05:45:00,6.54,8.7,4.03,9.32,51.79,23.11,0.15,225.02,0.55,28.0,2025,IGKV,Quarterly,0,0
2025-01-06 06:00:00,6.44,8.71,4.2,9.56,49.0,19.3,0.15,225.6,0.56,28.0,2025,IGKV,Quarterly,0,0
2025-01-06 06:15:00,6.4,8.52,3.89,9.55,48.65,19.3,0.42,247.07,0.55,28.0,2025,IGKV,Quarterly,0,0
2025-01-06 06:30:00,6.3,8.39,3.81,9.58,48.65,19.3,0.31,247.69,0.54,28.0,2025,IGKV,Quarterly,0,0
2025-01-06 06:45:00,6.15,8.28,3.83,9.68,48.65,19.3,0.38,238.96,0.54,28.0,2025,IGKV,Quarterly,0,0
2025-01-06 07:00:00,6.07,8.11,3.61,9.52,47.57,20.77,0.44,240.52,0.56,28.0,2025,IGKV,Quarterly,0,0
2025-01-06 07:15:00,6.22,8.15,3.47,9.51,47.43,20.77,0.43,245.43,0.55,28.0,2025,IGKV,Quarterly,0,0
2025-01-06 07:30:00,6.26,8.03,3.17,9.2,47.43,20.77,0.44,243.44,0.55,28.0,2025,IGKV,Quarterly,0,0
2025-01-06 07:45:00,6.18,7.98,3.2,9.14,47.43,20.77,0.52,251.16,0.57,28.0,2025,IGKV,Quarterly,0,0
2025-01-06 08:00:00,6.16,7.95,3.18,8.97,48.87,22.0,0.62,252.27,0.55,28.0,2025,IGKV,Quarterly,0,0
2025-01-06 08:15:00,5.98,7.84,3.24,8.45,49.05,22.0,0.56,247.05,0.58,28.0,2025,IGKV,Quarterly,0,0
2025-01-06 08:30:00,5.84,8.0,3.77,8.85,49.05,22.0,0.72,265.34,0.61,28.0,2025,IGKV,Quarterly,0,0
2025-01-06 08:45:00,5.77,8.13,4.12,8.87,49.05,22.0,0.77,260.69,0.61,28.0,2025,IGKV,Quarterly,0,0
2025-01-06 09:00:00,5.62,8.17,4.43,8.82,58.2,27.21,0.9,272.57,0.63,28.0,2025,IGKV,Quarterly,0,0
2025-01-06 09:15:00,5.44,8.01,4.38,8.86,59.34,27.21,0.9,257.93,0.65,28.0,2025,IGKV,Quarterly,0,0
2025-01-06 09:30:00,5.28,8.05,4.72,8.71,59.34,27.21,0.89,278.23,0.67,28.0,2025,IGKV,Quarterly,0,0
2025-01-06 09:45:00,5.27,8.2,5.03,8.36,59.34,27.21,1.09,274.05,0.66,28.0,2025,IGKV,Quarterly,0,0
2025-01-06 10:00:00,4.94,7.9,4.94,8.55,63.6,28.56,0.85,251.99,0.68,28.0,2025,IGKV,Quarterly,0,0
2025-01-06 10:15:00,4.64,7.7,5.04,7.96,64.13,28.56,0.89,275.36,0.68,28.0,2025,IGKV,Quarterly,0,0
2025-01-06 10:30:00,4.43,7.45,4.88,8.93,64.13,28.56,1.09,273.82,0.67,28.0,2025,IGKV,Quarterly,0,0
2025-01-06 10:45:00,4.36,7.38,4.84,8.58,64.13,28.56,1.92,297.25,0.65,28.0,2025,IGKV,Quarterly,0,0
2025-01-06 11:00:00,4.34,7.27,4.67,8.29,67.13,25.75,1.86,297.99,0.64,28.0,2025,IGKV,Quarterly,0,0
2025-01-06 11:15:00,4.27,7.25,4.74,8.54,67.51,25.75,1.48,293.72,0.65,28.0,2025,IGKV,Quarterly,0,0
2025-01-06 11:30:00,4.47,7.61,5.13,8.52,67.51,25.75,1.51,299.67,0.64,28.0,2025,IGKV,Quarterly,0,0
2025-01-06 11:45:00,4.34,7.79,5.65,8.74,67.51,25.75,1.52,281.1,0.6,28.0,2025,IGKV,Quarterly,0,0
2025-01-06 12:00:00,4.19,7.89,6.08,8.58,66.69,24.89,1.34,285.77,0.55,28.0,2025,IGKV,Quarterly,0,0
2025-01-06 12:15:00,4.03,7.72,6.01,8.98,66.58,24.89,1.25,272.84,0.52,28.0,2025,IGKV,Quarterly,0,0
2025-01-06 12:30:00,3.87,7.57,5.96,8.54,66.58,24.89,1.25,269.71,0.5,28.0,2025,IGKV,Quarterly,0,0
2025-01-06 12:45:00,3.76,7.39,5.77,8.17,66.58,24.89,0.99,264.85,0.49,28.0,2025,IGKV,Quarterly,0,0
2025-01-06 13:00:00,3.73,7.49,6.02,8.63,71.41,26.24,0.9,272.42,0.48,28.0,2025,IGKV,Quarterly,0,0
2025-01-06 13:15:00,3.73,7.23,5.52,8.96,72.01,26.24,1.18,278.6,0.47,28.0,2025,IGKV,Quarterly,0,0
2025-01-06 13:30:00,3.74,7.37,5.78,8.81,72.01,26.24,1.16,281.74,0.47,28.0,2025,IGKV,Quarterly,0,0
2025-01-06 13:45:00,3.76,6.92,4.88,8.96,72.01,26.24,1.24,269.71,0.44,28.0,2025,IGKV,Quarterly,0,0
2025-01-06 14:00:00,3.79,7.59,6.14,9.0,74.0,23.28,1.51,280.79,0.45,28.0,2025,IGKV,Quarterly,0,0
2025-01-06 14:15:00,3.79,7.08,5.16,9.24,74.25,23.28,1.17,262.81,0.36,28.0,2025,IGKV,Quarterly,0,0
2025-01-06 14:30:00,3.7,6.91,4.96,8.96,74.25,23.28,1.18,261.33,0.38,28.0,2025,IGKV,Quarterly,0,0
2025-01-06 14:45:00,3.66,7.2,5.58,9.13,74.25,23.28,0.94,250.84,0.37,28.0,2025,IGKV,Quarterly,0,0
2025-01-06 15:00:00,3.63,6.63,4.53,8.98,71.98,24.65,1.17,248.43,0.35,28.0,2025,IGKV,Quarterly,0,0
2025-01-06 15:15:00,3.6,6.98,5.24,9.06,71.69,24.65,0.75,241.66,0.38,28.0,2025,IGKV,Quarterly,0,0
2025-01-06 15:30:00,3.6,6.57,4.46,9.27,71.69,24.65,0.97,252.19,0.36,28.0,2025,IGKV,Quarterly,0,0
2025-01-06 15:45:00,3.63,6.68,4.62,9.26,71.69,24.65,1.16,266.96,0.36,28.0,2025,IGKV,Quarterly,0,0
2025-01-06 16:00:00,3.69,6.96,5.06,9.37,74.67,27.49,1.07,250.45,0.36,28.0,2025,IGKV,Quarterly,0,0
2025-01-06 16:15:00,3.66,6.76,4.73,9.29,75.04,27.49,0.95,250.51,0.35,28.0,2025,IGKV,Quarterly,0,0
2025-01-06 16:30:00,3.63,6.84,4.93,9.28,75.04,27.49,0.88,251.99,0.34,28.0,2025,IGKV,Quarterly,0,0
2025-01-06 16:45:00,3.64,6.55,4.36,9.27,75.04,27.49,0.66,245.03,0.36,28.0,2025,IGKV,Quarterly,0,0
2025-01-06 17:00:00,3.68,6.41,4.04,9.05,74.24,28.37,0.75,248.15,0.36,28.0,2025,IGKV,Quarterly,0,0
2025-01-06 17:15:00,3.74,6.2,3.53,9.06,74.14,28.37,0.76,243.28,0.37,28.0,2025,IGKV,Quarterly,0,0
2025-01-06 17:30:00,3.71,6.07,3.34,9.43,74.14,28.37,0.58,237.77,0.36,28.0,2025,IGKV,Quarterly,0,0
2025-01-06 17:45:00,3.69,6.06,3.34,9.38,74.14,28.37,0.55,243.1,0.35,28.0,2025,IGKV,Quarterly,0,0
2025-01-06 18:00:00,3.68,6.14,3.52,9.63,71.17,26.97,0.57,246.81,0.35,28.0,2025,IGKV,Quarterly,0,0
2025-01-06 18:15:00,3.68,6.12,3.49,7.86,70.84,26.97,0.51,245.85,0.34,28.0,2025,IGKV,Quarterly,0,0
2025-01-06 18:30:00,3.68,6.14,3.53,8.15,70.84,26.97,0.6,248.32,0.34,28.0,2025,IGKV,Quarterly,0,0
2025-01-06 18:45:00,3.66,6.29,3.84,7.87,70.84,26.97,0.31,243.01,0.33,28.0,2025,IGKV,Quarterly,0,0
2025-01-06 19:00:00,3.65,6.35,3.97,7.76,71.02,23.86,0.3,233.58,0.32,28.0,2025,IGKV,Quarterly,0,0
2025-01-06 19:15:00,3.69,6.41,4.02,7.66,71.04,23.86,0.19,223.96,0.33,28.0,2025,IGKV,Quarterly,0,0
2025-01-06 19:30:00,3.75,6.55,4.19,7.78,71.04,23.86,0.26,233.88,0.37,28.0,2025,IGKV,Quarterly,0,0
2025-01-06 19:45:00,3.76,6.68,4.42,7.44,71.04,23.86,0.33,239.09,0.38,28.0,2025,IGKV,Quarterly,0,0
2025-01-06 20:00:00,3.79,6.56,4.14,7.66,71.7,29.86,0.43,240.25,0.37,28.0,2025,IGKV,Quarterly,0,0
2025-01-06 20:15:00,3.89,6.48,3.84,7.74,71.78,29.86,0.56,249.71,0.36,28.0,2025,IGKV,Quarterly,0,0
2025-01-06 20:30:00,3.94,6.37,3.56,7.38,71.78,29.86,0.46,240.13,0.36,28.0,2025,IGKV,Quarterly,0,0
2025-01-06 20:45:00,3.93,6.54,3.89,7.83,71.78,29.86,0.47,246.86,0.39,28.0,2025,IGKV,Quarterly,0,0
2025-01-06 21:00:00,3.97,6.55,3.86,7.68,67.81,29.91,0.66,249.33,0.38,28.0,2025,IGKV,Quarterly,0,0
2025-01-06 21:15:00,4.07,6.35,3.33,7.56,67.32,29.91,0.61,247.69,0.36,28.0,2025,IGKV,Quarterly,0,0
2025-01-06 21:30:00,4.05,6.84,4.29,7.86,67.32,29.91,0.62,250.32,0.36,28.0,2025,IGKV,Quarterly,0,0
2025-01-06 21:45:00,3.96,7.11,4.95,8.09,67.32,29.91,0.41,241.91,0.34,28.0,2025,IGKV,Quarterly,0,0
2025-01-06 22:00:00,3.9,7.22,5.26,8.22,63.7,26.14,0.21,227.37,0.34,28.0,2025,IGKV,Quarterly,0,0
2025-01-06 22:15:00,3.89,7.23,5.29,8.66,63.25,26.14,0.26,237.59,0.34,28.0,2025,IGKV,Quarterly,0,0
2025-01-06 22:30:00,3.9,7.22,5.25,8.67,63.25,26.14,0.36,239.94,0.34,28.0,2025,IGKV,Quarterly,0,0
2025-01-06 22:45:00,3.9,7.17,5.14,8.71,63.25,26.14,0.23,228.19,0.34,28.0,2025,IGKV,Quarterly,0,0
2025-01-06 23:00:00,3.91,7.27,5.33,8.75,65.31,26.71,0.17,207.46,0.34,28.0,2025,IGKV,Quarterly,0,0
2025-01-06 23:15:00,3.97,7.29,5.27,8.9,65.57,26.71,0.35,241.84,0.34,28.0,2025,IGKV,Quarterly,0,0
2025-01-06 23:30:00,4.01,7.2,5.05,8.97,65.57,26.71,0.3,245.09,0.33,28.0,2025,IGKV,Quarterly,0,0
2025-01-06 23:45:00,4.01,7.13,4.9,8.54,65.57,26.71,0.3,241.09,0.33,28.0,2025,IGKV,Quarterly,0,0
2025-01-07 00:15:00,5.03,6.36,1.87,4.86,12.81,5.54,0.48,263.07,0.36,27.232340425531916,2025,IGKV,Quarterly,1,45
2025-01-07 00:30:00,4.99,6.44,2.08,4.47,12.81,5.54,0.57,254.08,0.34,26.848510638297874,2025,IGKV,Quarterly,1,45
2025-01-07 00:45:00,4.89,6.61,2.57,4.16,11.92,6.69,0.58,258.05,0.31,26.46468085106383,2025,IGKV,Quarterly,1,45
2025-01-07 01:00:00,4.78,6.6,2.7,4.22,11.24,7.06,0.57,258.49,0.32,,2025,IGKV,Quarterly,1,45
2025-01-07 01:15:00,4.7,6.62,2.88,4.46,11.24,7.06,0.61,257.72,0.32,,2025,IGKV,Quarterly,1,45
2025-01-07 01:30:00,4.64,6.66,3.05,4.43,11.24,7.06,0.61,261.8,0.34,,2025,IGKV,Quarterly,1,45
2025-01-07 01:45:00,4.62,6.72,3.2,4.58,9.58,7.3,0.72,257.61,0.35,,2025,IGKV,Quarterly,1,45
2025-01-07 02:00:00,4.61,6.78,3.32,4.41,8.31,7.38,0.53,251.25,0.37,,2025,IGKV,Quarterly,1,45
2025-01-07 02:15:00,4.61,6.86,3.46,3.71,8.31,7.38,0.37,259.61,0.37,,2025,IGKV,Quarterly,1,45
2025-01-07 02:30:00,4.65,6.91,3.51,4.49,8.31,7.38,0.49,257.73,0.39,,2025,IGKV,Quarterly,1,45
2025-01-07 02:45:00,4.65,6.94,3.56,4.6,10.09,8.66,0.55,260.14,0.39,,2025,IGKV,Quarterly,1,45
2025-01-07 03:00:00,4.67,6.92,3.49,4.72,11.45,9.06,0.5,258.96,0.39,,2025,IGKV,Quarterly,1,45
2025-01-07 03:15:00,4.68,6.86,3.37,4.87,11.45,9.06,0.54,259.97,0.4,,2025,IGKV,Quarterly,1,45
2025-01-07 03:30:00,4.65,6.83,3.35,4.61,11.45,9.06,0.68,261.41,0.38,,2025,IGKV,Quarterly,1,45
2025-01-07 03:45:00,4.65,6.82,3.33,5.02,15.76,9.88,0.62,260.42,0.38,,2025,IGKV,Quarterly,1,45
2025-01-07 04:00:00,4.63,6.79,3.3,4.99,19.06,10.14,0.78,261.71,0.37,,2025,IGKV,Quarterly,1,45
2025-01-07 04:15:00,4.58,6.73,3.26,4.89,19.06,10.14,0.78,259.91,0.37,,2025,IGKV,Quarterly,1,45
2025-01-07 04:30:00,4.53,6.65,3.18,4.9,19.06,10.14,0.6,258.18,0.36,,2025,IGKV,Quarterly,1,45
2025-01-07 04:45:00,4.48,6.59,3.14,5.07,19.08,9.92,0.66,261.43,0.35,,2025,IGKV,Quarterly,1,45
2025-01-07 05:00:00,4.46,6.53,3.07,5.3,19.09,9.86,0.65,257.93,0.34,,2025,IGKV,Quarterly,1,45
2025-01-07 05:15:00,4.42,6.48,3.03,5.3,19.09,9.86,0.75,265.91,0.33,,2025,IGKV,Quarterly,1,45
2025-01-07 05:30:00,4.38,6.42,2.97,5.75,19.09,9.86,0.71,258.64,0.34,,2025,IGKV,Quarterly,1,45
2025-01-07 05:45:00,4.43,6.38,2.82,5.6,16.14,8.02,0.82,258.59,0.35,,2025,IGKV,Quarterly,1,45
2025-01-07 06:00:00,4.54,6.19,2.29,5.31,13.88,6.92,0.7,259.97,0.33,,2025,IGKV,Quarterly,1,45
2025-01-07 06:15:00,4.6,6.15,2.13,5.05,13.88,6.92,0.71,259.52,0.35,,2025,IGKV,Quarterly,1,45
2025-01-07 06:30:00,4.69,6.15,2.0,4.66,13.88,6.92,0.62,260.78,0.33,,2025,IGKV,Quarterly,1,45
2025-01-07 06:45:00,4.68,6.16,2.02,4.63,13.84,6.54,0.59,257.75,0.35,,2025,IGKV,Quarterly,1,45
2025-01-07 07:00:00,4.77,6.3,2.14,4.81,13.82,6.42,0.58,266.5,0.32,,2025,IGKV,Quarterly,1,45
2025-01-07 07:15:00,4.89,6.28,1.91,4.83,13.82,6.42,0.66,260.88,0.32,,2025,IGKV,Quarterly,1,45
2025-01-07 07:30:00,4.97,6.38,1.99,4.84,13.82,6.42,0.7,255.04,0.35,,2025,IGKV,Quarterly,1,45
2025-01-07 07:45:00,5.1,6.53,2.08,4.85,11.81,5.89,0.73,259.94,0.35,,2025,IGKV,Quarterly,1,45
2025-01-07 08:00:00,5.18,6.62,2.13,4.79,10.28,5.71,0.78,263.81,0.37,,2025,IGKV,Quarterly,1,45
2025-01-07 08:15:00,5.31,6.77,2.22,5.16,10.28,5.71,0.76,262.95,0.36,,2025,IGKV,Quarterly,1,45
2025-01-07 08:30:00,5.41,6.83,2.19,4.66,10.28,5.71,0.86,265.44,0.36,,2025,IGKV,Quarterly,1,45
2025-01-07 08:45:00,5.5,7.04,2.45,4.93,20.23,6.35,0.93,271.54,0.41,,2025,IGKV,Quarterly,1,45
2025-01-07 09:00:00,5.79,7.37,2.62,5.17,27.84,6.55,0.9,280.61,0.4,,2025,IGKV,Quarterly,1,45
2025-01-07 09:15:00,5.92,7.47,2.64,4.69,27.84,6.55,0.82,280.72,0.43,,2025,IGKV,Quarterly,1,45
2025-01-07 09:30:00,6.17,7.68,2.65,4.75,27.84,6.55,1.13,278.15,0.43,,2025,IGKV,Quarterly,1,45
2025-01-07 09:45:00,6.35,7.79,2.58,4.58,31.51,6.54,1.12,282.18,0.42,,2025,IGKV,Quarterly,1,45
2025-01-07 10:00:00,6.56,8.98,4.54,4.51,34.31,6.53,0.98,276.33,0.44,,2025,IGKV,Quarterly,1,45
2025-01-07 10:15:00,6.77,8.5,3.29,5.0,34.31,6.53,1.02,283.21,0.41,,2025,IGKV,Quarterly,1,45
2025-01-07 10:30:00,6.82,8.69,3.58,5.74,34.31,6.53,0.92,272.46,0.39,,2025,IGKV,Quarterly,1,45
2025-01-07 10:45:00,6.84,8.94,4.02,5.44,36.29,6.96,1.11,290.31,0.38,,2025,IGKV,Quarterly,1,45
2025-01-07 11:00:00,6.87,9.09,4.26,5.88,37.8,7.09,0.84,280.5,0.38,,2025,IGKV,Quarterly,1,45
2025-01-07 11:15:00,6.84,9.23,4.59,5.62,37.8,7.09,0.69,264.57,0.37,,2025,IGKV,Quarterly,1,45
2025-01-07 11:30:00,6.41,9.43,5.62,5.49,37.8,7.09,0.87,280.63,0.38,9.96,2025,IGKV,Quarterly,0,0
2025-01-07 11:45:00,6.43,9.98,6.65,5.79,37.8,7.09,1.03,295.48,0.38,9.97,2025,IGKV,Quarterly,0,0
2025-01-07 12:00:00,6.01,9.74,6.83,5.75,37.8,7.09,0.9,272.75,0.37,9.96,2025,IGKV,Quarterly,0,0
2025-01-07 12:15:00,6.3,9.96,6.8,5.69,37.8,7.09,0.92,280.68,0.37,9.95,2025,IGKV,Quarterly,0,0
2025-01-07 12:30:00,5.59,9.4,6.82,5.86,37.8,7.09,0.92,270.88,0.38,9.96,2025,IGKV,Quarterly,0,0
2025-01-07 12:45:00,4.71,6.75,3.1,5.89,37.216,7.926,1.07,286.21,0.39,9.95,2025,IGKV,Quarterly,1,4
2025-01-07 13:00:00,164.21,132.09,0.09,5.67,36.632,8.762,1.22,272.33,0.29,9.95,2025,IGKV,Quarterly,1,4
2025-01-07 13:15:00,200.47,178.37,0.41,5.6,36.048,9.597999999999999,0.99,262.45,0.28,9.94,2025,IGKV,Quarterly,1,4
2025-01-07 13:30:00,0.87,4.89,4.01,5.72,,,1.04,272.1,0.29,9.94,2025,IGKV,Quarterly,1,4
2025-01-07 13:45:00,1.53,7.3,5.77,5.25,34.88,11.27,1.17,274.65,0.28,9.93,2025,IGKV,Quarterly,0,0
2025-01-07 14:00:00,1.57,7.57,6.01,17.13,37.82,11.27,1.19,265.54,0.27,9.92,2025,IGKV,Quarterly,0,0
2025-01-07 14:15:00,1.66,8.12,6.46,123.25,37.82,11.27,1.06,286.14,0.2,9.93,2025,IGKV,Quarterly,0,0
2025-01-07 14:30:00,2.54,9.42,6.88,196.27,37.82,11.27,1.22,278.21,0.21,9.93,2025,IGKV,Quarterly,0,0
2025-01-07 14:45:00,3.82,11.65,7.83,7.85,33.94,14.38,1.15,289.53,0.22,9.95,2025,IGKV,Quarterly,0,0
2025-01-07 15:00:00,3.08,12.09,9.01,4.41,33.61,14.38,1.04,268.68,5.14,9.95,2025,IGKV,Quarterly,0,0
2025-01-07 15:15:00,2.35,10.95,8.6,4.22,33.61,14.38,1.04,285.53,0.14,9.94,2025,IGKV,Quarterly,0,0
2025-01-07 15:30:00,2.49,11.64,9.15,4.29,33.61,14.38,1.16,286.09,0.15,9.93,2025,IGKV,Quarterly,0,0
2025-01-07 15:45:00,1.6,10.47,8.86,4.35,35.38,12.07,1.1,274.49,0.13,9.93,2025,IGKV,Quarterly,0,0
2025-01-07 16:00:00,1.34,9.12,7.78,3.79,35.53,12.07,1.21,286.49,0.12,9.94,2025,IGKV,Quarterly,0,0
2025-01-07 16:15:00,1.55,8.59,7.04,3.94,35.53,12.07,1.26,283.43,0.1,9.93,2025,IGKV,Quarterly,0,0
2025-01-07 16:30:00,2.35,10.98,8.63,3.96,35.53,12.07,1.03,272.39,0.13,9.93,2025,IGKV,Quarterly,0,0
2025-01-07 16:45:00,1.35,8.68,7.33,4.53,33.85,11.39,1.13,266.09,0.13,9.93,2025,IGKV,Quarterly,0,0
2025-01-07 17:00:00,1.2,8.71,7.51,4.25,33.71,11.39,0.84,263.07,0.12,9.92,2025,IGKV,Quarterly,0,0
2025-01-07 17:15:00,0.63,6.33,6.44,4.32,33.71,11.39,0.91,269.49,0.1,9.9,2025,IGKV,Quarterly,0,0
2025-01-07 17:30:00,0.32,3.72,6.62,3.74,33.71,11.39,0.92,265.45,0.1,9.9,2025,IGKV,Quarterly,0,0
2025-01-07 17:45:00,0.28,3.42,6.11,3.17,31.46,8.13,0.85,259.47,0.08,9.91,2025,IGKV,Quarterly,0,0
2025-01-07 18:00:00,0.33,3.06,5.35,3.06,31.27,8.13,0.51,262.92,0.09,9.91,2025,IGKV,Quarterly,0,0
2025-01-07 18:15:00,0.44,2.65,4.39,3.47,31.27,8.13,0.9,259.36,0.1,9.89,2025,IGKV,Quarterly,0,0
2025-01-07 18:30:00,0.57,2.55,4.0,3.99,31.27,8.13,0.78,262.22,0.09,9.87,2025,IGKV,Quarterly,0,0
2025-01-07 18:45:00,0.67,2.4,3.57,4.14,34.25,7.43,0.75,262.95,0.09,9.9,2025,IGKV,Quarterly,0,0
2025-01-07 19:00:00,0.71,2.19,3.1,4.1,34.5,7.43,0.7,263.04,0.1,9.92,2025,IGKV,Quarterly,0,0
2025-01-07 19:15:00,0.82,2.17,2.9,4.17,34.5,7.43,0.77,259.98,0.09,9.92,2025,IGKV,Quarterly,0,0
2025-01-07 19:30:00,0.91,2.09,2.6,4.0,34.5,7.43,0.68,266.4,0.08,9.91,2025,IGKV,Quarterly,0,0
2025-01-07 19:45:00,0.94,2.03,2.43,4.06,26.44,5.43,0.61,263.93,0.11,9.9,2025,IGKV,Quarterly,0,0
2025-01-07 20:00:00,1.0,2.12,2.51,4.37,25.76,5.43,0.69,257.31,0.1,9.91,2025,IGKV,Quarterly,0,0
2025-01-07 20:15:00,1.04,2.63,3.43,4.53,25.76,5.43,0.4,260.41,0.12,9.9,2025,IGKV,Quarterly,0,0
2025-01-07 20:30:00,1.05,2.87,3.87,4.9,25.76,5.43,0.54,262.11,0.14,9.89,2025,IGKV,Quarterly,0,0
2025-01-07 20:45:00,1.06,2.76,3.65,5.22,20.86,7.2,0.61,260.02,0.13,9.91,2025,IGKV,Quarterly,0,0
2025-01-07 21:00:00,1.09,2.69,3.47,5.33,20.45,7.2,0.53,257.9,0.14,9.91,2025,IGKV,Quarterly,0,0
2025-01-07 21:15:00,1.11,2.62,3.32,5.46,20.45,7.2,0.51,256.85,0.14,9.91,2025,IGKV,Quarterly,0,0
2025-01-07 21:30:00,1.1,2.54,3.17,5.59,20.45,7.2,0.63,258.67,0.14,9.91,2025,IGKV,Quarterly,0,0
2025-01-07 21:45:00,1.05,2.52,3.21,5.64,22.35,5.09,0.7,260.94,0.14,9.91,2025,IGKV,Quarterly,0,0
2025-01-07 22:00:00,1.05,2.47,3.11,5.71,22.51,5.09,0.52,263.28,0.14,9.91,2025,IGKV,Quarterly,0,0
2025-01-07 22:15:00,1.06,2.43,3.02,6.16,22.51,5.09,0.67,257.74,0.15,9.92,2025,IGKV,Quarterly,0,0
2025-01-07 22:30:00,1.07,2.41,2.97,5.93,22.51,5.09,0.51,256.13,0.15,9.9,2025,IGKV,Quarterly,0,0
2025-01-07 22:45:00,1.07,2.43,3.0,5.84,25.6,8.38,0.64,262.18,0.14,9.92,2025,IGKV,Quarterly,0,0
2025-01-07 23:00:00,1.09,2.39,2.91,6.21,25.86,8.38,0.51,260.91,0.14,9.93,2025,IGKV,Quarterly,0,0
2025-01-07 23:15:00,1.1,2.38,2.87,6.31,25.86,8.38,0.46,251.71,0.14,9.89,2025,IGKV,Quarterly,0,0
2025-01-07 23:30:00,1.11,2.35,2.8,6.2,25.86,8.38,0.6,257.19,0.14,9.9,2025,IGKV,Quarterly,0,0
2025-01-07 23:45:00,1.09,2.34,2.81,6.32,23.32,10.64,0.57,261.13,0.14,9.9,2025,IGKV,Quarterly,0,0
2025-01-08 00:15:00,5.03,10.96,9.76,6.06,31.91,13.08,0.16,257.74,0.26,10.0,2025,IGKV,Quarterly,0,0
2025-01-08 00:30:00,5.16,10.92,9.84,5.41,32.15,13.08,0.11,223.16,0.26,10.0,2025,IGKV,Quarterly,0,0
2025-01-08 00:45:00,5.43,11.07,10.14,5.31,32.15,13.08,0.15,240.38,0.27,10.0,2025,IGKV,Quarterly,0,0
2025-01-08 01:00:00,5.54,10.91,10.14,5.53,32.15,13.08,0.19,239.94,0.26,10.0,2025,IGKV,Quarterly,0,0
2025-01-08 01:15:00,5.75,11.13,10.43,5.75,27.64,9.23,0.09,197.39,0.28,10.0,2025,IGKV,Quarterly,0,0
2025-01-08 01:30:00,5.93,10.93,10.46,5.79,27.2,9.23,0.19,149.02,0.26,10.0,2025,IGKV,Quarterly,0,0
2025-01-08 01:45:00,6.12,11.12,10.72,5.77,27.2,9.23,0.1,237.71,0.27,10.0,2025,IGKV,Quarterly,0,0
2025-01-08 02:00:00,6.2,11.09,10.77,5.73,27.2,9.23,0.22,216.97,0.26,10.0,2025,IGKV,Quarterly,0,0
2025-01-08 02:15:00,6.41,11.38,11.08,4.79,24.05,9.54,0.11,195.92,0.27,10.0,2025,IGKV,Quarterly,0,0
2025-01-08 02:30:00,6.56,11.25,11.14,5.34,23.75,9.54,0.12,207.68,0.26,10.0,2025,IGKV,Quarterly,0,0
2025-01-08 02:45:00,6.78,11.42,11.4,5.4,23.75,9.54,0.15,211.79,0.27,10.0,2025,IGKV,Quarterly,0,0
2025-01-08 03:00:00,6.9,11.29,11.43,5.36,23.75,9.54,0.1,181.69,0.26,10.0,2025,IGKV,Quarterly,0,0
2025-01-08 03:15:00,7.08,11.52,11.7,5.36,19.48,7.07,0.11,195.7,0.27,10.0,2025,IGKV,Quarterly,0,0
2025-01-08 03:30:00,7.2,11.45,11.76,5.32,19.06,7.07,0.12,175.66,0.26,10.0,2025,IGKV,Quarterly,0,0
2025-01-08 03:45:00,7.29,11.45,11.82,5.48,19.06,7.07,0.09,178.29,0.25,10.0,2025,IGKV,Quarterly,0,0
2025-01-08 04:00:00,7.34,11.56,11.92,5.73,19.06,7.07,0.09,161.13,0.25,10.0,2025,IGKV,Quarterly,0,0
2025-01-08 04:15:00,7.42,11.57,11.99,5.41,19.3,4.97,0.1,211.63,0.24,10.0,2025,IGKV,Quarterly,0,0
2025-01-08 04:30:00,7.55,11.69,12.17,5.27,19.32,4.97,0.08,177.62,0.25,10.0,2025,IGKV,Quarterly,0,0
2025-01-08 04:45:00,7.54,11.78,12.2,5.46,19.32,4.97,0.09,196.45,0.24,10.0,2025,IGKV,Quarterly,0,0
2025-01-08 05:00:00,7.34,11.82,12.06,5.53,19.32,4.97,0.13,216.01,0.23,10.0,2025,IGKV,Quarterly,0,0
2025-01-08 05:15:00,7.15,11.78,11.89,5.54,15.08,4.4,0.12,216.25,0.22,10.0,2025,IGKV,Quarterly,0,0
2025-01-08 05:30:00,6.98,11.63,11.68,5.58,14.66,4.4,0.17,249.78,0.21,10.0,2025,IGKV,Quarterly,0,0
2025-01-08 05:45:00,6.82,11.48,11.47,5.66,14.66,4.4,0.25,252.05,0.21,10.0,2025,IGKV,Quarterly,0,0
2025-01-08 06:00:00,6.64,11.39,11.28,5.58,14.66,4.4,0.33,253.5,0.21,10.0,2025,IGKV,Quarterly,0,0
2025-01-08 06:15:00,6.51,11.34,11.14,5.52,15.17,4.93,0.29,256.81,0.2,10.0,2025,IGKV,Quarterly,0,0
2025-01-08 06:30:00,6.38,11.27,11.0,5.82,15.22,4.93,0.23,255.99,0.19,10.0,2025,IGKV,Quarterly,0,0
2025-01-08 06:45:00,6.25,11.17,10.85,5.68,15.22,4.93,0.26,257.63,0.19,10.0,2025,IGKV,Quarterly,0,0
2025-01-08 07:00:00,6.14,11.06,10.7,5.75,15.22,4.93,0.32,257.23,0.19,10.0,2025,IGKV,Quarterly,0,0
2025-01-08 07:15:00,6.05,11.07,10.63,5.94,14.5,3.65,0.3,261.57,0.19,10.0,2025,IGKV,Quarterly,0,0
2025-01-08 07:30:00,6.08,11.04,10.65,5.74,14.43,3.65,0.43,251.64,0.19,10.0,2025,IGKV,Quarterly,0,0
2025-01-08 07:45:00,6.09,11.08,10.68,5.94,14.43,3.65,0.3,256.19,0.2,10.0,2025,IGKV,Quarterly,0,0
2025-01-08 08:00:00,6.06,11.1,10.66,5.84,14.43,3.65,0.29,256.3,0.2,10.0,2025,IGKV,Quarterly,0,0
2025-01-08 08:15:00,6.07,11.1,10.66,5.82,14.07,6.66,0.4,281.0,0.21,10.0,2025,IGKV,Quarterly,0,0
2025-01-08 08:30:00,6.26,11.1,10.82,5.85,14.03,6.66,0.47,283.1,0.21,10.0,2025,IGKV,Quarterly,0,0
2025-01-08 08:45:00,6.69,11.23,11.23,5.97,14.03,6.66,0.38,285.76,0.23,10.0,2025,IGKV,Quarterly,0,0
2025-01-08 09:00:00,7.13,11.29,11.62,5.87,14.03,6.66,0.47,281.44,0.23,10.0,2025,IGKV,Quarterly,0,0
2025-01-08 09:15:00,7.39,11.34,11.85,5.7,27.76,11.71,0.75,30.91,0.24,10.0,2025,IGKV,Quarterly,0,0
2025-01-08 09:30:00,7.63,11.37,12.06,5.89,29.1,11.71,0.29,307.97,0.23,10.0,2025,IGKV,Quarterly,0,0
2025-01-08 09:45:00,7.73,11.34,12.13,5.86,29.1,11.71,0.24,224.65,0.24,10.0,2025,IGKV,Quarterly,0,0
2025-01-08 10:00:00,7.79,11.03,12.01,5.79,29.1,11.71,0.12,186.84,0.23,10.0,2025,IGKV,Quarterly,0,0
2025-01-08 10:15:00,8.06,11.18,12.3,4.57,26.76,9.55,0.18,176.3,0.24,10.0,2025,IGKV,Quarterly,0,0
2025-01-08 10:30:00,8.31,11.31,12.57,5.6,26.54,9.55,0.09,194.9,0.23,10.0,2025,IGKV,Quarterly,0,0
2025-01-08 10:45:00,8.47,11.34,12.72,5.41,26.54,9.55,0.17,215.41,0.23,10.0,2025,IGKV,Quarterly,0,0
2025-01-08 11:00:00,8.57,11.46,12.86,5.48,26.54,9.55,0.05,113.72,0.23,10.0,2025,IGKV,Quarterly,0,0
2025-01-08 11:15:00,8.51,11.49,12.83,5.5,24.48,12.19,0.15,242.93,0.23,10.0,2025,IGKV,Quarterly,0,0
2025-01-08 11:30:00,8.63,11.81,13.09,5.65,24.28,12.19,0.57,298.94,0.23,10.0,2025,IGKV,Quarterly,0,0
2025-01-08 11:45:00,8.49,11.99,13.07,3.98,24.28,12.19,0.55,308.31,0.23,10.0,2025,IGKV,Quarterly,0,0
2025-01-08 12:00:00,8.18,11.93,12.8,5.09,24.28,12.19,0.53,298.37,0.21,10.0,2025,IGKV,Quarterly,0,0
2025-01-08 12:15:00,8.2,12.18,12.94,4.99,29.74,11.79,1.07,314.41,0.24,10.0,2025,IGKV,Quarterly,0,0
2025-01-08 12:30:00,8.01,12.32,12.86,5.2,30.27,11.79,0.79,338.42,0.23,10.0,2025,IGKV,Quarterly,0,0
2025-01-08 12:45:00,7.96,12.18,12.75,5.61,30.27,11.79,0.8,324.78,0.23,10.0,2025,IGKV,Quarterly,0,0
2025-01-08 13:00:00,7.76,12.4,12.7,5.43,30.27,11.79,1.12,310.27,0.22,10.0,2025,IGKV,Quarterly,0,0
2025-01-08 13:15:00,7.64,12.51,12.66,5.08,40.41,13.2,0.92,316.83,0.22,10.0,2025,IGKV,Quarterly,0,0
2025-01-08 13:30:00,7.58,12.7,12.71,4.94,41.4,13.2,0.84,311.53,0.23,10.0,2025,IGKV,Quarterly,0,0
2025-01-08 13:45:00,7.55,12.62,12.65,4.75,41.4,13.2,0.55,319.68,0.23,10.0,2025,IGKV,Quarterly,0,0
2025-01-08 14:00:00,7.66,12.75,12.8,4.83,41.4,13.2,0.38,248.16,0.22,10.0,2025,IGKV,Quarterly,0,0
2025-01-08 14:15:00,7.22,12.42,12.28,4.45,44.14,12.22,0.39,254.41,0.17,10.0,2025,IGKV,Quarterly,0,0
2025-01-08 14:30:00,7.22,12.71,12.43,4.36,44.41,12.22,0.29,245.62,0.19,10.0,2025,IGKV,Quarterly,0,0
2025-01-08 14:45:00,6.88,13.0,12.31,4.61,44.41,12.22,0.25,242.98,0.19,10.0,2025,IGKV,Quarterly,0,0
2025-01-08 15:00:00,6.41,13.1,11.99,4.69,44.41,12.22,0.45,259.06,0.18,10.0,2025,IGKV,Quarterly,0,0
2025-01-08 15:15:00,5.91,13.18,11.63,4.97,38.95,13.53,0.51,263.9,0.18,10.0,2025,IGKV,Quarterly,0,0
2025-01-08 15:30:00,5.47,13.16,11.26,5.26,38.42,13.53,0.58,254.84,0.17,10.0,2025,IGKV,Quarterly,0,0
2025-01-08 15:45:00,5.04,13.16,10.92,5.09,38.42,13.53,0.69,285.44,0.17,10.0,2025,IGKV,Quarterly,0,0
2025-01-08 16:00:00,4.82,13.17,10.75,5.18,38.42,13.53,0.59,278.74,0.17,10.0,2025,IGKV,Quarterly,0,0
2025-01-08 16:15:00,4.74,13.29,10.75,5.32,36.4,12.39,0.33,266.78,0.17,10.0,2025,IGKV,Quarterly,0,0
2025-01-08 16:30:00,4.44,13.13,10.42,5.2,36.2,12.39,0.39,257.35,0.16,10.0,2025,IGKV,Quarterly,0,0
2025-01-08 16:45:00,4.17,12.98,10.12,5.26,36.2,12.39,0.27,249.54,0.15,10.0,2025,IGKV,Quarterly,0,0
2025-01-08 17:00:00,3.94,12.85,9.87,5.42,36.2,12.39,0.6,262.24,0.16,10.0,2025,IGKV,Quarterly,0,0
2025-01-08 17:15:00,3.73,12.84,9.7,5.35,40.26,12.9,0.31,252.58,0.17,10.0,2025,IGKV,Quarterly,0,0
2025-01-08 17:30:00,3.55,12.61,9.43,5.29,40.66,12.9,0.15,260.48,0.17,10.0,2025,IGKV,Quarterly,0,0
2025-01-08 17:45:00,3.4,12.47,9.24,5.35,40.66,12.9,0.19,229.68,0.17,10.0,2025,IGKV,Quarterly,0,0
2025-01-08 18:00:00,3.32,12.25,9.06,5.47,40.66,12.9,0.27,252.69,0.18,10.0,2025,IGKV,Quarterly,0,0
2025-01-08 18:15:00,3.26,11.95,8.86,4.68,42.58,12.42,0.51,289.55,0.18,10.0,2025,IGKV,Quarterly,0,0
2025-01-08 18:30:00,3.48,12.17,9.15,5.6,42.76,12.42,0.42,345.91,0.18,10.0,2025,IGKV,Quarterly,0,0
2025-01-08 18:45:00,3.89,12.28,9.53,5.59,42.76,12.42,0.44,22.94,0.19,10.0,2025,IGKV,Quarterly,0,0
2025-01-08 19:00:00,4.36,12.37,9.96,5.72,42.76,12.42,0.2,33.33,0.19,10.0,2025,IGKV,Quarterly,0,0
2025-01-08 19:15:00,4.75,12.29,10.23,5.59,44.18,13.97,0.17,27.82,0.2,10.0,2025,IGKV,Quarterly,0,0
2025-01-08 19:30:00,5.62,12.38,10.97,6.02,44.31,13.97,0.24,33.58,0.21,10.0,2025,IGKV,Quarterly,0,0
2025-01-08 19:45:00,6.87,12.89,12.25,5.68,44.31,13.97,0.18,20.99,0.25,10.0,2025,IGKV,Quarterly,0,0
2025-01-08 20:00:00,7.02,13.28,12.57,5.23,44.31,13.97,0.09,129.66,0.26,10.0,2025,IGKV,Quarterly,0,0
2025-01-08 20:15:00,6.61,12.82,12.0,5.29,41.49,15.98,0.15,163.91,0.23,10.0,2025,IGKV,Quarterly,0,0
2025-01-08 20:30:00,6.35,12.37,11.55,4.95,41.22,15.98,0.19,195.82,0.23,10.0,2025,IGKV,Quarterly,0,0
2025-01-08 20:45:00,6.52,12.05,11.53,5.57,41.22,15.98,0.18,173.2,0.23,10.0,2025,IGKV,Quarterly,0,0
2025-01-08 21:00:00,6.54,12.2,11.62,5.36,41.22,15.98,0.14,179.17,0.25,10.0,2025,IGKV,Quarterly,0,0
2025-01-08 21:15:00,6.62,12.17,11.66,5.36,45.39,16.57,0.16,173.17,0.24,10.0,2025,IGKV,Quarterly,0,0
2025-01-08 21:30:00,6.75,12.13,11.75,5.13,45.75,16.57,0.15,171.79,0.25,10.0,2025,IGKV,Quarterly,0,0
2025-01-08 21:45:00,6.91,12.01,11.82,5.08,45.75,16.57,0.06,154.49,0.25,10.0,2025,IGKV,Quarterly,0,0
2025-01-08 22:00:00,8.94,12.59,13.75,5.32,45.75,16.57,0.56,314.17,0.29,10.0,2025,IGKV,Quarterly,0,0
2025-01-08 22:15:00,8.7,12.06,13.28,5.33,43.36,16.38,1.1,307.4,0.25,10.0,2025,IGKV,Quarterly,0,0
2025-01-08 22:30:00,8.65,11.99,13.2,5.53,43.13,16.38,0.28,279.48,0.25,10.0,2025,IGKV,Quarterly,0,0
2025-01-08 22:45:00,8.63,11.84,13.11,4.93,43.13,16.38,0.26,245.02,0.24,10.0,2025,IGKV,Quarterly,0,0
2025-01-08 23:00:00,8.72,12.07,13.3,5.11,43.13,16.38,0.36,248.27,0.25,10.0,2025,IGKV,Quarterly,0,0
2025-01-08 23:15:00,8.59,11.92,13.11,5.11,37.05,12.69,0.18,236.86,0.24,10.0,2025,IGKV,Quarterly,0,0
2025-01-08 23:30:00,8.81,12.22,13.45,5.35,36.46,12.69,0.4,276.5,0.25,10.0,2025,IGKV,Quarterly,0,0
2025-01-08 23:45:00,8.94,12.16,13.52,5.33,36.46,12.69,0.56,268.5,0.24,10.0,2025,IGKV,Quarterly,0,0
2025-01-09 00:15:00,5.37,11.51,10.32,4.96,16.51,5.82,0.48,236.32,0.26,10.0,2025,IGKV,Quarterly,0,0
2025-01-09 00:30:00,5.45,11.55,10.4,5.25,14.79,5.68,0.31,235.86,0.26,10.0,2025,IGKV,Quarterly,0,0
2025-01-09 00:45:00,5.47,11.36,10.32,5.42,14.79,5.68,0.52,237.78,0.25,10.0,2025,IGKV,Quarterly,0,0
2025-01-09 01:00:00,5.52,11.44,10.4,5.22,14.79,5.68,0.44,234.63,0.26,10.0,2025,IGKV,Quarterly,0,0
2025-01-09 01:15:00,5.5,11.41,10.37,5.2,14.94,5.75,0.36,235.68,0.25,10.0,2025,IGKV,Quarterly,0,0
2025-01-09 01:30:00,5.56,11.43,10.43,5.12,15.91,6.17,0.32,236.44,0.25,10.0,2025,IGKV,Quarterly,0,0
2025-01-09 01:45:00,5.76,11.56,10.66,5.46,15.91,6.17,0.12,220.59,0.24,10.0,2025,IGKV,Quarterly,0,0
2025-01-09 02:00:00,5.8,11.61,10.71,5.33,15.91,6.17,0.21,232.37,0.23,10.0,2025,IGKV,Quarterly,0,0
2025-01-09 02:15:00,5.9,11.62,10.8,4.74,15.34,5.88,0.18,228.94,0.25,10.0,2025,IGKV,Quarterly,0,0
2025-01-09 02:30:00,5.98,11.56,10.84,5.97,11.62,4.37,0.2,229.17,0.23,10.0,2025,IGKV,Quarterly,0,0
2025-01-09 02:45:00,6.09,11.63,10.96,6.0,11.62,4.37,0.11,223.87,0.24,10.0,2025,IGKV,Quarterly,0,0
2025-01-09 03:00:00,6.15,11.66,11.02,6.02,11.62,4.37,0.17,231.78,0.24,10.0,2025,IGKV,Quarterly,0,0
2025-01-09 03:15:00,6.06,11.72,10.98,5.97,11.28,4.19,0.23,231.25,0.24,10.0,2025,IGKV,Quarterly,0,0
2025-01-09 03:30:00,5.94,11.83,10.94,5.77,8.79,3.29,0.29,233.67,0.24,10.0,2025,IGKV,Quarterly,0,0
2025-01-09 03:45:00,5.8,11.92,10.88,5.76,8.79,3.29,0.3,231.01,0.24,10.0,2025,IGKV,Quarterly,0,0
2025-01-09 04:00:00,5.61,11.98,10.76,5.96,8.79,3.29,0.16,222.72,0.24,10.0,2025,IGKV,Quarterly,0,0
2025-01-09 04:15:00,5.46,12.03,10.66,6.14,8.95,3.17,0.11,210.87,0.23,10.0,2025,IGKV,Quarterly,0,0
2025-01-09 04:30:00,5.42,11.93,10.58,6.03,9.98,2.57,0.09,219.74,0.23,10.0,2025,IGKV,Quarterly,0,0
2025-01-09 04:45:00,5.35,11.97,10.55,6.02,9.98,2.57,0.17,233.4,0.22,10.0,2025,IGKV,Quarterly,0,0
2025-01-09 05:00:00,5.27,12.01,10.5,6.1,9.98,2.57,0.08,226.89,0.22,10.0,2025,IGKV,Quarterly,0,0
2025-01-09 05:15:00,5.23,11.9,10.41,6.06,9.62,2.46,0.22,236.23,0.22,10.0,2025,IGKV,Quarterly,0,0
2025-01-09 05:30:00,5.21,11.87,10.38,6.31,7.07,1.86,0.19,235.62,0.21,10.0,2025,IGKV,Quarterly,0,0
2025-01-09 05:45:00,5.21,11.73,10.31,6.34,7.07,1.86,0.31,233.82,0.22,10.0,2025,IGKV,Quarterly,0,0
2025-01-09 06:00:00,5.18,11.7,10.26,6.23,7.07,1.86,0.34,236.15,0.22,10.0,2025,IGKV,Quarterly,0,0
2025-01-09 06:15:00,5.14,11.63,10.19,6.14,7.15,2.1,0.23,235.38,0.22,10.0,2025,IGKV,Quarterly,0,0
2025-01-09 06:30:00,5.14,11.54,10.15,6.13,7.65,3.33,0.27,233.61,0.21,10.0,2025,IGKV,Quarterly,0,0
2025-01-09 06:45:00,5.07,11.52,10.09,6.23,7.65,3.33,0.31,231.6,0.21,10.0,2025,IGKV,Quarterly,0,0
2025-01-09 07:00:00,5.0,11.57,10.06,6.31,7.65,3.33,0.48,232.89,0.22,10.0,2025,IGKV,Quarterly,0,0
2025-01-09 07:15:00,4.94,11.5,9.97,6.05,7.98,3.2,0.49,231.89,0.22,10.0,2025,IGKV,Quarterly,0,0
2025-01-09 07:30:00,4.89,11.49,9.93,6.48,10.12,2.53,0.47,234.01,0.22,10.0,2025,IGKV,Quarterly,0,0
2025-01-09 07:45:00,4.88,11.48,9.91,6.46,10.12,2.53,0.37,232.26,0.23,10.0,2025,IGKV,Quarterly,0,0
2025-01-09 08:00:00,4.88,11.45,9.89,6.37,10.12,2.53,0.45,232.78,0.23,10.0,2025,IGKV,Quarterly,0,0
2025-01-09 08:15:00,4.9,11.46,9.91,6.29,9.88,2.9,0.42,231.15,0.23,10.0,2025,IGKV,Quarterly,0,0
2025-01-09 08:30:00,5.03,11.44,10.01,6.31,8.37,4.73,0.48,235.46,0.21,10.0,2025,IGKV,Quarterly,0,0
2025-01-09 08:45:00,5.14,11.63,10.19,4.44,8.37,4.73,0.5,236.8,0.22,10.0,2025,IGKV,Quarterly,0,0
2025-01-09 09:00:00,5.33,11.77,10.43,5.58,8.37,4.73,0.62,236.89,0.23,10.0,2025,IGKV,Quarterly,0,0
2025-01-09 09:15:00,5.5,11.85,10.61,5.75,9.44,4.99,0.64,236.54,0.24,10.0,2025,IGKV,Quarterly,0,0
2025-01-09 09:30:00,5.66,11.94,10.77,5.47,16.4,6.46,0.5,235.44,0.23,10.0,2025,IGKV,Quarterly,0,0
2025-01-09 09:45:00,5.83,12.14,11.02,5.9,16.4,6.46,0.36,234.19,0.25,10.0,2025,IGKV,Quarterly,0,0
2025-01-09 10:00:00,6.04,12.16,11.2,5.69,16.4,6.46,0.44,234.04,0.25,10.0,2025,IGKV,Quarterly,0,0
2025-01-09 10:15:00,6.28,12.31,11.47,4.09,17.45,6.69,0.41,235.53,0.26,10.0,2025,IGKV,Quarterly,0,0
2025-01-09 10:30:00,6.37,12.41,11.59,4.73,24.28,7.86,0.55,234.77,0.27,10.0,2025,IGKV,Quarterly,0,0
2025-01-09 10:45:00,6.4,12.35,11.59,5.34,24.28,7.86,0.43,236.46,0.27,10.0,2025,IGKV,Quarterly,0,0
2025-01-09 11:00:00,6.48,12.43,11.69,5.07,24.28,7.86,0.52,236.97,0.27,10.0,2025,IGKV,Quarterly,0,0
2025-01-09 11:15:00,6.47,12.54,11.74,4.75,24.25,8.66,0.59,236.31,0.28,10.0,2025,IGKV,Quarterly,0,0
2025-01-09 11:30:00,6.61,12.69,11.94,5.27,24.08,12.64,0.29,240.94,0.3,10.0,2025,IGKV,Quarterly,0,0
2025-01-09 11:45:00,6.74,12.67,12.03,5.6,24.08,12.64,0.06,282.86,0.29,10.0,2025,IGKV,Quarterly,0,0
2025-01-09 12:00:00,6.86,12.97,12.28,5.37,24.08,12.64,0.02,336.27,0.3,10.0,2025,IGKV,Quarterly,0,0
2025-01-09 12:15:00,7.13,13.21,12.62,5.18,25.18,12.46,0.23,37.98,0.29,10.0,2025,IGKV,Quarterly,0,0
2025-01-09 12:30:00,7.24,13.17,12.69,5.04,32.31,11.56,0.13,217.95,0.31,10.0,2025,IGKV,Quarterly,0,0
2025-01-09 12:45:00,7.32,13.15,12.74,5.5,32.31,11.56,0.41,236.24,0.31,10.0,2025,IGKV,Quarterly,0,0
2025-01-09 13:00:00,7.31,13.22,12.77,5.25,32.31,11.56,0.28,239.93,0.33,10.0,2025,IGKV,Quarterly,0,0
2025-01-09 13:15:00,7.17,13.51,12.81,5.07,32.89,11.57,0.32,45.33,0.34,10.0,2025,IGKV,Quarterly,0,0
2025-01-09 13:30:00,6.94,13.54,12.64,5.22,36.67,11.65,0.55,46.9,0.33,10.0,2025,IGKV,Quarterly,0,0
2025-01-09 13:45:00,6.72,13.58,12.48,5.21,36.67,11.65,0.21,22.71,0.34,10.0,2025,IGKV,Quarterly,0,0
2025-01-09 14:00:00,6.52,13.7,12.39,5.77,36.67,11.65,0.45,57.19,0.34,10.0,2025,IGKV,Quarterly,0,0
2025-01-09 14:15:00,6.42,13.75,12.34,5.37,36.95,11.41,0.27,50.51,0.25,10.0,2025,IGKV,Quarterly,0,0
2025-01-09 14:30:00,6.33,13.78,12.27,5.29,38.79,10.22,0.26,58.39,0.26,10.0,2025,IGKV,Quarterly,0,0
2025-01-09 14:45:00,6.31,13.72,12.23,5.53,38.79,10.22,0.31,44.84,0.27,10.0,2025,IGKV,Quarterly,0,0
2025-01-09 15:00:00,6.2,13.61,12.08,5.83,38.79,10.22,0.28,198.14,0.27,10.0,2025,IGKV,Quarterly,0,0
2025-01-09 15:15:00,5.92,13.38,11.74,5.44,39.16,10.75,0.17,205.58,0.26,10.0,2025,IGKV,Quarterly,0,0
2025-01-09 15:30:00,5.65,13.22,11.44,5.38,41.59,13.41,0.54,223.08,0.27,10.0,2025,IGKV,Quarterly,0,0
2025-01-09 15:45:00,5.37,13.09,11.14,5.41,41.59,13.41,0.4,220.76,0.26,10.0,2025,IGKV,Quarterly,0,0
2025-01-09 16:00:00,5.1,13.01,10.88,5.75,41.59,13.41,0.35,227.73,0.26,10.0,2025,IGKV,Quarterly,0,0
2025-01-09 16:15:00,4.81,12.93,10.62,5.72,40.13,12.89,0.27,212.47,0.25,10.0,2025,IGKV,Quarterly,0,0
2025-01-09 16:30:00,4.68,12.69,10.38,5.65,30.64,10.31,0.26,197.44,0.26,10.0,2025,IGKV,Quarterly,0,0
2025-01-09 16:45:00,4.57,12.51,10.2,5.88,30.64,10.31,0.23,185.64,0.26,10.0,2025,IGKV,Quarterly,0,0
2025-01-09 17:00:00,4.48,12.53,10.13,5.68,30.64,10.31,0.39,228.59,0.25,10.0,2025,IGKV,Quarterly,0,0
2025-01-09 17:15:00,4.4,12.54,10.08,5.71,29.97,10.41,0.28,225.36,0.24,10.0,2025,IGKV,Quarterly,0,0
2025-01-09 17:30:00,4.38,12.48,10.03,5.72,25.6,10.94,0.34,223.04,0.25,10.0,2025,IGKV,Quarterly,0,0
2025-01-09 17:45:00,4.3,12.42,9.93,5.82,25.6,10.94,0.18,187.16,0.25,10.0,2025,IGKV,Quarterly,0,0
2025-01-09 18:00:00,4.22,12.39,9.86,5.85,25.6,10.94,0.22,218.95,0.25,10.0,2025,IGKV,Quarterly,0,0
2025-01-09 18:15:00,4.25,12.2,9.79,4.16,24.74,10.63,0.11,215.25,0.23,10.0,2025,IGKV,Quarterly,0,0
2025-01-09 18:30:00,4.34,12.02,9.76,4.77,19.19,9.07,0.12,205.37,0.22,10.0,2025,IGKV,Quarterly,0,0
2025-01-09 18:45:00,4.66,12.19,10.1,4.96,19.19,9.07,0.17,211.92,0.23,10.0,2025,IGKV,Quarterly,0,0
2025-01-09 19:00:00,4.78,12.28,10.25,4.94,19.19,9.07,0.19,222.64,0.23,10.0,2025,IGKV,Quarterly,0,0
2025-01-09 19:15:00,4.81,12.29,10.28,4.59,19.16,8.92,0.22,229.28,0.23,10.0,2025,IGKV,Quarterly,0,0
2025-01-09 19:30:00,5.03,12.34,10.48,4.79,18.92,8.15,0.14,218.22,0.25,10.0,2025,IGKV,Quarterly,0,0
2025-01-09 19:45:00,5.15,12.16,10.48,4.9,18.92,8.15,0.2,227.0,0.24,10.0,2025,IGKV,Quarterly,0,0
2025-01-09 20:00:00,5.12,11.98,10.37,4.33,18.92,8.15,0.27,231.97,0.23,10.0,2025,IGKV,Quarterly,0,0
2025-01-09 20:15:00,5.28,11.96,10.48,4.74,18.2,8.18,0.24,224.79,0.25,10.0,2025,IGKV,Quarterly,0,0
2025-01-09 20:30:00,5.31,11.76,10.4,4.61,13.47,8.31,0.12,193.67,0.23,10.0,2025,IGKV,Quarterly,0,0
2025-01-09 20:45:00,5.56,11.83,10.64,4.68,13.47,8.31,0.1,166.45,0.24,10.0,2025,IGKV,Quarterly,0,0
2025-01-09 21:00:00,5.77,11.88,10.83,4.98,13.47,8.31,0.08,151.14,0.25,10.0,2025,IGKV,Quarterly,0,0
2025-01-09 21:15:00,5.74,11.68,10.7,4.83,13.08,8.14,0.11,173.31,0.23,10.0,2025,IGKV,Quarterly,0,0
2025-01-09 21:30:00,5.84,11.75,10.83,4.62,10.54,7.19,0.07,168.17,0.24,10.0,2025,IGKV,Quarterly,0,0
2025-01-09 21:45:00,6.07,11.84,11.05,4.79,10.54,7.19,0.07,192.01,0.25,10.0,2025,IGKV,Quarterly,0,0
2025-01-09 22:00:00,6.13,11.74,11.05,4.68,10.54,7.19,0.14,160.21,0.23,10.0,2025,IGKV,Quarterly,0,0
2025-01-09 22:15:00,6.18,11.78,11.12,4.35,11.22,6.93,0.09,168.82,0.24,10.0,2025,IGKV,Quarterly,0,0
2025-01-09 22:30:00,6.27,11.69,11.13,4.86,15.61,5.61,0.11,199.58,0.24,10.0,2025,IGKV,Quarterly,0,0
2025-01-09 22:45:00,6.44,11.67,11.26,4.8,15.61,5.61,0.09,224.12,0.23,10.0,2025,IGKV,Quarterly,0,0
2025-01-09 23:00:00,6.39,11.87,11.32,4.93,15.61,5.61,0.12,203.21,0.25,10.0,2025,IGKV,Quarterly,0,0
2025-01-09 23:15:00,6.28,12.06,11.34,4.59,15.65,5.52,0.18,230.5,0.26,10.0,2025,IGKV,Quarterly,0,0
2025-01-09 23:30:00,6.28,12.02,11.32,4.91,15.97,5.04,0.16,209.43,0.25,10.0,2025,IGKV,Quarterly,0,0
2025-01-09 23:45:00,6.25,12.01,11.29,4.86,15.97,5.04,0.17,198.62,0.26,10.0,2025,IGKV,Quarterly,0,0
2025-01-10 00:15:00,5.65,5.64,11.3,4.71,47.97,21.44,0.07,224.96,0.52,10.0,2025,IGKV,Quarterly,0,0
2025-01-10 00:30:00,6.09,6.1,12.19,5.08,44.28,18.27,0.06,194.57,0.55,10.0,2025,IGKV,Quarterly,0,0
2025-01-10 00:45:00,6.0,6.19,12.19,5.08,41.58,17.28,0.09,115.36,0.53,10.15,2025,IGKV,Quarterly,0,0
2025-01-10 01:00:00,5.6,6.11,11.71,4.65,41.58,17.28,0.16,239.0,0.5,13.31,2025,IGKV,Quarterly,0,0
2025-01-10 01:15:00,5.86,5.92,11.79,5.02,41.58,17.28,0.11,129.01,0.53,10.16,2025,IGKV,Quarterly,0,0
2025-01-10 01:30:00,5.8,6.33,12.13,4.99,34.33,17.67,0.12,180.48,0.53,10.02,2025,IGKV,Quarterly,0,0
2025-01-10 01:45:00,5.76,6.09,11.84,5.27,28.79,17.79,0.13,230.75,0.53,10.0,2025,IGKV,Quarterly,0,0
2025-01-10 02:00:00,5.63,6.07,11.7,4.9,28.79,17.79,0.08,237.83,0.54,10.0,2025,IGKV,Quarterly,0,0
2025-01-10 02:15:00,5.54,6.18,11.72,4.23,28.79,17.79,0.08,197.03,0.55,10.0,2025,IGKV,Quarterly,0,0
2025-01-10 02:30:00,5.4,6.23,11.63,5.31,28.22,15.48,0.12,181.82,0.54,10.0,2025,IGKV,Quarterly,0,0
2025-01-10 02:45:00,5.3,6.09,11.39,5.33,27.79,14.74,0.1,210.71,0.54,10.0,2025,IGKV,Quarterly,0,0
2025-01-10 03:00:00,5.23,5.99,11.22,5.54,27.79,14.74,0.09,165.87,0.53,10.0,2025,IGKV,Quarterly,0,0
2025-01-10 03:15:00,5.06,5.97,11.04,5.11,27.79,14.74,0.11,166.99,0.53,10.46,2025,IGKV,Quarterly,0,0
2025-01-10 03:30:00,4.93,5.93,10.86,5.37,26.35,14.45,0.09,157.44,0.51,9.78,2025,IGKV,Quarterly,0,0
2025-01-10 03:45:00,4.87,5.78,10.65,5.61,25.24,14.27,0.1,149.2,0.51,10.0,2025,IGKV,Quarterly,0,0
2025-01-10 04:00:00,4.8,5.66,10.46,5.55,25.24,14.27,0.09,176.03,0.49,10.0,2025,IGKV,Quarterly,0,0
2025-01-10 04:15:00,4.71,5.6,10.31,5.71,25.24,14.27,0.1,230.28,0.47,10.05,2025,IGKV,Quarterly,0,0
2025-01-10 04:30:00,4.62,5.52,10.14,5.78,24.65,11.91,0.12,241.28,0.47,10.0,2025,IGKV,Quarterly,0,0
2025-01-10 04:45:00,4.58,5.46,10.04,5.91,24.2,11.17,0.06,218.38,0.46,10.47,2025,IGKV,Quarterly,0,0
2025-01-10 05:00:00,4.55,5.38,9.93,5.75,24.2,11.17,0.1,203.65,0.44,10.0,2025,IGKV,Quarterly,0,0
2025-01-10 05:15:00,4.54,5.26,9.8,5.79,24.2,11.17,0.12,221.32,0.43,10.0,2025,IGKV,Quarterly,0,0
2025-01-10 05:30:00,4.49,5.21,9.69,5.7,24.34,12.17,0.12,224.55,0.41,10.0,2025,IGKV,Quarterly,0,0
2025-01-10 05:45:00,4.49,5.18,9.67,6.04,24.45,12.49,0.11,251.25,0.4,10.45,2025,IGKV,Quarterly,0,0
2025-01-10 06:00:00,4.45,5.14,9.59,5.76,24.45,12.49,0.16,235.81,0.39,10.38,2025,IGKV,Quarterly,0,0
2025-01-10 06:15:00,4.44,5.11,9.54,5.89,24.45,12.49,0.18,247.25,0.37,10.0,2025,IGKV,Quarterly,0,0
2025-01-10 06:30:00,4.39,5.13,9.52,5.73,24.47,13.55,0.23,249.68,0.37,10.0,2025,IGKV,Quarterly,0,0
2025-01-10 06:45:00,4.43,5.02,9.45,5.94,24.49,13.89,0.27,251.36,0.34,10.0,2025,IGKV,Quarterly,0,0
2025-01-10 07:00:00,4.45,4.81,9.26,5.59,24.49,13.89,0.18,252.29,0.3,10.0,2025,IGKV,Quarterly,0,0
2025-01-10 07:15:00,4.46,4.81,9.27,5.24,24.49,13.89,0.24,254.99,0.29,11.52,2025,IGKV,Quarterly,0,0
2025-01-10 07:30:00,4.56,4.99,9.55,4.86,23.59,13.11,0.23,254.43,0.28,10.0,2025,IGKV,Quarterly,0,0
2025-01-10 07:45:00,4.89,5.07,9.96,5.37,22.89,12.65,0.29,279.5,0.31,10.0,2025,IGKV,Quarterly,0,0
2025-01-10 08:00:00,5.2,5.16,10.36,5.82,22.89,12.65,0.43,267.74,0.31,10.0,2025,IGKV,Quarterly,0,0
2025-01-10 08:15:00,5.3,5.27,10.57,5.42,22.89,12.65,0.38,274.24,0.3,10.0,2025,IGKV,Quarterly,0,0
2025-01-10 08:30:00,5.49,5.72,11.2,5.27,24.66,10.09,0.4,283.41,0.29,10.0,2025,IGKV,Quarterly,0,0
2025-01-10 08:45:00,5.59,5.96,11.55,5.41,26.01,9.28,0.29,349.71,0.27,10.0,2025,IGKV,Quarterly,0,0
2025-01-10 09:00:00,5.76,6.43,12.19,6.24,26.01,9.28,0.21,21.6,0.29,10.69,2025,IGKV,Quarterly,0,0
2025-01-10 09:15:00,5.94,6.67,12.61,7.29,26.01,9.28,0.18,11.06,0.3,10.46,2025,IGKV,Quarterly,0,0
2025-01-10 09:30:00,5.91,6.77,12.68,7.3,35.62,17.31,0.42,287.63,0.3,9.88,2025,IGKV,Quarterly,0,0
2025-01-10 09:45:00,6.12,6.75,12.87,7.01,42.96,19.83,0.38,51.8,0.34,10.0,2025,IGKV,Quarterly,0,0
2025-01-10 10:00:00,6.37,6.92,13.3,9.23,42.96,19.83,0.26,46.51,0.35,10.0,2025,IGKV,Quarterly,0,0
2025-01-10 10:15:00,6.49,7.15,13.64,7.55,42.96,19.83,0.25,357.4,0.35,10.0,2025,IGKV,Quarterly,0,0
2025-01-10 10:30:00,7.71,8.84,16.56,11.78,50.11,21.65,0.38,28.85,0.37,10.0,2025,IGKV,Quarterly,0,0
2025-01-10 10:45:00,6.73,8.28,15.01,8.39,55.57,22.24,0.22,49.52,0.36,10.0,2025,IGKV,Quarterly,0,0
2025-01-10 11:00:00,6.26,7.77,14.03,10.32,55.57,22.24,0.11,311.41,0.35,10.0,2025,IGKV,Quarterly,0,0
2025-01-10 11:15:00,6.04,7.93,13.97,8.75,55.57,22.24,0.21,35.28,0.36,10.38,2025,IGKV,Quarterly,0,0
2025-01-10 11:30:00,5.85,7.68,13.54,6.86,61.34,23.95,0.25,353.89,0.36,11.61,2025,IGKV,Quarterly,0,0
2025-01-10 11:45:00,5.81,7.94,13.75,6.35,65.55,25.01,0.28,7.96,0.36,12.47,2025,IGKV,Quarterly,0,0
2025-01-10 12:00:00,5.68,7.7,13.39,6.87,65.55,25.01,0.3,9.44,0.38,10.84,2025,IGKV,Quarterly,0,0
2025-01-10 12:15:00,5.45,7.78,13.23,6.49,65.55,25.01,0.24,30.25,0.39,11.47,2025,IGKV,Quarterly,0,0
2025-01-10 12:30:00,5.36,8.04,13.4,6.63,63.05,22.01,0.25,31.03,0.39,10.85,2025,IGKV,Quarterly,0,0
2025-01-10 12:45:00,5.3,8.23,13.53,6.96,61.23,21.07,0.09,344.83,0.38,10.0,2025,IGKV,Quarterly,0,0
2025-01-10 13:00:00,5.11,8.17,13.27,6.92,61.23,21.07,0.18,269.11,0.39,10.17,2025,IGKV,Quarterly,0,0
2025-01-10 13:15:00,4.82,7.72,12.53,6.47,61.23,21.07,0.26,228.27,0.39,10.0,2025,IGKV,Quarterly,0,0
2025-01-10 13:30:00,4.57,7.28,11.85,6.22,59.5,23.38,0.45,250.23,0.39,10.0,2025,IGKV,Quarterly,0,0
2025-01-10 13:45:00,4.28,6.99,11.27,6.1,58.18,24.11,0.41,248.26,0.38,10.0,2025,IGKV,Quarterly,0,0
2025-01-10 14:00:00,4.01,6.7,10.7,6.02,58.18,24.11,0.73,253.81,0.37,10.0,2025,IGKV,Quarterly,0,0
2025-01-10 14:15:00,3.67,6.52,10.2,6.04,58.18,24.11,0.58,252.07,0.3,9.98,2025,IGKV,Quarterly,0,0
2025-01-10 14:30:00,3.41,6.33,9.74,5.87,50.53,19.34,0.07,289.1,0.31,10.0,2025,IGKV,Quarterly,0,0
2025-01-10 14:45:00,3.23,6.22,9.45,5.93,44.67,17.84,0.6,263.27,0.32,9.92,2025,IGKV,Quarterly,0,0
2025-01-10 15:00:00,3.08,6.1,9.17,5.83,44.67,17.84,0.21,216.46,0.3,10.0,2025,IGKV,Quarterly,0,0
2025-01-10 15:15:00,2.94,5.95,8.89,5.79,44.67,17.84,0.24,230.19,0.29,10.0,2025,IGKV,Quarterly,0,0
2025-01-10 15:30:00,2.85,5.76,8.61,6.15,40.33,17.12,0.47,249.14,0.28,10.46,2025,IGKV,Quarterly,0,0
2025-01-10 15:45:00,2.77,5.65,8.42,5.91,37.01,16.7,0.27,232.49,0.27,11.01,2025,IGKV,Quarterly,0,0
2025-01-10 16:00:00,2.67,5.58,8.26,6.02,37.01,16.7,0.18,248.61,0.26,10.0,2025,IGKV,Quarterly,0,0
2025-01-10 16:15:00,2.75,5.82,8.57,6.13,37.01,16.7,0.47,300.97,0.26,10.0,2025,IGKV,Quarterly,0,0
2025-01-10 16:30:00,3.0,6.21,9.21,6.02,33.93,15.1,1.03,296.67,0.27,10.0,2025,IGKV,Quarterly,0,0
2025-01-10 16:45:00,3.17,6.19,9.35,6.02,31.57,14.6,0.86,330.77,0.23,10.0,2025,IGKV,Quarterly,0,0
2025-01-10 17:00:00,3.43,6.24,9.67,6.89,31.57,14.6,0.53,13.81,0.23,10.31,2025,IGKV,Quarterly,0,0
2025-01-10 17:15:00,3.97,7.01,10.97,8.48,31.57,14.6,0.33,20.28,0.25,10.3,2025,IGKV,Quarterly,0,0
2025-01-10 17:30:00,6.93,10.44,17.37,10.55,39.9,12.56,0.17,27.43,0.27,10.37,2025,IGKV,Quarterly,0,0
2025-01-10 17:45:00,5.6,8.06,13.66,7.63,46.27,11.92,0.15,311.24,0.24,10.49,2025,IGKV,Quarterly,0,0
2025-01-10 18:00:00,5.84,7.55,13.39,7.53,46.27,11.92,0.25,0.55,0.29,10.1,2025,IGKV,Quarterly,0,0
2025-01-10 18:15:00,7.39,8.7,16.09,6.45,46.27,11.92,0.03,68.25,0.35,10.7,2025,IGKV,Quarterly,0,0
2025-01-10 18:30:00,7.01,7.63,14.64,6.51,58.47,16.83,0.14,190.36,0.3,10.07,2025,IGKV,Quarterly,0,0
2025-01-10 18:45:00,6.91,7.07,13.98,6.04,67.8,18.37,0.07,254.99,0.33,10.0,2025,IGKV,Quarterly,0,0
2025-01-10 19:00:00,8.34,7.94,16.28,6.41,67.8,18.37,0.04,237.22,0.37,10.42,2025,IGKV,Quarterly,0,0
2025-01-10 19:15:00,8.37,8.1,16.47,6.55,67.8,18.37,0.06,344.42,0.36,10.36,2025,IGKV,Quarterly,0,0
2025-01-10 19:30:00,8.56,7.45,16.01,5.92,74.6,19.78,0.22,197.85,0.38,10.21,2025,IGKV,Quarterly,0,0
2025-01-10 19:45:00,8.91,7.36,16.27,5.75,79.8,20.59,0.27,233.05,0.39,10.0,2025,IGKV,Quarterly,0,0
2025-01-10 20:00:00,8.83,7.27,16.09,5.6,79.8,20.59,0.47,250.92,0.38,10.0,2025,IGKV,Quarterly,0,0
2025-01-10 20:15:00,9.01,6.99,16.0,5.46,79.8,20.59,0.29,245.05,0.39,10.29,2025,IGKV,Quarterly,0,0
2025-01-10 20:30:00,8.71,6.87,15.58,5.49,76.35,20.69,0.27,253.35,0.38,10.01,2025,IGKV,Quarterly,0,0
2025-01-10 20:45:00,8.56,6.66,15.23,5.08,73.71,20.72,0.1,238.15,0.35,10.38,2025,IGKV,Quarterly,0,0
2025-01-10 21:00:00,8.79,6.47,15.26,5.18,73.71,20.72,0.22,248.93,0.37,14.07,2025,IGKV,Quarterly,0,0
2025-01-10 21:15:00,8.78,6.53,15.31,5.53,73.71,20.72,0.37,248.62,0.38,10.3,2025,IGKV,Quarterly,0,0
2025-01-10 21:30:00,8.51,6.77,15.28,5.51,61.17,18.6,0.49,279.22,0.39,10.0,2025,IGKV,Quarterly,0,0
2025-01-10 21:45:00,8.55,7.14,15.69,5.39,52.0,17.93,0.68,305.09,0.4,10.0,2025,IGKV,Quarterly,0,0
2025-01-10 22:00:00,8.54,7.43,15.97,5.54,52.0,17.93,0.08,309.71,0.42,10.0,2025,IGKV,Quarterly,0,0
2025-01-10 22:15:00,8.65,7.6,16.25,5.7,52.0,17.93,0.11,18.22,0.44,10.05,2025,IGKV,Quarterly,0,0
2025-01-10 22:30:00,9.16,7.99,17.15,5.65,51.44,15.84,0.29,60.79,0.46,10.63,2025,IGKV,Quarterly,0,0
2025-01-10 22:45:00,9.63,8.02,17.64,5.81,51.03,15.19,0.29,37.69,0.46,10.33,2025,IGKV,Quarterly,0,0
2025-01-10 23:00:00,10.29,8.11,18.4,5.74,51.03,15.19,0.06,133.24,0.47,10.0,2025,IGKV,Quarterly,0,0
2025-01-10 23:15:00,10.77,8.13,18.9,5.79,51.03,15.19,0.13,191.28,0.49,10.0,2025,IGKV,Quarterly,0,0
2025-01-10 23:30:00,11.05,8.08,19.13,5.77,65.1,22.25,0.14,104.41,0.51,10.0,2025,IGKV,Quarterly,0,0
2025-01-10 23:45:00,11.41,7.98,19.4,5.99,75.39,26.44,0.24,37.55,0.51,15.19,2025,IGKV,Quarterly,0,0
2025-01-11 00:15:00,5.08,5.17,6.77,6.63,20.09,9.14,0.08,228.57,0.25,9.32,2025,IGKV,Quarterly,0,0
2025-01-11 00:30:00,5.07,5.2,6.79,6.57,20.09,9.14,0.06,215.14,0.25,9.32,2025,IGKV,Quarterly,0,0
2025-01-11 00:45:00,5.13,5.25,6.86,6.65,17.92,10.01,0.09,154.74,0.25,9.32,2025,IGKV,Quarterly,0,0
2025-01-11 01:00:00,5.13,5.26,6.86,6.64,17.13,10.02,0.06,158.12,0.25,9.32,2025,IGKV,Quarterly,0,0
2025-01-11 01:15:00,5.13,5.22,6.84,6.49,17.13,10.02,0.1,179.14,0.25,9.32,2025,IGKV,Quarterly,0,0
2025-01-11 01:30:00,5.13,5.17,6.82,6.67,17.13,10.02,0.08,154.17,0.25,9.32,2025,IGKV,Quarterly,0,0
2025-01-11 01:45:00,5.17,5.13,6.83,6.59,19.42,10.91,0.18,244.97,0.25,9.32,2025,IGKV,Quarterly,0,0
2025-01-11 02:00:00,5.21,5.1,6.84,6.53,20.3,10.96,0.21,248.23,0.25,9.32,2025,IGKV,Quarterly,0,0
2025-01-11 02:15:00,5.23,5.1,6.86,4.43,20.3,10.96,0.18,263.34,0.26,9.32,2025,IGKV,Quarterly,0,0
2025-01-11 02:30:00,5.17,5.12,6.82,5.4,20.3,10.96,0.21,247.83,0.24,9.32,2025,IGKV,Quarterly,0,0
2025-01-11 02:45:00,5.11,5.07,6.74,5.56,19.01,7.96,0.3,253.47,0.24,9.32,2025,IGKV,Quarterly,0,0
2025-01-11 03:00:00,5.05,5.1,6.71,5.42,18.51,7.87,0.29,252.38,0.24,9.32,2025,IGKV,Quarterly,0,0
2025-01-11 03:15:00,5.03,5.1,6.7,5.48,18.51,7.87,0.34,253.5,0.24,9.32,2025,IGKV,Quarterly,0,0
2025-01-11 03:30:00,4.96,5.08,6.63,5.59,18.51,7.87,0.32,253.71,0.24,9.32,2025,IGKV,Quarterly,0,0
2025-01-11 03:45:00,4.95,5.01,6.59,5.55,18.43,6.99,0.35,252.91,0.23,9.32,2025,IGKV,Quarterly,0,0
2025-01-11 04:00:00,4.96,5.03,6.6,5.53,18.4,6.97,0.24,247.53,0.26,9.32,2025,IGKV,Quarterly,0,0
2025-01-11 04:15:00,5.01,4.87,6.56,5.76,18.4,6.97,0.18,251.28,0.26,9.32,2025,IGKV,Quarterly,0,0
2025-01-11 04:30:00,5.13,4.9,6.67,5.2,18.4,6.97,0.09,213.13,0.27,9.32,2025,IGKV,Quarterly,0,0
2025-01-11 04:45:00,5.25,4.96,6.8,5.35,19.73,6.24,0.13,226.29,0.26,9.32,2025,IGKV,Quarterly,0,0
2025-01-11 05:00:00,5.43,5.04,6.98,5.03,20.21,6.22,0.09,157.6,0.27,9.32,2025,IGKV,Quarterly,0,0
2025-01-11 05:15:00,5.57,5.1,7.13,5.38,20.21,6.22,0.1,149.45,0.27,9.32,2025,IGKV,Quarterly,0,0
2025-01-11 05:30:00,5.75,5.08,7.26,5.26,20.21,6.22,0.1,204.36,0.27,9.32,2025,IGKV,Quarterly,0,0
2025-01-11 05:45:00,5.87,5.16,7.4,5.11,16.74,8.5,0.07,196.41,0.27,9.32,2025,IGKV,Quarterly,0,0
2025-01-11 06:00:00,6.04,5.22,7.57,5.46,15.41,8.57,0.1,174.59,0.27,9.32,2025,IGKV,Quarterly,0,0
2025-01-11 06:15:00,6.17,5.29,7.71,5.52,15.41,8.57,0.06,211.88,0.27,9.32,2025,IGKV,Quarterly,0,0
2025-01-11 06:30:00,6.34,5.32,7.86,5.04,15.41,8.57,0.09,184.85,0.27,9.32,2025,IGKV,Quarterly,0,0
2025-01-11 06:45:00,6.45,5.27,7.93,4.83,12.85,9.6,0.11,211.11,0.26,9.32,2025,IGKV,Quarterly,0,0
2025-01-11 07:00:00,6.56,5.35,8.05,5.0,11.87,9.63,0.16,249.02,0.27,9.32,2025,IGKV,Quarterly,0,0
2025-01-11 07:15:00,6.64,5.37,8.13,4.93,11.87,9.63,0.19,252.95,0.27,9.32,2025,IGKV,Quarterly,0,0
2025-01-11 07:30:00,6.66,5.4,8.17,4.54,11.87,9.63,0.3,252.54,0.27,9.32,2025,IGKV,Quarterly,0,0
2025-01-11 07:45:00,6.72,5.47,8.25,3.3,14.52,10.48,0.35,256.02,0.28,9.32,2025,IGKV,Quarterly,0,0
2025-01-11 08:00:00,6.76,5.5,8.3,4.77,15.48,10.52,0.33,262.46,0.27,9.32,2025,IGKV,Quarterly,0,0
2025-01-11 08:15:00,6.76,5.57,8.33,4.75,15.48,10.52,0.42,250.28,0.28,9.32,2025,IGKV,Quarterly,0,0
2025-01-11 08:30:00,6.77,5.55,8.33,4.79,15.48,10.52,0.51,254.82,0.3,9.32,2025,IGKV,Quarterly,0,0
2025-01-11 08:45:00,6.73,5.69,8.37,4.78,21.54,10.84,0.36,259.42,0.29,9.32,2025,IGKV,Quarterly,0,0
2025-01-11 09:00:00,6.66,5.76,8.35,4.71,23.74,10.84,0.38,261.31,0.28,9.32,2025,IGKV,Quarterly,0,0
2025-01-11 09:15:00,6.51,5.97,8.34,4.62,23.74,10.84,0.35,259.87,0.29,9.32,2025,IGKV,Quarterly,0,0
2025-01-11 09:30:00,6.37,6.13,8.31,4.67,23.74,10.84,0.12,291.65,0.3,9.32,2025,IGKV,Quarterly,0,0
2025-01-11 09:45:00,6.26,6.23,8.27,4.97,28.98,13.2,0.01,294.25,0.32,9.32,2025,IGKV,Quarterly,0,0
2025-01-11 10:00:00,6.08,6.29,8.16,4.68,30.89,13.24,0.23,67.22,0.32,9.32,2025,IGKV,Quarterly,0,0
2025-01-11 10:15:00,5.98,6.5,8.19,5.19,30.89,13.24,0.09,26.65,0.34,9.32,2025,IGKV,Quarterly,0,0
2025-01-11 10:30:00,5.79,6.61,8.1,6.26,30.89,13.24,0.43,4.99,0.36,9.32,2025,IGKV,Quarterly,0,0
2025-01-11 10:45:00,6.64,10.38,10.75,6.22,33.05,14.31,0.51,38.93,0.42,9.32,2025,IGKV,Quarterly,0,0
2025-01-11 11:00:00,7.23,18.14,15.27,6.53,33.84,14.34,0.33,22.84,0.45,9.32,2025,IGKV,Quarterly,0,0
2025-01-11 11:15:00,6.28,17.89,14.38,7.11,33.84,14.34,0.2,5.05,0.43,9.32,2025,IGKV,Quarterly,0,0
2025-01-11 11:30:00,4.72,16.09,12.19,7.32,33.84,14.34,0.41,38.8,0.0,9.32,2025,IGKV,Quarterly,0,0
2025-01-11 11:45:00,4.08,13.9,10.53,6.51,42.84,16.43,0.43,343.28,0.0,9.32,2025,IGKV,Quarterly,0,0
2025-01-11 12:00:00,3.73,13.0,9.78,6.88,46.3,16.46,0.0,0.35,0.0,9.32,2025,IGKV,Quarterly,0,0
2025-01-11 12:15:00,3.04,11.87,8.64,6.92,46.3,16.46,0.26,294.02,0.0,9.32,2025,IGKV,Quarterly,0,0
2025-01-11 12:30:00,2.68,11.6,8.21,6.76,46.3,16.46,0.15,285.21,0.0,9.32,2025,IGKV,Quarterly,0,0
2025-01-11 12:45:00,1.91,11.25,7.4,5.88,49.46,16.64,0.06,136.7,0.0,9.32,2025,IGKV,Quarterly,0,0
2025-01-11 13:00:00,1.66,9.73,6.42,4.96,50.67,16.64,0.25,147.93,0.43,9.32,2025,IGKV,Quarterly,0,0
2025-01-11 13:15:00,1.55,7.78,5.31,5.13,50.67,16.64,0.21,145.77,0.26,9.32,2025,IGKV,Quarterly,0,0
2025-01-11 13:30:00,1.56,6.98,4.9,5.17,50.67,16.64,0.23,175.84,0.37,9.32,2025,IGKV,Quarterly,0,0
2025-01-11 13:45:00,1.62,6.66,4.78,5.06,46.67,17.03,0.22,162.33,0.38,9.32,2025,IGKV,Quarterly,0,0
2025-01-11 14:00:00,2.57,7.91,6.19,5.78,45.21,17.05,0.07,292.57,0.43,9.32,2025,IGKV,Quarterly,0,0
2025-01-11 14:15:00,5.31,14.0,11.57,5.6,45.21,17.05,0.38,28.59,0.48,9.32,2025,IGKV,Quarterly,0,0
2025-01-11 14:30:00,4.15,14.22,10.76,5.34,45.21,17.05,0.14,27.51,0.48,9.32,2025,IGKV,Quarterly,0,0
2025-01-11 14:45:00,4.86,14.34,11.39,5.73,44.66,12.31,0.27,52.43,0.47,9.32,2025,IGKV,Quarterly,0,0
2025-01-11 15:00:00,5.55,15.51,12.56,5.95,44.44,12.16,0.13,23.81,0.5,9.32,2025,IGKV,Quarterly,0,0
2025-01-11 15:15:00,4.59,16.14,12.11,5.96,44.44,12.16,0.13,31.27,0.5,9.32,2025,IGKV,Quarterly,0,0
2025-01-11 15:30:00,3.65,18.28,12.47,5.43,44.44,12.16,0.09,163.38,0.5,9.32,2025,IGKV,Quarterly,0,0
2025-01-11 15:45:00,2.99,16.95,11.26,4.3,42.46,9.44,0.08,216.77,0.5,9.32,2025,IGKV,Quarterly,0,0
2025-01-11 16:00:00,2.92,14.16,9.74,3.71,41.74,9.36,0.22,167.07,0.49,9.32,2025,IGKV,Quarterly,0,0
2025-01-11 16:15:00,2.88,11.63,8.39,3.77,41.74,9.36,0.22,164.74,0.46,9.32,2025,IGKV,Quarterly,0,0
2025-01-11 16:30:00,2.97,10.16,7.69,3.58,41.74,9.36,0.21,151.34,0.47,9.32,2025,IGKV,Quarterly,0,0
2025-01-11 16:45:00,3.57,9.7,7.93,3.57,37.17,11.79,0.17,99.75,0.51,9.32,2025,IGKV,Quarterly,0,0
2025-01-11 17:00:00,6.85,11.68,11.6,4.2,35.51,11.83,0.5,42.83,0.53,9.32,2025,IGKV,Quarterly,0,0
2025-01-11 17:15:00,6.53,9.46,10.17,3.92,35.51,11.83,0.62,39.93,0.5,9.38,2025,IGKV,Quarterly,0,0
2025-01-11 17:30:00,7.14,9.8,10.85,4.38,35.51,11.83,0.47,39.28,0.52,9.33,2025,IGKV,Quarterly,0,0
2025-01-11 17:45:00,7.8,9.51,11.23,4.55,46.65,14.04,0.53,40.69,0.51,9.32,2025,IGKV,Quarterly,0,0
2025-01-11 18:00:00,10.97,10.29,14.17,6.87,50.71,14.11,0.36,30.62,0.52,9.32,2025,IGKV,Quarterly,0,0
2025-01-11 18:15:00,10.29,9.2,13.05,4.7,50.71,14.11,0.4,37.66,0.51,9.32,2025,IGKV,Quarterly,0,0
2025-01-11 18:30:00,9.49,8.69,12.15,4.86,50.71,14.11,0.36,33.79,0.53,9.32,2025,IGKV,Quarterly,0,0
2025-01-11 18:45:00,12.01,11.2,15.48,5.19,72.44,18.44,0.45,28.92,0.51,9.32,2025,IGKV,Quarterly,0,0
2025-01-11 19:00:00,10.66,9.75,13.65,5.53,80.34,18.51,0.62,352.54,0.49,9.32,2025,IGKV,Quarterly,0,0
2025-01-11 19:15:00,9.84,8.85,12.51,6.32,80.34,18.51,0.55,5.38,0.48,9.32,2025,IGKV,Quarterly,0,0
2025-01-11 19:30:00,9.46,8.78,12.18,6.72,80.34,18.51,0.6,22.42,0.49,9.32,2025,IGKV,Quarterly,0,0
2025-01-11 19:45:00,10.99,9.95,14.02,7.32,74.55,18.15,0.55,33.54,0.51,9.32,2025,IGKV,Quarterly,0,0
2025-01-11 20:00:00,10.9,10.12,14.03,8.11,72.45,18.14,0.39,46.11,0.51,9.32,2025,IGKV,Quarterly,0,0
2025-01-11 20:15:00,10.59,10.16,13.8,9.79,72.45,18.14,0.12,175.07,0.51,9.32,2025,IGKV,Quarterly,0,0
2025-01-11 20:30:00,10.35,9.89,13.47,8.98,72.45,18.14,0.11,207.44,0.51,9.32,2025,IGKV,Quarterly,0,0
2025-01-11 20:45:00,10.98,10.05,14.06,8.9,68.74,16.16,0.09,196.15,0.52,9.32,2025,IGKV,Quarterly,0,0
2025-01-11 21:00:00,11.19,9.92,14.15,8.74,67.4,16.13,0.15,160.67,0.52,9.32,2025,IGKV,Quarterly,0,0
2025-01-11 21:15:00,11.61,9.84,14.45,8.5,67.4,16.13,0.15,168.94,0.52,9.32,2025,IGKV,Quarterly,0,0
2025-01-11 21:30:00,13.5,10.25,16.18,10.03,67.4,16.13,0.13,58.55,0.55,9.32,2025,IGKV,Quarterly,0,0
2025-01-11 21:45:00,17.77,12.38,20.72,10.73,84.74,36.76,0.1,112.06,0.56,9.32,2025,IGKV,Quarterly,0,0
2025-01-11 22:00:00,15.68,10.13,17.87,9.47,91.04,37.08,0.16,204.55,0.56,9.32,2025,IGKV,Quarterly,0,0
2025-01-11 22:15:00,15.31,9.54,17.26,8.74,91.04,37.08,0.16,191.01,0.55,9.32,2025,IGKV,Quarterly,0,0
2025-01-11 22:30:00,14.7,9.04,16.51,7.66,91.04,37.08,0.13,156.09,0.55,9.32,2025,IGKV,Quarterly,0,0
2025-01-11 22:45:00,14.27,8.86,16.07,7.85,96.81,47.16,0.15,161.43,0.56,9.32,2025,IGKV,Quarterly,0,0
2025-01-11 23:00:00,14.4,8.74,16.11,7.18,98.91,47.31,0.1,190.02,0.55,9.32,2025,IGKV,Quarterly,0,0
2025-01-11 23:15:00,14.33,8.47,15.91,6.83,98.91,47.31,0.1,173.51,0.56,9.32,2025,IGKV,Quarterly,0,0
2025-01-11 23:30:00,14.23,8.29,15.74,6.85,98.91,47.31,0.12,182.58,0.56,9.32,2025,IGKV,Quarterly,0,0
2025-01-11 23:45:00,14.42,7.89,15.69,6.8,96.01,42.39,0.15,184.53,0.6,9.32,2025,IGKV,Quarterly,0,0
2025-01-12 00:15:00,11.09,16.73,17.63,6.14,96.64,43.93,0.24,166.42,0.73,9.32,2025,IGKV,Quarterly,0,0
2025-01-12 00:30:00,10.64,16.77,17.3,6.06,94.47,43.3,0.29,157.25,0.73,9.32,2025,IGKV,Quarterly,0,0
2025-01-12 00:45:00,10.04,16.55,16.7,6.26,93.44,43.24,0.22,168.6,0.71,9.92,2025,IGKV,Quarterly,0,0
2025-01-12 01:00:00,9.37,16.3,16.03,6.37,93.44,43.24,0.31,71.79,0.71,9.6,2025,IGKV,Quarterly,0,0
2025-01-12 01:15:00,8.71,16.3,15.5,6.01,93.44,43.24,0.1,173.17,0.7,9.32,2025,IGKV,Quarterly,0,0
2025-01-12 01:30:00,8.08,16.23,14.96,6.01,90.66,43.2,0.18,228.9,0.68,9.54,2025,IGKV,Quarterly,0,0
2025-01-12 01:45:00,7.61,16.06,14.5,6.11,89.33,43.2,0.14,184.34,0.68,9.32,2025,IGKV,Quarterly,0,0
2025-01-12 02:00:00,7.53,15.92,14.36,5.98,89.33,43.2,0.2,101.66,0.69,9.32,2025,IGKV,Quarterly,0,0
2025-01-12 02:15:00,7.65,15.69,14.33,4.6,89.33,43.2,0.13,170.54,0.69,9.32,2025,IGKV,Quarterly,0,0
2025-01-12 02:30:00,7.69,15.55,14.29,5.93,84.74,41.34,0.34,38.28,0.68,9.32,2025,IGKV,Quarterly,0,0
2025-01-12 02:45:00,7.75,15.37,14.24,6.0,82.55,41.16,0.03,80.49,0.67,9.32,2025,IGKV,Quarterly,0,0
2025-01-12 03:00:00,7.72,15.26,14.16,6.07,82.55,41.16,0.08,291.59,0.67,9.32,2025,IGKV,Quarterly,0,0
2025-01-12 03:15:00,8.01,15.15,14.34,5.94,82.55,41.16,0.16,91.44,0.66,9.32,2025,IGKV,Quarterly,0,0
2025-01-12 03:30:00,8.33,15.09,14.56,6.01,76.35,40.65,0.33,39.87,0.65,9.32,2025,IGKV,Quarterly,0,0
2025-01-12 03:45:00,8.48,14.87,14.57,5.73,73.4,40.6,0.28,32.09,0.64,9.32,2025,IGKV,Quarterly,0,0
2025-01-12 04:00:00,8.69,14.77,14.69,5.51,73.4,40.6,0.18,29.93,0.64,9.32,2025,IGKV,Quarterly,0,0
2025-01-12 04:15:00,8.86,14.75,14.81,5.83,73.4,40.6,0.21,32.12,0.63,9.32,2025,IGKV,Quarterly,0,0
2025-01-12 04:30:00,9.0,14.68,14.88,5.82,72.09,38.98,0.52,45.72,0.62,9.32,2025,IGKV,Quarterly,0,0
2025-01-12 04:45:00,9.19,14.58,14.99,5.92,71.43,38.4,0.76,49.65,0.62,9.32,2025,IGKV,Quarterly,0,0
2025-01-12 05:00:00,9.5,14.52,15.21,6.11,71.43,38.4,0.44,50.42,0.62,9.32,2025,IGKV,Quarterly,0,0
2025-01-12 05:15:00,9.94,14.64,15.62,5.51,71.43,38.4,0.38,56.11,0.62,9.32,2025,IGKV,Quarterly,0,0
2025-01-12 05:30:00,10.17,14.67,15.82,5.8,73.71,38.42,0.32,68.5,0.62,9.32,2025,IGKV,Quarterly,0,0
2025-01-12 05:45:00,10.25,14.53,15.81,5.74,74.79,38.42,0.34,71.17,0.62,9.32,2025,IGKV,Quarterly,0,0
2025-01-12 06:00:00,10.18,14.44,15.71,5.64,74.79,38.42,0.56,50.62,0.62,9.32,2025,IGKV,Quarterly,0,0
2025-01-12 06:15:00,10.34,14.47,15.85,5.66,74.79,38.42,0.64,20.74,0.61,9.32,2025,IGKV,Quarterly,0,0
2025-01-12 06:30:00,10.83,14.58,16.3,6.09,80.15,38.11,0.34,19.94,0.62,9.32,2025,IGKV,Quarterly,0,0
2025-01-12 06:45:00,11.5,14.62,16.86,5.66,82.69,38.08,0.45,37.58,0.61,9.32,2025,IGKV,Quarterly,0,0
2025-01-12 07:00:00,11.97,14.8,17.33,5.87,82.69,38.08,0.44,36.69,0.61,9.32,2025,IGKV,Quarterly,0,0
2025-01-12 07:15:00,12.36,15.01,17.75,5.95,82.69,38.08,0.32,63.65,0.62,9.32,2025,IGKV,Quarterly,0,0
2025-01-12 07:30:00,12.77,15.19,18.18,5.85,85.72,40.25,0.41,28.1,0.62,9.32,2025,IGKV,Quarterly,0,0
2025-01-12 07:45:00,13.39,15.4,18.78,6.01,87.15,40.47,0.34,32.89,0.63,9.32,2025,IGKV,Quarterly,0,0
2025-01-12 08:00:00,14.03,15.58,19.39,5.94,87.15,40.47,0.48,36.01,0.64,9.32,2025,IGKV,Quarterly,0,0
2025-01-12 08:15:00,14.44,15.89,19.88,6.17,87.15,40.47,0.66,18.72,0.65,9.32,2025,IGKV,Quarterly,0,0
2025-01-12 08:30:00,14.54,16.05,20.04,6.11,88.21,42.56,1.02,33.23,0.66,9.32,2025,IGKV,Quarterly,0,0
2025-01-12 08:45:00,14.23,16.17,19.86,5.99,88.72,42.77,0.88,32.09,0.66,9.32,2025,IGKV,Quarterly,0,0
2025-01-12 09:00:00,13.73,16.27,19.51,5.94,88.72,42.77,0.78,51.52,0.67,9.32,2025,IGKV,Quarterly,0,0
2025-01-12 09:15:00,13.35,16.79,19.48,6.08,88.72,42.77,1.05,43.5,0.68,9.32,2025,IGKV,Quarterly,0,0
2025-01-12 09:30:00,12.76,16.9,19.06,6.01,90.67,42.48,0.72,51.27,0.67,9.32,2025,IGKV,Quarterly,0,0
2025-01-12 09:45:00,12.3,17.18,18.84,5.16,91.6,42.45,0.93,46.29,0.68,9.32,2025,IGKV,Quarterly,0,0
2025-01-12 10:00:00,11.93,17.55,18.73,5.98,91.6,42.45,0.48,58.16,0.69,9.32,2025,IGKV,Quarterly,0,0
2025-01-12 10:15:00,11.29,17.86,18.38,3.83,91.6,42.45,0.56,49.45,0.69,10.3,2025,IGKV,Quarterly,0,0
2025-01-12 10:30:00,10.54,18.11,17.92,4.91,94.36,40.74,0.51,73.38,0.7,9.5,2025,IGKV,Quarterly,0,0
2025-01-12 10:45:00,9.65,18.06,17.17,4.98,95.67,40.26,0.35,94.99,0.69,9.32,2025,IGKV,Quarterly,0,0
2025-01-12 11:00:00,8.36,18.46,16.35,5.67,95.67,40.26,0.84,51.19,0.69,9.32,2025,IGKV,Quarterly,0,0
2025-01-12 11:15:00,6.57,19.64,15.53,5.56,95.67,40.26,0.96,45.96,0.69,9.32,2025,IGKV,Quarterly,0,0
2025-01-12 11:30:00,5.26,19.81,14.57,5.94,87.93,39.38,0.41,83.2,0.68,9.32,2025,IGKV,Quarterly,0,0
2025-01-12 11:45:00,4.08,19.76,13.6,6.73,84.25,39.3,0.85,49.62,0.67,9.32,2025,IGKV,Quarterly,0,0
2025-01-12 12:00:00,3.48,19.27,12.85,8.97,84.25,39.3,0.6,58.5,0.67,9.32,2025,IGKV,Quarterly,0,0
2025-01-12 12:15:00,3.29,19.25,12.7,10.55,84.25,39.3,0.67,48.22,0.67,9.32,2025,IGKV,Quarterly,0,0
2025-01-12 12:30:00,3.14,19.33,12.61,10.16,78.74,36.43,0.77,53.31,0.65,9.32,2025,IGKV,Quarterly,0,0
2025-01-12 12:45:00,3.18,19.18,12.57,12.54,76.12,36.14,0.84,48.24,0.62,9.32,2025,IGKV,Quarterly,0,0
2025-01-12 13:00:00,3.08,18.74,12.26,10.39,76.12,36.14,0.73,58.47,0.6,9.32,2025,IGKV,Quarterly,0,0
2025-01-12 13:15:00,3.22,19.2,12.61,13.37,76.12,36.14,0.85,43.48,0.59,9.32,2025,IGKV,Quarterly,0,0
2025-01-12 13:30:00,3.17,19.7,12.84,1.5,76.12,36.14,0.55,56.65,0.55,9.32,2025,IGKV,Quarterly,0,0
2025-01-12 13:45:00,3.04,19.31,12.53,209.78,76.12,36.14,0.65,52.41,0.53,9.32,2025,IGKV,Quarterly,0,0
2025-01-12 14:00:00,3.05,19.29,12.52,293.49,76.12,36.14,0.59,49.98,0.51,9.32,2025,IGKV,Quarterly,0,0
2025-01-12 14:15:00,3.02,19.83,12.78,90.01,76.12,36.14,0.63,43.11,0.48,9.32,2025,IGKV,Quarterly,0,0
2025-01-12 14:30:00,2.88,18.97,12.22,99.36,76.12,36.14,0.34,67.9,0.49,9.32,2025,IGKV,Quarterly,0,0
2025-01-12 14:45:00,2.84,18.05,11.71,117.93,67.22800000000001,34.802,0.33,74.39,0.48,9.32,2025,IGKV,Quarterly,1,4
2025-01-12 15:00:00,2.86,17.07,11.21,133.24,58.336,33.464,0.43,69.53,0.45,9.32,2025,IGKV,Quarterly,1,4
2025-01-12 15:15:00,2.89,16.99,11.19,137.73,49.444,32.126,0.39,72.8,0.45,9.32,2025,IGKV,Quarterly,1,4
2025-01-12 15:30:00,2.8,16.72,10.98,136.87,,,0.21,142.35,0.45,9.32,2025,IGKV,Quarterly,1,4
2025-01-12 15:45:00,2.71,15.44,10.24,154.99,31.66,29.45,0.33,150.09,0.44,9.32,2025,IGKV,Quarterly,0,0
2025-01-12 16:00:00,2.73,14.7,9.87,5.31,32.38,29.45,0.24,85.21,0.43,9.32,2025,IGKV,Quarterly,0,0
2025-01-12 16:15:00,192.45,48.29,240.74,8.33,32.38,29.45,0.46,63.44,0.44,9.32,2025,IGKV,Quarterly,0,0
2025-01-12 16:30:00,202.47,42.59,245.06,7.58,32.38,29.45,0.28,76.65,0.45,9.32,2025,IGKV,Quarterly,0,0
2025-01-12 16:45:00,2.98,13.59,9.68,5.76,39.1,29.09,0.17,111.5,0.45,9.32,2025,IGKV,Quarterly,0,0
2025-01-12 17:00:00,3.01,16.84,11.21,4.38,39.25,29.09,0.21,139.05,0.45,9.32,2025,IGKV,Quarterly,0,0
2025-01-12 17:15:00,3.13,16.73,11.25,3.85,39.25,29.09,0.15,145.12,0.46,9.32,2025,IGKV,Quarterly,0,0
2025-01-12 17:30:00,3.31,16.74,11.4,3.39,39.25,29.09,0.2,149.5,0.47,9.32,2025,IGKV,Quarterly,0,0
2025-01-12 17:45:00,3.52,17.6,12.01,3.43,48.05,28.74,0.25,164.25,0.49,9.32,2025,IGKV,Quarterly,0,0
2025-01-12 18:00:00,3.63,18.36,12.51,3.57,48.25,28.74,0.18,149.23,0.51,9.32,2025,IGKV,Quarterly,0,0
2025-01-12 18:15:00,3.87,18.45,12.75,2.71,48.25,28.74,0.22,85.48,0.53,9.32,2025,IGKV,Quarterly,0,0
2025-01-12 18:30:00,4.36,18.72,13.27,3.07,48.25,28.74,0.16,83.26,0.55,9.32,2025,IGKV,Quarterly,0,0
2025-01-12 18:45:00,4.68,18.88,13.62,3.05,68.13,32.18,0.18,136.44,0.57,9.32,2025,IGKV,Quarterly,0,0
2025-01-12 19:00:00,4.94,18.84,13.81,3.05,68.58,32.18,0.22,140.41,0.58,9.32,2025,IGKV,Quarterly,0,0
2025-01-12 19:15:00,5.13,18.79,13.93,3.18,68.58,32.18,0.2,129.82,0.61,9.32,2025,IGKV,Quarterly,0,0
2025-01-12 19:30:00,5.18,18.73,13.94,3.31,68.58,32.18,0.26,89.02,0.62,9.32,2025,IGKV,Quarterly,0,0
2025-01-12 19:45:00,5.27,18.59,13.94,3.2,92.17,38.91,0.19,124.92,0.63,9.32,2025,IGKV,Quarterly,0,0
2025-01-12 20:00:00,5.47,18.42,14.01,3.08,92.71,38.91,0.2,147.95,0.65,9.32,2025,IGKV,Quarterly,0,0
2025-01-12 20:15:00,5.64,18.22,14.04,3.51,92.71,38.91,0.24,162.05,0.66,9.32,2025,IGKV,Quarterly,0,0
2025-01-12 20:30:00,5.55,17.81,13.75,3.32,92.71,38.91,0.24,165.62,0.66,9.32,2025,IGKV,Quarterly,0,0
2025-01-12 20:45:00,5.4,17.28,13.36,3.75,87.05,40.58,0.21,178.79,0.65,9.32,2025,IGKV,Quarterly,0,0
2025-01-12 21:00:00,5.28,16.72,12.97,3.59,86.92,40.58,0.18,192.45,0.65,9.32,2025,IGKV,Quarterly,0,0
2025-01-12 21:15:00,5.18,16.2,12.62,3.86,86.92,40.58,0.15,157.94,0.65,9.32,2025,IGKV,Quarterly,0,0
2025-01-12 21:30:00,5.09,15.75,12.31,3.43,86.92,40.58,0.15,173.72,0.65,9.32,2025,IGKV,Quarterly,0,0
2025-01-12 21:45:00,5.18,14.95,11.97,3.53,75.93,39.44,0.17,179.57,0.65,9.32,2025,IGKV,Quarterly,0,0
2025-01-12 22:00:00,5.36,14.39,11.82,3.79,75.68,39.44,0.14,203.88,0.65,9.32,2025,IGKV,Quarterly,0,0
2025-01-12 22:15:00,5.59,14.02,11.81,3.83,75.68,39.44,0.08,195.18,0.65,9.32,2025,IGKV,Quarterly,0,0
2025-01-12 22:30:00,5.81,13.75,11.84,3.46,75.68,39.44,0.12,167.54,0.65,9.32,2025,IGKV,Quarterly,0,0
2025-01-12 22:45:00,6.03,13.54,11.91,3.86,65.56,39.54,0.16,180.6,0.65,9.32,2025,IGKV,Quarterly,0,0
2025-01-12 23:00:00,6.19,13.38,11.95,3.57,65.33,39.54,0.19,229.58,0.64,9.32,2025,IGKV,Quarterly,0,0
2025-01-12 23:15:00,6.36,13.29,12.04,3.79,65.33,39.54,0.19,238.29,0.64,9.32,2025,IGKV,Quarterly,0,0
2025-01-12 23:30:00,6.51,13.01,12.02,3.63,65.33,39.54,0.11,191.21,0.64,9.32,2025,IGKV,Quarterly,0,0
2025-01-12 23:45:00,6.67,12.92,12.1,3.91,61.4,36.15,0.07,187.85,0.62,9.32,2025,IGKV,Quarterly,0,0
