DateTime,NO,NO2,NOx,SO2,PM10,PM2.5,WS,WD,CO,NH3,Year,Location,Frequency,is_imputed,gap_length
2022-01-06 01:00:00,15.62,22.86,38.47,14.26,500.0,250.49,1.48,242.19,2.06,,2022,Siltara,Hourly,1,23
2022-01-06 02:00:00,12.08,21.89,33.98,14.09,500.0,250.49,0.89,241.59,1.9,,2022,Siltara,Hourly,1,23
2022-01-06 03:00:00,9.85,22.96,31.88,14.15,500.0,220.97,0.79,233.14,1.88,,2022,Siltara,Hourly,1,23
2022-01-06 04:00:00,9.15,24.09,33.23,14.09,500.0,224.12,0.74,237.15,1.82,,2022,Siltara,Hourly,1,23
2022-01-06 05:00:00,10.16,24.13,34.08,14.37,500.0,247.43,0.49,227.11,1.69,,2022,Siltara,Hourly,1,23
2022-01-06 06:00:00,11.41,24.45,35.57,14.54,500.0,247.43,0.92,240.08,1.69,,2022,Siltara,Hourly,1,23
2022-01-06 07:00:00,13.56,20.1,33.52,15.05,500.0,252.98,1.06,244.64,1.69,,2022,Siltara,Hourly,1,23
2022-01-06 08:00:00,13.94,20.55,34.37,15.23,500.0,259.53,1.14,240.62,1.63,,2022,Siltara,Hourly,1,23
2022-01-06 09:00:00,11.94,20.04,31.6,14.77,500.0,259.53,1.17,237.33,1.52,,2022,Siltara,Hourly,1,23
2022-01-06 10:00:00,7.04,22.77,28.23,14.74,366.86,195.02,0.87,281.76,1.37,,2022,Siltara,Hourly,1,23
2022-01-06 11:00:00,5.09,23.12,28.02,14.71,369.1,173.27,0.95,288.4,1.29,,2022,Siltara,Hourly,1,23
2022-01-06 12:00:00,5.22,23.28,28.5,14.03,377.16,500.0,2.29,40.31,1.14,,2022,Siltara,Hourly,1,23
2022-01-06 13:00:00,5.63,20.99,26.06,13.34,465.71,500.0,2.89,357.78,0.86,,2022,Siltara,Hourly,1,23
2022-01-06 14:00:00,7.11,22.68,29.8,12.17,91.58,69.14,2.85,350.21,0.64,,2022,Siltara,Hourly,1,23
2022-01-06 15:00:00,5.42,22.54,27.96,10.71,402.69,110.2,1.25,321.26,0.67,,2022,Siltara,Hourly,1,23
2022-01-06 16:00:00,8.86,38.56,47.16,10.42,461.63,116.51,2.43,24.72,1.29,,2022,Siltara,Hourly,1,23
2022-01-06 17:00:00,60.4,59.94,120.34,14.63,492.58,153.74,1.99,347.89,1.07,,2022,Siltara,Hourly,1,23
2022-01-06 18:00:00,78.31,72.62,153.59,14.51,500.0,155.88,1.7,14.12,0.98,,2022,Siltara,Hourly,1,23
2022-01-06 19:00:00,30.03,51.73,81.76,8.61,500.0,159.59,1.76,15.84,0.97,,2022,Siltara,Hourly,1,23
2022-01-06 20:00:00,57.14,53.96,106.28,8.8,500.0,152.34,0.71,354.11,1.35,,2022,Siltara,Hourly,1,23
2022-01-06 21:00:00,52.11,44.66,96.77,10.08,500.0,187.39,0.35,226.26,1.33,,2022,Siltara,Hourly,1,23
2022-01-06 22:00:00,42.32,34.35,76.36,11.01,500.0,182.37,0.31,214.03,1.25,,2022,Siltara,Hourly,1,23
2022-01-06 23:00:00,36.33,30.14,66.46,12.22,376.84,173.17,0.43,232.89,1.51,,2022,Siltara,Hourly,1,23
2022-01-07 01:00:00,5.73,6.76,12.16,20.42,71.66,40.35,0.69,239.94,0.72,12.3,2022,Siltara,Hourly,0,0
2022-01-07 02:00:00,7.02,6.07,11.63,20.79,75.81,42.14,0.74,220.35,0.75,12.44,2022,Siltara,Hourly,0,0
2022-01-07 03:00:00,6.97,3.11,9.95,18.05,74.04,39.71,1.1,227.18,0.72,12.4,2022,Siltara,Hourly,0,0
2022-01-07 04:00:00,5.55,2.93,8.48,17.51,60.96,36.32,1.19,229.68,0.63,12.24,2022,Siltara,Hourly,0,0
2022-01-07 05:00:00,5.8,3.18,8.96,17.9,53.08,33.43,0.81,244.73,0.55,12.31,2022,Siltara,Hourly,0,0
2022-01-07 06:00:00,5.91,3.8,9.52,17.66,54.71,34.13,0.85,241.55,0.55,12.47,2022,Siltara,Hourly,0,0
2022-01-07 07:00:00,5.68,3.56,9.21,18.37,55.77,33.76,0.73,245.92,0.54,12.35,2022,Siltara,Hourly,0,0
2022-01-07 08:00:00,6.59,3.75,10.34,18.98,60.0,34.32,1.08,245.16,0.52,12.47,2022,Siltara,Hourly,0,0
2022-01-07 09:00:00,5.66,4.26,9.79,21.32,61.01,27.74,1.02,239.61,0.47,12.37,2022,Siltara,Hourly,0,0
2022-01-07 10:00:00,6.89,3.75,10.26,21.25,59.52,23.9,1.0,261.9,0.41,12.3,2022,Siltara,Hourly,0,0
2022-01-07 11:00:00,4.74,3.82,8.16,22.62,54.74,21.05,0.73,278.45,0.37,12.07,2022,Siltara,Hourly,0,0
2022-01-07 12:00:00,3.87,5.93,9.8,26.56,50.19,20.26,0.67,275.71,0.3,11.9,2022,Siltara,Hourly,0,0
2022-01-07 13:00:00,3.01,6.91,9.91,28.52,51.19,22.42,0.77,255.28,0.31,11.56,2022,Siltara,Hourly,0,0
2022-01-07 14:00:00,1.77,5.94,7.71,34.34,51.5,23.24,0.72,258.63,0.28,11.48,2022,Siltara,Hourly,0,0
2022-01-07 15:00:00,1.25,5.17,6.12,34.87,51.82,21.68,1.01,261.3,0.24,11.3,2022,Siltara,Hourly,0,0
2022-01-07 16:00:00,0.0,2.1,2.1,29.69,52.6,20.34,0.93,253.26,0.26,11.44,2022,Siltara,Hourly,0,0
2022-01-07 17:00:00,3.21,15.41,18.63,54.45,48.64,21.06,0.83,255.54,0.31,10.76,2022,Siltara,Hourly,0,0
2022-01-07 18:00:00,0.91,5.22,6.13,44.62,50.67,24.29,1.0,241.8,0.29,10.87,2022,Siltara,Hourly,0,0
2022-01-07 19:00:00,0.04,8.51,8.55,47.67,56.32,25.73,1.14,235.52,0.34,10.97,2022,Siltara,Hourly,0,0
2022-01-07 20:00:00,0.0,4.45,4.45,26.63,58.98,25.42,1.28,225.61,0.36,11.21,2022,Siltara,Hourly,0,0
2022-01-07 21:00:00,0.0,11.6,11.6,32.21,56.02,23.47,1.0,245.39,0.57,11.17,2022,Siltara,Hourly,0,0
2022-01-07 22:00:00,3.9,14.94,17.92,40.93,64.31,25.45,0.92,242.06,0.52,9.92,2022,Siltara,Hourly,0,0
2022-01-07 23:00:00,4.89,21.83,26.7,57.35,126.05,31.25,0.63,241.29,1.03,10.65,2022,Siltara,Hourly,0,0
2022-01-08 01:00:00,10.31,16.86,28.68,11.52,49.78,21.52,0.2,233.41,0.0,11.88,2022,Siltara,Hourly,0,0
2022-01-08 02:00:00,13.88,16.93,30.8,11.77,65.46,23.85,0.37,251.37,0.0,11.83,2022,Siltara,Hourly,0,0
2022-01-08 03:00:00,13.78,17.16,30.72,12.44,72.75,25.62,0.3,218.38,0.0,12.32,2022,Siltara,Hourly,0,0
2022-01-08 04:00:00,15.04,11.36,25.31,21.94,60.02,22.31,0.27,295.23,0.0,13.66,2022,Siltara,Hourly,0,0
2022-01-08 05:00:00,21.82,8.92,30.74,20.7,64.24,29.19,0.13,240.57,0.0,14.07,2022,Siltara,Hourly,0,0
2022-01-08 06:00:00,29.8,10.77,42.35,19.45,73.84,32.42,0.28,229.54,0.0,15.06,2022,Siltara,Hourly,0,0
2022-01-08 07:00:00,24.13,9.37,32.9,18.1,76.84,31.88,0.34,207.36,0.0,16.44,2022,Siltara,Hourly,0,0
2022-01-08 08:00:00,16.58,24.67,46.93,9.82,69.39,38.48,0.34,230.35,0.0,16.28,2022,Siltara,Hourly,0,0
2022-01-08 09:00:00,14.33,16.49,29.87,11.6,74.61,41.53,0.42,313.86,0.0,14.35,2022,Siltara,Hourly,0,0
2022-01-08 10:00:00,12.86,16.58,29.45,13.18,76.47,31.8,0.39,333.09,0.0,14.9,2022,Siltara,Hourly,0,0
2022-01-08 11:00:00,10.56,19.66,28.1,38.23,75.74,25.71,0.52,344.37,0.03,14.29,2022,Siltara,Hourly,0,0
2022-01-08 12:00:00,9.55,13.63,23.18,34.86,76.85,23.85,0.72,358.72,0.84,13.22,2022,Siltara,Hourly,0,0
2022-01-08 13:00:00,12.29,19.68,31.96,33.48,77.12,23.76,0.3,223.25,1.46,12.81,2022,Siltara,Hourly,0,0
2022-01-08 14:00:00,13.78,26.32,40.1,21.22,69.95,22.62,0.65,217.48,1.34,11.19,2022,Siltara,Hourly,0,0
2022-01-08 15:00:00,11.81,14.93,26.56,18.39,73.67,22.64,0.57,359.61,0.84,13.07,2022,Siltara,Hourly,0,0
2022-01-08 16:00:00,8.5,22.73,31.23,20.83,75.07,23.78,0.47,315.0,0.85,12.68,2022,Siltara,Hourly,0,0
2022-01-08 17:00:00,12.41,14.92,26.86,20.13,78.84,24.42,0.34,319.76,0.85,11.75,2022,Siltara,Hourly,0,0
2022-01-08 18:00:00,22.38,22.27,40.89,36.5,91.55,26.5,0.45,273.21,0.66,12.68,2022,Siltara,Hourly,0,0
2022-01-08 19:00:00,7.13,17.55,20.82,36.6,96.09,27.57,0.51,235.03,0.74,13.28,2022,Siltara,Hourly,0,0
2022-01-08 20:00:00,9.87,21.59,31.45,37.63,78.61,22.27,0.41,227.0,0.64,12.6,2022,Siltara,Hourly,0,0
2022-01-08 21:00:00,10.35,21.18,30.21,53.62,89.56,23.24,0.75,233.49,0.76,12.12,2022,Siltara,Hourly,0,0
2022-01-08 22:00:00,14.2,12.04,26.24,39.09,94.34,22.75,1.36,42.32,0.67,12.75,2022,Siltara,Hourly,0,0
2022-01-08 23:00:00,13.9,16.73,30.63,17.73,94.94,24.61,0.52,216.26,0.69,12.5,2022,Siltara,Hourly,0,0
2022-01-09 01:00:00,1.36,23.07,24.44,16.08,117.7,27.91,0.33,233.92,1.69,12.56,2022,Siltara,Hourly,0,0
2022-01-09 02:00:00,1.89,16.8,18.69,11.26,117.7,27.91,0.24,247.71,0.53,11.4,2022,Siltara,Hourly,0,0
2022-01-09 03:00:00,5.44,21.45,25.95,10.27,55.83,19.94,0.31,220.37,0.82,10.93,2022,Siltara,Hourly,0,0
2022-01-09 04:00:00,3.06,19.88,22.94,11.82,53.93,18.49,0.2,247.14,1.71,11.52,2022,Siltara,Hourly,0,0
2022-01-09 05:00:00,4.195,14.3,14.3,14.39,53.93,16.28,0.58,229.22,0.61,11.16,2022,Siltara,Hourly,1,1
2022-01-09 06:00:00,5.33,18.07,23.39,13.96,87.0,20.58,0.31,223.08,0.51,11.29,2022,Siltara,Hourly,0,0
2022-01-09 07:00:00,17.92,19.53,34.58,12.78,87.0,20.58,0.49,215.88,0.79,12.97,2022,Siltara,Hourly,0,0
2022-01-09 08:00:00,7.96,19.35,27.22,65.91,81.98,23.99,0.53,229.49,0.77,13.43,2022,Siltara,Hourly,0,0
2022-01-09 09:00:00,0.94,10.96,11.9,54.73,106.92,42.1,0.6,244.57,0.71,12.7,2022,Siltara,Hourly,0,0
2022-01-09 10:00:00,1.65,8.43,8.8,36.5,106.92,42.1,0.45,247.52,0.69,10.76,2022,Siltara,Hourly,0,0
2022-01-09 11:00:00,3.97,14.42,18.39,31.67,83.21,49.25,0.52,286.39,0.81,10.89,2022,Siltara,Hourly,0,0
2022-01-09 12:00:00,1.32,13.16,14.48,23.75,108.52,49.45,0.52,268.02,0.81,11.5,2022,Siltara,Hourly,0,0
2022-01-09 13:00:00,26.37,28.09,56.1,29.13,108.52,49.45,0.88,346.55,0.71,11.31,2022,Siltara,Hourly,0,0
2022-01-09 14:00:00,16.95,23.65,40.6,20.71,231.0,56.01,0.83,218.14,0.64,14.12,2022,Siltara,Hourly,0,0
2022-01-09 15:00:00,12.11,25.5,37.61,32.56,231.0,56.01,1.7,12.41,0.71,11.06,2022,Siltara,Hourly,0,0
2022-01-09 16:00:00,25.29,40.85,66.14,37.8,295.18,59.9,1.02,308.3,0.73,15.57,2022,Siltara,Hourly,0,0
2022-01-09 17:00:00,23.77,45.53,69.79,38.33,295.18,66.99,0.62,30.37,1.17,13.4,2022,Siltara,Hourly,0,0
2022-01-09 18:00:00,28.68,58.34,98.31,36.19,500.0,66.99,0.75,352.92,1.13,14.44,2022,Siltara,Hourly,0,0
2022-01-09 19:00:00,53.23,61.81,115.68,25.07,500.0,77.63,0.36,39.13,1.78,12.79,2022,Siltara,Hourly,0,0
2022-01-09 20:00:00,37.74,65.76,87.18,13.97,500.0,79.82,0.3,220.3,1.4,18.63,2022,Siltara,Hourly,0,0
2022-01-09 21:00:00,10.38,31.86,41.2,13.87,500.0,79.82,0.3,224.15,1.05,13.35,2022,Siltara,Hourly,0,0
2022-01-09 22:00:00,33.78,47.74,89.36,12.28,154.12,60.6,0.3,224.72,1.32,14.58,2022,Siltara,Hourly,0,0
2022-01-09 23:00:00,45.47,45.0,86.1,12.3,192.65,48.72,0.24,222.92,1.53,17.76,2022,Siltara,Hourly,0,0
2022-01-10 01:00:00,20.82,8.89,29.11,12.6,200.13,28.73,0.57,225.31,1.01,11.39,2022,Siltara,Hourly,0,0
2022-01-10 02:00:00,20.83,7.53,28.36,11.73,200.13,28.73,0.28,329.83,0.99,11.97,2022,Siltara,Hourly,0,0
2022-01-10 03:00:00,19.92,6.69,26.19,11.84,176.29,28.56,0.26,109.89,0.96,11.7,2022,Siltara,Hourly,0,0
2022-01-10 04:00:00,21.08,6.7,27.7,12.15,107.65,25.91,0.51,63.85,0.93,11.81,2022,Siltara,Hourly,0,0
2022-01-10 05:00:00,21.27,8.03,28.78,11.77,131.73,23.49,0.58,349.97,0.89,12.15,2022,Siltara,Hourly,0,0
2022-01-10 06:00:00,21.19,7.31,27.8,12.27,131.73,23.49,1.05,58.3,0.85,11.42,2022,Siltara,Hourly,0,0
2022-01-10 07:00:00,25.51,8.67,34.18,11.6,95.22,19.97,0.45,56.94,0.91,12.54,2022,Siltara,Hourly,0,0
2022-01-10 08:00:00,26.87,9.57,35.37,11.64,181.44,25.82,0.79,41.9,0.97,12.94,2022,Siltara,Hourly,0,0
2022-01-10 09:00:00,25.6,9.3,34.84,11.49,192.66666666666666,34.88,0.7,38.38,1.05,13.83,2022,Siltara,Hourly,1,2
2022-01-10 10:00:00,25.98,9.36,34.87,12.65,203.89333333333335,50.24,0.76,31.92,1.06,13.72,2022,Siltara,Hourly,1,2
2022-01-10 11:00:00,25.2,15.86,34.98,12.97,215.12,50.24,1.16,345.19,0.93,13.22,2022,Siltara,Hourly,0,0
2022-01-10 12:00:00,11.94,14.72,26.65,14.25,215.12,45.93,1.33,10.89,0.78,10.74,2022,Siltara,Hourly,0,0
2022-01-10 13:00:00,7.19,12.23,19.11,13.63,192.11,40.56,1.24,353.92,0.63,42.95,2022,Siltara,Hourly,1,1
2022-01-10 14:00:00,9.24,12.69,21.93,14.57,146.35,36.88,2.19,356.09,0.6,75.16,2022,Siltara,Hourly,0,0
2022-01-10 15:00:00,6.18,11.38,17.42,12.38,166.76,36.88,1.82,357.04,0.58,49.05,2022,Siltara,Hourly,0,0
2022-01-10 16:00:00,10.6,18.37,28.97,10.83,166.76,31.97,1.58,6.35,0.48,29.28,2022,Siltara,Hourly,0,0
2022-01-10 17:00:00,15.12,20.99,33.2,8.91,183.55,23.76,1.34,14.63,0.57,28.77,2022,Siltara,Hourly,0,0
2022-01-10 18:00:00,20.55,18.87,38.11,8.87,219.48,23.76,0.42,17.4,0.72,22.34,2022,Siltara,Hourly,0,0
2022-01-10 19:00:00,20.98,17.97,38.95,8.95,273.73,31.13,0.24,350.16,0.85,20.54,2022,Siltara,Hourly,0,0
2022-01-10 20:00:00,18.35,16.6,32.7,8.96,273.73,31.13,0.66,211.03,0.84,17.71,2022,Siltara,Hourly,0,0
2022-01-10 21:00:00,22.16,12.81,34.97,8.75,265.93,38.01,0.64,359.33,0.92,18.27,2022,Siltara,Hourly,0,0
2022-01-10 22:00:00,16.05,8.49,24.54,9.21,265.93,38.01,0.25,219.25,0.79,16.65,2022,Siltara,Hourly,0,0
2022-01-10 23:00:00,23.36,10.46,33.82,9.54,149.71,33.25,0.36,224.79,0.85,17.15,2022,Siltara,Hourly,0,0
2022-01-11 01:00:00,68.32,18.73,64.47,19.43,500.0,60.02,0.73,23.02,0.835,24.16,2022,Siltara,Hourly,1,10
2022-01-11 02:00:00,59.07,18.13,56.77,19.43,500.0,66.28,0.93,16.35,0.8275,20.05,2022,Siltara,Hourly,1,10
2022-01-11 03:00:00,45.66,17.29,45.63,19.11,155.78,66.28,0.68,16.7,0.82,13.4,2022,Siltara,Hourly,1,10
2022-01-11 04:00:00,35.64,16.59,37.25,18.7,155.78,62.95,0.48,44.07,,7.0,2022,Siltara,Hourly,1,10
2022-01-11 05:00:00,31.48,15.43,33.3,18.42,121.13,54.29,0.78,134.36,,2.34,2022,Siltara,Hourly,1,10
2022-01-11 06:00:00,29.2,14.99,31.15,18.15,121.13,54.29,0.2,237.07,,0.09,2022,Siltara,Hourly,1,10
2022-01-11 07:00:00,36.06,14.88,36.34,17.61,154.93,51.73,0.68,225.45,,3.56,2022,Siltara,Hourly,1,10
2022-01-11 08:00:00,37.36,16.88,38.78,18.6,154.93,51.73,0.51,18.94,,6.29,2022,Siltara,Hourly,1,10
2022-01-11 09:00:00,37.47,17.28,38.65,18.71,154.61,58.83,0.68,34.8,,6.69,2022,Siltara,Hourly,1,10
2022-01-11 10:00:00,36.26,19.07,38.35,19.59,181.77,61.12,0.82,27.79,,7.82,2022,Siltara,Hourly,1,10
2022-01-11 11:00:00,34.02,26.09,37.34,21.82,181.77,61.12,1.07,28.05,0.76,6.92,2022,Siltara,Hourly,0,0
2022-01-11 12:00:00,11.62,37.93,29.13,23.08,138.29500000000002,47.51,1.04,34.04,0.63,6.65,2022,Siltara,Hourly,1,1
2022-01-11 13:00:00,12.39,33.01,26.53,43.71,94.82,33.9,1.05,17.57,0.53,0.51,2022,Siltara,Hourly,0,0
2022-01-11 14:00:00,12.12,35.7,27.06,42.55,104.47,39.56,0.83,35.09,0.58,16.02,2022,Siltara,Hourly,0,0
2022-01-11 15:00:00,17.43,32.53,31.46,47.4,114.24,41.21,1.01,356.94,0.6,15.15,2022,Siltara,Hourly,0,0
2022-01-11 16:00:00,10.99,31.3,24.13,43.05,126.76,41.21,0.8,359.18,0.55,14.44,2022,Siltara,Hourly,0,0
2022-01-11 17:00:00,9.04,34.42,25.23,33.67,128.13,42.65,0.67,11.45,0.55,19.01,2022,Siltara,Hourly,0,0
2022-01-11 18:00:00,18.06,39.14,34.94,28.24,141.92,43.58,0.46,23.06,0.64,23.46,2022,Siltara,Hourly,0,0
2022-01-11 19:00:00,18.17,30.94,29.81,24.14,229.75,54.78,0.46,17.93,0.71,20.3,2022,Siltara,Hourly,0,0
2022-01-11 20:00:00,16.03,26.83,26.29,21.17,500.0,55.27,0.28,185.65,0.76,19.59,2022,Siltara,Hourly,0,0
2022-01-11 21:00:00,24.02,25.1,32.33,19.44,500.0,55.8,0.2,237.24,0.93,23.68,2022,Siltara,Hourly,0,0
2022-01-11 22:00:00,29.37,24.33,35.9,19.84,164.14,55.8,0.44,236.56,1.02,27.37,2022,Siltara,Hourly,0,0
2022-01-11 23:00:00,41.57,23.42,45.46,20.04,500.0,64.87,0.23,279.85,1.13,34.23,2022,Siltara,Hourly,0,0
2022-01-12 01:00:00,35.69,42.81,50.98,4.05,151.66,76.12,0.2525,268.6825,1.81,18.68,2022,Siltara,Hourly,1,6
2022-01-12 02:00:00,30.98,41.2,46.37,4.4,156.17,80.69,0.26375,263.09875,1.77,16.31,2022,Siltara,Hourly,1,6
2022-01-12 03:00:00,25.81,39.91,41.55,4.66,158.07,89.36,0.275,257.515,1.72,13.31,2022,Siltara,Hourly,1,6
2022-01-12 04:00:00,21.3,38.25,37.06,4.57,109.8,76.44,,,1.67,10.07,2022,Siltara,Hourly,1,6
2022-01-12 05:00:00,19.0,37.39,34.78,4.88,83.95,69.38,,,1.63,8.62,2022,Siltara,Hourly,1,6
2022-01-12 06:00:00,21.45,36.76,36.24,4.74,83.31,60.21,,,1.57,9.65,2022,Siltara,Hourly,1,6
2022-01-12 07:00:00,22.46,36.85,37.26,4.93,99.69,63.23,0.32,235.18,1.53,8.64,2022,Siltara,Hourly,0,0
2022-01-12 08:00:00,26.09,38.54,40.77,5.58,109.49,64.36,3.89,35.49,1.56,10.41,2022,Siltara,Hourly,0,0
2022-01-12 09:00:00,25.84,38.75,40.61,5.28,129.36,67.51,9.31,28.27,1.6,10.82,2022,Siltara,Hourly,0,0
2022-01-12 10:00:00,25.45,40.41,41.13,5.25,135.01,68.17,11.7,80.39,1.61,11.79,2022,Siltara,Hourly,0,0
2022-01-12 11:00:00,25.41,42.11,42.13,5.42,152.73,71.21,12.3,32.63,1.6,13.2,2022,Siltara,Hourly,0,0
2022-01-12 12:00:00,23.97,42.03,41.18,9.11,159.81,67.01,9.95,35.65,1.58,13.02,2022,Siltara,Hourly,0,0
2022-01-12 13:00:00,21.12,41.57,38.66,13.73,160.54,60.07,7.88,352.67,1.49,12.19,2022,Siltara,Hourly,0,0
2022-01-12 14:00:00,16.79,40.12,33.88,19.77,143.94,57.7,9.55,359.18,1.39,10.53,2022,Siltara,Hourly,0,0
2022-01-12 15:00:00,12.18,39.76,30.54,18.71,124.19,51.6,7.11,347.97,1.35,8.42,2022,Siltara,Hourly,0,0
2022-01-12 16:00:00,11.98,39.47,30.23,10.34,122.73,47.57,6.17,300.95,1.32,5.56,2022,Siltara,Hourly,0,0
2022-01-12 17:00:00,11.13,39.2,29.4,10.38,118.66,48.5,0.64,321.06,1.29,3.77,2022,Siltara,Hourly,0,0
2022-01-12 18:00:00,13.64,40.0,31.84,6.33,167.96,55.51,0.05,87.52,1.34,8.64,2022,Siltara,Hourly,0,0
2022-01-12 19:00:00,33.59,44.17,50.01,6.06,249.92,62.08,0.05006722490859771,87.5178570586154,1.46,20.22,2022,Siltara,Hourly,1,5
2022-01-12 20:00:00,54.28,47.33,67.72,6.85,228.26999999999998,70.28,0.05013444981719543,87.5157141172308,1.6,34.77,2022,Siltara,Hourly,1,5
2022-01-12 21:00:00,62.76,47.76,75.28,6.83,206.62,80.22,0.050201674725793136,87.51357117584621,1.74,38.94,2022,Siltara,Hourly,1,5
2022-01-12 22:00:00,64.13,47.68,76.32,6.35,184.97,73.35,,,1.81,39.48,2022,Siltara,Hourly,1,5
2022-01-12 23:00:00,63.08,46.2,74.59,6.66,184.97,70.0,,,1.9,37.16,2022,Siltara,Hourly,1,5
2023-01-01 01:00:00,37.65,44.9,53.57,2.55,80.86,25.29,0.62,69.35,0.77,29.38,2023,Siltara,Hourly,0,0
2023-01-01 02:00:00,34.93,43.99,50.99,2.53,80.32,28.39,0.47,80.71,0.73,27.51,2023,Siltara,Hourly,0,0
2023-01-01 03:00:00,33.29,42.64,48.97,2.31,63.37,28.39,0.53,157.43,0.69,25.76,2023,Siltara,Hourly,0,0
2023-01-01 04:00:00,28.62,42.24,45.0,2.33,50.55,25.37,0.68,45.54,0.61,22.23,2023,Siltara,Hourly,0,0
2023-01-01 05:00:00,24.65,41.76,41.58,2.05,50.55,23.3,0.26,353.92,0.56,19.49,2023,Siltara,Hourly,0,0
2023-01-01 06:00:00,21.46,39.83,38.02,1.92,50.55,23.73,0.63,18.84,0.54,16.7,2023,Siltara,Hourly,0,0
2023-01-01 07:00:00,22.25,40.32,38.91,1.7,79.59,24.99,0.75,10.0,0.56,16.83,2023,Siltara,Hourly,0,0
2023-01-01 08:00:00,20.75,39.67,37.33,1.92,79.59,24.99,1.12,355.68,0.59,15.56,2023,Siltara,Hourly,0,0
2023-01-01 09:00:00,18.25,42.15,35.51,1.89,91.0,23.5,1.91,26.57,0.64,15.06,2023,Siltara,Hourly,0,0
2023-01-01 10:00:00,15.41,42.75,34.38,2.24,102.28,27.38,2.02,16.58,0.66,15.0,2023,Siltara,Hourly,0,0
2023-01-01 11:00:00,11.85,43.53,31.92,1.94,102.28,30.36,1.89,28.01,0.66,12.6,2023,Siltara,Hourly,0,0
2023-01-01 12:00:00,12.21,46.85,34.28,2.36,110.47,34.55,1.98,24.66,0.65,14.39,2023,Siltara,Hourly,0,0
2023-01-01 13:00:00,14.68,47.78,36.19,2.78,111.15,34.55,1.31,357.74,0.64,16.32,2023,Siltara,Hourly,0,0
2023-01-01 14:00:00,14.18,46.41,35.62,2.51,111.15,36.54,0.73,40.37,0.61,16.93,2023,Siltara,Hourly,0,0
2023-01-01 15:00:00,13.69,48.84,36.5,1.96,98.35,39.79,1.02,358.71,0.62,17.78,2023,Siltara,Hourly,0,0
2023-01-01 16:00:00,12.19,45.27,33.43,2.12,98.35,39.79,1.4,357.15,0.61,17.11,2023,Siltara,Hourly,0,0
2023-01-01 17:00:00,8.08,41.45,28.12,2.3,70.62,35.32,1.35,5.83,0.6,15.44,2023,Siltara,Hourly,0,0
2023-01-01 18:00:00,7.09,44.37,28.87,1.86,73.34,32.47,0.88,359.18,0.61,14.43,2023,Siltara,Hourly,0,0
2023-01-01 19:00:00,6.6,42.85,27.6,1.64,80.65,32.52,0.47,277.04,0.65,14.29,2023,Siltara,Hourly,0,0
2023-01-01 20:00:00,9.18,43.49,30.08,1.83,80.65,32.52,0.15,225.84,0.74,15.14,2023,Siltara,Hourly,0,0
2023-01-01 21:00:00,18.63,45.15,38.53,1.82,149.74,34.3,0.14,192.94,0.88,19.87,2023,Siltara,Hourly,0,0
2023-01-01 22:00:00,22.71,45.65,42.06,1.92,149.74,35.4,0.19,80.02,0.96,21.91,2023,Siltara,Hourly,0,0
2023-01-01 23:00:00,32.58,46.63,50.49,2.05,138.41,41.76,0.6,76.6,1.04,26.68,2023,Siltara,Hourly,0,0
2023-01-02 01:00:00,10.17,44.46,32.06,13.17,46.49,34.23,2.29,14.33,0.53,17.0,2023,Siltara,Hourly,0,0
2023-01-02 02:00:00,6.57,41.95,27.75,13.07,46.49,32.22,1.44,16.2,0.49,13.47,2023,Siltara,Hourly,0,0
2023-01-02 03:00:00,6.54,40.22,26.69,12.56,44.36,30.66,1.12,25.15,0.44,12.66,2023,Siltara,Hourly,0,0
2023-01-02 04:00:00,6.52,39.81,26.44,12.71,44.36,28.13,1.0,22.07,0.41,12.72,2023,Siltara,Hourly,0,0
2023-01-02 05:00:00,5.85,39.58,25.96,12.33,50.82,24.48,1.17,356.96,0.37,12.09,2023,Siltara,Hourly,0,0
2023-01-02 06:00:00,8.63,39.32,28.14,12.35,50.82,22.55,1.07,24.58,0.36,12.85,2023,Siltara,Hourly,0,0
2023-01-02 07:00:00,14.02,40.41,32.43,12.62,78.05,18.41,0.98,23.52,0.37,15.19,2023,Siltara,Hourly,0,0
2023-01-02 08:00:00,16.44,39.66,34.59,12.9,88.59,22.16,1.81,27.89,0.39,16.5,2023,Siltara,Hourly,0,0
2023-01-02 09:00:00,16.51,41.36,35.19,12.98,120.85,26.23,1.87,35.15,0.42,17.28,2023,Siltara,Hourly,0,0
2023-01-02 10:00:00,14.56,42.17,34.17,13.08,134.43,29.22,1.94,24.79,0.42,16.77,2023,Siltara,Hourly,0,0
2023-01-02 11:00:00,13.96,41.42,33.51,12.61,134.43,29.22,1.49,39.6,0.37,16.86,2023,Siltara,Hourly,0,0
2023-01-02 12:00:00,10.14,39.87,29.64,12.39,114.91,28.65,1.5,356.43,0.32,15.0,2023,Siltara,Hourly,0,0
2023-01-02 13:00:00,7.99,38.31,27.09,12.3,87.21,28.65,1.55,23.96,0.27,13.37,2023,Siltara,Hourly,0,0
2023-01-02 14:00:00,8.04,35.95,25.51,12.27,74.37,28.15,1.28,13.71,0.25,12.44,2023,Siltara,Hourly,0,0
2023-01-02 15:00:00,6.77,34.65,24.05,11.91,58.15,22.39,1.45,13.97,0.24,12.45,2023,Siltara,Hourly,0,0
2023-01-02 16:00:00,10.74,35.93,27.96,14.45,66.44,22.39,1.25,357.98,0.23,14.16,2023,Siltara,Hourly,0,0
2023-01-02 17:00:00,17.36,36.58,33.37,16.08,80.82,22.93,1.02,358.62,0.25,17.03,2023,Siltara,Hourly,0,0
2023-01-02 18:00:00,23.1,39.6,39.89,11.88,182.2,32.55,0.46,359.42,0.31,20.92,2023,Siltara,Hourly,0,0
2023-01-02 19:00:00,31.27,40.86,47.1,11.95,182.2,35.37,0.38,215.99,0.4,24.52,2023,Siltara,Hourly,0,0
2023-01-02 20:00:00,66.34,41.97,75.22,12.47,160.71,48.18,0.4,215.07,0.63,39.38,2023,Siltara,Hourly,0,0
2023-01-02 21:00:00,124.87,46.52,125.12,13.43,158.69857142857143,57.449999999999996,0.46,230.11,0.96,69.9,2023,Siltara,Hourly,1,5
2023-01-02 22:00:00,156.24,49.46,151.58,13.94,156.68714285714287,66.72,0.91,216.76,1.17,84.75,2023,Siltara,Hourly,1,5
2023-01-02 23:00:00,151.5,49.36,147.96,13.44,154.6757142857143,75.99,0.59,247.43,1.18,82.52,2023,Siltara,Hourly,1,5
2023-01-03 01:00:00,93.8,60.05,105.4,5.69,,,0.63,44.69,2.55,31.78,2023,Siltara,Hourly,1,5
2023-01-03 02:00:00,88.6,58.64,100.72,5.94,,,0.95,210.74,2.51,28.82,2023,Siltara,Hourly,1,5
2023-01-03 03:00:00,73.21,56.2,87.11,5.34,146.63,113.07,0.64,351.14,2.35,20.88,2023,Siltara,Hourly,0,0
2023-01-03 04:00:00,64.0,54.69,78.44,4.92,146.63,92.99,0.16,183.44,2.38,15.55,2023,Siltara,Hourly,0,0
2023-01-03 05:00:00,73.04,54.08,85.78,5.02,166.465,112.155,0.4,196.11,2.53,18.83,2023,Siltara,Hourly,1,1
2023-01-03 06:00:00,70.99,54.52,84.21,5.19,186.3,131.32,0.87,168.69,2.46,17.9,2023,Siltara,Hourly,0,0
2023-01-03 07:00:00,75.96,54.77,88.57,5.48,231.01,93.42,1.09,28.87,2.31,19.57,2023,Siltara,Hourly,0,0
2023-01-03 08:00:00,75.74,56.34,88.54,5.79,231.01,75.66,0.59,238.05,2.17,19.48,2023,Siltara,Hourly,0,0
2023-01-03 09:00:00,69.49,59.9,84.6,6.32,238.53,99.87,0.51,209.83,2.25,17.88,2023,Siltara,Hourly,0,0
2023-01-03 10:00:00,63.63,62.56,81.75,19.07,238.53,102.05,0.39,132.34,2.25,17.66,2023,Siltara,Hourly,0,0
2023-01-03 11:00:00,47.87,67.04,71.0,45.93,234.16,108.02,0.82,320.25,2.39,15.2,2023,Siltara,Hourly,0,0
2023-01-03 12:00:00,34.06,54.67,54.91,45.56,234.16,108.02,0.68,282.03,2.02,12.29,2023,Siltara,Hourly,0,0
2023-01-03 13:00:00,17.83,52.38,40.11,40.85,162.08,85.36,0.59,321.33,1.81,12.0,2023,Siltara,Hourly,0,0
2023-01-03 14:00:00,8.79,51.0,32.64,26.66,127.97,62.79,0.89,301.18,1.57,12.0,2023,Siltara,Hourly,0,0
2023-01-03 15:00:00,2.75,49.55,27.13,23.25,87.02,47.06,0.97,247.11,1.34,12.0,2023,Siltara,Hourly,0,0
2023-01-03 16:00:00,2.81,46.41,25.16,28.12,86.18,40.59,0.52,322.59,1.24,12.0,2023,Siltara,Hourly,0,0
2023-01-03 17:00:00,8.6,42.47,27.89,36.82,122.61,43.07,1.2,323.2,1.04,12.0,2023,Siltara,Hourly,0,0
2023-01-03 18:00:00,13.86,57.9,40.95,20.22,128.45,43.07,0.86,358.69,0.98,12.0,2023,Siltara,Hourly,0,0
2023-01-03 19:00:00,26.32,62.39,53.08,25.77,233.17,61.82,0.43,358.36,1.21,12.0,2023,Siltara,Hourly,0,0
2023-01-03 20:00:00,24.41,67.26,54.12,13.35,233.17,78.09,0.41,226.92,1.21,12.0,2023,Siltara,Hourly,0,0
2023-01-03 21:00:00,26.76,62.23,51.64,7.35,208.43,78.09,0.34,223.57,1.32,12.0,2023,Siltara,Hourly,0,0
2023-01-03 22:00:00,26.96,59.15,51.42,10.36,220.38,74.31,0.63,325.59,1.66,12.0,2023,Siltara,Hourly,0,0
2023-01-03 23:00:00,24.3,56.06,47.81,6.25,230.48,78.36,1.11,17.53,1.54,12.0,2023,Siltara,Hourly,0,0
2023-01-04 01:00:00,12.71,45.86,33.02,2.06,66.25,24.17,0.38,232.76,0.62,13.77,2023,Siltara,Hourly,0,0
2023-01-04 02:00:00,12.96,50.03,35.41,2.18,66.25,23.12,1.23,352.78,0.63,14.9,2023,Siltara,Hourly,0,0
2023-01-04 03:00:00,12.2,45.9,32.1,2.1,62.35,21.85,1.17,356.5,0.54,13.6,2023,Siltara,Hourly,0,0
2023-01-04 04:00:00,11.54,45.08,31.21,1.88,48.03,19.34,1.8,12.62,0.48,13.0,2023,Siltara,Hourly,0,0
2023-01-04 05:00:00,11.24,47.35,32.63,1.92,43.49,19.34,0.86,322.09,0.43,12.41,2023,Siltara,Hourly,0,0
2023-01-04 06:00:00,9.28,50.09,30.86,1.77,38.96,16.04,0.79,98.43,0.41,12.96,2023,Siltara,Hourly,0,0
2023-01-04 07:00:00,7.52,52.79,32.44,1.82,37.48,17.36,0.79,184.51,0.38,13.07,2023,Siltara,Hourly,0,0
2023-01-04 08:00:00,9.9,52.41,33.28,1.92,37.48,17.36,0.84,118.39,0.37,13.19,2023,Siltara,Hourly,0,0
2023-01-04 09:00:00,11.8,51.13,34.98,1.81,44.59,18.16,0.75,205.29,0.36,14.26,2023,Siltara,Hourly,0,0
2023-01-04 10:00:00,11.11,42.83,30.01,2.08,44.59,18.16,0.61,202.59,0.58,11.86,2023,Siltara,Hourly,0,0
2023-01-04 11:00:00,11.17,43.46,30.54,4.86,42.8,17.45,0.89,271.81,0.57,13.13,2023,Siltara,Hourly,0,0
2023-01-04 12:00:00,4.69,46.78,24.59,6.55,39.61,16.148,0.67,269.78,0.78,10.99,2023,Siltara,Hourly,1,4
2023-01-04 13:00:00,3.17,37.94,21.25,7.63,36.42,14.846,0.82,253.04,0.59,9.53,2023,Siltara,Hourly,1,4
2023-01-04 14:00:00,2.18,37.31,19.87,3.42,33.230000000000004,13.543999999999999,0.75,300.92,0.47,9.09,2023,Siltara,Hourly,1,4
2023-01-04 15:00:00,1.57,47.57,24.99,3.12,,,0.57,256.39,0.29,9.76,2023,Siltara,Hourly,1,4
2023-01-04 16:00:00,3.11,41.31,21.58,6.14,26.85,10.94,1.03,283.09,0.26,10.01,2023,Siltara,Hourly,0,0
2023-01-04 17:00:00,1.79,26.67,14.25,11.38,40.13,13.6,0.68,239.15,0.33,11.89,2023,Siltara,Hourly,0,0
2023-01-04 18:00:00,1.4,33.95,17.74,15.86,37.04,12.12,0.56,221.87,0.61,12.75,2023,Siltara,Hourly,0,0
2023-01-04 19:00:00,3.73,52.96,29.54,9.03,48.42,16.98,0.18,221.82,0.93,11.63,2023,Siltara,Hourly,0,0
2023-01-04 20:00:00,44.34,58.14,69.74,5.37,176.48,28.18,0.27,337.48,1.15,18.48,2023,Siltara,Hourly,0,0
2023-01-04 21:00:00,24.4,51.78,44.69,1.9,182.02,35.32,0.12,276.68,0.81,21.76,2023,Siltara,Hourly,0,0
2023-01-04 22:00:00,42.31,52.23,60.1,1.6,246.01,46.39,0.29,195.78,0.91,28.59,2023,Siltara,Hourly,0,0
2023-01-04 23:00:00,58.6,52.88,73.5,1.82,246.01,62.79,0.43,218.62,1.8,32.71,2023,Siltara,Hourly,0,0
2023-01-05 01:00:00,14.14,45.4,35.33,2.54,30.74,11.94,1.36,354.53,1.623076923076923,12.8,2023,Siltara,Hourly,1,11
2023-01-05 02:00:00,12.8,43.73,33.01,2.62,35.57,12.42,0.89,242.22,1.5346153846153847,11.36,2023,Siltara,Hourly,1,11
2023-01-05 03:00:00,10.99,44.77,32.48,2.67,41.13,19.47,0.69,270.41,1.4461538461538463,11.53,2023,Siltara,Hourly,1,11
2023-01-05 04:00:00,9.24,45.1,31.22,2.52,41.19,21.37,0.92,206.33,,10.73,2023,Siltara,Hourly,1,11
2023-01-05 05:00:00,9.06,45.47,31.03,2.37,34.43,17.19,1.07,192.01,,10.48,2023,Siltara,Hourly,1,11
2023-01-05 06:00:00,8.22,45.11,30.43,2.58,22.3,9.62,1.3,212.88,,10.14,2023,Siltara,Hourly,1,11
2023-01-05 07:00:00,8.14,44.32,29.84,2.58,10.57,6.88,0.67,225.63,,9.31,2023,Siltara,Hourly,1,11
2023-01-05 08:00:00,10.19,43.82,30.45,2.6,14.34,9.84,0.71,147.68,,9.46,2023,Siltara,Hourly,1,11
2023-01-05 09:00:00,11.81,41.05,31.2,2.51,24.24,11.32,0.94,108.51,,10.27,2023,Siltara,Hourly,1,11
2023-01-05 10:00:00,14.3,43.15,34.29,2.57,31.04,16.07,0.46,184.62,,11.64,2023,Siltara,Hourly,1,11
2023-01-05 11:00:00,14.67,47.64,36.52,2.52,37.3,51.33,0.48,210.52,,12.94,2023,Siltara,Hourly,1,11
2023-01-05 12:00:00,12.74,53.26,36.39,3.87,42.69,79.68,0.72,192.17,0.65,13.87,2023,Siltara,Hourly,0,0
2023-01-05 13:00:00,1.4,37.06,20.76,3.98,33.35,55.0,0.66,209.2,0.63,9.4,2023,Siltara,Hourly,1,2
2023-01-05 14:00:00,1.4,39.28,21.92,3.49,24.01,30.32,0.64,238.76,0.61,9.4,2023,Siltara,Hourly,1,2
2023-01-05 15:00:00,1.4,33.61,18.96,3.73,14.67,5.64,0.72,194.83,0.51,11.61,2023,Siltara,Hourly,0,0
2023-01-05 16:00:00,1.4,25.31,14.62,4.01,17.45,5.19,0.83,180.87,0.37,11.81,2023,Siltara,Hourly,0,0
2023-01-05 17:00:00,1.4,26.09,15.03,3.48,17.45,5.19,1.08,151.57,0.3,11.01,2023,Siltara,Hourly,0,0
2023-01-05 18:00:00,1.4,28.56,16.32,3.19,22.55,7.08,1.17,125.05,0.24,10.84,2023,Siltara,Hourly,0,0
2023-01-05 19:00:00,2.89,45.73,26.4,2.93,36.13,7.58,0.47,167.22,0.29,13.24,2023,Siltara,Hourly,0,0
2023-01-05 20:00:00,5.79,44.96,28.41,3.12,56.0,15.67,0.63,84.09,0.35,15.03,2023,Siltara,Hourly,0,0
2023-01-05 21:00:00,6.94,45.61,29.55,2.99,68.7,18.59,1.12,110.65,0.36,15.89,2023,Siltara,Hourly,0,0
2023-01-05 22:00:00,7.98,46.57,29.74,2.79,68.7,18.59,0.77,198.45,0.51,16.07,2023,Siltara,Hourly,0,0
2023-01-05 23:00:00,8.83,40.18,28.35,2.83,61.93,16.61,0.91,226.33,0.61,15.9,2023,Siltara,Hourly,0,0
2023-01-06 01:00:00,26.76,68.53,92.82,2.9384615384615387,73.4,35.58,0.36,248.54,0.52,21.78,2023,Siltara,Hourly,1,82
2023-01-06 02:00:00,10.78,33.67,41.52,2.992692307692308,91.62,37.15,0.87,34.83,0.47,21.02,2023,Siltara,Hourly,1,82
2023-01-06 03:00:00,9.91,33.4,42.28,3.046923076923077,60.85,30.04,0.54,43.22,0.38,16.61,2023,Siltara,Hourly,1,82
2023-01-06 04:00:00,15.61,41.7,57.32,,43.33,28.76,0.58,32.54,0.32,13.56,2023,Siltara,Hourly,1,82
2023-01-06 05:00:00,20.57,44.42,64.99,,52.57,24.2,0.72,57.51,0.27,11.99,2023,Siltara,Hourly,1,82
2023-01-06 06:00:00,36.4,53.57,89.98,,47.5,21.79,0.55,44.31,0.27,16.32,2023,Siltara,Hourly,1,82
2023-01-06 07:00:00,37.69,53.24,90.83,,102.87,24.05,0.86,358.76,0.29,20.65,2023,Siltara,Hourly,1,82
2023-01-06 08:00:00,35.52,59.35,91.22,,123.09,26.78,1.36,20.77,0.34,22.09,2023,Siltara,Hourly,1,82
2023-01-06 09:00:00,17.63,44.4,64.42,,117.92,30.84,2.08,18.07,0.41,22.17,2023,Siltara,Hourly,1,82
2023-01-06 10:00:00,8.86,40.84,48.95,,104.47,34.18,2.25,30.78,0.4,17.75,2023,Siltara,Hourly,1,82
2023-01-06 11:00:00,5.73,39.28,43.67,,93.37,32.17,1.98,353.51,0.31,11.26,2023,Siltara,Hourly,1,82
2023-01-06 12:00:00,8.41,44.51,51.56,,94.85,34.22,2.35,354.83,0.25,8.73,2023,Siltara,Hourly,1,82
2023-01-06 13:00:00,9.27,37.36,46.62,,92.29,32.76,1.36,333.89,0.24,9.03,2023,Siltara,Hourly,1,82
2023-01-06 14:00:00,5.5,45.3,50.8,,73.32,39.74,1.38,348.22,0.21,9.3,2023,Siltara,Hourly,1,82
2023-01-06 15:00:00,3.85,32.23,33.63,,67.77,38.57,1.08,298.95,0.19,9.4,2023,Siltara,Hourly,1,82
2023-01-06 16:00:00,1.98,20.99,22.97,,53.74,34.52,1.04,248.75,0.13,9.4,2023,Siltara,Hourly,1,82
2023-01-06 17:00:00,6.68,30.42,38.4,,54.18,29.02,0.73,329.35,0.14,9.4,2023,Siltara,Hourly,1,82
2023-01-06 18:00:00,6.04,42.57,47.7,,79.69,27.3,0.66,344.71,0.26,9.4,2023,Siltara,Hourly,1,82
2023-01-06 19:00:00,13.29,68.0,84.68,,150.01,30.0,0.59,307.85,0.5,9.4,2023,Siltara,Hourly,1,82
2023-01-06 20:00:00,18.85,63.81,93.21,,225.26,42.27,0.39,322.4,0.83,8.96,2023,Siltara,Hourly,1,82
2023-01-06 21:00:00,15.11,66.11,84.19,,203.84,51.52,0.41,298.23,0.98,9.45,2023,Siltara,Hourly,1,82
2023-01-06 22:00:00,12.0,43.71,55.4,,244.05,61.45,0.77,24.5,0.96,9.68,2023,Siltara,Hourly,1,82
2023-01-06 23:00:00,66.06,70.15,146.82,,91.11,41.59,0.44,352.36,0.86,10.64,2023,Siltara,Hourly,1,82
2023-01-07 01:00:00,32.47,18.99,46.6,4.24,122.87,33.02,1.06,218.26,0.81,10.415600000000001,2023,Siltara,Hourly,1,82
2023-01-07 02:00:00,32.36,12.46,44.27,4.12,95.1,23.21,1.43,217.12,0.75,10.3034,2023,Siltara,Hourly,1,82
2023-01-07 03:00:00,29.18,14.84,40.77,4.02,66.31,19.3,1.36,215.74,0.64,10.1912,2023,Siltara,Hourly,1,82
2023-01-07 04:00:00,23.92,16.22,40.05,4.21,59.48,24.26,0.95,230.32,0.6,,2023,Siltara,Hourly,1,82
2023-01-07 05:00:00,24.1,15.41,39.42,4.63,85.79,24.26,1.14,224.96,0.6,,2023,Siltara,Hourly,1,82
2023-01-07 06:00:00,22.95,14.49,37.43,4.26,132.07,36.96,1.31,216.02,0.65,,2023,Siltara,Hourly,1,82
2023-01-07 07:00:00,25.33,17.24,41.51,4.4,132.07,41.53,1.42,217.81,0.64,,2023,Siltara,Hourly,1,82
2023-01-07 08:00:00,30.9,14.71,44.95,4.37,117.5,41.53,1.45,234.96,0.61,,2023,Siltara,Hourly,1,82
2023-01-07 09:00:00,32.02,13.59,45.37,3.89,112.34,35.67,1.69,232.82,0.57,,2023,Siltara,Hourly,1,82
2023-01-07 10:00:00,28.6,16.69,42.67,4.28,112.34,32.33,1.56,237.06,0.54,,2023,Siltara,Hourly,1,82
2023-01-07 11:00:00,22.41,16.68,38.91,4.32,97.88,26.84,1.63,237.09,0.56,,2023,Siltara,Hourly,1,82
2023-01-07 12:00:00,20.37,17.27,37.63,4.44,91.15,24.52,1.78,223.69,0.52,,2023,Siltara,Hourly,1,82
2023-01-07 13:00:00,16.15,17.59,32.36,4.15,71.25,20.76,1.79,229.97,0.46,,2023,Siltara,Hourly,1,82
2023-01-07 14:00:00,18.16,21.99,38.99,3.96,71.25,18.74,1.83,227.32,0.41,,2023,Siltara,Hourly,1,82
2023-01-07 15:00:00,18.13,16.85,34.99,3.98,62.29,17.59,1.72,229.1,0.36,,2023,Siltara,Hourly,1,82
2023-01-07 16:00:00,18.56,17.02,35.58,3.97,95.02,17.59,2.02,228.63,0.34,,2023,Siltara,Hourly,1,82
2023-01-07 17:00:00,18.18,19.54,35.73,3.93,111.66,19.86,2.15,223.39,0.47,,2023,Siltara,Hourly,1,82
2023-01-07 18:00:00,17.84,20.2,38.04,4.4,111.66,19.86,1.96,229.03,0.6,,2023,Siltara,Hourly,1,82
2023-01-07 19:00:00,22.53,24.19,45.32,4.2,104.84,18.07,1.58,230.48,0.6,,2023,Siltara,Hourly,1,82
2023-01-07 20:00:00,22.94,20.29,43.24,4.4,109.66,21.73,1.22,232.95,0.59,,2023,Siltara,Hourly,1,82
2023-01-07 21:00:00,29.5,25.31,53.17,4.36,122.15,21.73,1.21,234.25,0.54,,2023,Siltara,Hourly,1,82
2023-01-07 22:00:00,30.63,23.21,53.84,4.21,128.12,25.25,0.95,232.97,0.55,,2023,Siltara,Hourly,1,82
2023-01-07 23:00:00,33.1,22.41,50.17,4.15,128.12,25.25,0.76,233.09,0.58,,2023,Siltara,Hourly,1,82
2023-01-08 01:00:00,9.5,12.27,7.22,6.99,70.17,13.76,0.68,226.21,0.3,,2023,Siltara,Hourly,1,82
2023-01-08 02:00:00,9.86,13.66,9.85,7.13,62.82,13.76,0.59,222.65,0.29,,2023,Siltara,Hourly,1,82
2023-01-08 03:00:00,10.14,13.72,9.5,7.74,62.82,13.4,0.69,221.23,0.28,,2023,Siltara,Hourly,1,82
2023-01-08 04:00:00,10.11,12.93,7.55,7.27,59.95,13.4,0.61,225.9,0.28,,2023,Siltara,Hourly,1,82
2023-01-08 05:00:00,10.92,13.53,8.1,8.45,57.85,16.93,0.59,233.65,0.3,,2023,Siltara,Hourly,1,82
2023-01-08 06:00:00,11.1,13.59,7.56,8.29,57.85,19.95,0.57,226.11,0.34,,2023,Siltara,Hourly,1,82
2023-01-08 07:00:00,12.46,14.71,7.35,7.62,59.41,19.95,0.48,225.59,0.33,,2023,Siltara,Hourly,1,82
2023-01-08 08:00:00,13.36,15.17,7.45,7.91,66.62,19.86,0.39,232.91,0.4,,2023,Siltara,Hourly,1,82
2023-01-08 09:00:00,14.41,17.15,9.05,7.71,77.14,27.3,0.48,242.43,0.43,,2023,Siltara,Hourly,1,82
2023-01-08 10:00:00,15.5,18.12,9.52,7.44,77.14,30.83,0.47,245.43,0.48,,2023,Siltara,Hourly,1,82
2023-01-08 11:00:00,22.0,25.27,14.4,8.04,91.87,33.72,0.43,278.06,0.74,,2023,Siltara,Hourly,1,82
2023-01-08 12:00:00,8.55,16.29,16.37,11.24,94.72333333333334,34.22666666666667,0.48,235.72,0.46,,2023,Siltara,Hourly,1,82
2023-01-08 13:00:00,14.55,21.35,18.81,13.87,97.57666666666667,34.733333333333334,0.59,228.26,0.38,,2023,Siltara,Hourly,1,82
2023-01-08 14:00:00,6.24,11.06,9.92,9.33,100.43,35.24,0.6,231.22,0.31,,2023,Siltara,Hourly,1,82
2023-01-08 15:00:00,5.03,10.24,11.19,9.27,84.63,34.77,0.61,225.78,0.31,,2023,Siltara,Hourly,1,82
2023-01-08 16:00:00,4.37,8.62,9.8,8.86,78.28,34.69,0.66,229.38,0.29,,2023,Siltara,Hourly,1,82
2023-01-08 17:00:00,6.05,9.69,7.6,7.04,74.21,25.27,0.56,230.87,0.32,,2023,Siltara,Hourly,1,82
2023-01-08 18:00:00,6.5,9.96,7.79,7.25,73.3,24.4,0.6,233.62,0.35,,2023,Siltara,Hourly,1,82
2023-01-08 19:00:00,8.62,11.56,7.62,7.26,76.77,21.95,0.64,227.48,0.39,,2023,Siltara,Hourly,1,82
2023-01-08 20:00:00,10.56,13.02,8.47,9.03,84.16,24.32,0.61,227.32,0.4,,2023,Siltara,Hourly,1,82
2023-01-08 21:00:00,13.08,15.26,7.82,8.89,88.51,25.99,0.66,226.41,0.4,,2023,Siltara,Hourly,1,82
2023-01-08 22:00:00,15.42,17.46,8.08,8.27,89.36,23.55,0.68,226.19,0.4,,2023,Siltara,Hourly,1,82
2023-01-08 23:00:00,15.68,17.68,8.32,7.94,87.75,25.14,0.85,225.3,0.4,,2023,Siltara,Hourly,1,82
2023-01-09 01:00:00,4.6,2.22,8.02,12.48,89.25666666666666,26.482666666666667,0.36,209.08,0.55,5.03,2023,Siltara,Hourly,1,82
2023-01-09 02:00:00,4.48,2.34,8.05,12.37,90.01,27.154,0.31,197.12,0.47,5.05,2023,Siltara,Hourly,1,82
2023-01-09 03:00:00,4.59,2.27,8.02,13.1,90.76333333333334,27.825333333333333,0.36,199.68,0.46,5.07,2023,Siltara,Hourly,1,82
2023-01-09 04:00:00,4.39,2.47,8.0,13.6,,,0.46,202.14,0.46,5.0,2023,Siltara,Hourly,1,82
2023-01-09 05:00:00,4.5,2.37,8.02,14.24,,,0.32,212.84,0.42,5.08,2023,Siltara,Hourly,1,82
2023-01-09 06:00:00,4.6,2.17,8.06,13.44,,,0.25,212.03,0.41,5.02,2023,Siltara,Hourly,1,82
2023-01-09 07:00:00,4.64,2.38,8.11,12.41,,,0.29,199.29,0.39,5.16,2023,Siltara,Hourly,1,82
2023-01-09 08:00:00,4.61,2.35,8.13,14.39,,,0.29,192.73,0.43,5.16,2023,Siltara,Hourly,1,82
2023-01-09 09:00:00,4.59,2.47,8.13,55.82,,,0.51,343.32,0.74,5.09,2023,Siltara,Hourly,1,82
2023-01-09 10:00:00,4.62,2.25,8.06,70.32,,,1.17,358.86,0.62,5.06,2023,Siltara,Hourly,1,82
2023-01-09 11:00:00,4.37,2.43,8.0,51.79,,,1.32,18.26,0.47,5.01,2023,Siltara,Hourly,1,82
2023-01-09 12:00:00,4.6,2.34,8.08,32.77,,,1.36,14.1,0.37,5.05,2023,Siltara,Hourly,1,82
2023-01-09 13:00:00,4.6,2.29,8.15,16.79,,,1.33,13.56,0.28,5.19,2023,Siltara,Hourly,1,82
2023-01-09 14:00:00,4.49,2.34,8.02,10.31,99.05,35.21,1.22,14.44,0.28,5.03,2023,Siltara,Hourly,0,0
2023-01-09 15:00:00,4.65,2.22,8.04,10.42,103.65,35.21,1.19,14.86,0.32,5.0,2023,Siltara,Hourly,0,0
2023-01-09 16:00:00,4.54,2.28,8.03,8.9,111.31,32.69,1.23,13.4,0.33,5.04,2023,Siltara,Hourly,0,0
2023-01-09 17:00:00,4.5,2.35,8.05,10.18,111.31,32.69,0.99,17.43,0.3,5.03,2023,Siltara,Hourly,0,0
2023-01-09 18:00:00,4.48,2.36,8.0,12.43,131.17,29.89,0.88,17.44,0.46,5.0,2023,Siltara,Hourly,0,0
2023-01-09 19:00:00,4.78,2.42,8.24,14.88,131.17,31.43,0.3,222.07,0.55,5.09,2023,Siltara,Hourly,0,0
2023-01-09 20:00:00,4.83,2.24,8.28,19.51,126.29,33.39,0.3,261.83,0.93,5.21,2023,Siltara,Hourly,0,0
2023-01-09 21:00:00,5.04,2.17,8.39,21.51,131.04,37.0,0.21,268.74,1.09,5.28,2023,Siltara,Hourly,0,0
2023-01-09 22:00:00,4.96,2.46,8.4,27.3,131.04,37.0,0.22,356.61,1.55,5.31,2023,Siltara,Hourly,0,0
2023-01-09 23:00:00,4.94,2.1,8.3,18.44,130.85,35.2,0.26,208.34,0.68,5.22,2023,Siltara,Hourly,0,0
2023-01-10 01:00:00,4.78,2.36,7.01,8.01,63.52,25.16,0.46,246.08,0.79,5.22,2023,Siltara,Hourly,0,0
2023-01-10 02:00:00,4.88,2.2,7.03,6.36,66.67,27.47,0.46,232.81,0.8,5.44,2023,Siltara,Hourly,0,0
2023-01-10 03:00:00,4.81,2.36,7.05,7.12,66.67,30.98,0.41,243.11,0.86,5.13,2023,Siltara,Hourly,0,0
2023-01-10 04:00:00,4.83,2.29,7.06,6.98,74.13,30.98,0.44,245.19,0.9,5.2,2023,Siltara,Hourly,0,0
2023-01-10 05:00:00,4.85,2.4,6.97,7.47,74.13,30.05,0.38,245.31,0.91,5.27,2023,Siltara,Hourly,0,0
2023-01-10 06:00:00,4.64,2.27,6.86,7.7,62.55,28.22,0.42,242.9,0.89,5.16,2023,Siltara,Hourly,0,0
2023-01-10 07:00:00,4.73,2.3,6.9,6.91,61.7,27.57,0.44,245.93,0.85,5.09,2023,Siltara,Hourly,0,0
2023-01-10 08:00:00,4.71,2.26,6.81,6.69,52.75,22.19,0.42,255.12,0.85,5.13,2023,Siltara,Hourly,0,0
2023-01-10 09:00:00,4.88,2.27,7.11,7.0,72.55,28.59,0.43,284.32,0.87,5.19,2023,Siltara,Hourly,0,0
2023-01-10 10:00:00,4.8,2.25,7.0,9.44,72.55,28.83,0.46,259.36,0.83,5.35,2023,Siltara,Hourly,0,0
2023-01-10 11:00:00,4.8,2.29,7.0,11.62,65.78,28.83,0.58,287.39,0.71,5.29,2023,Siltara,Hourly,0,0
2023-01-10 12:00:00,4.8,2.26,6.99,11.71,57.66,27.86,0.63,250.96,0.67,5.25,2023,Siltara,Hourly,0,0
2023-01-10 13:00:00,4.75,2.31,6.93,12.16,55.97,29.12,0.6,254.31,0.6,5.12,2023,Siltara,Hourly,0,0
2023-01-10 14:00:00,4.75,2.22,6.91,12.04,49.11,29.12,0.6,261.32,0.54,5.28,2023,Siltara,Hourly,0,0
2023-01-10 15:00:00,4.75,2.44,7.09,10.54,45.24,26.09,0.71,255.25,0.51,5.18,2023,Siltara,Hourly,0,0
2023-01-10 16:00:00,4.97,2.16,7.12,12.23,45.24,24.58,0.62,246.56,0.62,5.47,2023,Siltara,Hourly,0,0
2023-01-10 17:00:00,4.87,2.28,7.1,21.77,44.87,24.21,0.63,253.82,0.61,5.3,2023,Siltara,Hourly,0,0
2023-01-10 18:00:00,4.99,2.6,7.39,22.79,56.73,24.21,1.46,358.28,0.65,5.21,2023,Siltara,Hourly,0,0
2023-01-10 19:00:00,4.62,2.49,6.89,16.44,72.47,23.68,0.92,289.52,0.69,5.01,2023,Siltara,Hourly,0,0
2023-01-10 20:00:00,4.47,2.32,6.72,15.95,85.59,28.21,0.28,244.57,0.93,5.0,2023,Siltara,Hourly,0,0
2023-01-10 21:00:00,4.58,2.38,6.74,13.12,111.98,37.97,0.31,224.74,0.99,5.16,2023,Siltara,Hourly,0,0
2023-01-10 22:00:00,4.4,2.55,6.81,9.58,111.98,39.96,0.26,234.04,1.04,5.0,2023,Siltara,Hourly,0,0
2023-01-10 23:00:00,4.62,2.49,6.97,9.75,110.22,39.96,0.45,232.79,1.08,5.1,2023,Siltara,Hourly,0,0
2023-01-11 01:00:00,5.03,5.3,10.33,26.84,73.65,39.15,0.2,349.43,1.62,11.89,2023,Siltara,Hourly,0,0
2023-01-11 02:00:00,4.84,5.43,10.25,27.29,82.96,31.1,0.09,322.44,1.61,12.38,2023,Siltara,Hourly,0,0
2023-01-11 03:00:00,5.37,6.21,11.58,27.93,103.36,31.79,0.34,347.92,1.57,14.54,2023,Siltara,Hourly,0,0
2023-01-11 04:00:00,5.37,6.34,11.68,28.35,95.6,29.67,0.78,358.14,1.52,14.68,2023,Siltara,Hourly,0,0
2023-01-11 05:00:00,4.51,5.42,9.93,28.12,70.38,23.25,0.37,354.69,1.47,11.82,2023,Siltara,Hourly,0,0
2023-01-11 06:00:00,4.56,5.17,9.73,27.8,62.31,19.22,0.74,44.74,1.44,11.28,2023,Siltara,Hourly,0,0
2023-01-11 07:00:00,4.95,5.19,9.8,28.08,99.23,33.61,0.78,359.05,1.51,10.93,2023,Siltara,Hourly,0,0
2023-01-11 08:00:00,5.13,5.77,10.87,28.48,108.0,35.04,1.4,26.81,1.54,12.22,2023,Siltara,Hourly,0,0
2023-01-11 09:00:00,5.03,5.86,10.89,27.8,121.21,61.75,1.17,25.65,1.6,12.47,2023,Siltara,Hourly,0,0
2023-01-11 10:00:00,5.14,5.82,10.93,27.74,129.066,72.063,1.14,33.23,1.62,12.99,2023,Siltara,Hourly,1,14
2023-01-11 11:00:00,4.74,5.68,10.42,28.65,136.922,82.376,1.76,59.97,1.57,12.35,2023,Siltara,Hourly,1,14
2023-01-11 12:00:00,4.25,5.91,10.16,29.1,144.778,92.689,1.5,40.86,1.5,11.54,2023,Siltara,Hourly,1,14
2023-01-11 13:00:00,3.84,5.82,9.65,29.46,,,1.69,29.98,1.44,11.14,2023,Siltara,Hourly,1,14
2023-01-11 14:00:00,3.6,5.9,9.47,30.03,,,1.36,66.75,1.37,11.03,2023,Siltara,Hourly,1,14
2023-01-11 15:00:00,3.6725000000000003,5.1975,8.850000000000001,22.950000000000003,,,1.085,132.6625,1.065,12.707272727272727,2023,Siltara,Hourly,1,14
2023-01-11 16:00:00,3.745,4.495,8.23,15.870000000000003,,,0.81,198.575,0.76,14.384545454545455,2023,Siltara,Hourly,1,14
2023-01-11 17:00:00,3.8175,3.7925,7.61,8.790000000000003,,,0.535,264.48749999999995,0.45499999999999996,16.061818181818182,2023,Siltara,Hourly,1,14
2023-01-11 18:00:00,3.89,3.09,6.99,1.71,,,0.26,330.4,0.15,,2023,Siltara,Hourly,1,14
2023-01-11 19:00:00,4.37,3.53,7.2,1.8685714285714285,199.77,164.88,0.13,287.13,0.32285714285714284,,2023,Siltara,Hourly,1,14
2023-01-11 20:00:00,4.22,2.82,6.89,2.027142857142857,194.54,133.13,0.2,65.85,0.4957142857142858,,2023,Siltara,Hourly,1,14
2023-01-11 21:00:00,4.26,2.72,6.86,2.1857142857142855,194.54,88.89,0.71,280.65,0.6685714285714287,,2023,Siltara,Hourly,1,14
2023-01-11 22:00:00,4.36,2.55,6.8,,134.94,56.36,0.25,58.63,,,2023,Siltara,Hourly,1,14
2023-01-11 23:00:00,4.25,2.66,6.84,,131.58,51.42,0.25,195.38,,,2023,Siltara,Hourly,1,14
2023-01-12 01:00:00,2.0,10.94,12.94,2.82,67.16,24.94,0.46,86.68,1.36,29.48,2023,Siltara,Hourly,0,0
2023-01-12 02:00:00,2.0,13.67,15.67,2.65,58.32,24.94,0.86,58.54,1.3,34.34,2023,Siltara,Hourly,0,0
2023-01-12 03:00:00,2.0,13.47,15.47,2.42,62.31,23.12,0.63,49.5,1.28,37.01,2023,Siltara,Hourly,0,0
2023-01-12 04:00:00,2.0,14.49,16.49,2.65,80.14,22.0,0.69,40.86,1.25,35.44,2023,Siltara,Hourly,0,0
2023-01-12 05:00:00,2.0,16.37,18.37,2.69,84.04,22.11,0.8,44.27,1.25,36.91,2023,Siltara,Hourly,0,0
2023-01-12 06:00:00,2.0,9.66,11.66,2.95,100.43,22.11,0.79,46.08,1.26,28.69,2023,Siltara,Hourly,0,0
2023-01-12 07:00:00,2.0,17.32,19.32,2.76,106.63,22.29,1.07,37.06,1.31,32.56,2023,Siltara,Hourly,0,0
2023-01-12 08:00:00,4.4,23.37,27.77,2.55,139.48,24.11,1.27,40.68,1.35,41.58,2023,Siltara,Hourly,0,0
2023-01-12 09:00:00,3.24,20.67,23.91,2.84,164.0,26.52,0.92,88.25,1.43,36.03,2023,Siltara,Hourly,0,0
2023-01-12 10:00:00,5.22,23.45,28.67,3.14,164.0,26.92,0.64,98.58,1.42,42.05,2023,Siltara,Hourly,0,0
2023-01-12 11:00:00,2.0,15.58,17.58,3.61,128.22,27.09,0.59,108.63,1.38,34.55,2023,Siltara,Hourly,0,0
2023-01-12 12:00:00,2.0,18.46,20.46,4.4775,125.795,25.535,0.55,97.51,1.24,45.12,2023,Siltara,Hourly,1,3
2023-01-12 13:00:00,2.0,8.32,10.32,5.345,123.37,23.98,0.8,78.62,1.17,30.61,2023,Siltara,Hourly,1,3
2023-01-12 14:00:00,2.0,6.33,8.33,6.2125,120.945,22.425,1.16,59.88,1.11,34.7,2023,Siltara,Hourly,1,3
2023-01-12 15:00:00,2.0,10.09,12.09,7.08,118.52,20.87,1.14,49.66,1.1,43.38,2023,Siltara,Hourly,0,0
2023-01-12 16:00:00,2.0,9.29,11.29,3.82,130.54,21.32,1.39,39.44,1.19,28.33,2023,Siltara,Hourly,0,0
2023-01-12 17:00:00,2.0,21.33,23.33,3.54,138.45,25.35,1.23,44.35,1.28,55.81,2023,Siltara,Hourly,0,0
2023-01-12 18:00:00,5.79,43.14,48.93,3.55,136.45,31.84,0.85,359.46,1.62,60.53,2023,Siltara,Hourly,0,0
2023-01-12 19:00:00,12.11,36.1,48.2,1.8,247.68,38.17,0.85,23.87,1.66,72.02,2023,Siltara,Hourly,0,0
2023-01-12 20:00:00,15.03,33.21,48.23,1.09,247.68,40.4,0.87,39.21,1.69,74.02,2023,Siltara,Hourly,0,0
2023-01-12 21:00:00,8.36,24.49,32.85,1.24,246.51,40.61,0.98,36.33,1.73,54.65,2023,Siltara,Hourly,0,0
2023-01-12 22:00:00,11.64,28.21,39.84,0.96,165.68,35.34,1.2,49.76,1.72,64.95,2023,Siltara,Hourly,0,0
2023-01-12 23:00:00,7.1,26.41,33.51,0.79,165.55,33.02,1.12,45.32,1.72,61.78,2023,Siltara,Hourly,0,0
2024-01-01 01:00:00,3.6249210464294133,9.02461937308508,10.892029224605231,3.6,124.41883046451309,47.69614477717519,0.31,30.69,1.88,15.525500824888049,2024,Siltara,Hourly,1,15
2024-01-01 02:00:00,3.624510959226962,9.022567758661324,10.889360122554795,4.25,124.41397665644894,47.697876680028294,0.62,19.74,1.8,15.520042422814043,2024,Siltara,Hourly,1,15
2024-01-01 03:00:00,3.624100872024511,9.020516144237565,10.886691020504358,4.14,124.40912284838481,47.699608582881396,0.42,83.72,1.73,15.514584020740045,2024,Siltara,Hourly,1,15
2024-01-01 04:00:00,,,,3.82,,,0.7,26.55,1.65,,2024,Siltara,Hourly,1,15
2024-01-01 05:00:00,,,,4.27,,,0.81,42.3,1.6,,2024,Siltara,Hourly,1,15
2024-01-01 06:00:00,,,,3.77,,,0.73,28.49,1.57,,2024,Siltara,Hourly,1,15
2024-01-01 07:00:00,,,,4.25,,,0.49,38.12,1.62,,2024,Siltara,Hourly,1,15
2024-01-01 08:00:00,,,,4.11,,,0.64,31.79,1.65,,2024,Siltara,Hourly,1,15
2024-01-01 09:00:00,,,,3.68,124.38,47.71,1.13,27.24,1.69,,2024,Siltara,Hourly,1,15
2024-01-01 10:00:00,,,,3.86,120.46857142857142,45.58428571428571,1.19,22.05,1.69,,2024,Siltara,Hourly,1,15
2024-01-01 11:00:00,,,,4.46,116.55714285714285,43.45857142857143,0.93,94.0,1.67,,2024,Siltara,Hourly,1,15
2024-01-01 12:00:00,,,,4.9,112.64571428571428,41.332857142857144,0.68,350.4,1.63,,2024,Siltara,Hourly,1,15
2024-01-01 13:00:00,3.62,9.0,10.86,6.45,,,0.83,289.55,1.63,15.46,2024,Siltara,Hourly,1,15
2024-01-01 14:00:00,2.09,10.59,10.47,8.11,,,1.39,357.13,1.51,19.42,2024,Siltara,Hourly,1,15
2024-01-01 15:00:00,2.21,13.36,12.02,8.42,,,1.07,356.3,1.28,27.59,2024,Siltara,Hourly,1,15
2024-01-01 16:00:00,2.32,12.61,11.71,7.0,97.0,32.83,1.18,345.29,1.13,24.91,2024,Siltara,Hourly,0,0
2024-01-01 17:00:00,2.46,9.5,10.2,6.85,97.0,32.83,1.11,355.82,1.18,18.55,2024,Siltara,Hourly,0,0
2024-01-01 18:00:00,2.59,9.22,10.15,6.42,187.14,35.93,0.45,353.52,1.27,18.16,2024,Siltara,Hourly,0,0
2024-01-01 19:00:00,6.97,11.45,14.83,5.18,199.31,35.93,0.22,221.45,1.39,25.7,2024,Siltara,Hourly,0,0
2024-01-01 20:00:00,8.7,12.34,16.69,4.87,222.8,38.8,0.3,324.67,1.51,27.11,2024,Siltara,Hourly,1,1
2024-01-01 21:00:00,8.12,9.09,14.52,4.64,222.8,41.67,0.33,315.76,1.76,20.65,2024,Siltara,Hourly,0,0
2024-01-01 22:00:00,10.51,9.53,16.54,4.36,203.96,40.182500000000005,0.27,225.86,1.82,22.55,2024,Siltara,Hourly,1,2
2024-01-01 23:00:00,12.33,12.69,19.78,4.49,143.74,38.695,0.34,225.86,1.82,29.0,2024,Siltara,Hourly,1,2
2024-01-02 01:00:00,35.92,28.18,44.32,5.5,91.6,35.72,0.47,264.93,1.18,10.18,2024,Siltara,Hourly,0,0
2024-01-02 02:00:00,30.58,28.27,40.02,5.51,66.79,31.64,0.34,273.54,1.12,10.42,2024,Siltara,Hourly,0,0
2024-01-02 03:00:00,27.93,27.83,37.81,5.35,71.46,31.14,0.53,326.34,1.07,10.25,2024,Siltara,Hourly,0,0
2024-01-02 04:00:00,24.23,27.78,34.73,5.15,65.46,28.34,0.97,20.78,1.01,10.26,2024,Siltara,Hourly,0,0
2024-01-02 05:00:00,20.39,28.02,31.87,4.76,75.8,29.67,0.58,221.68,0.97,10.17,2024,Siltara,Hourly,0,0
2024-01-02 06:00:00,20.44,27.33,31.24,4.87,48.19,27.34,0.48,62.93,0.91,10.24,2024,Siltara,Hourly,0,0
2024-01-02 07:00:00,22.96,27.57,33.69,4.88,65.68,27.53,0.59,50.52,0.91,10.18,2024,Siltara,Hourly,0,0
2024-01-02 08:00:00,30.86,27.29,39.53,5.13,69.05,28.35,0.36,209.48,0.99,10.12,2024,Siltara,Hourly,0,0
2024-01-02 09:00:00,35.1,27.95,43.51,5.33,107.71,35.23,0.66,22.36,1.15,10.28,2024,Siltara,Hourly,0,0
2024-01-02 10:00:00,38.03,31.77,47.97,6.32,183.94,137.97,1.59,356.82,1.38,10.27,2024,Siltara,Hourly,0,0
2024-01-02 11:00:00,35.47,33.16,44.07,6.18,205.83,201.1,1.72,289.31,1.37,10.5,2024,Siltara,Hourly,0,0
2024-01-02 12:00:00,20.08,43.12,37.41,8.27,134.98,139.16,0.83,322.71,1.11,10.2,2024,Siltara,Hourly,0,0
2024-01-02 13:00:00,4.54,42.92,26.94,9.52,102.41,162.23,0.95,312.95,1.0,10.22,2024,Siltara,Hourly,0,0
2024-01-02 14:00:00,4.09,36.77,23.06,12.08,74.51,162.99,1.05,252.28,0.91,10.23,2024,Siltara,Hourly,0,0
2024-01-02 15:00:00,2.78,34.73,21.21,21.4,4.16,6.71,1.03,264.54,0.69,10.21,2024,Siltara,Hourly,0,0
2024-01-02 16:00:00,5.04,35.88,23.92,24.81,73.38,116.72,0.89,287.17,0.63,10.23,2024,Siltara,Hourly,0,0
2024-01-02 17:00:00,6.34,34.54,23.41,18.07,78.25,112.49,0.75,308.62,0.61,10.21,2024,Siltara,Hourly,0,0
2024-01-02 18:00:00,6.6,35.18,24.55,11.3,79.02,102.68,0.27,283.1,0.65,10.23,2024,Siltara,Hourly,0,0
2024-01-02 19:00:00,16.46,34.98,30.79,8.88,82.71,92.94,0.16,241.18,0.73,10.25,2024,Siltara,Hourly,0,0
2024-01-02 20:00:00,30.48,31.61,39.55,7.29,154.23,86.73,0.26,222.7,0.95,10.21,2024,Siltara,Hourly,0,0
2024-01-02 21:00:00,75.01,26.47,69.49,7.73,183.91,87.32,0.19,322.42,1.42,10.47,2024,Siltara,Hourly,0,0
2024-01-02 22:00:00,89.95,13.67,79.48,7.83,183.91,95.61,0.37,224.05,1.6,10.15,2024,Siltara,Hourly,0,0
2024-01-02 23:00:00,99.65,12.42,85.07,8.19,140.92,86.61,0.39,225.19,1.59,10.27,2024,Siltara,Hourly,0,0
2024-01-03 01:00:00,64.16,42.42,74.02,4.87,111.5,73.62,0.48,28.58,1.15,11.98,2024,Siltara,Hourly,0,0
2024-01-03 02:00:00,58.04,40.98,68.82,4.31,127.29,59.82,0.5,342.0,1.09,11.97,2024,Siltara,Hourly,0,0
2024-01-03 03:00:00,49.95,40.1,61.88,4.12,93.31,50.15,0.43,234.85,1.02,11.94,2024,Siltara,Hourly,0,0
2024-01-03 04:00:00,49.92,39.52,61.56,4.0,129.11,46.95,0.19,64.46,1.05,11.94,2024,Siltara,Hourly,0,0
2024-01-03 05:00:00,44.510000000000005,40.010000000000005,57.57125,7.03625,126.94555555555557,44.041111111111114,0.255,98.9025,1.00625,11.938749999999999,2024,Siltara,Hourly,1,8
2024-01-03 06:00:00,39.1,40.5,53.5825,10.0725,124.78111111111112,41.132222222222225,0.32,133.345,0.9625,11.9375,2024,Siltara,Hourly,1,8
2024-01-03 07:00:00,33.69,40.99,49.59375,13.108749999999999,122.61666666666667,38.223333333333336,0.385,167.78750000000002,0.91875,11.93625,2024,Siltara,Hourly,1,8
2024-01-03 08:00:00,,,,,,,,,,,2024,Siltara,Hourly,1,8
2024-01-03 09:00:00,,,,,,,,,,,2024,Siltara,Hourly,1,8
2024-01-03 10:00:00,,,,,,,,,,,2024,Siltara,Hourly,1,8
2024-01-03 11:00:00,,,,,,,,,,,2024,Siltara,Hourly,1,8
2024-01-03 12:00:00,6.64,43.44,29.65,28.29,,,0.71,340.0,0.7,11.93,2024,Siltara,Hourly,1,8
2024-01-03 13:00:00,9.36,51.67,36.04,57.96,109.63,20.77,0.99,280.79,0.73,11.96,2024,Siltara,Hourly,0,0
2024-01-03 14:00:00,5.53,43.67,27.7,38.05,111.8,31.9,2.08,348.68,0.63,11.93,2024,Siltara,Hourly,0,0
2024-01-03 15:00:00,7.46,39.49,27.49,30.7,109.66,31.83,1.9,353.24,0.58,11.94,2024,Siltara,Hourly,0,0
2024-01-03 16:00:00,7.02,42.94,30.29,29.32,99.54,31.46,1.63,348.84,0.56,11.92,2024,Siltara,Hourly,0,0
2024-01-03 17:00:00,14.58,44.16,38.05,19.01,93.42,30.64,1.4,27.27,0.55,11.97,2024,Siltara,Hourly,0,0
2024-01-03 18:00:00,33.15,59.76,64.7,15.25,102.65,30.57,0.69,61.44,0.78,12.02,2024,Siltara,Hourly,0,0
2024-01-03 19:00:00,47.26,54.42,68.15,9.89,224.93,38.22,0.46,265.71,1.0,12.14,2024,Siltara,Hourly,0,0
2024-01-03 20:00:00,44.94,59.29,68.05,8.43,222.57,51.53,0.37,243.34,1.16,12.49,2024,Siltara,Hourly,0,0
2024-01-03 21:00:00,55.34,54.51,72.91,8.71,226.41,65.57,0.36,272.12,1.24,12.12,2024,Siltara,Hourly,0,0
2024-01-03 22:00:00,47.52,51.21,66.13,10.43,216.68,66.47,0.52,236.32,1.16,11.93,2024,Siltara,Hourly,0,0
2024-01-03 23:00:00,41.58,48.21,57.61,10.83,158.41,63.87,0.46,295.16,1.14,11.93,2024,Siltara,Hourly,0,0
2024-01-04 01:00:00,15.08,49.57,38.87,46.15,165.17,90.62,0.59,228.51,0.99,11.91,2024,Siltara,Hourly,0,0
2024-01-04 02:00:00,15.05,43.82,35.84,26.05,165.17,98.1,0.37,231.3,0.92,11.93,2024,Siltara,Hourly,0,0
2024-01-04 03:00:00,15.95,44.13,36.36,24.37,162.49,98.1,0.86,239.59,1.05,11.92,2024,Siltara,Hourly,0,0
2024-01-04 04:00:00,15.58,47.68,37.84,30.36,154.65,80.26,0.48,226.61,1.16,11.92,2024,Siltara,Hourly,0,0
2024-01-04 05:00:00,15.16,43.46,35.26,24.65,153.86,75.52,0.66,230.08,1.06,11.92,2024,Siltara,Hourly,0,0
2024-01-04 06:00:00,15.47,43.08,35.79,30.25,153.86,80.23,0.88,239.33,1.03,11.92,2024,Siltara,Hourly,0,0
2024-01-04 07:00:00,16.66,45.16,37.76,32.14,153.19,80.23,0.9,230.33,1.03,11.92,2024,Siltara,Hourly,0,0
2024-01-04 08:00:00,18.98,46.57,40.42,27.46,160.65,76.03,1.08,239.71,1.03,11.94,2024,Siltara,Hourly,0,0
2024-01-04 09:00:00,20.43,51.27,43.81,23.45,190.43,74.55,1.77,243.47,1.02,11.92,2024,Siltara,Hourly,0,0
2024-01-04 10:00:00,17.67,51.27,41.78,20.72,190.43,73.97,1.96,247.72,0.97,11.92,2024,Siltara,Hourly,0,0
2024-01-04 11:00:00,9.49,47.98,33.55,26.77,130.56,69.3,1.61,254.59,0.78,11.92,2024,Siltara,Hourly,0,0
2024-01-04 12:00:00,5.84,41.57,27.28,33.48,130.56,57.81,1.62,260.68,0.64,11.91,2024,Siltara,Hourly,0,0
2024-01-04 13:00:00,5.46,44.47,28.48,44.79,80.34,46.28,1.59,256.88,0.56,11.92,2024,Siltara,Hourly,0,0
2024-01-04 14:00:00,4.54,37.38,24.05,34.95,70.26,38.84,1.41,255.57,0.47,11.92,2024,Siltara,Hourly,0,0
2024-01-04 15:00:00,3.97,35.36,22.53,42.15,61.71,33.72,1.36,258.3,0.47,11.91,2024,Siltara,Hourly,0,0
2024-01-04 16:00:00,4.49,33.44,21.64,46.41,90.83,34.58,1.43,252.5,0.46,11.92,2024,Siltara,Hourly,0,0
2024-01-04 17:00:00,5.61,41.36,26.68,48.53,90.83,35.7,1.05,271.92,1.92,11.93,2024,Siltara,Hourly,0,0
2024-01-04 18:00:00,14.33,57.01,39.27,79.49,143.58,39.42,1.05,267.45,1.14,11.94,2024,Siltara,Hourly,0,0
2024-01-04 19:00:00,5.72,50.54,31.87,72.09,152.42,47.33,0.83,242.57,1.01,11.92,2024,Siltara,Hourly,0,0
2024-01-04 20:00:00,5.1,59.13,35.79,77.9,192.51,68.47,0.59,234.29,0.97,11.93,2024,Siltara,Hourly,0,0
2024-01-04 21:00:00,6.48,53.07,32.93,64.43,235.64,81.06,0.67,229.18,0.97,11.92,2024,Siltara,Hourly,0,0
2024-01-04 22:00:00,8.17,47.3,32.14,52.57,235.64,84.54,0.75,227.48,1.05,11.91,2024,Siltara,Hourly,0,0
2024-01-04 23:00:00,8.89,60.33,39.53,53.94,230.79,102.0,0.81,234.23,1.34,11.91,2024,Siltara,Hourly,0,0
2024-01-05 00:15:00,20.05,54.36,79.57,79.31,184.8,71.86,0.32,205.64,1.2,11.89,2024,Siltara,Hourly,0,0
2024-01-05 00:30:00,10.78,41.36,52.14,77.76,179.68,73.66,0.49,201.78,1.16,11.91,2024,Siltara,Hourly,0,0
2024-01-05 00:45:00,10.6,35.72,46.32,47.14,173.29,76.01,0.57,214.93,0.97,11.91,2024,Siltara,Hourly,0,0
2024-01-05 01:00:00,10.31,35.81,46.12,42.29,173.29,76.01,0.49,216.7,0.93,11.92,2024,Siltara,Hourly,0,0
2024-01-05 01:15:00,10.66,35.21,45.86,33.21,173.29,76.01,0.5,217.12,0.9,11.91,2024,Siltara,Hourly,0,0
2024-01-05 01:30:00,10.89,38.28,49.17,41.82,173.06,76.74,0.51,216.97,0.92,11.91,2024,Siltara,Hourly,0,0
2024-01-05 01:45:00,10.42,40.2,50.62,51.75,172.77,77.69,0.51,225.13,0.91,11.91,2024,Siltara,Hourly,0,0
2024-01-05 02:00:00,11.56,40.74,52.31,50.48,172.77,77.69,0.77,217.26,0.93,11.91,2024,Siltara,Hourly,0,0
2024-01-05 02:15:00,12.16,39.84,52.0,40.09,172.77,77.69,0.48,222.57,0.94,11.91,2024,Siltara,Hourly,0,0
2024-01-05 02:30:00,11.83,37.38,49.21,31.25,173.11,82.03,0.36,224.88,0.84,11.92,2024,Siltara,Hourly,0,0
2024-01-05 02:45:00,12.03,36.26,48.29,25.76,173.55,87.7,0.44,210.13,0.88,11.92,2024,Siltara,Hourly,0,0
2024-01-05 03:00:00,10.37,51.96,62.33,53.36,173.55,87.7,0.39,199.12,0.81,11.91,2024,Siltara,Hourly,0,0
2024-01-05 03:15:00,9.41,41.44,50.85,41.1,173.55,87.7,0.36,201.33,0.75,11.91,2024,Siltara,Hourly,0,0
2024-01-05 03:30:00,10.8,45.91,56.71,35.01,173.12,87.22,0.41,202.39,0.86,11.93,2024,Siltara,Hourly,0,0
2024-01-05 03:45:00,11.58,45.48,57.06,33.89,172.56,86.58,0.45,211.6,0.84,11.92,2024,Siltara,Hourly,0,0
2024-01-05 04:00:00,11.84,44.47,56.31,25.01,172.56,86.58,0.37,218.09,0.95,11.92,2024,Siltara,Hourly,0,0
2024-01-05 04:15:00,11.92,46.13,58.05,25.6,172.56,86.58,0.48,210.05,0.96,11.92,2024,Siltara,Hourly,0,0
2024-01-05 04:30:00,19.12,52.28,71.4,21.43,173.03,90.32,0.56,216.85,1.0,11.91,2024,Siltara,Hourly,0,0
2024-01-05 04:45:00,22.52,46.85,69.38,23.6,173.64,95.21,0.44,223.26,1.03,11.91,2024,Siltara,Hourly,0,0
2024-01-05 05:00:00,18.03,47.16,65.19,21.64,173.64,95.21,0.49,213.68,1.15,11.92,2024,Siltara,Hourly,0,0
2024-01-05 05:15:00,17.14,47.68,64.82,19.53,173.64,95.21,0.49,218.69,1.09,11.93,2024,Siltara,Hourly,0,0
2024-01-05 05:30:00,15.51,50.13,65.64,17.42,164.57,91.66,0.5,225.54,1.07,11.93,2024,Siltara,Hourly,0,0
2024-01-05 05:45:00,15.85,47.66,63.51,19.09,152.71,87.02,0.42,227.68,1.02,11.93,2024,Siltara,Hourly,0,0
2024-01-05 06:00:00,17.75,43.84,61.59,22.87,152.71,87.02,0.39,224.37,1.01,11.93,2024,Siltara,Hourly,0,0
2024-01-05 06:15:00,18.66,44.06,62.73,25.52,152.71,87.02,0.32,216.3,1.0,11.92,2024,Siltara,Hourly,0,0
2024-01-05 06:30:00,19.04,41.93,60.97,24.71,151.96,90.66,0.45,237.55,0.96,11.91,2024,Siltara,Hourly,0,0
2024-01-05 06:45:00,16.49,39.4,55.89,26.52,150.99,95.42,0.35,249.24,0.88,11.92,2024,Siltara,Hourly,0,0
2024-01-05 07:00:00,21.76,46.08,67.84,38.67,150.99,95.42,0.43,232.17,1.07,11.93,2024,Siltara,Hourly,0,0
2024-01-05 07:15:00,23.07,43.94,67.01,52.94,150.99,95.42,0.57,231.87,1.04,11.92,2024,Siltara,Hourly,0,0
2024-01-05 07:30:00,21.97,44.58,66.55,57.54,158.75,94.39,0.63,237.52,0.98,11.93,2024,Siltara,Hourly,0,0
2024-01-05 07:45:00,22.58,41.41,63.99,51.74,168.9,93.04,0.68,240.62,1.0,11.92,2024,Siltara,Hourly,0,0
2024-01-05 08:00:00,20.73,35.75,56.48,36.51,168.9,93.04,0.77,236.9,0.95,11.91,2024,Siltara,Hourly,0,0
2024-01-05 08:15:00,18.53,39.34,57.87,56.02,168.9,93.04,0.67,235.55,0.98,11.91,2024,Siltara,Hourly,0,0
2024-01-05 08:30:00,16.27,37.22,53.49,43.74,170.07,86.33,0.79,243.18,0.94,11.91,2024,Siltara,Hourly,0,0
2024-01-05 08:45:00,16.65,36.88,53.53,33.49,171.61,77.57,1.18,239.94,0.95,11.91,2024,Siltara,Hourly,0,0
2024-01-05 09:00:00,17.37,37.45,54.82,31.17,171.61,77.57,1.39,236.81,0.85,11.91,2024,Siltara,Hourly,0,0
2024-01-05 09:15:00,16.71,31.45,48.16,30.39,171.61,77.57,1.64,241.05,0.82,11.91,2024,Siltara,Hourly,0,0
2024-01-05 09:30:00,13.06,35.18,48.25,26.3,176.09,73.62,1.34,234.07,0.69,11.91,2024,Siltara,Hourly,0,0
2024-01-05 09:45:00,10.94,35.16,46.09,30.59,181.95,68.45,1.24,247.71,0.66,11.92,2024,Siltara,Hourly,0,0
2024-01-05 10:00:00,12.24,36.67,48.91,44.4,181.95,68.45,1.43,233.63,0.65,11.9,2024,Siltara,Hourly,0,0
2024-01-05 10:15:00,10.32,40.02,50.34,29.3,181.95,68.45,1.32,247.45,0.63,11.9,2024,Siltara,Hourly,0,0
2024-01-05 10:30:00,7.68,26.71,34.39,31.28,168.83,60.33,1.28,244.23,0.53,11.92,2024,Siltara,Hourly,0,0
2024-01-05 10:45:00,8.6,37.47,46.07,37.09,151.68,49.72,1.01,250.53,0.5,11.92,2024,Siltara,Hourly,0,0
2024-01-05 11:00:00,6.93,29.9,36.83,33.86,151.68,49.72,1.32,236.68,0.44,11.92,2024,Siltara,Hourly,0,0
2024-01-05 11:15:00,6.57,28.5,35.07,36.18,151.68,49.72,1.26,246.12,0.43,11.9,2024,Siltara,Hourly,0,0
2024-01-05 11:30:00,6.66,31.59,38.25,32.95,136.71,45.57,1.21,245.54,0.38,11.91,2024,Siltara,Hourly,0,0
2024-01-05 11:45:00,6.57,32.06,38.63,34.57,117.13,40.16,1.15,246.5,0.43,11.91,2024,Siltara,Hourly,0,0
2024-01-05 12:00:00,6.89,32.56,39.45,33.1,117.13,40.16,1.15,250.75,0.39,11.91,2024,Siltara,Hourly,0,0
2024-01-05 12:15:00,5.93,29.88,35.81,32.48,117.13,40.16,1.12,246.46,0.34,11.9,2024,Siltara,Hourly,0,0
2024-01-05 12:30:00,7.09,31.75,38.84,34.03,109.67,40.14,1.4,250.36,0.36,11.91,2024,Siltara,Hourly,0,0
2024-01-05 12:45:00,5.83,30.62,36.45,28.95,99.92,40.11,1.19,246.36,0.34,11.91,2024,Siltara,Hourly,0,0
2024-01-05 13:00:00,5.51,32.97,38.48,35.24,99.92,40.11,1.54,237.43,0.29,11.91,2024,Siltara,Hourly,0,0
2024-01-05 13:15:00,5.05,30.08,35.13,29.02,99.92,40.11,1.43,244.27,0.28,11.9,2024,Siltara,Hourly,0,0
2024-01-05 13:30:00,5.0,31.65,36.64,27.06,96.86,37.19,1.44,234.72,0.28,11.9,2024,Siltara,Hourly,0,0
2024-01-05 13:45:00,4.76,31.2,35.96,42.55,92.85,33.37,1.27,239.67,0.23,11.91,2024,Siltara,Hourly,0,0
2024-01-05 14:00:00,4.71,29.07,33.78,46.33,92.85,33.37,1.13,243.12,0.24,11.91,2024,Siltara,Hourly,0,0
2024-01-05 14:15:00,6.13,35.86,41.98,42.91,92.85,33.37,1.34,250.08,0.26,11.91,2024,Siltara,Hourly,0,0
2024-01-05 14:30:00,5.39,31.99,37.37,30.9,94.79,33.43,1.53,238.84,0.23,11.9,2024,Siltara,Hourly,0,0
2024-01-05 14:45:00,5.2,31.66,36.86,22.74,97.32,33.5,1.55,237.51,0.25,11.9,2024,Siltara,Hourly,0,0
2024-01-05 15:00:00,5.4,30.0,35.4,18.3,97.32,33.5,1.58,246.43,0.19,11.9,2024,Siltara,Hourly,0,0
2024-01-05 15:15:00,5.17,28.46,33.63,24.84,97.32,33.5,1.55,237.41,0.2,11.9,2024,Siltara,Hourly,0,0
2024-01-05 15:30:00,5.18,27.57,32.75,21.9,105.43,32.78,1.58,237.11,0.21,11.91,2024,Siltara,Hourly,0,0
2024-01-05 15:45:00,5.43,29.07,34.5,25.25,116.04,31.85,1.69,239.52,0.19,11.9,2024,Siltara,Hourly,0,0
2024-01-05 16:00:00,6.92,32.17,39.09,22.53,116.04,31.85,1.45,243.88,0.21,11.91,2024,Siltara,Hourly,0,0
2024-01-05 16:15:00,6.38,29.62,36.0,30.52,116.04,31.85,1.36,251.55,0.24,11.91,2024,Siltara,Hourly,0,0
2024-01-05 16:30:00,10.79,38.54,49.33,54.99,123.56,34.24,1.06,266.62,0.31,11.91,2024,Siltara,Hourly,0,0
2024-01-05 16:45:00,9.15,35.12,44.27,62.13,133.41,37.36,1.25,253.91,0.3,11.93,2024,Siltara,Hourly,0,0
2024-01-05 17:00:00,7.22,31.9,39.12,49.71,133.41,37.36,1.31,243.94,0.22,11.92,2024,Siltara,Hourly,0,0
2024-01-05 17:15:00,7.08,32.29,39.36,54.43,133.41,37.36,1.12,242.5,0.18,11.92,2024,Siltara,Hourly,0,0
2024-01-05 17:30:00,9.5,40.55,51.12,69.85,142.25,36.77,0.96,257.85,0.42,11.92,2024,Siltara,Hourly,0,0
2024-01-05 17:45:00,9.19,40.62,49.81,67.46,153.82,36.0,1.06,262.28,0.48,11.91,2024,Siltara,Hourly,0,0
2024-01-05 18:00:00,10.64,42.45,53.08,64.97,153.82,36.0,0.83,251.57,0.55,11.9,2024,Siltara,Hourly,0,0
2024-01-05 18:15:00,9.21,42.45,51.66,67.82,153.82,36.0,0.74,241.79,0.31,11.91,2024,Siltara,Hourly,0,0
2024-01-05 18:30:00,8.65,39.28,47.93,52.05,156.38,37.75,0.97,244.53,0.28,11.9,2024,Siltara,Hourly,0,0
2024-01-05 18:45:00,8.12,32.96,41.08,33.35,159.74,40.05,1.21,244.11,0.28,11.9,2024,Siltara,Hourly,0,0
2024-01-05 19:00:00,7.9,33.93,41.83,30.36,159.74,40.05,1.09,235.42,0.35,11.91,2024,Siltara,Hourly,0,0
2024-01-05 19:15:00,7.59,36.17,43.76,55.55,159.74,40.05,0.97,231.12,0.39,11.91,2024,Siltara,Hourly,0,0
2024-01-05 19:30:00,8.66,43.54,52.19,45.38,154.41,42.11,1.02,232.18,0.44,11.9,2024,Siltara,Hourly,0,0
2024-01-05 19:45:00,8.49,37.74,46.24,31.88,147.44,44.81,1.04,230.38,0.44,11.91,2024,Siltara,Hourly,0,0
2024-01-05 20:00:00,8.21,34.95,43.17,28.32,147.44,44.81,1.14,227.67,0.41,11.92,2024,Siltara,Hourly,0,0
2024-01-05 20:15:00,7.84,32.99,40.83,24.12,147.44,44.81,1.05,228.17,0.43,11.93,2024,Siltara,Hourly,0,0
2024-01-05 20:30:00,7.68,35.69,43.37,36.82,137.19,41.83,1.01,231.18,0.49,11.92,2024,Siltara,Hourly,0,0
2024-01-05 20:45:00,8.31,46.02,54.33,40.78,124.38,38.1,1.07,229.62,0.49,11.91,2024,Siltara,Hourly,0,0
2024-01-05 21:00:00,8.42,58.72,67.14,50.96,124.38,38.1,0.95,224.96,0.79,11.9,2024,Siltara,Hourly,0,0
2024-01-05 21:15:00,8.38,52.19,60.58,70.06,124.38,38.1,0.79,226.83,0.7,11.91,2024,Siltara,Hourly,0,0
2024-01-05 21:30:00,7.13,49.98,57.11,65.79,131.2,37.97,0.73,229.45,0.76,11.9,2024,Siltara,Hourly,0,0
2024-01-05 21:45:00,6.34,40.12,46.47,59.5,139.71,37.79,0.6,230.86,0.86,11.91,2024,Siltara,Hourly,0,0
2024-01-05 22:00:00,6.47,56.14,62.61,75.13,139.71,37.79,0.58,224.15,1.15,11.92,2024,Siltara,Hourly,0,0
2024-01-05 22:15:00,8.52,61.03,69.55,72.63,139.71,37.79,0.66,232.61,1.1,11.9,2024,Siltara,Hourly,0,0
2024-01-05 22:30:00,7.94,55.82,63.76,135.51,148.9,43.97,0.61,226.36,1.3,11.9,2024,Siltara,Hourly,0,0
2024-01-05 22:45:00,7.29,51.11,58.4,72.52,160.39,52.05,0.61,227.07,0.99,11.9,2024,Siltara,Hourly,0,0
2024-01-05 23:00:00,6.67,44.25,50.92,144.84,160.39,52.05,0.55,221.19,1.22,11.92,2024,Siltara,Hourly,0,0
2024-01-05 23:15:00,6.93,42.99,49.92,173.1,160.39,52.05,0.52,235.12,1.45,11.92,2024,Siltara,Hourly,0,0
2024-01-05 23:30:00,7.64,52.92,60.56,189.3,164.16,58.07,0.54,224.2,1.19,11.92,2024,Siltara,Hourly,0,0
2024-01-05 23:45:00,8.51,45.45,53.96,67.49,169.1,65.96,0.54,241.66,1.03,11.91,2024,Siltara,Hourly,0,0
2024-01-06 01:00:00,14.26,55.22,41.16,76.5,120.12,98.77,0.68,241.37,1.26,11.92,2024,Siltara,Hourly,0,0
2024-01-06 02:00:00,11.06,37.41,28.13,50.84,118.65,100.83,1.5,204.94,0.75,11.91,2024,Siltara,Hourly,0,0
2024-01-06 03:00:00,16.38,44.52,37.27,36.67,118.65,69.83,0.62,241.63,0.62,11.92,2024,Siltara,Hourly,0,0
2024-01-06 04:00:00,25.49,48.62,46.72,47.41,159.98,65.76,0.41,221.38,0.68,11.92,2024,Siltara,Hourly,0,0
2024-01-06 05:00:00,47.72,53.65,64.02,79.37,171.12,167.2,0.81,226.04,1.24,11.92,2024,Siltara,Hourly,0,0
2024-01-06 06:00:00,47.37,43.18,61.42,57.85,199.18,182.45,0.84,29.31,1.09,11.92,2024,Siltara,Hourly,0,0
2024-01-06 07:00:00,57.07,48.02,68.7,33.87,199.18,77.72,0.34,249.47,1.07,11.94,2024,Siltara,Hourly,0,0
2024-01-06 08:00:00,24.52,41.69,40.84,44.36,170.1,60.1,1.42,347.44,0.91,11.91,2024,Siltara,Hourly,0,0
2024-01-06 09:00:00,19.52,35.74,34.06,18.32,128.6,48.45,1.76,31.11,0.81,11.91,2024,Siltara,Hourly,0,0
2024-01-06 10:00:00,12.28,26.9,24.31,17.62,123.02,45.03,2.09,14.1,0.58,11.91,2024,Siltara,Hourly,0,0
2024-01-06 11:00:00,8.11,35.5,25.35,40.13,99.53,43.06,2.05,353.23,0.75,11.91,2024,Siltara,Hourly,0,0
2024-01-06 12:00:00,7.44,31.49,23.58,40.13,53.25,43.06,1.65,357.73,0.51,11.91,2024,Siltara,Hourly,0,0
2024-01-06 13:00:00,5.65,25.13,18.15,28.82,50.25,41.06,1.6,355.62,0.33,11.93,2024,Siltara,Hourly,0,0
2024-01-06 14:00:00,8.92,32.52,25.02,48.92,68.69,26.32,0.86,328.38,0.71,11.92,2024,Siltara,Hourly,0,0
2024-01-06 15:00:00,5.02,24.67,17.79,51.83,76.56,30.39,1.03,293.79,0.41,11.9,2024,Siltara,Hourly,0,0
2024-01-06 16:00:00,5.87,28.87,20.16,50.86,94.34,31.29,1.27,265.24,0.21,11.91,2024,Siltara,Hourly,0,0
2024-01-06 17:00:00,7.11,31.31,22.17,59.02,112.09,26.42,1.21,287.72,0.64,11.9,2024,Siltara,Hourly,0,0
2024-01-06 18:00:00,8.09,41.37,28.97,73.11,125.71,31.61,0.92,251.09,0.36,11.91,2024,Siltara,Hourly,0,0
2024-01-06 19:00:00,6.25,43.81,28.78,61.78,134.87,36.36,0.85,246.73,0.57,11.9,2024,Siltara,Hourly,0,0
2024-01-06 20:00:00,4.23,72.6,42.18,79.51,145.06,41.77,0.72,234.64,0.58,11.9,2024,Siltara,Hourly,0,0
2024-01-06 21:00:00,3.41,43.32,26.11,71.28,168.43,53.42,0.89,233.58,0.85,11.9,2024,Siltara,Hourly,0,0
2024-01-06 22:00:00,9.5,61.05,41.51,76.82,175.92,63.83,0.92,142.68,0.86,11.91,2024,Siltara,Hourly,0,0
2024-01-06 23:00:00,3.71,30.59,19.6,37.95,177.25,66.63,0.8,203.78,0.41,11.9,2024,Siltara,Hourly,0,0
2024-01-07 01:00:00,19.39,10.66,21.99,35.472307692307695,44.92,15.22,0.89,219.82,0.2,11.91,2024,Siltara,Hourly,1,23
2024-01-07 02:00:00,19.31,9.58,21.36,34.23346153846154,36.28,13.57,1.17,220.28,0.2,11.91,2024,Siltara,Hourly,1,23
2024-01-07 03:00:00,17.8,8.99,19.74,32.994615384615386,44.16,27.55,1.44,228.72,0.2,11.92,2024,Siltara,Hourly,1,23
2024-01-07 04:00:00,16.38,10.33,18.87,,84.41,62.35,1.21,242.73,0.2,11.92,2024,Siltara,Hourly,1,23
2024-01-07 05:00:00,16.37,9.0,18.39,,106.87,78.89,1.23,239.86,0.2,11.91,2024,Siltara,Hourly,1,23
2024-01-07 06:00:00,16.55,8.75,18.64,,138.15,167.79,1.14,237.11,0.2,11.91,2024,Siltara,Hourly,1,23
2024-01-07 07:00:00,18.13,11.51,21.43,,166.51,204.85,1.33,238.32,0.2,11.91,2024,Siltara,Hourly,1,23
2024-01-07 08:00:00,19.34,10.88,21.69,,173.46,179.34,1.1,235.29,0.2,11.91,2024,Siltara,Hourly,1,23
2024-01-07 09:00:00,20.29,10.24,22.49,,148.8,40.31,1.26,236.81,0.2,11.91,2024,Siltara,Hourly,1,23
2024-01-07 10:00:00,20.91,10.74,23.12,,125.63,42.95,1.58,246.03,0.2,11.91,2024,Siltara,Hourly,1,23
2024-01-07 11:00:00,22.1,10.3,23.82,,118.35,88.95,1.2,245.74,0.2,11.91,2024,Siltara,Hourly,1,23
2024-01-07 12:00:00,21.37,10.09,23.14,,120.1,109.18,1.37,243.39,0.2,11.92,2024,Siltara,Hourly,1,23
2024-01-07 13:00:00,20.73,11.73,23.3,,123.28,104.88,1.31,245.01,0.2,11.91,2024,Siltara,Hourly,1,23
2024-01-07 14:00:00,19.56,11.44,22.52,,126.67,101.35,1.32,234.79,0.2,11.92,2024,Siltara,Hourly,1,23
2024-01-07 15:00:00,19.16,14.03,23.57,,111.68,91.3,1.68,247.04,0.2,11.91,2024,Siltara,Hourly,1,23
2024-01-07 16:00:00,18.29,11.61,21.24,,106.49,71.87,1.27,241.69,0.2,11.9,2024,Siltara,Hourly,1,23
2024-01-07 17:00:00,18.9,12.0,22.3,,102.68,74.94,1.82,242.36,0.2,11.91,2024,Siltara,Hourly,1,23
2024-01-07 18:00:00,19.56,11.0,21.72,,104.21,61.4,1.48,227.26,0.2,11.91,2024,Siltara,Hourly,1,23
2024-01-07 19:00:00,20.88,13.15,24.48,,116.57,52.36,1.69,226.34,0.2,11.91,2024,Siltara,Hourly,1,23
2024-01-07 20:00:00,20.46,12.62,23.88,,120.82,58.25,1.29,228.7,0.2,11.92,2024,Siltara,Hourly,1,23
2024-01-07 21:00:00,19.22,11.0,22.03,,103.12,49.25,1.3,229.98,0.2,11.92,2024,Siltara,Hourly,1,23
2024-01-07 22:00:00,17.97,11.4,20.71,,93.72,55.3,1.06,226.21,0.2,11.91,2024,Siltara,Hourly,1,23
2024-01-07 23:00:00,18.04,10.91,20.69,,86.29,67.42,1.44,224.17,0.2,11.91,2024,Siltara,Hourly,1,23
2024-01-08 01:00:00,24.69,7.71,24.54,5.74,63.91,33.49,0.79,243.37,1.14,11.93,2024,Siltara,Hourly,0,0
2024-01-08 02:00:00,24.1,7.65,24.2,6.14,24.0,17.71,0.69,248.06,1.05,11.91,2024,Siltara,Hourly,0,0
2024-01-08 03:00:00,23.66,7.45,23.74,5.92,12.13,8.06,0.63,240.94,0.98,11.91,2024,Siltara,Hourly,0,0
2024-01-08 04:00:00,23.2,8.23,23.23,6.29,22.26,20.91,0.6,250.33,0.95,11.91,2024,Siltara,Hourly,0,0
2024-01-08 05:00:00,24.82,8.75,25.26,5.94,36.52,30.25,0.47,241.27,0.98,11.91,2024,Siltara,Hourly,0,0
2024-01-08 06:00:00,26.61,9.84,27.35,5.97,41.99,24.7,1.0,229.71,0.98,11.91,2024,Siltara,Hourly,0,0
2024-01-08 07:00:00,30.0,8.01,28.93,5.95,23.89,0.3,0.78,236.79,0.88,11.91,2024,Siltara,Hourly,0,0
2024-01-08 08:00:00,30.83,7.92,29.72,4.71,23.16,0.83,1.05,230.07,0.82,11.91,2024,Siltara,Hourly,0,0
2024-01-08 09:00:00,30.44,9.64,30.32,4.36,16.97,3.08,0.93,233.75,0.78,11.91,2024,Siltara,Hourly,0,0
2024-01-08 10:00:00,30.79,11.91,30.56,4.45,18.63,8.46,0.97,246.63,0.84,11.91,2024,Siltara,Hourly,0,0
2024-01-08 11:00:00,30.02,10.33,30.34,4.43,25.84,16.21,0.94,242.87,0.82,11.91,2024,Siltara,Hourly,0,0
2024-01-08 12:00:00,19.23,24.48,25.47,5.2,26.66,16.5,0.7,243.96,0.98,11.91,2024,Siltara,Hourly,0,0
2024-01-08 13:00:00,5.41,20.69,16.02,8.47,24.42,17.05,0.83,256.63,0.84,11.91,2024,Siltara,Hourly,0,0
2024-01-08 14:00:00,4.72,19.88,15.05,10.5,14.5,11.63,0.85,239.31,0.77,11.91,2024,Siltara,Hourly,0,0
2024-01-08 15:00:00,4.52,18.19,14.0,9.53,5.61,3.48,0.77,250.68,0.76,11.9,2024,Siltara,Hourly,0,0
2024-01-08 16:00:00,7.67,23.69,19.11,9.99,7.21,4.79,0.76,240.44,0.88,11.91,2024,Siltara,Hourly,0,0
2024-01-08 17:00:00,10.66,13.99,15.01,8.83,15.99,13.57,0.94,244.59,0.88,11.91,2024,Siltara,Hourly,0,0
2024-01-08 18:00:00,14.25,9.28,17.15,8.78,22.14,17.59,0.88,244.69,0.91,11.91,2024,Siltara,Hourly,0,0
2024-01-08 19:00:00,19.73,7.63,20.4,9.59,23.43,14.5,1.06,245.31,0.92,11.92,2024,Siltara,Hourly,0,0
2024-01-08 20:00:00,23.92,9.48,24.05,10.32,26.14,13.99,0.99,245.87,0.95,11.91,2024,Siltara,Hourly,0,0
2024-01-08 21:00:00,28.49,7.81,27.8,10.58,28.38,16.19,0.87,244.21,0.96,11.92,2024,Siltara,Hourly,0,0
2024-01-08 22:00:00,29.84,8.98,29.5,10.36,29.77,14.41,0.81,243.28,1.03,11.91,2024,Siltara,Hourly,0,0
2024-01-08 23:00:00,30.3,8.24,29.48,10.56,27.52,15.7,0.7,242.47,1.02,11.91,2024,Siltara,Hourly,0,0
2024-01-09 01:00:00,16.13,5.74,16.31,8.64,37.1,15.34,7.45,336.3,0.63,11.92,2024,Siltara,Hourly,0,0
2024-01-09 02:00:00,16.63,6.42,17.09,8.74,54.45,10.12,5.37,347.98,0.61,11.91,2024,Siltara,Hourly,0,0
2024-01-09 03:00:00,16.45,5.82,17.11,8.4,54.45,10.12,12.12,319.13,0.61,11.91,2024,Siltara,Hourly,0,0
2024-01-09 04:00:00,15.35,5.15,15.87,8.23,47.13,7.58,8.73,323.91,0.59,11.9,2024,Siltara,Hourly,0,0
2024-01-09 05:00:00,13.89,5.51,14.74,8.26,47.13,7.59,5.66,353.36,0.58,11.91,2024,Siltara,Hourly,0,0
2024-01-09 06:00:00,14.53,5.68,15.36,8.22,40.51,7.89,2.35,28.53,0.57,11.92,2024,Siltara,Hourly,0,0
2024-01-09 07:00:00,16.22,5.59,16.47,6.98,88.72,7.96,2.64,26.03,0.6,11.91,2024,Siltara,Hourly,0,0
2024-01-09 08:00:00,19.16,6.15,19.45,6.81,100.82,9.78,2.95,29.99,0.62,11.91,2024,Siltara,Hourly,0,0
2024-01-09 09:00:00,18.45,6.36,18.91,7.2,131.59,9.78,3.13,351.88,0.69,11.91,2024,Siltara,Hourly,0,0
2024-01-09 10:00:00,18.84,6.62,19.1,7.7,148.27,10.28,4.82,338.71,0.7,11.91,2024,Siltara,Hourly,0,0
2024-01-09 11:00:00,18.12,6.7,18.91,8.17,148.27,19.01,4.38,350.63,0.72,11.91,2024,Siltara,Hourly,0,0
2024-01-09 12:00:00,19.16,9.06,20.97,8.31,139.11,32.05,1.17,62.47,0.68,11.91,2024,Siltara,Hourly,0,0
2024-01-09 13:00:00,18.05,8.18,19.63,9.13,129.71,32.05,2.4,40.82,0.68,11.91,2024,Siltara,Hourly,0,0
2024-01-09 14:00:00,18.07,9.67,20.41,8.68,136.58,17.63,2.82,356.43,0.66,11.91,2024,Siltara,Hourly,0,0
2024-01-09 15:00:00,19.1,7.52,20.12,8.59,156.49,19.8,3.05,30.39,0.66,11.91,2024,Siltara,Hourly,0,0
2024-01-09 16:00:00,16.22,7.29,17.26,8.43,171.81,24.98,3.61,30.27,0.62,11.91,2024,Siltara,Hourly,0,0
2024-01-09 17:00:00,14.9,6.61,16.27,9.0,171.81,24.98,2.78,35.21,0.59,11.92,2024,Siltara,Hourly,0,0
2024-01-09 18:00:00,14.0,9.32,16.96,8.67,147.79,21.82,2.65,34.43,0.59,11.91,2024,Siltara,Hourly,0,0
2024-01-09 19:00:00,20.27,14.61,24.76,9.36,129.26,19.89,2.0,33.67,0.67,11.92,2024,Siltara,Hourly,0,0
2024-01-09 20:00:00,15.35,9.25,18.01,9.43,118.73,19.51,3.12,348.88,0.63,11.91,2024,Siltara,Hourly,0,0
2024-01-09 21:00:00,14.75,5.66,15.65,9.06,89.41,19.11,3.49,353.67,0.65,11.9,2024,Siltara,Hourly,0,0
2024-01-09 22:00:00,13.45,5.46,14.49,9.09,89.25,12.49,4.94,336.87,0.65,11.92,2024,Siltara,Hourly,0,0
2024-01-09 23:00:00,13.31,5.16,14.13,8.45,73.65,11.23,5.26,339.63,0.64,11.91,2024,Siltara,Hourly,0,0
2024-01-10 01:00:00,24.49,12.42,26.92,12.11,183.7,50.49,64.6,277.29,0.83,11.93,2024,Siltara,Hourly,0,0
2024-01-10 02:00:00,29.61,19.98,33.23,13.27,193.55,62.28,64.6,276.83,0.95,11.92,2024,Siltara,Hourly,0,0
2024-01-10 03:00:00,27.92,13.78,30.47,13.57,193.55,77.91,64.59,280.63,0.94,11.92,2024,Siltara,Hourly,0,0
2024-01-10 04:00:00,28.18,15.7,30.93,14.09,182.5,77.91,64.59,272.24,0.98,11.92,2024,Siltara,Hourly,0,0
2024-01-10 05:00:00,28.53,9.63,28.69,16.25,132.66,68.79,64.56,282.02,0.98,11.91,2024,Siltara,Hourly,0,0
2024-01-10 06:00:00,24.94,7.22,24.28,15.41,126.25,51.89,64.52,279.28,0.93,11.91,2024,Siltara,Hourly,0,0
2024-01-10 07:00:00,24.23,6.37,23.57,13.23,98.03,35.29,64.52,279.05,0.91,11.91,2024,Siltara,Hourly,0,0
2024-01-10 08:00:00,22.88,10.1,22.49,12.46,98.03,34.38,64.54,288.18,0.88,11.91,2024,Siltara,Hourly,0,0
2024-01-10 09:00:00,17.46,11.1,19.94,10.67,95.29,29.65,64.5,286.56,0.8,11.91,2024,Siltara,Hourly,0,0
2024-01-10 10:00:00,16.82,9.14,19.09,10.48,76.51,30.0,64.71,274.55,0.71,11.91,2024,Siltara,Hourly,0,0
2024-01-10 11:00:00,15.74,10.17,18.81,11.46,59.09,30.0,64.69,276.42,0.66,11.9,2024,Siltara,Hourly,0,0
2024-01-10 12:00:00,13.55,10.8,17.38,12.89,43.42,23.43,64.73,271.72,0.62,11.91,2024,Siltara,Hourly,0,0
2024-01-10 13:00:00,12.89,11.23,17.08,12.84,52.27,19.74,64.73,274.36,0.58,11.91,2024,Siltara,Hourly,0,0
2024-01-10 14:00:00,11.61,15.66,16.66,12.92,52.27,17.48,64.82,277.34,0.55,11.91,2024,Siltara,Hourly,0,0
2024-01-10 15:00:00,9.55,21.63,19.83,11.06,63.24,17.94,64.96,277.91,0.84,11.91,2024,Siltara,Hourly,0,0
2024-01-10 16:00:00,12.48,25.3,24.1,10.35,71.82,19.47,39.11,292.7,0.87,11.91,2024,Siltara,Hourly,0,0
2024-01-10 17:00:00,11.03,19.01,19.65,11.62,93.59,19.62,62.55,289.18,0.67,11.91,2024,Siltara,Hourly,0,0
2024-01-10 18:00:00,8.11,10.37,12.46,13.46,93.59,19.62,64.89,278.45,0.55,11.91,2024,Siltara,Hourly,0,0
2024-01-10 19:00:00,12.93,29.22,24.41,15.65,61.78,19.29,64.84,276.89,0.78,11.92,2024,Siltara,Hourly,0,0
2024-01-10 20:00:00,12.42,32.14,27.51,19.28,136.08,31.36,64.85,282.02,0.97,11.91,2024,Siltara,Hourly,0,0
2024-01-10 21:00:00,17.93,35.22,33.47,15.34,173.22,106.82,64.83,275.6,0.98,11.92,2024,Siltara,Hourly,0,0
2024-01-10 22:00:00,18.63,35.01,34.1,15.32,173.22,106.82,64.79,276.23,1.09,11.92,2024,Siltara,Hourly,0,0
2024-01-10 23:00:00,16.0,14.7,21.39,17.26,137.23,48.8,64.81,279.23,0.96,11.92,2024,Siltara,Hourly,0,0
2024-01-11 01:00:00,15.92,4.43,15.91,7.13,118.96,74.09,0.53,359.72,0.85,11.91,2024,Siltara,Hourly,0,0
2024-01-11 02:00:00,16.16,4.56,16.2,7.35,118.96,74.09,0.19,298.48,0.86,11.9,2024,Siltara,Hourly,0,0
2024-01-11 03:00:00,16.14,4.74,16.23,6.93,113.73,57.16,0.32,356.76,0.86,11.91,2024,Siltara,Hourly,0,0
2024-01-11 04:00:00,15.29,4.8,15.64,5.9,83.18,37.51,0.51,34.48,0.88,11.9,2024,Siltara,Hourly,0,0
2024-01-11 05:00:00,14.88,4.75,15.28,6.67,80.34,32.56,0.71,25.58,0.83,11.91,2024,Siltara,Hourly,0,0
2024-01-11 06:00:00,14.83,4.38,14.95,7.06,37.88,15.43,0.27,213.81,0.76,11.91,2024,Siltara,Hourly,0,0
2024-01-11 07:00:00,17.11,4.42,16.91,7.21,50.15,15.43,0.23,347.63,0.76,11.92,2024,Siltara,Hourly,0,0
2024-01-11 08:00:00,17.92,5.32,17.91,6.82,68.69,27.2,0.69,86.58,0.76,11.92,2024,Siltara,Hourly,0,0
2024-01-11 09:00:00,17.71,5.59,17.99,7.15,139.09,35.5,0.7,135.88,0.81,11.91,2024,Siltara,Hourly,0,0
2024-01-11 10:00:00,18.08,5.94,18.48,6.99,152.84,65.44,0.29,173.54,1.04,11.91,2024,Siltara,Hourly,0,0
2024-01-11 11:00:00,20.4,8.11,21.17,7.91,152.84,65.44,0.41,207.58,1.39,11.91,2024,Siltara,Hourly,0,0
2024-01-11 12:00:00,19.2,21.21,24.6,8.33,138.41,63.47,1.14,340.13,1.31,11.91,2024,Siltara,Hourly,0,0
2024-01-11 13:00:00,15.06,9.2,17.12,9.89,88.58,43.92,1.45,22.36,1.16,11.91,2024,Siltara,Hourly,0,0
2024-01-11 14:00:00,13.31,7.23,14.87,9.8,80.1,32.99,1.55,78.59,1.08,11.91,2024,Siltara,Hourly,0,0
2024-01-11 15:00:00,12.45,7.03,14.5,10.3,60.35,32.99,1.06,36.74,1.02,11.91,2024,Siltara,Hourly,0,0
2024-01-11 16:00:00,11.12,9.63,14.45,10.55,65.43,27.63,0.84,38.25,0.9,11.91,2024,Siltara,Hourly,0,0
2024-01-11 17:00:00,9.22,8.15,11.24,10.11,66.26,24.91,0.75,151.67,0.82,11.91,2024,Siltara,Hourly,0,0
2024-01-11 18:00:00,9.36,5.9,11.01,9.33,66.82,20.78,0.49,359.44,0.78,11.91,2024,Siltara,Hourly,0,0
2024-01-11 19:00:00,13.09,7.4,14.43,8.63,74.91,32.7,0.4,226.49,0.77,11.91,2024,Siltara,Hourly,0,0
2024-01-11 20:00:00,13.56,5.59,14.35,7.59,74.91,32.7,0.61,216.03,0.74,11.92,2024,Siltara,Hourly,0,0
2024-01-11 21:00:00,13.85,5.2,14.69,8.37,71.22,23.95,0.35,228.22,0.74,11.91,2024,Siltara,Hourly,0,0
2024-01-11 22:00:00,14.44,5.25,15.12,9.56,111.07,36.51,0.44,227.26,0.77,11.91,2024,Siltara,Hourly,0,0
2024-01-11 23:00:00,16.44,5.54,16.87,7.76,111.07,39.62,0.4,220.02,0.79,11.91,2024,Siltara,Hourly,0,0
2024-01-12 01:00:00,28.94,21.86,35.35,7.39,61.07,34.03,1.0,98.04,1.11,11.91,2024,Siltara,Hourly,0,0
2024-01-12 02:00:00,28.29,21.41,34.75,7.28,63.94,34.24,1.16,16.69,1.06,11.91,2024,Siltara,Hourly,0,0
2024-01-12 03:00:00,25.99,20.68,32.52,7.43,49.81,25.58,1.46,19.04,0.98,11.91,2024,Siltara,Hourly,0,0
2024-01-12 04:00:00,23.38,20.47,30.2,7.51,24.43,16.74,1.81,18.62,0.9,11.92,2024,Siltara,Hourly,0,0
2024-01-12 05:00:00,22.18,20.47,29.34,7.65,24.55,12.8,1.75,28.3,0.83,11.91,2024,Siltara,Hourly,0,0
2024-01-12 06:00:00,21.64,20.38,28.88,7.3,28.87,12.72,1.86,27.74,0.77,11.91,2024,Siltara,Hourly,0,0
2024-01-12 07:00:00,21.42,20.16,28.56,7.56,49.89,12.34,1.67,29.2,0.76,11.9,2024,Siltara,Hourly,0,0
2024-01-12 08:00:00,21.6,20.28,28.71,7.65,64.53,13.71,1.35,29.89,0.79,11.91,2024,Siltara,Hourly,0,0
2024-01-12 09:00:00,24.9,20.85,31.74,7.7,90.16,19.42,1.49,31.72,0.85,11.91,2024,Siltara,Hourly,0,0
2024-01-12 10:00:00,28.87,21.41,35.49,6.87,104.47,24.01,1.62,31.93,0.89,11.91,2024,Siltara,Hourly,0,0
2024-01-12 11:00:00,30.7,22.98,37.5,6.8,107.0,25.57,1.75,43.89,0.9,11.91,2024,Siltara,Hourly,0,0
2024-01-12 12:00:00,33.11,24.45,39.56,7.75,107.12,28.27,1.24,83.71,0.94,11.9,2024,Siltara,Hourly,0,0
2024-01-12 13:00:00,31.29,23.3,38.14,7.64,103.48,34.94,1.1,63.42,1.01,11.91,2024,Siltara,Hourly,0,0
2024-01-12 14:00:00,29.13,23.25,36.26,6.46,100.09,37.03,0.68,78.56,1.01,11.91,2024,Siltara,Hourly,0,0
2024-01-12 15:00:00,26.77,22.77,34.24,8.24,92.63,34.18,1.05,90.69,1.0,11.91,2024,Siltara,Hourly,0,0
2024-01-12 16:00:00,24.61,22.52,32.27,8.17,83.31,33.33,1.54,40.42,1.0,11.91,2024,Siltara,Hourly,0,0
2024-01-12 17:00:00,24.75,22.67,32.57,8.47,71.48,32.64,1.75,44.67,1.02,11.91,2024,Siltara,Hourly,0,0
2024-01-12 18:00:00,25.42,22.82,33.18,7.94,53.79,29.61,0.55,76.95,1.01,11.91,2024,Siltara,Hourly,0,0
2024-01-12 19:00:00,27.97,22.68,35.16,7.77,48.64,28.56,0.46,71.99,0.99,11.91,2024,Siltara,Hourly,0,0
2024-01-12 20:00:00,28.23,22.63,35.34,8.37,47.01,26.8,0.79,46.13,0.97,11.91,2024,Siltara,Hourly,0,0
2024-01-12 21:00:00,26.77,21.94,33.8,8.05,42.19,23.15,0.6,74.99,0.96,11.91,2024,Siltara,Hourly,0,0
2024-01-12 22:00:00,27.33,21.87,34.22,7.15,41.18,20.58,0.96,71.96,0.94,11.91,2024,Siltara,Hourly,0,0
2024-01-12 23:00:00,27.55,21.25,34.04,6.95,41.52,20.41,1.18,31.64,0.9,11.91,2024,Siltara,Hourly,0,0
2025-01-01 01:00:00,36.27,20.39,40.61,6.16,142.28,37.77,0.41,224.23,1.34,11.93,2025,Siltara,Hourly,0,0
2025-01-01 02:00:00,33.52,20.65,38.13,5.92,131.23,37.64,0.34,223.84,1.35,11.91,2025,Siltara,Hourly,0,0
2025-01-01 03:00:00,33.4,19.68,37.88,6.77,110.28,36.68,0.32,213.39,1.37,11.91,2025,Siltara,Hourly,0,0
2025-01-01 04:00:00,36.87,20.03,40.73,6.62,191.53,36.77,0.42,351.53,1.4,11.91,2025,Siltara,Hourly,0,0
2025-01-01 05:00:00,36.11,19.82,40.19,6.46,179.87,37.56,0.2,198.34,1.39,11.91,2025,Siltara,Hourly,0,0
2025-01-01 06:00:00,35.0,19.11,38.93,6.49,133.62,37.35,0.28,210.33,1.36,11.9,2025,Siltara,Hourly,0,0
2025-01-01 07:00:00,39.94,19.68,42.89,6.21,109.59,35.62,0.22,328.27,1.4,11.91,2025,Siltara,Hourly,0,0
2025-01-01 08:00:00,43.57,22.12,47.36,6.75,109.59,39.79,1.01,38.78,1.46,11.92,2025,Siltara,Hourly,0,0
2025-01-01 09:00:00,42.24,22.04,46.26,7.29,140.64,39.93,1.6,29.56,1.47,11.92,2025,Siltara,Hourly,0,0
2025-01-01 10:00:00,37.71,21.91,42.37,6.84,154.24,42.95,1.9,29.33,1.45,11.91,2025,Siltara,Hourly,0,0
2025-01-01 11:00:00,31.39,21.61,37.25,6.75,151.89,44.11,1.78,27.83,1.37,11.91,2025,Siltara,Hourly,0,0
2025-01-01 12:00:00,24.57,20.33,31.09,6.27,130.76,43.85,1.11,23.86,1.3,11.92,2025,Siltara,Hourly,0,0
2025-01-01 13:00:00,22.8,19.94,29.58,6.66,101.34,43.02,1.28,29.4,1.23,11.91,2025,Siltara,Hourly,0,0
2025-01-01 14:00:00,21.0,19.92,27.92,6.45,114.61,42.33,1.29,347.24,1.19,11.91,2025,Siltara,Hourly,0,0
2025-01-01 15:00:00,18.23,20.2,25.58,6.22,108.18,31.01,1.38,24.7,1.15,11.91,2025,Siltara,Hourly,0,0
2025-01-01 16:00:00,14.05,20.08,22.63,5.83,107.21,35.44,1.41,10.05,1.11,11.91,2025,Siltara,Hourly,0,0
2025-01-01 17:00:00,13.21,20.07,21.95,5.85,92.55,28.8,1.08,357.68,1.07,11.91,2025,Siltara,Hourly,0,0
2025-01-01 18:00:00,14.54,19.44,22.28,5.86,94.97,29.07,0.51,226.72,1.05,11.91,2025,Siltara,Hourly,0,0
2025-01-01 19:00:00,16.18,18.76,23.65,6.68,182.27,32.36,0.38,210.26,1.06,11.91,2025,Siltara,Hourly,0,0
2025-01-01 20:00:00,18.25,17.95,24.89,6.36,155.62,29.62,0.37,217.83,1.1,11.91,2025,Siltara,Hourly,0,0
2025-01-01 21:00:00,28.63,19.17,33.85,6.48,166.42,44.71,0.46,208.97,1.21,11.91,2025,Siltara,Hourly,0,0
2025-01-01 22:00:00,39.51,19.85,42.92,6.63,197.05,44.82,0.5,214.35,1.35,11.91,2025,Siltara,Hourly,0,0
2025-01-01 23:00:00,44.94,19.92,47.17,6.28,197.05,54.68,0.31,219.17,1.45,11.91,2025,Siltara,Hourly,0,0
2025-01-02 00:15:00,39.44,29.78,48.06,8.51,238.68,87.53,0.17,224.24,0.99,11.89,2025,Siltara,Hourly,0,0
2025-01-02 00:30:00,41.19,34.87,52.13,8.45,238.68,87.53,0.19,187.26,0.99,11.9,2025,Siltara,Hourly,0,0
2025-01-02 00:45:00,41.93,32.02,51.23,8.76,238.68,87.53,0.28,232.82,1.0,11.9,2025,Siltara,Hourly,0,0
2025-01-02 01:00:00,43.86,33.48,53.54,8.57,239.03,87.73,0.37,216.71,1.01,11.91,2025,Siltara,Hourly,0,0
2025-01-02 01:15:00,46.62,31.39,54.66,7.83,254.4,93.36,0.24,223.16,1.02,11.91,2025,Siltara,Hourly,0,0
2025-01-02 01:30:00,47.5,29.68,54.47,7.6,254.4,93.36,0.11,27.57,1.04,11.91,2025,Siltara,Hourly,0,0
2025-01-02 01:45:00,48.66,29.47,55.29,7.74,254.4,93.36,0.04,162.89,1.06,11.9,2025,Siltara,Hourly,0,0
2025-01-02 02:00:00,49.78,29.45,56.18,7.95,255.98,93.28,0.12,232.3,1.07,11.91,2025,Siltara,Hourly,0,0
2025-01-02 02:15:00,50.6,29.51,56.87,7.03,325.46,89.83,0.13,160.84,1.09,11.91,2025,Siltara,Hourly,0,0
2025-01-02 02:30:00,51.63,29.44,57.66,8.19,325.46,89.83,0.42,229.5,1.12,11.91,2025,Siltara,Hourly,0,0
2025-01-02 02:45:00,53.15,29.41,58.86,8.39,325.46,89.83,0.34,229.07,1.16,11.91,2025,Siltara,Hourly,0,0
2025-01-02 03:00:00,55.08,29.71,60.57,8.16,324.55,89.75,0.35,244.8,1.21,11.92,2025,Siltara,Hourly,0,0
2025-01-02 03:15:00,56.89,29.96,62.15,7.66,284.58,86.45,0.41,243.96,1.24,11.92,2025,Siltara,Hourly,0,0
2025-01-02 03:30:00,58.1,29.88,63.07,8.1,284.58,86.45,0.39,250.42,1.26,11.9,2025,Siltara,Hourly,0,0
2025-01-02 03:45:00,58.74,29.85,63.57,7.51,284.58,86.45,0.35,241.72,1.27,11.91,2025,Siltara,Hourly,0,0
2025-01-02 04:00:00,59.19,29.73,63.87,7.54,284.31,86.39,0.4,246.16,1.28,11.93,2025,Siltara,Hourly,0,0
2025-01-02 04:15:00,59.51,29.7,64.11,7.47,272.19,83.77,0.32,241.33,1.3,11.94,2025,Siltara,Hourly,0,0
2025-01-02 04:30:00,59.33,30.28,64.27,6.57,272.19,83.77,0.29,233.11,1.3,11.91,2025,Siltara,Hourly,0,0
2025-01-02 04:45:00,59.91,30.29,64.74,7.79,272.19,83.77,0.36,240.88,1.3,11.91,2025,Siltara,Hourly,0,0
2025-01-02 05:00:00,60.67,29.89,65.14,8.22,156.49,83.64,0.24,240.38,1.29,11.9,2025,Siltara,Hourly,0,0
2025-01-02 05:15:00,60.57,30.28,65.27,7.7,156.49,77.67,0.21,244.59,1.29,11.91,2025,Siltara,Hourly,0,0
2025-01-02 05:30:00,60.33,30.19,65.03,8.11,156.49,77.67,0.27,246.06,1.29,11.9,2025,Siltara,Hourly,0,0
2025-01-02 05:45:00,60.43,29.83,64.92,7.42,156.49,77.67,0.2,193.46,1.3,11.91,2025,Siltara,Hourly,0,0
2025-01-02 06:00:00,60.0,29.77,64.54,8.17,156.49,77.7,0.24,226.36,1.31,11.92,2025,Siltara,Hourly,0,0
2025-01-02 06:15:00,59.85,29.57,64.32,6.42,238.08,79.07,0.32,226.11,1.33,11.92,2025,Siltara,Hourly,0,0
2025-01-02 06:30:00,60.27,30.47,65.13,7.26,238.08,79.07,0.38,222.12,1.36,11.91,2025,Siltara,Hourly,0,0
2025-01-02 06:45:00,63.8,30.59,68.02,7.3,238.08,79.07,0.26,234.22,1.37,11.91,2025,Siltara,Hourly,0,0
2025-01-02 07:00:00,63.92,30.08,67.85,7.86,239.31,79.29,0.23,235.88,1.38,11.9,2025,Siltara,Hourly,0,0
2025-01-02 07:15:00,64.0,29.95,67.85,7.76,293.28,88.82,0.16,209.17,1.37,11.91,2025,Siltara,Hourly,0,0
2025-01-02 07:30:00,64.24,30.14,68.14,8.39,293.28,88.82,0.21,260.77,1.39,11.91,2025,Siltara,Hourly,0,0
2025-01-02 07:45:00,65.43,30.51,69.28,7.93,293.28,88.82,0.25,232.0,1.41,11.9,2025,Siltara,Hourly,0,0
2025-01-02 08:00:00,67.8,31.13,71.51,8.03,294.39,88.82,0.21,226.11,1.43,11.91,2025,Siltara,Hourly,0,0
2025-01-02 08:15:00,70.09,31.85,73.72,8.72,343.01,177.81,0.2,227.72,1.45,11.92,2025,Siltara,Hourly,0,0
2025-01-02 08:30:00,69.75,33.02,74.06,8.35,343.01,177.81,0.37,231.19,1.48,11.91,2025,Siltara,Hourly,0,0
2025-01-02 08:45:00,65.89,33.09,71.0,7.56,343.01,177.81,0.3,225.58,1.46,11.91,2025,Siltara,Hourly,0,0
2025-01-02 09:00:00,62.17,31.42,67.15,8.42,340.35,186.8,0.28,226.65,1.43,11.9,2025,Siltara,Hourly,0,0
2025-01-02 09:15:00,56.83,30.69,62.48,8.21,223.4,185.7758536585366,0.32,219.69,1.4,11.9,2025,Siltara,Hourly,1,40
2025-01-02 09:30:00,57.0,32.75,63.69,8.0,223.4,184.75170731707317,0.36,211.43,1.4,11.91,2025,Siltara,Hourly,1,40
2025-01-02 09:45:00,54.37,31.71,61.05,7.78,223.4,183.72756097560978,0.45,218.24,1.35,11.9,2025,Siltara,Hourly,1,40
2025-01-02 10:00:00,43.79,30.14,51.74,8.17,130.58,,0.41,239.73,1.23,11.92,2025,Siltara,Hourly,1,40
2025-01-02 10:15:00,42.78,30.33,51.02,6.67,130.58,,0.25,195.34,1.31,11.91,2025,Siltara,Hourly,1,40
2025-01-02 10:30:00,40.46,28.9,48.42,8.2,130.58,,0.34,167.11,1.34,11.9,2025,Siltara,Hourly,1,40
2025-01-02 10:45:00,38.04,27.67,45.83,8.65,130.58,,0.26,204.54,1.23,11.9,2025,Siltara,Hourly,1,40
2025-01-02 11:00:00,31.29,22.26,37.59,9.21,129.77,,0.4,216.01,1.07,11.91,2025,Siltara,Hourly,1,40
2025-01-02 11:15:00,33.84,25.89,41.53,9.2,94.15,,0.36,244.56,1.08,11.9,2025,Siltara,Hourly,1,40
2025-01-02 11:30:00,29.2,24.27,36.97,9.43,94.15,,0.42,247.8,0.91,11.9,2025,Siltara,Hourly,1,40
2025-01-02 11:45:00,29.28,22.98,36.36,10.71,94.15,,0.34,225.07,0.92,11.9,2025,Siltara,Hourly,1,40
2025-01-02 12:00:00,24.3,23.76,32.78,10.71,93.79,,0.61,213.78,0.79,11.9,2025,Siltara,Hourly,1,40
2025-01-02 12:15:00,21.83,24.93,31.41,11.67,77.88,,0.48,204.33,0.72,11.91,2025,Siltara,Hourly,1,40
2025-01-02 12:30:00,23.04,21.0,30.32,12.26,77.88,,0.41,199.4,0.76,11.91,2025,Siltara,Hourly,1,40
2025-01-02 12:45:00,22.46,24.49,31.68,12.23,77.88,,0.3,224.11,0.84,11.9,2025,Siltara,Hourly,1,40
2025-01-02 13:00:00,22.64,23.31,31.2,11.61,77.8,,0.44,222.86,0.81,11.9,2025,Siltara,Hourly,1,40
2025-01-02 13:15:00,20.86,23.89,30.09,13.23,73.9,,0.38,157.63,0.75,11.9,2025,Siltara,Hourly,1,40
2025-01-02 13:30:00,21.06,26.08,31.39,13.29,73.9,,0.52,186.24,0.8,11.91,2025,Siltara,Hourly,1,40
2025-01-02 13:45:00,17.03,23.84,26.99,12.57,73.9,,0.34,245.58,0.7,11.91,2025,Siltara,Hourly,1,40
2025-01-02 14:00:00,16.86,24.59,27.24,13.85,74.24,,0.38,238.99,0.67,11.92,2025,Siltara,Hourly,1,40
2025-01-02 14:15:00,14.82,22.29,24.41,8.38,89.41,,0.28,263.13,0.62,11.91,2025,Siltara,Hourly,1,40
2025-01-02 14:30:00,13.73,21.34,23.04,14.28,89.41,,0.46,235.48,0.64,11.91,2025,Siltara,Hourly,1,40
2025-01-02 14:45:00,12.02,21.66,21.83,15.34,89.41,,0.46,236.66,0.58,11.9,2025,Siltara,Hourly,1,40
2025-01-02 15:00:00,11.35,21.23,21.07,14.72,89.04,,0.26,265.03,0.58,11.91,2025,Siltara,Hourly,1,40
2025-01-02 15:15:00,12.33,24.57,23.6,14.47,72.43,,0.19,256.99,0.58,11.9,2025,Siltara,Hourly,1,40
2025-01-02 15:30:00,14.39,27.38,27.35,14.85,72.43,,0.25,252.76,0.59,11.86,2025,Siltara,Hourly,1,40
2025-01-02 15:45:00,10.42,25.41,22.51,15.19,72.43,,0.5,272.8,0.6,11.85,2025,Siltara,Hourly,1,40
2025-01-02 16:00:00,8.25,23.5,19.77,17.19,73.46,,0.42,273.92,0.58,11.89,2025,Siltara,Hourly,1,40
2025-01-02 16:15:00,7.52,24.91,19.92,20.82,118.53,,0.67,288.41,0.66,11.89,2025,Siltara,Hourly,1,40
2025-01-02 16:30:00,8.0,23.9,19.78,18.05,118.53,,0.69,310.96,0.58,11.9,2025,Siltara,Hourly,1,40
2025-01-02 16:45:00,7.6,25.43,20.25,17.46,118.53,,0.87,302.67,0.59,11.91,2025,Siltara,Hourly,1,40
2025-01-02 17:00:00,8.43,25.25,20.83,19.18,119.68,,0.74,303.3,0.58,11.91,2025,Siltara,Hourly,1,40
2025-01-02 17:15:00,11.4,30.52,25.96,23.92,170.44,,0.34,292.25,0.83,11.91,2025,Siltara,Hourly,1,40
2025-01-02 17:30:00,9.09,29.8,23.74,23.51,170.44,,0.51,304.55,0.71,11.91,2025,Siltara,Hourly,1,40
2025-01-02 17:45:00,9.22,27.1,22.43,21.91,170.44,,0.59,311.34,0.64,11.9,2025,Siltara,Hourly,1,40
2025-01-02 18:00:00,16.35,32.68,31.06,20.65,171.05,,0.48,323.98,0.88,11.91,2025,Siltara,Hourly,1,40
2025-01-02 18:15:00,11.16,29.57,25.27,10.32,197.99,,0.59,316.46,0.67,11.91,2025,Siltara,Hourly,1,40
2025-01-02 18:30:00,27.02,33.85,40.23,15.5,197.99,,0.26,8.13,0.78,11.91,2025,Siltara,Hourly,1,40
2025-01-02 18:45:00,54.3,30.63,61.79,15.35,197.99,,0.09,38.52,0.81,11.93,2025,Siltara,Hourly,1,40
2025-01-02 19:00:00,23.64,33.79,37.48,13.36,197.99,,0.12,128.26,0.76,11.92,2025,Siltara,Hourly,1,40
2025-01-02 19:15:00,24.72,31.56,37.18,13.78,364.02,144.81,0.13,115.79,0.76,11.91,2025,Siltara,Hourly,0,0
2025-01-02 19:30:00,28.56,32.29,40.65,13.01,364.02,144.81,0.11,104.95,0.82,11.92,2025,Siltara,Hourly,0,0
2025-01-02 19:45:00,32.34,31.32,43.17,12.06,364.02,144.81,0.21,208.23,0.85,11.91,2025,Siltara,Hourly,0,0
2025-01-02 20:00:00,35.13,34.79,47.49,10.95,366.22,144.81,0.13,233.79,0.91,11.92,2025,Siltara,Hourly,0,0
2025-01-02 20:15:00,35.46,29.83,44.9,10.33,463.26,164.23,0.12,205.53,0.88,11.92,2025,Siltara,Hourly,0,0
2025-01-02 20:30:00,38.67,31.18,48.17,10.21,463.26,164.23,0.08,219.51,0.92,11.92,2025,Siltara,Hourly,0,0
2025-01-02 20:45:00,42.79,31.35,51.57,9.54,463.26,164.23,0.13,225.28,0.94,11.92,2025,Siltara,Hourly,0,0
2025-01-02 21:00:00,46.36,30.75,54.12,8.59,461.14,138.02,0.37,214.61,0.98,11.91,2025,Siltara,Hourly,0,0
2025-01-02 21:15:00,49.49,30.36,56.43,8.74,368.22,138.02,0.27,220.26,1.0,11.91,2025,Siltara,Hourly,0,0
2025-01-02 21:30:00,51.97,31.56,59.04,8.83,368.22,138.02,0.11,193.31,1.01,11.91,2025,Siltara,Hourly,0,0
2025-01-02 21:45:00,54.75,31.64,61.31,9.08,368.22,138.02,0.32,213.23,1.04,11.91,2025,Siltara,Hourly,0,0
2025-01-02 22:00:00,60.53,31.25,65.74,8.75,369.82,138.02,0.19,221.87,1.1,11.91,2025,Siltara,Hourly,0,0
2025-01-02 22:15:00,63.11,32.35,68.38,6.83,440.48,190.37,0.23,208.81,1.14,11.92,2025,Siltara,Hourly,0,0
2025-01-02 22:30:00,67.64,31.49,71.57,8.72,440.48,190.37,0.44,218.54,1.15,11.91,2025,Siltara,Hourly,0,0
2025-01-02 22:45:00,69.7,32.45,73.72,8.82,440.48,190.37,0.34,212.19,1.17,11.92,2025,Siltara,Hourly,0,0
2025-01-02 23:00:00,72.07,33.71,76.28,8.96,439.18,189.8,0.29,208.81,1.2,11.92,2025,Siltara,Hourly,0,0
2025-01-02 23:15:00,73.5,34.57,77.87,8.97,381.78,173.04,0.21,234.87,1.22,11.92,2025,Siltara,Hourly,0,0
2025-01-02 23:30:00,75.75,32.7,78.7,7.81,381.78,173.04,0.4,218.08,1.27,11.9,2025,Siltara,Hourly,0,0
2025-01-02 23:45:00,78.92,34.73,82.31,8.44,381.78,173.04,0.43,213.93,1.26,11.91,2025,Siltara,Hourly,0,0
2025-01-03 01:00:00,66.8,34.05,72.23,12.44,352.3935135135135,164.81931034482758,0.43,219.96,2.05,11.92,2025,Siltara,Hourly,1,8
2025-01-03 02:00:00,77.72,33.29,79.59,11.55,328.8843243243243,158.24275862068964,0.23,165.89,2.13,11.92,2025,Siltara,Hourly,1,8
2025-01-03 03:00:00,82.98,32.05,83.23,10.1,305.3751351351351,151.66620689655173,0.62,235.8,2.21,11.92,2025,Siltara,Hourly,1,8
2025-01-03 04:00:00,87.78,32.09,88.03,10.08,,,0.52,209.16,2.3,11.92,2025,Siltara,Hourly,1,8
2025-01-03 05:00:00,91.65,32.76,91.48,9.67,,,0.47,221.62,2.37,11.93,2025,Siltara,Hourly,1,8
2025-01-03 06:00:00,93.94,32.19,92.45,9.4,,,0.45,226.41,2.43,11.92,2025,Siltara,Hourly,1,8
2025-01-03 07:00:00,95.39,32.42,93.65,9.01,,125.36,0.46,231.38,2.49,11.92,2025,Siltara,Hourly,1,8
2025-01-03 08:00:00,94.58,33.2,93.55,9.33,,125.36,0.44,232.94,2.54,11.96,2025,Siltara,Hourly,1,8
2025-01-03 09:00:00,80.62,33.43,82.88,9.28,164.32,125.36,1.14,218.38,2.41,11.92,2025,Siltara,Hourly,0,0
2025-01-03 10:00:00,62.29,32.31,67.3,19.37,198.65,135.24,0.98,234.0,2.15,11.93,2025,Siltara,Hourly,0,0
2025-01-03 11:00:00,45.86,31.31,53.85,15.71,198.65,137.32,0.95,238.83,1.92,11.92,2025,Siltara,Hourly,0,0
2025-01-03 12:00:00,27.72,28.66,36.9,22.75,196.84,137.32,0.94,245.15,1.51,11.91,2025,Siltara,Hourly,0,0
2025-01-03 13:00:00,16.53,27.19,27.13,26.45,167.65,109.2,1.39,243.76,1.27,11.91,2025,Siltara,Hourly,0,0
2025-01-03 14:00:00,11.04,25.83,23.22,27.53,171.79,99.29,0.72,262.82,1.13,11.91,2025,Siltara,Hourly,0,0
2025-01-03 15:00:00,7.78,24.88,19.48,27.13,171.79,99.29,0.77,264.38,1.05,11.91,2025,Siltara,Hourly,0,0
2025-01-03 16:00:00,6.32,24.41,18.12,31.36,130.51,84.35,0.75,249.24,0.88,11.91,2025,Siltara,Hourly,0,0
2025-01-03 17:00:00,5.94,25.41,18.92,52.88,128.97,84.35,0.65,272.8,0.82,11.91,2025,Siltara,Hourly,0,0
2025-01-03 18:00:00,3.59,23.51,15.84,65.74,166.13,73.47,0.52,240.86,0.92,11.9,2025,Siltara,Hourly,0,0
2025-01-03 19:00:00,4.08,28.21,18.88,65.45,166.13,70.24,0.53,232.9,1.6,11.91,2025,Siltara,Hourly,0,0
2025-01-03 20:00:00,7.46,31.35,22.75,62.13,134.04,105.28,0.49,216.26,1.26,11.91,2025,Siltara,Hourly,0,0
2025-01-03 21:00:00,10.35,39.17,28.92,46.08,144.04,119.4,0.74,224.58,1.55,11.9,2025,Siltara,Hourly,0,0
2025-01-03 22:00:00,8.7,25.93,21.28,27.22,144.04,119.4,0.77,221.64,1.54,11.91,2025,Siltara,Hourly,0,0
2025-01-03 23:00:00,19.49,33.24,33.29,25.4,144.04,114.69,0.31,204.52,1.45,11.92,2025,Siltara,Hourly,0,0
2025-01-04 01:00:00,25.95,38.21,41.65,27.29,193.04,60.42,0.74,46.53,0.84,11.91,2025,Siltara,Hourly,0,0
2025-01-04 02:00:00,24.21,30.58,36.07,17.81,193.04,60.42,0.69,135.97,0.78,11.92,2025,Siltara,Hourly,0,0
2025-01-04 03:00:00,24.26,29.94,35.66,11.04,114.61,60.06,0.4,243.27,0.69,11.92,2025,Siltara,Hourly,0,0
2025-01-04 04:00:00,27.14,31.11,38.89,9.53,139.15,48.86,0.41,209.5,0.67,11.91,2025,Siltara,Hourly,0,0
2025-01-04 05:00:00,30.2,29.52,40.36,8.54,139.15,48.86,0.47,244.44,0.62,11.91,2025,Siltara,Hourly,0,0
2025-01-04 06:00:00,40.22,34.73,50.69,9.14,149.02,56.94,0.55,240.03,0.66,11.91,2025,Siltara,Hourly,0,0
2025-01-04 07:00:00,50.36,39.56,61.5,24.95,172.18,63.16,0.28,294.3,0.97,11.92,2025,Siltara,Hourly,0,0
2025-01-04 08:00:00,56.74,43.55,69.13,41.02,172.18,63.16,0.75,330.49,1.26,11.92,2025,Siltara,Hourly,0,0
2025-01-04 09:00:00,41.36,40.57,52.67,64.01,172.18,135.78,0.69,334.1,1.22,11.92,2025,Siltara,Hourly,0,0
2025-01-04 10:00:00,36.43,39.38,50.1,64.58,172.18,135.78,1.25,359.48,1.05,11.92,2025,Siltara,Hourly,0,0
2025-01-04 11:00:00,26.61,35.6,40.81,29.15,190.47,88.59,2.41,15.9,0.92,11.92,2025,Siltara,Hourly,0,0
2025-01-04 12:00:00,14.25,31.29,28.65,42.74,190.47,71.61,1.84,13.37,0.66,11.91,2025,Siltara,Hourly,0,0
2025-01-04 13:00:00,9.03,28.93,22.75,50.37,196.74,60.52,1.97,21.16,0.54,11.91,2025,Siltara,Hourly,0,0
2025-01-04 14:00:00,5.93,23.85,18.09,47.62,196.74,52.8,2.41,13.23,0.44,11.91,2025,Siltara,Hourly,0,0
2025-01-04 15:00:00,4.91,25.11,17.87,44.42,171.52,51.1,3.13,9.8,0.38,11.91,2025,Siltara,Hourly,0,0
2025-01-04 16:00:00,4.82,24.6,17.41,42.05,153.92,44.47,2.8,5.36,0.28,11.9,2025,Siltara,Hourly,0,0
2025-01-04 17:00:00,5.12,23.16,16.29,32.19,171.84,44.47,2.54,357.56,0.21,11.9,2025,Siltara,Hourly,0,0
2025-01-04 18:00:00,7.64,27.16,21.31,37.86,171.84,36.67,1.77,359.96,0.21,11.92,2025,Siltara,Hourly,0,0
2025-01-04 19:00:00,20.48,46.02,41.59,40.68,129.18,32.02,0.76,353.52,0.55,11.92,2025,Siltara,Hourly,0,0
2025-01-04 20:00:00,10.96,33.29,27.06,31.85,174.55,47.55,0.8,11.93,0.42,11.92,2025,Siltara,Hourly,0,0
2025-01-04 21:00:00,11.49,31.1,26.34,21.78,174.55,47.55,0.76,8.41,0.42,11.91,2025,Siltara,Hourly,0,0
2025-01-04 22:00:00,12.54,29.97,26.59,14.2,151.79,46.63,0.56,160.85,0.37,11.91,2025,Siltara,Hourly,0,0
2025-01-04 23:00:00,11.31,34.0,27.66,15.82,105.67,42.33,0.33,182.06,0.48,11.91,2025,Siltara,Hourly,0,0
2025-01-05 00:15:00,14.45,24.1,25.05,3.53,62.85,18.64,1.31,114.67,0.62,11.89,2025,Siltara,Hourly,0,0
2025-01-05 00:30:00,14.17,26.52,26.09,3.1,62.85,18.64,0.8,119.79,0.63,11.91,2025,Siltara,Hourly,0,0
2025-01-05 00:45:00,14.16,26.61,26.13,2.8,62.85,18.64,0.89,118.33,0.62,11.91,2025,Siltara,Hourly,0,0
2025-01-05 01:00:00,14.32,27.17,26.56,2.92,58.32,16.65,0.93,117.94,0.64,11.9,2025,Siltara,Hourly,0,0
2025-01-05 01:15:00,14.68,26.99,26.75,2.91,53.37,14.37,0.43,107.74,0.65,11.9,2025,Siltara,Hourly,0,0
2025-01-05 01:30:00,15.21,27.22,27.29,3.39,53.37,14.37,0.8,120.79,0.64,11.91,2025,Siltara,Hourly,0,0
2025-01-05 01:45:00,15.58,26.6,27.27,2.89,53.37,14.37,0.16,136.81,0.63,11.9,2025,Siltara,Hourly,0,0
2025-01-05 02:00:00,16.17,26.95,27.92,3.14,57.42,16.35,0.19,286.04,0.63,11.91,2025,Siltara,Hourly,0,0
2025-01-05 02:15:00,17.06,26.5,28.4,1.39,62.04,18.62,0.29,1.69,0.63,11.91,2025,Siltara,Hourly,0,0
2025-01-05 02:30:00,17.91,26.32,28.99,2.69,62.04,18.62,0.61,11.15,0.62,11.91,2025,Siltara,Hourly,0,0
2025-01-05 02:45:00,18.53,25.52,29.07,2.96,62.04,18.62,0.73,6.0,0.62,11.9,2025,Siltara,Hourly,0,0
2025-01-05 03:00:00,18.88,23.59,28.34,2.48,80.67,17.52,0.49,13.83,0.61,11.91,2025,Siltara,Hourly,0,0
2025-01-05 03:15:00,19.11,23.71,28.59,2.71,101.96,16.27,0.57,31.39,0.62,11.91,2025,Siltara,Hourly,0,0
2025-01-05 03:30:00,19.32,24.11,28.96,2.37,101.96,16.27,0.69,11.53,0.63,11.9,2025,Siltara,Hourly,0,0
2025-01-05 03:45:00,19.54,24.39,29.28,2.08,101.96,16.27,0.71,22.99,0.63,11.91,2025,Siltara,Hourly,0,0
2025-01-05 04:00:00,19.84,24.71,29.69,2.06,101.96,21.27,1.04,13.21,0.63,11.9,2025,Siltara,Hourly,0,0
2025-01-05 04:15:00,20.29,24.83,30.12,2.02,223.2,26.98,0.84,17.98,0.64,11.9,2025,Siltara,Hourly,0,0
2025-01-05 04:30:00,20.64,24.88,30.42,2.49,223.2,26.98,1.29,11.73,0.65,11.89,2025,Siltara,Hourly,0,0
2025-01-05 04:45:00,20.9,24.92,30.65,2.56,223.2,26.98,0.96,6.35,0.67,11.91,2025,Siltara,Hourly,0,0
2025-01-05 05:00:00,21.15,24.92,30.85,1.76,76.14,26.1,0.95,5.49,0.67,11.9,2025,Siltara,Hourly,0,0
2025-01-05 05:15:00,21.47,25.05,31.18,1.71,76.14,25.1,1.34,22.78,0.68,11.9,2025,Siltara,Hourly,0,0
2025-01-05 05:30:00,21.62,24.96,31.26,2.19,76.14,25.1,1.32,37.85,0.7,11.9,2025,Siltara,Hourly,0,0
2025-01-05 05:45:00,21.61,25.28,31.41,1.95,76.14,25.1,0.85,60.62,0.71,11.9,2025,Siltara,Hourly,0,0
2025-01-05 06:00:00,21.77,25.54,31.67,1.51,94.91,23.93,0.53,99.34,0.72,11.9,2025,Siltara,Hourly,0,0
2025-01-05 06:15:00,22.36,25.85,32.3,0.81,116.36,22.6,0.89,59.64,0.71,11.9,2025,Siltara,Hourly,0,0
2025-01-05 06:30:00,22.66,25.72,32.48,1.53,116.36,22.6,0.77,66.17,0.7,11.9,2025,Siltara,Hourly,0,0
2025-01-05 06:45:00,22.59,25.75,32.45,1.25,116.36,22.6,0.77,63.18,0.7,11.9,2025,Siltara,Hourly,0,0
2025-01-05 07:00:00,22.86,25.85,32.71,0.43,96.41,22.61,0.47,74.47,0.71,11.9,2025,Siltara,Hourly,0,0
2025-01-05 07:15:00,23.43,25.7,33.09,1.25,74.61,22.61,0.53,96.4,0.71,11.9,2025,Siltara,Hourly,0,0
2025-01-05 07:30:00,23.77,25.53,33.27,1.02,74.61,22.61,0.7,106.18,0.71,11.89,2025,Siltara,Hourly,0,0
2025-01-05 07:45:00,23.69,25.25,33.06,1.44,74.61,22.61,0.76,117.3,0.72,11.9,2025,Siltara,Hourly,0,0
2025-01-05 08:00:00,23.34,25.68,33.01,1.54,70.2,24.08,0.68,118.86,0.7,11.9,2025,Siltara,Hourly,0,0
2025-01-05 08:15:00,23.12,25.22,32.59,1.45,65.17,25.76,0.47,94.82,0.7,11.9,2025,Siltara,Hourly,0,0
2025-01-05 08:30:00,22.97,25.1,32.41,1.67,65.17,25.76,0.52,89.16,0.69,11.91,2025,Siltara,Hourly,0,0
2025-01-05 08:45:00,23.13,21.49,30.65,2.34,65.17,25.76,0.65,79.27,0.69,11.91,2025,Siltara,Hourly,0,0
2025-01-05 09:00:00,22.83,21.07,30.19,3.32,63.57,24.62,0.6,196.42,0.66,11.91,2025,Siltara,Hourly,0,0
2025-01-05 09:15:00,22.27,22.33,30.4,5.42,61.75,23.31,0.44,156.26,0.7,11.9,2025,Siltara,Hourly,0,0
2025-01-05 09:30:00,21.68,22.81,30.18,6.27,61.75,23.31,0.61,124.3,0.7,11.91,2025,Siltara,Hourly,0,0
2025-01-05 09:45:00,21.0,23.24,29.86,6.13,61.75,23.31,0.56,180.57,0.71,11.92,2025,Siltara,Hourly,0,0
2025-01-05 10:00:00,20.16,23.83,29.49,6.03,55.36,22.89,0.59,174.06,0.71,11.9,2025,Siltara,Hourly,0,0
2025-01-05 10:15:00,19.34,25.14,29.52,3.43,48.05,22.41,0.71,196.72,0.7,11.91,2025,Siltara,Hourly,0,0
2025-01-05 10:30:00,18.37,24.73,28.52,7.7,48.05,22.41,0.71,218.36,0.68,11.91,2025,Siltara,Hourly,0,0
2025-01-05 10:45:00,17.35,26.13,28.44,8.31,48.05,22.41,0.89,207.15,0.66,11.9,2025,Siltara,Hourly,0,0
2025-01-05 11:00:00,16.27,26.44,27.74,7.98,46.91,22.51,1.06,215.95,0.66,11.9,2025,Siltara,Hourly,0,0
2025-01-05 11:15:00,15.43,26.7,27.2,8.32,45.59,22.62,0.58,199.35,0.65,11.9,2025,Siltara,Hourly,0,0
2025-01-05 11:30:00,14.48,27.38,26.79,8.55,45.59,22.62,0.81,199.99,0.62,11.89,2025,Siltara,Hourly,0,0
2025-01-05 11:45:00,13.56,27.37,26.05,9.51,45.59,22.62,0.7,206.82,0.64,11.9,2025,Siltara,Hourly,0,0
2025-01-05 12:00:00,13.05,24.26,24.02,12.32,51.85,21.84,0.96,61.57,0.67,11.91,2025,Siltara,Hourly,0,0
2025-01-05 12:15:00,13.15,24.4,24.17,11.22,59.0,20.94,0.61,12.54,0.72,11.9,2025,Siltara,Hourly,0,0
2025-01-05 12:30:00,13.52,27.54,26.11,14.35,59.0,20.94,0.49,314.42,0.73,11.9,2025,Siltara,Hourly,0,0
2025-01-05 12:45:00,13.61,29.65,27.28,14.58,59.0,20.94,0.13,46.85,0.68,11.91,2025,Siltara,Hourly,0,0
2025-01-05 13:00:00,13.55,29.22,27.01,15.04,79.7,21.81,0.25,185.29,0.7,11.91,2025,Siltara,Hourly,0,0
2025-01-05 13:15:00,13.3,29.71,27.06,14.36,103.36,22.75,0.58,258.2,0.73,11.91,2025,Siltara,Hourly,0,0
2025-01-05 13:30:00,12.85,29.74,26.71,14.24,103.36,22.75,0.83,221.4,0.75,11.9,2025,Siltara,Hourly,0,0
2025-01-05 13:45:00,12.33,27.94,25.35,7.29,103.36,22.75,0.41,183.55,0.74,11.9,2025,Siltara,Hourly,0,0
2025-01-05 14:00:00,11.74,29.46,25.68,12.42,94.84,22.79,0.57,129.21,0.76,11.91,2025,Siltara,Hourly,0,0
2025-01-05 14:15:00,11.29,30.26,25.74,3.49,85.52,22.83,0.65,226.04,0.74,11.9,2025,Siltara,Hourly,0,0
2025-01-05 14:30:00,10.82,30.37,25.42,11.76,85.52,22.83,0.48,279.21,0.78,11.91,2025,Siltara,Hourly,0,0
2025-01-05 14:45:00,10.37,29.61,24.66,14.11,85.52,22.83,0.87,215.39,0.81,11.89,2025,Siltara,Hourly,0,0
2025-01-05 15:00:00,9.5,27.35,22.78,18.28,75.76,23.63,0.44,284.96,0.85,11.9,2025,Siltara,Hourly,0,0
2025-01-05 15:15:00,8.74,27.13,22.06,18.85,64.61,24.54,0.51,77.37,0.81,11.9,2025,Siltara,Hourly,0,0
2025-01-05 15:30:00,7.84,27.35,21.45,20.06,64.61,24.54,0.63,203.02,0.82,11.91,2025,Siltara,Hourly,0,0
2025-01-05 15:45:00,7.15,27.38,20.91,22.17,64.61,24.54,0.65,172.83,0.83,11.91,2025,Siltara,Hourly,0,0
2025-01-05 16:00:00,6.78,28.75,21.33,21.64,71.34,24.3,0.39,189.26,0.76,11.91,2025,Siltara,Hourly,0,0
2025-01-05 16:15:00,6.6,28.08,20.84,22.97,79.03,24.03,0.57,49.61,0.8,11.91,2025,Siltara,Hourly,0,0
2025-01-05 16:30:00,6.87,29.22,21.65,20.57,79.03,24.03,2.48,308.71,0.8,11.9,2025,Siltara,Hourly,0,0
2025-01-05 16:45:00,7.13,29.52,22.02,14.1,79.03,24.03,3.27,322.71,0.73,11.9,2025,Siltara,Hourly,0,0
2025-01-05 17:00:00,6.4,28.86,21.08,12.01,0.0,31.3,7.59,0.0,0.62,11.91,2025,Siltara,Hourly,0,0
2025-01-05 17:15:00,6.273333333333333,28.531666666666666,20.801666666666666,11.251666666666667,38.921818181818175,31.224545454545456,7.0,8.927272727272728,0.600909090909091,11.909285714285714,2025,Siltara,Hourly,1,20
2025-01-05 17:30:00,6.1466666666666665,28.203333333333333,20.523333333333333,10.493333333333332,77.84363636363635,31.14909090909091,6.41,17.854545454545455,0.5818181818181818,11.90857142857143,2025,Siltara,Hourly,1,20
2025-01-05 17:45:00,6.0200000000000005,27.875,20.244999999999997,9.735,116.76545454545453,31.073636363636364,5.82,26.781818181818185,0.5627272727272727,11.907857142857143,2025,Siltara,Hourly,1,20
2025-01-05 18:00:00,,,,,,,,,,,2025,Siltara,Hourly,1,20
2025-01-05 18:15:00,,,,,,,,,,,2025,Siltara,Hourly,1,20
2025-01-05 18:30:00,,,,,,,,,,,2025,Siltara,Hourly,1,20
2025-01-05 18:45:00,,,,,,,,,,,2025,Siltara,Hourly,1,20
2025-01-05 19:00:00,,,,,,,,,,,2025,Siltara,Hourly,1,20
2025-01-05 19:15:00,,,,,,,,,,,2025,Siltara,Hourly,1,20
2025-01-05 19:30:00,,,,,,,,,,,2025,Siltara,Hourly,1,20
2025-01-05 19:45:00,,,,,428.14,30.47,1.1,98.2,0.41,,2025,Siltara,Hourly,1,20
2025-01-05 20:00:00,4.88,24.92,17.74,2.91,345.1,25.39,0.9,196.81,0.33,,2025,Siltara,Hourly,1,20
2025-01-05 20:15:00,5.76,28.83,20.56,2.2350000000000003,262.06,22.205000000000002,1.47,211.45,0.38,,2025,Siltara,Hourly,1,20
2025-01-05 20:30:00,5.77,30.58,21.47,1.56,179.01999999999998,19.02,1.95,210.45,0.31,11.9,2025,Siltara,Hourly,1,20
2025-01-05 20:45:00,5.53,29.42,20.68,1.58,,15.835,1.03,195.44,0.4,11.89,2025,Siltara,Hourly,1,20
2025-01-05 21:00:00,5.58,28.84,20.41,1.6,12.94,12.65,1.11,205.59,0.32,11.89,2025,Siltara,Hourly,1,20
2025-01-05 21:15:00,5.66,28.26,20.18,1.62,27.72,27.11,1.31,201.98,0.27,11.9,2025,Siltara,Hourly,1,20
2025-01-05 21:30:00,5.59,27.51,19.74,,27.72,27.11,1.3,210.19,0.26,11.89,2025,Siltara,Hourly,1,20
2025-01-05 21:45:00,5.63,27.11,19.56,,27.72,27.11,1.48,213.66,0.3,11.89,2025,Siltara,Hourly,1,20
2025-01-05 22:00:00,5.69,27.02,19.55,,33.7,24.32,1.09,209.4,0.34,11.9,2025,Siltara,Hourly,1,20
2025-01-05 22:15:00,5.8,26.8,19.53,1.7,40.53,21.12,1.22,212.77,0.32,11.9,2025,Siltara,Hourly,0,0
2025-01-05 22:30:00,6.07,26.56,19.61,3.76,40.53,21.12,0.85,212.1,0.39,11.89,2025,Siltara,Hourly,0,0
2025-01-05 22:45:00,6.23,26.42,19.67,3.49,40.53,21.12,0.88,205.74,0.37,11.89,2025,Siltara,Hourly,0,0
2025-01-05 23:00:00,6.32,26.11,19.58,3.0,32.75,19.5,0.75,236.36,0.34,11.9,2025,Siltara,Hourly,0,0
2025-01-05 23:15:00,6.58,25.64,19.54,2.91,23.86,17.65,1.03,234.49,0.34,11.9,2025,Siltara,Hourly,0,0
2025-01-05 23:30:00,6.91,23.21,18.54,2.46,23.86,17.65,0.11,226.76,0.32,11.9,2025,Siltara,Hourly,0,0
2025-01-05 23:45:00,7.37,23.76,19.2,1.48,23.86,17.65,0.18,171.4,0.31,11.9,2025,Siltara,Hourly,0,0
2025-01-06 00:15:00,14.47,7.72,16.52,11.57,155.44,76.97,1.25,6.74,0.81,11.9,2025,Siltara,Hourly,0,0
2025-01-06 00:30:00,14.8,8.27,17.06,12.02,409.29,92.67,1.13,7.88,0.73,11.91,2025,Siltara,Hourly,0,0
2025-01-06 00:45:00,14.82,8.03,16.95,11.22,409.29,92.67,0.53,23.11,0.71,11.91,2025,Siltara,Hourly,0,0
2025-01-06 01:00:00,14.75,7.83,16.79,9.2,409.29,92.67,0.17,201.7,0.66,11.91,2025,Siltara,Hourly,0,0
2025-01-06 01:15:00,14.73,7.75,16.73,8.54,42.89,54.77,0.24,203.12,0.65,11.91,2025,Siltara,Hourly,0,0
2025-01-06 01:30:00,14.93,7.8,16.92,7.63,42.89,24.04,0.18,229.26,0.64,11.9,2025,Siltara,Hourly,0,0
2025-01-06 01:45:00,15.62,7.1,17.11,7.55,42.89,24.04,0.33,200.67,0.56,11.9,2025,Siltara,Hourly,0,0
2025-01-06 02:00:00,16.68,6.33,17.56,6.76,42.89,24.04,0.38,216.94,0.62,11.9,2025,Siltara,Hourly,0,0
2025-01-06 02:15:00,17.88,6.24,18.47,3.34,68.33,24.62,0.2,219.89,0.64,11.9,2025,Siltara,Hourly,0,0
2025-01-06 02:30:00,18.74,6.77,19.44,5.73,103.16,25.1,0.25,211.04,0.64,11.9,2025,Siltara,Hourly,0,0
2025-01-06 02:45:00,19.3,6.76,19.88,5.54,103.16,25.1,0.4,216.47,0.66,11.91,2025,Siltara,Hourly,0,0
2025-01-06 03:00:00,19.61,6.61,20.05,5.56,103.16,25.1,0.38,205.24,0.71,11.91,2025,Siltara,Hourly,0,0
2025-01-06 03:15:00,19.77,6.54,20.14,5.79,105.99,41.63,0.34,212.23,0.68,11.91,2025,Siltara,Hourly,0,0
2025-01-06 03:30:00,19.89,6.81,20.38,5.07,109.86,55.03,0.29,206.91,0.66,11.9,2025,Siltara,Hourly,0,0
2025-01-06 03:45:00,19.98,6.91,20.5,5.45,109.86,55.03,0.28,219.08,0.61,11.9,2025,Siltara,Hourly,0,0
2025-01-06 04:00:00,20.0,6.76,20.45,4.98,109.86,55.03,0.25,220.51,0.67,11.9,2025,Siltara,Hourly,0,0
2025-01-06 04:15:00,20.2,6.57,20.5,4.45,114.73,63.18,0.36,216.8,0.66,11.91,2025,Siltara,Hourly,0,0
2025-01-06 04:30:00,20.55,8.51,21.8,5.22,121.7,69.78,0.49,224.03,0.72,11.9,2025,Siltara,Hourly,0,0
2025-01-06 04:45:00,21.06,9.91,22.94,4.95,121.7,69.78,0.63,218.91,0.73,11.91,2025,Siltara,Hourly,0,0
2025-01-06 05:00:00,21.81,9.77,23.47,5.67,121.7,69.78,0.88,219.88,0.77,11.91,2025,Siltara,Hourly,0,0
2025-01-06 05:15:00,22.92,9.58,24.26,5.4,121.7,101.66,0.89,220.3,0.78,11.92,2025,Siltara,Hourly,0,0
2025-01-06 05:30:00,23.43,9.58,24.67,6.4,216.17,127.5,0.69,223.43,0.78,11.91,2025,Siltara,Hourly,0,0
2025-01-06 05:45:00,23.36,9.26,24.45,6.27,216.17,127.5,0.35,235.4,0.78,11.91,2025,Siltara,Hourly,0,0
2025-01-06 06:00:00,23.17,9.43,24.38,5.73,216.17,127.5,0.45,226.35,0.8,11.9,2025,Siltara,Hourly,0,0
2025-01-06 06:15:00,23.09,9.45,24.33,3.88,116.09,103.7,0.76,224.0,0.81,11.9,2025,Siltara,Hourly,0,0
2025-01-06 06:30:00,23.21,9.28,24.33,7.39,116.09,52.69,0.88,221.77,0.81,11.9,2025,Siltara,Hourly,0,0
2025-01-06 06:45:00,23.25,9.26,24.36,7.83,116.09,52.69,0.44,227.45,0.85,11.91,2025,Siltara,Hourly,0,0
2025-01-06 07:00:00,23.57,9.17,24.57,8.5,116.09,52.69,0.45,213.31,0.85,11.91,2025,Siltara,Hourly,0,0
2025-01-06 07:15:00,24.16,9.34,25.13,9.77,116.09,95.13,0.55,221.79,0.87,11.91,2025,Siltara,Hourly,0,0
2025-01-06 07:30:00,24.81,9.15,25.55,11.56,208.9,129.54,0.56,215.38,0.86,11.92,2025,Siltara,Hourly,0,0
2025-01-06 07:45:00,25.35,7.92,25.34,16.3,208.9,129.54,0.56,221.76,0.84,11.9,2025,Siltara,Hourly,0,0
2025-01-06 08:00:00,25.28,6.57,24.57,14.37,208.9,129.54,0.87,220.51,0.84,11.91,2025,Siltara,Hourly,0,0
2025-01-06 08:15:00,24.82,6.92,24.39,12.49,136.96,123.44,0.42,238.51,0.8,11.9,2025,Siltara,Hourly,0,0
2025-01-06 08:30:00,24.29,7.11,24.07,11.67,136.96,118.5,0.6,232.85,0.78,11.91,2025,Siltara,Hourly,0,0
2025-01-06 08:45:00,23.76,6.33,23.23,14.35,136.96,118.5,0.44,256.18,0.76,11.9,2025,Siltara,Hourly,0,0
2025-01-06 09:00:00,23.09,6.68,22.88,14.26,136.96,118.5,0.56,241.91,0.7,11.91,2025,Siltara,Hourly,0,0
2025-01-06 09:15:00,22.33,6.53,22.19,12.65,132.67,123.75,0.49,253.72,0.74,11.91,2025,Siltara,Hourly,0,0
2025-01-06 09:30:00,21.59,7.06,21.87,14.1,126.79,128.02,0.48,239.03,0.71,11.91,2025,Siltara,Hourly,0,0
2025-01-06 09:45:00,20.91,6.09,20.82,15.47,126.79,128.02,0.52,253.05,0.7,11.91,2025,Siltara,Hourly,0,0
2025-01-06 10:00:00,19.92,6.95,20.48,12.76,126.79,128.02,0.41,260.59,0.68,11.9,2025,Siltara,Hourly,0,0
2025-01-06 10:15:00,19.26,5.95,19.43,4.35,123.85,119.4,0.57,242.08,0.68,11.9,2025,Siltara,Hourly,0,0
2025-01-06 10:30:00,18.37,7.49,19.52,11.44,119.81,112.4,0.59,311.63,0.71,11.9,2025,Siltara,Hourly,0,0
2025-01-06 10:45:00,17.79,7.6,19.11,15.68,119.81,112.4,0.5,252.23,0.64,11.91,2025,Siltara,Hourly,0,0
2025-01-06 11:00:00,17.14,7.57,18.57,16.17,119.81,112.4,0.53,258.54,0.62,11.91,2025,Siltara,Hourly,0,0
2025-01-06 11:15:00,16.5,7.48,18.01,14.38,122.37,118.0,0.65,241.55,0.56,11.91,2025,Siltara,Hourly,0,0
2025-01-06 11:30:00,15.97,7.59,17.64,13.56,125.87,122.54,0.96,227.58,0.57,11.91,2025,Siltara,Hourly,0,0
2025-01-06 11:45:00,15.33,7.6,17.14,13.68,125.87,122.54,1.07,231.39,0.56,11.9,2025,Siltara,Hourly,0,0
2025-01-06 12:00:00,14.64,7.43,16.49,11.83,125.87,122.54,0.89,244.35,0.54,11.9,2025,Siltara,Hourly,0,0
2025-01-06 12:15:00,14.06,7.36,15.99,11.25,142.2,120.73,1.04,235.77,0.5,11.9,2025,Siltara,Hourly,0,0
2025-01-06 12:30:00,13.55,7.86,15.85,11.48,164.53,116.87,1.08,232.79,0.5,11.9,2025,Siltara,Hourly,0,0
2025-01-06 12:45:00,13.02,7.87,15.43,12.97,164.53,116.87,0.98,235.9,0.46,11.91,2025,Siltara,Hourly,0,0
2025-01-06 13:00:00,12.64,7.78,15.07,13.85,164.53,116.87,0.77,233.88,0.48,11.9,2025,Siltara,Hourly,0,0
2025-01-06 13:15:00,12.21,7.81,14.75,15.0,160.48,115.88,0.78,245.09,0.42,11.9,2025,Siltara,Hourly,0,0
2025-01-06 13:30:00,11.94,7.65,14.45,14.43,154.93,115.08,0.9,232.54,0.42,11.9,2025,Siltara,Hourly,0,0
2025-01-06 13:45:00,11.86,6.87,13.97,8.96,154.93,115.08,0.99,229.23,0.42,11.9,2025,Siltara,Hourly,0,0
2025-01-06 14:00:00,11.98,5.97,13.6,15.41,154.93,115.08,0.87,231.03,0.38,11.91,2025,Siltara,Hourly,0,0
2025-01-06 14:15:00,12.01,7.18,14.25,7.69,142.09,114.28,0.91,235.63,0.41,11.91,2025,Siltara,Hourly,0,0
2025-01-06 14:30:00,11.93,5.89,13.52,14.88,124.53,113.63,1.12,228.34,0.39,11.9,2025,Siltara,Hourly,0,0
2025-01-06 14:45:00,11.64,6.47,13.59,11.84,124.53,113.63,0.86,232.52,0.4,11.9,2025,Siltara,Hourly,0,0
2025-01-06 15:00:00,11.42,6.81,13.59,14.33,124.53,113.63,1.09,236.5,0.36,11.9,2025,Siltara,Hourly,0,0
2025-01-06 15:15:00,11.22,5.97,13.0,12.21,118.29,108.95,0.93,240.17,0.36,11.9,2025,Siltara,Hourly,0,0
2025-01-06 15:30:00,11.1,7.54,13.72,13.17,109.75,105.16,1.16,233.92,0.37,11.89,2025,Siltara,Hourly,0,0
2025-01-06 15:45:00,11.06,6.05,12.9,15.14,109.75,105.16,1.11,228.66,0.37,11.9,2025,Siltara,Hourly,0,0
2025-01-06 16:00:00,11.09,7.62,13.75,15.08,109.75,105.16,0.75,234.81,0.39,11.9,2025,Siltara,Hourly,0,0
2025-01-06 16:15:00,11.27,6.63,13.38,22.28,125.46,108.91,0.96,227.32,0.41,11.9,2025,Siltara,Hourly,0,0
2025-01-06 16:30:00,11.35,9.69,15.04,21.44,146.96,111.95,0.79,233.71,0.41,11.9,2025,Siltara,Hourly,0,0
2025-01-06 16:45:00,11.29,10.26,15.29,28.23,146.96,111.95,1.23,228.51,0.4,11.9,2025,Siltara,Hourly,0,0
2025-01-06 17:00:00,11.09,10.43,15.22,29.34,146.96,111.95,0.7,229.28,0.39,11.91,2025,Siltara,Hourly,0,0
2025-01-06 17:15:00,11.04,10.09,15.0,29.3,151.13,113.96,0.66,236.6,0.41,11.91,2025,Siltara,Hourly,0,0
2025-01-06 17:30:00,11.0,10.1,14.97,38.43,156.84,115.6,0.87,229.53,0.42,11.9,2025,Siltara,Hourly,0,0
2025-01-06 17:45:00,11.0,9.77,14.8,30.84,156.84,115.6,0.74,230.58,0.45,11.9,2025,Siltara,Hourly,0,0
2025-01-06 18:00:00,10.95,9.84,14.8,29.56,156.84,115.6,0.94,226.9,0.45,11.9,2025,Siltara,Hourly,0,0
2025-01-06 18:15:00,10.96,9.87,14.82,16.3,157.08,110.26,0.96,229.68,0.5,11.9,2025,Siltara,Hourly,0,0
2025-01-06 18:30:00,11.02,10.13,15.01,41.03,157.42,98.83,1.25,224.8,0.47,11.9,2025,Siltara,Hourly,0,0
2025-01-06 18:45:00,10.93,10.07,14.9,28.96,157.42,98.83,1.38,224.29,0.44,11.89,2025,Siltara,Hourly,0,0
2025-01-06 19:00:00,10.8,9.66,14.58,21.17,157.42,98.83,1.38,223.73,0.42,11.9,2025,Siltara,Hourly,0,0
2025-01-06 19:15:00,10.59,9.81,14.49,16.44,140.76,89.22,1.27,223.58,0.41,11.91,2025,Siltara,Hourly,0,0
2025-01-06 19:30:00,10.67,9.52,14.4,20.51,117.96,81.44,1.17,223.42,0.45,11.92,2025,Siltara,Hourly,0,0
2025-01-06 19:45:00,10.94,7.99,13.82,29.96,117.96,81.44,1.23,221.54,0.49,11.91,2025,Siltara,Hourly,0,0
2025-01-06 20:00:00,11.23,8.74,14.44,25.49,117.96,81.44,1.27,219.65,0.51,11.9,2025,Siltara,Hourly,0,0
2025-01-06 20:15:00,11.55,8.7,14.68,25.74,115.07,72.87,1.01,219.64,0.53,11.91,2025,Siltara,Hourly,0,0
2025-01-06 20:30:00,11.83,8.7,14.9,22.42,111.12,65.93,0.95,223.6,0.48,11.9,2025,Siltara,Hourly,0,0
2025-01-06 20:45:00,11.99,8.66,15.01,18.32,111.12,65.93,1.06,223.02,0.5,11.89,2025,Siltara,Hourly,0,0
2025-01-06 21:00:00,12.11,8.71,15.13,16.91,111.12,65.93,1.2,223.34,0.53,11.89,2025,Siltara,Hourly,0,0
2025-01-06 21:15:00,12.29,8.76,15.31,15.93,115.1,78.18,1.33,221.52,0.56,11.9,2025,Siltara,Hourly,0,0
2025-01-06 21:30:00,12.49,8.83,15.5,15.88,120.55,88.11,1.0,224.01,0.56,11.91,2025,Siltara,Hourly,0,0
2025-01-06 21:45:00,12.63,8.92,15.67,18.53,120.55,88.11,1.14,221.63,0.57,11.91,2025,Siltara,Hourly,0,0
2025-01-06 22:00:00,12.88,8.97,15.89,21.51,120.55,88.11,1.15,222.48,0.53,11.91,2025,Siltara,Hourly,0,0
2025-01-06 22:15:00,13.07,9.43,16.28,8.75,124.19,85.43,1.11,223.09,0.55,11.92,2025,Siltara,Hourly,0,0
2025-01-06 22:30:00,13.28,10.33,16.92,16.81,129.17,83.31,1.05,217.92,0.55,11.91,2025,Siltara,Hourly,0,0
2025-01-06 22:45:00,13.43,10.47,17.11,19.93,129.17,83.31,0.97,218.93,0.57,11.91,2025,Siltara,Hourly,0,0
2025-01-06 23:00:00,13.58,10.5,17.25,19.85,129.17,83.31,0.99,221.04,0.58,11.9,2025,Siltara,Hourly,0,0
2025-01-06 23:15:00,13.8,10.51,17.43,18.4,126.42,82.32,1.03,222.92,0.58,11.9,2025,Siltara,Hourly,0,0
2025-01-06 23:30:00,14.14,10.53,17.71,18.37,122.65,81.52,1.14,221.62,0.6,11.9,2025,Siltara,Hourly,0,0
2025-01-06 23:45:00,14.39,10.3,17.8,16.89,122.65,81.52,0.69,229.6,0.61,11.9,2025,Siltara,Hourly,0,0
2025-01-07 00:15:00,42.3,16.92,43.54,3.63,105.022,8.11,0.76,230.51,0.44,11.882916666666667,2025,Siltara,Hourly,1,46
2025-01-07 00:30:00,43.11666666666667,13.580000000000002,42.48,3.8175,96.208,11.41,0.8,231.20333333333332,0.47333333333333333,11.874375,2025,Siltara,Hourly,1,46
2025-01-07 00:45:00,43.93333333333333,10.24,41.42,4.005,87.394,14.71,0.84,231.89666666666668,0.5066666666666667,11.865833333333335,2025,Siltara,Hourly,1,46
2025-01-07 01:00:00,44.75,6.9,40.36,4.1925,78.58,18.01,0.88,232.59,0.54,,2025,Siltara,Hourly,1,46
2025-01-07 01:15:00,45.74,17.48,46.69,4.38,78.58,18.66,0.94,230.76,0.43,,2025,Siltara,Hourly,1,46
2025-01-07 01:30:00,43.29333333333334,16.713333333333335,44.32666666666667,4.319999999999999,77.21666666666667,13.77,0.8933333333333333,226.57999999999998,0.4633333333333333,,2025,Siltara,Hourly,1,46
2025-01-07 01:45:00,40.846666666666664,15.946666666666667,41.96333333333333,4.26,75.85333333333332,8.879999999999999,0.8466666666666667,222.4,0.4966666666666667,,2025,Siltara,Hourly,1,46
2025-01-07 02:00:00,38.4,15.18,39.6,4.199999999999999,74.49,3.99,0.8,218.22,0.53,,2025,Siltara,Hourly,1,46
2025-01-07 02:15:00,44.84,18.72,46.61,4.14,74.49,3.08,0.84,216.13,0.42,,2025,Siltara,Hourly,1,46
2025-01-07 02:30:00,44.64333333333334,17.596666666666664,45.86666666666667,6.503333333333333,75.16499999999999,3.08,0.94,218.98000000000002,0.32999999999999996,,2025,Siltara,Hourly,1,46
2025-01-07 02:45:00,44.446666666666665,16.473333333333333,45.123333333333335,8.866666666666667,75.84,3.08,1.04,221.83,0.24,,2025,Siltara,Hourly,1,46
2025-01-07 03:00:00,44.25,15.35,44.38,11.23,70.96,17.8,0.76,234.1,0.4,,2025,Siltara,Hourly,1,46
2025-01-07 03:15:00,44.13,17.14,45.22,3.3,70.52666666666666,17.8,0.59,234.61,0.29,,2025,Siltara,Hourly,1,46
2025-01-07 03:30:00,44.00333333333334,16.61,44.843333333333334,6.463333333333333,70.09333333333333,17.8,0.78,228.685,0.28,,2025,Siltara,Hourly,1,46
2025-01-07 03:45:00,43.876666666666665,16.080000000000002,44.46666666666667,9.626666666666665,69.66,17.8,0.97,222.76,0.27,,2025,Siltara,Hourly,1,46
2025-01-07 04:00:00,43.75,15.55,44.09,12.79,83.18,6.73,0.8,223.95,0.42,,2025,Siltara,Hourly,1,46
2025-01-07 04:15:00,45.67,17.38,46.58,3.38,83.18,6.73,0.68,227.09,0.32,,2025,Siltara,Hourly,1,46
2025-01-07 04:30:00,45.70333333333333,17.82,46.836666666666666,6.816666666666666,84.22,6.73,0.69,230.73,0.30000000000000004,,2025,Siltara,Hourly,1,46
2025-01-07 04:45:00,45.73666666666667,18.259999999999998,47.093333333333334,10.253333333333332,85.26,6.73,0.7,234.37,0.28,,2025,Siltara,Hourly,1,46
2025-01-07 05:00:00,45.77,18.7,47.35,13.69,168.32,35.89,0.96,222.93,0.57,,2025,Siltara,Hourly,1,46
2025-01-07 05:15:00,47.53,18.68,48.75,3.71,170.65666666666667,35.89,0.83,223.74,0.5,,2025,Siltara,Hourly,1,46
2025-01-07 05:30:00,48.373333333333335,18.46,49.3,3.763333333333333,172.99333333333334,35.89,0.94,220.00500000000002,0.47,,2025,Siltara,Hourly,1,46
2025-01-07 05:45:00,49.21666666666667,18.24,49.85,3.816666666666667,175.33,35.89,1.05,216.27,0.44,,2025,Siltara,Hourly,1,46
2025-01-07 06:00:00,50.06,18.02,50.4,3.87,87.84,48.16,0.86,226.63,0.56,,2025,Siltara,Hourly,1,46
2025-01-07 06:15:00,51.55,19.64,52.48,3.46,87.84,48.16,1.03,222.07,0.51,,2025,Siltara,Hourly,1,46
2025-01-07 06:30:00,52.55,19.64,53.28,3.4033333333333333,84.15,48.16,0.8400000000000001,231.595,0.445,,2025,Siltara,Hourly,1,46
2025-01-07 06:45:00,53.55,19.64,54.08,3.3466666666666667,80.46,48.16,0.65,241.12,0.38,,2025,Siltara,Hourly,1,46
2025-01-07 07:00:00,54.55,19.64,54.88,3.29,127.06,44.47,0.67,230.67,0.55,,2025,Siltara,Hourly,1,46
2025-01-07 07:15:00,54.16,20.96,55.25,3.21,127.06,44.47,0.57,211.57,0.51,,2025,Siltara,Hourly,1,46
2025-01-07 07:30:00,54.46,19.526666666666667,54.74333333333333,6.083333333333334,129.025,44.47,0.635,217.7,0.42500000000000004,,2025,Siltara,Hourly,1,46
2025-01-07 07:45:00,54.76,18.093333333333334,54.236666666666665,8.956666666666667,130.99,44.47,0.7,223.83,0.34,,2025,Siltara,Hourly,1,46
2025-01-07 08:00:00,55.06,16.66,53.73,11.83,160.21,9.84,0.75,219.14,0.37,,2025,Siltara,Hourly,1,46
2025-01-07 08:15:00,54.74,18.07,54.21,4.27,144.5175,9.84,0.37,224.84,0.26,,2025,Siltara,Hourly,1,46
2025-01-07 08:30:00,54.105000000000004,17.86,53.58,4.012499999999999,128.825,12.58,0.49,222.70666666666668,0.26333333333333336,,2025,Siltara,Hourly,1,46
2025-01-07 08:45:00,53.47,17.65,52.95,3.755,113.1325,15.32,0.61,220.57333333333332,0.26666666666666666,,2025,Siltara,Hourly,1,46
2025-01-07 09:00:00,52.835,17.44,52.32,3.4975,97.44,18.06,0.73,218.44,0.27,,2025,Siltara,Hourly,1,46
2025-01-07 09:15:00,52.2,17.23,51.69,3.24,97.44,21.34,0.76,227.83,0.54,,2025,Siltara,Hourly,1,46
2025-01-07 09:30:00,51.938,17.156,51.437999999999995,3.748,75.7175,18.035,0.8025,229.01500000000001,0.525,,2025,Siltara,Hourly,1,46
2025-01-07 09:45:00,51.676,17.082,51.186,4.256,53.995,14.73,0.845,230.2,0.51,,2025,Siltara,Hourly,1,46
2025-01-07 10:00:00,51.414,17.008,50.934,4.764,32.272499999999994,11.425,0.8875000000000001,231.385,0.495,,2025,Siltara,Hourly,1,46
2025-01-07 10:15:00,,,,,10.55,8.12,0.93,232.57,0.48,,2025,Siltara,Hourly,1,46
2025-01-07 10:30:00,50.89,16.86,50.43,5.78,10.55,6.95,1.07,226.44,0.49,,2025,Siltara,Hourly,1,46
2025-01-07 10:45:00,38.7475,14.01,39.2175,5.205,8.476666666666667,5.633333333333334,1.05,226.62666666666667,0.42666666666666664,,2025,Siltara,Hourly,1,46
2025-01-07 11:00:00,26.605,11.16,28.005,4.63,6.403333333333333,4.316666666666666,1.03,226.81333333333333,0.3633333333333333,,2025,Siltara,Hourly,1,46
2025-01-07 11:15:00,14.462500000000006,8.31,16.792499999999997,4.055,4.33,3.0,1.01,227.0,0.3,,2025,Siltara,Hourly,1,46
2025-01-07 11:30:00,2.32,5.46,5.58,3.48,6.76,2.39,1.2,225.49,0.29,,2025,Siltara,Hourly,1,46
2025-01-07 11:45:00,2.02,10.64,8.06,6.44,6.76,2.39,1.06,225.96,0.25,11.49,2025,Siltara,Hourly,0,0
2025-01-07 12:00:00,2.0,11.36,8.41,9.75,64.2,16.29,0.87,228.88,0.26,11.48,2025,Siltara,Hourly,0,0
2025-01-07 12:15:00,2.0,14.12,9.85,17.87,69.04,16.29,1.02,227.9,0.24,11.49,2025,Siltara,Hourly,0,0
2025-01-07 12:30:00,2.0,10.86,8.15,16.43,69.04,16.29,0.84,234.07,0.24,11.5,2025,Siltara,Hourly,0,0
2025-01-07 12:45:00,2.0,12.65,9.09,13.28,69.04,16.29,1.01,230.49,0.28,11.5,2025,Siltara,Hourly,0,0
2025-01-07 13:00:00,2.0,15.99,10.83,15.74,64.725,16.2,1.17,238.18,0.24,11.5,2025,Siltara,Hourly,1,2
2025-01-07 13:15:00,2.225,11.525,8.68,9.57,60.41,16.2,1.0,233.92,0.43,0.0,2025,Siltara,Hourly,1,2
2025-01-07 13:30:00,2.45,7.06,6.53,3.4,60.41,16.2,0.88,240.22,0.49,11.54,2025,Siltara,Hourly,0,0
2025-01-07 13:45:00,4.31,10.5,9.82,9.8,60.41,16.2,0.93,241.28,0.5,11.51,2025,Siltara,Hourly,0,0
2025-01-07 14:00:00,4.84,10.03,9.99,9.78,69.93,17.3,1.07,238.74,0.54,11.5,2025,Siltara,Hourly,0,0
2025-01-07 14:15:00,7.12,12.08,12.89,6.44,70.73,17.3,0.83,247.86,0.55,11.5,2025,Siltara,Hourly,0,0
2025-01-07 14:30:00,8.75,10.41,13.33,12.76,70.73,17.3,0.85,252.39,0.54,11.5,2025,Siltara,Hourly,0,0
2025-01-07 14:45:00,9.7,10.1,13.93,14.1,70.73,17.3,0.87,251.93,0.61,11.5,2025,Siltara,Hourly,0,0
2025-01-07 15:00:00,9.53,11.63,14.59,15.7,100.36,18.36,1.0,243.01,0.57,11.49,2025,Siltara,Hourly,0,0
2025-01-07 15:15:00,7.82,10.61,12.69,17.13,102.86,18.36,1.09,237.77,0.55,11.49,2025,Siltara,Hourly,0,0
2025-01-07 15:30:00,7.2,10.51,12.13,11.63,102.86,18.36,0.98,242.25,0.57,11.49,2025,Siltara,Hourly,0,0
2025-01-07 15:45:00,8.23,9.94,12.66,10.74,102.86,18.36,0.84,246.02,0.58,11.5,2025,Siltara,Hourly,0,0
2025-01-07 16:00:00,10.07,10.17,14.26,11.28,88.13,12.67,1.02,254.9,0.59,11.49,2025,Siltara,Hourly,0,0
2025-01-07 16:15:00,11.46,10.41,15.51,11.19,86.89,12.67,1.05,253.96,0.71,11.49,2025,Siltara,Hourly,0,0
2025-01-07 16:30:00,12.0,11.97,16.75,14.07,86.89,12.67,0.85,245.23,0.67,11.5,2025,Siltara,Hourly,0,0
2025-01-07 16:45:00,12.17,9.17,15.42,10.96,86.89,12.67,0.83,233.93,0.62,11.49,2025,Siltara,Hourly,0,0
2025-01-07 17:00:00,12.61,8.65,15.51,8.84,136.07,14.0,0.99,230.92,0.62,11.49,2025,Siltara,Hourly,0,0
2025-01-07 17:15:00,12.66,8.7,15.57,7.25,140.22,14.0,0.72,235.3,0.62,11.49,2025,Siltara,Hourly,0,0
2025-01-07 17:30:00,13.22,8.4,15.87,6.67,140.22,14.0,0.93,234.57,0.62,11.5,2025,Siltara,Hourly,0,0
2025-01-07 17:45:00,13.75,7.63,15.88,7.22,140.22,14.0,0.89,236.92,0.61,11.5,2025,Siltara,Hourly,0,0
2025-01-07 18:00:00,13.93,7.76,16.1,6.21,85.03,15.72,1.06,226.59,0.63,11.49,2025,Siltara,Hourly,0,0
2025-01-07 18:15:00,14.53,7.71,16.55,4.04,80.37,15.72,0.88,229.96,0.61,11.49,2025,Siltara,Hourly,0,0
2025-01-07 18:30:00,15.21,7.8,17.14,7.26,80.37,15.72,1.14,229.31,0.62,11.5,2025,Siltara,Hourly,0,0
2025-01-07 18:45:00,15.67,7.24,17.22,7.39,80.37,15.72,0.95,230.15,0.61,11.5,2025,Siltara,Hourly,0,0
2025-01-07 19:00:00,15.24,7.23,16.87,6.76,47.67,13.08,1.12,225.03,0.6,11.5,2025,Siltara,Hourly,0,0
2025-01-07 19:15:00,16.22,8.38,18.26,6.34,44.91,13.08,0.86,229.16,0.61,11.5,2025,Siltara,Hourly,0,0
2025-01-07 19:30:00,17.06,8.47,18.97,6.78,44.91,13.08,1.03,221.66,0.62,11.5,2025,Siltara,Hourly,0,0
2025-01-07 19:45:00,17.75,8.09,19.34,6.0,44.91,13.08,1.01,227.23,0.63,11.49,2025,Siltara,Hourly,0,0
2025-01-07 20:00:00,17.95,7.88,19.38,5.69,72.8,15.84,0.75,232.26,0.63,11.5,2025,Siltara,Hourly,0,0
2025-01-07 20:15:00,18.24,7.82,19.59,5.66,75.15,15.84,0.76,220.78,0.64,11.49,2025,Siltara,Hourly,0,0
2025-01-07 20:30:00,18.67,7.82,19.93,5.75,75.15,15.84,0.95,224.35,0.64,11.49,2025,Siltara,Hourly,0,0
2025-01-07 20:45:00,19.53,8.53,20.99,5.58,75.15,15.84,0.83,217.97,0.66,11.49,2025,Siltara,Hourly,0,0
2025-01-07 21:00:00,20.0,8.73,21.47,5.83,86.53,22.34,0.85,221.43,0.66,11.5,2025,Siltara,Hourly,0,0
2025-01-07 21:15:00,20.9,8.71,22.18,7.1,87.5,22.34,0.65,224.25,0.66,11.5,2025,Siltara,Hourly,0,0
2025-01-07 21:30:00,21.77,8.39,22.72,7.68,87.5,22.34,0.73,226.5,0.67,11.49,2025,Siltara,Hourly,0,0
2025-01-07 21:45:00,22.61,8.15,23.26,7.66,87.5,22.34,0.77,221.2,0.69,11.5,2025,Siltara,Hourly,0,0
2025-01-07 22:00:00,23.14,8.33,23.78,6.83,110.7,31.48,0.75,228.56,0.69,11.49,2025,Siltara,Hourly,0,0
2025-01-07 22:15:00,23.16,8.07,23.67,5.72,112.65,31.48,0.73,229.78,0.7,11.49,2025,Siltara,Hourly,0,0
2025-01-07 22:30:00,23.43,8.96,24.34,8.46,112.65,31.48,0.71,226.04,0.7,11.49,2025,Siltara,Hourly,0,0
2025-01-07 22:45:00,24.18,9.25,25.1,8.53,112.65,31.48,0.81,225.69,0.69,11.49,2025,Siltara,Hourly,0,0
2025-01-07 23:00:00,24.84,9.48,25.75,7.36,100.78,31.93,0.62,230.84,0.71,11.5,2025,Siltara,Hourly,0,0
2025-01-07 23:15:00,25.54,10.28,26.73,10.87,99.78,31.93,0.65,231.31,0.71,11.51,2025,Siltara,Hourly,0,0
2025-01-07 23:30:00,26.07,9.68,26.84,10.46,99.78,31.93,0.7,220.38,0.71,11.5,2025,Siltara,Hourly,0,0
2025-01-07 23:45:00,26.06,9.13,26.54,10.14,99.78,31.93,0.79,226.94,0.69,11.5,2025,Siltara,Hourly,0,0
2025-01-08 00:15:00,16.6,5.28,16.94,2.47,47.42,15.03,0.2,192.47,0.24,11.46,2025,Siltara,Hourly,0,0
2025-01-08 00:30:00,16.81,4.59,16.75,2.21,52.43,18.46,0.35,213.24,0.24,11.49,2025,Siltara,Hourly,0,0
2025-01-08 00:45:00,17.1,4.88,17.14,2.83,52.43,18.46,0.32,226.6,0.24,11.49,2025,Siltara,Hourly,0,0
2025-01-08 01:00:00,17.35,4.85,17.32,2.67,52.43,18.46,0.32,213.36,0.24,11.5,2025,Siltara,Hourly,0,0
2025-01-08 01:15:00,17.59,4.86,17.51,3.09,48.9,17.81,0.53,210.26,0.24,11.51,2025,Siltara,Hourly,0,0
2025-01-08 01:30:00,17.73,4.98,17.7,2.81,37.31,15.53,0.31,221.22,0.24,11.5,2025,Siltara,Hourly,0,0
2025-01-08 01:45:00,17.97,4.95,17.87,2.64,37.31,15.53,0.32,223.55,0.24,11.5,2025,Siltara,Hourly,0,0
2025-01-08 02:00:00,18.02,4.82,17.85,3.16,37.31,15.53,0.35,232.87,0.24,11.5,2025,Siltara,Hourly,0,0
2025-01-08 02:15:00,18.27,5.69,18.49,2.88,36.58,15.47,0.46,208.3,0.24,11.5,2025,Siltara,Hourly,0,0
2025-01-08 02:30:00,18.37,5.82,18.65,2.82,34.19,15.27,0.28,206.21,0.24,11.5,2025,Siltara,Hourly,0,0
2025-01-08 02:45:00,18.33,5.76,18.58,1.78,34.19,15.27,0.24,205.09,0.24,11.51,2025,Siltara,Hourly,0,0
2025-01-08 03:00:00,18.41,5.59,18.56,2.09,34.19,15.27,0.17,233.16,0.24,11.5,2025,Siltara,Hourly,0,0
2025-01-08 03:15:00,18.57,5.66,18.73,2.0,38.24,16.45,0.28,215.82,0.24,11.51,2025,Siltara,Hourly,0,0
2025-01-08 03:30:00,18.77,5.78,18.95,1.96,51.54,20.57,0.57,209.15,0.24,11.51,2025,Siltara,Hourly,0,0
2025-01-08 03:45:00,18.98,5.59,19.01,1.19,51.54,20.57,0.49,203.4,0.24,11.51,2025,Siltara,Hourly,0,0
2025-01-08 04:00:00,19.02,5.19,18.84,0.76,51.54,20.57,0.43,196.21,0.24,11.5,2025,Siltara,Hourly,0,0
2025-01-08 04:15:00,19.1,4.81,18.7,2.46,50.82,21.01,0.59,209.65,0.24,11.5,2025,Siltara,Hourly,0,0
2025-01-08 04:30:00,19.23,4.99,18.91,2.88,48.47,22.44,0.64,216.03,0.24,11.5,2025,Siltara,Hourly,0,0
2025-01-08 04:45:00,19.42,5.43,19.28,2.9,48.47,22.44,0.69,220.3,0.24,11.51,2025,Siltara,Hourly,0,0
2025-01-08 05:00:00,19.5,5.13,19.19,2.69,48.47,22.44,0.68,218.57,0.24,11.51,2025,Siltara,Hourly,0,0
2025-01-08 05:15:00,19.51,5.19,19.23,2.51,42.11,20.11,0.67,216.65,0.24,11.51,2025,Siltara,Hourly,0,0
2025-01-08 05:30:00,19.63,5.34,19.41,2.32,21.21,12.44,0.5,215.29,0.24,11.5,2025,Siltara,Hourly,0,0
2025-01-08 05:45:00,19.73,5.15,19.38,2.41,21.21,12.44,0.35,230.35,0.24,11.51,2025,Siltara,Hourly,0,0
2025-01-08 06:00:00,19.94,5.14,19.55,2.72,21.21,12.44,0.29,223.88,0.24,11.5,2025,Siltara,Hourly,0,0
2025-01-08 06:15:00,20.28,4.93,19.71,2.29,27.36,12.31,0.31,228.52,0.24,11.5,2025,Siltara,Hourly,0,0
2025-01-08 06:30:00,20.52,5.15,20.02,2.68,47.56,11.88,0.36,222.36,0.24,11.5,2025,Siltara,Hourly,0,0
2025-01-08 06:45:00,20.67,5.06,20.09,1.86,47.56,11.88,0.31,204.15,0.24,11.5,2025,Siltara,Hourly,0,0
2025-01-08 07:00:00,20.87,5.26,20.36,1.62,47.56,11.88,0.25,208.94,0.24,11.5,2025,Siltara,Hourly,0,0
2025-01-08 07:15:00,21.17,5.8,20.88,1.9,46.66,12.53,0.48,318.63,0.24,11.5,2025,Siltara,Hourly,0,0
2025-01-08 07:30:00,21.6,5.94,21.3,1.63,43.68,14.69,0.18,290.25,0.24,11.51,2025,Siltara,Hourly,0,0
2025-01-08 07:45:00,22.08,6.05,21.74,1.65,43.68,14.69,0.72,330.53,0.24,11.5,2025,Siltara,Hourly,0,0
2025-01-08 08:00:00,22.28,6.1,21.93,2.38,43.68,14.69,0.61,325.72,0.24,11.5,2025,Siltara,Hourly,0,0
2025-01-08 08:15:00,22.51,6.17,22.14,3.32,44.24,14.14,0.73,314.15,0.24,11.51,2025,Siltara,Hourly,0,0
2025-01-08 08:30:00,22.96,6.14,22.49,3.26,46.07,12.31,0.81,327.64,0.24,11.5,2025,Siltara,Hourly,0,0
2025-01-08 08:45:00,23.07,5.71,22.36,2.13,46.07,12.31,0.57,307.17,0.24,11.5,2025,Siltara,Hourly,0,0
2025-01-08 09:00:00,22.99,5.2,22.03,2.12,46.07,12.31,0.86,319.29,0.24,11.5,2025,Siltara,Hourly,0,0
2025-01-08 09:15:00,22.87,5.51,22.09,2.72,48.26,12.51,0.79,314.13,0.24,11.5,2025,Siltara,Hourly,0,0
2025-01-08 09:30:00,23.13,5.99,22.55,2.7,55.48,13.19,0.64,294.0,0.24,11.49,2025,Siltara,Hourly,0,0
2025-01-08 09:45:00,23.15,5.73,22.44,2.52,55.48,13.19,0.54,297.05,0.24,11.5,2025,Siltara,Hourly,0,0
2025-01-08 10:00:00,23.21,6.03,22.64,2.66,55.48,13.19,0.71,288.69,0.24,11.5,2025,Siltara,Hourly,0,0
2025-01-08 10:15:00,23.38,6.03,22.78,2.37,59.83,14.37,0.78,308.27,0.24,11.5,2025,Siltara,Hourly,0,0
2025-01-08 10:30:00,23.69,6.2,23.11,2.8,74.15,18.48,1.08,309.23,0.24,11.5,2025,Siltara,Hourly,0,0
2025-01-08 10:45:00,24.02,6.55,23.56,2.64,74.15,18.48,0.76,292.83,0.24,11.5,2025,Siltara,Hourly,0,0
2025-01-08 11:00:00,23.48,5.94,22.81,1.93,74.15,18.48,0.82,307.57,0.24,11.5,2025,Siltara,Hourly,0,0
2025-01-08 11:15:00,16.15,9.14,18.61,1.84,74.78,16.76,1.24,310.27,0.24,11.51,2025,Siltara,Hourly,0,0
2025-01-08 11:30:00,9.97,11.34,14.79,1.52,76.87,11.1,0.95,311.12,0.24,11.5,2025,Siltara,Hourly,0,0
2025-01-08 11:45:00,7.36,10.87,12.46,1.97,76.87,11.1,0.6,291.85,0.24,11.5,2025,Siltara,Hourly,0,0
2025-01-08 12:00:00,6.75,8.65,10.8,1.57,76.87,11.1,0.85,303.48,0.24,11.5,2025,Siltara,Hourly,0,0
2025-01-08 12:15:00,6.36,8.31,10.32,1.9,78.83,13.02,0.59,286.89,0.24,11.49,2025,Siltara,Hourly,0,0
2025-01-08 12:30:00,6.6,8.26,10.48,2.38,85.28,19.34,0.82,301.05,0.24,11.49,2025,Siltara,Hourly,0,0
2025-01-08 12:45:00,6.97,8.01,10.65,2.27,85.28,19.34,0.75,285.36,0.24,11.49,2025,Siltara,Hourly,0,0
2025-01-08 13:00:00,7.14,8.84,11.22,3.25,85.28,19.34,0.64,291.5,0.24,11.5,2025,Siltara,Hourly,0,0
2025-01-08 13:15:00,7.41,9.44,11.75,3.54,99.84,20.32,1.1,306.7,0.24,11.5,2025,Siltara,Hourly,0,0
2025-01-08 13:30:00,7.31,8.92,11.39,3.75,147.68,23.52,0.66,288.43,0.24,11.5,2025,Siltara,Hourly,0,0
2025-01-08 13:45:00,7.33,7.49,10.66,4.37,147.68,23.52,0.61,266.99,0.24,11.5,2025,Siltara,Hourly,0,0
2025-01-08 14:00:00,6.3,6.77,9.46,4.45,147.68,23.52,0.81,298.73,0.24,11.5,2025,Siltara,Hourly,0,0
2025-01-08 14:15:00,5.24,12.63,11.67,4.33,140.81,23.37,0.9,321.47,0.24,11.51,2025,Siltara,Hourly,0,0
2025-01-08 14:30:00,5.47,18.41,14.88,5.56,118.21,22.88,0.76,317.4,0.24,11.5,2025,Siltara,Hourly,0,0
2025-01-08 14:45:00,6.05,15.49,13.82,5.69,118.21,22.88,0.95,321.18,0.24,11.51,2025,Siltara,Hourly,0,0
2025-01-08 15:00:00,6.63,14.67,13.86,4.62,118.21,22.88,0.5,285.15,0.24,11.5,2025,Siltara,Hourly,0,0
2025-01-08 15:15:00,5.67,12.12,11.75,3.77,125.3,23.14,0.48,287.1,0.24,11.5,2025,Siltara,Hourly,0,0
2025-01-08 15:30:00,5.19,9.12,9.8,2.91,148.6,24.01,0.41,312.44,0.24,11.51,2025,Siltara,Hourly,0,0
2025-01-08 15:45:00,6.02,8.02,9.89,4.54,148.6,24.01,0.38,207.81,0.24,11.51,2025,Siltara,Hourly,0,0
2025-01-08 16:00:00,6.71,6.96,9.89,4.32,148.6,24.01,0.51,213.88,0.24,11.5,2025,Siltara,Hourly,0,0
2025-01-08 16:15:00,7.44,6.0,9.98,3.94,132.69,23.34,0.46,218.99,0.24,11.5,2025,Siltara,Hourly,0,0
2025-01-08 16:30:00,8.17,5.49,10.3,4.09,80.4,21.14,0.31,225.42,0.24,11.5,2025,Siltara,Hourly,0,0
2025-01-08 16:45:00,8.99,5.52,10.96,3.92,80.4,21.14,0.2,259.98,0.24,11.5,2025,Siltara,Hourly,0,0
2025-01-08 17:00:00,9.91,5.15,11.52,3.6,80.4,21.14,0.28,227.32,0.24,11.51,2025,Siltara,Hourly,0,0
2025-01-08 17:15:00,10.64,4.96,12.0,3.3,75.45,20.57,0.2,250.07,0.24,11.49,2025,Siltara,Hourly,0,0
2025-01-08 17:30:00,11.41,5.42,12.86,3.35,60.16,18.72,0.24,249.35,0.24,11.5,2025,Siltara,Hourly,0,0
2025-01-08 17:45:00,12.09,5.9,13.66,3.86,60.16,18.72,1.85,306.09,0.24,11.5,2025,Siltara,Hourly,0,0
2025-01-08 18:00:00,12.52,6.05,14.07,4.44,60.16,18.72,0.36,322.14,0.24,11.51,2025,Siltara,Hourly,0,0
2025-01-08 18:15:00,13.25,6.22,14.75,2.58,61.93,18.33,0.23,45.67,0.24,11.49,2025,Siltara,Hourly,0,0
2025-01-08 18:30:00,14.68,6.52,16.05,2.14,67.72,17.06,0.11,190.07,0.24,11.5,2025,Siltara,Hourly,0,0
2025-01-08 18:45:00,15.99,6.32,16.99,2.08,67.72,17.06,0.24,241.14,0.24,11.5,2025,Siltara,Hourly,0,0
2025-01-08 19:00:00,17.56,6.61,18.41,2.31,67.72,17.06,0.04,305.72,0.24,11.51,2025,Siltara,Hourly,0,0
2025-01-08 19:15:00,19.31,5.96,19.48,1.3,55.55,16.27,0.16,219.34,0.24,11.5,2025,Siltara,Hourly,0,0
2025-01-08 19:30:00,20.71,5.5,20.36,1.64,15.54,13.67,0.29,197.19,0.24,11.51,2025,Siltara,Hourly,0,0
2025-01-08 19:45:00,21.98,5.89,21.58,2.17,15.54,13.67,0.28,200.74,0.24,11.5,2025,Siltara,Hourly,0,0
2025-01-08 20:00:00,22.67,5.92,22.14,1.65,15.54,13.67,0.36,205.4,0.24,11.51,2025,Siltara,Hourly,0,0
2025-01-08 20:15:00,23.39,5.97,22.75,1.41,23.36,13.9,0.36,201.62,0.24,11.5,2025,Siltara,Hourly,0,0
2025-01-08 20:30:00,23.89,5.94,23.13,1.51,49.05,14.67,0.36,217.86,0.24,11.5,2025,Siltara,Hourly,0,0
2025-01-08 20:45:00,24.3,6.03,23.51,1.85,49.05,14.67,0.37,226.58,0.24,11.5,2025,Siltara,Hourly,0,0
2025-01-08 21:00:00,24.85,7.05,24.49,1.58,49.05,14.67,0.42,215.51,0.24,11.51,2025,Siltara,Hourly,0,0
2025-01-08 21:15:00,25.11,6.64,24.48,0.99,54.0,16.16,0.3,226.72,0.24,11.51,2025,Siltara,Hourly,0,0
2025-01-08 21:30:00,24.95,6.45,24.26,1.66,70.26,21.06,0.4,229.95,0.24,11.5,2025,Siltara,Hourly,0,0
2025-01-08 21:45:00,24.81,6.1,23.96,1.2,70.26,21.06,0.49,237.97,0.24,11.5,2025,Siltara,Hourly,0,0
2025-01-08 22:00:00,24.71,6.01,23.83,1.9,70.26,21.06,0.51,212.93,0.24,11.49,2025,Siltara,Hourly,0,0
2025-01-08 22:15:00,24.57,6.09,23.76,3.27,66.24,20.8,0.59,217.29,0.24,11.49,2025,Siltara,Hourly,0,0
2025-01-08 22:30:00,24.66,5.82,23.69,3.09,53.8,19.94,0.56,219.8,0.24,11.5,2025,Siltara,Hourly,0,0
2025-01-08 22:45:00,24.84,5.99,23.92,2.77,53.8,19.94,0.54,217.45,0.24,11.51,2025,Siltara,Hourly,0,0
2025-01-08 23:00:00,24.6,5.65,23.55,2.12,53.8,19.94,0.49,232.15,0.24,11.49,2025,Siltara,Hourly,0,0
2025-01-08 23:15:00,24.3,5.19,23.07,2.91,52.0,19.26,0.55,225.73,0.24,11.5,2025,Siltara,Hourly,0,0
2025-01-08 23:30:00,24.17,5.51,23.14,3.18,46.44,17.02,0.63,214.29,0.24,11.5,2025,Siltara,Hourly,0,0
2025-01-08 23:45:00,24.19,5.74,23.27,2.95,46.44,17.02,0.71,214.21,0.24,11.52,2025,Siltara,Hourly,0,0
2025-01-09 00:15:00,21.46,3.89,20.12,3.75,25.03,10.45,0.73,206.49,0.27,11.49,2025,Siltara,Hourly,0,0
2025-01-09 00:30:00,21.24,3.66,19.82,3.52,26.66,8.94,0.97,210.69,0.25,11.5,2025,Siltara,Hourly,0,0
2025-01-09 00:45:00,20.86,3.31,19.33,3.42,27.7,7.93,0.86,212.66,0.26,11.5,2025,Siltara,Hourly,0,0
2025-01-09 01:00:00,20.27,3.29,18.85,3.31,27.7,7.93,1.02,209.59,0.25,11.5,2025,Siltara,Hourly,0,0
2025-01-09 01:15:00,19.74,3.02,18.29,3.79,27.7,7.93,0.55,216.3,0.26,11.5,2025,Siltara,Hourly,0,0
2025-01-09 01:30:00,19.57,2.75,18.01,4.1,20.62,6.64,0.35,219.0,0.27,11.5,2025,Siltara,Hourly,0,0
2025-01-09 01:45:00,19.17,2.93,17.78,4.58,15.91,5.73,0.26,204.36,0.27,11.5,2025,Siltara,Hourly,0,0
2025-01-09 02:00:00,18.85,3.42,17.78,4.5,15.91,5.73,0.24,220.02,0.26,11.5,2025,Siltara,Hourly,0,0
2025-01-09 02:15:00,18.7,3.82,17.87,5.24,15.91,5.73,0.31,232.33,0.25,11.5,2025,Siltara,Hourly,0,0
2025-01-09 02:30:00,18.93,4.16,18.23,5.83,17.72,7.15,0.26,213.05,0.27,11.5,2025,Siltara,Hourly,0,0
2025-01-09 02:45:00,19.57,4.48,18.91,5.73,18.92,8.09,0.23,205.35,0.3,11.51,2025,Siltara,Hourly,0,0
2025-01-09 03:00:00,20.21,4.7,19.53,5.64,18.92,8.09,0.26,233.54,0.32,11.51,2025,Siltara,Hourly,0,0
2025-01-09 03:15:00,20.55,4.77,19.85,5.63,18.92,8.09,0.36,243.89,0.32,11.51,2025,Siltara,Hourly,0,0
2025-01-09 03:30:00,20.85,4.62,20.01,5.88,22.65,9.15,0.36,219.09,0.32,11.5,2025,Siltara,Hourly,0,0
2025-01-09 03:45:00,21.47,4.24,20.31,5.48,25.14,9.86,0.39,216.91,0.31,11.51,2025,Siltara,Hourly,0,0
2025-01-09 04:00:00,21.64,3.85,20.24,4.7,25.14,9.86,0.3,211.79,0.33,11.5,2025,Siltara,Hourly,0,0
2025-01-09 04:15:00,21.36,3.52,19.84,4.59,25.14,9.86,0.46,206.69,0.32,11.51,2025,Siltara,Hourly,0,0
2025-01-09 04:30:00,20.89,3.38,19.39,5.03,30.81,12.55,0.39,209.64,0.33,11.51,2025,Siltara,Hourly,0,0
2025-01-09 04:45:00,20.91,2.75,19.08,5.48,34.58,14.34,0.33,208.79,0.35,11.5,2025,Siltara,Hourly,0,0
2025-01-09 05:00:00,20.8,2.97,19.1,5.42,34.58,14.34,0.33,215.97,0.34,11.5,2025,Siltara,Hourly,0,0
2025-01-09 05:15:00,20.56,3.28,19.07,6.16,34.58,14.34,0.28,212.05,0.34,11.5,2025,Siltara,Hourly,0,0
2025-01-09 05:30:00,20.38,3.88,19.24,6.38,31.92,12.6,0.33,214.07,0.31,11.5,2025,Siltara,Hourly,0,0
2025-01-09 05:45:00,20.32,3.97,19.24,6.29,30.15,11.44,0.41,207.56,0.3,11.5,2025,Siltara,Hourly,0,0
2025-01-09 06:00:00,20.27,4.16,19.3,6.1,30.15,11.44,0.39,213.24,0.3,11.5,2025,Siltara,Hourly,0,0
2025-01-09 06:15:00,20.35,4.42,19.5,4.89,30.15,11.44,0.32,206.25,0.28,11.5,2025,Siltara,Hourly,0,0
2025-01-09 06:30:00,20.61,4.52,19.76,5.32,27.82,9.88,0.48,204.68,0.29,11.5,2025,Siltara,Hourly,0,0
2025-01-09 06:45:00,21.09,4.43,20.1,5.2,26.27,8.84,0.34,229.46,0.3,11.5,2025,Siltara,Hourly,0,0
2025-01-09 07:00:00,21.91,4.29,20.69,5.09,26.27,8.84,0.33,222.59,0.31,11.5,2025,Siltara,Hourly,0,0
2025-01-09 07:15:00,22.93,3.43,21.05,5.16,26.27,8.84,0.25,237.77,0.4,11.5,2025,Siltara,Hourly,0,0
2025-01-09 07:30:00,23.72,3.17,21.56,6.03,26.16,9.47,0.29,210.39,0.43,11.5,2025,Siltara,Hourly,0,0
2025-01-09 07:45:00,24.78,3.37,22.51,6.12,26.08,9.9,0.18,219.59,0.45,11.5,2025,Siltara,Hourly,0,0
2025-01-09 08:00:00,25.62,3.37,23.18,5.93,26.08,9.9,0.39,207.86,0.47,11.5,2025,Siltara,Hourly,0,0
2025-01-09 08:15:00,25.88,2.99,23.19,6.27,26.08,9.9,0.37,206.62,0.49,11.51,2025,Siltara,Hourly,0,0
2025-01-09 08:30:00,25.92,3.44,23.46,6.22,26.73,8.89,0.42,197.75,0.46,11.5,2025,Siltara,Hourly,0,0
2025-01-09 08:45:00,25.79,4.08,23.69,6.45,27.16,8.22,0.16,219.13,0.44,11.5,2025,Siltara,Hourly,0,0
2025-01-09 09:00:00,25.54,4.37,23.63,6.11,27.16,8.22,0.31,200.44,0.42,11.5,2025,Siltara,Hourly,0,0
2025-01-09 09:15:00,25.54,4.31,23.61,5.96,27.16,8.22,0.32,269.46,0.41,11.51,2025,Siltara,Hourly,0,0
2025-01-09 09:30:00,25.9,4.68,24.09,6.36,29.22,8.99,0.31,254.11,0.41,11.51,2025,Siltara,Hourly,0,0
2025-01-09 09:45:00,26.42,4.69,24.51,6.71,30.6,9.5,0.26,258.13,0.4,11.51,2025,Siltara,Hourly,0,0
2025-01-09 10:00:00,26.96,5.15,25.19,5.95,30.6,9.5,0.27,261.5,0.39,11.5,2025,Siltara,Hourly,0,0
2025-01-09 10:15:00,27.65,4.77,25.54,5.1,30.6,9.5,0.11,262.1,0.37,11.51,2025,Siltara,Hourly,0,0
2025-01-09 10:30:00,27.95,4.07,25.42,4.77,38.0,10.01,0.35,292.72,0.37,11.5,2025,Siltara,Hourly,0,0
2025-01-09 10:45:00,27.89,3.69,25.17,4.34,42.93,10.36,0.35,281.87,0.38,11.5,2025,Siltara,Hourly,0,0
2025-01-09 11:00:00,27.72,3.47,24.92,4.23,42.93,10.36,0.78,314.23,0.39,11.5,2025,Siltara,Hourly,0,0
2025-01-09 11:15:00,27.53,3.55,24.8,3.68,42.93,10.36,0.5,315.18,0.4,11.49,2025,Siltara,Hourly,0,0
2025-01-09 11:30:00,27.34,3.58,24.67,4.28,80.84,10.92,0.62,301.38,0.41,11.5,2025,Siltara,Hourly,0,0
2025-01-09 11:45:00,26.77,3.54,24.19,4.24,106.12,11.29,0.5,325.36,0.4,11.51,2025,Siltara,Hourly,0,0
2025-01-09 12:00:00,26.36,3.79,23.99,5.01,106.12,11.29,0.3,276.51,0.41,11.51,2025,Siltara,Hourly,0,0
2025-01-09 12:15:00,26.21,4.44,24.21,4.78,106.12,11.29,0.36,295.69,0.41,11.5,2025,Siltara,Hourly,0,0
2025-01-09 12:30:00,26.58,4.82,24.7,4.85,130.94,14.1,0.75,2.26,0.4,11.5,2025,Siltara,Hourly,0,0
2025-01-09 12:45:00,26.9,4.86,24.99,4.69,147.03,15.97,1.19,6.01,0.4,11.5,2025,Siltara,Hourly,0,0
2025-01-09 13:00:00,27.11,4.82,25.13,4.79,147.03,15.97,1.26,8.12,0.39,11.5,2025,Siltara,Hourly,0,0
2025-01-09 13:15:00,27.34,4.82,25.31,5.0,147.03,15.97,1.57,8.21,0.38,11.5,2025,Siltara,Hourly,0,0
2025-01-09 13:30:00,27.54,4.57,25.34,4.77,156.53,15.62,1.12,358.17,0.35,11.51,2025,Siltara,Hourly,0,0
2025-01-09 13:45:00,27.4,4.13,25.0,4.05,162.85,15.39,1.02,1.41,0.31,11.5,2025,Siltara,Hourly,0,0
2025-01-09 14:00:00,27.05,3.43,24.36,4.55,162.85,15.39,0.78,17.13,0.36,11.5,2025,Siltara,Hourly,0,0
2025-01-09 14:15:00,26.95,3.14,24.13,4.44,162.85,15.39,1.24,9.01,0.35,11.51,2025,Siltara,Hourly,0,0
2025-01-09 14:30:00,27.06,3.48,24.39,3.92,154.19,15.71,1.07,11.17,0.34,11.5,2025,Siltara,Hourly,0,0
2025-01-09 14:45:00,26.94,3.07,24.08,4.66,148.42,15.93,1.02,0.05,0.34,11.51,2025,Siltara,Hourly,0,0
2025-01-09 15:00:00,26.86,3.5,24.24,5.11,148.42,15.93,0.99,5.35,0.31,11.51,2025,Siltara,Hourly,0,0
2025-01-09 15:15:00,27.07,3.94,24.64,4.46,148.42,15.93,0.78,5.19,0.29,11.5,2025,Siltara,Hourly,0,0
2025-01-09 15:30:00,26.89,4.36,24.71,4.11,139.75,15.47,0.64,358.29,0.27,11.51,2025,Siltara,Hourly,0,0
2025-01-09 15:45:00,26.85,4.6,24.81,3.94,133.86,15.16,0.23,64.9,0.26,11.51,2025,Siltara,Hourly,0,0
2025-01-09 16:00:00,26.93,4.64,24.89,4.32,133.86,15.16,0.25,12.27,0.26,11.5,2025,Siltara,Hourly,0,0
2025-01-09 16:15:00,27.03,4.93,25.13,3.95,133.86,15.16,0.14,200.69,0.25,11.5,2025,Siltara,Hourly,0,0
2025-01-09 16:30:00,27.28,4.93,25.33,3.86,112.17,15.35,0.34,211.28,0.24,11.51,2025,Siltara,Hourly,0,0
2025-01-09 16:45:00,27.55,4.91,25.53,4.05,100.93,15.48,0.3,248.78,0.26,11.5,2025,Siltara,Hourly,0,0
2025-01-09 17:00:00,28.11,4.42,25.73,3.98,100.93,15.48,0.43,217.9,0.24,11.5,2025,Siltara,Hourly,0,0
2025-01-09 17:15:00,28.36,3.88,25.64,3.51,100.93,15.48,0.26,220.0,0.26,11.51,2025,Siltara,Hourly,0,0
2025-01-09 17:30:00,28.74,3.97,25.99,3.75,82.43,12.36,0.24,211.91,0.29,11.5,2025,Siltara,Hourly,0,0
2025-01-09 17:45:00,28.58,3.97,25.86,3.63,43.99,10.28,0.29,209.36,0.31,11.5,2025,Siltara,Hourly,0,0
2025-01-09 18:00:00,28.06,3.93,25.43,3.58,43.99,10.28,0.18,187.25,0.35,11.5,2025,Siltara,Hourly,0,0
2025-01-09 18:15:00,28.01,3.98,25.42,4.64,43.99,10.28,0.34,201.55,0.38,11.51,2025,Siltara,Hourly,0,0
2025-01-09 18:30:00,27.72,4.6,25.5,4.78,50.24,11.05,0.14,195.03,0.37,11.5,2025,Siltara,Hourly,0,0
2025-01-09 18:45:00,27.38,4.69,25.28,4.88,53.24,11.57,0.36,197.5,0.38,11.5,2025,Siltara,Hourly,0,0
2025-01-09 19:00:00,27.35,4.63,25.22,4.98,53.24,11.57,0.29,221.99,0.37,11.5,2025,Siltara,Hourly,0,0
2025-01-09 19:15:00,27.48,4.58,25.3,5.05,53.24,11.57,0.36,222.62,0.39,11.49,2025,Siltara,Hourly,0,0
2025-01-09 19:30:00,27.09,4.6,25.0,4.36,31.85,12.24,0.4,223.42,0.4,11.5,2025,Siltara,Hourly,0,0
2025-01-09 19:45:00,26.58,4.49,24.53,4.64,17.59,12.68,0.35,230.05,0.4,11.49,2025,Siltara,Hourly,0,0
2025-01-09 20:00:00,26.13,4.62,24.24,4.54,17.59,12.68,0.38,223.7,0.4,11.5,2025,Siltara,Hourly,0,0
2025-01-09 20:15:00,25.95,4.07,23.81,4.48,17.59,12.68,0.34,219.12,0.39,11.51,2025,Siltara,Hourly,0,0
2025-01-09 20:30:00,25.38,3.45,23.03,3.88,23.73,10.02,0.2,196.43,0.4,11.5,2025,Siltara,Hourly,0,0
2025-01-09 20:45:00,24.79,3.38,22.52,4.11,27.81,8.25,0.18,195.9,0.4,11.5,2025,Siltara,Hourly,0,0
2025-01-09 21:00:00,24.31,3.28,22.08,3.71,27.81,8.25,0.14,195.14,0.41,11.5,2025,Siltara,Hourly,0,0
2025-01-09 21:15:00,24.36,3.05,22.01,4.47,27.81,8.25,0.26,203.48,0.44,11.5,2025,Siltara,Hourly,0,0
2025-01-09 21:30:00,24.35,3.06,22.0,5.45,32.82,11.41,0.2,192.9,0.44,11.5,2025,Siltara,Hourly,0,0
2025-01-09 21:45:00,24.13,3.64,22.13,5.14,35.6,13.52,0.13,160.65,0.43,11.49,2025,Siltara,Hourly,0,0
2025-01-09 22:00:00,24.7,4.12,22.83,4.77,35.6,13.52,0.28,176.14,0.45,11.51,2025,Siltara,Hourly,0,0
2025-01-09 22:15:00,25.33,4.06,23.31,4.56,35.6,13.52,0.31,207.68,0.46,11.51,2025,Siltara,Hourly,0,0
2025-01-09 22:30:00,25.71,4.15,23.66,5.07,43.86,14.11,0.26,202.82,0.47,11.5,2025,Siltara,Hourly,0,0
2025-01-09 22:45:00,26.06,4.37,24.05,4.94,56.24,14.49,0.25,210.33,0.5,11.5,2025,Siltara,Hourly,0,0
2025-01-09 23:00:00,26.56,4.6,24.57,4.63,56.24,14.49,0.38,207.6,0.53,11.49,2025,Siltara,Hourly,0,0
2025-01-09 23:15:00,26.85,4.67,24.84,5.06,56.24,14.49,0.33,204.46,0.54,11.51,2025,Siltara,Hourly,0,0
2025-01-09 23:30:00,26.77,4.38,24.63,4.65,56.37,13.64,0.34,208.35,0.53,11.5,2025,Siltara,Hourly,0,0
2025-01-09 23:45:00,27.5,3.87,24.95,4.54,56.55,13.08,0.3,212.76,0.56,11.5,2025,Siltara,Hourly,0,0
2025-01-10 00:15:00,36.51,16.76,38.9,8.9,40.03,20.45,0.99,149.49,0.557938144329897,0.3,2025,Siltara,Hourly,1,190
2025-01-10 00:30:00,31.44,17.52,35.23,7.28,40.03,20.45,0.91,229.2,0.5569072164948454,0.32,2025,Siltara,Hourly,1,190
2025-01-10 00:45:00,34.24,21.71,39.68,7.91,40.03,20.45,0.9,213.59,0.5558762886597939,0.59,2025,Siltara,Hourly,1,190
2025-01-10 01:00:00,33.01,24.13,39.96,7.63,35.92,20.1,1.23,222.38,,0.9,2025,Siltara,Hourly,1,190
2025-01-10 01:15:00,35.86,22.87,41.58,7.22,22.42,18.96,0.63,258.18,,0.49,2025,Siltara,Hourly,1,190
2025-01-10 01:30:00,41.54,17.4,43.28,8.1,22.42,18.96,0.1,70.81,,0.46,2025,Siltara,Hourly,1,190
2025-01-10 01:45:00,42.99,14.12,42.73,7.78,22.42,18.96,1.13,184.83,,0.46,2025,Siltara,Hourly,1,190
2025-01-10 02:00:00,44.47,11.57,42.58,7.84,23.32,18.73,1.22,207.81,,0.45,2025,Siltara,Hourly,1,190
2025-01-10 02:15:00,45.17,10.28,42.47,5.46,26.29,18.0,1.33,206.54,,0.44,2025,Siltara,Hourly,1,190
2025-01-10 02:30:00,45.95,10.34,43.13,7.65,26.29,18.0,1.06,211.77,,0.43,2025,Siltara,Hourly,1,190
2025-01-10 02:45:00,45.54,11.05,43.17,7.22,26.29,18.0,0.98,212.41,,0.41,2025,Siltara,Hourly,1,190
2025-01-10 03:00:00,44.18,12.82,43.0,7.14,24.63,17.47,1.13,226.06,,0.38,2025,Siltara,Hourly,1,190
2025-01-10 03:15:00,35.63,24.26,42.12,7.47,19.19,15.74,1.31,221.48,,0.36,2025,Siltara,Hourly,1,190
2025-01-10 03:30:00,39.35,20.05,42.91,6.59,19.19,15.74,1.5,195.86,,0.41,2025,Siltara,Hourly,1,190
2025-01-10 03:45:00,37.13,18.76,40.45,6.69,19.19,15.74,1.47,190.07,,0.35,2025,Siltara,Hourly,1,190
2025-01-10 04:00:00,37.8,20.72,42.01,6.28,21.25,15.23,1.39,204.81,,0.34,2025,Siltara,Hourly,1,190
2025-01-10 04:15:00,38.67,19.05,41.83,6.52,28.01,13.58,1.31,200.54,,0.34,2025,Siltara,Hourly,1,190
2025-01-10 04:30:00,35.67,19.96,39.91,6.04,28.01,13.58,0.93,212.38,,0.31,2025,Siltara,Hourly,1,190
2025-01-10 04:45:00,35.67,20.24,40.05,6.43,28.01,13.58,1.22,219.75,,0.38,2025,Siltara,Hourly,1,190
2025-01-10 05:00:00,35.47,20.63,40.09,6.18,29.73,13.45,1.16,183.43,,0.41,2025,Siltara,Hourly,1,190
2025-01-10 05:15:00,44.19,20.85,47.2,6.41,35.4,13.01,1.19,201.26,,0.51,2025,Siltara,Hourly,1,190
2025-01-10 05:30:00,41.11,19.87,44.23,6.3,35.4,13.01,1.22,203.37,,0.43,2025,Siltara,Hourly,1,190
2025-01-10 05:45:00,44.32,14.84,44.17,5.72,35.4,13.01,1.33,201.99,,0.39,2025,Siltara,Hourly,1,190
2025-01-10 06:00:00,48.42,11.57,45.75,6.13,37.08,13.21,0.79,209.05,,0.4,2025,Siltara,Hourly,1,190
2025-01-10 06:15:00,50.72,10.27,46.91,5.85,42.61,13.86,1.05,207.33,,0.4,2025,Siltara,Hourly,1,190
2025-01-10 06:30:00,52.63,10.19,48.4,6.96,42.61,13.86,1.09,219.17,,0.41,2025,Siltara,Hourly,1,190
2025-01-10 06:45:00,54.1,10.1,49.54,6.92,42.61,13.86,0.92,199.49,,0.42,2025,Siltara,Hourly,1,190
2025-01-10 07:00:00,54.58,9.97,49.85,6.49,45.37,14.15,0.58,205.5,,0.42,2025,Siltara,Hourly,1,190
2025-01-10 07:15:00,46.83,14.62,46.07,7.03,54.4,15.1,0.94,193.1,,0.34,2025,Siltara,Hourly,1,190
2025-01-10 07:30:00,44.32,19.25,46.48,6.95,54.4,15.1,0.73,177.55,,0.34,2025,Siltara,Hourly,1,190
2025-01-10 07:45:00,49.97,13.91,48.21,6.55,54.4,15.1,0.18,203.2,,0.44,2025,Siltara,Hourly,1,190
2025-01-10 08:00:00,50.32,12.23,47.62,7.13,48.12,14.57,0.12,225.45,,0.43,2025,Siltara,Hourly,1,190
2025-01-10 08:15:00,50.74,11.7,47.68,7.49,27.46,12.83,0.33,314.59,,0.43,2025,Siltara,Hourly,1,190
2025-01-10 08:30:00,54.21,10.26,49.71,7.25,27.46,12.83,0.47,158.52,,0.43,2025,Siltara,Hourly,1,190
2025-01-10 08:45:00,55.23,10.27,50.53,7.9,27.46,12.83,1.21,354.48,,0.43,2025,Siltara,Hourly,1,190
2025-01-10 09:00:00,54.0,11.34,50.1,8.04,32.57,13.22,2.52,7.4,,0.39,2025,Siltara,Hourly,1,190
2025-01-10 09:15:00,54.43,9.87,49.68,8.29,49.39,14.48,2.36,6.2,,0.37,2025,Siltara,Hourly,1,190
2025-01-10 09:30:00,57.13,10.26,52.05,8.34,49.39,14.48,2.68,1.24,,0.37,2025,Siltara,Hourly,1,190
2025-01-10 09:45:00,61.56,13.28,57.18,8.71,49.39,14.48,1.92,23.68,,0.33,2025,Siltara,Hourly,1,190
2025-01-10 10:00:00,59.79,12.63,55.42,8.61,59.61,14.31,1.86,1.78,,0.32,2025,Siltara,Hourly,1,190
2025-01-10 10:15:00,59.98,13.51,56.03,6.63,93.2,13.76,1.7,6.38,,0.3,2025,Siltara,Hourly,1,190
2025-01-10 10:30:00,60.4,14.71,57.0,8.44,0.0,13.76,1.8,359.62,,0.26,2025,Siltara,Hourly,1,190
2025-01-10 10:45:00,60.534375,15.316875000000001,57.424375,11.126,31.06666666666667,13.76,1.9166666666666667,244.07000000000002,,0.25333333333333335,2025,Siltara,Hourly,1,190
2025-01-10 11:00:00,60.668749999999996,15.923750000000002,57.84875,13.812000000000001,62.13333333333334,13.76,2.033333333333333,128.52000000000004,,0.24666666666666667,2025,Siltara,Hourly,1,190
2025-01-10 11:15:00,60.803125,16.530625,58.273125,16.498,93.2,13.76,2.15,12.97,,0.24,2025,Siltara,Hourly,1,190
2025-01-10 11:30:00,,,,,77.87,10.17,1.38,344.16,,0.35,2025,Siltara,Hourly,1,190
2025-01-10 11:45:00,,,,21.87,82.926,8.94,0.51,262.78,,0.24,2025,Siltara,Hourly,1,190
2025-01-10 12:00:00,,,,23.220000000000002,87.982,8.4675,0.56,282.34,,0.295,2025,Siltara,Hourly,1,190
2025-01-10 12:15:00,,,,24.57,93.03800000000001,7.994999999999999,0.61,301.9,,0.35,2025,Siltara,Hourly,1,190
2025-01-10 12:30:00,,,,25.92,,7.5225,0.6599999999999999,321.46,,0.405,2025,Siltara,Hourly,1,190
2025-01-10 12:45:00,,,,,103.15,7.05,0.71,341.02,,0.46,2025,Siltara,Hourly,1,190
2025-01-10 13:00:00,,,,28.62,106.37333333333333,6.02,1.65,2.46,,0.38,2025,Siltara,Hourly,1,190
2025-01-10 13:15:00,,,,25.086666666666666,109.59666666666666,6.028,1.456,41.458,,0.356,2025,Siltara,Hourly,1,190
2025-01-10 13:30:00,,,,21.553333333333335,112.82,6.036,1.262,80.45599999999999,,0.332,2025,Siltara,Hourly,1,190
2025-01-10 13:45:00,,,,18.02,,6.044,1.068,119.454,,0.308,2025,Siltara,Hourly,1,190
2025-01-10 14:00:00,,,,,,,,,,,2025,Siltara,Hourly,1,190
2025-01-10 14:15:00,,,,,122.49,6.06,0.68,197.45,,0.26,2025,Siltara,Hourly,1,190
2025-01-10 14:30:00,62.55,24.42,63.79,7.42,111.20333333333333,6.9,0.58,205.64,,0.36,2025,Siltara,Hourly,1,190
2025-01-10 14:45:00,64.89333333333333,24.186666666666667,65.54833333333333,7.208333333333333,99.91666666666666,6.7700000000000005,0.5539999999999999,206.016,,0.378,2025,Siltara,Hourly,1,190
2025-01-10 15:00:00,67.23666666666666,23.953333333333333,67.30666666666667,6.996666666666667,88.63,6.640000000000001,0.528,206.392,,0.396,2025,Siltara,Hourly,1,190
2025-01-10 15:15:00,69.58,23.72,69.065,6.785,,6.51,0.502,206.768,,0.41400000000000003,2025,Siltara,Hourly,1,190
2025-01-10 15:30:00,,,,,,,,,,,2025,Siltara,Hourly,1,190
2025-01-10 15:45:00,,,,,54.77,6.25,0.45,207.52,,0.45,2025,Siltara,Hourly,1,190
2025-01-10 16:00:00,76.61,23.02,74.34,6.15,55.096000000000004,5.92,0.37,285.82,,0.35,2025,Siltara,Hourly,1,190
2025-01-10 16:15:00,76.422,23.412,74.394,6.196000000000001,55.422000000000004,6.3774999999999995,0.6775,303.47249999999997,,0.3725,2025,Siltara,Hourly,1,190
2025-01-10 16:30:00,76.234,23.804,74.44800000000001,6.242,55.748,6.835,0.985,321.125,,0.395,2025,Siltara,Hourly,1,190
2025-01-10 16:45:00,76.046,24.196,74.502,6.288,,7.2925,1.2925,338.77750000000003,,0.4175,2025,Siltara,Hourly,1,190
2025-01-10 17:00:00,,,,,56.4,7.75,1.6,356.43,,0.44,2025,Siltara,Hourly,1,190
2025-01-10 17:15:00,75.67,24.98,74.61,6.38,67.795,16.13,0.39,305.87,,0.33,2025,Siltara,Hourly,1,190
2025-01-10 17:30:00,76.935,25.3125,75.7975,6.35,79.19,15.343333333333332,0.3433333333333333,308.51666666666665,,0.3966666666666667,2025,Siltara,Hourly,1,190
2025-01-10 17:45:00,78.2,25.645,76.985,6.319999999999999,90.58500000000001,14.556666666666667,0.2966666666666667,311.16333333333336,,0.4633333333333334,2025,Siltara,Hourly,1,190
2025-01-10 18:00:00,79.465,25.9775,78.1725,6.29,101.98,13.77,0.25,313.81,,0.53,2025,Siltara,Hourly,1,190
2025-01-10 18:15:00,80.73,26.31,79.36,6.26,1.49,10.62,0.25,313.81,,0.48,2025,Siltara,Hourly,1,190
2025-01-10 18:30:00,82.4475,26.305,80.7325,6.42,1.9766666666666666,10.573333333333332,0.2833333333333333,283.67,,0.48666666666666664,2025,Siltara,Hourly,1,190
2025-01-10 18:45:00,84.16499999999999,26.299999999999997,82.10499999999999,6.58,2.4633333333333334,10.526666666666667,0.31666666666666665,253.52999999999997,,0.49333333333333335,2025,Siltara,Hourly,1,190
2025-01-10 19:00:00,85.8825,26.294999999999998,83.47749999999999,6.74,2.95,10.48,0.35,223.39,,0.5,2025,Siltara,Hourly,1,190
2025-01-10 19:15:00,87.6,26.29,84.85,6.9,38.04,7.24,0.27,230.04,,0.59,2025,Siltara,Hourly,1,190
2025-01-10 19:30:00,89.73,26.63,86.74,6.34,38.04,7.24,0.46,209.94,,0.52,2025,Siltara,Hourly,1,190
2025-01-10 19:45:00,91.11333333333333,25.733333333333334,87.38333333333333,6.05,38.04,7.24,0.38,231.14499999999998,,0.43000000000000005,2025,Siltara,Hourly,1,190
2025-01-10 20:00:00,92.49666666666667,24.836666666666666,88.02666666666667,5.76,38.04,7.24,0.3,252.35,,0.34,2025,Siltara,Hourly,1,190
2025-01-10 20:15:00,93.88,23.94,88.67,5.47,60.96,5.5,0.14,239.29,,0.65,2025,Siltara,Hourly,1,190
2025-01-10 20:30:00,95.67,25.22,90.77,4.09,61.75,5.46,0.18,213.64,,0.62,2025,Siltara,Hourly,1,190
2025-01-10 20:45:00,80.78,34.22,83.53,1.21,61.75,5.46,0.21,195.03,,0.65,2025,Siltara,Hourly,1,190
2025-01-10 21:00:00,67.07,24.08,67.23,1.9466666666666665,61.63,7.27,0.31,201.85,,0.5,2025,Siltara,Hourly,1,190
2025-01-10 21:15:00,69.82,21.52,68.1,2.683333333333333,61.25,13.2,0.43,211.49,,0.57,2025,Siltara,Hourly,1,190
2025-01-10 21:30:00,77.59,22.44,74.82,3.42,61.25,13.2,0.39,209.1,,0.59,2025,Siltara,Hourly,1,190
2025-01-10 21:45:00,74.75,23.72,73.21,,61.25,13.2,0.22,200.68,,0.9,2025,Siltara,Hourly,1,190
2025-01-10 22:00:00,67.53,28.73,70.04,,57.39,12.99,0.26,307.77,,0.94,2025,Siltara,Hourly,1,190
2025-01-10 22:15:00,71.93,25.4,71.83,5.63,44.72,12.31,0.73,321.5,,0.86,2025,Siltara,Hourly,1,190
2025-01-10 22:30:00,81.75,13.71,73.6,6.74,44.72,12.31,0.01,239.18,,0.75,2025,Siltara,Hourly,1,190
2025-01-10 22:45:00,82.78,11.97,73.51,8.25,44.72,12.31,0.42,192.05,,0.75,2025,Siltara,Hourly,1,190
2025-01-10 23:00:00,82.55,12.04,73.37,8.49,48.5,13.05,0.28,223.7,,0.75,2025,Siltara,Hourly,1,190
2025-01-10 23:15:00,82.4,12.1,73.28,7.74,60.92,15.5,0.3,115.26,,0.74,2025,Siltara,Hourly,1,190
2025-01-10 23:30:00,82.4,12.43,73.44,7.34,60.92,15.5,0.51,14.7,,0.73,2025,Siltara,Hourly,1,190
2025-01-10 23:45:00,82.5,13.0,73.82,6.65,60.92,15.5,0.56,355.1,,0.7,2025,Siltara,Hourly,1,190
2025-01-11 00:15:00,26.95,6.38,24.95,10.59,64.5,21.32,2.23,221.01,,11.51,2025,Siltara,Hourly,1,190
2025-01-11 00:30:00,25.88,7.6,24.72,10.75,64.87,22.82,2.56,207.2,,11.51,2025,Siltara,Hourly,1,190
2025-01-11 00:45:00,25.53,8.3,24.81,10.06,64.91,22.98,1.85,232.27,,11.51,2025,Siltara,Hourly,1,190
2025-01-11 01:00:00,25.34,8.39,24.7,9.77,64.91,22.98,1.85,234.09,,11.5,2025,Siltara,Hourly,1,190
2025-01-11 01:15:00,24.27,7.71,23.49,9.79,64.91,22.98,2.29,209.67,,11.5,2025,Siltara,Hourly,1,190
2025-01-11 01:30:00,21.57,12.65,23.9,8.18,59.78,19.94,2.02,233.3,,11.5,2025,Siltara,Hourly,1,190
2025-01-11 01:45:00,22.54,10.44,23.53,6.6,59.14,19.56,1.95,236.86,,11.49,2025,Siltara,Hourly,1,190
2025-01-11 02:00:00,22.63,10.93,23.86,6.23,59.14,19.56,1.61,247.39,,11.5,2025,Siltara,Hourly,1,190
2025-01-11 02:15:00,24.2,9.46,24.35,3.79,59.14,19.56,1.92,213.91,,11.5,2025,Siltara,Hourly,1,190
2025-01-11 02:30:00,26.78,7.45,25.36,5.36,58.92,21.11,1.85,216.19,,11.49,2025,Siltara,Hourly,1,190
2025-01-11 02:45:00,28.05,7.56,26.45,6.72,58.89,21.3,2.04,226.87,,11.5,2025,Siltara,Hourly,1,190
2025-01-11 03:00:00,31.01,7.56,28.81,9.44,58.89,21.3,1.51,219.0,,11.5,2025,Siltara,Hourly,1,190
2025-01-11 03:15:00,29.47,7.18,27.39,11.43,58.89,21.3,1.87,209.3,,11.49,2025,Siltara,Hourly,1,190
2025-01-11 03:30:00,28.57,6.93,26.53,11.07,77.18,29.32,1.82,223.14,,11.49,2025,Siltara,Hourly,1,190
2025-01-11 03:45:00,28.3,6.53,26.11,9.92,79.47,30.32,1.78,208.99,,11.5,2025,Siltara,Hourly,1,190
2025-01-11 04:00:00,27.49,6.85,25.62,10.05,79.47,30.32,1.79,220.76,,11.5,2025,Siltara,Hourly,1,190
2025-01-11 04:15:00,29.6,6.71,27.24,10.13,79.47,30.32,1.1,212.76,,11.51,2025,Siltara,Hourly,1,190
2025-01-11 04:30:00,25.52,9.47,25.41,9.34,71.13,29.15,1.08,216.29,,11.5,2025,Siltara,Hourly,1,190
2025-01-11 04:45:00,24.09,11.36,25.25,6.8,70.09,29.0,0.91,210.94,,11.5,2025,Siltara,Hourly,1,190
2025-01-11 05:00:00,24.14,12.2,25.73,5.98,70.09,29.0,0.84,208.58,,11.5,2025,Siltara,Hourly,1,190
2025-01-11 05:15:00,23.45,9.84,23.94,5.32,70.09,29.0,0.48,283.14,,11.49,2025,Siltara,Hourly,1,190
2025-01-11 05:30:00,25.6,8.65,25.05,4.37,68.23,27.16,0.39,176.34,,11.5,2025,Siltara,Hourly,1,190
2025-01-11 05:45:00,30.44,26.49,38.25,4.66,68.0,26.93,0.54,215.26,,11.51,2025,Siltara,Hourly,1,190
2025-01-11 06:00:00,30.71,9.94,29.83,4.47,68.0,26.93,0.88,201.31,,11.5,2025,Siltara,Hourly,1,190
2025-01-11 06:15:00,29.73,7.15,27.58,2.54,68.0,26.93,0.82,210.56,,11.5,2025,Siltara,Hourly,1,190
2025-01-11 06:30:00,28.24,6.48,26.03,5.81,55.86,26.3,0.83,197.29,,11.5,2025,Siltara,Hourly,1,190
2025-01-11 06:45:00,27.74,6.97,25.89,7.81,54.34,26.22,0.57,209.65,,11.5,2025,Siltara,Hourly,1,190
2025-01-11 07:00:00,28.23,6.83,26.2,9.09,54.34,26.22,0.62,202.25,,11.5,2025,Siltara,Hourly,1,190
2025-01-11 07:15:00,28.44,6.48,26.19,9.85,54.34,26.22,0.42,209.59,,11.5,2025,Siltara,Hourly,1,190
2025-01-11 07:30:00,30.32,8.03,28.51,10.81,53.34,24.53,0.17,231.97,,11.5,2025,Siltara,Hourly,1,190
2025-01-11 07:45:00,33.05,9.96,31.71,8.71,53.21,24.32,0.21,163.92,,11.5,2025,Siltara,Hourly,1,190
2025-01-11 08:00:00,32.41,8.44,30.4,11.44,53.21,24.32,0.34,191.13,,11.51,2025,Siltara,Hourly,1,190
2025-01-11 08:15:00,32.34,7.52,29.86,15.8,53.21,24.32,0.57,187.0,,11.51,2025,Siltara,Hourly,1,190
2025-01-11 08:30:00,31.64,7.29,29.18,18.48,67.73,24.79,0.44,208.1,,11.51,2025,Siltara,Hourly,1,190
2025-01-11 08:45:00,31.58,6.78,28.87,20.63,69.54,24.84,0.49,204.54,,11.5,2025,Siltara,Hourly,1,190
2025-01-11 09:00:00,30.32,7.8,28.39,22.2,69.54,24.84,0.62,337.1,,11.5,2025,Siltara,Hourly,1,190
2025-01-11 09:15:00,30.52,7.98,28.64,22.61,69.54,24.84,0.67,330.18,,11.5,2025,Siltara,Hourly,1,190
2025-01-11 09:30:00,28.68,7.61,26.97,20.79,80.82,25.98,0.68,315.94,,11.51,2025,Siltara,Hourly,1,190
2025-01-11 09:45:00,30.04,7.6,28.06,20.51,82.23,26.12,0.98,354.11,,11.5,2025,Siltara,Hourly,1,190
2025-01-11 10:00:00,28.64,7.76,27.02,20.32,82.23,26.12,0.71,321.55,,11.5,2025,Siltara,Hourly,1,190
2025-01-11 10:15:00,28.13,7.27,26.36,12.85,82.23,26.12,0.88,317.15,,11.5,2025,Siltara,Hourly,1,190
2025-01-11 10:30:00,27.95,7.03,26.09,19.4,107.88,26.94,1.67,0.99,,11.51,2025,Siltara,Hourly,1,190
2025-01-11 10:45:00,28.2,7.48,26.52,15.71,110.73,27.05,0.99,341.1,,11.5,2025,Siltara,Hourly,1,190
2025-01-11 11:00:00,28.59,6.5,26.32,11.72,110.73,27.05,0.65,352.27,,11.49,2025,Siltara,Hourly,1,190
2025-01-11 11:15:00,30.78,7.81,28.71,11.49,110.73,27.05,1.18,359.87,,11.5,2025,Siltara,Hourly,1,190
2025-01-11 11:30:00,32.35,6.25,29.21,13.29,131.09,24.87,1.67,12.3,,11.5,2025,Siltara,Hourly,1,190
2025-01-11 11:45:00,28.81,6.17,26.32,14.96,133.64,24.6,1.58,356.86,,11.49,2025,Siltara,Hourly,1,190
2025-01-11 12:00:00,27.47,7.11,25.74,15.28,133.64,24.6,0.33,310.4,,11.5,2025,Siltara,Hourly,1,190
2025-01-11 12:15:00,26.93,7.14,25.32,14.85,133.64,24.6,1.0,315.49,,11.5,2025,Siltara,Hourly,1,190
2025-01-11 12:30:00,28.61,7.69,26.96,14.22,122.93,23.25,1.33,355.36,,11.51,2025,Siltara,Hourly,1,190
2025-01-11 12:45:00,30.14,10.26,29.53,13.49,121.6,23.08,1.64,1.44,,11.5,2025,Siltara,Hourly,1,190
2025-01-11 13:00:00,26.91,7.06,25.27,13.37,121.6,23.08,0.92,326.13,,11.5,2025,Siltara,Hourly,1,190
2025-01-11 13:15:00,26.02,6.95,24.38,12.74,121.6,23.08,1.43,357.15,,11.51,2025,Siltara,Hourly,1,190
2025-01-11 13:30:00,26.96,5.78,24.65,12.42,121.33,21.6,1.67,2.03,,11.5,2025,Siltara,Hourly,1,190
2025-01-11 13:45:00,25.46,5.67,23.38,6.74,121.3,21.42,1.8,357.38,,11.48,2025,Siltara,Hourly,1,190
2025-01-11 14:00:00,24.01,4.97,21.85,7.48,121.3,21.42,0.62,351.62,,11.49,2025,Siltara,Hourly,1,190
2025-01-11 14:15:00,27.0,4.71,24.11,4.95,121.3,21.42,1.88,0.16,,11.5,2025,Siltara,Hourly,1,190
2025-01-11 14:30:00,28.03,4.96,25.07,7.7,113.43,21.09,2.1,359.73,,11.5,2025,Siltara,Hourly,1,190
2025-01-11 14:45:00,27.67,4.86,24.73,8.51,112.45,21.05,2.91,1.42,,11.49,2025,Siltara,Hourly,1,190
2025-01-11 15:00:00,28.12,5.61,25.48,8.98,112.45,21.05,2.52,2.59,,11.49,2025,Siltara,Hourly,1,190
2025-01-11 15:15:00,26.26,4.07,23.18,8.88,112.45,21.05,2.12,3.62,,11.5,2025,Siltara,Hourly,1,190
2025-01-11 15:30:00,23.56,4.69,21.34,8.37,117.32,18.96,1.82,355.86,,11.51,2025,Siltara,Hourly,1,190
2025-01-11 15:45:00,26.66,8.24,25.68,8.19,117.86,18.7,1.79,3.62,,11.51,2025,Siltara,Hourly,1,190
2025-01-11 16:00:00,24.17,7.16,23.13,7.92,117.86,18.7,1.76,357.27,,11.51,2025,Siltara,Hourly,1,190
2025-01-11 16:15:00,25.63,6.1,23.74,7.56,117.86,18.7,2.42,0.12,,11.5,2025,Siltara,Hourly,1,190
2025-01-11 16:30:00,27.73,9.79,27.36,6.78,123.15,18.64,1.84,5.75,,11.5,2025,Siltara,Hourly,1,190
2025-01-11 16:45:00,28.11,10.01,27.78,6.76,123.73,18.64,1.69,354.47,,11.51,2025,Siltara,Hourly,1,190
2025-01-11 17:00:00,25.89,10.34,26.17,5.65,123.73,18.64,1.71,1.43,,11.51,2025,Siltara,Hourly,1,190
2025-01-11 17:15:00,28.43,8.8,27.4,5.01,123.73,18.64,1.69,3.4,,11.51,2025,Siltara,Hourly,1,190
2025-01-11 17:30:00,33.91,7.94,31.34,5.24,140.82,17.27,0.29,1.59,,11.51,2025,Siltara,Hourly,1,190
2025-01-11 17:45:00,33.05,8.9,31.07,5.22,142.72,17.1,1.57,359.42,,11.51,2025,Siltara,Hourly,1,190
2025-01-11 18:00:00,35.77,15.19,36.57,5.18,142.72,17.1,1.02,6.71,,11.5,2025,Siltara,Hourly,1,190
2025-01-11 18:15:00,38.12,14.15,37.95,4.09,142.72,17.1,1.37,339.52,,11.49,2025,Siltara,Hourly,1,190
2025-01-11 18:30:00,33.27,7.75,30.73,5.84,153.83,19.2,1.09,311.25,,11.5,2025,Siltara,Hourly,1,190
2025-01-11 18:45:00,33.11,5.95,29.66,5.96,155.22,19.46,1.25,323.95,,11.49,2025,Siltara,Hourly,1,190
2025-01-11 19:00:00,33.38,6.45,30.14,5.67,155.22,19.46,1.28,6.63,,11.49,2025,Siltara,Hourly,1,190
2025-01-11 19:15:00,31.66,5.78,28.41,5.63,155.22,19.46,0.73,203.54,,11.49,2025,Siltara,Hourly,1,190
2025-01-11 19:30:00,33.25,6.47,30.04,5.78,67.11,17.8,0.51,125.01,,11.5,2025,Siltara,Hourly,1,190
2025-01-11 19:45:00,35.61,7.71,32.59,5.91,56.09,17.59,0.53,155.58,,11.5,2025,Siltara,Hourly,1,190
2025-01-11 20:00:00,51.7,12.68,48.09,5.91,56.09,17.59,0.14,345.03,,11.5,2025,Siltara,Hourly,1,190
2025-01-11 20:15:00,44.2,13.77,42.64,4.89,56.09,17.59,0.13,196.36,,11.5,2025,Siltara,Hourly,1,190
2025-01-11 20:30:00,35.2,10.43,33.67,4.04,74.52,19.26,0.89,194.83,,11.5,2025,Siltara,Hourly,1,190
2025-01-11 20:45:00,32.23,8.5,30.29,4.38,76.82,19.47,0.59,165.74,,11.5,2025,Siltara,Hourly,1,190
2025-01-11 21:00:00,35.67,6.4,31.95,4.2,76.82,19.47,0.62,63.0,,11.5,2025,Siltara,Hourly,1,190
2025-01-11 21:15:00,34.7,6.19,31.06,4.13,76.82,19.47,0.74,168.51,,11.5,2025,Siltara,Hourly,1,190
2025-01-11 21:30:00,33.29,5.56,29.6,4.73,55.21,21.65,0.77,174.19,,11.5,2025,Siltara,Hourly,1,190
2025-01-11 21:45:00,33.55,5.52,29.79,4.87,52.51,21.92,0.19,80.91,,11.5,2025,Siltara,Hourly,1,190
2025-01-11 22:00:00,34.39,5.54,30.48,4.91,52.51,21.92,1.03,18.75,,11.5,2025,Siltara,Hourly,1,190
2025-01-11 22:15:00,33.75,5.35,29.86,3.38,52.51,21.92,0.36,33.03,,11.51,2025,Siltara,Hourly,1,190
2025-01-11 22:30:00,36.11,6.24,32.22,5.13,60.23,21.95,0.79,198.51,,11.49,2025,Siltara,Hourly,1,190
2025-01-11 22:45:00,38.54,6.73,34.43,5.24,61.2,21.95,0.75,175.21,,11.5,2025,Siltara,Hourly,1,190
2025-01-11 23:00:00,35.93,6.86,32.4,4.82,61.2,21.95,0.78,206.33,,11.51,2025,Siltara,Hourly,1,190
2025-01-11 23:15:00,28.76,7.39,26.92,4.36,61.2,21.95,0.95,208.67,,11.51,2025,Siltara,Hourly,1,190
2025-01-11 23:30:00,31.5,7.99,29.43,3.61,49.22,18.25,0.81,223.26,,11.5,2025,Siltara,Hourly,1,190
2025-01-11 23:45:00,39.54,8.01,35.89,3.76,47.72,17.78,0.89,12.43,,11.49,2025,Siltara,Hourly,1,190
2025-01-12 00:15:00,45.29,9.57,41.32,4.03,99.33,35.49,0.55,197.06,0.36,11.48,2025,Siltara,Hourly,0,0
2025-01-12 00:30:00,44.82,9.64,40.98,4.13,99.33,35.49,0.46,253.41,0.36,11.49,2025,Siltara,Hourly,0,0
2025-01-12 00:45:00,44.31,10.02,40.77,4.09,98.71,35.34,0.69,154.37,0.36,11.49,2025,Siltara,Hourly,0,0
2025-01-12 01:00:00,43.84,10.52,40.66,4.0,80.94,31.09,0.57,67.51,0.36,11.49,2025,Siltara,Hourly,0,0
2025-01-12 01:15:00,42.92,11.19,40.27,4.14,80.94,31.09,0.83,145.98,0.71,11.5,2025,Siltara,Hourly,0,0
2025-01-12 01:30:00,41.88,11.67,39.69,3.94,80.94,31.09,0.17,72.53,0.7,11.5,2025,Siltara,Hourly,0,0
2025-01-12 01:45:00,40.57,12.06,38.83,3.84,79.99,31.1,2.17,14.59,0.7,11.49,2025,Siltara,Hourly,0,0
2025-01-12 02:00:00,39.73,11.89,38.07,3.87,52.32,31.52,2.18,16.8,0.71,11.5,2025,Siltara,Hourly,0,0
2025-01-12 02:15:00,37.66,8.4,34.58,3.24,52.32,31.52,1.69,333.17,0.71,11.5,2025,Siltara,Hourly,0,0
2025-01-12 02:30:00,36.83,7.15,33.27,3.83,52.32,31.52,2.24,9.86,0.7,11.51,2025,Siltara,Hourly,0,0
2025-01-12 02:45:00,36.86,7.09,33.26,3.94,52.79,31.35,2.05,8.52,0.7,11.51,2025,Siltara,Hourly,0,0
2025-01-12 03:00:00,31.43,9.06,29.94,4.52,66.34,26.41,3.58,16.42,0.7,11.51,2025,Siltara,Hourly,0,0
2025-01-12 03:15:00,35.32,7.91,32.46,3.99,66.34,26.41,2.71,33.5,0.71,11.5,2025,Siltara,Hourly,0,0
2025-01-12 03:30:00,36.38,8.02,33.36,4.06,66.34,26.41,2.22,2.81,0.71,11.5,2025,Siltara,Hourly,0,0
2025-01-12 03:45:00,36.14,8.4,33.37,4.58,66.29,26.32,2.6,1.99,0.69,11.5,2025,Siltara,Hourly,0,0
2025-01-12 04:00:00,35.8,8.79,33.3,4.26,64.89,23.64,3.1,13.7,0.7,11.51,2025,Siltara,Hourly,0,0
2025-01-12 04:15:00,35.45,9.13,33.2,4.26,64.89,23.64,1.79,43.39,0.71,11.5,2025,Siltara,Hourly,0,0
2025-01-12 04:30:00,35.28,9.5,33.25,3.92,64.89,23.64,2.28,33.75,0.69,11.5,2025,Siltara,Hourly,0,0
2025-01-12 04:45:00,35.57,9.9,33.7,3.79,64.61,23.53,1.92,53.82,0.69,11.51,2025,Siltara,Hourly,0,0
2025-01-12 05:00:00,35.49,10.49,33.94,4.26,56.52,20.3,2.81,7.06,0.71,11.5,2025,Siltara,Hourly,0,0
2025-01-12 05:15:00,35.29,8.8,32.9,4.4,56.52,20.3,2.62,19.27,0.69,11.51,2025,Siltara,Hourly,0,0
2025-01-12 05:30:00,35.14,8.21,32.47,3.96,56.52,20.3,2.08,67.09,0.72,11.5,2025,Siltara,Hourly,0,0
2025-01-12 05:45:00,37.99,15.73,38.68,4.23,57.28,20.36,2.85,15.02,0.7,11.51,2025,Siltara,Hourly,0,0
2025-01-12 06:00:00,32.92,14.94,34.21,4.42,79.55,21.92,2.33,345.52,0.69,11.5,2025,Siltara,Hourly,0,0
2025-01-12 06:15:00,34.79,11.28,33.79,2.65,79.55,21.92,2.88,347.74,0.68,11.5,2025,Siltara,Hourly,0,0
2025-01-12 06:30:00,36.83,8.05,33.74,3.27,79.55,21.92,1.58,14.48,0.71,11.5,2025,Siltara,Hourly,0,0
2025-01-12 06:45:00,36.63,7.96,33.54,3.4,81.79,21.92,1.67,6.17,0.71,11.5,2025,Siltara,Hourly,0,0
2025-01-12 07:00:00,36.4,8.03,33.39,3.64,105.71,21.95,1.6,8.53,0.71,11.5,2025,Siltara,Hourly,0,0
2025-01-12 07:15:00,36.06,8.18,33.19,3.39,105.71,21.95,1.73,6.27,0.7,11.5,2025,Siltara,Hourly,0,0
2025-01-12 07:30:00,35.75,8.43,33.07,3.67,105.71,21.95,1.74,357.18,0.74,11.5,2025,Siltara,Hourly,0,0
2025-01-12 07:45:00,35.72,8.64,33.16,3.41,102.09,22.03,2.45,9.31,0.7,11.51,2025,Siltara,Hourly,0,0
2025-01-12 08:00:00,35.79,9.22,33.52,3.41,70.77,24.24,3.77,6.37,0.69,11.5,2025,Siltara,Hourly,0,0
2025-01-12 08:15:00,35.75,9.12,33.44,3.36,70.77,24.24,3.11,3.13,0.71,11.49,2025,Siltara,Hourly,0,0
2025-01-12 08:30:00,34.37,7.93,31.7,3.42,70.77,24.24,2.66,358.67,0.69,11.5,2025,Siltara,Hourly,0,0
2025-01-12 08:45:00,33.14,7.33,30.41,3.51,70.68,24.47,2.9,9.96,0.7,11.5,2025,Siltara,Hourly,0,0
2025-01-12 09:00:00,34.81,12.19,34.28,3.5,69.84,31.14,3.28,18.86,0.71,11.51,2025,Siltara,Hourly,0,0
2025-01-12 09:15:00,35.06,12.9,34.85,3.61,69.84,31.14,3.46,20.19,0.69,11.51,2025,Siltara,Hourly,0,0
2025-01-12 09:30:00,35.34,9.71,33.41,3.58,69.84,31.14,2.86,19.77,0.69,11.51,2025,Siltara,Hourly,0,0
2025-01-12 09:45:00,35.33,9.1,33.09,4.1,69.53,31.43,3.0,24.69,0.69,11.49,2025,Siltara,Hourly,0,0
2025-01-12 10:00:00,35.33,9.2,33.14,3.9,66.85,39.76,2.32,33.98,0.7,11.49,2025,Siltara,Hourly,0,0
2025-01-12 10:15:00,35.26,10.1,33.55,3.49,66.85,39.76,2.7,34.02,0.7,11.49,2025,Siltara,Hourly,0,0
2025-01-12 10:30:00,35.45,10.96,34.16,4.71,66.85,39.76,2.67,38.17,0.69,11.5,2025,Siltara,Hourly,0,0
2025-01-12 10:45:00,35.32,11.7,34.44,4.44,72.53,40.37,1.73,69.14,0.7,11.5,2025,Siltara,Hourly,0,0
2025-01-12 11:00:00,34.83,12.33,34.37,4.52,121.75,57.9,1.68,64.46,0.69,11.5,2025,Siltara,Hourly,0,0
2025-01-12 11:15:00,33.62,13.19,33.85,4.71,121.75,57.9,1.75,58.05,0.68,11.49,2025,Siltara,Hourly,0,0
2025-01-12 11:30:00,31.44,12.43,31.71,5.74,121.75,57.9,2.04,49.63,0.69,11.5,2025,Siltara,Hourly,0,0
2025-01-12 11:45:00,26.93,15.05,29.46,8.26,120.08,57.66,1.74,75.11,0.71,11.5,2025,Siltara,Hourly,0,0
2025-01-12 12:00:00,24.81,17.73,29.16,8.09,105.55,50.8,2.19,50.03,0.7,11.5,2025,Siltara,Hourly,0,0
2025-01-12 12:15:00,23.51,24.29,31.54,6.75,105.55,50.8,2.15,59.22,0.7,11.5,2025,Siltara,Hourly,0,0
2025-01-12 12:30:00,23.57,17.53,28.06,13.59,105.55,50.8,2.45,51.19,0.71,11.51,2025,Siltara,Hourly,0,0
2025-01-12 12:45:00,25.55,14.67,28.15,15.44,104.09,50.89,1.58,54.57,0.7,11.5,2025,Siltara,Hourly,0,0
2025-01-12 13:00:00,25.32,13.02,27.11,12.47,91.39,53.33,1.11,80.7,0.69,11.5,2025,Siltara,Hourly,0,0
2025-01-12 13:15:00,24.43,12.64,26.19,10.34,91.39,53.33,1.33,33.71,0.71,11.5,2025,Siltara,Hourly,0,0
2025-01-12 13:30:00,23.46,12.5,25.35,8.65,91.39,53.33,0.9,26.78,0.7,11.5,2025,Siltara,Hourly,0,0
2025-01-12 13:45:00,21.4,13.82,24.39,9.41,89.19,52.93,0.92,32.98,0.71,11.51,2025,Siltara,Hourly,0,0
2025-01-12 14:00:00,20.68,14.82,24.33,11.76,70.15,41.19,1.6,80.38,0.69,11.5,2025,Siltara,Hourly,0,0
2025-01-12 14:15:00,19.77,14.86,23.62,4.87,70.15,41.19,1.4,20.24,0.69,11.5,2025,Siltara,Hourly,0,0
2025-01-12 14:30:00,19.05,15.59,23.42,12.45,70.15,41.19,1.96,38.9,0.68,11.51,2025,Siltara,Hourly,0,0
2025-01-12 14:45:00,17.89,13.05,21.17,13.1,72.44,41.26,2.57,16.9,0.69,11.5,2025,Siltara,Hourly,0,0
2025-01-12 15:00:00,17.76,13.57,21.33,9.98,93.11,43.13,2.18,45.05,0.7,11.49,2025,Siltara,Hourly,0,0
2025-01-12 15:15:00,19.07,13.44,22.31,7.32,93.11,43.13,1.93,39.78,0.71,11.5,2025,Siltara,Hourly,0,0
2025-01-12 15:30:00,19.63,12.32,22.18,6.98,93.11,43.13,2.41,48.45,0.69,11.5,2025,Siltara,Hourly,0,0
2025-01-12 15:45:00,19.4,14.52,23.15,7.37,96.07,43.2,3.12,17.81,0.68,11.49,2025,Siltara,Hourly,0,0
2025-01-12 16:00:00,19.6,16.19,24.18,7.84,122.78,45.12,3.29,25.94,0.67,11.5,2025,Siltara,Hourly,0,0
2025-01-12 16:15:00,20.75,18.14,26.12,7.89,122.78,45.12,2.98,25.23,0.7,11.5,2025,Siltara,Hourly,0,0
2025-01-12 16:30:00,22.22,19.93,28.23,8.48,122.78,45.12,3.0,8.91,0.69,11.5,2025,Siltara,Hourly,0,0
2025-01-12 16:45:00,21.49,19.11,27.22,8.53,125.35,45.18,2.95,11.73,0.69,11.5,2025,Siltara,Hourly,0,0
2025-01-12 17:00:00,24.41,20.29,30.18,7.69,148.45,46.86,2.83,10.58,0.72,11.5,2025,Siltara,Hourly,0,0
2025-01-12 17:15:00,27.73,19.57,32.46,7.25,148.45,46.86,2.73,10.19,0.69,11.49,2025,Siltara,Hourly,0,0
2025-01-12 17:30:00,27.14,17.95,31.14,6.58,149.85,46.86,2.38,8.52,0.71,11.49,2025,Siltara,Hourly,0,0
2025-01-12 17:45:00,56.87,29.4,60.96,6.87,190.47,46.94,2.01,14.14,0.7,11.5,2025,Siltara,Hourly,0,0
2025-01-12 18:00:00,51.93,20.75,52.49,6.58,190.47,49.27,0.74,13.54,0.68,11.5,2025,Siltara,Hourly,0,0
2025-01-12 18:15:00,51.98,20.49,53.22,4.05,190.47,49.27,1.01,3.05,0.73,11.5,2025,Siltara,Hourly,0,0
2025-01-12 18:30:00,54.16,25.06,56.53,4.81,190.47,49.27,1.11,10.39,0.7,11.49,2025,Siltara,Hourly,0,0
2025-01-12 18:45:00,44.48,14.5,43.25,5.02,190.47,49.58,0.89,5.03,0.68,11.49,2025,Siltara,Hourly,0,0
2025-01-12 19:00:00,46.34,12.64,43.77,5.44,258.39,58.56,0.88,13.6,0.71,11.49,2025,Siltara,Hourly,0,0
2025-01-12 19:15:00,48.33,12.88,45.49,5.45,258.39,58.56,1.2,5.72,0.69,11.5,2025,Siltara,Hourly,0,0
2025-01-12 19:30:00,49.75,13.33,46.86,5.41,258.39,58.56,0.97,8.73,0.71,11.5,2025,Siltara,Hourly,0,0
2025-01-12 19:45:00,50.74,13.9,47.95,5.35,266.25,58.75,0.31,197.72,0.71,11.51,2025,Siltara,Hourly,0,0
2025-01-12 20:00:00,51.7,14.06,48.81,4.81,274.86,64.28,2.26,224.6,0.69,11.5,2025,Siltara,Hourly,0,0
2025-01-12 20:15:00,51.89,14.4,49.14,4.4,274.86,64.28,2.32,214.92,0.71,11.5,2025,Siltara,Hourly,0,0
2025-01-12 20:30:00,51.44,14.53,48.84,4.49,274.86,64.28,1.63,228.19,0.7,11.5,2025,Siltara,Hourly,0,0
2025-01-12 20:45:00,49.89,14.02,47.34,4.72,135.98,63.78,0.98,130.9,0.71,11.49,2025,Siltara,Hourly,0,0
2025-01-12 21:00:00,39.66,17.79,41.1,6.27,135.98,49.23,1.77,83.05,0.7,11.5,2025,Siltara,Hourly,0,0
2025-01-12 21:15:00,42.42,13.52,41.08,4.93,135.98,49.23,0.89,188.31,0.71,11.5,2025,Siltara,Hourly,0,0
2025-01-12 21:30:00,40.67,15.77,40.86,5.02,135.98,49.23,0.59,264.29,0.69,11.5,2025,Siltara,Hourly,0,0
2025-01-12 21:45:00,41.02,14.1,40.26,4.4,134.37,48.95,0.15,29.53,0.7,11.5,2025,Siltara,Hourly,0,0
2025-01-12 22:00:00,46.15,12.52,43.55,4.47,119.85,40.64,0.51,21.47,0.69,11.51,2025,Siltara,Hourly,0,0
2025-01-12 22:15:00,47.72,12.27,44.68,3.33,119.85,40.64,0.07,226.61,0.71,11.5,2025,Siltara,Hourly,0,0
2025-01-12 22:30:00,46.6,13.44,44.39,5.51,119.85,40.64,0.37,138.66,0.72,11.5,2025,Siltara,Hourly,0,0
2025-01-12 22:45:00,45.13,13.95,43.48,5.98,114.81,40.35,1.02,173.99,0.73,11.5,2025,Siltara,Hourly,0,0
2025-01-12 23:00:00,44.63,13.58,42.89,5.93,69.44,31.97,0.96,188.51,0.71,11.5,2025,Siltara,Hourly,0,0
2025-01-12 23:15:00,43.3,13.33,41.69,5.59,69.44,31.97,1.17,184.57,0.71,11.51,2025,Siltara,Hourly,0,0
2025-01-12 23:30:00,42.75,12.85,40.99,5.39,69.44,31.97,1.29,205.03,0.67,11.5,2025,Siltara,Hourly,0,0
2025-01-12 23:45:00,42.04,12.87,40.44,4.97,65.54,31.39,1.34,230.01,0.71,11.5,2025,Siltara,Hourly,0,0
