WD,NO2_lag1,PM2.5_ema_12,gap_length,PM2.5_lag24,PM2.5_roll_std_12,is_imputed,PM2.5_roll_mean_3,NH3,NOx,NOx_lag1,Year,PM2.5_lag48,Month,NO,PM2.5_pct_change,Day,PM10,PM2.5_lag12,PM2.5_roll_mean_12,PM10_lag1,DateTime,PM2.5_lag2,PM2.5_ema_6,Frequency,PM2.5_lag3,WS,NH3_lag1,NO_lag1,SO2_lag1,PM2.5_diff,PM2.5,PM2.5_roll_std_6,Location,PM2.5_lag1,Weekday,Hour_sin,PM2.5_roll_mean_6,Month_cos,SO2,PM2.5_roll_mean_24,NO_x_NO2,Month_sin,CO_x_NOx,CO_lag1,CO,PM2.5_roll_std_24,Hour_cos,PM2.5_roll_std_3,NO2,Hour,PM2.5_lag6
270.66,10.03,24.757312802474118,0,7.38,5.355331809316657,0,32.79666666666667,7.19,27.67,31.4,2022,30.89,1,19.08,0.0,8,106.71,20.49,24.31833333333333,125.57,2022-01-08 04:00:00,32.92,28.323453208050708,Hourly,32.55,0.16,7.77,22.15,12.39,0.0,30.81,6.746103072638797,AIIMS,32.92,5,0.8660254037844386,26.96666666666667,0.8660254037844387,12.95,16.646666666666665,186.41159999999996,0.49999999999999994,31.8205,1.26,1.15,9.215441515133207,0.5000000000000001,0.2136195996007733,9.77,4,23.96
122.73,9.77,25.68849544824733,0,5.76,5.511028337192015,0,32.21666666666667,6.83,32.9,27.67,2022,31.0,1,21.14,-0.06409477521263678,8,97.98,22.37,25.17833333333333,106.71,2022-01-08 05:00:00,32.92,29.033895148607648,Hourly,32.92,0.23,7.19,19.08,12.95,-2.110000000000003,26.3,6.715061925750693,AIIMS,30.81,5,0.9659258262890683,28.108333333333334,0.8660254037844387,12.8,17.622916666666665,248.6064,0.49999999999999994,33.558,1.15,1.02,9.429638048826906,0.25881904510252074,1.2182090679902253,11.76,5,22.13
171.33,11.76,25.782573071593895,0,4.48,5.445349071928408,0,30.01,7.17,33.47,32.9,2022,30.14,1,21.84,-0.14638104511522226,8,91.92,21.34,25.50583333333333,97.98,2022-01-08 06:00:00,30.81,28.252782249005463,Hourly,32.92,0.15,6.83,21.14,12.8,-4.509999999999998,26.3,6.165901934564529,AIIMS,26.3,5,1.0,28.80333333333333,0.8660254037844387,12.47,18.47875,253.78079999999997,0.49999999999999994,33.8047,1.02,1.01,9.236270333522784,6.123233995736766e-17,3.381730326327091,11.62,6,17.32
184.1,11.62,25.862177214425603,0,3.62,5.2863158821679095,0,27.80333333333333,6.99,27.34,33.47,2022,28.28,1,18.41,0.0,8,84.55,22.69,25.91916666666667,91.92,2022-01-08 07:00:00,26.3,27.69484446357533,Hourly,30.81,0.44,7.17,21.84,12.47,0.0,22.11,3.1953528756617686,AIIMS,26.3,5,0.9659258262890683,30.3,0.8660254037844387,12.8,19.387916666666666,167.1628,0.49999999999999994,24.0592,1.01,0.88,8.864851934400294,-0.25881904510252063,2.603849714045286,9.08,7,32.55
227.04,9.08,25.284919181437047,0,3.86,5.321061852903452,0,24.903333333333332,6.52,24.99,27.34,2022,24.85,1,16.81,-0.1593155893536122,8,76.99,22.16,25.870833333333337,84.55,2022-01-08 08:00:00,26.3,26.09917461683952,Hourly,26.3,0.7,6.99,18.41,12.8,-4.190000000000001,23.29,4.356590409942154,AIIMS,22.11,5,0.8660254037844387,28.560000000000002,0.8660254037844387,13.19,20.158333333333335,142.2126,0.49999999999999994,20.741699999999998,0.88,0.83,8.214532015391024,-0.4999999999999998,2.419097627904626,8.46,8,32.92
238.49,8.46,24.97800853813904,0,7.39,5.259058851163398,0,23.900000000000002,6.07,27.33,24.99,2022,24.55,1,13.99,0.053369516056083206,8,71.28,20.97,25.965,76.99,2022-01-08 09:00:00,22.11,25.296553297742513,Hourly,26.3,0.94,6.52,16.81,13.19,1.1799999999999997,23.29,4.20015594948568,AIIMS,23.29,5,0.7071067811865476,26.955,0.8660254037844387,12.72,20.967916666666667,244.82500000000002,0.49999999999999994,32.249399999999994,0.83,1.18,7.461343263588768,-0.7071067811865475,2.160578626201896,17.5,9,32.92
241.86,17.5,24.71831491688688,0,9.53,5.098946118086716,0,22.896666666666665,5.89,22.87,27.33,2022,26.77,1,7.87,0.0,8,69.93,23.96,26.158333333333335,71.28,2022-01-08 10:00:00,23.29,24.723252355530366,Hourly,22.11,1.02,6.07,13.99,12.72,0.0,21.9,3.1812387524359043,AIIMS,23.29,5,0.49999999999999994,25.349999999999998,0.8660254037844387,12.79,21.630416666666665,119.3879,0.49999999999999994,24.242200000000004,1.18,1.06,6.887121869469683,-0.8660254037844387,0.6812733176441164,15.17,10,30.81
335.53,15.17,24.284728006596588,0,9.3,5.213085516856661,0,22.826666666666668,5.03,16.79,22.87,2022,29.26,1,5.15,-0.059682267067410935,8,75.38,22.13,25.986666666666665,69.93,2022-01-08 11:00:00,23.29,23.916608825378834,Hourly,23.29,0.86,5.89,7.87,12.79,-1.3900000000000006,27.53,1.972863401252089,AIIMS,21.9,5,0.258819045102521,23.865,0.8660254037844387,13.63,22.145833333333332,62.315000000000005,0.49999999999999994,18.3011,1.06,1.09,6.386885964133118,-0.9659258262890682,0.8025168741738848,12.1,11,26.3
161.54,12.1,24.784000620966346,0,11.17,5.081310377404163,0,24.24,4.49,16.0,16.79,2022,30.98,1,3.03,0.2570776255707764,8,75.38,17.32,26.436666666666667,75.38,2022-01-08 12:00:00,21.9,24.949006303842026,Hourly,23.29,0.73,5.03,5.15,13.63,5.630000000000003,27.53,2.311354581192587,AIIMS,27.53,5,1.2246467991473532e-16,24.069999999999997,0.8660254037844387,13.55,22.905416666666667,39.2991,0.49999999999999994,16.32,1.09,1.02,5.854577532129043,-1.0,2.9327632021696664,12.97,12,26.3
119.91,12.97,25.206462063894598,0,11.61,4.1931938901033545,0,25.653333333333336,4.88,29.04,16.0,2022,31.64,1,9.27,0.0,8,59.21,32.55,27.287499999999998,75.38,2022-01-08 13:00:00,27.53,25.68643307417288,Hourly,21.9,0.37,4.49,3.03,13.55,0.0,24.21,2.5868262407823135,AIIMS,27.53,5,-0.2588190451025208,24.275000000000002,0.8660254037844387,10.09,23.587083333333336,183.2679,0.49999999999999994,44.4312,1.02,1.53,5.3603394434751435,-0.9659258262890683,3.250482015537662,19.77,13,22.11
98.29,19.77,25.053160207910814,0,16.48,3.92419563269168,0,26.423333333333332,4.84,23.05,29.04,2022,29.74,1,5.27,-0.12059571376679987,8,63.49,32.92,26.5925,59.21,2022-01-08 14:00:00,27.53,25.264595052980628,Hourly,27.53,0.52,4.88,9.27,10.09,-3.3200000000000003,24.21,2.368136398098714,AIIMS,24.21,5,-0.4999999999999997,24.625,0.8660254037844387,11.76,24.11208333333333,93.7006,0.49999999999999994,27.66,1.53,1.2,4.714395142324311,-0.8660254037844388,1.9168028937096684,17.78,14,23.29
348.72,17.78,24.923443252847612,0,17.12,3.4206520732253205,0,25.316666666666666,4.54,14.9,23.05,2022,30.08,1,3.09,0.0,8,63.49,32.92,25.86666666666667,63.49,2022-01-08 15:00:00,24.21,24.96328218070045,Hourly,27.53,0.58,4.84,5.27,11.76,0.0,21.59,2.293001671753995,AIIMS,24.21,5,-0.7071067811865471,24.778333333333332,0.8660254037844387,12.07,24.434166666666666,36.4929,0.49999999999999994,16.241000000000003,1.2,1.09,4.425509959970393,-0.7071067811865479,1.9168028937096728,11.81,15,23.29
229.31,11.81,24.410605829332596,0,20.49,2.805067249234382,0,23.336666666666662,4.48,20.21,14.9,2022,31.12,1,5.03,-0.10821974390747628,8,59.45,30.81,24.9225,63.49,2022-01-08 16:00:00,24.21,23.999487271928892,Hourly,24.21,0.64,4.54,3.09,12.07,-2.620000000000001,22.82,2.598382188978356,AIIMS,21.59,5,-0.8660254037844385,24.495,0.8660254037844387,10.49,24.620416666666667,76.30510000000001,0.49999999999999994,20.816300000000002,1.09,1.03,4.192217924105145,-0.5000000000000004,1.5126577052769763,15.17,16,21.9
230.82,15.17,24.165897240204504,0,22.37,2.1530162070636765,0,22.873333333333335,4.29,17.21,20.21,2022,32.11,1,4.27,0.05697081982399261,8,59.45,26.3,24.25666666666667,59.45,2022-01-08 17:00:00,21.59,23.66249090852064,Hourly,24.21,0.55,4.48,5.03,10.49,1.2300000000000004,22.82,2.4367389410165825,AIIMS,22.82,5,-0.9659258262890683,24.64833333333333,0.8660254037844387,10.82,24.7175,55.25379999999999,0.49999999999999994,17.21,1.03,1.0,4.118742157081671,-0.25881904510252063,1.3108139964670105,12.94,17,27.53
232.1,12.94,23.95883612632689,0,21.34,2.0860982864204005,0,22.409999999999997,4.21,12.17,17.21,2022,32.19,1,2.61,0.0,8,61.14,26.3,23.96666666666667,59.45,2022-01-08 18:00:00,22.82,23.421779220371885,Hourly,21.59,1.1,4.29,4.27,10.82,0.0,19.19,2.050850230189086,AIIMS,22.82,5,-1.0,23.863333333333333,0.8660254037844387,11.66,24.736250000000002,24.9516,0.49999999999999994,11.4398,1.0,0.94,4.108602653076786,-1.8369701987210297e-16,0.7101408311035828,9.56,18,27.53
244.91,9.56,23.225169029968907,0,22.69,2.355444209537236,0,21.61,5.0,37.24,12.17,2022,31.83,1,10.44,-0.15907099035933386,8,85.4,22.11,23.374166666666667,61.14,2022-01-08 19:00:00,22.82,22.212699443122776,Hourly,22.82,0.52,4.21,2.61,11.66,-3.629999999999999,15.62,1.888540882974645,AIIMS,19.19,5,-0.9659258262890684,22.473333333333333,0.8660254037844387,9.1,24.646666666666665,279.6876,0.49999999999999994,37.6124,0.94,1.01,4.208107771254533,0.2588190451025203,2.0957814771584604,26.79,19,24.21
235.26,26.79,22.055143025358305,0,22.16,3.2480520969101607,0,19.21,5.3,33.31,37.24,2022,27.93,1,8.62,-0.1860343929129756,8,109.05,23.29,22.833333333333332,85.4,2022-01-08 20:00:00,19.19,20.329071030801984,Hourly,22.82,0.58,5.0,10.44,9.1,-3.570000000000002,20.39,3.146015999111684,AIIMS,15.62,5,-0.8660254037844386,21.041666666666668,0.8660254037844387,10.03,24.35208333333333,217.82739999999998,0.49999999999999994,36.307900000000004,1.01,1.09,4.581899149789377,0.5000000000000001,3.6000416664256196,25.27,20,24.21
179.35,25.27,21.798967175303183,0,20.97,3.3181151093336028,0,18.400000000000002,5.47,28.88,33.31,2022,25.71,1,9.44,0.3053777208706787,8,109.05,23.29,22.59166666666667,109.05,2022-01-08 21:00:00,15.62,20.346479307715704,Hourly,19.19,0.29,5.3,8.62,10.03,4.770000000000001,20.56,2.7364703543068085,AIIMS,20.39,5,-0.7071067811865477,20.405,0.8660254037844387,12.56,24.278333333333332,183.4192,0.49999999999999994,33.7896,1.09,1.17,4.6326803835611114,0.7071067811865474,2.4811892309939947,19.43,21,21.59
190.49,19.43,21.608356840641154,0,23.96,3.3592165166985994,0,18.85666666666667,6.87,45.41,28.88,2022,26.06,1,20.55,0.008337420304070533,8,127.43,21.9,22.364166666666666,109.05,2022-01-08 22:00:00,20.39,20.407485219796932,Hourly,15.62,0.23,5.47,9.44,12.56,0.16999999999999815,27.05,2.6789674627861197,AIIMS,20.56,5,-0.5000000000000004,20.23333333333333,0.8660254037844387,13.21,24.26125,510.873,0.49999999999999994,69.9314,1.17,1.54,4.646146895897816,0.8660254037844384,2.8043240421416864,24.86,22,22.82
121.06,24.86,22.445532711311746,0,22.13,3.6138504605911987,0,22.666666666666668,7.62,47.76,45.41,2022,32.34,1,25.44,0.3156614785992219,8,134.47,27.53,22.793333333333337,127.43,2022-01-08 23:00:00,20.56,22.305346585569236,Hourly,20.39,0.21,6.87,20.55,13.21,6.490000000000002,27.05,3.8125656278504496,AIIMS,27.05,5,-0.25881904510252157,20.938333333333333,0.8660254037844387,11.25,24.39,589.6992,0.49999999999999994,89.3112,1.54,1.87,4.680125416379728,0.9659258262890681,3.7970295407507386,23.18,23,22.82
213.94,23.18,23.153912294186863,0,17.32,3.558894959581331,0,24.886666666666667,4.0,7.18,47.76,2022,43.86,1,3.61,0.0,9,27.44,27.53,22.753333333333334,134.47,2022-01-09 01:00:00,27.05,23.660961846835168,Hourly,20.56,0.89,7.62,25.44,11.25,0.0,6.97,4.549899632592645,AIIMS,27.05,6,0.25881904510252074,21.643333333333334,0.8660254037844387,7.95,24.595000000000002,13.4653,0.49999999999999994,3.4463999999999997,1.87,0.48,4.684579699025494,0.9659258262890683,3.7470032470407193,3.73,1,19.19
210.52,3.73,20.66407963354273,0,32.55,5.48049433735847,0,20.356666666666666,4.0,7.29,7.18,2022,57.23,1,3.69,-0.7423290203327172,9,19.26,24.21,21.040000000000003,27.44,2022-01-09 02:00:00,27.05,18.892115604882264,Hourly,27.05,0.76,4.0,3.61,7.95,-20.080000000000002,6.97,7.5882505669401,AIIMS,6.97,6,0.49999999999999994,19.606666666666666,0.8660254037844387,10.26,24.163749999999997,13.5054,0.49999999999999994,3.3534,0.48,0.46,5.740751210122399,0.8660254037844387,11.59319340532771,3.66,2,15.62
194.59,3.66,18.557298151459232,0,32.92,6.698316387290354,0,13.663333333333334,4.0,6.69,7.29,2022,11.24,1,3.72,0.0,9,14.66,24.21,19.603333333333335,19.26,2022-01-09 03:00:00,6.97,15.485796860630188,Hourly,27.05,0.65,4.0,3.69,10.26,0.0,5.49,9.156736864189126,AIIMS,6.97,6,0.7071067811865476,18.165000000000003,0.8660254037844387,10.49,23.097916666666666,11.5692,0.49999999999999994,2.5422000000000002,0.46,0.38,6.447193510874845,0.7071067811865476,11.593193405327721,3.11,3,20.39
216.21,3.11,16.546944589696274,0,32.92,7.641415068063265,0,6.476666666666667,4.0,6.41,6.69,2022,9.01,1,3.95,-0.21233859397417498,9,14.66,21.59,18.043333333333333,14.66,2022-01-09 04:00:00,6.97,12.629854900450134,Hourly,6.97,0.84,4.0,3.72,10.49,-1.4799999999999995,5.49,10.372391077599556,AIIMS,5.49,6,0.8660254037844386,15.681666666666665,0.8660254037844387,8.43,21.955,9.9145,0.49999999999999994,2.564,0.38,0.4,7.034820846889146,0.5000000000000001,0.8544783984012893,2.51,4,20.56
225.84,2.51,14.845876191281462,0,30.81,8.34326057184462,0,5.983333333333334,4.0,7.19,6.41,2022,7.38,1,4.16,0.0,9,11.09,22.82,16.701666666666664,14.66,2022-01-09 05:00:00,5.49,10.589896357464383,Hourly,6.97,1.18,4.0,3.95,8.43,0.0,4.23,10.771755660058405,AIIMS,5.49,6,0.9659258262890683,13.170000000000002,0.8660254037844387,9.92,20.812083333333334,12.687999999999999,0.49999999999999994,2.7322,0.4,0.38,7.394930683842858,0.25881904510252074,0.8544783984013008,3.05,5,27.05
189.49,3.05,13.212664469545853,0,26.3,8.81640735426646,0,5.07,4.0,6.99,7.19,2022,5.76,1,4.36,-0.22950819672131142,9,11.09,22.82,15.152500000000002,11.09,2022-01-09 06:00:00,5.49,8.77278311247456,Hourly,5.49,0.65,4.0,4.16,9.92,-1.2599999999999998,3.01,8.725029894886724,AIIMS,4.23,6,1.0,9.366666666666667,0.8660254037844387,10.98,19.704583333333336,12.513200000000001,0.49999999999999994,2.4465,0.38,0.35,7.811153663702376,6.123233995736766e-17,0.7274613391797224,2.87,6,27.05
221.36,2.87,11.643023781923413,0,26.3,9.100280548455972,0,4.243333333333333,4.0,7.6,6.99,2022,4.48,1,5.19,-0.28841607565011834,9,10.56,19.19,13.501666666666667,11.09,2022-01-09 07:00:00,4.23,7.1262736517675425,Hourly,5.49,0.95,4.0,4.36,10.98,-1.2200000000000006,4.03,1.5503160968010616,AIIMS,3.01,6,0.9659258262890683,5.359999999999999,0.8660254037844387,10.19,18.734166666666667,13.7535,0.49999999999999994,3.1159999999999997,0.35,0.41,8.382002934168291,-0.25881904510252063,1.2400537622758634,2.65,7,6.97
225.99,2.65,10.471789353935197,0,22.11,9.289140123952501,0,3.7566666666666664,4.0,9.44,7.6,2022,3.62,1,6.57,0.3388704318936879,9,12.98,15.62,12.238333333333335,10.56,2022-01-09 08:00:00,3.01,6.241624036976816,Hourly,4.23,1.13,4.0,5.19,10.19,1.0200000000000005,4.03,1.3966817819390684,AIIMS,4.03,6,0.8660254037844387,4.87,0.8660254037844387,10.76,17.80625,18.855900000000002,0.49999999999999994,5.0976,0.41,0.54,8.73334280962535,-0.4999999999999998,0.6543189843910564,2.87,8,6.97
235.27,2.87,9.480744837945167,0,23.29,9.505579342489531,0,3.69,4.0,14.85,9.44,2022,3.86,1,9.89,0.0,9,26.61,20.39,11.2725,12.98,2022-01-09 09:00:00,4.03,5.60973145498344,Hourly,3.01,1.14,4.0,6.57,10.76,0.0,3.82,0.9600624979658907,AIIMS,4.03,6,0.7071067811865476,4.38,0.8660254037844387,11.36,17.052916666666665,49.0544,0.49999999999999994,12.473999999999998,0.54,0.84,9.117307706710386,-0.7071067811865475,0.588897274574448,4.96,9,5.49
246.34,4.96,8.609861016722833,0,23.29,9.26109637465274,0,3.9600000000000004,4.0,21.67,14.85,2022,7.39,1,10.4,-0.0521091811414393,9,32.39,20.56,9.891666666666666,26.61,2022-01-09 10:00:00,4.03,5.098379610702458,Hourly,4.03,1.18,4.0,9.89,11.36,-0.2100000000000004,8.28,0.8031541985616341,AIIMS,3.82,6,0.49999999999999994,4.101666666666667,0.8660254037844387,11.04,16.241666666666667,117.208,0.49999999999999994,21.0199,0.84,0.97,9.400036385991868,-0.8660254037844387,0.12124355653477453,11.27,10,5.49
318.29,11.27,8.559113167996243,0,21.9,8.632204851951828,0,5.376666666666666,4.0,21.64,21.67,2022,9.53,1,8.63,1.1675392670157065,9,50.67,27.05,8.868333333333334,32.39,2022-01-09 11:00:00,3.82,6.007414007644613,Hourly,4.03,1.18,4.0,10.4,11.04,4.459999999999999,14.75,1.8686322984116392,AIIMS,8.28,6,0.258819045102521,4.566666666666666,0.8660254037844387,10.66,15.61625,121.33780000000002,0.49999999999999994,22.2892,0.97,1.03,9.410025556727298,-0.9659258262890682,2.516551873761889,14.06,11,4.23
248.98,14.06,9.51155729599682,0,27.53,6.816277754335022,0,8.950000000000001,4.0,19.76,21.64,2022,9.3,1,6.65,0.781400966183575,9,50.67,27.05,7.843333333333334,50.67,2022-01-09 12:00:00,8.28,8.505295719746151,Hourly,3.82,1.3,4.0,8.63,10.66,6.470000000000001,14.75,4.529918321559501,AIIMS,14.75,6,1.2246467991473532e-16,6.32,0.8660254037844387,10.11,15.318333333333335,87.1815,0.49999999999999994,19.76,1.03,1.0,9.315139928313368,-1.0,5.495716513795175,13.11,12,3.01
239.2,13.11,10.317471558151155,0,27.53,4.014480229762203,0,12.593333333333334,4.0,11.1,19.76,2022,11.17,1,3.44,0.0,9,48.98,6.97,6.8183333333333325,50.67,2022-01-09 13:00:00,14.75,10.289496942675822,Hourly,8.28,1.23,4.0,6.65,10.11,0.0,13.27,5.286555274152258,AIIMS,14.75,6,-0.2588190451025208,8.276666666666666,0.8660254037844387,13.27,14.785833333333334,26.488,0.49999999999999994,9.99,1.0,0.9,8.944624286306743,-0.9659258262890683,3.7354562416569923,7.7,13,4.03
263.89,7.7,10.771706703050977,0,24.21,4.426881383985667,0,14.256666666666668,4.0,10.33,11.1,2022,11.61,1,2.29,-0.10033898305084749,9,59.53,6.97,7.343333333333334,48.98,2022-01-09 14:00:00,14.75,11.141069244768444,Hourly,14.75,1.28,4.0,3.44,13.27,-1.4800000000000004,19.16,5.146026298676195,AIIMS,13.27,6,-0.4999999999999997,9.816666666666668,0.8660254037844387,12.82,14.191666666666668,18.4116,0.49999999999999994,9.9168,0.9,0.96,8.525042734390745,-0.8660254037844388,0.8544783984011048,8.04,14,4.03
354.81,8.04,12.062213364120058,0,24.21,5.581473344643846,0,15.726666666666667,4.0,18.09,10.33,2022,16.48,1,4.37,0.4438583270535042,9,59.53,5.49,8.359166666666667,59.53,2022-01-09 15:00:00,13.27,13.432192317691745,Hourly,14.75,0.49,4.0,2.29,12.82,5.890000000000001,19.16,5.441828430469575,AIIMS,19.16,6,-0.7071067811865471,12.338333333333333,0.8660254037844387,12.75,13.981249999999998,59.9564,0.49999999999999994,18.8136,0.96,1.04,8.327040453690094,-0.7071067811865479,3.064055047373343,13.72,15,3.82
239.35,13.72,13.154180538870818,0,21.59,6.292381877871826,0,17.19666666666667,4.0,11.1,18.09,2022,17.12,1,2.94,0.0,9,51.69,5.49,9.498333333333333,59.53,2022-01-09 16:00:00,19.16,15.068708798351246,Hourly,13.27,0.91,4.0,4.37,12.75,0.0,18.29,4.069922603686737,AIIMS,19.16,6,-0.8660254037844385,14.894999999999998,0.8660254037844387,10.35,13.770833333333334,23.9904,0.49999999999999994,11.433,1.04,1.03,8.118525201616077,-0.5000000000000004,3.400593085526995,8.16,16,8.28
244.61,8.16,13.944306609813768,0,22.82,6.62713499046294,0,18.87,4.0,8.56,11.1,2022,20.49,1,3.18,-0.04540709812108565,9,51.69,4.23,10.565,51.69,2022-01-09 17:00:00,19.16,15.989077713108031,Hourly,19.16,1.18,4.0,2.94,10.35,-0.870000000000001,18.29,2.6034259479898516,AIIMS,18.29,6,-0.9659258262890683,16.563333333333336,0.8660254037844387,13.61,13.633333333333335,17.6172,0.49999999999999994,7.6184,1.03,0.89,8.007523998072697,-0.25881904510252063,0.5022947341955829,5.54,17,14.75
215.07,5.54,14.612874823688573,0,22.82,6.648156727904955,0,18.58,4.0,8.59,8.56,2022,22.37,1,3.74,0.0,9,47.27,3.01,11.736666666666666,51.69,2022-01-09 18:00:00,18.29,16.64648408079145,Hourly,19.16,0.92,4.0,3.18,13.61,0.0,17.54,2.5097303972074054,AIIMS,18.29,6,-1.0,17.153333333333332,0.8660254037844387,8.29,13.444583333333332,20.1212,0.49999999999999994,7.215599999999999,0.89,0.84,7.833053699140789,-1.8369701987210297e-16,0.5022947341955921,5.38,18,14.75
213.45,5.38,15.06320177389033,0,19.19,6.223915933353742,0,18.040000000000003,4.0,9.57,8.59,2022,21.34,1,3.53,-0.04100601421541826,9,47.27,4.03,12.947499999999998,47.27,2022-01-09 19:00:00,18.29,16.901774343422463,Hourly,18.29,0.7,4.0,3.74,8.29,-0.75,13.3,2.2167491212734993,AIIMS,17.54,6,-0.9659258262890684,17.618333333333332,0.8660254037844387,14.84,13.224583333333333,21.356499999999997,0.49999999999999994,7.1775,0.84,0.75,7.6297962700971524,0.2588190451025203,0.4330127018929535,6.05,19,13.27
210.08,6.05,14.791939962522587,0,15.62,5.55591249358408,0,16.376666666666665,4.0,15.1,9.57,2022,22.69,1,5.71,-0.24173318129988589,9,41.85,4.03,13.72,47.27,2022-01-09 20:00:00,17.54,15.872695959587475,Hourly,18.29,0.6,4.0,3.53,14.84,-4.239999999999998,11.5,2.2049822372678713,AIIMS,13.3,6,-0.8660254037844386,17.62333333333333,0.8660254037844387,14.76,12.979166666666666,53.6169,0.49999999999999994,11.174,0.75,0.74,7.523560625977146,0.5000000000000001,2.6907310035256238,9.39,20,19.16
197.85,9.39,14.285487660596036,0,20.39,4.728367246543128,0,14.113333333333335,4.0,17.02,15.1,2022,22.16,1,5.91,-0.1353383458646617,9,41.85,3.82,14.342500000000001,41.85,2022-01-09 21:00:00,13.3,14.623354256848195,Hourly,17.54,0.65,4.0,5.71,14.76,-1.8000000000000007,13.38,3.1516450730795897,AIIMS,11.5,6,-0.7071067811865477,16.346666666666668,0.8660254037844387,12.74,12.8075,65.6601,0.49999999999999994,13.616,0.74,0.8,7.507671004582146,0.7071067811865474,3.1010535844022553,11.11,21,19.16
217.07,11.11,14.146181866658186,0,20.56,3.418124042467884,0,12.726666666666667,4.0,9.5,17.02,2022,20.97,1,3.6,0.1634782608695653,9,38.91,8.28,15.139166666666666,41.85,2022-01-09 22:00:00,11.5,14.268110183462998,Hourly,13.3,0.6,4.0,5.91,12.74,1.8800000000000008,13.38,2.999417721269725,AIIMS,13.38,6,-0.5000000000000004,15.383333333333333,0.8660254037844387,13.6,12.515416666666667,21.78,0.49999999999999994,7.6000000000000005,0.8,0.8,7.3342075113021306,0.8660254037844384,1.0630772941485096,6.05,22,18.29
202.2,6.05,14.028307733326159,0,27.05,2.7369241472643706,0,12.753333333333336,4.0,8.72,9.5,2022,23.96,1,4.22,0.0,9,40.92,14.75,15.564166666666665,38.91,2022-01-09 23:00:00,13.38,14.014364416759285,Hourly,11.5,0.35,4.0,3.6,13.6,0.0,13.31,2.7029298918026385,AIIMS,13.38,6,-0.25881904510252157,14.565,0.8660254037844387,15.42,12.21625,20.1716,0.49999999999999994,6.6272,0.8,0.76,7.1355447142853246,0.9659258262890681,1.0854185060768573,4.78,23,18.29
187.54,4.78,13.917798851275979,0,27.05,2.806549024022641,0,13.356666666666667,20.06,24.41,8.72,2022,22.13,1,9.5,-0.005231689088191351,10,69.44,14.75,15.444166666666666,40.92,2022-01-10 01:00:00,13.38,13.813117440542346,Hourly,13.38,0.7,4.0,4.22,15.42,-0.07000000000000028,25.01,2.00475185496865,AIIMS,13.31,0,0.25881904510252074,13.735000000000001,0.8660254037844387,17.34,11.643749999999999,142.595,0.49999999999999994,26.362800000000004,0.76,1.08,6.407732972575097,0.9659258262890683,0.04041451885279329,15.01,1,17.54
306.71,15.01,15.624291335695059,0,6.97,3.9184283916649636,0,17.233333333333334,20.43,28.58,24.41,2022,17.32,1,9.17,0.879038317054846,10,62.58,13.27,16.299166666666665,69.44,2022-01-10 02:00:00,13.31,17.012226743244533,Hourly,13.38,0.66,20.06,9.5,17.34,11.700000000000001,22.49,4.9687543710672815,AIIMS,25.01,0,0.49999999999999994,14.979999999999999,0.8660254037844387,17.29,11.558749999999998,179.6403,0.49999999999999994,28.8658,1.08,1.01,6.204797101051525,0.8660254037844387,6.7348818351426205,19.59,2,13.3
109.73,19.59,16.680554207126587,0,6.97,4.166548877122954,0,20.27,17.68,28.74,28.58,2022,32.55,1,9.33,-0.1007596961215515,10,59.97,19.16,17.0675,62.58,2022-01-10 03:00:00,25.01,18.577304816603238,Hourly,13.31,1.01,20.43,9.17,17.29,-2.520000000000003,23.95,5.708665051189012,AIIMS,22.49,0,0.7071067811865476,16.511666666666667,0.8660254037844387,15.48,12.205416666666666,184.5474,0.49999999999999994,25.866,1.01,0.9,6.507146559021068,0.7071067811865476,6.15782429109508,19.78,3,11.5
125.57,19.78,17.798930482953267,0,5.49,4.592876566109212,0,23.816666666666666,18.36,29.02,28.74,2022,32.92,1,11.19,0.0649177412183193,10,58.12,19.16,17.46666666666667,59.97,2022-01-10 04:00:00,22.49,20.112360583288027,Hourly,25.01,1.51,17.68,9.33,15.48,1.4600000000000009,23.95,5.784851481815829,AIIMS,23.95,0,0.8660254037844386,18.58666666666667,0.8660254037844387,16.73,12.912916666666666,207.79829999999998,0.49999999999999994,25.5376,0.9,0.88,6.828330675856333,0.5000000000000001,1.265279942674306,18.57,4,13.38
123.43,18.57,18.745248870191226,0,5.49,4.947854371218688,0,23.463333333333335,20.53,34.22,29.02,2022,32.92,1,15.01,0.0,10,58.12,18.29,17.86583333333333,58.12,2022-01-10 05:00:00,23.95,21.208828988062876,Hourly,22.49,1.39,18.36,11.19,16.73,0.0,21.12,5.483752061013221,AIIMS,23.95,0,0.9659258262890683,20.348333333333333,0.8660254037844387,15.57,13.682083333333333,288.192,0.49999999999999994,26.6916,0.88,0.78,6.993534268020071,0.25881904510252074,0.8429313930171898,19.2,5,13.38
193.68,19.2,19.110595197854114,0,4.23,5.036558769876933,0,23.00666666666667,19.09,37.34,34.22,2022,30.81,1,17.27,-0.11816283924843417,10,59.54,18.29,18.101666666666667,58.12,2022-01-10 06:00:00,23.95,21.18344927718777,Hourly,23.95,1.64,20.53,15.01,15.57,-2.8299999999999983,22.97,4.299090213832075,AIIMS,21.12,0,1.0,21.638333333333332,0.8660254037844387,13.93,14.333333333333334,346.6089,0.49999999999999994,31.739,0.78,0.85,6.924915109614149,6.123233995736766e-17,1.6339012618068167,20.07,6,13.31
119.6,20.07,19.704349782799632,0,3.01,5.229950170687937,0,22.679999999999996,19.84,39.18,37.34,2022,26.3,1,20.69,0.08759469696969686,10,66.74,17.54,18.491666666666667,59.54,2022-01-10 07:00:00,21.12,21.693892340848407,Hourly,23.95,0.96,19.09,17.27,13.93,1.8499999999999979,23.59,1.3616521827055141,AIIMS,22.97,0,0.9659258262890683,23.248333333333335,0.8660254037844387,15.22,15.114166666666668,384.2133,0.49999999999999994,40.7472,0.85,1.04,6.791408201714786,-0.25881904510252063,1.4371151658794026,18.57,7,25.01
129.5,18.57,20.30214212390738,0,4.03,5.4180950331162325,0,22.56,22.51,37.82,39.18,2022,26.3,1,21.7,0.026991728341314802,10,96.88,13.3,18.995833333333334,66.74,2022-01-10 08:00:00,22.97,22.235637386320292,Hourly,21.12,0.26,19.84,20.69,15.22,0.620000000000001,40.8,1.0906588223026916,AIIMS,23.59,0,0.8660254037844387,23.011666666666667,0.8660254037844387,15.57,15.97166666666667,349.80400000000003,0.49999999999999994,40.089200000000005,1.04,1.06,6.489174039132018,-0.4999999999999998,1.2850291825482356,16.12,8,22.49
197.39,16.12,23.45565872022932,0,4.03,7.99358620736309,0,29.119999999999994,23.23,50.95,37.82,2022,22.11,1,20.73,0.7295464179737176,10,127.6,11.5,21.287499999999998,96.88,2022-01-10 09:00:00,23.59,27.53974099022878,Hourly,22.97,0.51,22.51,21.7,15.57,17.209999999999997,59.06,7.296908020981667,AIIMS,40.8,0,0.7071067811865476,26.063333333333333,0.8660254037844387,30.48,17.50375,647.8125,0.49999999999999994,78.97250000000001,1.06,1.55,7.762854031694228,-0.7071067811865475,10.11992588905672,31.25,9,23.95
358.15,31.25,28.933249686347885,0,3.82,12.952157039261722,0,41.15,21.85,52.42,50.95,2022,23.29,1,19.0,0.44754901960784327,10,170.45,13.38,25.250833333333333,127.6,2022-01-10 10:00:00,40.8,36.54552927873485,Hourly,23.59,0.4,23.23,20.73,30.48,18.260000000000005,68.89,15.133315234937777,AIIMS,59.06,0,0.49999999999999994,31.915000000000003,0.8660254037844387,46.4,19.796666666666667,649.23,0.49999999999999994,82.2994,1.55,1.57,11.043834662741517,-0.8660254037844387,17.737590027960405,34.17,10,23.95
318.26,34.17,35.080442042294365,0,8.28,17.456497270921705,0,56.25,20.78,43.09,52.42,2022,23.29,1,14.57,0.16644090755164237,10,182.13,13.38,29.876666666666665,170.45,2022-01-10 11:00:00,59.06,45.786806627667744,Hourly,40.8,0.58,21.85,19.0,46.4,9.829999999999998,80.1,20.553320656283248,AIIMS,68.89,0,0.258819045102521,39.405,0.8660254037844387,36.27,22.507916666666663,415.5364,0.49999999999999994,63.7732,1.57,1.48,14.42176042416057,-0.9659258262890682,14.254266028105414,28.52,11,21.12
46.92,28.52,42.00652788194139,0,14.75,21.807634748714342,0,69.35000000000001,20.77,34.61,43.09,2022,21.9,1,9.61,0.16272318188416307,10,182.13,13.31,35.43666666666667,182.13,2022-01-10 12:00:00,68.89,55.59057616261981,Hourly,59.06,0.74,20.78,14.57,36.27,11.209999999999994,80.1,23.89210476287092,AIIMS,80.1,0,1.2246467991473532e-16,49.23499999999999,0.8660254037844387,30.46,25.500416666666666,240.25,0.49999999999999994,46.7235,1.48,1.35,18.27709197665724,-1.0,10.527540073540433,25.0,12,22.97
358.83,25.0,47.867062053950406,0,14.75,24.054453802305986,0,76.36333333333333,17.78,29.32,34.61,2022,27.53,1,4.94,0.0,10,142.62,25.01,41.0025,182.13,2022-01-10 13:00:00,80.1,62.59326868758558,Hourly,68.89,0.5,20.77,9.61,30.46,0.0,59.99,22.68474612303752,AIIMS,80.1,0,-0.2588190451025208,58.75666666666667,0.8660254037844387,22.35,28.223333333333333,120.4372,0.49999999999999994,29.0268,1.35,0.99,21.2345069181738,-0.9659258262890683,6.472096517615675,24.38,13,23.59
58.81,24.38,49.73212943026573,1,13.27,24.059741223198404,1,73.39666666666666,19.52,30.17,29.32,2022,27.53,1,4.2,-0.25106117353308355,10,113.7,22.49,43.9175,142.62,2022-01-10 14:00:00,80.1,61.8494776339897,Hourly,80.1,0.96,17.78,4.94,22.35,-20.109999999999992,59.055,14.946494795324616,AIIMS,59.99,0,-0.4999999999999997,64.82333333333334,0.8660254037844387,22.94,30.108333333333334,109.03200000000001,0.49999999999999994,29.8683,0.99,0.99,21.98132758317478,-0.8660254037844388,11.610513913403354,25.96,14,40.8
73.85,25.96,51.16641721022485,0,19.16,23.405850420386678,0,66.38166666666666,17.5,24.84,30.17,2022,24.21,1,3.43,-0.01558593098849812,10,84.78,23.95,46.96458333333334,113.7,2022-01-10 15:00:00,59.99,61.05105545284979,Hourly,80.1,0.99,19.52,4.2,22.94,-0.9350000000000023,58.12,10.174485941150333,AIIMS,59.055,0,-0.7071067811865471,67.86583333333333,0.8660254037844387,21.49,32.016041666666666,73.4363,0.49999999999999994,22.852800000000002,0.99,0.92,22.438463821089943,-0.7071067811865479,11.88961977244574,21.41,15,59.06
65.86,21.41,52.23619917788257,0,19.16,22.408694280480972,0,59.055,17.52,30.1,24.84,2022,24.21,1,4.74,-0.01583269833206337,10,85.78,23.95,49.81208333333333,84.78,2022-01-10 16:00:00,59.055,60.21361103774985,Hourly,59.99,0.72,17.5,3.43,21.49,-0.9350000000000023,57.1,10.343037472941196,AIIMS,58.12,0,-0.8660254037844385,67.70916666666666,0.8660254037844387,18.83,33.639375,120.159,0.49999999999999994,24.983,0.92,0.83,22.873034166539767,-0.5000000000000004,0.9349999999996661,25.35,16,68.89
72.76,25.35,52.984476227439096,0,18.29,20.924832730767672,0,58.09166666666666,16.55,27.44,30.1,2022,21.59,1,4.25,-0.01754989676531308,10,80.78,21.12,52.57458333333333,85.78,2022-01-10 17:00:00,58.12,59.32400788410703,Hourly,59.055,0.79,17.52,4.74,18.83,-1.019999999999996,57.28,11.16140511614312,AIIMS,57.1,0,-0.9659258262890683,65.74416666666666,0.8660254037844387,17.89,35.22020833333333,98.94,0.49999999999999994,23.0496,0.83,0.84,23.138348296955684,-0.25881904510252063,0.977807922514789,23.28,17,80.1
135.94,23.28,53.64532603860231,0,18.29,18.43939180843966,0,57.5,18.35,40.56,27.44,2022,22.82,1,8.54,0.0031523642732048988,10,82.69,22.97,55.58791666666667,80.78,2022-01-10 18:00:00,57.1,58.74000563150503,Hourly,58.12,1.27,16.55,4.25,17.89,0.17999999999999972,45.38,8.962643815675477,AIIMS,57.28,0,-1.0,61.94083333333333,0.8660254037844387,16.77,36.844791666666666,273.4508,0.49999999999999994,45.8328,0.84,1.13,23.266389897613116,-1.8369701987210297e-16,0.5444263035520462,32.02,18,80.1
133.03,32.02,52.37373741727888,0,17.54,15.778423912870464,0,53.25333333333333,30.57,156.88,40.56,2022,22.82,1,73.86,-0.20775139664804465,10,112.1,23.59,57.45541666666667,82.69,2022-01-10 19:00:00,57.28,54.922861165360736,Hourly,57.1,0.95,18.35,8.54,16.77,-11.899999999999999,47.39,5.389577364382664,AIIMS,45.38,0,-0.9659258262890684,56.15416666666667,0.8660254037844387,17.9,37.97354166666667,5165.7684,0.49999999999999994,668.3087999999999,1.13,4.26,22.982473779853784,0.2588190451025203,6.8191006249602,69.94,19,59.99
247.72,69.94,51.60700858385136,0,13.3,12.231806921635975,0,50.01666666666667,30.08,123.31,156.88,2022,19.19,1,58.75,0.04429263992948431,10,154.02,40.8,59.43875,112.1,2022-01-10 20:00:00,45.38,52.77061511811481,Hourly,57.28,0.99,30.57,73.86,17.9,2.009999999999998,51.99,6.014561011966375,AIIMS,47.39,0,-0.8660254037844386,54.05416666666667,0.8660254037844387,17.95,39.21729166666666,3792.9,0.49999999999999994,441.44980000000004,4.26,3.58,22.633640266069452,0.5000000000000001,6.370010465716094,64.56,20,59.055
157.17,64.56,51.66593034018192,0,11.5,11.051261985731433,0,48.25333333333333,28.78,98.03,123.31,2022,15.62,1,58.42,0.09706689174931422,10,209.97,59.06,60.37125,154.02,2022-01-10 21:00:00,47.39,52.547582227224865,Hourly,45.38,1.32,30.08,58.75,17.95,4.600000000000001,55.83,5.510138534253561,AIIMS,51.99,0,-0.7071067811865477,52.876666666666665,0.8660254037844387,13.66,40.829375,2314.0162,0.49999999999999994,275.4643,3.58,2.81,22.078459909687894,0.7071067811865474,3.3885149156131162,39.61,21,58.12
191.25,39.61,52.30655644169239,0,13.38,11.125190388224478,0,51.73666666666667,31.12,85.82,98.03,2022,20.39,1,48.7,0.07386035776110783,10,227.31,68.89,60.102083333333326,209.97,2022-01-10 22:00:00,51.99,53.485415876589194,Hourly,47.39,1.25,28.78,58.42,13.66,3.8399999999999963,61.89,5.141279023744901,AIIMS,55.83,0,-0.5000000000000004,52.495000000000005,0.8660254037844387,13.76,42.67645833333333,1831.1200000000001,0.49999999999999994,220.55739999999997,2.81,2.57,21.36074042434974,0.8660254037844384,4.225699153197325,37.6,22,57.1
228.59,37.6,53.78093237373972,0,13.38,10.801322756748567,0,56.56999999999999,30.64,87.9,85.82,2022,20.56,1,52.24,0.10854379365932298,10,231.7,80.1,59.51874999999999,227.31,2022-01-10 23:00:00,55.83,55.88672562613513,Hourly,51.99,1.43,31.12,48.7,13.76,6.060000000000002,63.43,6.25139557752235,AIIMS,61.89,0,-0.25881904510252157,53.29333333333333,0.8660254037844387,12.27,44.69770833333333,1862.8783999999998,0.49999999999999994,204.80700000000002,2.57,2.33,20.754564923700553,0.9659258262890681,4.991312452652036,35.66,23,57.28
82.48,35.66,55.2654043162413,0,13.31,8.800345669433394,0,60.38333333333333,54.25,73.84,87.9,2022,27.05,1,36.9,0.02488285668120858,11,183.98,80.1,58.129583333333336,231.7,2022-01-11 01:00:00,61.89,58.04194687581081,Hourly,55.83,0.2,30.64,52.24,12.27,1.5399999999999991,54.59,7.429057589402979,AIIMS,63.43,1,0.25881904510252074,54.318333333333335,0.8660254037844387,15.75,46.78312499999999,2941.2989999999995,0.49999999999999994,180.1696,2.33,2.44,19.97065237076972,0.9659258262890683,4.017777163225037,79.71,1,45.38
76.18,79.71,55.161495959896484,0,25.01,5.456492015355321,0,59.97,53.83,65.56,73.84,2022,27.05,1,27.76,-0.13936623049030422,11,215.66,59.99,56.003750000000004,183.98,2022-01-11 02:00:00,63.43,57.05567633986486,Hourly,61.89,0.46,54.25,36.9,15.75,-8.839999999999996,56.17,6.03319373687486,AIIMS,54.59,1,0.49999999999999994,55.85333333333333,0.8660254037844387,15.54,48.503125000000004,2204.9768000000004,0.49999999999999994,137.67600000000002,2.44,2.1,18.699587987352526,0.8660254037844387,4.722414636602683,79.43,2,47.39
96.65,79.43,55.31665042760471,0,22.49,5.312316503069814,0,58.06333333333333,53.39,54.59,65.56,2022,6.97,1,20.81,0.02894302985894849,11,246.37,59.055,55.68541666666667,215.66,2022-01-11 03:00:00,54.59,56.80262595704633,Hourly,63.43,0.4,53.83,27.76,15.54,1.5799999999999983,57.62,4.418627237804298,AIIMS,56.17,1,0.7071067811865476,57.31666666666666,0.8660254037844387,13.79,49.80145833333333,1474.5965999999999,0.49999999999999994,100.44560000000001,2.1,1.84,18.068605458517805,0.7071067811865476,4.714332755897973,70.86,3,51.99
78.5,70.86,55.67101190028091,0,23.95,5.245298255378698,0,56.126666666666665,50.84,46.34,54.59,2022,6.97,1,17.48,0.025814491721559474,11,172.79,58.12,55.56583333333334,246.37,2022-01-11 04:00:00,56.17,57.03616139789024,Hourly,54.59,0.36,53.39,20.81,13.79,1.4499999999999957,51.99,3.579305798615059,AIIMS,57.62,1,0.8660254037844386,58.254999999999995,0.8660254037844387,15.41,51.265208333333334,1051.9464,0.49999999999999994,75.9976,1.84,1.64,17.15999629314636,0.5000000000000001,1.5154647252023261,60.18,4,55.83
89.0,60.18,55.10470237716077,0,23.95,5.272364485951945,0,55.26,47.5,40.84,46.34,2022,5.49,1,13.47,-0.09770912877473092,11,150.27,57.1,55.05500000000001,172.79,2022-01-11 05:00:00,57.62,55.59440099849303,Hourly,56.17,0.51,50.84,17.48,15.41,-5.6299999999999955,49.0,4.358191138534354,AIIMS,51.99,1,0.9659258262890683,57.615,0.8660254037844387,15.31,52.43354166666666,751.7607,0.49999999999999994,53.092000000000006,1.64,1.3,16.14385133183142,0.25881904510252074,2.923234509922052,55.81,5,61.89
118.99,55.81,54.165517396059116,0,21.12,5.500327262990819,0,52.870000000000005,50.62,40.23,40.84,2022,5.49,1,13.39,-0.057511059819196034,11,159.72,57.28,54.38,150.27,2022-01-11 06:00:00,51.99,53.71028642749502,Hourly,57.62,0.17,47.5,13.47,15.31,-2.990000000000002,47.87,4.964266981807687,AIIMS,49.0,1,1.0,55.46666666666667,0.8660254037844387,14.35,53.47729166666667,777.2895,0.49999999999999994,48.67829999999999,1.3,1.21,14.990840172756984,6.123233995736766e-17,4.376859604785055,58.05,6,63.43
121.71,58.05,53.19697625820387,0,22.97,5.715852689642821,0,49.620000000000005,51.13,42.14,40.23,2022,4.23,1,16.26,-0.02306122448979597,11,171.11,45.38,53.59583333333333,159.72,2022-01-11 07:00:00,49.0,52.04163316249644,Hourly,51.99,0.18,50.62,13.39,14.35,-1.1300000000000026,48.3,3.928412741383724,AIIMS,47.87,1,0.9659258262890683,52.873333333333335,0.8660254037844387,14.5,54.591874999999995,878.5278000000001,0.49999999999999994,51.4108,1.21,1.22,13.389343492405011,-0.25881904510252063,2.1288259675227543,54.03,7,54.59
56.97,54.03,52.44359529540327,0,23.59,5.386988462672795,0,48.38999999999999,51.4,48.92,42.14,2022,3.01,1,19.13,0.008982661374556083,11,204.02,47.39,53.839166666666664,171.11,2022-01-11 08:00:00,47.87,50.97259511606888,Hourly,49.0,0.38,51.13,16.26,14.5,0.4299999999999997,53.3,4.208005465775835,AIIMS,48.3,1,0.8660254037844387,51.824999999999996,0.8660254037844387,15.48,55.64729166666666,1197.3467,0.49999999999999994,61.150000000000006,1.22,1.25,11.677225975224125,-0.4999999999999998,0.5703507692632438,62.59,8,56.17
35.99,62.59,52.575349865341224,0,40.8,5.000039696812123,0,49.82333333333332,54.34,53.08,48.92,2022,4.03,1,21.2,0.10351966873706005,11,236.4,51.99,54.33166666666667,204.02,2022-01-11 09:00:00,48.3,51.6375679400492,Hourly,47.87,0.48,51.4,19.13,15.48,5.0,59.19,3.7539401522488287,AIIMS,53.3,1,0.7071067811865476,51.346666666666664,0.8660254037844387,16.58,56.88520833333334,1442.024,0.49999999999999994,73.7812,1.25,1.39,9.503514850828996,-0.7071067811865475,3.0185482161682473,68.02,9,57.62
105.95,68.02,53.59298834759642,0,59.06,5.123957691496146,0,53.596666666666664,53.11,49.14,53.08,2022,4.03,1,19.43,0.1105065666041276,11,212.95,55.83,54.931666666666665,236.4,2022-01-11 10:00:00,53.3,53.79540567146371,Hourly,48.3,0.59,54.34,21.2,16.58,5.890000000000001,57.19,4.294477461422513,AIIMS,59.19,1,0.49999999999999994,51.60833333333333,0.8660254037844387,14.86,57.65145833333333,1215.5408,0.49999999999999994,66.83040000000001,1.39,1.36,8.870500877869024,-0.8660254037844387,5.451058001281266,62.56,10,51.99
121.1,62.56,54.146374755658506,0,68.89,5.160543487938957,0,56.56,48.7,53.66,49.14,2022,3.82,1,17.05,-0.0337894914681534,11,152.24,61.89,55.044999999999995,212.95,2022-01-11 11:00:00,59.19,54.76528976533122,Hourly,53.3,0.4,53.11,19.43,14.86,-2.0,47.15,4.872686117533047,AIIMS,57.19,1,0.258819045102521,52.474999999999994,0.8660254037844387,15.53,57.573541666666664,1349.1665,0.49999999999999994,69.758,1.36,1.3,8.86580221230732,-0.9659258262890682,2.9951126856930075,79.13,11,49.0
293.07,79.13,53.07000940863412,1,80.1,5.137338067933872,1,54.51,34.02,44.67,53.66,2022,8.28,1,6.67,-0.17555516698723553,11,129.36,63.43,53.81666666666667,152.24,2022-01-11 12:00:00,57.19,52.589492689522295,Hourly,59.19,0.38,48.7,17.05,15.53,-10.04,52.6,5.185073448531463,AIIMS,47.15,1,1.2246467991473532e-16,52.16666666666666,0.8660254037844387,72.1,56.66770833333334,453.89349999999996,0.49999999999999994,45.1167,1.3,1.01,8.769392173072468,-1.0,6.451914444565983,68.05,12,47.87
199.91,68.05,52.997700268844255,0,80.1,4.151721348009192,0,52.31333333333333,26.33,32.44,44.67,2022,14.75,1,3.47,0.11558854718981978,11,106.48,54.59,52.91416666666667,129.36,2022-01-11 13:00:00,47.15,52.59249477823022,Hourly,57.19,0.49,34.02,6.67,72.1,5.450000000000003,58.05,4.741783419769325,AIIMS,52.6,1,-0.2588190451025208,52.955000000000005,0.8660254037844387,30.79,55.521875,191.197,0.49999999999999994,30.493599999999997,1.01,0.94,7.237327877731001,-0.9659258262890683,5.0261350293573015,55.1,13,48.3
258.39,55.1,53.774977150560524,0,59.99,4.39188740748213,0,52.6,24.83,29.92,32.44,2022,14.75,1,2.62,0.10361216730038014,11,106.9,56.17,53.20249999999999,106.48,2022-01-11 14:00:00,52.6,54.15178198445015,Hourly,47.15,0.45,26.33,3.47,30.79,5.449999999999996,58.04,4.49152090054129,AIIMS,58.05,1,-0.4999999999999997,54.580000000000005,0.8660254037844387,42.55,54.603125,135.1134,0.49999999999999994,27.227200000000003,0.94,0.91,5.050887957340612,-0.8660254037844388,5.449999999999925,51.57,14,53.3
224.92,51.57,54.431134512012754,0,59.055,4.537514003651498,0,56.23,28.97,33.0,29.92,2022,13.27,1,3.58,-0.00017226528854432405,11,106.25,57.62,53.35833333333333,106.9,2022-01-11 15:00:00,58.05,55.2627014174644,Hourly,52.6,0.47,24.83,2.62,42.55,-0.00999999999999801,59.95,4.6358904214831504,AIIMS,58.04,1,-0.7071067811865471,55.37,0.8660254037844387,53.37,54.521874999999994,201.0886,0.49999999999999994,32.01,0.91,0.97,4.97558841014544,-0.7071067811865479,3.1436761919763847,56.17,15,59.19
296.8,56.17,55.28019074093387,0,58.12,4.779836674653618,0,58.68,32.79,33.99,33.0,2022,19.16,1,3.8,0.03290833907649903,11,136.02,51.99,53.5525,106.25,2022-01-11 16:00:00,58.04,56.60192958390314,Hourly,58.05,0.57,28.97,3.58,53.37,1.9100000000000037,61.28,4.76959397293584,AIIMS,59.95,1,-0.8660254037844385,55.49666666666667,0.8660254037844387,62.84,54.55916666666666,218.68999999999997,0.49999999999999994,33.6501,0.97,0.99,5.0142448533428325,-0.5000000000000004,1.0998636279099057,57.55,16,57.19
73.31,57.55,56.20323831925174,1,57.1,5.234466775540996,1,59.75666666666667,34.75,45.9,33.99,2022,19.16,1,2.87,0.02218515429524601,11,136.01,49.0,54.32666666666666,136.02,2022-01-11 17:00:00,59.95,57.93852113135939,Hourly,58.04,0.48,32.79,3.8,62.84,1.3299999999999983,61.01,5.320463952200585,AIIMS,61.28,1,-0.9659258262890683,56.178333333333335,0.8660254037844387,60.400000000000006,54.69083333333333,228.10760000000002,0.49999999999999994,48.654,0.99,1.06,5.151424384420829,-0.25881904510252063,1.6286292805093696,79.48,17,47.15
100.12,79.48,56.94274011628993,0,57.28,5.2714464549374735,0,60.74666666666667,33.0,56.37,45.9,2022,18.29,1,4.17,-0.0044060052219321655,11,135.71,47.87,55.32749999999999,136.01,2022-01-11 18:00:00,61.28,58.81608652239956,Hourly,59.95,0.28,34.75,2.87,60.400000000000006,-0.2700000000000031,57.15,3.2048177275261365,AIIMS,61.01,1,-1.0,58.48833333333334,0.8660254037844387,57.96,54.85375,330.47249999999997,0.49999999999999994,77.79059999999998,1.06,1.38,5.290868928799773,-1.8369701987210297e-16,0.703017306566816,79.25,18,52.6
90.49,79.25,56.97462625224533,0,45.38,4.730945433734132,0,59.81333333333333,32.13,57.87,56.37,2022,18.29,1,7.71,-0.06326831666939846,11,148.71,48.3,56.10083333333333,135.71,2022-01-11 19:00:00,61.01,58.34006180171397,Hourly,61.28,0.26,33.0,4.17,57.96,-3.8599999999999994,50.62,1.7333512819580963,AIIMS,57.15,1,-0.9659258262890684,59.24666666666667,0.8660254037844387,47.54,54.84833333333333,609.6297,0.49999999999999994,86.2263,1.38,1.49,5.288342936543779,0.2588190451025203,2.310461714318692,79.07,19,58.05
144.69,79.07,55.99699144420759,0,47.39,4.4203896544275185,0,56.25999999999999,32.31,43.55,57.87,2022,17.54,1,6.49,-0.11426071741032373,11,187.8,53.3,56.29416666666666,148.71,2022-01-11 20:00:00,57.15,56.13432985836712,Hourly,61.01,0.33,32.13,7.71,47.54,-6.530000000000001,50.51,3.9701154475236367,AIIMS,50.62,1,-0.8660254037844386,58.008333333333326,0.8660254037844387,14.38,55.06666666666666,474.4839,0.49999999999999994,64.8895,1.49,1.49,4.979595466952359,0.5000000000000001,5.251866334932672,73.11,20,58.04
132.71,73.11,55.1528389143295,0,51.99,4.659117812191373,0,52.76,38.44,51.65,43.55,2022,13.3,1,11.58,-0.0021730541288028336,11,195.86,59.19,56.06166666666667,187.8,2022-01-11 21:00:00,50.62,54.52737847026223,Hourly,57.15,0.27,32.31,6.49,14.38,-0.10999999999999943,51.74,5.0116451058176334,AIIMS,50.51,1,-0.7071067811865477,56.75333333333334,0.8660254037844387,14.75,55.19666666666666,884.0172,0.49999999999999994,97.6185,1.49,1.89,4.808248950607095,0.7071067811865474,3.802249334275586,76.34,21,59.95
123.43,76.34,54.62778677366342,1,55.83,4.700544375308306,1,50.95666666666667,43.12,70.61,51.65,2022,11.5,1,23.0,0.024351613541872975,11,205.74,57.19,55.44083333333333,195.86,2022-01-11 22:00:00,50.51,53.730984621615875,Hourly,50.62,0.19,38.44,11.58,14.75,1.230000000000004,54.8,5.084559961294508,AIIMS,51.74,1,-0.5000000000000004,55.38499999999999,0.8660254037844387,17.87,55.186249999999994,1770.0800000000002,0.49999999999999994,154.6359,1.89,2.19,4.815762897258173,0.8660254037844384,0.6806124692748966,76.96000000000001,22,61.28
118.73,76.96000000000001,54.65428111617674,0,61.89,4.670228402694398,0,52.35,48.03,84.01,70.61,2022,13.38,1,33.43,0.05914186316196357,11,232.37,47.15,55.24166666666667,205.74,2022-01-11 23:00:00,51.74,54.03641758686848,Hourly,50.51,0.24,43.12,23.0,17.87,3.059999999999995,62.59,4.191814642848517,AIIMS,54.8,1,-0.25881904510252157,54.305,0.8660254037844387,16.24,55.14333333333334,2593.4993999999997,0.49999999999999994,205.82450000000003,2.19,2.45,4.8143658814613834,0.9659258262890681,2.2090948372578136,77.58,23,61.01
107.83,77.58,55.875160944457235,1,63.43,4.354497848794009,1,56.376666666666665,82.68,103.22,84.01,2022,13.38,1,71.41,0.14215328467153296,12,191.86333333333332,52.6,56.52833333333333,232.37,2022-01-12 01:00:00,54.8,56.480298276334636,Hourly,51.74,0.32,48.03,33.43,16.24,7.790000000000006,83.85,4.714333109429785,AIIMS,62.59,2,0.25881904510252074,54.568333333333335,0.8660254037844387,10.95,55.17250000000001,5620.681099999999,0.49999999999999994,322.0464,2.45,3.12,4.858930147050148,0.9659258262890683,5.594196397458034,78.71,1,57.15
99.85,78.71,60.17898233761766,0,54.59,8.832994061523486,0,67.08,83.38,95.98,103.22,2022,13.31,1,67.4,0.33967087394152407,12,171.61,58.05,59.1325,191.86333333333332,2022-01-12 02:00:00,62.59,64.30021305452473,Hourly,54.8,0.36,82.68,71.41,10.95,21.25999999999999,94.48,12.985073610367623,AIIMS,83.85,2,0.49999999999999994,59.018333333333324,0.8660254037844387,10.09,56.02333333333333,5291.5740000000005,0.49999999999999994,273.543,3.12,2.85,7.459602312902907,0.8660254037844387,15.036478976143282,78.51,2,50.62
115.61,78.51,65.45606197798418,0,56.17,13.470230364051169,0,80.30666666666666,76.4,81.38,95.98,2022,25.01,1,51.52,0.12677400119260596,12,157.29,58.04,62.16833333333333,171.61,2022-01-12 03:00:00,83.85,72.92300932466053,Hourly,62.59,0.29,83.38,67.4,10.09,10.63000000000001,80.44,18.490223813319982,AIIMS,94.48,2,0.7071067811865476,66.32833333333333,0.8660254037844387,10.11,57.68541666666666,3950.5536000000006,0.49999999999999994,203.45,2.85,2.5,10.815469186858415,0.7071067811865476,16.23759321246016,76.68,3,50.51
112.93,76.68,67.76128321214046,0,57.62,14.368258893699112,0,86.25666666666666,69.3,63.44,81.38,2022,22.49,1,31.31,-0.1486028789161728,12,100.32,59.95,64.03500000000001,157.29,2022-01-12 04:00:00,94.48,75.0707209461861,Hourly,83.85,0.29,76.4,51.52,10.11,-14.040000000000006,68.65,17.37274033267824,AIIMS,80.44,2,0.8660254037844386,71.31666666666666,0.8660254037844387,9.83,58.696666666666665,2296.9015999999997,0.49999999999999994,131.3208,2.5,2.07,11.76091931731553,0.5000000000000001,7.322870566474069,73.36,4,51.74
121.29,73.36,67.89800887181116,0,51.99,14.362890947286218,0,81.19000000000001,70.21,49.63,63.44,2022,23.95,1,17.99,-0.14656887120835396,12,96.34,61.28,64.76,100.32,2022-01-12 05:00:00,80.44,73.23622924727579,Hourly,94.48,0.22,69.3,31.31,9.83,-11.789999999999992,60.48,14.732737355970155,AIIMS,68.65,2,0.9659258262890683,74.13499999999999,0.8660254037844387,9.1,59.15625,1211.9863,0.49999999999999994,85.85990000000001,2.07,1.73,11.931293458253231,0.25881904510252074,12.931322438173094,67.37,5,54.8
126.99,67.37,66.75677673768637,0,49.0,14.382355562116782,0,69.85666666666667,67.53,43.59,49.63,2022,23.95,1,14.76,-0.11900946831755292,12,96.12,61.01,64.69333333333334,96.34,2022-01-12 06:00:00,68.65,69.5915923194827,Hourly,80.44,0.25,70.21,17.99,9.1,-8.170000000000009,53.26,13.360445227112198,AIIMS,60.48,2,1.0,75.08166666666666,0.8660254037844387,10.38,59.51,897.1128,0.49999999999999994,68.4363,1.73,1.57,11.83505551868831,6.123233995736766e-17,10.034561940280835,60.78,6,62.59
125.07,60.78,64.68034954727308,0,47.87,14.732532415156479,0,60.79666666666666,64.97,46.27,43.59,2022,21.12,1,15.97,-0.11937830687830686,12,144.1,57.15,64.0475,96.12,2022-01-12 07:00:00,60.48,64.92542308534479,Hourly,68.65,0.16,67.53,14.76,10.38,-7.219999999999999,52.83,15.479940137696438,AIIMS,53.26,2,0.9659258262890683,73.52666666666666,0.8660254037844387,11.27,59.6875,1022.8785,0.49999999999999994,76.8082,1.57,1.66,11.701769933015145,-0.25881904510252063,7.699885280530689,64.05,7,83.85
59.72,64.05,62.85721884769261,0,48.3,14.967310516285455,0,55.52333333333333,70.94,51.71,46.27,2022,22.97,1,24.45,-0.008073601201652267,12,207.05,50.62,63.6875,144.1,2022-01-12 08:00:00,53.26,61.46958791810342,Hourly,60.48,0.45,64.97,15.97,11.27,-0.4299999999999997,66.19,16.489694559532186,AIIMS,52.83,2,0.8660254037844387,68.35666666666667,0.8660254037844387,11.42,59.89416666666667,1595.8514999999998,0.49999999999999994,91.0096,1.66,1.76,11.526471580733157,-0.4999999999999998,4.297980145758393,65.27,8,94.48
32.88,65.27,63.36995440958605,0,53.3,14.395469931386561,0,57.42666666666667,71.89,55.52,51.71,2022,23.59,1,27.32,0.2528866174522052,12,200.54,50.51,64.985,207.05,2022-01-12 09:00:00,52.83,62.81827708435958,Hourly,53.26,0.35,70.94,24.45,11.42,13.36,66.33,10.47309584920646,AIIMS,66.19,2,0.7071067811865476,63.64166666666667,0.8660254037844387,13.86,60.63958333333334,1757.7688,0.49999999999999994,101.0464,1.76,1.82,11.320713788821166,-0.7071067811865475,7.5923140960667075,64.34,9,80.44
117.66,64.34,63.825346038880504,0,59.19,13.65467774216676,0,61.78333333333333,71.68,63.0,55.52,2022,40.8,1,30.01,0.0021151231303822415,12,214.95,51.74,66.30333333333333,200.54,2022-01-12 10:00:00,66.19,63.82162648882827,Hourly,52.83,0.25,71.89,27.32,13.86,0.14000000000000057,73.28,6.9323848710237534,AIIMS,66.33,2,0.49999999999999994,61.29,0.8660254037844387,12.55,61.1825,2221.9404000000004,0.49999999999999994,125.37,1.82,1.99,11.265731127010216,-0.8660254037844387,7.754130082306652,74.04,10,68.65
79.21,74.04,65.27990818674505,0,57.19,12.964536827496586,0,68.6,73.67,63.69,63.0,2022,59.06,1,27.66,0.10477913462988095,12,200.96,54.8,68.09833333333334,214.95,2022-01-12 11:00:00,66.33,66.52401892059163,Hourly,66.19,0.22,71.68,30.01,12.55,6.950000000000003,72.46,8.07845880515991,AIIMS,73.28,2,0.258819045102521,62.06166666666667,0.8660254037844387,12.06,61.76958333333334,2201.1828,0.49999999999999994,125.46929999999999,1.99,1.97,11.52160823585751,-0.9659258262890682,4.053603335305415,79.58,11,60.48
276.21,79.58,66.38453769647657,0,47.15,12.303215396428252,0,70.69,74.98,55.65,63.69,2022,68.89,1,22.24,-0.01118995633187783,12,133.35,62.59,69.57,200.96,2022-01-12 12:00:00,73.28,68.22001351470831,Hourly,66.33,0.28,73.67,27.66,12.06,-0.8200000000000074,67.2,9.033394526237942,AIIMS,72.46,2,1.2246467991473532e-16,64.05833333333334,0.8660254037844387,10.28,62.405833333333334,1636.1967999999997,0.49999999999999994,100.17,1.97,1.8,11.678274856466958,-1.0,3.7980652969635758,73.57,12,53.26
269.53,73.57,66.50999343548018,0,52.6,12.136293022720466,0,70.98,70.52,54.03,55.65,2022,80.1,1,19.24,-0.07259177477228804,12,86.16,83.85,69.95416666666667,133.35,2022-01-12 13:00:00,72.46,67.92858108193451,Hourly,73.28,0.25,74.98,22.24,10.28,-5.259999999999991,58.41,7.333346893926781,AIIMS,67.2,2,-0.2588190451025208,66.38166666666667,0.8660254037844387,10.93,63.24125,1498.796,0.49999999999999994,92.9316,1.8,1.72,11.248732996286252,-0.9659258262890683,3.299151406043522,77.9,13,52.83
246.39,77.9,65.26384059925246,0,58.05,11.702472511345114,0,66.02333333333333,66.71,50.49,54.03,2022,80.1,1,10.58,-0.13080357142857152,12,82.0,94.48,67.83416666666666,86.16,2022-01-12 14:00:00,67.2,65.20898648709607,Hourly,72.46,0.58,70.52,19.24,10.93,-8.790000000000006,54.13,5.3591096897400385,AIIMS,58.41,2,-0.4999999999999997,67.31166666666667,0.8660254037844387,11.22,63.48333333333333,838.3592,0.49999999999999994,80.27910000000001,1.72,1.59,11.070878629232116,-0.8660254037844388,7.0985233206162395,79.24,14,66.19
310.56,79.24,63.55094204552132,0,58.04,8.783007181570287,0,59.913333333333334,68.88,45.63,50.49,2022,59.99,1,3.86,-0.07327512412258165,12,103.46,80.44,64.47166666666666,82.0,2022-01-12 15:00:00,58.41,62.04356177649719,Hourly,67.2,0.45,66.71,10.58,11.22,-4.279999999999994,50.24,7.640129361906486,AIIMS,54.13,2,-0.7071067811865471,65.30166666666666,0.8660254037844387,15.39,63.32,307.37179999999995,0.49999999999999994,67.98870000000001,1.59,1.49,11.182874329119034,-0.7071067811865479,6.663425045225093,79.63,15,66.33
134.32,79.63,61.503104807748805,0,59.95,8.090975331700244,0,54.26,63.64,35.67,45.63,2022,59.055,1,1.37,-0.07186403103639387,12,100.28,68.65,61.955000000000005,103.46,2022-01-12 16:00:00,54.13,58.671115554640856,Hourly,58.41,0.29,68.88,3.86,15.39,-3.8900000000000006,49.3,9.741726746321673,AIIMS,50.24,2,-0.8660254037844385,62.62,0.8660254037844387,10.84,62.995000000000005,91.516,0.49999999999999994,51.3648,1.49,1.44,11.453073633403996,-0.5000000000000004,4.086551113102591,66.8,16,73.28
155.68,66.8,59.62570406809514,0,61.28,8.550528027288994,0,51.223333333333336,60.95,38.15,35.67,2022,58.12,1,1.28,-0.018710191082802644,12,83.42,60.48,60.342499999999994,100.28,2022-01-12 17:00:00,50.24,55.99365396760061,Hourly,54.13,0.12,63.64,1.37,10.84,-0.9400000000000048,45.22,9.40694353478673,AIIMS,49.3,2,-0.9659258262890683,58.623333333333335,0.8660254037844387,11.17,62.55125,90.9568,0.49999999999999994,53.79149999999999,1.44,1.41,11.777893187441569,-0.25881904510252063,2.560748588466576,71.06,17,72.46
145.22,71.06,57.40944190377281,0,61.01,9.598732357909974,0,48.25333333333333,67.73,44.08,38.15,2022,57.1,1,4.71,-0.08275862068965514,12,88.89,53.26,59.070833333333326,83.42,2022-01-12 18:00:00,49.3,52.91546711971472,Hourly,50.24,0.23,60.95,1.28,11.17,-4.079999999999998,42.28,7.835551459001855,AIIMS,45.22,2,-1.0,54.083333333333336,0.8660254037844387,10.68,61.882083333333334,366.5793,0.49999999999999994,68.324,1.41,1.55,12.29800442601639,-1.8369701987210297e-16,2.668657590125363,77.83,18,67.2
142.47,77.83,55.08183545703853,0,57.15,10.66690673262049,0,45.6,67.75,45.12,44.08,2022,57.28,1,7.0,-0.06501547987616094,12,115.62,52.83,58.15583333333333,88.89,2022-01-12 19:00:00,45.22,49.87676222836765,Hourly,49.3,0.25,67.73,4.71,10.68,-2.9399999999999977,40.62,5.843800133474757,AIIMS,42.28,2,-0.9659258262890684,49.93,0.8660254037844387,9.83,61.10166666666667,529.34,0.49999999999999994,77.6064,1.55,1.72,12.933618030633141,0.2588190451025203,3.5253935950472965,75.62,19,58.41
121.0,75.62,52.85693769441722,0,50.62,11.748613715771931,0,42.70666666666667,69.78,64.38,45.12,2022,45.38,1,24.53,-0.03926206244087047,12,150.23,66.19,57.13833333333333,115.62,2022-01-12 20:00:00,42.28,47.23197302026261,Hourly,45.22,0.21,67.75,7.0,9.83,-1.6600000000000037,43.67,5.153025324991112,AIIMS,40.62,2,-0.8660254037844386,46.965,0.8660254037844387,10.59,60.41291666666667,1923.3973,0.49999999999999994,147.43019999999999,1.72,2.29,13.577319476489699,0.5000000000000001,2.3294920762548235,78.41,20,54.13
110.93,78.41,51.44356266450688,3,50.51,11.967873535833217,1,42.19,76.52,78.28,64.38,2022,47.39,1,36.85,0.07508616445100946,12,175.95,66.33,55.26166666666666,150.23,2022-01-12 21:00:00,40.62,46.21426644304472,Hourly,42.28,0.2,69.78,24.53,10.59,3.0500000000000043,51.52,3.8484512036228904,AIIMS,43.67,2,-0.7071067811865477,45.221666666666664,0.8660254037844387,11.18,60.123333333333335,2887.742956110155,0.49999999999999994,210.57319999999999,2.29,2.69,13.866309394784318,0.7071067811865474,1.52699050422742,78.36480206540448,21,50.24
110.25,78.36480206540448,51.45532225458274,3,51.74,11.476236415860706,1,45.27,84.33,85.16,78.28,2022,51.99,1,48.77,0.17975727043737122,12,175.95,73.28,54.0275,175.95,2022-01-12 22:00:00,43.67,47.730190316460515,Hourly,40.62,0.14,76.52,36.85,11.18,7.850000000000001,67.43,4.201550904130499,AIIMS,51.52,2,-0.5000000000000004,45.435,0.8660254037844387,11.17,60.165416666666665,3819.6470934595523,0.49999999999999994,252.92520000000002,2.69,2.97,13.837367486240838,0.8660254037844384,5.623388658095809,78.31960413080894,22,49.3
110.88,78.31960413080894,53.91296498464693,3,54.8,10.680740525910098,1,54.20666666666667,82.7,85.56,85.16,2022,55.83,1,49.51,0.3088121118012423,12,203.71,72.46,53.54,175.95,2022-01-12 23:00:00,51.52,53.35870736890037,Hourly,43.67,0.17,84.33,48.77,11.17,15.910000000000004,69.8,10.023214387942945,AIIMS,67.43,2,-0.25881904510252157,48.45666666666667,0.8660254037844387,10.74,60.81916666666667,3875.3658507745263,0.49999999999999994,256.68,2.97,3.0,13.792566024356443,0.9659258262890681,12.105702513003264,78.27440619621342,23,45.22
138.93,78.27440619621342,56.35712421777818,0,62.59,10.272168783424055,0,62.916666666666664,28.72,58.15,85.56,2022,61.89,2,8.07,0.03514756043304153,6,266.92,67.2,53.318333333333335,203.71,2022-02-06 01:00:00,67.43,58.056219549214546,Hourly,51.52,0.25,82.7,49.51,10.74,2.3699999999999903,56.6,13.012992994183403,AIIMS,69.8,6,0.25881904510252074,52.553333333333335,0.5000000000000001,19.75,61.44416666666666,420.8505,0.8660254037844386,154.0975,3.0,2.65,13.847699829925183,0.9659258262890683,9.940685757699672,52.15,1,42.28
91.57,52.15,56.394489722735386,0,83.85,9.387599654476507,0,64.61,73.25,46.91,58.15,2023,63.43,1,18.98,-0.18911174785100282,1,96.45,58.41,52.435,266.92,2023-01-01 01:00:00,69.8,57.64015682086753,Hourly,67.43,0.45,28.72,8.07,19.75,-13.199999999999996,30.4,12.027859327411491,AIIMS,56.6,6,0.25881904510252074,54.94,0.8660254037844387,11.15,61.194583333333334,1138.9898,0.49999999999999994,58.1684,2.65,1.24,13.880092400133066,0.9659258262890683,7.037350353648722,60.01,1,40.62
83.64,60.01,52.39533745769917,0,94.48,11.094052016802308,0,52.26666666666667,66.1,43.93,46.91,2023,54.59,1,15.49,-0.4628975265017668,1,96.45,54.13,50.100833333333334,96.45,2023-01-01 02:00:00,56.6,49.85725487204824,Hourly,69.8,0.39,73.25,18.98,11.15,-26.200000000000003,32.12,14.853202572733812,AIIMS,30.4,6,0.49999999999999994,53.23666666666667,0.8660254037844387,10.93,58.9675,971.0681,0.49999999999999994,52.716,1.24,1.2,14.366493399876513,0.8660254037844387,20.05425973037483,62.69,2,43.67
88.69,62.69,49.2760547718993,0,80.44,12.137710083067823,0,39.70666666666667,70.62,41.83,43.93,2023,56.17,1,10.34,0.05657894736842102,1,86.78,50.24,48.26666666666667,96.45,2023-01-01 03:00:00,30.4,44.78946776574874,Hourly,56.6,0.37,66.1,15.49,10.93,1.7199999999999989,32.12,16.94253158966116,AIIMS,32.12,6,0.7071067811865476,51.31166666666667,0.8660254037844387,11.11,56.36916666666667,650.2826,0.49999999999999994,46.4313,1.2,1.11,13.261139014843863,0.7071067811865476,14.655310755263233,62.89,3,51.52
104.19,62.89,46.63666173006864,0,68.65,12.968576240164918,0,31.546666666666663,72.44,38.28,41.83,2023,57.62,1,8.6,0.0,1,80.04,49.3,46.75666666666667,86.78,2023-01-01 04:00:00,32.12,41.16961983267767,Hourly,30.4,0.24,70.62,10.34,11.11,0.0,31.54,18.659029360249864,AIIMS,32.12,6,0.8660254037844386,48.07833333333334,0.8660254037844387,10.45,54.35583333333333,507.314,0.49999999999999994,41.342400000000005,1.11,1.08,13.114980454382692,0.5000000000000001,0.993042463006721,58.99,4,67.43
99.01,58.99,44.31409838698115,0,60.48,13.647568103933956,0,31.926666666666662,68.14,40.49,38.28,2023,51.99,1,9.87,-0.0180572851805728,1,104.94,45.22,45.27666666666667,80.04,2023-01-01 05:00:00,32.12,38.41829988048405,Hourly,32.12,0.31,72.44,8.6,10.45,-0.5799999999999983,35.46,16.88279795136655,AIIMS,31.54,6,0.9659258262890683,42.096666666666664,0.8660254037844387,11.15,52.80958333333333,602.4648,0.49999999999999994,45.348800000000004,1.08,1.12,13.537259525879447,0.25881904510252074,0.3348631561316366,61.04,5,69.8
91.2,61.04,42.95192940436867,0,53.26,13.938967180555611,0,33.04,68.09,42.82,40.49,2023,49.0,1,11.51,0.12428662016487006,1,135.17,42.28,44.46333333333333,104.94,2023-01-01 06:00:00,31.54,37.5730713432029,Hourly,32.12,0.4,68.14,9.87,11.15,3.9200000000000017,44.49,10.051624081046137,AIIMS,35.46,6,1.0,36.37333333333333,0.8660254037844387,13.43,51.767083333333325,725.4753,0.49999999999999994,55.2378,1.12,1.29,13.879934681955879,6.123233995736766e-17,2.1157504578756603,63.03,6,56.6
95.24,63.03,43.188555649850414,0,52.83,13.922087176987391,0,37.163333333333334,74.44,41.8,42.82,2023,47.87,1,11.67,0.2546531302876481,1,135.17,40.62,44.6475,135.17,2023-01-01 07:00:00,35.46,39.549336673716354,Hourly,31.54,0.42,68.09,11.51,13.43,9.030000000000001,47.02,5.243967009812316,AIIMS,44.49,6,0.9659258262890683,34.355,0.8660254037844387,12.56,51.401666666666664,711.4032,0.49999999999999994,54.339999999999996,1.29,1.3,13.95416710915217,-0.25881904510252063,6.6409060626795675,60.96,7,30.4
72.1,60.96,43.778008626796506,0,66.19,13.87628549873577,0,42.32333333333333,73.62,42.21,41.8,2023,48.3,1,12.27,0.05686671162058892,1,132.48,43.67,45.18083333333333,135.17,2023-01-01 08:00:00,44.49,41.6838119097974,Hourly,35.46,0.44,74.44,11.67,12.56,2.530000000000001,47.02,6.87340890679435,AIIMS,47.02,6,0.8660254037844387,37.125,0.8660254037844387,13.15,51.15958333333333,744.4209,0.49999999999999994,55.295100000000005,1.3,1.31,13.978686098350988,-0.4999999999999998,6.076942762058402,60.67,8,32.12
64.73,60.67,44.27677653036628,0,66.33,13.876825023299569,0,46.17666666666667,70.1,45.18,42.21,2023,53.3,1,13.57,0.0,1,114.96,51.52,45.46,132.48,2023-01-01 09:00:00,47.02,43.20843707842671,Hourly,44.49,0.63,73.62,12.27,13.15,0.0,45.4,7.376694155695119,AIIMS,47.02,6,0.7071067811865476,39.608333333333334,0.8660254037844387,16.52,50.360833333333325,873.2294999999999,0.49999999999999994,64.15559999999999,1.31,1.42,13.625734895750561,-0.7071067811865475,1.460696181049918,64.35,9,32.12
73.58,64.35,44.44958014107915,0,73.28,13.74570279958598,0,46.48,77.04,49.51,45.18,2023,59.19,1,16.48,-0.034453424074861856,1,116.84,67.43,44.949999999999996,114.96,2023-01-01 10:00:00,47.02,43.834597913161936,Hourly,47.02,0.71,70.1,13.57,16.52,-1.6200000000000045,48.38,6.635560011533802,AIIMS,45.4,6,0.49999999999999994,41.821666666666665,0.8660254037844387,21.0,49.48875,1142.064,0.49999999999999994,72.77969999999999,1.42,1.47,13.22306591840969,-0.8660254037844387,0.9353074360874469,69.3,10,31.54
76.13,69.3,45.05426011937467,0,72.46,11.88796345048219,0,46.93333333333334,75.18,47.87,49.51,2023,57.19,1,16.23,0.06563876651982388,1,116.84,69.8,43.362500000000004,116.84,2023-01-01 11:00:00,45.4,45.1332842236871,Hourly,47.02,0.46,77.04,16.48,21.0,2.980000000000004,48.38,4.694423997325596,AIIMS,48.38,6,0.258819045102521,44.62833333333334,0.8660254037844387,13.19,48.451249999999995,1071.18,0.49999999999999994,67.9754,1.47,1.42,12.213516857225777,-0.9659258262890682,1.491889182658614,66.0,11,35.46
104.92,66.0,45.56591240870164,0,67.2,8.75193290339083,0,47.38666666666666,66.09,45.43,47.87,2023,47.15,1,12.19,0.0,1,91.01,56.6,41.5775,116.84,2023-01-01 12:00:00,48.38,46.06091730263364,Hourly,45.4,0.36,75.18,16.23,13.19,0.0,45.1,1.573765124364631,AIIMS,48.38,6,1.2246467991473532e-16,46.781666666666666,0.8660254037844387,14.81,47.447916666666664,862.5644,0.49999999999999994,57.6961,1.42,1.27,11.093152207817043,-1.0,1.7205038021852102,70.76,12,44.49
58.75,70.76,45.4942335765937,0,58.41,7.4970981760016056,0,47.28666666666667,67.7,44.04,45.43,2023,52.6,1,7.73,-0.06779661016949154,1,65.29,30.4,40.619166666666665,91.01,2023-01-01 13:00:00,48.38,45.786369501881175,Hourly,48.38,0.53,66.09,12.19,14.81,-3.280000000000001,37.63,1.4069778486765252,AIIMS,45.1,6,-0.2588190451025208,46.88333333333333,0.8660254037844387,14.14,46.52708333333333,550.6079000000001,0.49999999999999994,51.526799999999994,1.27,1.17,10.268889478574954,-0.9659258262890683,1.8937088829420852,71.23,13,47.02
140.73,71.23,44.28435148788698,0,54.13,6.865056224802349,0,43.70333333333334,70.6,39.76,44.04,2023,58.05,1,4.84,-0.16563192904656315,1,52.64,32.12,41.221666666666664,65.29,2023-01-01 14:00:00,45.1,43.45597821562941,Hourly,48.38,0.31,67.7,7.73,14.14,-7.469999999999999,31.23,4.020151323851681,AIIMS,37.63,6,-0.4999999999999997,45.318333333333335,0.8660254037844387,12.53,45.66125,326.0708,0.49999999999999994,41.748,1.17,1.05,10.098029214739777,-0.8660254037844388,5.50941315689193,67.37,14,47.02
135.39,67.37,42.275989720519746,0,50.24,6.976232540171375,0,37.98666666666667,68.8,39.68,39.76,2023,58.04,1,3.73,-0.1700770661706086,1,52.64,32.12,41.1475,52.64,2023-01-01 15:00:00,37.63,39.96284158259243,Hourly,45.1,0.6,70.6,4.84,12.53,-6.400000000000002,29.84,6.853313553797639,AIIMS,31.23,6,-0.7071067811865471,42.68666666666667,0.8660254037844387,17.81,44.70708333333334,257.14619999999996,0.49999999999999994,38.489599999999996,1.05,0.97,10.34198975017634,-0.7071067811865479,6.94187534700344,68.94,15,45.4
26.5,68.94,40.36276053274748,0,49.3,7.2693417546195365,0,32.9,62.31,41.03,39.68,2023,59.95,1,3.78,-0.04450848543067565,1,59.59,31.54,40.9575,52.64,2023-01-01 16:00:00,31.23,37.070601130423164,Hourly,37.63,0.66,68.8,3.73,17.81,-1.3900000000000006,30.31,8.3924005306388,AIIMS,29.84,6,-0.8660254037844385,40.093333333333334,0.8660254037844387,25.05,43.85708333333333,270.15659999999997,0.49999999999999994,39.388799999999996,0.97,0.96,10.699618635693243,-0.5000000000000004,4.1548405504905945,71.47,16,48.38
60.91,71.47,38.816181989247866,0,45.22,7.421286950388086,0,30.459999999999997,67.37,42.37,41.03,2023,61.28,1,4.2,0.015750670241286825,1,59.59,35.46,40.855000000000004,59.59,2023-01-01 17:00:00,29.84,35.139000807445115,Hourly,31.23,0.58,62.31,3.78,25.05,0.46999999999999886,30.31,8.059601520339973,AIIMS,30.31,6,-0.9659258262890683,37.08166666666667,0.8660254037844387,19.91,43.06583333333333,308.112,0.49999999999999994,40.6752,0.96,0.96,10.97814941111444,-0.25881904510252063,0.707036066973293,73.36,17,48.38
83.93,73.36,37.50753860628665,0,42.28,7.895403102534769,0,30.153333333333332,67.14,37.52,42.37,2023,61.01,1,3.02,0.0,1,55.7,44.49,40.42583333333334,59.59,2023-01-01 18:00:00,30.31,33.759286291032225,Hourly,29.84,0.48,67.37,4.2,19.91,0.0,27.4,6.141143216046969,AIIMS,30.31,6,-1.0,34.07,0.8660254037844387,15.36,42.444583333333334,198.9878,0.49999999999999994,34.893600000000006,0.96,0.93,11.26896969912107,-1.8369701987210297e-16,0.2713546265211012,65.89,18,45.1
100.47,65.89,35.952532666857934,0,40.62,8.605110356202573,0,29.34,62.88,42.53,37.52,2023,57.15,1,4.79,-0.09600791817881887,1,55.7,47.02,39.00166666666667,55.7,2023-01-01 19:00:00,30.31,31.9423473507373,Hourly,30.31,0.41,67.14,3.02,15.36,-2.91,26.63,3.4403836995311514,AIIMS,27.4,6,-0.9659258262890684,31.12,0.8660254037844387,16.73,41.82458333333334,348.52040000000005,0.49999999999999994,42.9553,0.93,1.01,11.680249766227087,0.2588190451025203,1.6800892833421393,72.76,19,37.63
115.81,72.76,34.518296871956714,0,43.67,8.886381946040226,0,28.11333333333333,70.67,50.55,42.53,2023,50.62,1,11.11,-0.028102189781021882,1,82.34,47.02,37.3025,55.7,2023-01-01 20:00:00,27.4,30.42453382195521,Hourly,30.31,0.25,62.88,4.79,16.73,-0.7699999999999996,30.1,1.832732022600758,AIIMS,26.63,6,-0.8660254037844386,29.286666666666665,0.8660254037844387,13.97,41.24166666666667,855.6922,0.49999999999999994,62.681999999999995,1.01,1.24,12.085058567491874,0.5000000000000001,1.9409362002225836,77.02,20,31.23
119.54,77.02,33.83855889165568,0,51.52,8.53993093968248,0,28.043333333333333,71.44,47.33,50.55,2023,50.51,1,11.86,0.13030416823131816,1,113.85,45.4,35.892500000000005,82.34,2023-01-01 21:00:00,26.63,30.331809872825154,Hourly,27.4,0.26,70.67,11.11,13.97,3.4700000000000024,38.18,1.6411388322339642,AIIMS,30.1,6,-0.7071067811865477,29.098333333333333,0.8660254037844387,11.61,40.67625,847.0412,0.49999999999999994,69.1018,1.24,1.46,12.282341446688495,0.7071067811865474,1.8222605009532777,71.42,21,29.84
118.53,71.42,34.506472908324035,0,67.43,8.049453350534113,0,31.636666666666667,67.49,50.85,47.33,2023,51.74,1,14.06,0.26843853820598,1,132.7,48.38,35.29083333333333,113.85,2023-01-01 22:00:00,30.1,32.57414990916082,Hourly,26.63,0.2,71.44,11.86,11.61,8.079999999999998,47.33,4.093914589566604,AIIMS,38.18,6,-0.5000000000000004,30.488333333333333,0.8660254037844387,13.96,40.120416666666664,1047.6106000000002,0.49999999999999994,88.9875,1.46,1.75,12.070293206037235,0.8660254037844384,5.926350760234697,74.51,22,30.31
111.37,74.51,36.479323230120336,0,69.8,7.898527288889618,0,38.53666666666667,67.92,52.56,50.85,2023,54.8,1,15.24,0.23965426925091668,1,133.1,48.38,35.20333333333333,132.7,2023-01-01 23:00:00,38.18,36.79010707797202,Hourly,30.1,0.34,67.49,14.06,13.96,9.149999999999999,47.78,7.989124482695191,AIIMS,47.33,6,-0.25881904510252157,33.324999999999996,0.8660254037844387,14.15,39.282916666666665,1157.3256,0.49999999999999994,94.608,1.75,1.8,10.714164732063601,0.9659258262890681,8.62053555954235,75.94,23,30.31
51.03,75.94,38.2178888870249,0,56.6,7.808923023559614,0,44.43,57.72,45.48,52.56,2023,62.59,1,6.56,0.009507711810690954,2,87.46,45.1,35.15333333333333,133.1,2023-01-02 01:00:00,47.33,39.930076484265726,Hourly,38.18,1.04,67.92,15.24,14.15,0.45000000000000284,38.54,9.675955077751574,AIIMS,47.78,0,0.25881904510252074,36.23666666666667,0.8660254037844387,15.68,38.36541666666667,502.4304,0.49999999999999994,53.666399999999996,1.8,1.18,8.750034026848859,0.9659258262890683,5.417333292312804,76.59,1,27.4
55.94,76.59,38.26744444286722,0,30.4,7.259597200613279,0,44.550000000000004,63.23,43.47,45.48,2023,83.85,1,3.94,-0.19338635412306407,2,78.53,37.63,34.60666666666667,87.46,2023-01-02 02:00:00,47.78,39.53291177447552,Hourly,47.33,0.9,57.72,6.56,15.68,-9.240000000000002,30.24,8.65628018646962,AIIMS,38.54,0,0.49999999999999994,38.093333333333334,0.8660254037844387,9.85,37.61291666666667,302.395,0.49999999999999994,43.47,1.18,1.0,7.843278750495186,0.8660254037844387,5.209673694196277,76.75,2,26.63
55.35,76.75,37.03245299011842,0,32.12,7.293181695421067,0,38.85333333333333,62.88,37.67,43.47,2023,94.48,1,3.21,-0.21536066424494035,2,57.74,31.23,33.990833333333335,78.53,2023-01-02 03:00:00,38.54,36.877794124625375,Hourly,47.78,0.75,63.23,3.94,9.85,-8.3,27.86,7.781397689361461,AIIMS,30.24,0,0.7071067811865476,38.695,0.8660254037844387,11.87,37.606249999999996,215.03789999999998,0.49999999999999994,32.7729,1.0,0.87,7.849741514713997,0.7071067811865476,8.774197019290947,66.99,3,30.1
61.82,66.99,35.62130637625405,0,32.12,7.47185020289795,0,32.21333333333333,57.15,37.72,37.67,2023,80.44,1,3.68,-0.07870370370370368,2,50.72,29.84,33.71,57.74,2023-01-02 04:00:00,30.24,34.30128151758955,Hourly,38.54,0.82,62.88,3.21,11.87,-2.379999999999999,26.21,8.311891280970087,AIIMS,27.86,0,0.8660254037844386,38.321666666666665,0.8660254037844387,16.62,37.42875,243.4688,0.49999999999999994,29.7988,0.87,0.79,8.025390312870229,0.5000000000000001,5.606793498367336,66.16,4,38.18
58.63,66.16,34.17341308759958,0,31.54,7.712380984789726,0,28.103333333333335,61.46,41.09,37.72,2023,68.65,1,4.89,-0.059224694903086815,2,60.94,30.31,33.4075,50.72,2023-01-02 05:00:00,27.86,31.989486798278254,Hourly,30.24,0.85,57.15,3.68,16.62,-1.6499999999999986,26.21,9.677085649443558,AIIMS,26.21,0,0.9659258262890683,36.32666666666667,0.8660254037844387,16.77,37.182500000000005,347.7279,0.49999999999999994,33.282900000000005,0.79,0.81,8.281935947800884,0.25881904510252074,2.025989470193343,71.11,5,47.33
74.71,71.11,32.948272612584255,0,35.46,7.949257779341725,0,26.760000000000005,62.47,37.94,41.09,2023,60.48,1,5.35,0.0,2,60.94,30.31,33.06583333333333,60.94,2023-01-02 06:00:00,26.21,30.33820485591304,Hourly,27.86,0.58,61.46,4.89,16.77,0.0,25.68,8.662114445484217,AIIMS,26.21,0,1.0,32.806666666666665,0.8660254037844387,9.79,36.96041666666667,342.5605,0.49999999999999994,29.5932,0.81,0.78,8.5081927162647,6.123233995736766e-17,0.952627944163407,64.03,6,47.78
82.64,64.03,31.830076826032833,0,44.49,8.203475981668921,0,26.033333333333335,60.53,41.4,37.94,2023,53.26,1,7.37,-0.02022128958412824,2,70.18,27.4,32.68,60.94,2023-01-02 07:00:00,26.21,29.007289182795027,Hourly,26.21,0.42,62.47,5.35,9.79,-0.5300000000000011,25.7,4.906080580938943,AIIMS,25.68,0,0.9659258262890683,29.123333333333335,0.8660254037844387,10.52,36.55291666666667,497.8435,0.49999999999999994,33.94799999999999,0.78,0.82,8.811963448564615,-0.25881904510252063,0.30599564267216955,67.55,7,38.54
76.83,67.55,30.886988083566244,0,47.02,8.316841438620326,0,25.863333333333333,62.93,46.73,41.4,2023,52.83,1,10.49,0.0007788161993769304,2,77.37,26.63,32.538333333333334,70.18,2023-01-02 08:00:00,25.68,28.06234941628216,Hourly,26.21,0.46,60.53,7.37,10.52,0.019999999999999574,29.21,1.7841599330402316,AIIMS,25.7,0,0.8660254037844387,26.98333333333333,0.8660254037844387,12.18,35.77,765.2455,0.49999999999999994,41.5897,0.82,0.89,8.910286190689845,-0.4999999999999998,0.3003886371591957,72.95,8,30.24
92.58,72.95,30.628989916863745,0,47.02,8.18248165660069,0,26.863333333333333,68.36,50.48,46.73,2023,66.19,1,16.97,0.1365758754863814,2,100.58,30.1,32.75333333333334,77.37,2023-01-02 09:00:00,25.7,28.390249583058683,Hourly,25.68,0.44,62.93,10.49,12.18,3.5100000000000016,36.69,1.4206676834031666,AIIMS,29.21,0,0.7071067811865476,26.811666666666667,0.8660254037844387,10.66,35.02791666666667,1314.1568,0.49999999999999994,49.4704,0.89,0.98,8.671036736152617,-0.7071067811865475,2.0322975503932317,77.44,9,27.86
76.59,77.44,31.561453006577015,0,45.4,8.209314139217984,0,30.53333333333333,69.36,56.0,50.48,2023,66.33,1,19.8,0.2560766860664155,2,100.58,38.18,33.3025,100.58,2023-01-02 10:00:00,29.21,30.761606845041918,Hourly,25.7,0.55,68.36,16.97,10.66,7.479999999999997,36.69,4.326179222670528,AIIMS,36.69,0,0.49999999999999994,28.28333333333333,0.8660254037844387,11.42,34.5975,1527.372,0.49999999999999994,58.800000000000004,0.98,1.05,8.298256626754581,-0.8660254037844387,5.613237330928936,77.14,10,26.21
56.29,77.14,32.3504602363344,0,48.38,8.139808835518716,0,34.196666666666665,67.32,62.47,56.0,2023,73.28,1,18.58,0.0,2,88.85,47.33,33.178333333333335,100.58,2023-01-02 11:00:00,36.69,32.45543346074423,Hourly,29.21,0.77,69.36,19.8,11.42,0.0,32.98,5.322544504276086,AIIMS,36.69,0,0.258819045102521,30.029999999999998,0.8660254037844387,25.08,34.23458333333333,1468.5632,0.49999999999999994,68.09230000000001,1.05,1.09,7.990015497164293,-0.9659258262890682,4.318580013538487,79.04,11,26.21
33.33,79.04,32.44731250766757,1,48.38,6.818629727711945,1,35.45333333333333,63.16,69.95,62.47,2023,72.46,1,20.58,-0.10111747070046337,2,87.72,47.78,31.982499999999998,88.85,2023-01-02 12:00:00,36.69,32.60530961481731,Hourly,36.69,0.76,67.32,18.58,25.08,-3.710000000000001,32.98,5.061989398118716,AIIMS,32.98,0,1.2246467991473532e-16,31.15833333333333,0.8660254037844387,71.89,33.59291666666667,1626.3345,0.49999999999999994,81.8415,1.09,1.17,7.401314500855756,-1.0,2.141969498693677,79.025,12,25.68
39.29,79.025,32.52926442956486,0,45.1,4.71565566314315,0,34.21666666666667,46.99,48.27,69.95,2023,67.2,1,2.77,0.0,2,87.93,38.54,30.749166666666667,87.72,2023-01-02 13:00:00,32.98,32.71236401058379,Hourly,36.69,0.9,63.16,20.58,71.89,0.0,32.98,4.302170382492964,AIIMS,32.98,0,-0.2588190451025208,32.375,0.8660254037844387,26.28,32.95125,218.85770000000002,0.49999999999999994,40.0641,1.17,0.83,6.697707792514613,-0.9659258262890683,2.141969498693692,79.01,13,25.7
22.7,79.01,32.59860836347796,0,37.63,4.115545823368167,0,32.98,45.85,45.86,48.27,2023,58.41,1,10.35,0.0,2,87.93,30.24,30.28583333333333,87.93,2023-01-02 14:00:00,32.98,32.788831436131275,Hourly,32.98,1.01,46.99,2.77,26.28,0.0,31.22,2.8114296481801504,AIIMS,32.98,0,-0.4999999999999997,33.58833333333333,0.8660254037844387,27.48,32.44625,747.684,0.49999999999999994,37.1466,0.83,0.81,6.178686234706729,-0.8660254037844388,0.0,72.24,14,29.21
55.74,72.24,32.386514769096735,0,31.23,4.124267703594158,0,32.39333333333334,31.97,42.04,45.86,2023,54.13,1,8.44,-0.05336567616737411,2,65.33,27.86,30.367499999999996,87.93,2023-01-02 15:00:00,32.98,32.34059388295091,Hourly,32.98,0.78,45.85,10.35,27.48,-1.759999999999998,26.96,2.2488456297990713,AIIMS,31.22,0,-0.7071067811865471,33.92333333333333,0.8660254037844387,28.39,32.17916666666667,542.1855999999999,0.49999999999999994,25.644399999999997,0.81,0.61,6.082663115750208,-0.7071067811865479,1.0161364737741736,64.24,15,36.69
47.73,64.24,31.551666343081855,0,29.84,4.181794145187926,0,30.386666666666667,43.91,34.99,42.04,2023,50.24,1,3.09,-0.13645099295323504,2,62.44,26.21,30.2925,65.33,2023-01-02 16:00:00,31.22,30.803281344964937,Hourly,32.98,0.76,31.97,8.44,28.39,-4.259999999999998,23.54,3.1730516331547975,AIIMS,26.96,0,-0.8660254037844385,32.30166666666667,0.8660254037844387,13.17,32.00125,191.14739999999998,0.49999999999999994,21.3439,0.61,0.61,6.173404608197943,-0.5000000000000004,3.095308277592772,61.86,16,36.69
31.83,61.86,30.31910229030003,0,30.31,4.47921259314025,0,27.24,48.61,34.08,34.99,2023,49.3,1,2.92,-0.12685459940652824,2,53.5,26.21,30.069999999999997,62.44,2023-01-02 17:00:00,26.96,28.728058103546385,Hourly,31.22,0.5,43.91,3.09,13.17,-3.4200000000000017,21.51,3.9756810737280737,AIIMS,23.54,0,-0.9659258262890683,30.11,0.8660254037844387,10.57,31.73875,176.3096,0.49999999999999994,20.447999999999997,0.61,0.6,6.399114281441953,-0.25881904510252063,3.84764863260683,60.38,17,32.98
214.08,60.38,28.963855784100026,0,30.31,5.020231492911956,0,24.003333333333334,56.47,65.89,34.08,2023,45.22,1,8.4,-0.08623619371282913,2,40.56,25.68,29.67833333333333,53.5,2023-01-02 18:00:00,23.54,26.665755788247417,Hourly,26.96,0.2,48.61,2.92,10.57,-2.0299999999999976,15.25,4.956339038712569,AIIMS,21.51,0,-1.0,28.198333333333334,0.8660254037844387,15.28,31.372083333333332,564.816,0.49999999999999994,67.2078,0.6,1.02,6.7281969799826085,-1.8369701987210297e-16,2.754384383729825,67.24,18,32.98
145.05,67.24,26.854031817315406,1,27.4,6.469190561047981,1,20.100000000000005,61.58,60.39,65.89,2023,42.28,1,8.64,-0.291027429102743,2,61.39,25.7,28.809166666666666,40.56,2023-01-02 19:00:00,21.51,23.404111277319583,Hourly,23.54,0.28,56.47,8.4,15.28,-6.260000000000002,18.49,6.560934892731841,AIIMS,15.25,0,-0.9659258262890684,25.24333333333333,0.8660254037844387,12.21,30.744583333333335,629.7264,0.49999999999999994,65.22120000000001,1.02,1.08,7.490637622576023,0.2588190451025203,4.321122539341092,72.88499999999999,19,32.98
136.61,72.88499999999999,25.56725769157457,0,26.63,7.089306714832593,0,18.416666666666668,75.65,98.59,60.39,2023,40.62,1,61.86,0.21245901639344253,2,210.16,29.21,28.208333333333332,61.39,2023-01-02 20:00:00,15.25,22.000079483799702,Hourly,21.51,0.19,61.58,8.64,12.21,3.2399999999999984,28.46,5.7617268823388486,AIIMS,18.49,0,-0.8660254037844386,22.828333333333333,0.8660254037844387,11.42,30.37333333333333,4857.8658,0.49999999999999994,155.77220000000003,1.08,1.58,7.874567574968886,0.5000000000000001,3.1306442361493336,78.53,20,31.22
190.58,78.53,26.01229496979387,3,30.1,7.082976336814884,1,20.733333333333338,98.73,158.12,98.59,2023,43.67,1,132.32,0.5392103839913468,2,210.16,36.69,28.14583333333333,210.16,2023-01-02 21:00:00,18.49,23.84577105985693,Hourly,15.25,0.17,75.65,61.86,11.42,9.970000000000002,50.33,5.0202287464483275,AIIMS,28.46,0,-0.7071067811865477,22.368333333333336,0.8660254037844387,12.4,30.449583333333333,8530.40576,0.49999999999999994,395.3,1.58,2.5,7.845551206376885,0.7071067811865474,6.884797261600005,64.468,21,26.96
223.47,64.468,29.753480359056354,3,38.18,9.31999036772819,1,32.42666666666667,115.21,184.75,158.12,2023,51.52,1,168.72,0.7684469430780041,2,199.87,36.69,29.2825,210.16,2023-01-02 22:00:00,28.46,31.41269361418352,Hourly,18.49,0.94,98.73,132.32,12.4,21.869999999999997,58.57,12.615535924671065,AIIMS,50.33,0,-0.5000000000000004,26.263333333333332,0.8660254037844387,12.64,31.2925,8504.500320000001,0.49999999999999994,485.8925,2.5,2.63,8.831189909484968,0.8660254037844384,16.286412537245095,50.406000000000006,22,23.54
169.57,50.406000000000006,34.18679107304769,3,47.33,12.499005384672069,1,45.78666666666667,115.2,184.37,184.75,2023,67.43,1,173.38,0.1637194516193126,2,189.58,32.98,31.105833333333333,199.87,2023-01-02 23:00:00,50.33,39.171924010131086,Hourly,28.46,0.41,115.21,168.72,12.64,8.240000000000002,66.81,18.04187397879351,AIIMS,58.57,0,-0.25881904510252157,32.10166666666667,0.8660254037844387,12.62,32.14208333333333,6301.32272,0.49999999999999994,477.5183,2.63,2.59,10.36941446469267,0.9659258262890681,15.560669437184686,36.344,23,21.51
221.85,36.344,39.20574629257881,0,47.78,16.221139686448463,0,58.57,75.96,32.22,184.37,2023,69.8,1,75.27,0.14068635820385866,3,138.64,32.98,33.925000000000004,189.58,2023-01-03 01:00:00,58.57,47.06851715009363,Hourly,50.33,0.34,115.2,173.38,12.62,8.240000000000002,53.57,21.808329066360553,AIIMS,66.81,1,0.25881904510252074,39.65166666666667,0.8660254037844387,8.69,32.95374999999999,618.7194000000001,0.49999999999999994,73.7838,2.59,2.29,12.209137281240302,0.9659258262890683,8.23999999999998,8.22,1,15.25
205.6,8.22,41.41563147833591,0,38.54,17.17313729919406,0,59.650000000000006,74.11,33.27,32.22,2023,56.6,1,83.99,-0.19817392605897324,3,238.11,32.98,35.64083333333333,138.64,2023-01-03 02:00:00,66.81,48.92608367863831,Hourly,58.57,0.27,75.96,75.27,8.69,-13.240000000000002,58.13,18.609447511053805,AIIMS,53.57,1,0.49999999999999994,46.038333333333334,0.8660254037844387,9.29,33.195,655.122,0.49999999999999994,72.52860000000001,2.29,2.18,12.566804097199464,0.8660254037844387,6.685746031670633,7.8,2,18.49
130.2,7.8,43.98707278936116,0,30.24,18.315555898710485,0,59.50333333333334,74.34,33.14,33.27,2023,30.4,1,80.83,0.0851222699271981,3,238.11,31.22,37.73666666666667,238.11,2023-01-03 03:00:00,53.57,51.55577405617022,Hourly,66.81,0.19,74.11,83.99,9.29,4.560000000000002,60.82,13.091731359908055,AIIMS,58.13,1,0.7071067811865476,52.645,0.8660254037844387,10.23,34.01125,645.0234,0.49999999999999994,67.6056,2.18,2.04,13.528488238592557,0.7071067811865476,6.72598939438154,7.98,3,28.46
197.43,7.98,46.576753898690214,0,27.86,19.323597130467363,0,57.50666666666667,76.54,32.0,33.14,2023,32.12,1,72.08,0.046275589196628206,3,170.58,26.96,40.20333333333333,238.11,2023-01-03 04:00:00,58.13,54.2026957544073,Hourly,53.57,0.16,74.34,80.83,10.23,2.6899999999999977,66.43,5.73332858526936,AIIMS,60.82,1,0.8660254037844386,58.038333333333334,0.8660254037844387,10.23,35.28541666666667,583.1272,0.49999999999999994,63.04,2.04,1.97,14.5587006644216,0.5000000000000001,3.6649738516574772,8.09,4,50.33
122.48,8.09,49.63109945273787,0,26.21,20.203609544741358,0,61.793333333333344,72.97,31.44,32.0,2023,32.12,1,77.3,0.09223939493587646,3,211.9,23.54,43.49250000000001,170.58,2023-01-03 05:00:00,60.82,57.69621125314808,Hourly,58.13,0.21,76.54,72.08,10.23,5.6100000000000065,74.69,5.1411143409446565,AIIMS,66.43,1,0.9659258262890683,60.721666666666664,0.8660254037844387,9.89,36.8925,606.0319999999999,0.49999999999999994,60.0504,1.97,1.91,15.78089881443077,0.25881904510252074,4.2347412356994,7.84,5,58.57
94.78,7.84,53.48631492154743,0,26.21,20.991771331556656,0,67.31333333333333,76.1,33.19,31.44,2023,31.54,1,85.33,0.12434141201264474,3,211.9,21.51,47.754999999999995,211.9,2023-01-03 06:00:00,66.43,62.55157946653435,Hourly,60.82,0.3,72.97,77.3,9.89,8.259999999999991,74.69,7.474367977740114,AIIMS,74.69,1,1.0,63.40833333333333,0.8660254037844387,9.37,38.9125,663.8674,0.49999999999999994,61.733399999999996,1.91,1.86,17.376209685759335,6.123233995736766e-17,6.977064807878209,7.78,6,66.81
247.36,7.78,56.74842031823244,0,25.68,20.556390881198144,0,71.93666666666667,84.63,35.69,33.19,2023,35.46,1,106.6,0.0,3,163.35,15.25,52.18666666666667,211.9,2023-01-03 07:00:00,74.69,66.01969961895311,Hourly,66.43,1.1,76.1,85.33,9.37,0.0,75.04,8.771390805719856,AIIMS,74.69,1,0.9659258262890683,64.72166666666666,0.8660254037844387,9.53,40.9325,810.16,0.49999999999999994,68.8817,1.86,1.93,18.609485250923687,-0.25881904510252063,4.768913223506212,7.6,7,53.57
265.84,7.6,59.562509500042836,0,25.7,17.858715956251185,0,74.80666666666667,83.18,35.16,35.69,2023,44.49,1,110.31,0.00468603561387078,3,163.35,18.49,57.16916666666666,163.35,2023-01-03 08:00:00,74.69,68.59692829925223,Hourly,74.69,0.23,84.63,106.6,9.53,0.3500000000000085,81.41,7.615352913686942,AIIMS,75.04,1,0.8660254037844387,68.3,0.8660254037844387,9.29,42.98916666666667,797.5413000000001,0.49999999999999994,66.80399999999999,1.93,1.9,19.554120419040007,-0.4999999999999998,0.20207259421386098,7.23,8,58.13
205.01,7.23,62.92366188465163,0,29.21,14.365047938406857,0,77.04666666666667,76.36,32.67,35.16,2023,47.02,1,96.78,0.08488805970149241,3,134.28,28.46,62.4125,163.35,2023-01-03 09:00:00,75.04,72.2578059280373,Hourly,74.69,0.44,83.18,110.31,9.29,6.36999999999999,81.41,7.322360275211824,AIIMS,81.41,1,0.7071067811865476,72.17999999999999,0.8660254037844387,12.84,45.31041666666667,743.2704,0.49999999999999994,61.7463,1.9,1.89,20.686365700765222,-0.7071067811865475,3.7828075993013606,7.68,9,60.82
337.21,7.68,65.76771390239753,0,36.69,10.636094207931764,0,79.28666666666668,79.88,33.17,32.67,2023,47.02,1,81.13,0.0,3,219.56,50.33,66.825,134.28,2023-01-03 10:00:00,81.41,74.87271852002664,Hourly,75.04,0.59,76.36,96.78,12.84,0.0,83.2,5.542022795574442,AIIMS,81.41,1,0.49999999999999994,75.61166666666666,0.8660254037844387,14.39,47.48541666666667,656.3417,0.49999999999999994,66.0083,1.89,1.99,21.642061699418754,-0.8660254037844387,3.6777212147377187,8.09,10,66.43
285.11,8.09,68.44960407125944,0,36.69,10.22657274708955,0,82.00666666666666,81.62,32.34,33.17,2023,45.4,1,60.68,0.021987470826679848,3,219.56,58.57,69.56416666666667,219.56,2023-01-03 11:00:00,81.41,77.25194180001903,Hourly,81.41,1.16,79.88,81.13,14.39,1.7900000000000063,83.2,3.9994432945932297,AIIMS,83.2,1,0.258819045102521,78.40666666666667,0.8660254037844387,11.87,49.423333333333325,562.5036,0.49999999999999994,64.03320000000001,1.99,1.98,22.690326547685,-0.9659258262890682,1.0334569818486017,9.27,11,74.69
260.22,9.27,70.71889575260414,6,32.98,10.290869150795155,1,82.60333333333334,61.13,20.21,32.34,2023,48.38,1,3.15,0.0,3,177.625,66.81,71.61666666666666,219.56,2023-01-03 12:00:00,83.2,78.9513870000136,Hourly,81.41,0.82,81.62,60.68,11.87,0.0,71.5775,3.926070554638578,AIIMS,83.2,1,1.2246467991473532e-16,79.825,0.8660254037844387,17.23,51.361250000000005,29.231999999999996,0.49999999999999994,35.44834,1.98,1.754,23.52627029560228,-1.0,1.0334569818485646,9.28,12,74.69
293.05,9.28,70.85098871374197,6,32.98,10.179860993108631,1,79.32583333333334,37.11,17.48,20.21,2023,48.38,1,3.79,-0.13969350961538463,3,135.69,53.57,72.01395833333333,177.625,2023-01-03 13:00:00,83.2,76.84456214286686,Hourly,83.2,0.78,61.13,3.15,17.23,-11.622500000000002,59.955,4.8395985758118485,AIIMS,71.5775,1,-0.2588190451025208,79.30624999999999,0.8660254037844387,22.590000000000003,52.96947916666667,34.7922,0.49999999999999994,26.70944,1.754,1.528,23.534356799978127,-0.9659258262890683,6.710253503656325,9.18,13,75.04
237.12,9.18,69.17468275778167,6,32.98,9.252846211887066,1,71.5775,30.96,18.0,17.48,2023,45.1,1,2.59,-0.16237644511194163,3,93.755,58.13,72.54604166666667,135.69,2023-01-03 14:00:00,71.5775,72.01897295919062,Hourly,83.2,0.7,37.11,3.79,22.590000000000003,-11.622500000000002,48.3325,9.332227549822539,AIIMS,59.955,1,-0.4999999999999997,76.79208333333334,0.8660254037844387,27.950000000000003,54.0934375,23.9057,0.49999999999999994,23.436,1.528,1.302,23.179654026056177,-0.8660254037844388,11.622499999999988,9.23,14,81.41
252.34,9.23,65.96819310273833,6,31.22,10.922207924543885,1,59.95500000000001,42.86,18.22,18.0,2023,37.63,1,1.27,-0.1938537236260528,3,51.82,60.82,71.72958333333334,93.755,2023-01-03 15:00:00,59.955,65.25140925656473,Hourly,71.5775,0.7,30.96,2.59,27.950000000000003,-11.622499999999995,36.71,14.434137198553538,AIIMS,48.3325,1,-0.7071067811865471,71.27916666666667,0.8660254037844387,33.31,54.733125,11.7348,0.49999999999999994,,1.302,,22.78005101067406,-0.7071067811865479,11.622500000000054,9.24,15,81.41
216.13,9.24,61.46693262539397,6,26.96,14.681937218651486,1,48.3325,44.59,21.626666666666665,18.22,2023,31.23,1,7.773333333333333,-0.24046966327005642,3,52.1,66.43,69.72041666666667,51.82,2023-01-03 16:00:00,48.3325,57.096720897546234,Hourly,59.955,0.56,42.86,1.27,33.31,-11.622500000000002,32.57,18.979463023665005,AIIMS,36.71,1,-0.8660254037844385,63.82916666666667,0.8660254037844387,26.65,54.961875,78.38111111111111,0.49999999999999994,18.382666666666665,,0.85,22.56017730727906,-0.5000000000000004,11.622500000000121,10.083333333333334,16,83.2
212.72,10.083333333333334,57.02125068302567,6,23.54,18.20323914419927,1,39.20416666666667,51.12,25.03333333333333,21.626666666666665,2023,29.84,1,14.276666666666667,-0.11277581040588397,3,52.1,74.69,66.89874999999999,52.1,2023-01-03 17:00:00,36.71,50.08908635539017,Hourly,48.3325,0.96,44.59,7.773333333333333,26.65,-4.140000000000001,31.44,19.87849885345137,AIIMS,32.57,1,-0.9659258262890683,55.39083333333334,0.8660254037844387,13.49,55.195625,155.99637777777778,0.49999999999999994,21.278333333333332,0.85,0.85,22.28481304671801,-0.25881904510252063,8.171887914266653,10.926666666666666,17,83.2
218.7,10.926666666666666,53.085673654867875,0,21.51,20.639054407992145,0,33.57333333333334,97.83,28.44,25.03333333333333,2023,30.31,1,20.78,-0.034694504144918606,3,47.42,74.69,63.29458333333334,52.1,2023-01-03 18:00:00,32.57,44.76077596813584,Hourly,36.71,0.53,51.12,14.276666666666667,13.49,-1.129999999999999,27.76,16.306746967640958,AIIMS,31.44,1,-1.0,46.764166666666675,0.8660254037844387,10.52,55.524791666666665,244.5806,0.49999999999999994,65.41199999999999,0.85,2.3,21.851024487432202,-1.8369701987210297e-16,2.774569035604995,11.77,18,71.5775
134.06,11.77,49.18941616950359,0,15.25,22.633426444390512,0,30.590000000000003,89.21,25.84,28.44,2023,30.31,1,6.02,-0.11704834605597964,3,127.2,75.04,59.38375,47.42,2023-01-03 19:00:00,31.44,39.90341140581131,Hourly,32.57,0.19,97.83,20.78,10.52,-3.6799999999999997,32.05,12.288297456320025,AIIMS,27.76,1,-0.9659258262890684,39.46125,0.8660254037844387,14.47,55.78520833333334,120.701,0.49999999999999994,58.398399999999995,2.3,2.26,21.461793389607212,0.2588190451025203,2.515134191252038,20.05,19,59.955
112.67,20.05,46.55258291265688,0,18.49,23.32185079344728,0,30.41666666666667,79.84,27.83,25.84,2023,27.4,1,25.54,0.15453890489913527,3,166.9,81.41,55.80125,127.2,2023-01-03 20:00:00,27.76,37.65957957557951,Hourly,31.44,0.2,89.21,6.02,14.47,4.289999999999996,40.46,7.213357127001827,AIIMS,32.05,1,-0.8660254037844386,34.81041666666666,0.8660254037844387,23.48,56.48520833333333,428.81659999999994,0.49999999999999994,72.07969999999999,2.26,2.59,20.326138918256827,0.5000000000000001,2.320869090090691,16.79,20,48.3325
233.79,16.79,45.61526246455582,0,28.46,22.20319380947048,0,33.42333333333334,81.86,27.53,27.83,2023,26.63,1,29.13,0.2624024960998441,3,176.09,81.41,52.388749999999995,166.9,2023-01-03 21:00:00,32.05,38.459699696842506,Hourly,27.76,0.33,79.84,25.54,23.48,8.410000000000004,52.82,4.447567499956362,AIIMS,40.46,1,-0.7071067811865477,33.498333333333335,0.8660254037844387,16.45,57.400625,263.9178,0.49999999999999994,74.0557,2.59,2.69,18.991478613274897,0.7071067811865474,6.4604205229488025,9.06,21,36.71
199.68,9.06,46.723683623854924,0,50.33,20.254376224658195,0,41.77666666666667,81.23,24.24,27.53,2023,30.1,1,28.09,0.30548690064260997,3,176.09,83.2,50.00625,176.09,2023-01-03 22:00:00,40.46,42.56264264060179,Hourly,32.05,0.19,81.86,29.13,16.45,12.36,55.56,9.150529310737603,AIIMS,52.82,1,-0.5000000000000004,36.18333333333333,0.8660254037844387,9.06,58.415625,71.06769999999999,0.49999999999999994,64.7208,2.69,2.67,18.002718306972895,0.8660254037844384,10.447412757871552,2.53,22,32.57
94.84,2.53,48.08311691249263,0,58.57,17.523989493410188,0,49.613333333333344,72.11,22.91,24.24,2023,38.18,1,24.75,0.05187429004165093,3,164.05,83.2,47.70291666666666,176.09,2023-01-03 23:00:00,52.82,46.276173314715564,Hourly,40.46,0.78,81.23,28.09,9.06,2.740000000000002,55.56,11.7725948711404,AIIMS,55.56,1,-0.25881904510252157,40.015,0.8660254037844387,24.26,58.63354166666667,246.75750000000002,0.49999999999999994,58.4205,2.67,2.55,17.93210442130117,0.9659258262890681,8.044534376415857,9.97,23,31.44
302.82,9.97,49.23340661826299,0,66.81,13.869584071290861,0,54.64666666666667,15.8,16.38,22.91,2023,47.33,1,4.17,0.0,4,42.43,71.5775,45.39958333333334,164.05,2023-01-04 01:00:00,55.56,48.92869522479683,Hourly,52.82,0.69,72.11,24.75,24.26,0.0,21.53,12.362232403575057,AIIMS,55.56,2,0.25881904510252074,44.035000000000004,0.8660254037844387,6.44,58.50812500000001,106.20989999999999,0.49999999999999994,16.38,2.55,1.0,17.943090717145008,0.9659258262890683,1.5819397375804152,25.47,1,27.76
97.2,25.47,44.97134406160714,0,53.57,12.762741648426045,0,44.216666666666676,15.81,16.25,16.38,2023,47.78,1,4.03,-0.6124910007199424,4,40.99,59.955,41.22895833333334,42.43,2023-01-04 02:00:00,55.56,41.10049658914059,Hourly,55.56,0.27,15.8,4.17,6.44,-34.03,18.3,14.136863395628744,AIIMS,21.53,2,0.49999999999999994,42.99666666666667,0.8660254037844387,6.5,56.62145833333333,102.64410000000001,0.49999999999999994,14.7875,1.0,0.91,19.35704111468432,0.8660254037844387,19.647229660523056,25.47,2,32.05
53.19,25.47,40.86806035982143,0,58.13,12.870829927430181,0,31.79666666666667,15.83,16.44,16.25,2023,38.54,1,4.73,-0.1500232234091965,4,48.85,48.3325,37.75770833333333,40.99,2023-01-04 03:00:00,21.53,34.58606899224328,Hourly,55.56,0.64,15.81,4.03,6.5,-3.2300000000000004,16.6,17.075362075224092,AIIMS,18.3,2,0.7071067811865476,40.705000000000005,0.8660254037844387,6.21,55.151875,115.2228,0.49999999999999994,14.467200000000002,0.91,0.88,20.877881475822146,0.7071067811865476,20.642922112272235,24.36,3,40.46
37.06,24.36,37.13451261215659,0,60.82,13.731684219903638,0,18.810000000000006,15.81,16.2,16.44,2023,30.24,1,5.15,-0.09289617486338794,4,56.45,36.71,35.11333333333334,48.85,2023-01-04 04:00:00,18.3,29.447192137316627,Hourly,21.53,0.92,15.83,4.73,6.21,-1.6999999999999993,22.54,19.71774674415584,AIIMS,16.6,2,0.8660254037844386,36.72833333333333,0.8660254037844387,6.21,53.421458333333334,120.56150000000001,0.49999999999999994,14.418,0.88,0.89,22.293389677755926,0.5000000000000001,2.5042563766526906,23.41,4,52.82
92.63,23.41,34.889202979517115,0,66.43,14.183721863780677,0,19.146666666666672,15.8,15.7,16.2,2023,27.86,1,4.72,0.35783132530120465,4,58.01,32.57,33.9325,56.45,2023-01-04 05:00:00,16.6,27.47370866951188,Hourly,18.3,1.74,15.81,5.15,6.21,5.939999999999998,21.74,18.61989088761447,AIIMS,22.54,2,0.9659258262890683,31.68166666666667,0.8660254037844387,6.71,51.826458333333335,108.98479999999999,0.49999999999999994,12.56,0.89,0.8,23.09598081584788,0.25881904510252074,3.059172001267494,23.09,5,55.56
139.8,23.09,32.86624867497602,0,74.69,14.616255583176097,0,20.29333333333334,15.8,14.79,15.7,2023,26.21,1,3.34,-0.035492457852706334,4,42.82,31.44,33.03,58.01,2023-01-04 06:00:00,22.54,25.835506192508483,Hourly,16.6,0.46,15.8,4.72,6.71,-0.8000000000000007,14.51,14.639204554893071,AIIMS,21.74,2,1.0,26.045,0.8660254037844387,6.57,49.964375,77.4212,0.49999999999999994,10.352999999999998,0.8,0.7,23.66199909607861,6.123233995736766e-17,3.2234350208029436,23.18,6,55.56
179.2,23.18,30.042210417287404,0,74.69,15.569670667582178,0,19.59666666666667,15.8,14.61,14.79,2023,26.21,1,3.41,-0.3325666973321067,4,30.4,27.76,31.61916666666667,42.82,2023-01-04 07:00:00,21.74,22.5996472803632,Hourly,22.54,0.25,15.8,3.34,6.57,-7.229999999999999,14.33,3.2435207208632115,AIIMS,14.51,2,0.9659258262890683,19.203333333333337,0.8660254037844387,7.02,47.456875000000004,77.50930000000001,0.49999999999999994,9.7887,0.7,0.67,24.1122641112495,-0.25881904510252063,4.423305701999234,22.73,7,21.53
227.54,22.73,27.624947276166264,0,75.04,16.33610836042769,0,16.860000000000003,15.82,16.01,14.61,2023,25.68,1,4.56,-0.012405237767057183,4,21.17,32.05,30.5,30.4,2023-01-04 08:00:00,14.51,20.236890914545143,Hourly,21.74,0.63,15.8,3.41,7.02,-0.17999999999999972,12.55,3.529819636563471,AIIMS,14.33,2,0.8660254037844387,18.003333333333334,0.8660254037844387,6.7,44.941875,107.88959999999999,0.49999999999999994,10.406500000000001,0.67,0.65,24.295437756666203,-0.4999999999999998,4.227162168642909,23.66,8,18.3
217.63,23.66,25.305724618294533,0,81.41,17.119009370234625,0,13.796666666666672,15.82,17.26,16.01,2023,25.7,1,5.7,-0.12421493370551287,4,27.26,40.46,28.875,21.17,2023-01-04 09:00:00,14.33,18.040636367532244,Hourly,14.51,0.54,15.82,4.56,6.7,-1.7799999999999994,13.23,4.1578492036150685,AIIMS,12.55,2,0.7071067811865476,17.044999999999998,0.8660254037844387,7.01,42.338125,141.189,0.49999999999999994,11.564200000000001,0.65,0.67,24.27809793345233,-0.7071067811865475,1.0833897421239616,24.77,9,16.6
207.28,24.77,23.447920830864604,0,81.41,17.248003024504968,0,13.370000000000005,15.81,17.15,17.26,2023,29.21,1,5.25,0.05418326693227089,4,23.21,52.82,26.605833333333333,27.26,2023-01-04 10:00:00,12.55,16.666168833951602,Hourly,14.33,0.78,15.82,5.7,7.01,0.6799999999999997,11.55,4.4475146617711285,AIIMS,13.23,2,0.49999999999999994,16.483333333333334,0.8660254037844387,6.73,39.49729166666666,130.725,0.49999999999999994,11.490499999999999,0.67,0.67,23.483372851832552,-0.8660254037844387,0.8982204629188358,24.9,10,22.54
224.12,24.9,21.617471472270047,0,83.2,15.57968043395761,0,12.443333333333337,15.8,15.62,17.15,2023,36.69,1,3.04,-0.12698412698412695,4,19.36,55.56,23.166666666666668,23.21,2023-01-04 11:00:00,13.23,15.204406309965432,Hourly,12.55,0.98,15.81,5.25,6.73,-1.6799999999999997,8.33,3.6449000900805575,AIIMS,11.55,2,0.258819045102521,14.651666666666666,0.8660254037844387,6.83,36.58645833333333,76.6688,0.49999999999999994,10.3092,0.67,0.66,22.365353238842122,-0.9659258262890682,0.8450641001365166,25.22,11,21.74
208.08,25.22,19.573245091920807,0,83.2,12.265621177860785,0,11.03666666666667,15.8,13.78,15.62,2023,36.69,1,1.52,-0.2787878787878788,4,16.6,55.56,19.230833333333333,19.36,2023-01-04 12:00:00,11.55,13.240290221403878,Hourly,13.23,1.07,15.8,3.04,6.83,-3.2200000000000006,8.52,2.287974358831274,AIIMS,8.33,2,1.2246467991473532e-16,12.416666666666666,0.8660254037844387,5.96,33.466875,36.556000000000004,0.49999999999999994,8.5436,0.66,0.62,20.743620866608744,-1.0,2.490006693432703,24.05,12,14.51
259.79,24.05,17.872745847009913,0,71.5775,4.912108338924584,0,9.46666666666667,15.8,12.57,13.78,2023,32.98,1,0.9,0.022809123649459723,4,13.74,21.53,15.310833333333335,16.6,2023-01-04 13:00:00,8.33,11.891635872431342,Hourly,11.55,0.94,15.8,1.52,5.96,0.1899999999999995,9.29,2.4898226175110216,AIIMS,8.52,2,-0.2588190451025208,11.418333333333335,0.8660254037844387,6.52,30.355208333333337,20.403000000000002,0.49999999999999994,7.4163,0.62,0.59,18.43134515421588,-0.9659258262890683,1.806718941434942,22.67,13,14.33
226.04,22.67,16.552323409008388,0,59.955,4.77212066130559,0,8.713333333333338,15.8,12.25,12.57,2023,32.98,1,0.84,0.09037558685446005,4,10.53,18.3,14.290833333333333,13.74,2023-01-04 14:00:00,8.52,11.14831133745096,Hourly,8.33,1.21,15.8,0.9,6.52,0.7699999999999996,8.8,2.1360937869554046,AIIMS,9.29,2,-0.4999999999999997,10.578333333333335,0.8660254037844387,7.1,27.75989583333333,18.723599999999998,0.49999999999999994,6.982499999999999,0.59,0.57,16.676256593014667,-0.8660254037844388,0.5083633870961402,22.29,14,12.55
359.49,22.29,15.359658269160944,0,48.3325,4.834153979443434,0,8.870000000000005,15.82,12.58,12.25,2023,32.98,1,0.75,-0.05274488697524203,4,16.21,16.6,13.499166666666667,10.53,2023-01-04 15:00:00,9.29,10.477365241036399,Hourly,8.52,0.84,15.8,0.84,7.1,-0.48999999999999844,10.7,1.987246000541834,AIIMS,8.8,2,-0.7071067811865471,9.953333333333333,0.8660254037844387,7.39,25.6284375,17.25,0.49999999999999994,8.0512,0.57,0.64,15.617940419324572,-0.7071067811865479,0.38974350540645775,23.0,15,13.23
351.87,23.0,14.642787766213106,0,36.71,4.7899404532262855,0,9.596666666666671,15.8,13.82,12.58,2023,31.22,1,0.78,0.21590909090909072,4,23.87,22.54,13.0075,16.21,2023-01-04 16:00:00,8.8,10.540975172168856,Hourly,9.29,0.92,15.82,0.75,7.39,1.8999999999999986,12.87,1.3038315330860564,AIIMS,10.7,2,-0.8660254037844385,9.531666666666666,0.8660254037844387,7.53,24.06041666666667,19.7652,0.49999999999999994,10.917800000000002,0.64,0.79,15.12058299979267,-0.5000000000000004,0.9864245198390934,25.34,16,11.55
209.54,25.34,14.370051186795704,0,32.57,3.7384581978362124,0,10.790000000000004,15.81,13.93,13.82,2023,26.96,1,0.61,0.20280373831775703,4,29.46,21.74,12.201666666666668,23.87,2023-01-04 17:00:00,10.7,11.20641083726347,Hourly,8.8,1.03,15.8,0.78,7.53,2.17,12.23,1.748158078283976,AIIMS,12.87,2,-0.9659258262890683,9.751666666666667,0.8660254037844387,8.9,23.067083333333333,15.7075,0.49999999999999994,11.4226,0.79,0.82,15.036288128670641,-0.25881904510252063,2.0364920819896035,25.75,17,8.33
204.25,25.75,14.040812542673288,0,31.44,2.2405577971619755,0,11.933333333333337,15.82,13.44,13.93,2023,23.54,1,0.94,-0.04972804972804964,4,27.96,14.51,11.409166666666666,29.46,2023-01-04 18:00:00,12.87,11.498864883759621,Hourly,10.7,0.96,15.81,0.61,8.9,-0.6399999999999988,13.81,1.8366427705652206,AIIMS,12.23,2,-1.0,10.401666666666666,0.8660254037844387,6.68,22.219583333333333,23.0112,0.49999999999999994,10.752,0.82,0.8,15.050592788893638,-1.8369701987210297e-16,1.1150037369173216,24.48,18,8.52
167.22,24.48,14.005302920723553,0,27.76,2.1601576471649335,0,12.970000000000004,15.82,14.96,13.44,2023,21.51,1,1.52,0.12919051512673754,4,32.38,14.33,11.350833333333334,27.96,2023-01-04 19:00:00,12.23,12.159189202685443,Hourly,12.87,0.36,15.82,0.94,6.68,1.58,14.8,2.0138685822737896,AIIMS,13.81,2,-0.9659258262890684,11.283333333333333,0.8660254037844387,6.65,21.485,39.976,0.49999999999999994,11.3696,0.8,0.76,15.011187422255531,0.2588190451025203,0.7947326594561056,26.3,19,9.29
221.57,26.3,14.127564009843008,0,32.05,2.2224474633322173,0,13.613333333333339,15.8,16.37,14.96,2023,15.25,1,1.94,0.0716871832005793,4,33.23,12.55,11.39,32.38,2023-01-04 20:00:00,13.81,12.913706573346744,Hourly,12.23,0.43,15.82,1.52,6.65,0.9900000000000002,12.23,2.1731030041554384,AIIMS,14.8,2,-0.8660254037844386,12.201666666666666,0.8660254037844387,6.53,20.945,54.999,0.49999999999999994,11.7864,0.76,0.72,15.008747304561082,0.5000000000000001,1.2962381468462707,28.35,20,8.8
239.6,28.35,13.835631085251777,0,40.46,2.2091435334794864,0,13.613333333333339,15.8,18.92,16.37,2023,18.49,1,2.43,-0.17364864864864865,4,40.16,13.23,11.363333333333335,33.23,2023-01-04 21:00:00,14.8,12.718361838104817,Hourly,13.81,0.71,15.8,1.94,6.53,-2.5700000000000003,13.92,1.4198967098593345,AIIMS,12.23,2,-0.7071067811865477,12.773333333333333,0.8660254037844387,6.21,20.11916666666667,78.95070000000001,0.49999999999999994,13.6224,0.72,0.72,14.916141801145482,0.7071067811865474,1.2962381468462707,32.49,21,10.7
106.79,32.49,13.848610918289964,1,52.82,2.2702801522490677,1,13.650000000000006,15.835,32.48,18.92,2023,28.46,1,13.6,0.13818479149632049,4,151.9,11.55,11.420833333333334,40.16,2023-01-04 22:00:00,12.23,13.061687027217726,Hourly,14.8,0.13,15.8,2.43,6.21,1.6899999999999995,21.43,1.0362046130000908,AIIMS,13.92,2,-0.5000000000000004,13.31,0.8660254037844387,6.26,19.013333333333332,561.68,0.49999999999999994,31.180799999999994,0.72,0.96,14.314223594084476,0.8660254037844384,1.3061010680671374,41.3,22,12.87
111.44,41.3,15.014978469322278,0,55.56,3.6770552900466007,0,15.860000000000005,15.87,35.66,32.48,2023,50.33,1,16.68,0.5395114942528736,4,104.14,8.33,12.244166666666667,151.9,2023-01-04 23:00:00,13.92,15.452633590869805,Hourly,12.23,0.17,15.835,13.6,6.26,7.51,22.29,3.4321169366251576,AIIMS,21.43,2,-0.25881904510252157,14.73666666666667,0.8660254037844387,6.6,17.705416666666668,711.4019999999999,0.49999999999999994,37.443,0.96,1.05,12.396572099529607,0.9659258262890681,4.89721349340683,42.65,23,12.23
224.59,42.65,16.134212550965003,0,55.56,4.452639921746015,0,19.21333333333334,15.89,26.89,35.66,2023,58.57,1,14.18,0.04013065795613623,5,48.33,8.52,13.407499999999999,104.14,2023-01-05 01:00:00,21.43,17.40616685062129,Hourly,13.92,0.93,15.87,16.68,6.6,0.8599999999999994,24.69,4.308116371068586,AIIMS,22.29,3,0.25881904510252074,16.413333333333334,0.8660254037844387,6.64,16.319166666666664,384.5616,0.49999999999999994,23.6632,1.05,0.88,9.501609436514064,0.9659258262890683,4.604284236810211,27.12,1,13.81
230.19,27.12,17.450487543124233,0,21.53,5.219753564367418,0,22.803333333333338,15.87,28.34,26.89,2023,66.81,1,15.51,0.10767160161507412,5,63.95,9.29,14.755,48.33,2023-01-05 02:00:00,22.29,19.487262036158064,Hourly,21.43,1.28,15.89,14.18,6.64,2.400000000000002,29.06,5.1922275245475396,AIIMS,24.69,3,0.49999999999999994,18.226666666666667,0.8660254037844387,6.5,15.032916666666665,442.50030000000004,0.49999999999999994,28.9068,0.88,1.02,4.964984766530413,0.8660254037844387,1.6895364255732137,28.53,2,14.8
193.42,28.53,19.23656638264358,0,18.3,6.338194645451926,0,25.346666666666675,15.88,27.08,28.34,2023,53.57,1,13.91,0.17699473471040897,5,67.62,8.8,16.4025,63.95,2023-01-05 03:00:00,24.69,22.22233002582719,Hourly,22.29,0.23,15.87,15.51,6.5,4.369999999999997,29.62,6.426880010290294,AIIMS,29.06,3,0.7071067811865476,20.603333333333335,0.8660254037844387,6.09,15.346666666666666,387.9499,0.49999999999999994,26.267599999999998,1.02,0.97,5.591760760779393,0.7071067811865476,3.4324383946894823,27.89,3,12.23
210.08,27.89,20.83401770839072,0,16.6,6.893220813365642,0,27.790000000000003,15.88,25.14,27.08,2023,58.13,1,11.9,0.019270474879559612,5,38.13,10.7,18.1375,67.62,2023-01-05 04:00:00,29.06,24.335950018447996,Hourly,24.69,0.93,15.88,13.91,6.09,0.5600000000000023,25.28,5.7846258882203285,AIIMS,29.62,3,0.8660254037844386,23.501666666666665,0.8660254037844387,6.02,15.818333333333333,324.751,0.49999999999999994,22.1232,0.97,0.88,6.28602913760632,0.5000000000000001,2.6992406339570736,27.29,4,13.92
200.51,27.29,21.51801498402292,0,22.54,6.746484774916558,0,27.986666666666668,15.86,23.65,25.14,2023,60.82,1,10.13,-0.1465226198514517,5,27.6,12.87,19.352500000000003,38.13,2023-01-05 05:00:00,29.62,24.605678584605712,Hourly,29.06,0.57,15.88,11.9,6.02,-4.34,19.95,3.3809865424165872,AIIMS,25.28,3,0.9659258262890683,25.395,0.8660254037844387,6.44,16.18,279.1828,0.49999999999999994,20.575499999999998,0.88,0.87,6.57597273346685,0.25881904510252074,2.3607061090568435,27.56,5,21.43
203.86,27.56,21.276781909557855,0,21.74,6.430203057729629,0,24.950000000000003,15.82,22.07,23.65,2023,66.43,1,9.97,-0.21083860759493678,5,18.46,12.23,19.9425,27.6,2023-01-05 06:00:00,25.28,23.275484703289795,Hourly,29.62,1.15,15.86,10.13,6.44,-5.330000000000002,14.51,3.76077341336443,AIIMS,19.95,3,1.0,25.14833333333333,0.8660254037844387,6.84,16.072083333333335,245.7605,0.49999999999999994,16.3318,0.87,0.74,6.487722169549993,6.123233995736766e-17,4.8434388609752475,24.65,6,22.29
200.54,24.65,20.235738538856648,0,14.51,6.211564178647247,0,19.913333333333338,15.87,21.33,22.07,2023,74.69,1,9.1,-0.27268170426065164,5,10.59,13.81,20.1325,18.46,2023-01-05 07:00:00,19.95,20.77106050234985,Hourly,25.28,0.82,15.82,9.97,6.84,-5.4399999999999995,12.24,5.755572661922427,AIIMS,14.51,3,0.9659258262890683,23.85166666666667,0.8660254037844387,6.32,15.770833333333334,222.04,0.49999999999999994,14.2911,0.74,0.67,6.380061275885447,-0.25881904510252063,5.385093623451584,24.4,7,24.69
352.15,24.4,19.00562491749409,0,14.33,6.3713204473188565,0,15.566666666666672,15.86,22.87,21.33,2023,74.69,1,10.35,-0.15644383184011024,5,11.59,14.8,20.001666666666665,10.59,2023-01-05 08:00:00,14.51,18.333614644535608,Hourly,19.95,0.84,15.87,9.1,6.32,-2.2699999999999996,11.61,7.401720520707934,AIIMS,12.24,3,0.8660254037844387,21.776666666666667,0.8660254037844387,6.34,15.676250000000001,261.75149999999996,0.49999999999999994,14.408100000000001,0.67,0.63,6.4162889263928555,-0.4999999999999998,3.9621248508015543,25.29,8,29.06
105.55,25.29,17.867836468648846,0,12.55,6.667735690804139,0,12.78666666666667,15.86,23.54,22.87,2023,75.04,1,10.79,-0.05147058823529418,5,12.0,12.23,19.735833333333336,11.59,2023-01-05 09:00:00,12.24,16.412581888954005,Hourly,14.51,0.15,15.86,10.35,6.34,-0.6300000000000008,9.08,7.395824272295082,AIIMS,11.61,3,0.7071067811865476,18.868333333333336,0.8660254037844387,6.07,15.562916666666668,286.79819999999995,0.49999999999999994,16.477999999999998,0.63,0.7,6.464939879451516,-0.7071067811865475,1.5253305652675628,26.58,9,29.62
356.57,26.58,16.515861627318255,0,13.23,7.041616980280083,0,10.976666666666672,15.88,23.32,23.54,2023,81.41,1,9.9,-0.2179155900086132,5,12.26,13.92,19.473333333333333,12.0,2023-01-05 10:00:00,11.61,14.317558492110004,Hourly,12.24,0.52,15.86,10.79,6.07,-2.5299999999999994,7.31,6.056219117568532,AIIMS,9.08,3,0.49999999999999994,15.445,0.8660254037844387,6.34,15.418333333333335,281.853,0.49999999999999994,17.2568,0.7,0.74,6.573147394259595,-0.8660254037844387,1.6724931489664165,28.47,10,25.28
255.04,28.47,15.099575223115448,0,11.55,7.739475111401231,0,9.333333333333337,15.91,23.27,23.32,2023,81.41,1,8.55,-0.19493392070484586,5,23.7,21.43,18.9225,12.26,2023-01-05 11:00:00,9.08,12.315398922935717,Hourly,11.61,0.7,15.88,9.9,6.34,-1.7700000000000005,6.55,4.4501640419205595,AIIMS,7.31,3,0.258819045102521,12.449999999999998,0.8660254037844387,6.59,15.171666666666667,255.73050000000003,0.49999999999999994,17.6852,0.74,0.76,6.767056174981654,-0.9659258262890682,2.161164809388614,29.91,11,19.95
217.92,29.91,13.784255958020763,0,8.33,8.45971321779124,0,7.646666666666671,15.86,21.36,23.27,2023,83.2,1,5.75,-0.10396716826265387,5,27.38,22.29,17.6825,23.7,2023-01-05 12:00:00,7.31,10.668142087811228,Hourly,9.08,0.73,15.91,8.55,6.59,-0.7599999999999998,8.22,3.0871713050411573,AIIMS,6.55,3,1.2246467991473532e-16,10.216666666666667,0.8660254037844387,7.64,14.963333333333333,169.51,0.49999999999999994,16.4472,0.76,0.77,6.957683064295427,-1.0,1.2981653721078292,29.48,12,14.51
213.98,29.48,12.928216579863722,0,8.52,8.733670476952922,0,7.360000000000004,15.84,18.93,21.36,2023,83.2,1,5.06,0.2549618320610688,5,23.94,24.69,16.51,27.38,2023-01-05 13:00:00,6.55,9.968672919865163,Hourly,7.31,0.99,15.86,5.75,7.64,1.6700000000000008,8.69,2.3070796836411134,AIIMS,8.22,3,-0.2588190451025208,9.168333333333335,0.8660254037844387,7.14,14.95875,130.9528,0.49999999999999994,14.1975,0.77,0.75,6.962277433800838,-0.9659258262890683,0.8361220006712825,25.88,13,12.24
199.67,25.88,12.276183259884688,0,9.29,8.591505671124752,0,7.820000000000005,15.84,18.27,18.93,2023,71.5775,1,4.9,0.05717761557177601,5,17.63,29.06,15.176666666666668,23.94,2023-01-05 14:00:00,8.22,9.603337799903688,Hourly,6.55,0.76,15.84,5.06,7.14,0.46999999999999886,7.77,1.749647583563505,AIIMS,8.69,3,-0.4999999999999997,8.576666666666666,0.8660254037844387,7.52,14.965833333333334,121.86300000000001,0.49999999999999994,12.971699999999998,0.75,0.71,6.955525121091859,-0.8660254037844388,1.1246777316220458,24.87,14,11.61
195.79,24.87,11.582924296825505,0,8.8,7.605580636491922,0,8.226666666666672,15.86,17.22,18.27,2023,59.955,1,4.96,-0.10586881472957423,5,17.88,29.62,13.402500000000002,17.63,2023-01-05 15:00:00,8.69,9.079526999931206,Hourly,8.22,0.7,15.84,4.9,7.52,-0.9199999999999999,8.48,0.9271821108442764,AIIMS,7.77,3,-0.7071067811865471,7.9366666666666665,0.8660254037844387,7.26,14.902500000000002,112.9392,0.49999999999999994,12.053999999999998,0.71,0.7,7.01610956857544,-0.7071067811865479,0.4600362304643084,22.77,15,9.08
169.65,22.77,11.10555132808312,0,10.7,5.72296404184418,0,8.313333333333338,15.86,15.44,17.22,2023,48.3325,1,4.52,0.09137709137709149,5,17.35,25.28,11.640833333333333,17.88,2023-01-05 16:00:00,7.77,8.908233571379434,Hourly,8.69,0.32,15.86,4.96,7.26,0.7100000000000009,8.84,0.803284922471257,AIIMS,8.48,3,-0.8660254037844385,7.836666666666667,0.8660254037844387,7.06,14.889166666666666,92.9764,0.49999999999999994,9.8816,0.7,0.64,7.028504025792024,-0.5000000000000004,0.48211340298710176,20.57,16,7.31
187.21,20.57,10.757004969916485,0,12.87,3.8087279153717946,0,8.363333333333339,15.89,15.44,15.44,2023,36.71,1,4.22,0.04245283018867917,5,16.78,19.95,10.270833333333334,17.35,2023-01-05 17:00:00,8.48,8.888738265271023,Hourly,7.77,0.49,15.86,4.52,7.06,0.35999999999999943,8.89,0.8444505116758703,AIIMS,8.84,3,-0.9659258262890683,8.091666666666667,0.8660254037844387,6.95,14.811666666666667,86.46779999999998,0.49999999999999994,9.264,0.64,0.6,7.086717929654582,-0.25881904510252063,0.5444569159628699,20.49,17,6.55
145.48,20.49,10.469773436083178,0,12.23,2.2882564157544643,0,8.736666666666672,15.88,15.46,15.44,2023,32.57,1,4.25,0.005656108597285148,5,17.46,14.51,9.349166666666667,16.78,2023-01-05 18:00:00,8.84,8.889098760907874,Hourly,8.48,0.27,15.89,4.22,6.95,0.05000000000000071,6.75,0.4274303062133262,AIIMS,8.89,3,-1.0,8.481666666666667,0.8660254037844387,6.02,14.645833333333334,87.0825,0.49999999999999994,8.348400000000002,0.6,0.54,7.180081697891797,-1.8369701987210297e-16,0.22368132094515605,20.49,18,8.22
134.79,20.49,9.897500599762688,0,13.81,1.7241763514525223,0,8.160000000000005,15.84,18.14,15.46,2023,31.44,1,4.82,-0.24071991001124865,5,17.64,12.24,8.7025,17.46,2023-01-05 19:00:00,8.89,8.277927686362768,Hourly,8.84,0.19,15.88,4.25,6.02,-2.1400000000000006,6.04,0.8346895630530133,AIIMS,6.75,3,-0.9659258262890684,8.236666666666666,0.8660254037844387,6.04,14.417499999999999,121.41580000000002,0.49999999999999994,9.6142,0.54,0.53,7.34547731304894,0.2588190451025203,1.2213517101991886,25.19,19,8.69
126.01,25.19,9.304038969029968,0,14.8,1.4793208413032621,0,7.226666666666671,15.86,21.42,18.14,2023,27.76,1,8.39,-0.10518518518518517,5,28.05,11.61,8.185833333333333,17.64,2023-01-05 20:00:00,6.75,7.638519775973405,Hourly,8.89,0.13,15.84,4.82,6.04,-0.71,7.97,1.1775355620969528,AIIMS,6.04,3,-0.8660254037844386,7.794999999999999,0.8660254037844387,6.56,14.09375,214.19670000000002,0.49999999999999994,14.7798,0.53,0.69,7.542017843532911,0.5000000000000001,1.483587993123391,25.53,20,7.77
134.65,25.53,9.09880220456382,0,12.23,1.0130882129764247,0,6.920000000000004,15.86,23.45,21.42,2023,32.05,1,11.21,0.31953642384105957,5,37.62,9.08,7.8825,28.05,2023-01-05 21:00:00,6.04,7.733228411409575,Hourly,6.75,0.29,15.86,8.39,6.56,1.9299999999999997,11.33,1.1795154372324475,AIIMS,7.97,3,-0.7071067811865477,7.828333333333333,0.8660254037844387,6.43,13.809166666666668,292.6931,0.49999999999999994,18.76,0.69,0.8,7.642400554268202,0.7071067811865474,0.9761659694983126,26.11,21,8.48
257.14,26.11,9.442063403861694,0,13.92,1.3921598654278649,0,8.44666666666667,15.86,24.75,23.45,2023,40.46,1,12.12,0.42158092848180684,5,39.28,7.31,8.069999999999999,37.62,2023-01-05 22:00:00,7.97,8.760877436721126,Hourly,6.04,1.64,15.86,11.21,6.43,3.3600000000000003,12.13,1.8675938173675848,AIIMS,11.33,3,-0.5000000000000004,8.303333333333333,0.8660254037844387,6.61,13.771666666666667,331.8456,0.49999999999999994,20.79,0.8,0.84,7.652687318086415,0.8660254037844384,2.6770194869182014,27.38,22,8.84
208.2,27.38,9.855592110959893,0,21.43,1.791118661787963,0,10.476666666666672,15.88,22.75,24.75,2023,52.82,1,8.44,0.07060900264783766,5,29.94,6.55,8.471666666666668,39.28,2023-01-05 23:00:00,11.33,9.723483883372232,Hourly,7.97,0.87,15.86,12.12,6.61,0.8000000000000007,8.97,2.449117528145516,AIIMS,12.13,3,-0.25881904510252157,8.851666666666667,0.8660254037844387,6.23,13.697083333333332,236.32,0.49999999999999994,17.0625,0.84,0.75,7.659898103060525,0.9659258262890681,2.2073815559027454,28.0,23,8.89
133.81,28.0,9.719347170812219,0,22.29,1.6883737917312933,0,10.810000000000008,15.8,57.21,22.75,2023,55.56,1,13.08,-0.2605111294311624,6,74.88,8.22,8.673333333333334,29.94,2023-01-06 01:00:00,12.13,9.508202773837308,Hourly,11.33,0.17,15.88,8.44,6.23,-3.16,39.15,2.4495856792533166,AIIMS,8.97,4,0.25881904510252074,8.865,0.8660254037844387,7.7,13.177916666666667,1012.1303999999999,0.49999999999999994,68.0799,0.75,1.19,7.5342158526609495,0.9659258262890683,1.6429242222349336,77.38,1,6.75
123.06,77.38,14.247139913764185,0,24.69,8.945574282427222,0,20.08333333333334,15.8,50.34,57.21,2023,55.56,1,12.64,3.364548494983277,6,73.83,8.69,11.250833333333333,74.88,2023-01-06 02:00:00,8.97,17.977287695598076,Hourly,12.13,0.37,15.8,13.08,7.7,30.18,44.77,12.391532189362325,AIIMS,39.15,4,0.49999999999999994,14.265,0.8660254037844387,9.32,13.880416666666667,936.4976,0.49999999999999994,59.9046,1.19,1.19,9.053599562396537,0.8660254037844387,16.587637967273665,74.09,2,6.04
99.42,74.09,18.94296454241585,0,29.06,13.1036165202241,0,30.96333333333334,15.8,47.57,50.34,2023,21.53,1,10.73,0.143550446998723,6,68.44,7.77,14.2575,73.83,2023-01-06 03:00:00,39.15,25.632348353998626,Hourly,8.97,0.34,15.8,12.64,9.32,5.6200000000000045,41.87,16.6171754519233,AIIMS,44.77,4,0.7071067811865476,20.72,0.8660254037844387,9.17,14.717083333333335,716.3348000000001,0.49999999999999994,53.278400000000005,1.19,1.12,10.846308319730802,0.7071067811865476,19.252951288915106,66.76,3,7.97
95.66,66.76,22.470200766659566,0,29.62,15.112349229766474,0,41.93000000000001,15.8,51.44,47.57,2023,18.3,1,9.84,-0.06477551932097399,6,59.86,8.48,17.099166666666665,68.44,2023-01-06 04:00:00,44.77,30.271677395713304,Hourly,39.15,0.31,15.8,10.73,9.17,-2.9000000000000057,37.77,17.169027928220107,AIIMS,41.87,4,0.8660254037844386,26.37,0.8660254037844387,6.89,15.250833333333334,708.6768,0.49999999999999994,52.9832,1.12,1.03,11.851434665186465,0.5000000000000001,2.810480385984488,72.02,4,11.33
67.43,72.02,24.824016033327325,0,25.28,15.936565730191884,0,41.470000000000006,15.8,51.07,51.44,2023,16.6,1,9.93,-0.09792213995700966,6,55.54,8.84,19.540000000000003,59.86,2023-01-06 05:00:00,41.87,32.414055282652356,Hourly,44.77,0.39,15.8,9.84,6.89,-4.099999999999994,35.24,15.881585143387559,AIIMS,37.77,4,0.9659258262890683,30.77666666666667,0.8660254037844387,6.64,15.590416666666668,715.2579,0.49999999999999994,49.0272,1.03,0.96,12.38577707420407,0.25881904510252074,3.517101079014297,72.03,5,12.13
84.32,72.03,26.426475105123124,0,19.95,16.14602512300555,0,38.293333333333344,15.8,51.13,51.07,2023,22.54,1,10.12,-0.06698437913688114,6,48.56,8.89,21.74,55.54,2023-01-06 07:00:00,37.77,33.2214680590374,Hourly,41.87,0.28,15.8,9.93,6.64,-2.530000000000001,31.14,12.994882710769968,AIIMS,35.24,4,0.9659258262890683,34.62833333333333,0.8660254037844387,6.62,16.005416666666665,783.8951999999999,0.49999999999999994,44.4831,0.96,0.87,12.881494302720068,-0.25881904510252063,3.3458382108728872,77.46,7,8.97
71.6,77.46,27.15163278125803,0,14.51,15.810289203457627,0,34.71666666666667,15.8,58.68,51.13,2023,21.74,1,13.43,-0.11634506242905793,6,58.35,6.75,23.594166666666666,48.56,2023-01-06 08:00:00,35.24,32.626762899312425,Hourly,37.77,0.63,15.8,10.12,6.62,-4.100000000000001,34.18,4.821517050334675,AIIMS,31.14,4,0.8660254037844387,38.32333333333333,0.8660254037844387,8.12,16.471666666666668,1030.7525,0.49999999999999994,64.548,0.87,1.1,13.228321286465874,-0.4999999999999998,3.345838210872928,76.75,8,39.15
11.22,76.75,28.232920045679872,0,12.24,15.121481408909615,0,33.52,15.8,58.57,58.68,2023,14.51,1,14.25,0.0976236351958895,6,142.0,6.04,25.88,58.35,2023-01-06 09:00:00,31.14,33.0705449280803,Hourly,35.24,0.77,15.8,13.43,8.12,3.039999999999999,52.49,5.0715313269269435,AIIMS,34.18,4,0.7071067811865476,37.495000000000005,0.8660254037844387,41.99,17.29125,1124.895,0.49999999999999994,76.72670000000001,1.1,1.31,13.702349627931781,-0.7071067811865475,2.1281917206877985,78.94,9,44.77
22.47,78.94,31.96477850019066,0,11.61,15.521004804828658,0,39.27000000000001,15.8,40.8,58.57,2023,14.33,1,6.97,0.5356933879461674,6,77.54,7.97,29.750833333333333,142.0,2023-01-06 10:00:00,34.18,38.6189606629145,Hourly,31.14,0.95,15.8,14.25,41.99,18.310000000000002,46.46,7.623561940895344,AIIMS,52.49,4,0.49999999999999994,38.781666666666666,0.8660254037844387,37.93,18.968333333333334,406.2813,0.49999999999999994,42.431999999999995,1.31,1.04,15.41355294838763,-0.8660254037844387,11.549315997062497,58.29,10,41.87
24.55,58.29,34.194812577084406,0,9.08,14.55788560654783,0,44.376666666666665,15.8,29.35,40.8,2023,12.55,1,5.29,-0.11487902457610975,6,29.56,11.33,32.958333333333336,77.54,2023-01-06 11:00:00,52.49,40.8592576163675,Hourly,34.18,0.94,15.8,6.97,37.93,-6.030000000000001,38.86,8.203671535761774,AIIMS,46.46,4,0.258819045102521,39.54666666666667,0.8660254037844387,29.57,20.420416666666664,240.48340000000002,0.49999999999999994,22.599500000000003,1.04,0.77,16.305942762810542,-0.9659258262890682,9.331089611258518,45.46,11,37.77
29.11,45.46,34.91253371907142,0,7.31,12.916299867714685,0,45.93666666666667,15.8,29.47,29.35,2023,13.23,1,4.69,-0.16358157554885927,6,30.7,12.13,35.2525,29.56,2023-01-06 12:00:00,46.46,40.28804115454821,Hourly,52.49,0.78,15.8,5.29,29.57,-7.600000000000001,32.34,8.16845252582568,AIIMS,38.86,4,1.2246467991473532e-16,39.72833333333333,0.8660254037844387,18.58,21.66125,218.64780000000002,0.49999999999999994,18.5661,0.77,0.63,16.536899271024048,-1.0,6.830053684513505,46.62,12,35.24
359.6,46.62,34.51675930075274,0,6.55,10.765831752973497,0,39.220000000000006,15.8,32.14,29.47,2023,11.55,1,4.91,-0.16778178075141523,6,40.53,8.97,36.93666666666667,30.7,2023-01-06 13:00:00,38.86,38.017172253248724,Hourly,46.46,0.47,15.8,4.69,18.58,-6.519999999999996,32.6,8.5633959385282,AIIMS,32.34,4,-0.2588190451025208,39.245,0.8660254037844387,14.69,22.70416666666667,255.7128,0.49999999999999994,20.2482,0.63,0.63,16.381008334591822,-0.9659258262890683,7.06688049990967,52.08,13,31.14
280.34,52.08,34.221873254483086,0,8.22,6.502274368995517,0,34.6,15.8,30.31,32.14,2023,8.33,1,5.03,0.008039579468150834,6,31.29,39.15,38.905833333333334,40.53,2023-01-06 14:00:00,32.34,36.46940875232052,Hourly,38.86,1.0,15.8,4.91,14.69,0.259999999999998,29.7,8.30383626203383,AIIMS,32.6,4,-0.4999999999999997,39.48833333333334,0.8660254037844387,10.88,23.789583333333336,250.997,0.49999999999999994,16.3674,0.63,0.54,16.125130664564278,-0.8660254037844388,3.691557936698789,49.9,14,34.18
220.95,49.9,33.52620044610107,0,8.69,7.02153289833661,0,31.54666666666667,15.8,33.69,30.31,2023,8.52,1,5.58,-0.08895705521472398,6,35.82,44.77,38.11833333333333,31.29,2023-01-06 15:00:00,32.6,34.53529196594323,Hourly,32.34,1.22,15.8,5.03,10.88,-2.900000000000002,25.21,9.044959738255775,AIIMS,29.7,4,-0.7071067811865471,38.74166666666667,0.8660254037844387,12.9,24.684583333333332,290.43899999999996,0.49999999999999994,17.5188,0.54,0.52,15.81654719071858,-0.7071067811865479,1.6045352390450534,52.05,15,52.49
224.83,52.05,32.24678499285475,0,7.77,7.5847860080478124,0,29.170000000000005,15.8,31.37,33.69,2023,9.29,1,4.61,-0.15117845117845113,6,26.21,41.87,36.48833333333334,35.82,2023-01-06 16:00:00,29.7,31.870922832816596,Hourly,32.6,1.35,15.8,5.58,12.9,-4.489999999999998,23.16,7.471448989319371,AIIMS,25.21,4,-0.8660254037844385,34.195,0.8660254037844387,11.34,25.37291666666667,239.48950000000002,0.49999999999999994,16.6261,0.52,0.53,15.445318547580296,-0.5000000000000004,3.7233989847992612,51.95,16,46.46
347.69,51.95,30.848818070877098,0,8.48,8.270038428330288,0,26.02333333333334,15.8,33.18,31.37,2023,8.8,1,5.11,-0.08131693772312577,6,29.72,37.77,34.92916666666667,26.21,2023-01-06 17:00:00,25.21,29.38208773772614,Hourly,29.7,0.99,15.8,4.61,11.34,-2.0500000000000007,21.6,5.656360726356502,AIIMS,23.16,4,-0.9659258262890683,30.311666666666667,0.8660254037844387,11.39,26.014166666666668,278.59720000000004,0.49999999999999994,13.272,0.53,0.4,14.99564630054372,-0.25881904510252063,3.345001245640675,54.52,17,38.86
223.06,54.52,29.42592298304985,0,8.84,9.04602457469908,0,23.323333333333338,15.8,32.26,33.18,2023,10.7,1,4.95,-0.06735751295336782,6,17.12,35.24,33.58166666666667,29.72,2023-01-06 18:00:00,23.16,27.158634098375813,Hourly,25.21,1.1,15.8,5.11,11.39,-1.5599999999999987,19.41,4.756888689048935,AIIMS,21.6,4,-1.0,27.435000000000002,0.8660254037844387,12.13,26.560833333333335,263.6865,0.49999999999999994,20.969,0.4,0.65,14.561506705565465,-1.8369701987210297e-16,1.810533991213038,53.27,18,32.34
213.29,53.27,27.885011754888335,0,8.89,9.896463211213803,0,21.390000000000004,15.8,41.93,32.26,2023,12.87,1,4.74,-0.10138888888888895,6,31.05,31.14,32.2625,17.12,2023-01-06 19:00:00,21.6,24.94473864169701,Hourly,23.16,0.54,15.8,4.95,12.13,-2.1900000000000013,16.88,5.012332790228695,AIIMS,19.41,4,-0.9659258262890684,25.28,0.8660254037844387,26.88,27.00125,324.87960000000004,0.49999999999999994,31.0282,0.65,0.74,14.156444626265378,0.2588190451025203,1.8837993523739687,68.54,19,32.6
186.09,68.54,26.191933023367053,0,6.75,10.853384439329416,0,19.29666666666667,15.8,39.73,41.93,2023,12.23,1,4.64,-0.1303451828954148,6,30.95,34.18,31.07416666666667,31.05,2023-01-06 20:00:00,19.41,22.64052760121215,Hourly,21.6,0.33,15.8,4.74,26.88,-2.530000000000001,19.01,4.503523065334722,AIIMS,16.88,4,-0.8660254037844386,22.66,0.8660254037844387,7.76,27.334166666666665,307.81759999999997,0.49999999999999994,30.194799999999997,0.74,0.76,13.80150524766938,0.5000000000000001,2.3620400786900366,66.34,20,29.7
177.97,66.34,25.087020250541354,0,6.04,11.33167724085487,0,18.433333333333337,15.8,42.59,39.73,2023,13.81,1,5.09,0.1261848341232229,6,36.79,52.49,29.810000000000002,30.95,2023-01-06 21:00:00,16.88,21.60323400086582,Hourly,19.41,0.24,15.8,4.64,7.76,2.1300000000000026,19.17,3.037218574068811,AIIMS,19.01,4,-0.7071067811865477,20.878333333333334,0.8660254037844387,6.94,27.845,361.18639999999994,0.49999999999999994,37.0533,0.76,0.87,13.221189514333016,0.7071067811865474,1.3600122548484908,70.96,21,25.21
196.99,70.96,24.176709442765763,0,7.97,9.139249355821184,0,18.35333333333334,15.8,46.5,42.59,2023,14.8,1,7.66,0.008416622830089433,6,37.37,46.46,27.033333333333335,36.79,2023-01-06 22:00:00,19.01,20.90802428633273,Hourly,16.88,0.2,15.8,5.09,6.94,0.16000000000000014,20.02,2.199921968313562,AIIMS,19.17,4,-0.5000000000000004,19.871666666666666,0.8660254037844387,6.14,28.392083333333336,559.4098,0.49999999999999994,40.455,0.87,0.87,12.533452620943903,0.8660254037844384,1.2784495818522064,73.03,22,23.16
147.26,73.03,23.53721568234026,0,11.33,6.956488142211301,0,19.400000000000006,15.8,45.84,46.5,2023,12.23,1,8.07,0.04434011476264986,6,84.46,38.86,24.830000000000002,37.37,2023-01-06 23:00:00,19.17,20.654303061666234,Hourly,19.01,0.29,15.8,7.66,6.14,0.8499999999999979,21.4,1.533876353122584,AIIMS,20.02,4,-0.25881904510252157,19.348333333333333,0.8660254037844387,34.83,28.894166666666667,591.7731,0.49999999999999994,41.714400000000005,0.87,0.91,11.905408313092233,0.9659258262890681,0.5428627819299103,73.33,23,21.6
286.54,73.33,23.208413269672526,0,12.13,5.409080748653484,0,20.19666666666667,3.44,31.45,45.84,2023,13.92,1,8.06,0.06893106893106889,7,37.07,32.34,23.375,84.46,2023-01-07 01:00:00,20.02,20.867359329761594,Hourly,19.17,6.93,15.8,8.07,34.83,1.379999999999999,13.62,1.476248624047443,AIIMS,21.4,5,0.25881904510252074,19.315,0.8660254037844387,7.24,29.31375,368.66440000000006,0.49999999999999994,12.894499999999999,0.91,0.41,11.427329108040718,0.9659258262890683,1.125448058924965,45.74,1,19.41
275.45,45.74,21.73327276664598,0,8.97,5.2865635856815105,0,18.34666666666667,3.44,29.76,31.45,2023,21.43,1,7.95,-0.36355140186915885,7,31.3,32.6,21.814999999999998,37.07,2023-01-07 02:00:00,21.4,18.796685235543997,Hourly,20.02,7.75,3.44,8.06,7.24,-7.779999999999999,13.62,2.7471148501659,AIIMS,13.62,5,0.49999999999999994,18.35,0.8660254037844387,7.43,29.375833333333333,335.80800000000005,0.49999999999999994,11.308800000000002,0.41,0.38,11.333575711389301,0.8660254037844387,4.151160480316084,42.24,2,16.88
243.27,42.24,20.485076956392753,0,39.15,4.55518751900869,0,16.21333333333334,3.48,30.59,29.76,2023,22.29,1,7.79,0.0,7,24.85,29.7,20.23333333333333,31.3,2023-01-07 03:00:00,13.62,17.317632311102855,Hourly,21.4,7.02,3.44,7.95,7.43,0.0,11.16,3.351833329189969,AIIMS,13.62,5,0.7071067811865476,17.806666666666665,0.8660254037844387,7.46,29.569583333333338,343.6948,0.49999999999999994,10.4006,0.38,0.34,11.004536408134939,0.7071067811865476,4.491785094295826,44.12,3,19.01
308.69,44.12,19.05044973233233,0,44.77,4.181239123281499,0,12.800000000000004,3.51,30.5,30.59,2023,24.69,1,7.86,-0.18061674008810566,7,19.13,25.21,18.688333333333333,24.85,2023-01-07 04:00:00,13.62,15.558308793644898,Hourly,13.62,8.26,3.48,7.79,7.46,-2.459999999999999,9.22,4.210313131664766,AIIMS,11.16,5,0.8660254037844386,16.498333333333335,0.8660254037844387,7.41,28.403333333333332,345.05400000000003,0.49999999999999994,9.76,0.34,0.32,11.420387820516902,0.5000000000000001,1.4202816622082406,43.9,4,19.17
291.1,43.9,17.538072850435046,0,41.87,4.452995842092851,0,11.333333333333337,3.46,31.67,30.5,2023,29.06,1,8.39,-0.17383512544802862,7,17.83,23.16,17.355833333333333,19.13,2023-01-07 05:00:00,11.16,13.74736342403207,Hourly,13.62,7.84,3.51,7.86,7.41,-1.9399999999999995,8.65,4.857357306190495,AIIMS,9.22,5,0.9659258262890683,14.840000000000002,0.8660254037844387,7.15,26.922083333333333,378.80850000000004,0.49999999999999994,9.8177,0.32,0.31,11.510401715184562,0.25881904510252074,2.2051152653179855,45.15,5,20.02
248.92,45.15,16.17067702729119,0,37.77,4.696991945206272,0,9.676666666666671,3.36,31.49,31.67,2023,29.62,1,8.74,-0.06182212581344905,7,17.83,21.6,16.146666666666665,17.83,2023-01-07 06:00:00,9.22,12.290973874308621,Hourly,11.16,6.43,3.46,8.39,7.15,-0.5700000000000003,8.65,4.645581771963795,AIIMS,8.65,5,1.0,12.945,0.8660254037844387,5.56,25.537916666666664,386.9198,0.49999999999999994,9.761899999999999,0.31,0.31,11.631482383064174,6.123233995736766e-17,1.3158394025634343,44.27,6,21.4
270.88,44.27,15.013649792323315,0,35.24,4.81630776161,0,8.840000000000005,3.33,31.62,31.49,2023,25.28,1,8.96,0.0,7,17.14,19.41,15.0675,17.83,2023-01-07 07:00:00,8.65,11.25069562450616,Hourly,9.22,7.29,3.36,8.74,5.56,0.0,7.62,2.3568368632559995,AIIMS,8.65,5,0.9659258262890683,10.82,0.8660254037844387,5.61,24.324583333333333,395.9424,0.49999999999999994,9.802200000000001,0.31,0.31,11.817355320686529,-0.25881904510252063,0.3290896534459945,44.19,7,13.62
284.97,44.19,13.876165208888958,0,31.14,5.046954977553677,0,8.306666666666672,3.45,31.24,31.62,2023,19.95,1,9.03,-0.11907514450867054,7,17.6,16.88,14.085,17.14,2023-01-07 08:00:00,8.65,10.2133540175044,Hourly,8.65,9.13,3.33,8.96,5.61,-1.0300000000000002,6.92,2.198790576658548,AIIMS,7.62,5,0.8660254037844387,9.82,0.8660254037844387,6.05,23.17375,393.4371,0.49999999999999994,10.934,0.31,0.35,12.050722804408515,-0.4999999999999998,0.5946707772697144,43.57,8,13.62
291.94,43.57,12.805985945982965,0,34.18,5.355096977307033,0,7.730000000000005,3.47,32.03,31.24,2023,14.51,1,9.53,-0.09186351706036748,7,27.76,19.01,13.254999999999997,17.6,2023-01-07 09:00:00,7.62,9.272395726788858,Hourly,8.65,9.14,3.45,9.03,6.05,-0.7000000000000002,8.5,1.4602556853747048,AIIMS,6.92,5,0.7071067811865476,8.703333333333333,0.8660254037844387,5.88,22.164583333333336,422.9414,0.49999999999999994,16.6556,0.35,0.52,12.364639968796775,-0.7071067811865475,0.8702298546965986,44.38,9,11.16
304.91,44.38,12.143526569677894,0,52.49,5.185054498413151,0,7.680000000000004,3.32,29.94,32.03,2023,12.24,1,7.17,0.22832369942196534,7,34.73,19.17,12.379166666666668,27.76,2023-01-07 10:00:00,6.92,9.051711233420614,Hourly,7.62,8.71,3.47,9.53,5.88,1.58,12.06,0.8352963545966803,AIIMS,8.5,5,0.49999999999999994,8.26,0.8660254037844387,5.59,21.094583333333333,318.7065,0.49999999999999994,18.5628,0.52,0.62,12.39076162840201,-0.8660254037844387,0.7917070165189047,44.45,10,9.22
284.22,44.45,12.130676328188986,0,46.46,4.724274515411757,0,9.160000000000005,3.33,30.36,29.94,2023,11.61,1,6.56,0.41882352941176476,7,40.9,20.02,11.786666666666667,34.73,2023-01-07 11:00:00,8.5,9.911222309586153,Hourly,6.92,8.03,3.32,7.17,5.59,3.5600000000000005,12.06,1.7699001855102305,AIIMS,12.06,5,0.258819045102521,8.733333333333334,0.8660254037844387,5.47,19.41,298.152,0.49999999999999994,20.0376,0.62,0.66,10.548142634770999,-0.9659258262890682,2.632793193550376,45.45,11,8.65
296.28,45.45,12.119803046929142,1,38.86,3.960179824505896,1,10.87333333333334,3.01,27.27,30.36,2023,9.08,1,6.06,0.0,7,40.9,21.4,11.123333333333333,40.9,2023-01-07 12:00:00,12.06,10.525158792561538,Hourly,8.5,8.02,3.33,6.56,5.47,0.0,10.37,2.2264089172182913,AIIMS,12.06,5,1.2246467991473532e-16,9.301666666666668,0.8660254037844387,6.43,17.976666666666667,252.21719999999996,0.49999999999999994,17.4528,0.66,0.64,8.924976028059936,-1.0,2.0553669583163083,41.62,12,8.65
286.7,41.62,11.850602578170813,0,32.34,2.282990297169266,0,11.496666666666671,2.92,26.29,27.27,2023,7.31,1,6.33,-0.14013266998341636,7,35.1,13.62,10.204166666666666,40.9,2023-01-07 13:00:00,12.06,10.480827708972527,Hourly,12.06,7.51,3.01,6.06,6.43,-1.6900000000000013,14.19,2.2364294459403613,AIIMS,10.37,5,-0.2588190451025208,9.588333333333333,0.8660254037844387,7.39,16.789583333333333,242.0592,0.49999999999999994,16.299799999999998,0.64,0.62,7.857417696820881,-0.9659258262890683,0.9757219549330645,38.24,13,7.62
287.59,38.24,12.210509873836841,0,32.6,2.364978698090864,0,12.20666666666667,2.72,25.75,26.29,2023,6.55,1,6.16,0.3683702989392479,7,40.64,13.62,10.251666666666667,35.1,2023-01-07 14:00:00,10.37,11.540591220694662,Hourly,12.06,9.34,2.92,6.33,7.39,3.8200000000000003,14.19,2.650091822309005,AIIMS,14.19,5,-0.4999999999999997,10.683333333333332,0.8660254037844387,9.68,16.033333333333335,233.464,0.49999999999999994,16.2225,0.62,0.63,7.135988805476021,-0.8660254037844388,1.914218726618869,37.9,14,6.92
297.19,37.9,12.515046816323482,0,29.7,2.4432112189913866,0,12.916666666666671,3.01,28.16,25.75,2023,8.22,1,6.31,0.0,7,40.64,11.16,10.299166666666666,40.64,2023-01-07 15:00:00,14.19,12.297565157639045,Hourly,10.37,10.34,2.72,6.16,9.68,0.0,12.88,2.210888961481862,AIIMS,14.19,5,-0.7071067811865471,11.895000000000001,0.8660254037844387,9.95,15.26625,265.2724,0.49999999999999994,18.8672,0.63,0.67,6.206711523405737,-0.7071067811865479,2.205478028305503,42.04,15,8.5
295.93,42.04,12.571193459966022,0,25.21,2.54657033174911,0,13.75333333333334,2.91,25.4,28.16,2023,8.69,1,5.75,-0.09231853417899921,7,39.52,9.22,10.4425,40.64,2023-01-07 16:00:00,14.19,12.463975112599318,Hourly,14.19,8.53,3.01,6.31,9.95,-1.3099999999999987,13.18,1.461981532031891,AIIMS,12.88,5,-0.8660254037844385,12.625,0.8660254037844387,9.87,14.56541666666667,213.9,0.49999999999999994,14.477999999999998,0.67,0.57,5.403735406232858,-0.5000000000000004,0.7563288526416856,37.2,16,12.06
281.92,37.2,12.664856004586634,0,23.16,2.628996092531286,0,13.416666666666671,2.9,25.5,25.4,2023,7.77,1,5.72,0.023291925465838425,7,39.52,8.65,10.7725,39.52,2023-01-07 17:00:00,12.88,12.668553651856655,Hourly,14.19,6.55,2.91,5.75,9.87,0.29999999999999893,13.18,1.44683677955358,AIIMS,13.18,5,-0.9659258262890683,12.811666666666667,0.8660254037844387,9.13,14.064166666666665,214.15679999999998,0.49999999999999994,13.005,0.57,0.51,4.908689647753853,-0.25881904510252063,0.6863186820554307,37.44,17,12.06
282.42,37.44,12.74410892695792,0,21.6,2.6217412673119727,0,13.080000000000005,2.49,22.04,25.5,2023,8.48,1,4.62,0.0,7,35.43,8.65,11.15,39.52,2023-01-07 18:00:00,13.18,12.81468117989761,Hourly,12.88,7.64,2.9,5.72,9.13,0.0,10.96,1.4020187825663988,AIIMS,13.18,5,-1.0,12.998333333333333,0.8660254037844387,5.28,13.648333333333333,150.1962,0.49999999999999994,5.289599999999999,0.51,0.24,4.5112802257626505,-1.8369701987210297e-16,0.1732050807712761,32.51,18,10.37
290.28,32.51,12.469630630502856,0,19.41,2.503637807816176,0,12.440000000000005,2.61,24.46,22.04,2023,8.84,1,4.92,-0.16843702579666153,7,34.14,7.62,11.342500000000001,35.43,2023-01-07 19:00:00,13.18,12.284772271355436,Hourly,13.18,8.68,2.49,4.62,5.28,-2.219999999999999,9.17,1.1846462200458672,AIIMS,10.96,5,-0.9659258262890684,13.09666666666667,0.8660254037844387,6.12,13.205,180.51479999999998,0.49999999999999994,6.848800000000001,0.24,0.28,4.208526541697065,0.2588190451025203,1.2817175976029234,36.69,19,14.19
286.09,36.69,11.961995148887032,0,16.88,2.3279481145939958,0,11.103333333333339,2.73,25.7,24.46,2023,8.89,1,5.68,-0.16332116788321174,7,28.58,6.92,11.471666666666666,34.14,2023-01-07 20:00:00,10.96,11.394837336682453,Hourly,13.18,6.03,2.61,4.92,6.12,-1.790000000000001,9.83,1.8460877552278834,AIIMS,9.17,5,-0.8660254037844386,12.26,0.8660254037844387,5.95,12.778333333333334,218.39600000000002,0.49999999999999994,7.452999999999999,0.28,0.29,4.068859114389231,0.5000000000000001,2.008838802228392,38.45,20,14.19
293.62,38.45,11.633995895212104,0,19.01,1.9278931427068997,0,9.986666666666672,2.93,27.02,25.7,2023,6.75,1,6.5,0.07197382769901856,7,28.58,8.5,11.714166666666669,28.58,2023-01-07 21:00:00,9.17,10.947740954773181,Hourly,10.96,6.06,2.73,5.68,5.95,0.6600000000000001,12.48,1.7917551916121297,AIIMS,9.83,5,-0.7071067811865477,11.533333333333333,0.8660254037844387,5.88,12.484583333333333,256.62,0.49999999999999994,8.6464,0.29,0.32,4.013982061836885,0.7071067811865474,0.9052255704179212,39.48,21,12.88
295.91,39.48,11.76415037287178,0,19.17,1.6464863875057518,0,10.49333333333334,3.19,28.97,27.02,2023,6.04,1,6.85,0.26958290946083424,7,27.76,12.06,12.045833333333333,28.58,2023-01-07 22:00:00,9.83,11.385529253409416,Hourly,9.17,6.1,2.93,6.5,5.88,2.6500000000000004,12.79,1.7382711717879409,AIIMS,12.48,5,-0.5000000000000004,11.466666666666667,0.8660254037844387,5.81,12.212499999999999,291.1935,0.49999999999999994,9.5601,0.32,0.33,3.7660927163070115,0.8660254037844384,1.7518656721730774,42.51,22,13.18
271.18,42.51,11.921973392429969,0,20.02,1.6604836827278302,0,11.700000000000005,3.35,28.7,28.97,2023,7.97,1,7.14,0.024839743589743488,7,27.39,12.06,12.106666666666667,27.76,2023-01-07 23:00:00,12.48,11.786806609578154,Hourly,9.83,8.35,3.19,6.85,5.81,0.3099999999999987,12.79,1.667230238050229,AIIMS,12.79,5,-0.25881904510252157,11.401666666666666,0.8660254037844387,6.04,11.946666666666667,296.7384,0.49999999999999994,9.471,0.33,0.33,3.466925296929162,0.9659258262890681,1.6268681569214634,41.56,23,13.18
217.31,41.56,12.055515947440743,0,21.4,1.671951092150955,0,12.686666666666673,2.68,21.04,28.7,2023,11.33,1,7.27,0.0,8,55.68,10.37,12.167500000000002,27.39,2023-01-08 01:00:00,12.79,12.073433292555823,Hourly,12.48,4.29,3.35,7.14,6.04,0.0,12.66,1.5898385662289822,AIIMS,12.79,6,0.25881904510252074,11.336666666666666,0.8660254037844387,5.03,11.645416666666668,195.92649999999998,0.49999999999999994,9.468,0.33,0.45,3.020254782178142,0.9659258262890683,0.17897858346273526,26.95,1,10.96
222.93,26.95,12.14851349398832,0,13.62,1.5760758711161302,0,12.746666666666671,2.49,20.0,21.04,2023,12.13,1,7.16,-0.010164190774042143,8,51.82,14.19,12.358333333333334,55.68,2023-01-08 02:00:00,12.79,12.241023780397017,Hourly,12.79,4.35,2.68,7.27,5.03,-0.129999999999999,12.11,1.6592528439036494,AIIMS,12.66,6,0.49999999999999994,11.62,0.8660254037844387,4.75,11.28125,176.852,0.49999999999999994,8.2,0.45,0.41,2.2116220930808295,0.8660254037844387,0.07505553502790277,24.7,2,9.17
217.44,24.7,12.14258834106704,0,13.62,1.4669169896571421,0,12.520000000000005,2.43,19.34,20.0,2023,8.97,1,6.88,-0.04344391785150085,8,48.63,14.19,12.185,51.82,2023-01-08 03:00:00,12.66,12.203588414569296,Hourly,12.79,4.35,2.49,7.16,4.75,-0.5500000000000007,12.11,1.1456526524223334,AIIMS,12.11,6,0.7071067811865476,12.11,0.8660254037844387,4.74,11.218333333333334,164.2944,0.49999999999999994,7.3492,0.41,0.38,2.1631431773675147,0.7071067811865476,0.3609709129625297,23.88,3,9.83
219.84,23.88,12.137574750133648,0,11.16,1.3244335553071584,0,12.293333333333338,2.64,20.33,19.34,2023,39.15,1,8.13,0.0,8,42.62,12.88,12.011666666666668,48.63,2023-01-08 04:00:00,12.11,12.176848867549497,Hourly,12.66,4.52,2.43,6.88,4.74,0.0,11.66,0.3155312979758299,AIIMS,12.11,6,0.8660254037844386,12.49,0.8660254037844387,5.21,11.155416666666667,198.372,0.49999999999999994,7.522099999999999,0.38,0.37,2.1115973330860145,0.5000000000000001,0.31754264806218774,24.4,4,12.48
219.8,24.4,12.06410171165155,0,9.22,1.2982855828148026,0,11.960000000000006,2.81,22.59,20.33,2023,44.77,1,10.25,-0.03715937241948797,8,40.96,13.18,11.909999999999998,42.62,2023-01-08 05:00:00,12.11,12.029177762535355,Hourly,12.11,4.54,2.64,8.13,5.21,-0.4499999999999993,8.74,0.4635802699306602,AIIMS,11.66,6,0.9659258262890683,12.353333333333332,0.8660254037844387,5.12,11.176250000000001,255.43,0.49999999999999994,8.1324,0.37,0.36,2.114109561759976,0.25881904510252074,0.25980762114501027,24.92,5,12.79
217.18,24.92,11.55270144832054,0,8.65,1.5175997795559961,0,10.836666666666673,2.77,21.78,22.59,2023,41.87,1,9.98,-0.2504288164665523,8,36.94,13.18,11.540000000000001,40.96,2023-01-08 06:00:00,11.66,11.089412687525252,Hourly,12.11,4.45,2.81,10.25,5.12,-2.92,8.05,1.4970827187129672,AIIMS,8.74,6,1.0,11.678333333333335,0.8660254037844387,6.24,11.15625,237.4242,0.49999999999999994,7.405200000000001,0.36,0.34,2.135582218749257,6.123233995736766e-17,1.8296538834813596,23.79,6,12.79
224.99,23.79,11.013824302425073,0,8.65,1.7223563404927802,0,9.48333333333334,2.8,24.35,21.78,2023,37.77,1,12.23,-0.07894736842105257,8,31.12,10.96,11.112499999999999,36.94,2023-01-08 07:00:00,8.74,10.221009062518037,Hourly,11.66,4.24,2.77,9.98,6.24,-0.6899999999999995,6.02,1.9692985214712975,AIIMS,8.05,6,0.9659258262890683,10.888333333333334,0.8660254037844387,6.01,11.131250000000001,313.94410000000005,0.49999999999999994,8.522499999999999,0.34,0.35,2.169440545994108,-0.25881904510252063,1.9163593956610774,25.67,7,12.66
221.15,25.67,10.245543640513525,0,7.62,2.2665209957645978,0,7.603333333333339,2.85,25.1,24.35,2023,35.24,1,13.36,-0.25217391304347836,8,29.9,9.17,10.700833333333334,31.12,2023-01-08 08:00:00,8.05,9.020720758941454,Hourly,8.74,4.69,2.8,12.23,6.01,-2.030000000000001,7.59,2.5535968097311454,AIIMS,6.02,6,0.8660254037844387,9.781666666666666,0.8660254037844387,6.15,11.021666666666667,339.7448,0.49999999999999994,9.538,0.35,0.38,2.3584163195302033,-0.4999999999999998,1.4139424787941635,25.43,8,12.11
228.4,25.43,9.836998465049906,0,6.92,2.4051855280293335,0,7.220000000000006,2.86,25.78,25.1,2023,31.14,1,14.33,0.2607973421926911,8,41.59,9.83,10.569166666666666,29.9,2023-01-08 09:00:00,6.02,8.611943399243897,Hourly,8.05,4.51,2.85,13.36,6.15,1.5700000000000003,7.59,2.3908778025380375,AIIMS,7.59,6,0.7071067811865476,9.028333333333334,0.8660254037844387,6.2,11.020416666666668,363.8387,0.49999999999999994,11.8588,0.38,0.46,2.3603048424451165,-0.7071067811865475,1.064377752494512,25.39,9,12.11
223.29,25.39,9.491306393503766,0,8.5,2.550312369459377,0,7.066666666666673,2.99,26.71,25.78,2023,34.18,1,15.18,0.0,8,45.7,12.48,10.3825,41.59,2023-01-08 10:00:00,7.59,8.319959570888498,Hourly,6.02,4.59,2.86,14.33,6.2,0.0,9.5,1.8840674085611906,AIIMS,7.59,6,0.49999999999999994,8.275,0.8660254037844387,6.32,11.048333333333334,396.34979999999996,0.49999999999999994,13.8892,0.46,0.52,2.313190280836582,-0.8660254037844387,0.9064399226306222,26.11,10,11.66
223.74,26.11,9.492643871426264,0,12.06,2.471368624626281,0,8.226666666666672,3.1,26.65,26.71,2023,52.49,1,15.03,0.2516469038208169,8,49.34,12.79,10.134166666666667,45.7,2023-01-08 11:00:00,7.59,8.65711397920607,Hourly,7.59,4.31,2.99,15.18,6.32,1.9100000000000001,10.98,1.184343700115171,AIIMS,9.5,6,0.258819045102521,7.914999999999999,0.8660254037844387,6.13,11.089999999999998,392.4333,0.49999999999999994,14.391,0.52,0.54,2.2739660813488287,-0.9659258262890682,1.1027390141545526,26.11,11,8.74
223.93,26.11,9.721467891206839,0,12.06,2.346627496229413,0,9.356666666666671,3.11,26.57,26.65,2023,46.46,1,14.55,0.15578947368421056,8,49.34,12.79,9.983333333333333,49.34,2023-01-08 12:00:00,9.5,9.320795699432907,Hourly,7.59,4.38,3.1,15.03,6.13,1.4800000000000004,10.98,1.7257278657624866,AIIMS,10.98,6,1.2246467991473532e-16,8.288333333333334,0.8660254037844387,6.27,11.045,382.5195,0.49999999999999994,12.4879,0.54,0.47,2.2646028541338166,-1.0,1.6995391532231623,26.29,12,8.05
223.0,26.29,9.915088215636557,0,10.37,2.203638004424677,0,10.486666666666672,3.07,26.14,26.57,2023,38.86,1,14.15,0.0,8,45.78,12.66,9.832500000000001,49.34,2023-01-08 13:00:00,10.98,9.794854071023504,Hourly,9.5,4.33,3.11,14.55,6.27,0.0,8.15,2.032148288553059,AIIMS,10.98,6,-0.2588190451025208,8.776666666666666,0.8660254037844387,6.62,11.0,373.9845,0.49999999999999994,12.2858,0.47,0.47,2.254263593242944,-0.9659258262890683,0.854478398403641,26.43,13,6.02
221.65,26.43,9.643536182461702,0,14.19,2.0572989058175537,0,10.036666666666672,3.16,27.9,26.14,2023,32.34,1,14.9,-0.2577413479052823,8,34.61,12.11,9.456666666666667,45.78,2023-01-08 14:00:00,10.98,9.32489576501679,Hourly,10.98,4.75,3.07,14.15,6.62,-2.83,9.46,1.5928266279382426,AIIMS,8.15,6,-0.4999999999999997,9.131666666666668,0.8660254037844387,6.03,10.907499999999999,427.332,0.49999999999999994,13.112999999999998,0.47,0.47,2.32565512041767,-0.8660254037844388,1.6339012618082138,28.68,14,7.59
222.79,28.68,9.615299846698363,0,14.19,1.8812928742721566,0,9.530000000000006,3.1,28.08,27.9,2023,32.6,1,14.61,0.16073619631901845,8,39.4,12.11,9.235833333333334,34.61,2023-01-08 15:00:00,8.15,9.363496975011993,Hourly,10.98,5.18,3.16,14.9,6.03,1.3100000000000005,9.46,1.4024074538696305,AIIMS,9.46,6,-0.7071067811865471,9.443333333333333,0.8660254037844387,6.09,10.710416666666667,425.4432,0.49999999999999994,13.478399999999999,0.47,0.48,2.234002995533453,-0.7071067811865479,1.4162979912451912,29.12,15,7.59
216.97,29.12,9.591407562590922,0,12.88,1.655187437888763,0,9.023333333333339,2.94,26.92,28.08,2023,29.7,1,13.09,0.0,8,53.01,11.66,9.014999999999999,39.4,2023-01-08 16:00:00,9.46,9.39106926786571,Hourly,8.15,4.64,3.1,14.61,6.09,0.0,11.91,1.0785499524836202,AIIMS,9.46,6,-0.8660254037844385,9.755,0.8660254037844387,6.69,10.513333333333334,377.6465,0.49999999999999994,12.9216,0.48,0.48,2.119388071377183,-0.5000000000000004,0.7563288526418405,28.85,16,9.5
215.68,28.85,9.948114091423088,0,13.18,1.692655032960164,0,10.276666666666673,2.82,24.51,26.92,2023,25.21,1,10.2,0.25898520084566584,8,58.03,8.74,9.035833333333334,53.01,2023-01-08 17:00:00,9.46,10.110763762761222,Hourly,9.46,4.61,2.94,13.09,6.69,2.4499999999999993,13.87,1.3731229612343783,AIIMS,11.91,6,-0.9659258262890683,10.156666666666668,0.8660254037844387,6.15,10.472916666666666,318.64799999999997,0.49999999999999994,11.0295,0.48,0.45,2.0811983988454252,-0.25881904510252063,1.4145081595163962,31.24,17,10.98
224.26,31.24,10.551481154281074,0,13.18,2.186829724149449,0,11.746666666666671,2.6,21.94,24.51,2023,23.16,1,7.4,0.1645675902602854,8,58.03,8.05,9.463333333333333,58.03,2023-01-08 18:00:00,11.91,11.184831259115159,Hourly,9.46,4.19,2.82,10.2,6.15,1.959999999999999,13.87,2.0565156616639335,AIIMS,13.87,6,-1.0,10.638333333333334,0.8660254037844387,5.79,10.501666666666667,211.122,0.49999999999999994,11.628200000000001,0.45,0.53,2.1245350727528045,-1.8369701987210297e-16,2.209532378884363,28.53,18,10.98
213.23,28.53,11.062022515160908,0,10.96,2.47171207992758,0,13.216666666666674,2.62,21.31,21.94,2023,21.6,1,6.73,0.0,8,56.46,6.02,9.948333333333334,58.03,2023-01-08 19:00:00,13.87,11.9520223279394,Hourly,11.91,4.55,2.6,7.4,5.79,0.0,9.91,2.452802478798967,AIIMS,13.87,6,-0.9659258262890684,11.12,0.8660254037844387,5.96,10.530416666666667,189.0457,0.49999999999999994,11.9336,0.53,0.56,2.1666072037535478,0.2588190451025203,1.1316065276138731,28.09,19,8.15
218.96,28.09,10.88478828205923,0,9.17,2.1428872833376524,0,12.550000000000004,2.52,20.83,21.31,2023,19.41,1,6.08,-0.2855082912761355,8,53.39,7.59,10.272499999999999,56.46,2023-01-08 20:00:00,13.87,11.368587377099571,Hourly,13.87,4.18,2.62,6.73,5.96,-3.959999999999999,9.15,2.1075167061423286,AIIMS,9.91,6,-0.8660254037844386,11.413333333333332,0.8660254037844387,6.35,10.486666666666666,170.0576,0.49999999999999994,12.081399999999999,0.56,0.58,2.168156232670931,0.5000000000000001,2.2863070659920166,27.97,20,9.46
216.22,27.97,10.617897777127041,0,9.83,2.008459948227915,0,10.976666666666672,2.5,20.64,20.83,2023,16.88,1,6.31,-0.07669021190716446,8,47.27,7.59,10.402500000000002,53.39,2023-01-08 21:00:00,9.91,10.734705269356835,Hourly,13.87,4.51,2.52,6.08,6.35,-0.7599999999999998,10.88,2.167915281248096,AIIMS,9.15,6,-0.7071067811865477,11.361666666666666,0.8660254037844387,6.06,10.485833333333334,171.9475,0.49999999999999994,12.1776,0.58,0.59,2.1686880760056146,0.7071067811865474,2.534350672921651,27.25,21,9.46
215.23,27.25,10.658221196030574,0,12.48,1.803755341872242,0,9.980000000000006,2.28,20.04,20.64,2023,19.01,1,6.56,0.18907103825136615,8,46.08,9.5,10.676666666666668,47.27,2023-01-08 22:00:00,9.15,10.776218049540596,Hourly,9.91,4.31,2.5,6.31,6.06,1.7300000000000004,10.88,1.9889134387069245,AIIMS,10.88,6,-0.5000000000000004,11.598333333333334,0.8660254037844387,5.92,10.529583333333333,169.576,0.49999999999999994,11.422799999999999,0.59,0.57,2.1654710887532835,0.8660254037844384,0.8671216754326578,25.85,22,11.91
222.36,25.85,10.69234101202587,0,12.79,1.765501903056546,0,10.30333333333334,2.26,20.62,20.04,2023,19.17,1,7.01,0.0,8,42.88,10.98,10.791666666666666,46.08,2023-01-08 23:00:00,10.88,10.805870035386139,Hourly,9.15,5.08,2.28,6.56,5.92,0.0,8.52,2.00104639293271,AIIMS,10.88,6,-0.25881904510252157,11.426666666666668,0.8660254037844387,5.83,10.462916666666667,183.17129999999997,0.49999999999999994,13.815400000000002,0.57,0.67,2.127103519825119,0.9659258262890681,0.9988159657006184,26.13,23,13.87
222.0092307692308,26.13,10.358134702483428,23,12.79,1.880707474877452,1,10.093333333333339,50.41,54.5,20.62,2023,20.02,1,32.74,-0.21691176470588244,9,128.95,10.98,10.586666666666668,42.88,2023-01-09 01:00:00,10.88,10.152764310990099,Hourly,10.88,4.96076923076923,2.26,7.01,5.83,-2.360000000000001,31.49,1.8830480609911102,AIIMS,8.52,0,0.25881904510252074,10.535,0.8660254037844387,4.63,10.285,1946.7204000000002,0.49999999999999994,72.485,0.67,1.33,2.1024313047752043,0.9659258262890683,1.3625466352894022,59.46,1,13.87
221.83384615384617,59.46,13.60919090210136,23,12.66,6.329205692420575,1,16.96333333333334,30.17,33.82,54.5,2023,21.4,1,13.99,2.6960093896713615,9,131.65,8.15,12.295833333333334,128.95,2023-01-09 02:00:00,8.52,16.249117364992927,Hourly,10.88,4.901153846153846,50.41,32.74,4.63,22.97,33.98,8.876655714100268,AIIMS,31.49,0,0.49999999999999994,13.47166666666667,0.8660254037844387,4.41,11.064166666666667,594.575,0.49999999999999994,34.4964,1.33,1.02,4.802497463201045,0.8660254037844387,12.635680960412783,42.5,2,9.91
221.65846153846155,42.5,16.743161532547305,23,12.11,8.728549638277718,1,24.663333333333338,29.96,31.46,33.82,2023,13.62,1,12.59,0.07907272149888848,9,109.31,9.46,14.448333333333332,131.65,2023-01-09 03:00:00,31.49,21.315083832137802,Hourly,8.52,4.841538461538462,30.17,13.99,4.41,2.4899999999999984,28.66,11.877041157909185,AIIMS,33.98,0,0.7071067811865476,17.483333333333334,0.8660254037844387,4.55,11.9525,482.19699999999995,0.49999999999999994,31.145400000000002,1.02,0.99,6.705354933379985,0.7071067811865476,14.035862400769599,38.3,3,9.15
,38.3,18.576521296770796,23,12.11,9.46011419624837,1,31.37666666666667,23.65,30.17,31.46,2023,13.62,1,8.21,-0.15656268393172446,9,83.47,9.46,16.048333333333336,109.31,2023-01-09 04:00:00,33.98,23.413631308669856,Hourly,31.49,,29.96,12.59,4.55,-5.319999999999997,29.7,11.809775188376872,AIIMS,28.66,0,0.8660254037844386,20.735,0.8660254037844387,3.36,12.642083333333332,335.37850000000003,0.49999999999999994,24.7394,0.99,0.82,7.523367064868515,0.5000000000000001,2.6618101610252802,40.85,4,10.88
,40.85,20.28782571265221,23,11.66,9.96929422139434,1,30.78,26.74,26.77,30.17,2023,11.16,1,10.22,0.0362875087229588,9,84.29,11.91,17.735,83.47,2023-01-09 05:00:00,28.66,25.2097366490499,Hourly,33.98,,23.65,8.21,3.36,1.0399999999999991,30.16,11.149637512792445,AIIMS,29.7,0,0.9659258262890683,23.87166666666667,0.8660254037844387,2.99,13.375,391.2216,0.49999999999999994,21.416,0.82,0.8,8.287291475506022,0.25881904510252074,2.8196453677730684,38.28,5,10.88
,38.28,21.806621756859563,23,8.74,10.38333407510087,1,29.506666666666675,48.78,24.29,26.77,2023,9.22,1,10.9,0.015488215488215518,9,91.89,13.87,19.25583333333333,84.29,2023-01-09 06:00:00,29.7,26.62409760646422,Hourly,28.66,,26.74,10.22,2.99,0.46000000000000085,22.89,9.277701762829073,AIIMS,30.16,0,1.0,27.085000000000004,0.8660254037844387,4.48,14.145833333333334,357.52,0.49999999999999994,16.760099999999998,0.8,0.69,8.954367851679049,6.123233995736766e-17,0.7684616667977194,32.8,6,8.52
,32.8,21.97329533272732,23,8.05,10.28401153158715,1,27.583333333333343,31.11,23.57,24.29,2023,8.65,1,12.07,-0.24104774535809018,9,67.75,13.87,20.0075,91.89,2023-01-09 07:00:00,30.16,25.55721257604587,Hourly,29.7,,48.78,10.9,4.48,-7.27,22.55,3.7121799525348464,AIIMS,22.89,0,0.9659258262890683,29.48,0.8660254037844387,4.6,14.735416666666666,292.81820000000005,0.49999999999999994,16.970399999999998,0.69,0.72,9.048302737393968,-0.25881904510252063,4.071048186074147,24.26,7,31.49
,24.26,22.06201912769235,23,6.02,10.116982534632543,1,25.200000000000006,26.32,24.67,23.57,2023,8.65,1,11.78,-0.014853647881170811,9,65.52,9.91,20.730833333333333,67.75,2023-01-09 08:00:00,22.89,24.69800898288991,Hourly,30.16,,31.11,12.07,4.6,-0.33999999999999986,21.55,4.462411903892521,AIIMS,22.55,0,0.8660254037844387,27.99,0.8660254037844387,4.13,15.339583333333332,318.7668,0.49999999999999994,20.7228,0.72,0.84,9.066573811997605,-0.4999999999999998,4.298848683078338,27.06,8,33.98
,27.06,21.983246954201217,23,7.59,9.52592869090682,1,22.33000000000001,26.27,21.88,24.67,2023,7.62,1,9.08,-0.044345898004434586,9,65.69,9.15,21.700833333333335,65.52,2023-01-09 09:00:00,22.55,23.79857784492136,Hourly,22.89,,26.32,11.78,4.13,-1.0,20.15,3.985179627904924,AIIMS,21.55,0,0.7071067811865476,25.918333333333333,0.8660254037844387,4.61,15.986666666666666,230.2688,0.49999999999999994,20.1296,0.84,0.92,8.925607842736198,-0.7071067811865475,0.696562990693936,25.36,9,28.66
,25.36,21.701208961247186,23,7.59,8.702010347667278,1,21.416666666666675,21.8,20.34,21.88,2023,6.92,1,7.69,-0.06496519721577736,9,65.07,10.88,22.617499999999996,65.69,2023-01-09 10:00:00,21.55,22.756127032086685,Hourly,22.55,,26.27,9.08,4.61,-1.4000000000000021,20.85,4.314978563098759,AIIMS,20.15,0,0.49999999999999994,24.5,0.8660254037844387,4.27,16.509999999999998,188.7126,0.49999999999999994,16.0686,0.92,0.79,8.778890689553299,-0.8660254037844387,1.2055427546702144,24.54,10,29.7
,24.54,21.570253736439927,23,9.5,7.920322345751172,1,20.85000000000001,15.17,14.89,20.34,2023,8.5,1,5.96,0.034739454094292944,9,64.18,10.88,23.448333333333334,65.07,2023-01-09 11:00:00,20.15,22.21151930863335,Hourly,21.55,,21.8,7.69,4.27,0.7000000000000028,19.86,3.642085940776507,AIIMS,20.85,0,0.258819045102521,23.025000000000002,0.8660254037844387,5.27,17.0625,100.84320000000001,0.49999999999999994,9.8274,0.79,0.66,8.608712093747746,-0.9659258262890682,0.7000000000032381,16.92,11,30.16
,16.92,21.30713777698763,23,10.98,6.995061028173955,1,20.286666666666676,18.3,16.54,14.89,2023,12.06,1,6.82,-0.0474820143884893,9,58.03,8.52,24.19666666666667,64.18,2023-01-09 12:00:00,20.85,21.53965664902382,Hourly,20.15,,15.17,5.96,5.27,-0.990000000000002,16.5,1.2450930353466132,AIIMS,19.86,0,1.2246467991473532e-16,21.308333333333334,0.8660254037844387,4.82,17.49416666666667,126.92020000000001,0.49999999999999994,9.5932,0.66,0.58,8.471668341758246,-1.0,0.5089531740129802,18.61,12,22.89
,18.61,20.567578118989534,23,10.98,5.6117876479834745,1,19.070000000000007,17.96,17.02,16.54,2023,12.06,1,6.12,-0.16918429003021146,9,60.84,31.49,24.861666666666668,58.03,2023-01-09 13:00:00,19.86,20.09975474930273,Hourly,20.85,,18.3,6.82,4.82,-3.3599999999999994,17.89,2.0767442468124697,AIIMS,16.5,0,-0.2588190451025208,20.243333333333336,0.8660254037844387,4.78,17.724166666666665,126.1332,0.49999999999999994,11.063,0.58,0.65,8.361337482290075,-0.9659258262890683,2.280065788525541,20.61,13,22.55
,20.61,20.155643023760373,23,8.15,5.524077600227265,1,18.083333333333343,13.99,18.25,17.02,2023,10.37,1,4.59,0.08424242424242427,9,57.69,33.98,23.728333333333335,60.84,2023-01-09 14:00:00,16.5,19.46839624950195,Hourly,19.86,,17.96,6.12,4.78,1.3900000000000006,21.03,1.9059136041984504,AIIMS,17.89,0,-0.4999999999999997,19.466666666666665,0.8660254037844387,5.34,18.012083333333333,116.17289999999998,0.49999999999999994,13.3225,0.65,0.73,8.237056766021588,-0.8660254037844388,1.688322638993494,25.31,14,21.55
,25.31,20.29015948164339,23,9.46,4.511388535157532,1,18.473333333333343,13.3,18.07,18.25,2023,14.19,1,6.04,0.17551704863051987,9,53.1,28.66,22.64916666666667,57.69,2023-01-09 15:00:00,17.89,19.91456874964425,Hourly,16.5,,13.99,4.59,5.34,3.1400000000000006,20.76,1.8011773927079104,AIIMS,21.03,0,-0.7071067811865471,19.38,0.8660254037844387,5.32,18.548750000000002,130.52439999999999,0.49999999999999994,13.010399999999999,0.73,0.72,7.98222008591566,-0.7071067811865479,2.32065364355346,21.61,15,20.15
,21.61,20.362442638313638,23,9.46,4.113358411838401,1,19.89333333333334,9.24,15.41,18.07,2023,14.19,1,4.87,-0.012838801711840207,9,56.41,29.7,21.99083333333333,53.1,2023-01-09 16:00:00,21.03,20.15612053546018,Hourly,17.89,,13.3,6.04,5.32,-0.2699999999999996,22.81,1.8692609947968022,AIIMS,20.76,0,-0.8660254037844385,19.48166666666667,0.8660254037844387,5.68,19.019583333333333,95.5007,0.49999999999999994,8.167300000000001,0.72,0.53,7.75277817198799,-0.5000000000000004,1.7401819828218847,19.61,16,20.85
,19.61,20.738989924726923,23,11.91,3.3493644806502814,1,21.533333333333342,12.29,20.09,15.41,2023,12.88,1,6.55,0.09874759152215785,9,58.93,30.16,21.416666666666668,56.41,2023-01-09 17:00:00,20.76,20.914371811042983,Hourly,21.03,,9.24,4.87,5.68,2.049999999999997,22.17,2.281923895897651,AIIMS,22.81,0,-0.9659258262890683,19.808333333333334,0.8660254037844387,5.09,19.575833333333332,169.121,0.49999999999999994,12.4558,0.53,0.62,7.512261812279137,-0.25881904510252063,1.1138372113275115,25.82,17,19.86
,25.82,20.95914532092278,23,13.87,1.9587169192347014,1,21.91333333333334,10.08,18.97,20.09,2023,13.18,1,5.64,-0.028057869355545682,9,64.27,22.89,20.750833333333336,58.93,2023-01-09 18:00:00,22.81,21.27312272217356,Hourly,20.76,,12.29,6.55,5.09,-0.639999999999997,21.37,2.4787631324248585,AIIMS,22.17,0,-1.0,20.19333333333333,0.8660254037844387,3.78,20.003333333333334,141.3948,0.49999999999999994,12.7099,0.62,0.67,7.347174355797496,-1.8369701987210297e-16,1.048824739095067,25.07,18,16.5
,25.07,21.022353733088504,23,13.87,1.8541621893032267,1,22.116666666666674,10.94,19.93,18.97,2023,13.18,1,5.21,-0.03608479927830404,9,70.52,22.55,20.624166666666667,64.27,2023-01-09 19:00:00,22.17,21.300801944409688,Hourly,22.81,,10.08,5.64,3.78,-0.8000000000000007,22.22,1.703663699208853,AIIMS,21.37,0,-0.9659258262890684,21.005,0.8660254037844387,3.3,20.315833333333334,146.5052,0.49999999999999994,12.3566,0.67,0.62,7.2335828615208655,0.2588190451025203,0.7214799604547792,28.12,19,17.89
,28.12,21.206607004921043,23,9.91,1.8252239381077968,1,21.920000000000005,20.81,26.75,19.93,2023,10.96,1,8.73,0.03977538605521749,9,72.97,21.55,20.596666666666668,70.52,2023-01-09 20:00:00,21.37,21.563429960292634,Hourly,22.17,,10.94,5.21,3.3,0.8499999999999979,19.64,0.7950513610255779,AIIMS,22.22,0,-0.8660254037844386,21.72666666666667,0.8660254037844387,3.61,20.66375,307.3833,0.49999999999999994,20.5975,0.62,0.77,7.109823462921476,0.5000000000000001,0.47696960071319383,35.21,20,21.03
,35.21,20.9655905426255,23,9.15,1.8177964932600128,1,21.07666666666667,23.14,28.65,26.75,2023,9.17,1,8.52,-0.11611161116111604,9,73.47,20.15,20.4375,72.97,2023-01-09 21:00:00,22.22,21.013878543066166,Hourly,21.37,,20.81,8.73,3.61,-2.5799999999999983,16.03,1.1582184595325562,AIIMS,19.64,0,-0.7071067811865477,21.495,0.8660254037844387,2.67,21.069166666666664,333.7284,0.49999999999999994,24.639,0.77,0.86,6.737632093835325,0.7071067811865474,1.31477501244048,39.17,21,20.76
,39.17,20.206268920683115,23,10.88,2.2213241682846223,1,19.296666666666674,18.8,24.32,28.65,2023,9.83,1,6.46,-0.18380855397148674,9,76.45,20.85,20.094166666666666,73.47,2023-01-09 22:00:00,19.64,19.589913245047264,Hourly,22.22,,23.14,8.52,2.67,-3.6099999999999994,18.79,2.541831360784713,AIIMS,16.03,0,-0.5000000000000004,20.706666666666667,0.8660254037844387,3.15,21.355833333333333,220.0922,0.49999999999999994,22.3744,0.86,0.92,6.34327848072696,0.8660254037844384,3.1092496415273443,34.07,22,22.81
,34.07,19.988381394424174,23,10.88,2.2371456042342803,1,18.15333333333334,20.53,29.02,24.32,2023,12.48,1,11.58,0.17217716781035544,9,78.67,19.86,19.9225,76.45,2023-01-09 23:00:00,16.03,19.361366603605187,Hourly,19.64,,18.8,6.46,3.15,2.759999999999998,20.06,2.4025292228542607,AIIMS,18.79,0,-0.25881904510252157,20.036666666666665,0.8660254037844387,2.99,21.68541666666667,407.50019999999995,0.49999999999999994,20.894399999999997,0.92,0.72,5.969810265112709,0.9659258262890681,1.8873349817501819,35.19,23,22.17
217.8,35.19,19.999399641435836,0,8.52,2.2373826361633737,0,18.29333333333334,12.14,16.38,29.02,2023,12.79,1,7.97,0.06758914316125597,10,76.36,16.5,19.939166666666665,78.67,2023-01-10 01:00:00,18.79,19.560976145432274,Hourly,16.03,3.53,20.53,11.58,2.99,1.2699999999999996,24.14,2.1710895882026717,AIIMS,20.06,1,0.25881904510252074,19.685,0.8660254037844387,9.19,22.067916666666665,131.7441,0.49999999999999994,12.285,0.72,0.75,5.524893057525847,0.9659258262890683,2.0603964019911194,16.53,1,21.37
219.26,16.53,20.63641508121494,0,31.49,2.2567009643334566,0,20.996666666666673,11.84,15.79,16.38,2023,12.79,1,7.81,0.20338983050847467,10,62.2,17.89,20.575833333333332,76.36,2023-01-10 02:00:00,20.06,20.869268675308767,Hourly,18.79,3.69,12.14,7.97,9.19,4.080000000000002,19.92,2.803466901297159,AIIMS,24.14,1,0.49999999999999994,20.146666666666665,0.8660254037844387,9.24,22.71875,122.1484,0.49999999999999994,11.5267,0.75,0.73,4.721107379768044,0.8660254037844387,2.7952877013534536,15.64,2,22.22
211.96,15.64,20.526197376412643,0,33.98,2.1082672764832786,0,21.37333333333334,11.41,15.29,15.79,2023,12.66,1,7.73,-0.17481358740679365,10,53.48,21.03,20.745,62.2,2023-01-10 03:00:00,24.14,20.598049053791975,Hourly,20.06,3.72,11.84,7.81,9.24,-4.219999999999999,17.56,2.6141206297087196,AIIMS,19.92,1,0.7071067811865476,19.763333333333332,0.8660254037844387,9.47,22.236666666666668,114.40400000000001,0.49999999999999994,10.855899999999998,0.73,0.71,4.36370471509881,0.7071067811865476,2.397025935057412,14.8,3,19.64
237.68,14.8,20.069859318503006,0,28.66,2.295297399361238,0,20.540000000000006,11.75,15.32,15.29,2023,12.11,1,7.68,-0.11847389558232946,10,46.35,20.76,20.455833333333334,53.48,2023-01-10 04:00:00,19.92,19.73003503842284,Hourly,24.14,3.18,11.41,7.73,9.47,-2.360000000000003,19.11,2.7671838873968477,AIIMS,17.56,1,0.8660254037844386,19.416666666666668,0.8660254037844387,9.29,21.5525,114.9696,0.49999999999999994,10.724,0.71,0.7,3.675390839908423,0.5000000000000001,3.3335266610610095,14.97,4,16.03
218.25,14.97,19.922188654117928,0,29.7,2.324653770245036,0,18.86333333333334,10.64,14.87,15.32,2023,12.11,1,7.89,0.0882687927107062,10,49.42,22.81,20.31833333333333,46.35,2023-01-10 05:00:00,17.56,19.55288217030203,Hourly,19.92,3.47,11.75,7.68,9.29,1.5500000000000007,20.31,2.2507776433939544,AIIMS,19.11,1,0.9659258262890683,19.93,0.8660254037844387,9.25,21.154583333333335,111.0912,0.49999999999999994,10.111600000000001,0.7,0.68,3.3773194659904555,0.25881904510252074,1.1991802755790972,14.08,5,18.79
220.33,14.08,19.981851938099787,0,30.16,2.1891260190477926,0,18.99333333333334,11.03,15.71,14.87,2023,11.66,1,8.66,0.06279434850863419,10,50.5,22.17,20.110000000000003,49.42,2023-01-10 06:00:00,19.11,19.769201550215737,Hourly,17.56,3.44,10.64,7.89,9.25,1.1999999999999993,20.44,2.1812718002735694,AIIMS,20.31,1,1.0,20.183333333333334,0.8660254037844387,8.19,20.763333333333332,125.3968,0.49999999999999994,10.5257,0.68,0.67,2.8465076492251224,6.123233995736766e-17,1.3787071238439115,14.48,6,20.06
220.01,14.48,20.052336255315204,0,22.89,2.0961196111485942,0,19.95333333333334,10.91,15.85,15.71,2023,8.74,1,9.03,0.0064007877892664974,10,49.57,21.37,19.965833333333332,50.5,2023-01-10 07:00:00,20.31,19.960858250154097,Hourly,19.11,3.61,11.03,8.66,8.19,0.13000000000000256,20.45,2.182490931634928,AIIMS,20.44,1,0.9659258262890683,20.246666666666666,0.8660254037844387,9.07,20.358333333333334,129.9417,0.49999999999999994,10.6195,0.67,0.67,2.0240997283089976,-0.25881904510252063,0.7332348418739444,14.39,7,24.14
217.34,14.39,20.11351529295902,0,22.55,2.0565436950612743,0,20.400000000000006,12.25,16.5,15.85,2023,8.05,1,9.45,0.0004892367906065562,10,51.9,22.22,19.889166666666664,49.57,2023-01-10 08:00:00,20.44,20.100613035824356,Hourly,20.31,1.9,10.91,9.03,9.07,0.00999999999999801,19.26,1.1340443847877932,AIIMS,20.45,1,0.8660254037844387,19.631666666666668,0.8660254037844387,8.92,20.256666666666668,140.1435,0.49999999999999994,10.89,0.67,0.66,1.9513822674245058,-0.4999999999999998,0.07810249678822907,14.83,8,19.92
216.22,14.83,19.9822052478884,0,21.55,1.9248618604506378,0,20.050000000000008,12.45,16.93,16.5,2023,6.02,1,9.46,-0.05819070904645466,10,52.15,19.64,19.6425,51.9,2023-01-10 09:00:00,20.45,19.860437882731684,Hourly,20.44,2.04,12.25,9.45,8.92,-1.1899999999999977,16.12,1.1324913539046246,AIIMS,19.26,1,0.7071067811865476,19.521666666666665,0.8660254037844387,8.41,20.119583333333335,145.49480000000003,0.49999999999999994,10.8352,0.66,0.64,1.8981054150553034,-0.7071067811865475,0.6841783393272322,15.38,9,17.56
214.57,15.38,19.388019825136336,0,20.15,2.1769764617815284,0,18.61000000000001,12.58,17.05,16.93,2023,7.59,1,9.12,-0.16303219106957426,10,51.98,16.03,19.349166666666665,52.15,2023-01-10 10:00:00,19.26,18.791741344808347,Hourly,20.45,1.99,12.45,9.46,8.41,-3.1400000000000006,25.77,1.6607397949915992,AIIMS,16.12,1,0.49999999999999994,19.281666666666666,0.8660254037844387,8.66,19.893333333333334,148.656,0.49999999999999994,12.617,0.64,0.74,2.0386113489038626,-0.8660254037844387,2.236984577507102,16.3,10,19.11
215.87,16.3,20.369862928961517,0,20.85,2.6013299337534512,0,20.38333333333334,12.75,16.91,17.05,2023,7.59,1,8.36,0.5986352357320098,10,59.69,18.79,20.160833333333333,51.98,2023-01-10 11:00:00,16.12,20.785529532005963,Hourly,19.26,2.02,12.58,9.12,8.66,9.649999999999999,26.7,3.1134123830081815,AIIMS,25.77,1,0.258819045102521,20.391666666666666,0.8660254037844387,8.72,20.1275,150.6472,0.49999999999999994,13.8662,0.74,0.82,2.365879283185069,-0.9659258262890682,4.922096436818146,18.02,11,20.31
217.32,18.02,21.343730170659743,0,19.86,3.163766455005409,0,22.86333333333334,12.03,16.27,16.91,2023,9.5,1,6.88,0.03608847497089638,10,65.26,20.06,20.819999999999997,59.69,2023-01-10 12:00:00,25.77,22.47537823714712,Hourly,16.12,2.4,12.75,8.36,8.72,0.9299999999999997,26.81,4.03608060705787,AIIMS,26.7,1,1.2246467991473532e-16,21.456666666666667,0.8660254037844387,8.45,20.37125,126.0416,0.49999999999999994,14.1549,0.82,0.87,2.718612677690586,-1.0,5.858381460210472,18.32,12,20.44
217.14,18.32,22.184694759789014,0,16.5,3.587975182340343,0,26.426666666666673,11.27,15.45,16.27,2023,10.98,1,5.6,0.004119850187265897,10,66.92,24.14,21.382500000000004,65.26,2023-01-10 13:00:00,26.7,23.71384159796223,Hourly,25.77,2.34,12.03,6.88,8.45,0.10999999999999943,26.91,4.523527016241704,AIIMS,26.81,1,-0.2588190451025208,22.518333333333334,0.8660254037844387,8.82,20.660833333333333,103.09599999999999,0.49999999999999994,13.4415,0.87,0.87,3.0157065891561343,-0.9659258262890683,0.5713434460441804,18.41,13,20.45
222.98,18.41,22.91166479674455,0,17.89,3.8602786836122105,0,26.806666666666672,9.6,14.09,15.45,2023,10.98,1,4.48,0.003729951510630415,10,67.02,19.92,21.613333333333333,66.92,2023-01-10 14:00:00,26.81,24.627029712830165,Hourly,26.7,2.61,11.27,5.6,8.82,0.10000000000000142,27.58,4.698190077040504,AIIMS,26.91,1,-0.4999999999999997,23.595,0.8660254037844387,8.37,21.094583333333333,78.4,0.49999999999999994,11.272,0.87,0.8,3.137413749607726,-0.8660254037844388,0.10503967506434765,17.5,14,19.26
226.61,17.5,23.629870212630003,0,21.03,4.175288413191673,0,27.100000000000005,9.5,13.49,14.09,2023,8.15,1,3.8,0.02489780750650309,10,58.8,17.56,22.251666666666665,67.02,2023-01-10 15:00:00,26.91,25.470735509164403,Hourly,26.81,2.43,9.6,4.48,8.37,0.6699999999999982,27.72,4.37986034784997,AIIMS,27.58,1,-0.7071067811865471,24.98166666666667,0.8660254037844387,8.73,21.498333333333335,66.082,0.49999999999999994,9.443,0.8,0.7,3.32498011326669,-0.7071067811865479,0.4186884283142751,17.39,15,16.12
227.13,17.39,24.259120949148464,0,20.76,4.167538696626355,0,27.40333333333334,9.47,13.73,13.49,2023,9.46,1,4.29,0.005076142131979717,10,56.39,19.11,23.098333333333333,58.8,2023-01-10 16:00:00,27.58,26.113382506546,Hourly,26.91,2.4,9.5,3.8,8.73,0.14000000000000057,21.05,0.7012203647939111,AIIMS,27.72,1,-0.8660254037844385,26.915000000000003,0.8660254037844387,8.38,21.777083333333334,73.4019,0.49999999999999994,8.3753,0.7,0.61,3.556386147134764,-0.5000000000000004,0.432935715017367,17.11,16,25.77
223.95,17.11,23.765410033894856,0,22.81,4.034255592029028,0,25.450000000000006,9.34,13.93,13.73,2023,9.46,1,4.18,-0.24062049062049057,10,63.13,20.31,23.26,56.39,2023-01-10 17:00:00,27.72,24.66670179039,Hourly,27.58,2.86,9.47,4.29,8.38,-6.669999999999998,21.26,2.523199688226916,AIIMS,21.05,1,-0.9659258262890683,26.12833333333333,0.8660254037844387,7.93,21.789166666666663,74.1114,0.49999999999999994,8.0794,0.61,0.58,3.553271507469268,-0.25881904510252063,3.8111546806715073,17.73,17,26.7
221.31,17.73,23.37996233637257,0,22.17,3.980060434290586,0,23.343333333333344,10.09,14.9,13.93,2023,11.91,1,4.03,0.0099762470308789,10,65.06,20.44,23.339166666666667,63.13,2023-01-10 18:00:00,21.05,23.693358421707146,Hourly,27.72,2.79,9.34,4.18,7.93,0.21000000000000085,20.2,3.170939398138735,AIIMS,21.26,1,-1.0,25.221666666666668,0.8660254037844387,8.42,21.72458333333333,80.1164,0.49999999999999994,7.748,0.58,0.52,3.5479926708984952,-1.8369701987210297e-16,3.7917586069445086,19.88,18,26.81
114.26,19.88,22.890737361546023,0,21.37,3.9965222571023498,0,20.836666666666677,10.25,15.0,14.9,2023,13.87,1,4.42,-0.04985888993414874,10,65.18,20.45,23.319166666666664,65.06,2023-01-10 19:00:00,21.26,22.6952560155051,Hourly,21.05,1.16,10.09,4.03,8.42,-1.0600000000000023,20.36,3.6245441092642015,AIIMS,20.2,1,-0.9659258262890684,24.12,0.8660254037844387,8.73,21.642500000000002,86.0132,0.49999999999999994,8.25,0.52,0.55,3.560007633112869,0.2588190451025203,0.5612783029281261,19.46,19,26.91
195.16,19.46,22.5013931520774,0,22.22,4.002476127538359,0,20.606666666666673,9.14,14.5,15.0,2023,13.87,1,4.63,0.007920792079207928,10,61.47,19.26,23.311666666666667,65.18,2023-01-10 20:00:00,20.2,22.02804001107507,Hourly,21.26,1.77,10.25,4.42,8.73,0.16000000000000014,16.6,3.602490342342161,AIIMS,20.36,1,-0.8660254037844386,23.028333333333336,0.8660254037844387,8.66,21.600416666666664,85.9791,0.49999999999999994,8.41,0.55,0.58,3.5693264242969156,0.5000000000000001,0.5714309523799758,18.57,20,27.58
227.19,18.57,21.593486513296263,0,19.64,4.309174145724575,0,19.053333333333338,10.08,16.64,14.5,2023,9.91,1,5.76,-0.18467583497053036,10,54.27,16.12,23.090000000000003,61.47,2023-01-10 21:00:00,20.36,20.477171436482195,Hourly,20.2,1.91,9.14,4.63,8.66,-3.759999999999998,17.71,3.616685867844845,AIIMS,16.6,1,-0.7071067811865477,21.198333333333334,0.8660254037844387,8.84,21.366249999999997,121.36319999999999,0.49999999999999994,10.9824,0.58,0.66,3.708546899891037,0.7071067811865474,2.126154588297365,21.07,21,27.72
227.23,21.07,20.996027049712225,0,16.03,4.094471050308878,0,18.22333333333334,9.7,16.18,16.64,2023,9.15,1,6.53,0.06686746987951803,10,64.58,25.77,23.2225,54.27,2023-01-10 22:00:00,16.6,19.68655102605871,Hourly,20.36,1.43,10.08,5.76,8.84,1.1099999999999994,20.45,1.9151187952714652,AIIMS,17.71,1,-0.5000000000000004,19.53,0.8660254037844387,8.78,21.285833333333333,123.54760000000002,0.49999999999999994,10.1934,0.66,0.63,3.7680544128192697,0.8660254037844384,1.9318471299090851,18.92,22,21.05
222.26,18.92,20.912022888218036,0,18.79,4.081555983007406,0,18.25333333333334,9.26,15.85,16.18,2023,10.88,1,6.8,0.15471485036702418,10,65.41,26.7,22.77916666666667,64.58,2023-01-10 23:00:00,17.71,19.904679304327647,Hourly,16.6,1.49,9.7,6.53,8.78,2.7399999999999984,20.66,1.8338156941203312,AIIMS,20.45,1,-0.25881904510252157,19.43,0.8660254037844387,8.85,21.47,117.84399999999998,0.49999999999999994,9.9855,0.63,0.63,3.6044670353176254,0.9659258262890681,1.9816743762126932,17.33,23,21.26
134.68,17.33,20.87325013618449,0,20.06,3.9234480622239687,0,19.606666666666673,21.38,49.39,15.85,2023,10.88,1,16.32,0.010268948655256765,11,122.69,26.81,22.275833333333335,65.41,2023-01-11 01:00:00,20.45,20.12048521737689,Hourly,17.71,5.23,9.26,6.8,8.85,0.21000000000000085,54.21,1.7273332046834613,AIIMS,20.66,2,0.25881904510252074,19.330000000000002,0.8660254037844387,9.13,21.547916666666666,1100.1312,0.49999999999999994,74.5789,0.63,1.51,3.563999925787076,0.9659258262890683,1.645914133039119,67.41,1,20.2
135.43,67.41,26.0019808844638,0,24.14,10.027221547851441,0,31.77333333333334,23.36,52.24,49.39,2023,8.52,1,20.42,1.6239109390125845,11,156.98,26.91,24.55916666666667,122.69,2023-01-11 02:00:00,20.66,29.860346583840634,Hourly,20.45,4.47,21.38,16.32,9.13,33.55,49.72,14.408302352000684,AIIMS,54.21,2,0.49999999999999994,24.998333333333335,0.8660254037844387,8.89,22.97083333333333,1348.9452,0.49999999999999994,73.136,1.51,1.4,7.541633381301891,0.8660254037844387,19.43100700770131,66.06,2,20.36
234.89,66.06,29.6509069022386,0,19.92,12.395673732102123,0,41.53000000000001,24.3,54.08,52.24,2023,31.49,1,25.64,-0.08282604685482386,11,196.43,27.58,26.459999999999997,156.98,2023-01-11 03:00:00,54.21,35.53453327417188,Hourly,20.66,4.42,23.36,20.42,8.89,-4.490000000000002,54.96,17.227735099735778,AIIMS,49.72,2,0.7071067811865476,29.891666666666666,0.8660254037844387,8.95,24.036666666666665,1663.7796,0.49999999999999994,71.3856,1.4,1.32,9.313478622832992,0.7071067811865476,18.212844368741628,64.89,3,16.6
140.82,64.89,33.54461353266343,0,17.56,14.889604569713175,0,52.96333333333334,24.8,54.89,54.08,2023,33.98,1,26.17,0.10539018503620277,11,196.43,27.72,28.741666666666664,196.43,2023-01-11 04:00:00,49.72,41.084666624408484,Hourly,54.21,3.71,24.3,25.64,8.95,5.240000000000002,60.15,18.38738127086076,AIIMS,54.96,2,0.8660254037844386,36.285,0.8660254037844387,8.75,25.496666666666666,1630.6527,0.49999999999999994,68.0636,1.32,1.24,11.196248465898801,0.5000000000000001,2.8337313445943457,62.31,4,17.71
116.82,62.31,37.637749912253675,0,19.11,17.41603517051471,0,54.943333333333335,24.27,53.96,54.89,2023,28.66,1,25.78,0.0944323144104803,11,169.83,21.05,31.44416666666667,196.43,2023-01-11 05:00:00,54.96,46.531904731720346,Hourly,49.72,3.78,24.8,26.17,8.75,5.189999999999998,60.78,17.97105608100613,AIIMS,60.15,2,0.9659258262890683,43.35833333333334,0.8660254037844387,8.6,27.27125,1583.1498,0.49999999999999994,62.053999999999995,1.24,1.15,13.097412393791378,0.25881904510252074,5.215019974394761,61.41,5,20.45
108.82,61.41,41.19809607959927,0,20.31,18.967709642729886,0,58.63,23.49,52.71,53.96,2023,29.7,1,24.67,0.010473815461346677,11,156.77,21.26,34.755,169.83,2023-01-11 06:00:00,60.15,50.60278909408596,Hourly,54.96,3.65,24.27,25.78,8.6,0.6300000000000026,61.62,14.982871553877793,AIIMS,60.78,2,1.0,50.080000000000005,0.8660254037844387,8.95,29.007499999999997,1514.738,0.49999999999999994,60.0894,1.15,1.14,14.63965972816713,6.123233995736766e-17,3.1938847818922236,61.4,6,20.66
116.47,61.4,44.339927451968606,0,20.44,19.912041050276034,0,60.85,24.37,53.47,52.71,2023,30.16,1,24.68,0.013820335636722546,11,169.56,20.2,38.11833333333333,156.77,2023-01-11 07:00:00,60.78,53.75056363863283,Hourly,60.15,3.2,23.49,24.67,8.95,0.8399999999999963,81.74,4.699939006696435,AIIMS,61.62,2,0.9659258262890683,56.90666666666667,0.8660254037844387,8.93,30.72875,1526.9515999999999,0.49999999999999994,62.02519999999999,1.14,1.16,15.943071907503368,-0.25881904510252063,0.737495762701446,61.87,7,54.21
137.79,61.87,50.09378476705036,0,20.45,22.61851346828855,0,68.04666666666667,25.88,55.93,53.47,2023,22.89,1,27.29,0.326517364492048,11,169.56,20.36,43.24666666666667,169.56,2023-01-11 08:00:00,61.62,61.74754545616631,Hourly,60.78,3.02,24.37,24.68,8.93,20.119999999999997,107.33,10.895437118353707,AIIMS,81.74,2,0.8660254037844387,61.495,0.8660254037844387,9.39,33.282916666666665,1717.9055,0.49999999999999994,68.7939,1.16,1.23,18.865535975554067,-0.4999999999999998,11.86620972903039,62.95,8,49.72
98.43,62.95,58.899356341350305,0,19.26,27.928687909268714,0,83.56333333333333,26.15,55.94,55.93,2023,22.55,1,26.33,0.31306581844874,11,158.18,16.6,50.49416666666667,169.56,2023-01-11 09:00:00,81.74,74.77110389726165,Hourly,61.62,1.84,25.88,27.29,9.39,25.590000000000003,107.33,20.01298245306446,AIIMS,107.33,2,0.7071067811865476,71.09666666666668,0.8660254037844387,9.18,36.90291666666666,1751.4715999999999,0.49999999999999994,69.925,1.23,1.25,23.947111558447947,-0.7071067811865475,22.909483480282457,66.52,9,54.96
109.7,66.52,66.35022459652718,0,16.12,30.114373946370154,0,98.8,24.82,53.93,55.94,2023,21.55,1,23.91,0.0,11,158.18,17.71,58.055,158.18,2023-01-11 10:00:00,107.33,84.07364564090118,Hourly,81.74,2.38,26.15,26.33,9.18,0.0,85.2,22.794547374317368,AIIMS,107.33,2,0.49999999999999994,79.825,0.8660254037844387,9.32,40.5725,1556.7801,0.49999999999999994,66.8732,1.25,1.24,27.59583841498723,-0.8660254037844387,14.774393388562547,65.11,10,60.15
101.27,65.11,69.25019004321531,0,25.77,28.131489460077006,0,99.95333333333333,22.42,49.97,53.93,2023,20.15,1,19.48,-0.20618652753191088,11,88.08,20.45,63.67916666666667,158.18,2023-01-11 11:00:00,107.33,84.39546117207226,Hourly,107.33,2.23,24.82,23.91,9.32,-22.129999999999995,66.76,20.66474388904926,AIIMS,85.2,2,0.258819045102521,84.0,0.8660254037844387,9.25,43.45083333333333,1229.9672,0.49999999999999994,59.964,1.24,1.2,28.52157885084425,-0.9659258262890682,12.776761457166439,63.14,11,60.78
118.02,63.14,68.86708388272065,0,26.7,24.619283585076634,0,86.43000000000002,15.71,37.51,49.97,2023,20.85,1,6.05,-0.21643192488262908,11,85.7,20.66,67.53833333333334,88.08,2023-01-11 12:00:00,85.2,79.35675798005161,Hourly,107.33,2.46,22.42,19.48,9.25,-18.439999999999998,44.52,19.42805874673703,AIIMS,66.76,2,1.2246467991473532e-16,84.99666666666666,0.8660254037844387,9.2,45.15875,362.637,0.49999999999999994,40.1357,1.2,1.07,28.64380080325445,-1.0,20.312949071959018,59.94,12,61.62
70.12,59.94,65.1213786699944,0,26.81,21.217540485231172,0,65.49333333333335,6.7,27.57,37.51,2023,19.86,1,6.43,-0.3331336129418814,11,72.7,54.21,69.52666666666666,85.7,2023-01-11 13:00:00,66.76,69.40339855717973,Hourly,85.2,3.63,15.71,6.05,9.2,-22.240000000000002,44.52,24.209107101805,AIIMS,44.52,2,-0.2588190451025208,82.14666666666668,0.8660254037844387,12.3,45.90125,259.1933,0.49999999999999994,25.915799999999997,1.07,0.94,28.374207257648603,-0.9659258262890683,20.369558987207714,40.31,13,81.74
146.74,40.31,61.95193579768757,0,26.91,22.02257662174446,0,51.933333333333344,6.66,27.78,27.57,2023,16.5,1,5.28,0.0,11,73.65,49.72,68.71916666666667,72.7,2023-01-11 14:00:00,44.52,62.293856112271236,Hourly,66.76,4.64,6.7,6.43,12.3,0.0,39.8,28.688384176643087,AIIMS,44.52,2,-0.4999999999999997,75.94333333333334,0.8660254037844387,10.93,46.63916666666666,224.2944,0.49999999999999994,25.002000000000002,0.94,0.9,28.0849357604155,-0.8660254037844388,12.840269986777331,42.48,14,107.33
119.58,42.48,58.5439456749664,0,27.58,22.96654092963777,0,42.94666666666668,6.71,27.72,27.78,2023,17.89,1,5.87,-0.10601976639712501,11,73.65,54.96,67.8925,73.65,2023-01-11 15:00:00,44.52,55.867040080193746,Hourly,44.52,4.37,6.66,5.28,10.93,-4.720000000000006,40.12,27.11562089767937,AIIMS,39.8,2,-0.7071067811865471,64.68833333333335,0.8660254037844387,9.82,47.17625,247.24439999999998,0.49999999999999994,23.007599999999996,0.9,0.83,27.81317670402941,-0.7071067811865479,2.7250932705752864,42.12,15,107.33
160.1,42.12,55.70949249420234,0,27.72,24.097891442400034,0,41.48000000000001,5.97,26.74,27.72,2023,21.03,1,5.97,0.008040201005025133,11,58.72,60.15,66.65583333333333,73.65,2023-01-11 16:00:00,39.8,51.36788577156696,Hourly,44.52,4.27,6.71,5.87,9.82,0.3200000000000003,40.12,18.486274548071254,AIIMS,40.12,2,-0.8660254037844385,53.48666666666667,0.8660254037844387,9.71,47.69875,238.38209999999998,0.49999999999999994,21.1246,0.83,0.79,27.545535314472808,-0.5000000000000004,2.637574643493785,39.93,16,85.2
138.74,39.93,53.31110903355582,0,21.05,25.255392343502447,0,40.01333333333334,7.44,28.91,26.74,2023,20.76,1,6.88,0.0,11,55.34,60.78,64.98666666666666,58.72,2023-01-11 17:00:00,40.12,48.154204122547824,Hourly,39.8,4.19,5.97,5.97,9.71,0.0,33.33,10.420584756464843,AIIMS,40.12,2,-0.9659258262890683,45.973333333333336,0.8660254037844387,9.97,48.21541666666666,297.6976,0.49999999999999994,24.284399999999998,0.79,0.84,27.269412866428006,-0.25881904510252063,0.18475208614430086,43.27,17,66.76
121.68,43.27,50.237092259162615,0,21.26,26.86301934506494,0,37.856666666666676,12.78,36.68,28.91,2023,22.81,1,12.34,-0.16924227318045862,11,79.3,61.62,62.69916666666666,55.34,2023-01-11 18:00:00,40.12,43.9187172303913,Hourly,40.12,6.09,7.44,6.88,9.97,-6.789999999999999,27.73,4.1097562782563815,AIIMS,33.33,2,-1.0,40.40166666666667,0.8660254037844387,9.95,48.72708333333333,620.2084,0.49999999999999994,39.2476,0.84,1.07,26.849510315211816,-1.8369701987210297e-16,3.920208327797726,50.26,18,44.52
134.63,50.26,46.774462680829906,0,20.2,28.705094416401863,0,33.726666666666674,15.46,41.62,36.68,2023,22.17,1,17.08,-0.16801680168016797,11,109.73,81.74,59.875,79.3,2023-01-11 19:00:00,33.33,39.2933694502795,Hourly,40.12,5.92,12.78,12.34,9.95,-5.599999999999998,28.54,6.017922122017525,AIIMS,27.73,2,-0.9659258262890684,37.60333333333333,0.8660254037844387,10.42,48.99666666666667,887.1351999999998,0.49999999999999994,54.106,1.07,1.3,26.592991339933842,0.2588190451025203,6.204517171652809,51.94,19,44.52
123.25,51.94,43.969160729932995,0,20.36,29.126304210622006,0,29.866666666666674,19.78,46.43,41.62,2023,21.37,1,21.6,0.02921024161557875,11,123.58,107.33,55.44166666666666,109.73,2023-01-11 20:00:00,27.73,36.22097817877107,Hourly,33.33,6.0,15.46,17.08,10.42,0.8099999999999987,32.06,5.8791257853529055,AIIMS,28.54,2,-0.8660254037844386,34.94,0.8660254037844387,11.32,49.344166666666666,1147.1760000000002,0.49999999999999994,75.2166,1.3,1.62,26.252647388930804,0.5000000000000001,3.0265546969011683,53.11,20,39.8
129.14,53.11,42.136982156097154,0,16.6,24.705409219378865,0,29.443333333333342,27.44,58.27,46.43,2023,22.22,1,30.65,0.12333566923615989,11,183.12,107.33,49.16916666666666,123.58,2023-01-11 21:00:00,28.54,35.03212727055076,Hourly,27.73,6.25,19.78,21.6,11.32,3.520000000000003,59.04,5.431589086077987,AIIMS,32.06,2,-0.7071067811865477,33.65,0.8660254037844387,10.88,49.83166666666667,2063.971,0.49999999999999994,99.6417,1.62,1.71,25.7956780449187,0.7071067811865474,2.3020063712628005,67.34,21,40.12
129.74,67.34,44.737446439774516,0,17.71,17.147365289269285,0,39.88,30.41,62.44,58.27,2023,19.64,1,37.74,0.8415470991890204,11,183.12,85.2,45.145,183.12,2023-01-11 22:00:00,32.06,41.891519478964824,Hourly,28.54,6.02,27.44,30.65,10.88,26.979999999999997,83.02,11.752794844915314,AIIMS,59.04,2,-0.5000000000000004,36.803333333333335,0.8660254037844387,11.76,51.599999999999994,2286.2892,0.49999999999999994,116.7628,1.71,1.87,24.85610134178413,0.8660254037844384,16.686125973394823,60.58,22,40.12
125.81,60.58,50.627070064424586,24,20.45,16.689871906111946,1,58.04000000000001,33.02,66.02,62.44,2023,16.03,1,43.37,0.4061653116531165,11,157.3,66.76,44.96333333333333,183.12,2023-01-11 23:00:00,59.04,53.6425139135463,Hourly,32.06,5.82,30.41,37.74,11.76,23.979999999999997,67.16666666666666,22.40038362766735,AIIMS,83.02,2,-0.25881904510252157,43.95333333333334,0.8660254037844387,11.68,54.32125,2540.1809,0.49999999999999994,128.0788,1.87,1.94,24.557786565125536,0.9659258262890681,25.494713177441344,58.57,23,33.33
76.22,58.57,53.17162338784644,24,20.66,16.738495692479017,1,69.74222222222222,33.00977130977131,41.37,66.02,2023,18.79,1,27.71,-0.19095800208785038,12,105.66,44.52,44.99722222222223,157.3,2023-01-12 01:00:00,83.02,57.50655755729497,Hourly,59.04,0.51,33.02,43.37,11.68,-15.853333333333339,35.46,23.426777690560932,AIIMS,67.16666666666666,3,0.25881904510252074,49.592777777777776,0.8660254037844387,6.57,56.26777777777778,1010.0295000000001,0.49999999999999994,51.7125,1.94,1.25,23.5886488231337,0.9659258262890683,12.195704769090476,36.45,1,27.73
78.9,36.45,50.44675825125468,24,54.21,16.964776839046657,1,61.88222222222223,33.00465696465697,38.45,41.37,2023,20.06,1,23.64,-0.4720595533498758,12,105.66,44.52,44.24222222222222,105.66,2023-01-12 02:00:00,67.16666666666666,51.20754111235355,Hourly,83.02,0.63,33.00977130977131,27.71,6.57,-31.706666666666656,35.19,22.16242362064089,AIIMS,35.46,3,0.49999999999999994,50.8811111111111,0.8660254037844387,6.86,56.88444444444445,833.7828000000001,0.49999999999999994,41.910500000000006,1.25,1.09,22.797485785323893,0.8660254037844387,24.216366672455557,35.27,2,28.54
91.25,35.27,48.09956467413857,24,49.72,17.16352283412242,1,45.9388888888889,32.99954261954262,36.04,38.45,2023,24.14,1,20.5,-0.007614213197969631,12,83.33,39.8,43.464722222222214,105.66,2023-01-12 03:00:00,35.46,46.63110079453825,Hourly,67.16666666666666,0.69,33.00465696465697,23.64,6.86,-0.2700000000000031,33.41,20.955096798913917,AIIMS,35.19,3,0.7071067811865476,51.98944444444444,0.8660254037844387,6.36,56.09194444444444,718.9350000000001,0.49999999999999994,34.238,1.09,0.95,23.221154292643796,0.7071067811865476,18.384290495883672,35.07,3,32.06
79.99,35.07,45.83963164734802,24,54.96,17.385250414835347,1,34.686666666666675,,34.84,36.04,2023,19.92,1,19.47,-0.05058255186132427,12,76.22,40.12,42.932222222222215,83.33,2023-01-12 04:00:00,35.19,42.853643424670175,Hourly,35.46,0.65,32.99954261954262,20.5,6.36,-1.7800000000000011,33.41,20.704055927567726,AIIMS,33.41,3,0.8660254037844386,52.214444444444446,0.8660254037844387,6.16,55.4123611111111,666.0686999999999,0.49999999999999994,29.962400000000002,0.95,0.86,23.650435309271476,0.5000000000000001,1.113837211326395,34.21,4,59.04
81.04,34.21,43.927380624679095,24,60.15,17.590618278814905,1,34.00333333333334,,33.07,34.84,2023,17.56,1,17.67,0.0,12,74.66,40.12,42.37305555555555,76.22,2023-01-12 05:00:00,33.41,40.155459589050125,Hourly,35.19,0.68,,19.47,6.16,0.0,32.81,21.6371244152952,AIIMS,33.41,3,0.9659258262890683,47.94277777777777,0.8660254037844387,6.29,54.51444444444445,607.8480000000001,0.49999999999999994,25.463900000000002,0.86,0.77,24.073655307642316,0.25881904510252074,1.0276834791585197,34.4,5,83.02
96.25,34.4,42.217014374728464,24,60.78,17.801049840413235,1,33.21000000000001,,31.97,33.07,2023,19.11,1,16.49,-0.01795869500149639,12,110.61,33.33,41.763888888888886,74.66,2023-01-12 06:00:00,33.41,38.056756849321516,Hourly,33.41,0.59,,17.67,6.29,-0.5999999999999943,41.29,13.559064809879757,AIIMS,32.81,3,1.0,39.574444444444445,0.8660254037844387,4.95,53.375277777777775,548.9521,0.49999999999999994,25.8957,0.77,0.81,24.439471675240743,6.123233995736766e-17,0.34641016151669546,33.29,6,67.16666666666666
141.7,33.29,42.07439677861639,24,61.62,17.605435847500967,1,35.83666666666667,,29.04,31.97,2023,20.31,1,14.38,0.2584577872599816,12,110.61,27.73,42.42722222222222,110.61,2023-01-12 07:00:00,32.81,38.980540606658224,Hourly,33.41,0.63,,16.49,4.95,8.479999999999997,44.44,3.138575579250562,AIIMS,41.29,3,0.9659258262890683,35.26166666666666,0.8660254037844387,5.47,52.56319444444444,457.7154,0.49999999999999994,22.6512,0.81,0.78,24.506445794670363,-0.25881904510252063,4.7322440061069715,31.83,7,35.46
75.84,31.83,42.43833573575233,24,81.74,16.987266202869097,1,39.51333333333334,,29.25,29.04,2023,20.44,1,13.76,0.0762896585129571,12,110.02,28.54,43.81972222222222,110.61,2023-01-12 08:00:00,41.29,40.54038614761301,Hourly,32.81,0.68,,14.38,5.47,3.1499999999999986,46.71,4.899299609808316,AIIMS,44.44,3,0.8660254037844387,36.75833333333333,0.8660254037844387,5.2,51.847361111111105,453.39200000000005,0.49999999999999994,24.2775,0.78,0.83,24.48129535384295,-0.4999999999999998,6.015117067300966,32.95,8,35.19
98.44,32.95,43.09551485332889,24,107.33,16.29726895589798,1,44.146666666666675,,32.95,29.25,2023,20.45,1,15.0,0.05108010801080115,12,130.08,32.06,45.333888888888886,110.02,2023-01-12 09:00:00,44.44,42.303132962580726,Hourly,41.29,0.48,,13.76,5.2,2.270000000000003,48.31,6.236558078513165,AIIMS,46.71,3,0.7071067811865476,38.678333333333335,0.8660254037844387,5.44,50.38777777777778,561.75,0.49999999999999994,29.3255,0.83,0.89,23.651795892771016,-0.7071067811865475,2.7218804774154672,37.45,9,33.41
102.67,37.45,43.897743337432146,24,107.33,15.760326001495057,1,46.48666666666668,,32.3,32.95,2023,19.26,1,14.59,0.034253907086277055,12,130.08,59.04,46.68805555555556,130.08,2023-01-12 10:00:00,46.71,44.01938068755766,Hourly,44.44,0.56,,15.0,5.44,1.6000000000000014,48.31,6.670611416254712,AIIMS,48.31,3,0.49999999999999994,41.16166666666667,0.8660254037844387,6.24,47.92861111111111,537.4956000000001,0.49999999999999994,29.069999999999997,0.89,0.9,20.30541992130064,-0.8660254037844387,1.944642212165391,36.84,10,33.41
322.94,36.84,44.57655205475028,24,85.2,15.293291447548624,1,47.77666666666668,,29.56,32.3,2023,16.12,1,11.21,0.0,12,82.05,83.02,45.79388888888889,130.08,2023-01-12 11:00:00,48.31,45.24527191968404,Hourly,46.71,0.29,,14.59,6.24,0.0,40.25,5.941278481943164,AIIMS,48.31,3,0.258819045102521,43.645,0.8660254037844387,5.8,45.46944444444444,466.8965,0.49999999999999994,26.0128,0.9,0.88,15.893138028498743,-0.9659258262890682,0.9237604307045891,41.65,11,32.81
180.64,41.65,43.91092866171178,24,66.76,9.840751742896503,1,45.62333333333334,,27.8,29.56,2023,25.77,1,4.66,-0.16683916373421656,12,68.1,67.16666666666666,42.22972222222222,82.05,2023-01-12 12:00:00,48.31,43.81805137120289,Hourly,48.31,0.2,,11.21,5.8,-8.060000000000002,35.64,3.5042017635976377,AIIMS,40.25,3,1.2246467991473532e-16,44.885,0.8660254037844387,9.27,43.59652777777777,202.52360000000002,0.49999999999999994,21.962000000000003,0.88,0.79,13.47162910716908,-1.0,4.653443169668616,43.46,12,41.29
333.77,43.46,42.6384780983715,24,44.52,6.060228206024235,1,41.400000000000006,,20.25,27.8,2023,26.7,1,4.44,-0.11453416149068321,12,52.22,35.46,39.6025,68.1,2023-01-12 13:00:00,40.25,41.48146526514493,Hourly,48.31,0.23,,4.66,9.27,-4.609999999999999,29.92,5.0719371710094645,AIIMS,35.64,3,-0.2588190451025208,43.943333333333335,0.8660254037844387,9.21,42.29986111111111,131.95680000000002,0.49999999999999994,15.39,0.79,0.76,12.615652476962204,-0.9659258262890683,6.412807497500767,29.72,13,44.44
60.19,29.72,40.681789160160506,24,44.52,6.592164023683902,1,35.27000000000001,,20.06,20.25,2023,26.81,1,4.41,-0.1604938271604938,12,51.43,35.19,39.14083333333333,52.22,2023-01-12 14:00:00,35.64,38.17818947510352,Hourly,40.25,0.37,,4.44,9.21,-5.719999999999999,27.61,7.614348735556285,AIIMS,29.92,3,-0.4999999999999997,41.52333333333333,0.8660254037844387,7.39,41.69152777777778,130.1832,0.49999999999999994,14.4432,0.76,0.72,12.85370541809007,-0.8660254037844388,5.174929951216909,29.52,14,46.71
80.83,29.52,38.67074467398197,24,39.8,7.327320554960889,1,31.056666666666672,,20.8,20.06,2023,26.91,1,5.33,-0.07720588235294125,12,51.43,33.41,38.509166666666665,51.43,2023-01-12 15:00:00,29.92,35.158706767931086,Hourly,35.64,0.46,,4.41,7.39,-2.3100000000000023,24.83,8.896844384387146,AIIMS,27.61,3,-0.7071067811865471,38.339999999999996,0.8660254037844387,7.35,40.98694444444444,154.7832,0.49999999999999994,14.144000000000002,0.72,0.68,13.151926216509374,-0.7071067811865479,4.133912593818967,29.04,15,48.31
109.32,29.04,36.54139933952321,24,40.12,8.232801862983973,1,27.453333333333344,,20.13,20.8,2023,27.58,1,5.03,-0.10068815646504894,12,52.23,33.41,37.79416666666666,51.43,2023-01-12 16:00:00,27.61,32.20764769137934,Hourly,29.92,0.18,,5.33,7.35,-2.780000000000001,23.79,8.797764867662007,AIIMS,24.83,3,-0.8660254037844385,34.42666666666667,0.8660254037844387,8.01,40.36319444444444,141.9969,0.49999999999999994,12.480599999999999,0.68,0.62,13.559343373979877,-0.5000000000000004,2.54861400242072,28.23,16,48.31
116.07,28.23,34.57964559498117,24,40.12,9.119175725310473,1,25.410000000000007,,25.22,20.13,2023,27.72,1,7.61,-0.04188481675392667,12,52.23,32.81,36.9925,52.23,2023-01-12 17:00:00,24.83,29.802605493842385,Hourly,27.61,0.21,,5.03,8.01,-1.0399999999999991,17.28,6.43723543145669,AIIMS,23.79,3,-0.9659258262890683,30.34,0.8660254037844387,8.06,39.68277777777778,258.8161,0.49999999999999994,17.9062,0.62,0.71,13.97541888500197,-0.25881904510252063,1.9749430371536187,34.01,17,40.25
97.38,34.01,31.918161657291762,24,33.33,10.726958251682268,1,21.96666666666668,,29.17,25.22,2023,21.05,1,11.28,-0.2736443883984867,12,73.28,41.29,35.69833333333333,52.23,2023-01-12 18:00:00,23.79,26.224718209887417,Hourly,24.83,0.15,,7.61,8.06,-6.509999999999998,21.11,6.1904552875106225,AIIMS,17.28,3,-1.0,26.511666666666667,0.8660254037844387,4.88,38.73111111111111,405.1776,0.49999999999999994,23.627700000000004,0.71,0.81,14.703062209120901,-1.8369701987210297e-16,4.091947376657572,35.92,18,35.64
112.11,35.92,30.25536755616995,24,27.73,11.335225332269948,1,20.726666666666677,,32.99,29.17,2023,21.26,1,14.86,0.2216435185185184,12,98.37,44.44,34.016666666666666,73.28,2023-01-12 19:00:00,17.28,24.763370149919584,Hourly,23.79,0.23,,11.28,4.88,3.8299999999999983,29.47,4.522685043201843,AIIMS,21.11,3,-0.9659258262890684,24.090000000000003,0.8660254037844387,5.1,38.221944444444446,561.5594,0.49999999999999994,32.3302,0.81,0.98,15.104347805343865,0.2588190451025203,3.2718852873129225,37.79,19,29.92
119.14,37.79,30.134541778297653,24,28.54,10.899173828851259,1,22.620000000000008,,38.96,32.99,2023,20.2,1,21.33,0.39602084320227376,12,132.2,46.71,32.76916666666667,98.37,2023-01-12 20:00:00,21.11,26.10812153565685,Hourly,17.28,0.2,,14.86,5.1,8.36,41.25,4.4089715354038805,AIIMS,29.47,3,-0.8660254037844386,24.014999999999997,0.8660254037844387,5.16,38.294444444444444,877.7294999999999,0.49999999999999994,42.076800000000006,0.98,1.08,15.055895716070893,0.5000000000000001,6.233706762432884,41.15,20,27.61
108.52,41.15,31.84461227394417,24,32.06,10.365174610057023,1,30.61000000000001,,38.63,38.96,2023,20.36,1,22.39,0.39972853749575843,12,149.29,48.31,32.31416666666667,132.2,2023-01-12 21:00:00,29.47,30.43437252546918,Hourly,21.11,0.22,,21.33,5.16,11.780000000000001,43.29,8.370281755512668,AIIMS,41.25,3,-0.7071067811865477,26.288333333333338,0.8660254037844387,4.8,38.82402777777778,838.5055000000001,0.49999999999999994,43.6519,1.08,1.13,14.920798180303779,0.7071067811865474,10.118280486327782,37.45,21,24.83
102.94,37.45,33.605441154875834,24,59.04,9.743564270685075,1,38.00333333333334,,35.93,38.63,2023,16.6,1,20.68,0.04945454545454543,12,149.29,48.31,31.895833333333332,149.29,2023-01-12 22:00:00,41.25,34.1074089467637,Hourly,29.47,0.32,,22.39,4.8,2.039999999999999,43.29,10.77443966060423,AIIMS,43.29,3,-0.5000000000000004,29.365,0.8660254037844387,4.74,39.29194444444445,712.426,0.49999999999999994,39.523,1.13,1.1,14.87547318020308,0.8660254037844384,7.460142983437717,34.45,22,23.79
80.91,34.45,35.09537328489493,24,83.02,9.058444703951478,1,42.61000000000001,,34.16,35.93,2023,17.71,1,19.16,0.0,12,110.32,40.25,31.477500000000003,149.29,2023-01-12 23:00:00,43.29,36.7310063905455,Hourly,41.25,0.26,,20.68,4.74,0.0,40.33,11.660984092262593,AIIMS,43.29,3,-0.25881904510252157,32.615,0.8660254037844387,5.0,38.63569444444445,639.944,0.49999999999999994,36.209599999999995,1.1,1.06,14.30277559898571,0.9659258262890681,1.177794549147557,33.4,23,17.28
93.52,33.4,35.90070047183418,0,67.16666666666666,9.065514535197652,0,42.30333333333334,15.8,48.02,34.16,2023,20.45,6,10.01,-0.0683760683760684,1,52.3,35.64,31.484166666666667,110.32,2023-06-01 06:00:00,43.29,37.759290278961075,Hourly,43.29,0.26,,19.16,5.0,-2.960000000000001,33.09,9.118128462939511,AIIMS,40.33,3,1.0,36.45666666666667,-1.0,6.66,36.856944444444444,740.3395999999999,1.2246467991473532e-16,40.817,1.06,0.85,10.758344022341761,6.123233995736766e-17,1.7089567968017907,73.96,6,21.11
113.7,73.96,35.46828501462892,0,35.46,8.98880600154072,0,38.90333333333334,15.51,67.02,48.02,2024,20.66,1,43.9,-0.17951896850979407,1,149.73,29.92,31.271666666666665,52.3,2024-01-01 01:00:00,40.33,36.42520734211506,Hourly,43.29,0.17,15.8,10.01,6.66,-7.239999999999995,93.91,5.789568780718261,AIIMS,33.09,0,0.25881904510252074,38.453333333333326,0.8660254037844387,5.73,35.437083333333334,2576.0519999999997,0.49999999999999994,113.93399999999998,0.85,1.7,8.620480405843585,0.9659258262890683,5.247526401394759,58.68,1,29.47
125.05,58.68,44.45931808930139,1,35.19,20.15686684632825,1,55.77666666666668,15.44,69.95,67.02,2024,54.21,1,48.23,1.8380175279540643,1,197.09,27.61,36.604166666666664,149.73,2024-01-01 02:00:00,33.09,52.849433815796466,Hourly,40.33,0.18,15.51,43.9,5.73,60.81999999999999,101.405,22.227242444052,AIIMS,93.91,0,0.49999999999999994,49.193333333333335,0.8660254037844387,5.83,37.8725,2820.0080999999996,0.49999999999999994,118.2155,1.7,1.69,14.723425655854538,0.8660254037844387,33.222247565950966,58.47,2,41.25
350.84,58.47,53.220192229408866,0,33.41,27.192473150170212,0,76.135,15.98,70.46,69.95,2024,49.72,1,49.44,0.07981045682035998,1,244.45,24.83,42.75375,197.09,2024-01-01 03:00:00,93.91,66.7224527255689,Hourly,33.09,0.38,15.44,48.23,5.83,7.4950000000000045,108.9,30.10019641408783,AIIMS,101.405,0,0.7071067811865476,59.219166666666666,0.8660254037844387,6.06,40.631458333333335,2787.9216,0.49999999999999994,116.96359999999999,1.69,1.66,19.596385396467426,0.7071067811865476,37.46595487906322,56.39,3,43.29
128.24,56.39,61.786316501807505,0,33.41,32.472116322269024,0,101.40500000000002,15.86,64.46,70.46,2024,54.96,1,43.98,0.07391154282333223,1,198.56,23.79,49.75958333333333,244.45,2024-01-01 04:00:00,101.405,78.7731805182635,Hourly,93.91,0.23,15.98,49.44,6.06,7.4950000000000045,104.41,34.719189566674295,AIIMS,108.9,0,0.8660254037844386,70.15416666666667,0.8660254037844387,7.04,43.776875,2343.2544,0.49999999999999994,99.2684,1.66,1.54,23.959583895843323,0.5000000000000001,7.495000000000072,53.28,4,43.29
100.9,53.28,68.3438062707602,0,32.81,34.862637558536484,0,104.90500000000002,16.19,56.48,64.46,2024,60.15,1,35.59,-0.04123048668503222,1,187.89,17.28,56.477916666666665,198.56,2024-01-01 05:00:00,108.9,86.09798608447392,Hourly,101.405,0.15,15.86,43.98,7.04,-4.490000000000009,98.93,34.223618221436844,AIIMS,104.41,0,0.9659258262890683,80.34083333333332,0.8660254037844387,6.0,46.73520833333333,1811.1751000000002,0.49999999999999994,80.20159999999998,1.54,1.42,26.83466307494866,0.25881904510252074,3.771939156455341,50.89,5,40.33
86.74,50.89,73.04937453679709,0,41.29,34.482645138093694,0,104.08,15.07,50.57,56.48,2024,60.78,1,29.01,-0.052485394119337135,1,164.74,21.11,63.28208333333333,187.89,2024-01-01 06:00:00,104.41,89.76427577462422,Hourly,108.9,0.24,16.19,35.59,6.0,-5.47999999999999,93.6,28.38536202869354,AIIMS,98.93,0,1.0,90.1075,0.8660254037844387,4.94,49.490208333333335,1441.2168000000001,0.49999999999999994,64.2239,1.42,1.27,28.67395767709356,6.123233995736766e-17,4.993185356062899,49.68,6,33.09
77.72,49.68,76.2110092234437,0,44.44,32.72804249752338,0,98.98000000000002,15.29,44.76,50.57,2024,61.62,1,22.28,-0.05387647831800275,1,135.95,29.47,69.32291666666667,164.74,2024-01-01 07:00:00,98.93,90.86019698187445,Hourly,104.41,0.31,15.07,29.01,4.94,-5.3300000000000125,88.83,5.993376135367797,AIIMS,93.6,0,0.9659258262890683,100.1925,0.8660254037844387,4.84,51.66979166666666,1089.492,0.49999999999999994,52.81679999999999,1.27,1.18,29.981821176200523,-0.25881904510252063,5.40517344772588,48.9,7,93.91
93.99,48.9,78.15239241983697,0,46.71,30.57183734169356,0,93.78666666666668,15.41,40.74,44.76,2024,81.74,1,17.82,-0.05096153846153842,1,124.7,41.25,74.26958333333333,135.95,2024-01-01 08:00:00,93.6,90.2801407013389,Hourly,98.93,0.17,15.29,22.28,4.84,-4.769999999999996,81.96,7.279262611464361,AIIMS,88.83,0,0.8660254037844387,99.34583333333335,0.8660254037844387,4.44,53.519375000000004,856.0728,0.49999999999999994,43.591800000000006,1.18,1.07,30.87240854509087,-0.4999999999999998,5.052586796219745,48.04,8,101.405
91.35,48.04,78.7381782014005,0,48.31,28.780913140035032,0,88.13,15.79,39.84,40.74,2024,107.33,1,16.65,-0.07733873691320504,1,130.86,43.29,77.66208333333334,124.7,2024-01-01 09:00:00,88.83,87.9029576438135,Hourly,93.6,0.14,15.41,17.82,4.44,-6.8700000000000045,77.08,9.999473486138982,AIIMS,81.96,0,0.7071067811865476,96.105,0.8660254037844387,3.78,54.988125000000004,801.1979999999999,0.49999999999999994,40.6368,1.07,1.02,31.36888318383501,-0.7071067811865475,5.851486990500848,48.12,9,108.9
81.44,48.12,78.4830738627235,0,48.31,26.68929351719465,0,82.62333333333333,14.7,39.04,39.84,2024,107.33,1,15.29,-0.059541239629087306,1,123.19,43.29,80.47791666666666,130.86,2024-01-01 10:00:00,81.96,84.81068403129535,Hourly,88.83,0.25,15.79,16.65,3.78,-4.8799999999999955,70.76,10.290130060726312,AIIMS,77.08,0,0.49999999999999994,90.80166666666666,0.8660254037844387,4.08,56.18687500000001,754.1028,0.49999999999999994,37.8688,1.02,0.97,31.65103383889146,-0.8660254037844387,5.903019001607061,49.32,10,104.41
283.28,49.32,77.29490865307373,0,40.25,24.278901470799422,0,76.60000000000001,15.96,37.65,39.04,2024,85.2,1,12.96,-0.08199273482096514,1,99.96,40.33,82.76708333333333,123.19,2024-01-01 11:00:00,77.08,80.79620287949668,Hourly,81.96,0.29,14.7,15.29,4.08,-6.319999999999993,62.8,10.556468475141838,AIIMS,70.76,0,0.258819045102521,85.19333333333334,0.8660254037844387,4.59,57.12229166666666,653.9616000000001,0.49999999999999994,35.7675,0.97,0.95,31.73973877249173,-0.9659258262890682,5.615407376139399,50.46,11,98.93
205.37,50.46,75.06492270644699,0,35.64,21.404797514314083,0,70.21333333333335,16.06,35.1,37.65,2024,66.76,1,8.95,-0.11249293386093849,1,89.01,33.09,84.63958333333333,99.96,2024-01-01 12:00:00,70.76,75.65443062821191,Hourly,77.08,0.9,15.96,12.96,4.59,-7.960000000000008,58.05,11.422763967913527,AIIMS,62.8,0,1.2246467991473532e-16,79.17166666666667,0.8660254037844387,4.87,58.06187499999999,455.28649999999993,0.49999999999999994,32.292,0.95,0.92,31.551771080052607,-1.0,7.1556783978414185,50.87,12,93.6
328.22,50.87,72.44724229007053,0,29.92,16.617484009638897,0,63.87000000000001,14.77,31.39,35.1,2024,44.52,1,4.98,-0.07563694267515923,1,81.2,93.91,86.71958333333333,89.01,2024-01-01 13:00:00,62.8,70.62459330586566,Hourly,70.76,0.85,16.06,8.95,4.87,-4.75,54.09,11.659433376741077,AIIMS,58.05,0,-0.2588190451025208,73.24666666666666,0.8660254037844387,4.72,58.995625,248.25300000000001,0.49999999999999994,27.9371,0.92,0.89,31.18887919534713,-0.9659258262890683,6.4222036716380355,49.85,13,88.83
265.83,49.85,69.62305116852122,0,27.61,18.87374344101538,0,58.31333333333334,15.47,28.38,31.39,2024,44.52,1,3.99,-0.0682170542635658,1,75.96,101.405,83.40124999999999,81.2,2024-01-01 14:00:00,58.05,65.90042378990404,Hourly,62.8,0.5,14.77,4.98,4.72,-3.9599999999999937,54.18,10.979115932836493,AIIMS,54.09,0,-0.4999999999999997,67.45666666666666,0.8660254037844387,5.03,60.00270833333334,182.0238,0.49999999999999994,24.4068,0.89,0.86,30.593757710099556,-0.8660254037844388,4.360967018143373,45.62,14,81.96
354.44,45.62,67.24719714259487,0,24.83,19.684549759708062,0,55.440000000000005,15.48,28.23,28.38,2024,39.8,1,4.02,0.0016638935108152393,1,90.3,108.9,79.46583333333334,75.96,2024-01-01 15:00:00,54.09,62.551731278502885,Hourly,58.05,0.26,15.47,3.99,5.03,0.0899999999999963,52.77,9.380903296946643,AIIMS,54.18,0,-0.7071067811865471,62.826666666666675,0.8660254037844387,5.49,61.109791666666666,182.2668,0.49999999999999994,23.7132,0.86,0.84,29.84211746767831,-0.7071067811865479,2.260774203674701,45.34,15,77.08
135.6,45.34,65.01993604373412,0,23.79,18.698677071986207,0,53.68000000000001,15.79,27.92,28.23,2024,40.12,1,4.01,-0.026024363233665495,1,111.07,104.41,74.78833333333334,90.3,2024-01-01 16:00:00,54.18,59.75695091321634,Hourly,54.09,0.18,15.48,4.02,5.49,-1.4099999999999966,60.78,6.920834487256429,AIIMS,52.77,0,-0.8660254037844385,58.775,0.8660254037844387,6.34,62.273958333333326,179.8084,0.49999999999999994,22.6152,0.84,0.81,28.895236141859815,-0.5000000000000004,0.7893668348752546,44.84,16,70.76
135.69,44.84,64.36763819085195,0,17.28,16.53152532422381,0,55.910000000000004,15.26,27.85,27.92,2024,40.12,1,4.03,0.15179079022171685,1,92.57,98.93,71.1525,111.07,2024-01-01 17:00:00,52.77,60.04925065229739,Hourly,54.18,0.21,15.79,4.01,6.34,8.009999999999998,55.76,4.080918605738746,AIIMS,60.78,0,-0.9659258262890683,57.11166666666666,0.8660254037844387,5.03,63.81520833333334,179.57680000000002,0.49999999999999994,21.4445,0.81,0.77,27.715717934177448,-0.25881904510252063,4.276061271778154,44.56,17,62.8
121.57,44.56,63.04338616149011,0,21.11,14.510936627874178,0,56.436666666666675,15.26,33.34,27.85,2024,33.33,1,6.44,-0.08259295820993753,1,79.8,93.6,67.55499999999999,92.57,2024-01-01 18:00:00,60.78,58.82375046592671,Hourly,52.77,0.23,15.26,4.03,5.03,-5.020000000000003,51.54,2.9825855673668,AIIMS,55.76,0,-1.0,55.93833333333334,0.8660254037844387,6.17,65.41854166666667,330.694,0.49999999999999994,32.6732,0.77,0.98,25.964330025062537,-1.8369701987210297e-16,4.047645406076765,51.35,18,58.05
129.56,51.35,61.27363444433779,0,29.47,12.602157102510759,0,56.02666666666668,15.61,35.96,33.34,2024,27.73,1,7.65,-0.07568149210903873,1,106.68,88.83,64.05,79.8,2024-01-01 19:00:00,55.76,56.74267890423336,Hourly,60.78,0.26,15.26,6.44,6.17,-4.219999999999999,53.68,3.234252103139889,AIIMS,51.54,0,-0.9659258262890684,54.85333333333333,0.8660254037844387,6.29,66.68645833333333,416.925,0.49999999999999994,39.915600000000005,0.98,1.11,24.40255895701031,0.2588190451025203,4.625768404636612,54.5,19,54.09
118.14,54.5,60.105382991362745,0,41.25,10.16896478000433,0,53.660000000000004,16.12,39.49,35.96,2024,28.54,1,10.38,0.04152114862242919,1,135.5,81.96,61.12083333333334,106.68,2024-01-01 20:00:00,51.54,55.86762778873811,Hourly,55.76,0.19,15.61,7.65,6.29,2.1400000000000006,61.18,3.25785051836301,AIIMS,53.68,0,-0.8660254037844386,54.785,0.8660254037844387,6.26,67.69520833333334,592.6980000000001,0.49999999999999994,49.362500000000004,1.11,1.25,23.27139845012064,0.5000000000000001,2.110071088850073,57.1,20,54.18
106.12,57.1,60.27070868499924,0,43.29,7.7883064541812494,0,55.466666666666676,15.6,46.96,39.49,2024,32.06,1,18.53,0.13971684053651268,1,122.72,77.08,59.38916666666666,135.5,2024-01-01 21:00:00,53.68,57.385448420527226,Hourly,51.54,0.2,16.12,10.38,6.26,7.5,58.35,4.1335525479500985,AIIMS,61.18,0,-0.7071067811865477,55.95166666666666,0.8660254037844387,6.65,68.525625,1090.8611,0.49999999999999994,70.9096,1.25,1.51,22.633547979881786,0.7071067811865474,5.062265632435178,58.87,21,52.77
126.08,58.87,59.975215041153206,0,43.29,5.444887232045849,0,57.73666666666668,14.94,52.75,46.96,2024,59.04,1,24.78,-0.04625694671461259,1,120.29,70.76,57.828333333333326,122.72,2024-01-01 22:00:00,61.18,57.66103458609088,Hourly,53.68,0.16,15.6,18.53,6.65,-2.8299999999999983,62.01,3.895404557509364,AIIMS,58.35,0,-0.5000000000000004,56.88166666666667,0.8660254037844387,6.23,69.153125,1494.9774,0.49999999999999994,92.3125,1.51,1.75,22.106106563989968,0.8660254037844384,3.787430967467846,60.33,22,60.78
136.49,60.33,60.28825888097579,0,40.33,3.931144775052578,0,60.51333333333334,15.8,55.65,52.75,2024,83.02,1,28.19,0.06272493573264776,1,141.74,62.8,57.09916666666666,120.29,2024-01-01 23:00:00,58.35,58.90359613292206,Hourly,61.18,0.15,14.94,24.78,6.23,3.6599999999999966,65.48,4.164649645127993,AIIMS,62.01,0,-0.25881904510252157,57.086666666666666,0.8660254037844387,6.58,69.933125,1719.5900000000001,0.49999999999999994,106.2915,1.75,1.91,21.475122301241107,0.9659258262890681,1.9189146237742227,61.0,23,55.76
195.28,61.0,61.08698828390259,37,33.09,4.3393885723471595,1,61.94666666666668,16.09846153846154,43.85,55.65,2024,67.16666666666666,1,19.81,0.05595871633607492,2,83.51,58.05,57.3225,141.74,2024-01-02 01:00:00,62.01,60.782568666372896,Hourly,58.35,0.33,15.8,28.19,6.58,3.470000000000006,43.0,5.285132606346284,AIIMS,65.48,1,0.25881904510252074,58.70666666666667,0.8660254037844387,6.55,70.98104166666667,1032.4971999999998,0.49999999999999994,45.604000000000006,1.91,1.04,20.56198518473645,0.9659258262890683,3.5654219011688726,52.12,1,51.54
154.28,52.12,58.30437470176373,37,93.91,5.976185821215399,1,56.83000000000001,16.247692307692308,43.59,43.85,2024,35.46,1,19.85,-0.3433109346365303,2,83.51,54.09,56.068333333333335,83.51,2024-01-02 02:00:00,65.48,55.701834761694926,Hourly,62.01,0.14,16.09846153846154,19.81,6.55,-22.480000000000004,43.0,8.035497910314252,AIIMS,43.0,1,0.49999999999999994,57.28333333333334,0.8660254037844387,6.49,71.39395833333334,1000.2415000000001,0.49999999999999994,44.02590000000001,1.04,1.01,19.855353071826414,0.8660254037844387,12.10214443807382,50.39,2,53.68
111.64,50.39,55.949855516876994,37,101.405,7.067732641870993,1,50.49333333333334,16.396923076923077,41.11,43.59,2024,35.19,1,17.78,0.0,2,66.16,54.18,55.14416666666667,83.51,2024-01-02 03:00:00,43.0,52.072739115496375,Hourly,65.48,0.17,16.247692307692308,19.85,6.49,0.0,42.53,9.948520828076143,AIIMS,43.0,1,0.7071067811865476,55.50333333333333,0.8660254037844387,6.02,69.27270833333334,867.664,0.49999999999999994,37.821200000000005,1.01,0.92,20.063657333768596,0.7071067811865476,12.97883405138282,48.8,3,61.18
348.33,48.8,53.88526236043438,37,108.9,7.956464876647945,1,42.84333333333334,,39.58,41.11,2024,33.41,1,16.25,-0.010930232558139508,2,54.72,52.77,54.173333333333325,66.16,2024-01-02 04:00:00,43.0,49.34624222535456,Hourly,43.0,0.39,16.396923076923077,17.78,6.02,-0.46999999999999886,40.03,10.704931106737602,AIIMS,42.53,1,0.8660254037844386,52.395,0.8660254037844387,6.29,66.81958333333334,783.9,0.49999999999999994,32.8514,0.92,0.83,19.556960837771978,0.5000000000000001,0.2713546265198392,48.24,4,58.35
355.05,48.24,51.75368353575217,37,104.41,8.948832156750738,1,41.853333333333346,,37.32,39.58,2024,33.41,1,14.75,-0.0587820362097343,2,55.27,60.78,53.11166666666666,54.72,2024-01-02 05:00:00,42.53,46.68445873239611,Hourly,43.0,0.3,,16.25,6.29,-2.5,39.49,11.26474041718961,AIIMS,40.03,1,0.9659258262890683,49.34166666666666,0.8660254037844387,6.24,63.949999999999996,684.99,0.49999999999999994,29.1096,0.83,0.78,18.11342355943458,0.25881904510252074,1.5964439649839475,46.44,5,62.01
250.82,46.44,49.866962991790295,37,98.93,9.389897980857311,1,40.683333333333344,,36.49,37.32,2024,32.81,1,14.36,-0.013489882588058935,2,58.16,55.76,51.3375,55.27,2024-01-02 06:00:00,40.03,44.62889909456865,Hourly,42.53,0.17,,14.75,6.24,-0.5399999999999991,40.25,9.86423320216353,AIIMS,39.49,1,1.0,45.58833333333333,0.8660254037844387,6.05,61.245000000000005,649.2156,0.49999999999999994,28.0973,0.78,0.77,16.59214324285158,6.123233995736766e-17,1.6218918993982314,45.21,6,65.48
118.82,45.21,48.387430223822555,37,93.6,9.784958308082272,1,39.923333333333346,,35.47,36.49,2024,41.29,1,14.06,0.01924537857685485,2,58.16,51.54,50.044999999999995,58.16,2024-01-02 07:00:00,39.49,43.37778506754904,Hourly,40.03,0.16,,14.36,6.05,0.759999999999998,40.25,1.6274356106051033,AIIMS,40.25,1,0.9659258262890683,41.38333333333333,0.8660254037844387,6.09,58.800000000000004,614.8438,0.49999999999999994,27.3119,0.77,0.77,15.049252762036154,-0.25881904510252063,0.39106691669529126,43.73,7,43.0
122.46,43.73,47.13551788169601,37,88.83,10.163591400263707,1,39.99666666666668,,37.19,35.47,2024,44.44,1,15.74,0.0,2,78.06,53.68,49.104166666666664,58.16,2024-01-02 08:00:00,40.25,42.484132191106454,Hourly,39.49,0.17,,14.06,6.09,0.0,45.55,1.4596677704186527,AIIMS,40.25,1,0.8660254037844387,40.925000000000004,0.8660254037844387,6.03,56.57708333333334,699.4856,0.49999999999999994,31.611499999999996,0.77,0.85,13.551046960729064,-0.4999999999999998,0.43878620458438033,44.44,8,43.0
355.29,44.44,46.89159205374278,37,81.96,10.101621232017699,1,42.01666666666667,,43.48,37.19,2024,46.71,1,21.24,0.1316770186335403,2,118.69,61.18,48.42666666666667,78.06,2024-01-02 09:00:00,40.25,43.36009442221889,Hourly,40.25,0.28,,15.74,6.03,5.299999999999997,64.95,2.3088698534129075,AIIMS,45.55,1,0.7071067811865476,41.35,0.8660254037844387,7.37,54.77375,1020.1572,0.49999999999999994,44.7844,0.85,1.03,11.844660808732053,-0.7071067811865475,3.0599564267050727,48.03,9,42.53
274.16,48.03,49.669808660859275,37,77.08,10.581540065203855,1,50.25000000000001,,45.93,43.48,2024,48.31,1,22.43,0.4259055982436884,2,148.05,58.35,48.74083333333334,118.69,2024-01-02 10:00:00,45.55,49.52863887301349,Hourly,40.25,0.29,,21.24,7.37,19.400000000000006,81.34,9.984447238914406,AIIMS,64.95,1,0.49999999999999994,45.086666666666666,0.8660254037844387,7.58,54.065,1165.6870999999999,0.49999999999999994,52.36019999999999,1.03,1.14,10.58960893476734,-0.8660254037844387,13.003461077728536,51.97,10,40.03
302.2,51.97,54.54214578995784,37,70.76,14.006438346400358,1,63.94666666666668,,45.77,45.93,2024,48.31,1,20.88,0.25234795996920706,2,148.05,62.01,50.656666666666666,148.05,2024-01-02 11:00:00,64.95,58.61759919500963,Hourly,45.55,1.31,,22.43,7.58,16.39,81.34,17.3364407150564,AIIMS,81.34,1,0.258819045102521,51.97166666666667,0.8660254037844387,7.21,54.2425,1136.2896,0.49999999999999994,53.0932,1.14,1.16,11.019143519940352,-0.9659258262890682,17.916083091271236,54.42,11,39.49
294.58,54.42,58.66489259150279,37,62.8,16.34685075314061,1,75.87666666666668,,41.52,45.77,2024,40.25,1,15.3,0.0,2,79.25,65.48,52.267500000000005,148.05,2024-01-02 12:00:00,81.34,65.10971371072117,Hourly,64.95,1.07,,20.88,7.21,0.0,78.05,19.583483517154583,AIIMS,81.34,1,1.2246467991473532e-16,58.946666666666665,0.8660254037844387,8.44,54.68333333333334,819.6210000000001,0.49999999999999994,40.689600000000006,1.16,0.98,11.88619537866134,-1.0,9.462770912018083,53.57,12,40.25
243.24,53.57,61.64721680819467,37,58.05,17.623370072925095,1,80.24333333333334,,36.83,41.52,2024,35.64,1,8.98,-0.04044750430292606,2,57.88,43.0,53.315,79.25,2024-01-02 13:00:00,81.34,68.80693836480083,Hourly,81.34,1.02,,15.3,8.44,-3.2900000000000063,60.61,18.410845354482372,AIIMS,78.05,1,-0.2588190451025208,65.24666666666667,0.8660254037844387,8.65,55.31875,485.9976,0.49999999999999994,33.8836,0.98,0.92,12.717513536201892,-0.9659258262890683,1.8994823856345198,54.12,13,40.25
231.26,54.12,61.48764499154934,37,54.09,17.418355065327418,1,73.33333333333334,,31.1,36.83,2024,29.92,1,5.21,-0.22344650864830234,2,37.0,43.0,54.7825,57.88,2024-01-02 14:00:00,78.05,66.46495597485773,Hourly,81.34,1.19,,8.98,8.65,-17.439999999999998,46.19,14.29946292697731,AIIMS,60.61,1,-0.4999999999999997,68.64,0.8660254037844387,7.22,55.42541666666667,266.1268,0.49999999999999994,25.813,0.92,0.83,12.752106383266455,-0.8660254037844388,11.14084527014604,51.08,14,45.55
210.55,51.08,59.13416114669559,37,54.18,17.245673414371232,1,61.616666666666674,,27.94,31.1,2024,27.61,1,4.75,-0.23791453555518893,2,29.77,42.53,55.04833333333334,37.0,2024-01-02 15:00:00,60.61,60.672111410612665,Hourly,78.05,1.61,,5.21,7.22,-14.420000000000002,40.015,14.093681799539295,AIIMS,46.19,1,-0.7071067811865471,68.74666666666667,0.8660254037844387,8.06,55.09625,207.4325,0.49999999999999994,21.2344,0.83,0.76,12.889298160304055,-0.7071067811865479,15.953837573867132,43.67,15,64.95
217.24,43.67,56.19275173951166,37,52.77,17.425976185646714,1,48.93833333333334,,26.98,27.94,2024,24.83,1,4.12,-0.1336869452262394,2,22.54,40.03,54.838750000000005,29.77,2024-01-02 16:00:00,46.19,54.77007957900905,Hourly,60.61,1.46,,4.75,8.06,-6.174999999999997,33.84,18.4424923523548,AIIMS,40.015,1,-0.8660254037844385,64.59083333333334,0.8660254037844387,8.12,54.506041666666675,176.7892,0.49999999999999994,18.346400000000003,0.76,0.68,13.252278637470045,-0.5000000000000004,10.568988046796814,42.91,16,81.34
219.9,42.91,52.753866856509866,37,60.78,17.986779293582824,1,40.01500000000001,,26.24,26.98,2024,23.79,1,4.29,-0.1543171310758465,2,15.31,39.49,54.32291666666668,22.54,2024-01-02 17:00:00,40.015,48.790056842149326,Hourly,46.19,1.05,,4.12,8.12,-6.174999999999997,27.665,19.948258675048947,AIIMS,33.84,1,-0.9659258262890683,56.67416666666667,0.8660254037844387,7.95,53.71729166666666,176.5335,0.49999999999999994,15.481599999999998,0.68,0.59,13.907249984401052,-0.25881904510252063,6.174999999999998,41.15,17,81.34
130.97,41.15,48.894041186277576,37,55.76,19.159007079510317,1,33.84000000000001,,29.19,26.24,2024,17.28,1,5.79,-0.18247635933806158,2,8.08,40.25,53.337500000000006,15.31,2024-01-02 18:00:00,33.84,42.75432631582095,Hourly,40.015,0.19,,4.29,7.95,-6.175000000000004,21.49,18.668829279487934,AIIMS,27.665,1,-1.0,47.72833333333333,0.8660254037844387,7.16,52.3375,257.07599999999996,0.49999999999999994,18.9735,0.59,0.65,14.79073608421985,-1.8369701987210297e-16,6.174999999999966,44.4,18,78.05
131.42,44.4,44.67803484992718,37,51.54,21.0008561333421,1,27.66500000000001,,34.39,29.19,2024,21.11,1,9.59,-0.22320621724200257,2,11.93,40.25,51.77416666666667,8.08,2024-01-02 19:00:00,27.665,36.678804511300676,Hourly,33.84,0.21,,5.79,7.16,-6.175000000000001,22.3,13.989283994067259,AIIMS,21.49,1,-0.9659258262890684,38.30166666666666,0.8660254037844387,7.04,50.90958333333333,465.2109,0.49999999999999994,25.1047,0.65,0.73,16.04685414901343,0.2588190451025203,6.174999999999929,48.51,19,60.61
169.4,48.51,41.235260257630685,37,53.68,22.48325723867886,1,23.818333333333342,,34.46,34.39,2024,29.47,1,10.26,0.037691949744067116,2,20.7,45.55,50.278333333333336,11.93,2024-01-02 20:00:00,21.49,32.57057465092905,Hourly,27.665,0.19,,9.59,7.04,0.8100000000000023,24.61,9.922525720131274,AIIMS,22.3,1,-0.8660254037844386,31.916666666666668,0.8660254037844387,7.09,49.69125,491.2488,0.49999999999999994,26.189600000000002,0.73,0.76,17.074035605205506,0.5000000000000001,3.3558394379546996,47.88,20,46.19
127.44,47.88,38.677527910302885,37,61.18,23.66514759316028,1,22.80000000000001,,42.89,34.46,2024,41.25,1,19.29,0.10358744394618828,2,25.93,64.95,48.53333333333333,20.7,2024-01-02 21:00:00,22.3,30.29612475066361,Hourly,21.49,0.22,,10.26,7.09,2.3099999999999987,25.98,7.270843829982881,AIIMS,24.61,1,-0.7071067811865477,28.320000000000004,0.8660254037844387,6.44,48.48,962.5709999999999,0.49999999999999994,45.0345,0.76,1.05,17.794686371034395,0.7071067811865474,1.618981161100618,49.9,21,40.015
138.03,49.9,36.724062077948595,37,58.35,23.880425878771813,1,24.296666666666678,,47.36,42.89,2024,43.29,1,25.08,0.05566842746850878,2,34.28,81.34,45.285833333333336,25.93,2024-01-02 22:00:00,24.61,29.062946250474006,Hourly,22.3,0.21,,19.29,6.44,1.370000000000001,31.36,4.4765661132911765,AIIMS,25.98,1,-0.5000000000000004,25.980833333333337,0.8660254037844387,7.01,47.01333333333334,1252.4951999999998,0.49999999999999994,58.2528,1.05,1.23,18.149503746160192,0.8660254037844384,1.8599014310796582,49.94,22,33.84
191.04,49.94,35.89882175826419,37,62.01,21.232225382586936,1,27.316666666666677,,55.66,47.36,2024,43.29,1,35.97,0.20708237105465738,2,38.8,81.34,41.12083333333334,34.28,2024-01-02 23:00:00,25.98,29.71924732176715,Hourly,24.61,0.22,,25.08,7.01,5.379999999999999,35.17,3.6425839043184993,AIIMS,31.36,1,-0.25881904510252157,25.5675,0.8660254037844387,7.45,45.888749999999995,1785.1911,0.49999999999999994,72.358,1.23,1.3,18.252406050448073,0.9659258262890681,3.5680013079219033,49.63,23,27.665
214.38,49.63,35.78669533391585,37,65.48,17.05358751024828,1,30.836666666666677,19.68,56.86375,55.66,2024,40.33,1,31.92,0.12149234693877559,3,96.85,78.05,37.27333333333333,38.8,2024-01-03 01:00:00,31.36,31.276605229833677,Hourly,25.98,0.26,,35.97,7.45,3.8100000000000023,26.33,5.380763576544395,AIIMS,35.17,2,0.25881904510252074,26.81833333333334,0.8660254037844387,5.53,44.77041666666667,1652.8974,0.49999999999999994,73.922875,1.3,1.3,18.042749170925312,0.9659258262890683,4.617297189193339,51.7825,1,21.49
220.6,51.7825,34.33181912869803,37,43.0,11.414425150446728,1,30.953333333333344,19.66,57.465625,56.86375,2024,33.09,1,29.895,-0.2513505828831391,3,96.46,60.61,32.96333333333333,96.85,2024-01-03 02:00:00,35.17,29.863289449881197,Hourly,31.36,0.61,19.68,31.92,5.53,-8.840000000000003,25.22,4.747760524710586,AIIMS,26.33,2,0.49999999999999994,27.625,0.8660254037844387,5.29,43.139166666666675,1580.21233125,0.49999999999999994,66.660125,1.3,1.16,17.8578164999231,0.8660254037844387,4.434008720484514,52.85875,2,22.3
224.39,52.85875,32.93000080120603,37,43.0,7.534346455741921,1,28.906666666666677,20.0,58.0675,57.465625,2024,93.91,1,27.87,-0.042157235093049736,3,122.36,46.19,30.014166666666668,96.46,2024-01-03 03:00:00,26.33,28.53663532134371,Hourly,35.17,0.58,19.66,29.895,5.29,-1.1099999999999994,29.31,4.212208051208628,AIIMS,25.22,2,0.7071067811865476,28.111666666666665,0.8660254037844387,5.35,42.39833333333333,1503.1684500000001,0.49999999999999994,64.454925,1.16,1.11,18.228790156774206,0.7071067811865476,5.452525408774593,53.935,3,24.61
208.06,53.935,32.37307760102048,37,42.53,5.555700389526164,1,26.953333333333344,20.0,,58.0675,2024,101.405,1,,0.16217287866772404,3,128.75,40.015,28.6075,122.36,2024-01-03 04:00:00,25.22,28.75759665810265,Hourly,26.33,0.67,20.0,27.87,5.35,4.09,30.99,3.852431699589247,AIIMS,29.31,2,0.8660254037844386,28.895,0.8660254037844387,5.25,41.82791666666667,,0.49999999999999994,,1.11,1.05,18.422311196449773,0.5000000000000001,2.1150492508053715,,4,25.98
96.33,,32.160296431632716,37,40.03,4.351400745388667,1,28.506666666666675,20.28,,,2024,108.9,1,,0.05731832139201637,3,117.37,33.84,27.855416666666667,128.75,2024-01-03 05:00:00,29.31,29.39542618435904,Hourly,25.22,0.54,20.0,,5.25,1.6799999999999997,31.18,3.6308291064163383,AIIMS,30.99,2,0.9659258262890683,29.73,0.8660254037844387,4.86,41.34708333333333,,0.49999999999999994,,1.05,0.94,18.553324260713666,0.25881904510252074,2.967698322493795,,5,31.36
103.67,,32.00948159599692,37,39.49,4.077984754641717,1,30.49333333333334,19.78,,,2024,104.41,1,,0.006131010003226889,3,119.6,27.665,27.633750000000003,117.37,2024-01-03 06:00:00,30.99,29.905304417399314,Hourly,29.31,0.26,20.28,,4.86,0.19000000000000128,34.34,3.6153782651335487,AIIMS,31.18,2,1.0,29.7,0.8660254037844387,4.87,40.97833333333333,,0.49999999999999994,,0.94,0.92,18.66823130735543,6.123233995736766e-17,1.029190620503628,,6,35.17
85.48,,32.36802288892047,37,40.25,4.514515981304518,1,32.17000000000001,19.17,,,2024,98.93,1,,0.10134701731879422,3,133.13,21.49,28.189999999999998,119.6,2024-01-03 07:00:00,31.18,31.17236029814237,Hourly,30.99,0.33,19.78,,4.87,3.1600000000000037,39.32,3.3719040120778554,AIIMS,34.34,2,0.9659258262890683,29.561666666666664,0.8660254037844387,4.56,40.763749999999995,,0.49999999999999994,,0.92,0.95,18.715621250825357,-0.25881904510252063,1.8816747859286014,,7,26.33
66.91,,33.43755782908655,37,40.25,5.015284743721477,1,34.94666666666668,19.21,,,2024,93.6,1,,0.1450203843913802,3,135.37,22.3,29.675833333333333,133.13,2024-01-03 08:00:00,34.34,33.500257355815975,Hourly,31.18,0.3,19.17,,4.56,4.979999999999997,55.65,4.764593022144355,AIIMS,39.32,2,0.8660254037844387,31.72666666666667,0.8660254037844387,5.18,40.725,,0.49999999999999994,,0.95,1.07,18.71769384949642,-0.4999999999999998,4.103770623869344,,8,25.22
156.33,,36.8548566246117,37,45.55,8.550667703859009,1,43.103333333333346,19.33,,,2024,88.83,1,,0.4153102746693794,3,101.505,24.61,32.455000000000005,135.37,2024-01-03 09:00:00,39.32,39.82875525415427,Hourly,34.34,0.27,19.21,,5.18,16.33,40.295,9.891057408925828,AIIMS,55.65,2,0.7071067811865476,36.79833333333333,0.8660254037844387,7.6,41.36666666666667,,0.49999999999999994,,1.07,1.3,18.963059952276193,-0.7071067811865475,11.147386838776766,,9,29.31
220.89,,37.38410945159451,37,64.95,8.440557246342635,1,45.08833333333334,19.56,,,2024,81.96,1,,-0.2759209344115004,3,67.64,25.98,33.76208333333334,101.505,2024-01-03 10:00:00,55.65,39.96196803868162,Hourly,39.32,0.44,19.33,,7.6,-15.354999999999997,24.94,9.221766867941657,AIIMS,40.295,2,0.49999999999999994,38.62916666666667,0.8660254037844387,5.72,41.147708333333334,,0.49999999999999994,,1.3,1.28,18.942984647251667,-0.8660254037844387,9.159653832614726,,10,30.99
222.24,,35.469631074426125,37,81.34,8.532564747732168,1,40.29500000000001,19.65,,,2024,77.08,1,,-0.3810646482193821,3,67.64,31.36,33.67541666666667,67.64,2024-01-03 11:00:00,40.295,35.669977170486874,Hourly,55.65,1.04,19.56,,5.72,-15.355,26.84,10.470347853183602,AIIMS,24.94,2,0.258819045102521,37.62083333333334,0.8660254037844387,5.27,39.480624999999996,,0.49999999999999994,,1.28,1.18,18.512844032120142,-0.9659258262890682,15.355,,11,31.18
234.34,,34.141995524514414,37,81.34,8.741284003092828,1,30.69166666666668,19.6,,,2024,70.76,1,,0.07618283881315151,3,57.34,35.17,33.29875,67.64,2024-01-03 12:00:00,24.94,33.147126550347764,Hourly,40.295,0.69,19.65,,5.27,1.8999999999999986,27.54,11.13322673352159,AIIMS,26.84,2,1.2246467991473532e-16,36.8975,0.8660254037844387,5.45,37.20979166666667,,0.49999999999999994,,1.18,1.02,16.374027384269098,-1.0,8.37081288366505,,12,34.34
253.17,,33.12630390535835,37,78.05,8.869358503586987,1,26.44000000000001,19.83,,,2024,62.8,1,,0.026080476900149006,3,51.7,26.33,32.66291666666667,57.34,2024-01-03 13:00:00,26.84,31.545090393105546,Hourly,24.94,0.48,19.6,,5.45,0.6999999999999993,25.26,11.773351441567796,AIIMS,27.54,2,-0.2588190451025208,35.76416666666667,0.8660254037844387,6.98,34.968125,,0.49999999999999994,,1.02,0.94,13.500289353782989,-0.9659258262890683,1.3453624047070774,,13,39.32
220.4,,31.916103304533987,37,60.61,8.943878842538025,1,26.546666666666678,19.68,,,2024,58.05,1,,-0.08278867102396506,3,65.75,25.22,32.57375,51.7,2024-01-03 14:00:00,27.54,29.749350280789677,Hourly,26.84,1.08,19.83,,6.98,-2.2799999999999976,33.61,12.31101393739226,AIIMS,25.26,2,-0.4999999999999997,33.42083333333333,0.8660254037844387,17.65,32.768541666666664,,0.49999999999999994,,0.94,0.88,10.03041770329295,-0.8660254037844388,1.1679611865693778,,14,55.65
291.2,,32.17670279614414,0,46.19,8.639511891287391,0,28.80333333333334,20.61,65.29,,2024,54.09,1,3.57,0.33056215360253355,3,70.21,29.31,33.27291666666667,65.75,2024-01-03 15:00:00,25.26,30.852393057706912,Hourly,27.54,0.61,19.68,,17.65,8.349999999999998,35.52,6.045576688786593,AIIMS,33.61,2,-0.7071067811865471,29.747500000000002,0.8660254037844387,24.3,31.643541666666668,238.65449999999996,0.49999999999999994,37.2153,0.88,0.57,8.100455365509974,-0.7071067811865479,4.315974204433187,66.85,15,40.295
256.02,66.85,32.691056212121964,0,40.015,8.566232984099724,0,31.463333333333342,20.92,46.19,65.29,2024,54.18,1,4.26,0.056828324903302696,3,60.0,30.99,33.790416666666665,70.21,2024-01-03 16:00:00,33.61,32.18599504121923,Hourly,25.26,0.7,20.61,3.57,24.3,1.9100000000000037,20.77,4.494816644387904,AIIMS,35.52,2,-0.8660254037844385,28.951666666666668,0.8660254037844387,6.73,31.198958333333334,335.1768,0.49999999999999994,22.6331,0.57,0.49,7.540855241999621,-0.5000000000000004,5.456467110991585,78.68,16,24.94
268.44,78.68,30.8570475641032,0,33.84,9.342808154112165,0,29.966666666666672,21.15,37.7,46.19,2024,52.77,1,5.42,-0.4152590090090091,3,28.99,31.18,32.93875,60.0,2024-01-03 17:00:00,35.52,28.92428217229945,Hourly,33.61,0.28,20.92,4.26,6.73,-14.750000000000004,16.54,5.4582952161518845,AIIMS,20.77,2,-0.9659258262890683,28.256666666666664,0.8660254037844387,6.41,30.39708333333333,331.975,0.49999999999999994,18.473000000000003,0.49,0.49,7.585718692365678,-0.25881904510252063,8.021597928924933,61.25,17,26.84
220.69,61.25,28.654424861933478,0,27.665,10.479996991021395,0,24.276666666666674,21.08,31.13,37.7,2024,60.78,1,4.76,-0.20365912373615794,3,31.46,34.34,31.71875,28.99,2024-01-03 18:00:00,20.77,25.38591583735675,Hourly,35.52,0.76,21.15,5.42,6.41,-4.23,9.74,7.301460127947005,AIIMS,16.54,2,-1.0,26.540000000000003,0.8660254037844387,9.18,29.67625,239.71359999999999,0.49999999999999994,14.631099999999998,0.49,0.47,8.051968737114796,-1.8369701987210297e-16,9.964067108030358,50.36,18,27.54
104.56,50.36,25.744513344712942,0,21.49,12.18754284374751,0,15.683333333333339,21.11,46.31,31.13,2024,55.76,1,13.02,-0.4111245465538089,3,54.59,39.32,29.668750000000003,31.46,2024-01-03 19:00:00,16.54,20.915654169540538,Hourly,20.77,0.18,21.08,4.76,9.18,-6.799999999999999,14.07,9.949773196745067,AIIMS,9.74,2,-0.9659258262890684,23.573333333333334,0.8660254037844387,8.74,28.929375000000004,859.9709999999999,0.49999999999999994,37.048,0.47,0.8,9.01980385312833,0.2588190451025203,5.564677289235363,66.05,19,25.26
114.2,66.05,23.94843436860326,0,22.3,12.544257552277783,0,13.450000000000008,20.64,59.09,46.31,2024,51.54,1,25.17,0.44455852156057496,3,91.69,55.65,27.564583333333335,54.59,2024-01-03 20:00:00,9.74,18.95975297824324,Hourly,16.54,0.18,21.11,13.02,8.74,4.33,32.14,10.59801003333487,AIIMS,14.07,2,-0.8660254037844386,21.708333333333332,0.8660254037844387,7.97,28.620208333333334,1812.2400000000002,0.49999999999999994,69.7262,0.8,1.18,9.404833456580189,0.5000000000000001,3.44213596477512,72.0,20,33.61
182.15,72.0,25.208675234971988,0,24.61,9.130499204298548,0,18.65000000000001,21.04,66.62,59.09,2024,53.68,1,33.16,1.2842928216062544,3,111.71,40.295,25.605416666666667,91.69,2024-01-03 21:00:00,14.07,22.725537841602318,Hourly,9.74,0.44,20.64,25.17,7.97,18.07,37.51,10.280067444655534,AIIMS,32.14,2,-0.7071067811865477,21.463333333333335,0.8660254037844387,6.86,29.030208333333334,2380.5564,0.49999999999999994,90.60320000000002,1.18,1.36,9.331526796082736,0.7071067811865474,11.881595010771859,71.79,21,35.52
116.01,71.79,27.10118673728399,0,25.98,8.750662658890262,0,27.906666666666677,20.79,57.88,66.62,2024,61.18,1,25.81,0.16708151835718724,3,115.06,24.94,25.37333333333333,111.71,2024-01-03 22:00:00,32.14,26.9496698868588,Hourly,14.07,0.18,21.04,33.16,6.86,5.369999999999997,33.37,10.841075131185093,AIIMS,37.51,2,-0.5000000000000004,21.794999999999998,0.8660254037844387,6.21,29.567708333333332,1770.0497999999998,0.49999999999999994,71.1924,1.36,1.23,9.436780260970176,0.8660254037844384,12.280033930463413,68.58,22,20.77
67.62,68.58,28.065619546932606,0,31.36,9.046103589475115,0,34.34000000000001,20.97,58.58,57.88,2024,58.35,1,26.8,-0.11037056784857373,3,91.44,26.84,26.075833333333332,115.06,2024-01-03 23:00:00,37.51,28.78404991918486,Hourly,32.14,0.21,20.79,25.81,6.21,-4.140000000000001,27.2,11.782313440067695,AIIMS,33.37,2,-0.25881904510252157,23.895,0.8660254037844387,6.59,29.875625,1843.304,0.49999999999999994,76.7398,1.23,1.31,9.435191216294415,0.9659258262890681,2.8133432069336752,68.78,23,16.54
217.25,68.78,27.932447308942972,0,35.17,9.049464532961757,0,32.69333333333334,22.66,19.67,58.58,2024,62.01,1,4.51,-0.18489661372490257,4,33.19,27.54,26.105833333333333,91.44,2024-01-04 01:00:00,33.37,28.331464227989187,Hourly,37.51,3.71,20.97,26.8,6.59,-6.169999999999998,16.52,11.242795767364383,AIIMS,27.2,3,0.25881904510252074,25.671666666666667,0.8660254037844387,4.27,29.702291666666667,127.4526,0.49999999999999994,11.015200000000002,1.31,0.56,9.444942743763288,0.9659258262890683,5.188201358210094,28.26,1,9.74
227.59,28.26,26.176686184490208,0,26.33,9.441360769604008,0,25.696666666666673,22.79,20.68,19.67,2024,65.48,1,5.88,-0.3926470588235294,4,33.7,25.26,25.1875,33.19,2024-01-04 02:00:00,27.2,24.95676016284942,Hourly,33.37,3.39,22.66,4.51,4.27,-10.68,17.09,9.53179818642141,AIIMS,16.52,3,0.49999999999999994,26.801666666666666,0.8660254037844387,4.77,28.92520833333333,164.46359999999999,0.49999999999999994,11.580800000000002,0.56,0.56,9.738190337103823,0.8660254037844387,8.525000488758492,27.97,2,14.07
221.99,27.97,24.778734463799406,0,25.22,9.725944995762905,0,20.270000000000007,22.77,20.11,20.68,2024,43.0,1,5.41,0.0345036319612591,4,35.89,33.61,24.506666666666664,33.7,2024-01-04 03:00:00,16.52,22.709114402035297,Hourly,27.2,3.54,22.79,5.88,4.77,0.5700000000000003,17.75,8.774701704331596,AIIMS,17.09,3,0.7071067811865476,27.304999999999996,0.8660254037844387,4.68,28.540208333333336,149.316,0.49999999999999994,11.261600000000001,0.56,0.56,10.02371909621988,0.7071067811865476,6.008319232530742,27.6,3,32.14
223.1,27.6,23.69739070013796,0,29.31,9.450128907249669,0,17.120000000000005,22.72,19.39,20.11,2024,43.0,1,4.58,0.03861907548273845,4,35.03,35.52,23.185,35.89,2024-01-04 04:00:00,17.09,21.292224572882354,Hourly,16.52,3.47,22.77,5.41,4.68,0.6600000000000001,17.23,9.147521340049801,AIIMS,17.75,3,0.8660254037844386,24.906666666666666,0.8660254037844387,4.53,28.228958333333335,125.95,0.49999999999999994,11.052299999999999,0.56,0.57,10.244836449048327,0.5000000000000001,0.6155485358593452,27.5,4,37.51
205.7,27.5,22.70240751550135,0,30.99,8.72711079789797,0,17.356666666666673,22.78,20.01,19.39,2024,42.53,1,4.76,-0.0292957746478873,4,35.54,20.77,21.660833333333333,35.03,2024-01-04 05:00:00,17.75,20.13158898063025,Hourly,17.09,3.64,22.72,4.58,4.53,-0.5199999999999996,19.16,7.070028759960353,AIIMS,17.23,3,0.9659258262890683,21.526666666666667,0.8660254037844387,4.24,27.725625000000004,135.5172,0.49999999999999994,11.805900000000001,0.57,0.59,10.483385749189036,0.25881904510252074,0.34775470281785287,28.47,5,33.37
196.88,28.47,22.157421743885756,0,31.18,8.754384183038912,0,18.04666666666667,22.5,20.96,20.01,2024,40.03,1,4.93,0.11201392919326754,4,33.91,16.54,21.526666666666667,35.54,2024-01-04 06:00:00,17.23,19.85399212902161,Hourly,17.75,3.95,22.78,4.76,4.24,1.9299999999999997,18.58,4.0400268150925145,AIIMS,19.16,3,1.0,19.158333333333335,0.8660254037844387,3.56,27.232708333333335,147.9493,0.49999999999999994,12.1568,0.59,0.58,10.600685476109605,6.123233995736766e-17,0.9986157085345586,30.01,6,27.2
218.62,30.01,21.60704916790333,0,34.34,8.668127965382252,0,18.323333333333338,22.49,21.84,20.96,2024,39.49,1,5.28,-0.03027139874739049,4,37.28,9.74,21.69666666666667,33.91,2024-01-04 07:00:00,19.16,19.489994377872577,Hourly,17.23,3.61,22.5,4.93,3.56,-0.5800000000000018,18.22,0.9890483641696133,AIIMS,18.58,3,0.9659258262890683,17.721666666666668,0.8660254037844387,4.0,26.707708333333333,164.26080000000002,0.49999999999999994,13.540799999999999,0.58,0.62,10.708159219387282,-0.25881904510252063,0.990269323634735,31.11,7,16.52
190.28,31.11,21.085964680533586,0,39.32,7.917952367687567,0,18.65333333333334,22.66,22.95,21.84,2024,40.25,1,5.66,-0.019375672766415473,4,43.71,14.07,22.403333333333332,37.28,2024-01-04 08:00:00,18.58,19.127138841337555,Hourly,19.16,4.31,22.49,5.28,4.0,-0.35999999999999943,21.22,0.8017169076425403,AIIMS,18.22,3,0.8660254037844387,18.005,0.8660254037844387,3.8,26.036041666666666,185.8178,0.49999999999999994,14.458499999999999,0.62,0.63,10.714170926877983,-0.4999999999999998,0.4742713709808094,32.83,8,17.09
205.53,32.83,21.106585498913034,0,55.65,7.4913846982363115,0,19.340000000000007,22.61,23.3,22.95,2024,40.25,1,5.69,0.16465422612513722,4,50.36,32.14,22.999166666666667,43.71,2024-01-04 09:00:00,18.22,19.725099172383967,Hourly,18.58,4.75,22.66,5.66,3.8,3.0,22.79,1.4049863581781048,AIIMS,21.22,3,0.7071067811865476,18.69333333333333,0.8660254037844387,4.13,25.281875,190.3874,0.49999999999999994,15.611,0.63,0.67,10.369960464108283,-0.7071067811865475,1.6380476183550725,33.46,9,17.75
218.16,33.46,21.365572345234106,0,40.295,6.918571844220152,0,20.74333333333334,22.61,24.16,23.3,2024,45.55,1,4.82,0.07398680490103678,4,50.1,37.51,22.22,50.36,2024-01-04 10:00:00,21.22,20.600785123131402,Hourly,18.22,5.37,22.61,5.69,4.13,1.5700000000000003,22.7,2.075048593808483,AIIMS,22.79,3,0.49999999999999994,19.53333333333333,0.8660254037844387,5.09,23.91270833333333,175.3034,0.49999999999999994,16.912,0.67,0.7,8.108839645071757,-0.8660254037844387,2.32198908983917,36.37,10,17.23
214.59,36.37,21.570868907505783,0,24.94,4.997283731885669,0,22.236666666666675,22.56,24.61,24.16,2024,64.95,1,4.24,-0.003949100482667831,4,51.98,33.37,20.985833333333332,50.1,2024-01-04 11:00:00,22.79,21.200560802236716,Hourly,21.22,5.33,22.61,4.82,5.09,-0.08999999999999986,22.53,2.0622681687888904,AIIMS,22.7,3,0.258819045102521,20.445,0.8660254037844387,9.2,23.17958333333333,161.1624,0.49999999999999994,23.133399999999998,0.7,0.94,7.320362594468072,-0.9659258262890682,0.8816083786649336,38.01,11,19.16
222.33,38.01,21.71842753712028,0,26.84,3.2182155558066388,0,22.673333333333343,22.44,20.29,24.61,2024,81.34,1,3.64,-0.007488986784140888,4,60.82,27.2,20.0825,51.98,2024-01-04 12:00:00,22.7,21.580400573026225,Hourly,22.79,5.63,22.56,4.24,9.2,-0.16999999999999815,24.47,2.100853794690754,AIIMS,22.53,3,1.2246467991473532e-16,21.006666666666664,0.8660254037844387,8.23,23.079166666666666,111.6024,0.49999999999999994,17.6523,0.94,0.87,7.311688627102819,-1.0,0.1320353487980873,30.66,12,18.58
212.86,30.66,22.141746377563315,0,27.54,2.728574386344937,0,23.233333333333338,22.59,16.54,20.29,2024,81.34,1,3.57,0.08610741233910331,4,60.57,16.52,19.855,60.82,2024-01-04 13:00:00,22.53,22.406000409304447,Hourly,22.7,4.79,22.44,3.64,8.23,1.9399999999999977,24.75,2.1162175376521466,AIIMS,24.47,3,-0.2588190451025208,21.988333333333333,0.8660254037844387,8.65,22.980416666666667,84.3948,0.49999999999999994,13.0666,0.87,0.79,7.2745975410363775,-0.9659258262890683,1.074352518185841,23.64,13,18.22
221.96,23.64,22.543016165630497,0,25.26,2.845901225952556,0,23.916666666666675,22.32,15.76,16.54,2024,78.05,1,3.56,0.011442582754393181,4,47.82,17.09,20.540833333333335,60.57,2024-01-04 14:00:00,24.47,23.075714578074603,Hourly,22.53,4.85,22.59,3.57,8.65,0.28000000000000114,18.42,1.3199646459911294,AIIMS,24.75,3,-0.4999999999999997,23.076666666666664,0.8660254037844387,10.14,22.864166666666666,78.7116,0.49999999999999994,11.189599999999999,0.79,0.71,7.2206587177926576,-0.8660254037844388,1.2090216430371674,22.11,14,21.22
217.64,22.11,21.908705986302728,0,33.61,2.7225149914715527,0,22.54666666666667,22.47,20.8,15.76,2024,60.61,1,3.87,-0.2557575757575757,4,57.37,17.75,20.651666666666667,47.82,2024-01-04 15:00:00,24.75,21.74551041291043,Hourly,24.47,4.91,22.32,3.56,10.14,-6.329999999999998,21.47,2.2646059259835534,AIIMS,18.42,3,-0.7071067811865471,22.61,0.8660254037844387,10.47,22.579166666666666,122.8725,0.49999999999999994,13.104000000000001,0.71,0.63,7.256880343428232,-0.7071067811865479,3.5765392956505053,31.75,15,22.79
215.72,31.75,21.84121275764077,0,35.52,2.569573128090643,0,21.54666666666667,22.4,16.71,20.8,2024,46.19,1,3.8,0.16558089033659049,4,56.0,17.23,20.96166666666667,57.37,2024-01-04 16:00:00,18.42,21.666793152078878,Hourly,24.75,5.02,22.47,3.87,10.47,3.049999999999997,21.08,2.30733612635867,AIIMS,21.47,3,-0.8660254037844385,22.39,0.8660254037844387,11.33,22.073333333333334,89.52799999999999,0.49999999999999994,9.8589,0.63,0.59,6.86719781257944,-0.5000000000000004,3.1656963425654334,23.56,16,22.7
215.39,23.56,21.72410310261911,0,20.77,2.2859894416362034,0,20.32333333333334,22.47,16.07,16.71,2024,40.015,1,3.99,-0.018164881229622756,4,46.44,19.16,21.2825,56.0,2024-01-04 17:00:00,21.47,21.499137965770625,Hourly,18.42,4.46,22.4,3.8,11.33,-0.39000000000000057,19.54,2.3580330786483557,AIIMS,21.08,3,-0.9659258262890683,22.12,0.8660254037844387,12.23,21.471666666666664,88.3785,0.49999999999999994,8.999200000000002,0.59,0.56,6.241965734596622,-0.25881904510252063,1.6598293084929234,22.15,17,22.53
230.93,22.15,21.38808724067771,0,16.54,2.2563544947680723,0,20.696666666666673,22.34,20.82,16.07,2024,33.84,1,5.14,-0.07305502846299806,4,50.8,18.58,21.314166666666665,46.44,2024-01-04 18:00:00,21.08,20.93938426126473,Hourly,21.47,1.16,22.47,3.99,12.23,-1.5399999999999991,21.48,2.561245139901006,AIIMS,19.54,3,-1.0,21.621666666666666,0.8660254037844387,21.28,21.420416666666668,161.24179999999998,0.49999999999999994,12.491999999999999,0.56,0.6,6.253016996455814,-1.8369701987210297e-16,1.0205064102356858,31.37,18,24.47
272.14,31.37,21.402227665188832,0,9.74,2.0857414567107546,0,20.700000000000006,22.49,28.32,20.82,2024,27.665,1,4.15,0.09928352098259986,4,58.43,18.22,21.555833333333336,50.8,2024-01-04 19:00:00,19.54,21.093845900903382,Hourly,21.08,0.58,22.34,5.14,21.28,1.9400000000000013,23.22,2.1548518897285116,AIIMS,21.48,3,-0.9659258262890684,21.12333333333333,0.8660254037844387,21.47,21.62625,191.77150000000003,0.49999999999999994,20.6736,0.6,0.73,6.166083114770283,0.2588190451025203,1.0243046421835615,46.21,19,24.75
146.97,46.21,21.681884947467474,0,14.07,1.8442003687233877,0,21.41333333333334,22.66,31.99,28.32,2024,21.49,1,5.4,0.0810055865921787,4,62.65,21.22,21.9725,58.43,2024-01-04 20:00:00,21.48,21.70131850064527,Hourly,19.54,0.35,22.49,4.15,21.47,1.7399999999999984,26.47,1.6775031048157685,AIIMS,23.22,3,-0.8660254037844386,20.868333333333332,0.8660254037844387,15.77,22.187916666666666,277.668,0.49999999999999994,25.2721,0.73,0.79,5.62664158010877,0.5000000000000001,1.840905574257453,51.42,20,18.42
163.25,51.42,22.418518032472477,0,32.14,2.2315139581580095,0,23.72333333333334,22.74,30.99,31.99,2024,22.3,1,5.41,0.13996554694229113,4,68.14,22.79,22.41,62.65,2024-01-04 21:00:00,23.22,23.063798929032338,Hourly,21.48,0.68,22.66,5.4,15.77,3.25,30.48,2.393908937282251,AIIMS,26.47,3,-0.7071067811865477,22.209999999999997,0.8660254037844387,15.18,22.704583333333332,263.3047,0.49999999999999994,27.891,0.79,0.9,5.4141047508907425,0.7071067811865474,2.532791608745631,48.67,21,21.47
221.84,48.67,23.65874602747671,0,37.51,3.230939796668526,0,26.72333333333334,22.57,30.03,30.99,2024,24.61,1,5.26,0.15149225538345304,4,73.83,22.7,23.050833333333333,68.14,2024-01-04 22:00:00,26.47,25.182713520737384,Hourly,23.22,0.85,22.74,5.41,15.18,4.010000000000002,32.58,4.073555776795803,AIIMS,30.48,3,-0.5000000000000004,23.711666666666662,0.8660254037844387,12.66,22.635416666666668,246.8518,0.49999999999999994,22.8228,0.9,0.76,5.2976754370408905,0.8660254037844384,3.636623892201729,46.93,22,21.08
228.51,46.93,25.031246638634137,0,33.37,4.235951021979073,0,29.843333333333337,22.9,28.9,30.03,2024,25.98,1,5.7,0.06889763779527552,4,73.89,22.53,23.874166666666667,73.83,2024-01-04 23:00:00,30.48,27.296223943383843,Hourly,26.47,0.62,22.57,5.26,12.66,2.099999999999998,31.87,5.150714189961076,AIIMS,32.58,3,-0.25881904510252157,25.62833333333333,0.8660254037844387,12.92,22.429999999999996,250.68599999999998,0.49999999999999994,21.674999999999997,0.76,0.75,4.764598618980876,0.9659258262890681,3.1043571529920024,43.98,23,19.54
241.8,43.98,26.083362540382733,0,27.2,4.788556671900156,0,31.64333333333334,23.95,18.36,28.9,2024,31.36,1,6.14,-0.021792510742786902,5,116.89,24.47,24.652500000000003,73.89,2024-01-05 01:00:00,32.58,28.60301710241703,Hourly,30.48,0.42,22.9,5.7,12.92,-0.7099999999999973,50.15,4.673365667981301,AIIMS,31.87,4,0.25881904510252074,27.683333333333334,0.8660254037844387,14.26,22.367499999999996,144.4742,0.49999999999999994,14.3208,0.75,0.78,4.622574334529985,0.9659258262890683,1.0681916182655165,23.53,1,21.48
226.78,23.53,29.78592214955462,0,16.52,8.776865380595193,0,38.2,23.95,18.47,18.36,2024,35.17,1,6.3,0.5735801694383432,5,116.06,24.75,26.7925,116.89,2024-01-05 02:00:00,31.87,34.759297930297876,Hourly,32.58,0.7,23.95,6.14,14.26,18.279999999999998,49.18,9.364578830180573,AIIMS,50.15,4,0.49999999999999994,32.461666666666666,0.8660254037844387,12.44,23.32375,155.421,0.49999999999999994,14.9607,0.78,0.81,7.277232998103763,0.8660254037844387,10.355090535577162,24.67,2,23.22
231.41,24.67,32.769626434238525,0,17.09,10.848795352759685,0,43.73333333333334,23.96,16.66,18.47,2024,26.33,1,5.56,-0.019341974077766676,5,114.51,18.42,28.828333333333333,116.06,2024-01-05 03:00:00,50.15,38.87949852164134,Hourly,31.87,0.55,23.95,6.3,12.44,-0.9699999999999989,48.77,10.200496883322204,AIIMS,49.18,4,0.7071067811865476,36.788333333333334,0.8660254037844387,10.96,24.684583333333332,117.09359999999998,0.49999999999999994,13.1614,0.81,0.79,8.836305040872979,0.7071067811865476,10.2853893136494,21.06,3,26.47
164.86,21.06,35.2312223674326,0,17.75,11.705618017935565,0,49.366666666666674,23.94,16.57,16.66,2024,25.22,1,5.39,-0.008336722244814895,5,114.3,21.47,31.357499999999998,114.51,2024-01-05 04:00:00,49.18,41.70535608688667,Hourly,50.15,0.77,23.96,5.56,10.96,-0.4099999999999966,48.26,9.74126634478286,AIIMS,48.77,4,0.8660254037844386,40.504999999999995,0.8660254037844387,12.02,26.004583333333333,113.89069999999998,0.49999999999999994,13.256,0.79,0.8,9.948691405828253,0.5000000000000001,0.708684226812994,21.13,4,30.48
174.41,21.13,37.23564969551989,0,17.23,12.192992025973533,0,48.73666666666667,24.04,14.2,16.57,2024,29.31,1,5.07,-0.010457248308386407,5,109.09,21.08,33.589999999999996,114.3,2024-01-05 05:00:00,48.77,43.57811149063333,Hourly,49.18,0.56,23.94,5.39,12.02,-0.5100000000000051,45.32,8.73398744369751,AIIMS,48.26,4,0.9659258262890683,43.468333333333334,0.8660254037844387,8.59,27.275833333333335,86.74770000000001,0.49999999999999994,10.223999999999998,0.8,0.72,10.763945824377801,0.25881904510252074,0.4609049070399525,17.11,5,32.58
166.77,17.11,38.479395896209134,0,19.16,11.937289169961172,0,47.45000000000001,23.95,13.21,14.2,2024,30.99,1,4.6,-0.060920016576875215,5,94.62,19.54,35.61000000000001,109.09,2024-01-05 06:00:00,48.26,44.07579392188095,Hourly,48.77,0.61,24.04,5.07,8.59,-2.9399999999999977,40.17,6.91714223264678,AIIMS,45.32,4,1.0,45.59166666666667,0.8660254037844387,7.38,28.446249999999996,72.266,0.49999999999999994,8.454400000000001,0.72,0.64,11.144572401924389,6.123233995736766e-17,1.862176146340647,15.71,6,31.87
210.58,15.71,38.73948883525388,0,18.58,10.848417947779138,0,44.583333333333336,23.94,12.91,13.21,2024,31.18,1,4.34,-0.1136363636363636,5,86.79,21.48,37.329166666666666,94.62,2024-01-05 07:00:00,45.32,42.95985280134354,Hourly,48.26,0.92,23.95,4.6,7.38,-5.149999999999999,37.14,3.71114402846332,AIIMS,40.17,4,0.9659258262890683,46.975,0.8660254037844387,6.94,29.32166666666667,67.1398,0.49999999999999994,8.0042,0.64,0.62,11.208408593034141,-0.25881904510252063,4.0950010175008815,15.47,7,50.15
222.34,15.47,38.49341362983021,0,18.22,9.643524872664381,0,40.87666666666667,24.01,12.68,12.91,2024,34.34,1,4.4,-0.07542942494398808,5,81.14,23.22,38.634166666666665,86.79,2024-01-05 08:00:00,40.17,41.29703771524538,Hourly,45.32,1.66,23.94,4.34,6.94,-3.030000000000001,38.45,5.045781075974829,AIIMS,37.14,4,0.8660254037844387,44.80666666666667,0.8660254037844387,5.65,30.095,65.78,0.49999999999999994,7.8616,0.62,0.62,11.074537187306719,-0.4999999999999998,4.135533016835082,14.95,8,49.18
228.22,14.95,38.486734609856335,0,21.22,8.3452831896318,0,38.58666666666667,23.95,12.62,12.68,2024,39.32,1,4.32,0.035271943995692036,5,76.07,26.47,39.903333333333336,81.14,2024-01-05 09:00:00,37.14,40.48359836803242,Hourly,40.17,2.1,24.01,4.4,5.65,1.3100000000000023,36.4,5.087079384741873,AIIMS,38.45,4,0.7071067811865476,43.01833333333334,0.8660254037844387,5.63,30.937916666666666,64.7136,0.49999999999999994,7.8244,0.62,0.62,10.899903860432108,-0.7071067811865475,1.5196161796101535,14.98,9,48.77
227.34,14.98,38.165698516032286,0,22.79,7.321717953313852,0,37.330000000000005,23.95,14.62,12.62,2024,55.65,1,4.19,-0.05331599479843964,5,70.95,30.48,40.73083333333333,76.07,2024-01-05 10:00:00,38.45,39.316855977166014,Hourly,37.14,2.45,23.95,4.32,5.63,-2.0500000000000043,30.42,4.787686985034194,AIIMS,36.4,4,0.49999999999999994,40.95666666666667,0.8660254037844387,6.9,31.57041666666667,79.4843,0.49999999999999994,10.380199999999999,0.62,0.71,10.750888529171105,-0.8660254037844387,1.0381233067413336,18.97,10,48.26
225.9,18.97,36.97405259048886,0,22.7,7.329371123132301,0,35.09,23.91,15.25,14.62,2024,40.295,1,3.83,-0.1642857142857142,5,75.13,32.58,40.725833333333334,70.95,2024-01-05 11:00:00,36.4,36.77489712654715,Hourly,38.45,2.18,23.95,4.19,6.9,-5.979999999999997,31.98,4.883607955872985,AIIMS,30.42,4,0.258819045102521,37.983333333333334,0.8660254037844387,7.52,31.888333333333335,79.6257,0.49999999999999994,10.522499999999999,0.71,0.69,10.591585941379101,-0.9659258262890682,4.172205651690654,20.79,11,45.32
227.22,20.79,36.20573680733673,0,22.53,7.391773631831674,0,32.93333333333334,23.9,13.48,15.25,2024,24.94,1,4.31,0.05128205128205124,5,74.64,31.87,40.67583333333334,75.13,2024-01-05 12:00:00,30.42,35.40492651896225,Hourly,36.4,1.91,23.91,3.83,7.52,1.5599999999999987,31.18,3.7895171196340214,AIIMS,31.98,4,1.2246467991473532e-16,35.76,0.8660254037844387,8.98,32.275,74.8647,0.49999999999999994,8.4924,0.69,0.63,10.409388738683928,-1.0,3.101891895816588,17.37,12,40.17
228.09,17.37,35.43254652928492,0,24.47,7.468783317410129,0,31.19333333333334,23.9,13.26,13.48,2024,26.84,1,3.82,-0.025015634771732354,5,75.38,50.15,40.61833333333333,74.64,2024-01-05 13:00:00,31.98,34.1978046564016,Hourly,30.42,2.24,23.9,4.31,8.98,-0.8000000000000007,31.59,3.46007177189521,AIIMS,31.18,4,-0.2588190451025208,34.26166666666666,0.8660254037844387,8.35,32.635416666666664,64.6344,0.49999999999999994,7.9559999999999995,0.63,0.6,10.205049891945546,-0.9659258262890683,0.780085465402674,16.92,13,37.14
228.7,16.92,34.84138552477955,0,24.75,7.233520246153647,0,31.58333333333334,23.79,13.53,13.26,2024,27.54,1,3.82,0.013149454778704302,5,76.16,49.18,39.071666666666665,75.38,2024-01-05 14:00:00,31.18,33.45271761171543,Hourly,31.98,1.98,23.9,3.82,8.35,0.41000000000000014,31.54,3.273522058374756,AIIMS,31.59,4,-0.4999999999999997,33.336666666666666,0.8660254037844387,7.65,32.93208333333333,66.8882,0.49999999999999994,7.1709,0.6,0.53,10.059813715608756,-0.8660254037844388,0.4000416644957574,17.51,14,38.45
230.68,17.51,34.333480059428844,0,18.42,6.770113243759876,0,31.436666666666667,23.82,13.22,13.53,2024,25.26,1,3.81,-0.0015827793605571608,5,79.31,48.77,37.60166666666667,76.16,2024-01-05 15:00:00,31.59,32.906226865511016,Hourly,31.18,2.09,23.79,3.82,7.65,-0.05000000000000071,31.7,2.1308941785080457,AIIMS,31.54,4,-0.7071067811865471,32.184999999999995,0.8660254037844387,5.63,33.214999999999996,64.4271,0.49999999999999994,6.61,0.53,0.5,9.914124750335446,-0.7071067811865479,0.2236813209289601,16.91,15,36.4
229.11,16.91,33.92832928105518,0,21.47,5.954331438439365,0,31.610000000000003,23.84,13.52,13.22,2024,33.61,1,3.82,0.005072923272035515,5,78.64,48.26,36.17916666666667,79.31,2024-01-05 16:00:00,31.54,32.561590618222155,Hourly,31.59,2.34,23.82,3.81,5.63,0.16000000000000014,30.73,0.5460555527290054,AIIMS,31.7,4,-0.8660254037844385,31.401666666666667,0.8660254037844387,5.43,33.76833333333334,66.6208,0.49999999999999994,6.354399999999999,0.5,0.47,9.410267134158756,-0.5000000000000004,0.08185352771386122,17.44,16,30.42
233.69,17.44,33.4362786224313,0,21.08,4.74948003533651,0,31.323333333333338,23.88,16.78,13.52,2024,35.52,1,4.32,-0.030599369085173467,5,78.31,45.32,34.718333333333334,78.64,2024-01-05 17:00:00,31.7,32.038279013015824,Hourly,31.54,2.32,23.84,3.82,5.43,-0.9699999999999989,29.12,0.43871023086563404,AIIMS,30.73,4,-0.9659258262890683,31.453333333333333,0.8660254037844387,5.86,34.15416666666667,100.1376,0.49999999999999994,7.215400000000001,0.47,0.43,9.067696086594282,-0.25881904510252063,0.5200320502935523,23.18,17,31.98
228.39,23.18,32.77223575744188,0,19.54,3.6332951068324753,0,30.51666666666667,23.84,19.66,16.78,2024,20.77,1,4.33,-0.05239179954441912,5,76.26,40.17,33.36833333333333,78.31,2024-01-05 18:00:00,30.73,31.204485009297017,Hourly,31.7,1.11,23.88,4.32,5.86,-1.6099999999999994,27.46,0.9763332764308491,AIIMS,29.12,4,-1.0,30.97666666666667,0.8660254037844387,6.73,34.48916666666667,122.9287,0.49999999999999994,7.864000000000001,0.43,0.4,8.70493908610223,-1.8369701987210297e-16,1.303162819195076,28.39,18,31.18
226.88,28.39,31.954968717835435,0,21.48,3.3082938704614504,0,29.10333333333334,23.77,19.8,19.66,2024,16.54,1,4.28,-0.05700549450549451,5,74.83,37.14,32.30916666666667,76.26,2024-01-05 19:00:00,29.12,30.134632149497868,Hourly,30.73,1.73,23.84,4.33,6.73,-1.6600000000000001,25.76,1.7196123594188957,AIIMS,27.46,4,-0.9659258262890684,30.356666666666666,0.8660254037844387,10.38,34.81916666666667,123.64920000000001,0.49999999999999994,7.920000000000001,0.4,0.4,8.251917256358906,0.2588190451025203,1.635063709257951,28.89,19,31.59
228.87,28.89,31.001896607399214,0,23.22,3.426573847640353,0,27.446666666666673,23.79,19.5,19.8,2024,9.74,1,5.41,-0.06190823015294972,5,73.61,38.45,31.360833333333336,74.83,2024-01-05 20:00:00,27.46,28.884737249641333,Hourly,29.12,1.4,23.77,4.28,10.38,-1.6999999999999993,24.63,2.3970294115841786,AIIMS,25.76,4,-0.8660254037844386,29.385,0.8660254037844387,4.76,34.997499999999995,142.9863,0.49999999999999994,7.994999999999999,0.4,0.41,7.993304399144832,0.5000000000000001,1.680039682070715,26.43,20,31.54
228.29,26.43,30.02160482164549,0,26.47,3.137562627649643,0,25.950000000000003,23.86,23.98,19.5,2024,14.07,1,4.27,-0.04386645962732929,5,68.29,36.4,30.209166666666665,73.61,2024-01-05 21:00:00,25.76,27.669098035458095,Hourly,27.46,0.83,23.79,5.41,4.76,-1.1300000000000026,20.59,2.783405587884438,AIIMS,24.63,4,-0.7071067811865477,28.233333333333334,0.8660254037844387,6.05,35.05625,156.92249999999999,0.49999999999999994,12.229800000000001,0.41,0.51,7.907700601587332,0.7071067811865474,1.4245350118543418,36.75,21,31.7
213.95,36.75,28.57058869523849,0,30.48,3.5886128830290307,0,23.660000000000007,23.85,26.78,23.98,2024,32.14,1,4.56,-0.16402760860738932,5,77.22,30.42,28.891666666666666,68.29,2024-01-05 22:00:00,24.63,25.646498596755784,Hourly,25.76,0.48,23.86,4.27,6.05,-4.039999999999999,23.98,3.5935353993896317,AIIMS,20.59,4,-0.5000000000000004,26.38166666666667,0.8660254037844387,7.47,34.81125,190.0152,0.49999999999999994,14.461200000000002,0.51,0.54,8.268162780259368,0.8660254037844384,2.718069167625931,41.67,22,30.73
211.59,41.67,27.864344280586415,0,32.58,3.81375620138937,0,23.066666666666674,23.83,19.78,26.78,2024,37.51,1,4.5,0.1646430305973774,5,82.64,31.98,28.355,77.22,2024-01-05 23:00:00,20.59,25.170356140539845,Hourly,24.63,0.57,23.85,4.56,7.47,3.3900000000000006,26.74,2.9608692417373734,AIIMS,23.98,4,-0.25881904510252157,25.256666666666664,0.8660254037844387,7.17,34.540416666666665,127.845,0.49999999999999994,9.2966,0.54,0.47,8.518863201954819,0.9659258262890681,2.1693393771680864,28.41,23,29.12
266.94,28.41,27.691368237419276,0,31.87,3.6577634332106355,0,23.770000000000007,24.3,26.53,19.78,2024,33.37,1,6.62,0.11509591326105079,6,118.83,31.18,27.918333333333333,82.64,2024-01-06 01:00:00,23.98,25.618825814671318,Hourly,20.59,1.74,23.83,4.5,7.17,2.759999999999998,36.02,2.4562003175636544,AIIMS,26.74,5,0.25881904510252074,24.86,0.8660254037844387,35.89,34.29708333333333,251.8248,0.49999999999999994,19.3669,0.47,0.73,8.65954084492499,0.9659258262890683,3.0803733539944016,38.04,1,27.46
234.06,38.04,28.972696200893232,0,50.15,4.26633722686485,0,28.913333333333338,24.39,28.08,26.53,2024,27.2,1,10.15,0.34704562453253573,6,135.97,31.59,28.32166666666667,118.83,2024-01-06 02:00:00,26.74,28.59058986762237,Hourly,23.98,2.05,24.3,6.62,35.89,9.280000000000005,39.59,5.21033460217925,AIIMS,36.02,5,0.49999999999999994,26.286666666666665,0.8660254037844387,34.24,34.47,394.7335,0.49999999999999994,21.340799999999998,0.73,0.76,8.650398332120004,0.8660254037844387,6.307371348932324,38.89,2,25.76
143.06,38.89,30.60612755460197,0,49.18,5.31873162141178,0,34.116666666666674,24.38,27.12,28.08,2024,16.52,1,7.94,0.09911160466407551,6,168.5,31.54,28.988333333333333,135.97,2024-01-06 03:00:00,36.02,31.73327847687312,Hourly,26.74,1.97,24.39,10.15,34.24,3.5700000000000003,53.43,7.490808812582678,AIIMS,39.59,5,0.7071067811865476,28.59166666666667,0.8660254037844387,74.1,34.03,294.89160000000004,0.49999999999999994,20.6112,0.76,0.76,8.067060237134829,0.7071067811865476,6.633071184099613,37.14,3,24.63
237.5,37.14,34.11749254620167,0,48.77,8.852996539436363,0,43.01333333333334,24.36,30.07,27.12,2024,17.09,1,12.55,0.3495832280879009,6,191.8,31.7,30.812500000000004,168.5,2024-01-06 04:00:00,39.59,37.93234176919509,Hourly,36.02,2.23,24.38,7.94,74.1,13.839999999999996,65.45,12.194827455387225,AIIMS,53.43,5,0.8660254037844386,33.39166666666667,0.8660254037844387,69.67,34.20708333333334,462.96950000000004,0.49999999999999994,21.650399999999998,0.76,0.72,8.451566605056533,0.5000000000000001,9.196000942438674,36.89,4,20.59
233.27,36.89,38.937878308324485,0,48.26,13.369496828772014,0,52.823333333333345,24.51,29.86,30.07,2024,17.75,1,13.44,0.22496724686505715,6,194.4,30.73,33.625,191.8,2024-01-06 05:00:00,53.43,45.79452983513935,Hourly,39.59,2.79,24.36,12.55,69.67,12.020000000000003,78.36,15.950046290423916,AIIMS,65.45,5,0.9659258262890683,40.86833333333333,0.8660254037844387,48.43,34.90208333333333,464.3519999999999,0.49999999999999994,20.901999999999997,0.72,0.7,10.205103573667058,0.25881904510252074,12.940669740524774,34.55,5,23.98
227.55,34.55,45.002820107043796,0,45.32,18.512810531841946,0,65.74666666666667,24.47,26.46,29.86,2024,17.23,1,11.45,0.19724980901451483,6,194.4,29.12,37.59416666666667,194.4,2024-01-06 06:00:00,65.45,55.098949882242394,Hourly,53.43,2.69,24.51,13.44,48.43,12.909999999999997,78.36,19.491357486503226,AIIMS,78.36,5,1.0,49.931666666666665,0.8660254037844387,19.32,36.15625,349.11049999999994,0.49999999999999994,17.992800000000003,0.7,0.68,13.298776279924228,6.123233995736766e-17,12.467647465874801,30.49,6,26.74
193.62,30.49,50.13469393672937,0,40.17,21.65422323914918,0,74.05666666666667,24.57,27.08,26.46,2024,19.16,1,12.08,0.0,6,170.5,27.46,41.6975,194.4,2024-01-06 07:00:00,78.36,61.744964201601704,Hourly,65.45,1.46,24.47,11.45,19.32,0.0,65.07,18.578362414378674,AIIMS,78.36,5,0.9659258262890683,58.535,0.8660254037844387,17.43,37.53291666666667,376.4128,0.49999999999999994,19.4976,0.68,0.72,15.76928563328267,-0.25881904510252063,7.45359197523818,31.16,7,36.02
224.62,31.16,52.4324333310787,0,37.14,22.12290168101549,0,73.93,24.49,20.48,27.08,2024,18.58,1,8.58,-0.16960183767228185,6,163.2,25.76,44.83166666666667,170.5,2024-01-06 08:00:00,78.36,62.6949744297155,Hourly,78.36,1.0,24.57,12.08,17.43,-13.290000000000006,54.61,14.972697374443415,AIIMS,65.07,5,0.8660254037844387,63.376666666666665,0.8660254037844387,13.81,38.57041666666667,201.0294,0.49999999999999994,14.9504,0.72,0.73,16.739593127663156,-0.4999999999999998,7.672985077530235,23.43,8,39.59
64.57,23.43,52.767443587835814,0,38.45,21.418296536259618,0,66.01333333333334,24.3,20.83,20.48,2024,18.22,1,5.45,-0.160749961579837,6,142.3,24.63,47.23583333333334,163.2,2024-01-06 09:00:00,65.07,60.38498173551107,Hourly,78.36,1.54,24.49,8.58,13.81,-10.459999999999994,53.46,10.902817984356062,AIIMS,54.61,5,0.7071067811865476,65.88,0.8660254037844387,34.92,39.29833333333333,164.481,0.49999999999999994,16.663999999999998,0.73,0.8,17.051618479007228,-0.7071067811865475,11.90306823190282,30.18,9,53.43
53.27,30.18,52.873990728168764,0,36.4,20.23639872441074,0,57.71333333333334,24.21,20.41,20.83,2024,21.22,1,4.25,-0.02105841420985165,6,144.21,20.59,49.63833333333333,142.3,2024-01-06 10:00:00,54.61,58.40641552536505,Hourly,65.07,1.85,24.3,5.45,34.92,-1.1499999999999986,57.4,10.895971273824008,AIIMS,53.46,5,0.49999999999999994,65.885,0.8660254037844387,33.68,39.923750000000005,127.2875,0.49999999999999994,16.328,0.8,0.8,17.29271342213239,-0.8660254037844387,6.396955004791978,29.95,10,65.45
56.67,29.95,53.570299846912036,0,30.42,18.111155004749417,0,55.15666666666667,24.04,16.3,20.41,2024,22.79,1,4.09,0.07369996258885143,6,144.21,23.98,52.70583333333334,144.21,2024-01-06 11:00:00,53.46,58.11886823240361,Hourly,54.61,2.54,24.21,4.25,33.68,3.9399999999999977,57.4,11.442172287929624,AIIMS,57.4,5,0.258819045102521,64.54333333333334,0.8660254037844387,17.27,40.79875,91.32969999999999,0.49999999999999994,11.573,0.8,0.71,17.6345757983274,-0.9659258262890682,2.0260881849842813,22.33,11,78.36
358.67,22.33,54.15948448584865,0,31.98,15.701593120290397,0,56.08666666666667,23.99,14.91,16.3,2024,22.7,1,3.88,0.0,6,119.44,26.74,55.490833333333335,144.21,2024-01-06 12:00:00,57.4,57.91347730885972,Hourly,53.46,1.76,24.04,4.09,17.27,0.0,49.8,9.397054857773155,AIIMS,57.4,5,1.2246467991473532e-16,61.050000000000004,0.8660254037844387,12.77,41.922916666666666,76.8628,0.49999999999999994,8.946,0.71,0.6,17.803337615560217,-1.0,2.274760060607051,19.81,12,78.36
356.84,19.81,53.48879456494886,0,31.18,13.050258879354885,0,54.86666666666667,24.19,12.11,14.91,2024,22.53,1,3.2,-0.132404181184669,6,111.32,36.02,57.4125,119.44,2024-01-06 13:00:00,57.4,55.5953409348998,Hourly,57.4,2.54,23.99,3.88,12.77,-7.600000000000001,44.62,5.147892772775865,AIIMS,49.8,5,-0.2588190451025208,56.29,0.8660254037844387,15.38,42.665416666666665,51.52000000000001,0.49999999999999994,5.9338999999999995,0.6,0.49,17.742124518431677,-0.9659258262890683,4.387862045841105,16.1,13,65.07
359.89,16.1,52.12436463187981,0,31.59,11.959201446686292,0,50.60666666666666,24.09,13.49,12.11,2024,24.47,1,2.96,-0.10401606425702811,6,96.89,39.59,58.12916666666666,111.32,2024-01-06 14:00:00,49.8,52.45952923921415,Hourly,57.4,1.78,24.19,3.2,15.38,-5.18,34.97,4.937693456125505,AIIMS,44.62,5,-0.4999999999999997,52.88166666666666,0.8660254037844387,13.19,43.22541666666667,55.3224,0.49999999999999994,6.4752,0.49,0.48,17.575165032106966,-0.8660254037844388,6.428073843176702,18.69,14,54.61
239.8,18.69,49.485231611590606,0,31.54,12.663889577946561,0,43.129999999999995,24.07,13.39,13.49,2024,24.75,1,2.83,-0.2162707306140744,6,78.21,53.43,57.74416666666667,96.89,2024-01-06 15:00:00,44.62,47.46252088515296,Hourly,49.8,3.21,24.09,2.96,13.19,-9.649999999999999,29.57,8.665523450240302,AIIMS,34.97,5,-0.7071067811865471,49.60833333333333,0.8660254037844387,13.14,43.36625,53.402100000000004,0.49999999999999994,6.2933,0.48,0.47,17.491216134043523,-0.7071067811865479,7.526440061542937,18.87,15,53.46
272.81,18.87,46.42134982519205,0,31.7,15.05095917108595,0,36.38666666666668,24.13,14.9,13.39,2024,18.42,1,3.0,-0.15441807263368598,6,71.52,65.45,55.75583333333333,78.21,2024-01-06 16:00:00,34.97,42.350372060823545,Hourly,44.62,3.3,24.07,2.83,13.14,-5.399999999999999,29.57,11.550185568494758,AIIMS,29.57,5,-0.8660254037844385,45.626666666666665,0.8660254037844387,13.24,43.284166666666664,64.65,0.49999999999999994,6.258,0.47,0.42,17.553638769724337,-0.5000000000000004,7.624357896461259,21.55,16,57.4
237.25,21.55,43.828834467470195,0,30.73,16.449053279379882,0,31.370000000000005,24.21,14.69,14.9,2024,21.47,1,3.63,0.0,6,70.57,78.36,52.765833333333326,71.52,2024-01-06 17:00:00,29.57,38.698837186302534,Hourly,34.97,2.23,24.13,3.0,13.24,0.0,26.77,11.464329752177601,AIIMS,29.57,5,-0.9659258262890683,40.98833333333334,0.8660254037844387,10.28,43.19541666666667,74.7054,0.49999999999999994,5.5822,0.42,0.38,17.620013072878354,-0.25881904510252063,3.1176914536235563,20.58,17,57.4
239.82,20.58,41.2043983955517,0,29.12,15.883704819338531,0,28.63666666666667,24.16,14.25,14.69,2024,21.08,1,3.23,-0.0946905647615827,6,64.53,78.36,48.46666666666667,70.57,2024-01-06 18:00:00,29.57,35.29059799021609,Hourly,29.57,4.09,24.21,3.63,10.28,-2.8000000000000007,22.97,9.312425391199895,AIIMS,26.77,5,-1.0,35.88333333333333,0.8660254037844387,6.19,43.03041666666667,64.1478,0.49999999999999994,5.842499999999999,0.38,0.41,17.75980573708054,-1.8369701987210297e-16,1.6165807537300605,19.86,18,49.8
234.02,19.86,38.39910633469759,0,27.46,14.38436806734898,0,26.43666666666667,24.25,18.53,14.25,2024,19.54,1,4.21,-0.1419499439671274,6,67.85,65.07,43.850833333333334,64.53,2024-01-06 19:00:00,26.77,31.770427135868637,Hourly,29.57,3.48,24.16,3.23,6.19,-3.8000000000000007,24.41,7.572477577825143,AIIMS,22.97,5,-0.9659258262890684,31.411666666666665,0.8660254037844387,6.01,42.774166666666666,111.27029999999999,0.49999999999999994,8.523800000000001,0.41,0.46,18.011820736168854,0.2588190451025203,3.3126021996808257,26.43,19,44.62
246.84,26.43,36.2469361293595,0,25.76,13.70445788453853,0,24.71666666666667,24.33,24.24,18.53,2024,21.48,1,5.27,0.06269046582498917,6,79.35,54.61,40.4625,67.85,2024-01-06 20:00:00,22.97,29.667447954191882,Hourly,26.77,3.03,24.25,4.21,6.01,1.4400000000000013,26.74,4.317437511610861,AIIMS,24.41,5,-0.8660254037844386,28.043333333333333,0.8660254037844387,12.26,42.647083333333335,188.29709999999997,0.49999999999999994,16.4832,0.46,0.68,18.13490760196705,0.5000000000000001,1.9184716138973976,35.73,20,34.97
227.43,35.73,34.7843305709965,0,24.63,13.448085365582692,0,24.706666666666674,24.43,25.57,24.24,2024,23.22,1,4.39,0.09545268332650546,6,99.9,53.46,38.14,79.35,2024-01-06 21:00:00,24.41,28.8310342529942,Hourly,22.97,1.69,24.33,5.27,12.26,2.3299999999999983,28.36,2.6695498996393763,AIIMS,26.74,5,-0.7071067811865477,26.671666666666667,0.8660254037844387,22.21,42.687916666666666,175.9951,0.49999999999999994,19.4332,0.68,0.76,18.096292913471068,0.7071067811865474,1.9024282728476478,40.09,21,29.57
229.83,40.09,33.79597202161242,0,20.59,12.78424515731858,0,26.50333333333334,24.49,32.44,25.57,2024,26.47,1,7.64,0.06058339566192973,6,130.38,57.4,36.04833333333333,99.9,2024-01-06 22:00:00,26.74,28.696453037852997,Hourly,24.41,1.68,24.43,4.39,22.21,1.620000000000001,30.6,2.4428917290780485,AIIMS,28.36,5,-0.5000000000000004,26.47,0.8660254037844387,19.13,42.843333333333334,366.6436,0.49999999999999994,27.249599999999997,0.76,0.84,17.94988789275067,0.8660254037844384,1.9856065404128407,47.99,22,29.57
186.93,47.99,33.30428401828743,0,23.98,10.920137778018574,0,28.566666666666674,24.32,28.0,32.44,2024,30.48,1,6.43,0.0789844851904091,6,132.4,57.4,33.815,130.38,2024-01-06 23:00:00,28.36,29.240323598466425,Hourly,26.74,2.17,24.49,7.64,19.13,2.240000000000002,37.72,2.7242864509196902,AIIMS,30.6,5,-0.25881904510252157,26.64166666666667,0.8660254037844387,14.71,43.260416666666664,264.5302,0.49999999999999994,23.8,0.84,0.85,17.52151261069275,0.9659258262890681,1.9382810253754332,41.14,23,26.77
200.05,41.14,33.9836249385509,0,26.74,8.193484662162387,0,32.226666666666674,25.13,10.29,28.0,2024,32.58,1,5.99,0.2326797385620914,7,22.81,49.8,32.175000000000004,132.4,2024-01-07 01:00:00,30.6,31.663088284618873,Hourly,28.36,0.66,24.32,6.43,14.71,7.119999999999997,5.09,5.288438963121781,AIIMS,37.72,6,0.25881904510252074,28.46666666666667,0.8660254037844387,2.5,43.83291666666667,47.5007,0.49999999999999994,3.9101999999999997,0.85,0.38,17.08313927956235,0.9659258262890683,4.887426043770969,7.93,1,22.97
200.1,7.93,29.538451871081534,0,36.02,9.509993268646218,0,24.47000000000001,25.02,9.98,10.29,2024,31.87,1,5.73,-0.8650583244962884,7,23.69,44.62,28.449166666666667,22.81,2024-01-07 02:00:00,37.72,24.070777346156337,Hourly,30.6,0.93,25.13,5.99,2.5,-32.629999999999995,4.15,10.98007953826677,AIIMS,5.09,6,0.49999999999999994,25.486666666666665,0.8660254037844387,3.05,42.93083333333333,44.2929,0.49999999999999994,3.6926,0.38,0.37,18.534913686400515,0.8660254037844387,17.156978172160642,7.73,2,24.41
211.19,7.73,25.63253619860745,0,39.59,10.389278856182203,0,15.653333333333338,25.01,9.44,9.98,2024,50.15,1,5.38,-0.18467583497053036,7,23.69,34.97,25.076666666666668,23.69,2024-01-07 03:00:00,5.09,18.379126675825958,Hourly,37.72,1.51,25.02,5.73,3.05,-0.9399999999999995,4.15,14.06053768530912,AIIMS,4.15,6,0.7071067811865476,22.11,0.8660254037844387,2.9,41.602916666666665,38.897400000000005,0.49999999999999994,3.304,0.37,0.35,20.125003155099172,0.7071067811865476,19.116072644069156,7.23,3,26.74
221.76,7.23,22.327530629590917,0,53.43,11.47407974787545,0,4.463333333333338,25.04,8.86,9.44,2024,49.18,1,4.6,0.0,7,22.67,29.57,22.508333333333336,23.69,2024-01-07 04:00:00,4.15,14.313661911304255,Hourly,5.09,2.0,25.01,5.38,2.9,0.0,2.9,15.521384925321517,AIIMS,4.15,6,0.8660254037844386,18.345,0.8660254037844387,2.71,40.12625,36.616,0.49999999999999994,2.8352,0.35,0.32,21.530260163718157,0.5000000000000001,0.5427092530335483,7.96,4,28.36
221.66,7.96,19.338679763500004,0,65.45,12.517424552368668,0,3.7333333333333383,25.17,9.05,8.86,2024,48.77,1,4.21,-0.3012048192771085,7,20.81,29.57,20.285833333333333,22.67,2024-01-07 05:00:00,4.15,11.052615650931612,Hourly,4.15,1.76,25.04,4.6,2.71,-1.2500000000000004,2.03,15.714830468912629,AIIMS,2.9,6,0.9659258262890683,14.101666666666667,0.8660254037844387,2.79,38.020833333333336,34.8167,0.49999999999999994,2.7150000000000003,0.32,0.3,22.615996246725047,0.25881904510252074,0.7216878364834535,8.27,5,30.6
221.22,8.27,16.67580595373077,0,78.36,13.168214111214452,0,3.0266666666666713,25.17,8.28,9.05,2024,48.26,1,4.1,-0.30000000000000004,7,16.44,26.77,17.990833333333335,20.81,2024-01-07 06:00:00,2.9,8.47472546495115,Hourly,4.15,1.74,25.17,4.21,2.79,-0.8700000000000001,1.58,13.944667798122627,AIIMS,2.03,6,1.0,9.34,0.8660254037844387,2.5,35.37833333333333,28.699999999999996,0.49999999999999994,2.5667999999999997,0.3,0.31,22.974001500120373,6.123233995736766e-17,1.0656609842384703,7.0,6,37.72
215.7,7.0,14.35337426854142,0,78.36,13.640794987052164,0,2.170000000000005,25.02,8.45,8.28,2024,45.32,1,4.35,-0.22167487684729054,7,18.47,22.97,15.891666666666666,16.44,2024-01-07 07:00:00,2.03,6.504803903536536,Hourly,2.9,1.27,25.17,4.1,2.5,-0.44999999999999973,2.7,1.3695790107419545,AIIMS,1.58,6,0.9659258262890683,3.3166666666666664,0.8660254037844387,2.74,32.17916666666667,30.406499999999998,0.49999999999999994,2.9574999999999996,0.31,0.35,22.056036128691417,-0.25881904510252063,0.6710439627883521,6.99,7,5.09
206.08,6.99,12.560547457996586,0,65.07,13.936420647158476,0,2.1033333333333384,25.04,8.96,8.45,2024,40.17,1,4.93,0.7088607594936709,7,18.47,24.41,14.2025,18.47,2024-01-07 08:00:00,1.58,5.417717073954669,Hourly,2.03,1.18,25.02,4.35,2.74,1.12,2.7,1.0641694727180042,AIIMS,2.7,6,0.8660254037844387,2.9183333333333334,0.8660254037844387,2.65,29.026666666666667,34.460699999999996,0.49999999999999994,3.4048000000000003,0.35,0.38,20.522113770837155,-0.4999999999999998,0.5635896852569454,6.99,8,4.15
215.23,6.99,11.043540156766342,0,54.61,13.899965554786172,0,2.3266666666666715,24.99,10.66,8.96,2024,37.14,1,6.42,0.0,7,14.41,26.74,12.393333333333333,18.47,2024-01-07 09:00:00,2.7,4.641226481396192,Hourly,1.58,1.52,25.04,4.93,2.65,0.0,3.79,0.8766451201397963,AIIMS,2.7,6,0.7071067811865476,2.676666666666667,0.8660254037844387,3.1,26.427916666666665,51.1032,0.49999999999999994,4.4772,0.38,0.42,19.691646867150926,-0.7071067811865475,0.6466323014882898,7.96,9,4.15
224.37,7.96,9.927610901879213,0,53.46,13.313008305845633,0,3.0633333333333383,25.16,10.82,10.66,2024,38.45,1,6.67,0.4037037037037036,7,16.23,28.36,10.480833333333333,14.41,2024-01-07 10:00:00,2.7,4.398018915282995,Hourly,2.7,1.89,24.99,6.42,3.1,1.0899999999999999,3.79,0.7602280359634985,AIIMS,3.79,6,0.49999999999999994,2.6166666666666667,0.8660254037844387,2.69,24.31041666666667,53.093199999999996,0.49999999999999994,4.6526,0.42,0.43,19.256998835920964,-0.8660254037844387,0.6293117934125403,7.96,10,2.9
221.85,7.96,8.983363070820873,0,57.4,12.152043100448221,0,3.426666666666671,25.14,11.83,10.82,2024,36.4,1,6.84,0.0,7,16.23,30.6,8.433333333333332,16.23,2024-01-07 11:00:00,3.79,4.224299225202139,Hourly,2.7,1.76,25.16,6.67,2.69,0.0,3.76,0.9004609930464784,AIIMS,3.79,6,0.258819045102521,2.765,0.8660254037844387,2.57,22.24083333333333,65.322,0.49999999999999994,5.560099999999999,0.43,0.47,18.64744904261963,-0.9659258262890682,0.629311793412566,9.55,11,2.03
221.58,9.55,8.179768752233047,0,57.4,9.976520010261655,0,3.7800000000000047,25.05,15.83,11.83,2024,30.42,1,8.18,-0.007915567282321965,7,17.65,37.72,6.196666666666666,16.23,2024-01-07 12:00:00,3.79,4.091642303715814,Hourly,3.79,1.57,25.14,6.84,2.57,-0.03000000000000025,3.76,0.8950009310972326,AIIMS,3.76,6,1.2246467991473532e-16,3.0533333333333332,0.8660254037844387,5.36,20.00583333333333,127.11719999999998,0.49999999999999994,8.2316,0.47,0.52,17.424642699016808,-1.0,0.017320507926686612,15.54,12,1.58
221.61,15.54,7.499804328812578,0,49.8,0.9977459444651838,0,3.7700000000000045,25.08,14.81,15.83,2024,31.98,1,8.12,0.0,7,35.03,5.09,3.3666666666666667,17.65,2024-01-07 13:00:00,3.76,3.996887359797009,Hourly,3.79,1.94,25.05,8.18,5.36,0.0,10.25,0.5552897141717185,AIIMS,3.76,6,-0.2588190451025208,3.4166666666666665,0.8660254037844387,5.78,17.770833333333332,107.91479999999999,0.49999999999999994,7.701200000000001,0.52,0.52,15.782400742231813,-0.9659258262890683,0.01732050792666123,13.29,13,2.7
220.0,13.29,7.922911355149104,0,44.62,2.1979756526624032,0,5.923333333333338,25.1,13.19,14.81,2024,31.18,1,7.07,1.7260638297872342,7,38.03,4.15,3.796666666666667,35.03,2024-01-07 14:00:00,3.76,5.7834909712835785,Hourly,3.76,1.71,25.08,8.12,5.78,6.49,10.25,2.764856234960188,AIIMS,10.25,6,-0.4999999999999997,4.675,0.8660254037844387,5.35,16.122916666666665,83.4967,0.49999999999999994,6.7269,0.52,0.51,14.28659495719703,-0.8660254037844388,3.7470032470400074,11.81,14,2.7
213.66,11.81,8.280924992818473,0,34.97,2.885101227151109,0,8.086666666666671,25.17,12.39,13.19,2024,31.59,1,5.76,0.0,7,41.4,4.15,4.305,38.03,2024-01-07 15:00:00,10.25,7.059636408059699,Hourly,3.76,1.73,25.1,7.07,5.35,0.0,8.76,3.3437025386037074,AIIMS,10.25,6,-0.7071067811865471,5.933333333333334,0.8660254037844387,6.72,14.690833333333332,70.848,0.49999999999999994,5.9472000000000005,0.51,0.48,12.967590006616613,-0.7071067811865479,3.747003247040033,12.3,15,3.79
222.67,12.3,8.35462884007717,0,29.57,3.156722864368043,0,9.753333333333337,25.14,11.03,12.39,2024,31.54,1,4.59,-0.1453658536585366,7,41.4,2.9,4.689166666666666,41.4,2024-01-07 16:00:00,10.25,7.5454545771855,Hourly,10.25,1.74,25.17,5.76,6.72,-1.4900000000000002,7.7,3.322080171619112,AIIMS,8.76,6,-0.8660254037844385,6.761666666666667,0.8660254037844387,5.57,13.59875,51.867000000000004,0.49999999999999994,4.7429,0.48,0.43,12.270412739771245,-0.5000000000000004,0.8602519010898472,11.3,16,3.79
225.82,11.3,8.25391671083453,0,29.57,3.2130117797744586,0,8.903333333333338,25.09,11.3,11.03,2024,31.7,1,4.27,-0.12100456621004561,7,36.6,2.03,5.089166666666666,41.4,2024-01-07 17:00:00,8.76,7.589610412275357,Hourly,10.25,1.85,25.14,4.59,5.57,-1.0599999999999996,8.36,2.9894057380464196,AIIMS,7.7,6,-0.9659258262890683,7.413333333333334,0.8660254037844387,5.99,12.6875,54.22899999999999,0.49999999999999994,4.407,0.43,0.39,11.83718358467857,-0.25881904510252063,1.281028232838225,12.7,17,3.76
222.7,12.7,8.270237216859986,0,26.77,3.184603110231588,0,8.273333333333339,25.11,14.24,11.3,2024,30.73,1,6.06,0.08571428571428562,7,36.6,1.58,5.616666666666667,36.6,2024-01-07 18:00:00,7.7,7.809721723053826,Hourly,8.76,1.02,25.09,4.27,5.99,0.6599999999999993,9.04,2.396055091185965,AIIMS,8.36,6,-1.0,8.18,0.8660254037844387,2.5,11.803749999999999,93.0816,0.49999999999999994,6.550400000000001,0.39,0.46,11.301595044217015,-1.8369701987210297e-16,0.5352880844261085,15.36,18,3.76
203.65,15.36,8.388662260419988,0,22.97,3.050269237992304,0,8.36666666666667,25.08,13.03,14.24,2024,29.12,1,5.88,0.08133971291866025,7,32.3,2.7,6.238333333333333,36.6,2024-01-07 19:00:00,8.36,8.161229802181303,Hourly,7.7,0.97,25.11,6.06,2.5,0.6799999999999997,9.04,1.0258849838057738,AIIMS,9.04,6,-0.9659258262890684,9.06,0.8660254037844387,5.7,11.065,78.6156,0.49999999999999994,6.6453,0.46,0.51,10.851268809802884,0.2588190451025203,0.6700248751565719,13.37,19,10.25
201.56,13.37,8.48886806650922,0,24.41,2.9283173366700113,0,8.813333333333338,25.18,10.76,13.03,2024,27.46,1,5.42,0.0,7,32.3,2.7,6.766666666666666,32.3,2024-01-07 20:00:00,9.04,8.412307001558073,Hourly,8.36,0.85,25.08,5.88,5.7,0.0,7.35,0.8488207506092444,AIIMS,9.04,6,-0.8660254037844386,8.858333333333333,0.8660254037844387,5.68,10.484583333333333,52.5198,0.49999999999999994,5.2724,0.51,0.49,10.555314333945622,0.5000000000000001,0.3925981830429388,9.69,20,10.25
178.89,9.69,8.31365759473857,0,26.74,2.634147984844497,0,8.476666666666672,25.14,9.76,10.76,2024,25.76,1,5.04,-0.18694690265486721,7,32.08,3.79,7.154166666666666,32.3,2024-01-07 21:00:00,9.04,8.108790715398623,Hourly,9.04,0.75,25.18,5.42,5.68,-1.6899999999999995,10.31,0.7126219193921695,AIIMS,7.35,6,-0.7071067811865477,8.374999999999998,0.8660254037844387,6.0,9.77375,42.4368,0.49999999999999994,4.6848,0.49,0.48,10.14314667430742,0.7071067811865474,0.975721954928037,8.42,21,8.76
177.73,8.42,8.620787195548022,0,28.36,2.548176264061611,0,8.900000000000004,25.11,9.15,9.76,2024,24.63,1,4.9,0.4027210884353743,7,29.1,3.79,7.697500000000001,32.08,2024-01-07 22:00:00,7.35,8.737707653856159,Hourly,9.04,0.82,25.14,5.04,6.0,2.960000000000001,10.31,1.070955959255489,AIIMS,10.31,6,-0.5000000000000004,8.633333333333333,0.8660254037844387,5.72,9.089166666666666,36.75,0.49999999999999994,4.117500000000001,0.48,0.45,9.481113912114155,0.8660254037844384,1.4849579118598923,7.5,22,7.7
190.49,7.5,8.880666088540634,0,30.6,2.324558446177828,0,9.323333333333338,25.08,9.14,9.15,2024,20.59,1,5.2,0.0,7,29.1,3.76,8.240833333333333,29.1,2024-01-07 23:00:00,10.31,9.186934038468685,Hourly,7.35,0.87,25.11,4.9,5.72,0.0,7.43,1.1436330996717616,AIIMS,10.31,6,-0.25881904510252157,9.068333333333333,0.8660254037844387,5.77,8.337083333333334,36.92,0.49999999999999994,3.9302,0.45,0.43,8.556856634945227,0.9659258262890681,1.7089567967999246,7.1,23,8.36
257.43,7.1,8.657486690303614,0,37.72,1.8804367642231767,0,9.350000000000003,25.27,8.21,9.14,2024,23.98,1,5.32,-0.27934044616876824,8,19.41,3.76,8.546666666666665,29.1,2024-01-08 01:00:00,10.31,8.68495288462049,Hourly,10.31,1.71,25.08,5.2,5.77,-2.880000000000001,12.79,1.3097887870434848,AIIMS,7.43,0,0.25881904510252074,8.913333333333332,0.8660254037844387,3.29,7.371666666666666,26.6,0.49999999999999994,3.5303000000000004,0.43,0.43,7.122749631907054,0.9659258262890683,1.6627687752647173,5.0,1,9.04
258.62,5.0,9.293257968718443,0,5.09,1.5723488991333183,0,10.176666666666671,25.31,7.95,8.21,2024,26.74,1,4.86,0.721399730820996,8,17.07,10.25,9.299166666666666,19.41,2024-01-08 02:00:00,7.43,9.857823489014635,Hourly,10.31,1.08,25.27,5.32,3.29,5.359999999999999,8.96,2.0613822223607237,AIIMS,12.79,0,0.49999999999999994,9.538333333333332,0.8660254037844387,3.48,6.332916666666666,25.1262,0.49999999999999994,3.18,0.43,0.4,3.2923686189701917,0.8660254037844387,2.6824864087873252,5.17,2,9.04
262.26,5.17,9.241987511992528,0,4.15,1.5452968725271279,0,9.726666666666672,25.44,7.9,7.95,2024,36.02,1,4.98,-0.29945269741985914,8,17.6,10.25,9.191666666666666,17.07,2024-01-08 03:00:00,12.79,9.60130249215331,Hourly,7.43,0.58,25.31,4.86,3.48,-3.8299999999999983,6.32,2.0655047809187392,AIIMS,8.96,0,0.7071067811865476,9.525,0.8660254037844387,3.04,6.4941666666666675,25.099200000000003,0.49999999999999994,3.0810000000000004,0.4,0.39,3.323471098854156,0.7071067811865476,2.7610203427951565,5.04,3,7.35
253.32,5.04,8.792450971685986,43,4.15,1.708446707250435,1,9.356666666666671,25.45,7.905869565217392,7.9,2024,39.59,1,5.0036956521739135,-0.29464285714285715,8,35.78,8.76,8.864166666666668,17.6,2024-01-08 04:00:00,8.96,8.663787494395223,Hourly,12.79,0.62,25.44,4.98,3.04,-2.6400000000000006,9.33,2.31067666856807,AIIMS,6.32,0,0.8660254037844386,9.353333333333333,0.8660254037844387,2.86,6.584583333333334,25.092445935727792,0.49999999999999994,3.162347826086957,0.39,0.4,3.286233444783636,0.5000000000000001,3.2531881798212434,5.014782608695652,4,10.31
250.96,5.014782608695652,8.875150822195835,43,2.9,1.713204511133857,1,8.203333333333338,25.29,7.911739130434783,7.905869565217392,2024,53.43,1,5.027391304347827,0.47626582278481006,8,35.78,7.7,8.911666666666667,35.78,2024-01-08 05:00:00,6.32,8.854133924568016,Hourly,8.96,0.91,25.45,5.0036956521739135,2.86,3.01,9.33,2.263687257550868,AIIMS,9.33,0,0.9659258262890683,9.19,0.8660254037844387,3.46,6.800416666666667,25.08449678638942,0.49999999999999994,3.0855782608695654,0.4,0.39,3.2894871797574274,0.25881904510252074,1.6414729158071935,4.989565217391305,5,10.31
248.67,4.989565217391305,8.945127618781092,43,2.03,1.6725382180712018,1,8.326666666666672,25.3,7.9176086956521745,7.911739130434783,2024,65.45,1,5.05108695652174,0.0,8,33.54,8.36,9.0475,35.78,2024-01-08 06:00:00,9.33,8.990095660405725,Hourly,6.32,1.16,25.29,5.027391304347827,3.46,0.0,8.9,2.2012057301998915,AIIMS,9.33,0,1.0,9.026666666666666,0.8660254037844387,3.22,7.0683333333333325,25.075352551984878,0.49999999999999994,2.850339130434783,0.39,0.36,3.2190974520490254,6.123233995736766e-17,1.7378243102594055,4.964347826086956,6,7.43
248.22,4.964347826086956,8.938184908199386,43,1.58,1.6595734665596429,1,9.186666666666673,25.32,,7.9176086956521745,2024,78.36,1,,-0.0460878885316184,8,26.59,9.04,9.092500000000001,33.54,2024-01-08 07:00:00,9.33,8.964354043146948,Hourly,9.33,1.57,25.3,5.05108695652174,3.22,-0.4299999999999997,8.41,2.06557901486843,AIIMS,8.9,0,0.9659258262890683,9.271666666666667,0.8660254037844387,3.63,7.354583333333333,,0.49999999999999994,,0.36,0.35,3.0527478415436566,-0.25881904510252063,0.24826061574209424,,7,12.79
246.16,,8.856925691553325,43,2.7,1.6713086870092033,1,8.880000000000004,25.43,,,2024,78.36,1,,-0.05505617977528092,8,25.63,9.04,9.040000000000001,26.59,2024-01-08 08:00:00,8.9,8.805967173676391,Hourly,9.33,1.36,25.32,,3.63,-0.4900000000000002,6.65,1.1401301095334875,AIIMS,8.41,0,0.8660254037844387,8.541666666666666,0.8660254037844387,3.99,7.639166666666667,,0.49999999999999994,,0.35,0.33,2.798816390618959,-0.4999999999999998,0.4603259714542379,,8,8.96
253.0,,8.517398662083583,43,2.7,1.8081153338782794,1,7.986666666666672,25.43,,,2024,65.07,1,,-0.2092746730083234,8,19.16,7.35,8.840833333333332,25.63,2024-01-08 09:00:00,8.41,8.189976552625994,Hourly,8.9,1.56,25.43,,3.99,-1.7599999999999998,8.3,1.3426491226917205,AIIMS,6.65,0,0.7071067811865476,8.156666666666666,0.8660254037844387,3.88,7.80375,,0.49999999999999994,,0.33,0.41,2.6051834826461726,-0.7071067811865475,1.1832300424383062,,9,6.32
267.51,,8.483952714070725,43,3.79,1.7569808815640309,1,7.7866666666666715,25.31,,,2024,54.61,1,,0.24812030075187974,8,17.23,10.31,8.92,19.16,2024-01-08 10:00:00,6.65,8.221411823304281,Hourly,8.41,1.77,25.43,,3.88,1.6500000000000004,9.13,1.0007330646405377,AIIMS,8.3,0,0.49999999999999994,8.486666666666666,0.8660254037844387,4.25,8.037083333333333,,0.49999999999999994,,0.41,0.49,2.3681941003838913,-0.8660254037844387,0.9859175083791447,,10,9.33
267.98,,8.583344604213691,43,3.79,1.7043464934386645,1,8.026666666666673,25.2,,,2024,53.46,1,,0.1,8,29.97,10.31,8.821666666666667,17.23,2024-01-08 11:00:00,8.3,8.481008445217345,Hourly,6.65,2.24,25.31,,4.25,0.8300000000000001,16.98,0.9698797176273166,AIIMS,9.13,0,0.258819045102521,8.453333333333333,0.8660254037844387,4.27,8.259583333333333,,0.49999999999999994,,0.49,0.6,2.19644471454431,-0.9659258262890682,1.2623919095623828,,11,9.33
274.23,,9.875137742026968,43,3.76,2.9012321050326912,1,11.470000000000004,25.35,,,2024,57.4,1,,0.8598028477546549,8,33.51,7.43,9.3775,29.97,2024-01-08 12:00:00,9.13,10.909291746583818,Hourly,8.3,2.49,25.2,,4.27,7.85,16.98,3.6574604121801277,AIIMS,16.98,0,1.2246467991473532e-16,9.728333333333333,0.8660254037844387,2.0,8.809166666666666,,0.49999999999999994,,0.6,0.61,2.635707836064768,-1.0,4.789812104873789,,12,8.9
269.72,,10.968193474022819,43,3.76,3.554685341740892,1,14.363333333333339,25.51,,,2024,57.4,1,,0.0,8,34.85,12.79,10.173333333333334,33.51,2024-01-08 13:00:00,16.98,12.643779818988442,Hourly,9.13,2.54,25.35,,2.0,0.0,13.86,4.645525804470162,AIIMS,16.98,0,-0.2588190451025208,11.075000000000001,0.8660254037844387,1.61,9.36,,0.49999999999999994,,0.61,0.55,2.9025206436730824,-0.9659258262890683,4.532199613138086,,13,8.41
261.72,,11.413086785711616,43,10.25,3.638716369570662,1,15.940000000000005,25.44,,,2024,49.8,1,,-0.18374558303886931,8,34.85,8.96,10.262500000000001,34.85,2024-01-08 14:00:00,16.98,12.991271299277457,Hourly,16.98,2.39,25.51,,1.61,-3.120000000000001,13.86,4.552101346264689,AIIMS,13.86,0,-0.4999999999999997,11.983333333333334,0.8660254037844387,1.82,9.780833333333334,,0.49999999999999994,,0.55,0.5,2.7850999773885925,-0.8660254037844388,1.8013328398704676,,14,6.65
275.94,,11.789534972525214,43,10.25,3.7524233583919786,1,14.900000000000006,25.34,,,2024,44.62,1,,0.0,8,32.42,6.32,10.670833333333334,34.85,2024-01-08 15:00:00,13.86,13.239479499483897,Hourly,16.98,1.96,25.44,,1.82,0.0,15.71,3.7422332904294073,AIIMS,13.86,0,-0.7071067811865471,13.185,0.8660254037844387,2.16,9.93125,,0.49999999999999994,,0.5,0.48,2.9063832484633747,-0.7071067811865479,1.801332839870447,,15,8.3
259.69,,12.392683438290565,43,8.76,3.741697070808463,1,14.476666666666672,25.35,,,2024,34.97,1,,0.13347763347763358,8,24.43,9.33,11.453333333333333,32.42,2024-01-08 16:00:00,13.86,13.945342499631355,Hourly,13.86,2.41,25.34,,2.16,1.8500000000000014,15.71,2.945593318840552,AIIMS,15.71,0,-0.8660254037844385,14.42,0.8660254037844387,2.0,10.15875,,0.49999999999999994,,0.48,0.46,3.1369651804682666,-0.5000000000000004,1.0680979979987935,,16,9.13
255.35,,12.90303983239971,43,7.7,3.86384052936496,1,15.093333333333339,25.37,,,2024,29.57,1,,0.0,8,22.6,9.33,11.985000000000001,24.43,2024-01-08 17:00:00,15.71,14.449530356879539,Hourly,13.86,2.57,25.35,,2.0,0.0,13.75,1.4033198732522645,AIIMS,15.71,0,-0.9659258262890683,15.516666666666667,0.8660254037844387,2.07,10.448333333333332,,0.49999999999999994,,0.46,0.42,3.3178039707610663,-0.25881904510252063,1.0680979979988137,,17,16.98
256.96,,13.033341396645907,43,8.36,3.7978470775219577,1,15.056666666666672,25.47,,,2024,29.57,1,,-0.1247612985359644,8,24.58,8.9,12.353333333333333,22.6,2024-01-08 18:00:00,15.71,14.249664540628242,Hourly,15.71,1.73,25.37,,2.07,-1.9600000000000009,14.71,1.3481456400050993,AIIMS,13.75,0,-1.0,14.978333333333333,0.8660254037844387,2.1,10.700416666666667,,0.49999999999999994,,0.42,0.48,3.32972446851448,-1.8369701987210297e-16,1.1316065276097829,,18,16.98
274.31,,13.291288874084998,43,9.04,3.6862820022347242,1,14.723333333333338,25.44,,,2024,26.77,1,,0.06981818181818188,8,25.5,8.41,12.8375,24.58,2024-01-08 19:00:00,13.75,14.381188957591602,Hourly,15.71,1.75,25.47,,2.1,0.9600000000000009,18.49,0.9267146270552208,AIIMS,14.71,0,-0.9659258262890684,14.6,0.8660254037844387,2.43,10.964999999999998,,0.49999999999999994,,0.48,0.57,3.3874551176222614,0.2588190451025203,0.9800680248477889,,19,13.86
280.62,,14.091090585764228,43,9.04,3.7338284641905597,1,15.650000000000006,25.31,,,2024,22.97,1,,0.2569680489462949,8,39.81,6.65,13.6775,25.5,2024-01-08 20:00:00,14.71,15.555134969708288,Hourly,13.75,1.4,25.44,,2.43,3.7799999999999976,18.49,1.749610432829192,AIIMS,18.49,0,-0.8660254037844386,15.371666666666664,0.8660254037844387,2.88,11.35875,,0.49999999999999994,,0.57,0.61,3.6897075558665042,0.5000000000000001,2.505913007268164,,20,13.86
267.7,,14.767845880262039,43,7.35,3.2396477315044674,1,17.230000000000004,25.32,,,2024,24.41,1,,0.0,8,39.81,8.3,14.664166666666667,39.81,2024-01-08 21:00:00,18.49,16.39366783550592,Hourly,14.71,1.37,25.31,,2.88,0.0,18.47,1.958148785630127,AIIMS,18.49,0,-0.7071067811865477,16.143333333333334,0.8660254037844387,2.74,11.752500000000003,,0.49999999999999994,,0.61,0.57,3.9280366264996562,0.7071067811865474,2.1823840175358433,,21,15.71
279.08,,15.337408052529419,43,10.31,2.710437178200096,1,18.483333333333338,25.4,,,2024,26.74,1,,-0.001081665765278506,8,36.7,9.13,15.511666666666668,39.81,2024-01-08 22:00:00,18.49,16.986905596789942,Hourly,18.49,1.24,25.32,,2.74,-0.019999999999999574,18.65,2.1507084104231184,AIIMS,18.47,0,-0.5000000000000004,16.603333333333335,0.8660254037844387,2.66,12.215833333333334,,0.49999999999999994,,0.57,0.53,4.040385169613541,0.8660254037844384,0.011547005209859525,,22,15.71
226.54,,15.84703758290951,43,10.31,1.9628851677614183,1,18.53666666666667,25.36,,,2024,28.36,1,,0.009745533297238752,8,33.41,16.98,16.304999999999996,36.7,2024-01-08 23:00:00,18.47,17.46207542627853,Hourly,18.49,1.46,25.4,,2.66,0.17999999999999972,18.65,2.2395505501472237,AIIMS,18.65,0,-0.25881904510252157,17.09333333333333,0.8660254037844387,2.4,12.563333333333333,,0.49999999999999994,,0.53,0.49,4.2238275107504375,0.9659258262890681,0.09865765722598534,,23,13.75
43.93,,16.2782625701542,43,7.43,2.0712993652791107,1,18.590000000000003,25.29,,,2024,30.6,1,,0.0,9,49.72,16.98,16.444166666666664,33.41,2024-01-09 01:00:00,18.65,17.801482447341808,Hourly,18.47,0.6,25.36,,2.4,0.0,18.29,1.5698152757563733,AIIMS,18.65,1,0.25881904510252074,17.91,0.8660254037844387,3.68,12.910833333333334,,0.49999999999999994,,0.49,0.6,4.370893766592043,0.9659258262890683,0.10392304843483961,,1,14.71
44.46,,16.587760636284326,43,12.79,2.135629919137381,1,18.530000000000005,25.32,,,2024,37.72,1,,-0.019302949061662168,9,62.83,13.86,16.55333333333333,49.72,2024-01-09 02:00:00,18.65,17.941058890958434,Hourly,18.65,0.59,25.29,,3.68,-0.35999999999999943,21.58,0.1341143790378993,AIIMS,18.29,1,0.49999999999999994,18.506666666666664,0.8660254037844387,3.56,13.363333333333332,,0.49999999999999994,,0.6,0.6,4.340858126609876,0.8660254037844387,0.20784609689861058,,2,18.49
63.26,,17.35579746147135,43,8.96,2.397287608691843,1,19.50666666666667,25.29,,,2024,5.09,1,,0.17987971569163475,9,75.78,13.86,17.196666666666665,62.83,2024-01-09 03:00:00,18.29,18.980756350684594,Hourly,18.65,0.59,25.32,,3.56,3.289999999999999,28.92,1.2604509774936563,AIIMS,21.58,1,0.7071067811865476,19.021666666666665,0.8660254037844387,3.93,13.729583333333332,,0.49999999999999994,,0.6,0.55,4.650178565216454,0.7071067811865476,1.8045590412423125,,3,18.49
60.42,,19.13490554432191,43,6.32,3.938386456251778,1,22.930000000000007,25.21,,,2024,4.15,1,,0.3401297497683042,9,66.17,15.71,18.451666666666668,75.78,2024-01-09 04:00:00,21.58,21.820540250488996,Hourly,18.29,0.51,25.29,,3.93,7.340000000000003,26.81,4.183472242049423,AIIMS,28.92,1,0.8660254037844386,20.759999999999998,0.8660254037844387,4.03,14.56125,,0.49999999999999994,,0.55,0.52,5.472283771324909,0.5000000000000001,5.4420676217772455,,4,18.47
56.19,,20.315689306733923,43,9.33,4.499467308538379,1,25.770000000000007,25.25,,,2024,4.15,1,,-0.07295988934993095,9,48.27,15.71,19.376666666666665,66.17,2024-01-09 05:00:00,28.92,23.24610017892071,Hourly,21.58,0.48,25.21,,4.03,-2.110000000000003,23.52,4.631911052686354,AIIMS,26.81,1,0.9659258262890683,22.149999999999995,0.8660254037844387,3.79,15.415,,0.49999999999999994,,0.52,0.47,5.723239429310159,0.25881904510252074,3.778901956917697,,5,18.65
62.14,,20.80866018262101,43,9.33,4.485704819453934,1,26.41666666666667,25.31,,,2024,2.9,1,,-0.12271540469973888,9,35.86,13.75,20.0275,48.27,2024-01-09 06:00:00,26.81,23.32435727065765,Hourly,28.92,0.55,25.25,,3.79,-3.289999999999999,16.51,4.311544580155082,AIIMS,23.52,1,1.0,22.96166666666667,0.8660254037844387,3.07,16.00625,,0.49999999999999994,,0.47,0.47,5.799736735029046,6.123233995736766e-17,2.72140282452447,,6,18.65
70.15,,20.14732784683316,43,8.9,4.195972365365221,1,22.280000000000005,25.29,,,2024,2.03,1,,-0.29804421768707473,9,32.24,14.71,20.257499999999997,35.86,2024-01-09 07:00:00,23.52,21.37739805046975,Hourly,26.81,0.71,25.31,,3.07,-7.009999999999998,15.29,4.800361444724553,AIIMS,16.51,1,0.9659258262890683,22.605,0.8660254037844387,3.13,16.305416666666666,,0.49999999999999994,,0.47,0.46,5.62286943547501,-0.25881904510252063,5.2607699056313235,,7,18.29
72.87,,19.40004663962806,43,8.41,4.1290687004859645,1,18.44,25.23,,,2024,1.58,1,,-0.07389460932768033,9,47.11,18.49,20.305833333333336,32.24,2024-01-09 08:00:00,16.51,19.63814146462125,Hourly,23.52,0.38,25.29,,3.13,-1.2200000000000024,17.43,5.451740089182352,AIIMS,15.29,1,0.8660254037844387,22.105,0.8660254037844387,3.15,16.571666666666665,,0.49999999999999994,,0.46,0.49,5.403995033198485,-0.4999999999999998,4.441497495214427,,8,21.58
90.01,,19.096962541223743,43,6.65,4.182439751236925,1,16.410000000000007,25.22,,,2024,2.7,1,,0.1399607586657947,9,37.33,18.49,20.217499999999998,47.11,2024-01-09 09:00:00,15.29,19.007243903300893,Hourly,16.51,0.35,25.23,,3.15,2.1400000000000006,15.24,5.78475467644607,AIIMS,17.43,1,0.7071067811865476,21.413333333333338,0.8660254037844387,3.0,16.947499999999998,,0.49999999999999994,,0.49,0.51,5.117772315984198,-0.7071067811865475,1.0734989520236753,,9,28.92
106.17,,18.503583688727783,43,8.3,4.4038399222276,1,15.98666666666667,25.28,,,2024,2.7,1,,-0.12564543889845092,9,36.27,18.47,19.946666666666665,37.33,2024-01-09 10:00:00,17.43,17.93088850235778,Hourly,15.29,0.38,25.22,,3.0,-2.1899999999999995,10.98,4.855646884470154,AIIMS,15.24,1,0.49999999999999994,19.133333333333333,0.8660254037844387,2.71,17.305416666666666,,0.49999999999999994,,0.51,0.52,4.644815697346053,-0.8660254037844387,1.250213315130357,,10,26.81
117.28,,17.346109275077353,43,9.13,5.1068352146011575,1,14.550000000000006,25.29,,,2024,3.79,1,,-0.2795275590551181,9,30.82,18.65,19.322499999999998,36.27,2024-01-09 11:00:00,15.24,15.944920358826987,Hourly,17.43,0.42,25.28,,2.71,-4.26,8.98,4.090656426540623,AIIMS,10.98,1,0.258819045102521,16.495,0.8660254037844387,3.11,17.417083333333334,,0.49999999999999994,,0.52,0.51,4.446900707885279,-0.9659258262890682,3.279893290946494,,11,23.52
140.11,,16.05901554045007,43,16.98,5.920688432534774,1,11.73333333333334,25.24,,,2024,3.79,1,,-0.18214936247723132,9,32.4,18.65,18.516666666666666,30.82,2024-01-09 12:00:00,10.98,13.954943113447849,Hourly,15.24,0.53,25.29,,3.11,-2.0,9.2,3.3333671664946865,AIIMS,8.98,1,1.2246467991473532e-16,14.071666666666667,0.8660254037844387,2.71,17.410833333333333,,0.49999999999999994,,0.51,0.48,4.459142944232101,-1.0,3.1972696685342314,,12,16.51
65.63,,15.003782380380828,43,16.98,6.501333371398532,1,9.720000000000004,25.21,,,2024,3.76,1,,0.02449888641425377,9,27.06,18.29,17.729166666666668,32.4,2024-01-09 13:00:00,8.98,12.596387938177035,Hourly,10.98,0.4,25.24,,2.71,0.21999999999999886,9.0,3.5899396466604894,AIIMS,9.2,1,-0.2588190451025208,12.853333333333333,0.8660254037844387,3.02,17.086666666666666,,0.49999999999999994,,0.48,0.48,4.764183096786223,-0.9659258262890683,1.0967223896663854,,13,15.29
87.21,,14.080123552629932,43,13.86,6.965058898138986,1,9.060000000000004,25.27,,,2024,3.76,1,,-0.021739130434782532,9,31.33,21.58,16.955,27.06,2024-01-09 14:00:00,9.2,11.56884852726931,Hourly,8.98,0.41,25.21,,3.02,-0.1999999999999993,6.55,3.653906129062184,AIIMS,9.0,1,-0.4999999999999997,11.805,0.8660254037844387,2.95,16.754166666666666,,0.49999999999999994,,0.48,0.47,5.042301852428893,-0.8660254037844388,0.12165525058750462,,14,17.43
82.31,,12.92164300607148,43,13.86,7.395826986766353,1,8.250000000000004,25.28,,,2024,10.25,1,,-0.27222222222222225,9,23.22,28.92,15.7025,31.33,2024-01-09 15:00:00,9.0,10.134891805192366,Hourly,9.2,0.78,25.27,,2.95,-2.45,5.68,2.9325921412062916,AIIMS,6.55,1,-0.7071067811865471,9.991666666666667,0.8660254037844387,3.06,16.449583333333333,,0.49999999999999994,,0.47,0.46,5.430561248251214,-0.7071067811865479,1.475635456335833,,15,15.24
73.1,,11.807544082060483,43,15.71,6.622419852060831,1,7.0766666666666715,25.27,,,2024,10.25,1,,-0.13282442748091605,9,24.46,26.81,13.765833333333333,23.22,2024-01-09 16:00:00,6.55,8.862065575137404,Hourly,9.0,0.57,25.28,,3.06,-0.8700000000000001,8.68,1.9397774786466968,AIIMS,5.68,1,-0.8660254037844385,8.398333333333333,0.8660254037844387,2.88,16.108749999999997,,0.49999999999999994,,0.46,0.46,5.841317832624103,-0.5000000000000004,1.7215206456295344,,16,10.98
57.77,,11.326383454051179,43,15.71,5.315029290948085,1,6.970000000000005,25.19,,,2024,8.76,1,,0.5281690140845071,9,27.87,23.52,12.255,24.46,2024-01-09 17:00:00,5.68,8.81004683938386,Hourly,6.55,0.57,25.27,,2.88,3.0,8.19,1.5064096388427277,AIIMS,8.68,1,-0.9659258262890683,8.015,0.8660254037844387,3.3,15.815833333333332,,0.49999999999999994,,0.46,0.47,6.03522624241168,-0.25881904510252063,1.5434701163272933,,17,8.98
69.06,,10.843862922658689,43,13.75,4.054008397982035,1,7.51666666666667,25.22,,,2024,7.7,1,,-0.05645161290322583,9,32.29,16.51,10.9775,27.87,2024-01-09 18:00:00,8.68,8.6328905995599,Hourly,5.68,0.51,25.19,,3.3,-0.4900000000000002,9.49,1.4381747691657458,AIIMS,8.19,1,-1.0,7.883333333333333,0.8660254037844387,3.43,15.5025,,0.49999999999999994,,0.47,0.49,6.232930952678897,-1.8369701987210297e-16,1.6093580500711309,,18,9.2
58.13,,10.635576319172737,43,14.71,3.6715394962776933,1,8.78666666666667,25.29,,,2024,8.36,1,,0.15873015873015883,9,34.85,15.29,10.3925,32.29,2024-01-09 19:00:00,8.19,8.877778999685644,Hourly,8.68,0.38,25.22,,3.43,1.3000000000000007,11.27,1.495023968592125,AIIMS,9.49,1,-0.9659258262890684,7.9316666666666675,0.8660254037844387,3.38,15.324999999999998,,0.49999999999999994,,0.49,0.54,6.34466431085084,0.2588190451025203,0.6565312889183782,,19,9.0
83.79,,10.73317996237693,43,18.49,3.3536957226319437,1,9.650000000000004,25.28,,,2024,9.04,1,,0.18756585879873544,9,37.95,17.43,10.0575,34.85,2024-01-09 20:00:00,9.49,9.561270714061173,Hourly,8.19,0.34,25.29,,3.38,1.7799999999999994,16.29,2.0159265859644475,AIIMS,11.27,1,-0.8660254037844386,8.31,0.8660254037844387,3.92,15.181666666666665,,0.49999999999999994,,0.54,0.59,6.397796269141611,0.5000000000000001,1.5462212002153968,,20,6.55
56.61,,11.588075352780479,43,18.49,3.1348774805694744,1,12.350000000000003,25.18,,,2024,9.04,1,,0.44543034605146403,9,36.48,15.24,9.9625,37.95,2024-01-09 21:00:00,11.27,11.483764795757981,Hourly,9.49,0.59,25.28,,3.92,5.02,15.86,3.6080835171410466,AIIMS,16.29,1,-0.7071067811865477,9.933333333333332,0.8660254037844387,3.74,15.089999999999998,,0.49999999999999994,,0.59,0.58,6.364005438195691,0.7071067811865474,3.526301178288051,,21,5.68
73.61,,12.245294529275789,43,18.47,3.2333277491360395,1,14.473333333333338,25.22,,,2024,7.35,1,,-0.026396562308164503,9,39.41,10.98,10.014166666666666,36.48,2024-01-09 22:00:00,16.29,12.7341177112557,Hourly,11.27,0.43,25.18,,3.74,-0.4299999999999997,12.93,3.6014941343834233,AIIMS,15.86,1,-0.5000000000000004,11.63,0.8660254037844387,3.65,14.980416666666665,,0.49999999999999994,,0.58,0.58,6.325441025466894,0.8660254037844384,2.7824868972430328,,22,8.68
79.17,,12.350633832464128,43,18.65,3.3337239165106247,1,15.02666666666667,25.28,,,2024,10.31,1,,-0.18474148802017654,9,27.31,8.98,10.176666666666666,39.41,2024-01-09 23:00:00,15.86,12.790084079468356,Hourly,16.29,0.2,25.22,,3.65,-2.9299999999999997,13.13,3.3115218052528146,AIIMS,12.93,1,-0.25881904510252157,12.338333333333333,0.8660254037844387,3.68,14.749583333333334,,0.49999999999999994,,0.58,0.57,6.293564331342501,0.9659258262890681,1.8284510749071718,,23,8.19
220.85,,12.470536319777338,0,18.65,3.4126212932156523,0,13.973333333333338,25.14,8.17,,2024,10.31,1,6.07,0.01546790409899467,10,31.1,9.2,10.522499999999999,27.31,2024-01-10 01:00:00,12.93,12.887202913905968,Hourly,15.86,6.21,25.28,,3.68,0.20000000000000107,15.6,2.614638917071503,AIIMS,13.13,2,0.25881904510252074,13.161666666666667,0.8660254037844387,2.6,14.519583333333335,23.5516,0.49999999999999994,3.2680000000000002,0.57,0.4,6.2455065441280695,0.9659258262890683,1.6369585618851605,3.88,1,9.49
221.59,3.88,12.951992270580824,0,18.29,3.677010787764036,0,13.88666666666667,25.13,8.1,8.17,2024,7.43,1,6.04,0.188118811881188,10,28.39,9.0,11.055833333333334,31.1,2024-01-10 02:00:00,13.13,13.66228779564712,Hourly,12.93,6.64,25.14,6.07,2.6,2.469999999999999,15.28,2.0210888154651077,AIIMS,15.6,2,0.49999999999999994,14.18,0.8660254037844387,2.65,14.392499999999998,24.462,0.49999999999999994,3.159,0.4,0.39,6.188578013249881,0.8660254037844387,1.4871561227151397,4.05,2,11.27
213.96,4.05,13.310147305876082,0,21.58,3.802571996409606,0,14.670000000000003,25.11,7.91,8.1,2024,12.79,1,5.42,-0.02051282051282053,10,26.4,6.55,11.579166666666666,28.39,2024-01-10 03:00:00,15.6,14.124491282605085,Hourly,13.13,7.08,25.13,6.04,2.65,-0.3200000000000003,11.52,1.448163204429943,AIIMS,15.28,2,0.7071067811865476,14.848333333333334,0.8660254037844387,2.6,14.267083333333334,23.035,0.49999999999999994,2.9267,0.39,0.37,6.136438195881786,0.7071067811865476,1.3432423459658482,4.25,3,16.29
206.99,4.25,13.034740028048992,0,28.92,3.4602636088055454,0,14.133333333333338,25.1,7.49,7.91,2024,8.96,1,5.13,-0.24607329842931938,10,24.42,5.68,11.993333333333332,26.4,2024-01-10 04:00:00,15.28,13.38035091614649,Hourly,15.6,6.77,25.11,5.42,2.6,-3.76,12.93,1.7716169638679864,AIIMS,11.52,2,0.8660254037844386,14.053333333333335,0.8660254037844387,2.28,13.847916666666665,20.6226,0.49999999999999994,2.6964,0.37,0.36,5.956129454578948,0.5000000000000001,2.2688616822823606,4.02,4,15.86
220.6,4.02,13.018626177579916,0,26.81,2.8339921248366373,0,13.243333333333338,25.1,7.33,7.49,2024,6.32,1,5.37,0.12239583333333336,10,23.91,8.68,12.597499999999998,24.42,2024-01-10 05:00:00,11.52,13.251679225818922,Hourly,15.28,8.06,25.1,5.13,2.28,1.4100000000000001,12.64,1.5658959096945646,AIIMS,12.93,2,0.9659258262890683,13.565,0.8660254037844387,2.64,13.181666666666667,18.5802,0.49999999999999994,2.4922000000000004,0.36,0.34,5.017177161179312,0.25881904510252074,1.8994823856327534,3.46,5,12.93
230.03,3.46,12.960375996413775,0,23.52,2.552980878039643,0,12.363333333333337,25.11,7.92,7.33,2024,9.33,1,5.67,-0.022428460943542085,10,18.6,8.19,12.9275,23.91,2024-01-10 06:00:00,12.93,13.076913732727803,Hourly,11.52,6.32,25.1,5.37,2.64,-0.28999999999999915,9.02,1.593645715541831,AIIMS,12.64,2,1.0,13.516666666666666,0.8660254037844387,2.32,12.59125,21.9429,0.49999999999999994,3.0096,0.34,0.38,4.092162511647313,6.123233995736766e-17,0.7446028023913508,3.87,6,13.13
218.2,3.87,12.354164304657811,0,16.51,2.4207824930768935,0,11.530000000000006,25.12,8.93,7.92,2024,9.33,1,6.39,-0.2863924050632912,10,25.44,9.49,12.996666666666668,18.6,2024-01-10 07:00:00,12.64,11.917795523377002,Hourly,12.93,7.64,25.11,5.67,2.32,-3.620000000000001,9.34,2.4475981423969198,AIIMS,9.02,2,0.9659258262890683,12.831666666666669,0.8660254037844387,2.33,11.987083333333333,29.9691,0.49999999999999994,3.4827,0.38,0.39,3.424395191494204,-0.25881904510252063,2.1785545666784847,4.69,7,15.6
220.84,4.69,11.89044671932584,0,15.29,2.440839864150031,0,10.333333333333337,25.12,9.82,8.93,2024,8.9,1,7.06,0.035476718403547707,10,37.65,11.27,12.984166666666667,25.44,2024-01-10 08:00:00,9.02,11.181282516697859,Hourly,12.64,8.59,25.12,6.39,2.33,0.3200000000000003,14.9,2.3643385262404526,AIIMS,9.34,2,0.8660254037844387,11.788333333333332,0.8660254037844387,2.14,11.688333333333333,37.8416,0.49999999999999994,4.6154,0.39,0.47,3.323940389076985,-0.4999999999999998,2.004029274568851,5.36,8,15.28
223.29,5.36,12.353454916352636,0,17.43,2.4340140185348016,0,11.086666666666673,25.09,10.9,9.82,2024,8.41,1,7.57,0.5952890792291221,10,37.2,16.29,13.286666666666667,37.65,2024-01-10 09:00:00,9.34,12.243773226212756,Hourly,9.02,8.77,25.12,7.06,2.14,5.5600000000000005,14.74,2.254646313725994,AIIMS,14.9,2,0.7071067811865476,11.725,0.8660254037844387,2.57,11.672083333333333,50.4162,0.49999999999999994,5.45,0.47,0.5,3.3064745170462735,-0.7071067811865475,3.3063171858321443,6.66,9,11.52
222.56,6.66,12.72061569845223,0,15.24,2.297441759079723,0,12.993333333333338,25.12,12.09,10.9,2024,6.65,1,8.01,-0.010738255033557057,10,43.95,15.86,13.157499999999999,37.2,2024-01-10 10:00:00,14.9,12.956980875866254,Hourly,9.34,8.01,25.09,7.57,2.57,-0.16000000000000014,15.93,2.558799848887143,AIIMS,14.74,2,0.49999999999999994,12.261666666666665,0.8660254037844387,2.6,11.56,69.0462,0.49999999999999994,6.2868,0.5,0.52,3.14442778370705,-0.8660254037844387,3.1648907300772775,8.62,10,12.93
214.04,8.62,13.214367129459578,0,10.98,2.305003779658966,0,15.190000000000005,25.14,18.7,12.09,2024,8.3,1,8.22,0.08073270013568518,10,49.98,12.93,13.163333333333334,43.95,2024-01-10 11:00:00,14.74,13.80641491133304,Hourly,14.9,7.7,25.12,8.01,2.6,1.1899999999999995,17.89,2.974803634975736,AIIMS,15.93,2,0.258819045102521,12.761666666666665,0.8660254037844387,2.5,11.58875,169.24980000000002,0.49999999999999994,11.780999999999999,0.52,0.63,3.1824618751760148,-0.9659258262890682,0.6458327956954867,20.59,11,12.64
226.65,20.59,13.933695263388874,0,8.98,2.6744628460966133,0,16.18666666666667,25.15,19.41,18.7,2024,9.13,1,5.94,0.123038292529818,10,53.63,13.13,13.576666666666668,49.98,2024-01-10 12:00:00,15.93,14.973153508095027,Hourly,14.74,7.96,25.14,8.22,2.5,1.9600000000000009,18.09,3.631488216511907,AIIMS,17.89,2,1.2246467991473532e-16,13.636666666666665,0.8660254037844387,5.87,11.876666666666665,151.11360000000002,0.49999999999999994,13.3929,0.63,0.69,3.4280881560703005,-1.0,1.59060785026644,25.44,12,9.02
223.67,25.44,14.573126761329046,0,9.2,2.9664916529922,0,17.303333333333338,25.09,12.88,19.41,2024,16.98,1,4.34,0.011179429849077657,10,53.18,15.6,13.99,53.63,2024-01-10 13:00:00,17.89,15.863681077210735,Hourly,15.93,6.05,25.15,5.94,5.87,0.1999999999999993,18.01,3.1857898026493827,AIIMS,18.09,2,-0.2588190451025208,15.148333333333333,0.8660254037844387,5.36,12.25625,66.836,0.49999999999999994,7.856800000000001,0.69,0.61,3.5937624857995654,-0.9659258262890683,1.1935381574668116,15.4,13,9.34
223.13,15.4,15.101876490355346,0,9.0,3.1606255374337606,0,17.99666666666667,25.16,10.64,12.88,2024,16.98,1,3.95,-0.004422332780541642,10,50.41,15.28,14.190833333333332,53.18,2024-01-10 14:00:00,18.09,16.476915055150528,Hourly,17.89,4.63,25.09,4.34,5.36,-0.0799999999999983,20.02,1.5918877682376844,AIIMS,18.01,2,-0.4999999999999997,16.593333333333334,0.8660254037844387,5.33,12.623333333333333,46.294000000000004,0.49999999999999994,4.8944,0.61,0.46,3.7158820904513967,-0.8660254037844388,0.10066445911689959,11.72,14,14.9
210.9,11.72,15.858510876454524,0,6.55,3.57778107550505,0,18.70666666666667,25.16,12.89,10.64,2024,13.86,1,5.04,0.11160466407551348,10,52.92,11.52,14.585833333333333,50.41,2024-01-10 15:00:00,18.01,17.489225039393233,Hourly,18.09,6.52,25.16,3.95,5.33,2.009999999999998,19.7,1.8534364479702925,AIIMS,20.02,2,-0.7071067811865471,17.446666666666665,0.8660254037844387,5.68,13.082499999999998,72.2232,0.49999999999999994,6.702800000000001,0.46,0.52,3.9237351880675586,-0.7071067811865479,1.1380831838355756,14.33,15,14.74
208.77,14.33,16.449509203153827,0,5.68,3.7170983918299876,0,19.24333333333334,25.1,11.7,12.89,2024,13.86,1,4.52,-0.015984015984015998,10,52.01,12.93,15.2675,52.92,2024-01-10 16:00:00,20.02,18.120875028138023,Hourly,18.01,3.66,25.16,5.04,5.68,-0.3200000000000003,17.51,1.47155246819973,AIIMS,19.7,2,-0.8660254037844385,18.273333333333333,0.8660254037844387,5.11,13.630416666666667,60.92959999999999,0.49999999999999994,6.201,0.52,0.53,3.889862498034589,-0.5000000000000004,1.0800154319866615,13.48,16,15.93
225.18,13.48,16.612661633437853,0,8.68,3.690305378675103,0,19.07666666666667,25.12,11.39,11.7,2024,15.71,1,4.64,-0.11116751269035521,10,45.55,12.64,15.649166666666666,52.01,2024-01-10 17:00:00,19.7,17.946339305812874,Hourly,20.02,4.29,25.1,4.52,5.11,-2.1899999999999977,17.3,1.0490694289057858,AIIMS,17.51,2,-0.9659258262890683,18.53666666666667,0.8660254037844387,5.53,14.123333333333335,59.9488,0.49999999999999994,6.264500000000001,0.53,0.55,3.5754265986468865,-0.25881904510252063,1.3661747082014541,12.92,17,17.89
225.1,12.92,16.718405997524336,0,8.19,3.588649087432048,0,18.17,25.13,10.75,11.39,2024,15.71,1,4.04,-0.011993146773272463,10,44.94,9.02,16.0375,45.55,2024-01-10 18:00:00,17.51,17.761670932723483,Hourly,19.7,3.61,25.12,4.64,5.53,-0.21000000000000085,15.26,1.1450662280692383,AIIMS,17.3,2,-1.0,18.438333333333336,0.8660254037844387,5.13,14.482500000000002,49.8132,0.49999999999999994,4.515,0.55,0.42,3.4350485725306776,-1.8369701987210297e-16,1.3291726750110273,12.33,18,18.09
225.04,12.33,16.494035844059052,0,9.49,2.8568390828771095,0,16.690000000000005,25.2,8.79,10.75,2024,13.75,1,4.08,-0.11791907514450872,10,41.83,9.34,16.5575,44.94,2024-01-10 19:00:00,17.3,17.046907809088204,Hourly,17.51,4.78,25.13,4.04,5.13,-2.040000000000001,18.28,1.7436475178959534,AIIMS,15.26,2,-0.9659258262890684,17.96666666666667,0.8660254037844387,4.74,14.777083333333335,34.3128,0.49999999999999994,3.7796999999999996,0.42,0.43,3.164449920143212,0.2588190451025203,1.242859605907253,8.41,19,18.01
225.37,8.41,16.76879956035766,0,11.27,1.7578712591188013,0,16.946666666666673,25.13,9.98,8.79,2024,14.71,1,5.9,0.19790301441677596,10,41.57,14.9,17.3025,41.83,2024-01-10 20:00:00,15.26,17.399219863634432,Hourly,17.3,6.32,25.2,4.08,4.74,3.0200000000000014,18.15,1.748466947547113,AIIMS,18.28,2,-0.8660254037844386,18.011666666666667,0.8660254037844387,4.21,15.143333333333333,44.014,0.49999999999999994,4.590800000000001,0.43,0.46,3.031816311210252,0.5000000000000001,1.5406924849979866,7.46,20,20.02
223.27,7.46,16.98129193568725,0,16.29,1.59707877265342,0,17.230000000000004,25.11,9.4,9.98,2024,18.49,1,4.84,-0.007111597374179571,10,39.82,14.74,17.573333333333334,41.57,2024-01-10 21:00:00,18.28,17.613728474024594,Hourly,15.26,4.29,25.13,5.9,4.21,-0.13000000000000256,16.58,1.462094388197306,AIIMS,18.15,2,-0.7071067811865477,17.7,0.8660254037844387,5.09,15.430000000000001,39.8816,0.49999999999999994,4.7,0.46,0.5,2.974376076334551,0.7071067811865474,1.7073078222734004,8.24,21,19.7
226.31,8.24,16.91955471481229,0,15.86,1.372922121431036,0,17.670000000000005,25.14,8.58,9.4,2024,18.49,1,5.24,-0.08650137741046834,10,43.31,15.93,17.726666666666667,39.82,2024-01-10 22:00:00,18.15,17.318377481446138,Hourly,18.28,5.45,25.11,4.84,5.09,-1.5700000000000003,15.09,1.124330912141999,AIIMS,16.58,2,-0.5000000000000004,17.18,0.8660254037844387,4.18,15.442083333333334,34.3744,0.49999999999999994,4.2042,0.5,0.49,2.978607756429122,0.8660254037844384,0.9462029380613604,6.56,22,17.51
227.6,6.56,16.63808475868732,0,12.93,1.4893337945251555,0,16.60666666666667,25.16,8.78,8.58,2024,18.47,1,5.57,-0.08986731001206263,10,43.04,17.89,17.656666666666666,43.31,2024-01-10 23:00:00,16.58,16.681698201032958,Hourly,18.15,4.97,25.14,5.24,4.18,-1.4899999999999984,14.85,1.3859100499905217,AIIMS,15.09,2,-0.25881904510252157,16.776666666666667,0.8660254037844387,4.15,15.409999999999998,31.5819,0.49999999999999994,4.5656,0.49,0.52,2.9780574351327704,0.9659258262890681,1.5301742820114501,5.67,23,17.3
260.23,5.67,16.362994795812348,1,13.13,1.6909402082505283,1,15.50666666666667,25.38,31.27,8.78,2024,18.65,1,31.63,-0.015904572564612342,11,132.54,18.09,17.403333333333332,43.04,2024-01-11 01:00:00,15.09,16.158355857880686,Hourly,16.58,2.01,25.16,5.57,4.15,-0.2400000000000002,70.20333333333333,1.5518687659285926,AIIMS,14.85,3,0.25881904510252074,16.368333333333332,0.8660254037844387,9.3,15.49,283.72110000000004,0.49999999999999994,31.5827,0.52,1.01,2.934003052663127,0.9659258262890683,0.9372477438379001,8.97,1,15.26
202.94,8.97,24.646123801584807,0,15.6,15.35194370172308,0,33.38111111111112,25.38,27.54,31.27,2024,18.65,1,26.61,3.7274971941638606,11,177.29,18.01,21.746111111111116,132.54,2024-01-11 02:00:00,14.85,31.5997779937243,Hourly,15.09,1.9,25.38,31.63,9.3,55.35333333333333,97.88,21.935778958553456,AIIMS,70.20333333333333,3,0.49999999999999994,25.525555555555552,0.8660254037844387,8.38,17.868055555555554,247.20689999999996,0.49999999999999994,24.786,1.01,0.9,11.51605360966743,0.8660254037844387,31.889205650768936,9.29,2,18.28
128.26,9.29,35.912873985956374,0,15.28,26.70259271103804,0,60.97777777777778,25.38,23.6,27.54,2024,18.29,1,22.59,0.3942357912729689,11,164.13,20.02,28.401944444444442,177.29,2024-01-11 03:00:00,70.20333333333333,50.53698428123164,Hourly,14.85,1.55,25.38,26.61,8.38,27.676666666666662,92.9,36.14563011342165,AIIMS,97.88,3,0.7071067811865476,38.79222222222222,0.8660254037844387,6.51,21.296388888888888,178.9128,0.49999999999999994,19.352,0.9,0.82,19.961846431704586,0.7071067811865476,42.27680666135367,7.92,3,18.15
101.83,7.92,44.68012414196309,0,11.52,32.320034142719145,0,86.99444444444445,25.4,20.85,23.6,2024,21.58,1,19.76,-0.05087862689006937,11,67.54,19.7,34.475277777777784,164.13,2024-01-11 04:00:00,97.88,62.6407030580226,Hourly,70.20333333333333,1.46,25.38,22.59,6.51,-4.97999999999999,52.68,40.25623614445986,AIIMS,92.9,3,0.8660254037844386,51.25055555555556,0.8660254037844387,5.02,24.530555555555555,137.92480000000003,0.49999999999999994,15.846000000000002,0.82,0.76,24.67596645424208,0.5000000000000001,14.753174548525351,6.98,4,16.58
107.86,6.98,45.91087427396877,6,12.93,32.35161049988124,1,81.15333333333335,25.38,19.735714285714288,20.85,2024,28.92,1,17.242857142857144,-0.4329386437029064,11,50.79,17.51,37.22361111111111,67.54,2024-01-11 05:00:00,92.9,59.79478789858757,Hourly,97.88,1.67,25.4,19.76,5.02,-40.220000000000006,16.89,36.566697867909284,AIIMS,52.68,3,0.9659258262890683,57.267222222222216,0.8660254037844387,4.38,26.245555555555555,150.9735306122449,0.49999999999999994,14.012357142857143,0.76,0.71,25.158025460845725,0.25881904510252074,24.78402980415675,8.755714285714285,5,15.09
106.64,8.755714285714285,41.44612438566588,6,12.64,32.386432296341646,1,54.15666666666667,25.4,18.621428571428574,19.735714285714288,2024,26.81,1,14.725714285714288,-0.679384965831435,11,55.16,17.3,37.17194444444444,50.79,2024-01-11 06:00:00,52.68,47.53627707041969,Hourly,92.9,1.6,25.38,17.242857142857144,4.38,-35.79,23.33,36.15654564477864,AIIMS,16.89,3,1.0,57.56722222222222,0.8660254037844387,3.5,26.41055555555555,155.08280816326533,0.49999999999999994,12.848785714285714,0.71,0.69,25.079762010032436,6.123233995736766e-17,38.02650961281261,10.531428571428572,6,14.85
116.29,10.531428571428572,38.65902832633267,6,9.02,32.0955478939493,1,30.96666666666667,25.39,17.50714285714286,18.621428571428574,2024,23.52,1,12.20857142857143,0.38129070455891045,11,54.4,15.26,37.67444444444445,55.16,2024-01-11 07:00:00,16.89,40.62019790744264,Hourly,52.68,1.26,25.4,14.725714285714288,3.5,6.439999999999998,22.01,34.26928715120654,AIIMS,23.33,3,0.9659258262890683,58.980555555555554,0.8660254037844387,3.93,26.85597222222222,150.25263265306123,0.49999999999999994,11.029500000000002,0.69,0.63,24.918975443985133,-0.25881904510252063,19.077998672117825,12.307142857142855,7,70.20333333333333
178.69,12.307142857142855,36.09763935305072,6,9.34,31.724004054487782,1,20.74333333333334,25.38,,17.50714285714286,2024,16.51,1,,-0.056579511358765405,11,56.83,18.28,38.23694444444444,54.4,2024-01-11 08:00:00,23.33,35.30299850531617,Hourly,16.89,0.91,25.39,12.20857142857143,3.93,-1.3199999999999967,30.44,36.676128158063044,AIIMS,22.01,3,0.8660254037844387,50.94833333333333,0.8660254037844387,3.38,27.397222222222222,,0.49999999999999994,,0.63,0.6,24.65439678510416,-0.4999999999999998,3.4017250525769245,,8,97.88
193.56,,35.22723329873522,6,14.9,31.218769621551402,1,25.260000000000005,25.36,,,2024,15.29,1,,0.3830077237619264,11,91.92,18.15,39.250277777777775,56.83,2024-01-11 09:00:00,22.01,33.91357036094012,Hourly,23.33,1.35,25.38,,3.38,8.43,30.35,28.933291148202706,AIIMS,30.44,3,0.7071067811865476,39.708333333333336,0.8660254037844387,3.77,28.27638888888889,,0.49999999999999994,,0.6,0.61,24.35690087448186,-0.7071067811865475,4.5343025924607385,,9,92.9
208.81,,34.47688971431442,6,14.74,30.662854685948297,1,27.600000000000005,25.39,,,2024,17.43,1,,-0.002956636005256237,11,145.44,16.58,40.26694444444445,91.92,2024-01-11 10:00:00,30.44,32.895407400671516,Hourly,22.01,1.97,25.36,,3.77,-0.08999999999999986,69.29,12.584259480266006,AIIMS,30.35,3,0.49999999999999994,29.283333333333335,0.8660254037844387,4.43,28.920138888888886,,0.49999999999999994,,0.61,0.67,24.191603295940844,-0.8660254037844387,4.841291150095828,,10,52.68
219.94,,39.832752835189126,0,15.93,30.73649736665467,0,43.360000000000014,25.37,13.05,,2024,15.24,1,2.14,1.283031301482702,11,140.81,15.09,44.65944444444444,145.44,2024-01-11 11:00:00,30.35,43.29386242905109,Hourly,30.44,2.18,25.39,,4.43,38.940000000000005,66.48,18.96821174140211,AIIMS,69.29,3,0.258819045102521,32.05166666666667,0.8660254037844387,6.15,31.193055555555556,41.537400000000005,0.49999999999999994,9.135,0.67,0.7,25.33689194907867,-0.9659258262890682,22.456083808179834,19.41,11,16.89
220.54,19.41,43.932329322083106,0,17.89,29.808116495456957,0,55.37333333333334,25.34,16.45,13.05,2024,10.98,1,3.79,-0.04055419252417379,11,100.48,14.85,48.94194444444444,140.81,2024-01-11 12:00:00,69.29,49.91847316360792,Hourly,30.35,2.14,25.37,2.14,6.15,-2.8100000000000023,45.21,21.654274096969054,AIIMS,66.48,3,1.2246467991473532e-16,40.31666666666667,0.8660254037844387,7.51,33.299305555555556,90.8463,0.49999999999999994,12.501999999999999,0.7,0.76,26.102450992310178,-1.0,21.716340238017313,23.97,12,23.33
357.1,23.97,44.12889404176263,0,18.09,27.877357759898977,0,60.32666666666668,25.33,13.22,16.45,2024,8.98,1,4.33,-0.3199458483754513,11,72.45,70.20333333333333,51.47194444444445,100.48,2024-01-11 13:00:00,66.48,48.5731951168628,Hourly,69.29,2.37,25.34,3.79,7.51,-21.270000000000003,35.38,20.000733653210446,AIIMS,45.21,3,-0.2588190451025208,43.96333333333334,0.8660254037844387,7.19,34.43763888888889,72.6141,0.49999999999999994,9.254,0.76,0.7,25.99673179903727,-0.9659258262890683,13.16659535845656,16.77,13,22.01
163.49,16.77,42.78291034302992,0,18.01,27.560921280287076,0,49.02333333333334,25.34,11.19,13.22,2024,9.2,1,4.43,-0.21742977217429768,11,64.3,97.88,48.57,72.45,2024-01-11 14:00:00,45.21,44.803710797759145,Hourly,66.48,2.31,25.33,4.33,7.19,-9.829999999999998,25.32,17.675286042004096,AIIMS,35.38,3,-0.4999999999999997,46.19166666666666,0.8660254037844387,10.22,35.158055555555556,53.8245,0.49999999999999994,7.2735,0.7,0.65,25.762526054557462,-0.8660254037844388,15.896812049380522,12.15,14,30.44
42.24,12.15,40.096308751794545,0,20.02,23.405493657116754,0,35.30333333333334,25.36,11.9,11.19,2024,9.0,1,4.62,-0.28434143583945737,11,63.63,92.9,42.52333333333333,64.3,2024-01-11 15:00:00,35.38,39.236936284113675,Hourly,45.21,2.86,25.34,4.43,10.22,-10.060000000000002,17.59,18.68272508673895,AIIMS,25.32,3,-0.7071067811865471,45.33833333333334,0.8660254037844387,12.72,35.46263888888889,60.6606,0.49999999999999994,7.14,0.65,0.6,25.593633077117993,-0.7071067811865479,9.94522163319298,13.13,15,30.35
73.68,13.13,36.63379971305692,0,19.7,18.183954027958507,0,26.096666666666675,25.35,13.14,11.9,2024,6.55,1,4.76,-0.3052922590837283,11,58.74,52.68,36.247499999999995,63.63,2024-01-11 16:00:00,25.32,33.05209734579548,Hourly,35.38,2.51,25.36,4.62,12.72,-7.73,15.81,21.276299881949985,AIIMS,17.59,3,-0.8660254037844385,43.21166666666667,0.8660254037844387,13.1,35.36138888888889,72.59,0.49999999999999994,7.7526,0.6,0.59,25.66209633535964,-0.5000000000000004,8.920394236429782,15.25,16,69.29
132.14,15.25,33.430138218740474,0,17.51,18.26969497680391,0,19.573333333333338,25.34,13.38,13.14,2024,5.68,1,4.6,-0.10119386014781122,11,57.53,16.89,33.175000000000004,58.74,2024-01-11 17:00:00,17.59,28.125783818425344,Hourly,25.32,1.98,25.35,4.76,13.1,-1.7799999999999994,27.8,19.274291080780767,AIIMS,15.81,3,-0.9659258262890683,34.29833333333333,0.8660254037844387,12.9,35.199305555555554,76.17599999999999,0.49999999999999994,8.2956,0.59,0.62,25.777341358567217,-0.25881904510252063,5.055712940162806,16.56,17,66.48
123.12,16.56,32.56396310816502,0,17.3,17.646451334389276,0,20.400000000000006,25.33,13.95,13.38,2024,8.68,1,4.91,0.7583807716635041,11,74.51,23.33,34.08416666666667,57.53,2024-01-11 18:00:00,15.81,28.032702727446676,Hourly,17.59,1.89,25.34,4.6,12.9,11.99,27.9,11.087858975774587,AIIMS,27.8,3,-1.0,27.85166666666667,0.8660254037844387,8.49,35.628055555555555,83.8137,0.49999999999999994,9.207,0.62,0.66,25.554942419130697,-1.8369701987210297e-16,6.470092735038371,17.07,18,45.21
148.55,17.07,31.846430322293475,0,15.26,17.44138521396215,0,23.836666666666673,25.34,13.65,13.95,2024,8.19,1,5.38,0.003597122302158197,11,79.81,22.01,34.465,74.51,2024-01-11 19:00:00,27.8,27.994787662461913,Hourly,15.81,1.88,25.33,4.91,8.49,0.09999999999999787,26.88,7.258847475093075,AIIMS,27.9,3,-0.9659258262890684,24.96666666666667,0.8660254037844387,8.52,36.069722222222225,86.2414,0.49999999999999994,8.8725,0.66,0.65,25.314878287706897,0.2588190451025203,6.9514770612676005,16.03,19,35.38
138.46,16.03,31.082364118863712,0,18.28,17.179929864569136,0,27.52666666666667,25.32,12.73,13.65,2024,9.49,1,5.36,-0.036559139784946224,11,80.31,30.44,34.87083333333334,79.81,2024-01-11 20:00:00,27.9,27.67627690175851,Hourly,27.8,1.8,25.34,5.38,8.52,-1.0199999999999996,34.86,5.415459352630988,AIIMS,26.88,3,-0.8660254037844386,23.55,0.8660254037844387,12.92,36.55388888888889,72.62800000000001,0.49999999999999994,7.8926,0.65,0.62,25.008842680906334,0.5000000000000001,0.5622573550694169,13.55,20,25.32
141.27,13.55,31.66353886980776,0,18.15,17.123587378145064,0,29.880000000000006,25.32,12.83,12.73,2024,11.27,1,7.02,0.296875,11,106.98,30.35,35.23916666666667,80.31,2024-01-11 21:00:00,26.88,29.72876921554179,Hourly,27.9,1.85,25.32,5.36,12.92,7.98,52.06,7.15891891279671,AIIMS,34.86,3,-0.7071067811865477,25.14,0.8660254037844387,8.46,37.24472222222222,85.64399999999999,0.49999999999999994,8.852699999999999,0.62,0.69,24.709310962239734,0.7071067811865474,4.342856203006997,12.2,21,17.59
145.155,12.2,34.801455966760415,2,16.58,17.697326882551444,1,37.93333333333334,21.285,21.7775,12.83,2024,16.29,1,10.7725,0.4934021801491682,11,94.0025,69.29,37.04833333333333,106.98,2024-01-11 22:00:00,34.86,36.10912086824413,Hourly,26.88,1.96,25.32,7.02,8.46,17.200000000000003,44.712500000000006,12.049102456199732,AIIMS,52.06,3,-0.5000000000000004,30.885,0.8660254037844387,7.455000000000001,38.65763888888889,248.68316250000004,0.49999999999999994,16.06090625,0.69,0.7374999999999999,24.53889826376059,0.8660254037844384,12.86826069573234,23.085,22,15.81
149.04000000000002,23.085,36.32623197187419,2,15.09,14.814077321401728,1,43.877500000000005,17.25,30.725,21.7775,2024,15.86,1,14.525000000000002,-0.14113522858240485,11,81.025,66.48,35.00020833333333,94.0025,2024-01-11 23:00:00,52.06,38.567229191602955,Hourly,34.86,2.0700000000000003,21.285,10.7725,7.455000000000001,-7.347499999999997,37.365,10.494024301556822,AIIMS,44.712500000000006,3,-0.25881904510252157,35.702083333333334,0.8660254037844387,6.450000000000001,39.82982638888889,493.41425000000004,0.49999999999999994,24.119125,0.7374999999999999,0.7849999999999999,24.1065441081736,0.9659258262890681,8.63034870384717,33.97,23,27.8
156.81,33.97,36.486042437739705,0,14.85,11.111011913777494,0,44.712500000000006,9.18,48.62,30.725,2024,12.93,1,22.03,-0.16432764886776635,12,55.07,45.21,32.57395833333334,81.025,2024-01-12 01:00:00,44.712500000000006,38.223735136859254,Hourly,52.06,2.29,17.25,14.525000000000002,6.450000000000001,-7.347500000000004,22.67,9.753941735267771,AIIMS,37.365,4,0.25881904510252074,37.29625,0.8660254037844387,4.44,40.75795138888889,1227.9522000000002,0.49999999999999994,42.785599999999995,0.7849999999999999,0.88,23.534644359829777,0.9659258262890683,7.347499999999763,55.74,1,27.9
97.41,55.74,34.36049744731821,0,70.20333333333333,10.677425854077264,0,34.915833333333346,9.6,49.25,48.62,2024,13.13,1,22.72,-0.3932824836076542,12,51.75,35.38,30.695624999999996,55.07,2024-01-12 02:00:00,37.365,33.77981081204233,Hourly,44.712500000000006,3.15,9.18,22.03,4.44,-14.695,21.26,10.924978308521492,AIIMS,22.67,4,0.49999999999999994,36.42458333333333,0.8660254037844387,4.05,41.08378472222223,1282.9984,0.49999999999999994,38.9075,0.88,0.79,23.212283275582557,0.8660254037844387,11.223491639562516,56.47,2,26.88
60.87,56.47,32.34503630157695,0,97.88,10.890173920596162,0,27.09833333333334,9.67,47.79,49.25,2024,15.6,1,22.93,-0.062196735774150864,12,44.92,25.32,29.518958333333334,51.75,2024-01-12 03:00:00,22.67,30.202722008601665,Hourly,37.365,3.83,9.6,22.72,4.05,-1.4100000000000001,17.93,12.08616734294479,AIIMS,21.26,4,0.7071067811865476,35.48791666666667,0.8660254037844387,4.42,39.04447916666667,1219.1881,0.49999999999999994,35.364599999999996,0.79,0.74,22.68676697197838,0.7071067811865476,8.919100758110627,53.17,3,34.86
52.81,53.17,30.12733840902665,0,92.9,11.348513975857223,0,20.620000000000005,9.67,48.95,47.79,2024,15.28,1,23.8,-0.15663217309501418,12,47.91,17.59,28.903125,44.92,2024-01-12 04:00:00,21.26,26.696230006144045,Hourly,22.67,4.45,9.67,22.93,4.42,-3.330000000000002,17.94,14.074747222419255,AIIMS,17.93,4,0.8660254037844386,32.66625,0.8660254037844387,4.15,35.713229166666665,1276.87,0.49999999999999994,35.7335,0.74,0.73,19.286991990536585,0.5000000000000001,2.4339474110991195,53.65,4,52.06
64.73,53.65,28.252363269176396,0,52.68,11.317201582422944,0,19.04333333333334,9.32,52.71,48.95,2024,11.52,1,26.53,0.0005577244841049394,12,59.52,15.81,28.932291666666668,47.91,2024-01-12 05:00:00,17.93,24.194450004388603,Hourly,21.26,3.44,9.67,23.8,4.15,0.010000000000001563,17.94,11.289006866933212,AIIMS,17.94,4,0.9659258262890683,26.979583333333334,0.8660254037844387,4.38,32.58989583333334,1503.1897999999999,0.49999999999999994,35.3157,0.73,0.67,15.275956144542254,0.25881904510252074,1.9196961565126416,56.66,5,44.712500000000006
74.58,56.66,26.66584584314926,0,16.89,11.10743989294465,0,17.93666666666667,8.38,55.24,52.71,2024,12.93,1,29.47,0.0,12,63.13,27.8,29.10979166666667,59.52,2024-01-12 06:00:00,17.94,22.407464288849003,Hourly,17.93,4.02,9.32,26.53,4.38,0.0,17.0,7.549900496032946,AIIMS,17.94,4,1.0,22.517500000000002,0.8660254037844387,4.32,31.142395833333335,1722.5215,0.49999999999999994,36.458400000000005,0.67,0.66,14.931557249357736,6.123233995736766e-17,0.005773502350605548,58.45,6,37.365
72.44,58.45,25.178792636510913,0,23.33,11.647625316811698,0,17.62666666666667,8.89,56.68,55.24,2024,12.64,1,32.62,-0.05239687848383507,12,63.13,27.9,28.20979166666667,63.13,2024-01-12 07:00:00,17.94,20.862474492035002,Hourly,17.94,3.6,8.38,29.47,4.32,-0.9400000000000013,17.88,2.274965201198733,AIIMS,17.0,4,0.9659258262890683,19.12333333333333,0.8660254037844387,4.08,31.146979166666668,1790.8379999999997,0.49999999999999994,37.9756,0.66,0.67,14.927008367151853,-0.25881904510252063,0.5427092530346163,54.9,7,22.67
59.91,54.9,24.05590146166308,0,22.01,12.024901646655659,0,17.606666666666673,8.71,60.54,56.68,2024,9.02,1,37.19,0.05176470588235288,12,59.51,26.88,27.37479166666667,63.13,2024-01-12 08:00:00,17.0,20.010338922882145,Hourly,17.94,3.25,8.89,32.62,4.08,0.879999999999999,17.88,1.4846110601765452,AIIMS,17.88,4,0.8660254037844387,18.325,0.8660254037844387,4.01,30.91989583333333,2056.2351,0.49999999999999994,42.983399999999996,0.67,0.71,15.091645084197058,-0.4999999999999998,0.5262445565793437,55.29,8,21.26
57.68,55.29,23.105762775253375,0,30.44,12.335230792435587,0,17.58666666666667,8.17,67.28,60.54,2024,9.34,1,42.88,0.0,12,70.22,34.86,26.624791666666667,59.51,2024-01-12 09:00:00,17.88,19.401670659201532,Hourly,17.0,3.23,8.71,37.19,4.01,0.0,21.45,0.37418800978277456,AIIMS,17.88,4,0.7071067811865476,17.761666666666667,0.8660254037844387,4.77,30.7478125,2548.7872,0.49999999999999994,49.114399999999996,0.71,0.73,15.220652754679367,-0.7071067811865475,0.508068236882989,59.44,9,17.93
125.69,59.44,22.85103004059901,0,30.35,12.127021830415677,0,19.070000000000004,7.01,69.25,67.28,2024,14.9,1,43.64,0.19966442953020136,12,70.22,52.06,25.50729166666667,70.22,2024-01-12 10:00:00,17.88,19.98690761371538,Hourly,17.88,3.04,8.17,42.88,4.77,3.5700000000000003,22.11,1.5627209177153762,AIIMS,21.45,4,0.49999999999999994,18.348333333333333,0.8660254037844387,4.8,30.373229166666665,2722.2632000000003,0.49999999999999994,52.63,0.73,0.76,15.338722356222574,-0.8660254037844387,2.061140461006007,62.38,10,17.94
80.96,62.38,22.737025418968393,0,69.29,8.787678904058401,0,20.480000000000004,7.98,69.29,69.25,2024,14.74,1,43.53,0.030769230769230778,12,64.39,44.712500000000006,23.011458333333337,70.22,2024-01-12 11:00:00,21.45,20.59350543836813,Hourly,17.88,2.56,7.01,43.64,4.8,0.6600000000000001,22.62,2.1585056559261506,AIIMS,22.11,4,0.258819045102521,19.043333333333333,0.8660254037844387,5.18,30.029895833333338,2712.3543,0.49999999999999994,54.046200000000006,0.76,0.78,15.43120586314781,-0.9659258262890682,2.2757196663904042,62.31,11,17.94
124.26,62.31,22.719021508357873,0,66.48,5.543227833185808,0,22.060000000000006,8.67,61.66,69.29,2024,15.93,1,39.57,0.02306648575305299,12,64.91,37.365,21.170416666666664,64.39,2024-01-12 12:00:00,22.11,21.172503884548664,Hourly,21.45,1.9,7.98,43.53,5.18,0.5100000000000016,22.62,2.4988210553509385,AIIMS,22.62,4,1.2246467991473532e-16,19.823333333333334,0.8660254037844387,4.2,28.0853125,2134.0101,0.49999999999999994,49.328,0.78,0.8,13.021062709428747,-1.0,0.5866003750391293,53.93,12,17.0
115.0,53.93,22.70378743014897,0,45.21,2.3300403169876005,0,22.450000000000006,8.96,56.73,61.66,2024,17.89,1,34.38,0.0,12,64.91,22.67,19.941666666666666,64.91,2024-01-12 13:00:00,22.62,21.586074203249048,Hourly,22.11,2.26,8.67,39.57,4.2,0.0,22.49,2.2718538685396346,AIIMS,22.62,4,-0.2588190451025208,20.76,0.8660254037844387,4.7,26.2578125,1900.5264000000002,0.49999999999999994,46.51859999999999,0.8,0.82,10.162097452118527,-0.9659258262890683,0.29444863727999276,55.28,13,17.88
75.1,55.28,22.670897056279898,0,35.38,2.3113842107483493,0,22.57666666666667,7.91,56.55,56.73,2024,18.09,1,31.94,-0.005747126436781722,12,60.93,21.26,19.926666666666666,64.91,2024-01-12 14:00:00,22.62,21.84433871660646,Hourly,22.62,3.67,8.96,34.38,4.7,-0.13000000000000256,21.48,1.8419057160086014,AIIMS,22.49,4,-0.4999999999999997,21.528333333333336,0.8660254037844387,4.65,25.311145833333338,1807.4846000000002,0.49999999999999994,45.24,0.82,0.8,9.345242685893062,-0.8660254037844388,0.07505553496829387,56.59,14,17.88
100.2,56.59,22.48768212454453,0,25.32,2.3237606667562463,0,22.19666666666667,8.64,55.95,56.55,2024,18.01,1,30.25,-0.04490884837705639,12,56.28,17.93,19.945,60.93,2024-01-12 15:00:00,22.49,21.740241940433187,Hourly,22.62,3.33,7.91,31.94,4.65,-1.009999999999998,19.97,0.5468241643025242,AIIMS,21.48,4,-0.7071067811865471,22.12833333333333,0.8660254037844387,4.63,24.731979166666672,1744.5175000000002,0.49999999999999994,44.760000000000005,0.8,0.8,9.122159682404224,-0.7071067811865479,0.6240459384767885,57.67,15,21.45
85.14,57.67,22.100346413076142,0,17.59,2.235907381396111,0,21.313333333333336,9.03,49.77,55.95,2024,20.02,1,27.86,-0.07029795158286785,12,50.22,17.94,20.115,56.28,2024-01-12 16:00:00,21.48,21.234458528880847,Hourly,22.49,3.33,8.64,30.25,4.63,-1.5100000000000016,17.78,1.0323064790386418,AIIMS,19.97,4,-0.8660254037844385,21.88166666666667,0.8660254037844387,3.92,24.5090625,1394.6716000000001,0.49999999999999994,39.816,0.8,0.8,9.172395756825576,-0.5000000000000004,1.2682402506344668,50.06,16,22.11
80.88,50.06,21.43567773414135,0,15.81,2.2504861427673073,0,19.74333333333334,9.26,48.13,49.77,2024,19.7,1,25.73,-0.10966449674511757,12,42.76,17.94,20.101666666666667,50.22,2024-01-12 17:00:00,19.97,20.247470377772032,Hourly,21.48,3.79,9.03,27.86,3.92,-2.1899999999999977,16.35,1.9480759738774298,AIIMS,17.78,4,-0.9659258262890683,21.16,0.8660254037844387,4.07,24.51697916666667,1280.8394,0.49999999999999994,38.0227,0.8,0.79,9.166244222190805,-0.25881904510252063,1.8603852647581844,49.78,17,22.62
126.33,49.78,20.65326577504268,0,27.8,2.4290494150193527,0,18.03333333333334,8.56,53.67,48.13,2024,17.51,1,27.91,-0.08042744656917883,12,40.15,17.0,19.969166666666666,42.76,2024-01-12 18:00:00,17.78,19.13390741269431,Hourly,19.97,3.24,9.26,25.73,4.07,-1.4299999999999997,14.43,2.585627583392184,AIIMS,16.35,4,-1.0,20.115,0.8660254037844387,4.46,24.539479166666666,1573.8449,0.49999999999999994,43.4727,0.79,0.81,9.14457947006447,-1.8369701987210297e-16,1.8232480175032106,56.39,18,22.62
101.69,56.39,19.695840271189958,0,27.9,2.799660693726975,0,16.18666666666667,7.65,57.17,53.67,2024,17.3,1,30.63,-0.11743119266055055,12,36.46,17.88,19.755,40.15,2024-01-12 19:00:00,16.35,17.78993386621022,Hourly,17.78,3.43,8.56,27.91,4.46,-1.9200000000000017,17.39,3.1078030825646796,AIIMS,14.43,4,-0.9659258262890684,18.75,0.8660254037844387,4.8,23.98239583333333,1834.1244,0.49999999999999994,48.594500000000004,0.81,0.85,9.342420884214258,0.2588190451025203,1.6809620261414022,59.88,19,22.49
55.86,59.88,19.34109561408381,0,26.88,2.8328702384469704,0,16.056666666666672,8.36,56.72,57.17,2024,15.26,1,32.55,0.2051282051282052,12,35.52,17.88,19.714166666666667,36.46,2024-01-12 20:00:00,14.43,17.675667047293015,Hourly,16.35,3.09,7.65,30.63,4.8,2.960000000000001,17.39,2.5226652572227146,AIIMS,17.39,4,-0.8660254037844386,17.900000000000002,0.8660254037844387,4.61,23.544479166666665,1861.2089999999998,0.49999999999999994,51.048,0.85,0.9,9.396966670014738,0.5000000000000001,1.5016435440308087,57.18,20,21.48
67.3,57.18,19.040927058070913,0,34.86,2.865060155907639,0,16.40333333333334,9.08,55.84,56.72,2024,18.28,1,34.78,0.0,12,34.69,21.45,19.673333333333336,35.52,2024-01-12 21:00:00,17.39,17.594047890923584,Hourly,14.43,3.28,8.36,32.55,4.61,0.0,15.61,1.8152070588958236,AIIMS,17.39,4,-0.7071067811865477,17.218333333333334,0.8660254037844387,4.47,23.1490625,1757.0856,0.49999999999999994,52.4896,0.9,0.94,9.450024177921971,0.7071067811865474,1.7089567968001418,50.52,21,19.97
158.01,50.52,18.513092126060002,0,52.06,3.0272439711073638,0,16.79666666666667,8.72,59.42,55.84,2024,18.15,1,36.57,-0.102357676825762,12,30.74,22.11,19.186666666666667,34.69,2024-01-12 22:00:00,17.39,17.027177064945416,Hourly,17.39,3.49,9.08,34.78,4.47,-1.7800000000000011,14.18,1.290091728004349,AIIMS,15.61,4,-0.5000000000000004,16.491666666666667,0.8660254037844387,4.33,22.346979166666667,1978.4370000000001,0.49999999999999994,55.260600000000004,0.94,0.93,9.227132279173613,0.8660254037844384,1.0276834791556164,54.1,22,17.78
134.18,54.1,17.84646256820462,0,44.712500000000006,3.1921308310318484,0,15.726666666666672,7.59,62.14,59.42,2024,16.58,1,36.99,-0.09160794362588083,12,26.21,22.62,18.525833333333335,30.74,2024-01-12 23:00:00,15.61,16.213697903532438,Hourly,17.39,3.05,8.72,36.57,4.33,-1.4299999999999997,12.88,1.4032593012929795,AIIMS,14.18,4,-0.25881904510252157,15.891666666666666,0.8660254037844387,4.31,20.768645833333334,2173.1625,0.49999999999999994,54.6832,0.93,0.88,6.8596741817651985,0.9659258262890681,1.6081770217639002,58.75,23,16.35
208.60979582257687,58.75,17.082391403865447,23,37.365,3.29316498312193,1,14.223333333333338,23.754348744426192,54.45171321286083,62.14,2025,15.09,1,22.5009199718376,-0.09167842031029612,1,76.60766721426896,22.62,17.714166666666667,26.21,2025-01-01 01:00:00,14.18,15.261212788237456,Hourly,15.61,5.463184698427599,7.59,36.99,4.31,-1.299999999999999,27.428911053743253,1.8275083219140955,AIIMS,12.88,2,0.25881904510252074,15.313333333333334,0.8660254037844387,3.4125346162872567,19.442291666666666,1496.2688271818413,0.49999999999999994,40.31573665294476,0.88,0.7403942736446844,4.795692809169645,0.9659258262890683,1.3655157755695928,66.49811781272001,1,14.43
208.61855432996947,66.49811781272001,18.6741636576928,23,22.67,4.130553716108356,1,18.162970351247754,23.7562508800751,54.45080849565829,54.45171321286083,2025,14.85,1,22.49921497301103,1.1295738395763393,1,76.61359774700774,22.49,18.114909254478604,76.60766721426896,2025-01-01 02:00:00,12.88,18.737698006953398,Hourly,14.18,5.463468669326449,23.754348744426192,22.5009199718376,3.4125346162872567,14.548911053743252,27.430623093170617,5.1873679444907985,AIIMS,27.428911053743253,2,0.49999999999999994,17.47981850895721,0.8660254037844387,3.4124290072752874,19.028287960572637,1496.175961803822,0.49999999999999994,40.31417228389533,0.7403942736446844,0.7403778455761558,3.4098223627240056,0.8660254037844387,8.050822493796405,66.49902957052335,2,17.39
208.62731283736213,66.49902957052335,20.021311263150928,23,21.26,4.798514665375002,1,22.57984471563796,23.75815301572401,54.44990377845576,54.45080849565829,2025,70.20333333333333,1,22.497509974184464,6.241733126078048e-05,1,76.61952827974653,21.48,18.526627845576154,76.61359774700774,2025-01-01 03:00:00,27.428911053743253,21.221390888729744,Hourly,12.88,5.463752640225299,23.7562508800751,22.49921497301103,3.4124290072752874,0.001712039427363976,27.432335132597984,6.58410242098019,AIIMS,27.430623093170617,2,0.7071067811865476,19.15325569115231,0.8660254037844387,3.4123233982633185,19.226647256121414,1496.0830933167113,0.49999999999999994,40.31260794457142,0.7403778455761558,0.7403614175076273,3.7521662832920755,0.7071067811865476,8.4003119801221,66.49994132832668,3,17.39
174.29,61.81,21.84982893189377,0,27.47,3.6127764652520034,0,24.32666666666667,25.65,54.74,54.46,2025,12.88,1,25.71,-0.049980476376415506,3,80.21,21.95,19.88416666666667,75.18,2025-01-03 02:00:00,25.61,22.64092855759692,Hourly,23.04,7.01,25.73,25.36,7.11,-1.2800000000000011,21.79,3.512911423117108,AIIMS,24.33,4,0.49999999999999994,21.97666666666667,0.8660254037844387,6.44,22.92,1589.1351000000002,0.49999999999999994,49.266000000000005,0.96,0.9,4.086978260811083,0.8660254037844387,1.2850032425380398,61.81,2,16.75
174.68,61.81,21.840624480833192,0,26.95,3.6047455044032057,0,23.910000000000007,25.96,52.81,54.74,2025,27.428911053743253,1,24.32,-0.10439786272092065,3,78.1,19.43,19.870833333333334,80.21,2025-01-03 03:00:00,24.33,22.397806112569228,Hourly,25.61,8.1,25.65,25.71,6.44,-2.539999999999999,31.08,2.4570687142745244,AIIMS,21.79,4,0.7071067811865476,22.816666666666666,0.8660254037844387,6.26,22.683333333333334,1465.28,0.49999999999999994,44.3604,0.9,0.84,3.9749658644047408,0.7071067811865476,1.9443250757010628,60.25,3,18.53
233.27,60.25,23.26206686839732,0,26.1,4.834318290445231,0,25.733333333333338,26.18,49.11,52.81,2025,27.430623093170617,1,21.05,0.42634235888022026,3,67.13,17.14,20.841666666666665,78.1,2025-01-03 04:00:00,21.79,24.878432937549448,Hourly,24.33,10.98,25.96,24.32,6.26,9.29,28.42,3.281544859767525,AIIMS,31.08,4,0.8660254037844386,24.90833333333333,0.8660254037844387,6.21,22.85541666666667,1229.741,0.49999999999999994,39.288000000000004,0.84,0.8,4.247746184145433,0.5000000000000001,4.801357446944901,58.42,4,23.6
154.38,58.42,24.05559504249004,0,25.81,5.136346124936625,0,27.096666666666675,26.26,47.9,49.11,2025,27.432335132597984,1,19.86,-0.08558558558558547,3,56.78,16.34,21.781666666666666,67.13,2025-01-03 05:00:00,31.08,25.89030924110675,Hourly,21.79,4.79,26.18,21.05,6.21,-2.6599999999999966,23.88,3.4811114125616074,AIIMS,28.42,4,0.9659258262890683,25.71166666666667,0.8660254037844387,5.96,22.952083333333334,1146.3192,0.49999999999999994,35.446,0.8,0.74,4.349962497755426,0.25881904510252074,4.78429026432691,57.72,5,23.04
256.92,77.32,53.29298075368388,0,21.79,39.83373729033157,0,92.69666666666667,25.33,63.1,61.69,2025,27.47,1,25.74,0.0,4,247.94,27.71,41.009166666666665,247.94,2025-01-04 03:00:00,126.15,73.95484055983785,Hourly,25.79,5.58,25.58,24.41,30.64,0.0,102.65,53.10015555532771,AIIMS,126.15,5,0.7071067811865476,57.620000000000005,0.8660254037844387,27.05,34.23916666666667,2030.3711999999998,0.49999999999999994,89.602,1.47,1.42,28.51030445549335,0.7071067811865476,57.942873015870845,78.88,3,22.43
167.04,78.88,60.886368330040206,0,31.08,43.28417419341694,0,118.31666666666668,25.35,64.63,63.1,2025,26.95,1,29.34,-0.18628616726119698,4,244.54,26.67,47.25416666666667,247.94,2025-01-04 04:00:00,126.15,82.15345754274132,Hourly,126.15,7.61,25.33,25.74,27.05,-23.5,91.11,52.56416269665104,AIIMS,102.65,5,0.8660254037844386,70.99,0.8660254037844387,16.83,37.608333333333334,2288.2266,0.49999999999999994,89.83569999999999,1.42,1.39,31.58693396171028,0.5000000000000001,13.567731325956208,77.99,4,21.85
213.8,77.99,65.53615781772632,0,28.42,44.47910693559257,0,106.63666666666667,25.68,64.91,64.63,2025,26.1,1,30.48,-0.11242084754018515,4,228.09,26.19,52.62416666666667,244.54,2025-01-04 05:00:00,102.65,84.71246967338666,Hourly,126.15,9.62,25.35,29.34,16.83,-11.540000000000006,91.11,46.91596643645601,AIIMS,91.11,5,0.9659258262890683,82.53333333333333,0.8660254037844387,12.78,40.10958333333333,2254.3008,0.49999999999999994,86.3303,1.39,1.33,33.373740194971354,0.25881904510252074,17.856946360823663,73.96,5,23.35
253.35,73.96,69.47059507653765,0,23.88,44.917578550928006,0,94.95666666666666,26.13,58.55,64.91,2025,25.81,1,26.7,0.0,4,186.1,23.99,58.034166666666664,228.09,2025-01-04 06:00:00,91.11,86.54033548099048,Hourly,102.65,9.82,25.68,30.48,12.78,0.0,74.33,36.90852349616097,AIIMS,91.11,5,1.0,93.82666666666667,0.8660254037844387,14.89,42.721666666666664,1804.653,0.49999999999999994,69.6745,1.33,1.19,34.840128620871056,6.123233995736766e-17,6.662622106448283,67.59,6,25.79
197.22,67.59,70.21819583399339,0,22.5,43.78547921573447,0,85.51666666666667,26.33,53.37,58.55,2025,25.75,1,21.94,-0.1841729777192405,4,132.73,21.64,62.229166666666664,186.1,2025-01-04 07:00:00,91.11,83.05166820070748,Hourly,91.11,2.59,26.13,26.7,14.89,-16.78,56.84,20.8309334084353,AIIMS,74.33,5,0.9659258262890683,101.91666666666667,0.8660254037844387,12.91,44.82375,1429.1716000000001,0.49999999999999994,60.30809999999999,1.19,1.13,35.174239068126795,-0.25881904510252063,9.687937517001904,65.14,7,126.15
194.93,65.14,68.16001185953287,0,24.9,41.9601103051241,0,74.09333333333335,26.32,53.47,53.37,2025,24.87,1,22.22,-0.23530203148123227,4,162.11,20.19,65.16250000000001,132.73,2025-01-04 08:00:00,74.33,75.56262014336248,Hourly,91.11,6.4,26.33,21.94,12.91,-17.489999999999995,65.09,23.721906963817215,AIIMS,56.84,5,0.8660254037844387,90.36500000000001,0.8660254037844387,12.88,46.254583333333336,1451.4103999999998,0.49999999999999994,59.3517,1.13,1.11,34.92422156602423,-0.4999999999999998,17.13622576104004,65.32,8,126.15
286.76,65.32,67.68770234268166,0,29.33,39.51597846172961,0,65.42,26.38,53.33,53.47,2025,27.66,1,22.08,0.1451442646023927,4,180.23,22.43,68.90416666666665,162.11,2025-01-04 09:00:00,56.84,72.57044295954464,Hourly,74.33,6.69,26.32,22.22,12.88,8.25,65.09,17.60975004554769,AIIMS,65.09,5,0.7071067811865476,80.18833333333333,0.8660254037844387,19.11,47.92916666666667,1428.1344000000001,0.49999999999999994,58.663000000000004,1.11,1.1,34.81914889410916,-0.7071067811865475,8.749668565151408,64.68,9,102.65
347.88,64.68,67.28805582842294,0,27.25,36.77904726096425,0,62.34000000000001,26.58,49.46,53.33,2025,26.61,1,18.3,0.0,4,180.23,21.85,72.45916666666666,180.23,2025-01-04 10:00:00,65.09,70.43317354253188,Hourly,56.84,8.94,26.38,22.08,19.11,0.0,63.04,14.414049280707594,AIIMS,65.09,5,0.49999999999999994,73.92833333333334,0.8660254037844387,27.7,49.41916666666666,1202.8590000000002,0.49999999999999994,52.427600000000005,1.1,1.06,34.753707830546844,-0.8660254037844387,4.763139720814267,65.73,10,91.11
59.84,65.73,66.63450877789633,0,26.81,33.39260909878474,0,64.40666666666668,26.79,47.46,49.46,2025,26.73,1,13.1,-0.03149485328007381,4,132.63,23.35,75.89166666666667,180.23,2025-01-04 11:00:00,65.09,68.32083824466562,Hourly,65.09,8.89,26.58,18.3,27.7,-2.0500000000000043,66.09,12.090073614333404,AIIMS,63.04,5,0.258819045102521,69.25,0.8660254037844387,27.6,50.91041666666666,890.8,0.49999999999999994,47.46,1.06,1.0,34.52821662491563,-0.9659258262890682,1.1835680518381917,68.0,11,91.11
51.45,68.0,66.55073819668151,0,29.77,29.30862433834211,0,64.74000000000001,27.3,41.5,47.46,2025,26.13,1,8.27,0.04838197969543154,4,101.28,25.79,79.45333333333333,132.63,2025-01-04 12:00:00,63.04,67.68345588904688,Hourly,65.09,8.29,26.79,13.1,27.6,3.0500000000000043,73.48,5.632796818632912,AIIMS,66.09,5,1.2246467991473532e-16,65.08,0.8660254037844387,29.23,52.54708333333334,523.0775,0.49999999999999994,39.839999999999996,1.0,0.96,34.2661256838887,-1.0,1.5548311805462174,63.25,12,74.33
42.31,63.25,67.61677847411512,0,32.82,24.14981540490336,0,67.53666666666668,27.51,37.48,41.5,2025,24.28,1,6.15,0.11181721894386443,4,101.28,126.15,83.4275,101.28,2025-01-04 13:00:00,66.09,69.3396113493192,Hourly,63.04,8.37,27.3,8.27,29.23,7.390000000000001,73.48,5.357594298439155,AIIMS,73.48,5,-0.2588190451025208,64.93833333333333,0.8660254037844387,32.84,54.36833333333334,361.62,0.49999999999999994,33.732,0.96,0.9,34.164330581148086,-0.9659258262890683,5.36824303970417,58.8,13,56.84
43.8,58.8,68.51881255502049,0,31.08,20.13118965609573,0,71.01666666666668,27.6,34.35,37.48,2025,23.11,1,5.56,0.0,4,93.13,126.15,79.03833333333334,101.28,2025-01-04 14:00:00,73.48,70.522579535228,Hourly,66.09,8.31,27.51,6.15,32.84,0.0,71.06,4.5770707517655405,AIIMS,73.48,5,-0.4999999999999997,67.71166666666666,0.8660254037844387,33.55,56.0625,299.8508,0.49999999999999994,29.1975,0.9,0.85,34.05728834082999,-0.8660254037844388,4.266618489311235,53.93,14,65.09
31.15,53.93,68.90976446963272,0,27.71,13.64867101422496,0,72.67333333333335,27.72,18.12,34.35,2025,21.95,1,2.09,-0.03293413173652697,4,87.47,102.65,74.4475,93.13,2025-01-04 15:00:00,73.48,70.67612823944857,Hourly,73.48,9.2,27.6,5.56,33.55,-2.4200000000000017,61.08,4.541936444586987,AIIMS,71.06,5,-0.7071067811865471,68.70666666666666,0.8660254037844387,34.85,57.72833333333333,62.5746,0.49999999999999994,15.2208,0.85,0.84,33.75865372684869,-0.7071067811865479,1.3971876514386246,29.94,15,65.09
52.17,29.94,67.70518532045845,0,26.67,10.82275408852134,0,68.54,27.77,19.27,18.12,2025,19.43,1,2.01,-0.14044469462426123,4,87.24,91.11,70.98333333333333,87.47,2025-01-04 16:00:00,71.06,67.93437731389183,Hourly,73.48,8.21,27.72,2.09,34.85,-9.980000000000004,61.08,5.395399583595969,AIIMS,61.08,5,-0.8660254037844385,68.03833333333333,0.8660254037844387,37.61,59.11875,64.7421,0.49999999999999994,14.4525,0.84,0.75,33.15025690929369,-0.5000000000000004,6.572883689827406,32.21,16,63.04
68.25,32.21,66.68592604038793,0,26.19,9.076920240952079,0,64.40666666666668,27.83,16.7,19.27,2025,17.14,1,1.97,0.0,4,87.24,91.11,68.48083333333334,87.24,2025-01-04 17:00:00,61.08,65.97598379563702,Hourly,71.06,7.38,27.77,2.01,37.61,0.0,55.93,5.8025250250789595,AIIMS,61.08,5,-0.9659258262890683,67.71166666666666,0.8660254037844387,32.39,60.55250000000001,54.2341,0.49999999999999994,11.857,0.75,0.71,32.42194576812602,-0.25881904510252063,5.761955686512383,27.53,17,66.09
63.78,27.53,65.03116818802056,0,23.99,6.38608922628398,0,59.363333333333344,27.83,23.61,16.7,2025,16.34,1,1.96,-0.08431565160445316,4,73.3,74.33,65.54916666666666,87.24,2025-01-04 18:00:00,61.08,63.1057027111693,Hourly,61.08,9.02,27.83,1.97,32.39,-5.149999999999999,48.8,7.580502401996041,AIIMS,55.93,5,-1.0,66.01833333333333,0.8660254037844387,49.12,61.791666666666664,79.4584,0.49999999999999994,16.763099999999998,0.71,0.71,31.609665784606033,-1.8369701987210297e-16,2.973353886326407,40.54,18,73.48
103.2,40.54,62.53406538986355,0,21.64,7.371443467047597,0,55.27000000000001,27.16,23.85,23.61,2025,15.95,1,1.92,-0.12748077954586096,4,91.52,56.84,63.421666666666674,73.3,2025-01-04 19:00:00,55.93,59.01835907940664,Hourly,61.08,10.0,27.83,1.96,49.12,-7.130000000000003,44.24,9.236856066866123,AIIMS,48.8,5,-0.9659258262890684,61.905,0.8660254037844387,58.7,62.82541666666666,69.61919999999999,0.49999999999999994,20.034,0.71,0.84,30.71262479108504,0.2588190451025203,6.166546845682679,36.26,19,73.48
111.72,36.26,59.719593791423,0,20.19,9.09099437838781,0,49.65666666666667,26.9,20.76,23.85,2025,15.94,1,3.51,-0.09344262295081958,4,120.61,65.09,62.37166666666667,91.52,2025-01-04 20:00:00,48.8,54.79597077100475,Hourly,55.93,10.4,27.16,1.92,58.7,-4.559999999999995,56.69,9.614290232079988,AIIMS,44.24,5,-0.8660254037844386,57.031666666666666,0.8660254037844387,41.81,63.767083333333325,120.0771,0.49999999999999994,19.722,0.84,0.95,29.725556195354685,0.5000000000000001,5.891895563681715,34.21,20,71.06
100.87,34.21,59.25350243889639,0,22.43,9.185561628133714,0,49.910000000000004,27.0,27.56,20.76,2025,16.75,1,3.34,0.28141952983725127,4,127.27,65.09,61.671666666666674,120.61,2025-01-04 21:00:00,44.24,55.33712197928911,Hourly,48.8,7.56,26.9,3.51,41.81,12.449999999999996,56.69,6.798225258600136,AIIMS,56.69,5,-0.7071067811865477,54.63666666666666,0.8660254037844387,27.92,65.28791666666667,155.5438,0.49999999999999994,25.6308,0.95,0.93,28.298573013518727,0.7071067811865474,6.2987855972400695,46.57,21,61.08
109.67,46.57,58.85911744829694,0,21.85,9.221378159012636,0,52.54000000000001,27.04,27.65,27.56,2025,18.53,1,4.51,0.0,4,132.86,63.04,60.97166666666667,127.27,2025-01-04 22:00:00,56.69,55.72365855663507,Hourly,44.24,9.06,27.0,3.34,27.92,0.0,64.49,6.17360429570946,AIIMS,56.69,5,-0.5000000000000004,53.905,0.8660254037844387,38.54,66.71541666666667,206.1521,0.49999999999999994,38.157,0.93,1.38,26.870728696639524,0.8660254037844384,7.188010851410767,45.71,22,61.08
128.99,45.71,59.72540707163587,0,23.35,9.26036237755502,0,59.29,27.36,27.65,27.65,2025,23.6,1,4.07,0.1375904039513141,4,132.86,66.09,61.092499999999994,132.86,2025-01-04 23:00:00,56.69,58.22832754045362,Hourly,56.69,9.76,27.04,4.51,38.54,7.799999999999997,64.49,7.059610943010165,AIIMS,64.49,5,-0.25881904510252157,54.473333333333336,0.8660254037844387,23.89,68.49208333333333,186.0397,0.49999999999999994,29.862000000000002,1.38,1.08,25.128469213946026,0.9659258262890681,4.503332099678965,45.71,23,55.93
165.0,45.71,60.45842136830728,0,25.79,9.193140187941856,0,61.89000000000001,28.07,21.44,27.65,2025,23.04,1,4.08,0.0,5,25.4,73.48,60.95916666666667,132.86,2025-01-05 01:00:00,64.49,60.01737681460972,Hourly,56.69,0.76,27.36,4.07,23.89,0.0,16.36,8.187673662280517,AIIMS,64.49,6,0.25881904510252074,55.9,0.8660254037844387,1.66,70.20625,136.5984,0.49999999999999994,10.72,1.08,0.5,23.248008201265083,0.9659258262890683,4.503332099678961,33.48,1,48.8
206.72,33.48,53.67404885010616,0,126.15,15.045613349432008,0,48.44666666666668,28.13,23.14,21.44,2025,25.61,1,4.81,-0.7463172584896883,5,24.23,73.48,56.19916666666666,25.4,2025-01-05 02:00:00,64.49,47.54384058186409,Hourly,64.49,0.53,28.07,4.08,1.66,-48.129999999999995,13.5,18.290977739494114,AIIMS,16.36,6,0.49999999999999994,50.49333333333333,0.8660254037844387,1.56,69.81333333333333,171.33219999999997,0.49999999999999994,10.644400000000001,0.5,0.46,24.095568357952367,0.8660254037844387,27.787868456096675,35.62,2,44.24
287.11,35.62,47.49342595008983,0,126.15,18.37702837701727,0,31.450000000000006,28.12,22.55,23.14,2025,24.33,1,4.82,-0.1748166259168704,5,19.82,71.06,51.20083333333333,24.23,2025-01-05 03:00:00,16.36,37.817028987045774,Hourly,64.49,0.58,28.13,4.81,1.56,-2.8599999999999994,10.93,23.852507624985744,AIIMS,13.5,6,0.7071067811865476,45.37,0.8660254037844387,1.19,65.11958333333332,166.1454,0.49999999999999994,9.922,0.46,0.44,23.611288840052907,0.7071067811865476,28.649190215431915,34.47,3,56.69
284.28,34.47,41.86828349622985,0,102.65,20.540246524146898,0,13.596666666666676,27.82,27.6,22.55,2025,21.79,1,6.84,-0.19037037037037038,5,24.54,61.08,46.19,19.82,2025-01-05 04:00:00,13.5,30.135020705032694,Hourly,16.36,0.72,28.12,4.82,1.19,-2.5700000000000003,14.17,26.659653161034758,AIIMS,10.93,6,0.8660254037844386,37.74333333333333,0.8660254037844387,0.97,60.31875,287.964,0.49999999999999994,12.420000000000002,0.44,0.45,22.342185933399833,0.5000000000000001,2.716290362485928,42.1,4,56.69
101.37,42.1,37.60700911219449,0,91.11,21.869672424837525,0,12.866666666666676,27.55,29.98,27.6,2025,31.08,1,10.58,0.2964318389752974,5,41.85,61.08,42.280833333333334,24.54,2025-01-05 05:00:00,10.93,25.573586217880496,Hourly,13.5,0.71,27.82,6.84,0.97,3.24,18.08,26.26437257325351,AIIMS,14.17,6,0.9659258262890683,30.656666666666666,0.8660254037844387,1.49,56.632083333333334,422.77680000000004,0.49999999999999994,13.491,0.45,0.45,22.35344676839651,0.25881904510252074,1.710331351912243,39.96,5,64.49
160.21,39.96,34.602853864164565,0,91.11,22.031581928511837,0,14.393333333333343,27.59,29.18,29.98,2025,28.42,1,13.23,0.2759350741002116,5,72.37,55.93,38.6975,41.85,2025-01-05 06:00:00,14.17,23.432561584200354,Hourly,10.93,0.7,27.55,10.58,1.49,3.9099999999999984,28.3,20.511377736921336,AIIMS,18.08,6,1.0,22.921666666666667,0.8660254037844387,1.62,53.58916666666667,452.99520000000007,0.49999999999999994,16.6326,0.45,0.57,22.426569629845726,6.123233995736766e-17,3.5802281119132484,34.24,6,64.49
146.91,34.24,33.63318403890848,0,74.33,21.504391729048415,0,20.18333333333334,27.41,31.85,29.18,2025,23.88,1,12.98,0.5652654867256639,5,91.42,48.8,36.395,72.37,2025-01-05 07:00:00,18.08,24.823258274428824,Hourly,14.17,0.51,27.59,13.23,1.62,10.220000000000002,35.57,6.104051113810093,AIIMS,28.3,6,0.9659258262890683,16.89,0.8660254037844387,1.5,50.97208333333333,518.2914000000001,0.49999999999999994,18.1545,0.57,0.57,21.50351194353603,-0.25881904510252063,7.296042306163921,39.93,7,16.36
235.49,39.93,33.931155725230255,0,56.84,21.146755661330236,0,27.316666666666677,27.33,32.01,31.85,2025,22.5,1,13.17,0.2568904593639576,5,82.62,44.24,35.2925,91.42,2025-01-05 08:00:00,28.3,27.893755910306304,Hourly,18.08,0.68,27.41,12.98,1.5,7.27,32.72,9.73092681437244,AIIMS,35.57,6,0.8660254037844387,20.091666666666665,0.8660254037844387,1.63,49.35708333333333,524.2977000000001,0.49999999999999994,17.9256,0.57,0.56,21.12515304378143,-0.4999999999999998,8.786366332752893,39.81,8,13.5
228.84,39.81,33.74482407519483,0,65.09,20.964339473149565,0,32.19666666666668,27.8,30.99,32.01,2025,24.9,1,12.69,-0.08012369974697783,5,72.29,56.69,34.3325,82.62,2025-01-05 09:00:00,35.57,29.27268279307593,Hourly,28.3,1.18,27.33,13.17,1.63,-2.8500000000000014,32.88,10.275323352576578,AIIMS,32.72,6,0.7071067811865476,23.294999999999998,0.8660254037844387,1.83,48.35208333333333,489.19949999999994,0.49999999999999994,17.0445,0.56,0.55,21.326464469652763,-0.7071067811865475,3.6631452787643215,38.55,9,10.93
235.28,38.55,33.611774217472544,0,65.09,19.74737673410801,0,33.72333333333335,27.92,23.88,30.99,2025,29.33,1,7.86,0.004889975550122362,5,54.28,56.69,32.348333333333336,72.29,2025-01-05 10:00:00,32.72,30.303344852197093,Hourly,35.57,1.2,27.8,12.69,1.83,0.1600000000000037,22.69,8.793064691373074,AIIMS,32.88,6,0.49999999999999994,26.953333333333333,0.8660254037844387,1.45,47.01,260.08740000000006,0.49999999999999994,13.372800000000002,0.55,0.56,21.24066546898229,-0.8660254037844387,1.601259920604173,33.09,10,14.17
237.79,33.09,31.931501260938308,0,63.04,18.325295731211718,0,29.43000000000001,28.03,25.64,23.88,2025,27.25,1,5.48,-0.3099148418491484,5,44.32,64.49,29.515,54.28,2025-01-05 11:00:00,32.88,28.128103465855066,Hourly,32.72,1.01,27.92,7.86,1.45,-10.190000000000001,18.46,6.771320895266424,AIIMS,22.69,6,0.258819045102521,28.373333333333335,0.8660254037844387,1.53,45.24333333333334,215.7476,0.49999999999999994,14.102000000000002,0.56,0.55,21.433906837504907,-0.9659258262890682,5.83755942153911,39.37,11,18.08
304.26,39.37,29.85896260540934,0,66.09,14.82129945127098,0,24.676666666666677,28.67,22.4,25.64,2025,26.81,1,4.23,-0.1864257382106655,5,35.32,64.49,25.679166666666664,44.32,2025-01-05 12:00:00,22.69,25.365788189896477,Hourly,32.88,1.02,28.03,5.48,1.53,-4.23,19.04,6.65659572654609,AIIMS,18.46,6,1.2246467991473532e-16,28.436666666666667,0.8660254037844387,1.79,43.38583333333333,148.43070000000003,0.49999999999999994,11.424,0.55,0.51,21.753862808739235,-1.0,7.4124377456632615,35.09,12,28.3
305.57,35.09,28.19450681996175,0,73.48,8.431736404079658,0,20.063333333333343,28.66,16.27,22.4,2025,29.77,1,3.1,0.03141928494041161,5,33.93,16.36,21.891666666666666,35.32,2025-01-05 13:00:00,18.46,23.55842013564034,Hourly,22.69,1.58,28.67,4.23,1.79,0.5799999999999983,20.2,7.688156259251747,AIIMS,19.04,6,-0.2588190451025208,26.893333333333334,0.8660254037844387,2.07,41.42541666666667,77.74799999999999,0.49999999999999994,9.9247,0.51,0.61,21.73887061167192,-0.9659258262890683,2.293171021387965,25.08,13,35.57
256.62,25.08,26.964582693813785,0,73.48,8.27410839287068,0,19.233333333333345,28.6,18.87,16.27,2025,32.82,1,2.51,0.06092436974789917,5,38.15,13.5,22.211666666666662,33.93,2025-01-05 14:00:00,19.04,22.598871525457383,Hourly,18.46,1.43,28.66,3.1,2.07,1.1600000000000001,18.94,6.718364136206975,AIIMS,20.2,6,-0.4999999999999997,24.331666666666667,0.8660254037844387,4.31,39.20541666666667,78.1112,0.49999999999999994,12.454200000000002,0.61,0.66,21.032113950103618,-0.8660254037844388,0.8859646343582407,31.12,14,32.72
240.48,31.12,25.730031510150127,0,71.06,7.8936919579671985,0,19.39333333333334,28.75,17.41,18.87,2025,31.08,1,2.58,-0.06237623762376228,5,43.52,10.93,22.664999999999996,38.15,2025-01-05 15:00:00,20.2,21.55347966104099,Hourly,19.04,1.79,28.6,2.51,4.31,-1.259999999999998,21.72,5.527023611312481,AIIMS,18.94,6,-0.7071067811865471,22.035,0.8660254037844387,4.73,36.932916666666664,72.3948,0.49999999999999994,11.4906,0.66,0.66,20.09330809631956,-0.7071067811865479,0.7003808487769562,28.06,15,32.88
237.14,28.06,25.113103585511645,0,61.08,6.9993174450779785,0,20.286666666666676,29.09,16.68,17.41,2025,27.71,1,2.83,0.14677930306230186,5,46.08,14.17,23.564166666666665,43.52,2025-01-05 16:00:00,18.94,21.601056900743565,Hourly,20.2,0.6,28.75,2.58,4.73,2.7799999999999976,22.54,1.7010320396764613,AIIMS,21.72,6,-0.8660254037844385,20.175,0.8660254037844387,2.84,34.87708333333333,74.82520000000001,0.49999999999999994,10.008,0.66,0.6,18.940850602810023,-0.5000000000000004,1.3920249039918478,26.44,16,22.69
357.93,26.44,24.71724149543293,0,61.08,6.366498728548464,0,21.066666666666677,29.12,16.5,16.68,2025,26.67,1,3.02,0.03775322283609578,5,42.24,18.08,24.26166666666667,46.08,2025-01-05 17:00:00,21.72,21.869326357673977,Hourly,18.94,5.29,29.09,2.83,2.84,0.8200000000000003,28.09,1.6572145304714962,AIIMS,22.54,6,-0.9659258262890683,20.15,0.8660254037844387,2.97,33.27125,81.4192,0.49999999999999994,9.569999999999999,0.6,0.58,18.2436479267144,-0.25881904510252063,1.8868315593432012,26.96,17,18.46
81.96,26.96,25.23612741921248,0,55.93,6.134466648422595,0,24.116666666666674,28.48,22.05,16.5,2025,26.19,1,3.36,0.24622892635315,5,18.15,28.3,25.09583333333333,42.24,2025-01-05 18:00:00,22.54,23.646661684052837,Hourly,21.72,2.15,29.12,3.02,2.97,5.550000000000001,35.31,3.4194487859895903,AIIMS,28.09,6,-1.0,21.755,0.8660254037844387,2.7,31.896666666666665,120.1872,0.49999999999999994,9.922500000000001,0.58,0.45,17.274355375040358,-1.8369701987210297e-16,3.4653475054218497,35.77,18,19.04
150.91,35.77,26.785953970102867,0,48.8,6.768348798233473,0,28.646666666666675,27.91,24.77,22.05,2025,23.99,1,5.9,0.25703097187611257,5,19.14,35.57,25.680000000000003,18.15,2025-01-05 19:00:00,28.09,26.979044060037744,Hourly,22.54,0.73,28.48,3.36,2.7,7.220000000000002,21.84,6.175939334762937,AIIMS,35.31,6,-0.9659258262890684,24.46666666666667,0.8660254037844387,1.58,31.037500000000005,224.79000000000002,0.49999999999999994,12.6327,0.45,0.51,16.523515325004222,0.2588190451025203,6.4031736922664635,38.1,19,20.2
150.29,38.1,26.025037974702425,0,44.24,6.0688481134598815,0,28.41333333333334,27.49,27.12,24.77,2025,21.64,1,6.46,-0.3814783347493628,5,24.17,32.72,24.535833333333333,19.14,2025-01-05 20:00:00,35.31,25.510745757169815,Hourly,28.09,0.61,27.91,5.9,1.58,-13.470000000000002,14.55,5.982604783871769,AIIMS,21.84,6,-0.8660254037844386,24.74,0.8660254037844387,1.61,29.914166666666663,263.6326,0.49999999999999994,14.644800000000002,0.51,0.54,16.17622165715611,0.5000000000000001,6.740818446845555,40.81,20,18.94
210.74,40.81,24.2596475170559,0,56.69,6.107848651654559,0,23.90000000000001,27.69,26.15,27.12,2025,20.19,1,7.02,-0.33379120879120877,5,27.81,32.88,23.021666666666665,24.17,2025-01-05 21:00:00,21.84,22.379104112264155,Hourly,35.31,1.78,27.49,6.46,1.61,-7.289999999999999,14.61,7.013442568858186,AIIMS,14.55,6,-0.7071067811865477,24.008333333333336,0.8660254037844387,1.59,28.677083333333332,269.2872,0.49999999999999994,13.597999999999999,0.54,0.52,16.16828954389917,0.7071067811865474,10.532193503729415,38.36,21,21.72
218.01,38.36,22.77508636058576,0,56.69,5.689841758997138,0,17.00000000000001,27.82,26.58,26.15,2025,22.43,1,6.64,0.004123711340206097,5,18.5,22.69,21.499166666666667,27.81,2025-01-05 22:00:00,14.55,20.15936008018868,Hourly,21.84,1.62,27.69,7.02,1.59,0.05999999999999872,9.76,8.007605551391267,AIIMS,14.61,6,-0.5000000000000004,22.823333333333334,0.8660254037844387,1.35,26.923750000000002,261.5496,0.49999999999999994,12.758399999999998,0.52,0.48,15.254210484321918,0.8660254037844384,4.19167031146298,39.39,22,22.54
233.6,39.39,20.772765382034105,0,64.49,6.595970992457201,0,12.973333333333343,27.73,25.46,26.58,2025,21.85,1,5.94,-0.3319644079397673,5,9.06,18.46,20.421666666666667,18.5,2025-01-05 23:00:00,14.61,17.188114342991916,Hourly,14.55,1.01,27.82,6.64,1.35,-4.85,9.47,9.63283689608998,AIIMS,9.76,6,-0.25881904510252157,20.693333333333335,0.8660254037844387,1.12,24.968333333333334,230.59080000000003,0.49999999999999994,11.7116,0.48,0.46,14.24733160879647,0.9659258262890681,2.7829899987843163,38.82,23,28.09
158.77,38.82,19.033878400182704,0,64.49,7.3108327159088775,0,11.28000000000001,29.05,9.22,25.46,2025,23.35,1,5.71,-0.029713114754098272,6,63.54,19.04,19.6725,9.06,2025-01-06 01:00:00,9.76,14.982938816422799,Hourly,14.61,4.75,27.73,5.94,1.12,-0.28999999999999915,21.51,9.771654926367699,AIIMS,9.47,0,0.25881904510252074,17.59,0.8660254037844387,6.22,22.67583333333333,68.2345,0.49999999999999994,5.071000000000001,0.46,0.55,11.833613479027052,0.9659258262890683,2.887507575747674,11.95,1,35.31
160.96,11.95,19.41482018476998,0,16.36,7.326160886394516,0,13.58000000000001,29.08,10.85,9.22,2025,25.79,1,7.3,1.2713833157338965,6,62.29,20.2,19.878333333333334,63.54,2025-01-06 02:00:00,9.47,16.847813440301998,Hourly,9.76,4.47,29.05,5.71,6.22,12.040000000000001,25.82,5.423176191126959,AIIMS,21.51,0,0.49999999999999994,15.290000000000001,0.8660254037844387,6.6,20.885,83.73100000000001,0.49999999999999994,6.8355,0.55,0.63,7.792850681177361,0.8660254037844387,6.869112024126568,11.47,2,21.84
246.09,11.47,20.400232464036137,0,13.5,7.525513372199602,0,18.933333333333344,28.77,15.03,10.85,2025,126.15,1,11.4,0.20037192003719193,6,72.73,18.94,20.346666666666668,62.29,2025-01-06 03:00:00,21.51,19.411295314501427,Hourly,9.47,4.45,29.08,7.3,6.6,4.309999999999999,31.5,6.5175537333168885,AIIMS,25.82,0,0.7071067811865476,15.953333333333333,0.8660254037844387,6.66,21.279166666666665,150.024,0.49999999999999994,9.9198,0.63,0.66,7.793268509294871,0.7071067811865476,8.474080087734212,13.16,3,14.55
227.61,13.16,22.10788900803058,0,10.93,8.15887061406008,0,26.276666666666674,28.5,14.42,15.03,2025,126.15,1,11.57,0.21998450813323003,6,83.1,21.72,21.393333333333334,72.73,2025-01-06 04:00:00,25.82,22.865210938929593,Hourly,21.51,5.61,28.77,11.4,6.66,5.68,33.94,8.99153249822702,AIIMS,31.5,0,0.8660254037844386,18.778333333333332,0.8660254037844387,6.53,22.02916666666667,152.4926,0.49999999999999994,9.2288,0.66,0.64,7.877750129411661,0.5000000000000001,5.010632029328575,13.18,4,14.61
211.81,13.18,23.928213776025874,0,14.17,8.929557490139155,0,30.420000000000005,28.71,12.75,14.42,2025,102.65,1,11.74,0.07746031746031738,6,77.73,22.54,22.411666666666665,83.1,2025-01-06 05:00:00,31.5,26.02943638494971,Hourly,25.82,4.96,28.5,11.57,6.53,2.4399999999999977,29.32,10.530570734770533,AIIMS,33.94,0,0.9659258262890683,22.0,0.8660254037844387,6.02,22.987916666666667,97.9116,0.49999999999999994,8.0325,0.64,0.63,7.8684051636171395,0.25881904510252074,4.166341320631331,8.34,5,9.76
226.04,8.34,24.75771934894497,0,18.08,9.150185624876702,0,31.586666666666677,28.77,12.56,12.75,2025,91.11,1,11.17,-0.13612256923983493,6,68.55,28.09,22.97666666666667,77.73,2025-01-06 06:00:00,33.94,26.969597417821223,Hourly,31.5,5.92,28.71,11.74,6.02,-4.619999999999997,29.72,8.882159647293292,AIIMS,29.32,0,1.0,25.26,0.8660254037844387,6.22,23.61916666666667,105.1097,0.49999999999999994,7.033600000000001,0.63,0.56,7.7368333690022375,6.123233995736766e-17,2.31121901457507,9.41,6,9.47
227.29,9.41,25.521147141414975,0,28.3,9.244604446034433,0,30.99333333333334,28.64,13.06,12.56,2025,91.11,1,10.72,0.013642564802182762,6,71.55,35.31,23.1125,68.55,2025-01-06 07:00:00,29.32,27.75542672701516,Hourly,33.94,4.45,28.77,11.17,6.22,0.3999999999999986,27.59,4.397443575533968,AIIMS,29.72,0,0.9659258262890683,28.635,0.8660254037844387,6.34,24.104166666666668,120.4928,0.49999999999999994,7.313600000000001,0.56,0.56,7.7393404486239366,-0.25881904510252063,2.559713525637851,11.24,7,21.51
242.93,11.24,25.839432196581903,0,35.57,8.562031893862487,0,28.876666666666676,28.9,12.47,13.06,2025,74.33,1,10.09,-0.07166890982503361,6,69.69,21.84,22.469166666666666,71.55,2025-01-06 08:00:00,29.72,27.70816194786797,Hourly,29.32,4.87,28.64,10.72,6.34,-2.129999999999999,29.78,2.8584220588764597,AIIMS,27.59,0,0.8660254037844387,29.648333333333337,0.8660254037844387,6.61,24.074583333333333,103.72519999999999,0.49999999999999994,6.983200000000001,0.56,0.56,7.723946377657211,-0.4999999999999998,1.1320924579438563,10.28,8,25.82
241.97,10.28,26.445673397107765,0,32.72,8.812135700615592,0,29.030000000000012,28.88,11.29,12.47,2025,56.84,1,9.68,0.07937658571946363,6,71.72,14.55,23.13083333333333,69.69,2025-01-06 09:00:00,27.59,28.300115677048552,Hourly,29.72,6.28,28.9,10.09,6.61,2.1900000000000013,26.55,2.172578345347177,AIIMS,29.78,0,0.7071067811865476,30.308333333333334,0.8660254037844387,5.96,23.833333333333332,100.18799999999999,0.49999999999999994,6.886899999999999,0.56,0.61,7.434278226809888,-0.7071067811865475,1.24743737317752,10.35,9,31.5
246.83,10.35,26.46172364370657,0,32.88,8.422108846615886,0,27.973333333333343,28.97,9.82,11.29,2025,65.09,1,6.32,-0.10846205507051714,6,74.86,14.61,24.13083333333333,71.72,2025-01-06 10:00:00,29.78,27.80008262646325,Hourly,27.59,5.48,28.88,9.68,5.96,-3.2300000000000004,28.25,2.5385717769390634,AIIMS,26.55,0,0.49999999999999994,29.483333333333334,0.8660254037844387,6.34,23.57625,73.0592,0.49999999999999994,5.499200000000001,0.61,0.56,7.2171190280619415,-0.8660254037844387,1.6487672162356193,11.56,10,33.94
287.18,11.56,26.73684308313633,0,22.69,7.926183450495714,0,28.193333333333342,29.33,7.29,9.82,2025,65.09,1,2.8,0.06403013182674197,6,75.45,9.76,25.267500000000002,74.86,2025-01-06 11:00:00,26.55,27.92863044747375,Hourly,29.78,5.39,28.97,6.32,6.34,1.6999999999999993,26.49,1.3026856873417259,AIIMS,28.25,0,0.258819045102521,28.534999999999997,0.8660254037844387,6.25,23.383333333333336,32.396,0.49999999999999994,3.645,0.56,0.5,7.01671152176762,-0.9659258262890682,1.6157454419967756,11.57,11,29.32
251.31,11.57,26.698867224192277,0,18.46,6.243220080190981,0,27.096666666666675,29.41,6.48,7.29,2025,63.04,1,3.83,-0.06230088495575227,6,74.51,9.47,26.661666666666665,75.45,2025-01-06 12:00:00,28.25,27.517593176766965,Hourly,26.55,6.04,29.33,2.8,6.25,-1.7600000000000016,22.05,1.4639626589061947,AIIMS,26.49,0,1.2246467991473532e-16,28.063333333333333,0.8660254037844387,6.28,23.541666666666668,32.4401,0.49999999999999994,2.9808000000000003,0.5,0.46,7.043209907215444,-1.0,0.9992663975804131,8.47,12,29.72
252.89,8.47,25.98365688200885,0,19.04,3.5838247725025303,0,25.596666666666675,29.38,5.67,6.48,2025,66.09,1,3.01,-0.16761041902604748,6,73.45,21.51,27.709999999999997,74.51,2025-01-06 13:00:00,26.49,25.95542369769069,Hourly,28.25,6.36,29.41,3.83,6.28,-4.439999999999998,21.29,2.6201812914386564,AIIMS,22.05,0,-0.2588190451025208,26.784999999999997,0.8660254037844387,6.48,23.69125,25.374299999999998,0.49999999999999994,2.3247,0.46,0.41,6.968317314506318,-0.9659258262890683,3.195079550392025,8.43,13,27.59
246.97,8.43,25.26155582323826,0,20.2,3.6188165653064193,0,23.276666666666674,29.45,5.54,5.67,2025,73.48,1,1.99,-0.034467120181405964,6,77.42,25.82,27.691666666666666,73.45,2025-01-06 14:00:00,22.05,24.622445498350494,Hourly,26.49,6.26,29.38,3.01,6.48,-0.7600000000000016,21.44,3.3840434394382783,AIIMS,21.29,0,-0.4999999999999997,25.735,0.8660254037844387,6.18,23.784999999999997,18.984599999999997,0.49999999999999994,2.1606,0.41,0.39,6.917973440375115,-0.8660254037844388,2.8086532953238033,9.54,14,29.78
240.46,9.54,24.67362415812468,0,18.94,4.023066070308,0,21.593333333333344,29.5,4.89,5.54,2025,73.48,1,2.07,0.007045561296383379,6,75.86,31.5,27.326666666666668,77.42,2025-01-06 15:00:00,21.29,23.713175355964637,Hourly,22.05,5.87,29.45,1.99,6.18,0.15000000000000213,18.1,3.0903446409754025,AIIMS,21.44,0,-0.7071067811865471,24.345,0.8660254037844387,5.95,23.83666666666667,16.787699999999997,0.49999999999999994,1.5648,0.39,0.32,6.8946259265215435,-0.7071067811865479,0.40253364248623247,8.11,15,26.55
242.94,8.11,23.66229736456704,0,21.72,4.580462461765113,0,20.276666666666674,29.43,5.22,4.89,2025,71.06,1,2.23,-0.15578358208955223,6,79.39,33.94,26.209999999999997,75.86,2025-01-06 16:00:00,21.44,22.109410968546168,Hourly,21.29,6.03,29.5,2.07,5.95,-3.34,19.86,3.741356260324883,AIIMS,18.1,0,-0.8660254037844385,22.936666666666667,0.8660254037844387,5.95,23.801666666666666,18.8881,0.49999999999999994,1.6181999999999999,0.32,0.31,6.922639397793333,-0.5000000000000004,1.886540042865033,8.47,16,28.25
242.46,8.47,23.07732853924903,0,22.54,4.2086066217897775,0,19.80000000000001,29.44,5.65,5.22,2025,61.08,1,2.31,0.09723756906077337,6,81.77,29.32,25.036666666666672,79.39,2025-01-06 17:00:00,18.1,21.46672212039012,Hourly,21.44,5.89,29.43,2.23,5.95,1.759999999999998,23.0,2.8103766058434836,AIIMS,19.86,0,-0.9659258262890683,21.53833333333333,0.8660254037844387,6.45,23.724166666666672,21.2058,0.49999999999999994,1.8645000000000003,0.31,0.33,6.957282025935283,-0.25881904510252063,1.6708081876744134,9.18,17,26.49
237.49,9.18,23.065431840903027,0,28.09,4.014842915528171,0,20.32000000000001,29.48,5.27,5.65,2025,61.08,1,2.53,0.15810674723061433,6,70.81,29.72,24.51,81.77,2025-01-06 18:00:00,19.86,21.90480151456437,Hourly,18.1,5.39,29.44,2.31,6.45,3.1400000000000006,21.14,1.736579012504874,AIIMS,23.0,0,-1.0,20.956666666666667,0.8660254037844387,7.35,23.743333333333336,20.8725,0.49999999999999994,2.0025999999999997,0.33,0.38,6.954510995634572,-1.8369701987210297e-16,2.482176464315111,8.25,18,22.05
222.86,8.25,22.769211557687175,0,35.31,3.7584655960068085,0,21.333333333333343,29.39,6.04,5.27,2025,55.93,1,2.63,-0.08086956521739128,6,66.22,27.59,23.795,70.81,2025-01-06 19:00:00,23.0,21.686286796117408,Hourly,19.86,5.45,29.48,2.53,7.35,-1.8599999999999994,18.47,1.6600451801097922,AIIMS,21.14,0,-0.9659258262890684,20.805,0.8660254037844387,7.51,23.45375,24.827199999999998,0.49999999999999994,2.2348,0.38,0.37,6.9102046861394895,0.2588190451025203,1.578902572463933,9.44,19,21.29
202.76,9.44,22.10779439496607,0,21.84,3.8424554176160437,0,20.870000000000008,29.28,6.51,6.04,2025,48.8,1,2.77,-0.12630085146641445,6,66.51,29.78,23.034999999999997,66.22,2025-01-06 20:00:00,21.14,20.767347711512432,Hourly,23.0,4.58,29.39,2.63,7.51,-2.6700000000000017,20.16,1.879912231995367,AIIMS,18.47,0,-0.8660254037844386,20.334999999999997,0.8660254037844387,7.16,22.75208333333333,28.0047,0.49999999999999994,2.604,0.37,0.4,6.496562287700106,0.5000000000000001,2.277037549097485,10.11,20,21.44
205.08,10.11,21.808133718817444,0,14.55,3.2678553805029544,0,19.923333333333343,29.43,5.66,6.51,2025,44.24,1,3.35,0.09149972929074182,6,66.55,26.55,22.233333333333334,66.51,2025-01-06 21:00:00,18.47,20.59381979393745,Hourly,21.14,4.39,29.28,2.77,7.16,1.6900000000000013,22.11,1.800382366796701,AIIMS,20.16,0,-0.7071067811865477,20.121666666666666,0.8660254037844387,6.91,22.682083333333335,26.967500000000005,0.49999999999999994,2.3771999999999998,0.4,0.42,6.51583954960741,0.7071067811865474,1.3506418227395394,8.05,21,18.1
236.94,8.05,21.85457468515322,0,14.61,2.972701047053819,0,20.246666666666673,29.38,6.78,5.66,2025,56.69,1,3.7,0.09672619047619044,6,61.84,28.25,21.863333333333333,66.55,2025-01-06 22:00:00,20.16,21.02701413852675,Hourly,18.47,4.46,29.43,3.35,6.91,1.9499999999999993,24.08,1.6366551255550932,AIIMS,22.11,0,-0.5000000000000004,20.790000000000003,0.8660254037844387,7.05,22.997083333333336,34.003,0.49999999999999994,2.9832,0.42,0.44,6.284234572854751,0.8660254037844384,1.821546961605215,9.19,22,19.86
233.95,9.19,22.196947810514263,0,9.76,2.333189227152474,0,22.116666666666674,29.22,7.29,6.78,2025,56.69,1,3.92,0.08909995477159652,6,61.02,26.49,21.515833333333333,61.84,2025-01-06 23:00:00,22.11,21.89929581323339,Hourly,20.16,4.74,29.38,3.7,7.05,1.9699999999999989,22.03,2.019125223128163,AIIMS,24.08,0,-0.25881904510252157,21.493333333333336,0.8660254037844387,7.12,23.391666666666666,38.611999999999995,0.49999999999999994,3.1347,0.44,0.43,6.026750993381774,0.9659258262890681,1.960008503382886,9.85,23,23.0
238.09,9.85,22.171263531973608,0,9.47,1.7515160100143992,0,22.74000000000001,19.87,13.78,7.29,2025,64.49,1,9.07,-0.0851328903654484,7,15.5,22.05,21.144166666666667,61.02,2025-01-07 01:00:00,24.08,21.93663986659528,Hourly,22.11,5.38,29.22,3.92,7.12,-2.049999999999997,2.22,1.9102608896882043,AIIMS,22.03,1,0.25881904510252074,21.331666666666667,0.8660254037844387,3.13,23.902916666666666,112.8308,0.49999999999999994,7.7168,0.43,0.56,5.296259943021524,0.9659258262890683,1.1611632098890743,12.44,1,21.14
239.49,12.44,19.101838373208437,0,21.51,5.707095795958398,0,16.11000000000001,19.86,14.54,13.78,2025,64.49,1,9.63,-0.8992283250113482,7,15.03,21.29,19.491666666666667,15.5,2025-01-07 02:00:00,22.03,16.303314190425198,Hourly,24.08,4.91,19.87,9.07,3.13,-19.810000000000002,2.01,8.047403100794236,AIIMS,2.22,1,0.49999999999999994,18.178333333333335,0.8660254037844387,2.76,23.60083333333333,127.79010000000001,0.49999999999999994,7.4154,0.56,0.51,6.272119755862479,0.8660254037844387,12.072684042912737,13.27,2,18.47
238.52,13.27,16.472324777330215,0,25.82,7.56594343092808,0,8.753333333333343,19.85,14.83,14.54,2025,16.36,1,9.56,-0.09459459459459477,7,20.43,21.44,17.885,15.03,2025-01-07 03:00:00,2.22,12.219510136017998,Hourly,22.03,5.35,19.86,9.63,2.76,-0.2100000000000004,1.74,10.392094591563643,AIIMS,2.01,1,0.7071067811865476,15.435,0.8660254037844387,3.02,22.78833333333333,131.45000000000002,0.49999999999999994,6.6735,0.51,0.45,7.663456290658727,0.7071067811865476,11.498410035014977,13.75,3,20.16
238.83,13.75,14.205813273125566,0,31.5,8.766468484913045,0,1.9900000000000093,19.87,14.34,14.83,2025,13.5,1,9.64,-0.13432835820895514,7,20.43,18.1,16.243333333333336,20.43,2025-01-07 04:00:00,2.01,9.225364382869998,Hourly,2.22,4.85,19.85,9.56,3.02,-0.2699999999999998,1.74,11.389961808540301,AIIMS,1.74,1,0.8660254037844386,12.365,0.8660254037844387,3.31,21.784999999999997,127.1516,0.49999999999999994,6.3096,0.45,0.44,8.748758918194726,0.5000000000000001,0.24062418830970386,13.19,4,22.11
232.19,13.19,12.287995846490864,0,33.94,9.676381743005372,0,1.8300000000000096,19.87,14.07,14.34,2025,10.93,1,9.85,0.0,7,19.4,19.86,14.879999999999997,20.43,2025-01-07 05:00:00,1.74,7.086688844907141,Hourly,2.01,5.23,19.87,9.64,3.31,0.0,1.53,10.930924937991616,AIIMS,1.74,1,0.9659258262890683,8.97,0.8660254037844387,2.8,20.544999999999998,116.82099999999998,0.49999999999999994,6.472200000000001,0.44,0.46,9.39693844685113,0.25881904510252074,0.15588457268024333,11.86,5,24.08
236.23,11.86,10.632919562415347,0,29.32,10.24863194861568,0,1.6700000000000095,19.84,14.58,14.07,2025,14.17,1,9.65,-0.12068965517241377,7,19.4,23.0,13.3525,19.4,2025-01-07 06:00:00,1.74,5.499063460647958,Hourly,1.74,5.09,19.87,9.85,2.8,-0.20999999999999996,1.38,8.242774815963013,AIIMS,1.53,1,1.0,5.211666666666667,0.8660254037844387,2.63,19.194583333333334,127.187,0.49999999999999994,6.7068,0.46,0.46,9.711789330126006,6.123233995736766e-17,0.12124355652858614,13.18,6,22.03
240.73,13.18,9.20939347588991,0,29.72,10.298691407017401,0,1.5500000000000094,19.84,15.53,14.58,2025,18.08,1,10.38,-0.09803921568627459,7,14.7,21.14,11.550833333333335,19.4,2025-01-07 07:00:00,1.53,4.3221881861771125,Hourly,1.74,5.87,19.84,9.65,2.63,-0.15000000000000013,1.35,0.3071156134223699,AIIMS,1.38,1,0.9659258262890683,1.7699999999999998,0.8660254037844387,3.41,18.030416666666667,147.2922,0.49999999999999994,8.3862,0.46,0.54,10.111642226388762,-0.25881904510252063,0.18083141319941967,14.19,7,2.22
248.88,14.19,8.000256018060693,0,27.59,10.207668092115474,0,1.4200000000000095,19.86,14.47,15.53,2025,28.3,1,10.18,-0.02173913043478247,7,15.52,18.47,9.901666666666667,14.7,2025-01-07 08:00:00,1.38,3.4729915615550806,Hourly,1.53,5.46,19.84,10.38,3.41,-0.029999999999999805,1.31,0.2527251471615246,AIIMS,1.35,1,0.8660254037844387,1.625,0.8660254037844387,3.04,16.848333333333333,123.2798,0.49999999999999994,7.8138000000000005,0.54,0.54,10.341340282602397,-0.4999999999999998,0.09643650760836313,12.11,8,2.01
249.53,12.11,6.970985861435971,0,29.78,10.099608303235948,0,1.3466666666666762,19.85,16.7,14.47,2025,35.57,1,12.36,-0.029629629629629655,7,16.73,20.16,8.471666666666666,15.52,2025-01-07 09:00:00,1.35,2.854993972539343,Hourly,1.38,6.08,19.86,10.18,3.04,-0.040000000000000036,1.25,0.19425927693290138,AIIMS,1.31,1,0.7071067811865476,1.508333333333333,0.8660254037844387,3.19,15.753333333333332,160.5564,0.49999999999999994,9.185,0.54,0.55,10.543854862540266,-0.7071067811865475,0.035118845838530345,12.99,9,1.74
246.89,12.99,6.090834190445822,0,26.55,9.571545385182626,0,1.3033333333333428,19.82,16.62,16.7,2025,32.72,1,12.16,-0.045801526717557293,7,16.73,22.11,6.895833333333333,16.73,2025-01-07 10:00:00,1.31,2.396424266099531,Hourly,1.35,6.29,19.85,12.36,3.19,-0.06000000000000005,1.24,0.1798517908570903,AIIMS,1.25,1,0.49999999999999994,1.4266666666666667,0.8660254037844387,3.55,14.564583333333331,175.712,0.49999999999999994,8.974800000000002,0.55,0.54,10.50188470835265,-0.8660254037844387,0.0503322295654588,14.45,10,1.74
247.02,14.45,5.344552007300311,0,28.25,8.377352948530183,0,1.2666666666666762,19.85,15.12,16.62,2025,32.88,1,10.4,-0.008000000000000007,7,16.3,24.08,5.156666666666667,16.73,2025-01-07 11:00:00,1.25,2.0660173329282365,Hourly,1.31,5.7,19.82,12.16,3.55,-0.010000000000000009,1.25,0.10652073354287246,AIIMS,1.24,1,0.258819045102521,1.3433333333333335,0.8660254037844387,3.59,13.51,139.984,0.49999999999999994,7.8624,0.54,0.52,10.516784100954139,-0.9659258262890682,0.03785938896799163,13.46,11,1.53
244.95,13.46,4.714620929254109,0,26.49,5.921577582081583,0,1.2466666666666761,19.85,14.15,15.12,2025,22.69,1,9.87,0.008064516129032265,7,15.39,22.03,3.254166666666667,16.3,2025-01-07 12:00:00,1.24,1.832869523520169,Hourly,1.25,5.67,19.85,10.4,3.59,0.010000000000000009,1.37,0.0592171147094885,AIIMS,1.25,1,1.2246467991473532e-16,1.2966666666666666,0.8660254037844387,3.25,12.385,130.18529999999998,0.49999999999999994,6.9335,0.52,0.49,10.313621638606996,-1.0,0.005773502665582912,13.19,12,1.38
247.64,13.19,4.200063863215015,0,22.05,0.32535644789534374,0,1.2866666666666762,19.87,12.47,14.15,2025,18.46,1,6.78,0.09600000000000009,7,16.67,2.22,1.5325,15.39,2025-01-07 13:00:00,1.25,1.7006210882286923,Hourly,1.24,6.3,19.85,9.87,3.25,0.1200000000000001,1.37,0.05648008505526739,AIIMS,1.37,1,-0.2588190451025208,1.295,0.8660254037844387,2.85,11.338333333333333,91.46220000000001,0.49999999999999994,5.7362,0.49,0.46,10.092216400972209,-0.9659258262890683,0.07234178137860503,13.49,13,1.35
249.27,13.49,3.7646694227203974,0,21.29,0.24457136283795622,0,1.3300000000000096,19.89,10.26,12.47,2025,19.04,1,4.56,0.0,7,16.67,2.01,1.461666666666667,16.67,2025-01-07 14:00:00,1.37,1.6061579201633518,Hourly,1.25,6.37,19.87,6.78,2.85,0.0,1.34,0.06080021936240477,AIIMS,1.37,1,-0.4999999999999997,1.2983333333333336,0.8660254037844387,3.37,10.476666666666667,59.1432,0.49999999999999994,4.7196,0.46,0.46,10.0204654351096,-0.8660254037844388,0.06928203230056819,12.97,14,1.31
245.75,12.97,3.39164335768649,0,21.44,0.17443197859562323,0,1.3600000000000094,19.89,10.27,10.26,2025,20.2,1,4.88,-0.02189781021897812,7,16.09,1.74,1.4058333333333335,16.67,2025-01-07 15:00:00,1.37,1.5301128001166797,Hourly,1.37,6.0,19.89,4.56,3.37,-0.030000000000000027,1.3,0.06314005602243312,AIIMS,1.34,1,-0.7071067811865471,1.3033333333333335,0.8660254037844387,2.92,9.645416666666668,60.9512,0.49999999999999994,4.5188,0.46,0.44,9.91132596717162,-0.7071067811865479,0.017320508066949476,12.49,15,1.25
247.61,12.49,3.0698520718885685,0,18.1,0.1408066587799998,0,1.336666666666676,19.88,10.22,10.27,2025,18.94,1,4.22,-0.02985074626865674,7,15.64,1.74,1.3691666666666666,16.09,2025-01-07 16:00:00,1.34,1.4643662857976285,Hourly,1.37,6.4,19.89,4.88,2.92,-0.040000000000000036,1.26,0.057763887287085175,AIIMS,1.3,1,-0.8660254037844385,1.3116666666666668,0.8660254037844387,2.83,8.80625,56.6746,0.49999999999999994,4.2924,0.44,0.42,9.720045988663491,-0.5000000000000004,0.03511884583852894,13.43,16,1.24
242.54,13.43,2.7914132915980194,0,19.86,0.08162645890368253,0,1.3000000000000096,19.9,9.6,10.22,2025,21.72,1,3.4,-0.030769230769230795,7,15.64,1.53,1.3291666666666668,15.64,2025-01-07 17:00:00,1.3,1.4059759184268774,Hourly,1.34,6.7,19.88,4.22,2.83,-0.040000000000000036,1.35,0.05319774438684454,AIIMS,1.26,1,-0.9659258262890683,1.3150000000000002,0.8660254037844387,3.29,8.104583333333332,44.948,0.49999999999999994,3.84,0.42,0.4,9.627360909392777,-0.25881904510252063,0.03999999999620821,13.22,17,1.25
241.82,13.22,2.5696574005829396,0,23.0,0.052821884862513796,0,1.3033333333333428,19.9,8.93,9.6,2025,22.54,1,4.1,0.0714285714285715,7,13.73,1.38,1.3141666666666667,15.64,2025-01-07 18:00:00,1.26,1.389982798876341,Hourly,1.3,6.54,19.9,3.4,3.29,0.09000000000000008,1.37,0.04355073678496022,AIIMS,1.35,1,-1.0,1.3316666666666668,0.8660254037844387,3.1,7.333333333333333,44.19799999999999,0.49999999999999994,3.4827,0.4,0.39,9.38300622386532,-1.8369701987210297e-16,0.04509249752486582,10.78,18,1.37
240.09,10.78,2.38509472357018,0,21.14,0.05175700806717005,0,1.3266666666666762,19.89,10.13,8.93,2025,28.09,1,4.65,0.014814814814814828,7,14.3,1.35,1.3133333333333335,13.73,2025-01-07 19:00:00,1.35,1.384273427768815,Hourly,1.26,5.17,19.9,4.1,3.1,0.020000000000000018,1.5,0.04355073678496022,AIIMS,1.37,1,-0.9659258262890684,1.3316666666666668,0.8660254037844387,3.32,6.432083333333334,56.962500000000006,0.49999999999999994,4.4572,0.39,0.44,8.83560336226995,0.2588190451025203,0.05859465276823708,12.25,19,1.37
239.32,12.25,2.248926304559383,0,18.47,0.07452374040575238,0,1.4066666666666763,19.88,10.49,10.13,2025,35.31,1,6.13,0.09489051094890502,7,19.32,1.31,1.3258333333333334,14.3,2025-01-07 20:00:00,1.37,1.4173381626920107,Hourly,1.35,4.71,19.89,4.65,3.32,0.1299999999999999,1.51,0.08189424078963373,AIIMS,1.5,1,-0.8660254037844386,1.3533333333333335,0.8660254037844387,3.34,5.61375,75.82809999999999,0.49999999999999994,5.0352,0.44,0.48,8.3079112702235,0.5000000000000001,0.08144527815061516,12.37,20,1.34
238.11,12.37,2.1352453346271703,0,20.16,0.09116668054524205,0,1.4600000000000095,19.89,9.43,10.49,2025,21.84,1,5.14,0.006666666666666672,7,19.32,1.25,1.3425,19.32,2025-01-07 21:00:00,1.5,1.4438129733514362,Hourly,1.37,4.97,19.88,6.13,3.34,0.010000000000000009,1.55,0.10303721014520631,AIIMS,1.51,1,-0.7071067811865477,1.3816666666666666,0.8660254037844387,2.77,4.9070833333333335,54.58679999999999,0.49999999999999994,4.432099999999999,0.48,0.47,7.876946262831156,0.7071067811865474,0.07810249675713485,10.62,21,1.3
239.13,10.62,2.0452075908383747,0,22.11,0.10375889887706696,0,1.5200000000000093,19.88,10.17,9.43,2025,14.55,1,5.68,0.026490066225165587,7,17.72,1.24,1.3675,19.32,2025-01-07 22:00:00,1.51,1.4741521238224544,Hourly,1.5,4.7,19.89,5.14,2.77,0.040000000000000036,1.56,0.11343133021569853,AIIMS,1.55,1,-0.5000000000000004,1.4233333333333336,0.8660254037844387,2.97,4.131666666666667,61.17359999999999,0.49999999999999994,4.4748,0.47,0.44,7.196776250918911,0.8660254037844384,0.026457513104954554,10.77,22,1.26
238.71,10.77,1.9705602691709323,0,24.08,0.10900027803327161,0,1.5400000000000096,19.87,10.66,10.17,2025,14.61,1,5.8,0.006451612903225812,7,14.8,1.25,1.3941666666666668,17.72,2025-01-07 23:00:00,1.55,1.4986800884446103,Hourly,1.51,4.19,19.88,5.68,2.97,0.010000000000000009,1.56,0.09092121135630213,AIIMS,1.56,1,-0.25881904510252157,1.4733333333333334,0.8660254037844387,2.96,3.275416666666667,67.338,0.49999999999999994,4.5838,0.44,0.43,6.104344838374577,0.9659258262890681,0.02645751310495808,11.61,23,1.35
198.25,11.61,1.9073971508369427,0,22.03,0.10846029858387787,0,1.5566666666666762,9.86,15.63,10.66,2025,9.76,1,11.54,0.0,8,34.13,1.37,1.4200000000000002,14.8,2025-01-08 01:00:00,1.56,1.5162000631747217,Hourly,1.55,4.56,19.87,5.8,2.96,0.0,10.42,0.07250287356024962,AIIMS,1.56,2,0.25881904510252074,1.5083333333333335,0.8660254037844387,5.68,2.3370833333333336,141.7112,0.49999999999999994,8.5965,0.43,0.55,4.201605779125584,0.9659258262890683,0.005773502665844888,12.28,1,1.37
212.48,12.28,3.2170283584004897,0,2.22,2.5989804236333605,0,4.5133333333333425,9.86,16.37,15.63,2025,9.47,1,12.54,5.679487179487179,8,28.78,1.37,2.174166666666667,34.13,2025-01-08 02:00:00,1.56,4.060142902267658,Hourly,1.56,5.11,9.86,11.54,5.68,8.86,7.78,3.6269693501150972,AIIMS,10.42,2,0.49999999999999994,3.016666666666667,0.8660254037844387,5.65,1.8533333333333335,153.36419999999998,0.49999999999999994,8.512400000000001,0.55,0.52,1.8408000780989924,0.8660254037844387,5.115323385020058,12.23,2,1.5
207.87,12.23,3.9190239955696455,0,2.01,3.039981558956079,0,6.586666666666677,9.85,16.21,16.37,2025,21.51,1,12.55,-0.2533589251439539,8,23.09,1.34,2.7083333333333335,28.78,2025-01-08 03:00:00,10.42,5.122959215905469,Hourly,1.56,4.78,9.86,12.54,5.65,-2.6399999999999997,5.53,3.9897502010369292,AIIMS,7.78,2,0.7071067811865476,4.0633333333333335,0.8660254037844387,5.75,2.085,153.98850000000002,0.49999999999999994,7.7808,0.52,0.48,2.20315386582844,0.7071067811865476,4.548948596470736,12.27,3,1.51
174.45,12.27,4.1668664577897,0,1.74,3.108387845814148,0,7.910000000000011,9.85,16.02,16.21,2025,25.82,1,11.97,-0.28920308483290486,8,23.09,1.3,3.0574999999999997,23.09,2025-01-08 04:00:00,7.78,5.239256582789621,Hourly,10.42,4.71,9.85,12.55,5.75,-2.25,7.26,3.808641052485012,AIIMS,5.53,2,0.8660254037844386,4.733333333333333,0.8660254037844387,5.84,2.231666666666667,148.1886,0.49999999999999994,7.3692,0.48,0.46,2.312400722505154,0.5000000000000001,2.447590652049431,12.38,4,1.55
210.99,12.38,4.642733156591285,0,1.74,3.273792513927463,0,6.856666666666676,9.86,15.75,16.02,2025,31.5,1,11.68,0.3128390596745026,8,19.07,1.26,3.554166666666667,23.09,2025-01-08 05:00:00,5.53,5.81661184484973,Hourly,7.78,4.9,9.85,11.97,5.84,1.7299999999999995,7.26,3.5593580881961526,AIIMS,7.26,2,0.9659258262890683,5.685,0.8660254037844387,5.54,2.4616666666666664,143.66400000000002,0.49999999999999994,6.93,0.46,0.44,2.526023970876443,0.25881904510252074,1.177978494427246,12.3,5,1.56
218.06,12.3,5.045389594038779,0,1.53,3.3488789395139653,0,6.683333333333342,9.86,16.5,15.75,2025,33.94,1,12.51,0.0,8,18.37,1.35,4.054166666666666,19.07,2025-01-08 06:00:00,7.26,6.22900846060695,Hourly,5.53,5.32,9.86,11.68,5.54,0.0,5.39,2.946019348206537,AIIMS,7.26,2,1.0,6.635000000000001,0.8660254037844387,5.87,2.6916666666666664,160.12800000000001,0.49999999999999994,6.765,0.44,0.41,2.7025908128021205,6.123233995736766e-17,0.9988159656979253,12.8,6,1.56
238.98,12.8,5.098406579571275,0,1.38,3.254042125037743,0,6.6366666666666765,9.86,18.16,16.5,2025,29.32,1,14.56,-0.2575757575757576,8,19.56,1.37,4.390833333333334,18.37,2025-01-08 07:00:00,7.26,5.989291757576393,Hourly,7.26,4.65,9.86,12.51,5.87,-1.87,3.98,1.8300127504129224,AIIMS,5.39,2,0.9659258262890683,7.2733333333333325,0.8660254037844387,5.93,2.8524999999999996,182.4368,0.49999999999999994,7.4456,0.41,0.41,2.74497683525383,-0.25881904510252063,1.0796450033844824,12.53,7,10.42
247.19,12.53,4.9263440288680025,0,1.35,3.1181633094255026,0,5.543333333333343,9.84,20.88,18.16,2025,29.72,1,17.24,-0.261595547309833,8,21.97,1.5,4.608333333333333,19.56,2025-01-08 08:00:00,5.39,5.415208398268852,Hourly,7.26,5.05,9.86,14.56,5.93,-1.4099999999999997,4.33,1.4681280598119897,AIIMS,3.98,2,0.8660254037844387,6.2,0.8660254037844387,5.98,2.9608333333333334,232.73999999999998,0.49999999999999994,9.6048,0.41,0.46,2.7356263358266886,-0.4999999999999998,1.6453672335782872,13.5,8,7.78
242.51,13.5,4.83459879365754,0,1.31,2.9649573301654657,0,4.566666666666676,9.82,22.43,20.88,2025,27.59,1,19.08,0.08793969849246233,8,34.48,1.51,4.844166666666666,21.97,2025-01-08 09:00:00,3.98,5.105148855906323,Hourly,5.39,3.67,9.84,17.24,5.98,0.3500000000000001,5.52,1.3995535002304766,AIIMS,4.33,2,0.7071067811865476,5.625,0.8660254037844387,6.2,3.0849999999999995,275.8968,0.49999999999999994,11.6636,0.46,0.52,2.7269492430014637,-0.7071067811865475,0.734188894858166,14.46,9,5.53
232.26,14.46,4.940045133094841,0,1.25,2.7748999435969983,0,4.610000000000009,9.8,23.74,22.43,2025,29.78,1,19.7,0.2748267898383371,8,34.48,1.55,5.178333333333334,34.48,2025-01-08 10:00:00,4.33,5.223677754218802,Hourly,3.98,3.33,9.82,19.08,6.2,1.1899999999999995,5.79,1.3996952049192875,AIIMS,5.52,2,0.49999999999999994,5.623333333333332,0.8660254037844387,6.32,3.2604166666666665,299.243,0.49999999999999994,13.057,0.52,0.55,2.743164594541651,-0.8660254037844387,0.8072793816267838,15.19,10,7.26
295.01,15.19,5.07080742031102,0,1.24,2.530037129923744,0,5.213333333333343,9.79,22.64,23.74,2025,26.55,1,18.38,0.048913043478260955,8,30.24,1.56,5.531666666666666,34.48,2025-01-08 11:00:00,5.52,5.385484110156288,Hourly,4.33,2.72,9.8,19.7,6.32,0.27000000000000046,5.79,1.1648762452183803,AIIMS,5.79,2,0.258819045102521,5.378333333333334,0.8660254037844387,6.37,3.4495833333333334,278.8246,0.49999999999999994,12.678400000000002,0.55,0.56,2.7550120005512997,-0.9659258262890682,0.7768097150094502,15.17,11,7.26
343.6,15.17,5.181452432570863,0,1.25,2.1994522389722433,0,5.70000000000001,9.8,21.18,22.64,2025,28.25,1,17.19,0.0,8,33.26,1.56,5.884166666666666,30.24,2025-01-08 12:00:00,5.79,5.501060078683063,Hourly,5.52,3.74,9.79,18.38,6.37,0.0,10.26,0.7814516406496937,AIIMS,5.79,2,1.2246467991473532e-16,5.133333333333333,0.8660254037844387,5.72,3.6391666666666667,249.5988,0.49999999999999994,12.0726,0.56,0.57,2.752901894469363,-1.0,0.15588457268035158,14.52,12,5.39
341.81,14.52,5.9627674429445765,0,1.37,2.074860163233776,0,7.280000000000009,15.56,18.77,21.18,2025,26.49,1,14.75,0.772020725388601,8,33.26,10.42,6.609166666666667,33.26,2025-01-08 13:00:00,5.79,6.86075719905933,Hourly,5.79,2.68,9.8,17.19,5.72,4.47,10.26,2.2502155452327997,AIIMS,10.26,2,-0.2588190451025208,5.945,0.8660254037844387,5.32,4.014583333333333,196.02749999999997,0.49999999999999994,10.323500000000001,0.57,0.55,3.01481556024779,-0.9659258262890683,2.5807557032775796,13.29,13,3.98
231.08,13.29,6.623880144030026,0,1.37,2.048491499676584,0,8.77000000000001,15.58,9.96,18.77,2025,22.05,1,4.1,0.0,8,40.38,7.78,6.595833333333332,33.26,2025-01-08 14:00:00,10.26,7.831969427899521,Hourly,5.79,7.78,15.56,14.75,5.32,0.0,7.57,2.5885240324698358,AIIMS,10.26,2,-0.4999999999999997,6.991666666666666,0.8660254037844387,8.42,4.385000000000001,52.849,0.49999999999999994,5.378400000000001,0.55,0.54,3.2152354704481905,-0.8660254037844388,2.580755703277583,12.89,14,4.33
232.14,12.89,6.769437044948484,0,1.34,2.038327448641063,0,9.363333333333344,15.58,8.18,9.96,2025,21.29,1,3.08,-0.26218323586744635,8,40.38,5.53,6.578333333333333,40.38,2025-01-08 15:00:00,10.26,7.757121019928229,Hourly,10.26,5.75,15.58,4.1,8.42,-2.6899999999999995,7.57,2.236187976596297,AIIMS,7.57,2,-0.7071067811865471,7.531666666666666,0.8660254037844387,8.4,4.6433333333333335,35.9744,0.49999999999999994,4.09,0.54,0.5,3.2115304040636663,-0.7071067811865479,1.5530722241200228,11.68,15,5.52
231.34,11.68,6.892600576494871,0,1.3,2.027989749541946,0,8.466666666666676,15.58,9.28,8.18,2025,21.44,1,3.53,0.0,8,37.82,7.26,6.748333333333332,40.38,2025-01-08 16:00:00,7.57,7.703657871377307,Hourly,10.26,5.96,15.58,3.08,8.4,0.0,6.89,2.012805670370044,AIIMS,7.57,2,-0.8660254037844385,7.873333333333334,0.8660254037844387,7.28,4.902916666666667,45.2193,0.49999999999999994,4.361599999999999,0.5,0.47,3.184585809074048,-0.5000000000000004,1.5530722241200199,12.81,16,5.79
230.44,12.81,6.892200487803352,0,1.26,2.0223079749284802,0,7.3433333333333435,15.59,7.89,9.28,2025,18.1,1,2.34,-0.08982826948480853,8,45.14,7.26,6.7175,37.82,2025-01-08 17:00:00,7.57,7.471184193840934,Hourly,7.57,7.48,15.58,3.53,7.28,-0.6800000000000006,6.89,1.8265778567238198,AIIMS,6.89,2,-0.9659258262890683,8.056666666666667,0.8660254037844387,8.28,5.135833333333333,26.956799999999998,0.49999999999999994,3.2348999999999997,0.47,0.41,3.1132394936658927,-0.25881904510252063,0.39259818304864147,11.52,17,5.79
343.78,11.52,6.891861951218221,0,1.35,2.0160958370690643,0,7.116666666666677,15.57,11.22,7.89,2025,19.86,1,4.43,0.0,8,48.27,5.39,6.6866666666666665,45.14,2025-01-08 18:00:00,6.89,7.305131567029239,Hourly,7.57,5.54,15.59,2.34,8.28,0.0,5.83,1.5939636131377333,AIIMS,6.89,2,-1.0,8.24,0.8660254037844387,6.05,5.370416666666666,64.9438,0.49999999999999994,5.722200000000001,0.41,0.51,3.0191871626618263,-1.8369701987210297e-16,0.3925981830486387,14.66,18,10.26
61.65,14.66,6.728498574107726,0,1.37,1.9942523471835776,0,6.536666666666676,15.56,12.12,11.22,2025,23.0,1,7.02,-0.1538461538461538,8,48.27,3.98,6.723333333333333,48.27,2025-01-08 19:00:00,6.89,6.883665405020885,Hourly,6.89,3.89,15.57,4.43,6.05,-1.0599999999999996,6.2,1.4940203033004082,AIIMS,5.83,2,-0.9659258262890684,7.501666666666666,0.8660254037844387,6.08,5.557083333333334,95.4018,0.49999999999999994,6.4235999999999995,0.51,0.53,2.8957802570455926,0.2588190451025203,0.6119912853408018,13.59,19,10.26
263.56,13.59,6.647191101168076,0,1.5,1.8111966578309766,0,6.3066666666666755,15.55,15.87,12.12,2025,21.14,1,11.32,0.06346483704974273,8,43.54,4.33,6.908333333333332,48.27,2025-01-08 20:00:00,5.83,6.688332432157775,Hourly,6.89,3.08,15.56,7.02,6.08,0.3700000000000001,7.62,0.7069865628194425,AIIMS,6.2,2,-0.8660254037844386,6.825,0.8660254037844387,5.94,5.758333333333333,149.1976,0.49999999999999994,9.6807,0.53,0.61,2.7566294268717133,0.5000000000000001,0.537990086649452,13.18,20,7.57
229.78,13.18,6.796854008680679,0,1.51,1.6248475452974922,0,6.550000000000009,15.53,17.3,15.87,2025,18.47,1,13.26,0.2290322580645161,8,43.49,5.52,7.1825,43.54,2025-01-08 21:00:00,6.2,6.954523165826982,Hourly,5.83,4.56,15.55,11.32,5.94,1.42,7.62,0.7177371849597283,AIIMS,7.62,2,-0.7071067811865477,6.833333333333333,0.8660254037844387,6.09,6.013333333333333,170.1258,0.49999999999999994,10.207,0.61,0.59,2.625534590145716,0.7071067811865474,0.9449338601191906,12.83,21,7.57
221.77,12.83,6.923491853499037,0,1.55,1.540408003805012,0,7.146666666666676,15.52,17.87,17.3,2025,20.16,1,14.15,0.0,8,41.88,5.79,7.357499999999999,43.49,2025-01-08 22:00:00,7.62,7.14465940416213,Hourly,6.2,4.48,15.53,13.26,6.09,0.0,5.79,0.7282147119317998,AIIMS,7.62,2,-0.5000000000000004,6.841666666666668,0.8660254037844387,6.07,6.267916666666667,181.5445,0.49999999999999994,10.5433,0.59,0.59,2.460954178973715,0.8660254037844384,0.8198373822491217,12.83,22,6.89
221.76,12.83,6.7491084914222625,0,1.56,1.540408003805012,0,7.01000000000001,15.51,17.26,17.87,2025,22.11,1,13.14,-0.24015748031496065,8,41.88,5.79,7.357500000000001,41.88,2025-01-08 23:00:00,7.62,6.757613860115807,Hourly,7.62,4.95,15.52,14.15,6.07,-1.83,5.74,0.843028271574527,AIIMS,5.79,2,-0.25881904510252157,6.658333333333334,0.8660254037844387,5.51,6.444583333333333,179.2296,0.49999999999999994,9.320400000000001,0.59,0.54,2.250752490914105,0.9659258262890681,1.0565509926169008,13.64,23,6.89
214.63,13.64,6.593861031203453,0,1.56,1.5450938973149417,0,6.383333333333343,19.16,6.73,17.26,2025,24.08,1,5.13,-0.008635578583765081,9,13.1,10.26,7.353333333333333,41.88,2025-01-09 01:00:00,5.79,6.466867042939862,Hourly,7.62,5.19,15.51,13.14,5.51,-0.04999999999999982,9.48,0.9080455201552153,AIIMS,5.74,3,0.25881904510252074,6.466666666666666,0.8660254037844387,8.79,6.6187499999999995,26.5734,0.49999999999999994,3.365,0.54,0.5,2.004610582370121,0.9659258262890683,1.0712764971439845,5.18,1,5.83
229.38,5.18,7.037882411018307,0,10.42,1.423304946138283,0,7.003333333333342,19.18,6.56,6.73,2025,22.03,1,4.76,0.6515679442508711,9,9.4,10.26,7.288333333333333,13.1,2025-01-09 02:00:00,5.74,7.327762173528473,Hourly,5.79,4.39,19.16,5.13,8.79,3.74,7.15,1.4544517867592661,AIIMS,9.48,3,0.49999999999999994,7.075,0.8660254037844387,9.21,6.9487499999999995,25.7516,0.49999999999999994,2.952,0.5,0.45,1.7742954817379055,0.8660254037844387,2.1450019425010067,5.41,2,6.2
215.01,5.41,7.055131270861645,0,7.78,1.0730623834580328,0,7.456666666666677,19.13,6.74,6.56,2025,2.22,1,4.9,-0.24578059071729957,9,8.63,7.57,7.029166666666668,9.4,2025-01-09 03:00:00,9.48,7.276972981091767,Hourly,5.74,4.34,19.18,4.76,9.21,-2.33,5.37,1.390448368934953,AIIMS,7.15,3,0.7071067811865476,7.233333333333333,0.8660254037844387,8.75,6.8125,27.146,0.49999999999999994,2.8982,0.45,0.43,1.6145028848568768,0.7071067811865476,1.888765028618726,5.54,3,7.62
222.01,5.54,6.7958803061137,0,5.53,1.1569195645301584,0,7.333333333333344,19.15,6.72,6.74,2025,2.01,1,5.0,-0.24895104895104897,9,6.42,7.57,6.845833333333332,8.63,2025-01-09 04:00:00,7.15,6.732123557922691,Hourly,9.48,4.7,19.13,4.9,8.75,-1.7800000000000002,4.31,1.5585559555800084,AIIMS,5.37,3,0.8660254037844386,6.858333333333334,0.8660254037844387,8.85,6.712083333333333,26.7,0.49999999999999994,2.7552,0.43,0.41,1.6266128562296995,0.5000000000000001,2.0611242886670116,5.34,4,7.62
196.58,5.34,6.4134371820962075,0,7.26,1.339724926540026,0,5.610000000000009,19.18,7.08,6.72,2025,1.74,1,5.05,-0.197392923649907,9,6.98,6.89,6.574166666666667,6.42,2025-01-09 05:00:00,5.37,6.0400882556590645,Hourly,7.15,3.79,19.15,5.0,8.85,-1.0600000000000005,3.26,1.8018509002339722,AIIMS,4.31,3,0.9659258262890683,6.306666666666666,0.8660254037844387,8.75,6.66125,30.1485,0.49999999999999994,2.6904,0.41,0.38,1.6832378542282151,0.25881904510252074,1.4351306560727304,5.97,5,5.79
209.79,5.97,5.928293000235253,0,7.26,1.6384406851615674,0,4.313333333333342,19.08,7.97,7.08,2025,1.74,1,5.94,-0.2436194895591647,9,5.58,6.89,6.271666666666667,6.98,2025-01-09 06:00:00,4.31,5.245777325470761,Hourly,5.37,4.58,19.18,5.05,8.75,-1.0499999999999998,3.86,2.1991702980913863,AIIMS,3.26,3,1.0,5.885000000000001,0.8660254037844387,8.25,6.494583333333334,38.5506,0.49999999999999994,2.9489,0.38,0.37,1.814303026235758,6.123233995736766e-17,1.0550039494395578,6.49,6,5.74
236.6,6.49,5.610094077122136,0,5.39,1.763212245944111,0,3.8100000000000094,19.07,8.11,7.97,2025,1.53,1,6.63,0.18404907975460127,9,7.27,5.83,6.019166666666667,5.58,2025-01-09 07:00:00,3.26,4.849840946764829,Hourly,4.31,4.99,19.08,5.94,8.25,0.6000000000000001,3.01,2.352542596144448,AIIMS,3.86,3,0.9659258262890683,5.571666666666666,0.8660254037844387,8.01,6.352916666666666,39.8463,0.49999999999999994,3.0818,0.37,0.38,1.8833653485783364,-0.25881904510252063,0.5267826876423772,6.01,7,9.48
238.24,6.01,5.210079603718731,0,3.98,1.9668778135253364,0,3.376666666666676,19.03,8.72,8.11,2025,1.38,1,7.22,-0.2202072538860104,9,11.42,6.2,5.784166666666668,7.27,2025-01-09 08:00:00,3.86,4.32417210483202,Hourly,3.26,4.64,19.07,6.63,8.01,-0.8500000000000001,2.41,1.5480654594280503,AIIMS,3.01,3,0.8660254037844387,4.493333333333333,0.8660254037844387,7.8,6.25375,42.309200000000004,0.49999999999999994,3.5752,0.38,0.41,1.9955860259458176,-0.4999999999999998,0.4368447474023875,5.86,8,7.15
255.01,5.86,4.779298126223542,0,4.33,2.186108345204922,0,3.0933333333333426,18.95,11.42,8.72,2025,1.35,1,10.06,-0.19933554817275737,9,16.41,7.62,5.468333333333334,11.42,2025-01-09 09:00:00,3.01,3.777265789165729,Hourly,3.86,3.63,19.03,7.22,7.8,-0.5999999999999996,2.58,1.0507457669076135,AIIMS,2.41,3,0.7071067811865476,3.7033333333333336,0.8660254037844387,7.71,6.188333333333333,67.905,0.49999999999999994,6.0526,0.41,0.53,2.096540974549437,-0.7071067811865475,0.728583099812954,6.75,9,5.37
263.24,6.75,4.440944568342997,0,5.52,2.2190449761249886,0,2.6666666666666763,18.83,11.48,11.42,2025,1.31,1,10.47,0.0705394190871369,9,26.31,7.62,5.048333333333333,16.41,2025-01-09 10:00:00,2.41,3.435189849404092,Hourly,3.01,3.51,18.95,10.06,7.71,0.16999999999999993,6.07,0.7358102110424405,AIIMS,2.58,3,0.49999999999999994,3.2383333333333333,0.8660254037844387,7.98,6.115416666666667,69.20670000000001,0.49999999999999994,6.428800000000001,0.53,0.56,2.1922313015974897,-0.8660254037844387,0.309246395828713,6.61,10,4.31
344.98,6.61,4.691568480905612,0,5.79,2.097528668494539,0,3.6866666666666763,18.81,10.98,11.48,2025,1.25,1,9.72,1.3527131782945736,9,27.98,5.79,4.9191666666666665,26.31,2025-01-09 11:00:00,2.58,4.187992749574351,Hourly,2.41,1.08,18.83,10.47,7.98,3.49,9.12,1.3461562564109295,AIIMS,6.07,3,0.258819045102521,3.5316666666666663,0.8660254037844387,7.93,6.138333333333333,110.808,0.49999999999999994,7.5762,0.56,0.69,2.188608187203715,-0.9659258262890682,2.0657766900933554,11.4,11,3.26
268.51,11.4,5.372865637689364,0,5.79,2.4188740180415444,0,5.923333333333343,18.97,8.21,10.98,2025,1.24,1,1.74,0.502471169686985,9,19.31,5.74,5.196666666666666,27.98,2025-01-09 12:00:00,6.07,5.597137678267394,Hourly,2.58,4.46,18.81,9.72,7.93,3.049999999999999,9.07,2.6265217811155073,AIIMS,9.12,3,1.2246467991473532e-16,4.508333333333334,0.8660254037844387,9.02,6.277083333333334,22.8114,0.49999999999999994,5.336500000000001,0.69,0.65,2.269620690711082,-1.0,3.272465940744544,13.11,12,3.86
341.12,13.11,5.941655539583308,0,10.26,2.665331152318611,0,8.086666666666675,19.17,5.96,8.21,2025,1.25,1,1.93,-0.005482456140350761,9,11.73,9.48,5.474166666666666,19.31,2025-01-09 13:00:00,9.12,6.589384055905281,Hourly,6.07,2.1,18.97,1.74,9.02,-0.049999999999998934,1.3,3.17356371712844,AIIMS,9.07,3,-0.2588190451025208,5.376666666666666,0.8660254037844387,7.46,6.41375,16.655900000000003,0.49999999999999994,3.278,0.65,0.55,2.3367755794447564,-0.9659258262890683,1.7466634860021248,8.63,13,3.01
350.89,8.63,5.227554687339722,0,10.26,2.5927315360805845,0,6.496666666666676,19.11,6.0,5.96,2025,1.37,1,2.39,-0.8566703417861081,9,15.54,7.15,4.7924999999999995,11.73,2025-01-09 14:00:00,9.07,5.078131468503772,Hourly,9.12,1.85,19.17,1.93,7.46,-7.7700000000000005,1.3,3.4896499346888814,AIIMS,1.3,3,-0.4999999999999997,5.091666666666667,0.8660254037844387,8.91,6.040416666666666,19.072200000000002,0.49999999999999994,3.3600000000000003,0.55,0.56,2.4101569120232353,-0.8660254037844388,4.500514785369901,7.98,14,2.41
314.15,7.98,4.623315504672072,0,7.57,2.658309442279831,0,3.8900000000000095,19.18,6.37,6.0,2025,1.37,1,3.19,0.0,9,15.54,5.37,4.305000000000001,15.54,2025-01-09 15:00:00,1.3,3.998665334645551,Hourly,9.07,2.24,19.11,2.39,8.91,0.0,1.3,3.684245739181106,AIIMS,1.3,3,-0.7071067811865471,4.906666666666667,0.8660254037844387,9.14,5.667083333333333,24.3078,0.49999999999999994,3.5035000000000003,0.56,0.55,2.422048143645897,-0.7071067811865479,4.486011591603362,7.62,15,2.58
197.29,7.62,4.112036196260984,0,7.57,2.7674749184495733,0,1.3,19.25,5.6,6.37,2025,1.34,1,3.0,0.0,9,12.43,4.31,3.965833333333333,15.54,2025-01-09 16:00:00,1.3,3.227618096175394,Hourly,1.3,3.15,19.18,3.19,9.14,0.0,0.66,3.8778843028994765,AIIMS,1.3,3,-0.8660254037844385,4.6933333333333325,0.8660254037844387,9.06,5.405833333333334,18.96,0.49999999999999994,3.08,0.55,0.55,2.5430004815707234,-0.5000000000000004,0.0,6.32,16,6.07
184.99,6.32,3.580953704528525,0,6.89,2.9224517519420776,0,1.0866666666666762,19.2,6.12,5.6,2025,1.3,1,3.39,-0.4923076923076923,9,8.95,3.26,3.661666666666667,12.43,2025-01-09 17:00:00,1.3,2.4940129258395674,Hourly,1.3,3.19,19.25,3.0,9.06,-0.64,0.7,4.11544610785687,AIIMS,0.66,3,-0.9659258262890683,3.791666666666666,0.8660254037844387,8.81,5.117916666666667,22.4757,0.49999999999999994,3.2436000000000003,0.55,0.53,2.675065182734354,-0.25881904510252063,0.36950417228095395,6.63,17,9.12
228.38,6.63,3.1377300576779827,0,6.89,3.045293935159667,0,0.8866666666666762,19.15,8.51,6.12,2025,1.26,1,5.95,0.06060606060606049,9,12.82,3.86,3.448333333333333,8.95,2025-01-09 18:00:00,0.66,1.9814378041711196,Hourly,1.3,3.59,19.2,3.39,8.81,0.039999999999999925,3.16,3.2874209749702596,AIIMS,0.7,3,-1.0,2.388333333333333,0.8660254037844387,8.35,4.86,43.673,0.49999999999999994,4.7656,0.53,0.56,2.792603584936856,-1.8369701987210297e-16,0.35851545759287845,7.34,18,9.07
228.5,7.34,3.141156202650601,0,5.83,3.0433952331992056,0,1.5066666666666764,19.11,7.76,8.51,2025,1.35,1,5.56,3.5142857142857147,9,12.82,3.01,3.39,12.82,2025-01-09 19:00:00,0.7,2.3181698601222283,Hourly,0.66,4.22,19.15,5.95,8.35,2.46,3.16,0.9127029454726888,AIIMS,3.16,3,-0.9659258262890684,1.4033333333333333,0.8660254037844387,8.84,4.704583333333333,37.974799999999995,0.49999999999999994,4.3456,0.56,0.56,2.7784731170756904,0.2588190451025203,1.431968342294283,6.83,19,1.3
259.97,6.83,3.1440552483966626,0,6.2,3.0420003137895977,0,2.3400000000000096,19.04,9.52,7.76,2025,1.37,1,7.16,0.0,9,16.13,2.41,3.4025,12.82,2025-01-09 20:00:00,3.16,2.5586927572301628,Hourly,0.7,4.35,19.11,5.56,8.84,0.0,4.49,1.1544464763142932,AIIMS,3.16,3,-0.8660254037844386,1.7133333333333336,0.8660254037844387,8.43,4.593333333333333,56.4208,0.49999999999999994,5.236,0.56,0.55,2.784898197602192,0.5000000000000001,1.4202816622063776,7.88,20,1.3
216.24,7.88,3.351123671720253,0,7.62,3.039564736583821,0,3.603333333333343,18.99,9.5,9.52,2025,1.5,1,7.45,0.4208860759493671,9,16.13,2.58,3.575833333333333,16.13,2025-01-09 21:00:00,3.16,3.1104948265929737,Hourly,3.16,4.24,19.04,7.16,8.43,1.33,4.49,1.5815656799538116,AIIMS,4.49,3,-0.7071067811865477,2.245,0.8660254037844387,8.74,4.522083333333334,53.56550000000001,0.49999999999999994,5.51,0.55,0.58,2.7638001235946565,0.7071067811865474,0.7678758580220216,7.19,21,1.3
238.46,7.19,3.5263354145325216,0,7.62,3.032678084406822,0,4.046666666666677,19.01,9.52,9.5,2025,1.51,1,8.09,0.0,9,18.64,6.07,3.735,16.13,2025-01-09 22:00:00,4.49,3.504639161852124,Hourly,3.16,4.78,18.99,7.45,8.74,0.0,6.28,1.7296088189745016,AIIMS,4.49,3,-0.5000000000000004,2.7766666666666673,0.8660254037844387,8.26,4.391666666666667,52.0996,0.49999999999999994,5.426399999999999,0.58,0.57,2.6839566293811843,0.8660254037844384,0.7678758580220242,6.44,22,0.66
247.64,6.44,3.949976119989057,0,5.79,3.047944538389105,0,5.086666666666677,18.95,10.33,9.52,2025,1.55,1,8.49,0.39866369710467703,9,19.39,9.12,3.7525,18.64,2025-01-09 23:00:00,4.49,4.2975994013229455,Hourly,4.49,4.37,19.01,8.09,8.26,1.79,7.02,1.8701194257785425,AIIMS,6.28,3,-0.25881904510252157,3.7133333333333334,0.8660254037844387,8.51,4.335833333333333,59.68470000000001,0.49999999999999994,5.784800000000001,0.57,0.56,2.6272169382396102,0.9659258262890681,1.0334569818493016,7.03,23,0.7
183.74,7.03,4.422287486144587,0,5.74,2.7582706209121146,0,5.9300000000000095,18.95,10.38,10.33,2025,1.56,1,8.71,0.11783439490445849,10,50.87,9.07,3.5775,19.39,2025-01-10 01:00:00,6.28,5.075428143802103,Hourly,4.49,100.0,18.95,8.49,8.51,0.7399999999999993,19.83,1.5927041993647624,AIIMS,7.02,4,0.25881904510252074,4.766666666666667,0.8660254037844387,10.0,4.387083333333334,66.71860000000001,0.49999999999999994,6.954600000000001,0.56,0.67,2.6684900129602833,0.9659258262890683,1.3008074415530304,7.66,1,3.16
234.69,7.66,6.792704795968496,0,9.48,5.2916460033006185,0,11.043333333333342,18.97,10.5,10.38,2025,1.56,1,8.98,1.8247863247863247,10,40.67,1.3,4.474166666666666,50.87,2025-01-10 02:00:00,7.02,9.291020102715787,Hourly,6.28,100.0,18.95,8.71,10.0,12.809999999999999,16.77,6.175618997315748,AIIMS,19.83,4,0.49999999999999994,7.544999999999999,0.8660254037844387,9.55,4.974166666666666,60.794599999999996,0.49999999999999994,6.51,0.67,0.62,4.12922028292522,0.8660254037844387,7.618466599869892,6.77,2,3.16
204.66,6.77,8.32767328889642,0,7.15,6.246347781389175,0,14.540000000000006,18.99,10.31,10.5,2025,10.42,1,8.96,-0.1543116490166414,10,35.79,1.3,5.763333333333333,40.67,2025-01-10 03:00:00,19.83,11.427871501939848,Hourly,7.02,100.0,18.97,8.98,9.55,-3.0599999999999987,16.0,6.718507770827804,AIIMS,16.77,4,0.7071067811865476,9.813333333333333,0.8660254037844387,9.06,5.277916666666666,57.16480000000001,0.49999999999999994,6.0828999999999995,0.62,0.59,4.703307789913415,0.7071067811865476,6.68982062539795,6.38,3,4.49
208.06,6.38,9.508031244450818,0,5.37,6.71528762442776,0,17.533333333333342,19.03,9.9,10.31,2025,7.78,1,8.74,-0.045915324985092404,10,36.96,1.3,6.988333333333333,35.79,2025-01-10 04:00:00,16.77,12.734193929957033,Hourly,19.83,100.0,18.99,8.96,9.06,-0.7699999999999996,16.23,6.535268675936237,AIIMS,16.0,4,0.8660254037844386,11.731666666666667,0.8660254037844387,9.02,5.646666666666667,52.003,0.49999999999999994,5.5440000000000005,0.59,0.56,5.179308050700554,0.5000000000000001,2.025890750591747,5.95,4,4.49
218.81,5.95,10.542180283766076,0,4.31,6.94472870731366,0,16.333333333333343,19.05,10.06,9.9,2025,5.53,1,9.06,0.014375000000000027,10,31.67,0.66,8.2325,36.96,2025-01-10 05:00:00,16.0,13.732995664255023,Hourly,16.77,100.0,19.03,8.74,9.02,0.23000000000000043,12.17,5.627978026491678,AIIMS,16.23,4,0.9659258262890683,13.688333333333333,0.8660254037844387,8.98,6.099166666666666,51.91380000000001,0.49999999999999994,5.1306,0.56,0.51,5.610535831703978,0.25881904510252074,0.39526362510756813,5.73,5,6.28
224.38,5.73,10.792614086263603,0,3.26,6.5895438293399655,0,14.80000000000001,19.0,10.4,10.06,2025,7.26,1,9.56,-0.25015403573629086,10,25.39,0.7,9.191666666666666,31.67,2025-01-10 06:00:00,16.23,13.286425474467874,Hourly,16.0,100.0,19.05,9.06,8.98,-4.0600000000000005,11.61,4.472372971925126,AIIMS,12.17,4,1.0,14.67,0.8660254037844387,8.67,6.426666666666666,55.256800000000005,0.49999999999999994,5.408,0.51,0.52,5.729695087619861,6.123233995736766e-17,2.2805481797146556,5.78,6,7.02
224.24,5.78,10.918365765299972,0,3.86,6.041251312786687,0,13.336666666666675,18.99,10.64,10.4,2025,7.26,1,10.19,-0.046014790468364875,10,25.68,3.16,10.100833333333332,25.39,2025-01-10 07:00:00,12.17,12.807446767477053,Hourly,16.23,100.0,19.0,9.56,8.67,-0.5600000000000005,13.14,3.0770229118429233,AIIMS,11.61,4,0.9659258262890683,15.435,0.8660254037844387,8.47,6.774583333333333,55.026,0.49999999999999994,5.4264,0.52,0.51,5.782320866351421,-0.25881904510252063,2.5212959630581158,5.4,7,19.83
231.14,5.4,11.260155647561515,0,3.01,5.6747064401449485,0,12.306666666666674,18.94,13.01,10.64,2025,5.39,1,12.42,0.1317829457364342,10,29.98,3.16,10.9325,25.68,2025-01-10 08:00:00,11.61,12.902461976769324,Hourly,12.17,100.0,18.99,10.19,8.47,1.5300000000000011,14.79,2.2729716232294743,AIIMS,13.14,4,0.8660254037844387,14.32,0.8660254037844387,8.66,7.161249999999999,77.7492,0.49999999999999994,7.0254,0.51,0.54,5.888256043950897,-0.4999999999999998,0.7741016298478791,6.26,8,16.77
225.3,6.26,11.803208624859742,0,2.41,5.1998458601867465,0,13.180000000000007,18.78,13.38,13.01,2025,3.98,1,12.71,0.12557077625570764,10,38.47,4.49,11.901666666666666,29.98,2025-01-10 09:00:00,13.14,13.441758554835232,Hourly,11.61,100.0,18.94,12.42,8.66,1.6499999999999986,15.62,1.9696192525476768,AIIMS,14.79,4,0.7071067811865476,13.99,0.8660254037844387,8.97,7.652083333333334,89.7326,0.49999999999999994,8.028,0.54,0.6,6.016747625814759,-0.7071067811865475,1.5903773137214368,7.06,9,16.0
86.72,7.06,12.390407297958244,0,2.58,4.728948486490732,0,14.516666666666675,18.77,13.86,13.38,2025,4.33,1,11.77,0.056118999323867484,10,39.64,4.49,12.829166666666666,38.47,2025-01-10 10:00:00,14.79,14.064113253453737,Hourly,13.14,85.49,18.78,12.71,8.97,0.8300000000000001,13.4,1.896825418079677,AIIMS,15.62,4,0.49999999999999994,13.926666666666668,0.8660254037844387,9.74,8.2025,106.8716,0.49999999999999994,8.8704,0.6,0.64,6.119697527335886,-0.8660254037844387,1.2623919095642027,9.08,10,16.23
258.31,9.08,12.545729252118514,0,6.07,3.933087691354327,0,14.60333333333334,18.72,13.6,13.86,2025,5.52,1,11.09,-0.1421254801536491,10,40.16,6.28,13.571666666666667,39.64,2025-01-10 11:00:00,15.62,13.874366609609812,Hourly,14.79,56.85,18.77,11.77,9.74,-2.219999999999999,14.82,1.5249229488752958,AIIMS,13.4,4,0.258819045102521,13.454999999999998,0.8660254037844387,10.28,8.653333333333332,110.9,0.49999999999999994,8.704,0.64,0.64,6.085940795169873,-0.9659258262890682,1.1217100041156605,10.0,11,12.17
249.33,10.0,12.895617059484898,0,9.12,3.197630751704531,0,14.613333333333342,19.07,10.15,13.6,2025,5.79,1,4.32,0.10597014925373134,10,38.75,7.02,14.283333333333333,40.16,2025-01-10 12:00:00,13.4,14.144547578292723,Hourly,15.62,70.13,18.72,11.09,10.28,1.42,14.75,1.4607212830219,AIIMS,14.82,4,1.2246467991473532e-16,13.896666666666667,0.8660254037844387,13.73,9.017916666666666,55.900800000000004,0.49999999999999994,6.1915000000000004,0.64,0.61,6.185725488480288,-1.0,1.1243368415795842,12.94,12,11.61
143.96,12.94,13.180906742641067,0,9.07,2.2351657453296174,0,14.323333333333343,19.3,9.32,10.15,2025,5.79,1,3.66,-0.004723346828610006,10,34.84,19.83,14.9275,38.75,2025-01-10 13:00:00,14.82,14.317533984494801,Hourly,13.4,52.48,19.07,4.32,13.73,-0.07000000000000028,10.61,0.951272831529641,AIIMS,14.75,4,-0.2588190451025208,14.42,0.8660254037844387,14.1,9.2525,45.1278,0.49999999999999994,5.7784,0.61,0.62,6.295544490731263,-0.9659258262890683,0.8003957354541272,12.33,13,13.14
209.16,12.33,12.785382628388597,0,1.3,1.9651021640504054,0,13.393333333333343,19.08,7.88,9.32,2025,10.26,1,2.81,-0.28067796610169493,10,21.97,16.77,14.15916666666667,34.84,2025-01-10 14:00:00,14.75,13.25823856035343,Hourly,14.82,100.0,19.3,3.66,14.1,-4.140000000000001,4.02,1.8075111802346162,AIIMS,10.61,4,-0.4999999999999997,13.998333333333333,0.8660254037844387,13.88,9.316666666666666,30.5447,0.49999999999999994,5.0432,0.62,0.64,6.301448878711042,-0.8660254037844388,2.4106914637367325,10.87,14,14.79
188.27,10.87,11.43686222402112,0,1.3,3.3698835516259797,0,9.793333333333342,19.11,9.37,7.88,2025,10.26,1,4.75,-0.6211121583411876,10,24.72,16.0,13.096666666666666,21.97,2025-01-10 15:00:00,10.61,10.618741828823877,Hourly,14.75,100.0,19.08,2.81,13.88,-6.59,4.52,4.380496166722821,AIIMS,4.02,4,-0.7071067811865471,12.203333333333333,0.8660254037844387,12.71,9.43,51.395,0.49999999999999994,6.2779,0.64,0.67,6.174172713460999,-0.7071067811865479,5.411416943216733,10.82,15,15.62
226.42,10.82,10.372729574171716,0,1.3,4.034674708077996,0,6.383333333333341,19.17,7.05,9.37,2025,7.57,1,5.05,0.12437810945273634,10,24.31,16.23,12.14,24.72,2025-01-10 16:00:00,4.02,8.876244163445627,Hourly,10.61,100.0,19.11,4.75,12.71,0.5,6.92,4.955173727193985,AIIMS,4.52,4,-0.8660254037844385,10.353333333333333,0.8660254037844387,12.22,9.564166666666667,33.33,0.49999999999999994,4.2299999999999995,0.67,0.6,6.022958190317532,-0.5000000000000004,3.6689280905099664,6.6,16,13.4
50.3,6.6,9.841540408914529,0,0.66,4.071652464035103,0,5.153333333333341,19.12,8.9,7.05,2025,7.57,1,5.89,0.5309734513274338,10,22.1,12.17,11.364166666666664,24.31,2025-01-10 17:00:00,4.52,8.31731725960402,Hourly,4.02,97.46,19.17,5.05,12.22,2.4000000000000004,7.23,4.86365980170012,AIIMS,6.92,4,-0.9659258262890683,9.273333333333333,0.8660254037844387,12.2,9.798333333333334,48.651399999999995,0.49999999999999994,5.34,0.6,0.6,5.792527920531688,-0.25881904510252063,1.550268793897724,8.26,17,14.82
196.85,8.26,9.439764961389216,0,0.7,4.229444676636834,0,6.223333333333341,18.92,12.02,8.9,2025,6.89,1,9.09,0.04479768786127175,10,36.88,11.61,10.9525,22.1,2025-01-10 18:00:00,6.92,8.006655185431443,Hourly,4.52,93.81,19.12,5.89,12.2,0.3100000000000005,8.39,4.051772040314433,AIIMS,7.23,4,-1.0,8.008333333333333,0.8660254037844387,9.36,10.072083333333333,84.9915,0.49999999999999994,7.5725999999999996,0.6,0.63,5.489184606562419,-1.8369701987210297e-16,1.4832509340408686,9.35,18,14.75
240.45,9.35,9.27826265963703,0,3.16,4.285708721136872,0,7.5133333333333425,18.81,12.68,12.02,2025,6.89,1,10.81,0.16044260027662519,10,41.46,13.14,10.684166666666668,36.88,2025-01-10 19:00:00,7.23,8.116182275308173,Hourly,6.92,100.0,18.92,9.09,9.36,1.1600000000000001,11.94,2.4510521550293247,AIIMS,8.39,4,-0.9659258262890684,6.948333333333333,0.8660254037844387,9.23,10.3925,93.5065,0.49999999999999994,7.8616,0.63,0.62,5.131089595278661,0.2588190451025203,0.7748763342192838,8.65,19,10.61
190.16,8.65,9.687760712000562,0,3.16,4.236918816853879,0,9.186666666666675,18.76,13.53,12.68,2025,5.83,1,12.2,0.42312276519666253,10,47.53,14.79,10.584166666666667,41.46,2025-01-10 20:00:00,8.39,9.208701625220122,Hourly,7.23,100.0,18.81,10.81,9.23,3.549999999999999,12.34,2.8723648793297842,AIIMS,11.94,4,-0.8660254037844386,7.169999999999999,0.8660254037844387,9.13,10.758333333333333,96.746,0.49999999999999994,8.3886,0.62,0.62,4.900840803342273,0.5000000000000001,2.453983156693037,7.93,20,4.02
202.27,7.93,10.095797525538938,0,4.49,4.071631346056056,0,10.890000000000008,18.92,13.48,13.53,2025,6.2,1,12.25,0.033500837520938055,10,48.17,15.62,10.38,47.53,2025-01-10 21:00:00,11.94,10.103358303728658,Hourly,8.39,100.0,18.76,12.2,9.13,0.40000000000000036,13.32,3.0503027172190182,AIIMS,12.34,4,-0.7071067811865477,8.556666666666667,0.8660254037844387,8.99,11.140833333333333,90.895,0.49999999999999994,8.2228,0.62,0.61,4.632940578702856,0.7071067811865474,2.1742814905158423,7.42,21,4.52
219.17,7.42,10.591828675456025,0,4.49,3.850680774129021,0,12.53333333333334,18.87,14.94,13.48,2025,7.62,1,13.65,0.07941653160453813,10,34.16,13.4,10.188333333333334,48.17,2025-01-10 22:00:00,12.34,11.022398788377613,Hourly,11.94,82.65,18.92,12.25,8.99,0.9800000000000004,13.73,2.828771229115845,AIIMS,13.32,4,-0.5000000000000004,10.023333333333333,0.8660254037844387,9.02,11.50875,110.565,0.49999999999999994,9.2628,0.61,0.62,4.427884284748749,0.8660254037844384,0.7100234737902235,8.1,22,6.92
123.42,8.1,11.074624263847404,0,6.28,3.8767921564415695,0,13.13000000000001,18.68,16.69,14.94,2025,7.62,1,15.92,0.03078078078078079,10,30.6,14.82,10.215833333333332,34.16,2025-01-10 23:00:00,13.32,11.795999134555437,Hourly,12.34,96.8,18.87,13.65,9.02,0.41000000000000014,13.91,2.69774288372214,AIIMS,13.73,4,-0.25881904510252157,11.158333333333333,0.8660254037844387,9.15,11.893750000000002,128.3152,0.49999999999999994,10.514700000000001,0.62,0.63,4.186185160220071,0.9659258262890681,0.7142128534266273,8.06,23,7.23
223.46,8.06,11.510835915563188,0,7.02,3.786389501167294,0,13.653333333333341,18.38,20.07,16.69,2025,5.79,1,20.71,0.013109978150036396,11,20.2,14.75,10.14,30.6,2025-01-11 01:00:00,13.73,12.399999381825314,Hourly,13.32,100.0,18.68,15.92,9.15,0.17999999999999972,8.78,2.053868707262792,AIIMS,13.91,5,0.25881904510252074,12.271666666666667,0.8660254037844387,8.56,12.211666666666666,151.8043,0.49999999999999994,10.837800000000001,0.63,0.54,4.0280577547196295,0.9659258262890683,0.3023794525643894,7.33,1,8.39
223.8,7.33,11.090707313168851,0,19.83,3.507545438052728,0,12.140000000000008,18.35,20.56,20.07,2025,5.74,1,21.62,-0.36879942487419126,11,20.53,10.61,9.6425,20.2,2025-01-11 02:00:00,13.91,11.36571384416094,Hourly,13.73,100.0,18.38,20.71,8.56,-5.130000000000001,8.34,1.9074031211763618,AIIMS,8.78,5,0.49999999999999994,12.336666666666666,0.8660254037844387,8.36,12.285000000000002,155.44780000000003,0.49999999999999994,10.6912,0.54,0.52,3.9445868246732685,0.8660254037844387,2.9112368505499178,7.19,2,11.94
220.44,7.19,10.667521572681334,0,16.77,3.5118328116489574,0,10.343333333333343,18.37,20.69,20.56,2025,9.48,1,21.65,-0.05011389521640086,11,20.53,4.02,9.453333333333333,20.53,2025-01-11 03:00:00,8.78,10.50122417440067,Hourly,13.91,100.0,18.35,21.62,8.36,-0.4399999999999995,8.34,2.52376438414393,AIIMS,8.34,5,0.7071067811865476,11.736666666666666,0.8660254037844387,8.58,11.806249999999999,155.6635,0.49999999999999994,10.551900000000002,0.52,0.51,3.677249459439906,0.7071067811865476,3.096648726176918,7.19,3,12.34
217.63,7.19,10.30944133073036,0,16.0,3.101698459447311,0,8.486666666666675,18.37,20.65,20.69,2025,7.15,1,21.62,0.0,11,19.41,4.52,9.813333333333334,20.53,2025-01-11 04:00:00,8.34,9.883731553143335,Hourly,8.78,100.0,18.37,21.65,8.58,0.0,8.23,2.8409012654449635,AIIMS,8.34,5,0.8660254037844386,11.07,0.8660254037844387,8.43,11.454999999999998,152.85340000000002,0.49999999999999994,10.1185,0.51,0.49,3.58393031764481,0.5000000000000001,0.2540341184430208,7.07,4,13.32
229.07,7.07,9.989527279848767,0,16.23,2.682712755267919,0,8.303333333333342,18.5,21.18,20.65,2025,5.37,1,22.17,-0.013189448441246934,11,17.59,6.92,10.1225,19.41,2025-01-11 05:00:00,8.34,9.41123682367381,Hourly,8.34,100.0,18.37,21.62,8.43,-0.10999999999999943,8.23,2.7942327509843468,AIIMS,8.23,5,0.9659258262890683,10.221666666666666,0.8660254037844387,8.31,11.13125,160.95420000000001,0.49999999999999994,10.1664,0.49,0.48,3.505603356242516,0.25881904510252074,0.06350852960920134,7.26,5,13.73
209.4,7.26,9.718830775256649,0,12.17,2.564601097224135,0,8.266666666666675,18.33,22.92,21.18,2025,4.31,1,23.82,0.0,11,21.5,7.23,10.231666666666667,17.59,2025-01-11 06:00:00,8.23,9.073740588338437,Hourly,8.34,100.0,18.5,22.17,8.31,0.0,5.81,2.2651865265374913,AIIMS,8.23,5,1.0,9.305,0.8660254037844387,9.42,10.797916666666666,193.65660000000003,0.49999999999999994,11.46,0.48,0.5,3.37771594960652,6.123233995736766e-17,0.06350852960920134,8.13,6,13.91
216.31,8.13,9.117472194447933,0,11.61,2.7422960961195164,0,7.423333333333342,18.19,24.17,22.92,2025,3.26,1,25.69,-0.2940461725394898,11,23.83,8.39,10.113333333333333,21.5,2025-01-11 07:00:00,8.23,8.141243277384598,Hourly,8.23,100.0,18.33,23.82,9.42,-2.420000000000001,7.46,1.0704531750651838,AIIMS,5.81,5,0.9659258262890683,7.954999999999999,0.8660254037844387,9.19,10.532916666666667,203.4648,0.49999999999999994,12.3267,0.5,0.51,3.512199210907006,-0.25881904510252063,1.3971876514388197,7.92,7,8.78
224.58,7.92,8.862476472225174,0,13.14,2.807786116995443,0,7.166666666666675,18.15,24.71,24.17,2025,3.86,1,26.46,0.2839931153184166,11,24.6,11.94,10.035833333333334,23.83,2025-01-11 08:00:00,5.81,7.946602340988999,Hourly,8.23,100.0,18.19,25.69,9.19,1.6500000000000004,8.84,1.0003349439098674,AIIMS,7.46,5,0.8660254037844387,7.735,0.8660254037844387,8.89,10.36,200.8314,0.49999999999999994,13.3434,0.51,0.54,3.5587161827770895,-0.4999999999999998,1.2363791220063223,7.59,8,8.34
200.54,7.59,8.8590185534213,0,14.79,2.7588473383585637,0,7.370000000000008,18.12,25.25,24.71,2025,3.01,1,26.94,0.18498659517426272,11,26.82,12.34,9.777500000000002,24.6,2025-01-11 09:00:00,7.46,8.201858814992143,Hourly,5.81,100.0,18.15,26.46,8.89,1.38,8.84,1.0785808577356708,AIIMS,8.84,5,0.7071067811865476,7.8183333333333325,0.8660254037844387,9.62,10.180833333333334,214.98120000000003,0.49999999999999994,14.897499999999999,0.54,0.59,3.520710052724679,-0.7071067811865475,1.5170036255723947,7.98,9,8.34
233.76,7.98,8.856092622125717,0,15.62,2.6460140119658617,0,8.380000000000008,18.14,24.61,25.25,2025,2.41,1,26.5,0.0,11,28.52,13.32,9.485833333333334,26.82,2025-01-11 10:00:00,8.84,8.38418486785153,Hourly,7.46,100.0,18.12,26.94,9.62,0.0,9.9,1.1442624990245054,AIIMS,8.84,5,0.49999999999999994,7.901666666666666,0.8660254037844387,9.61,9.932916666666666,202.45999999999998,0.49999999999999994,15.012099999999998,0.59,0.61,3.3890648693113046,-0.8660254037844387,0.7967433714815509,7.64,10,8.23
50.6,7.64,9.0166937571833,0,13.4,2.364727385147209,0,9.193333333333342,18.17,22.19,24.61,2025,2.58,1,22.89,0.1199095022624435,11,28.52,13.73,9.200833333333334,28.52,2025-01-11 11:00:00,8.84,8.817274905608237,Hourly,8.84,100.0,18.14,26.5,9.61,1.0600000000000005,9.9,1.411906512488383,AIIMS,9.9,5,0.258819045102521,8.18,0.8660254037844387,10.05,9.694583333333332,206.2389,0.49999999999999994,13.5359,0.61,0.61,3.165489149873243,-0.9659258262890682,0.6119912853408285,9.01,11,8.23
285.95,9.01,9.152587025308947,0,14.82,1.9132163938513467,0,9.546666666666676,18.31,21.05,22.19,2025,6.07,1,21.09,0.0,11,28.24,13.91,8.881666666666668,28.52,2025-01-11 12:00:00,9.9,9.126624932577313,Hourly,8.84,76.14,18.17,22.89,10.05,0.0,9.06,1.578510901664523,AIIMS,9.9,5,1.2246467991473532e-16,8.458333333333334,0.8660254037844387,10.52,9.54875,196.5588,0.49999999999999994,12.63,0.61,0.6,3.066431593462586,-1.0,0.611991285340827,9.32,12,5.81
271.15,9.32,9.138342867569108,0,14.75,1.089279369794161,0,9.62000000000001,18.43,19.14,21.05,2025,9.12,1,18.38,-0.08484848484848483,11,27.77,8.78,8.4775,28.24,2025-01-11 13:00:00,9.9,9.107589237555224,Hourly,9.9,83.14,18.31,21.09,10.52,-0.8399999999999999,9.06,0.8995999110754843,AIIMS,9.06,5,-0.2588190451025208,9.0,0.8660254037844387,10.31,9.30875,171.3016,0.49999999999999994,11.6754,0.6,0.61,2.853978630216646,-0.9659258262890683,0.4849742261190619,9.32,13,7.46
249.29,9.32,9.126290118712323,0,10.61,1.099301086505647,0,9.340000000000009,18.46,18.03,19.14,2025,9.07,1,17.3,0.0,11,22.49,8.34,8.500833333333333,27.77,2025-01-11 14:00:00,9.06,9.093992312539447,Hourly,9.9,78.72,18.43,18.38,10.31,0.0,7.44,0.5003465465791249,AIIMS,9.06,5,-0.4999999999999997,9.266666666666667,0.8660254037844387,10.26,9.071666666666667,154.316,0.49999999999999994,10.6377,0.61,0.59,2.6080571924010205,-0.8660254037844388,0.4849742261190619,8.92,14,8.84
146.93,8.92,8.866860869679659,0,4.02,1.1411752979322174,0,8.520000000000008,18.58,17.09,18.03,2025,1.3,1,15.82,-0.17880794701986755,11,21.84,8.34,8.425833333333333,22.49,2025-01-11 15:00:00,9.06,8.62142308038532,Hourly,9.06,88.25,18.46,17.3,10.26,-1.62,5.33,0.9032976622762183,AIIMS,7.44,5,-0.7071067811865471,9.033333333333333,0.8660254037844387,10.3,8.939583333333333,143.32920000000001,0.49999999999999994,10.0831,0.59,0.59,2.607033094911744,-0.7071067811865479,0.9353074360870766,9.06,15,8.84
53.01,9.06,8.32272842819048,0,4.52,1.4506080229918363,0,7.276666666666675,18.62,15.61,17.09,2025,1.3,1,14.49,-0.28360215053763443,11,21.84,8.23,8.175,21.84,2025-01-11 16:00:00,7.44,7.681016485989515,Hourly,9.06,94.13,18.58,15.82,10.3,-2.1100000000000003,5.33,1.7722123650041894,AIIMS,5.33,5,-0.8660254037844385,8.448333333333334,0.8660254037844387,10.33,8.994166666666667,121.42620000000001,0.49999999999999994,9.053799999999999,0.59,0.58,2.5115176715458034,-0.5000000000000004,1.870356472262203,8.38,16,9.9
71.76,8.38,7.862308670007329,0,6.92,1.6661623479426129,0,6.033333333333342,18.63,15.96,15.61,2025,1.3,1,14.69,0.0,11,20.15,8.23,7.933333333333334,21.84,2025-01-11 17:00:00,5.33,7.009297489992511,Hourly,7.44,100.0,18.62,14.49,10.33,0.0,3.84,1.9919605083118044,AIIMS,5.33,5,-0.9659258262890683,7.686666666666667,0.8660254037844387,11.07,9.027916666666668,128.68439999999998,0.49999999999999994,9.2568,0.58,0.58,2.4535528439316567,-0.25881904510252063,1.218209067990019,8.76,17,9.9
53.75,8.76,7.243491951544663,0,7.23,2.0360037729928373,0,4.833333333333342,18.61,16.85,15.96,2025,0.66,1,15.24,-0.2795497185741089,11,20.24,5.81,7.567499999999999,20.15,2025-01-11 18:00:00,5.33,6.103783921423222,Hourly,5.33,100.0,18.63,14.69,11.07,-1.4900000000000002,5.31,2.1733353783238174,AIIMS,3.84,5,-1.0,6.676666666666666,0.8660254037844387,10.1,8.899583333333334,148.4376,0.49999999999999994,11.121000000000002,0.58,0.66,2.6419203805367673,-1.8369701987210297e-16,0.8602519010924127,9.74,18,9.06
37.2,9.74,6.946031651307022,0,8.39,2.0798839929782464,0,4.826666666666675,18.55,18.61,16.85,2025,0.7,1,16.3,0.38281249999999994,11,24.93,7.46,7.525833333333334,20.24,2025-01-11 19:00:00,3.84,5.876988515302301,Hourly,5.33,100.0,18.61,15.24,10.1,1.4699999999999998,7.8,1.8687259474502933,AIIMS,5.31,5,-0.9659258262890684,6.051666666666667,0.8660254037844387,11.24,8.819583333333334,181.745,0.49999999999999994,12.0965,0.66,0.65,2.7225155873167157,0.2588190451025203,0.8545369116270578,11.15,19,9.06
118.86,11.15,7.077411397259788,0,11.94,2.081221050395841,0,5.650000000000008,18.42,20.17,18.61,2025,3.16,1,18.67,0.46892655367231645,11,25.08,8.84,7.554166666666666,24.93,2025-01-11 20:00:00,5.31,6.426420368073073,Hourly,3.84,100.0,18.55,16.3,11.24,2.49,8.7,1.496842231724512,AIIMS,7.8,5,-0.8660254037844386,5.841666666666666,0.8660254037844387,10.26,8.795,198.08870000000002,0.49999999999999994,13.513900000000001,0.65,0.67,2.729218712855891,0.5000000000000001,2.0017742130419647,10.61,20,7.44
145.99,10.61,7.3270404130659745,0,12.34,2.073736745807866,0,7.270000000000008,18.47,21.84,20.17,2025,3.16,1,21.53,0.11538461538461532,11,36.43,8.84,7.5425,25.08,2025-01-11 21:00:00,7.8,7.076014548623624,Hourly,5.31,100.0,18.42,18.67,10.26,0.8999999999999995,15.17,1.8195319911103498,AIIMS,8.7,5,-0.7071067811865477,6.051666666666667,0.8660254037844387,10.07,8.66,213.7929,0.49999999999999994,15.9432,0.67,0.73,2.6457447377601175,0.7071067811865474,1.756046696417774,9.93,21,5.33
188.15,9.93,8.533649580286593,0,13.32,3.0220462664175565,0,10.556666666666674,18.26,23.56,21.84,2025,4.49,1,24.21,0.7436781609195403,11,56.23,9.9,8.07,36.43,2025-01-11 22:00:00,8.7,9.388581820445445,Hourly,7.8,100.0,18.47,21.53,10.07,6.470000000000001,23.89,4.075268907283766,AIIMS,15.17,5,-0.5000000000000004,7.691666666666666,0.8660254037844387,10.29,8.777916666666666,215.46900000000002,0.49999999999999994,17.4344,0.73,0.74,2.8704127549974476,0.8660254037844384,4.020526499518827,8.9,22,5.33
167.33,8.9,10.89616502947327,0,13.73,5.486130377156203,0,15.920000000000007,18.18,24.78,23.56,2025,4.49,1,25.83,0.5748187211601846,11,56.23,9.9,9.235833333333334,56.23,2025-01-11 23:00:00,15.17,13.531844157461032,Hourly,8.7,100.0,18.26,24.21,10.29,8.72,23.89,7.515788049167354,AIIMS,23.89,5,-0.25881904510252157,10.785000000000002,0.8660254037844387,9.76,9.218333333333334,223.4295,0.49999999999999994,17.8416,0.74,0.72,4.131493746782668,0.9659258262890681,7.622722610721171,8.65,23,3.84
98.56,8.65,12.895216563400458,0,13.91,6.935202472411153,0,20.983333333333338,2.07,65.76,24.78,2025,6.28,1,44.24,0.0,12,152.43,9.06,10.401666666666667,56.23,2025-01-12 01:00:00,23.89,16.491317255329307,Hourly,15.17,88.78,18.18,25.83,9.76,0.0,75.93,8.233382455994203,AIIMS,23.89,6,0.25881904510252074,14.126666666666665,0.8660254037844387,4.56,9.641666666666667,2630.068,0.49999999999999994,79.56960000000001,0.72,1.21,5.035500637142336,0.9659258262890683,5.0344943473335135,59.45,1,5.31
73.02,59.45,22.592875553646543,0,8.78,20.110143735453757,0,41.23666666666668,2.39,62.6,65.76,2025,7.02,1,41.18,2.1783172875680203,12,134.54,9.06,15.974166666666667,152.43,2025-01-12 02:00:00,23.89,33.473798039520936,Hourly,23.89,100.0,2.07,44.24,4.56,52.040000000000006,71.21,25.493779371969783,AIIMS,75.93,6,0.49999999999999994,25.896666666666665,0.8660254037844387,4.15,12.225833333333334,2388.44,0.49999999999999994,67.608,1.21,1.08,14.444569587900666,0.8660254037844387,30.045308008628126,58.0,2,7.8
103.32,58.0,30.07243316077784,0,8.34,25.45924205589415,0,57.01000000000001,2.78,57.55,62.6,2025,19.83,1,36.66,-0.06216251810878457,12,95.06,7.44,21.153333333333332,134.54,2025-01-12 03:00:00,75.93,44.25557002822924,Hourly,23.89,100.0,2.39,41.18,4.15,-4.720000000000013,58.86,29.343942305014238,AIIMS,71.21,6,0.7071067811865476,36.465,0.8660254037844387,3.7,14.827083333333333,2020.6991999999998,0.49999999999999994,54.67249999999999,1.08,0.95,18.770595292769023,0.7071067811865476,28.77968728113633,55.12,3,8.7
67.34,55.12,34.50128959758125,0,8.34,27.208463868079892,0,68.66666666666669,2.99,53.46,57.55,2025,16.77,1,32.12,-0.17343069793568314,12,100.75,5.33,25.438333333333333,95.06,2025-01-12 04:00:00,71.21,48.42826430587803,Hourly,75.93,100.0,2.78,36.66,3.7,-12.349999999999994,51.17,26.894750231225483,AIIMS,58.86,6,0.8660254037844386,44.824999999999996,0.8660254037844387,4.18,16.932083333333335,1738.3343999999997,0.49999999999999994,45.9756,0.95,0.86,20.740824682603346,0.5000000000000001,8.814626102866388,54.12,4,15.17
79.93,54.12,37.06570658256875,0,8.23,27.34621523865397,0,60.41333333333335,3.32,51.1,53.46,2025,16.0,1,29.53,-0.13064899762147464,12,138.45,5.33,29.258333333333336,100.75,2025-01-12 05:00:00,58.86,49.211617361341446,Hourly,71.21,100.0,2.99,32.12,4.18,-7.689999999999998,62.61,22.63394773343799,AIIMS,51.17,6,0.9659258262890683,50.824999999999996,0.8660254037844387,4.09,18.716666666666665,1579.2644,0.49999999999999994,40.369,0.86,0.79,21.78567432504895,0.25881904510252074,10.109897790449374,53.48,5,23.89
79.59,53.48,40.995597877558176,0,8.23,27.78541534799522,0,57.54666666666668,3.13,50.62,51.1,2025,16.23,1,29.73,0.22356849716630833,12,142.27,3.84,34.031666666666666,138.45,2025-01-12 06:00:00,51.17,53.039726686672466,Hourly,58.86,100.0,3.32,29.53,4.09,11.439999999999998,68.65,18.574158841429902,AIIMS,62.61,6,1.0,57.278333333333336,0.8660254037844387,3.76,20.9825,1553.3925,0.49999999999999994,39.4836,0.79,0.78,23.414597314310154,6.123233995736766e-17,5.831983653383562,52.25,6,23.89
55.39,52.25,45.25012128101076,0,5.81,27.681938031536372,0,60.81000000000001,2.95,56.97,50.62,2025,12.17,1,37.24,0.09647021242613012,12,184.08,5.31,39.4325,142.27,2025-01-12 07:00:00,62.61,57.49980477619462,Hourly,51.17,100.0,3.13,29.73,3.76,6.040000000000006,79.82,9.006900502762747,AIIMS,68.65,6,0.9659258262890683,64.73833333333333,0.8660254037844387,4.55,23.5,1978.9336,0.49999999999999994,48.424499999999995,0.78,0.85,25.16644971592823,-0.25881904510252063,8.877927686121344,53.14,7,75.93
35.22,53.14,50.56856416085526,0,7.46,27.6887682622176,0,70.36000000000001,2.59,59.32,56.97,2025,11.61,1,40.09,0.16270939548434066,12,184.08,7.8,45.64166666666667,184.08,2025-01-12 08:00:00,68.65,63.877003411567586,Hourly,62.61,100.0,2.95,37.24,4.55,11.169999999999987,80.72,10.052885489582962,AIIMS,79.82,6,0.8660254037844387,65.38666666666667,0.8660254037844387,4.69,26.58375,2145.2159,0.49999999999999994,49.8288,0.85,0.84,27.344685806346774,-0.4999999999999998,8.731500443795436,53.51,8,71.21
54.51,53.51,55.20724659764676,0,8.84,26.609523187055125,0,76.39666666666668,2.48,61.36,59.32,2025,13.14,1,42.21,0.01127536958155858,12,181.34,8.7,51.718333333333334,184.08,2025-01-12 09:00:00,79.82,68.68928815111971,Hourly,68.65,100.0,2.59,40.09,4.69,0.9000000000000057,80.72,11.75949899726462,AIIMS,80.72,6,0.7071067811865476,66.97166666666666,0.8660254037844387,4.46,29.63625,2283.1389000000004,0.49999999999999994,49.701600000000006,0.84,0.81,29.14672176547322,-0.7071067811865475,6.7238852855572455,54.09,9,58.86
77.82,54.09,59.13228558262418,0,8.84,24.020850034160656,0,80.42,2.48,66.63,61.36,2025,14.79,1,46.94,0.0,12,157.46,15.17,57.72,181.34,2025-01-12 10:00:00,80.72,72.12663439365693,Hourly,79.82,100.0,2.48,42.21,4.46,0.0,67.22,12.124383283284997,AIIMS,80.72,6,0.49999999999999994,70.61500000000001,0.8660254037844387,5.18,32.63125,2678.3964,0.49999999999999994,55.969199999999994,0.81,0.84,30.574930667559734,-0.8660254037844387,0.5196152422707302,57.06,10,51.17
59.92,57.06,60.37654933914354,0,9.9,20.002259474642063,0,76.22000000000001,3.13,59.45,66.63,2025,15.62,1,37.55,-0.16724479682854312,12,64.08,23.89,62.057500000000005,157.46,2025-01-12 11:00:00,80.72,70.72473885261209,Hourly,80.72,47.81,2.48,46.94,5.18,-13.5,27.01,8.068303415216885,AIIMS,67.22,6,0.258819045102521,73.29,0.8660254037844387,8.1,35.06375,2303.317,0.49999999999999994,49.3435,0.84,0.83,30.920202740279667,-0.9659258262890682,7.794228634059943,61.34,11,62.61
93.48,61.34,55.243234056198375,0,9.9,19.474347287463225,0,58.31666666666667,3.35,46.54,59.45,2025,13.4,1,15.85,-0.5981850639690568,12,74.46,23.89,62.317499999999995,64.08,2025-01-12 12:00:00,67.22,58.23481346615149,Hourly,80.72,67.55,3.13,37.55,8.1,-40.209999999999994,34.2,20.698004412664222,AIIMS,27.01,6,1.2246467991473532e-16,67.35666666666667,0.8660254037844387,8.83,35.776666666666664,1034.8465,0.49999999999999994,37.6974,0.83,0.81,30.509304449151454,-1.0,27.93998985922028,65.29,12,68.65
101.01,65.29,52.005813432167855,0,9.06,17.77847336391722,0,42.81000000000001,3.82,33.59,46.54,2025,14.82,1,3.64,0.266197704553869,12,74.84,75.93,63.17666666666667,74.46,2025-01-12 13:00:00,27.01,51.36772390439393,Hourly,67.22,80.27,3.35,15.85,8.83,7.190000000000001,37.21,24.665475264020387,AIIMS,34.2,6,-0.2588190451025208,61.61500000000001,0.8660254037844387,10.75,36.78916666666667,216.94400000000002,0.49999999999999994,24.5207,0.81,0.73,30.012378883252197,-0.9659258262890683,21.44318306595357,59.6,13,79.82
162.15,59.6,49.729534442603565,0,9.06,18.741056048637734,0,32.80666666666668,4.15,29.59,33.59,2025,14.75,1,2.33,0.08801169590643268,12,73.25,71.21,59.949999999999996,74.84,2025-01-12 14:00:00,34.2,47.32265993170995,Hourly,27.01,46.75,3.82,3.64,10.75,3.009999999999998,36.35,24.509215953731957,AIIMS,37.21,6,-0.4999999999999997,54.51333333333333,0.8660254037844387,11.17,37.96208333333333,123.9094,0.49999999999999994,18.9376,0.73,0.64,29.42591226899036,-0.8660254037844388,5.2408046455988755,53.18,14,80.72
129.67,53.18,47.67114452835686,0,7.44,19.522488431177365,0,35.92000000000001,4.32,30.6,29.59,2025,10.61,1,2.63,-0.02311206664875032,12,69.84,58.86,57.044999999999995,73.25,2025-01-12 15:00:00,37.21,44.18761423693568,Hourly,34.2,94.9,4.15,2.33,11.17,-0.8599999999999994,35.57,21.533738566878483,AIIMS,36.35,6,-0.7071067811865471,47.11833333333334,0.8660254037844387,11.38,39.09916666666667,145.3864,0.49999999999999994,18.36,0.64,0.6,28.78071258093978,-0.7071067811865479,1.550387048448734,55.28,15,80.72
113.57,55.28,45.80942998553273,0,5.33,20.460788422707164,0,36.37666666666667,4.29,28.08,30.6,2025,4.02,1,2.46,-0.021458046767537858,12,66.98,51.17,55.104166666666664,69.84,2025-01-12 16:00:00,36.35,41.72543874066834,Hourly,37.21,78.16,4.32,2.63,11.38,-0.7800000000000011,33.93,14.021752624642568,AIIMS,35.57,6,-0.8660254037844385,39.593333333333334,0.8660254037844387,11.3,40.27125,125.952,0.49999999999999994,15.444,0.6,0.55,27.997482854636257,-0.5000000000000004,0.8203251387900609,51.2,16,67.22
115.29,51.2,43.98182537237385,0,5.33,21.348157308174056,0,35.28333333333334,4.24,31.93,28.08,2025,4.52,1,4.47,-0.04610626932808548,12,64.69,62.61,53.6675,66.98,2025-01-12 17:00:00,35.57,39.498170529048814,Hourly,36.35,100.0,4.29,2.46,11.3,-1.6400000000000006,32.76,3.6656336423604534,AIIMS,33.93,6,-0.9659258262890683,34.045,0.8660254037844387,7.76,41.462916666666665,243.16799999999998,0.49999999999999994,17.561500000000002,0.55,0.55,27.03781321218675,-0.25881904510252063,1.235205785823109,54.4,17,27.01
122.55,54.4,42.255390699700946,0,3.84,21.942249408183045,0,34.08666666666667,3.84,37.4,31.93,2025,6.92,1,7.52,-0.0344827586206897,12,62.91,68.65,51.18,64.69,2025-01-12 18:00:00,33.93,37.572978949320586,Hourly,35.57,100.0,4.24,4.47,7.76,-1.1700000000000017,35.34,1.6633660651436055,AIIMS,32.76,6,-1.0,35.00333333333334,0.8660254037844387,6.94,42.60583333333333,458.19359999999995,0.49999999999999994,26.179999999999996,0.55,0.7,26.004012887088855,-1.8369701987210297e-16,1.4115358066059878,60.93,18,34.2
113.86,60.93,41.1914844382085,0,5.31,21.636095874648227,0,34.01000000000001,3.42,48.88,37.4,2025,7.23,1,19.45,0.07875457875457892,12,156.05,79.82,48.40416666666667,62.91,2025-01-12 19:00:00,32.76,36.93498496380042,Hourly,33.93,100.0,3.84,7.52,6.94,2.5800000000000054,48.7,1.617735042172017,AIIMS,35.34,6,-0.9659258262890684,35.193333333333335,0.8660254037844387,7.23,43.91833333333333,1251.6074999999998,0.49999999999999994,41.548,0.7,0.85,24.725852105010258,0.2588190451025203,1.2918591254457577,64.35,19,37.21
111.28,64.35,42.346640678484114,0,7.8,19.26314307325278,0,38.933333333333344,2.68,53.12,48.88,2025,8.39,1,26.48,0.3780418788907753,12,176.4,80.72,45.810833333333335,156.05,2025-01-12 20:00:00,35.34,40.296417831286014,Hourly,32.76,100.0,3.42,19.45,7.23,13.36,65.12,5.821427373649102,AIIMS,48.7,6,-0.8660254037844386,37.108333333333334,0.8660254037844387,7.03,45.72625,1703.9879999999998,0.49999999999999994,48.8704,0.85,0.92,23.32685890118196,0.5000000000000001,8.555988156451075,64.35,20,36.35
126.19,64.35,45.85023442025579,0,8.7,17.097765647929435,0,49.72000000000002,2.97,56.92,53.12,2025,11.94,1,32.04,0.3371663244353183,12,136.46,80.72,44.51083333333333,176.4,2025-01-12 21:00:00,48.7,47.38886987949001,Hourly,35.34,100.0,2.68,26.48,7.03,16.42,60.45,12.7716195788424,AIIMS,65.12,6,-0.7071067811865477,41.903333333333336,0.8660254037844387,6.29,48.114583333333336,1958.6052,0.49999999999999994,56.92,0.92,1.0,22.181162979501067,0.7071067811865474,14.916179135421991,61.13,21,35.57
117.32,61.13,48.0963522017549,0,15.17,13.896969475610911,0,58.09000000000001,2.48,58.01,56.92,2025,12.34,1,33.06,-0.07171375921375923,12,113.42,67.22,42.821666666666665,136.46,2025-01-12 22:00:00,65.12,51.12062134249287,Hourly,48.7,100.0,2.97,32.04,6.29,-4.670000000000002,56.21,14.25671771481793,AIIMS,60.45,6,-0.5000000000000004,46.050000000000004,0.8660254037844387,5.84,50.27083333333334,2037.1572,0.49999999999999994,58.5901,1.0,1.01,20.64520049849817,0.8660254037844384,8.460573266629089,61.62,22,33.93
108.16,61.62,49.34460570917722,0,23.89,12.425232727532078,0,60.59333333333334,2.67,57.33,58.01,2025,13.32,1,32.69,-0.07014061207609598,12,89.75,27.01,41.90416666666667,113.42,2025-01-12 23:00:00,60.45,52.574729530352045,Hourly,65.12,88.72,2.48,33.06,5.84,-4.240000000000002,52.78,13.340675645058969,AIIMS,56.21,6,-0.25881904510252157,49.76333333333334,0.8660254037844387,5.65,51.98083333333333,1983.3022999999998,0.49999999999999994,57.33,1.01,1.0,19.264955549360643,0.9659258262890681,4.456728994827071,60.67,23,32.76
130.46,60.67,49.87312790776534,0,23.89,11.829689024832527,0,56.48000000000001,27.19,27.65,57.33,2025,13.73,2,5.13,-0.0610211706102117,4,126.05,34.2,44.05166666666667,89.75,2025-02-04 01:00:00,56.21,52.63337823596574,Hourly,60.45,10.05,2.67,32.69,5.65,-3.4299999999999997,62.51,10.421660136465896,AIIMS,52.78,1,0.25881904510252074,53.1,0.5000000000000001,19.18,53.184583333333336,234.4923,0.8660254037844386,30.6915,1.0,1.11,18.312449074965084,0.9659258262890683,3.842121809625342,45.71,1,35.34
