WD,NO2_lag1,PM2.5_ema_12,gap_length,PM2.5_lag24,PM2.5_roll_std_12,is_imputed,PM2.5_roll_mean_3,NH3,NOx,NOx_lag1,Year,PM2.5_lag48,Month,NO,PM2.5_pct_change,Day,PM10,PM2.5_lag12,PM2.5_roll_mean_12,PM10_lag1,DateTime,PM2.5_lag2,PM2.5_ema_6,Frequency,PM2.5_lag3,WS,NH3_lag1,NO_lag1,SO2_lag1,PM2.5_diff,PM2.5,PM2.5_roll_std_6,Location,PM2.5_lag1,Weekday,Hour_sin,PM2.5_roll_mean_6,Month_cos,SO2,PM2.5_roll_mean_24,NO_x_NO2,Month_sin,CO_x_NOx,CO_lag1,CO,PM2.5_roll_std_24,Hour_cos,PM2.5_roll_std_3,NO2,Hour,PM2.5_lag6
174.3,20.16,14.095058194004869,0,31.95,7.656846609407819,0,19.463333333333335,15.06,14.68,23.87,2022,59.52,1,3.59,0.15993359158826786,9,33.89,2.37,9.735,60.76,2022-01-09 17:00:00,18.07,16.418975357363852,Hourly,19.36,0.93,16.76,3.71,4.87,2.8900000000000006,16.75,4.441097461964417,Bhatagaon,20.96,6,-0.9659258262890683,16.433333333333334,0.8660254037844387,3.19,14.96,46.0597,0.49999999999999994,6.606,0.84,0.45,11.463292265541222,-0.25881904510252063,1.4477683976848328,12.83,17,8.98
197.01,12.83,14.50351077954258,0,30.72,7.523510222004492,0,18.593333333333334,13.9,11.31,14.68,2022,59.52,1,1.41,-0.20085877862595422,9,40.22,1.93,10.933333333333335,33.89,2022-01-09 18:00:00,20.96,16.513553826688465,Hourly,18.07,1.1,15.06,3.59,3.19,-4.210000000000001,15.57,2.5730403546518206,Bhatagaon,16.75,6,-1.0,17.728333333333335,0.8660254037844387,2.78,14.326666666666666,13.959,0.49999999999999994,4.524,0.45,0.4,10.889324515588509,-1.8369701987210297e-16,2.15323787198139,9.9,18,13.38
216.46,9.9,14.667586044228338,0,28.38,7.055428599828132,0,17.76,19.59,17.78,11.31,2022,57.64,1,4.01,-0.07044776119402983,9,59.18,2.13,12.07,40.22,2022-01-09 19:00:00,16.75,16.24396701906319,Hourly,20.96,1.24,13.9,1.41,2.78,-1.1799999999999997,18.37,1.9001964810689338,Bhatagaon,15.57,6,-0.9659258262890684,18.093333333333334,0.8660254037844387,2.57,13.695416666666667,55.217699999999994,0.49999999999999994,9.4234,0.4,0.53,10.322034253149338,0.2588190451025203,2.833390195508139,13.77,19,17.85
191.41,13.77,15.237188191270134,0,25.23,6.512073169866644,0,16.896666666666665,30.02,16.7,17.78,2022,44.69,1,3.7,0.17983301220295445,9,41.59,3.18,13.423333333333334,59.18,2022-01-09 20:00:00,15.57,16.851405013616564,Hourly,16.75,1.21,19.59,4.01,2.57,2.8000000000000007,15.8,1.8987364219396252,Bhatagaon,18.37,6,-0.8660254037844386,18.180000000000003,0.8660254037844387,2.41,13.278333333333334,51.467000000000006,0.49999999999999994,10.855,0.53,0.65,9.896333825634906,0.5000000000000001,1.4057500963311453,13.91,20,19.36
242.0,13.91,15.323774623382421,0,26.92,5.672330769942493,0,16.580000000000002,39.72,16.08,16.7,2022,44.37,1,3.36,-0.13990201415351117,9,36.62,3.27,14.475,41.59,2022-01-09 21:00:00,18.37,16.55100358115469,Hourly,15.57,0.85,30.02,3.7,2.41,-2.5700000000000003,12.86,2.0092652056577216,Bhatagaon,15.8,6,-0.7071067811865477,17.586666666666666,0.8660254037844387,2.12,12.885416666666666,43.68,0.49999999999999994,9.969599999999998,0.65,0.62,9.583436788981583,0.7071067811865474,1.5544452386628826,13.0,21,18.07
243.33,13.0,14.944732373631279,0,28.71,4.5057628923884,0,15.676666666666668,42.43,15.37,16.08,2022,47.51,1,3.51,-0.18607594936708868,9,42.73,5.34,15.274166666666668,36.62,2022-01-09 22:00:00,15.8,15.496431129396207,Hourly,18.37,0.79,39.72,3.36,2.12,-2.9400000000000013,11.51,2.7484353124399314,Bhatagaon,12.86,6,-0.5000000000000004,16.718333333333334,0.8660254037844387,1.14,12.299583333333333,41.9445,0.49999999999999994,9.3757,0.62,0.61,9.106056980487432,0.8660254037844384,2.7570697004854776,11.95,22,20.96
253.64,11.95,14.416312008457236,0,27.53,3.511406952758229,0,13.39,34.91,15.7,15.37,2022,50.71,1,3.6,-0.10497667185069982,9,45.68,8.98,15.788333333333334,42.73,2022-01-09 23:00:00,12.86,14.357450806711576,Hourly,15.8,0.6,42.43,3.51,1.14,-1.3499999999999996,14.09,2.5306415523868266,Bhatagaon,11.51,6,-0.25881904510252157,15.143333333333333,0.8660254037844387,1.11,11.582916666666668,43.56,0.49999999999999994,9.42,0.61,0.6,8.40848767830647,0.9659258262890681,2.193558752347849,12.1,23,16.75
272.88,12.1,14.366110161002277,0,29.11,2.8601444920058774,0,12.82,5.24,28.63,15.7,2022,61.47,1,3.25,0.22415291051259775,10,32.63,13.38,16.214166666666667,45.68,2022-01-10 01:00:00,11.51,14.281036290508268,Hourly,12.86,0.21,34.91,3.6,1.11,2.58,14.03,2.4236171314793404,Bhatagaon,14.09,0,0.25881904510252074,14.700000000000001,0.8660254037844387,6.1,11.022916666666667,82.485,0.49999999999999994,16.8917,0.6,0.59,7.719571107238406,0.9659258262890683,1.2904650324599551,25.38,1,15.57
304.35,25.38,14.314400905463465,1,4.93,2.807256290185833,1,13.209999999999999,2.665,26.63,28.63,2022,68.73,1,3.5,-0.004258339247693435,10,30.83,17.85,16.268333333333334,32.63,2022-01-10 02:00:00,14.09,14.209311636077334,Hourly,11.51,0.2,5.24,3.25,6.1,-0.0600000000000005,14.03,2.394424078284133,Bhatagaon,14.03,0,0.49999999999999994,14.443333333333333,0.8660254037844387,6.18,10.394583333333333,80.99000000000001,0.49999999999999994,16.7769,0.59,0.63,6.734194363981775,0.8660254037844387,1.4725488107366271,23.14,2,18.37
307.16,23.14,14.270646920007547,0,3.64,2.828105694308801,0,14.049999999999999,0.09,35.67,26.63,2022,46.34,1,5.62,0.0,10,22.98,19.36,15.950000000000001,30.83,2022-01-10 03:00:00,14.03,14.15807974005524,Hourly,14.09,0.33,2.665,3.5,6.18,0.0,11.04,1.433820072394078,Bhatagaon,14.03,0,0.7071067811865476,13.719999999999999,0.8660254037844387,5.51,10.77375,168.881,0.49999999999999994,20.3319,0.63,0.57,6.669006061462677,0.7071067811865476,0.03464101617758976,30.05,3,15.8
285.09,30.05,13.773624316929462,0,2.83,2.93399303876393,0,13.033333333333331,6.67,29.8,35.67,2022,41.05,1,4.42,-0.21311475409836067,10,37.76,18.07,15.256666666666666,22.98,2022-01-10 04:00:00,14.03,13.26719981432517,Hourly,14.03,0.17,0.09,5.62,5.51,-2.99,11.04,1.368132547184971,Bhatagaon,11.04,0,0.8660254037844386,12.926666666666668,0.8660254037844387,6.22,11.082083333333335,115.27359999999999,0.49999999999999994,17.582,0.57,0.59,6.493604197286307,0.5000000000000001,1.7262773048775204,26.08,4,12.86
352.04,26.08,13.353066729709544,0,2.27,3.0217167255877944,0,12.036666666666667,8.43,38.86,29.8,2022,39.53,1,7.89,0.0,10,44.65,20.96,14.670833333333334,37.76,2022-01-10 05:00:00,11.04,12.630857010232265,Hourly,14.03,0.27,6.67,4.42,6.22,0.0,11.68,1.5723824810353373,Bhatagaon,11.04,0,0.9659258262890683,12.623333333333333,0.8660254037844387,5.72,11.424166666666666,244.27439999999999,0.49999999999999994,25.6476,0.59,0.66,6.251730137341564,0.25881904510252074,1.7262773048775333,30.96,5,11.51
333.74,30.96,13.095671848215769,1,2.37,2.386580379767453,1,11.253333333333332,15.829999999999998,60.04,38.86,2022,35.6,1,16.41,0.05797101449275368,10,67.02,16.75,13.897499999999999,44.65,2022-01-10 06:00:00,11.04,12.359183578737332,Hourly,11.04,0.57,8.43,7.89,5.72,0.6400000000000006,17.71,1.5496763102876814,Bhatagaon,11.68,0,1.0,12.651666666666666,0.8660254037844387,6.05,11.816249999999998,715.9683,0.49999999999999994,46.8312,0.66,0.78,5.939961068895978,6.123233995736766e-17,0.3695041722839892,43.63,6,14.09
93.73,43.63,13.805568486951804,0,1.93,2.504088021252821,0,13.476666666666667,23.23,78.97,60.04,2022,30.27,1,24.94,0.5162671232876713,10,95.85,15.57,13.9775,67.02,2022-01-10 07:00:00,11.68,13.887988270526666,Hourly,11.04,0.65,15.829999999999998,16.41,6.05,6.030000000000001,22.82,2.5822993629709483,Bhatagaon,17.71,0,0.9659258262890683,13.255,0.8660254037844387,7.95,12.455416666666666,1347.5082,0.49999999999999994,75.02149999999999,0.78,0.95,5.699778774628888,-0.25881904510252063,3.680113222896162,54.03,7,14.03
107.56,54.03,15.192404104343835,0,2.13,3.5706959681509916,0,17.403333333333332,40.9,57.26,78.97,2022,29.3,1,15.69,0.28853754940711457,10,106.88,18.37,14.581666666666665,95.85,2022-01-10 08:00:00,17.71,16.43999162180476,Hourly,11.68,0.7,23.23,24.94,7.95,5.109999999999999,28.7,4.719165180410634,Bhatagaon,22.82,0,0.8660254037844387,14.719999999999999,0.8660254037844387,9.09,13.325833333333335,652.3901999999999,0.49999999999999994,49.816199999999995,0.95,0.87,5.617012912391323,-0.4999999999999998,5.576327943488885,41.58,8,14.03
124.86,41.58,17.27049578059863,0,3.18,5.3625979541805915,0,23.076666666666668,38.58,60.05,57.26,2022,26.72,1,16.24,0.2576687116564417,10,119.12,15.8,15.4425,106.88,2022-01-10 09:00:00,22.82,19.94285115843197,Hourly,17.71,0.78,40.9,15.69,9.09,5.879999999999999,28.7,7.354573407071281,Bhatagaon,28.7,0,0.7071067811865476,17.165,0.8660254037844387,20.53,14.432916666666669,711.6367999999999,0.49999999999999994,55.246,0.87,0.92,5.924423640407084,-0.7071067811865475,5.499493916110344,43.82,9,11.04
129.82,43.82,19.028881045121917,0,3.27,6.5926820656074305,0,26.74,40.88,67.87,60.05,2022,25.73,1,15.23,0.0,10,123.09,12.86,16.5175,119.12,2022-01-10 10:00:00,28.7,22.444893684594263,Hourly,22.82,0.83,38.58,16.24,20.53,0.0,31.89,7.924772341630179,Bhatagaon,28.7,0,0.49999999999999994,20.108333333333334,0.8660254037844387,37.5,15.496250000000002,809.9314,0.49999999999999994,74.65700000000001,0.92,1.1,6.10437320964311,-0.8660254037844387,3.394819582835175,53.18,10,11.04
92.41,53.18,21.007514730487774,0,5.34,7.809411959393306,0,29.763333333333332,47.05,56.72,67.87,2022,24.14,1,11.05,0.11114982578397217,10,123.86,11.51,18.103333333333335,123.09,2022-01-10 11:00:00,28.7,25.143495488995903,Hourly,28.7,0.48,40.88,15.23,37.5,3.1900000000000013,41.38,7.721778724275036,Bhatagaon,31.89,0,0.258819045102521,23.583333333333332,0.8660254037844387,29.49,16.68875,530.5105,0.49999999999999994,67.4968,1.1,1.19,6.400414601040874,-0.9659258262890682,1.8417473587151907,48.01,11,11.68
338.69,48.01,24.141743233489656,0,8.98,9.976498862098598,0,33.99,43.51,75.14,56.72,2022,29.33,1,13.7,0.2975854499843212,10,152.93,14.09,20.5925,123.86,2022-01-10 12:00:00,31.89,29.782496777854217,Hourly,28.7,1.12,47.05,11.05,29.49,9.490000000000002,41.38,8.07646374762287,Bhatagaon,41.38,0,1.2246467991473532e-16,28.53333333333333,0.8660254037844387,17.24,18.190416666666668,841.591,0.49999999999999994,102.19040000000001,1.19,1.36,7.714880302357901,-1.0,6.5956879853432175,61.43,12,17.71
336.0,61.43,26.79378273602971,0,13.38,11.372260775743547,0,38.21666666666667,18.85,59.36,75.14,2022,32.34,1,8.3,0.0,10,152.93,14.03,22.866666666666664,152.93,2022-01-10 13:00:00,41.38,33.096069127038724,Hourly,31.89,1.03,43.51,13.7,17.24,0.0,40.74,7.492135654582502,Bhatagaon,41.38,0,-0.2588190451025208,32.47833333333333,0.8660254037844387,16.1,19.540416666666665,437.7420000000001,0.49999999999999994,74.2,1.36,1.25,8.792612254252031,-0.9659258262890683,5.479054054609609,52.74,13,22.82
348.87,52.74,28.93935462279437,0,17.85,12.07751037334193,0,41.166666666666664,11.53,49.79,59.36,2022,33.78,1,6.49,-0.015466408893185126,10,133.76,14.03,25.092499999999998,152.93,2022-01-10 14:00:00,41.38,35.28004937645623,Hourly,41.38,1.88,18.85,8.3,16.1,-0.6400000000000006,40.74,6.357847906328023,Bhatagaon,40.74,0,-0.4999999999999997,35.465,0.8660254037844387,13.12,20.680416666666666,281.017,0.49999999999999994,60.2459,1.25,1.21,9.68731105472588,-0.8660254037844388,0.3695041722820664,43.3,14,28.7
344.09,43.3,30.75483852697985,0,19.36,12.312381671481864,0,40.95333333333334,40.23,48.77,49.79,2022,39.16,1,5.68,0.0,10,139.16,11.04,27.31833333333333,133.76,2022-01-10 15:00:00,40.74,36.84003526889731,Hourly,41.38,2.11,11.53,6.49,13.12,0.0,35.89,5.6570537090137485,Bhatagaon,40.74,0,-0.7071067811865471,37.47166666666667,0.8660254037844387,7.4,21.63416666666667,247.53439999999998,0.49999999999999994,56.085499999999996,1.21,1.15,10.490070218468775,-0.7071067811865479,0.36950417228208227,43.58,15,28.7
342.66,43.58,31.54486336898295,0,18.07,11.38009143463295,0,39.123333333333335,33.52,47.61,48.77,2022,37.59,1,7.89,-0.11904761904761908,10,139.16,11.04,29.389166666666664,139.16,2022-01-10 16:00:00,40.74,36.56859662064093,Hourly,40.74,1.65,40.23,5.68,7.4,-4.850000000000001,31.55,3.9231314023365926,Bhatagaon,35.89,0,-0.8660254037844385,38.67,0.8660254037844387,6.56,22.322916666666668,316.389,0.49999999999999994,52.371,1.15,1.1,10.870038790045838,-0.5000000000000004,2.8001488055698007,40.1,16,31.89
351.82,40.1,31.54565361990865,0,20.96,9.804885455112618,0,36.06,26.78,69.66,47.61,2022,33.3,1,11.7,-0.1209250487601003,10,234.14,11.68,31.098333333333333,139.16,2022-01-10 17:00:00,35.89,35.13471187188638,Hourly,40.74,0.91,33.52,7.89,6.56,-4.34,29.92,4.04132486527205,Bhatagaon,31.55,0,-0.9659258262890683,38.61333333333334,0.8660254037844387,10.32,22.884583333333335,678.2489999999999,0.49999999999999994,83.592,1.1,1.2,10.988350740341035,-0.25881904510252063,4.597357936902547,57.97,17,41.38
348.64,57.97,31.295553062999627,0,16.75,7.7111817669164315,0,32.45333333333333,42.23,139.27,69.66,2022,31.95,1,28.43,-0.05166402535657683,10,234.14,17.71,32.61833333333333,234.14,2022-01-10 18:00:00,31.55,33.64479419420456,Hourly,35.89,0.5,26.78,11.7,10.32,-1.629999999999999,32.29,5.053563759038392,Bhatagaon,29.92,0,-1.0,36.70333333333333,0.8660254037844387,8.91,23.25791666666667,3151.1812,0.49999999999999994,295.2524,1.2,2.12,11.072010531522478,-1.8369701987210297e-16,3.085811616630933,110.84,18,41.38
277.96,110.84,31.448544899461222,0,15.57,6.1364800886817905,0,31.25333333333333,50.87,181.85,139.27,2022,30.72,1,47.46,0.07921122994652398,10,214.78,22.82,33.833333333333336,234.14,2022-01-10 19:00:00,29.92,33.25771013871754,Hourly,31.55,0.12,42.23,28.43,8.91,2.3699999999999974,33.83,4.722869537332818,Bhatagaon,32.29,0,-0.9659258262890684,35.18833333333333,0.8660254037844387,8.14,23.905416666666667,6378.149399999999,0.49999999999999994,449.1695,2.12,2.47,11.129123555931443,0.2588190451025203,1.2125317865254024,134.39,19,40.74
279.39,134.39,31.81492260723642,0,18.37,5.0706382211411185,0,32.01333333333333,71.4,245.03,181.85,2022,28.38,1,89.43,0.047692784143697715,10,214.78,28.7,34.75083333333333,214.78,2022-01-10 20:00:00,32.29,33.42122152765539,Hourly,29.92,0.15,50.87,47.46,8.14,1.5399999999999991,35.73,3.8624741638833466,Bhatagaon,33.83,0,-0.8660254037844386,34.03666666666667,0.8660254037844387,8.69,24.66625,14122.7856,0.49999999999999994,936.0146,2.47,3.82,11.15862965425725,0.5000000000000001,1.9696277144004721,157.92,20,40.74
356.39,157.92,32.41724220612312,0,15.8,4.700607955521856,0,33.949999999999996,106.52,381.54,245.03,2022,25.23,1,155.51,0.05616316878510194,10,287.91,28.7,35.336666666666666,214.78,2022-01-10 21:00:00,33.83,34.08087251975385,Hourly,32.29,0.17,71.4,89.43,8.69,1.8999999999999986,45.23,2.3808772892919934,Bhatagaon,35.73,0,-0.7071067811865477,33.20166666666666,0.8660254037844387,8.25,25.389583333333334,35149.925299999995,0.49999999999999994,2010.7158,3.82,5.27,11.294577567467316,0.7071067811865474,1.7231366747884433,226.03,21,35.89
349.43,226.03,34.38843571287341,0,12.86,4.991952538988666,0,38.26333333333333,140.31,342.2,381.54,2022,26.92,1,134.68,0.265883011474951,10,287.91,31.89,36.714166666666664,287.91,2022-01-10 22:00:00,35.73,37.26633751410989,Hourly,33.83,0.17,106.52,155.51,8.25,9.5,51.42,5.500132422648231,Bhatagaon,45.23,0,-0.5000000000000004,34.75833333333333,0.8660254037844387,8.29,26.61583333333333,27948.793600000005,0.49999999999999994,1645.9819999999997,5.27,4.81,11.794703275721629,0.8660254037844384,6.107645481962263,207.52,22,31.55
336.75,207.52,37.008676372431346,0,11.51,6.2908256913372,0,44.126666666666665,143.96,224.26,342.2,2022,28.71,1,89.96,0.1368560689807651,10,275.9,41.38,38.34166666666667,287.91,2022-01-10 23:00:00,45.23,41.310241081507066,Hourly,35.73,0.12,140.31,134.68,8.29,6.190000000000005,51.42,8.399669041099147,Bhatagaon,51.42,0,-0.25881904510252157,38.07,0.8660254037844387,7.87,28.2225,12081.628,0.49999999999999994,843.2176,4.81,3.76,12.447657803081203,0.9659258262890681,7.9029762326185535,134.3,23,29.92
70.67,134.3,39.22580308436498,0,14.09,7.315802116382106,0,49.35666666666666,59.91,58.88,224.26,2022,27.53,1,6.67,0.0,11,186.07,41.38,39.178333333333335,275.9,2022-01-11 01:00:00,51.42,44.19874362964791,Hourly,45.23,0.4,143.96,89.96,7.87,0.0,68.91,8.803755259357564,Bhatagaon,51.42,1,0.25881904510252074,41.653333333333336,0.8660254037844387,52.14,29.885416666666668,646.99,0.49999999999999994,52.992000000000004,3.76,0.9,12.779340657675856,0.9659258262890683,3.5737981662837908,97.0,1,32.29
72.72,97.0,43.79260260984729,0,14.03,11.300429698185672,0,57.25,49.06,35.89,58.88,2022,29.11,1,1.08,0.34014002333722276,11,184.79,40.74,41.4725,186.07,2022-01-11 02:00:00,51.42,51.25910259260564,Hourly,51.42,0.41,59.91,6.67,52.14,17.489999999999995,72.93,12.800627588781174,Bhatagaon,68.91,1,0.49999999999999994,47.75666666666666,0.8660254037844387,62.44,32.16958333333333,68.5476,0.49999999999999994,21.1751,0.9,0.59,14.60251690013883,0.8660254037844387,10.097856208126526,63.47,2,33.83
34.73,63.47,48.27527913140925,0,14.03,14.483171739517699,0,64.42,59.81,57.58,35.89,2022,4.93,1,0.94,0.058336961253809466,11,161.08,40.74,44.155,184.79,2022-01-11 03:00:00,68.91,57.45078756614689,Hourly,51.42,0.67,49.06,1.08,62.44,4.02000000000001,72.93,14.17196763567662,Bhatagaon,72.93,1,0.7071067811865476,54.27333333333333,0.8660254037844387,136.99,34.62375,96.82939999999999,0.49999999999999994,78.8846,0.59,1.37,16.275063831438292,0.7071067811865476,11.436349942179934,103.01,3,35.73
30.58,103.01,52.06831311119244,0,11.04,16.617005596677178,0,71.58999999999999,67.57,59.13,57.58,2022,3.64,1,1.81,0.0,11,197.9,35.89,46.837500000000006,161.08,2022-01-11 04:00:00,72.93,61.873419690104924,Hourly,68.91,0.65,59.81,0.94,136.99,0.0,86.32,12.472364116985412,Bhatagaon,72.93,1,0.8660254037844386,60.47333333333333,0.8660254037844387,125.87,37.077916666666674,192.3487,0.49999999999999994,92.8341,1.37,1.57,17.434227948683766,0.5000000000000001,2.320948082141944,106.27,4,45.23
68.41,106.27,57.33780340177822,0,11.04,19.68954868128592,0,77.39333333333333,61.32,58.71,59.13,2022,2.83,1,9.52,0.18360071301247752,11,206.96,31.55,51.04,197.9,2022-01-11 05:00:00,72.93,68.85815692150351,Hourly,72.93,0.61,67.57,1.81,125.87,13.389999999999986,86.32,13.653514443785708,Bhatagaon,86.32,1,0.9659258262890683,67.32166666666667,0.8660254037844387,69.0,40.21458333333333,880.9808,0.49999999999999994,81.6069,1.57,1.39,19.225870699832193,0.25881904510252074,7.7307201044489435,92.54,5,51.42
86.46,92.54,61.79660287842772,0,11.68,21.061167393325995,0,81.85666666666667,64.7,79.8,58.71,2022,2.27,1,18.12,0.0,11,206.96,29.92,55.604166666666664,206.96,2022-01-11 06:00:00,86.32,73.84725494393108,Hourly,72.93,0.33,61.32,9.52,69.0,0.0,85.83,12.93958487226946,Bhatagaon,86.32,1,1.0,73.13833333333334,0.8660254037844387,52.52,43.35125,2142.8712,0.49999999999999994,75.80999999999999,1.39,0.95,20.366222315712914,6.123233995736766e-17,7.730720104448926,118.26,6,51.42
323.86,118.26,65.49404858943883,0,17.71,21.04698438055088,0,86.15666666666665,125.97,186.87,79.8,2022,2.37,1,89.73,-0.005676552363299292,11,206.45,32.29,60.26333333333333,206.96,2022-01-11 07:00:00,86.32,77.2708963885222,Hourly,86.32,0.14,64.7,18.12,52.52,-0.4899999999999949,84.05,8.114374077318871,Bhatagaon,85.83,1,0.9659258262890683,78.87333333333333,0.8660254037844387,20.77,46.44083333333333,18684.4779,0.49999999999999994,272.8302,0.95,1.46,20.968187895552337,-0.25881904510252063,0.2829016318982459,208.23,7,68.91
54.87,208.23,68.34881034490978,0,22.82,20.074341530391212,0,85.39999999999999,139.44,141.54,186.87,2022,1.93,1,58.41,-0.020738669462891775,11,186.44,33.83,64.57666666666667,206.45,2022-01-11 08:00:00,85.83,79.20778313465871,Hourly,86.32,0.48,125.97,89.73,20.77,-1.7800000000000011,80.39,6.611231856973735,Bhatagaon,84.05,1,0.8660254037844387,81.39666666666666,0.8660254037844387,46.88,49.20499999999999,10023.155999999999,0.49999999999999994,178.3404,1.46,1.26,21.384580588744797,-0.4999999999999998,1.1945291959585516,171.6,8,72.93
128.26,171.6,70.20130106107752,0,28.7,17.981865275545818,0,83.42333333333333,84.18,50.44,141.54,2022,2.13,1,11.63,-0.04354550862581793,11,186.44,35.73,68.45666666666666,186.44,2022-01-11 09:00:00,84.05,79.54555938189908,Hourly,85.83,1.36,139.44,58.41,46.88,-3.6599999999999966,80.39,5.26489506068238,Bhatagaon,80.39,1,0.7071067811865476,82.64,0.8660254037844387,49.15,51.60375,866.3187,0.49999999999999994,39.3432,1.26,0.78,21.524653774420965,-0.7071067811865475,2.7736137678723005,74.49,9,72.93
111.95,74.49,71.76879320552713,0,28.7,14.960500619560852,0,81.61,66.04,58.49,50.44,2022,3.18,1,15.07,0.0,11,178.1,45.23,72.17833333333333,186.44,2022-01-11 10:00:00,80.39,79.78682812992791,Hourly,84.05,0.74,84.18,11.63,49.15,0.0,72.84,2.8319157237927146,Bhatagaon,80.39,1,0.49999999999999994,83.88333333333334,0.8660254037844387,32.98,53.75749999999999,1267.0855999999999,0.49999999999999994,58.49,0.78,1.0,21.718441022200043,-0.8660254037844387,2.113101985233447,84.08,10,86.32
130.39,84.08,71.93359425083065,0,31.89,12.331340307844915,0,77.87333333333332,53.86,40.43,58.49,2022,3.27,1,7.14,-0.09391715387486002,11,156.0,51.42,74.47916666666667,178.1,2022-01-11 11:00:00,80.39,77.80202009280566,Hourly,80.39,0.79,66.04,15.07,32.98,-7.549999999999997,69.27,5.016603100372238,Bhatagaon,72.84,1,0.258819045102521,81.63666666666667,0.8660254037844387,71.03,55.59666666666667,459.1734,0.49999999999999994,30.7268,1.0,0.76,21.370406532453188,-0.9659258262890682,4.3589945323814066,64.31,11,86.32
140.04,64.31,71.52381051993362,0,41.38,10.187067856608863,0,74.16666666666667,38.25,40.42,40.43,2022,5.34,1,6.32,-0.04901153212520603,11,136.72,51.42,75.96666666666667,156.0,2022-01-11 12:00:00,72.84,75.36430006628976,Hourly,80.39,0.91,53.86,7.14,71.03,-3.5700000000000074,66.51,6.45572536590565,Bhatagaon,69.27,1,1.2246467991473532e-16,78.795,0.8660254037844387,82.87,57.15416666666667,404.796,0.49999999999999994,27.4856,0.76,0.68,20.92502452685001,-1.0,5.677467158278522,64.05,12,85.83
152.99,64.05,70.75245505532845,0,41.38,7.4434467313487405,0,69.54,56.96,47.47,40.42,2022,8.98,1,8.6,-0.03984408834993491,11,132.76,68.91,77.22416666666668,136.72,2022-01-11 13:00:00,69.27,72.83450004734982,Hourly,72.84,0.94,38.25,6.32,82.87,-2.759999999999991,55.36,7.037066860560411,Bhatagaon,66.51,1,-0.2588190451025208,75.575,0.8660254037844387,78.58,58.201249999999995,641.818,0.49999999999999994,40.3495,0.68,0.85,20.729203368258215,-0.9659258262890683,3.173625686812819,74.63,13,84.05
349.1,74.63,68.38438504681639,0,40.74,9.54925080354961,0,63.71333333333333,51.62,47.8,47.47,2022,13.38,1,8.39,-0.16764396331378748,11,122.14,72.93,76.095,132.76,2022-01-11 14:00:00,66.51,67.84178574810701,Hourly,69.27,0.7,56.96,8.6,78.58,-11.150000000000006,56.01,9.457654395602754,Bhatagaon,55.36,1,-0.4999999999999997,70.79333333333334,0.8660254037844387,67.34,58.78375,670.8644,0.49999999999999994,41.108,0.85,0.86,20.430233311251566,-0.8660254037844388,7.36464753625941,79.96,14,80.39
195.86,79.96,66.48063350115233,0,40.74,11.17059003894529,0,59.29333333333333,50.49,64.83,47.8,2022,17.85,1,10.33,0.011741329479768761,11,111.73,72.93,74.685,122.14,2022-01-11 15:00:00,55.36,64.46127553436216,Hourly,66.51,0.72,51.62,8.39,67.34,0.6499999999999986,56.01,9.742925638636338,Bhatagaon,56.01,1,-0.7071067811865471,66.73,0.8660254037844387,56.53,59.419999999999995,1058.3085,0.49999999999999994,60.2919,0.86,0.93,20.07862068708036,-0.7071067811865479,6.258261206863461,102.45,15,80.39
174.64,102.45,64.86976680866735,0,35.89,12.411216701033055,0,55.79333333333333,34.94,38.69,64.83,2022,19.36,1,1.69,0.0,11,111.73,86.32,73.27499999999999,111.73,2022-01-11 16:00:00,56.01,62.04662538168725,Hourly,55.36,0.87,50.49,10.33,56.53,0.0,54.02,7.7959185903050505,Bhatagaon,56.01,1,-0.8660254037844385,62.666666666666664,0.8660254037844387,59.83,60.05625,114.3285,0.49999999999999994,26.3092,0.93,0.68,19.69930848764249,-0.5000000000000004,0.37527767497177655,67.65,16,72.84
343.51,67.65,63.20057191502622,0,31.55,12.820663245737633,0,55.346666666666664,96.28,115.09,38.69,2022,18.07,1,22.18,-0.03552936975540073,11,110.03,86.32,70.58333333333333,111.73,2022-01-11 17:00:00,56.01,59.75330384406232,Hourly,56.01,0.62,34.94,1.69,59.83,-1.9899999999999949,53.65,6.57446271568994,Bhatagaon,54.02,1,-0.9659258262890683,59.53,0.8660254037844387,144.94,60.81166666666666,3910.7776,0.49999999999999994,189.89849999999998,0.68,1.65,19.069867345624335,-0.25881904510252063,1.1489270356868801,176.32,17,69.27
20.13,176.32,61.731253158868334,0,29.92,12.642692793096243,0,54.56,117.99,144.98,115.09,2022,20.96,1,39.39,-0.0068493150684932344,11,143.6,85.83,67.86083333333333,110.03,2022-01-11 18:00:00,54.02,58.0095027457588,Hourly,56.01,0.69,96.28,22.18,144.94,-0.37000000000000455,64.23,4.799177707343603,Bhatagaon,53.65,1,-1.0,56.926666666666655,0.8660254037844387,106.89,61.732499999999995,8093.8571999999995,0.49999999999999994,329.1046,1.65,2.27,18.10461177134996,-1.8369701987210297e-16,1.2692911407549312,205.48,18,66.51
21.68,205.48,62.115675749811665,0,32.29,11.320241290661139,0,57.29999999999999,145.77,180.2,144.98,2022,16.75,1,60.94,0.19720410065237662,11,173.68,84.05,66.06083333333333,143.6,2022-01-11 19:00:00,53.65,59.786787675542,Hourly,54.02,0.78,117.99,39.39,106.89,10.580000000000005,70.86,3.8933926936110343,Bhatagaon,64.23,1,-0.9659258262890684,56.54666666666666,0.8660254037844387,85.78,63.162083333333335,15213.061599999999,0.49999999999999994,529.788,2.27,2.94,16.790296881951107,0.2588190451025203,6.00440671507176,249.64,19,55.36
101.67,249.64,63.460956403686794,0,33.83,9.975198182887405,0,62.91333333333333,151.96,155.59,180.2,2022,15.57,1,22.91,0.10322279308734228,11,222.63,80.39,64.96166666666666,173.68,2022-01-11 20:00:00,64.23,62.95056262538714,Hourly,53.65,0.24,145.77,60.94,85.78,6.6299999999999955,86.18,6.916851885070053,Bhatagaon,70.86,1,-0.8660254037844386,59.129999999999995,0.8660254037844387,76.12,64.76916666666666,5762.5523,0.49999999999999994,494.7762,2.94,3.18,15.50345092486538,0.5000000000000001,8.680220811323403,251.53,20,56.01
83.38,251.53,66.95619388004268,0,35.73,10.887611356978514,0,73.75666666666666,220.91,284.49,155.59,2022,18.37,1,123.83,0.21620095963872435,11,256.28,80.39,65.44416666666666,222.63,2022-01-11 21:00:00,70.86,69.58754473241939,Hourly,64.23,0.27,151.96,22.91,76.12,15.320000000000007,92.47,12.723816120435878,Bhatagaon,86.18,1,-0.7071067811865477,64.15833333333333,0.8660254037844387,84.51,66.95041666666667,42603.7115,0.49999999999999994,1607.3685,3.18,5.65,14.618651124108707,0.7071067811865474,11.25804749205348,344.05,21,56.01
333.84,344.05,70.88139482157457,0,45.23,12.787771472873048,0,83.17,242.72,360.6,284.49,2022,15.8,1,177.14,0.07298677187282422,11,317.83,72.84,66.45083333333334,256.28,2022-01-11 22:00:00,86.18,76.12538909458527,Hourly,70.86,0.12,220.91,123.83,84.51,6.289999999999992,99.44,16.26700556340955,Bhatagaon,92.47,1,-0.5000000000000004,70.235,0.8660254037844387,63.6,69.31458333333333,70149.2114,0.49999999999999994,1438.794,5.65,3.99,13.92152852026596,0.8660254037844384,11.114994376966557,396.01,22,54.02
355.76,396.01,75.27502638748618,0,51.42,15.91825260225168,0,92.69666666666666,272.25,344.67,360.6,2022,12.86,1,169.53,0.07537579755596409,11,327.27,69.27,68.6675,317.83,2022-01-11 23:00:00,92.47,82.78670649613234,Hourly,86.18,0.18,242.72,177.14,63.6,6.969999999999999,103.21,17.715833313733715,Bhatagaon,99.44,1,-0.25881904510252157,77.805,0.8660254037844387,34.07,71.57333333333334,64116.246,0.49999999999999994,1499.3145,3.99,4.35,14.23808843626276,0.9659258262890681,6.632905346326858,378.2,23,53.65
294.27,378.2,79.57271463556523,0,51.42,18.791018385646332,0,98.37333333333332,151.77,150.61,344.67,2022,11.51,1,93.87,0.03791230893000801,12,223.96,66.51,71.49583333333332,327.27,2022-01-12 01:00:00,99.44,88.6219332115231,Hourly,92.47,0.2,272.25,169.53,34.07,3.769999999999996,66.47,15.632262472207834,Bhatagaon,103.21,2,0.25881904510252074,86.065,0.8660254037844387,5.15,73.73125,12815.132400000002,0.49999999999999994,578.3424,4.35,3.84,14.957324892332228,0.9659258262890683,5.448874501521514,136.52,1,64.23
294.61,136.52,77.55691238393982,0,68.91,18.79198674725726,0,89.70666666666666,149.59,143.65,150.61,2022,14.09,1,88.51,-0.3559732584051933,12,185.45,55.36,71.49249999999999,223.96,2022-01-12 02:00:00,103.21,82.29280943680222,Hourly,99.44,0.48,151.77,93.87,5.15,-36.739999999999995,63.78,15.02130941917728,Bhatagaon,66.47,2,0.49999999999999994,86.43833333333333,0.8660254037844387,5.04,74.35833333333333,11654.9968,0.49999999999999994,502.77500000000003,3.84,3.5,14.281475282052716,0.8660254037844387,20.211636087495027,131.68,2,70.86
278.93,131.68,75.43738740179523,0,72.93,18.28522377039272,0,77.82,141.7,119.55,143.65,2022,14.03,1,68.64,-0.040469384684820184,12,193.63,56.01,72.19416666666666,185.45,2022-01-12 03:00:00,66.47,77.00343531200159,Hourly,103.21,0.38,149.59,88.51,5.04,-2.6899999999999977,73.84,16.676689619545726,Bhatagaon,63.78,2,0.7071067811865476,85.25833333333334,0.8660254037844387,4.65,74.14458333333333,8023.3296,0.49999999999999994,381.36449999999996,3.5,3.19,14.404426547650736,0.7071067811865476,22.029482517753294,116.89,3,86.18
270.74,116.89,75.19163549382674,0,72.93,17.560629000952456,0,68.02999999999999,132.05,98.95,119.55,2022,14.03,1,51.32,0.15772969582941365,12,193.63,56.01,73.67999999999999,193.63,2022-01-12 04:00:00,63.78,76.0995966514297,Hourly,66.47,0.24,141.7,68.64,4.65,10.060000000000002,73.84,17.289936282897752,Bhatagaon,73.84,2,0.8660254037844386,83.20166666666667,0.8660254037844387,4.84,74.18249999999999,5374.2304,0.49999999999999994,282.0075,3.19,2.85,14.402287937202393,0.5000000000000001,5.2082722663085175,104.72,4,92.47
294.54,104.72,74.98369157169955,0,86.32,16.66088749045796,0,70.48666666666666,128.32,83.11,98.95,2022,11.04,1,37.72,0.0,12,165.87,54.02,75.16583333333334,193.63,2022-01-12 05:00:00,73.84,75.45399760816407,Hourly,63.78,0.3,132.05,51.32,4.84,0.0,71.59,16.962323740179713,Bhatagaon,73.84,2,0.9659258262890683,80.09666666666668,0.8660254037844387,5.63,74.22041666666667,3612.8215999999998,0.49999999999999994,212.76160000000002,2.85,2.56,14.400044830596432,0.25881904510252074,5.808143708047489,95.78,5,99.44
297.26,95.78,74.46158517605348,0,86.32,15.354453899291116,0,73.08999999999999,124.02,75.29,83.11,2022,11.04,1,31.34,-0.030471289274106174,12,151.27,53.65,76.63000000000001,165.87,2022-01-12 06:00:00,73.84,74.34999829154577,Hourly,73.84,0.22,128.32,37.72,5.63,-2.25,66.09,14.195284780517708,Bhatagaon,71.59,2,1.0,75.455,0.8660254037844387,5.39,73.60666666666667,2848.4926,0.49999999999999994,177.6844,2.56,2.36,14.174055191782934,6.123233995736766e-17,1.2990381056759313,90.89,6,103.21
294.47,90.89,73.17364899512218,0,85.83,14.024222119626018,0,70.50666666666666,121.25,81.84,75.29,2022,11.68,1,38.29,-0.07682637239837965,12,116.33,64.23,77.66666666666667,151.27,2022-01-12 07:00:00,71.59,71.98999877967556,Hourly,73.84,0.23,124.02,31.34,5.39,-5.5,59.78,4.36450875433474,Bhatagaon,66.09,2,0.9659258262890683,69.26833333333333,0.8660254037844387,5.12,72.76375,3547.1856,0.49999999999999994,170.2272,2.36,2.08,13.985407865063232,-0.25881904510252063,3.98695790463501,92.64,7,66.47
282.52,92.64,71.11308761125723,0,84.05,14.46376504380605,0,65.82,124.61,91.15,81.84,2022,17.71,1,44.94,-0.095475866243002,12,107.39,70.86,77.29583333333333,116.33,2022-01-12 08:00:00,66.09,68.50142769976826,Hourly,71.59,0.86,121.25,38.29,5.12,-6.310000000000002,49.12,5.830662626723023,Bhatagaon,59.78,2,0.8660254037844387,68.15333333333334,0.8660254037844387,5.06,71.67833333333333,4526.3568,0.49999999999999994,184.12300000000002,2.08,2.02,13.938035750410055,-0.4999999999999998,5.909627737852744,100.72,8,63.78
200.89,100.72,67.72953567106381,0,80.39,16.55370733446599,0,58.32999999999999,124.87,90.72,91.15,2022,22.82,1,43.07,-0.17832050853128142,12,107.39,86.18,75.48416666666667,107.39,2022-01-12 09:00:00,59.78,62.963876928405895,Hourly,66.09,0.69,124.61,44.94,5.06,-10.660000000000004,49.12,9.770420666480952,Bhatagaon,49.12,2,0.7071067811865476,65.71,0.8660254037844387,5.07,70.22291666666668,4423.289,0.49999999999999994,172.368,2.02,1.9,14.405865194175334,-0.7071067811865475,8.577418026422578,102.7,9,73.84
202.37,102.7,64.86653018320784,0,80.39,17.787871996152795,0,52.673333333333325,123.88,83.71,90.72,2022,28.7,1,35.12,0.0,12,81.79,92.47,72.39583333333333,107.39,2022-01-12 10:00:00,49.12,59.00848352028993,Hourly,59.78,1.52,124.87,43.07,5.07,0.0,44.49,10.812866409976513,Bhatagaon,49.12,2,0.49999999999999994,61.59,0.8660254037844387,5.19,68.92,3534.828,0.49999999999999994,145.6554,1.9,1.74,14.853468633109957,-0.8660254037844387,6.154553869561355,100.65,10,73.84
177.79,100.65,61.73167938579125,0,72.84,18.251813421734834,0,47.57666666666666,115.79,68.31,83.71,2022,28.7,1,21.72,-0.09425895765472304,12,80.96,99.44,68.3975,81.79,2022-01-12 11:00:00,49.12,54.86034537163566,Hourly,49.12,1.45,123.88,35.12,5.19,-4.6299999999999955,42.27,10.801550660283239,Bhatagaon,44.49,2,0.258819045102521,56.69833333333333,0.8660254037844387,5.04,67.42416666666666,2021.9148,0.49999999999999994,107.92980000000001,1.74,1.58,15.444079748413667,-0.9659258262890682,2.6731317463478987,93.09,11,71.59
175.97,93.09,58.737574864900296,0,69.27,16.8173548527236,0,45.29333333333333,116.32,60.04,68.31,2022,31.89,1,13.22,-0.04989885367498311,12,80.54,103.21,63.63333333333333,80.96,2022-01-12 12:00:00,44.49,51.26310383688262,Hourly,49.12,1.14,115.79,21.72,5.04,-2.219999999999999,40.69,9.235859281445636,Bhatagaon,42.27,2,1.2246467991473532e-16,51.81166666666667,0.8660254037844387,5.21,66.15041666666666,1184.2476000000001,0.49999999999999994,84.056,1.58,1.4,16.21916887356668,-1.0,3.494943967123525,89.58,12,66.09
172.6,89.58,55.961024885684864,0,66.51,12.596581306293482,0,42.48333333333333,119.78,51.67,60.04,2022,41.38,1,6.89,-0.037378755618642186,12,72.28,66.47,58.42333333333334,80.54,2022-01-12 13:00:00,42.27,48.24221702634473,Hourly,44.49,0.7,116.32,13.22,5.21,-1.5800000000000054,40.25,6.9108535411095,Bhatagaon,40.69,2,-0.2588190451025208,47.578333333333326,0.8660254037844387,6.11,64.95958333333333,576.0729,0.49999999999999994,65.6209,1.4,1.27,17.010073864105287,-0.9659258262890683,1.908961323163292,83.61,13,59.78
137.35,83.61,53.54394413404104,0,55.36,13.326811548926768,0,41.06999999999999,116.06,47.46,51.67,2022,41.38,1,3.47,-0.010813467682477212,12,72.28,63.78,56.23833333333334,72.28,2022-01-12 14:00:00,40.69,45.9587264473891,Hourly,42.27,1.06,119.78,6.89,6.11,-0.4399999999999977,40.25,4.001328112847767,Bhatagaon,40.25,2,-0.4999999999999997,44.32333333333333,0.8660254037844387,5.94,63.86541666666667,280.8965,0.49999999999999994,56.952,1.27,1.2,17.73513706672044,-0.8660254037844388,1.0622617379912074,80.95,14,49.12
141.05,80.95,51.49872195957319,0,56.01,13.83754650152331,0,40.39666666666666,107.64,44.43,47.46,2022,40.74,1,2.0,0.0,12,67.03,73.84,54.2775,72.28,2022-01-12 15:00:00,40.25,44.32766174813507,Hourly,40.69,0.71,116.06,3.47,5.94,0.0,37.75,3.47920536904611,Bhatagaon,40.25,2,-0.7071067811865471,42.845,0.8660254037844387,18.28,63.23583333333334,155.96,0.49999999999999994,48.873000000000005,1.2,1.1,18.309108903509713,-0.7071067811865479,0.2540341184437019,77.98,15,49.12
146.78,77.98,49.383533965792694,0,56.01,13.101633485943722,0,39.416666666666664,98.15,49.08,44.43,2022,40.74,1,2.36,-0.062111801242236024,12,75.95,73.84,51.27,67.03,2022-01-12 16:00:00,40.25,42.448329820096475,Hourly,40.25,2.53,107.64,2.0,18.28,-2.5,35.99,2.2610440066481186,Bhatagaon,37.75,2,-0.8660254037844385,40.949999999999996,0.8660254037844387,22.82,62.475,201.9924,0.49999999999999994,55.95119999999999,1.1,1.14,18.989198302559064,-0.5000000000000004,1.4433756729741307,85.59,16,44.49
215.22,85.59,47.32299027874767,0,54.02,11.649694071935915,0,37.99666666666666,95.18,63.27,49.08,2022,35.89,1,4.2,-0.046622516556291335,12,75.95,71.59,48.115833333333335,75.95,2022-01-12 17:00:00,37.75,40.60309272864034,Hourly,40.25,0.71,98.15,2.36,22.82,-1.759999999999998,35.99,2.262296768035991,Bhatagaon,35.99,2,-0.9659258262890683,39.53333333333333,0.8660254037844387,10.59,61.64083333333334,455.86800000000005,0.49999999999999994,101.23200000000001,1.14,1.6,19.711529382057325,-0.25881904510252063,2.1406852485439325,108.54,17,42.27
222.39,108.54,45.579453312786484,0,53.65,9.454460667597774,0,36.57666666666666,94.11,76.82,63.27,2022,31.55,1,12.63,0.0,12,99.78,66.09,45.149166666666666,75.95,2022-01-12 18:00:00,35.99,39.2850662347431,Hourly,37.75,0.22,95.18,4.2,10.59,0.0,41.7,2.1946632239744917,Bhatagaon,35.99,2,-1.0,38.48666666666667,0.8660254037844387,4.58,60.88958333333334,1630.2804000000003,0.49999999999999994,144.42159999999998,1.6,1.88,20.347913145678035,-1.8369701987210297e-16,1.0161364737739065,129.08,18,40.69
222.36577898337063,129.08,44.982614341588565,5,64.23,6.789434751319585,1,37.89333333333333,113.96,87.02,76.82,2022,29.92,1,26.69,0.15865518199499862,12,164.12,59.78,43.11666666666667,99.78,2022-01-12 19:00:00,35.99,39.97504731053078,Hourly,35.99,0.2,94.11,12.63,4.58,5.710000000000001,44.86,2.4241926491100996,Bhatagaon,41.7,2,-0.9659258262890684,38.655,0.8660254037844387,4.3,60.39166666666667,3202.5331,0.49999999999999994,199.2758,1.88,2.29,20.676328129712374,0.2588190451025203,3.2966700370728055,119.99,19,40.25
222.34155796674133,119.99,44.96375059672879,5,70.86,4.409521378548989,1,40.85,125.51,93.9,87.02,2022,32.29,1,37.95,0.07577937649880087,12,179.79,49.12,41.873333333333335,164.12,2022-01-12 20:00:00,41.7,41.37074807895056,Hourly,35.99,0.28,113.96,26.69,4.3,3.1599999999999966,49.46,3.5156658923546877,Bhatagaon,44.86,2,-0.8660254037844386,39.42333333333334,0.8660254037844387,4.54,59.584583333333335,4449.258,0.49999999999999994,256.34700000000004,2.29,2.73,20.896857674980822,0.5000000000000001,4.495675700047783,117.24,20,40.25
222.31733695011204,117.24,45.65548127415513,5,86.18,4.461108368868623,1,45.339999999999996,123.97,90.78,93.9,2022,33.83,1,37.46,0.10254123941150249,12,179.79,49.12,41.901666666666664,179.79,2022-01-12 21:00:00,44.86,43.68196291353612,Hourly,41.7,0.31,125.51,37.95,4.54,4.600000000000001,49.46,5.435319371174616,Bhatagaon,49.46,2,-0.7071067811865477,40.958333333333336,0.8660254037844387,4.15,58.69291666666667,4197.393,0.49999999999999994,256.9074,2.73,2.83,20.85133683112252,0.7071067811865474,3.9022045051483305,112.05,21,37.75
,112.05,46.24079184736203,5,92.47,4.511911507836479,1,47.926666666666655,127.25,87.41,90.78,2022,35.73,1,32.71,0.0,12,135.25,44.49,41.93,179.79,2022-01-12 22:00:00,49.46,45.3328306525258,Hourly,44.86,0.24,123.97,37.46,4.15,0.0,52.09,6.113009079005141,Bhatagaon,49.46,2,-0.5000000000000004,42.91,0.8660254037844387,4.05,57.16291666666667,3625.9035,0.49999999999999994,248.24439999999998,2.83,2.84,20.07965127862069,0.8660254037844384,2.6558112382722427,110.85,22,35.99
,110.85,47.14067002469095,5,99.44,5.3579971382350635,1,50.336666666666666,132.61,91.37,87.41,2022,45.23,1,37.49,0.05317428224828149,12,135.25,42.27,42.56333333333333,135.25,2022-01-12 23:00:00,49.46,47.26345046608986,Hourly,49.46,0.19,127.25,32.71,4.05,2.6300000000000026,52.09,6.000478869779133,Bhatagaon,52.09,2,-0.25881904510252157,45.593333333333334,0.8660254037844387,4.42,55.48041666666666,4164.3892000000005,0.49999999999999994,264.973,2.84,2.9,18.632171914557418,0.9659258262890681,1.5184312079686184,111.08,23,35.99
17.02,111.08,47.902105405507726,0,103.21,6.0183414104996675,0,51.21333333333333,34.62,75.08,91.37,2023,51.42,1,26.9,0.0,1,57.12,40.69,43.38166666666667,135.25,2023-01-01 01:00:00,52.09,48.642464618635614,Hourly,49.46,1.01,132.61,37.49,4.42,0.0,29.84,4.166766932126848,Bhatagaon,52.09,6,0.25881904510252074,48.27666666666667,0.8660254037844387,4.85,53.5075,2607.955,0.49999999999999994,111.1184,2.9,1.48,16.111381947581922,0.9659258262890683,1.5184312079686086,96.95,1,41.7
19.92,96.95,45.12331995850654,0,66.47,7.165233137106754,0,44.673333333333325,33.07,59.4,75.08,2023,51.42,1,16.55,-0.42714532539834904,1,50.07,40.25,42.4775,57.12,2023-01-01 02:00:00,52.09,43.270331870454015,Hourly,52.09,0.93,34.62,26.9,4.85,-22.250000000000004,27.63,8.485571283066285,Bhatagaon,29.84,6,0.49999999999999994,46.300000000000004,0.8660254037844387,4.22,50.45041666666666,1390.2,0.49999999999999994,68.30999999999999,1.48,1.15,12.914057550883664,0.8660254037844387,12.84604348946917,84.0,2,44.86
62.82,84.0,42.43203996489015,0,63.78,8.350071810614926,0,36.519999999999996,32.85,54.85,59.4,2023,68.91,1,10.96,-0.07406166219839146,1,38.25,40.25,41.42583333333334,50.07,2023-01-01 03:00:00,29.84,38.80166562175287,Hourly,52.09,0.45,33.07,16.55,4.22,-2.210000000000001,24.16,11.463342299114425,Bhatagaon,27.63,6,0.7071067811865476,43.428333333333335,0.8660254037844387,4.01,48.832083333333344,914.7216,0.49999999999999994,54.85,1.15,1.0,13.248567758249445,0.7071067811865476,13.52921653311825,83.46,3,49.46
73.08,83.46,39.620956893368586,0,73.84,9.733321865912805,0,27.209999999999994,32.32,49.29,54.85,2023,72.93,1,7.21,-0.1255881288454578,1,35.09,37.75,40.085,38.25,2023-01-01 04:00:00,27.63,34.61833258696633,Hourly,29.84,0.38,32.85,10.96,4.01,-3.469999999999999,19.24,13.305991758101541,Bhatagaon,24.16,6,0.8660254037844386,39.211666666666666,0.8660254037844387,3.8,47.18125,568.3643,0.49999999999999994,41.896499999999996,1.0,0.85,13.763420426907889,0.5000000000000001,2.86319751327085,78.83,4,49.46
54.11,78.83,36.48542506361957,0,73.84,11.451967774539566,0,23.67666666666666,31.65,45.3,49.29,2023,72.93,1,5.9,-0.20364238410596033,1,34.37,35.99,38.542500000000004,35.09,2023-01-01 05:00:00,24.16,30.224523276404526,Hourly,27.63,0.82,32.32,7.21,3.8,-4.920000000000002,17.23,14.330932628409068,Bhatagaon,19.24,6,0.9659258262890683,34.175,0.8660254037844387,4.11,44.90625,433.70900000000006,0.49999999999999994,34.881,0.85,0.77,13.67755947353815,0.25881904510252074,4.2158312742961845,73.51,5,52.09
24.9,73.51,33.52305197690887,0,71.59,13.006999834587969,0,20.209999999999994,32.16,43.21,45.3,2023,86.32,1,5.23,-0.10446985446985438,1,40.04,35.99,36.979166666666664,34.37,2023-01-01 06:00:00,19.24,26.51180234028895,Hourly,24.16,0.92,31.65,5.9,4.11,-2.009999999999998,19.53,12.573999761412427,Bhatagaon,17.23,6,1.0,28.365,0.8660254037844387,4.06,42.5475,373.78810000000004,0.49999999999999994,30.247,0.77,0.7,13.34821865659786,6.123233995736766e-17,3.565375155576273,71.47,6,52.09
23.29,71.47,31.37027474969212,0,66.09,13.954210263963734,0,18.66666666666666,31.57,46.46,43.21,2023,86.32,1,6.42,0.13348810214741733,1,36.78,41.7,35.6075,40.04,2023-01-01 07:00:00,17.23,24.517001671634965,Hourly,19.24,0.91,32.16,5.23,4.06,2.3000000000000007,19.38,5.079698481865486,Bhatagaon,19.53,6,0.9659258262890683,22.938333333333333,0.8660254037844387,4.4,40.37833333333333,480.537,0.49999999999999994,32.0574,0.7,0.69,12.634382580419398,-0.25881904510252063,1.2526106072255283,74.85,7,29.84
20.82,74.85,29.52561709589333,0,59.78,14.543407831854198,0,18.713333333333328,29.7,48.3,46.46,2023,85.83,1,7.9,-0.007680491551459402,1,50.83,44.86,33.7475,36.78,2023-01-01 08:00:00,19.53,23.04928690831069,Hourly,17.23,1.27,31.57,6.42,4.4,-0.15000000000000213,21.47,3.893845143299858,Bhatagaon,19.38,6,0.8660254037844387,21.194999999999997,0.8660254037844387,4.31,38.43208333333333,602.2170000000001,0.49999999999999994,36.224999999999994,0.69,0.75,12.087302349147617,-0.4999999999999998,1.2867918764640636,76.23,8,27.63
29.38,76.23,28.28629138883282,0,49.12,14.485968655177654,0,20.12666666666666,29.33,51.46,48.3,2023,84.05,1,8.64,0.10784313725490195,1,49.94,49.46,31.798333333333332,50.83,2023-01-01 09:00:00,19.38,22.59806207736478,Hourly,19.53,1.41,29.7,7.9,4.31,2.09,24.72,2.3728583326162935,Bhatagaon,21.47,6,0.7071067811865476,20.168333333333333,0.8660254037844387,6.18,36.83583333333333,697.248,0.49999999999999994,42.197199999999995,0.75,0.82,11.667853614569127,-0.7071067811865475,1.165775850381997,80.7,9,24.16
111.44,80.7,27.73763117516623,0,49.12,13.468612895667281,0,21.85666666666666,30.37,60.37,51.46,2023,80.39,1,13.1,0.1513740102468561,1,60.47,49.46,29.736666666666668,49.94,2023-01-01 10:00:00,21.47,23.204330055260556,Hourly,19.38,0.97,29.33,8.64,6.18,3.25,26.2,2.564538295028283,Bhatagaon,24.72,6,0.49999999999999994,20.261666666666667,0.8660254037844387,5.55,35.81916666666667,1183.716,0.49999999999999994,53.1256,0.82,0.88,11.613857134312926,-0.8660254037844387,2.6909168202183116,90.36,10,19.24
112.37,90.36,27.50107253283296,0,44.49,11.961496435216565,0,24.129999999999995,30.48,60.72,60.37,2023,80.39,1,13.2,0.059870550161812315,1,59.09,52.09,27.798333333333332,60.47,2023-01-01 11:00:00,24.72,24.06023575375754,Hourly,21.47,1.56,30.37,13.1,5.55,1.4800000000000004,25.98,3.436005917728686,Bhatagaon,26.2,6,0.258819045102521,21.421666666666667,0.8660254037844387,5.35,34.86416666666667,1200.408,0.49999999999999994,52.8264,0.88,0.87,11.413200182499056,-0.9659258262890682,2.419566076799815,90.94,11,17.23
117.12,90.94,27.267061373935583,0,42.27,9.196153469596146,0,25.633333333333326,29.91,58.83,60.72,2023,72.84,1,12.99,-0.008396946564885453,1,60.2,52.09,25.622500000000002,59.09,2023-01-01 12:00:00,26.2,24.60873982411253,Hourly,24.72,1.37,30.48,13.2,5.35,-0.21999999999999886,27.97,3.1457463343378245,Bhatagaon,25.98,6,1.2246467991473532e-16,22.88,0.8660254037844387,6.04,34.09291666666667,1139.4828,0.49999999999999994,49.417199999999994,0.87,0.84,11.359734564859222,-1.0,0.7985820767671608,87.72,12,19.53
132.98,87.72,27.375205777945492,0,40.69,4.120487890353156,0,26.716666666666658,31.89,53.09,58.83,2023,69.27,1,8.83,0.07659738260200148,1,57.71,29.84,23.612499999999997,60.2,2023-01-01 13:00:00,25.98,25.569099874366092,Hourly,26.2,1.59,29.91,12.99,6.04,1.9899999999999984,29.66,3.2339428978673244,Bhatagaon,27.97,6,-0.2588190451025208,24.286666666666665,0.8660254037844387,5.41,33.497083333333336,736.1571,0.49999999999999994,42.47200000000001,0.84,0.8,11.286981912291928,-0.9659258262890683,1.090978154379696,83.37,13,19.38
125.2,83.37,27.726712581338493,0,40.25,4.096011641052539,0,27.869999999999994,32.27,47.26,53.09,2023,66.51,1,3.51,0.060421880586342555,1,50.17,27.63,23.5975,57.71,2023-01-01 14:00:00,27.97,26.737928481690066,Hourly,25.98,0.93,31.89,8.83,5.41,1.6900000000000013,28.84,2.809846970922049,Bhatagaon,29.66,6,-0.4999999999999997,26.0,0.8660254037844387,5.74,33.0375,284.8014,0.49999999999999994,34.0272,0.8,0.72,11.20563338527621,-0.8660254037844388,1.8420369160254024,81.14,14,21.47
100.19,81.14,27.897987568824878,0,40.25,4.2174008224226505,0,28.823333333333327,31.63,48.03,47.26,2023,55.36,1,4.12,-0.027646662171274452,1,42.91,24.16,23.698333333333334,50.17,2023-01-01 15:00:00,29.66,27.338520344064335,Hourly,27.97,0.51,32.27,3.51,5.74,-0.8200000000000003,25.4,1.8956836937280583,Bhatagaon,28.84,6,-0.7071067811865471,27.228333333333335,0.8660254037844387,9.13,32.562083333333334,333.88480000000004,0.49999999999999994,35.5422,0.72,0.74,11.12810268572578,-0.7071067811865479,0.8451232651712406,81.04,15,24.72
195.98,81.04,27.513681789005666,0,37.75,4.2448425034139285,0,27.966666666666658,34.76,52.57,48.03,2023,56.01,1,7.36,-0.11927877947295427,1,45.88,19.24,23.801666666666666,42.91,2023-01-01 16:00:00,28.84,26.784657388617383,Hourly,29.66,0.67,31.63,4.12,9.13,-3.4400000000000013,25.87,1.7287037532979597,Bhatagaon,25.4,6,-0.8660254037844385,27.34166666666667,0.8660254037844387,9.14,31.94333333333333,622.4352,0.49999999999999994,42.056000000000004,0.74,0.8,11.094848654518277,-0.5000000000000004,2.260294966001941,84.57,16,26.2
19.8,84.57,27.260807667620178,0,35.99,4.022795180046781,0,26.70333333333333,35.83,55.95,52.57,2023,56.01,1,7.39,0.018503937007874113,1,53.5,17.23,24.354166666666668,45.88,2023-01-01 17:00:00,25.4,26.523326706155274,Hourly,28.84,1.44,34.76,7.36,9.14,0.4700000000000024,29.0,1.7768699070743623,Bhatagaon,25.87,6,-0.9659258262890683,27.286666666666665,0.8660254037844387,6.75,31.448333333333334,685.7181,0.49999999999999994,51.474000000000004,0.8,0.92,11.089532340736069,-0.25881904510252063,1.8652703110631812,92.79,17,25.98
22.36,92.79,27.528375718755534,0,35.99,3.532926934890431,0,26.75666666666666,34.57,57.67,55.95,2023,54.02,1,6.37,0.12098956320061843,1,60.62,19.53,25.335000000000004,53.5,2023-01-01 18:00:00,25.87,27.230947647253767,Hourly,25.4,1.01,35.83,7.39,6.75,3.129999999999999,29.35,1.760363598805592,Bhatagaon,29.0,6,-1.0,27.790000000000003,0.8660254037844387,6.86,31.157083333333333,609.4816000000001,0.49999999999999994,62.86030000000001,0.92,1.09,11.056808832478309,-1.8369701987210297e-16,1.956944897878766,95.68,18,27.97
24.9,95.68,27.80862560817776,0,41.7,3.186383910366735,0,28.073333333333327,33.34,69.02,57.67,2023,53.65,1,13.29,0.012068965517241428,1,65.52,19.38,26.153333333333332,60.62,2023-01-01 19:00:00,29.0,27.836391176609833,Hourly,25.87,0.73,34.57,6.37,6.86,0.3500000000000014,31.86,1.875003999995672,Bhatagaon,29.35,6,-0.9659258262890684,28.02,0.8660254037844387,8.75,30.880416666666665,1405.4175,0.49999999999999994,98.69859999999998,1.09,1.43,11.013609951631025,0.2588190451025203,1.9161506551765968,105.75,19,29.66
78.01,105.75,28.431913976150412,0,44.86,2.7862041083407583,0,30.069999999999993,36.43,70.29,69.02,2023,64.23,1,15.09,0.08551959114139686,1,87.61,21.47,27.19333333333333,65.52,2023-01-01 20:00:00,29.35,28.98599369757845,Hourly,29.0,0.22,33.34,13.29,8.75,2.509999999999998,37.47,2.401146948161738,Bhatagaon,31.86,6,-0.8660254037844386,28.386666666666667,0.8660254037844387,5.83,30.47041666666667,1591.0896,0.49999999999999994,120.89880000000001,1.43,1.72,10.773866723078857,0.5000000000000001,1.5600320509529038,105.44,20,28.84
61.75,105.44,29.82238874905035,0,49.46,3.5279696281248354,0,32.893333333333324,36.84,80.61,70.29,2023,70.86,1,20.78,0.17608286252354047,1,99.85,24.72,28.52666666666667,87.61,2023-01-01 21:00:00,31.86,31.40999549827032,Hourly,29.35,0.2,36.43,15.09,5.83,5.609999999999999,44.53,4.443335458864176,Bhatagaon,37.47,6,-0.7071067811865477,29.825,0.8660254037844387,5.78,30.162500000000005,2407.7786,0.49999999999999994,177.342,1.72,2.2,10.445326081866522,0.7071067811865474,4.157455151091061,115.87,21,25.4
201.8,115.87,32.085098172273376,0,49.46,5.607018531999285,0,37.953333333333326,36.07,81.85,80.61,2023,86.18,1,22.31,0.18841740058713644,1,98.76,26.2,30.1775,99.85,2023-01-01 22:00:00,37.47,35.15856821305023,Hourly,31.86,0.11,36.84,20.78,5.78,7.060000000000002,44.39,6.84660110322387,Bhatagaon,44.53,6,-0.5000000000000004,33.01333333333333,0.8660254037844387,5.99,29.957083333333333,2640.3884999999996,0.49999999999999994,181.707,2.2,2.22,10.091817813226792,0.8660254037844384,6.3488135374519805,118.35,22,25.87
83.78,118.35,33.978159991923626,0,52.09,6.771778782475804,0,42.129999999999995,36.21,82.0,81.85,2023,92.47,1,23.18,-0.0031439479002919506,1,91.6,25.98,31.69333333333333,98.76,2023-01-01 23:00:00,44.53,37.79612015217873,Hourly,37.47,0.35,36.07,22.31,5.99,-0.14000000000000057,43.77,7.150048950881358,Bhatagaon,44.39,6,-0.25881904510252157,36.1,0.8660254037844387,5.79,29.745833333333334,2663.6138,0.49999999999999994,181.22,2.22,2.21,9.71172393986038,0.9659258262890681,4.036285421027618,114.91,23,29.0
14.08,114.91,35.48459691624307,0,52.09,7.331481877161882,0,44.23,30.33,56.55,82.0,2023,99.44,1,11.08,-0.01396710970939395,2,79.02,27.97,33.17583333333334,91.6,2023-01-02 01:00:00,44.39,39.50294296584195,Hourly,44.53,1.75,36.21,23.18,5.79,-0.6199999999999974,46.65,6.747978709707539,Bhatagaon,43.77,0,0.25881904510252074,38.56166666666667,0.8660254037844387,8.31,29.399166666666662,948.7804,0.49999999999999994,73.515,2.21,1.3,9.002018090969612,0.9659258262890683,0.4044749683231615,85.63,1,29.35
11.53,85.63,37.20235123682106,0,29.84,8.071447008943524,0,44.93666666666667,29.21,45.54,56.55,2023,103.21,1,2.94,0.06579849211788885,2,49.8,29.66,34.7325,79.02,2023-01-02 02:00:00,43.77,41.54495926131568,Hourly,44.39,1.49,30.33,11.08,8.31,2.8799999999999955,34.88,5.627801524574184,Bhatagaon,46.65,0,0.49999999999999994,41.445,0.8660254037844387,5.93,29.1725,227.85,0.49999999999999994,41.4414,1.3,0.91,8.457874771606232,0.8660254037844387,1.5158276067328158,77.5,2,31.86
13.12,77.5,36.84506643115628,0,27.63,7.912312758089112,0,41.76666666666666,27.93,40.12,45.54,2023,66.47,1,1.59,-0.25230439442658087,2,49.8,28.84,35.1675,49.8,2023-01-02 03:00:00,46.65,39.64068518665406,Hourly,43.77,1.28,29.21,2.94,5.93,-11.769999999999996,22.18,4.649036100813388,Bhatagaon,34.88,0,0.7071067811865476,41.94833333333334,0.8660254037844387,5.52,29.382499999999997,111.6975,0.49999999999999994,28.485199999999995,0.91,0.71,8.537364041822743,0.7071067811865476,6.135408163548157,70.25,3,37.47
12.24,70.25,34.58890236482455,0,24.16,8.600175606029625,0,34.56999999999999,26.88,38.99,40.12,2023,63.78,1,2.08,-0.364105504587156,2,31.75,25.4,34.612500000000004,49.8,2023-01-02 04:00:00,34.88,34.65191799046718,Hourly,46.65,1.33,27.93,1.59,5.52,-12.700000000000003,20.32,9.37907458121533,Bhatagaon,22.18,0,0.8660254037844386,39.400000000000006,0.8660254037844387,5.96,29.155416666666667,139.7968,0.49999999999999994,22.6142,0.71,0.58,8.6576394911067,0.5000000000000001,12.237945088943658,67.21,4,44.53
12.41,67.21,32.39368661639,0,19.24,9.199051787433332,0,25.793333333333333,28.57,38.74,38.99,2023,73.84,1,2.19,-0.08385933273219114,2,31.75,25.87,34.189166666666665,31.75,2023-01-02 05:00:00,22.18,30.55708427890513,Hourly,34.88,1.14,26.88,2.08,5.96,-1.8599999999999994,16.17,11.660852027189076,Bhatagaon,20.32,0,0.9659258262890683,35.365,0.8660254037844387,6.45,28.995416666666667,145.43789999999998,0.49999999999999994,19.7574,0.58,0.51,8.788467234994904,0.25881904510252074,7.924047787168735,66.41,5,44.39
45.93,66.41,29.897734829253075,0,17.23,10.350621815605987,0,19.55666666666666,28.49,41.98,38.74,2023,73.84,1,3.21,-0.20423228346456684,2,29.91,29.0,33.380833333333335,31.75,2023-01-02 06:00:00,20.32,26.44648877064652,Hourly,22.18,1.11,28.57,2.19,6.45,-4.149999999999999,16.17,12.916243132841156,Bhatagaon,16.17,0,1.0,30.661666666666665,0.8660254037844387,6.52,28.867500000000003,226.7544,0.49999999999999994,19.3108,0.51,0.46,8.957350758382463,6.123233995736766e-17,3.076854454363059,70.64,6,43.77
26.56,70.64,27.785775624752603,0,19.53,11.448671088688474,0,17.55333333333333,27.48,46.17,41.98,2023,71.59,1,6.34,0.0,2,42.92,29.35,32.31166666666667,29.91,2023-01-02 07:00:00,16.17,23.510349121890375,Hourly,20.32,1.35,28.49,3.21,6.52,0.0,13.65,12.209559233103642,Bhatagaon,16.17,0,0.9659258262890683,26.061666666666667,0.8660254037844387,8.09,28.823333333333334,467.1946,0.49999999999999994,20.3148,0.46,0.44,9.019624337432521,-0.25881904510252063,2.3960036171370502,73.69,7,46.65
41.37,73.69,25.611040913252204,0,19.38,12.6517633218266,0,15.329999999999997,26.47,50.41,46.17,2023,66.09,1,8.86,-0.15584415584415592,2,42.92,31.86,31.003333333333334,42.92,2023-01-02 08:00:00,16.17,20.693106515635982,Hourly,16.17,0.93,27.48,6.34,8.09,-2.5200000000000014,18.23,7.668594177987678,Bhatagaon,13.65,0,0.8660254037844387,20.561666666666667,0.8660254037844387,6.44,28.578333333333333,688.5992,0.49999999999999994,27.7255,0.44,0.55,9.356599004314306,-0.4999999999999998,1.454922678358039,77.72,8,34.88
65.41,77.72,24.47549615736725,0,21.47,13.169113399438647,0,16.016666666666662,28.85,53.19,50.41,2023,59.78,1,9.16,0.3355311355311355,2,48.27,37.47,29.867500000000003,42.92,2023-01-02 09:00:00,13.65,19.989361796882847,Hourly,16.17,0.8,26.47,8.86,6.44,4.58,18.23,3.106603718961679,Bhatagaon,18.23,0,0.7071067811865476,17.78666666666667,0.8660254037844387,5.79,28.530416666666667,754.0512,0.49999999999999994,31.382099999999998,0.55,0.59,9.408553684150156,-0.7071067811865475,2.2938468417341755,82.32,9,22.18
19.41,82.32,23.514650594695365,0,24.72,13.329619416467997,0,16.70333333333333,28.98,55.19,53.19,2023,49.12,1,9.92,0.0,2,48.27,44.53,28.264166666666668,48.27,2023-01-02 10:00:00,18.23,19.48668699777346,Hourly,13.65,1.44,28.85,9.16,5.79,0.0,16.57,2.3043299821567538,Bhatagaon,18.23,0,0.49999999999999994,17.128333333333334,0.8660254037844387,6.05,28.395416666666666,853.5168000000001,0.49999999999999994,36.4254,0.59,0.66,9.536638720204797,-0.8660254037844387,2.6442642328885815,86.04,10,20.32
90.75,86.04,22.44624281089608,0,26.2,12.654484263283862,0,17.676666666666662,28.1,56.5,55.19,2023,49.12,1,10.55,-0.09105869445968184,2,41.19,44.39,25.93416666666667,48.27,2023-01-02 11:00:00,18.23,18.65334785555247,Hourly,18.23,1.14,28.98,9.92,6.05,-1.6600000000000001,16.73,1.6929815907642223,Bhatagaon,16.57,0,0.258819045102521,16.503333333333334,0.8660254037844387,7.27,28.055833333333336,918.6940000000001,0.49999999999999994,38.42,0.66,0.68,9.81426686298932,-0.9659258262890682,0.9584014468550315,87.08,11,16.17
98.2,87.08,21.566820839988992,0,25.98,11.448851834718424,0,17.176666666666662,30.5,57.77,56.5,2023,44.49,1,11.32,0.009656004828002423,2,39.65,43.77,23.629166666666666,41.19,2023-01-02 12:00:00,16.57,18.103819896823193,Hourly,18.23,1.22,28.1,10.55,7.27,0.16000000000000014,17.75,1.6863530670255724,Bhatagaon,16.73,0,1.2246467991473532e-16,16.596666666666668,0.8660254037844387,9.29,27.661250000000006,1002.2728000000001,0.49999999999999994,39.8613,0.68,0.69,10.078927355152135,-1.0,0.9157146571579088,88.54,12,16.17
91.78,88.54,20.97961763383684,0,27.97,9.602697024873654,0,17.016666666666662,30.91,54.65,57.77,2023,42.27,1,7.3,0.0609683203825463,2,38.08,46.65,21.460833333333337,39.65,2023-01-02 13:00:00,16.73,18.00272849773085,Hourly,16.57,1.13,30.5,11.32,9.29,1.0199999999999996,17.75,1.729219477105172,Bhatagaon,17.75,0,-0.2588190451025208,16.86,0.8660254037844387,6.47,27.31833333333334,646.123,0.49999999999999994,36.069,0.69,0.66,10.276680933769033,-0.9659258262890683,0.6401041581913283,88.51,13,13.65
43.72,88.51,20.482753382477323,0,29.66,5.427246288195293,0,17.409999999999997,31.08,52.66,54.65,2023,40.69,1,5.83,0.0,2,39.27,34.88,19.0525,38.08,2023-01-02 14:00:00,17.75,17.930520355522034,Hourly,16.73,1.69,30.91,7.3,6.47,0.0,17.29,0.7262690043410505,Bhatagaon,17.75,0,-0.4999999999999997,17.543333333333333,0.8660254037844387,9.52,26.892500000000002,514.7307000000001,0.49999999999999994,36.33539999999999,0.66,0.69,10.458635396065077,-0.8660254037844388,0.5888972745738329,88.29,14,18.23
24.82,88.29,19.99156055440389,0,28.84,2.1493691815949787,0,17.59666666666666,27.82,51.59,52.66,2023,40.25,1,8.0,-0.025915492957746526,2,64.59,22.18,17.58666666666667,39.27,2023-01-02 15:00:00,17.75,17.747514539658596,Hourly,17.75,1.44,31.08,5.83,9.52,-0.46000000000000085,15.26,0.6454042660740192,Bhatagaon,17.29,0,-0.7071067811865471,17.386666666666667,0.8660254037844387,13.05,26.377083333333335,652.0,0.49999999999999994,36.113,0.69,0.7,10.619881878965868,-0.7071067811865479,0.2655811238281413,81.5,15,18.23
33.17,81.5,19.263628161418676,0,25.4,1.6825791890057207,0,16.766666666666662,28.84,52.34,51.59,2023,40.25,1,5.83,-0.11740890688259106,2,64.59,20.32,17.01,64.59,2023-01-02 16:00:00,17.29,17.03679609975614,Hourly,17.75,1.7,27.82,8.0,13.05,-2.0299999999999994,16.29,0.9406469404970978,Bhatagaon,15.26,0,-0.8660254037844385,16.891666666666666,0.8660254037844387,6.79,25.81125,499.9225,0.49999999999999994,36.638,0.7,0.7,10.842394774980338,-0.5000000000000004,1.3249276709820184,85.75,16,16.57
24.02,85.75,18.806146905815805,0,25.87,1.3263309496054252,0,16.279999999999994,29.29,55.57,52.34,2023,37.75,1,10.92,0.06749672346002616,2,52.77,16.17,16.674166666666668,64.59,2023-01-02 17:00:00,15.26,16.8234257855401,Hourly,17.29,0.94,28.84,5.83,6.79,1.0299999999999994,19.16,0.966390190347504,Bhatagaon,16.29,0,-0.9659258262890683,16.845,0.8660254037844387,8.83,25.43166666666667,943.3788,0.49999999999999994,46.1231,0.7,0.83,11.015503172571226,-0.25881904510252063,1.0150369451406736,86.39,17,16.73
227.66,86.39,18.860585843382605,0,29.0,1.4933448322076237,0,16.903333333333325,30.17,68.48,55.57,2023,35.99,1,16.52,0.17618170656844698,2,52.67,16.17,16.923333333333332,52.77,2023-01-02 18:00:00,16.29,17.491018418242927,Hourly,15.26,0.58,29.29,10.92,8.83,2.870000000000001,20.65,1.3439791665051513,Bhatagaon,19.16,0,-1.0,17.25,0.8660254037844387,10.92,25.152083333333334,1641.0968,0.49999999999999994,65.056,0.83,0.95,11.088803196945058,-1.8369701987210297e-16,2.0210475831444032,99.34,18,17.75
345.47,99.34,19.13588032901605,0,29.35,1.8135566930179734,0,18.699999999999992,34.8,83.43,68.48,2023,35.99,1,28.52,0.07776617954070973,2,85.63,13.65,17.296666666666667,52.67,2023-01-02 19:00:00,19.16,18.393584584459234,Hourly,16.29,0.15,30.17,16.52,10.92,1.4899999999999984,27.36,1.946264798702001,Bhatagaon,20.65,0,-0.9659258262890684,17.73333333333333,0.8660254037844387,6.6,24.80416666666667,3108.1096000000002,0.49999999999999994,91.77300000000001,0.95,1.1,11.093815322322447,0.2588190451025203,2.2161001782411516,108.98,19,17.75
254.27,108.98,20.401129509167426,0,31.86,3.1404645236405364,0,22.389999999999997,39.55,137.27,83.43,2023,41.7,1,81.18,0.32493946731234874,2,114.94,18.23,18.43916666666667,85.63,2023-01-02 20:00:00,20.65,20.955417560328023,Hourly,19.16,0.21,34.8,28.52,6.6,6.710000000000001,37.42,4.3868017962976005,Bhatagaon,27.36,0,-0.8660254037844386,19.334999999999997,0.8660254037844387,5.36,24.72125,10555.835400000002,0.49999999999999994,255.32220000000004,1.1,1.86,11.065763225411466,0.5000000000000001,4.3681460598290895,130.03,20,17.29
338.11,130.03,23.01941727698782,0,37.47,6.310366411106929,0,28.476666666666663,40.03,176.93,137.27,2023,44.86,1,118.5,0.36769005847953223,2,137.94,18.23,20.038333333333334,114.94,2023-01-02 21:00:00,27.36,25.659583971662876,Hourly,20.65,0.14,39.55,81.18,5.36,10.060000000000002,47.3,8.385334817405912,Bhatagaon,37.42,0,-0.7071067811865477,22.689999999999998,0.8660254037844387,7.15,24.952916666666667,17497.71,0.49999999999999994,422.8627,1.86,2.39,11.277881576888367,0.7071067811865474,8.440582523341247,147.66,21,15.26
357.59,147.66,26.754891542066616,0,44.53,10.034188338179764,0,37.35999999999999,43.57,206.08,176.93,2023,49.46,1,151.1,0.2640299305184392,2,192.56,16.57,22.46083333333333,137.94,2023-01-02 22:00:00,37.42,31.842559979759194,Hourly,27.36,0.21,40.03,118.5,7.15,9.879999999999995,63.81,12.090680708711142,Bhatagaon,47.3,0,-0.5000000000000004,28.03,0.8660254037844387,7.14,25.362499999999997,23331.351,0.49999999999999994,587.3280000000001,2.39,2.85,11.912858690251987,0.8660254037844384,9.970135405299175,154.41,22,16.29
42.61,154.41,32.45567745867176,0,44.39,15.364119431620313,0,49.50999999999999,46.2,204.54,206.08,2023,49.46,1,150.86,0.349048625792812,2,192.56,16.73,26.397499999999997,192.56,2023-01-02 23:00:00,47.3,40.97611427125656,Hourly,37.42,0.95,43.57,151.1,7.14,16.510000000000005,64.31,17.302862190978683,Bhatagaon,63.81,0,-0.25881904510252157,35.949999999999996,0.8660254037844387,8.42,26.165833333333335,22850.7642,0.49999999999999994,613.62,2.85,3.0,13.767323606110287,0.9659258262890681,13.333082914315046,151.47,23,19.16
346.95,151.47,37.356342465029954,0,43.77,18.468302636483113,0,58.47333333333333,37.31,161.25,204.54,2023,52.09,1,113.61,0.007835762419683435,3,174.34,17.75,30.362499999999997,192.56,2023-01-03 01:00:00,63.81,47.64293876518326,Hourly,47.3,0.06,46.2,150.86,8.42,0.5,66.95,18.327994707550513,Bhatagaon,64.31,1,0.25881904510252074,43.475,0.8660254037844387,3.83,26.995833333333334,14652.2817,0.49999999999999994,530.5125,3.0,3.29,15.415583847597796,0.9659258262890683,9.679619482879108,128.97,1,20.65
357.7,128.97,41.909212855025345,0,46.65,20.73580615308176,0,65.02333333333333,35.45,142.74,161.25,2023,52.09,1,94.16,0.041051158451251755,3,143.64,17.75,34.4625,174.34,2023-01-03 02:00:00,64.31,53.1592419751309,Hourly,63.81,0.29,37.31,113.61,3.83,2.6400000000000006,60.07,16.446217092896045,Bhatagaon,66.95,1,0.49999999999999994,51.19166666666666,0.8660254037844387,3.65,27.96166666666667,11649.475199999999,0.49999999999999994,378.261,3.29,2.65,17.141736421268153,0.8660254037844387,1.6871672511438849,123.72,2,27.36
258.4,123.72,44.703180108098366,0,34.88,21.22797916058958,0,63.77666666666667,35.93,121.44,142.74,2023,29.84,1,76.78,-0.10276325616131445,3,103.76,17.29,37.98916666666667,143.64,2023-01-03 03:00:00,66.95,55.13374426795064,Hourly,64.31,0.3,35.45,94.16,3.65,-6.880000000000003,56.37,11.704210638341483,Bhatagaon,60.07,1,0.7071067811865476,56.64333333333334,0.8660254037844387,4.4,28.520833333333332,8726.8148,0.49999999999999994,291.45599999999996,2.65,2.4,17.976418349233697,0.7071067811865476,3.470869247513147,113.66,3,37.42
348.12,113.66,46.49807547608323,0,22.18,20.756219422066504,0,61.129999999999995,35.99,116.64,121.44,2023,27.63,1,68.95,-0.06159480605959718,3,134.2,15.26,41.24583333333334,103.76,2023-01-03 04:00:00,60.07,55.486960191393315,Hourly,66.95,0.12,35.93,76.78,4.4,-3.700000000000003,65.32,7.1502515107278475,Bhatagaon,56.37,1,0.8660254037844386,59.80166666666668,0.8660254037844387,3.73,29.41625,7797.5555,0.49999999999999994,263.60639999999995,2.4,2.26,18.82225990509062,0.5000000000000001,5.369059507958474,113.09,4,47.3
334.89,113.09,49.393756172070425,0,20.32,20.078245633702004,0,60.586666666666666,34.99,112.49,116.64,2023,24.16,1,63.03,0.1587723966648926,3,169.76,16.29,45.4175,134.2,2023-01-03 05:00:00,56.37,58.29640013670951,Hourly,60.07,0.14,35.99,68.95,3.73,8.949999999999996,79.58,3.890263487220255,Bhatagaon,65.32,1,0.9659258262890683,62.80500000000001,0.8660254037844387,4.55,31.21375,7240.2561000000005,0.49999999999999994,239.60369999999998,2.26,2.13,20.116566353327432,0.25881904510252074,4.497314013200836,114.87,5,63.81
357.2,114.87,54.037793684059594,0,16.17,20.04394845575517,0,67.08999999999999,33.96,125.96,112.49,2023,19.24,1,81.35,0.21830985915492968,3,173.73,19.16,50.69166666666666,169.76,2023-01-03 06:00:00,65.32,64.37742866907823,Hourly,56.37,0.15,34.99,63.03,4.55,14.260000000000005,82.43,7.932370809957495,Bhatagaon,79.58,1,1.0,65.43333333333334,0.8660254037844387,4.99,33.68291666666667,9360.9445,0.49999999999999994,263.2564,2.13,2.09,22.245518450312357,6.123233995736766e-17,11.705797708827832,115.07,6,64.31
281.57,115.07,58.40582542497351,0,16.17,19.303422427752093,0,75.77666666666666,36.8,144.32,125.96,2023,17.23,1,102.61,0.03581301834631828,3,176.56,20.65,55.96416666666667,173.73,2023-01-03 07:00:00,79.58,69.53530619219873,Hourly,65.32,0.33,33.96,81.35,4.99,2.8500000000000085,82.43,10.464367475708494,Bhatagaon,82.43,1,0.9659258262890683,68.45333333333333,0.8660254037844387,5.44,36.44375,11778.601900000001,0.49999999999999994,301.62879999999996,2.09,2.09,24.01855637925555,-0.25881904510252063,9.167171501250088,114.79,7,66.95
359.36,114.79,62.101852282669896,0,13.65,17.14677076674417,0,81.48,36.04,136.94,144.32,2023,19.53,1,95.8,0.0,3,176.56,27.36,61.11249999999999,176.56,2023-01-03 08:00:00,82.43,73.2195044229991,Hourly,79.58,0.23,36.8,102.61,5.44,0.0,80.67,11.83776780760063,Bhatagaon,82.43,1,0.8660254037844387,71.03333333333333,0.8660254037844387,5.03,39.20458333333334,10884.796,0.49999999999999994,290.3128,2.09,2.12,25.357677506319305,-0.4999999999999998,1.6454482671898545,113.62,8,60.07
113.91,113.62,64.95849039302837,0,18.23,14.271918072023285,0,81.84333333333335,34.49,131.61,136.94,2023,19.38,1,85.69,-0.02135144971490968,3,128.86,37.42,65.555,176.56,2023-01-03 09:00:00,82.43,75.34821744499936,Hourly,82.43,0.45,36.04,95.8,5.03,-1.7600000000000051,136.25,10.978230579955307,Bhatagaon,80.67,1,0.7071067811865476,74.46666666666665,0.8660254037844387,17.79,41.997083333333336,10392.4832,0.49999999999999994,304.01910000000004,2.12,2.31,26.10052664455619,-0.7071067811865475,1.0161364737727938,121.28,9,56.37
142.3,121.28,75.92641494794708,0,18.23,22.629067171684405,0,99.78333333333335,35.67,126.93,131.61,2023,21.47,1,73.7,0.6889797942233792,3,233.38,47.3,73.79083333333334,128.86,2023-01-03 10:00:00,80.67,92.7487267464281,Hourly,82.43,0.39,34.49,85.69,17.79,55.58,136.25,24.61231236596836,Bhatagaon,136.25,1,0.49999999999999994,87.77999999999999,0.8660254037844387,19.24,46.91458333333333,9354.004,0.49999999999999994,297.0162,2.31,2.34,31.901231403132872,-0.8660254037844387,31.59331785889747,126.92,10,65.32
352.66,126.92,85.20696649441676,0,16.57,27.257797661097488,0,117.72333333333334,36.39,117.67,126.93,2023,24.72,1,57.36,0.0,3,233.38,63.81,81.20333333333333,233.38,2023-01-03 11:00:00,136.25,105.17766196173434,Hourly,80.67,0.65,35.67,73.7,19.24,0.0,105.0,28.408477901265066,Bhatagaon,136.25,1,0.258819045102521,99.60166666666667,0.8660254037844387,8.17,51.83208333333334,8468.6304,0.49999999999999994,269.4643,2.34,2.29,36.106415782910446,-0.9659258262890682,32.08912796155933,147.64,11,79.58
359.51,147.64,88.25204857219879,0,16.73,27.461098918067297,0,125.83333333333333,22.79,52.84,117.67,2023,26.2,1,2.9,-0.22935779816513763,3,146.41,64.31,84.63583333333334,233.38,2023-01-03 12:00:00,136.25,105.12690140123883,Hourly,136.25,0.49,36.39,57.36,8.17,-31.25,79.39,26.667534131724018,Bhatagaon,105.0,1,1.2246467991473532e-16,103.83833333333332,0.8660254037844387,24.03,55.51666666666667,270.918,0.49999999999999994,61.2944,2.29,1.16,36.85581196178315,-1.0,18.04219591217567,93.42,12,82.43
341.52,93.42,86.8886564841682,0,17.75,26.78306830307668,0,106.88,18.39,40.05,52.84,2023,25.98,1,3.46,-0.2439047619047619,3,70.76,66.95,85.8925,146.41,2023-01-03 13:00:00,105.0,97.77350100088488,Hourly,136.25,0.71,22.79,2.9,24.03,-25.61,34.88,27.179591179167236,Bhatagaon,79.39,1,-0.2588190451025208,103.33166666666666,0.8660254037844387,11.1,58.127500000000005,245.45239999999998,0.49999999999999994,30.037499999999998,1.16,0.75,36.202333488326396,-0.9659258262890683,28.476581606646477,70.94,13,82.43
166.31,70.94,78.88732471737309,0,17.75,30.224027166838905,0,73.09,22.54,42.6,40.05,2023,27.97,1,2.18,-0.560649955913843,3,70.76,60.07,83.22,70.76,2023-01-03 14:00:00,79.39,79.80392928634635,Hourly,105.0,0.75,18.39,3.46,11.1,-44.51,38.36,38.89876124848536,Bhatagaon,34.88,1,-0.4999999999999997,95.40666666666665,0.8660254037844387,14.61,58.84125,167.40220000000002,0.49999999999999994,40.896,0.75,0.96,35.53435757031188,-0.8660254037844388,35.48198275181362,76.79,14,80.67
202.97,76.79,72.65235168393107,0,17.29,32.31328194646147,0,50.876666666666665,22.4,37.87,42.6,2023,29.66,1,1.55,0.09977064220183476,3,60.07,56.37,81.41083333333334,70.76,2023-01-03 15:00:00,34.88,67.96280663310453,Hourly,79.39,1.16,22.54,2.18,14.61,3.479999999999997,38.36,45.39683898687219,Bhatagaon,38.36,1,-0.7071067811865471,88.355,0.8660254037844387,8.83,59.70000000000001,105.77199999999999,0.49999999999999994,32.5682,0.96,0.86,34.7382604505527,-0.7071067811865479,24.754499254344335,68.24,15,136.25
183.78,68.24,67.3766052710186,0,15.26,33.95843850141734,0,37.199999999999996,23.05,34.97,37.87,2023,28.84,1,2.04,0.0,3,42.13,65.32,79.91000000000001,60.07,2023-01-03 16:00:00,38.36,59.50486188078896,Hourly,34.88,0.98,22.4,1.55,8.83,0.0,20.25,42.220513023884486,Bhatagaon,38.36,1,-0.8660254037844385,72.04,0.8660254037844387,8.21,60.577916666666674,128.98919999999998,0.49999999999999994,22.7305,0.86,0.65,33.87538852389632,-0.5000000000000004,2.0091789367804798,63.23,16,136.25
214.09,63.23,60.12635830624651,0,16.29,37.97379849277255,0,32.32333333333333,23.51,37.64,34.97,2023,25.4,1,3.12,-0.4721063607924922,3,42.13,79.58,76.15416666666667,42.13,2023-01-03 17:00:00,38.36,48.2891870577064,Hourly,38.36,0.63,23.05,2.04,8.21,-18.11,19.9,32.34029045427184,Bhatagaon,20.25,1,-0.9659258262890683,52.70666666666667,0.8660254037844387,8.76,60.785833333333336,204.5472,0.49999999999999994,22.584,0.65,0.6,33.5993365509896,-0.25881904510252063,10.455813375024253,65.56,17,105.0
228.32,65.56,53.9376877975932,0,19.16,41.25099391823696,0,26.169999999999998,25.63,103.24,37.64,2023,25.87,1,45.18,-0.017283950617284022,3,46.39,82.43,71.18083333333334,42.13,2023-01-03 18:00:00,20.25,40.17799075550457,Hourly,38.36,0.25,23.51,3.12,8.76,-0.3500000000000014,23.48,21.74467720309194,Bhatagaon,19.9,1,-1.0,38.52333333333333,0.8660254037844387,7.68,60.93625,5570.6939999999995,0.49999999999999994,169.31359999999998,0.6,1.64,33.39896103727725,-1.8369701987210297e-16,10.558300052565434,123.3,18,79.39
55.0,123.3,49.251889674886556,0,20.65,43.25119374775752,0,21.209999999999997,28.34,102.99,103.24,2023,29.0,1,46.93,0.1798994974874373,3,154.7,82.43,66.26833333333333,46.39,2023-01-03 19:00:00,19.9,35.40713625393184,Hourly,20.25,0.23,25.63,45.18,7.68,3.580000000000002,52.25,8.937386083190084,Bhatagaon,23.48,1,-0.9659258262890684,29.205000000000002,0.8660254037844387,23.31,61.11625,6314.431500000001,0.49999999999999994,222.4584,1.64,2.16,33.174913100702,0.2588190451025203,1.9736514383253285,134.55,19,34.88
110.71,134.55,49.713137417211705,0,27.36,43.103189996551144,0,31.876666666666665,27.55,142.01,102.99,2023,29.35,1,78.0,1.225298126064736,3,154.7,80.67,63.75333333333334,154.7,2023-01-03 20:00:00,23.48,40.219383038522736,Hourly,19.9,0.36,28.34,46.93,23.31,28.77,63.23,13.022784648453637,Bhatagaon,52.25,1,-0.8660254037844386,32.1,0.8660254037844387,22.75,62.432916666666664,11568.96,0.49999999999999994,384.84709999999995,2.16,2.71,32.10899108527846,0.5000000000000001,17.734391259170305,148.32,20,38.36
67.56,148.32,51.792654737640675,0,37.42,42.7737058143307,0,46.31999999999999,32.58,153.14,142.01,2023,31.86,1,94.53,0.2101435406698564,3,205.3,136.25,62.300000000000004,154.7,2023-01-03 21:00:00,52.25,46.79384502751624,Hourly,23.48,0.15,27.55,78.0,22.75,10.979999999999997,67.7,18.301736256432054,Bhatagaon,63.23,1,-0.7071067811865477,36.245,0.8660254037844387,12.35,63.9275,13687.944000000001,0.49999999999999994,535.99,2.71,3.5,31.228208576054506,0.7071067811865474,20.52776899714145,144.8,21,38.36
47.65,144.8,54.239938624157496,0,47.3,36.048521120844875,0,61.06,35.73,146.1,153.14,2023,37.47,1,86.32,0.07069429068480161,3,211.07,136.25,56.5875,205.3,2023-01-03 22:00:00,63.23,52.7670321625116,Hourly,52.25,0.37,32.58,94.53,12.35,4.470000000000006,70.92,22.433185016845016,Bhatagaon,67.7,1,-0.5000000000000004,41.135,0.8660254037844387,5.88,65.18916666666667,12240.176,0.49999999999999994,438.29999999999995,3.5,3.0,30.718217356093938,0.8660254037844384,7.950301881060912,141.8,22,20.25
21.55,141.8,56.80610191274865,0,63.81,26.625507023199084,0,67.28333333333335,35.75,137.97,146.1,2023,44.53,1,78.85,0.04756277695716394,3,211.07,105.0,51.14333333333334,211.07,2023-01-03 23:00:00,67.7,57.953594401794,Hourly,63.23,1.74,35.73,86.32,5.88,3.219999999999999,71.92,22.5357218655183,Bhatagaon,70.92,1,-0.25881904510252157,49.580000000000005,0.8660254037844387,18.2,66.17333333333333,10826.8935,0.49999999999999994,407.0115,3.0,2.95,30.497739284236697,0.9659258262890681,3.8618950443187336,137.31,23,19.9
203.77,137.31,59.13131700309501,0,64.31,21.821658687615557,0,70.18,41.02,28.29,137.97,2023,44.39,1,7.31,0.01410039481105471,4,45.74,79.39,48.38666666666666,211.07,2023-01-04 01:00:00,70.92,61.94399600128143,Hourly,67.7,0.4,35.75,78.85,18.2,1.0,15.1,18.47405532090883,Bhatagaon,71.92,2,0.25881904510252074,58.25,0.8660254037844387,2.05,66.51125,275.6601,0.49999999999999994,23.763599999999997,2.95,0.84,30.515339451623753,0.9659258262890683,2.2051757299589503,37.71,1,23.48
108.41,37.71,52.35726823338809,0,66.95,21.40601973886332,0,52.64666666666667,39.47,25.7,28.29,2023,43.77,1,6.2,-0.7900444938820912,4,32.53,34.88,43.02916666666667,45.74,2023-01-04 02:00:00,71.92,48.55999714377245,Hourly,70.92,0.41,41.02,7.31,2.05,-56.82,12.39,21.66895998119583,Bhatagaon,15.1,2,0.49999999999999994,56.85333333333333,0.8660254037844387,1.75,64.46083333333333,213.28,0.49999999999999994,17.732999999999997,0.84,0.69,32.27237800169143,0.8660254037844387,32.52021115142604,34.4,2,52.25
84.58,34.4,46.208457735943774,0,60.07,23.101739603918855,0,33.13666666666666,39.8,25.81,25.7,2023,46.65,1,6.66,-0.17947019867549663,4,31.94,38.36,41.155,32.53,2023-01-04 03:00:00,15.1,38.22571224555175,Hourly,71.92,0.87,39.47,6.2,1.75,-2.709999999999999,11.87,28.420813499968638,Bhatagaon,12.39,2,0.7071067811865476,50.21,0.8660254037844387,2.11,62.18750000000001,226.04039999999998,0.49999999999999994,16.0022,0.69,0.62,33.96660089097753,0.7071067811865476,33.61467288749567,33.94,3,63.23
25.73,33.94,40.925618084260115,0,56.37,24.60952628741377,0,13.12,42.94,29.75,25.81,2023,34.88,1,7.39,-0.04196933010492343,4,33.15,38.36,38.9475,31.94,2023-01-04 04:00:00,12.39,30.695508746822675,Hourly,15.1,1.98,39.8,6.66,2.11,-0.5200000000000014,15.89,31.3033761757418,Bhatagaon,11.87,2,0.8660254037844386,41.650000000000006,0.8660254037844387,1.97,60.17916666666667,295.67389999999995,0.49999999999999994,19.337500000000002,0.62,0.65,35.48812096617887,0.5000000000000001,1.7343298417559228,40.01,4,67.7
109.47,40.01,37.07398453283548,0,65.32,25.497138342103494,0,13.383333333333333,39.94,26.1,29.75,2023,22.18,1,7.21,0.33866891322662185,4,38.51,20.25,37.075,33.15,2023-01-04 05:00:00,11.87,26.465363390587626,Hourly,12.39,2.67,42.94,7.39,1.97,4.020000000000001,19.05,29.78960405913444,Bhatagaon,15.89,2,0.9659258262890683,33.015,0.8660254037844387,2.14,58.49250000000001,242.6165,0.49999999999999994,16.965,0.65,0.65,36.62091291930715,0.25881904510252074,2.186351603319657,33.65,5,70.92
118.78,33.65,34.30106383547618,0,79.58,25.571370176963008,0,15.603333333333333,42.08,24.67,26.1,2023,20.32,1,5.28,0.19886721208307112,4,38.51,19.9,36.975,38.51,2023-01-04 06:00:00,15.89,24.34668813613402,Hourly,11.87,2.41,39.94,7.21,2.14,3.16,19.05,23.438935982676323,Bhatagaon,19.05,2,1.0,24.37,0.8660254037844387,1.69,56.56458333333334,181.15680000000003,0.49999999999999994,12.581700000000001,0.65,0.51,37.45431442950274,6.123233995736766e-17,3.598573791564962,34.31,6,71.92
121.95,34.31,31.954746322325995,0,82.43,25.62409109991943,0,17.996666666666666,42.93,24.75,24.67,2023,16.17,1,6.53,0.0,4,32.88,23.48,36.90416666666667,38.51,2023-01-04 07:00:00,19.05,22.833348668667156,Hourly,15.89,1.94,42.08,5.28,1.69,0.0,12.86,3.1095235433527946,Bhatagaon,19.05,2,0.9659258262890683,15.558333333333332,0.8660254037844387,1.94,54.0425,214.3146,0.49999999999999994,11.137500000000001,0.51,0.45,37.87276367339554,-0.25881904510252063,1.8244268506404944,32.82,7,15.1
197.46,32.82,29.01709304196815,0,82.43,26.30425041987541,0,16.986666666666668,43.71,25.58,24.75,2023,16.17,1,7.31,-0.3249343832020998,4,23.95,52.25,36.01916666666667,32.88,2023-01-04 08:00:00,19.05,19.983820477619396,Hourly,19.05,1.33,42.93,6.53,1.94,-6.190000000000001,11.37,3.303947638810071,Bhatagaon,12.86,2,0.8660254037844387,15.185000000000002,0.8660254037844387,1.86,51.143750000000004,243.3499,0.49999999999999994,10.743599999999999,0.45,0.42,38.26591476957232,-0.4999999999999998,3.5737981662844485,33.29,8,12.39
202.74,33.29,26.302155650896125,0,80.67,26.655933033924953,0,14.426666666666668,42.87,24.09,25.58,2023,13.65,1,6.65,-0.11586314152410578,4,20.92,63.23,32.612500000000004,23.95,2023-01-04 09:00:00,12.86,17.522728912585283,Hourly,19.05,0.87,43.71,7.31,1.86,-1.4900000000000002,10.84,3.4971173843608168,Bhatagaon,11.37,2,0.7071067811865476,15.015,0.8660254037844387,2.35,48.18291666666667,205.0195,0.49999999999999994,9.636000000000001,0.42,0.4,38.488377859473665,-0.7071067811865475,4.072644513499591,30.83,9,11.87
190.43,30.83,23.923362473835184,0,136.25,25.448362809755967,0,11.69,41.51,25.18,24.09,2023,18.23,1,5.75,-0.046613896218117803,4,17.42,67.7,28.24666666666667,20.92,2023-01-04 10:00:00,11.37,15.613377794703773,Hourly,12.86,1.3,42.87,6.65,2.35,-0.5299999999999994,7.67,3.7016734954159993,Bhatagaon,10.84,2,0.49999999999999994,14.843333333333334,0.8660254037844387,2.45,45.27333333333333,198.83499999999998,0.49999999999999994,9.5684,0.4,0.38,38.56506468933707,-0.8660254037844387,1.0473299384650578,34.58,10,15.89
267.84,34.58,21.42284517016823,0,136.25,22.74431895434486,0,9.959999999999999,36.78,24.42,25.18,2023,18.23,1,5.64,-0.2924354243542435,4,14.28,70.92,23.24416666666666,17.42,2023-01-04 11:00:00,10.84,13.343841281931265,Hourly,11.37,0.57,41.51,5.75,2.45,-3.17,8.54,4.63921832496222,Bhatagaon,7.67,2,0.258819045102521,13.473333333333334,0.8660254037844387,2.8,39.91583333333333,189.8988,0.49999999999999994,9.768,0.38,0.4,34.04310974359558,-0.9659258262890682,2.000824829915247,33.67,11,19.05
325.52,33.67,19.44086899014235,0,105.0,17.344896791188216,0,9.016666666666666,38.32,21.18,24.42,2023,16.57,1,4.72,0.11342894393741841,4,15.99,71.92,18.045833333333334,14.28,2023-01-04 12:00:00,7.67,11.971315201379475,Hourly,10.84,0.9,36.78,5.64,2.8,0.8699999999999992,6.26,4.060548813481403,Bhatagaon,8.54,2,1.2246467991473532e-16,11.721666666666666,0.8660254037844387,2.72,34.59458333333333,136.5968,0.49999999999999994,8.2602,0.4,0.39,27.725408842269832,-1.0,1.6378746390791927,28.94,12,19.05
164.68,28.94,17.41304299165891,0,79.39,4.117703372100513,0,7.489999999999999,37.16,24.04,21.18,2023,16.73,1,4.26,-0.2669789227166276,4,19.45,15.1,12.574166666666665,15.99,2023-01-04 13:00:00,8.54,10.339510858128197,Hourly,7.67,0.45,38.32,4.72,2.72,-2.2799999999999994,7.12,2.502063148683204,Bhatagaon,6.26,2,-0.2588190451025208,9.59,0.8660254037844387,3.31,30.480416666666667,153.35999999999999,0.49999999999999994,8.8948,0.39,0.37,23.883552550396182,-0.9659258262890683,1.150608534648338,36.0,13,12.86
358.93,36.0,15.829497916019076,0,34.88,4.312473363993503,0,7.306666666666666,35.9,23.92,24.04,2023,17.75,1,4.27,0.1373801916932908,4,19.45,12.39,11.909166666666666,19.45,2023-01-04 14:00:00,6.26,9.419650612948711,Hourly,8.54,0.73,37.16,4.26,3.31,0.8600000000000003,7.12,2.060016181165855,Bhatagaon,7.12,2,-0.4999999999999997,8.633333333333333,0.8660254037844387,3.68,27.469166666666666,145.13729999999998,0.49999999999999994,9.328800000000001,0.37,0.39,21.92446775253356,-0.8660254037844388,1.1514049389067882,33.99,14,11.37
327.23,33.99,14.489575159708448,0,38.36,4.522290248415182,0,6.833333333333333,37.54,21.65,23.92,2023,17.75,1,3.65,0.0,4,19.97,11.87,11.469999999999999,19.45,2023-01-04 15:00:00,7.12,8.76260758067765,Hourly,6.26,1.71,35.9,4.27,3.68,0.0,6.73,1.612994110342151,Bhatagaon,7.12,2,-0.7071067811865471,7.925,0.8660254037844387,3.82,26.3125,113.36899999999999,0.49999999999999994,11.691,0.39,0.54,22.246398487219764,-0.7071067811865479,0.4965212315087707,31.06,15,10.84
205.63,31.06,13.295794365907147,0,38.36,4.720055533828624,0,6.989999999999999,38.83,27.68,21.65,2023,17.29,1,4.81,-0.05477528089887636,4,24.52,15.89,11.041666666666666,19.97,2023-01-04 16:00:00,7.12,8.181862557626895,Hourly,7.12,0.7,37.54,3.65,3.82,-0.3899999999999997,10.36,0.7904682156788143,Bhatagaon,6.73,2,-0.8660254037844385,7.239999999999999,0.8660254037844387,4.45,24.994583333333335,204.13639999999998,0.49999999999999994,19.6528,0.54,0.71,22.43773800487389,-0.5000000000000004,0.2251666049964761,42.44,16,7.67
203.72,42.44,12.844133694229125,0,20.25,4.466828157415595,0,8.07,39.31,29.42,27.68,2023,15.26,1,3.12,0.539375928677563,4,32.39,19.05,10.580833333333333,24.52,2023-01-04 17:00:00,6.73,8.804187541162067,Hourly,7.12,0.96,38.83,4.81,4.45,3.629999999999999,10.88,1.5144426917731575,Bhatagaon,10.36,2,-0.9659258262890683,7.688333333333333,0.8660254037844387,5.12,23.827916666666667,142.3344,0.49999999999999994,21.7708,0.71,0.74,22.44051847404729,-0.25881904510252063,1.9927619024874856,45.62,17,8.54
260.84,45.62,12.541959279732337,0,19.9,3.5964426868785297,0,9.323333333333334,37.28,34.57,29.42,2023,16.29,1,4.48,0.05019305019305033,4,32.39,19.05,9.9,32.39,2023-01-04 18:00:00,10.36,9.397276815115763,Hourly,6.73,0.54,39.31,3.12,5.12,0.5200000000000014,10.88,2.000823996923552,Bhatagaon,10.88,2,-1.0,8.078333333333335,0.8660254037844387,4.37,23.4375,240.30720000000002,0.49999999999999994,24.8904,0.74,0.72,22.58650698594377,-1.8369701987210297e-16,2.2608921542919225,53.64,18,6.26
295.4,53.64,12.286273236696594,0,23.48,2.2147007117049347,0,10.706666666666669,42.02,39.16,34.57,2023,19.16,1,5.75,0.0,4,40.76,12.86,9.219166666666668,32.39,2023-01-04 19:00:00,10.88,9.820912010796974,Hourly,10.36,0.72,37.28,4.48,4.37,0.0,11.34,2.049491806928039,Bhatagaon,10.88,2,-0.9659258262890684,8.848333333333334,0.8660254037844387,2.77,23.061666666666667,341.83750000000003,0.49999999999999994,26.6288,0.72,0.68,22.722564664393325,0.2588190451025203,0.3002221399874634,59.45,19,7.12
290.16,59.45,12.140692738743272,0,52.25,2.0226810515663973,0,11.033333333333333,42.53,41.91,39.16,2023,20.65,1,9.65,0.042279411764705795,4,40.76,11.37,9.092500000000001,40.76,2023-01-04 20:00:00,10.88,10.254937150569267,Hourly,10.88,0.18,42.02,5.75,2.77,0.4599999999999991,12.11,2.0618090761913854,Bhatagaon,11.34,2,-0.8660254037844386,9.551666666666668,0.8660254037844387,2.57,22.555833333333336,578.7105,0.49999999999999994,30.594299999999997,0.68,0.73,22.847628916398506,0.5000000000000001,0.2655811238371876,59.97,20,7.12
344.93,59.97,12.135970778936615,0,63.23,2.107913480773428,0,11.443333333333333,39.51,47.4,41.91,2023,27.36,1,18.63,0.0679012345679012,4,57.52,10.84,9.154166666666667,40.76,2023-01-04 21:00:00,11.34,10.784955107549477,Hourly,10.88,0.41,42.53,9.65,2.57,0.7699999999999996,13.43,1.8834719712980053,Bhatagaon,12.11,2,-0.7071067811865477,10.383333333333333,0.8660254037844387,2.29,20.883333333333333,1037.1321,0.49999999999999994,45.504,0.73,0.96,22.034126824712978,0.7071067811865474,0.6214767359592703,55.67,21,6.73
340.27,55.67,12.335052197561751,0,67.7,2.4075260784016255,0,12.293333333333331,45.46,84.96,47.4,2023,37.42,1,56.18,0.10900082576383158,4,60.97,7.67,9.37,57.52,2023-01-04 22:00:00,12.11,11.540682219678198,Hourly,11.34,0.07,39.51,18.63,2.29,1.3200000000000003,14.2,1.1127443551861125,Bhatagaon,13.43,2,-0.5000000000000004,11.5,0.8660254037844387,2.63,18.808333333333334,3885.4087999999997,0.49999999999999994,106.19999999999999,0.96,1.25,20.135994305389207,0.8660254037844384,1.0569925890650873,69.16,22,10.36
336.12,69.16,12.621967244090712,0,70.92,2.7076237765157787,0,13.246666666666668,50.54,82.9,84.96,2023,47.3,1,61.95,0.05733432613551747,4,80.71,8.54,9.914166666666667,60.97,2023-01-04 23:00:00,13.43,12.300487299770142,Hourly,12.11,0.22,45.46,56.18,2.63,0.7699999999999996,21.61,1.394546521274415,Bhatagaon,14.2,2,-0.25881904510252157,12.14,0.8660254037844387,2.46,16.579166666666666,3587.5245,0.49999999999999994,117.718,1.25,1.42,17.2414079210907,0.9659258262890681,1.056992589065049,57.91,23,10.88
326.71,57.91,14.004741514230602,0,71.92,4.277980265442692,0,16.413333333333334,29.84,25.37,82.9,2023,63.81,1,10.49,0.521830985915493,5,23.39,6.26,11.003333333333332,80.71,2023-01-05 01:00:00,14.2,14.960348071264388,Hourly,13.43,0.74,50.54,61.95,2.46,7.41,9.71,3.9655588088774176,Bhatagaon,21.61,3,0.25881904510252074,13.928333333333333,0.8660254037844387,2.23,14.524583333333332,315.0147,0.49999999999999994,18.7738,1.42,0.74,12.867540888394046,0.9659258262890683,4.516883143644316,30.03,1,10.88
349.86,30.03,13.344012050502819,0,15.1,4.039508202139645,0,15.173333333333334,28.65,23.57,25.37,2023,64.31,1,8.67,-0.5506709856547894,5,21.96,7.12,11.290833333333333,23.39,2023-01-05 02:00:00,21.61,13.460248622331706,Hourly,14.2,0.45,29.84,10.49,2.23,-11.899999999999999,7.3,4.168983888990851,Bhatagaon,9.71,3,0.49999999999999994,13.733333333333334,0.8660254037844387,2.26,11.9325,250.9965,0.49999999999999994,16.7347,0.74,0.71,4.042630708273782,0.8660254037844387,6.009412062201947,28.95,2,11.34
197.56,28.95,12.414164042733153,0,12.39,4.022912690471105,0,12.873333333333333,28.09,21.16,23.57,2023,66.95,1,6.52,-0.24819773429454178,5,20.59,7.12,11.305833333333332,21.96,2023-01-05 03:00:00,9.71,11.70017758737979,Hourly,21.61,0.67,28.65,8.67,2.26,-2.410000000000001,7.74,4.895745091403207,Bhatagaon,7.3,3,0.7071067811865476,13.06,0.8660254037844387,2.36,11.6075,180.5388,0.49999999999999994,15.0236,0.71,0.71,4.090167690832535,0.7071067811865476,7.661529438260905,27.69,3,12.11
214.96,27.69,11.695061882312668,0,11.87,3.9678712520354313,0,8.25,28.59,20.85,21.16,2023,60.07,1,6.61,0.060273972602739784,5,18.16,6.73,11.3575,20.59,2023-01-05 04:00:00,7.3,10.56869827669985,Hourly,9.71,0.92,28.09,6.52,2.36,0.4400000000000004,8.55,5.367656533969479,Bhatagaon,7.74,3,0.8660254037844386,12.331666666666665,0.8660254037844387,2.31,11.41375,178.9327,0.49999999999999994,13.969500000000002,0.71,0.67,4.161010341878198,0.5000000000000001,1.283393937965079,27.07,4,13.43
205.78,27.07,11.21120620811072,0,15.89,3.8064095664918574,0,7.863333333333333,27.4,19.72,20.85,2023,56.37,1,5.79,0.10465116279069774,5,16.94,10.36,11.509166666666667,18.16,2023-01-05 05:00:00,7.74,9.991927340499894,Hourly,7.3,1.16,28.59,6.61,2.31,0.8100000000000005,7.57,5.535057060831912,Bhatagaon,8.55,3,0.9659258262890683,11.518333333333333,0.8660254037844387,1.84,11.275416666666667,151.4664,0.49999999999999994,13.0152,0.67,0.66,4.2001852745539265,0.25881904510252074,0.634060985504453,26.16,5,14.2
228.46,26.16,10.651020637632147,0,19.05,3.9648921419089898,0,7.953333333333333,28.0,18.03,19.72,2023,65.32,1,4.09,-0.11461988304093572,5,11.95,10.88,11.276666666666666,16.94,2023-01-05 06:00:00,8.55,9.299948100357067,Hourly,7.74,2.11,27.4,5.79,1.84,-0.9800000000000004,7.57,5.5543880551024865,Bhatagaon,7.57,3,1.0,10.413333333333332,0.8660254037844387,1.68,10.92875,104.7858,0.49999999999999994,10.9983,0.66,0.61,4.14575352410254,6.123233995736766e-17,0.5236729259173805,25.62,6,21.61
231.88,25.62,10.177017462611817,0,19.05,4.107566097146365,0,7.896666666666667,27.82,17.44,18.03,2023,79.58,1,3.24,0.0,5,8.41,10.88,11.000833333333333,11.95,2023-01-05 07:00:00,7.57,8.805677214540761,Hourly,8.55,1.46,28.0,4.09,1.68,0.0,5.44,0.907935386833849,Bhatagaon,7.57,3,0.9659258262890683,8.073333333333334,0.8660254037844387,2.09,10.450416666666667,83.98080000000002,0.49999999999999994,8.72,0.61,0.5,3.817252004036253,-0.25881904510252063,0.5658032638107302,25.92,7,9.71
359.05,25.92,9.448245545286921,0,12.86,4.41109371100578,0,6.86,26.21,21.94,17.44,2023,82.43,1,7.97,-0.2813738441215323,5,5.86,11.34,10.5475,8.41,2023-01-05 08:00:00,7.57,7.844055153243401,Hourly,7.57,0.22,27.82,3.24,2.09,-2.13,4.21,1.033313440667987,Bhatagaon,5.44,3,0.8660254037844387,7.361666666666667,0.8660254037844387,2.05,9.883333333333335,215.19,0.49999999999999994,11.189400000000001,0.5,0.51,3.480229461034033,-0.4999999999999998,1.2297560733761903,27.0,8,7.3
130.22,27.0,8.64236161524278,1,11.37,4.760965015497377,1,5.739999999999999,29.42,23.46,21.94,2023,82.43,1,9.37,-0.22610294117647065,5,6.11,12.11,9.953333333333333,5.86,2023-01-05 09:00:00,5.44,6.805753680888143,Hourly,7.57,1.69,26.21,7.97,2.05,-1.2300000000000004,4.915,1.6538762549432473,Bhatagaon,4.21,3,0.7071067811865476,6.846666666666667,0.8660254037844387,0.83,9.522916666666665,262.0789,0.49999999999999994,12.199200000000001,0.51,0.52,3.6042516912145794,-0.7071067811865475,1.6999705879825446,27.97,9,7.74
337.34,27.97,8.068921366743892,0,10.84,4.915229174810794,0,4.855,29.79,22.63,23.46,2023,80.67,1,8.95,0.16745843230403804,5,6.36,13.43,9.35375,6.11,2023-01-05 10:00:00,4.21,6.265538343491531,Hourly,5.44,0.4,29.42,9.37,0.83,0.7050000000000001,5.62,1.748125901262575,Bhatagaon,4.915,3,0.49999999999999994,6.375833333333333,0.8660254037844387,1.2,9.253958333333333,241.56049999999996,0.49999999999999994,12.2202,0.52,0.54,3.6999973499305012,-0.8660254037844387,0.6171912183479217,26.99,10,8.55
204.3,26.99,7.692164233398677,0,7.67,4.842954797873359,0,4.915,28.25,22.54,22.63,2023,136.25,1,8.5,0.1434384537131231,5,182.67,14.2,8.702916666666667,6.36,2023-01-05 11:00:00,4.915,6.081098816779665,Hourly,4.21,0.8,29.79,8.95,1.2,0.7050000000000001,4.05,1.392349632814406,Bhatagaon,5.62,3,0.258819045102521,5.8875,0.8660254037844387,0.94,9.036458333333334,232.30499999999998,0.49999999999999994,12.6224,0.54,0.56,3.755716361693563,-0.9659258262890682,0.7050000000041042,27.33,11,7.57
236.33,27.33,7.131831274414266,12,8.54,4.679188186356215,1,4.861666666666667,30.57,20.3,22.54,2023,136.25,1,5.2,-0.27935943060498225,5,183.95642857142852,21.61,7.857083333333333,182.67,2023-01-05 12:00:00,5.62,5.500784869128331,Hourly,4.915,0.85,28.25,8.5,0.94,-1.5700000000000003,8.304285714285715,1.278571142590456,Bhatagaon,4.05,3,1.2246467991473532e-16,5.300833333333333,0.8660254037844387,0.99,8.885625,145.912,0.49999999999999994,10.962000000000002,0.56,0.54,3.8834983423454665,-1.0,0.7863576370450819,28.06,12,7.57
218.03,28.06,7.312208880548335,12,6.26,1.8376514983892664,1,5.991428571428572,30.51,16.73,20.3,2023,105.0,1,4.39,1.0504409171075841,5,185.24285714285716,9.71,6.748273809523809,183.95642857142852,2023-01-05 13:00:00,4.05,6.30178511060187,Hourly,5.62,0.98,30.57,5.2,0.99,4.254285714285715,12.55857142857143,1.5463160797087212,Bhatagaon,8.304285714285715,3,-0.2588190451025208,5.423214285714285,0.8660254037844387,1.5,8.875803571428571,106.19409999999999,0.49999999999999994,8.6996,0.54,0.52,3.8847083114631435,-0.9659258262890683,2.1513265959529906,24.19,13,5.44
214.06,24.19,8.119341580244196,12,7.12,2.363705356210757,1,8.304285714285715,28.44,15.57,16.73,2023,79.39,1,2.48,0.5123000172028213,5,186.5292857142857,7.3,6.985654761904762,185.24285714285716,2023-01-05 14:00:00,8.304285714285715,8.089438344307458,Hourly,4.05,1.0,30.51,4.39,1.5,4.2542857142857144,16.812857142857144,3.2991765747572535,Bhatagaon,12.55857142857143,3,-0.4999999999999997,6.609642857142856,0.8660254037844387,1.33,9.138244047619049,58.775999999999996,0.49999999999999994,7.0065,0.52,0.45,3.912962849292753,-0.8660254037844388,4.254285714286363,23.7,14,4.21
248.23,43.68,57.784268456912024,0,8.304285714285715,5.432686985165417,0,59.16,24.52,29.54,26.76,2023,8.54,1,9.44,-0.08184807060044985,6,89.49,63.61,62.97833333333333,82.55,2023-01-06 13:00:00,57.79,60.89371208763123,Hourly,66.63,1.29,25.27,4.25,6.48,-4.729999999999997,51.58,7.2362025031549955,Bhatagaon,53.06,4,-0.2588190451025208,64.43333333333332,0.8660254037844387,8.25,52.894380952380956,372.50239999999997,0.49999999999999994,22.4504,0.87,0.76,21.484244389490744,-0.9659258262890683,6.887953251873872,39.46,13,69.48
245.02,39.46,56.829765617387096,0,12.55857142857143,6.339758323947256,0,54.14333333333334,24.04,24.53,29.54,2023,6.26,1,2.19,-0.027892951375801053,6,89.49,63.61,61.97583333333333,89.49,2023-01-06 14:00:00,53.06,58.232651491165164,Hourly,57.79,1.21,24.52,9.44,8.25,-1.480000000000004,49.35,8.344468826713895,Bhatagaon,51.58,4,-0.4999999999999997,61.449999999999996,0.8660254037844387,3.72,55.77942857142857,87.7752,0.49999999999999994,15.4539,0.76,0.63,17.628339815896474,-0.8660254037844388,3.243645068951491,40.08,14,69.82
250.12,40.08,55.67903244548139,0,16.812857142857144,7.27332251825419,0,51.330000000000005,24.01,20.3,24.53,2023,7.12,1,4.13,-0.04323381155486617,6,73.78,59.8,60.787499999999994,89.49,2023-01-06 15:00:00,51.58,55.69475106511798,Hourly,53.06,1.17,24.04,2.19,3.72,-2.229999999999997,42.71,8.422197852500657,Bhatagaon,49.35,4,-0.7071067811865471,58.03833333333333,0.8660254037844387,4.33,58.232190476190475,140.8743,0.49999999999999994,10.962000000000002,0.63,0.54,13.184600190254866,-0.7071067811865479,1.8675920325381645,34.11,15,69.82
215.64,17.28,48.96393353542196,23,63.61,11.972746549482213,1,59.71435897435898,21.97,16.86,17.92,2023,21.61,1,11.5,-0.05945379374599659,7,162.6903846153846,51.58,44.08942307692308,168.1169230769231,2023-01-07 02:00:00,66.05,52.224145496512236,Hourly,50.97,0.38,22.54,10.52,2.45,-3.9269230769230745,60.15961538461538,15.25761756912271,Bhatagaon,62.12307692307692,5,0.49999999999999994,46.90051282051282,0.8660254037844387,2.28,53.53387820512821,160.195,0.49999999999999994,13.3194,0.84,0.79,13.257014238630004,0.8660254037844387,7.823237284996373,13.93,2,29.47
260.72,13.93,50.68634612760556,23,63.61,12.695100871355748,1,62.7775641025641,18.24,15.22,16.86,2023,9.71,1,9.2,-0.03160599306587429,7,157.26384615384617,49.35,44.804391025641024,162.6903846153846,2023-01-07 03:00:00,62.12307692307692,54.491422607398846,Hourly,66.05,0.48,21.97,11.5,2.28,-1.9634615384615444,58.19615384615384,13.258808978472159,Bhatagaon,60.15961538461538,5,0.7071067811865476,52.015448717948715,0.8660254037844387,2.48,53.390112179487176,130.088,0.49999999999999994,10.654,0.79,0.7,13.161356353880247,0.7071067811865476,2.99923704137823,14.14,3,32.9
316.01,33.72,19.93732814892754,0,15.0,4.391891978579974,0,21.736666666666668,23.11,27.38,32.26,2023,66.05,1,7.96,0.9164603960396038,9,92.69,16.32,19.666666666666668,108.34,2023-01-09 02:00:00,16.16,21.644517104071014,Hourly,18.08,0.09,22.41,23.74,4.24,14.809999999999999,30.32,5.487555922266302,Bhatagaon,30.97,0,0.49999999999999994,19.945,0.8660254037844387,4.12,16.62625,292.6096,0.49999999999999994,17.797,0.93,0.65,4.571430955210975,0.8660254037844387,8.053721706970835,36.76,2,18.3
205.55,36.76,21.534662279861767,0,15.46,5.206079197059967,0,25.816666666666666,22.71,32.75,27.38,2023,62.12307692307692,1,16.8,-0.020988052954472026,9,80.46,15.47,20.833333333333332,92.69,2023-01-09 03:00:00,30.97,24.123226502907865,Hourly,16.16,0.28,23.11,7.96,4.12,-0.6499999999999986,28.01,6.803247508849475,Bhatagaon,30.32,0,0.7071067811865476,21.948333333333334,0.8660254037844387,4.09,17.264583333333334,696.696,0.49999999999999994,24.5625,0.65,0.75,5.339550525918901,0.7071067811865476,8.369231346625156,41.47,3,18.96
321.97,41.47,22.530868082959955,0,12.26,5.289533117966135,0,29.76666666666667,21.19,32.23,32.75,2023,60.15961538461538,1,21.35,-0.07618733509234825,9,77.1,17.5,21.878333333333334,80.46,2023-01-09 04:00:00,30.32,25.233733216362765,Hourly,30.97,0.09,22.71,16.8,4.09,-2.3099999999999987,24.68,7.008339793893171,Bhatagaon,28.01,0,0.8660254037844386,23.456666666666667,0.8660254037844387,3.86,17.7875,534.3905000000001,0.49999999999999994,22.560999999999996,0.75,0.7,5.753612286887805,0.5000000000000001,1.5556456323125256,25.03,4,17.2
296.04,25.03,22.861503762504576,0,9.55,5.153588923059223,0,27.670000000000005,22.61,28.95,32.23,2023,58.19615384615384,1,16.97,-0.11888611210282048,9,66.54,20.59,22.47666666666667,77.1,2023-01-09 05:00:00,28.01,25.0755237259734,Hourly,30.32,0.09,21.19,21.35,3.86,-3.330000000000002,24.68,6.30253493974183,Bhatagaon,24.68,0,0.9659258262890683,24.703333333333333,0.8660254037844387,4.44,18.305,439.69269999999995,0.49999999999999994,19.975499999999997,0.7,0.69,5.793246442870034,0.25881904510252074,2.8353306685463946,25.91,5,18.08
357.38,9.86,22.765573789690983,0,30.32,2.929302843940016,0,21.22666666666667,11.25,10.28,11.28,2023,15.0,1,4.47,0.0,10,38.9,24.13,23.92833333333333,48.51,2023-01-10 03:00:00,18.24,21.691497265767826,Hourly,27.2,0.12,11.96,5.67,0.98,0.0,15.07,3.5324873200998974,Bhatagaon,18.24,1,0.7071067811865476,22.433333333333334,0.8660254037844387,1.14,23.822916666666668,44.253,0.49999999999999994,7.093199999999999,0.81,0.69,3.144357927361707,0.7071067811865476,5.173058411939018,9.9,3,23.94
358.46,9.9,21.581639360507754,0,28.01,3.884445282342778,0,17.183333333333334,11.92,9.5,10.28,2023,15.46,1,4.5,-0.17379385964912272,10,34.93,26.63,23.173333333333332,38.9,2023-01-10 04:00:00,18.24,19.799640904119876,Hourly,18.24,0.11,11.25,4.47,1.14,-3.169999999999998,13.12,4.499514418245587,Bhatagaon,15.07,1,0.8660254037844386,20.955000000000002,0.8660254037844387,1.25,23.1875,37.485,0.49999999999999994,6.460000000000001,0.69,0.68,3.3107995225112887,0.5000000000000001,1.8302003533310223,8.33,4,23.49
356.25,8.33,20.279848689660405,0,24.68,4.669913616098064,0,15.476666666666668,11.85,9.95,9.5,2023,12.26,1,4.49,-0.1293961512939616,10,34.93,26.63,22.0475,34.93,2023-01-10 05:00:00,15.07,17.89117207437134,Hourly,18.24,0.15,11.92,4.5,1.25,-1.950000000000001,12.12,5.258637339336744,Bhatagaon,13.12,1,0.9659258262890683,19.226666666666663,0.8660254037844387,1.33,22.567083333333333,43.5979,0.49999999999999994,6.367999999999999,0.68,0.64,3.735680462043412,0.25881904510252074,2.5841117106915066,9.71,5,23.49
186.7,9.71,19.02448735278957,0,24.68,5.221458927668898,0,13.436666666666667,12.48,11.82,9.95,2023,9.55,1,5.53,-0.07621951219512195,10,32.33,24.71,20.838333333333335,34.93,2023-01-10 06:00:00,13.12,16.2422657674081,Hourly,15.07,0.1,11.85,4.49,1.33,-1.0,14.26,5.459833025529873,Bhatagaon,12.12,1,1.0,17.331666666666667,0.8660254037844387,1.36,22.043750000000003,64.8669,0.49999999999999994,7.5648,0.64,0.64,4.268571507822195,6.123233995736766e-17,1.500277752062254,11.73,6,27.2
353.73,11.73,18.29148929851425,0,24.67,5.385877365852281,0,13.16666666666667,12.83,11.15,11.82,2023,10.78,1,6.47,0.17656765676567662,10,33.1,25.22,19.967499999999998,32.33,2023-01-10 07:00:00,12.12,15.675904119577215,Hourly,13.12,0.19,12.48,5.53,1.36,2.1400000000000006,14.26,2.5765383754176994,Bhatagaon,14.26,1,0.9659258262890683,15.174999999999999,0.8660254037844387,1.62,21.609583333333333,55.25379999999999,0.49999999999999994,6.913,0.64,0.62,4.511767685168164,-0.25881904510252063,1.0707629678565498,8.54,7,18.24
19.47,8.54,17.671260175665903,0,21.96,5.343314358460789,0,13.546666666666669,12.62,15.16,11.15,2023,13.32,1,8.56,0.0,10,38.36,25.22,19.054166666666664,33.1,2023-01-10 08:00:00,14.26,15.271360085412297,Hourly,12.12,0.3,12.83,6.47,1.62,0.0,12.31,2.0974118972359164,Bhatagaon,14.26,1,0.8660254037844387,14.511666666666665,0.8660254037844387,1.51,21.175833333333333,108.5408,0.49999999999999994,10.157200000000001,0.62,0.67,4.701174614245184,-0.4999999999999998,1.2355295760656515,12.68,8,18.24
341.41,12.68,16.84645091787115,0,20.65,5.28839524264442,0,13.610000000000001,11.8,15.12,15.16,2023,12.29,1,8.36,-0.13674614305750346,10,41.34,23.94,17.97833333333333,38.36,2023-01-10 09:00:00,14.26,14.425257203865925,Hourly,14.26,0.25,12.62,8.56,1.51,-1.9499999999999993,13.82,1.1901036369437719,Bhatagaon,12.31,1,0.7071067811865476,13.523333333333333,0.8660254037844387,2.25,20.77375,107.9276,0.49999999999999994,11.7936,0.67,0.78,5.032209137580431,-0.7071067811865475,1.1258330249196078,12.91,9,15.07
30.29,12.91,16.38084308435251,0,19.28,5.052938838843271,0,13.463333333333336,11.89,13.93,15.12,2023,13.23,1,6.93,0.12266450040617383,10,54.94,23.49,17.134999999999998,41.34,2023-01-10 10:00:00,12.31,14.252326574189947,Hourly,14.26,0.22,11.8,8.36,2.25,1.5099999999999998,17.42,0.9504893476521091,Bhatagaon,13.82,1,0.49999999999999994,13.315,0.8660254037844387,2.12,20.489166666666666,96.327,0.49999999999999994,15.4623,0.78,1.11,5.228798113347378,-0.8660254037844387,1.022757709984612,13.9,10,13.12
72.78,13.9,16.54071337906751,0,19.82,4.646395393368393,0,14.516666666666671,11.82,14.15,13.93,2023,15.07,1,5.52,0.2604920405209842,10,72.74,23.49,16.629166666666666,54.94,2023-01-10 11:00:00,13.82,15.157376124421393,Hourly,12.31,0.39,11.89,6.93,2.12,3.6000000000000014,21.49,1.9104179298433062,Bhatagaon,17.42,1,0.258819045102521,14.031666666666666,0.8660254037844387,2.06,20.411666666666665,86.44319999999999,0.49999999999999994,16.5555,1.11,1.17,5.261183258104824,-0.9659258262890682,2.6252682402628826,15.66,11,12.12
20.02,15.66,17.3021420899802,0,19.82,4.407660944310471,0,17.576666666666668,9.51,13.05,14.15,2023,14.59,1,4.17,0.23363949483352447,10,72.74,27.2,16.4625,72.74,2023-01-10 12:00:00,17.42,16.966697231729565,Hourly,13.82,0.34,11.82,5.52,2.06,4.069999999999997,21.49,3.334304525184636,Bhatagaon,21.49,1,1.2246467991473532e-16,15.593333333333334,0.8660254037844387,2.27,20.48125,63.5925,0.49999999999999994,12.3975,1.17,0.95,5.264060519425483,-1.0,3.8373992929239145,15.25,12,14.26
27.55,15.25,17.94642792229094,0,25.36,3.316173406293152,0,20.133333333333336,9.11,10.26,13.05,2023,15.1,1,2.62,0.0,10,51.17,18.24,15.986666666666666,72.74,2023-01-10 13:00:00,21.49,18.259069451235405,Hourly,17.42,0.36,9.51,4.17,2.27,0.0,17.73,3.996715735033793,Bhatagaon,21.49,1,-0.2588190451025208,16.798333333333332,0.8660254037844387,2.06,20.550833333333333,33.1954,0.49999999999999994,8.4132,0.95,0.82,5.2659768627331385,-0.9659258262890683,2.349815595601695,12.67,13,14.26
355.97,12.67,17.913131318861563,0,25.36,3.287816236662334,0,20.236666666666668,8.43,13.62,10.26,2023,16.38,1,3.74,-0.17496510004653318,10,53.2,18.24,15.944166666666666,51.17,2023-01-10 14:00:00,21.49,18.10790675088243,Hourly,21.49,0.44,9.11,2.62,2.06,-3.759999999999998,23.0,3.802281771077296,Bhatagaon,17.73,1,-0.4999999999999997,17.37666666666667,0.8660254037844387,2.54,20.232916666666668,63.205999999999996,0.49999999999999994,10.0788,0.82,0.74,5.192825719131688,-0.8660254037844388,2.1708370121529046,16.9,14,12.31
348.95,16.9,18.69572650057517,0,24.13,3.832076243152425,0,20.74,8.33,12.97,13.62,2023,16.32,1,3.62,0.29723632261703326,10,53.2,15.07,16.340833333333332,53.2,2023-01-10 15:00:00,17.73,19.505647679201736,Hourly,21.49,0.68,8.43,3.74,2.54,5.27,23.0,3.440682587317037,Bhatagaon,23.0,1,-0.7071067811865471,19.158333333333335,0.8660254037844387,2.37,20.134583333333335,58.101000000000006,0.49999999999999994,8.5602,0.74,0.66,5.1132513090279,-0.7071067811865479,2.7138717729472077,16.05,15,13.82
338.33,16.05,19.357922423563604,0,26.63,4.253575679426186,0,21.243333333333336,9.45,13.89,12.97,2023,15.47,1,3.93,0.0,10,50.43,13.12,17.001666666666665,53.2,2023-01-10 16:00:00,23.0,20.50403405657267,Hourly,17.73,0.38,8.33,3.62,2.37,0.0,20.34,2.506259497072606,Bhatagaon,23.0,1,-0.8660254037844385,20.688333333333333,0.8660254037844387,2.34,20.087500000000002,69.2466,0.49999999999999994,9.722999999999999,0.66,0.7,5.079955708468349,-0.5000000000000004,3.0426359186292657,17.62,16,17.42
346.47,17.62,19.509011281476894,0,26.63,4.164297023144433,0,22.113333333333333,9.3,14.58,13.89,2023,17.5,1,3.57,-0.11565217391304349,10,60.95,12.12,17.60333333333333,50.43,2023-01-10 17:00:00,23.0,20.457167183266193,Hourly,23.0,0.36,9.45,3.93,2.34,-2.66,20.34,1.9710377977096132,Bhatagaon,20.34,1,-0.9659258262890683,21.175,0.8660254037844387,2.31,19.825416666666666,67.4373,0.49999999999999994,11.809800000000001,0.7,0.81,4.886306490918122,-0.25881904510252063,1.535751716044283,18.89,17,21.49
355.57,18.89,19.63685569971122,0,24.71,3.8440836083361516,0,21.226666666666667,8.4,14.2,14.58,2023,20.59,1,4.34,0.0,10,60.95,14.26,18.288333333333334,60.95,2023-01-10 18:00:00,20.34,20.423690845190137,Hourly,23.0,0.44,9.3,3.57,2.31,0.0,19.95,1.9901021749313854,Bhatagaon,20.34,1,-1.0,20.98333333333333,0.8660254037844387,2.81,19.563333333333336,79.0748,0.49999999999999994,11.076,0.81,0.78,4.669334434153457,-1.8369701987210297e-16,1.5357517160442837,18.22,18,21.49
340.68,18.22,19.685031745909495,0,25.22,3.647943692248838,0,20.210000000000004,9.14,14.01,14.2,2023,22.37,1,4.93,-0.01917404129793513,10,62.03,14.26,18.7625,60.95,2023-01-10 19:00:00,20.34,20.28835060370724,Hourly,20.34,1.89,8.4,4.34,2.81,-0.39000000000000057,19.83,2.0108870347850556,Bhatagaon,19.95,1,-0.9659258262890684,20.726666666666667,0.8660254037844387,2.7,19.365,78.2884,0.49999999999999994,11.208,0.78,0.8,4.540537221614832,0.2588190451025203,0.22516660498313049,15.88,19,17.73
342.08,15.88,19.70733455423111,0,25.22,3.3664665407065724,0,20.040000000000003,9.67,37.09,14.01,2023,24.08,1,15.49,-0.006015037593985012,10,62.03,12.31,19.226666666666667,62.03,2023-01-10 20:00:00,19.95,20.157393288362314,Hourly,20.34,0.77,9.14,4.93,2.7,-0.120000000000001,19.72,1.5038173647975448,Bhatagaon,19.83,1,-0.8660254037844386,21.076666666666664,0.8660254037844387,3.08,19.140416666666667,656.1564,0.49999999999999994,42.6535,0.8,1.15,4.368382925529553,0.5000000000000001,0.26664583251877505,42.36,20,23.0
290.52,42.36,19.709283084349398,0,23.94,2.5671259427734583,0,19.833333333333332,11.52,49.74,37.09,2023,18.3,1,25.5,-0.005547150781643946,10,58.54,13.82,19.844166666666666,62.03,2023-01-10 21:00:00,19.83,20.032423777401654,Hourly,19.95,0.09,9.67,15.49,3.08,-0.10999999999999943,18.19,1.237384338029202,Bhatagaon,19.72,1,-0.7071067811865477,20.529999999999998,0.8660254037844387,1.59,18.91125,1293.615,0.49999999999999994,67.149,1.15,1.35,4.1755908850282015,0.7071067811865474,0.11503622617665196,50.73,21,23.0
267.72,50.73,19.47554722521872,0,23.49,1.8425714903280175,0,19.246666666666666,12.14,25.06,49.74,2023,18.96,1,13.81,-0.0775862068965516,10,58.54,17.42,20.208333333333332,58.54,2023-01-10 22:00:00,19.72,19.506016983858323,Hourly,19.83,0.06,11.52,25.5,1.59,-1.5299999999999976,18.19,0.7967789321177078,Bhatagaon,18.19,1,-0.5000000000000004,19.72833333333333,0.8660254037844387,1.2,18.671666666666667,385.9895,0.49999999999999994,25.811799999999998,1.35,1.03,4.037175795750944,0.8660254037844384,0.9167515112248085,27.95,22,20.34
356.28,27.95,19.27777072903122,0,23.49,1.7476016032369275,0,18.700000000000003,12.67,32.37,25.06,2023,17.2,1,12.73,0.0,10,48.62,21.49,20.272499999999997,58.54,2023-01-10 23:00:00,18.19,19.130012131327376,Hourly,19.72,0.06,12.14,13.81,1.2,0.0,19.75,0.9376779831050577,Bhatagaon,18.19,1,-0.25881904510252157,19.37,0.8660254037844387,1.26,18.450833333333332,481.32130000000006,0.49999999999999994,31.398899999999998,1.03,0.97,3.9049432625914218,0.9659258262890681,0.8833459118599252,37.81,23,20.34
275.55,37.81,19.350421386103342,0,27.2,1.7091631391893378,0,18.710000000000004,4.99,14.75,32.37,2023,18.08,1,2.48,0.08576140736668492,11,76.98,21.49,20.1275,48.62,2023-01-11 01:00:00,18.19,19.3071515223767,Hourly,18.19,0.13,12.67,12.73,1.26,1.5599999999999987,45.32,0.841627391822911,Bhatagaon,19.75,2,0.25881904510252074,19.271666666666665,0.8660254037844387,2.13,18.295,51.931200000000004,0.49999999999999994,12.389999999999999,0.97,0.84,3.7673032679947127,0.9659258262890683,0.9006664199356179,20.94,1,19.95
318.76,20.94,23.345741172856677,0,18.24,7.493129378222947,0,27.753333333333334,4.98,16.46,14.75,2023,16.16,1,2.82,1.2946835443037974,11,71.36,17.73,22.113333333333333,76.98,2023-01-11 02:00:00,19.75,26.739393944554784,Hourly,18.19,0.2,4.99,2.48,2.13,25.57,38.86,10.717503440633921,Bhatagaon,45.32,2,0.49999999999999994,23.5,0.8660254037844387,2.17,19.05,67.821,0.49999999999999994,13.168000000000001,0.84,0.8,6.473357438125852,0.8660254037844387,15.233162289338773,24.05,2,19.83
299.29,24.05,25.73255022318642,0,18.24,8.747195351377004,0,34.64333333333333,5.03,15.83,16.46,2023,30.97,1,3.94,-0.14254192409532218,11,77.87,23.0,23.874166666666667,71.36,2023-01-11 03:00:00,45.32,30.20242424611056,Hourly,19.75,0.15,4.98,2.82,2.17,-6.460000000000001,39.22,12.136130217934653,Bhatagaon,38.86,2,0.7071067811865476,26.671666666666667,0.8660254037844387,2.07,19.909166666666668,81.2034,0.49999999999999994,12.3474,0.8,0.78,7.6267953932837775,0.7071067811865476,13.296293969874945,20.61,3,19.72
307.16,20.61,27.807542496542354,0,15.07,9.79078458954071,0,41.13333333333333,5.05,18.49,15.83,2023,30.32,1,5.02,0.009264024704065864,11,78.99,23.0,25.225833333333338,77.87,2023-01-11 04:00:00,38.86,32.77887446150754,Hourly,45.32,0.14,5.03,3.94,2.07,0.35999999999999943,41.82,12.507504014257464,Bhatagaon,39.22,2,0.8660254037844386,29.921666666666667,0.8660254037844387,1.72,20.783333333333335,119.7772,0.49999999999999994,14.052399999999999,0.78,0.76,8.571049180699594,0.5000000000000001,3.630224970071794,23.86,4,18.19
295.12,23.86,29.96330518938199,0,13.12,10.851686469965129,0,39.96666666666667,5.21,23.59,18.49,2023,28.01,1,10.01,0.0662927078021418,11,83.99,20.34,26.79416666666667,78.99,2023-01-11 05:00:00,39.22,35.3620531867911,Hourly,38.86,0.14,5.05,5.02,1.72,2.6000000000000014,44.22,11.773392034583742,Bhatagaon,41.82,2,0.9659258262890683,33.86,0.8660254037844387,1.43,21.89791666666667,296.1959,0.49999999999999994,19.1079,0.76,0.81,9.486215160943289,0.25881904510252074,1.615095456415116,29.59,5,18.19
92.93,29.59,32.15664285255399,0,12.12,11.71569379339551,0,41.75333333333333,5.44,21.18,23.59,2023,24.68,1,9.34,0.057388809182209434,11,101.63,20.34,28.784166666666664,83.99,2023-01-11 06:00:00,41.82,37.892895133422215,Hourly,39.22,0.26,5.21,10.01,1.43,2.3999999999999986,56.54,9.401251866994446,Bhatagaon,44.22,2,1.0,38.19833333333333,0.8660254037844387,1.28,23.193749999999998,209.8698,0.49999999999999994,16.944,0.81,0.8,10.32231344667001,6.123233995736766e-17,2.5006665778013537,22.47,6,19.75
110.51,22.47,35.90792856754569,0,14.26,13.816035780822576,0,47.526666666666664,5.46,21.1,21.18,2023,24.68,1,9.37,0.27860696517412936,11,103.83,19.95,31.800833333333333,101.63,2023-01-11 07:00:00,44.22,43.22063938101587,Hourly,41.82,0.58,5.44,9.34,1.28,12.32,57.5,6.517812516481271,Bhatagaon,56.54,2,0.9659258262890683,44.330000000000005,0.8660254037844387,1.22,25.044583333333335,211.85569999999998,0.49999999999999994,17.513,0.8,0.83,12.082657344909395,-0.25881904510252063,7.897476390172536,22.61,7,45.32
342.1,22.61,39.2297857110002,0,14.26,15.082247240321378,0,52.75333333333333,5.46,22.06,21.1,2023,24.67,1,9.42,0.01697912981959676,11,105.49,19.83,34.93,103.83,2023-01-11 08:00:00,56.54,47.30045670072562,Hourly,44.22,0.5,5.46,9.37,1.22,0.9600000000000009,57.5,8.487081948467326,Bhatagaon,57.5,2,0.8660254037844387,46.36000000000001,0.8660254037844387,1.47,26.84625,230.1306,0.49999999999999994,16.9862,0.83,0.77,13.540481595860108,-0.4999999999999998,7.40565549653321,24.43,8,38.86
345.28,24.43,42.04058790930786,0,12.31,15.566159366531052,0,57.18000000000001,5.45,21.72,22.06,2023,21.96,1,8.95,0.0,11,106.15,19.72,38.06916666666667,105.49,2023-01-11 09:00:00,57.5,50.21461192908973,Hourly,56.54,0.27,5.46,9.42,1.47,0.0,58.01,8.603419475224173,Bhatagaon,57.5,2,0.7071067811865476,49.46666666666667,0.8660254037844387,0.71,28.64791666666667,226.79299999999998,0.49999999999999994,17.1588,0.77,0.79,14.62615494634502,-0.7071067811865475,0.5542562584212586,25.34,9,39.22
116.46,25.34,44.497420538645116,0,13.82,15.386317416339867,0,57.669999999999995,5.31,20.46,21.72,2023,20.65,1,6.77,0.00886956521739127,11,112.62,18.19,41.26,106.15,2023-01-11 10:00:00,57.5,52.44186566363551,Hourly,57.5,0.76,5.45,8.95,0.71,0.509999999999998,58.01,7.473211937759197,Bhatagaon,58.01,2,0.49999999999999994,52.598333333333336,0.8660254037844387,0.88,30.552083333333332,171.6195,0.49999999999999994,16.163400000000003,0.79,0.79,15.362921761052876,-0.8660254037844387,0.294448637285213,25.35,10,41.82
114.61,25.35,46.5762789173151,0,17.42,14.207321949251973,0,57.839999999999996,5.06,16.95,20.46,2023,19.28,1,3.64,0.0,11,112.62,18.19,44.57833333333334,112.62,2023-01-11 11:00:00,58.01,54.03276118831107,Hourly,57.5,1.5,5.31,6.77,0.88,0.0,55.87,5.452928265314568,Bhatagaon,58.01,2,0.258819045102521,55.29666666666666,0.8660254037844387,0.98,32.39333333333334,86.5956,0.49999999999999994,12.3735,0.79,0.73,15.90878227970917,-0.9659258262890682,0.2944486372852068,23.79,11,44.22
113.29,23.79,48.006082160805086,0,21.49,11.805893623204648,0,57.29666666666666,5.21,16.59,16.95,2023,19.82,1,2.72,-0.03689019134631961,11,93.05,19.75,47.71833333333333,112.62,2023-01-11 12:00:00,58.01,54.557686563079336,Hourly,58.01,1.56,5.06,3.64,0.98,-2.1400000000000006,51.7,0.8588228377648887,Bhatagaon,55.87,2,1.2246467991473532e-16,57.23833333333334,0.8660254037844387,0.92,33.995416666666664,65.2256,0.49999999999999994,11.2812,0.73,0.68,16.267342846854294,-1.0,1.235529576065444,23.98,12,56.54
350.89,23.98,48.57437721298892,0,21.49,7.8724461467407485,0,55.193333333333335,5.18,19.26,16.59,2023,19.82,1,4.25,-0.07463755145874341,11,74.91,45.32,50.38083333333333,93.05,2023-01-11 13:00:00,55.87,53.741204687913815,Hourly,58.01,0.86,5.21,2.72,0.92,-4.169999999999995,46.55,2.4482272498006625,Bhatagaon,51.7,2,-0.2588190451025208,56.431666666666665,0.8660254037844387,1.44,35.25416666666666,119.1275,0.49999999999999994,12.711600000000002,0.68,0.66,16.425653561655814,-0.9659258262890683,3.208961410383809,28.03,13,57.5
128.07,28.03,48.26293456483678,0,17.73,7.808309482192474,0,51.373333333333335,5.17,19.7,19.26,2023,25.36,1,3.68,-0.09961315280464227,11,72.2,38.86,50.48333333333333,74.91,2023-01-11 14:00:00,51.7,51.6865747770813,Hourly,55.87,1.2,5.18,4.25,1.44,-5.150000000000006,42.94,4.61500451426285,Bhatagaon,46.55,2,-0.4999999999999997,54.60666666666666,0.8660254037844387,1.96,36.29833333333333,103.0768,0.49999999999999994,11.819999999999999,0.66,0.6,16.308739899251854,-0.8660254037844388,4.668579369929625,28.01,14,57.5
148.95,28.01,47.44402155486189,0,23.0,7.330381775166756,0,47.06333333333333,5.21,15.88,19.7,2023,25.36,1,2.55,-0.07755102040816325,11,66.9,39.22,50.82333333333333,72.2,2023-01-11 15:00:00,46.55,49.18755341220093,Hourly,51.7,0.96,5.17,3.68,1.96,-3.6099999999999994,42.94,6.307119786400108,Bhatagaon,42.94,2,-0.7071067811865471,52.18,0.8660254037844387,1.45,37.34875,58.80299999999999,0.49999999999999994,9.0516,0.6,0.57,15.866662702852388,-0.7071067811865479,4.4025030759026755,23.06,15,58.01
156.98,23.06,46.75109516180621,0,23.0,6.8585438864546315,0,44.14333333333334,5.21,17.04,15.88,2023,24.13,1,2.33,0.0,11,57.99,41.82,51.133333333333326,66.9,2023-01-11 16:00:00,42.94,47.40253815157209,Hourly,46.55,0.64,5.21,2.55,1.45,0.0,33.39,6.518231099513605,Bhatagaon,42.94,2,-0.8660254037844385,49.66833333333333,0.8660254037844387,2.25,38.17958333333333,58.5995,0.49999999999999994,8.008799999999999,0.57,0.47,15.602509965071164,-0.5000000000000004,2.084234471774349,25.15,16,58.01
134.6,25.15,44.69554205998987,0,20.34,8.199786536393749,0,39.75666666666666,4.93,22.13,17.04,2023,26.63,1,4.69,-0.22240335351653465,11,53.55,44.22,50.43083333333334,57.99,2023-01-11 17:00:00,42.94,43.39895582255149,Hourly,42.94,0.96,5.21,2.33,2.25,-9.549999999999997,30.13,7.833432836247433,Bhatagaon,33.39,2,-0.9659258262890683,45.565,0.8660254037844387,2.48,38.612500000000004,145.15550000000002,0.49999999999999994,11.7289,0.47,0.53,15.30430977947346,-0.25881904510252063,5.51369507076085,30.95,17,55.87
325.17,30.95,42.454689435376046,0,20.34,9.984564754326211,0,35.486666666666665,4.47,29.71,22.13,2023,26.63,1,6.44,-0.0976340221623241,11,72.0,56.54,49.25666666666667,53.55,2023-01-11 18:00:00,33.39,39.60782558753678,Hourly,42.94,0.34,4.93,4.69,2.48,-3.2600000000000016,31.76,8.104751075757934,Bhatagaon,30.13,2,-1.0,41.275,0.8660254037844387,1.73,39.02041666666667,271.3816,0.49999999999999994,22.2825,0.53,0.75,14.921794238532492,-1.8369701987210297e-16,6.657404399113258,42.14,18,51.7
102.51,42.14,40.80935259916435,0,19.95,10.864966914841753,0,31.76,4.25,39.93,29.71,2023,24.71,1,9.29,0.05409890474610032,11,88.38,57.5,47.19166666666667,72.0,2023-01-11 19:00:00,30.13,37.365589705383414,Hourly,33.39,0.18,4.47,6.44,1.73,1.6300000000000026,32.15,6.986018656335373,Bhatagaon,31.76,2,-0.9659258262890684,37.95166666666667,0.8660254037844387,2.28,39.496249999999996,546.1591,0.49999999999999994,52.3083,0.75,1.31,14.475617224206337,0.2588190451025203,1.6299999999997865,58.79,19,46.55
84.33,58.79,39.47714450698522,0,19.83,11.139449519884744,0,31.346666666666664,3.27,57.67,39.93,2023,25.22,1,19.44,0.01227959697732988,11,102.55,57.5,45.07916666666666,88.38,2023-01-11 20:00:00,31.76,35.87542121813101,Hourly,30.13,0.12,4.25,9.29,2.28,0.389999999999997,41.54,5.817048793560687,Bhatagaon,32.15,2,-0.8660254037844386,35.55166666666667,0.8660254037844387,2.17,40.004583333333336,1436.8104,0.49999999999999994,95.73219999999999,1.31,1.66,13.964567266810505,0.5000000000000001,1.0715565002988137,73.91,20,42.94
81.48,73.91,39.79450689052595,0,19.72,10.453283484439732,0,35.15,2.99,81.66,57.67,2023,25.22,1,51.35,0.2920684292379472,11,134.13,58.01,43.74916666666667,102.55,2023-01-11 21:00:00,32.15,37.49387229866501,Hourly,31.76,0.11,3.27,19.44,2.17,9.39,46.53,5.47971319200794,Bhatagaon,41.54,2,-0.7071067811865477,35.318333333333335,0.8660254037844387,1.82,40.909166666666664,3646.3635000000004,0.49999999999999994,193.5342,1.66,2.37,13.287646082199704,0.7071067811865474,5.537336905047339,71.01,21,42.94
81.25,71.01,40.8307365996758,0,18.19,9.512487606012703,0,40.07333333333333,5.16,56.62,81.66,2023,23.94,1,29.08,0.12012518054886862,11,134.13,58.01,42.7925,134.13,2023-01-11 22:00:00,41.54,40.075623070475004,Hourly,32.15,0.16,2.99,51.35,1.82,4.990000000000002,51.95,6.566581048511157,Bhatagaon,46.53,2,-0.5000000000000004,35.916666666666664,0.8660254037844387,1.52,42.02625,1784.3488,0.49999999999999994,104.747,2.37,1.85,12.534438407669176,0.8660254037844384,7.301330928901423,61.36,22,33.39
80.77,61.36,42.54139250741798,0,18.19,8.762465536179137,0,46.673333333333325,6.39,54.21,56.62,2023,23.49,1,31.6,0.1164839888244144,11,135.09,55.87,42.2875,134.13,2023-01-11 23:00:00,46.53,43.46830219319643,Hourly,41.54,0.12,5.16,29.08,1.52,5.420000000000002,54.16,9.042913247399829,Bhatagaon,51.95,2,-0.25881904510252157,39.01,0.8660254037844387,1.56,43.43291666666667,1579.368,0.49999999999999994,105.1674,1.85,1.94,11.602856274723223,0.9659258262890681,5.206479936899058,49.98,23,30.13
112.1,49.98,44.32887058319983,0,19.75,8.532382700363035,0,50.879999999999995,4.94,31.06,54.21,2023,23.49,1,8.69,0.042540904716073025,12,67.25,51.7,42.145,135.09,2023-01-12 01:00:00,51.95,46.52307299514031,Hourly,46.53,1.48,6.39,31.6,1.56,2.2099999999999937,32.75,9.625999688344036,Bhatagaon,54.16,3,0.25881904510252074,43.01500000000001,0.8660254037844387,2.22,44.931666666666665,385.3146,0.49999999999999994,32.3024,1.94,1.04,10.468087598554689,0.9659258262890683,3.9259266422080525,44.34,1,31.76
356.61,44.34,42.54750587809217,0,45.32,8.35496527203851,0,46.28666666666667,4.89,35.24,31.06,2023,27.2,1,9.73,-0.39531019202363366,12,64.8,46.55,40.56583333333334,67.25,2023-01-12 02:00:00,54.16,42.587909282243075,Hourly,51.95,1.36,4.94,8.69,2.22,-21.409999999999997,31.36,9.400331909033824,Bhatagaon,32.75,3,0.49999999999999994,43.18,0.8660254037844387,2.25,45.47333333333333,472.3915,0.49999999999999994,34.5352,1.04,0.98,9.389158255862087,0.8660254037844387,11.775059801688158,48.55,2,32.15
102.08,48.55,40.82635112761645,0,38.86,8.515061522224755,0,39.42333333333333,4.98,43.1,35.24,2023,18.24,1,14.97,-0.04244274809160307,12,57.1,42.94,39.3,64.8,2023-01-12 03:00:00,32.75,39.379935201602194,Hourly,54.16,0.27,4.89,9.73,2.25,-1.3900000000000006,31.36,9.589355383270876,Bhatagaon,31.36,3,0.7071067811865476,43.04833333333334,0.8660254037844387,2.27,44.89166666666667,826.0446000000001,0.49999999999999994,40.083000000000006,0.98,0.93,9.82153209808038,0.7071067811865476,12.781237550931143,55.18,3,41.54
81.42,55.18,39.369989415675455,0,39.22,8.718779626863958,0,31.823333333333334,5.19,28.59,43.1,2023,18.24,1,8.45,0.0,12,56.85,42.94,38.335,57.1,2023-01-12 04:00:00,31.36,37.088525144001565,Hourly,32.75,0.13,4.98,14.97,2.27,0.0,28.2,10.74103052163367,Bhatagaon,31.36,3,0.8660254037844386,41.35166666666667,0.8660254037844387,2.25,44.57916666666666,337.662,0.49999999999999994,24.5874,0.93,0.86,10.136071152364565,0.5000000000000001,0.8025168741729944,39.96,4,46.53
340.55,39.96,37.65152950557154,0,41.82,9.04330423656925,0,30.30666666666667,5.21,37.03,28.59,2023,15.07,1,11.01,-0.10076530612244898,12,53.15,33.39,37.10666666666666,56.85,2023-01-12 05:00:00,31.36,34.54894653142969,Hourly,31.36,0.15,5.19,8.45,2.25,-3.16,25.75,11.549906781730577,Bhatagaon,28.2,3,0.9659258262890683,38.29666666666667,0.8660254037844387,2.29,44.12,549.6192,0.49999999999999994,29.624000000000002,0.86,0.8,10.627108486442054,0.25881904510252074,1.8244268506389596,49.92,5,51.95
102.66,49.92,35.82052496625284,0,44.22,9.581663359107987,0,28.436666666666667,5.21,37.7,37.03,2023,13.12,1,10.27,-0.08687943262411345,12,55.31,30.13,36.47,53.15,2023-01-12 06:00:00,28.2,32.03496180816406,Hourly,31.36,0.47,5.21,11.01,2.29,-2.4499999999999993,28.35,10.233282953187562,Bhatagaon,25.75,3,1.0,33.93,0.8660254037844387,2.3,43.45041666666666,536.1967,0.49999999999999994,29.783000000000005,0.8,0.79,11.265417832875771,6.123233995736766e-17,2.812478148063089,52.21,6,54.16
344.12,52.21,34.67121343298317,0,56.54,9.70176069618605,0,27.433333333333334,5.21,66.4,37.7,2023,12.12,1,32.12,0.10097087378640782,12,66.54,31.76,36.321666666666665,55.31,2023-01-12 07:00:00,25.75,30.982115577260046,Hourly,28.2,0.65,5.21,10.27,2.3,2.6000000000000014,33.46,2.6251812635827054,Bhatagaon,28.35,3,0.9659258262890683,29.628333333333334,0.8660254037844387,2.24,42.78916666666667,2327.4151999999995,0.49999999999999994,55.112,0.79,0.83,11.676542786684568,-0.25881904510252063,1.4597374193095056,72.46,7,32.75
110.57,72.46,34.48487290483192,0,57.5,9.641318594591928,0,29.186666666666667,5.2,62.21,66.4,2023,14.26,1,24.02,0.1802469135802469,12,67.26,32.15,36.46333333333333,66.54,2023-01-12 08:00:00,28.35,31.690082555185747,Hourly,25.75,0.8,5.21,32.12,2.24,5.109999999999999,35.22,2.8039519729598963,Bhatagaon,33.46,3,0.8660254037844387,29.74666666666667,0.8660254037844387,2.28,41.82749999999999,1841.133,0.49999999999999994,54.1227,0.83,0.87,11.442883966826761,-0.4999999999999998,3.9225034523034386,76.65,8,31.36
112.56,76.65,34.59796938101162,0,57.5,9.556819990631464,0,32.343333333333334,5.27,51.86,62.21,2023,14.26,1,15.73,0.05260011954572618,12,68.87,41.54,36.719166666666666,67.26,2023-01-12 09:00:00,33.46,32.69863039656125,Hourly,28.35,0.93,5.2,24.02,2.28,1.759999999999998,37.22,3.5827922072036285,Bhatagaon,35.22,3,0.7071067811865476,30.389999999999997,0.8660254037844387,2.3,40.899166666666666,1099.9989,0.49999999999999994,45.1182,0.87,0.87,11.011770744414193,-0.7071067811865475,3.568533779205744,69.93,9,31.36
107.44,69.93,35.001358707009835,0,58.01,9.439357122113123,0,35.300000000000004,5.2,40.87,51.86,2023,12.31,1,13.21,0.05678591709256105,12,68.87,46.53,36.35916666666667,68.87,2023-01-12 10:00:00,35.22,33.990450283258035,Hourly,33.46,1.71,5.27,15.73,2.3,2.0,33.22,4.564356106469536,Bhatagaon,37.22,3,0.49999999999999994,31.366666666666664,0.8660254037844387,2.31,40.05416666666667,709.1128,0.49999999999999994,35.148199999999996,0.87,0.86,10.446075159210954,-0.8660254037844387,1.8812761626085543,53.68,10,28.2
110.99,53.68,34.72730352131602,0,58.01,8.902306136358959,0,35.22,5.21,36.14,40.87,2023,13.82,1,7.79,-0.10746910263299302,12,65.12,51.95,35.25,68.87,2023-01-12 11:00:00,37.22,33.77032163089859,Hourly,35.22,0.76,5.2,13.21,2.31,-4.0,35.22,4.321428776072304,Bhatagaon,33.22,3,0.258819045102521,32.203333333333326,0.8660254037844387,2.28,39.02125,412.87,0.49999999999999994,29.996199999999998,0.86,0.83,9.79897745885409,-0.9659258262890682,1.999999999999793,53.0,11,25.75
112.32,53.0,34.80310297957509,0,55.87,7.195630566004903,0,35.22,5.21,27.83,36.14,2023,17.42,1,4.64,0.060204695966285374,12,64.77,54.16,33.85583333333333,65.12,2023-01-12 12:00:00,33.22,34.184515450641854,Hourly,37.22,1.31,5.21,7.79,2.28,2.0,85.75,3.029246881101938,Bhatagaon,35.22,3,1.2246467991473532e-16,33.781666666666666,0.8660254037844387,2.28,38.071666666666665,197.2,0.49999999999999994,22.264,0.83,0.8,8.945960792042058,-1.0,1.999999999999793,42.5,12,28.35
119.73,42.5,42.641087136563534,0,51.7,15.860565066933274,0,51.39666666666667,5.21,27.47,27.83,2023,21.49,1,3.54,1.4346961953435549,12,54.62,32.75,36.48833333333333,64.77,2023-01-12 13:00:00,35.22,48.917511036172755,Hourly,33.22,1.03,5.21,4.64,2.28,50.53,85.75,20.822870519375233,Bhatagaon,85.75,3,-0.2588190451025208,43.34833333333333,0.8660254037844387,2.16,39.31666666666666,154.7688,0.49999999999999994,19.778399999999998,0.8,0.72,12.78575486767332,-0.9659258262890683,29.76766086432276,43.72,13,33.46
106.83,43.72,49.27322757709222,0,46.55,21.204172188081714,0,68.90666666666667,5.21,30.63,27.47,2023,21.49,1,4.59,0.0,12,48.91,31.36,40.904999999999994,54.62,2023-01-12 14:00:00,85.75,59.44107931155197,Hourly,35.22,1.41,5.21,3.54,2.16,0.0,41.85,26.12422069013096,Bhatagaon,85.75,3,-0.4999999999999997,52.06333333333333,0.8660254037844387,2.22,40.735416666666666,224.72639999999998,0.49999999999999994,22.0536,0.72,0.72,15.762277748436,-0.8660254037844388,29.173509102151787,48.96,14,35.22
114.33,48.96,48.13119256523188,0,42.94,20.99004545810545,0,71.11666666666666,5.21,31.73,30.63,2023,17.73,1,4.56,-0.5119533527696792,12,45.79,31.36,41.77916666666667,48.91,2023-01-12 15:00:00,85.75,54.41505665110855,Hourly,85.75,1.48,5.21,4.59,2.22,-43.9,32.01,25.399459377448697,Bhatagaon,41.85,3,-0.7071067811865471,53.16833333333333,0.8660254037844387,2.18,40.53958333333333,229.00319999999996,0.49999999999999994,22.211,0.72,0.7,15.716024355986825,-0.7071067811865479,25.345676817424568,50.22,15,37.22
113.68,50.22,45.65100909365774,0,42.94,20.9615328782525,0,53.20333333333334,5.21,43.83,31.73,2023,23.0,1,6.84,-0.2351254480286739,12,45.21,28.2,41.833333333333336,45.79,2023-01-12 16:00:00,41.85,48.013611893648964,Hourly,85.75,1.26,5.21,4.56,2.18,-9.840000000000003,36.48,26.132219193937583,Bhatagaon,32.01,3,-0.8660254037844385,52.300000000000004,0.8660254037844387,2.18,40.08416666666667,468.3348,0.49999999999999994,31.9959,0.7,0.73,15.801572270881278,-0.5000000000000004,28.612419214972608,68.47,16,33.22
111.99,68.47,44.2400846177104,0,33.39,20.605210432550717,0,36.78,5.21,32.37,43.83,2023,23.0,1,6.53,0.1396438612933458,12,45.07,25.75,42.52333333333333,45.21,2023-01-12 17:00:00,32.01,44.71829420974926,Hourly,41.85,0.51,5.21,6.84,2.18,4.469999999999999,36.48,25.68625754497269,Bhatagaon,36.48,3,-0.9659258262890683,52.843333333333334,0.8660254037844387,2.28,39.815,314.4195,0.49999999999999994,24.924899999999997,0.73,0.77,15.805830239668445,-0.25881904510252063,4.926854980613962,48.15,17,35.22
328.13,48.15,43.046225445754956,0,30.13,20.03611381526322,0,34.99,5.2,33.73,32.37,2023,20.34,1,7.22,0.0,12,47.38,28.35,43.4175,45.07,2023-01-12 18:00:00,36.48,42.364495864106615,Hourly,32.01,0.36,5.21,6.53,2.28,0.0,116.34,25.51795968855399,Bhatagaon,36.48,3,-1.0,53.053333333333335,0.8660254037844387,2.28,39.94375,358.4008,0.49999999999999994,31.031599999999997,0.77,0.92,15.763747571564323,-1.8369701987210297e-16,2.580755703277743,49.64,18,85.75
90.02,49.64,54.322190761792655,0,31.76,28.382739953583187,0,63.1,4.84,36.33,33.73,2023,20.34,1,7.01,2.1891447368421058,12,56.45,33.46,50.75,47.38,2023-01-12 19:00:00,36.48,63.500354188647584,Hourly,36.48,0.24,5.2,7.22,2.28,79.86000000000001,116.34,34.74479380665061,Bhatagaon,116.34,3,-0.9659258262890684,58.15166666666667,0.8660254037844387,2.26,43.53583333333333,390.457,0.49999999999999994,41.77949999999999,0.92,1.15,22.0136378513247,0.2588190451025203,46.10719249748352,55.7,19,85.75
86.01,55.7,63.863392183055325,0,32.15,33.42842920012663,0,89.72000000000001,5.3,43.15,36.33,2023,19.95,1,15.56,0.0,12,72.5,35.22,57.656666666666666,56.45,2023-01-12 20:00:00,116.34,78.597395849034,Hourly,36.48,0.22,4.84,7.01,2.26,0.0,143.42,41.24138600968693,Bhatagaon,116.34,3,-0.8660254037844386,63.25,0.8660254037844387,2.23,47.06,865.4472,0.49999999999999994,55.6635,1.15,1.29,26.383054673654517,0.5000000000000001,46.10719249748351,55.62,20,41.85
288.33,55.62,76.10287030873911,0,41.54,40.64077740249057,0,125.36666666666666,5.53,51.16,43.15,2023,19.83,1,19.67,0.23276603059996548,12,89.76,37.22,66.67333333333333,72.5,2023-01-12 21:00:00,116.34,97.11813989216714,Hourly,116.34,0.59,5.3,15.56,2.23,27.079999999999984,143.42,50.505678261623885,Bhatagaon,143.42,3,-0.7071067811865477,80.17833333333333,0.8660254037844387,2.23,51.69624999999999,1238.2265000000002,0.49999999999999994,69.5776,1.29,1.36,32.67532918732418,0.7071067811865474,15.634645289655005,62.95,21,32.01
113.5,62.95,86.45935179970232,0,46.53,44.97583458891783,0,134.39333333333332,5.55,39.03,51.16,2023,19.72,1,11.32,0.0,12,89.76,33.22,75.52333333333333,89.76,2023-01-12 22:00:00,143.42,110.34724278011937,Hourly,116.34,1.25,5.53,19.67,2.23,0.0,53.37,49.72874366668304,Bhatagaon,143.42,3,-0.5000000000000004,98.74666666666667,0.8660254037844387,2.18,55.94125,606.7520000000001,0.49999999999999994,50.739000000000004,1.36,1.3,37.55239265375428,0.8660254037844384,15.634645289655005,53.6,22,36.48
105.53,53.6,81.36868229205581,0,51.95,43.60822026866037,0,113.40333333333331,5.34,53.76,39.03,2023,18.19,1,19.58,-0.6278761678984799,12,78.76,35.22,77.2025,89.76,2023-01-12 23:00:00,143.42,94.06803055722813,Hourly,143.42,0.59,5.55,11.32,2.18,-90.04999999999998,38.96,45.82378963667964,Bhatagaon,53.37,3,-0.25881904510252157,101.56166666666667,0.8660254037844387,2.2,56.22624999999999,1327.3282,0.49999999999999994,66.66239999999999,1.3,1.24,37.50378575818249,0.9659258262890681,51.990391740525766,67.79,23,36.48
326.07,67.79,74.84426963173952,0,54.16,43.29312195179892,0,78.58333333333333,9.97,87.98,53.76,2024,18.19,1,44.21,-0.27000187371182305,1,169.03,85.75,77.51416666666667,78.76,2024-01-01 01:00:00,53.37,78.32287896944867,Hourly,143.42,0.19,5.34,19.58,2.2,-14.409999999999997,88.51,45.125200830578045,Bhatagaon,38.96,0,0.25881904510252074,101.97499999999998,0.8660254037844387,0.17,55.684999999999995,4182.7081,0.49999999999999994,154.84480000000002,1.24,1.76,37.661586357408275,0.9659258262890683,56.61057351178601,94.61,1,116.34
355.93,94.61,76.94668968839498,0,32.75,43.34814989411226,0,60.28,9.85,83.89,87.98,2024,19.75,1,39.98,1.271817248459959,1,166.98,85.75,77.74416666666666,169.03,2024-01-01 02:00:00,38.96,81.23348497817761,Hourly,53.37,0.15,9.97,44.21,0.17,49.550000000000004,88.51,44.78233342141372,Bhatagaon,88.51,0,0.49999999999999994,97.33666666666666,0.8660254037844387,0.14,57.11625,3723.3373999999994,0.49999999999999994,130.0295,1.76,1.55,38.2492276492071,0.8660254037844387,25.487481240797294,93.13,2,116.34
334.23,93.13,78.72566050556497,0,31.36,43.40177844247511,0,71.99333333333334,9.55,78.18,83.89,2024,45.32,1,34.87,0.0,1,147.16,41.85,77.97416666666666,166.98,2024-01-01 03:00:00,88.51,83.31248927012686,Hourly,38.96,0.11,9.85,39.98,0.14,0.0,87.64,43.851990794793664,Bhatagaon,88.51,0,0.7071067811865476,92.69833333333334,0.8660254037844387,0.11,59.43958333333333,3132.0233999999996,0.49999999999999994,111.79740000000001,1.55,1.43,38.3980201572002,0.7071067811865476,28.60770583834586,89.82,3,143.42
105.31,89.82,80.09709735086267,0,31.36,41.92482883360734,0,88.22000000000001,9.21,72.36,78.18,2024,38.86,1,29.11,-0.00982939780815732,1,142.91,32.01,81.79,147.16,2024-01-01 04:00:00,88.51,84.54892090723348,Hourly,88.51,0.17,9.55,34.87,0.11,-0.8700000000000045,84.39,36.19203416038768,Bhatagaon,87.64,0,0.8660254037844386,83.40166666666666,0.8660254037844387,0.13,61.78458333333333,2551.2004,0.49999999999999994,90.45,1.43,1.25,38.32708589055941,0.5000000000000001,0.5022947341898784,87.64,4,143.42
93.89,87.64,80.7575439122684,0,28.2,38.88757326634636,0,86.84666666666668,8.59,65.3,72.36,2024,39.22,1,24.35,-0.037083523505248746,1,140.61,36.48,86.15500000000002,142.91,2024-01-01 05:00:00,87.64,84.50351493373819,Hourly,88.51,0.13,9.21,29.11,0.13,-3.25,81.5,21.759302991287854,Bhatagaon,84.39,0,0.9659258262890683,73.56333333333335,0.8660254037844387,0.24,63.994166666666665,2017.8845000000001,0.49999999999999994,75.09499999999998,1.25,1.15,38.02423837006059,0.25881904510252074,2.1715509050741106,82.87,5,53.37
109.91,82.87,80.87176792576557,0,25.75,35.700573291381964,0,84.51,8.09,62.36,65.3,2024,41.82,1,19.93,-0.03424576371608011,1,130.36,36.48,89.90666666666668,140.61,2024-01-01 06:00:00,84.39,83.645367809813,Hourly,87.64,0.3,8.59,24.35,0.24,-2.8900000000000006,61.16,19.445685811168204,Bhatagaon,81.5,0,1.0,78.25166666666668,0.8660254037844387,0.24,66.21499999999999,1660.9662,0.49999999999999994,66.1016,1.15,1.06,37.394049515002166,6.123233995736766e-17,3.0717584540446516,83.34,6,38.96
108.63,83.34,77.83918824487856,0,28.35,32.94767734490922,0,75.68333333333334,7.65,58.06,62.36,2024,44.22,1,14.26,-0.2495705521472393,1,118.06,116.34,91.96333333333332,130.36,2024-01-01 07:00:00,81.5,77.22097700700928,Hourly,84.39,0.28,8.09,19.93,0.24,-20.340000000000003,72.17,10.552947297635315,Bhatagaon,61.16,0,0.9659258262890683,81.95166666666667,0.8660254037844387,0.21,67.69041666666666,1188.1432,0.49999999999999994,53.9958,1.06,0.93,36.41376704288671,-0.25881904510252063,12.660309369574188,83.32,7,88.51
115.19,83.32,76.96700543797417,0,33.46,32.44017658426328,0,71.61,7.3,56.62,58.06,2024,56.54,1,13.34,0.18001962066710278,1,101.41,116.34,88.28249999999998,118.06,2024-01-01 08:00:00,61.16,75.77784071929234,Hourly,81.5,0.77,7.65,14.26,0.21,11.010000000000005,72.17,10.63008450891471,Bhatagaon,72.17,0,0.8660254037844387,79.22833333333334,0.8660254037844387,0.19,69.51625,1098.0154,0.49999999999999994,50.391799999999996,0.93,0.89,35.44102643676257,-0.4999999999999998,10.181556855412365,82.31,8,88.51
119.94,82.31,76.22900460136276,0,35.22,31.458229977755185,0,68.5,7.44,56.67,56.62,2024,57.5,1,13.61,0.0,1,89.03,143.42,84.60166666666666,101.41,2024-01-01 09:00:00,72.17,74.74702908520882,Hourly,61.16,1.3,7.3,13.34,0.19,0.0,46.72,9.840375500965488,Bhatagaon,72.17,0,0.7071067811865476,76.50500000000001,0.8660254037844387,0.21,71.12916666666666,1112.4814,0.49999999999999994,48.1695,0.89,0.85,34.59962263135081,-0.7071067811865475,6.356626463777338,81.74,9,87.64
113.62,81.74,71.68915773961464,0,37.22,27.10586328163015,0,63.68666666666667,7.56,55.44,56.67,2024,57.5,1,13.06,-0.3526396009422198,1,78.18,143.42,76.54333333333334,89.03,2024-01-01 10:00:00,72.17,66.73930648943488,Hourly,72.17,1.11,7.44,13.61,0.21,-25.450000000000003,48.14,13.915807917616629,Bhatagaon,46.72,0,0.49999999999999994,69.68499999999999,0.8660254037844387,0.26,71.60833333333333,1050.2852,0.49999999999999994,43.7976,0.85,0.79,34.15750483029876,-0.8660254037844387,14.693564350875782,80.42,10,84.39
116.84,80.42,68.06621039505855,0,33.22,18.240174607085617,0,55.67666666666667,7.57,54.93,55.44,2024,58.01,1,12.21,0.030393835616438394,1,79.38,53.37,68.60333333333334,78.18,2024-01-01 11:00:00,46.72,61.425218921024914,Hourly,72.17,0.4,7.56,13.06,0.26,1.4200000000000017,53.82,14.122238727151874,Bhatagaon,48.14,0,0.258819045102521,63.64333333333334,0.8660254037844387,0.22,72.06333333333333,991.4520000000001,0.49999999999999994,41.7468,0.79,0.76,33.749811421910074,-0.9659258262890682,14.301280828419793,81.2,11,81.5
341.6,81.2,65.8744857188957,0,35.22,18.206440647765486,0,49.56,7.41,53.26,54.93,2024,58.01,1,8.63,0.11798919817199834,1,79.44,38.96,68.64083333333333,79.38,2024-01-01 12:00:00,48.14,59.25229922930351,Hourly,46.72,0.63,7.57,12.21,0.22,5.68,53.82,11.376540774769866,Bhatagaon,53.82,0,1.2246467991473532e-16,59.03,0.8660254037844387,0.25,72.92166666666667,727.1638000000002,0.49999999999999994,39.945,0.76,0.75,32.97197606751983,-1.0,3.7569668617109278,84.26,12,61.16
349.77,84.26,64.0199494544502,0,85.75,16.422055268523046,0,51.92666666666667,7.02,50.61,53.26,2024,55.87,1,4.75,0.0,1,82.24,88.51,69.87916666666666,79.44,2024-01-01 13:00:00,53.82,57.70021373521679,Hourly,48.14,0.67,7.41,8.63,0.25,0.0,57.8,11.495706444871843,Bhatagaon,53.82,0,-0.2588190451025208,57.80666666666667,0.8660254037844387,0.21,73.69666666666666,397.4325,0.49999999999999994,38.4636,0.75,0.76,32.25814405651716,-0.9659258262890683,3.2793495289961743,83.67,13,72.17
350.71,83.67,63.06303415376556,0,85.75,15.628439112429318,0,55.14666666666667,6.87,49.79,50.61,2024,51.7,1,4.01,0.07395020438498694,1,83.48,88.51,67.32000000000001,82.24,2024-01-01 14:00:00,53.82,57.72872409658342,Hourly,53.82,0.61,7.02,4.75,0.21,3.979999999999997,58.47,9.165531990379389,Bhatagaon,57.8,0,-0.4999999999999997,55.41166666666667,0.8660254037844387,0.24,72.53208333333333,334.03299999999996,0.49999999999999994,38.3383,0.76,0.77,32.30856111865662,-0.8660254037844388,2.2978540713734343,83.3,14,72.17
349.06,83.3,62.3564135147247,0,41.85,14.272782319909341,0,56.696666666666665,6.9,51.12,49.79,2024,46.55,1,4.55,0.011591695501730134,1,87.15,87.64,64.81666666666666,83.48,2024-01-01 15:00:00,57.8,57.940517211845304,Hourly,53.82,0.83,6.87,4.01,0.24,0.6700000000000017,58.47,4.842827342231798,Bhatagaon,58.47,0,-0.7071067811865471,53.12833333333333,0.8660254037844387,0.16,71.39541666666666,386.932,0.49999999999999994,40.896,0.77,0.8,32.303191655364145,-0.7071067811865479,2.513689187892469,85.04,15,46.72
137.85,85.04,61.758503743228594,0,32.01,12.392459920402791,0,58.24666666666667,7.05,51.11,51.12,2024,42.94,1,5.12,0.0,1,88.29,84.39,62.38583333333333,87.15,2024-01-01 16:00:00,58.47,58.09179800846093,Hourly,57.8,0.66,6.9,4.55,0.16,0.0,56.93,4.042799360179517,Bhatagaon,58.47,0,-0.8660254037844385,55.086666666666666,0.8660254037844387,0.16,72.08791666666666,432.43519999999995,0.49999999999999994,40.3769,0.8,0.79,31.81675645195763,-0.5000000000000004,0.3868246803495538,84.46,16,48.14
113.67,84.46,61.01565701350112,0,36.48,10.32230076978093,0,57.95666666666667,7.21,51.9,51.11,2024,42.94,1,5.7,-0.026338293141782095,1,84.4,81.5,60.097500000000004,88.29,2024-01-01 17:00:00,58.47,57.75985572032923,Hourly,58.47,0.27,7.05,5.12,0.16,-1.5399999999999991,54.8,2.1902275376471545,Bhatagaon,56.93,0,-0.9659258262890683,56.55166666666667,0.8660254037844387,0.04,73.12625,482.163,0.49999999999999994,39.444,0.79,0.76,30.84370527176175,-0.25881904510252063,0.8891194145487612,84.59,17,53.82
322.36,84.59,60.0594020883471,0,36.48,7.877689006993803,0,56.73333333333333,7.52,57.1,51.9,2024,33.39,1,9.46,-0.03741436852274728,1,94.49,61.16,57.8725,84.4,2024-01-01 18:00:00,56.93,56.91418265737802,Hourly,58.47,0.07,7.21,5.7,0.04,-2.1300000000000026,55.96,1.9713827634432775,Bhatagaon,54.8,0,-1.0,56.714999999999996,0.8660254037844387,0.04,73.88958333333333,837.7776000000001,0.49999999999999994,58.242000000000004,0.76,1.02,30.11543378390477,-1.8369701987210297e-16,1.8428872275121784,88.56,18,53.82
314.83,88.56,59.428724843986004,0,116.34,7.82324329201531,0,55.89666666666667,8.62,73.88,57.1,2024,30.13,1,25.9,0.021167883211678902,1,116.22,72.17,57.439166666666665,94.49,2024-01-01 19:00:00,54.8,56.6415590409843,Hourly,56.93,0.08,7.52,9.46,0.04,1.1600000000000037,72.15,1.4735999004709281,Bhatagaon,55.96,0,-0.9659258262890684,57.07166666666666,0.8660254037844387,0.13,74.70125,2462.3129999999996,0.49999999999999994,104.17079999999999,1.02,1.41,29.31521853065399,0.2588190451025203,1.0664114277930044,95.07,19,57.8
313.65,95.07,61.38584409875739,0,116.34,7.819821115136153,0,60.97,9.65,87.06,73.88,2024,31.76,1,41.79,0.28931379556826314,1,137.8,72.17,57.4375,116.22,2024-01-01 20:00:00,55.96,61.07254217213164,Hourly,54.8,0.15,8.62,25.9,0.13,16.190000000000005,75.18,6.377503168691335,Bhatagaon,72.15,0,-0.8660254037844386,59.46333333333334,0.8660254037844387,0.17,72.86,4077.0324,0.49999999999999994,158.44920000000002,1.41,1.82,27.94182263514519,0.5000000000000001,9.699520606710122,97.56,20,58.47
312.96,97.56,63.50802192971779,0,143.42,8.364646200563895,0,67.76333333333334,10.9,101.76,87.06,2024,32.15,1,59.49,0.041995841995842005,1,162.59,46.72,57.68833333333333,137.8,2024-01-01 21:00:00,72.15,65.10324440866546,Hourly,55.96,0.11,9.65,41.79,0.17,3.030000000000001,84.74,8.976104760232475,Bhatagaon,75.18,0,-0.7071067811865477,62.248333333333335,0.8660254037844387,0.28,71.145,5758.0371000000005,0.49999999999999994,230.9952,1.82,2.27,26.376395903715967,0.7071067811865474,10.333645694203359,96.79,21,58.47
313.76,96.79,66.7744800943766,0,143.42,10.70543051092501,0,77.35666666666667,12.14,111.55,101.76,2024,41.54,1,73.25,0.1271614791167862,1,173.52,48.14,60.85666666666666,162.59,2024-01-01 22:00:00,75.18,70.71374600618961,Hourly,72.15,0.12,10.9,59.49,0.28,9.559999999999988,84.74,12.485453402526803,Bhatagaon,84.74,0,-0.5000000000000004,66.62666666666667,0.8660254037844387,0.26,68.7,7114.04,0.49999999999999994,276.644,2.27,2.48,21.688610314893477,0.8660254037844384,6.571182034712437,97.12,22,56.93
319.48,97.12,69.53840623370327,0,53.37,11.900109497841083,0,81.55333333333333,12.48,113.32,111.55,2024,46.53,1,82.05,0.0,1,174.99,53.82,63.906666666666666,173.52,2024-01-01 23:00:00,84.74,74.72124714727829,Hourly,75.18,0.12,12.14,73.25,0.26,0.0,83.95,13.301134412773523,Bhatagaon,84.74,0,-0.25881904510252157,71.26166666666667,0.8660254037844387,0.34,66.255,7402.5509999999995,0.49999999999999994,283.29999999999995,2.48,2.5,15.251278492381335,0.9659258262890681,5.519468573452287,90.22,23,54.8
305.32,90.22,71.75557450544123,0,38.96,12.728213561004813,0,84.47666666666667,8.19,49.23,113.32,2023,51.95,1,20.8,-0.009322633939107766,2,101.84,53.82,66.4175,174.99,2024-01-02 01:00:00,84.74,77.35803367662734,Hourly,84.74,0.51,12.48,82.05,0.34,-0.789999999999992,44.16,11.251558114323606,Bhatagaon,83.95,1,0.25881904510252074,76.12,0.8660254037844387,0.3,67.52916666666667,1277.536,0.49999999999999994,52.1838,2.5,1.06,15.404629715337729,0.9659258262890683,0.4561067126533234,61.42,1,55.96
275.33,61.42,67.51010150460411,0,88.51,13.853140848328865,0,70.94999999999999,8.14,48.28,49.23,2023,54.16,1,18.13,-0.4739726027397261,2,101.84,57.8,65.6125,101.84,2024-01-02 02:00:00,83.95,67.87288119759096,Hourly,84.74,0.68,8.19,20.8,0.3,-39.790000000000006,44.16,15.651179721243638,Bhatagaon,44.16,1,0.49999999999999994,74.15333333333332,0.8660254037844387,0.28,67.74583333333334,1087.2560999999998,0.49999999999999994,46.3488,1.06,0.96,15.017025386183338,0.8660254037844387,23.20418281258779,59.97,2,72.15
306.2,59.97,63.91777819620348,0,88.51,15.05950346780966,0,57.423333333333325,7.61,42.25,48.28,2023,32.75,1,11.71,0.0,2,88.97,58.47,64.47583333333333,101.84,2024-01-02 03:00:00,44.16,61.097772283993535,Hourly,83.95,0.34,8.14,18.13,0.28,0.0,39.86,19.948987359429253,Bhatagaon,44.16,1,0.7071067811865476,69.48833333333333,0.8660254037844387,0.28,65.89791666666666,683.6298,0.49999999999999994,36.335,0.96,0.86,15.079412968382229,0.7071067811865476,22.972767211055096,58.38,3,75.18
335.14,58.38,60.21658155063371,0,87.64,16.612381198699683,0,42.72666666666667,7.17,37.97,42.25,2023,31.36,1,8.49,-0.09737318840579705,2,74.36,58.47,62.925000000000004,88.97,2024-01-02 04:00:00,44.16,55.029837345709666,Hourly,44.16,0.67,7.61,11.71,0.28,-4.299999999999997,38.31,22.923073455945385,Bhatagaon,39.86,1,0.8660254037844386,63.60166666666667,0.8660254037844387,0.21,63.87083333333334,469.497,0.49999999999999994,28.8572,0.86,0.76,15.177198549043931,0.5000000000000001,2.482606157514367,55.3,4,84.74
329.68,55.3,56.846338235151606,0,84.39,18.060166363876906,0,40.776666666666664,7.17,38.36,37.97,2023,31.36,1,9.52,-0.03888610135474153,2,69.53,56.93,61.245000000000005,74.36,2024-01-02 05:00:00,39.86,50.25274096122119,Hourly,44.16,0.3,7.17,8.49,0.21,-1.5499999999999972,35.32,22.185062241667655,Bhatagaon,38.31,1,0.9659258262890683,55.86333333333332,0.8660254037844387,0.19,61.815416666666664,518.84,0.49999999999999994,29.1536,0.76,0.76,15.158551031812303,0.25881904510252074,3.030813972075538,54.5,5,84.74
322.75,54.5,53.53459389128213,0,81.5,19.54583445895753,0,37.830000000000005,8.07,47.22,38.36,2023,28.2,1,21.33,-0.07804750717828247,2,123.09,54.8,59.44416666666666,69.53,2024-01-02 06:00:00,38.31,45.98624354372942,Hourly,39.86,0.24,7.17,9.52,0.19,-2.990000000000002,48.34,18.12178541608602,Bhatagaon,35.32,1,1.0,47.626666666666665,0.8660254037844387,0.25,59.770833333333336,1142.6480999999999,0.49999999999999994,42.498,0.76,0.9,15.290016611207934,6.123233995736766e-17,2.307747819844079,53.57,6,83.95
248.72,53.57,52.73542560031565,0,61.16,19.773013500192373,0,40.656666666666666,8.99,58.96,47.22,2023,25.75,1,36.15,0.36862967157417903,2,148.13,55.96,58.905833333333334,123.09,2024-01-02 07:00:00,35.32,46.65874538837816,Hourly,38.31,0.05,8.07,21.33,0.25,13.020000000000003,64.67,4.728096516217479,Bhatagaon,48.34,1,0.9659258262890683,41.69166666666667,0.8660254037844387,0.25,58.389166666666675,1927.518,0.49999999999999994,61.318400000000004,0.9,1.04,14.729056145168853,-0.25881904510252063,6.819841151619908,53.32,7,44.16
251.99,53.32,54.57151396949786,0,72.17,19.81486670215685,0,49.443333333333335,9.88,66.5,58.96,2023,28.35,1,46.42,0.3378154737277616,2,179.71,72.15,59.63166666666666,148.13,2024-01-02 08:00:00,48.34,51.80481813455583,Hourly,35.32,0.75,8.99,36.15,0.25,16.33,72.53,10.616737728699965,Bhatagaon,64.67,1,0.8660254037844387,45.11000000000001,0.8660254037844387,0.29,58.53541666666666,2473.7218000000003,0.49999999999999994,77.14,1.04,1.16,14.775118914894577,-0.4999999999999998,14.706074708545717,53.29,8,44.16
155.04,53.29,57.334357974190496,0,72.17,19.83698260290311,0,61.84666666666667,9.89,66.64,66.5,2023,33.46,1,45.49,0.12154012679758774,2,183.19,75.18,59.663333333333334,179.71,2024-01-02 09:00:00,64.67,57.72629866753988,Hourly,48.34,0.55,9.88,46.42,0.29,7.859999999999999,75.44,15.364808383662586,Bhatagaon,72.53,1,0.7071067811865476,49.83833333333333,0.8660254037844387,0.37,58.55041666666667,2551.989,0.49999999999999994,83.96640000000001,1.16,1.26,14.789738357672388,-0.7071067811865475,12.339669093347982,56.1,9,39.86
346.42,56.1,60.11984136277657,0,46.72,19.8556044298009,0,70.88000000000001,9.64,63.8,66.64,2023,35.22,1,38.82,0.0401213291051978,2,183.19,84.74,59.684999999999995,183.19,2024-01-02 10:00:00,72.53,62.78735619109991,Hourly,64.67,0.62,9.89,45.49,0.37,2.9099999999999966,75.44,17.465826538319572,Bhatagaon,75.44,1,0.49999999999999994,55.76833333333334,0.8660254037844387,0.35,58.68666666666667,2430.5202,0.49999999999999994,79.75,1.26,1.25,14.93501245735836,-0.8660254037844387,5.5713642853428365,62.61,10,38.31
330.94,62.61,62.47678884542633,0,48.14,18.9495857474511,0,74.47,8.85,57.55,63.8,2023,37.22,1,26.79,0.0,2,148.47,84.74,58.910000000000004,183.19,2024-01-02 11:00:00,75.44,66.40239727935707,Hourly,72.53,0.8,9.64,38.82,0.35,0.0,64.68,16.599299583617025,Bhatagaon,75.44,1,0.258819045102521,61.95666666666667,0.8660254037844387,0.3,59.88333333333333,1916.2887,0.49999999999999994,70.211,1.25,1.22,15.08434335636635,-0.9659258262890682,1.680089283339907,71.53,11,35.32
339.32,71.53,62.81574440766843,0,53.82,17.2745876589828,0,71.85333333333334,8.53,54.52,57.55,2023,33.22,1,16.7,-0.14262990455991506,2,122.64,83.95,57.23833333333334,148.47,2024-01-02 12:00:00,75.44,65.91028377096934,Hourly,75.44,0.46,8.85,26.79,0.3,-10.759999999999991,54.43,10.314261970689023,Bhatagaon,64.68,1,1.2246467991473532e-16,66.85000000000001,0.8660254037844387,0.29,60.5725,1247.49,0.49999999999999994,66.51440000000001,1.22,1.22,14.901216539189882,-1.0,6.212288896479866,74.7,12,48.34
343.79,74.7,61.525629883411746,0,53.82,15.088465090521337,0,64.85000000000001,8.23,49.07,54.52,2023,35.22,1,9.28,-0.15847247990105143,2,103.59,44.16,54.778333333333336,122.64,2024-01-02 13:00:00,64.68,62.630202693549535,Hourly,75.44,0.58,8.53,16.7,0.29,-10.250000000000007,49.58,8.214316161434366,Bhatagaon,54.43,1,-0.2588190451025208,67.865,0.8660254037844387,0.16,60.59791666666667,690.5247999999999,0.49999999999999994,56.9212,1.22,1.16,14.889713980716227,-0.9659258262890683,10.506031600942107,74.41,13,64.67
328.05,74.41,59.68784067057917,0,57.8,14.820456378692576,0,56.23,7.83,43.71,49.07,2023,85.75,1,3.67,-0.08910527282748487,2,95.35,44.16,55.23,103.59,2024-01-02 14:00:00,54.43,58.90157335253538,Hourly,64.68,0.83,8.23,9.28,0.16,-4.850000000000001,43.56,11.167424053916902,Bhatagaon,49.58,1,-0.4999999999999997,65.35000000000001,0.8660254037844387,0.28,60.42125000000001,266.809,0.49999999999999994,41.9616,1.16,0.96,14.998387830030266,-0.8660254037844388,7.709247693516846,72.7,14,72.53
356.89,72.7,57.20663441356699,0,58.47,14.862152052659326,0,49.19,7.53,39.41,43.71,2023,85.75,1,2.31,-0.12141992739007657,2,84.18,39.86,55.18000000000001,95.35,2024-01-02 15:00:00,49.58,54.51826668038241,Hourly,54.43,0.39,7.83,3.67,0.28,-6.019999999999996,40.84,13.467974482700372,Bhatagaon,43.56,1,-0.7071067811865471,60.521666666666675,0.8660254037844387,0.14,59.82791666666666,154.4928,0.49999999999999994,32.7103,0.96,0.83,15.383318740473868,-0.7071067811865479,5.445484367803774,66.88,15,75.44
338.35,66.88,54.68869065763361,0,58.47,14.77274014917861,0,44.66,7.01,34.81,39.41,2023,41.85,1,2.32,-0.06244260789715332,2,68.29,38.31,55.26166666666668,84.18,2024-01-02 16:00:00,43.56,50.61019048598743,Hourly,49.58,0.34,7.53,2.31,0.14,-2.719999999999999,32.76,13.207697376908726,Bhatagaon,40.84,1,-0.8660254037844385,54.755,0.8660254037844387,0.16,59.09333333333334,136.4624,0.49999999999999994,22.974600000000002,0.83,0.66,15.864392359228145,-0.5000000000000004,4.47262786290069,58.82,16,75.44
344.81,58.82,51.31504594107459,0,56.93,15.424217945893608,0,39.053333333333335,6.94,36.39,34.81,2023,32.01,1,3.98,-0.19784524975514214,2,55.76,35.32,54.79916666666667,68.29,2024-01-02 17:00:00,40.84,45.510136061419594,Hourly,43.56,0.39,7.01,2.32,0.16,-8.080000000000005,30.91,11.176136034724536,Bhatagaon,32.76,1,-0.9659258262890683,47.64166666666667,0.8660254037844387,0.26,58.02208333333334,234.7404,0.49999999999999994,21.4701,0.66,0.59,16.751547359849347,-0.25881904510252063,5.61730659064728,58.98,17,64.68
349.59,58.98,48.175808103986185,0,54.8,15.973287834457452,0,34.836666666666666,7.28,42.98,36.39,2023,36.48,1,9.42,-0.05647130647130641,2,42.1,48.34,54.43166666666667,55.76,2024-01-02 18:00:00,32.76,41.33866861529971,Hourly,40.84,0.52,6.94,3.98,0.26,-1.8499999999999979,28.18,9.209833150859367,Bhatagaon,30.91,1,-1.0,42.013333333333335,0.8660254037844387,0.3,56.937916666666666,593.5541999999999,0.49999999999999994,29.656199999999995,0.59,0.69,17.643562929927707,-1.8369701987210297e-16,5.280684930321977,63.01,18,54.43
335.44,63.01,45.099529934142154,0,55.96,17.644927075937545,0,30.616666666666664,8.24,51.68,42.98,2023,36.48,1,20.38,-0.08832093173730186,2,72.1,64.67,52.751666666666665,42.1,2024-01-02 19:00:00,30.91,37.579049010928365,Hourly,32.76,0.19,7.28,9.42,0.3,-2.7300000000000004,26.59,8.324048093726281,Bhatagaon,28.18,1,-0.9659258262890684,37.63833333333333,0.8660254037844387,0.3,55.82875000000001,1313.2872,0.49999999999999994,55.2976,0.69,1.07,18.594895585827484,0.2588190451025203,2.304047163868363,64.44,19,49.58
338.95,64.44,42.25190994427413,0,72.15,18.699352362792713,0,28.560000000000002,8.94,58.88,51.68,2023,116.34,1,30.39,-0.05642299503193754,2,102.61,72.53,49.578333333333326,72.1,2024-01-02 20:00:00,28.18,34.43932072209169,Hourly,30.91,0.07,8.24,20.38,0.3,-1.5899999999999999,36.06,6.896682294166384,Bhatagaon,26.59,1,-0.8660254037844386,33.806666666666665,0.8660254037844387,0.36,54.605,1892.0814,0.49999999999999994,75.9552,1.07,1.29,19.528862697578425,0.5000000000000001,2.1849256280241303,62.26,20,43.56
325.24,62.26,41.299308414385806,0,75.18,17.558865907845526,0,30.27666666666667,10.28,75.43,58.88,2023,116.34,1,51.97,0.3561489281684845,2,129.52,75.44,46.53916666666667,102.61,2024-01-02 21:00:00,26.59,34.90237194435121,Hourly,28.18,0.12,8.94,30.39,0.36,9.470000000000002,45.56,5.261105080367437,Bhatagaon,36.06,1,-0.7071067811865477,32.556666666666665,0.8660254037844387,0.33,53.10125,3176.4064,0.49999999999999994,125.2138,1.29,1.66,19.508614220501375,0.7071067811865474,5.07121615919987,61.12,21,40.84
295.32,61.12,41.95479942755722,0,84.74,15.023469190408543,0,36.07,12.79,104.64,75.43,2023,143.42,1,88.48,0.2634498058790904,2,179.03,75.44,44.04916666666667,129.52,2024-01-02 22:00:00,36.06,37.947408531679436,Hourly,26.59,0.13,10.28,51.97,0.33,9.5,54.18,6.85793166097972,Bhatagaon,45.56,1,-0.5000000000000004,33.343333333333334,0.8660254037844387,0.43,51.86708333333333,5301.721600000001,0.49999999999999994,204.048,1.66,1.95,18.98090790863895,0.8660254037844384,9.48500395360994,59.92,22,32.76
331.8,59.92,43.83559951562533,0,84.74,11.917651633377643,0,45.26666666666667,13.92,113.3,104.64,2023,143.42,1,99.17,0.1892010535557506,2,179.03,64.68,42.277499999999996,179.03,2024-01-02 23:00:00,45.56,42.585291808342454,Hourly,36.06,0.16,12.79,88.48,0.43,8.619999999999997,57.37,10.885891174665863,Bhatagaon,54.18,1,-0.25881904510252157,36.913333333333334,0.8660254037844387,0.52,50.59375,5973.0091,0.49999999999999994,242.46200000000002,1.95,2.14,17.658757849983353,0.9659258262890681,9.063560742518856,60.23,23,30.91
345.57,60.23,45.91781497475989,0,83.95,10.803169428319315,0,52.37,9.7,56.87,113.3,2024,53.37,1,30.26,0.058877814691768136,3,70.93,54.43,41.66833333333333,179.03,2024-01-03 01:00:00,54.18,46.809494148816036,Hourly,45.56,0.2,13.92,99.17,0.52,3.1899999999999977,26.57,13.10160091998944,Bhatagaon,57.37,2,0.25881904510252074,41.32333333333333,0.8660254037844387,3.95,49.45333333333334,1757.8034000000002,0.49999999999999994,48.908199999999994,2.14,0.86,16.179519707674125,0.9659258262890683,6.1095089819064174,58.09,1,28.18
326.97,58.09,42.941228055566064,0,44.16,10.804927607627187,0,46.04,9.59,52.51,56.87,2024,38.96,1,25.94,-0.5368659578176748,3,67.06,49.58,39.34666666666667,70.93,2024-01-03 02:00:00,57.37,41.0267815348686,Hourly,54.18,0.12,9.7,30.26,3.95,-30.799999999999997,26.57,13.43682514584459,Bhatagaon,26.57,2,0.49999999999999994,41.055,0.8660254037844387,3.91,47.0625,1460.1626,0.49999999999999994,40.9578,0.86,0.78,15.061192068416773,0.8660254037844387,16.936785409279874,56.29,2,26.59
279.22,56.29,40.422577585478976,0,44.16,10.865338934037856,0,36.836666666666666,9.53,48.07,52.51,2024,88.51,1,24.12,0.0,3,69.91,43.56,37.42916666666667,67.06,2024-01-03 03:00:00,26.57,36.89627252490614,Hourly,57.37,0.12,9.59,25.94,3.91,0.0,22.98,13.441133012758566,Bhatagaon,26.57,2,0.7071067811865476,41.05166666666667,0.8660254037844387,3.86,46.32958333333334,1228.9140000000002,0.49999999999999994,35.0911,0.78,0.73,15.625974329042183,0.7071067811865476,17.782388291040366,50.95,3,36.06
340.98,50.95,37.7391041107899,0,39.86,11.419712190556966,0,25.373333333333335,9.63,49.12,48.07,2024,88.51,1,26.14,-0.13511479111780203,3,73.51,40.84,35.714166666666664,69.91,2024-01-03 04:00:00,26.57,32.92019466064724,Hourly,26.57,0.11,9.53,24.12,3.86,-3.59,24.34,15.339323866020568,Bhatagaon,22.98,2,0.8660254037844386,38.87166666666667,0.8660254037844387,3.59,45.44708333333333,1337.3224,0.49999999999999994,34.38399999999999,0.73,0.7,16.33579597857492,0.5000000000000001,2.0726874663900214,51.16,4,45.56
349.09,51.16,35.677703478360684,0,38.31,11.735409090234368,0,24.63,9.62,52.82,49.12,2024,87.64,1,29.9,0.05918189730200171,3,88.97,32.76,34.339166666666664,73.51,2024-01-03 05:00:00,22.98,30.468710471890887,Hourly,26.57,0.25,9.63,26.14,3.59,1.3599999999999994,30.54,15.92395522475498,Bhatagaon,24.34,2,0.9659258262890683,35.335,0.8660254037844387,3.76,44.80041666666667,1527.5910000000001,0.49999999999999994,42.784200000000006,0.7,0.81,16.865189896755524,0.25881904510252074,1.81248448269137,51.09,5,54.18
64.1,51.09,34.88728755861288,0,35.32,11.779980288865707,0,25.953333333333333,9.8,57.18,52.82,2024,84.39,1,34.14,0.25472473294987674,3,219.44,30.91,34.15416666666667,88.97,2024-01-03 06:00:00,24.34,30.48907890849349,Hourly,22.98,0.18,9.62,29.9,3.76,6.199999999999999,50.1,12.981357016891625,Bhatagaon,30.54,2,1.0,31.395,0.8660254037844387,4.05,44.47666666666667,1814.8824,0.49999999999999994,51.462,0.81,0.9,17.06855096029125,6.123233995736766e-17,4.02995450760058,53.16,6,57.37
356.89,53.16,37.227704857287826,0,48.34,12.575243596652726,0,34.99333333333333,9.79,58.36,57.18,2024,81.5,1,35.53,0.6404715127701376,3,219.44,28.18,35.75333333333333,219.44,2024-01-03 07:00:00,30.54,36.09219922035249,Hourly,24.34,0.41,9.8,34.14,4.05,19.560000000000002,50.57,10.089060742540314,Bhatagaon,50.1,2,0.9659258262890683,30.183333333333334,0.8660254037844387,3.78,45.0925,1912.9352000000001,0.49999999999999994,56.6092,0.9,0.97,16.990266075148714,-0.25881904510252063,13.445018904164083,53.84,7,26.57
356.97,53.84,39.280365648474316,0,64.67,13.003169164989627,0,43.73666666666666,9.99,60.59,58.36,2024,61.16,1,38.1,0.009381237524950077,3,170.74,26.59,37.619166666666665,219.44,2024-01-03 08:00:00,50.1,40.22871372882321,Hourly,30.54,0.92,9.79,35.53,3.78,0.46999999999999886,55.2,12.771105929662793,Bhatagaon,50.57,2,0.8660254037844387,34.18333333333333,0.8660254037844387,5.29,45.18541666666667,2034.54,0.49999999999999994,61.1959,0.97,1.01,17.014878138844,-0.4999999999999998,11.431064400716533,53.4,8,26.57
116.16,53.4,41.72954016409365,0,72.53,13.413489365921924,0,51.95666666666667,10.0,59.61,60.59,2024,72.17,1,36.93,0.09155625865137439,3,170.74,36.06,40.00333333333334,170.74,2024-01-03 09:00:00,50.57,44.50622409201658,Hourly,50.1,0.81,9.99,38.1,5.29,4.630000000000003,55.2,14.578273903312478,Bhatagaon,55.2,2,0.7071067811865476,38.955000000000005,0.8660254037844387,4.71,44.79083333333333,2047.0299,0.49999999999999994,59.61,1.01,1.0,16.649253780553554,-0.7071067811865475,2.81862259505032,55.43,9,22.98
145.92,55.43,43.801918600386934,0,75.44,14.025947275307306,0,53.65666666666667,9.73,55.43,59.61,2024,72.17,1,29.07,0.0,3,116.41,45.56,41.598333333333336,170.74,2024-01-03 10:00:00,55.2,47.5615886371547,Hourly,50.57,0.85,10.0,36.93,4.71,0.0,50.99,13.40379311985983,Bhatagaon,55.2,2,0.49999999999999994,44.324999999999996,0.8660254037844387,4.67,44.06875,1763.3862,0.49999999999999994,51.5499,1.0,0.93,15.74514647439018,-0.8660254037844387,2.673131746346987,60.66,10,24.34
163.72,60.66,44.90777727725048,0,75.44,14.251158459025213,0,53.796666666666674,9.32,47.99,55.43,2024,46.72,1,16.87,-0.076268115942029,3,66.31,54.18,42.05083333333334,116.41,2024-01-03 11:00:00,55.2,48.54113474082479,Hourly,55.2,0.97,9.73,29.07,4.67,-4.210000000000001,42.6,9.21910986303279,Bhatagaon,50.99,2,0.258819045102521,48.76666666666667,0.8660254037844387,4.31,43.050000000000004,1044.253,0.49999999999999994,38.871900000000004,0.93,0.81,14.35688230658798,-0.9659258262890682,2.430644633287244,61.9,11,30.54
326.21,61.9,44.55273461921195,0,64.68,13.738005980976164,0,49.59666666666667,8.99,37.27,47.99,2024,48.14,1,5.4,-0.1645420670719749,3,58.41,57.37,41.08583333333333,66.31,2024-01-03 12:00:00,50.99,46.84366767201771,Hourly,55.2,0.43,9.32,16.87,4.31,-8.39,35.11,4.615966493235023,Bhatagaon,42.6,2,1.2246467991473532e-16,50.77666666666667,0.8660254037844387,4.17,41.681666666666665,316.00800000000004,0.49999999999999994,25.343600000000006,0.81,0.68,12.592123026671963,-1.0,6.414517388964527,58.52,12,50.1
345.88,58.52,43.10000621625627,0,54.43,12.810879934531169,0,42.9,9.02,33.68,37.27,2024,53.82,1,3.86,-0.1758215962441315,3,58.41,26.57,39.23083333333333,58.41,2024-01-03 13:00:00,42.6,43.491191194298366,Hourly,50.99,0.78,8.99,5.4,4.17,-7.490000000000002,26.97,7.925557183357422,Bhatagaon,35.11,2,-0.2588190451025208,48.278333333333336,0.8660254037844387,3.91,40.44958333333333,210.3314,0.49999999999999994,20.5448,0.68,0.61,11.655837678723714,-0.9659258262890683,7.944249492557201,54.49,13,50.57
343.5,54.49,40.61846679837069,0,49.58,12.77541350217357,0,34.89333333333333,9.03,33.97,33.68,2024,53.82,1,3.88,-0.23184277983480492,3,45.7,26.57,39.26416666666667,58.41,2024-01-03 14:00:00,35.11,38.770850853070264,Hourly,42.6,0.57,9.02,3.86,3.91,-8.14,25.56,11.576173374651995,Bhatagaon,26.97,2,-0.4999999999999997,44.345,0.8660254037844387,4.27,39.305416666666666,216.46519999999998,0.49999999999999994,19.362899999999996,0.61,0.57,11.571281909807304,-0.8660254037844388,7.817252287941663,55.79,14,55.2
342.29,55.79,38.30177959862136,0,43.56,12.869627387415408,0,29.213333333333335,8.84,33.16,33.97,2024,57.8,1,2.27,-0.05228031145717465,3,60.03,22.98,39.18,45.7,2024-01-03 15:00:00,26.97,34.99632203790733,Hourly,35.11,1.18,9.03,3.88,4.27,-1.4100000000000001,27.46,12.317975077097767,Bhatagaon,25.56,2,-0.7071067811865471,39.405,0.8660254037844387,4.0,38.30458333333333,126.25739999999999,0.49999999999999994,17.906399999999998,0.57,0.54,11.682213153622419,-0.7071067811865479,5.15509780055912,55.62,15,55.2
344.89,55.62,36.63381350652576,0,40.84,12.41387151780659,0,26.66333333333333,8.75,33.81,33.16,2024,58.47,1,3.0,0.07433489827856034,3,60.03,24.34,39.553333333333335,60.03,2024-01-03 16:00:00,25.56,32.84308716993381,Hourly,26.97,1.2,8.84,2.27,4.0,1.9000000000000021,27.46,10.23339907687902,Bhatagaon,27.46,2,-0.8660254037844385,34.781666666666666,0.8660254037844387,4.89,37.63375,167.22,0.49999999999999994,17.581200000000003,0.54,0.52,11.828649014152125,-0.5000000000000004,0.9864245198339427,55.74,16,50.99
349.99,55.74,35.222457582444875,0,32.76,12.09484588449562,0,26.826666666666668,8.81,33.6,33.81,2024,58.47,1,4.43,0.0,3,51.81,30.54,39.81333333333334,60.03,2024-01-03 17:00:00,27.46,31.305062264238437,Hourly,25.56,0.59,8.75,3.0,4.89,0.0,24.59,6.666816331653491,Bhatagaon,27.46,2,-0.9659258262890683,30.86,0.8660254037844387,4.41,37.07625,236.38479999999998,0.49999999999999994,15.792,0.52,0.47,11.985236139771676,-0.25881904510252063,1.0969655114585948,53.36,17,42.6
193.8,53.36,33.586694877453354,0,30.91,12.620125431591186,0,26.50333333333333,8.86,33.01,33.6,2024,56.93,1,4.28,-0.10451565914056814,3,38.07,50.1,39.3175,51.81,2024-01-03 18:00:00,27.46,29.3864730458846,Hourly,27.46,0.32,8.81,4.43,4.41,-2.870000000000001,24.59,3.732492018299353,Bhatagaon,24.59,2,-1.0,27.858333333333334,0.8660254037844387,4.34,36.73583333333334,224.40040000000002,0.49999999999999994,15.1846,0.47,0.46,12.226753601148204,-1.8369701987210297e-16,1.6569952725731092,52.43,18,35.11
104.66,52.43,32.20258797322976,0,28.18,12.786179209907962,0,25.546666666666667,8.78,38.56,33.01,2024,54.8,1,6.3,0.0,3,47.39,50.57,37.19166666666667,38.07,2024-01-03 19:00:00,24.59,28.016052175631856,Hourly,27.46,0.71,8.86,4.28,4.34,0.0,17.09,1.3643863089322306,Bhatagaon,24.59,2,-0.9659258262890684,26.105,0.8660254037844387,4.31,36.472500000000004,375.16499999999996,0.49999999999999994,19.6656,0.46,0.51,12.424147683128048,0.2588190451025203,1.6569952725731245,59.55,19,26.97
341.76,59.55,29.87757443888672,0,26.59,13.246056588717984,0,22.09,9.11,68.95,38.56,2024,55.96,1,36.45,-0.30500203334688897,3,87.68,55.2,34.401666666666664,47.39,2024-01-03 20:00:00,24.59,24.894322982594183,Hourly,24.59,0.1,8.78,6.3,4.31,-7.5,27.18,3.8356403202944342,Bhatagaon,17.09,2,-0.8660254037844386,24.458333333333332,0.8660254037844387,4.92,36.010416666666664,2581.0245000000004,0.49999999999999994,66.19200000000001,0.51,0.96,12.94143748455591,0.5000000000000001,4.330127018921792,70.81,20,25.56
223.07,70.81,29.462562986750303,0,36.06,11.615793584859565,0,22.953333333333333,9.88,79.31,68.95,2024,72.15,1,48.29,0.5904037448800468,3,109.86,55.2,32.06666666666667,87.68,2024-01-03 21:00:00,17.09,25.547373558995844,Hourly,24.59,0.28,9.11,36.45,4.92,10.09,27.18,3.9828904914230807,Bhatagaon,27.18,2,-0.7071067811865477,24.728333333333335,0.8660254037844387,4.21,36.035,3534.828,0.49999999999999994,84.0686,0.96,1.06,12.92331226891938,0.7071067811865474,5.240327597901663,73.2,21,27.46
318.94,73.2,29.11139945032718,0,45.56,9.082925873541333,0,23.816666666666663,10.09,78.64,79.31,2024,75.18,1,50.54,0.0,3,109.86,50.99,29.73166666666667,109.86,2024-01-03 22:00:00,27.18,26.013838256425604,Hourly,17.09,0.22,9.88,48.29,4.21,0.0,34.41,3.9459519341558615,Bhatagaon,27.18,2,-0.5000000000000004,24.68166666666667,0.8660254037844387,4.24,35.665,3503.9382,0.49999999999999994,84.1448,1.06,1.07,13.049072597398489,0.8660254037844384,5.825464216123018,69.33,22,27.46
313.3,69.33,29.92656876566146,0,54.18,6.4283251035061895,0,29.59,10.11,76.36,78.64,2024,84.74,1,49.28,0.26600441501103744,3,87.36,42.6,28.349999999999998,109.86,2024-01-03 23:00:00,27.18,28.41274161173257,Hourly,27.18,0.52,10.09,50.54,4.24,7.229999999999997,42.51,5.598635548060054,Bhatagaon,34.41,2,-0.25881904510252157,25.84,0.8660254037844387,4.16,35.20041666666666,3262.8288,0.49999999999999994,80.94160000000001,1.07,1.06,12.878841251943276,0.9659258262890681,4.174242446240527,66.21,23,24.59
353.24,66.21,31.862481263252004,0,57.37,6.410215036813199,0,34.699999999999996,9.67,28.49,76.36,2024,84.74,1,6.68,0.2353966870095903,4,39.74,35.11,28.342499999999998,87.36,2024-01-04 01:00:00,34.41,32.44052972266612,Hourly,27.18,0.38,10.11,49.28,4.16,8.100000000000001,22.78,8.712392706178273,Bhatagaon,42.51,3,0.25881904510252074,28.826666666666664,0.8660254037844387,1.32,34.714166666666664,304.4076,0.49999999999999994,14.5299,1.06,0.51,12.340135266916622,0.9659258262890683,7.669113377698611,45.57,1,24.59
308.37,45.57,30.465176453520925,0,26.57,6.211958408805676,0,33.23333333333333,9.71,27.3,28.49,2024,83.95,1,6.54,-0.46412608797929894,4,39.74,26.97,27.315,39.74,2024-01-04 02:00:00,42.51,29.680378373332942,Hourly,34.41,0.25,9.67,6.68,1.32,-19.729999999999997,22.78,8.917351064077364,Bhatagaon,22.78,3,0.49999999999999994,28.524999999999995,0.8660254037844387,1.4,33.27291666666667,277.296,0.49999999999999994,13.923,0.51,0.51,11.57527405222271,0.8660254037844387,9.91749128224115,42.4,2,17.09
239.46,42.4,29.282841614517704,0,26.57,6.349351374651758,0,29.356666666666666,9.67,26.91,27.3,2024,44.16,1,6.7,0.0,4,36.59,25.56,26.965833333333332,39.74,2024-01-04 03:00:00,22.78,27.708841695237815,Hourly,42.51,0.26,9.71,6.54,1.4,0.0,20.6,7.673923811627814,Bhatagaon,22.78,3,0.7071067811865476,29.47333333333333,0.8660254037844387,1.3,33.115,277.24600000000004,0.49999999999999994,13.7241,0.51,0.51,11.695919020715424,0.7071067811865476,11.391120811111143,41.38,3,27.18
316.03,41.38,27.947019827668825,0,22.98,6.6054676043964955,0,22.05333333333333,9.69,27.31,26.91,2024,44.16,1,7.67,-0.09569798068481122,4,39.47,27.46,26.5525,36.59,2024-01-04 04:00:00,22.78,25.67774406802701,Hourly,22.78,0.2,9.67,6.7,1.3,-2.1799999999999997,20.32,8.493599158582207,Bhatagaon,20.6,3,0.8660254037844386,28.376666666666665,0.8660254037844387,2.67,32.86625,315.4671,0.49999999999999994,13.3819,0.51,0.49,11.902826048245226,0.5000000000000001,1.2586235868319762,41.13,4,27.18
342.63,41.13,26.77363216187362,0,24.34,6.833915588645473,0,21.233333333333334,9.66,28.49,27.31,2024,39.86,1,7.79,-0.013592233009708792,4,39.47,27.46,25.9575,39.47,2024-01-04 05:00:00,20.6,24.14696004859072,Hourly,22.78,0.11,9.69,7.67,2.67,-0.28000000000000114,20.88,9.125138172469958,Bhatagaon,20.32,3,0.9659258262890683,27.233333333333334,0.8660254037844387,2.73,32.75541666666667,337.85229999999996,0.49999999999999994,14.245,0.49,0.5,12.010779209116592,0.25881904510252074,1.3467491723887683,43.37,5,34.41
225.31,43.37,25.866919521585373,0,30.54,6.965120188656374,0,20.599999999999998,9.69,27.99,28.49,2024,38.31,1,6.98,0.027559055118110173,4,42.48,24.59,25.409166666666664,39.47,2024-01-04 06:00:00,20.32,23.213542891850516,Hourly,20.6,0.3,9.66,7.79,2.73,0.5599999999999987,21.56,8.65668393015873,Bhatagaon,20.88,3,1.0,24.978333333333335,0.8660254037844387,2.64,32.61125,300.20980000000003,0.49999999999999994,14.274899999999999,0.5,0.51,12.136291716600967,6.123233995736766e-17,0.27999999999380815,43.01,6,42.51
359.33,43.01,25.204316518264548,0,50.1,7.0518976599256575,0,20.919999999999998,9.53,27.52,27.99,2024,35.32,1,5.74,0.03256704980842911,4,43.4,24.59,25.156666666666666,42.48,2024-01-04 07:00:00,20.88,22.74110206560751,Hourly,20.32,0.08,9.69,6.98,2.64,0.6799999999999997,21.56,1.0831558829034773,Bhatagaon,21.56,3,0.9659258262890683,21.486666666666668,0.8660254037844387,2.77,32.23708333333334,252.6174,0.49999999999999994,14.860800000000001,0.51,0.54,12.339650294236886,-0.25881904510252063,0.620966987847593,44.01,7,22.78
344.6,44.01,24.64365243853154,0,50.57,7.127869066154821,0,21.333333333333332,9.75,28.51,27.52,2024,48.34,1,6.03,0.0,4,48.69,17.09,24.90416666666667,43.4,2024-01-04 08:00:00,21.56,22.403644332576793,Hourly,20.88,0.13,9.53,5.74,2.77,0.0,21.27,0.8889019443495503,Bhatagaon,21.56,3,0.8660254037844387,21.283333333333335,0.8660254037844387,2.73,31.047916666666666,276.5961,0.49999999999999994,17.106,0.54,0.6,11.911116101162179,-0.4999999999999998,0.3925981830444749,45.87,8,22.78
344.35,45.87,24.124628986449764,0,55.2,6.806157806788897,0,21.463333333333335,9.67,28.94,28.51,2024,64.67,1,5.4,-0.01345083487940627,4,50.91,27.18,25.252499999999998,48.69,2024-01-04 09:00:00,21.56,22.079745951840565,Hourly,21.56,0.12,9.75,6.03,2.73,-0.28999999999999915,23.72,0.5159231208895481,Bhatagaon,21.27,3,0.7071067811865476,21.031666666666666,0.8660254037844387,2.28,29.827083333333334,261.63000000000005,0.49999999999999994,17.6534,0.6,0.61,11.309563663273037,-0.7071067811865475,0.16743157805448797,48.45,9,20.6
26.65,48.45,24.0623783731498,0,55.2,6.790349379595579,0,22.183333333333334,9.65,28.82,28.94,2024,72.53,1,1.67,0.11518570756934647,4,54.24,27.18,24.964166666666667,50.91,2024-01-04 10:00:00,21.27,22.548389965600403,Hourly,21.56,0.25,9.67,5.4,2.28,2.4499999999999993,23.72,1.1618333213797973,Bhatagaon,23.72,3,0.49999999999999994,21.551666666666666,0.8660254037844387,2.63,28.515416666666667,89.2448,0.49999999999999994,17.291999999999998,0.61,0.6,9.987086435543512,-0.8660254037844387,1.338668492693311,53.44,10,20.32
322.28,53.44,24.0097047772806,0,50.99,6.761103269751676,0,22.903333333333332,9.58,29.54,28.82,2024,75.44,1,0.92,0.0,4,54.24,34.41,24.67583333333333,54.24,2024-01-04 11:00:00,23.72,22.883135689714575,Hourly,21.27,0.67,9.65,1.67,2.63,0.0,23.72,1.2654867311309164,Bhatagaon,23.72,3,0.258819045102521,22.11833333333333,0.8660254037844387,2.83,27.20375,51.24400000000001,0.49999999999999994,16.247,0.6,0.55,8.245423928511645,-0.9659258262890682,1.4145081595133158,55.7,11,20.88
345.59,55.7,23.965134811545123,1,42.6,6.026262975887286,1,23.72,9.44,23.97,29.54,2024,75.44,1,1.18,0.0,4,60.33500000000001,42.51,23.785,54.24,2024-01-04 12:00:00,23.72,23.122239778367554,Hourly,23.72,0.54,9.58,0.92,2.83,0.0,21.015,1.2405549833314171,Bhatagaon,23.72,3,1.2246467991473532e-16,22.59166666666667,0.8660254037844387,4.415,26.0675,52.1678,0.49999999999999994,12.2247,0.55,0.51,6.524424512353116,-1.0,0.0,44.21,12,21.56
350.52,44.21,23.511267917461257,0,35.11,1.279867047429315,0,22.81833333333333,9.4,23.39,23.97,2024,64.68,1,0.41,-0.11403878583473855,4,66.43,22.78,21.993750000000002,60.33500000000001,2024-01-04 13:00:00,23.72,22.52017127026254,Hourly,23.72,0.44,9.44,1.18,4.415,-2.7049999999999983,18.31,1.3466195330041857,Bhatagaon,21.015,3,-0.2588190451025208,22.500833333333333,0.8660254037844387,6.0,25.168125000000003,18.1589,0.49999999999999994,11.4611,0.51,0.49,5.563303056345401,-0.9659258262890683,1.5617324781567898,44.29,13,21.56
355.44,44.29,22.711072853236445,0,26.97,1.6322156232905116,0,21.015,9.51,30.59,23.39,2024,54.43,1,0.6,-0.12871758267903888,4,66.43,22.78,21.62125,66.43,2024-01-04 14:00:00,21.015,21.31726519304467,Hourly,23.72,0.35,9.4,0.41,6.0,-2.705000000000002,22.49,2.1901790261685035,Bhatagaon,18.31,3,-0.4999999999999997,21.959166666666665,0.8660254037844387,3.2,24.468125,34.668,0.49999999999999994,14.6832,0.49,0.48,5.309101457690037,-0.8660254037844388,2.7049999999993526,57.78,14,21.27
349.33,57.78,22.677061645046223,0,25.56,1.615561341136337,0,20.605,9.79,31.02,30.59,2024,49.58,1,0.77,0.22829055161114145,4,63.51,20.6,21.597083333333334,66.43,2024-01-04 15:00:00,18.31,21.652332280746194,Hourly,21.015,0.49,9.51,0.6,3.2,4.18,24.48,2.1699395152864853,Bhatagaon,22.49,3,-0.7071067811865471,22.162499999999998,0.8660254037844387,2.77,24.281458333333333,45.0065,0.49999999999999994,14.8896,0.48,0.48,5.296053386858207,-0.7071067811865479,2.1199469332972742,58.45,15,23.72
336.86,58.45,22.954436776577573,0,27.46,1.7779692940572926,0,21.76,9.63,30.94,31.02,2024,43.56,1,0.84,0.08848377056469552,4,54.58,20.32,21.920416666666664,63.51,2024-01-04 16:00:00,22.49,22.460237343390137,Hourly,18.31,0.36,9.79,0.77,2.77,1.990000000000002,34.41,2.297473431112624,Bhatagaon,24.48,3,-0.8660254037844385,22.289166666666663,0.8660254037844387,2.73,24.236458333333335,48.7956,0.49999999999999994,13.923,0.48,0.45,5.289301441336262,-0.5000000000000004,3.149110985658726,58.09,16,23.72
351.44,58.09,24.716831118642563,0,27.46,3.950342596382286,0,27.126666666666665,9.53,28.39,30.94,2024,40.84,1,0.68,0.4056372549019606,4,54.05,20.88,23.094583333333333,54.58,2024-01-04 17:00:00,24.48,25.874455245278668,Hourly,22.49,0.18,9.63,0.84,2.73,9.929999999999996,34.41,5.517485311867028,Bhatagaon,34.41,3,-0.9659258262890683,24.070833333333336,0.8660254037844387,1.46,24.526041666666668,36.543200000000006,0.49999999999999994,11.639899999999999,0.45,0.41,5.651323234653918,-0.25881904510252063,6.385548788736138,53.74,17,23.72
358.76,53.74,26.20808786962063,0,24.59,5.041071972189276,0,31.099999999999998,9.55,31.76,28.39,2024,32.76,1,5.99,0.0,4,54.05,21.56,24.22208333333333,54.05,2024-01-04 18:00:00,34.41,28.313182318056192,Hourly,24.48,0.24,9.53,0.68,1.46,0.0,31.43,6.927373059104129,Bhatagaon,34.41,3,-1.0,25.852500000000003,0.8660254037844387,1.31,24.815624999999997,312.67800000000005,0.49999999999999994,16.1976,0.41,0.51,5.97688797032248,-1.8369701987210297e-16,5.733088173052638,52.2,18,21.015
353.13,52.2,27.01145896660207,0,24.59,5.36220589714137,0,33.416666666666664,9.88,37.82,31.76,2024,30.91,1,9.36,-0.086602731764022,4,65.62,21.56,25.044583333333332,54.05,2024-01-04 19:00:00,34.41,29.203701655754422,Hourly,34.41,0.17,9.55,5.99,1.31,-2.979999999999997,29.01,6.776000049193355,Bhatagaon,31.43,3,-0.9659258262890684,27.588333333333335,0.8660254037844387,1.25,25.100624999999997,544.4712,0.49999999999999994,26.474,0.51,0.7,6.12685824739716,0.2588190451025203,1.7205038021839099,58.17,19,18.31
315.34,58.17,27.31892681789406,0,17.09,5.3533572551735675,0,31.616666666666664,9.81,41.41,37.82,2024,28.18,1,11.47,-0.07699650015908362,4,65.62,21.27,25.66541666666667,65.62,2024-01-04 20:00:00,31.43,29.148358325538872,Hourly,34.41,0.17,9.88,9.36,1.25,-2.419999999999998,25.9,5.028377140456782,Bhatagaon,29.01,3,-0.8660254037844386,29.37166666666667,0.8660254037844387,1.23,25.284791666666667,709.0754000000001,0.49999999999999994,40.581799999999994,0.7,0.98,6.177066540168528,0.5000000000000001,2.7048351767398597,61.82,20,22.49
265.02,61.82,27.100630384371897,0,27.18,5.171527875607568,0,28.78,10.1,53.02,41.41,2024,26.59,1,24.01,-0.10720441227163056,4,82.19,23.72,26.05125,65.62,2024-01-04 21:00:00,29.01,28.22025594681348,Hourly,31.43,0.14,9.81,11.47,1.23,-3.110000000000003,21.38,4.223268876119734,Bhatagaon,25.9,3,-0.7071067811865477,29.939999999999998,0.8660254037844387,0.72,25.651875,1606.9893000000002,0.49999999999999994,68.926,0.98,1.3,5.925557543479757,0.7071067811865474,2.772165218740784,66.93,21,24.48
259.9,66.93,26.220533402160836,0,27.18,5.309693162253073,0,25.429999999999996,10.04,55.42,53.02,2024,36.06,1,29.71,-0.1745173745173745,4,82.19,23.72,25.85625,82.19,2024-01-04 22:00:00,25.9,26.26589710486677,Hourly,29.01,0.26,10.1,24.01,0.72,-4.52,21.38,5.119381473055932,Bhatagaon,21.38,3,-0.5000000000000004,29.423333333333336,0.8660254037844387,0.55,25.410208333333333,1819.1433,0.49999999999999994,69.8292,1.3,1.26,5.978561059821787,0.8660254037844384,3.836652186476678,61.23,22,34.41
347.67,61.23,25.475835955674555,0,34.41,5.4367286809260875,0,22.886666666666667,10.45,66.07,55.42,2024,45.56,1,39.45,0.0,4,80.44,23.72,25.66125,82.19,2024-01-04 23:00:00,21.38,24.869926503476265,Hourly,25.9,0.17,10.04,29.71,0.55,0.0,15.58,5.33988545445203,Bhatagaon,21.38,3,-0.25881904510252157,27.251666666666665,0.8660254037844387,0.87,25.168541666666666,2605.6725,0.49999999999999994,89.19449999999999,1.26,1.35,6.020985669553943,0.9659258262890681,2.609623216736415,66.05,23,34.41
354.32,66.05,23.953399654801547,0,42.51,6.160576440832277,0,19.44666666666667,9.73,36.62,66.07,2024,54.18,1,22.4,-0.2712815715622076,5,78.64,21.015,24.982916666666664,80.44,2024-01-05 01:00:00,21.38,22.215661788197334,Hourly,21.38,0.17,10.45,39.45,0.87,-5.799999999999999,38.32,5.8045350086521506,Bhatagaon,15.58,4,0.25881904510252074,24.113333333333333,0.8660254037844387,1.39,24.383958333333336,803.2639999999999,0.49999999999999994,46.1412,1.35,1.26,5.991167589472684,0.9659258262890683,3.348631561299314,35.86,1,31.43
333.81,35.86,26.163645861755157,0,22.78,7.100946799867588,0,25.093333333333334,9.6,28.59,36.62,2024,57.37,1,17.55,1.4595635430038512,5,76.77,18.31,26.425,78.64,2024-01-05 02:00:00,15.58,26.81690127728381,Hourly,21.38,0.17,9.73,22.4,1.39,22.740000000000002,36.9,7.859349633822662,Bhatagaon,38.32,4,0.49999999999999994,25.261666666666667,0.8660254037844387,1.15,24.209374999999998,490.5225,0.49999999999999994,28.3041,1.26,0.99,5.4791796260939485,0.8660254037844387,11.816028661666726,27.95,2,29.01
318.53,27.95,27.815392652254364,0,22.78,7.196787740921846,0,30.26666666666667,9.53,23.77,28.59,2024,26.57,1,12.83,-0.03705636743215036,5,73.03,22.49,27.974166666666665,76.77,2024-01-05 03:00:00,38.32,29.69778662663129,Hourly,15.58,0.35,9.6,17.55,1.15,-1.4200000000000017,28.16,9.163758326509292,Bhatagaon,36.9,4,0.7071067811865476,26.576666666666668,0.8660254037844387,1.15,24.797708333333333,344.87039999999996,0.49999999999999994,20.6799,0.99,0.87,6.047615408458623,0.7071067811865476,12.738827784899568,26.88,3,25.9
316.86,26.88,27.868409167292157,0,20.6,6.987070309876355,0,34.46,9.55,22.11,23.77,2024,26.57,1,10.92,-0.2368563685636856,5,74.13,24.48,28.446666666666662,73.03,2024-01-05 04:00:00,36.9,29.258419019022348,Hourly,38.32,0.31,9.53,12.83,1.15,-8.739999999999998,36.0,9.176820073787454,Bhatagaon,28.16,4,0.8660254037844386,26.953333333333333,0.8660254037844387,1.64,25.021874999999998,280.8624,0.49999999999999994,18.3513,0.87,0.83,6.069244780126264,0.5000000000000001,5.501963285954905,25.72,4,21.38
270.75,25.72,29.119423141554904,0,20.32,7.181224678200228,0,33.68666666666667,9.52,21.24,22.11,2024,22.98,1,9.13,0.2784090909090909,5,72.37,34.41,29.406666666666666,74.13,2024-01-05 05:00:00,28.16,31.18458501358739,Hourly,36.9,0.34,9.55,10.92,1.64,7.84,32.78,9.340516045701204,Bhatagaon,36.0,4,0.9659258262890683,29.39,0.8660254037844387,2.1,25.66354166666667,263.9483,0.49999999999999994,16.1424,0.83,0.76,6.387169285094311,0.25881904510252074,4.807341607721368,28.91,5,21.38
201.38,28.91,29.68258881208492,0,20.88,7.0928548660972375,0,32.31333333333333,9.47,18.98,21.24,2024,24.34,1,6.72,-0.08944444444444441,5,67.24,34.41,29.270833333333332,72.37,2024-01-05 06:00:00,36.0,31.64041786684814,Hourly,28.16,0.2,9.52,9.13,2.1,-3.219999999999999,26.44,8.507622464590305,Bhatagaon,32.78,4,1.0,31.290000000000003,0.8660254037844387,2.33,26.182708333333334,175.9296,0.49999999999999994,12.906400000000001,0.76,0.68,6.440119324300967,6.123233995736766e-17,3.9407782649280296,26.18,6,15.58
191.61,26.18,29.183728994841086,0,21.56,6.939371642150529,0,31.74,9.38,16.34,18.98,2024,30.54,1,5.6,-0.19341061622940817,5,63.8,31.43,28.60666666666667,67.24,2024-01-05 07:00:00,32.78,30.154584190605814,Hourly,36.0,0.47,9.47,6.72,2.33,-6.34,24.48,4.877704378086231,Bhatagaon,26.44,4,0.9659258262890683,33.1,0.8660254037844387,1.94,26.414375000000003,132.832,0.49999999999999994,9.9674,0.68,0.61,6.340304359808197,-0.25881904510252063,4.864113485517773,23.72,7,38.32
278.47,23.72,28.460078380250152,0,21.56,6.972260785035916,0,27.900000000000002,9.43,15.51,16.34,2024,50.1,1,4.1,-0.07413010590015132,5,63.04,29.01,28.027500000000003,63.8,2024-01-05 08:00:00,26.44,28.533274421861293,Hourly,32.78,0.25,9.38,5.6,1.94,-1.9600000000000009,21.06,5.178643322982218,Bhatagaon,24.48,4,0.8660254037844387,30.793333333333333,0.8660254037844387,1.82,26.536041666666662,97.16999999999999,0.49999999999999994,9.4611,0.61,0.61,6.27073655252991,-0.4999999999999998,4.338340696625391,23.7,8,36.9
278.96,23.7,27.32160478328859,0,21.27,7.242867965360172,0,23.993333333333336,9.41,14.38,15.51,2024,50.57,1,2.57,-0.13970588235294124,5,58.53,25.9,27.365,63.04,2024-01-05 09:00:00,24.48,26.39805315847235,Hourly,26.44,0.27,9.43,4.1,1.82,-3.4200000000000017,39.57,5.472120856365326,Bhatagaon,21.06,4,0.7071067811865476,28.153333333333332,0.8660254037844387,1.36,26.515208333333334,61.422999999999995,0.49999999999999994,7.909000000000001,0.61,0.55,6.288791872496859,-0.7071067811865475,2.7228171685461446,23.9,9,28.16
356.16,23.9,29.205973278167267,0,23.72,8.02436002357091,0,28.37,9.31,14.43,14.38,2024,55.2,1,1.28,0.8789173789173791,5,52.8,21.38,28.504166666666666,58.53,2024-01-05 10:00:00,21.06,30.161466541765968,Hourly,24.48,0.38,9.41,2.57,1.36,18.51,50.69,7.188362122208485,Bhatagaon,39.57,4,0.49999999999999994,30.054999999999996,0.8660254037844387,1.93,27.277708333333333,33.4208,0.49999999999999994,6.4935,0.55,0.45,6.719816246706118,-0.8660254037844387,9.849065945560321,26.11,10,36.0
341.59,26.11,32.51120815844922,0,23.72,9.90023721784993,0,37.10666666666666,9.33,15.52,14.43,2024,55.2,1,1.26,0.2810209754864796,5,51.05,21.38,30.94666666666667,52.8,2024-01-05 11:00:00,39.57,36.02676181554712,Hourly,21.06,0.66,9.31,1.28,1.93,11.119999999999997,40.41,11.071196261771727,Bhatagaon,50.69,4,0.258819045102521,32.50333333333333,0.8660254037844387,1.96,28.401458333333334,35.1918,0.49999999999999994,6.8288,0.45,0.44,8.192671629753855,-0.9659258262890682,14.967806563866622,27.93,11,32.78
338.92,27.93,33.726406903303186,0,23.72,9.751535193822944,0,43.556666666666665,9.23,16.44,15.52,2024,50.99,1,1.02,-0.20280134148747292,5,47.01,15.58,32.5325,51.05,2024-01-05 12:00:00,50.69,37.279115582533656,Hourly,39.57,0.43,9.33,1.26,1.96,-10.280000000000001,95.1,11.537702977629538,Bhatagaon,40.41,4,1.2246467991473532e-16,33.775,0.8660254037844387,2.12,29.096874999999997,30.7122,0.49999999999999994,7.7268,0.44,0.47,8.481282436418853,-1.0,6.19190869872354,30.11,12,26.44
350.02,30.11,43.16849814894885,0,21.015,19.415010808572138,0,62.06666666666666,9.33,17.5,16.44,2024,42.6,1,1.08,1.3533778767631774,5,48.84,38.32,39.15916666666667,47.01,2024-01-05 13:00:00,40.41,53.79936827323832,Hourly,50.69,0.31,9.23,1.02,2.12,54.69,89.89,26.78375284881989,Bhatagaon,95.1,4,-0.2588190451025208,45.218333333333334,0.8660254037844387,2.63,32.071041666666666,34.6032,0.49999999999999994,8.4,0.47,0.48,15.83837551913539,-0.9659258262890683,29.065794902829108,32.04,13,24.48
319.64,32.04,50.35642151064903,0,18.31,24.304246293164304,0,75.13333333333333,9.36,18.66,17.5,2024,35.11,1,1.1,-0.054784437434279645,5,49.77,36.9,43.45666666666667,48.84,2024-01-05 14:00:00,95.1,64.11097733802737,Hourly,40.41,0.61,9.33,1.08,2.63,-5.209999999999994,52.42,29.79680654029892,Bhatagaon,89.89,4,-0.4999999999999997,56.12,0.8660254037844387,2.78,34.94083333333334,37.609,0.49999999999999994,8.9568,0.48,0.48,19.552364677776335,-0.8660254037844388,30.183910173026383,34.19,14,21.06
353.72,34.19,50.67389512439533,0,22.49,24.336540427924486,0,79.13666666666667,9.36,18.49,18.66,2024,26.97,1,1.08,-0.41684280787629324,5,52.31,28.16,44.75,49.77,2024-01-05 15:00:00,89.89,60.77069809859098,Hourly,95.1,0.28,9.36,1.1,2.78,-37.47,35.04,24.73793254632786,Bhatagaon,52.42,4,-0.7071067811865471,61.346666666666664,0.8660254037844387,2.51,36.36208333333333,36.741600000000005,0.49999999999999994,8.5054,0.48,0.46,19.530624776659568,-0.7071067811865479,23.283497016842745,34.02,15,39.57
347.56,34.02,48.26868048987297,0,24.48,23.98872967697861,0,59.11666666666667,9.39,20.21,18.49,2024,25.56,1,1.22,-0.3315528424265548,5,51.12,36.0,45.32333333333333,52.31,2024-01-05 16:00:00,52.42,53.41907007042212,Hourly,89.89,0.35,9.36,1.08,2.51,-17.380000000000003,35.04,25.589935065698526,Bhatagaon,35.04,4,-0.8660254037844385,60.59166666666666,0.8660254037844387,2.53,36.885,45.1766,0.49999999999999994,8.2861,0.46,0.41,19.30982246107568,-0.5000000000000004,28.03149359797523,37.03,16,50.69
333.05,37.03,46.23349887604636,0,34.41,24.024223129368824,0,40.833333333333336,9.39,18.54,20.21,2024,27.46,1,1.49,0.0,5,48.61,32.78,45.24333333333334,51.12,2024-01-05 17:00:00,35.04,48.167907193158655,Hourly,52.42,0.77,9.39,1.22,2.53,0.0,0.98,27.52543599412491,Bhatagaon,35.04,4,-0.9659258262890683,57.98333333333333,0.8660254037844387,1.5,37.324999999999996,50.0789,0.49999999999999994,6.6743999999999994,0.41,0.36,19.13438312021859,-0.25881904510252063,10.034347678515408,33.61,17,40.41
312.82,33.61,39.27142212588538,0,34.41,27.083094805476485,0,23.686666666666667,9.5,20.78,18.54,2024,27.46,1,2.4,-0.9720319634703197,5,47.09,26.44,42.593333333333334,48.61,2024-01-05 18:00:00,35.04,34.68564799511333,Hourly,35.04,1.26,9.39,1.49,1.5,-34.06,33.37,35.97133659827873,Bhatagaon,0.98,4,-1.0,51.41166666666667,0.8660254037844387,1.18,35.93208333333333,87.0,0.49999999999999994,6.857400000000001,0.36,0.33,20.52227082510224,-1.8369701987210297e-16,19.664550168598534,36.25,18,95.1
311.22,36.25,38.363511029595315,4,31.43,26.77952388005484,1,23.129999999999995,9.58,23.58,20.78,2024,24.59,1,3.08,33.05102040816327,5,44.04,24.48,43.17083333333333,47.09,2024-01-05 19:00:00,0.98,34.309748567938094,Hourly,35.04,0.94,9.5,2.4,1.18,32.39,36.682,29.15962185397245,Bhatagaon,33.37,4,-0.9659258262890684,41.12333333333333,0.8660254037844387,1.38,35.88875,127.0808,0.49999999999999994,9.432,0.33,0.4,20.526721992584974,0.2588190451025203,19.20062759390941,41.26,19,89.89
331.4,41.26,38.104817025042195,4,29.01,26.23135216191547,1,23.677333333333333,9.6,26.14,23.58,2024,24.59,1,6.64,0.09925082409349731,5,40.85,21.06,44.187666666666665,44.04,2024-01-05 20:00:00,33.37,34.987534691384354,Hourly,0.98,0.43,9.58,3.08,1.38,3.3120000000000047,39.994,16.858866233132876,Bhatagaon,36.682,4,-0.8660254037844386,32.25533333333333,0.8660254037844387,1.18,36.10758333333333,265.5336,0.49999999999999994,12.8086,0.4,0.49,20.50510513721907,0.5000000000000001,19.7261005100686,39.99,20,52.42
314.5,39.99,38.395460559651085,4,25.9,25.265401022310822,1,36.681999999999995,9.65,26.32,26.14,2024,17.09,1,7.63,0.09028951529360442,5,42.76,39.57,45.765499999999996,40.85,2024-01-05 21:00:00,36.682,36.417953350988824,Hourly,33.37,0.45,9.6,6.64,1.18,3.3119999999999976,43.306,14.482028775923208,Bhatagaon,39.994,4,-0.7071067811865477,30.18433333333333,0.8660254037844387,0.98,36.56525,307.9468,0.49999999999999994,18.1608,0.49,0.69,20.46233685335089,0.7071067811865474,3.31199999999918,40.36,21,35.04
354.94,5.06,36.68821288409103,0,32.78,12.214477323689032,0,33.796666666666674,10.36,7.59,7.05,2024,20.32,1,4.68,0.029842012873025254,6,95.47,0.98,33.61290909090909,95.47,2024-01-06 06:00:00,34.18,35.273753986538836,Hourly,32.01,0.71,10.26,4.06,1.32,1.0200000000000031,35.2,7.091469288283479,Bhatagaon,35.2,5,1.0,35.901666666666664,0.8660254037844387,1.58,39.68095652173913,25.552799999999998,0.49999999999999994,5.313,0.66,0.7,19.791003988218026,6.123233995736766e-17,1.6291817987346788,5.46,6,49.93
345.69,5.46,36.459257055769335,0,26.44,5.684112557263493,0,34.86000000000001,10.47,10.61,7.59,2024,20.88,1,6.45,0.0,6,100.39,33.37,36.72381818181818,95.47,2024-01-06 07:00:00,35.2,35.252681418956314,Hourly,34.18,1.14,10.36,4.68,1.58,0.0,38.53,1.9483702591314154,Bhatagaon,35.2,5,0.9659258262890683,33.446666666666665,0.8660254037844387,1.64,39.78617391304348,52.88999999999999,0.49999999999999994,7.639199999999999,0.7,0.72,19.75905500052661,-0.25881904510252063,0.5888972745691369,8.2,7,33.82
329.61,8.2,36.77783289334329,0,24.48,5.591824772908501,0,36.31,10.5,9.93,10.61,2024,21.56,1,6.08,0.09460227272727267,6,100.39,36.682,37.19290909090909,100.39,2024-01-06 08:00:00,35.2,36.189058156397365,Hourly,35.2,1.24,10.47,6.45,1.64,3.3299999999999983,38.53,2.863015310239855,Bhatagaon,38.53,5,0.8660254037844387,34.23166666666667,0.8660254037844387,1.9,40.311826086956515,45.4784,0.49999999999999994,6.951,0.72,0.7,19.547550508375007,-0.4999999999999998,1.9225763964001183,7.48,8,30.27
348.69,7.48,37.04739706359817,0,21.06,5.60269009413453,0,37.42000000000001,10.44,6.42,9.93,2024,21.56,1,3.87,0.0,6,99.63,39.994,37.3609090909091,100.39,2024-01-06 09:00:00,38.53,36.857898683140974,Hourly,35.2,1.35,10.5,6.08,1.9,0.0,38.36,2.5453441155701935,Bhatagaon,38.53,5,0.7071067811865476,35.608333333333334,0.8660254037844387,1.75,40.922695652173914,16.0992,0.49999999999999994,4.558199999999999,0.7,0.71,19.247542403771494,-0.7071067811865475,1.922576396400099,4.16,9,32.01
350.15,4.16,37.24933597689076,0,39.57,5.547284511772365,0,38.47333333333333,10.26,4.81,6.42,2024,21.27,1,2.75,-0.0044121463794446324,6,105.72,43.306,37.21236363636364,99.63,2024-01-06 10:00:00,38.53,37.28707048795784,Hourly,38.53,2.54,10.44,3.87,1.75,-0.1700000000000017,43.04,2.0148018926603677,Bhatagaon,38.36,5,0.49999999999999994,36.666666666666664,0.8660254037844387,1.79,41.674869565217385,7.7275,0.49999999999999994,3.848,0.71,0.8,18.76810843208709,-0.8660254037844387,0.09814954573539009,2.81,10,34.18
339.79,2.64,38.94632930889812,0,40.41,5.557058506298808,0,41.593333333333334,9.7,4.76,4.63,2024,23.72,1,2.61,0.007899628252788183,6,107.43,49.93,37.704166666666666,107.43,2024-01-06 12:00:00,43.04,40.201974738754,Hourly,38.36,1.61,10.03,2.63,1.81,0.3400000000000034,43.38,3.1386982439648072,Bhatagaon,43.38,5,1.2246467991473532e-16,39.50666666666667,0.8660254037844387,2.0,41.50791304347826,7.621199999999999,0.49999999999999994,3.6176,0.78,0.76,18.669065998726975,-1.0,2.8053044992171423,2.92,12,35.2
352.47,2.92,39.62843249214457,0,95.1,4.460521439826881,0,43.26666666666667,9.81,4.57,4.76,2024,23.72,1,2.6,0.0,6,95.81,33.82,37.15833333333333,107.43,2024-01-06 13:00:00,43.38,41.10998195625285,Hourly,43.04,2.25,9.7,2.61,2.0,0.0,40.29,2.629083490496466,Bhatagaon,43.38,5,-0.2588190451025208,40.87,0.8660254037844387,1.27,41.63704347826087,6.656000000000001,0.49999999999999994,3.1532999999999998,0.76,0.69,18.671398076587327,-0.9659258262890683,0.19629909151054575,2.56,13,38.53
328.8,2.56,39.73021210873771,0,89.89,4.411073101762724,0,42.35,9.76,4.71,4.57,2024,21.015,1,2.62,-0.07123098201936384,6,76.94,30.27,37.6975,95.81,2024-01-06 14:00:00,43.38,40.87570139732347,Hourly,43.38,1.38,9.81,2.6,1.27,-3.0900000000000034,34.12,2.404368246893089,Bhatagaon,40.29,5,-0.4999999999999997,41.163333333333334,0.8660254037844387,1.68,39.254,7.3622000000000005,0.49999999999999994,2.6847,0.69,0.57,14.589187353528825,-0.8660254037844388,1.784012331794424,2.81,14,38.53
327.09,2.81,38.86710255354729,0,52.42,3.936181429053788,0,39.263333333333335,9.69,4.73,4.71,2024,18.31,1,2.62,-0.15313973690742125,6,66.33,32.01,38.01833333333334,76.94,2024-01-06 15:00:00,40.29,38.94550099808819,Hourly,43.38,1.18,9.76,2.62,1.68,-6.170000000000002,27.83,3.6969631681513637,Bhatagaon,34.12,5,-0.7071067811865471,40.428333333333335,0.8660254037844387,1.54,36.82921739130435,7.4146,0.49999999999999994,2.3177000000000003,0.57,0.49,9.557719064887925,-0.7071067811865479,4.7145978973108695,2.83,15,38.36
321.17,2.83,37.16908677607847,0,35.04,4.638522492032847,0,34.08,9.56,4.52,4.73,2024,22.49,1,2.66,-0.1843493552168816,6,54.3,34.18,37.67,66.33,2024-01-06 16:00:00,34.12,35.769643570062996,Hourly,40.29,1.58,9.69,2.62,1.54,-6.289999999999999,26.09,6.392144136881444,Bhatagaon,27.83,5,-0.8660254037844385,38.67333333333334,0.8660254037844387,0.92,35.76008695652174,6.4106000000000005,0.49999999999999994,1.8531999999999997,0.49,0.41,9.098759545389921,-0.5000000000000004,6.2300963074414035,2.41,16,43.04
318.79,2.41,35.464611887451014,0,35.04,5.6659837600985705,0,29.346666666666664,9.7,4.35,4.52,2024,24.48,1,2.61,-0.06252245777937472,6,48.69,35.2,36.99583333333334,54.3,2024-01-06 17:00:00,27.83,33.004031121473574,Hourly,34.12,1.54,9.56,2.66,0.92,-1.7399999999999984,23.43,7.690075205527442,Bhatagaon,26.09,5,-0.9659258262890683,35.84833333333333,0.8660254037844387,0.91,35.370956521739124,5.6636999999999995,0.49999999999999994,1.5224999999999997,0.41,0.35,9.31965834078347,-0.25881904510252063,4.224385556898025,2.17,17,43.38
325.63,2.17,33.61313313553547,0,0.98,6.891361522686752,0,25.78333333333333,9.73,4.39,4.35,2024,34.41,1,2.57,-0.10195477194327329,6,48.69,35.2,36.015,48.69,2024-01-06 18:00:00,26.09,30.268593658195407,Hourly,27.83,0.98,9.7,2.61,0.91,-2.66,20.64,8.085066893147394,Bhatagaon,23.43,5,-1.0,32.52333333333333,0.8660254037844387,0.79,34.86617391304348,5.808199999999999,0.49999999999999994,1.5364999999999998,0.35,0.35,9.647065213893232,-1.8369701987210297e-16,2.2159723223291525,2.26,18,43.38
320.68,2.26,31.617266499299244,0,33.37,8.204542902711168,0,23.386666666666667,9.81,4.88,4.39,2024,34.41,1,2.66,-0.11907810499359792,6,46.71,38.53,34.80166666666667,48.69,2024-01-06 19:00:00,23.43,27.517566898711006,Hourly,26.09,0.73,9.73,2.57,0.79,-2.789999999999999,19.61,7.266406723179496,Bhatagaon,20.64,5,-0.9659258262890684,28.733333333333334,0.8660254037844387,0.76,35.72095652173913,8.1928,0.49999999999999994,2.3912,0.35,0.49,7.021898522597868,0.2588190451025203,2.7252583975338935,3.08,19,40.29
341.59,3.08,29.769994730176286,0,36.682,9.182569951222533,0,21.226666666666663,9.85,4.45,4.88,2024,31.43,1,2.71,-0.04990310077519385,6,56.11,38.53,33.225,46.71,2024-01-06 20:00:00,20.64,25.25826207050786,Hourly,23.43,0.55,9.81,2.66,0.76,-1.0300000000000011,21.41,5.336758067091698,Bhatagaon,19.61,5,-0.8660254037844386,25.286666666666665,0.8660254037844387,0.84,35.12269565217391,5.9349,0.49999999999999994,3.5600000000000005,0.49,0.8,7.776886350735432,0.5000000000000001,1.9764193212294665,2.19,20,34.12
287.66,2.19,28.48384169476455,0,39.994,9.603702726584693,0,20.553333333333335,9.89,7.64,4.45,2024,29.01,1,4.21,0.09178990311065786,6,73.19,38.36,31.798333333333332,56.11,2024-01-06 21:00:00,19.61,24.15875862179133,Hourly,20.64,0.61,9.85,2.71,0.84,1.8000000000000007,24.96,3.2398050352866004,Bhatagaon,21.41,5,-0.7071067811865477,23.168333333333333,0.8660254037844387,1.95,34.45869565217391,25.049500000000002,0.49999999999999994,8.938799999999999,0.8,1.17,8.273795251135338,0.7071067811865474,0.9031242070331125,5.95,21,27.83
286.55,5.95,27.941712203262313,0,43.306,9.550279228029808,0,21.99333333333333,10.52,10.69,7.64,2024,25.9,1,5.77,0.16581036898645496,6,104.53,43.04,30.68166666666666,73.19,2024-01-06 22:00:00,21.41,24.38768472985095,Hourly,19.61,1.49,9.89,4.21,1.95,3.5500000000000007,32.68,2.552951233377122,Bhatagaon,24.96,5,-0.5000000000000004,22.689999999999998,0.8660254037844387,2.04,33.80504347826087,55.91129999999999,0.49999999999999994,12.934899999999999,1.17,1.21,8.409366398564085,0.8660254037844384,2.7222845797838793,9.69,22,26.09
162.7254,9.48,29.28749808635941,24,49.93,7.747940879923665,1,30.106666666666666,10.4484,10.231599999999998,10.2,2024,21.38,1,5.168,0.0,7,104.1154,43.38,28.926666666666666,104.53,2024-01-07 00:00:00,32.68,28.449226902985174,Hourly,24.96,1.6485999999999998,10.46,5.11,2.06,0.0,32.5048,5.970976469556856,Bhatagaon,32.68,6,0.0,25.330000000000002,0.8660254037844387,2.104,33.31541666666667,48.3270016,0.49999999999999994,10.280711679999998,1.01,1.0048,7.973579731330605,1.0,4.457144078143364,9.3512,0,20.64
251.3604,9.3512,29.782467611534884,24,33.82,6.427107571698664,1,32.6216,10.1584,11.0216,10.231599999999998,2024,15.58,1,6.618,-0.0053610771113830075,8,93.7504,40.29,28.020400000000006,104.1154,2024-01-08 01:00:00,32.68,29.60796207356084,Hourly,32.68,1.6136,10.4484,5.168,2.104,-0.1751999999999967,28.1248,6.070950642746839,Bhatagaon,32.5048,0,0.25881904510252074,27.307466666666667,0.8660254037844387,3.204,32.58936666666667,40.5762816,0.49999999999999994,9.64169568,1.0048,0.8748,7.145246365708387,0.9659258262890683,0.10115176713691491,6.1312,1,19.61
254.9058,6.1312,29.5274418251449,24,30.27,5.147991400596025,1,31.1032,10.1468,11.0532,11.0216,2024,38.32,1,6.676,-0.13474932932982212,8,93.3358,34.12,27.006633333333337,93.7504,2024-01-08 02:00:00,32.5048,29.184201481114883,Hourly,32.68,1.6122,10.1584,6.618,3.204,-4.380000000000003,27.9496,4.766877651461334,Bhatagaon,28.1248,0,0.49999999999999994,28.7266,0.8660254037844387,3.248,32.352066666666666,40.0720224,0.49999999999999994,9.61186272,0.8748,0.8695999999999999,7.196982989792639,0.8660254037844387,2.5808571599364116,6.0024,2,21.41
17.76,5.19,7.712543707576334,0,23.92,2.627269004925551,0,6.826666666666665,9.61,6.24,6.95,2024,32.5048,1,4.66,1.3472527472527474,10,26.75,3.38,6.818333333333334,28.2,2024-01-10 02:00:00,4.55,7.624562083451021,Hourly,5.25,0.42,9.62,5.28,5.61,6.13,9.41,2.5345091569506577,Bhatagaon,10.68,2,0.49999999999999994,7.798333333333332,0.8660254037844387,5.85,8.825833333333334,23.020400000000002,0.49999999999999994,2.8704,0.42,0.46,5.886543916031388,0.8660254037844387,3.3553887007816763,4.94,2,9.58
353.38,4.94,7.973690829487667,0,23.92,2.482529715407019,0,8.213333333333333,9.61,4.83,6.24,2024,28.1248,1,3.15,-0.11891385767790258,10,23.84,2.36,7.320833333333333,26.75,2024-01-10 03:00:00,10.68,8.134687202465015,Hourly,4.55,0.4,9.61,4.66,5.85,-1.2699999999999996,6.61,2.511453762266004,Bhatagaon,9.41,2,0.7071067811865476,7.77,0.8660254037844387,5.84,8.22125,13.923,0.49999999999999994,1.9320000000000002,0.46,0.4,4.9375097688404805,0.7071067811865476,3.2354649331020964,4.42,3,9.58
344.6,4.42,7.763892240335719,0,19.11,1.9582622166326378,0,8.9,9.61,4.09,4.83,2024,27.9496,1,2.63,-0.29755579171094576,10,19.11,5.61,7.675,23.84,2024-01-10 04:00:00,9.41,7.699062287475011,Hourly,10.68,0.24,9.61,3.15,5.84,-2.8,6.47,2.3721867548740905,Bhatagaon,6.61,2,0.8660254037844386,7.2749999999999995,0.8660254037844387,5.45,7.5,9.9414,0.49999999999999994,1.4314999999999998,0.4,0.35,3.637830218091011,0.5000000000000001,2.0823784478331544,3.78,4,7.15
347.76,12.81,30.83698356061886,3,9.41,22.907652430547916,1,52.92666666666667,9.63,31.86,33.66,2024,23.92,1,34.74,0.37362710070133637,11,213.326,18.23,23.956666666666667,171.812,2024-01-11 03:00:00,60.456,43.68000676458708,Hourly,15.28,1.07,9.64,35.79,12.31,22.587999999999994,105.632,29.950189332734887,Bhatagaon,83.044,3,0.7071067811865476,34.20333333333333,0.8660254037844387,9.93,17.466666666666665,357.1272,0.49999999999999994,27.7182,1.17,0.87,17.485499837857468,0.7071067811865476,34.50373993255417,10.28,3,14.81
343.75,10.28,42.343909166677506,0,6.61,32.71618842500767,0,83.044,9.63,27.94,31.86,2024,23.92,1,30.35,0.2720003853378933,11,254.84,13.7,31.240166666666664,213.326,2024-01-11 04:00:00,83.044,61.380576260419346,Hourly,60.456,0.6,9.63,34.74,9.93,22.588000000000008,128.22,39.58850751249239,Bhatagaon,105.632,3,0.8660254037844386,49.34033333333334,0.8660254037844387,8.05,21.475916666666667,300.7685,0.49999999999999994,28.778200000000002,0.87,1.03,24.982185196858744,0.5000000000000001,22.588,9.91,4,15.83
346.75,9.91,55.555615448727124,0,6.47,42.403223429142955,0,105.63199999999999,9.62,23.84,27.94,2024,19.11,1,25.15,0.21383671614662217,11,176.44,13.03,40.7835,254.84,2024-01-11 05:00:00,105.632,80.4775544717281,Hourly,83.044,0.43,9.63,30.35,8.05,22.587999999999994,121.15,46.54042757001701,Bhatagaon,128.22,3,0.9659258262890683,68.072,0.8660254037844387,6.93,26.543000000000003,244.7095,0.49999999999999994,23.84,1.03,1.0,32.91069346500965,0.25881904510252074,22.58800000000001,9.73,5,15.8
343.97,9.73,65.64705922584602,0,6.27,47.186981341159225,0,118.334,9.63,20.47,23.84,2024,13.78,1,20.75,-0.055139603805958455,11,115.11,11.63,49.7935,176.44,2024-01-11 06:00:00,128.22,92.0982531940915,Hourly,105.632,0.94,9.62,25.15,6.93,-7.069999999999993,52.29,42.579804309868145,Bhatagaon,121.15,3,1.0,85.63033333333334,0.8660254037844387,6.28,31.32133333333333,217.25250000000003,0.49999999999999994,19.6512,1.0,0.96,37.82752389541211,6.123233995736766e-17,11.55429911331712,10.47,6,15.28
240.88,10.47,63.59212703725432,0,7.44,45.63166109349423,0,100.55333333333334,9.62,17.71,20.47,2024,9.31,1,17.58,-0.5683862979777137,11,93.17,12.28,53.18183333333334,115.11,2024-01-11 07:00:00,121.15,80.72446656720821,Hourly,128.22,0.41,9.63,20.75,6.28,-68.86000000000001,52.29,31.620616962144585,Bhatagaon,52.29,3,0.9659258262890683,91.79866666666668,0.8660254037844387,5.43,33.23883333333334,167.889,0.49999999999999994,13.2825,0.96,0.75,37.668501605298935,-0.25881904510252063,41.946492503346846,9.55,7,60.456
144.18,9.55,61.85333826229212,0,7.23,43.79618997957782,0,75.24333333333334,9.63,16.3,17.71,2024,9.31,1,16.36,0.0,11,58.91,13.39,56.516,93.17,2024-01-11 08:00:00,52.29,72.60033326229158,Hourly,121.15,0.68,9.62,17.58,5.43,0.0,29.91,33.366975132107285,Bhatagaon,52.29,3,0.8660254037844387,90.43766666666666,0.8660254037844387,5.25,35.10758333333333,150.0212,0.49999999999999994,14.181000000000001,0.75,0.87,37.44481273405447,-0.4999999999999998,39.75633953639761,9.17,8,83.044
129.63,9.17,56.93897852963179,0,8.23,42.55953439879745,0,44.830000000000005,9.63,15.25,16.3,2024,6.77,1,14.25,-0.4279977051061388,11,121.06,14.81,57.89266666666666,58.91,2024-01-11 09:00:00,52.29,60.40309518735113,Hourly,52.29,0.81,9.63,16.36,5.25,-22.38,108.72,41.72570018585667,Bhatagaon,29.91,3,0.7071067811865476,81.58200000000001,0.8660254037844387,5.75,36.05258333333333,176.5575,0.49999999999999994,13.725,0.87,0.9,36.99415032244575,-0.7071067811865475,12.921099024463672,12.39,9,105.632
138.98,12.39,64.90528952507306,0,13.51,42.55139276536935,0,63.64000000000001,9.63,13.01,15.25,2024,4.86,1,9.45,2.6349047141424276,11,183.96,15.83,65.71849999999999,121.06,2024-01-11 10:00:00,29.91,74.20792513382223,Hourly,52.29,1.4,9.63,14.25,5.75,78.81,108.72,42.09904876201677,Bhatagaon,108.72,3,0.49999999999999994,82.09666666666668,0.8660254037844387,5.65,40.23966666666667,134.0955,0.49999999999999994,12.6197,0.9,0.97,39.32182817487629,-0.8660254037844387,40.61244759922747,14.19,10,128.22
145.39,14.19,71.64601421352336,0,13.49,41.07426959530599,0,82.44999999999999,9.63,8.97,13.01,2024,4.76,1,4.1,0.0,11,183.96,15.8,73.45933333333333,183.96,2024-01-11 11:00:00,108.72,84.06851795273016,Hourly,29.91,1.24,9.63,9.45,5.65,0.0,80.86,38.41800237735775,Bhatagaon,108.72,3,0.258819045102521,78.84666666666666,0.8660254037844387,5.18,44.20675,55.39099999999999,0.49999999999999994,8.252400000000002,0.97,0.92,41.26274080050388,-0.9659258262890682,45.50097471483439,13.51,11,121.15
140.7,13.51,73.06355048836592,0,16.54,36.84795462930929,0,99.43333333333332,9.63,5.85,8.97,2024,4.68,1,1.81,-0.25625459896983077,11,105.81,15.28,78.881,183.96,2024-01-11 12:00:00,108.72,83.1517985376644,Hourly,108.72,1.56,9.63,4.1,5.18,-27.86,53.59,32.63019669978509,Bhatagaon,80.86,3,1.2246467991473532e-16,72.13166666666666,0.8660254037844387,5.89,47.01383333333334,19.9824,0.49999999999999994,4.563,0.92,0.78,41.37366611712112,-1.0,16.08497849962297,11.04,12,52.29
352.29,11.04,70.06761964400192,0,17.56,32.20351783296635,0,81.05666666666667,9.62,4.31,5.85,2024,4.79,1,0.59,-0.33724956715310406,11,74.02,60.456,82.07350000000001,105.81,2024-01-11 13:00:00,80.86,74.70557038404601,Hourly,108.72,1.2,9.63,1.81,5.89,-27.269999999999996,53.59,32.47604866153926,Bhatagaon,53.59,3,-0.2588190451025208,72.34833333333334,0.8660254037844387,5.28,48.55758333333333,5.8941,0.49999999999999994,3.1893999999999996,0.78,0.74,40.8753892234272,-0.9659258262890683,27.565526175520972,9.99,13,52.29
334.95,9.99,67.5326012372324,0,18.96,32.67998711842778,0,62.68,9.62,4.1,4.31,2024,4.79,1,0.17,0.0,11,71.09,83.044,81.50133333333333,74.02,2024-01-11 14:00:00,53.59,68.67255027431858,Hourly,80.86,1.39,9.62,0.59,5.28,0.0,25.83,32.31942248865222,Bhatagaon,53.59,3,-0.4999999999999997,72.565,0.8660254037844387,5.26,50.058833333333325,1.7425000000000002,0.49999999999999994,2.665,0.74,0.65,40.34564047530192,-0.8660254037844388,15.744341840801004,10.25,14,29.91
335.77,10.25,61.11681643150434,0,18.23,36.39671295972656,0,44.336666666666666,9.62,4.13,4.1,2024,3.38,1,0.25,-0.5180070908751634,11,71.09,105.632,76.7335,71.09,2024-01-11 15:00:00,53.59,56.431821624513276,Hourly,53.59,1.02,9.62,0.17,5.26,-27.760000000000005,28.98,33.42053904412673,Bhatagaon,25.83,3,-0.7071067811865471,71.885,0.8660254037844387,5.04,50.34508333333334,2.5975,0.49999999999999994,2.4779999999999998,0.65,0.6,40.13924601002895,-0.7071067811865479,16.027243472703887,10.39,15,108.72
345.98,10.39,56.17269082665752,0,13.7,37.57123402970884,0,36.13333333333333,9.62,4.11,4.13,2024,2.36,1,0.36,0.12195121951219522,11,54.87,128.22,70.34583333333333,71.09,2024-01-11 16:00:00,25.83,48.58844401750949,Hourly,53.59,1.0,9.62,0.25,5.04,3.150000000000002,28.98,31.651032684574435,Bhatagaon,28.98,3,-0.8660254037844385,58.595,0.8660254037844387,4.88,50.793000000000006,3.5784,0.49999999999999994,2.1783,0.6,0.53,39.824032355394145,-0.5000000000000004,15.199737936337216,9.94,16,108.72
113.64,9.94,51.989199930248674,0,13.03,34.46813032836759,0,27.929999999999996,9.61,4.03,4.11,2024,5.61,1,0.24,0.0,11,52.43,121.15,62.07583333333334,54.87,2024-01-11 17:00:00,28.98,42.98603144107821,Hourly,25.83,1.01,9.62,0.36,4.88,0.0,14.9,21.511519472133976,Bhatagaon,28.98,3,-0.9659258262890683,45.30500000000001,0.8660254037844387,6.06,51.42966666666667,2.4408,0.49999999999999994,2.015,0.53,0.5,39.324248395666245,-0.25881904510252063,1.8186533479458942,10.17,17,80.86
329.41,10.17,46.28316917174888,0,11.63,31.426131232501795,0,24.286666666666665,9.61,3.95,4.03,2024,6.92,1,0.16,-0.4858523119392685,11,49.45,52.29,53.221666666666664,52.43,2024-01-11 18:00:00,28.98,34.96145102934158,Hourly,28.98,1.29,9.61,0.24,6.06,-14.08,21.34,15.804512541254347,Bhatagaon,14.9,3,-1.0,34.31166666666667,0.8660254037844387,5.43,51.507583333333336,1.5919999999999999,0.49999999999999994,2.844,0.5,0.72,39.24663165598522,-1.8369701987210297e-16,8.129091790189598,9.95,18,53.59
335.11,9.95,42.445758529941365,0,12.28,32.75163621866854,0,21.74,9.63,7.18,3.95,2024,8.38,1,1.86,0.4322147651006711,11,63.34,52.29,50.642500000000005,49.45,2024-01-11 19:00:00,14.9,31.06960787810113,Hourly,28.98,0.53,9.61,0.16,5.43,6.4399999999999995,24.74,13.207417108074761,Bhatagaon,21.34,3,-0.9659258262890684,28.936666666666667,0.8660254037844387,6.07,51.91216666666667,25.1472,0.49999999999999994,8.257,0.72,1.15,38.865872558198745,0.2588190451025203,7.0485175746389706,13.52,19,53.59
302.8,13.52,39.721795679181156,0,13.39,33.580759462236806,0,20.326666666666668,9.63,11.38,7.18,2024,8.38,1,5.95,0.15932521087160256,11,113.65,29.91,48.34666666666667,63.34,2024-01-11 20:00:00,21.34,29.26114848435795,Hourly,14.9,0.58,9.63,1.86,6.07,3.3999999999999986,53.91,5.353206204384982,Bhatagaon,24.74,3,-0.8660254037844386,24.128333333333334,0.8660254037844387,6.37,52.431333333333335,90.916,0.49999999999999994,18.321800000000003,1.15,1.61,38.393805169093625,0.5000000000000001,4.997652782389716,15.28,20,25.83
312.32,15.28,41.90459634392251,26,14.81,33.09405531163713,1,33.330000000000005,9.63,23.02,11.38,2024,9.58,1,19.53,1.1790622473726757,11,96.862,108.72,50.346666666666664,113.65,2024-01-11 21:00:00,24.74,36.303677488827105,Hourly,21.34,0.38,9.63,5.95,6.37,29.169999999999998,43.49,13.385975372256809,Bhatagaon,53.91,3,-0.7071067811865477,28.808333333333334,0.8660254037844387,8.51,54.11966666666667,326.73690000000005,0.49999999999999994,31.3072,1.61,1.36,37.482452597897385,0.7071067811865474,17.90369514932588,16.73,21,28.98
316.4,16.73,42.14850459870367,26,15.83,27.522503010622014,1,40.71333333333333,9.62,39.9,23.02,2024,9.58,1,40.63,-0.1932851048043034,11,80.07400000000001,108.72,44.91083333333333,96.862,2024-01-11 22:00:00,53.91,38.35691249201936,Hourly,24.74,0.51,9.63,19.53,8.51,-10.419999999999995,33.06999999999999,14.67210641546284,Bhatagaon,43.49,3,-0.5000000000000004,31.22666666666667,0.8660254037844387,11.13,55.31466666666666,696.8045,0.49999999999999994,67.431,1.36,1.69,36.6220147222793,0.8660254037844384,14.781902223101358,17.15,22,28.98
346.89,17.15,40.75181158351849,26,15.8,18.887358125733147,1,43.49,9.63,51.52,39.9,2024,7.15,1,56.64,-0.23959530926649825,11,63.28600000000001,80.86,38.60666666666667,80.07400000000001,2024-01-11 23:00:00,43.49,36.84636606572811,Hourly,53.91,0.51,9.62,40.63,11.13,-10.420000000000009,22.65,14.641829689853171,Bhatagaon,33.06999999999999,3,-0.25881904510252157,31.90833333333333,0.8660254037844387,11.47,56.032999999999994,927.7632,0.49999999999999994,92.736,1.69,1.8,35.97726175625741,0.9659258262890681,10.419999999999797,16.38,23,14.9
123.03,16.38,37.96691749374641,26,15.28,13.85299210104143,1,33.07,8.21,51.52779394508332,51.52,2024,5.25,1,56.643625909410936,-0.3150892047172663,12,29.71,53.59,33.755833333333335,63.28600000000001,2024-01-12 01:00:00,33.06999999999999,32.790261475520076,Hourly,43.49,4.16,9.63,56.64,11.47,-10.419999999999995,1.81,13.102204394681038,Bhatagaon,22.65,4,0.25881904510252074,33.199999999999996,0.8660254037844387,4.13,56.31841666666667,928.3248210248432,0.49999999999999994,36.58473370100916,1.8,0.71,35.670065793770064,0.9659258262890683,10.419999999999758,16.38886646327153,1,21.34
344.85,16.38886646327153,32.404314802400805,26,60.456,15.11973632426018,1,19.176666666666666,8.21,51.53169091762497,51.52779394508332,2024,4.55,1,56.64543886411641,-0.9200883002207506,12,30.31,53.59,29.440833333333334,29.71,2024-01-12 02:00:00,22.65,23.938758196800055,Hourly,33.06999999999999,3.58,8.21,56.643625909410936,4.13,-20.84,0.11,18.107684280437383,Bhatagaon,1.81,4,0.49999999999999994,29.944999999999997,0.8660254037844387,4.24,55.75716666666667,928.6056556490096,0.49999999999999994,32.46496527810373,0.71,0.63,36.4414888156542,0.8660254037844387,15.91681291381309,16.3932996949073,2,24.74
347.56,16.3932996949073,27.435958678954528,26,83.044,15.235853920833286,1,8.190000000000003,8.21,51.53558789016663,51.53169091762497,2024,10.68,1,56.64725181882187,-0.9392265193370165,12,25.29,25.83,24.984166666666667,30.31,2024-01-12 03:00:00,1.81,17.130541569142895,Hourly,22.65,3.55,8.21,56.64543886411641,4.24,-1.7,0.01,21.915155486557676,Bhatagaon,0.11,4,0.7071067811865476,25.84,0.8660254037844387,4.44,53.24275,928.8865063476719,0.49999999999999994,29.890640976296645,0.63,0.58,38.1452496321626,0.7071067811865476,12.551541737969604,16.397732926543064,3,53.91
345.64,16.397732926543064,23.21658042065383,26,105.632,16.843885389066305,1,0.6433333333333358,8.21,,51.53558789016663,2024,9.41,1,,-0.9090909090909092,12,20.15,28.98,22.8325,25.29,2024-01-12 04:00:00,0.11,12.238958263673497,Hourly,1.81,4.14,8.21,56.64725181882187,4.44,-0.1,3.57,18.954854435385826,Bhatagaon,0.01,4,0.8660254037844386,16.856666666666666,0.8660254037844387,4.6,49.78300000000001,,0.49999999999999994,,0.58,0.55,39.078914523663876,0.5000000000000001,1.011599393695817,,4,43.49
345.95,,20.194029586707085,26,128.22,17.581828687596786,1,1.2300000000000024,8.21,,,2024,6.61,1,,356.0,12,31.04,28.98,20.715,20.15,2024-01-12 05:00:00,0.01,9.762113045481069,Hourly,0.11,2.92,8.21,,4.6,3.56,4.81,14.128216683880012,Bhatagaon,3.57,4,0.9659258262890683,10.203333333333331,0.8660254037844387,4.26,45.53041666666667,,0.49999999999999994,,0.55,0.53,38.282257949759,0.25881904510252074,2.027116178217829,,5,33.06999999999999
354.03,,17.82725580413676,26,121.15,17.929924432398387,1,2.796666666666669,8.21,,,2024,6.47,1,,0.3473389355742296,12,29.57,14.9,18.700833333333332,31.04,2024-01-12 06:00:00,3.57,8.34722360391505,Hourly,0.01,2.67,8.21,,4.26,1.2399999999999998,19.74,8.615469033469134,Bhatagaon,4.81,4,1.0,5.493333333333333,0.8660254037844387,4.46,40.38833333333333,,0.49999999999999994,,0.53,0.51,34.82454152969749,6.123233995736766e-17,2.4916928649666907,,6,22.65
358.19,,18.121524141961874,26,52.29,17.891047765614974,1,9.373333333333335,8.62,,,2024,6.27,1,,3.1039501039501043,12,27.96,21.34,19.104166666666668,29.57,2024-01-12 07:00:00,4.81,11.602302574225035,Hourly,3.57,2.15,8.21,,4.46,14.93,32.71,7.4610519812333145,Bhatagaon,19.74,4,0.9659258262890683,5.008333333333333,0.8660254037844387,4.7,36.16291666666667,,0.49999999999999994,,0.51,0.47,30.480661934950756,-0.25881904510252063,8.99917959223653,,7,1.81
342.57,,20.36590504319851,26,52.29,18.31624258477278,1,19.08666666666667,9.18,,,2024,7.44,1,,0.6570415400202636,12,36.91,24.74,20.051666666666666,27.96,2024-01-12 08:00:00,19.74,17.633073267303594,Hourly,4.81,1.22,8.62,,4.7,12.970000000000002,5.89,13.238991527554719,Bhatagaon,32.71,4,0.8660254037844387,10.158333333333333,0.8660254037844387,5.65,35.34708333333333,,0.49999999999999994,,0.47,0.56,30.291692860264217,-0.4999999999999998,13.96146959790864,,8,0.11
355.14,,18.138842728860276,26,29.91,18.68225772726306,1,19.44666666666667,9.35,,,2024,7.23,1,,-0.819932742280648,12,43.65,53.91,18.480833333333333,36.91,2024-01-12 09:00:00,32.71,14.277909476645425,Hourly,19.74,1.5,9.18,,5.65,-26.82,36.42,12.554171285539544,Bhatagaon,5.89,4,0.7071067811865476,11.121666666666664,0.8660254037844387,5.84,33.41375,,0.49999999999999994,,0.56,0.63,30.64200283108143,-0.7071067811865475,13.412405948722519,,9,0.01
351.93,,20.951328462881772,26,108.72,16.181893547662472,1,25.00666666666667,10.01,,,2024,8.23,1,,5.183361629881155,12,40.41,43.49,17.023333333333333,43.65,2024-01-12 10:00:00,5.89,20.60422105474673,Hourly,32.71,1.91,9.35,,5.84,30.53,48.64,14.721580078238851,Bhatagaon,36.42,4,0.49999999999999994,17.189999999999998,0.8660254037844387,6.45,33.685,,0.49999999999999994,,0.63,0.72,30.638452112110517,-0.8660254037844387,16.659118624144785,,10,3.57
346.61,,25.211124083976884,26,108.72,16.99547914486785,1,30.316666666666674,10.15,,,2024,13.51,1,,0.33552992861065345,12,42.6,33.06999999999999,17.4525,40.41,2024-01-12 11:00:00,36.42,28.614443610533378,Hourly,5.89,2.93,10.01,,6.45,12.219999999999999,58.64,17.59927204933959,Bhatagaon,48.64,4,0.258819045102521,24.701666666666668,0.8660254037844387,6.81,31.18166666666667,,0.49999999999999994,,0.72,0.74,26.402766433885702,-0.9659258262890682,22.0188245220613,,11,4.81
109.25,,30.354028071057364,26,80.86,20.394580088094447,1,47.900000000000006,9.99,,,2024,13.49,1,,0.20559210526315788,12,43.56,22.65,19.583333333333332,42.6,2024-01-12 12:00:00,48.64,37.193174007523844,Hourly,36.42,3.38,10.15,,6.81,10.0,58.64,19.08852604751519,Bhatagaon,58.64,4,1.2246467991473532e-16,33.67333333333333,0.8660254037844387,6.58,29.095,,0.49999999999999994,,0.74,0.75,21.539353670009273,-1.0,11.128467998785641,,12,19.74
119.89,,34.70571606012546,26,53.59,23.322651153292657,1,55.30666666666667,9.54,,,2024,16.54,1,,0.0,12,62.9,1.81,22.5825,43.56,2024-01-12 13:00:00,58.64,43.32083857680274,Hourly,48.64,3.55,9.99,,6.58,0.0,42.06,19.994269845799973,Bhatagaon,58.64,4,-0.2588190451025208,40.156666666666666,0.8660254037844387,7.01,28.16916666666667,,0.49999999999999994,,0.75,0.8,19.608589714197013,-0.9659258262890683,5.77350269189598,,13,32.71
115.56,,35.8371443585677,26,53.59,22.955050279477383,1,53.113333333333344,9.36,,,2024,17.56,1,,-0.28274215552523874,12,74.25,0.11,25.936666666666667,62.9,2024-01-12 14:00:00,58.64,42.96059898343053,Hourly,58.64,3.71,9.54,,7.01,-16.58,48.18,19.6593669786186,Bhatagaon,42.06,4,-0.4999999999999997,41.715,0.8660254037844387,7.07,27.68875,,0.49999999999999994,,0.8,0.75,19.093162289040936,-0.8660254037844388,9.57246746316382,,14,5.89
270.03,,37.73604522648036,26,25.83,22.22092876096769,1,49.62666666666667,8.59,,,2024,18.96,1,,0.14550641940085585,12,64.88,0.01,29.9425,74.25,2024-01-12 15:00:00,42.06,44.45185641673609,Hourly,58.64,1.59,9.36,,7.07,6.119999999999997,38.43,8.86278887634508,Bhatagaon,48.18,4,-0.7071067811865471,48.76333333333333,0.8660254037844387,7.09,27.463333333333335,,0.49999999999999994,,0.75,0.74,18.80381614059439,-0.7071067811865479,8.384135813149124,,15,36.42
109.51,,37.84280749932953,26,28.98,20.191225573290897,1,42.89000000000001,8.69,,,2024,18.23,1,,-0.20236612702366127,12,39.63,3.57,33.14416666666667,64.88,2024-01-12 16:00:00,48.18,42.73132601195435,Hourly,42.06,3.71,8.59,,7.09,-9.75,22.25,8.324562250753255,Bhatagaon,38.43,4,-0.8660254037844385,49.09833333333333,0.8660254037844387,6.49,27.98833333333333,,0.49999999999999994,,0.74,0.73,18.931691319897617,-0.5000000000000004,4.927707377675329,,16,48.64
114.71,,35.44391403789422,26,28.98,18.339015765368256,1,36.28666666666667,8.49,,,2024,13.7,1,,-0.42102524069737185,12,39.74,4.81,34.700833333333335,39.63,2024-01-12 17:00:00,38.43,36.879518579967396,Hourly,48.18,4.1,8.69,,6.49,-16.18,23.11,13.79161049333976,Bhatagaon,22.25,4,-0.9659258262890683,44.699999999999996,0.8660254037844387,3.91,27.707916666666666,,0.49999999999999994,,0.73,0.71,18.966175149956918,-0.25881904510252063,13.09719944619187,,17,58.64
117.78,,33.54638880129511,26,14.9,16.271817498268927,1,27.930000000000007,8.27,,,2024,13.03,1,,0.0386516853932584,12,30.69,19.74,36.225833333333334,39.74,2024-01-12 18:00:00,22.25,32.94537041426243,Hourly,38.43,3.96,8.49,,3.91,0.8599999999999994,23.33,14.22990009334802,Bhatagaon,23.11,4,-1.0,38.778333333333336,0.8660254037844387,3.87,27.463333333333335,,0.49999999999999994,,0.71,0.68,18.98689517550987,-1.8369701987210297e-16,9.103427925786784,,18,58.64
111.77,,31.97463667801894,26,21.34,15.971390045954081,1,22.896666666666672,8.21,,,2024,11.63,1,,0.009519688446559881,12,34.81,32.71,36.525,30.69,2024-01-12 19:00:00,23.11,30.19812172447316,Hourly,22.25,2.94,8.27,,3.87,0.21999999999999886,13.87,11.391366321327128,Bhatagaon,23.33,4,-0.9659258262890684,32.89333333333333,0.8660254037844387,3.7,27.81458333333333,,0.49999999999999994,,0.68,0.64,18.821630012849113,0.2588190451025203,0.5707305260170058,,19,42.06
353.24,,29.189307958323717,26,24.74,17.254918402905016,1,20.103333333333335,8.21,,,2024,12.28,1,,-0.405486498071153,12,22.68,5.89,34.955000000000005,34.81,2024-01-12 20:00:00,23.33,25.5329440889094,Hourly,23.11,1.71,8.21,,3.7,-9.459999999999999,15.37,12.603408665912538,Bhatagaon,13.87,4,-0.8660254037844386,28.194999999999997,0.8660254037844387,3.91,27.503333333333334,,0.49999999999999994,,0.64,0.65,18.99432699442171,0.5000000000000001,5.399345639364779,,20,48.18
113.08,,27.063260580120065,26,53.91,15.972598980185388,1,17.523333333333337,8.42,,,2024,13.39,1,,0.10814708002883923,12,20.38,36.42,35.745,22.68,2024-01-12 21:00:00,13.87,22.629245777792427,Hourly,23.33,4.12,8.21,,3.91,1.5,12.22,8.71658113406087,Bhatagaon,15.37,4,-0.7071067811865477,22.726666666666663,0.8660254037844387,3.88,27.112916666666667,,0.49999999999999994,,0.65,0.66,19.149260509996537,0.7071067811865474,5.084341976433851,,21,38.43
109.98,,24.779682029332363,26,43.49,17.348119538300185,1,13.820000000000006,8.32,,,2024,14.81,1,,-0.20494469746258936,12,19.8,48.64,33.72833333333333,20.38,2024-01-12 22:00:00,15.37,19.655175555566018,Hourly,13.87,3.76,8.42,,3.88,-3.1499999999999986,11.72,5.083213222624628,Bhatagaon,12.22,4,-0.5000000000000004,18.35833333333333,0.8660254037844387,3.41,25.375833333333333,,0.49999999999999994,,0.66,0.63,18.49237490724617,0.8660254037844384,1.5755951256568836,,22,22.25
106.08,,22.770500178665845,26,33.06999999999999,17.73273338584141,1,13.103333333333339,8.21,,,2024,15.83,1,,-0.0409165302782324,12,21.27,58.64,30.65166666666667,19.8,2024-01-12 23:00:00,12.22,17.387982539690015,Hourly,15.37,3.89,8.32,,3.41,-0.5,16.2,5.284648206519129,Bhatagaon,11.72,4,-0.25881904510252157,16.60333333333333,0.8660254037844387,3.17,24.052083333333332,,0.49999999999999994,,0.63,0.58,18.275150146095154,0.9659258262890681,1.9788464653244378,,23,23.11
301.73,,21.759653997332634,0,22.65,15.766350531778441,0,13.380000000000004,9.61,84.73,,2025,15.8,1,72.09,0.3822525597269623,1,108.12,58.64,27.115,21.27,2025-01-01 01:00:00,11.72,17.04855895692144,Hourly,12.22,1.42,8.21,,3.17,4.479999999999999,36.06,4.230968762194522,Bhatagaon,16.2,2,0.25881904510252074,15.451666666666666,0.8660254037844387,8.37,23.349166666666665,3904.3944,0.49999999999999994,133.8734,0.58,1.58,18.23761018780481,0.9659258262890683,2.454954174723778,54.16,1,23.33
267.24,54.16,23.95970722851223,0,1.81,12.713826641841125,0,21.32666666666667,9.54,75.95,84.73,2025,15.28,1,62.45,1.225925925925926,1,91.82,42.06,25.233333333333334,108.12,2025-01-01 02:00:00,16.2,22.480399254943883,Hourly,11.72,2.6,9.61,72.09,8.37,19.860000000000003,36.06,9.220975364171942,Bhatagaon,36.06,2,0.49999999999999994,17.573333333333334,0.8660254037844387,8.16,23.907916666666665,3256.7675,0.49999999999999994,105.5705,1.58,1.39,18.419771272518208,0.8660254037844387,12.954571908532044,52.15,2,13.87
108.16,52.15,25.821290731818042,0,0.11,12.094834609965758,0,29.44000000000001,8.68,63.73,75.95,2025,60.456,1,47.97,0.0,1,81.3,48.18,24.733333333333334,91.82,2025-01-01 03:00:00,36.06,26.360285182102775,Hourly,16.2,2.77,9.54,62.45,8.16,0.0,34.07,11.585405330270751,Bhatagaon,36.06,2,0.7071067811865476,21.271666666666665,0.8660254037844387,7.42,25.335000000000004,2450.7873,0.49999999999999994,78.3879,1.39,1.23,17.954169916520986,0.7071067811865476,11.466176346105739,51.09,3,15.37
105.85,51.09,27.09032292692296,0,0.01,10.135318199247683,0,35.396666666666675,8.21,52.23,63.73,2025,83.044,1,34.93,-0.0551858014420411,1,58.72,38.43,23.5575,81.3,2025-01-01 04:00:00,36.06,28.56306084435912,Hourly,36.06,2.45,8.68,47.97,7.42,-1.990000000000002,32.25,12.180263407113408,Bhatagaon,34.07,2,0.8660254037844386,24.388333333333335,0.8660254037844387,7.28,26.75,1719.9532000000002,0.49999999999999994,54.841499999999996,1.23,1.05,17.202182874628928,0.5000000000000001,1.1489270356851993,49.24,4,12.22
332.5,49.24,27.88411939970404,0,3.57,9.444368331541263,0,34.12666666666667,8.21,45.69,52.23,2025,105.632,1,27.16,-0.053419430584091585,1,57.13,22.25,23.0425,58.72,2025-01-01 05:00:00,34.07,29.616472031685085,Hourly,36.06,1.03,8.21,34.93,7.28,-1.8200000000000003,29.92,10.850481402530761,Bhatagaon,32.25,2,0.9659258262890683,27.72666666666667,0.8660254037844387,7.17,28.093333333333334,1314.5439999999999,0.49999999999999994,40.6641,1.05,0.89,16.256049754574178,0.25881904510252074,1.9056320036482113,48.4,5,11.72
321.58,48.4,28.197331799749573,0,4.81,9.64330463287485,0,32.080000000000005,8.21,45.66,45.69,2025,128.22,1,25.89,-0.07224806201550382,1,63.22,23.11,23.68166666666667,57.13,2025-01-01 06:00:00,32.25,29.70319430834649,Hourly,34.07,1.25,8.21,27.16,7.17,-2.3299999999999983,28.58,7.510730989723919,Bhatagaon,29.92,2,1.0,30.76,0.8660254037844387,7.16,29.19125,1302.0081,0.49999999999999994,37.8978,0.89,0.83,15.394766562049675,6.123233995736766e-17,2.0802163349024103,50.29,6,16.2
116.95,50.29,28.256203830557332,0,19.74,9.742596373190795,0,30.250000000000004,8.21,46.54,45.66,2025,121.15,1,26.78,-0.0447860962566846,1,80.81,23.33,24.1375,63.22,2025-01-01 07:00:00,29.92,29.382281648818925,Hourly,32.25,3.16,8.21,25.89,7.16,-1.3400000000000034,27.96,3.1391124010882256,Bhatagaon,28.58,2,0.9659258262890683,32.82333333333333,0.8660254037844387,7.39,30.18166666666667,1355.068,0.49999999999999994,36.3012,0.83,0.78,14.496415349010155,-0.25881904510252063,1.8571214284463715,50.6,7,36.06
122.38,50.6,28.210634010471587,0,32.71,9.799225696065255,0,28.820000000000004,8.21,41.22,46.54,2025,52.29,1,21.79,-0.021693491952414188,1,85.81,13.87,24.523333333333337,80.81,2025-01-01 08:00:00,28.58,28.97591546344209,Hourly,29.92,3.2,8.21,26.78,7.39,-0.6199999999999974,33.64,3.2097081902668174,Bhatagaon,27.96,2,0.8660254037844387,31.47333333333333,0.8660254037844387,7.34,30.52416666666667,1062.2625,0.49999999999999994,35.037,0.78,0.85,14.335197460512596,-0.4999999999999998,1.0017983829067536,48.75,8,36.06
154.92,48.75,29.04592108578365,0,5.89,9.50273688646248,0,30.060000000000002,8.21,37.68,41.22,2025,52.29,1,17.04,0.20314735336194562,1,85.81,15.37,26.170833333333334,85.81,2025-01-01 09:00:00,27.96,30.308511045315775,Hourly,28.58,2.78,8.21,21.79,7.34,5.68,33.64,2.6150334605888355,Bhatagaon,33.64,2,0.7071067811865476,31.069999999999997,0.8660254037844387,6.12,30.562916666666666,828.3144,0.49999999999999994,30.897599999999997,0.85,0.82,14.342618001020284,-0.7071067811865475,3.1158305473813375,48.61,9,34.07
280.04,48.61,29.75270245720155,0,36.42,9.068609528912361,0,31.74666666666667,8.21,34.42,37.68,2025,29.91,1,12.97,0.0,1,72.32,12.22,27.69333333333333,85.81,2025-01-01 10:00:00,33.64,31.260365032368412,Hourly,27.96,1.74,8.21,17.04,6.12,0.0,30.48,2.5205588004777604,Bhatagaon,33.64,2,0.49999999999999994,30.998333333333335,0.8660254037844387,5.91,31.719166666666666,646.9436000000001,0.49999999999999994,26.847600000000003,0.82,0.78,13.351397229167333,-0.8660254037844387,3.2793495289962835,49.88,10,32.25
236.56,49.88,29.864594386862848,0,48.64,7.658579858860698,0,32.586666666666666,8.21,32.61,34.42,2025,108.72,1,9.21,-0.093935790725327,1,66.46,11.72,29.215000000000003,72.32,2025-01-01 11:00:00,33.64,31.037403594548866,Hourly,33.64,1.4,8.21,12.97,5.91,-3.16,27.97,2.4472814849677365,Bhatagaon,30.48,2,0.258819045102521,30.703333333333333,0.8660254037844387,6.01,31.471666666666664,472.93350000000004,0.49999999999999994,24.7836,0.78,0.76,13.315475033295712,-0.9659258262890682,1.8244268506378136,51.35,11,29.92
241.02142857142857,51.35,29.573118327345487,12,58.64,5.3823118695043455,1,30.69666666666667,8.322857142857144,36.77857142857143,32.61,2025,108.72,1,14.251428571428573,-0.08234908136482945,1,69.98785714285714,16.2,30.569166666666664,66.46,2025-01-01 12:00:00,30.48,30.161002567534904,Hourly,33.64,1.3407142857142855,8.21,9.21,6.01,-2.5100000000000016,28.387857142857143,2.689597863373983,Bhatagaon,27.97,2,1.2246467991473532e-16,30.378333333333334,0.8660254037844387,6.075,30.610416666666666,734.8036571428572,0.49999999999999994,29.39658673469388,0.76,0.7992857142857143,12.815837850832978,-1.0,2.841202796937955,51.56,12,28.58
245.48285714285717,51.56,29.390770452808816,12,58.64,3.083218464030739,1,28.945952380952388,8.435714285714287,40.94714285714286,36.77857142857143,2025,80.86,1,19.292857142857144,0.014939475969150679,1,73.51571428571428,36.06,31.58482142857143,69.98785714285714,2025-01-01 13:00:00,27.97,29.654389589055548,Hourly,30.48,1.2814285714285714,8.322857142857144,14.251428571428573,6.075,0.4178571428571445,28.805714285714284,2.716303476202385,Bhatagaon,28.387857142857143,2,-0.2588190451025208,30.346309523809524,0.8660254037844387,6.14,29.349910714285713,998.7912142857144,0.49999999999999994,34.33710408163265,0.7992857142857143,0.8385714285714285,11.342111448790963,-0.9659258262890683,1.3448523045609948,51.77,13,27.96
249.9442857142857,51.77,29.30076181171735,12,42.06,2.826488696989007,1,28.387857142857143,8.54857142857143,45.11571428571429,40.94714285714286,2025,53.59,1,24.33428571428572,0.014719573258183762,1,77.04357142857143,36.06,30.98029761904762,73.51571428571428,2025-01-01 14:00:00,28.387857142857143,29.411910930958044,Hourly,27.97,1.222142857142857,8.435714285714287,19.292857142857144,6.14,0.41785714285714093,29.22357142857143,2.5865528402175206,Bhatagaon,28.805714285714284,2,-0.4999999999999997,30.487261904761905,0.8660254037844387,6.205,28.106815476190476,1264.8961714285717,0.49999999999999994,39.60515204081633,0.8385714285714285,0.8778571428571429,9.47330409182112,-0.8660254037844388,0.4178571428506018,51.98,14,33.64
268.95,56.66,27.756908400800953,0,28.387857142857143,3.0930629861619234,0,25.040000000000006,9.56,38.74,46.46,2025,58.64,1,14.48,-0.04815864022662895,2,51.1,33.82,28.787499999999998,53.56,2025-01-02 13:00:00,24.71,26.25045752408817,Hourly,26.89,0.67,9.6,23.02,6.3,-1.1900000000000013,24.8,2.0035035978671627,Bhatagaon,23.52,3,-0.2588190451025208,26.426666666666666,0.8660254037844387,5.87,28.791142857142855,848.2384,0.49999999999999994,24.406200000000002,0.68,0.63,2.746262790570718,-0.9659258262890683,1.709064071356018,58.58,13,26.99
273.27,58.58,27.301999416062344,0,28.805714285714284,2.84495553035513,0,24.343333333333344,9.5,35.78,38.74,2025,58.64,1,8.29,0.05442176870748304,2,44.37,31.45,28.035833333333333,51.1,2025-01-02 14:00:00,23.52,25.836041088634406,Hourly,24.71,1.36,9.56,14.48,5.87,1.2800000000000011,21.94,2.07843611079741,Bhatagaon,24.8,3,-0.4999999999999997,26.061666666666667,0.8660254037844387,6.15,28.551952380952383,501.2134,0.49999999999999994,21.1102,0.63,0.59,2.9337425036546496,-0.8660254037844388,0.7144461724534169,60.46,14,27.31
168.19,60.46,26.477076428975828,0,29.22357142857143,3.118820678436592,0,23.420000000000005,9.32,30.85,35.78,2025,42.06,1,4.55,-0.11532258064516127,2,45.23,32.18,27.243333333333336,44.37,2025-01-02 15:00:00,24.8,24.722886491881717,Hourly,23.52,2.02,9.5,8.29,6.15,-2.8599999999999994,20.76,2.5386269254592446,Bhatagaon,21.94,3,-0.7071067811865471,25.166666666666668,0.8660254037844387,5.68,28.094238095238094,255.073,0.49999999999999994,16.9675,0.59,0.55,3.3912367609342695,-0.7071067811865479,1.432619977523699,56.06,15,29.14
329.68,108.77,30.28812315557653,0,33.82,7.841030003459542,0,38.65666666666667,10.14,141.28,185.81,2025,16.2,1,118.31,-0.06318614296169806,3,160.54,24.8,26.883333333333336,195.05,2025-01-03 02:00:00,40.99,33.85020616584104,Hourly,36.58,0.32,10.19,162.56,7.34,-2.5900000000000034,52.12,7.423951553362044,Bhatagaon,38.4,4,0.49999999999999994,32.51833333333333,0.8660254037844387,7.03,27.83541666666667,11192.126,0.49999999999999994,251.4784,2.34,1.78,5.9097995104424585,0.8660254037844387,2.2161753841547545,94.6,2,21.82
318.81,94.6,33.64687343933399,0,31.45,10.645740932410542,0,43.83666666666667,10.1,130.59,141.28,2025,36.06,1,111.47,0.3572916666666667,3,129.72,21.94,29.16,160.54,2025-01-03 03:00:00,38.4,39.07014726131503,Hourly,40.99,0.71,10.14,118.31,7.03,13.719999999999999,36.88,8.858118122189765,Bhatagaon,52.12,4,0.7071067811865476,37.568333333333335,0.8660254037844387,6.56,28.597916666666663,9102.6402,0.49999999999999994,216.77939999999998,1.78,1.66,7.642170747365356,0.7071067811865476,7.289529019993915,81.66,3,26.6
316.5,81.66,34.1442775255903,0,32.18,10.59811089512918,0,42.466666666666676,9.96,120.18,130.59,2025,36.06,1,100.48,-0.29240214888718336,3,87.44,20.76,30.405,129.72,2025-01-03 04:00:00,52.12,38.44439090093931,Hourly,38.4,0.64,10.1,111.47,6.56,-15.239999999999995,9.74,7.139855507408168,Bhatagaon,36.88,4,0.8660254037844386,39.281666666666666,0.8660254037844387,6.47,28.82416666666667,7881.6512,0.49999999999999994,186.27900000000002,1.66,1.55,7.808840540036201,0.5000000000000001,8.394506139930654,78.44,4,30.72
320.25,78.44,30.389773290884097,0,30.82,11.906513368995219,0,32.91333333333334,9.86,109.0,120.18,2025,34.07,1,87.68,-0.7359002169197396,3,79.16,18.96,29.486666666666668,87.44,2025-01-03 05:00:00,36.88,30.243136357813793,Hourly,52.12,0.55,9.96,100.48,6.47,-27.14,22.82,14.00668090591058,Bhatagaon,9.74,4,0.9659258262890683,35.785000000000004,0.8660254037844387,5.7,27.889166666666664,6830.272000000001,0.49999999999999994,143.88,1.55,1.32,8.683958682870378,0.25881904510252074,21.4666469979206,77.9,5,36.58
308.25,77.9,29.225192784594235,0,30.56,11.645552278822553,0,23.146666666666675,9.76,120.87,109.0,2025,32.25,1,99.91,1.3429158110882957,3,106.25,20.37,29.808333333333337,79.16,2025-01-03 06:00:00,9.74,28.122240255581282,Hourly,36.88,0.71,9.86,87.68,5.7,13.08,15.46,14.945490847297947,Bhatagaon,22.82,4,1.0,33.49166666666667,0.8660254037844387,5.88,27.555833333333336,8056.7424,0.49999999999999994,132.95700000000002,1.32,1.1,8.720032367643846,6.123233995736766e-17,13.57294858655751,80.64,6,40.99
288.75,80.64,27.107470817733585,0,28.06,12.085270116463267,0,16.006666666666675,9.77,121.87,120.87,2025,29.92,1,102.48,-0.32252410166520595,3,115.28,20.66,29.39916666666667,106.25,2025-01-03 07:00:00,22.82,24.504457325415203,Hourly,9.74,0.76,9.76,99.91,5.88,-7.359999999999999,99.58,15.982016977423928,Bhatagaon,15.46,4,0.9659258262890683,29.236666666666665,0.8660254037844387,5.78,26.926666666666666,8054.928,0.49999999999999994,131.61960000000002,1.1,1.08,9.032982879987522,-0.25881904510252063,6.557113185948029,78.6,7,38.4
168.56,78.6,38.25709069192842,0,26.99,23.231125460285313,0,45.95333333333334,9.78,111.65,121.87,2025,28.58,1,93.44,5.4411384217335055,3,116.34,21.82,35.975833333333334,115.28,2025-01-03 08:00:00,15.46,45.95461237529657,Hourly,22.82,1.55,9.77,102.48,5.78,84.12,63.07,33.219000988390164,Bhatagaon,99.58,4,0.8660254037844387,39.43333333333334,0.8660254037844387,6.79,29.906666666666666,7105.1776,0.49999999999999994,128.3975,1.08,1.15,17.37160693592376,-0.4999999999999998,46.58762639728852,76.04,8,52.12
215.35,76.04,42.07446135470866,0,27.31,23.985689799368217,0,59.37000000000001,9.73,96.65,111.65,2025,27.96,1,71.23,-0.36663988752761595,3,105.36,26.6,39.413333333333334,116.34,2025-01-03 09:00:00,99.58,50.84472312521184,Hourly,15.46,1.27,9.78,93.44,6.79,-36.51,53.89,34.33734667481846,Bhatagaon,63.07,4,0.7071067811865476,41.25833333333333,0.8660254037844387,6.06,31.41,5615.7732000000005,0.49999999999999994,102.44900000000001,1.15,1.06,18.624238764717877,-0.7071067811865475,42.18188118137929,78.84,9,36.88
252.12,78.84,43.892236530907326,0,29.14,23.95407884227276,0,72.18,9.65,72.75,96.65,2025,33.64,1,41.42,-0.14555256064690025,3,81.73,30.72,41.6875,105.36,2025-01-03 10:00:00,63.07,51.714802232294176,Hourly,99.58,1.17,9.73,71.23,6.06,-9.18,43.04,34.6047185607204,Bhatagaon,53.89,4,0.49999999999999994,44.093333333333334,0.8660254037844387,5.88,32.5175,3555.9069999999997,0.49999999999999994,66.93,1.06,0.92,19.15263093517789,-0.8660254037844387,24.168949087620682,85.85,10,9.74
277.69,85.85,43.76112321846005,0,26.89,23.703991784405275,0,53.33333333333334,9.53,53.64,72.75,2025,33.64,1,11.22,-0.20133605492670256,3,75.06,36.58,42.71416666666667,81.73,2025-01-03 11:00:00,53.89,49.236287308781556,Hourly,63.07,0.86,9.65,41.42,5.88,-10.850000000000001,23.63,30.409129330953668,Bhatagaon,43.04,4,0.258819045102521,49.64333333333334,0.8660254037844387,5.79,33.096666666666664,988.2576,0.49999999999999994,40.230000000000004,0.92,0.75,19.255942429301726,-0.9659258262890682,10.02659629851195,88.08,11,22.82
293.35,88.08,40.66402733869697,0,24.71,24.296041016818158,0,40.186666666666675,9.48,43.06,53.64,2025,30.48,1,4.38,-0.4509758364312268,3,75.83,40.99,41.635000000000005,75.06,2025-01-03 12:00:00,43.04,41.92020522055825,Hourly,53.89,1.38,9.53,11.22,5.79,-19.41,38.56,30.2677012121282,Bhatagaon,23.63,4,1.2246467991473532e-16,49.778333333333336,0.8660254037844387,6.12,32.96083333333333,343.04159999999996,0.49999999999999994,28.419600000000003,0.75,0.66,19.313041981513756,-1.0,15.330460962845615,78.32,12,15.46
289.62,78.32,40.34033082505128,0,23.52,24.312026999371792,0,35.076666666666675,9.48,38.9,43.06,2025,27.97,1,5.75,0.6318239526026239,3,71.29,38.4,41.432500000000005,75.83,2025-01-03 13:00:00,23.63,40.96014658611304,Hourly,43.04,1.15,9.48,4.38,6.12,14.930000000000003,31.3,26.22913145086331,Bhatagaon,38.56,4,-0.2588190451025208,53.62833333333334,0.8660254037844387,6.71,33.53791666666667,392.95500000000004,0.49999999999999994,23.34,0.66,0.6,19.262640565560414,-0.9659258262890683,10.163032683866232,68.34,13,99.58
283.8,68.34,38.949510698120314,0,24.8,24.478361300742705,0,31.16333333333334,9.44,36.22,38.9,2025,28.387857142857143,1,5.82,-0.1882780082987552,3,62.35,52.12,40.84083333333333,71.29,2025-01-03 14:00:00,38.56,38.20010470436646,Hourly,23.63,0.83,9.48,5.75,6.71,-7.260000000000002,31.82,14.490059236133819,Bhatagaon,31.3,4,-0.4999999999999997,42.24833333333333,0.8660254037844387,6.7,33.86208333333333,374.92440000000005,0.49999999999999994,22.094199999999997,0.6,0.61,19.15186674501583,-0.8660254037844388,7.465938208512926,64.42,14,63.07
313.96,64.42,37.85266289840949,0,21.94,24.32900792295388,0,33.893333333333345,9.3,35.61,36.22,2025,28.805714285714284,1,5.7,0.016613418530351424,3,57.9,36.88,39.149166666666666,62.35,2025-01-03 15:00:00,31.3,36.377217645976046,Hourly,38.56,1.65,9.44,5.82,6.7,0.5199999999999996,29.62,10.60431044434292,Bhatagaon,31.82,4,-0.7071067811865471,37.04,0.8660254037844387,7.17,34.154583333333335,353.628,0.49999999999999994,20.653799999999997,0.61,0.58,19.060837834399567,-0.7071067811865479,4.049806579743439,62.04,15,53.89
302.98,62.04,36.58609937557726,0,20.76,24.480364100951455,0,30.913333333333345,9.26,36.52,35.61,2025,29.22357142857143,1,7.65,-0.06913890634820866,3,57.83,9.74,38.54416666666666,57.9,2025-01-03 16:00:00,31.82,34.446584032840036,Hourly,31.3,1.12,9.3,5.7,7.17,-2.1999999999999993,23.15,6.8588446548963615,Bhatagaon,29.62,4,-0.8660254037844385,32.995,0.8660254037844387,7.64,34.474583333333335,466.497,0.49999999999999994,20.086000000000002,0.58,0.55,18.91073561652147,-0.5000000000000004,1.149840568658634,60.98,16,43.04
338.33,102.65692307692308,32.83288361727628,23,52.12,9.203721908537771,1,35.970000000000006,9.95,120.51461538461538,124.10346153846154,2025,33.82,1,82.44538461538461,0.0369364475828354,4,100.95,31.82,29.223333333333333,114.02,2025-01-04 03:00:00,36.82,34.19201345642748,Hourly,32.91,0.65,9.92,85.95653846153846,31.52,1.3599999999999994,22.85,3.540246695735621,Bhatagaon,38.18,5,0.7071067811865476,34.32666666666666,0.8660254037844387,21.81,35.03208333333333,8188.412180473371,0.49999999999999994,92.79625384615385,1.23,0.77,19.03393216684053,0.7071067811865476,2.7358910797032676,99.31923076923076,3,35.47
297.54,99.31923076923076,31.297055368464545,23,36.88,9.336950503080267,1,32.616666666666674,9.94,,120.51461538461538,2025,31.45,1,,-0.4015191199580932,4,95.41,29.62,28.475833333333338,100.95,2025-01-04 04:00:00,38.18,30.951438183162487,Hourly,36.82,1.24,9.95,82.44538461538461,21.81,-15.329999999999998,42.26,5.771123518576514,Bhatagaon,22.85,5,0.8660254037844386,32.223333333333336,0.8660254037844387,14.42,33.8125,,0.49999999999999994,,0.77,1.18,18.82804597448694,0.5000000000000001,8.485471898093424,,4,28.14
329.6,,32.98366223485461,23,9.74,10.154914133591049,1,34.43000000000001,9.94,,,2025,32.18,1,,0.8494529540481398,4,97.42,23.15,29.52916666666667,95.41,2025-01-04 05:00:00,22.85,34.18245584511606,Hourly,38.18,0.73,9.94,,14.42,19.409999999999997,27.8,6.593350185350919,Bhatagaon,42.26,5,0.9659258262890683,34.57666666666666,0.8660254037844387,5.68,34.03666666666666,,0.49999999999999994,,1.18,1.16,18.898052502990875,0.25881904510252074,10.233958178534827,,5,34.44
347.01,,32.186175737184676,23,22.82,9.976515454108302,1,30.97000000000001,9.94,,,2025,30.82,1,,-0.34216753431140556,4,103.0,15.93,29.91666666666667,97.42,2025-01-04 06:00:00,42.26,32.358897032225755,Hourly,22.85,0.61,9.94,,5.68,-14.459999999999997,37.59,7.154265860310218,Bhatagaon,27.8,5,1.0,33.47,0.8660254037844387,4.82,34.78916666666667,,0.49999999999999994,,1.16,1.11,18.23650755959093,6.123233995736766e-17,10.085816774064451,,6,32.91
339.84,,33.017533316079344,23,15.46,9.140302196449822,1,35.88333333333335,9.92,,,2025,30.56,1,,0.3521582733812951,4,122.08,8.12,31.721666666666668,103.0,2025-01-04 07:00:00,27.8,33.85349788016126,Hourly,42.26,0.65,9.94,,4.82,9.790000000000003,37.59,7.333866647274159,Bhatagaon,37.59,5,0.9659258262890683,34.25,0.8660254037844387,20.0,35.404583333333335,,0.49999999999999994,,1.11,1.25,18.063425448936254,-0.25881904510252063,7.379527988518861,,7,36.82
346.19,,33.72098972899022,23,99.58,5.4273853155674825,1,34.32666666666668,9.93,,,2025,28.06,1,,0.0,4,129.2,36.08,34.1775,122.08,2025-01-04 08:00:00,37.59,34.921069914400896,Hourly,27.8,1.24,9.92,,20.0,0.0,39.69,7.394320568292058,Bhatagaon,37.59,5,0.8660254037844387,34.37833333333333,0.8660254037844387,24.45,36.32666666666666,,0.49999999999999994,,1.25,1.44,17.558836166905667,-0.4999999999999998,5.652259135366428,,8,38.18
317.48,,34.63929900145326,23,63.07,5.638373126634375,1,38.29000000000001,9.91,,,2025,26.99,1,,0.05586592178770934,4,142.88,35.47,34.47833333333333,129.2,2025-01-04 09:00:00,37.59,36.28362136742921,Hourly,37.59,1.18,9.93,,24.45,2.0999999999999943,52.08,7.573123529957789,Bhatagaon,39.69,5,0.7071067811865476,34.629999999999995,0.8660254037844387,17.81,33.831250000000004,,0.49999999999999994,,1.44,1.36,11.329204397600535,-0.7071067811865475,1.2124355652981709,,9,22.85
345.26,,37.32248377046045,23,53.89,7.601124468249374,1,43.120000000000005,9.87,,,2025,27.31,1,,0.3121693121693122,4,147.48,28.14,35.862500000000004,142.88,2025-01-04 10:00:00,39.69,40.79687240530658,Hourly,37.59,1.63,9.91,,17.81,12.39,61.15,7.875230578634962,Bhatagaon,52.08,5,0.49999999999999994,39.501666666666665,0.8660254037844387,18.76,33.373333333333335,,0.49999999999999994,,1.36,1.38,10.268461493781722,-0.8660254037844387,7.830306507410799,,10,42.26
346.9,,40.98825549808192,23,43.04,10.111036574261894,1,50.973333333333336,9.83,,,2025,29.14,1,,0.17415514592933948,4,137.85,34.44,38.61333333333334,147.48,2025-01-04 11:00:00,52.08,46.61205171807613,Hourly,39.69,1.8,9.87,,18.76,9.07,44.34,11.930349533856944,Bhatagaon,61.15,5,0.258819045102521,42.65,0.8660254037844387,41.89,33.67583333333334,,0.49999999999999994,,1.38,1.35,10.981334723923279,-0.9659258262890682,10.772717082209732,,11,27.8
356.32,,41.503908498377015,23,23.63,10.143399854391115,1,52.52333333333334,9.83,,,2025,26.89,1,,-0.2748977923139819,4,134.12,32.91,39.43833333333334,137.85,2025-01-04 12:00:00,61.15,45.96289408434009,Hourly,52.08,6.81,9.83,,41.89,-16.809999999999995,52.4,9.470000351988768,Bhatagaon,44.34,5,1.2246467991473532e-16,45.406666666666666,0.8660254037844387,55.74,33.73,,0.49999999999999994,,1.35,1.2,11.032619224668471,-1.0,8.413764516156448,,12,37.59
355.79,,43.180230267857475,23,38.56,10.555071271453148,1,52.63000000000002,9.81,,,2025,24.71,1,,0.18177717636445634,4,126.24,36.82,41.0625,134.12,2025-01-04 13:00:00,44.34,47.802067203100066,Hourly,61.15,5.99,9.83,,55.74,8.059999999999995,30.9,8.940413301408432,Bhatagaon,52.4,5,-0.2588190451025208,47.875,0.8660254037844387,62.25,34.92875,,0.49999999999999994,,1.2,1.03,11.442864992611467,-0.9659258262890683,8.407359870970197,,13,37.59
345.56,,41.29096407280248,23,31.3,10.903968800673526,1,42.546666666666674,9.79,,,2025,23.52,1,,-0.41030534351145037,4,112.75,38.18,40.56916666666667,126.24,2025-01-04 14:00:00,52.4,42.97290514507148,Hourly,44.34,4.19,9.81,,62.25,-21.5,38.61,10.719748131369542,Bhatagaon,30.9,5,-0.4999999999999997,46.76,0.8660254037844387,62.54,34.60958333333333,,0.49999999999999994,,1.03,1.03,11.444004877879516,-0.8660254037844388,10.861608229600876,,14,39.69
349.74,,40.8785080616021,23,31.82,10.89610731157947,1,40.63666666666668,9.79,,,2025,24.8,1,,0.24951456310679615,4,124.4,22.85,40.605,112.75,2025-01-04 15:00:00,30.9,41.7263608179082,Hourly,52.4,4.19,9.79,,62.54,7.710000000000001,51.66,10.870218029092184,Bhatagaon,38.61,5,-0.7071067811865471,46.57999999999999,0.8660254037844387,40.78,34.91416666666667,,0.49999999999999994,,1.03,0.95,11.44936714281698,-0.7071067811865479,10.892338285847233,,15,52.08
348.24,,42.53719912904793,23,29.62,9.741111060704043,1,40.39000000000001,9.81,,,2025,21.94,1,,0.33799533799533793,4,118.8,42.26,43.005833333333335,124.4,2025-01-04 16:00:00,38.61,44.564543441363,Hourly,30.9,4.89,9.79,,40.78,13.049999999999997,60.08,10.828990719360728,Bhatagaon,51.66,5,-0.8660254037844385,46.51,0.8660254037844387,41.25,35.740833333333335,,0.49999999999999994,,0.95,0.83,11.922707934557327,-0.5000000000000004,10.493841050825962,,16,61.15
352.23,,45.23609157073287,23,23.15,10.905752825778263,1,50.116666666666674,9.76,,,2025,20.76,1,,0.16298877274487034,4,117.49,27.8,44.490833333333335,118.8,2025-01-04 17:00:00,51.66,48.997531029545,Hourly,38.61,4.5,9.81,,41.25,8.420000000000002,57.89,10.544758729656522,Bhatagaon,60.08,5,-0.9659258262890683,46.33166666666667,0.8660254037844387,46.97,37.01,,0.49999999999999994,,0.83,0.77,12.829557923862449,-0.25881904510252063,10.817884882606839,,17,44.34
354.35,,47.182846713697046,23,15.93,10.152442458777529,1,56.543333333333344,9.72,,,2025,18.96,1,,-0.03645139813581887,4,122.74,37.59,46.998333333333335,117.49,2025-01-04 18:00:00,60.08,51.538236449675004,Hourly,51.66,4.36,9.76,,46.97,-2.1899999999999977,55.7,11.445414802443853,Bhatagaon,57.89,5,-1.0,48.589999999999996,0.8660254037844387,34.1,38.4575,,0.49999999999999994,,0.77,0.88,13.1534958983469,-1.8369701987210297e-16,4.36855048423773,,18,52.4
359.69,,48.49317798851288,23,8.12,9.971159433814417,1,57.890000000000015,9.67,,,2025,20.37,1,,-0.03783036793919498,4,114.81,37.59,48.5075,122.74,2025-01-04 19:00:00,57.89,52.727311749767864,Hourly,60.08,2.71,9.72,,34.1,-2.1899999999999977,53.51,11.74060134746091,Bhatagaon,55.7,5,-0.9659258262890684,49.14000000000001,0.8660254037844387,102.41,40.114583333333336,,0.49999999999999994,,0.88,1.96,12.688998651405278,0.2588190451025203,2.1900000000000825,,19,30.9
98.36,41.33,25.027452350868778,0,27.8,24.255622544061872,0,7.006666666666676,9.62,46.49,50.25,2025,9.74,1,13.92,0.0031999999999999316,5,23.73,57.89,27.680000000000003,21.08,2025-01-05 06:00:00,6.25,14.799489996655925,Hourly,8.5,3.18,9.58,22.55,2.7,0.019999999999999574,5.18,15.258098177689096,Bhatagaon,6.27,6,1.0,13.67,0.8660254037844387,2.69,37.286190476190484,493.46400000000006,0.49999999999999994,17.2013,0.34,0.37,19.32403205239289,6.123233995736766e-17,1.2933032642552704,35.45,6,44.75
103.29,35.45,21.97399814304281,0,37.59,22.3371405958776,0,5.900000000000009,9.62,42.49,46.49,2025,22.82,1,12.8,-0.17384370015948963,5,26.45,55.7,21.823333333333334,23.73,2025-01-05 07:00:00,6.27,12.051064283325662,Hourly,6.25,3.01,9.62,13.92,2.69,-1.0899999999999999,7.77,1.3562706219626828,Bhatagaon,5.18,6,0.9659258262890683,7.075,0.8660254037844387,2.41,36.20904761904762,415.616,0.49999999999999994,16.1462,0.37,0.38,20.475374210197533,-0.25881904510252063,0.6236184731067548,32.47,7,8.27
118.2,32.47,19.78876765949776,0,37.59,18.662115888731584,0,6.406666666666676,9.63,39.42,42.49,2025,15.46,1,11.46,0.5,5,27.04,53.51,16.49777777777778,26.45,2025-01-05 08:00:00,5.18,10.82790305951833,Hourly,6.27,2.99,9.62,12.8,2.41,2.59,8.47,1.281458804123529,Bhatagaon,7.77,6,0.8660254037844387,6.991666666666667,0.8660254037844387,2.92,34.789047619047615,337.9554,0.49999999999999994,14.979600000000001,0.38,0.38,21.388486366445434,-0.4999999999999998,1.3003973751639668,29.49,8,7.98
233.41,26.5,13.137858173828182,0,44.34,11.018626653686754,0,5.586666666666677,9.38,43.23,45.25,2025,43.04,1,5.55,0.35099337748344367,5,23.93,44.75,10.016666666666667,22.52,2025-01-05 12:00:00,4.53,7.264247985089112,Hourly,6.11,0.99,9.41,4.21,3.54,1.5899999999999999,7.66,1.5034316301932977,Bhatagaon,6.12,6,1.2246467991473532e-16,6.363333333333334,0.8660254037844387,3.79,26.918571428571425,150.072,0.49999999999999994,16.4274,0.39,0.38,22.444907503867018,-1.0,0.91511383627029,27.04,12,5.18
210.17,27.04,12.29511076247,0,52.4,1.3491374910289617,0,6.103333333333343,9.34,36.92,43.23,2025,23.63,1,3.72,0.25163398692810457,5,26.66,8.27,6.925833333333334,23.93,2025-01-05 13:00:00,6.12,7.377319989349366,Hourly,4.53,3.07,9.38,5.55,3.79,1.54,7.99,1.4531024281397702,Bhatagaon,7.66,6,-0.2588190451025208,6.776666666666666,0.8660254037844387,4.39,25.171904761904763,82.8816,0.49999999999999994,13.660400000000001,0.38,0.37,22.448603657922227,-0.9659258262890683,1.5650665587550363,22.28,13,7.77
309.18,22.28,11.632786029782308,0,30.9,1.3259996229271536,0,7.256666666666676,9.36,42.9,36.92,2025,38.56,1,3.52,0.043080939947780686,5,29.29,7.98,6.902500000000001,26.66,2025-01-05 14:00:00,7.66,7.552371420963833,Hourly,6.12,2.26,9.34,3.72,4.39,0.33000000000000007,8.22,1.4855930353450428,Bhatagaon,7.99,6,-0.4999999999999997,6.8133333333333335,0.8660254037844387,4.22,23.057142857142857,88.8096,0.49999999999999994,16.731,0.37,0.39,21.838873858983078,-0.8660254037844388,0.9981148898465251,25.23,14,8.47
261.27,25.23,11.107742025200414,0,38.61,1.345397035012763,0,7.956666666666677,9.34,35.97,42.9,2025,31.3,1,4.24,0.028785982478097674,5,29.84,8.5,6.922500000000002,29.29,2025-01-05 15:00:00,7.99,7.743122443545595,Hourly,7.66,2.49,9.36,3.52,4.22,0.23000000000000043,8.7,1.432388448244992,Bhatagaon,8.22,6,-0.7071067811865471,6.771666666666667,0.8660254037844387,4.19,21.977142857142855,94.08560000000001,0.49999999999999994,13.3089,0.39,0.37,21.991889673890565,-0.7071067811865479,0.28148416178063546,22.19,15,6.11
262.65,22.19,10.737320175169582,0,51.66,1.367768310613352,0,8.303333333333343,9.32,36.86,35.97,2025,31.82,1,4.67,0.05839416058394144,5,27.37,6.25,6.939166666666668,29.84,2025-01-05 16:00:00,8.22,8.016516031103997,Hourly,7.99,2.5,9.34,4.24,4.19,0.47999999999999865,9.15,1.5761556606711513,Bhatagaon,8.7,6,-0.8660254037844385,7.203333333333333,0.8660254037844387,4.6,20.552857142857142,106.75619999999999,0.49999999999999994,15.112599999999999,0.37,0.41,21.82875904463134,-0.5000000000000004,0.36226141573917164,22.86,16,4.53
355.01,22.86,10.49311707129734,0,60.08,1.4860163851629082,0,8.69000000000001,9.33,59.84,36.86,2025,29.62,1,12.57,0.05172413793103461,5,21.9,6.27,7.180833333333335,27.37,2025-01-05 17:00:00,8.7,8.340368593645712,Hourly,8.22,8.04,9.32,4.67,4.6,0.45000000000000107,11.96,1.049450649942982,Bhatagaon,9.15,6,-0.9659258262890683,7.973333333333334,0.8660254037844387,4.59,18.52857142857143,519.7695,0.49999999999999994,31.715200000000003,0.41,0.53,20.74393026543297,-0.25881904510252063,0.4650806381693591,41.35,17,6.12
82.85,41.35,10.718791368020826,0,57.89,1.990968243206672,0,9.936666666666676,9.37,45.44,59.84,2025,23.15,1,2.38,0.30710382513661205,5,35.11,5.18,7.655000000000001,21.9,2025-01-05 18:00:00,9.15,9.374548995461222,Hourly,8.7,4.78,9.33,12.57,4.59,2.8100000000000005,12.73,1.5672353577768057,Bhatagaon,11.96,6,-1.0,8.946666666666667,0.8660254037844387,3.36,16.237142857142857,61.023199999999996,0.49999999999999994,14.540799999999999,0.53,0.32,18.456129372882454,-1.8369701987210297e-16,1.7666446539509184,25.64,18,7.66
103.03,25.64,11.028208080633005,0,55.7,2.3057889926857498,0,11.28000000000001,9.46,49.67,45.44,2025,15.93,1,3.12,0.06438127090300999,5,22.14,7.77,8.284166666666668,35.11,2025-01-05 19:00:00,11.96,10.333249282472302,Hourly,9.15,3.0,9.37,2.38,3.36,0.7699999999999996,12.49,2.032490262379092,Bhatagaon,12.73,6,-0.9659258262890684,9.791666666666666,0.8660254037844387,3.24,14.08666666666667,87.8592,0.49999999999999994,15.894400000000001,0.32,0.32,15.799997257383826,0.2588190451025203,1.8843831882077564,28.16,19,7.99
115.49,28.16,11.253099145151005,4,53.51,2.594599723902628,1,12.393333333333345,9.451666666666668,45.31666666666667,49.67,2025,8.12,1,4.655,-0.018853102906520047,5,16.655,8.47,8.677500000000002,22.14,2025-01-05 20:00:00,12.73,10.949463773194502,Hourly,11.96,2.59,9.46,3.12,3.24,-0.2400000000000002,11.8075,2.064707404613512,Bhatagaon,12.49,6,-0.8660254037844386,10.541666666666666,0.8660254037844387,3.523333333333333,12.02904761904762,125.77034166666667,0.49999999999999994,12.348791666666669,0.32,0.2725,12.599143583895778,0.5000000000000001,0.39399661589075236,27.01833333333333,20,8.22
359.43,,10.955432043141201,0,44.75,1.834819421798465,0,10.44250000000001,9.41,23.55,,2025,34.44,1,12.33,-0.06535791237730437,6,55.16,7.66,10.169583333333334,0.2,2025-01-06 01:00:00,10.4425,10.621084905558753,Hourly,11.125,0.3,,,,-0.682500000000001,9.02,1.166597617003924,Bhatagaon,9.76,0,0.25881904510252074,11.3925,0.8660254037844387,4.94,10.093125,262.7523,0.49999999999999994,14.601,0.13,0.62,7.725406850479623,0.9659258262890683,0.6825000000000232,21.31,1,12.73
333.48,21.31,10.657673267273324,0,8.27,1.7029809537369072,0,9.740833333333343,9.43,33.38,23.55,2025,32.91,1,19.46,-0.07581967213114757,6,52.29,7.99,10.282916666666667,55.16,2025-01-06 02:00:00,9.76,10.163632075399109,Hourly,10.4425,0.07,9.41,12.33,4.94,-0.7400000000000002,22.87,1.2923299372319255,Bhatagaon,9.02,0,0.49999999999999994,10.774166666666666,0.8660254037844387,4.82,8.604375000000001,630.3094,0.49999999999999994,20.695600000000002,0.62,0.62,2.2798124267337547,0.8660254037844387,0.7114436613909535,32.39,2,12.49
319.24,32.39,12.53649276461589,0,7.98,3.8920383233736,0,13.883333333333342,9.56,36.77,33.38,2025,36.82,1,36.39,1.5354767184035478,6,49.02,8.22,11.522916666666669,52.29,2025-01-06 03:00:00,9.02,13.794022910999363,Hourly,9.76,0.26,9.43,19.46,4.82,13.850000000000001,17.84,5.172200369926319,Bhatagaon,22.87,0,0.7071067811865476,12.504166666666668,0.8660254037844387,5.21,9.212708333333333,1760.9121,0.49999999999999994,23.165100000000002,0.62,0.63,3.6952267181041956,0.7071067811865476,7.791471833571202,48.39,3,11.8075
228.31,48.39,13.352416954674982,0,8.5,4.133145790894698,0,16.57666666666668,9.62,25.88,36.77,2025,38.18,1,21.53,-0.21993878443375606,6,48.14,8.7,12.324583333333335,49.02,2025-01-06 04:00:00,22.87,14.950016364999545,Hourly,9.02,0.17,9.56,36.39,5.21,-5.030000000000001,21.0,5.57994408947491,Bhatagaon,17.84,0,0.8660254037844386,13.509583333333333,0.8660254037844387,5.15,9.623541666666666,662.9087000000001,0.49999999999999994,15.527999999999999,0.63,0.6,4.08027005957457,0.5000000000000001,7.01089390401348,30.79,4,11.125
202.67,30.79,14.528968192417292,0,6.25,4.645913017390031,0,20.570000000000007,9.63,22.33,25.88,2025,22.85,1,22.63,0.17713004484304934,6,47.31,9.15,13.349583333333333,48.14,2025-01-06 05:00:00,17.84,16.678583117856817,Hourly,22.87,0.19,9.62,21.53,5.15,3.16,18.02,6.161921456953672,Bhatagaon,21.0,0,0.9659258262890683,15.155416666666667,0.8660254037844387,5.04,10.144374999999998,674.8266,0.49999999999999994,12.2815,0.6,0.55,4.683778334176196,0.25881904510252074,2.542420106906021,29.82,5,10.4425
223.75,29.82,15.066050008968478,0,6.27,4.622567849445788,0,18.953333333333344,9.63,19.35,22.33,2025,42.26,1,17.51,-0.14190476190476192,6,43.61,11.96,14.088750000000003,47.31,2025-01-06 06:00:00,21.0,17.061845084183442,Hourly,17.84,0.2,9.63,22.63,5.04,-2.9800000000000004,14.62,5.766643448893483,Bhatagaon,18.02,0,1.0,16.418333333333333,0.8660254037844387,4.8,10.634791666666667,414.46170000000006,0.49999999999999994,10.062000000000001,0.55,0.52,4.8707469137896195,6.123233995736766e-17,1.7747488085172425,23.67,6,9.76
280.67,23.67,14.997426930665634,0,5.18,4.574737800898786,0,17.880000000000006,9.61,29.52,19.35,2025,27.8,1,19.8,-0.18867924528301888,6,42.81,12.73,14.310416666666669,43.61,2025-01-06 07:00:00,18.02,16.364175060131032,Hourly,21.0,0.15,9.63,17.51,4.8,-3.4000000000000004,12.89,4.924121918338959,Bhatagaon,14.62,0,0.9659258262890683,17.228333333333335,0.8660254037844387,4.83,10.982708333333333,619.74,0.49999999999999994,16.531200000000002,0.52,0.56,4.843558750315341,-0.25881904510252063,3.1923032437411156,31.3,7,9.02
276.78,31.3,14.673207402870922,0,7.77,4.56994349229067,0,15.176666666666677,9.61,29.77,29.52,2025,37.59,1,15.63,-0.1183310533515731,6,43.05,12.49,14.323749999999999,42.81,2025-01-06 08:00:00,14.62,15.371553614379309,Hourly,18.02,0.16,9.61,19.8,4.83,-1.7299999999999986,13.14,3.7465486339651566,Bhatagaon,12.89,0,0.8660254037844387,17.873333333333335,0.8660254037844387,5.12,11.303958333333334,433.1073,0.49999999999999994,16.0758,0.56,0.54,4.695376594881002,-0.4999999999999998,2.609910598724294,27.71,8,22.87
278.58,27.71,14.43732934089078,0,8.47,4.550041312666541,0,13.55000000000001,9.53,26.05,29.77,2025,37.59,1,16.06,0.019394879751745538,6,44.5,11.8075,14.37791666666667,43.05,2025-01-06 09:00:00,12.89,14.733966867413793,Hourly,14.62,0.32,9.61,15.63,5.12,0.25,15.83,3.2200025879905905,Bhatagaon,13.14,0,0.7071067811865476,16.25166666666667,0.8660254037844387,5.25,11.527708333333335,418.52359999999993,0.49999999999999994,16.672,0.54,0.64,4.647353437866757,-0.7071067811865475,0.9350401060917567,26.06,9,17.84
295.48,26.06,14.651586365369122,0,6.11,4.491251739493406,0,13.953333333333342,9.39,28.52,26.05,2025,39.69,1,12.39,0.20471841704718413,6,54.33,11.125,14.713125,44.5,2025-01-06 10:00:00,13.14,15.047119191009852,Hourly,12.89,0.57,9.53,16.06,5.25,2.6899999999999995,18.72,3.124859463506493,Bhatagaon,15.83,0,0.49999999999999994,15.916666666666666,0.8660254037844387,4.88,11.834375,307.64369999999997,0.49999999999999994,21.1048,0.64,0.74,4.679532808922842,-0.8660254037844387,1.6300408992824118,24.83,10,21.0
305.44,24.83,15.277496155312335,0,4.53,4.474759193411156,0,15.896666666666675,9.27,29.63,28.52,2025,52.08,1,8.1,0.18256475047378387,6,63.43,10.4425,15.346041666666666,54.33,2025-01-06 11:00:00,15.83,16.09651370786418,Hourly,13.14,0.89,9.39,12.39,4.88,2.889999999999999,21.29,2.448498859845776,Bhatagaon,18.72,0,0.258819045102521,15.536666666666667,0.8660254037844387,5.04,12.359791666666666,177.957,0.49999999999999994,21.0373,0.74,0.71,4.716633316892165,-0.9659258262890682,2.7905973076267006,21.97,11,18.02
305.83,21.97,16.202496746802744,0,6.12,4.489770190515191,0,18.613333333333344,9.21,27.86,29.63,2025,61.15,1,6.81,0.1372863247863248,6,65.13,9.76,16.250000000000004,63.43,2025-01-06 12:00:00,18.72,17.5803669341887,Hourly,15.83,0.98,9.27,8.1,5.04,2.5700000000000003,16.73,3.320466332710828,Bhatagaon,21.29,0,1.2246467991473532e-16,16.081666666666667,0.8660254037844387,4.95,13.058124999999999,133.476,0.49999999999999994,15.880199999999999,0.71,0.57,4.747591623426427,-1.0,2.731562434456398,19.6,12,14.62
303.43,19.6,16.283651093448476,0,7.66,3.9977299429766533,0,18.913333333333345,9.2,27.58,27.86,2025,44.34,1,5.29,-0.2141850634100516,6,60.19,9.02,16.830833333333334,65.13,2025-01-06 13:00:00,21.29,17.33740495299193,Hourly,18.72,0.95,9.21,6.81,4.95,-4.559999999999999,11.1,3.245591882333038,Bhatagaon,16.73,0,-0.2588190451025208,16.433333333333334,0.8660254037844387,4.71,13.500208333333333,95.74900000000001,0.49999999999999994,13.238399999999999,0.57,0.48,4.563875100501075,-0.9659258262890683,2.2861393949917748,18.1,13,12.89
292.7,18.1,15.486166309841018,0,7.99,3.659024853535473,0,16.373333333333342,9.14,27.18,27.58,2025,52.4,1,4.42,-0.33652121936640766,6,58.4,22.87,17.004166666666666,60.19,2025-01-06 14:00:00,16.73,15.555289252137092,Hourly,21.29,0.59,9.2,5.29,4.71,-5.630000000000001,7.26,3.6884834281855507,Bhatagaon,11.1,0,-0.4999999999999997,16.134999999999998,0.8660254037844387,4.94,13.643541666666666,78.4108,0.49999999999999994,11.6874,0.48,0.43,4.4243687167402035,-0.8660254037844388,5.104354350290874,17.74,14,13.14
285.89,17.74,14.22060226217317,0,8.22,4.1287007274652625,0,11.696666666666678,9.14,26.8,27.18,2025,30.9,1,4.35,-0.34594594594594597,6,64.72,17.84,15.703333333333333,58.4,2025-01-06 15:00:00,11.1,13.185206608669352,Hourly,16.73,0.44,9.14,4.42,4.94,-3.84,166.83,5.13921686641062,Bhatagaon,7.26,0,-0.7071067811865471,15.155,0.8660254037844387,5.03,13.613125000000002,75.951,0.49999999999999994,11.524000000000001,0.43,0.43,4.4672272945407245,-0.7071067811865479,4.76311172799184,17.46,15,15.83
285.57,17.46,37.69897114491576,0,8.7,43.872104298814556,0,61.73000000000002,9.17,29.6,26.8,2025,38.61,1,5.91,21.97933884297521,6,64.0,21.0,28.119166666666672,64.72,2025-01-06 16:00:00,7.26,57.083719006192396,Hourly,11.1,0.41,9.14,4.35,5.03,159.57000000000002,50.05,62.18800701635861,Bhatagaon,166.83,0,-0.8660254037844385,40.321666666666665,0.8660254037844387,5.33,20.221875,119.382,0.49999999999999994,11.544,0.43,0.39,31.524388007799725,-0.5000000000000004,91.03951834231111,20.2,16,18.72
293.91,20.2,39.59912943031333,0,9.15,44.24346957461634,0,74.71333333333335,9.19,33.62,29.6,2025,51.66,1,6.02,-0.6999940058742433,6,63.32,18.02,30.540000000000003,64.0,2025-01-06 17:00:00,166.83,55.07408500442314,Hourly,7.26,0.21,9.17,5.91,5.33,-116.78000000000002,0.0,61.320722000533124,Bhatagaon,50.05,0,-0.9659258262890683,45.54333333333333,0.8660254037844387,4.22,21.944791666666664,134.7878,0.49999999999999994,12.4394,0.39,0.37,31.993764838506728,-0.25881904510252063,82.59452907628528,22.39,17,21.29
279.05,22.39,33.50695567180359,0,11.96,45.00627407440665,0,72.29333333333335,9.18,29.0,33.62,2025,60.08,1,5.22,-1.0,6,63.01,14.62,29.038333333333338,63.32,2025-01-06 18:00:00,50.05,39.33863214601653,Hourly,166.83,0.12,9.19,6.02,4.22,-50.05,0.0,63.579213191105154,Bhatagaon,0.0,0,-1.0,41.995000000000005,0.8660254037844387,4.29,21.563541666666666,99.9108,0.49999999999999994,10.44,0.37,0.36,32.20667057995932,-1.8369701987210297e-16,85.61037690218014,19.14,18,16.73
252.34,26.88,78.4164305867868,0,11.8075,94.00510651829055,0,141.91,9.31,41.41,41.66,2025,53.51,1,9.73,-0.6346055163566389,6,60.53,15.83,61.12833333333334,60.24,2025-01-06 21:00:00,311.8,110.52031783746959,Hourly,0.0,0.19,9.25,6.38,4.27,-197.87,24.49,119.75970464503771,Bhatagaon,113.93,0,-0.7071067811865477,107.10166666666667,0.8660254037844387,4.07,37.753125000000004,281.6835,0.49999999999999994,18.220399999999998,0.43,0.44,69.32842473490098,0.7071067811865474,157.77189325098436,28.95,21,166.83
314.85,12.02,43.69536431571533,0,9.02,95.85134141740089,0,3.3466666666666662,9.06,12.53,12.49,2025,44.75,1,7.23,6.580645161290323,7,26.74,11.1,57.958333333333336,27.09,2025-01-07 02:00:00,0.31,33.129820345030616,Hourly,7.38,0.16,9.09,7.74,5.19,2.04,1.69,122.92484159029858,Bhatagaon,2.35,1,0.49999999999999994,76.71,0.8660254037844387,5.19,37.39458333333334,98.61720000000001,0.49999999999999994,4.5108,0.3,0.36,69.59101141227984,0.8660254037844387,3.638850551113994,13.64,2,311.8
318.09,13.64,37.23300057483605,0,22.87,96.30695202493605,0,1.45,9.1,12.19,12.53,2025,8.27,1,7.24,-0.2808510638297873,7,26.74,7.26,57.17416666666667,26.74,2025-01-07 03:00:00,2.35,24.147014532164725,Hourly,0.31,0.15,9.06,7.23,5.19,-0.6600000000000001,2.46,44.46400870366951,Bhatagaon,1.69,1,0.7071067811865476,25.025000000000002,0.8660254037844387,5.42,37.089166666666664,92.9616,0.49999999999999994,3.7788999999999997,0.36,0.31,69.73688612371424,0.7071067811865476,1.0409610943783298,12.84,3,113.93
302.19,12.84,31.883308178707427,0,17.84,96.54279083846079,0,2.1666666666666665,9.1,11.75,12.19,2025,7.98,1,7.28,0.455621301775148,7,24.82,166.83,56.774166666666666,26.74,2025-01-07 04:00:00,1.69,17.95072466583195,Hourly,2.35,0.2,9.1,7.24,5.42,0.77,3.85,9.158534089397932,Bhatagaon,2.46,1,0.8660254037844386,6.446666666666666,0.8660254037844387,5.28,36.23875,83.2104,0.49999999999999994,3.4074999999999998,0.31,0.29,70.04160349469949,0.5000000000000001,0.41645327870320326,11.43,4,24.49
307.81,11.43,27.570491535829362,0,21.0,90.95491191943802,0,2.6666666666666665,9.04,11.39,11.75,2025,8.5,1,6.71,0.5650406504065041,7,23.75,50.05,43.1925,24.82,2025-01-07 05:00:00,2.46,13.921946189879963,Hourly,1.69,0.22,9.1,7.28,5.28,1.3900000000000001,3.85,2.431992324548726,Bhatagaon,3.85,1,0.9659258262890683,3.0066666666666664,0.8660254037844387,5.18,35.655833333333334,77.2321,0.49999999999999994,2.7336,0.29,0.24,70.25926062536662,0.25881904510252074,1.0947297992393539,11.51,5,7.38
320.36,11.51,23.921185145701767,0,18.02,91.61366165737908,0,3.3866666666666667,9.0,10.92,11.39,2025,6.25,1,5.94,0.0,7,22.28,0.0,39.3425,23.75,2025-01-07 06:00:00,3.85,11.044247278485688,Hourly,2.46,0.15,9.04,6.71,5.18,0.0,3.52,1.3476856705715534,Bhatagaon,3.85,1,1.0,2.4183333333333334,0.8660254037844387,5.25,34.941250000000004,70.8642,0.49999999999999994,2.184,0.24,0.2,70.5015965476022,6.123233995736766e-17,0.8025168741793653,11.93,6,0.31
306.79,11.93,20.782541277132264,0,14.62,91.48178144092988,0,3.7399999999999998,9.07,13.27,10.92,2025,6.27,1,7.82,-0.08571428571428573,7,17.47,0.0,39.63583333333333,22.28,2025-01-07 07:00:00,3.85,8.894462341775492,Hourly,3.85,0.18,9.0,5.94,5.25,-0.33000000000000007,3.74,0.9091241206039543,Bhatagaon,3.52,1,0.9659258262890683,2.953333333333333,0.8660254037844387,5.27,34.33708333333333,110.7312,0.49999999999999994,2.654,0.2,0.2,70.7147157355382,-0.25881904510252063,0.19052558885692328,14.16,7,2.35
301.3,14.16,18.160611849881146,0,12.89,91.34073353259613,0,3.703333333333333,9.17,14.82,13.27,2025,5.18,1,10.0,0.06250000000000006,7,14.23,311.8,39.9475,17.47,2025-01-07 08:00:00,3.52,7.421758815553923,Hourly,3.85,0.36,9.07,7.82,5.27,0.2200000000000002,3.74,0.9017039425428133,Bhatagaon,3.74,1,0.8660254037844387,3.185,0.8660254037844387,5.18,33.88375,135.9,0.49999999999999994,4.0014,0.2,0.27,70.88129064560663,-0.4999999999999998,0.16802777550932343,13.59,8,1.69
292.09,13.59,15.942056180668663,0,13.14,32.01308438700808,0,3.6666666666666665,9.21,16.82,14.82,2025,7.77,1,11.67,0.0,7,19.95,113.93,14.275833333333333,14.23,2025-01-07 09:00:00,3.74,6.369827725395659,Hourly,3.52,0.46,9.17,10.0,5.18,0.0,3.28,0.5362710757293639,Bhatagaon,3.74,1,0.7071067811865476,3.5266666666666673,0.8660254037844387,5.37,33.502500000000005,170.2653,0.49999999999999994,9.251000000000001,0.27,0.55,71.02358427954088,-0.7071067811865475,0.1270170592582449,14.59,9,2.46
297.09,14.59,13.994047537488868,0,15.83,6.345245177583011,0,3.5866666666666664,9.22,17.55,16.82,2025,8.47,1,12.94,-0.12299465240641722,7,37.14,24.49,5.055,19.95,2025-01-07 10:00:00,3.74,5.487019803854042,Hourly,3.74,0.66,9.21,11.67,5.37,-0.4600000000000004,7.01,0.22312925999055566,Bhatagaon,3.28,1,0.49999999999999994,3.6633333333333336,0.8660254037844387,5.39,33.09166666666667,193.9706,0.49999999999999994,9.126000000000001,0.55,0.52,71.17484788192031,-0.8660254037844387,0.2655811238447013,14.99,10,3.85
292.7,14.99,12.919578685567505,0,18.72,1.9891470686226933,0,4.676666666666667,9.2,16.43,17.55,2025,6.11,1,11.01,1.1371951219512195,7,37.14,7.38,3.598333333333334,37.14,2025-01-07 11:00:00,3.28,5.922157002752887,Hourly,3.74,0.51,9.22,12.94,5.39,3.73,7.01,1.3964240043759204,Bhatagaon,7.01,1,0.258819045102521,4.19,0.8660254037844387,5.09,32.72416666666667,168.89339999999999,0.49999999999999994,7.722099999999999,0.52,0.47,71.29052720271176,-0.9659258262890682,2.0337731764733715,15.34,11,3.85
301.56,15.34,12.010412733941735,0,21.29,1.9270992095999,0,5.766666666666666,9.25,17.92,16.43,2025,4.53,1,11.9,0.0,7,37.22,0.31,3.5675000000000003,37.14,2025-01-07 12:00:00,7.01,6.232969287680634,Hourly,3.28,0.6,9.2,11.01,5.09,0.0,4.99,1.784518609223216,Bhatagaon,7.01,1,1.2246467991473532e-16,4.716666666666667,0.8660254037844387,5.17,32.236250000000005,199.68200000000002,0.49999999999999994,8.064000000000002,0.47,0.45,71.43047436448107,-1.0,2.153516504079447,16.78,12,3.52
291.55,16.78,10.930349236412237,0,16.73,1.6634527345266437,0,6.336666666666666,9.24,16.75,17.92,2025,6.12,1,10.32,-0.2881597717546362,7,37.22,2.35,3.9574999999999996,37.22,2025-01-07 13:00:00,7.01,5.877835205486168,Hourly,7.01,0.66,9.25,11.9,5.17,-2.0199999999999996,7.83,1.6855315679820322,Bhatagaon,4.99,1,-0.2588190451025208,4.961666666666667,0.8660254037844387,5.15,31.557083333333335,185.1408,0.49999999999999994,6.8675,0.45,0.41,71.61632637999992,-0.9659258262890683,1.1662475437669944,17.94,13,3.74
290.04,17.94,10.453372430810354,0,11.1,1.915190274589688,0,6.609999999999999,9.15,15.56,16.75,2025,7.66,1,7.7,0.5691382765531061,7,37.02,1.69,4.414166666666667,37.22,2025-01-07 14:00:00,4.99,6.4355965753472635,Hourly,7.01,0.77,9.24,10.32,5.15,2.84,7.83,1.9053573593066437,Bhatagaon,7.83,1,-0.4999999999999997,5.6433333333333335,0.8660254037844387,5.38,31.18625,138.83100000000002,0.49999999999999994,5.290400000000001,0.41,0.34,71.7194080707708,-0.8660254037844388,1.4616429112506268,18.03,14,3.74
296.17,18.03,10.049776672224146,0,7.26,1.9412435486449442,0,6.883333333333333,9.11,14.77,15.56,2025,7.99,1,7.48,0.0,7,38.81,2.46,4.925833333333333,37.02,2025-01-07 15:00:00,7.83,6.833997553819474,Hourly,4.99,0.66,9.15,7.7,5.38,0.0,8.33,1.8178421273579668,Bhatagaon,7.83,1,-0.7071067811865471,6.324999999999999,0.8660254037844387,5.14,31.05,129.03,0.49999999999999994,4.7264,0.34,0.32,71.76231959073984,-0.7071067811865479,1.639674764501343,17.25,15,3.28
297.7,17.25,9.785195645728123,0,166.83,2.0020285167355256,0,7.996666666666667,9.13,15.0,14.77,2025,8.22,1,7.08,0.06385696040868455,7,38.81,3.85,5.415,38.81,2025-01-07 16:00:00,7.83,7.261426824156767,Hourly,7.83,0.75,9.11,7.48,5.14,0.5,8.4,1.1849331908019232,Bhatagaon,8.33,1,-0.8660254037844385,7.166666666666667,0.8660254037844387,4.92,31.094583333333336,128.7852,0.49999999999999994,4.5,0.32,0.3,71.747227910647,-0.5000000000000004,0.28867513461070243,18.19,16,7.01
299.04,18.19,9.572088623308412,0,50.05,2.1068091268488796,0,8.186666666666667,9.14,15.55,15.0,2025,8.7,1,6.84,0.00840336134453785,7,38.85,3.85,5.7941666666666665,38.81,2025-01-07 17:00:00,8.33,7.586733445826262,Hourly,7.83,0.51,9.13,7.08,4.92,0.07000000000000028,8.4,1.2802252405979322,Bhatagaon,8.4,1,-0.9659258262890683,7.398333333333333,0.8660254037844387,4.53,24.493333333333336,131.7384,0.49999999999999994,5.7535,0.3,0.37,65.75362219592213,-0.25881904510252063,0.31085902486899525,19.26,17,7.01
328.47,19.26,9.39176729664558,0,0.0,2.1343610214068716,0,8.376666666666667,9.13,14.75,15.55,2025,9.15,1,7.02,0.0,7,40.0,3.52,6.173333333333333,38.85,2025-01-07 18:00:00,8.4,7.81909531844733,Hourly,8.33,0.3,9.14,6.84,4.53,0.0,6.73,1.3210147614608145,Bhatagaon,8.4,1,-1.0,7.63,0.8660254037844387,4.59,22.75791666666667,126.35999999999999,0.49999999999999994,6.3425,0.37,0.43,65.59923289445224,-1.8369701987210297e-16,0.040414518956656986,18.0,18,4.99
336.85,18.0,8.982264635623183,0,0.0,1.9661104118332589,0,7.843333333333334,9.11,14.19,14.75,2025,11.96,1,6.64,-0.1988095238095238,7,40.0,3.74,6.440833333333334,40.0,2025-01-07 19:00:00,8.4,7.507925227462378,Hourly,8.4,0.24,9.13,7.02,4.59,-1.67,10.59,0.642059187300813,Bhatagaon,6.73,1,-0.9659258262890684,7.919999999999999,0.8660254037844387,4.79,23.038333333333338,112.74719999999999,0.49999999999999994,5.9597999999999995,0.43,0.42,65.51204646386849,0.2588190451025203,0.9641749495514343,16.98,19,7.83
351.15,16.98,9.229608537835,0,311.8,2.100484071193421,0,8.573333333333332,9.15,15.6,14.19,2025,12.73,1,9.37,0.5735512630014857,7,38.37,3.74,7.011666666666667,40.0,2025-01-07 20:00:00,6.73,8.388518019615985,Hourly,8.4,0.2,9.11,6.64,4.79,3.8599999999999994,10.59,1.2579666132284242,Bhatagaon,10.59,1,-0.8660254037844386,8.38,0.8660254037844387,4.9,23.479583333333338,158.16559999999998,0.49999999999999994,6.084,0.42,0.39,65.38566944968953,0.5000000000000001,1.935828849186439,16.88,20,7.83
345.75,16.88,9.438899532014231,0,113.93,2.0609535524747913,0,9.303333333333335,9.18,15.28,15.6,2025,12.49,1,8.87,0.0,7,37.9,3.28,7.5825000000000005,38.37,2025-01-07 21:00:00,10.59,9.017512871154274,Hourly,6.73,0.2,9.15,9.37,4.9,0.0,7.92,1.4982923613225165,Bhatagaon,10.59,1,-0.7071067811865477,8.840000000000002,0.8660254037844387,4.71,10.929166666666667,143.33919999999998,0.49999999999999994,5.8064,0.39,0.38,22.446787688581093,0.7071067811865474,2.228572039074007,16.16,21,8.33
350.64,16.16,9.205222680935119,0,24.49,1.5530349076071384,0,9.7,9.17,15.45,15.28,2025,11.8075,1,10.73,-0.2521246458923513,7,35.19,7.01,7.969166666666666,37.9,2025-01-07 22:00:00,10.59,8.703937765110195,Hourly,10.59,0.14,9.18,8.87,4.71,-2.67,5.78,1.5351015167291275,Bhatagaon,7.92,1,-0.5000000000000004,8.771666666666667,0.8660254037844387,5.07,6.512083333333333,168.56830000000002,0.49999999999999994,5.8709999999999996,0.38,0.38,4.7565460424163755,0.8660254037844384,1.5415252187392643,15.71,22,8.4
345.02,15.71,8.67826534540664,0,7.38,1.6590650890489094,0,8.096666666666666,9.16,14.3,15.45,2025,11.125,1,9.33,-0.27020202020202017,7,37.97,7.01,7.866666666666666,35.19,2025-01-07 23:00:00,7.92,7.868526975078711,Hourly,10.59,0.15,9.17,10.73,5.07,-2.1399999999999997,6.66,1.972336178240766,Bhatagaon,5.78,1,-0.25881904510252157,8.334999999999999,0.8660254037844387,4.78,5.732499999999999,121.8498,0.49999999999999994,5.148,0.38,0.36,2.821603383216287,0.9659258262890681,2.409861683446272,13.06,23,8.4
179.76,13.06,8.36776298457485,0,0.31,1.6784577607283873,0,6.786666666666666,9.15,12.65,14.3,2025,10.4425,1,9.21,0.15224913494809686,8,46.81,4.99,7.837500000000001,37.97,2025-01-08 01:00:00,5.78,7.523233553627652,Hourly,7.92,0.36,9.16,9.33,4.78,0.8799999999999999,14.54,2.085538299815514,Bhatagaon,6.66,2,0.25881904510252074,8.045,0.8660254037844387,4.7,5.7025,96.61290000000001,0.49999999999999994,6.072,0.36,0.48,2.807115570490577,0.9659258262890683,1.075608354998475,10.49,1,6.73
332.93,10.49,9.317337910024872,0,2.35,2.3394728751018197,0,8.993333333333332,9.16,12.44,12.65,2025,9.76,1,9.24,1.183183183183183,8,38.76,7.83,8.633333333333333,46.81,2025-01-08 02:00:00,6.66,9.528023966876894,Hourly,5.78,0.09,9.15,9.21,4.7,7.879999999999999,12.8,3.226054349614104,Bhatagaon,14.54,2,0.49999999999999994,9.346666666666666,0.8660254037844387,4.76,6.295416666666667,91.3836,0.49999999999999994,4.2296000000000005,0.48,0.34,3.1055546016873796,0.8660254037844387,4.823663891000541,9.89,2,10.59
182.48,9.89,9.853132077713353,0,1.69,2.6087584124539527,0,11.333333333333334,9.17,11.4,12.44,2025,9.02,1,8.01,-0.11966987620357625,8,28.6,7.83,9.0475,38.76,2025-01-08 03:00:00,14.54,10.462874262054925,Hourly,6.66,0.12,9.16,9.24,4.76,-1.7399999999999984,11.53,3.5100641019783985,Bhatagaon,12.8,2,0.7071067811865476,9.715,0.8660254037844387,4.82,6.730833333333333,76.41539999999999,0.49999999999999994,4.218,0.34,0.37,3.2572059467761383,0.7071067811865476,4.139677926281516,9.54,3,10.59
163.07,9.54,10.111111758065144,0,2.46,2.6697206470597488,0,12.956666666666665,9.16,12.06,11.4,2025,22.87,1,8.87,-0.0992187500000001,8,20.33,8.33,9.355833333333333,28.6,2025-01-08 04:00:00,12.8,10.767767330039232,Hourly,14.54,0.14,9.17,8.01,4.82,-1.2700000000000014,6.71,3.577263851977387,Bhatagaon,11.53,2,0.8660254037844386,9.871666666666668,0.8660254037844387,4.96,7.140833333333333,83.9102,0.49999999999999994,3.9798000000000004,0.37,0.33,3.2141236098995702,0.5000000000000001,1.511103349656274,9.46,4,7.92
254.62,9.46,9.587863795285891,0,3.85,2.7655492906096755,0,10.346666666666666,9.14,13.5,12.06,2025,17.84,1,9.23,-0.41803989592367735,8,18.69,8.4,9.220833333333333,20.33,2025-01-08 05:00:00,11.53,9.608405235742309,Hourly,12.8,0.1,9.16,8.87,4.96,-4.819999999999999,9.08,3.739711218797171,Bhatagaon,6.71,2,0.9659258262890683,9.67,0.8660254037844387,4.76,7.317916666666666,107.62180000000001,0.49999999999999994,3.7800000000000002,0.33,0.28,3.0583200548625906,0.25881904510252074,3.212823265189429,11.66,5,5.78
287.78,11.66,9.509730903703446,0,3.85,2.754144397746814,0,9.106666666666666,9.14,14.85,13.5,2025,21.0,1,11.66,0.35320417287630407,8,15.87,8.4,9.2775,18.69,2025-01-08 06:00:00,6.71,9.457432311244506,Hourly,11.53,0.07,9.14,9.23,4.76,2.37,8.34,3.2658291443364633,Bhatagaon,9.08,2,1.0,10.22,0.8660254037844387,4.86,7.535833333333334,137.58800000000002,0.49999999999999994,5.049,0.28,0.34,2.985946673374391,6.123233995736766e-17,2.4101106475310385,11.8,6,6.66
300.64,11.8,9.329772303133684,0,3.52,2.755936155086487,0,8.043333333333331,9.13,17.22,14.85,2025,18.02,1,13.0,-0.08149779735682822,8,16.05,6.73,9.2725,15.87,2025-01-08 07:00:00,9.08,9.138165936603219,Hourly,6.71,0.11,9.14,11.66,4.86,-0.7400000000000002,7.47,2.956978187271161,Bhatagaon,8.34,2,0.9659258262890683,10.5,0.8660254037844387,4.72,7.722916666666666,169.13,0.49999999999999994,6.026999999999999,0.34,0.35,2.8838869892335204,-0.25881904510252063,1.2125317865287086,13.01,7,14.54
300.1,13.01,9.043653487266964,0,3.74,2.7016172204930142,0,8.296666666666665,9.18,20.87,17.22,2025,14.62,1,17.17,-0.10431654676258995,8,16.75,10.59,9.334166666666667,16.05,2025-01-08 08:00:00,8.34,8.661547097573727,Hourly,9.08,0.17,9.13,13.0,4.72,-0.8700000000000001,9.0,2.3768501565441778,Bhatagaon,7.47,2,0.8660254037844387,9.321666666666667,0.8660254037844387,4.56,7.887499999999999,233.51200000000003,0.49999999999999994,8.1393,0.35,0.39,2.7428630709699435,-0.4999999999999998,0.8058742664600338,13.6,8,12.8
309.87,13.6,9.03693756614897,0,3.74,2.67326777672279,0,8.27,9.25,22.89,20.87,2025,12.89,1,18.42,0.20481927710843378,8,24.39,10.59,9.201666666666666,16.75,2025-01-08 09:00:00,7.47,8.758247926838376,Hourly,8.34,0.3,9.18,17.17,4.56,1.5300000000000002,8.41,1.6640362576170222,Bhatagaon,9.0,2,0.7071067811865476,8.688333333333333,0.8660254037844387,3.81,8.106666666666667,286.06260000000003,0.49999999999999994,9.8427,0.39,0.43,2.6036674246098963,-0.7071067811865475,0.7673982017239583,15.53,9,11.53
341.58,15.53,8.940485632895282,0,3.28,2.6442596489212074,0,8.293333333333333,9.35,33.28,22.89,2025,13.14,1,30.55,-0.06555555555555553,8,31.78,7.92,9.02,24.39,2025-01-08 10:00:00,9.0,8.658748519170269,Hourly,7.47,1.56,9.25,18.42,3.81,-0.5899999999999999,6.46,0.9192478809679417,Bhatagaon,8.41,2,0.49999999999999994,8.168333333333333,0.8660254037844387,4.02,8.301250000000001,557.8430000000001,0.49999999999999994,24.2944,0.43,0.73,2.4319831101037286,-0.8660254037844387,0.7716432681897107,18.26,10,6.71
331.49,18.26,8.5588724586037,0,7.01,2.7316190115472265,0,7.956666666666667,9.44,26.08,33.28,2025,15.83,1,20.89,-0.23186682520808563,8,32.04,5.78,8.898333333333332,31.78,2025-01-08 11:00:00,8.41,8.030534656550191,Hourly,9.0,0.56,9.35,30.55,4.02,-1.9500000000000002,8.88,1.0006331329033886,Bhatagaon,6.46,2,0.258819045102521,8.126666666666667,0.8660254037844387,4.12,8.43375,391.0608,0.49999999999999994,15.387199999999998,0.73,0.59,2.224276751040911,-0.9659258262890682,1.3292980603846924,18.72,11,9.08
333.78,18.72,8.608276695741592,5,7.01,2.5504842083364294,1,7.916666666666667,9.42,24.2,26.08,2025,18.72,1,21.14,0.37461300309597534,8,35.4375,6.66,9.156666666666668,32.04,2025-01-08 12:00:00,6.46,8.273239040392994,Hourly,8.41,1.09,9.44,20.89,4.12,2.420000000000001,13.066666666666666,0.9652288157033283,Bhatagaon,8.88,2,1.2246467991473532e-16,8.093333333333334,0.8660254037844387,4.07,8.511666666666667,293.2118,0.49999999999999994,11.616,0.59,0.48,2.2049029687160826,-1.0,1.2832121154908518,13.87,12,8.34
332.28,13.87,9.29418284511468,5,4.99,2.6489959345539265,1,9.46888888888889,9.4,22.77,24.2,2025,21.29,1,18.42,0.47147147147147134,8,38.835,14.54,9.690555555555555,35.4375,2025-01-08 13:00:00,8.88,9.6427897907569,Hourly,6.46,2.16,9.42,21.14,4.07,4.186666666666666,17.253333333333334,2.2630939163171013,Bhatagaon,13.066666666666666,2,-0.2588190451025208,8.88111111111111,0.8660254037844387,4.1,8.764027777777777,282.01020000000005,0.49999999999999994,11.1573,0.48,0.49,2.366260013883692,-0.9659258262890683,3.342469701240812,15.31,13,7.47
297.4,15.31,10.518667535609858,5,7.83,3.165925910170771,1,13.066666666666668,9.35,69.17,22.77,2025,16.73,1,63.89,0.3204081632653062,8,42.2325,12.8,9.916666666666666,38.835,2025-01-08 14:00:00,13.066666666666666,11.817230802921596,Hourly,8.88,0.2,9.4,18.42,4.1,4.186666666666667,21.44,3.9435662089588264,Bhatagaon,17.253333333333334,2,-0.4999999999999997,10.511666666666665,0.8660254037844387,6.39,9.275,1304.6338,0.49999999999999994,34.585,0.49,0.5,2.8001559652911157,-0.8660254037844388,4.1866666666677474,20.42,14,9.0
331.67,19.45,24.438365553291966,0,5.78,9.120505218029434,0,29.133333333333336,9.61,17.19,34.4,2025,24.49,1,17.21,-0.026711185308848105,8,80.42,8.88,24.875,84.14,2025-01-08 23:00:00,29.95,28.799497769280656,Hourly,28.3,0.29,9.63,30.22,4.55,-0.8000000000000007,28.53,2.5220421619522213,Bhatagaon,29.15,2,-0.25881904510252157,31.35166666666667,0.8660254037844387,4.59,16.160454545454545,174.50940000000003,0.49999999999999994,11.8611,1.07,0.69,10.288749251450119,0.9659258262890681,0.82512625296578,10.14,23,34.0
329.11,10.14,25.067847775862433,0,6.66,7.207706438165239,0,29.209999999999997,9.55,8.49,17.19,2025,7.38,1,6.63,-0.02126929674099477,9,20.68,13.066666666666666,26.839999999999996,80.42,2025-01-09 01:00:00,29.15,28.72249840662904,Hourly,29.95,0.1,9.61,17.21,4.59,-0.6199999999999974,4.96,2.3564719391492757,Bhatagaon,28.53,3,0.25881904510252074,30.44,0.8660254037844387,4.85,17.19454545454545,42.7635,0.49999999999999994,2.8866000000000005,0.69,0.34,10.338904414518431,0.9659258262890683,0.7118988692223173,6.45,1,33.92
305.12,6.45,21.97433273342206,0,14.54,9.128813804733053,0,20.88,9.48,7.83,8.49,2025,0.31,1,5.77,-0.8261479144759901,9,16.76,17.253333333333334,26.029333333333334,20.68,2025-01-09 02:00:00,28.53,21.93321314759217,Hourly,29.15,0.06,9.55,6.63,4.85,-23.57,4.14,10.247970856060457,Bhatagaon,4.96,3,0.49999999999999994,25.61333333333333,0.8660254037844387,4.57,17.117272727272727,35.65859999999999,0.49999999999999994,2.8188,0.34,0.36,10.427363099197487,0.8660254037844387,13.790609123602914,6.18,2,32.79
295.96,6.18,19.23058923597251,0,12.8,11.229653007402767,0,12.543333333333335,9.46,7.6,7.83,2025,2.35,1,5.32,-0.16532258064516134,9,14.34,21.44,24.718,16.76,2025-01-09 03:00:00,4.96,16.849437962565837,Hourly,28.53,0.09,9.48,5.77,4.57,-0.8200000000000003,2.94,12.632500016491761,Bhatagaon,4.14,3,0.7071067811865476,20.838333333333335,0.8660254037844387,4.61,16.644545454545455,33.9416,0.49999999999999994,2.128,0.36,0.28,10.779563632707788,0.7071067811865476,13.850928970048662,6.38,3,28.3
171.04,7.14,12.504530848010653,0,9.08,14.454190621240423,0,2.236666666666667,9.48,8.35,8.12,2025,3.85,1,6.28,-0.20476190476190484,9,9.75,34.0,19.370833333333334,10.13,2025-01-09 06:00:00,2.1,7.47475144408376,Hourly,2.94,0.32,9.49,6.01,4.93,-0.43000000000000016,1.56,10.42949663214852,Bhatagaon,1.67,3,1.0,7.390000000000001,0.8660254037844387,4.58,15.538636363636364,40.19200000000001,0.49999999999999994,2.0875,0.29,0.25,11.745785764994077,6.123233995736766e-17,0.6459360133427968,6.4,6,28.53
282.89,6.4,10.820756871393629,0,8.34,14.502905743333066,0,1.7766666666666666,9.47,9.02,8.35,2025,3.85,1,6.69,-0.06586826347305381,9,8.82,33.92,16.6675,9.75,2025-01-09 07:00:00,1.67,5.784822460059829,Hourly,2.1,0.11,9.48,6.28,4.58,-0.10999999999999988,1.39,1.3950734747665279,Bhatagaon,1.56,3,0.9659258262890683,2.895,0.8660254037844387,4.52,15.19681818181818,48.6363,0.49999999999999994,2.3452,0.25,0.26,12.048218532929424,-0.25881904510252063,0.2853652630107296,7.27,7,4.96
303.82,7.27,9.369871198871532,0,7.47,14.017024929662902,0,1.54,9.52,11.85,9.02,2025,3.52,1,8.83,-0.10897435897435907,9,12.87,32.79,13.956666666666665,8.82,2025-01-09 08:00:00,1.56,4.529158900042734,Hourly,1.67,0.14,9.47,6.69,4.52,-0.17000000000000015,1.41,1.0590372986808048,Bhatagaon,1.39,3,0.8660254037844387,2.3,0.8660254037844387,4.41,14.88090909090909,80.4413,0.49999999999999994,3.4364999999999997,0.26,0.29,12.324516161095445,-0.4999999999999998,0.1410673597961203,9.11,8,4.14
323.85,9.11,8.145275629814373,0,9.0,13.079868524035867,0,1.4533333333333331,9.57,11.69,11.85,2025,3.74,1,9.49,0.014388489208633108,9,21.68,28.3,11.341666666666667,12.87,2025-01-09 09:00:00,1.39,3.6379706428876677,Hourly,1.56,0.46,9.52,8.83,4.41,0.020000000000000018,1.31,0.5953402388526433,Bhatagaon,1.41,3,0.7071067811865476,1.845,0.8660254037844387,3.86,14.605454545454545,87.30799999999999,0.49999999999999994,4.9098,0.29,0.42,12.563443254033132,-0.7071067811865475,0.09291573243095513,9.2,9,2.94
319.2,9.2,7.0936947636890855,0,8.41,12.188880271490527,0,1.3699999999999999,9.59,12.83,11.69,2025,3.74,1,10.3,-0.07092198581560274,9,39.38,29.95,9.0925,21.68,2025-01-09 10:00:00,1.41,2.9728361734911912,Hourly,1.39,0.36,9.57,9.49,3.86,-0.09999999999999987,1.26,0.28862894287264546,Bhatagaon,1.31,3,0.49999999999999994,1.5733333333333335,0.8660254037844387,3.89,14.25590909090909,90.64000000000001,0.49999999999999994,5.388599999999999,0.42,0.42,12.830956280858155,-0.8660254037844387,0.052915026219845784,8.8,10,2.1
339.04,8.8,6.196203261583072,0,6.46,10.409683283395797,0,1.3266666666666669,9.63,15.48,12.83,2025,3.28,1,12.73,-0.038167938931297746,9,44.48,29.15,6.701666666666667,39.38,2025-01-09 11:00:00,1.31,2.483454409636565,Hourly,1.41,0.78,9.59,10.3,3.89,-0.050000000000000044,1.36,0.15474710551017268,Bhatagaon,1.26,3,0.258819045102521,1.4333333333333333,0.8660254037844387,3.79,13.930909090909092,128.573,0.49999999999999994,7.5852,0.42,0.49,13.074325022561547,-0.9659258262890682,0.07637626158159365,10.1,11,1.67
336.54,10.1,5.452171990570292,0,8.88,7.7002083305153075,0,1.31,9.62,14.59,15.48,2025,7.01,1,11.64,0.07936507936507943,9,43.83,28.53,4.385833333333333,44.48,2025-01-09 12:00:00,1.26,2.1624674354546896,Hourly,1.31,1.24,9.63,12.73,3.79,0.10000000000000009,1.96,0.10303721009312572,Bhatagaon,1.36,3,1.2246467991473532e-16,1.3816666666666666,0.8660254037844387,3.8,13.69909090909091,122.10360000000001,0.49999999999999994,7.295,0.49,0.5,13.257034917189403,-1.0,0.04999999999846585,10.49,12,1.56
337.59,10.49,4.914914761251786,0,13.066666666666666,1.2187462509671851,0,1.5266666666666666,9.62,13.18,14.59,2025,7.01,1,10.3,0.44117647058823517,9,43.78,4.96,2.1716666666666664,43.83,2025-01-09 13:00:00,1.36,2.10461959675335,Hourly,1.26,1.31,9.62,11.64,3.8,0.5999999999999999,2.6,0.2565475914207283,Bhatagaon,1.96,3,-0.2588190451025208,1.4483333333333333,0.8660254037844387,4.06,13.384545454545453,117.21400000000001,0.49999999999999994,6.7218,0.5,0.51,13.457400927766251,-0.9659258262890683,0.3785938897198175,11.38,13,1.39
359.27,11.38,4.558774028751511,3,17.253333333333334,0.8677714403755346,1,1.9733333333333334,9.55,19.65,13.18,2025,4.99,1,13.47,0.32653061224489804,9,81.24000000000001,4.14,1.9749999999999999,43.78,2025-01-09 14:00:00,1.96,2.2461568548238215,Hourly,1.36,1.0,9.62,10.3,4.06,0.6400000000000001,7.0,0.530659966454147,Bhatagaon,2.6,3,-0.4999999999999997,1.6500000000000001,0.8660254037844387,3.87,12.908787878787878,235.3209,0.49999999999999994,12.969,0.51,0.66,13.652769145455787,-0.8660254037844388,0.6201075175589991,17.47,14,1.41
151.43,17.47,4.934347255097433,3,21.44,1.6001439329212694,1,3.853333333333333,9.56,17.0,19.65,2025,7.83,1,10.21,1.6923076923076923,9,118.7,2.94,2.2133333333333334,81.24000000000001,2025-01-09 15:00:00,2.6,3.604397753445587,Hourly,1.96,0.66,9.55,13.47,3.87,4.4,11.4,2.225528401675389,Bhatagaon,7.0,3,-0.7071067811865471,2.5816666666666666,0.8660254037844387,3.76,12.442727272727273,172.2427,0.49999999999999994,10.54,0.66,0.62,13.672391779410843,-0.7071067811865479,2.7438172922651387,16.87,15,1.31
343.45,17.7,9.40956586096253,0,34.0,6.618627237966755,0,15.799999999999999,9.62,23.45,22.46,2025,8.4,1,19.72,0.27848101265822817,9,52.92,1.56,5.604166666666667,82.58,2025-01-09 18:00:00,15.799999999999995,11.97128198011865,Hourly,11.4,0.24,9.61,16.47,3.7,4.400000000000004,40.91,7.319307799694178,Bhatagaon,20.2,3,-1.0,9.826666666666666,0.8660254037844387,3.91,12.487499999999999,304.47679999999997,0.49999999999999994,22.980999999999998,0.66,0.98,13.050329081308202,-1.8369701987210297e-16,4.399999999999992,15.44,18,1.96
354.92,15.44,14.255786497737525,0,33.92,11.996135236236055,0,25.636666666666667,9.63,18.3,23.45,2025,8.4,1,12.54,1.025247524752475,9,29.3,1.39,8.883333333333333,52.92,2025-01-09 19:00:00,20.2,20.23948712865618,Hourly,15.799999999999995,0.07,9.62,19.72,3.91,20.709999999999997,40.91,13.559499130375878,Bhatagaon,40.91,3,-0.9659258262890684,16.31833333333333,0.8660254037844387,4.06,12.775416666666667,222.7104,0.49999999999999994,16.104,0.98,0.88,13.609805282179623,0.2588190451025203,13.408804321539389,17.76,19,2.6
302.25,17.76,18.35643472885483,0,32.79,14.839703092676462,0,34.00666666666667,9.62,19.47,18.3,2025,6.73,1,16.84,0.0,9,22.79,1.41,12.176666666666664,29.3,2025-01-09 20:00:00,40.91,26.14534794904013,Hourly,20.2,0.06,9.63,12.54,4.06,0.0,23.32,14.773274067269732,Bhatagaon,40.91,3,-0.8660254037844386,22.703333333333333,0.8660254037844387,4.02,13.066666666666665,229.024,0.49999999999999994,17.523,0.88,0.9,14.146196190731645,0.5000000000000001,11.956924074917154,13.6,20,7.0
346.58,13.6,19.120060155184856,0,28.3,14.74212709766266,0,35.04666666666666,9.64,17.99,19.47,2025,10.59,1,12.05,-0.42996822292837933,9,27.46,1.31,14.002499999999998,22.79,2025-01-09 21:00:00,40.91,25.338105677885807,Hourly,40.91,0.06,9.62,16.84,4.02,-17.589999999999996,13.76,12.654195615157228,Bhatagaon,23.32,3,-0.7071067811865477,25.423333333333332,0.8660254037844387,3.98,12.672083333333333,195.69199999999998,0.49999999999999994,12.772899999999998,0.9,0.71,13.697073943052695,0.7071067811865474,10.155591235045522,16.24,21,11.4
304.9,16.24,18.295435515925647,0,29.95,14.195632490952459,0,25.996666666666666,9.64,19.27,17.99,2025,10.59,1,14.31,-0.40994854202401376,9,27.46,1.26,15.04,27.46,2025-01-09 22:00:00,23.32,22.03007548420415,Hourly,40.91,0.06,9.64,12.05,3.98,-9.56,36.04,12.158079892263597,Bhatagaon,13.76,3,-0.5000000000000004,25.816666666666663,0.8660254037844387,3.96,12.066249999999998,222.6636,0.49999999999999994,15.2233,0.71,0.79,13.291332845292516,0.8660254037844384,13.771493504095094,15.56,22,15.799999999999995
312.15,15.56,21.02536851347555,0,29.15,14.669025395731278,0,24.373333333333335,9.65,19.83,19.27,2025,7.92,1,18.52,1.6191860465116281,9,31.15,1.36,17.938333333333333,27.46,2025-01-09 23:00:00,13.76,26.03291106014582,Hourly,23.32,0.07,9.64,14.31,3.96,22.28,500.0,11.618960366573159,Bhatagaon,36.04,3,-0.25881904510252157,29.189999999999998,0.8660254037844387,3.79,12.32,289.2824,0.49999999999999994,13.880999999999998,0.79,0.7,13.699469999269073,0.9659258262890681,11.177286492406525,15.62,23,20.2
325.81,15.62,94.71377335755625,0,28.53,139.39982997468002,0,183.26666666666665,9.24,13.48,19.83,2025,5.78,1,10.17,12.873473917869035,10,59.86,1.96,59.49166666666667,31.15,2025-01-10 01:00:00,36.04,161.45207932867558,Hourly,13.76,0.29,9.65,18.52,3.79,463.96,6.59,191.77498821970156,Bhatagaon,500.0,4,0.25881904510252074,109.15666666666668,0.8660254037844387,4.19,31.93875,124.5825,0.49999999999999994,9.5708,0.7,0.71,100.56959110432591,0.9659258262890683,274.5252318701021,12.25,1,40.91
250.37,12.25,81.15626976408606,0,4.96,139.23242367449015,0,180.87666666666667,9.18,10.45,13.48,2025,6.66,1,7.81,-0.98682,10,42.26,2.6,59.8775,59.86,2025-01-10 02:00:00,500.0,117.205770949054,Hourly,36.04,0.13,9.24,10.17,4.19,-493.41,7.74,194.70707934398962,Bhatagaon,6.59,4,0.49999999999999994,103.43666666666667,0.8660254037844387,3.95,31.024583333333336,75.60079999999999,0.49999999999999994,4.8069999999999995,0.71,0.46,100.70155298570072,0.8660254037844387,276.7609113175727,9.68,2,40.91
222.39,9.68,69.86145903114975,0,4.14,139.04798095741387,0,171.44333333333336,9.2,9.49,10.45,2025,14.54,1,7.13,0.1745068285280729,10,26.59,7.0,60.30583333333334,42.26,2025-01-10 03:00:00,6.59,85.92983639218143,Hourly,500.0,0.11,9.18,7.81,3.95,1.1500000000000004,7.38,197.29121971508684,Bhatagaon,7.74,4,0.7071067811865476,97.90833333333335,0.8660254037844387,4.4,31.140416666666667,54.3306,0.49999999999999994,4.1756,0.46,0.44,100.67186280529636,0.7071067811865476,284.5390009002867,7.62,3,23.32
284.61,7.62,60.248926872511326,0,2.94,139.03478015655585,0,7.236666666666667,9.19,9.35,9.49,2025,12.8,1,6.74,-0.046511627906976785,10,19.51,11.4,60.337500000000006,26.59,2025-01-10 04:00:00,7.74,63.48702599441531,Hourly,6.59,0.2,9.2,7.13,4.4,-0.3600000000000003,8.82,198.5994659022694,Bhatagaon,7.38,4,0.8660254037844386,95.25166666666667,0.8660254037844387,4.05,31.27541666666667,50.887,0.49999999999999994,2.8049999999999997,0.44,0.3,100.63624738023258,0.5000000000000001,0.5882459802970728,7.55,4,13.76
341.38,7.55,52.33678427674035,0,2.1,139.11930466166604,0,7.98,9.16,10.7,9.35,2025,11.53,1,7.35,0.19512195121951226,10,14.45,15.799999999999995,60.122499999999995,19.51,2025-01-10 05:00:00,7.38,47.86787571029666,Hourly,7.74,0.07,9.19,6.74,4.05,1.4400000000000004,7.33,199.0146795004496,Bhatagaon,8.82,4,0.9659258262890683,94.42833333333334,0.8660254037844387,4.44,31.520416666666666,67.61999999999999,0.49999999999999994,3.424,0.3,0.32,100.57140182495338,0.25881904510252074,0.7493997598093768,9.2,5,36.04
317.04,9.2,45.4126636187803,0,1.67,139.3858528971961,0,7.843333333333334,9.1,12.4,10.7,2025,6.71,1,9.21,-0.16893424036281182,10,14.94,20.2,59.416666666666664,14.45,2025-01-10 06:00:00,8.82,36.28562550735475,Hourly,7.38,0.08,9.16,7.35,4.44,-1.4900000000000002,6.29,201.03420511611122,Bhatagaon,7.33,4,1.0,89.64333333333333,0.8660254037844387,4.08,31.738333333333333,101.6784,0.49999999999999994,4.4639999999999995,0.32,0.36,100.5105301715314,6.123233995736766e-17,0.846187528468531,11.04,6,500.0
310.19,11.04,39.393792292814105,0,1.56,139.79886448524405,0,7.48,9.12,14.65,12.4,2025,9.08,1,13.41,-0.14188267394270124,10,22.64,40.91,58.25749999999999,14.94,2025-01-10 07:00:00,7.33,27.715446790967682,Hourly,8.82,0.19,9.1,9.21,4.08,-1.04,6.2,0.8961119721741123,Bhatagaon,6.29,4,0.9659258262890683,7.358333333333333,0.8660254037844387,3.88,31.93083333333333,132.4908,0.49999999999999994,5.86,0.36,0.4,100.45484756484063,-0.25881904510252063,1.2716524682484347,9.88,7,6.59
321.17,9.88,34.28705501699655,0,1.39,140.5474997352076,0,6.6066666666666665,9.2,15.29,14.65,2025,8.34,1,14.3,-0.014308426073131934,10,17.42,40.91,55.365,22.64,2025-01-10 08:00:00,6.29,21.56817627926263,Hourly,7.33,0.35,9.12,13.41,3.88,-0.08999999999999986,10.19,0.9737693087552994,Bhatagaon,6.2,4,0.8660254037844387,7.293333333333334,0.8660254037844387,4.28,32.12416666666667,119.548,0.49999999999999994,8.1037,0.4,0.53,100.3983042432866,-0.4999999999999998,0.6280392769052283,8.36,8,7.74
338.23,8.36,30.579815783612464,0,1.41,141.11336090984696,0,7.56,9.21,19.75,15.29,2025,7.47,1,17.95,0.6435483870967741,10,27.7,23.32,52.805,17.42,2025-01-10 09:00:00,6.2,18.317268770901876,Hourly,6.29,0.72,9.2,14.3,4.28,3.9899999999999993,8.29,1.5447901691407133,Bhatagaon,10.19,4,0.7071067811865476,7.701666666666667,0.8660254037844387,4.5,32.490833333333335,243.9405,0.49999999999999994,11.06,0.53,0.56,100.29719758175513,-0.7071067811865475,2.2780913063357087,13.59,9,7.38
359.72,13.59,27.150613355364392,0,1.31,141.46511996216273,0,8.226666666666667,9.18,24.8,19.75,2025,9.0,1,18.34,-0.18645731108930327,10,39.99,13.76,51.5525,27.7,2025-01-10 10:00:00,10.19,15.452334836358483,Hourly,6.2,0.59,9.21,17.95,4.5,-1.9000000000000004,6.96,1.5515497628738182,Bhatagaon,8.29,4,0.49999999999999994,7.853333333333333,0.8660254037844387,4.45,32.7775,354.3288,0.49999999999999994,15.128,0.56,0.61,100.21429869556282,-0.8660254037844387,1.9957538258351628,19.32,10,8.82
329.16,19.32,24.044365146846793,0,1.26,141.6437742082923,0,8.479999999999999,9.18,19.01,24.8,2025,8.41,1,12.3,-0.16043425814234008,10,50.21,36.04,50.985833333333325,39.99,2025-01-10 11:00:00,8.29,13.025953454541774,Hourly,10.19,0.31,9.18,18.34,4.45,-1.3299999999999992,6.03,1.504894237703695,Bhatagaon,6.96,4,0.258819045102521,7.543333333333333,0.8660254037844387,4.75,33.01291666666666,262.851,0.49999999999999994,12.546600000000002,0.61,0.66,100.14377488214097,-0.9659258262890682,1.6233607116110593,21.37,11,7.33
323.92,21.37,21.27292435502421,0,1.36,142.19549459043412,0,7.093333333333334,9.17,20.08,19.01,2025,6.46,1,11.65,-0.13362068965517238,10,48.82,500.0,48.48500000000001,50.21,2025-01-10 12:00:00,6.96,11.027109610386981,Hourly,8.29,0.55,9.18,12.3,4.75,-0.9299999999999997,8.61,1.6301247396054614,Bhatagaon,6.03,4,1.2246467991473532e-16,7.326666666666667,0.8660254037844387,4.68,33.211666666666666,290.085,0.49999999999999994,13.052,0.66,0.65,100.08273141524583,-1.0,1.135884383788974,24.9,12,6.29
260.1,24.9,19.324782146558945,0,1.96,1.2560722209511446,0,7.2,9.17,15.26,20.08,2025,8.88,1,10.62,0.42786069651741276,10,55.41,6.59,7.535833333333334,48.82,2025-01-10 13:00:00,6.03,10.336506864562129,Hourly,6.96,1.81,9.17,11.65,4.68,2.579999999999999,12.58,1.6100766027347249,Bhatagaon,8.61,4,-0.2588190451025208,7.713333333333334,0.8660254037844387,4.66,33.513749999999995,203.37299999999996,0.49999999999999994,7.477399999999999,0.65,0.49,99.99331394224403,-0.9659258262890683,1.3066369044238446,19.15,13,6.2
165.44,19.15,18.287123354780647,0,2.6,1.880858121371718,0,9.073333333333332,9.13,21.51,15.26,2025,13.066666666666666,1,15.8,0.4610917537746807,10,48.76,7.74,8.035,55.41,2025-01-10 14:00:00,8.61,10.977504903258662,Hourly,6.03,0.68,9.17,10.62,4.66,3.9700000000000006,10.42,2.348273124377539,Bhatagaon,12.58,4,-0.4999999999999997,8.776666666666666,0.8660254037844387,4.6,33.95625,400.372,0.49999999999999994,10.755,0.49,0.5,99.87103174083195,-0.8660254037844388,3.299489859559462,25.34,14,10.19
334.94,25.34,17.076796684814394,0,7.0,1.9981028881210814,0,10.536666666666667,9.11,13.03,21.51,2025,17.253333333333334,1,10.32,-0.17170111287758347,10,42.81,7.38,8.258333333333333,48.76,2025-01-10 15:00:00,12.58,10.818217788041903,Hourly,8.61,0.98,9.13,15.8,4.6,-2.16,9.86,2.37765220333151,Bhatagaon,10.42,4,-0.7071067811865471,8.815,0.8660254037844387,4.46,34.28208333333333,116.4096,0.49999999999999994,6.2543999999999995,0.5,0.48,99.77699508225795,-0.7071067811865479,1.9875697052772174,11.28,15,8.29
329.96,11.28,15.966520271766024,0,11.4,2.027042180124192,0,10.953333333333333,9.13,17.39,13.03,2025,21.44,1,13.91,-0.053742802303263004,10,37.63,8.82,8.465000000000002,42.81,2025-01-10 16:00:00,10.42,10.544441277172787,Hourly,12.58,0.58,9.11,10.32,4.46,-0.5600000000000005,12.64,2.3946495916258534,Bhatagaon,9.86,4,-0.8660254037844385,9.076666666666666,0.8660254037844387,5.87,34.40125,222.9773,0.49999999999999994,9.0428,0.48,0.52,99.74469724654213,-0.5000000000000004,1.4362915210136755,16.03,16,6.96
240.47,24.09,13.622393482804085,0,40.91,2.1972868945525232,0,10.266666666666666,9.3,31.52,29.91,2025,34.0,1,29.86,-0.184,10,48.07,6.2,9.161666666666667,33.52,2025-01-10 19:00:00,10.0,10.057536908590667,Hourly,12.64,0.09,9.3,21.61,6.57,-1.8399999999999999,6.87,1.7306068299897812,Bhatagaon,8.16,4,-0.9659258262890684,10.61,0.8660254037844387,6.22,33.709583333333335,722.3134,0.49999999999999994,34.0416,1.01,1.08,99.89047512930335,0.2588190451025203,2.2518732942454287,24.19,19,12.58
356.28,24.19,12.583563716218842,0,40.91,2.122426248853126,0,8.343333333333332,9.35,36.91,31.52,2025,33.92,1,34.69,-0.15808823529411764,10,46.69,10.19,9.2175,48.07,2025-01-10 20:00:00,8.16,9.146812077564762,Hourly,10.0,0.23,9.3,29.86,6.22,-1.29,10.15,1.9823058963424127,Bhatagaon,6.87,4,-0.8660254037844386,9.658333333333333,0.8660254037844387,6.59,32.29125,603.2591,0.49999999999999994,46.875699999999995,1.08,1.27,100.02536605727222,0.5000000000000001,1.5730331634570511,17.39,20,10.42
346.14,17.39,12.20916929833902,0,23.32,2.1207908402012112,0,8.393333333333333,9.42,30.89,36.91,2025,32.79,1,31.15,0.47743813682678315,10,62.13,8.29,9.214166666666666,46.69,2025-01-10 21:00:00,6.87,9.433437198260545,Hourly,8.16,0.27,9.35,34.69,6.59,3.2800000000000002,8.95,1.9645423555306447,Bhatagaon,10.15,4,-0.7071067811865477,9.613333333333333,0.8660254037844387,6.2,31.009583333333335,364.14349999999996,0.49999999999999994,31.8167,1.27,1.03,100.10716577223269,0.7071067811865474,1.6524022916153618,11.69,21,9.86
340.17,11.69,11.707758637056095,0,13.76,2.1031295223740627,0,8.656666666666666,9.48,24.68,30.89,2025,28.3,1,26.3,-0.11822660098522178,10,53.43,6.96,9.269166666666667,62.13,2025-01-10 22:00:00,10.15,9.295312284471818,Hourly,6.87,0.96,9.42,31.15,6.2,-1.200000000000001,7.42,1.9767793672218168,Bhatagaon,8.95,4,-0.5000000000000004,9.461666666666666,0.8660254037844387,6.21,30.41083333333333,232.755,0.49999999999999994,22.4588,1.03,0.91,100.19809036263537,0.8660254037844384,1.6595581741342202,8.85,22,12.64
347.73,8.85,11.048103462124388,0,36.04,2.060984429389116,0,8.84,9.47,31.58,24.68,2025,29.95,1,30.03,-0.170949720670391,10,54.22,6.03,9.3075,53.43,2025-01-10 23:00:00,8.95,8.759508774622727,Hourly,10.15,0.55,9.48,26.3,6.21,-1.5299999999999994,6.35,1.346364239971429,Bhatagaon,7.42,4,-0.25881904510252157,8.591666666666667,0.8660254037844387,6.36,30.146666666666665,526.7262,0.49999999999999994,35.685399999999994,0.91,1.13,100.25224090162325,0.9659258262890681,1.3683201379802823,17.54,23,10.0
287.68,17.54,10.325318314105251,0,500.0,2.0163083202791188,0,7.573333333333333,9.16,10.98,31.58,2025,29.15,1,10.21,-0.1442048517520216,11,35.21,8.61,9.334166666666667,54.22,2025-01-11 01:00:00,7.42,8.07107769615909,Hourly,8.95,0.1,9.47,30.03,6.36,-1.0700000000000003,8.04,1.406039354596384,Bhatagaon,6.35,5,0.25881904510252074,7.983333333333333,0.8660254037844387,4.37,28.909583333333334,55.0319,0.49999999999999994,5.929200000000001,1.13,0.54,100.35948266451162,0.9659258262890683,1.3067644521242832,5.39,1,8.16
225.33,5.39,9.97373088116598,0,6.59,2.0414759960447264,0,7.2700000000000005,9.16,10.61,10.98,2025,28.53,1,10.8,0.2661417322834645,11,30.77,12.58,9.286666666666667,35.21,2025-01-11 02:00:00,6.35,8.06219835439935,Hourly,7.42,0.1,9.16,10.21,4.37,1.6899999999999995,7.93,1.4038755880325775,Bhatagaon,8.04,5,0.49999999999999994,7.963333333333332,0.8660254037844387,4.04,8.41125,60.804,0.49999999999999994,4.5623,0.54,0.43,1.8834665369081534,0.8660254037844387,0.8549268974610266,5.63,2,6.87
307.77,5.63,9.659310745601985,0,7.74,1.784694821548829,0,7.44,9.17,9.79,10.61,2025,4.96,1,9.11,-0.013681592039800926,11,25.36,10.42,8.899166666666666,30.77,2025-01-11 03:00:00,8.04,8.024427395999535,Hourly,6.35,0.08,9.16,10.8,4.04,-0.10999999999999943,6.53,1.3017526646821802,Bhatagaon,7.93,5,0.7071067811865476,8.139999999999999,0.8660254037844387,4.1,8.467083333333333,48.4652,0.49999999999999994,3.7201999999999997,0.43,0.38,1.8466314318044506,0.7071067811865476,0.9455686120014458,5.32,3,10.15
311.29,5.32,9.177878323201679,0,7.38,1.835892153696025,0,7.5,9.16,10.08,9.79,2025,4.14,1,10.08,-0.17654476670870106,11,23.54,9.86,8.575000000000001,25.36,2025-01-11 04:00:00,7.93,7.597448139999668,Hourly,8.04,0.12,9.17,9.11,4.1,-1.3999999999999995,5.78,0.9839444428796758,Bhatagaon,6.53,5,0.8660254037844386,7.536666666666666,0.8660254037844387,4.21,8.416666666666666,44.654399999999995,0.49999999999999994,3.9312,0.38,0.39,1.8834950552600407,0.5000000000000001,0.8418432158082295,4.43,4,8.95
321.14,4.43,8.655127811939881,0,8.82,1.9505034315187186,0,6.746666666666667,9.09,10.07,10.08,2025,2.94,1,9.67,-0.11485451761102602,11,16.61,12.64,8.235,23.54,2025-01-11 05:00:00,6.53,7.078177242856905,Hourly,7.93,0.11,9.16,10.08,4.21,-0.75,5.78,0.9224189214634377,Bhatagaon,5.78,5,0.9659258262890683,7.008333333333333,0.8660254037844387,4.33,8.35,50.960899999999995,0.49999999999999994,3.6252,0.39,0.36,1.9489618195115217,0.25881904510252074,1.0912531023257874,5.27,5,7.42
307.78,5.27,8.212800456256822,0,7.33,1.4939412994034666,0,6.030000000000001,9.09,12.31,10.07,2025,2.1,1,11.94,0.0,11,17.37,10.0,7.663333333333334,16.61,2025-01-11 06:00:00,5.78,6.707269459183504,Hourly,6.53,0.08,9.09,9.67,4.33,0.0,5.0,1.0144308749279531,Bhatagaon,5.78,5,1.0,6.735,0.8660254037844387,4.05,8.223333333333333,67.93860000000001,0.49999999999999994,4.3084999999999996,0.36,0.35,2.014764344115574,6.123233995736766e-17,0.43301270189487945,5.69,6,6.35
308.64,5.69,7.718523462986542,0,6.29,1.4801863109603013,0,5.5200000000000005,9.16,11.87,12.31,2025,1.67,1,11.11,-0.1349480968858132,11,17.37,8.16,7.246666666666667,17.37,2025-01-11 07:00:00,5.78,6.219478185131074,Hourly,5.78,0.08,9.09,11.94,4.05,-0.7800000000000002,6.59,1.2412574269695558,Bhatagaon,5.0,5,0.9659258262890683,6.510000000000001,0.8660254037844387,4.01,8.126249999999999,62.9937,0.49999999999999994,4.3919,0.35,0.37,2.1134040386152857,-0.25881904510252063,0.45033320997045106,5.67,7,8.04
303.69,5.67,7.54490446868092,0,6.2,1.4613845137308865,0,5.79,9.16,11.63,11.87,2025,1.56,1,10.83,0.31799999999999995,11,20.67,6.87,7.115833333333334,17.37,2025-01-11 08:00:00,5.0,6.325341560807909,Hourly,5.78,0.21,9.16,11.11,4.01,1.5899999999999999,6.59,1.0018665912554119,Bhatagaon,6.59,5,0.8660254037844387,6.2683333333333335,0.8660254037844387,5.28,8.13875,61.4061,0.49999999999999994,4.303100000000001,0.37,0.37,2.102932347110186,-0.4999999999999998,0.795047168413483,5.67,8,7.93
323.03,5.67,7.397996088883855,0,10.19,1.4678873191839168,0,6.06,9.12,12.69,11.63,2025,1.39,1,12.22,0.0,11,20.67,10.15,7.0925,20.67,2025-01-11 09:00:00,6.59,6.400958257719935,Hourly,5.0,0.35,9.16,10.83,5.28,0.0,6.32,0.6421448434793058,Bhatagaon,6.59,5,0.7071067811865476,6.045000000000001,0.8660254037844387,4.61,8.155,72.58680000000001,0.49999999999999994,5.4567,0.37,0.43,2.088758732711578,-0.7071067811865475,0.9179869280127602,5.94,9,6.53
329.06,5.94,7.232150536747878,0,8.29,1.117125640638729,0,6.5,9.12,13.57,12.69,2025,1.41,1,11.76,-0.04097116843702573,11,24.94,8.95,6.773333333333333,20.67,2025-01-11 10:00:00,6.59,6.3778273269428105,Hourly,6.59,0.46,9.12,12.22,4.61,-0.2699999999999996,10.0,0.6155972709548512,Bhatagaon,6.32,5,0.49999999999999994,6.010000000000001,0.8660254037844387,4.64,7.9937499999999995,105.84,0.49999999999999994,7.7349,0.43,0.57,2.074157372126918,-0.8660254037844387,0.15588457268863046,9.0,10,5.78
336.23,9.0,7.657973531094358,0,6.96,1.3249113749673738,0,7.636666666666667,9.09,14.15,13.57,2025,1.31,1,9.14,0.5822784810126581,11,24.94,7.42,6.860833333333333,24.94,2025-01-11 11:00:00,6.32,7.41273380495915,Hourly,6.59,1.03,9.12,11.76,4.64,3.6799999999999997,10.0,1.7201123994302696,Bhatagaon,10.0,5,0.258819045102521,6.713333333333334,0.8660254037844387,5.01,8.065,130.4278,0.49999999999999994,9.1975,0.57,0.65,2.1137685283173666,-0.9659258262890682,2.0511541466539476,14.27,11,5.78
341.85,14.27,8.01828529554138,0,6.03,1.603867248720391,0,8.773333333333333,9.12,14.07,14.15,2025,1.26,1,8.35,0.0,11,40.35,6.35,7.075833333333333,24.94,2025-01-11 12:00:00,10.0,8.151952717827964,Hourly,6.32,0.68,9.09,9.14,5.01,0.0,10.24,2.085997762864043,Bhatagaon,10.0,5,1.2246467991473532e-16,7.416666666666667,0.8660254037844387,5.0,8.191666666666666,117.9855,0.49999999999999994,7.035,0.65,0.5,2.13564503374169,-1.0,2.1246489906183834,14.13,12,5.0
347.59,14.13,8.360087557765784,0,8.61,1.8220966943713768,0,10.08,9.11,12.98,14.07,2025,1.36,1,7.66,0.02400000000000002,11,40.35,8.04,7.3999999999999995,40.35,2025-01-11 13:00:00,10.0,8.748537655591402,Hourly,10.0,0.49,9.12,8.35,5.0,0.2400000000000002,10.24,1.9652786062050247,Bhatagaon,10.24,5,-0.2588190451025208,8.29,0.8660254037844387,5.01,8.367083333333333,103.4866,0.49999999999999994,6.1006,0.5,0.47,2.1232347740647337,-0.9659258262890683,0.13856406461423568,13.51,13,6.59
342.74,13.51,8.649304856571048,0,12.58,1.9948357568913826,0,10.16,9.02,13.98,12.98,2025,1.96,1,8.91,0.0,11,38.06,7.93,7.583333333333333,40.35,2025-01-11 14:00:00,10.24,9.174669753993859,Hourly,10.0,0.57,9.11,7.66,5.01,0.0,8.36,1.8975607148847329,Bhatagaon,10.24,5,-0.4999999999999997,8.898333333333333,0.8660254037844387,4.89,8.435,116.4537,0.49999999999999994,6.1512,0.47,0.44,2.1571418288016755,-0.8660254037844388,0.13856406461424337,13.07,14,6.59
337.92,13.07,8.60479641709858,0,10.42,2.0054628045936864,0,9.613333333333333,9.08,16.53,13.98,2025,2.6,1,11.58,-0.18359375000000008,11,38.06,6.53,7.6191666666666675,38.06,2025-01-11 15:00:00,10.24,8.94190696713847,Hourly,10.24,0.6,9.02,8.91,4.89,-1.8800000000000008,6.8,1.5775254884387355,Bhatagaon,8.36,5,-0.7071067811865471,9.193333333333333,0.8660254037844387,5.06,8.259166666666667,175.5528,0.49999999999999994,9.7527,0.44,0.59,1.9683096183334081,-0.7071067811865479,1.0854185060776054,15.16,15,6.32
341.08,15.16,8.327135429852644,0,9.86,1.9936117673184492,0,8.466666666666667,9.11,19.48,16.53,2025,7.0,1,15.56,-0.1866028708133971,11,33.86,5.78,7.641666666666667,38.06,2025-01-11 16:00:00,8.36,8.32993354795605,Hourly,10.24,0.64,9.08,11.58,5.06,-1.5599999999999996,5.95,1.4054560351266328,Bhatagaon,6.8,5,-0.8660254037844385,9.273333333333332,0.8660254037844387,5.17,8.108333333333333,223.1304,0.49999999999999994,12.272400000000001,0.59,0.63,1.933925196761055,-0.5000000000000004,1.7224788339296684,14.34,16,10.0
333.63,14.34,7.961422286798392,0,12.64,1.9797357873922214,0,7.036666666666666,9.13,35.32,19.48,2025,11.4,1,32.66,-0.12499999999999994,11,33.86,5.78,7.655833333333334,33.86,2025-01-11 17:00:00,6.8,7.649952534254322,Hourly,8.36,0.36,9.11,15.56,5.17,-0.8499999999999996,5.7,1.8793234598317146,Bhatagaon,5.95,5,-0.9659258262890683,8.598333333333334,0.8660254037844387,5.96,7.945416666666667,570.8968,0.49999999999999994,37.086,0.63,1.05,1.9446090009735333,-0.25881904510252063,1.222306562747526,17.48,17,10.0
337.84,17.48,7.613511165752485,0,10.0,1.9867490958094538,0,6.1499999999999995,9.17,18.91,35.32,2025,15.799999999999995,1,15.41,-0.04201680672268907,11,49.36,5.0,7.649166666666666,33.86,2025-01-11 18:00:00,5.95,7.092823238753088,Hourly,6.8,0.77,9.13,32.66,5.96,-0.25,5.09,2.0500382110277395,Bhatagaon,5.7,5,-1.0,7.881666666666668,0.8660254037844387,5.38,7.65625,219.7466,0.49999999999999994,16.2626,1.05,0.86,1.7190816873629657,-1.8369701987210297e-16,0.5766281297355489,14.26,18,10.24
337.07,14.26,7.225278678713641,0,8.16,1.9759800023531822,0,5.579999999999999,9.32,23.8,18.91,2025,20.2,1,20.01,-0.10701754385964918,11,49.36,6.59,7.656666666666666,49.36,2025-01-11 19:00:00,5.7,6.520588027680777,Hourly,5.95,2.5,9.17,15.41,5.38,-0.6100000000000003,8.64,1.9403367405359764,Bhatagaon,5.09,5,-0.9659258262890684,7.023333333333333,0.8660254037844387,6.16,7.451666666666667,296.9484,0.49999999999999994,28.322,0.86,1.19,1.7201937875330442,0.2588190451025203,0.44237992721449554,14.84,19,10.24
334.99,14.84,7.442928112757697,0,6.87,1.9639576231317317,0,6.476666666666667,9.36,20.1,23.8,2025,40.91,1,17.34,0.6974459724950886,11,50.1,6.59,7.8275,49.36,2025-01-11 20:00:00,5.09,7.12613430548627,Hourly,5.7,1.49,9.32,20.01,6.16,3.5500000000000007,8.64,1.4604474200305073,Bhatagaon,8.64,5,-0.8660254037844386,6.756666666666667,0.8660254037844387,5.68,7.471666666666667,220.0446,0.49999999999999994,16.683,1.19,0.83,1.7315403212338385,0.5000000000000001,1.898165781309857,12.69,20,8.36
339.21,12.69,7.627093018487282,0,10.15,1.9354813041697299,0,7.456666666666667,9.43,38.65,20.1,2025,40.91,1,43.41,0.0,11,50.1,6.32,7.998333333333334,50.1,2025-01-11 21:00:00,8.64,7.558667361061621,Hourly,5.09,0.33,9.36,17.34,5.68,0.0,7.34,1.5249743167259466,Bhatagaon,8.64,5,-0.7071067811865477,6.803333333333334,0.8660254037844387,7.87,7.545416666666665,468.3938999999999,0.49999999999999994,62.2265,0.83,1.61,1.7424594790790682,0.7071067811865474,2.0495934556237447,10.79,21,6.8
337.23,10.79,7.582924861796931,0,8.95,1.8765748941451832,0,8.206666666666667,9.49,41.59,38.65,2025,23.32,1,51.04,-0.15046296296296305,11,77.55,10.0,8.083333333333334,50.1,2025-01-11 22:00:00,8.64,7.496190972186873,Hourly,8.64,0.2,9.43,43.41,7.87,-1.3000000000000007,19.83,1.5405929594392451,Bhatagaon,7.34,5,-0.5000000000000004,6.8933333333333335,0.8660254037844387,9.16,7.428333333333334,457.8288,0.49999999999999994,59.0578,1.61,1.42,1.6518913183187462,0.8660254037844384,0.7505553499480904,8.97,22,5.95
353.41,8.97,9.467090267674326,0,7.42,3.8729249576096,0,11.936666666666667,9.54,26.71,41.59,2025,13.76,1,29.59,1.701634877384196,11,278.79,10.0,8.9025,77.55,2025-01-11 23:00:00,7.34,11.020136408704907,Hourly,8.64,0.09,9.49,51.04,9.16,12.489999999999998,43.24,5.407874505447946,Bhatagaon,19.83,5,-0.25881904510252157,9.206666666666665,0.8660254037844387,8.68,7.881666666666667,290.8697,0.49999999999999994,27.244200000000003,1.42,1.02,3.0167267989844158,0.9659258262890681,6.866661003234089,9.83,23,5.7
125.42,9.83,14.66292253418597,0,6.35,10.663359631765497,0,23.47,9.69,29.15,26.71,2025,36.04,1,28.14,1.1805345436207768,12,80.03,10.24,11.6725,278.79,2025-01-12 01:00:00,19.83,20.225811720503504,Hourly,7.34,0.65,9.54,29.59,8.68,23.410000000000004,37.83,14.541810983047268,Bhatagaon,43.24,6,0.25881904510252074,15.463333333333333,0.8660254037844387,6.67,9.374166666666667,421.2558,0.49999999999999994,47.223,1.02,1.62,7.818183886003382,0.9659258262890683,18.224700271883837,14.97,1,5.09
127.83,14.97,18.227088298157362,0,8.04,13.036690763403426,0,33.63333333333333,9.68,27.43,29.15,2025,500.0,1,26.46,-0.1251156336725255,12,73.43,10.24,13.971666666666664,80.03,2025-01-12 02:00:00,43.24,25.255579800359648,Hourly,19.83,0.54,9.69,28.14,6.67,-5.410000000000004,35.47,15.94573171729688,Bhatagaon,37.83,6,0.49999999999999994,20.919999999999998,0.8660254037844387,5.82,10.685833333333333,383.1408,0.49999999999999994,37.3048,1.62,1.36,9.702419203775817,0.8660254037844387,12.25626506458376,14.48,2,8.64
347.28,14.48,20.87984394459469,0,7.93,14.34863088706847,0,38.846666666666664,9.66,25.92,27.43,2025,6.59,1,23.0,-0.062384351044144845,12,63.22,8.36,16.074166666666667,73.43,2025-01-12 03:00:00,37.83,28.173985571685463,Hourly,43.24,0.59,9.68,26.46,5.82,-2.3599999999999994,31.99,15.570877196441907,Bhatagaon,35.47,6,0.7071067811865476,25.391666666666666,0.8660254037844387,5.07,11.82875,386.86,0.49999999999999994,30.8448,1.36,1.19,10.916787755164291,0.7071067811865476,3.9835202187683763,16.82,3,8.64
348.55,16.82,22.589098722349352,0,6.53,14.807827373222356,0,35.096666666666664,9.65,23.5,25.92,2025,7.74,1,18.71,-0.09811107978573444,12,55.63,6.8,18.043333333333333,63.22,2025-01-12 04:00:00,35.47,29.264275408346762,Hourly,37.83,0.64,9.66,23.0,5.07,-3.4800000000000004,40.65,13.298949833226484,Bhatagaon,31.99,6,0.8660254037844386,29.283333333333335,0.8660254037844387,4.82,12.831249999999999,324.8056,0.49999999999999994,24.675,1.19,1.05,11.624953412716403,0.5000000000000001,2.9378450152001436,17.36,4,7.34
345.44,17.36,25.36769891891099,0,5.78,15.670333557007657,0,36.03666666666667,9.65,23.05,23.5,2025,7.38,1,17.7,0.2707095967489841,12,75.81,5.95,20.864166666666666,55.63,2025-01-12 05:00:00,31.99,32.517339577390544,Hourly,35.47,0.77,9.65,18.71,4.82,8.66,40.55,8.33157308075782,Bhatagaon,40.65,6,0.9659258262890683,34.835,0.8660254037844387,5.19,14.252916666666666,315.59099999999995,0.49999999999999994,25.816000000000003,1.05,1.12,12.843335771203863,0.25881904510252074,4.357721116975745,17.83,5,19.83
307.76,17.83,27.703437546770836,0,5.78,15.858720643688338,0,37.73,9.65,22.44,23.05,2025,8.82,1,17.24,-0.0024600246002460377,12,84.63,5.7,23.7475,75.81,2025-01-12 06:00:00,40.65,34.81238541242182,Hourly,31.99,0.28,9.65,17.7,5.19,-0.10000000000000142,39.77,4.07513639853627,Bhatagaon,40.55,6,1.0,38.288333333333334,0.8660254037844387,5.37,15.701666666666666,300.1484,0.49999999999999994,25.132800000000003,1.12,1.12,13.773403061119597,6.123233995736766e-17,4.9712372705397,17.41,6,43.24
349.4,17.41,29.55983177034455,0,5.0,15.376390008612901,0,40.32333333333333,9.65,24.09,22.44,2025,7.33,1,17.15,-0.01923551171393327,12,86.45,5.09,26.58666666666667,84.63,2025-01-12 07:00:00,40.55,36.22884672315844,Hourly,40.65,0.91,9.65,17.24,5.37,-0.779999999999994,37.81,3.426461731875677,Bhatagaon,39.77,6,0.9659258262890683,37.71,0.8660254037844387,5.78,17.117916666666666,356.377,0.49999999999999994,23.3673,1.12,0.97,14.44022069540091,-0.25881904510252063,0.4818021724072653,20.78,7,37.83
350.4,20.78,30.829088421060774,0,6.59,14.062868796510884,0,39.376666666666665,9.66,27.88,24.09,2025,6.29,1,22.1,-0.04928337943173248,12,82.19,8.64,29.313333333333333,86.45,2025-01-12 08:00:00,39.77,36.68060480225603,Hourly,40.55,1.23,9.65,17.15,5.78,-1.9600000000000009,36.05,3.4263313714051553,Bhatagaon,37.81,6,0.8660254037844387,37.70666666666667,0.8660254037844387,5.48,18.485,514.7090000000001,0.49999999999999994,29.8316,0.97,1.07,14.791924647678862,-0.4999999999999998,1.4117129075475476,23.29,8,35.47
346.58,23.29,31.632305587051423,0,6.59,12.543719997019897,0,37.876666666666665,9.68,28.79,27.88,2025,6.2,1,24.56,-0.04654853213435612,12,135.58,8.64,31.597499999999997,82.19,2025-01-12 09:00:00,37.81,36.50043200161145,Hourly,39.77,1.07,9.66,22.1,5.48,-1.7600000000000051,34.73,3.358110579876002,Bhatagaon,36.05,6,0.7071067811865476,37.803333333333335,0.8660254037844387,5.94,19.7125,457.7984,0.49999999999999994,37.1391,1.07,1.29,14.983033665652883,-0.7071067811865475,1.860895841614021,18.64,9,31.99
124.75,18.64,32.10887395827428,0,6.32,10.255090827427527,0,36.196666666666665,9.68,28.78,28.79,2025,10.19,1,24.96,-0.03661581137309294,12,128.79,7.34,33.77166666666667,135.58,2025-01-12 10:00:00,36.05,35.99459428686532,Hourly,37.81,1.0,9.68,24.56,5.94,-1.3200000000000003,37.47,2.481281926748448,Bhatagaon,34.73,6,0.49999999999999994,38.26,0.8660254037844387,6.28,20.885,446.784,0.49999999999999994,37.9896,1.29,1.32,15.01250348441478,-0.8660254037844387,1.5452292170860382,17.9,10,40.65
128.37,17.9,32.933662580078234,0,10.0,6.001734787088273,0,36.083333333333336,9.67,27.12,28.78,2025,8.29,1,23.09,0.07889432767060185,12,81.33,19.83,36.2825,128.79,2025-01-12 11:00:00,34.73,36.416138776332375,Hourly,36.05,1.14,9.68,24.96,6.28,2.740000000000002,36.53,2.1913648714918468,Bhatagaon,37.47,6,0.258819045102521,37.73,0.8660254037844387,5.84,22.182916666666667,419.3144,0.49999999999999994,33.3576,1.32,1.23,15.045039476927922,-0.9659258262890682,1.370304102502917,18.16,11,40.55
124.52,18.16,33.4869452600662,0,10.0,3.050554221876082,0,36.24333333333333,9.66,24.83,27.12,2025,6.96,1,18.95,-0.025086736055511014,12,0.0,43.24,37.674166666666665,81.33,2025-01-12 12:00:00,37.47,36.448670554523126,Hourly,34.73,1.81,9.67,23.09,5.84,-0.9399999999999977,33.73,1.7207324022079862,Bhatagaon,36.53,6,1.2246467991473532e-16,37.06,0.8660254037844387,6.67,23.28833333333333,400.98199999999997,0.49999999999999994,27.5613,1.23,1.11,15.085571184778363,-1.0,1.3923122255213922,21.16,12,39.77
124.86,21.16,33.524338296979096,0,10.24,2.6867683641178006,0,35.91,9.65,21.45,24.83,2025,6.03,1,13.46,-0.07664932931836858,12,44.38,37.83,36.88166666666667,0.0,2025-01-12 13:00:00,36.53,35.67190753894509,Hourly,37.47,1.93,9.66,18.95,6.67,-2.8000000000000043,31.92,1.579185444042309,Bhatagaon,33.73,6,-0.2588190451025208,36.053333333333335,0.8660254037844387,11.55,24.277083333333334,310.92600000000004,0.49999999999999994,21.879,1.11,1.02,14.953839256675643,-0.9659258262890683,1.9455590456223584,23.1,13,37.81
122.07,23.1,33.277517020520776,0,10.24,3.0183392734576766,0,34.06,9.64,19.95,21.45,2025,8.61,1,10.4,-0.05366142899495984,12,56.6,35.47,36.38916666666666,44.38,2025-01-12 14:00:00,33.73,34.59993395638935,Hourly,36.53,1.27,9.65,13.46,11.55,-1.8099999999999952,26.24,2.033995247456362,Bhatagaon,31.92,6,-0.4999999999999997,35.071666666666665,0.8660254037844387,19.28,25.18041666666667,245.44000000000003,0.49999999999999994,18.952499999999997,1.02,0.95,14.722045427112763,-0.8660254037844388,2.322649349342875,23.6,14,36.05
119.91,23.6,32.194822094286806,0,8.36,4.213348916350177,0,30.63,9.65,21.59,19.95,2025,12.58,1,9.74,-0.17794486215538857,12,61.97,31.99,35.62,56.6,2025-01-12 15:00:00,31.92,32.211381397420965,Hourly,33.73,0.67,9.64,10.4,19.28,-5.680000000000003,23.17,4.041968167449494,Bhatagaon,26.24,6,-0.7071067811865471,33.43666666666667,0.8660254037844387,21.14,25.84708333333333,265.5124,0.49999999999999994,19.8628,0.95,0.92,14.374234642511295,-0.7071067811865479,3.9080813706987603,27.26,15,34.73
125.15,27.26,30.80638792593499,0,6.8,5.482354338321199,0,27.11,9.62,18.55,21.59,2025,10.42,1,7.16,-0.11699695121951208,12,58.65,40.65,34.885,61.97,2025-01-12 16:00:00,26.24,29.628129569586406,Hourly,31.92,1.34,9.65,9.74,21.14,-3.0699999999999967,23.4,5.712214981949496,Bhatagaon,23.17,6,-0.8660254037844385,31.509999999999994,0.8660254037844387,13.83,26.464166666666667,181.79240000000001,0.49999999999999994,15.211,0.92,0.82,13.90098211002335,-0.5000000000000004,4.439403113032485,25.39,16,37.47
114.5,25.39,29.666943629637302,0,5.95,6.063987774334067,0,24.27,9.59,19.84,18.55,2025,9.86,1,6.61,0.009926629261976558,12,44.04,40.55,33.4475,58.65,2025-01-12 17:00:00,23.17,27.848663978276,Hourly,26.24,0.96,9.62,7.16,13.83,0.22999999999999687,22.97,5.663980049400617,Bhatagaon,23.4,6,-0.9659258262890683,29.164999999999996,0.8660254037844387,14.95,27.155833333333334,189.1121,0.49999999999999994,17.6576,0.82,0.89,13.279087814620649,-0.25881904510252063,1.7099415194685292,28.61,17,36.53
77.24,28.61,28.6366446096931,0,5.7,6.310663594266489,0,23.180000000000003,9.63,27.23,19.84,2025,12.64,1,12.13,-0.018376068376068366,12,40.45,39.77,31.9825,44.04,2025-01-12 18:00:00,23.4,26.454759984482855,Hourly,23.17,0.24,9.59,6.61,14.95,-0.4299999999999997,23.01,4.772683731403972,Bhatagaon,22.97,6,-1.0,26.904999999999998,0.8660254037844387,17.01,27.865,435.22440000000006,0.49999999999999994,34.0375,0.89,1.25,12.530744452016407,-1.8369701987210297e-16,0.2151743479187899,35.88,18,33.73
113.61,35.88,27.771006977432624,0,5.09,6.285059424516011,0,23.126666666666665,9.64,20.75,27.23,2025,10.0,1,7.72,0.0017414018284720376,12,64.53,37.81,30.58583333333333,40.45,2025-01-12 19:00:00,22.97,25.470542846059182,Hourly,23.4,0.35,9.63,12.13,17.01,0.0400000000000027,23.32,3.5589291460599153,Bhatagaon,23.01,6,-0.9659258262890684,25.11833333333333,0.8660254037844387,14.77,28.586250000000003,244.4924,0.49999999999999994,23.032500000000002,1.25,1.11,11.667958285127657,0.2588190451025203,0.2375570107060744,31.67,19,31.92
121.38,31.67,27.08623667321222,0,8.64,6.161676031336944,0,23.099999999999998,9.63,19.58,20.75,2025,8.16,1,8.25,0.01347240330291172,12,65.48,36.05,29.37833333333333,64.53,2025-01-12 20:00:00,23.01,24.856102032899415,Hourly,22.97,0.51,9.64,7.72,14.77,0.3099999999999987,25.29,1.2628974621908318,Bhatagaon,23.32,6,-0.8660254037844386,23.685000000000002,0.8660254037844387,8.03,29.34583333333333,216.315,0.49999999999999994,18.9926,1.11,0.97,10.617993717257088,0.5000000000000001,0.1915724406126087,26.22,20,26.24
112.93,26.22,26.809892569641107,0,8.64,5.878960689431386,0,23.873333333333335,9.64,21.15,19.58,2025,6.87,1,9.49,0.08447684391080612,12,74.1,34.73,28.48166666666667,65.48,2025-01-12 21:00:00,23.32,24.98007288064244,Hourly,23.01,1.03,9.63,8.25,8.03,1.9699999999999989,29.3,0.8800151513892854,Bhatagaon,25.29,6,-0.7071067811865477,23.526666666666667,0.8660254037844387,6.86,30.039583333333336,272.5528,0.49999999999999994,21.573,0.97,1.02,9.711554068610084,0.7071067811865474,1.236621742221791,28.72,21,23.17
182.44,28.72,27.192986020465554,0,7.34,5.554317662591014,0,25.97,9.65,19.28,21.15,2025,10.15,1,9.61,0.15856069592724403,12,71.77,37.47,28.02916666666667,74.1,2025-01-12 22:00:00,25.29,26.214337771887458,Hourly,23.32,0.96,9.64,9.49,6.86,4.010000000000002,28.71,2.4824779287386907,Bhatagaon,29.3,6,-0.5000000000000004,24.548333333333332,0.8660254037844387,5.78,30.90041666666667,223.81689999999998,0.49999999999999994,20.629600000000003,1.02,1.07,8.582207316741835,0.8660254037844384,3.0474415498910683,23.29,22,23.4
98.94,23.29,27.426372786547777,0,19.83,4.712597157587083,0,27.766666666666666,9.63,18.75,19.28,2025,8.95,1,9.56,-0.020136518771331054,12,60.39,36.53,27.299166666666665,71.77,2025-01-12 23:00:00,29.3,26.927384122776758,Hourly,25.29,1.14,9.65,9.61,5.78,-0.5899999999999999,26.53,2.902238216734589,Bhatagaon,28.71,6,-0.25881904510252157,25.433333333333334,0.8660254037844387,6.14,31.790833333333335,214.9088,0.49999999999999994,20.25,1.07,1.08,6.992931161672117,0.9659258262890681,2.1650481133997768,22.48,23,22.97
