WD,NO2_lag1,PM2.5_ema_12,gap_length,PM2.5_lag24,PM2.5_roll_std_12,is_imputed,PM2.5_roll_mean_3,NH3,NOx,NOx_lag1,Year,PM2.5_lag48,Month,NO,PM2.5_pct_change,Day,PM10,PM2.5_lag12,PM2.5_roll_mean_12,PM10_lag1,DateTime,PM2.5_lag2,PM2.5_ema_6,Frequency,PM2.5_lag3,WS,NH3_lag1,NO_lag1,SO2_lag1,PM2.5_diff,PM2.5,PM2.5_roll_std_6,Location,PM2.5_lag1,Weekday,Hour_sin,PM2.5_roll_mean_6,Month_cos,SO2,PM2.5_roll_mean_24,NO_x_NO2,Month_sin,CO_x_NOx,CO_lag1,CO,PM2.5_roll_std_24,Hour_cos,PM2.5_roll_std_3,NO2,Hour,PM2.5_lag6
218.38,16.93,27.32963313517799,0,42.14,2.9259119272539857,0,25.540000000000003,12.32,30.72,30.8,2022,250.49,1,13.78,0.1082713754646841,8,72.75,23.24,23.941666666666666,65.46,2022-01-08 03:00:00,21.52,24.675423159224177,Hourly,31.25,0.3,11.83,13.88,11.77,2.330000000000002,25.62,3.3184815804872567,Siltara,23.85,5,0.7071067811865476,25.16,0.8660254037844387,12.44,27.353333333333328,236.4648,0.49999999999999994,0.0,0.0,0.0,6.5423939686168655,0.7071067811865476,5.080383843766737,17.16,3,25.42
295.23,17.16,27.066612652842913,0,39.71,2.9545496503443927,0,23.663333333333338,13.66,25.31,30.72,2022,250.49,1,15.04,0.0742138364779874,8,60.02,21.68,24.14,72.75,2022-01-08 04:00:00,23.85,24.9453022565887,Hourly,21.52,0.27,12.32,13.78,12.44,1.7699999999999996,22.31,3.322617442122981,Siltara,25.62,5,0.8660254037844386,25.19333333333333,0.8660254037844387,21.94,26.664999999999996,170.85439999999997,0.49999999999999994,0.0,0.0,0.0,5.738712171848232,0.5000000000000001,2.056364105244808,11.36,4,23.47
240.57,11.36,26.33482609086708,0,36.32,2.9121567296710453,0,23.926666666666666,14.07,30.74,25.31,2022,220.97,1,21.82,-0.1291959406713506,8,64.24,20.34,24.1925,60.02,2022-01-08 05:00:00,25.62,24.192358754706213,Hourly,23.85,0.13,13.66,15.04,21.94,-3.3100000000000023,29.19,3.473280869730122,Siltara,22.31,5,0.9659258262890683,25.0,0.8660254037844387,20.7,25.94,194.6344,0.49999999999999994,0.0,0.0,0.0,5.080370578747783,0.25881904510252074,1.6563312873152218,8.92,5,25.45
229.54,8.92,26.774083615349067,0,33.43,2.9679132552848757,0,25.706666666666667,15.06,42.35,30.74,2022,224.12,1,29.8,0.3083818915284627,8,73.84,21.06,24.930000000000003,64.24,2022-01-08 06:00:00,22.31,25.620256253361582,Hourly,25.62,0.28,14.07,21.82,20.7,6.880000000000003,32.42,3.8817710734534288,Siltara,29.19,5,1.0,25.623333333333335,0.8660254037844387,19.45,25.642916666666665,320.94599999999997,0.49999999999999994,0.0,0.0,0.0,4.636029484814864,6.123233995736766e-17,3.44081870102734,10.77,6,31.25
207.36,10.77,27.642686136064597,0,34.13,3.401372272086658,0,27.973333333333333,16.44,32.9,42.35,2022,247.43,1,24.13,0.11065433367591641,8,76.84,24.29,25.876666666666665,73.84,2022-01-08 07:00:00,29.19,27.56304018097256,Hourly,22.31,0.34,15.06,29.8,19.45,3.2300000000000004,31.88,4.234333084052287,Siltara,32.42,5,0.9659258262890683,25.81833333333334,0.8660254037844387,18.1,25.600833333333338,226.09809999999996,0.49999999999999994,0.0,0.0,0.0,4.566329433228448,-0.25881904510252063,5.163645353172476,9.37,7,21.52
230.35,9.37,28.294580576670043,0,33.76,3.765688294763652,0,31.16333333333333,16.28,46.93,32.9,2022,247.43,1,16.58,-0.016656384947563316,8,69.39,25.73,26.50916666666667,76.84,2022-01-08 08:00:00,32.42,28.796457272123256,Hourly,29.19,0.34,16.44,24.13,18.1,-0.5400000000000027,38.48,4.243294710485328,Siltara,31.88,5,0.8660254037844387,27.545,0.8660254037844387,9.82,25.507083333333338,409.0286,0.49999999999999994,0.0,0.0,0.0,4.403811075962325,-0.4999999999999998,1.7301541357173962,24.67,8,23.85
313.86,24.67,29.86156818025927,0,34.32,5.09127030644809,0,34.26,14.35,29.87,46.93,2022,252.98,1,14.33,0.20702634880803006,8,74.61,25.42,27.57166666666667,69.39,2022-01-08 09:00:00,31.88,31.563183765802325,Hourly,32.42,0.42,16.28,16.58,9.82,6.599999999999998,41.53,5.661733539005432,Siltara,38.48,5,0.7071067811865476,29.983333333333334,0.8660254037844387,11.6,25.703750000000003,236.30169999999998,0.49999999999999994,0.0,0.0,0.0,4.869199391830869,-0.7071067811865475,3.664587289178277,16.49,9,25.62
333.09,16.49,31.65671153714246,0,27.74,6.422326763766605,0,37.29666666666667,14.9,29.45,29.87,2022,259.53,1,12.86,0.07926195426195438,8,76.47,23.47,28.91416666666667,74.61,2022-01-08 10:00:00,38.48,34.410845547001664,Hourly,31.88,0.39,14.35,14.33,11.6,3.0500000000000043,31.8,6.81725677967552,Siltara,41.53,5,0.49999999999999994,32.635,0.8660254037844387,13.18,26.004166666666666,213.21879999999996,0.49999999999999994,0.0,0.0,0.0,5.592595194943715,-0.8660254037844387,4.932629454291157,16.58,10,22.31
344.37,16.58,31.67875591604362,0,23.9,6.227620052246148,0,37.27,14.29,28.1,29.45,2022,259.53,1,10.56,-0.23428846616903443,8,75.74,25.45,29.608333333333334,76.47,2022-01-08 11:00:00,41.53,33.66488967642976,Hourly,38.48,0.52,14.9,12.86,13.18,-9.73,25.71,4.721367033677662,Siltara,31.8,5,0.258819045102521,34.21666666666667,0.8660254037844387,38.23,26.173333333333332,207.6096,0.49999999999999994,0.843,0.0,0.03,5.707605655513995,-0.9659258262890682,4.976575127535737,19.66,11,29.19
358.72,19.66,30.760485775113832,0,21.05,6.212270848159785,0,33.013333333333335,13.22,23.18,28.1,2022,195.02,1,9.55,-0.19150943396226414,8,76.85,31.25,29.63,75.74,2022-01-08 12:00:00,31.8,31.392064054592687,Hourly,41.53,0.72,14.29,10.56,38.23,-6.09,23.85,5.595250366757354,Siltara,25.71,5,1.2246467991473532e-16,33.63666666666666,0.8660254037844387,34.86,26.24875,130.1665,0.49999999999999994,19.4712,0.03,0.84,5.6881863178847505,-1.0,7.97948828768739,13.63,12,32.42
223.25,13.63,29.69733411740401,0,20.26,6.401250351344871,0,27.12,12.81,31.96,23.18,2022,173.27,1,12.29,-0.07234539089848306,8,77.12,21.52,29.013333333333335,76.85,2022-01-08 13:00:00,25.71,29.23718861042335,Hourly,31.8,0.3,13.22,9.55,34.86,-1.8599999999999994,23.76,6.907848917477752,Siltara,23.85,5,-0.2588190451025208,32.208333333333336,0.8660254037844387,33.48,26.365416666666665,241.86719999999997,0.49999999999999994,46.6616,0.84,1.46,5.6050287818121225,-0.9659258262890683,4.158328991314456,19.68,13,31.88
217.48,19.68,28.783898099341855,0,22.42,6.192116689056809,0,24.44,11.19,40.1,31.96,2022,500.0,1,13.78,-0.0037735849056603713,8,69.95,23.85,29.200000000000003,77.12,2022-01-08 14:00:00,23.85,27.672277578873818,Hourly,25.71,0.65,12.81,12.29,33.48,-0.08999999999999986,22.62,7.731356284639333,Siltara,23.76,5,-0.4999999999999997,30.855,0.8660254037844387,21.22,26.51125,362.6896,0.49999999999999994,53.734,1.46,1.34,5.483483748654122,-0.8660254037844388,1.1007724560534824,26.32,14,38.48
359.61,26.32,27.835606084058494,0,23.24,6.298002749789047,0,23.41,13.07,26.56,40.1,2022,500.0,1,11.81,-0.047979797979798,8,73.67,25.62,29.0975,69.95,2022-01-08 15:00:00,23.76,26.228769699195585,Hourly,23.85,0.57,11.19,13.78,21.22,-1.1400000000000006,22.64,7.302337753534771,Siltara,22.62,5,-0.7071067811865471,28.21166666666667,0.8660254037844387,18.39,26.519583333333333,176.32330000000002,0.49999999999999994,22.310399999999998,1.34,0.84,5.477144193328078,-0.7071067811865479,0.6856383886611883,14.93,15,41.53
315.0,14.93,27.036282071126415,0,21.68,6.503002744652385,0,23.00666666666667,12.68,31.23,26.56,2022,69.14,1,8.5,0.0008841732979663825,8,75.07,22.31,28.849166666666665,73.67,2022-01-08 16:00:00,22.62,25.203406927996845,Hourly,23.76,0.47,13.07,11.81,18.39,0.019999999999999574,23.78,3.4875244324161794,Siltara,22.64,5,-0.8660254037844385,25.063333333333333,0.8660254037844387,20.83,26.494583333333335,193.205,0.49999999999999994,26.5455,0.84,0.85,5.494107498962835,-0.5000000000000004,0.6524824391040761,22.73,16,31.8
319.76,22.73,26.535315598645425,0,20.34,6.381330487278147,0,23.013333333333335,11.75,26.86,31.23,2022,110.2,1,12.41,0.05035335689045939,8,78.84,29.19,28.971666666666664,75.07,2022-01-08 17:00:00,22.64,24.79671923428346,Hourly,22.62,0.34,12.68,8.5,20.83,1.1400000000000006,24.42,1.127681988283944,Siltara,23.78,5,-0.9659258262890683,23.72666666666667,0.8660254037844387,20.13,26.582083333333333,185.1572,0.49999999999999994,22.831,0.85,0.85,5.430449560354184,-0.25881904510252063,0.6640281118591321,14.92,17,25.71
273.21,14.92,26.20988242962305,0,21.06,6.513685534504331,0,23.613333333333333,12.68,40.89,26.86,2022,116.51,1,22.38,0.026913372582001705,8,91.55,32.42,28.574166666666667,78.84,2022-01-08 18:00:00,23.78,24.689085167345333,Hourly,22.64,0.45,11.75,12.41,20.13,0.6400000000000006,26.5,0.7249942528738194,Siltara,24.42,5,-1.0,23.511666666666667,0.8660254037844387,36.5,26.752083333333335,498.40259999999995,0.49999999999999994,26.9874,0.85,0.66,5.288553660392914,-1.8369701987210297e-16,0.9016281569135136,22.27,18,23.85
235.03,22.27,26.254515901988736,0,24.29,6.419432796145554,0,24.900000000000002,13.28,20.82,40.89,2022,153.74,1,7.13,0.0851760851760851,8,96.09,31.88,28.080833333333334,91.55,2022-01-08 19:00:00,24.42,25.206489405246664,Hourly,23.78,0.51,12.68,22.38,36.5,2.0799999999999983,27.57,1.4334108506286636,Siltara,26.5,5,-0.9659258262890684,23.953333333333333,0.8660254037844387,36.6,26.97875,125.1315,0.49999999999999994,15.4068,0.66,0.74,5.148714750981181,0.2588190451025203,1.422111106772615,17.55,19,23.76
227.0,17.55,26.456898070913546,0,25.73,6.307135689522407,0,26.16333333333333,12.6,31.45,20.82,2022,155.88,1,9.87,0.04037735849056605,8,78.61,38.48,27.721666666666664,96.09,2022-01-08 20:00:00,26.5,25.88177814660476,Hourly,24.42,0.41,13.28,7.13,36.6,1.0700000000000003,22.27,2.0443523832010655,Siltara,27.57,5,-0.8660254037844386,24.588333333333335,0.8660254037844387,37.63,27.115416666666665,213.09329999999997,0.49999999999999994,20.128,0.74,0.64,5.1176803331947465,0.5000000000000001,1.6017594492742886,21.59,20,22.62
233.49,21.59,25.812759906157613,0,25.42,5.474415632297034,0,25.44666666666667,12.12,30.21,31.45,2022,159.59,1,10.35,-0.19223793978962642,8,89.56,41.53,26.370833333333337,78.61,2022-01-08 21:00:00,27.57,24.849841533289112,Hourly,26.5,0.75,12.6,9.87,37.63,-5.300000000000001,23.24,2.1155046679299057,Siltara,22.27,5,-0.7071067811865477,24.53,0.8660254037844387,53.62,26.971249999999998,219.213,0.49999999999999994,22.959600000000002,0.64,0.76,5.2063709404516985,0.7071067811865474,2.8026118770424513,21.18,21,22.64
42.32,21.18,25.416950689825672,0,23.47,2.726740756196248,0,24.36,12.75,26.24,30.21,2022,152.34,1,14.2,0.043556353839245575,8,94.34,31.8,24.846666666666664,89.56,2022-01-08 22:00:00,22.27,24.389886809492225,Hourly,27.57,1.36,12.12,10.35,53.62,0.9699999999999989,22.75,2.020336605626202,Siltara,23.24,5,-0.5000000000000004,24.63,0.8660254037844387,39.09,26.880416666666665,170.968,0.49999999999999994,17.5808,0.76,0.67,5.25341584873355,0.8660254037844384,2.82193196232758,12.04,22,23.78
216.26,12.04,25.006650583698644,0,25.45,1.6789668089158405,0,22.753333333333334,12.5,30.63,26.24,2022,187.39,1,13.9,-0.021084337349397523,8,94.94,25.71,24.092499999999998,94.34,2022-01-08 23:00:00,23.24,23.921347721065874,Hourly,22.27,0.52,12.75,14.2,39.09,-0.48999999999999844,24.61,2.1468061548961286,Siltara,22.75,5,-0.25881904510252157,24.458333333333332,0.8660254037844387,17.73,26.850416666666664,232.54700000000003,0.49999999999999994,21.1347,0.67,0.69,5.275746375524062,0.9659258262890681,0.4850085909952298,16.73,23,24.42
233.92,16.73,24.945627416975775,0,31.25,1.611292300848722,0,23.53333333333333,12.56,24.44,30.63,2022,182.37,1,1.36,0.08175824175824173,9,117.7,23.85,24.000833333333333,94.94,2022-01-09 01:00:00,22.75,24.118105515047052,Hourly,23.24,0.33,12.5,13.9,17.73,1.8599999999999994,27.91,2.1475288123872116,Siltara,24.61,6,0.25881904510252074,24.49,0.8660254037844387,16.08,26.815416666666668,31.375200000000003,0.49999999999999994,41.3036,0.69,1.69,5.288212469559361,0.9659258262890683,0.9640712283536115,23.07,1,26.5
247.71,23.07,25.40168473744104,0,21.52,1.9643201846606613,0,25.090000000000003,11.4,18.69,24.44,2022,173.17,1,1.89,0.13409183258837873,9,117.7,23.76,24.339166666666667,117.7,2022-01-09 02:00:00,24.61,25.201503939319323,Hourly,22.75,0.24,12.56,1.36,16.08,3.3000000000000007,27.91,2.465130828177926,Siltara,27.91,6,0.49999999999999994,24.724999999999998,0.8660254037844387,11.26,26.67625,31.752,0.49999999999999994,9.905700000000001,1.69,0.53,5.2098033114017825,0.8660254037844387,2.6132738088470617,16.8,2,27.57
220.37,16.8,25.787579393219342,0,23.85,2.203804561534681,0,26.810000000000002,10.93,25.95,18.69,2022,40.35,1,5.44,0.0,9,55.83,22.62,24.685,117.7,2022-01-09 03:00:00,27.91,25.97535995665666,Hourly,24.61,0.31,11.4,1.89,11.26,0.0,19.94,2.5461847275285905,Siltara,27.91,6,0.7071067811865476,24.781666666666666,0.8660254037844387,10.27,26.9425,116.688,0.49999999999999994,21.279,0.53,0.82,5.09689184913255,0.7071067811865476,1.9052558883273811,21.45,3,22.27
247.14,21.45,24.88795179426252,0,25.62,2.5419492639690064,0,25.253333333333334,11.52,22.94,25.95,2022,42.14,1,3.06,-0.28556073092081685,9,53.93,22.64,24.461666666666662,55.83,2022-01-09 04:00:00,27.91,24.250971397611902,Hourly,27.91,0.2,10.93,5.44,10.27,-7.969999999999999,18.49,3.119093885521868,Siltara,19.94,6,0.8660254037844386,24.39333333333333,0.8660254037844387,11.82,26.779583333333335,60.8328,0.49999999999999994,39.2274,0.82,1.71,5.259920216925397,0.5000000000000001,4.601481645441973,19.88,4,23.24
229.22,19.88,23.90365151822213,1,22.31,3.0448718687255454,1,22.113333333333333,11.16,14.3,22.94,2022,39.71,1,4.195,-0.0727181544633903,9,53.93,23.78,24.11583333333333,53.93,2022-01-09 05:00:00,19.94,22.604979569722786,Hourly,27.91,0.58,11.52,3.06,11.82,-1.4500000000000028,16.28,3.959860687789413,Siltara,18.49,6,0.9659258262890683,23.601666666666663,0.8660254037844387,14.39,26.4825,59.98850000000001,0.49999999999999994,8.723,1.71,0.61,5.523034177130707,0.25881904510252074,5.072142873908338,14.3,5,22.75
223.08,14.3,22.73078205388026,0,29.19,3.796932873045126,0,18.236666666666668,11.29,23.39,14.3,2022,36.32,1,5.33,-0.11952406706327731,9,87.0,24.42,23.490833333333338,53.93,2022-01-09 06:00:00,18.49,20.79784254980199,Hourly,19.94,0.31,11.16,4.195,14.39,-2.2099999999999973,20.58,4.986123410696954,Siltara,16.28,6,1.0,22.52333333333333,0.8660254037844387,13.96,26.23125,96.3131,0.49999999999999994,11.9289,0.61,0.51,5.84865671125445,6.123233995736766e-17,1.843104265455113,18.07,6,24.61
215.88,18.07,22.399892507129454,0,32.42,3.872566586862442,0,18.45,12.97,34.58,23.39,2022,33.43,1,17.92,0.26412776412776395,9,87.0,26.5,23.170833333333334,87.0,2022-01-09 07:00:00,16.28,20.735601821287137,Hourly,18.49,0.49,11.29,5.33,13.96,4.299999999999997,20.58,4.919810633215504,Siltara,20.58,6,0.9659258262890683,21.851666666666663,0.8660254037844387,12.78,25.872500000000002,349.97760000000005,0.49999999999999994,27.3182,0.51,0.79,5.922872577156475,-0.25881904510252063,2.1502790516594614,19.53,7,27.91
229.49,19.53,22.119909044494154,0,31.88,3.7860152355243897,0,19.146666666666665,13.43,27.22,34.58,2022,34.13,1,7.96,0.0,9,81.98,27.57,22.6775,87.0,2022-01-09 08:00:00,20.58,20.69114415806224,Hourly,16.28,0.53,12.97,17.92,12.78,0.0,23.99,3.923814470643826,Siltara,20.58,6,0.8660254037844387,20.63,0.8660254037844387,65.91,25.379166666666666,154.026,0.49999999999999994,20.9594,0.79,0.77,5.84640128378384,-0.4999999999999998,2.482606157516513,19.35,8,27.91
244.57,19.35,22.407615345341206,0,38.48,3.495335744915414,0,21.71666666666667,12.7,11.9,27.22,2022,33.76,1,0.94,0.16569484936831877,9,106.92,22.27,22.379166666666663,81.98,2022-01-09 09:00:00,20.58,21.633674398615884,Hourly,20.58,0.6,13.43,7.96,65.91,3.41,42.1,2.557801139006053,Siltara,23.99,6,0.7071067811865476,19.976666666666667,0.8660254037844387,54.73,25.050416666666667,10.3024,0.49999999999999994,8.449,0.77,0.71,5.684549983464621,-0.7071067811865475,1.9687644179380972,10.96,9,19.94
247.52,10.96,25.437212984519483,0,41.53,6.6777879207966775,0,28.89,10.76,8.8,11.9,2022,34.32,1,1.65,0.7548978741142144,9,106.92,23.24,24.031666666666666,106.92,2022-01-09 10:00:00,23.99,27.481195999011348,Hourly,20.58,0.45,12.7,0.94,54.73,18.110000000000003,42.1,9.384114236305598,Siltara,42.1,6,0.49999999999999994,23.669999999999998,0.8660254037844387,36.5,25.201249999999998,13.9095,0.49999999999999994,6.072,0.71,0.69,6.089952746658763,-0.8660254037844387,11.566550912005122,8.43,10,18.49
286.39,8.43,28.000718679208795,0,31.8,8.456937263499974,0,36.06333333333333,10.89,18.39,8.8,2022,27.74,1,3.97,0.0,9,83.21,22.75,25.603333333333335,106.92,2022-01-09 11:00:00,42.1,31.657997142150965,Hourly,23.99,0.52,10.76,1.65,36.5,0.0,49.25,11.491171828844644,Siltara,42.1,6,0.258819045102521,27.605,0.8660254037844387,31.67,25.224999999999998,57.247400000000006,0.49999999999999994,14.895900000000001,0.69,0.81,6.157142194233853,-0.9659258262890682,10.455813375024466,14.42,11,16.28
268.02,14.42,31.26983888240744,0,25.71,10.783911276722796,0,44.48333333333333,11.5,14.48,18.39,2022,23.9,1,1.32,0.16983372921615197,9,108.52,24.61,27.811666666666667,83.21,2022-01-09 12:00:00,42.1,36.68428367296497,Hourly,42.1,0.52,10.89,3.97,31.67,7.149999999999999,49.45,12.800901530752894,Siltara,49.25,6,1.2246467991473532e-16,33.1,0.8660254037844387,23.75,25.952083333333334,17.3712,0.49999999999999994,11.728800000000001,0.81,0.81,7.782984774029075,-1.0,4.128054424706776,13.16,12,20.58
346.55,13.16,34.066786746652454,0,23.85,12.379485107028412,0,46.93333333333334,11.31,56.1,14.48,2022,21.05,1,26.37,0.004060913705583814,9,108.52,27.91,29.881666666666664,108.52,2022-01-09 13:00:00,49.25,40.33163119497498,Hourly,42.1,0.88,11.5,1.32,23.75,0.20000000000000284,49.45,12.577556863981878,Siltara,49.45,6,-0.2588190451025208,37.91166666666667,0.8660254037844387,29.13,26.94125,740.7333,0.49999999999999994,39.830999999999996,0.81,0.71,9.14100237701186,-0.9659258262890683,4.186983799030207,28.09,13,20.58
218.14,28.09,36.433434939475156,0,23.76,13.571815938877698,0,49.38333333333333,14.12,40.6,56.1,2022,20.26,1,16.95,0.0,9,231.0,27.91,31.676666666666666,108.52,2022-01-09 14:00:00,49.45,42.93687942498213,Hourly,49.25,0.83,11.31,26.37,29.13,0.0,56.01,9.846911529342426,Siltara,49.45,6,-0.4999999999999997,42.723333333333336,0.8660254037844387,20.71,28.007916666666663,400.86749999999995,0.49999999999999994,25.984,0.71,0.64,10.197215297268917,-0.8660254037844388,0.11547005387402096,23.65,14,23.99
12.41,23.65,39.445214179555904,0,22.62,15.190483165056527,0,51.63666666666668,11.06,37.61,40.6,2022,22.42,1,12.11,0.132659251769464,9,231.0,19.94,34.01833333333333,231.0,2022-01-09 15:00:00,49.45,46.67205673213009,Hourly,49.45,1.7,14.12,16.95,20.71,6.559999999999995,56.01,5.282537269156664,Siltara,56.01,6,-0.7071067811865471,48.06,0.8660254037844387,32.56,29.351666666666663,308.805,0.49999999999999994,26.7031,0.64,0.71,11.636429927142167,-0.7071067811865479,3.787417765885067,25.5,15,42.1
308.3,25.5,41.99364276731654,0,22.64,15.711235388225509,0,53.82333333333333,15.57,66.14,37.61,2022,23.24,1,25.29,0.0,9,295.18,18.49,37.024166666666666,231.0,2022-01-09 16:00:00,56.01,49.34004052295006,Hourly,49.45,1.02,11.06,12.11,32.56,0.0,59.9,5.19536107183085,Siltara,56.01,6,-0.8660254037844385,50.37833333333333,0.8660254037844387,37.8,30.742916666666662,1033.0965,0.49999999999999994,48.282199999999996,0.71,0.73,12.740293996733467,-0.5000000000000004,3.787417765885089,40.85,16,42.1
30.37,40.85,44.748466956960144,0,23.78,15.8176009558968,0,57.30666666666667,13.4,69.79,66.14,2022,21.68,1,23.77,0.06945188359221569,9,295.18,16.28,40.475,295.18,2022-01-09 17:00:00,56.01,52.35717180210719,Hourly,56.01,0.62,15.57,25.29,37.8,3.8900000000000006,66.99,4.566914713461178,Siltara,59.9,6,-0.9659258262890683,53.345,0.8660254037844387,38.33,32.29541666666667,1082.2481,0.49999999999999994,81.6543,0.73,1.17,13.92507777799473,-0.25881904510252063,2.2458925471496327,45.53,17,49.25
352.92,45.53,48.170241271273966,0,24.42,15.537393871988987,0,60.96666666666666,14.44,98.31,69.79,2022,20.34,1,28.68,0.118363939899833,9,500.0,20.58,44.70083333333333,295.18,2022-01-09 18:00:00,59.9,56.53797985864799,Hourly,56.01,0.75,13.4,23.77,38.33,7.089999999999996,66.99,6.652056574225318,Siltara,66.99,6,-1.0,56.30166666666668,0.8660254037844387,36.19,34.09583333333333,1673.1912,0.49999999999999994,111.0903,1.17,1.13,15.482507637770997,-1.8369701987210297e-16,5.567174627523592,58.34,18,49.45
39.13,58.34,51.06558876800105,0,26.5,14.743313944313671,0,64.62666666666667,12.79,115.68,98.31,2022,21.06,1,53.23,0.0,9,500.0,20.58,48.56833333333333,500.0,2022-01-09 19:00:00,66.99,59.5242713276057,Hourly,59.9,0.36,14.44,28.68,36.19,0.0,77.63,6.888674037870207,Siltara,66.99,6,-0.9659258262890684,59.224999999999994,0.8660254037844387,25.07,35.86958333333333,3290.1463,0.49999999999999994,205.9104,1.13,1.78,16.71523764067002,0.2588190451025203,4.0934134085555804,61.81,19,49.45
220.3,61.81,55.15242126523166,0,27.57,14.081021479604352,0,70.53666666666666,18.63,87.18,115.68,2022,24.29,1,37.74,0.15882967607105541,9,500.0,23.99,53.3225,500.0,2022-01-09 20:00:00,66.99,64.6973366625755,Hourly,66.99,0.3,12.79,53.23,25.07,10.64,79.82,8.343985658346543,Siltara,77.63,6,-0.8660254037844386,63.92166666666666,0.8660254037844387,13.97,37.99999999999999,2481.7824000000005,0.49999999999999994,122.052,1.78,1.4,18.619059893140726,0.5000000000000001,6.143006864178392,65.76,20,56.01
224.15,65.76,58.94743337827294,0,22.27,12.65988546551621,0,74.81333333333333,13.35,41.2,87.18,2022,25.73,1,10.38,0.028210743269354605,9,500.0,42.1,57.975,500.0,2022-01-09 21:00:00,77.63,69.01809761612536,Hourly,66.99,0.3,18.63,37.74,13.97,2.1899999999999977,79.82,9.421114583743549,Siltara,79.82,6,-0.7071067811865477,67.89,0.8660254037844387,13.87,40.177083333333336,330.70680000000004,0.49999999999999994,43.260000000000005,1.4,1.05,20.323226053217002,0.7071067811865474,6.863121252997283,31.86,21,56.01
224.72,31.86,62.15859747392326,0,23.24,13.037085447663744,0,79.08999999999999,14.58,89.36,41.2,2022,25.42,1,33.78,0.0,9,154.12,42.1,61.11833333333333,500.0,2022-01-09 22:00:00,79.82,72.10435544008955,Hourly,77.63,0.3,13.35,10.38,13.87,0.0,60.6,8.372472553952703,Siltara,79.82,6,-0.5000000000000004,71.85833333333333,0.8660254037844387,12.28,42.574999999999996,1612.6572,0.49999999999999994,117.9552,1.05,1.32,21.4806970982345,0.8660254037844384,1.2643970895291519,47.74,22,59.9
222.92,47.74,61.918813247165836,0,22.75,11.598089184312286,0,73.41333333333333,17.76,86.1,89.36,2022,23.47,1,45.47,-0.2407917815083938,9,192.65,49.25,62.66,154.12,2022-01-09 23:00:00,79.82,68.8173967429211,Hourly,79.82,0.24,14.58,33.78,12.28,-19.21999999999999,48.72,8.175061467660324,Siltara,60.6,6,-0.25881904510252157,71.975,0.8660254037844387,12.3,44.13166666666667,2046.1499999999999,0.49999999999999994,131.733,1.32,1.53,21.37203509397231,0.9659258262890681,11.096672173825043,45.0,23,66.99
225.31,45.0,59.88822659375571,0,24.61,11.654669339978348,0,63.04666666666666,11.39,29.11,86.1,2022,25.45,1,20.82,-0.19603960396039607,10,200.13,49.45,62.615833333333335,192.65,2022-01-10 01:00:00,60.6,63.075283387800795,Hourly,79.82,0.57,17.76,45.47,12.3,-11.880000000000003,28.73,12.60532268527962,Siltara,48.72,0,0.25881904510252074,68.92999999999999,0.8660254037844387,12.6,45.21375,185.08980000000003,0.49999999999999994,29.4011,1.53,1.01,20.894501838168587,0.9659258262890683,15.69369724868372,8.89,1,66.99
329.83,8.89,55.09465327163945,0,27.91,14.873033840008883,0,46.01666666666667,11.97,28.36,29.11,2022,31.25,1,20.83,-0.410303776683087,10,200.13,49.45,60.889166666666675,200.13,2022-01-10 02:00:00,48.72,53.26234527700056,Hourly,60.6,0.28,11.39,20.82,12.6,-19.99,28.73,20.79796111802051,Siltara,28.73,0,0.49999999999999994,62.553333333333335,0.8660254037844387,11.73,45.38541666666666,156.8499,0.49999999999999994,28.0764,1.01,0.99,20.734173635343964,0.8660254037844387,16.106062005758666,7.53,2,77.63
109.89,7.53,51.0385527683103,0,27.91,17.322763334567703,0,35.39333333333334,11.7,26.19,28.36,2022,21.52,1,19.92,0.0,10,176.29,56.01,59.162499999999994,200.13,2022-01-10 03:00:00,28.73,46.25310376928611,Hourly,48.72,0.26,11.97,20.83,11.73,0.0,28.56,23.155789484850096,Siltara,28.73,0,0.7071067811865476,54.403333333333336,0.8660254037844387,11.84,45.41958333333333,133.2648,0.49999999999999994,25.1424,0.99,0.96,20.704779637051285,0.7071067811865476,11.541231881101028,6.69,3,79.82
63.85,6.69,47.58031388087795,0,19.94,19.457745127700022,0,28.673333333333332,11.81,27.7,26.19,2022,23.85,1,21.08,-0.005917159763313668,10,107.65,56.01,56.875,176.29,2022-01-10 04:00:00,28.73,41.19793126377579,Hourly,28.73,0.51,11.7,19.92,11.84,-0.1700000000000017,25.91,21.283292038592837,Siltara,28.56,0,0.8660254037844386,45.86000000000001,0.8660254037844387,12.15,45.446666666666665,141.236,0.49999999999999994,25.761,0.96,0.93,20.68129183305702,0.5000000000000001,0.09814954581030537,6.7,4,79.82
349.97,6.7,44.24641943766596,0,18.49,21.420517918079767,0,27.73333333333333,12.15,28.78,27.7,2022,25.62,1,21.27,-0.09278711484593832,10,131.73,59.9,54.36666666666667,107.65,2022-01-10 05:00:00,28.56,36.82995090269699,Hourly,28.73,0.58,11.81,21.08,12.15,-2.6499999999999986,23.49,14.319442377412294,Siltara,25.91,0,0.9659258262890683,36.875,0.8660254037844387,11.77,45.69541666666666,170.79809999999998,0.49999999999999994,25.6142,0.93,0.89,20.39508721304102,0.25881904510252074,1.5813390949896742,8.03,5,60.6
58.3,8.03,41.05312413956351,0,16.28,23.07990315286099,0,25.986666666666665,11.42,27.8,28.78,2022,22.31,1,21.19,-0.09340023157082214,10,131.73,66.99,51.3325,131.73,2022-01-10 06:00:00,25.91,33.01853635906928,Hourly,28.56,1.05,12.15,21.27,11.77,-2.4200000000000017,23.49,9.077327800626799,Siltara,23.49,0,1.0,30.689999999999998,0.8660254037844387,12.27,45.903749999999995,154.8989,0.49999999999999994,23.63,0.89,0.85,20.128904765665478,6.123233995736766e-17,2.5358693446908407,7.31,6,48.72
56.94,7.31,38.35110504116912,0,20.58,23.801950311610003,0,24.296666666666663,12.54,34.18,27.8,2022,29.19,1,25.51,0.0,10,95.22,66.99,47.7075,131.73,2022-01-10 07:00:00,23.49,30.2960973993352,Hourly,25.91,0.45,11.42,21.19,12.27,0.0,19.97,2.55563495046397,Siltara,23.49,0,0.9659258262890683,26.485,0.8660254037844387,11.6,46.20416666666666,221.17170000000002,0.49999999999999994,31.1038,0.85,0.91,19.7171500975934,-0.25881904510252063,1.3971876514422625,8.67,7,28.73
41.9,8.67,35.5232427271431,0,20.58,24.205888261229727,0,22.316666666666663,12.94,35.37,34.18,2022,32.42,1,26.87,-0.14985100042571306,10,181.44,77.63,43.78916666666667,95.22,2022-01-10 08:00:00,23.49,27.345783856668,Hourly,23.49,0.79,12.54,25.51,11.6,-3.5199999999999996,25.82,3.3844334828791145,Siltara,19.97,0,0.8660254037844387,25.025000000000002,0.8660254037844387,11.64,46.17875,257.14590000000004,0.49999999999999994,34.308899999999994,0.91,0.97,19.751979826468794,-0.4999999999999998,2.032272947549794,9.57,8,28.73
38.38,9.57,34.03043615373647,2,23.99,22.15477491456726,1,23.093333333333334,13.83,34.84,35.37,2022,31.88,1,25.6,0.2929394091136706,10,192.66666666666663,79.82,39.471666666666664,181.44,2022-01-10 09:00:00,19.97,26.909845611905716,Hourly,23.49,0.7,12.94,26.87,11.64,5.850000000000001,34.88,2.9245717635293786,Siltara,25.82,0,0.7071067811865476,24.540000000000003,0.8660254037844387,11.49,46.397083333333335,238.08000000000004,0.49999999999999994,36.58200000000001,0.97,1.05,19.483856077402656,-0.7071067811865475,2.945103280590128,9.3,9,28.56
31.92,9.3,34.16113828393086,2,42.1,18.150806810684063,1,26.89,13.72,34.87,34.84,2022,38.48,1,25.98,0.35089078233927196,10,203.89333333333332,79.82,35.72666666666667,192.66666666666663,2022-01-10 10:00:00,25.82,29.187032579932655,Hourly,19.97,0.76,13.83,25.6,11.49,9.060000000000002,50.24,5.037136752828914,Siltara,34.88,0,0.49999999999999994,25.593333333333334,0.8660254037844387,12.65,46.850833333333334,243.1728,0.49999999999999994,36.962199999999996,1.05,1.06,19.06157001532896,-0.8660254037844387,7.512369799205139,9.36,10,25.91
345.19,9.36,36.63480931717227,0,42.1,12.853969201861783,0,36.98,13.22,34.98,34.87,2022,41.53,1,25.2,0.4403669724770642,10,215.12,60.6,33.26166666666666,203.89333333333332,2022-01-10 11:00:00,34.88,35.202166128523324,Hourly,25.82,1.16,13.72,25.98,12.65,15.36,50.24,11.274426666873092,Siltara,50.24,0,0.258819045102521,29.64833333333333,0.8660254037844387,12.97,47.19,399.67199999999997,0.49999999999999994,32.5314,1.06,0.93,19.04577392357262,-0.9659258262890682,12.344699267297264,15.86,11,23.49
10.89,15.86,38.727915576068845,0,49.25,11.075792467713798,0,45.120000000000005,10.74,26.65,34.98,2022,31.8,1,11.94,0.0,10,215.12,48.72,32.39833333333333,215.12,2022-01-10 12:00:00,50.24,39.498690091802374,Hourly,34.88,1.33,13.22,25.2,12.97,0.0,45.93,13.434245295761809,Siltara,50.24,0,1.2246467991473532e-16,34.10666666666666,0.8660254037844387,14.25,47.52916666666667,175.7568,0.49999999999999994,20.787,0.93,0.78,19.023655963875527,-1.0,8.868100134753197,14.72,12,23.49
353.92,14.72,39.83592856436594,1,49.45,10.725778173364828,1,48.803333333333335,42.95,19.11,26.65,2022,25.71,1,7.19,-0.0857882165605096,10,192.11,28.73,32.16583333333333,215.12,2022-01-10 13:00:00,50.24,41.33620720843027,Hourly,50.24,1.24,10.74,11.94,14.25,-4.310000000000002,40.56,13.00420496096157,Siltara,45.93,0,-0.2588190451025208,37.84666666666667,0.8660254037844387,13.63,47.390833333333326,87.9337,0.49999999999999994,12.039299999999999,0.78,0.63,19.022669523416376,-0.9659258262890683,2.4883796602092447,12.23,13,19.97
356.09,12.23,39.94732416984811,0,49.45,10.923120461024293,0,45.57666666666666,75.16,21.93,19.11,2022,23.85,1,9.24,-0.11691704768125402,10,146.35,28.73,33.151666666666664,192.11,2022-01-10 14:00:00,45.93,41.11443372030733,Hourly,50.24,2.19,42.95,7.19,13.63,-5.369999999999997,36.88,9.61951852572138,Siltara,40.56,0,-0.4999999999999997,41.278333333333336,0.8660254037844387,14.57,47.02041666666667,117.2556,0.49999999999999994,13.158,0.63,0.6,19.06733160674199,-0.8660254037844388,4.849663218548584,12.69,14,25.82
357.04,12.69,39.475428143717636,0,56.01,10.876472906175737,0,41.123333333333335,49.05,17.42,21.93,2022,23.76,1,6.18,-0.09072978303747534,10,166.76,28.56,33.83083333333333,146.35,2022-01-10 15:00:00,40.56,39.90459551450524,Hourly,45.93,1.82,75.16,9.24,14.57,-3.6799999999999997,36.88,6.673435147410701,Siltara,36.88,0,-0.7071067811865471,43.12166666666667,0.8660254037844387,12.38,46.49666666666666,70.3284,0.49999999999999994,10.1036,0.6,0.58,19.17005560461604,-0.7071067811865479,4.551223278783728,11.38,15,34.88
6.35,11.38,39.076131506222616,0,56.01,10.774639802739342,0,38.10666666666666,29.28,28.97,17.42,2022,22.62,1,10.6,0.0,10,166.76,25.91,34.524166666666666,166.76,2022-01-10 16:00:00,36.88,39.040425367503744,Hourly,40.56,1.58,49.05,6.18,12.38,0.0,31.97,6.2135392490938495,Siltara,36.88,0,-0.8660254037844385,43.455000000000005,0.8660254037844387,10.83,45.69958333333333,194.722,0.49999999999999994,13.9056,0.58,0.48,19.15499968317232,-0.5000000000000004,2.124648990620063,18.37,16,50.24
14.63,18.37,37.982880505265285,0,59.9,10.471958624069782,0,35.24333333333333,28.77,33.2,28.97,2022,22.64,1,15.12,-0.1331344902386118,10,183.55,23.49,35.02916666666667,166.76,2022-01-10 17:00:00,36.88,37.020303833931244,Hourly,36.88,1.34,29.28,10.6,10.83,-4.910000000000004,23.76,6.682472596279791,Siltara,31.97,0,-0.9659258262890683,40.41,0.8660254037844387,8.91,44.697916666666664,317.36879999999996,0.49999999999999994,18.924,0.48,0.57,19.220843527426418,-0.25881904510252063,2.8347898217227367,20.99,17,50.24
17.4,20.99,35.79474504291677,0,66.99,10.445167506670792,0,30.87,22.34,38.11,33.2,2022,23.78,1,20.55,-0.25680325304973406,10,219.48,23.49,35.05166666666667,183.55,2022-01-10 18:00:00,31.97,33.23164559566518,Hourly,36.88,0.42,28.77,15.12,8.91,-8.209999999999997,23.76,7.576354444368206,Siltara,23.76,0,-1.0,35.99666666666667,0.8660254037844387,8.87,43.19208333333333,387.7785,0.49999999999999994,27.4392,0.57,0.72,19.392974070449185,-1.8369701987210297e-16,6.628808339363075,18.87,18,45.93
350.16,18.87,33.94324580554496,0,66.99,10.41825448504396,0,26.49666666666667,20.54,38.95,38.11,2022,24.42,1,20.98,0.0,10,273.73,19.97,35.07416666666666,219.48,2022-01-10 19:00:00,23.76,30.525461139760843,Hourly,31.97,0.24,22.34,20.55,8.87,0.0,31.13,7.157548230134294,Siltara,23.76,0,-0.9659258262890684,32.30166666666667,0.8660254037844387,8.95,41.390833333333326,377.0106,0.49999999999999994,33.1075,0.72,0.85,19.09177854394471,0.2588190451025203,4.740045710047816,17.97,19,40.56
211.03,17.97,33.510438758538044,0,77.63,9.395270046273888,0,26.21666666666667,17.71,32.7,38.95,2022,26.5,1,18.35,0.31018518518518506,10,273.73,25.82,36.00416666666667,273.73,2022-01-10 20:00:00,23.76,30.698186528400605,Hourly,23.76,0.66,20.54,20.98,8.95,7.369999999999997,31.13,5.907696674680599,Siltara,31.13,0,-0.8660254037844386,30.73,0.8660254037844387,8.96,39.89666666666667,304.61000000000007,0.49999999999999994,27.468,0.85,0.84,18.391627033178693,0.5000000000000001,4.255071483928644,16.6,20,36.88
359.33,16.6,33.144217411070656,0,79.82,8.988238105569486,0,28.673333333333332,18.27,34.97,32.7,2022,27.57,1,22.16,0.0,10,265.93,34.88,36.446666666666665,273.73,2022-01-10 21:00:00,31.13,30.82156180600043,Hourly,23.76,0.64,17.71,18.35,8.96,0.0,38.01,5.125065528039525,Siltara,31.13,0,-0.7071067811865477,29.771666666666665,0.8660254037844387,8.75,37.95916666666667,283.8696,0.49999999999999994,32.1724,0.84,0.92,16.606377747241304,0.7071067811865474,4.255071483928648,12.81,21,36.88
219.25,12.81,33.89279934782902,0,79.82,8.984055699858997,0,33.42333333333333,16.65,24.54,34.97,2022,22.27,1,16.05,0.22100867330549306,10,265.93,50.24,36.7075,265.93,2022-01-10 22:00:00,31.13,32.87540129000031,Hourly,31.13,0.25,18.27,22.16,8.75,6.879999999999999,38.01,5.449043952844603,Siltara,38.01,0,-0.5000000000000004,29.960000000000004,0.8660254037844387,9.21,36.217083333333335,136.2645,0.49999999999999994,19.3866,0.92,0.79,14.014879818985,0.8660254037844384,3.9721698520258206,8.49,22,31.97
224.79,8.49,34.5262148327784,0,60.6,7.942688843244026,0,35.71666666666667,17.15,33.82,24.54,2022,23.24,1,23.36,0.0,10,149.71,50.24,35.68833333333333,265.93,2022-01-10 23:00:00,38.01,34.34242949285736,Hourly,31.13,0.36,16.65,16.05,9.21,0.0,33.25,6.374049471623106,Siltara,38.01,0,-0.25881904510252157,30.96666666666667,0.8660254037844387,9.54,34.475,244.34560000000002,0.49999999999999994,28.747,0.79,0.85,10.5227525742623,0.9659258262890681,3.972169852025828,10.46,23,23.76
23.02,10.46,34.32987408927403,10,48.72,6.495374752991943,1,36.42333333333334,24.16,64.47,33.82,2022,22.75,1,68.32,-0.12523020257826883,11,500.0,45.93,34.2725,149.71,2022-01-11 01:00:00,38.01,34.030306780612406,Hourly,38.01,0.73,17.15,23.36,9.54,-4.759999999999998,60.02,5.318083928136005,Siltara,33.25,1,0.25881904510252074,32.54833333333333,0.8660254037844387,19.43,33.33541666666667,1279.6336,0.49999999999999994,53.832449999999994,0.85,0.835,8.931061565593382,0.9659258262890683,2.748187281344362,18.73,1,23.76
16.35,18.73,38.28220115246264,10,28.73,9.412666836220437,1,43.76,20.05,56.77,64.47,2022,24.61,1,59.07,0.8051127819548873,11,500.0,40.56,35.446666666666665,500.0,2022-01-11 02:00:00,33.25,41.45593341472315,Hourly,38.01,0.93,24.16,68.32,19.43,26.770000000000003,66.28,10.952045318875253,Siltara,60.02,1,0.49999999999999994,38.59166666666667,0.8660254037844387,19.43,33.80625,1070.9391,0.49999999999999994,46.977175,0.835,0.8275,10.010060075614172,0.8660254037844387,14.281284956193888,18.13,2,31.13
16.7,18.13,42.58955482131454,10,28.73,12.94745675272266,1,53.18333333333334,13.4,45.63,56.77,2022,27.91,1,45.66,0.1042985671442852,11,155.78,36.88,37.59,500.0,2022-01-11 03:00:00,60.02,48.54852386765939,Hourly,33.25,0.68,20.05,59.07,19.43,6.259999999999998,66.28,14.864611666640657,Siltara,66.28,1,0.7071067811865476,44.45000000000001,0.8660254037844387,19.11,35.37083333333333,789.4613999999999,0.49999999999999994,37.4166,0.8275,0.82,11.932156012283054,0.7071067811865476,17.54423647051485,17.29,3,31.13
44.07,17.29,46.23423869495846,10,28.56,15.35810416803946,1,64.19333333333334,7.0,37.25,45.63,2022,27.91,1,35.64,0.0,11,155.78,36.88,40.04,155.78,2022-01-11 04:00:00,66.28,53.61465990547099,Hourly,60.02,0.48,13.4,45.66,19.11,0.0,62.95,15.478950115130388,Siltara,66.28,1,0.8660254037844386,50.30833333333334,0.8660254037844387,18.7,36.93541666666666,591.2676,0.49999999999999994,,0.82,,13.395621925665699,0.5000000000000001,3.6142126851284666,16.59,4,38.01
134.36,16.59,48.80589428034946,10,25.91,16.65923283456808,1,65.17,2.34,33.3,37.25,2022,19.94,1,31.48,-0.05024140012070003,11,121.13,31.97,42.2125,155.78,2022-01-11 05:00:00,66.28,56.28189993247928,Hourly,66.28,0.78,7.0,35.64,18.7,-3.3299999999999983,54.29,14.851834566814553,Siltara,62.95,1,0.9659258262890683,54.465,0.8660254037844387,18.42,38.36833333333333,485.7364,0.49999999999999994,,,,14.271459407614962,0.25881904510252074,1.922576396404108,15.43,5,38.01
237.07,15.43,49.64960285260339,10,23.49,16.6577102677296,1,61.17333333333334,0.09,31.15,33.3,2022,18.49,1,29.2,-0.13756949960285947,11,121.13,23.76,44.0725,121.13,2022-01-11 06:00:00,62.95,55.71278566605663,Hourly,66.28,0.2,2.34,31.48,18.42,-8.660000000000004,54.29,12.553688568173646,Siltara,54.29,1,1.0,57.178333333333335,0.8660254037844387,18.15,39.55083333333334,437.70799999999997,0.49999999999999994,,,,14.36972176568501,6.123233995736766e-17,6.18929990655998,14.99,6,33.25
225.45,14.99,50.36351010604902,10,23.49,15.569196472132617,1,57.17666666666667,3.56,36.34,31.15,2022,16.28,1,36.06,0.0,11,154.93,23.76,46.61666666666667,121.13,2022-01-11 07:00:00,54.29,55.30627547575473,Hourly,62.95,0.68,0.09,29.2,18.15,0.0,51.73,5.476724385983499,Siltara,54.29,1,0.9659258262890683,60.685,0.8660254037844387,17.61,40.83416666666667,536.5728,0.49999999999999994,,,,14.24782330184484,-0.25881904510252063,4.999853331183143,14.88,7,60.02
18.94,14.88,50.57373932050302,10,19.97,13.833175619765003,1,53.43666666666667,6.29,38.78,36.34,2022,20.58,1,37.36,-0.04715417203904959,11,154.93,31.13,48.9475,154.93,2022-01-11 08:00:00,54.29,54.28448248268195,Hourly,54.29,0.51,3.56,36.06,17.61,-2.5600000000000023,51.73,6.607092149099578,Siltara,51.73,1,0.8660254037844387,59.303333333333335,0.8660254037844387,18.6,42.01083333333333,630.6368,0.49999999999999994,,,,13.91539776389986,-0.4999999999999998,1.4780166891286934,16.88,8,66.28
34.8,16.88,50.75162557888717,10,25.82,12.648535278717372,1,52.583333333333336,6.69,38.65,38.78,2022,20.58,1,37.47,0.0,11,154.61,31.13,50.66416666666667,154.93,2022-01-11 09:00:00,51.73,53.55463034477282,Hourly,54.29,0.68,6.29,37.36,18.6,0.0,58.83,6.191382451980634,Siltara,51.73,1,0.7071067811865476,56.87833333333333,0.8660254037844387,18.71,43.33416666666667,647.4816000000001,0.49999999999999994,,,,13.221056300846687,-0.7071067811865475,1.4780166891286777,17.28,9,66.28
27.79,17.28,51.99445241290452,10,34.88,11.204691488998023,1,54.096666666666664,7.82,38.35,38.65,2022,23.99,1,36.26,0.13725111154069208,11,181.77,38.01,52.972500000000004,154.61,2022-01-11 10:00:00,51.73,55.06187881769487,Hourly,51.73,0.82,6.69,37.47,18.71,7.100000000000001,61.12,4.423422506012052,Siltara,58.83,1,0.49999999999999994,55.63666666666666,0.8660254037844387,19.59,44.709583333333335,691.4782,0.49999999999999994,,,,13.03554988055428,-0.8660254037844387,4.099186911247517,19.07,10,62.95
28.05,19.07,53.39838281091921,0,50.24,10.352845751362455,0,57.22666666666667,6.92,37.34,38.35,2022,42.1,1,34.02,0.03892571817100118,11,181.77,38.01,54.89833333333333,181.77,2022-01-11 11:00:00,58.83,56.79277058406777,Hourly,51.73,1.07,7.82,36.26,19.59,2.289999999999999,61.12,3.8433652788531543,Siltara,61.12,1,0.258819045102521,55.33166666666667,0.8660254037844387,21.82,45.80291666666667,887.5818,0.49999999999999994,28.378400000000003,,0.76,13.273510554015058,-0.9659258262890682,4.896022194939798,26.09,11,54.29
34.04,26.09,54.58632391693164,1,50.24,8.984749157557545,1,60.35666666666666,6.65,29.13,37.34,2022,42.1,1,11.62,0.0,11,138.29500000000002,33.25,56.82416666666666,181.77,2022-01-11 12:00:00,61.12,58.02912184576269,Hourly,58.83,1.04,6.92,34.02,21.82,0.0,47.51,4.438517770610714,Siltara,61.12,1,1.2246467991473532e-16,56.47,0.8660254037844387,23.08,46.256249999999994,440.74659999999994,0.49999999999999994,18.3519,0.76,0.63,13.613089868243815,-1.0,1.3221321164480135,37.93,12,54.29
17.57,37.93,53.49765869894216,0,45.93,6.045656780621901,0,56.583333333333336,0.51,26.53,29.13,2022,49.25,1,12.39,-0.22267670157068062,11,94.82,60.02,58.012499999999996,138.29500000000002,2022-01-11 13:00:00,61.12,55.02365846125907,Hourly,61.12,1.05,6.65,11.62,23.08,-13.61,33.9,5.768361985869759,Siltara,47.51,1,-0.2588190451025208,55.339999999999996,0.8660254037844387,43.71,46.14249999999999,408.9939,0.49999999999999994,14.060900000000002,0.63,0.53,13.589740455659438,-0.9659258262890683,7.857737163671424,33.01,13,51.73
35.09,33.01,50.48263428372029,0,40.56,9.158094738667685,0,47.50999999999999,16.02,27.06,26.53,2022,49.45,1,12.12,-0.28646600715638815,11,104.47,66.28,55.83583333333333,94.82,2022-01-11 14:00:00,47.51,48.9883274723279,Hourly,61.12,0.83,0.51,12.39,43.71,-13.61,39.56,10.583257375056817,Siltara,33.9,1,-0.4999999999999997,52.36833333333333,0.8660254037844387,42.55,45.64125000000001,432.684,0.49999999999999994,15.694799999999999,0.53,0.58,13.8178644019417,-0.8660254037844388,13.610000000000333,35.7,14,51.73
356.94,35.7,48.80222900930178,0,36.88,9.624321896616161,0,40.32333333333333,15.15,31.46,27.06,2022,49.45,1,17.43,0.16696165191740425,11,114.24,66.28,53.60916666666666,104.47,2022-01-11 15:00:00,33.9,46.29451962309136,Hourly,47.51,1.01,16.02,12.12,42.55,5.660000000000004,41.21,11.82360182008969,Siltara,39.56,1,-0.7071067811865471,50.339999999999996,0.8660254037844387,47.4,45.59958333333333,566.9979,0.49999999999999994,18.876,0.58,0.6,13.835349331448096,-0.7071067811865479,6.837033957305024,32.53,15,58.83
359.18,32.53,47.63419377710151,0,36.88,9.34061123170247,0,38.223333333333336,14.44,24.13,31.46,2022,56.01,1,10.99,0.04170879676440845,11,126.76,62.95,51.52,114.24,2022-01-11 16:00:00,39.56,44.84179973077954,Hourly,33.9,0.8,15.15,17.43,47.4,1.6499999999999986,41.21,11.476240964126514,Siltara,41.21,1,-0.8660254037844385,47.403333333333336,0.8660254037844387,43.05,45.78,343.987,0.49999999999999994,13.271500000000001,0.6,0.55,13.744634684439909,-0.5000000000000004,3.833931837336433,31.3,16,61.12
11.45,31.3,46.64585627293205,0,31.97,9.025130402817835,0,40.660000000000004,19.01,25.23,24.13,2022,56.01,1,9.04,0.0,11,128.13,54.29,49.708333333333336,126.76,2022-01-11 17:00:00,41.21,43.80414266484253,Hourly,39.56,0.67,14.44,10.99,43.05,0.0,42.65,9.40917584063713,Siltara,41.21,1,-0.9659258262890683,44.085,0.8660254037844387,33.67,45.96041666666667,311.1568,0.49999999999999994,13.876500000000002,0.55,0.55,13.650829399604786,-0.25881904510252063,0.9526279441674487,34.42,17,61.12
23.06,34.42,46.031109154019425,0,23.76,9.11302946668088,0,41.69,23.46,34.94,25.23,2022,59.9,1,18.06,0.03494297500606643,11,141.92,54.29,48.73833333333334,128.13,2022-01-11 18:00:00,41.21,43.47438761774466,Hourly,41.21,0.46,19.01,9.04,33.67,1.4399999999999977,43.58,4.419822017536084,Siltara,42.65,1,-1.0,41.00666666666667,0.8660254037844387,28.24,46.40541666666666,706.8684,0.49999999999999994,22.3616,0.55,0.64,13.345594934909403,-1.8369701987210297e-16,0.831384387638327,39.14,18,47.51
17.93,39.14,45.65401543801644,0,23.76,9.044079387626187,0,42.48,20.3,29.81,34.94,2022,66.99,1,18.17,0.021805392731535752,11,229.75,51.73,47.84583333333333,141.92,2022-01-11 19:00:00,42.65,43.504562584103326,Hourly,41.21,0.46,23.46,18.06,28.24,0.9299999999999997,54.78,3.4475696753940834,Siltara,43.58,1,-0.9659258262890684,40.35166666666667,0.8660254037844387,24.14,47.231249999999996,562.1798000000001,0.49999999999999994,21.1651,0.64,0.71,12.467719819598644,0.2588190451025203,1.1941105476499199,30.94,19,33.9
185.65,30.94,47.05801306293698,0,31.13,9.20459272715068,0,47.00333333333333,19.59,26.29,29.81,2022,66.99,1,16.03,0.2569986232216614,11,500.0,51.73,48.1,229.75,2022-01-11 20:00:00,43.58,46.72611613150238,Hourly,42.65,0.28,20.3,18.17,24.14,11.200000000000003,55.27,5.537491911208196,Siltara,54.78,1,-0.8660254037844386,43.83166666666667,0.8660254037844387,21.17,48.52375,430.0849,0.49999999999999994,19.9804,0.71,0.76,11.498966990466531,0.5000000000000001,6.750824640985898,26.83,20,39.56
237.24,26.83,48.321395668638985,0,31.13,9.386438476478457,0,51.21,23.68,32.33,26.29,2022,77.63,1,24.02,0.008944870390653559,11,500.0,58.83,48.395,500.0,2022-01-11 21:00:00,54.78,49.16722580821599,Hourly,43.58,0.2,19.59,16.03,21.17,0.490000000000002,55.8,6.704825128221394,Siltara,55.27,1,-0.7071067811865477,46.449999999999996,0.8660254037844387,19.44,49.529583333333335,602.902,0.49999999999999994,30.0669,0.76,0.93,10.954237011974204,0.7071067811865474,6.612314269604042,25.1,21,41.21
236.56,25.1,49.47195018115606,0,38.01,9.117102933996021,0,55.28333333333334,27.37,35.9,32.33,2022,79.82,1,29.37,0.009589288945178107,11,164.14,61.12,48.142500000000005,500.0,2022-01-11 22:00:00,55.27,51.06230414872571,Hourly,54.78,0.44,23.68,24.02,19.44,0.529999999999994,55.8,7.060598888670508,Siltara,55.8,1,-0.5000000000000004,48.88166666666667,0.8660254037844387,19.84,50.5575,714.5721,0.49999999999999994,36.618,0.93,1.02,10.289942007696247,0.8660254037844384,0.5101307022153498,24.33,22,41.21
279.85,24.33,50.445496307132046,0,38.01,8.539749260032774,0,55.623333333333335,34.23,45.46,35.9,2022,79.82,1,41.57,0.0,11,500.0,61.12,47.69916666666668,164.14,2022-01-11 23:00:00,55.8,52.41593153480408,Hourly,55.27,0.23,27.37,29.37,19.84,0.0,64.87,6.3685341065817305,Siltara,55.8,1,-0.25881904510252157,51.31333333333333,0.8660254037844387,20.04,51.29874999999999,973.5694000000001,0.49999999999999994,51.3698,1.02,1.13,9.982950819533777,0.9659258262890681,0.3059956426858773,23.42,23,42.65
268.6825,23.42,52.66465072141942,6,33.25,9.12413067673017,1,58.82333333333333,18.68,50.98,45.46,2022,60.6,1,35.69,0.16254480286738365,12,151.66,47.51,48.01166666666666,500.0,2022-01-12 01:00:00,55.8,55.97423681057435,Hourly,55.8,0.2525,34.23,41.57,20.04,9.070000000000007,76.12,6.771010756651778,Siltara,64.87,2,0.25881904510252074,55.01666666666667,0.8660254037844387,4.05,52.41791666666666,1527.8889,0.49999999999999994,92.2738,1.13,1.81,9.93389278711069,0.9659258262890683,5.236566941550825,42.81,1,43.58
263.09875,42.81,56.2731659950472,6,60.02,12.200458604146945,1,65.59666666666668,16.31,46.37,50.98,2022,48.72,1,30.98,0.1734237706181594,12,156.17,33.9,50.395833333333336,151.66,2022-01-12 02:00:00,64.87,61.73016915041025,Hourly,55.8,0.26375,18.68,35.69,4.05,11.25,80.69,8.571009275460295,Siltara,76.12,2,0.49999999999999994,60.44,0.8660254037844387,4.4,54.20416666666666,1276.3760000000002,0.49999999999999994,82.0749,1.81,1.77,10.188429889988008,0.8660254037844387,10.179471171595473,41.2,2,54.78
257.515,41.2,60.02960199580917,6,66.28,13.818778725145492,1,73.89333333333333,13.31,41.55,46.37,2022,28.73,1,25.81,0.060036784025223236,12,158.07,39.56,54.294999999999995,156.17,2022-01-12 03:00:00,76.12,67.14726367886446,Hourly,64.87,0.275,16.31,30.98,4.4,4.569999999999993,89.36,11.255664203710602,Siltara,80.69,2,0.7071067811865476,64.75833333333334,0.8660254037844387,4.66,55.065416666666664,1030.0771,0.49999999999999994,71.466,1.77,1.72,11.491713074388457,0.7071067811865476,8.141660354825893,39.91,3,55.27
,39.91,64.54197091953084,6,66.28,16.254535311161824,1,82.05666666666666,10.07,37.06,41.55,2022,28.73,1,21.3,0.10744825876812494,12,109.8,41.21,58.44499999999999,158.07,2022-01-12 04:00:00,80.69,73.49375977061747,Hourly,76.12,,13.31,25.81,4.66,8.670000000000002,76.44,13.820096960586943,Siltara,89.36,2,0.8660254037844386,70.44,0.8660254037844387,4.57,56.02708333333334,814.725,0.49999999999999994,61.8902,1.72,1.67,13.29518398557002,0.5000000000000001,6.724970879739494,38.25,4,55.8
,38.25,66.37243693191071,6,62.95,16.03874425958064,1,82.16333333333334,8.62,34.78,37.06,2022,28.56,1,19.0,-0.14458370635631157,12,83.95,41.21,61.380833333333335,109.8,2022-01-12 05:00:00,89.36,74.3355426932982,Hourly,80.69,,10.07,21.3,4.57,-12.920000000000002,69.38,11.879765990962271,Siltara,76.44,2,0.9659258262890683,73.88000000000001,0.8660254037844387,4.88,56.45041666666666,710.41,0.49999999999999994,56.6914,1.67,1.63,13.788444903698585,0.25881904510252074,6.584803211436485,37.39,5,55.8
,37.39,66.83513894238598,6,54.29,14.83438746679957,1,78.39333333333333,9.65,36.24,34.78,2022,25.91,1,21.45,-0.09236002093144953,12,83.31,42.65,63.72833333333333,83.95,2022-01-12 06:00:00,76.44,72.91967335235586,Hourly,89.36,,8.62,19.0,4.88,-7.060000000000002,60.21,8.582211059318572,Siltara,69.38,2,1.0,76.14333333333333,0.8660254037844387,4.74,56.718333333333334,788.502,0.49999999999999994,56.896800000000006,1.63,1.57,13.981345853817885,6.123233995736766e-17,10.132212657329301,36.76,6,64.87
235.18,36.76,65.81588679740352,0,54.29,13.358810394324182,0,68.67666666666666,8.64,37.26,36.24,2022,23.49,1,22.46,-0.13217065436725275,12,99.69,43.58,65.19166666666668,83.31,2022-01-12 07:00:00,69.38,69.28833810882561,Hourly,76.44,0.32,9.65,21.45,4.74,-9.169999999999995,63.23,9.91398540783121,Siltara,60.21,2,0.9659258262890683,75.36666666666666,0.8660254037844387,4.93,56.965,827.6510000000001,0.49999999999999994,57.007799999999996,1.57,1.53,13.988861096694801,-0.25881904510252063,8.137827310366298,36.85,7,76.12
35.49,36.85,65.41805805934143,0,51.73,11.550848420891557,0,64.27333333333333,10.41,40.77,37.26,2022,23.49,1,26.09,0.05015778109948507,12,109.49,54.78,66.82916666666667,99.69,2022-01-12 08:00:00,60.21,67.55738436344686,Hourly,69.38,3.89,8.64,22.46,4.93,3.019999999999996,64.36,11.04965776242371,Siltara,63.23,2,0.8660254037844387,73.21833333333333,0.8660254037844387,5.58,57.337500000000006,1005.5086,0.49999999999999994,63.601200000000006,1.53,1.56,14.033490764720332,-0.4999999999999998,4.673182356097753,38.54,8,80.69
28.27,38.54,65.25527989636582,0,51.73,10.958224080570206,0,62.6,10.82,40.61,40.77,2022,19.97,1,25.84,0.017871263640676937,12,129.36,55.27,67.6275,109.49,2022-01-12 09:00:00,63.23,66.6438459738906,Hourly,60.21,9.31,10.41,26.09,5.58,1.1300000000000026,67.51,10.850568034287008,Siltara,64.36,2,0.7071067811865476,70.49666666666667,0.8660254037844387,5.28,57.86375,1001.3,0.49999999999999994,64.976,1.56,1.6,14.05086839727011,-0.7071067811865475,2.1455302374960685,38.75,9,89.36
80.39,38.75,65.60215991230955,0,58.83,10.250191239900564,0,65.03333333333333,11.79,41.13,40.61,2022,25.82,1,25.45,0.04894344313238045,12,135.01,55.8,68.6475,129.36,2022-01-12 10:00:00,64.36,66.89131855277901,Hourly,63.23,11.7,10.82,25.84,5.28,3.1500000000000057,68.17,5.695586888111269,Siltara,67.51,2,0.49999999999999994,66.855,0.8660254037844387,5.25,58.52125,1028.4344999999998,0.49999999999999994,66.2193,1.6,1.61,14.12039946241867,-0.8660254037844387,2.21802464669431,40.41,10,76.44
32.63,40.41,65.99721223349269,0,61.12,9.429879815423003,0,66.68,13.2,42.13,41.13,2022,34.88,1,25.41,0.00977632943267659,12,152.73,55.8,69.67833333333333,135.01,2022-01-12 11:00:00,67.51,67.25665610912786,Hourly,64.36,12.3,11.79,25.45,5.25,0.6599999999999966,71.21,3.4830082782979317,Siltara,68.17,2,0.258819045102521,65.47666666666667,0.8660254037844387,5.42,58.91041666666667,1070.0151,0.49999999999999994,67.408,1.61,1.6,14.257322902305058,-0.9659258262890682,2.036099211730649,42.11,11,69.38
35.65,42.11,66.79917958218611,0,61.12,8.356259629761924,0,68.96333333333332,13.02,41.18,42.13,2022,50.24,1,23.97,0.044594396362035965,12,159.81,64.87,70.96249999999999,152.73,2022-01-12 12:00:00,68.17,68.38618293509133,Hourly,67.51,9.95,13.2,25.41,5.42,3.039999999999992,67.01,3.9429350320150918,Siltara,71.21,2,1.2246467991473532e-16,65.78166666666667,0.8660254037844387,9.11,59.33083333333334,1007.4591,0.49999999999999994,65.0644,1.6,1.58,14.472454170255903,-1.0,1.9734572033220328,42.03,12,60.21
352.67,42.03,66.83161349261901,0,47.51,8.236393140792021,0,68.79666666666667,12.19,38.66,41.18,2022,50.24,1,21.12,-0.0589804802696249,12,160.54,76.12,71.14083333333333,159.81,2022-01-12 13:00:00,71.21,67.99298781077952,Hourly,68.17,7.88,13.02,23.97,9.11,-4.199999999999989,60.07,2.845781087860582,Siltara,67.01,2,-0.2588190451025208,66.915,0.8660254037844387,13.73,59.57625000000001,877.9584000000001,0.49999999999999994,57.60339999999999,1.58,1.49,14.553824183683743,-0.9659258262890683,2.168993622245953,41.57,13,63.23
359.18,41.57,65.79136526298532,0,33.9,8.647250044570363,0,66.09666666666666,10.53,33.88,38.66,2022,45.93,1,16.79,-0.1035666318459932,12,143.94,80.69,69.80333333333333,160.54,2022-01-12 14:00:00,67.01,65.72927700769966,Hourly,71.21,9.55,12.19,21.12,13.73,-6.940000000000005,57.7,3.797443438247861,Siltara,60.07,2,-0.4999999999999997,66.38833333333334,0.8660254037844387,19.77,60.099583333333335,673.6148,0.49999999999999994,47.0932,1.49,1.39,14.325097610766342,-0.8660254037844388,5.625880671800956,40.12,14,64.36
347.97,40.12,64.54653983791066,0,39.56,8.562340509462862,0,61.593333333333334,8.42,30.54,33.88,2022,40.56,1,12.18,-0.039453970367904066,12,124.19,89.36,67.8875,143.94,2022-01-12 15:00:00,60.07,63.43519786264261,Hourly,67.01,7.11,10.53,16.79,19.77,-2.3699999999999974,51.6,5.216958564785805,Siltara,57.7,2,-0.7071067811865471,65.27833333333334,0.8660254037844387,18.71,61.09125,484.2768,0.49999999999999994,41.229,1.39,1.35,13.213188178779511,-0.7071067811865479,4.838329601561223,39.76,15,67.51
300.95,39.76,62.554764478232094,0,41.21,6.686803093111781,0,56.45666666666667,5.56,30.23,30.54,2022,36.88,1,11.98,-0.10571923743500869,12,122.73,76.44,64.74083333333334,124.19,2022-01-12 16:00:00,57.7,60.05371275903043,Hourly,60.07,6.17,8.42,12.18,18.71,-6.100000000000001,47.57,7.429828172083964,Siltara,51.6,2,-0.8660254037844385,62.626666666666665,0.8660254037844387,10.34,61.59291666666667,472.8506,0.49999999999999994,39.903600000000004,1.35,1.32,12.573230527824167,-0.5000000000000004,4.369740648292931,39.47,16,68.17
321.06,39.47,60.24941609696562,0,41.21,7.263591022727201,0,52.29,3.77,29.4,30.23,2022,36.88,1,11.13,-0.07810077519379847,12,118.66,69.38,62.335,122.73,2022-01-12 17:00:00,51.6,56.486937685021736,Hourly,57.7,0.64,5.56,11.98,10.34,-4.030000000000001,48.5,8.958345085265094,Siltara,47.57,2,-0.9659258262890683,59.193333333333335,0.8660254037844387,10.38,61.85791666666666,436.29600000000005,0.49999999999999994,37.926,1.32,1.29,12.1860119307087,-0.25881904510252063,5.100127449388899,39.2,17,71.21
87.52,39.2,58.441813620509365,0,42.65,7.895921271597214,0,49.22333333333333,8.64,31.84,29.4,2022,31.97,1,13.64,0.019550136640739957,12,167.96,60.21,60.595,118.66,2022-01-12 18:00:00,47.57,54.20495548930124,Hourly,51.6,0.05,3.77,11.13,10.38,0.9299999999999997,55.51,7.553138199893743,Siltara,48.5,2,-1.0,55.40833333333333,0.8660254037844387,6.33,62.16166666666666,545.6,0.49999999999999994,42.665600000000005,1.29,1.34,11.73133583952495,-1.8369701987210297e-16,2.1101263785241278,40.0,18,67.01
87.5178570586154,40.0,57.99076537120023,5,43.58,8.032148284275799,1,50.526666666666664,20.22,50.01,31.84,2022,23.76,1,33.59,0.14453608247422675,12,249.92,63.23,60.203333333333326,167.96,2022-01-12 19:00:00,48.5,54.577825349500884,Hourly,47.57,0.0500672249085977,8.64,13.64,6.33,7.009999999999998,62.08,5.071873092526515,Siltara,55.51,2,-0.9659258262890684,53.49166666666667,0.8660254037844387,6.06,62.6975,1483.6703000000002,0.49999999999999994,73.0146,1.34,1.46,11.076819214605605,0.2588190451025203,4.340671990987499,44.17,19,60.07
87.5157141172308,44.17,58.619878391015575,5,54.78,7.999547856540364,1,55.36333333333334,34.77,67.72,50.01,2022,23.76,1,54.28,0.1183570527832823,12,228.27,64.36,60.10750000000001,249.92,2022-01-12 20:00:00,55.51,56.72130382107206,Hourly,48.5,0.0501344498171954,20.22,33.59,6.06,6.57,70.28,5.629052022027723,Siltara,62.08,2,-0.8660254037844386,53.826666666666675,0.8660254037844387,6.85,63.468333333333334,2569.0724,0.49999999999999994,108.352,1.46,1.6,10.305440381142757,0.5000000000000001,6.791187917687415,47.33,20,57.7
87.51357117584621,47.33,60.41374325393625,5,55.27,8.455207602776483,1,62.623333333333335,38.94,75.28,67.72,2022,31.13,1,62.76,0.13208762886597944,12,206.62,67.51,60.600833333333334,228.27,2022-01-12 21:00:00,62.08,60.595217015051475,Hourly,55.51,0.0502016747257931,34.77,54.28,6.85,8.200000000000003,80.22,8.806412814914706,Siltara,70.28,2,-0.7071067811865477,55.92333333333334,0.8660254037844387,6.83,64.11416666666666,2997.4175999999998,0.49999999999999994,130.9872,1.6,1.74,10.222629593070163,0.7071067811865474,7.399975225184455,47.76,21,51.6
,47.76,63.4608596764076,5,55.8,10.0458449122007,1,70.86,39.48,76.32,75.28,2022,31.13,1,64.13,0.14143426294820713,12,184.97,68.17,61.660000000000004,206.62,2022-01-12 22:00:00,70.28,66.2022978678939,Hourly,62.08,,38.94,62.76,6.83,9.939999999999998,73.35,12.828748445062477,Siltara,80.22,2,-0.5000000000000004,60.69333333333333,0.8660254037844387,6.35,65.15375,3057.7183999999997,0.49999999999999994,138.1392,1.74,1.81,10.547595156573317,0.8660254037844384,9.083897841786335,47.68,22,47.57
,47.68,64.9822658800372,5,55.8,10.454007351105048,1,74.61666666666666,37.16,74.59,76.32,2022,38.01,1,63.08,-0.08563949139865376,12,184.97,71.21,62.09166666666666,184.97,2022-01-12 23:00:00,80.22,68.24449847706708,Hourly,70.28,,39.48,64.13,6.35,-6.8700000000000045,70.0,11.832879615715916,Siltara,73.35,2,-0.25881904510252157,64.99,0.8660254037844387,6.66,65.885,2914.2960000000003,0.49999999999999994,141.721,1.81,1.9,10.479053641307676,0.9659258262890681,5.089620156096501,46.2,23,48.5
69.35,46.2,65.7542249754161,0,64.87,10.363505425142517,0,74.52333333333333,29.38,53.57,74.59,2023,38.01,1,37.65,-0.045671438309475045,1,80.86,67.01,61.99083333333334,184.97,2023-01-01 01:00:00,73.35,68.7460703407622,Hourly,80.22,0.62,37.16,63.08,6.66,-3.3499999999999943,25.29,8.674370678423369,Siltara,70.0,6,0.25881904510252074,68.57333333333334,0.8660254037844387,2.55,66.47666666666667,1690.485,0.49999999999999994,41.2489,1.9,0.77,10.283941329829467,0.9659258262890683,5.210051183370829,44.9,1,55.51
80.71,44.9,59.528959594582844,0,76.12,14.641588623651156,0,56.21333333333333,27.51,50.99,53.57,2023,33.25,1,34.93,-0.6387142857142857,1,80.32,60.07,58.514166666666675,80.86,2023-01-01 02:00:00,70.0,56.33005024340157,Hourly,73.35,0.47,29.38,37.65,2.55,-44.71,28.39,19.630648146882265,Siltara,25.29,6,0.49999999999999994,63.53666666666667,0.8660254037844387,2.53,64.8275,1536.5707,0.49999999999999994,37.2227,0.77,0.73,13.287708360672022,0.8660254037844387,26.83272318146899,43.99,2,62.08
157.43,43.99,54.738350426185484,0,80.69,17.00146221429883,0,41.22666666666667,25.76,48.97,50.99,2023,60.02,1,33.29,0.12257809410834328,1,63.37,57.7,55.87416666666667,80.32,2023-01-01 03:00:00,25.29,48.34717874528683,Hourly,70.0,0.53,27.51,34.93,2.53,3.1000000000000014,28.39,24.375433055982683,Siltara,28.39,6,0.7071067811865476,57.92166666666666,0.8660254037844387,2.31,62.838750000000005,1419.4856,0.49999999999999994,33.7893,0.73,0.69,14.987242781634798,0.7071067811865476,24.966598353266768,42.64,3,70.28
45.54,42.64,50.68475805292618,0,89.36,18.73257485254093,0,27.356666666666666,22.23,45.0,48.97,2023,66.28,1,28.62,0.0,1,50.55,51.6,53.431666666666665,63.37,2023-01-01 04:00:00,28.39,42.645127675204876,Hourly,25.29,0.68,25.76,33.29,2.31,0.0,25.37,26.068132269114106,Siltara,28.39,6,0.8660254037844386,50.94,0.8660254037844387,2.33,60.65958333333333,1208.9088000000002,0.49999999999999994,27.45,0.69,0.61,16.04379887768319,0.5000000000000001,1.789785834490425,42.24,4,80.22
353.92,42.24,46.79017989093754,0,76.44,20.42006742858277,0,27.383333333333336,19.49,41.58,45.0,2023,66.28,1,24.65,-0.1063754843254667,1,50.55,47.57,51.24583333333333,50.55,2023-01-01 05:00:00,28.39,37.70937691086063,Hourly,28.39,0.26,22.23,28.62,2.33,-3.0199999999999996,23.3,23.20699757975375,Siltara,25.37,6,0.9659258262890683,41.79833333333333,0.8660254037844387,2.05,57.99333333333333,1029.3839999999998,0.49999999999999994,23.2848,0.61,0.56,16.380406552970282,0.25881904510252074,1.7435978129553225,41.76,5,73.35
18.84,41.76,43.17630606156253,0,69.38,21.961003592456034,0,25.686666666666667,16.7,38.02,41.58,2023,62.95,1,21.46,-0.08159243200630667,1,50.55,48.5,49.22333333333333,50.55,2023-01-01 06:00:00,25.37,33.59241207918616,Hourly,28.39,0.63,19.49,24.65,2.05,-2.0700000000000003,23.73,18.011129522234253,Siltara,23.3,6,1.0,33.45666666666667,0.8660254037844387,1.92,55.77916666666667,854.7518,0.49999999999999994,20.530800000000003,0.56,0.54,17.341825017210507,6.123233995736766e-17,2.559733059000986,39.83,6,70.0
10.0,39.83,40.184566667475984,0,60.21,23.16619773342683,0,24.133333333333336,16.83,38.91,38.02,2023,54.29,1,22.25,0.018454935622317585,1,79.59,55.51,47.159166666666664,50.55,2023-01-01 07:00:00,23.3,30.774580056561547,Hourly,25.37,0.75,16.7,21.46,1.92,0.4299999999999997,24.99,2.2080738212372197,Siltara,23.73,6,0.9659258262890683,25.745,0.8660254037844387,1.7,53.87708333333333,897.12,0.49999999999999994,21.7896,0.54,0.56,18.264161742786843,-0.25881904510252063,1.0923522020587095,40.32,7,25.29
355.68,40.32,37.84694102632584,0,63.23,23.8318215297159,0,24.006666666666664,15.56,37.33,38.91,2023,54.29,1,20.75,0.05309734513274328,1,79.59,62.08,44.615833333333335,79.59,2023-01-01 08:00:00,23.73,29.121842897543964,Hourly,23.3,1.12,16.83,22.25,1.7,1.259999999999998,24.99,2.223778316297096,Siltara,24.99,6,0.8660254037844387,25.695000000000004,0.8660254037844387,1.92,52.40958333333333,823.1525,0.49999999999999994,22.0247,0.56,0.59,19.12772094407759,-0.4999999999999998,0.8783127764882547,39.67,8,28.39
26.57,39.67,35.868950099198784,0,64.36,23.76599958688092,0,24.569999999999997,15.06,35.51,37.33,2023,51.73,1,18.25,0.0,1,91.0,70.28,41.525,79.59,2023-01-01 09:00:00,24.99,27.941316355388544,Hourly,23.73,1.91,15.56,20.75,1.92,0.0,23.5,1.7907140103042485,Siltara,24.99,6,0.7071067811865476,25.12833333333333,0.8660254037844387,1.89,50.81625,769.2375,0.49999999999999994,22.726399999999998,0.59,0.64,19.769130924246817,-0.7071067811865475,0.7274613391852449,42.15,9,28.39
16.58,42.15,33.966034699322044,0,67.51,22.419019252465347,0,24.49333333333333,15.0,34.38,35.51,2023,51.73,1,15.41,-0.059623849539815865,1,102.28,80.22,37.626666666666665,91.0,2023-01-01 10:00:00,24.99,26.67236882527753,Hourly,24.99,2.02,15.06,18.25,1.89,-1.4899999999999984,27.38,0.9012139960631349,Siltara,23.5,6,0.49999999999999994,24.313333333333333,0.8660254037844387,2.24,49.11375,658.7775,0.49999999999999994,22.690800000000003,0.64,0.66,20.304215200083853,-0.8660254037844387,0.8602519010978821,42.75,10,25.37
28.01,42.75,32.95279859173404,0,68.17,18.057651781966985,0,25.290000000000003,12.6,31.92,34.38,2023,58.83,1,11.85,0.16510638297872335,1,102.28,73.35,33.22333333333333,102.28,2023-01-01 11:00:00,23.5,26.874549160912522,Hourly,24.99,1.89,15.0,15.41,2.24,3.879999999999999,30.36,1.5281023089767318,Siltara,27.38,6,0.258819045102521,24.64833333333333,0.8660254037844387,1.94,47.44166666666666,515.8305,0.49999999999999994,21.067200000000003,0.66,0.66,20.375645877555584,-0.9659258262890682,1.9573195957761247,43.53,11,23.3
24.66,43.53,32.553906500698034,0,71.21,12.90138925453213,0,27.080000000000002,14.39,34.28,31.92,2023,61.12,1,12.21,0.10883856829802778,1,110.47,70.0,29.640833333333333,102.28,2023-01-01 12:00:00,27.38,27.870392257794663,Hourly,23.5,1.98,12.6,11.85,1.94,2.9800000000000004,34.55,2.614320179326382,Siltara,30.36,6,1.2246467991473532e-16,25.825,0.8660254037844387,2.36,45.86625,572.0385000000001,0.49999999999999994,22.282,0.66,0.65,20.1638858859534,-1.0,3.439825576974692,46.85,12,23.73
357.74,46.85,32.86099780828295,0,67.01,3.322330324917453,0,30.763333333333332,16.32,36.19,34.28,2023,61.12,1,14.68,0.13801054018445316,1,111.15,25.29,26.686666666666667,110.47,2023-01-01 13:00:00,30.36,29.778851612710472,Hourly,27.38,1.31,14.39,12.21,2.36,4.189999999999998,34.55,4.1568710187711435,Siltara,34.55,6,-0.2588190451025208,27.62833333333333,0.8660254037844387,2.78,44.33875,701.4104,0.49999999999999994,23.1616,0.65,0.64,19.53942109251055,-0.9659258262890683,3.6019763093811044,47.78,13,24.99
40.37,47.78,33.120844299316346,0,60.07,3.97894877239211,0,33.153333333333336,16.93,35.62,36.19,2023,47.51,1,14.18,0.0,1,111.15,28.39,27.458333333333332,111.15,2023-01-01 14:00:00,34.55,31.142036866221765,Hourly,30.36,0.73,16.32,14.68,2.78,0.0,36.54,4.73527788695649,Siltara,34.55,6,-0.4999999999999997,29.221666666666664,0.8660254037844387,2.51,42.986250000000005,658.0938,0.49999999999999994,21.728199999999998,0.64,0.61,19.018387398492592,-0.8660254037844388,2.4190976279064866,46.41,14,24.99
358.71,46.41,33.64686825326768,0,57.7,4.769465617101631,0,35.21333333333333,17.78,36.5,35.62,2023,33.9,1,13.69,0.05759768451519543,1,98.35,28.39,28.1375,111.15,2023-01-01 15:00:00,34.55,32.68431204730126,Hourly,34.55,1.02,16.93,14.18,2.51,1.990000000000002,39.79,5.010619389526484,Siltara,36.54,6,-0.7071067811865471,31.146666666666665,0.8660254037844387,1.96,42.005833333333335,668.6196,0.49999999999999994,22.63,0.61,0.62,18.703299852227417,-0.7071067811865479,1.1489270356914993,48.84,15,23.5
357.15,48.84,34.59196544507265,0,51.6,5.8396203565881155,0,36.96,17.11,33.43,36.5,2023,39.56,1,12.19,0.08894362342638205,1,98.35,25.37,29.087500000000002,98.35,2023-01-01 16:00:00,36.54,34.71450860521519,Hourly,34.55,1.4,17.78,13.69,1.96,3.25,39.79,4.416783520470326,Siltara,39.79,6,-0.8660254037844385,33.86166666666667,0.8660254037844387,2.12,41.25958333333333,551.8413,0.49999999999999994,20.3923,0.62,0.61,18.40480383396351,-0.5000000000000004,2.6451275961680105,45.27,16,27.38
5.83,45.27,35.391663068907626,0,47.57,6.4562055536903875,0,38.70666666666666,15.44,28.12,33.43,2023,41.21,1,8.08,0.0,1,70.62,23.3,30.289166666666663,98.35,2023-01-01 17:00:00,39.79,36.16464900372513,Hourly,36.54,1.35,17.11,12.19,2.12,0.0,35.32,3.605689947850646,Siltara,39.79,6,-0.9659258262890683,35.93,0.8660254037844387,2.3,40.7675,334.91600000000005,0.49999999999999994,16.872,0.61,0.6,18.27372840993351,-0.25881904510252063,1.8763883748688355,41.45,17,30.36
359.18,41.45,35.38063798138337,0,48.5,6.200654596430114,0,38.300000000000004,14.43,28.87,28.12,2023,41.21,1,7.09,-0.11233978386529277,1,73.34,23.73,31.290833333333335,70.62,2023-01-01 18:00:00,39.79,35.92332071694652,Hourly,39.79,0.88,15.44,8.08,2.3,-4.469999999999999,32.47,2.459753375177622,Siltara,35.32,6,-1.0,36.75666666666667,0.8660254037844387,1.86,40.257083333333334,314.58329999999995,0.49999999999999994,17.6107,0.6,0.61,18.246523308902713,-1.8369701987210297e-16,2.5807557032794812,44.37,18,34.55
277.04,44.37,34.93284752270901,0,55.51,5.727032324198262,0,35.86000000000001,14.29,27.6,28.87,2023,42.65,1,6.6,-0.08069082672706686,1,80.65,24.99,32.01916666666666,73.34,2023-01-01 19:00:00,35.32,34.9366576549618,Hourly,39.79,0.47,14.43,7.09,1.86,-2.8500000000000014,32.52,2.933837077963106,Siltara,32.47,6,-0.9659258262890684,36.410000000000004,0.8660254037844387,1.64,39.589166666666664,282.81,0.49999999999999994,17.94,0.61,0.65,18.22504891546318,0.2588190451025203,3.689756089500976,42.85,19,34.55
225.84,42.85,34.561640211523006,0,62.08,5.282083496177771,0,33.43666666666667,15.14,30.08,27.6,2023,43.58,1,9.18,0.0015398829688944955,1,80.65,24.99,32.64666666666667,80.65,2023-01-01 20:00:00,32.47,34.246184039258424,Hourly,35.32,0.15,14.29,6.6,1.64,0.05000000000000426,32.52,3.287025504418519,Siltara,32.52,6,-0.8660254037844386,36.071666666666665,0.8660254037844387,1.83,38.63125,399.2382,0.49999999999999994,22.2592,0.65,0.74,17.954027115773332,0.5000000000000001,1.6312060977518485,43.49,20,36.54
192.94,43.49,34.247541717442544,0,70.28,4.705614554266092,0,32.50333333333334,19.87,38.53,30.08,2023,54.78,1,18.63,0.0,1,149.74,23.5,33.274166666666666,80.65,2023-01-01 21:00:00,32.52,33.7529885994703,Hourly,32.47,0.14,15.14,9.18,1.83,0.0,34.3,3.5699939309049165,Siltara,32.52,6,-0.7071067811865477,35.40166666666667,0.8660254037844387,1.82,37.39958333333333,841.1444999999999,0.49999999999999994,33.9064,0.74,0.88,17.27662217367432,0.7071067811865474,0.028867513623364885,45.15,21,39.79
80.02,45.15,34.25561222245138,0,80.22,3.5594801927264337,0,33.11333333333334,21.91,42.06,38.53,2023,55.27,1,22.71,0.05473554735547337,1,149.74,27.38,34.17416666666667,149.74,2023-01-01 22:00:00,32.52,33.90927757105021,Hourly,32.52,0.19,19.87,18.63,1.82,1.779999999999994,35.4,2.851565651830255,Siltara,34.3,6,-0.5000000000000004,34.486666666666665,0.8660254037844387,1.92,35.900416666666665,1036.7115000000001,0.49999999999999994,40.3776,0.88,0.96,15.797115994126745,0.8660254037844384,1.027683479162138,45.65,22,39.79
76.6,45.65,34.43167188053579,0,73.35,2.8500530298074898,0,34.07333333333333,26.68,50.49,42.06,2023,55.8,1,32.58,0.03206997084548109,1,138.41,30.36,34.8425,149.74,2023-01-01 23:00:00,34.3,34.335198265035864,Hourly,32.52,0.6,21.91,22.71,1.92,1.1000000000000014,41.76,1.4250578935718985,Siltara,35.4,6,-0.25881904510252157,33.755,0.8660254037844387,2.05,34.032916666666665,1519.2054,0.49999999999999994,52.509600000000006,0.96,1.04,12.669627659731868,0.9659258262890681,1.4533180427362773,46.63,23,35.32
14.33,46.63,35.55910697583797,0,70.0,3.1083439759323395,0,37.15333333333333,17.0,32.06,50.49,2023,55.8,1,10.17,0.17966101694915254,2,46.49,34.55,35.7925,138.41,2023-01-02 01:00:00,35.4,36.45657018931133,Hourly,34.3,2.29,26.68,32.58,2.05,6.359999999999999,34.23,3.602012863205519,Siltara,41.76,0,0.25881904510252074,34.82833333333333,0.8660254037844387,13.17,32.71666666666667,452.1582,0.49999999999999994,16.9918,1.04,0.53,9.700385768513637,0.9659258262890683,4.027224023237698,44.46,1,32.47
16.2,44.46,35.35462897955521,0,25.29,3.121318073368862,0,37.13,13.47,27.75,32.06,2023,64.87,1,6.57,-0.180316091954023,2,46.49,34.55,35.76583333333333,46.49,2023-01-02 02:00:00,41.76,35.82040727807952,Hourly,35.4,1.44,17.0,10.17,13.17,-7.530000000000001,32.22,3.43954890453646,Siltara,34.23,0,0.49999999999999994,35.12166666666666,0.8660254037844387,13.07,31.226250000000004,275.61150000000004,0.49999999999999994,13.5975,0.53,0.49,5.607344417195571,0.8660254037844387,4.052147578754938,41.95,2,32.52
25.15,41.95,34.872378367315946,0,28.39,3.2726298386150616,0,36.07,12.66,26.69,27.75,2023,76.12,1,6.54,-0.058720420683610816,2,44.36,36.54,35.571666666666665,46.49,2023-01-02 03:00:00,34.23,34.791719484342515,Hourly,41.76,1.12,13.47,6.57,13.07,-2.009999999999998,30.66,3.486788876129149,Siltara,32.22,0,0.7071067811865476,35.071666666666665,0.8660254037844387,12.56,31.514999999999997,263.0388,0.49999999999999994,11.7436,0.49,0.44,5.464989756942745,0.7071067811865476,5.029125172434017,40.22,3,32.52
22.07,40.22,34.22432015695965,0,28.39,3.543454486367402,0,32.37,12.72,26.44,26.69,2023,80.69,1,6.52,-0.04841713221601486,2,44.36,39.79,35.08166666666667,44.36,2023-01-02 04:00:00,32.22,33.611228203101795,Hourly,34.23,1.0,12.66,6.54,12.56,-1.5599999999999987,28.13,3.825276024903044,Siltara,30.66,0,0.8660254037844386,34.76166666666666,0.8660254037844387,12.71,31.609583333333333,259.5612,0.49999999999999994,10.8404,0.44,0.41,5.428072345139555,0.5000000000000001,1.789720648595597,39.81,4,34.3
356.96,39.81,33.286732440504316,0,25.37,3.72881165569192,0,30.336666666666662,12.09,25.96,26.44,2023,89.36,1,5.85,-0.08251793868232228,2,50.82,39.79,34.11,44.36,2023-01-02 05:00:00,30.66,32.04516300221557,Hourly,32.22,1.17,12.72,6.52,12.71,-2.530000000000001,24.48,4.702865792971158,Siltara,28.13,0,0.9659258262890683,33.73333333333333,0.8660254037844387,12.33,31.59875,231.54299999999998,0.49999999999999994,9.6052,0.41,0.37,5.435032348610783,0.25881904510252074,2.0640817167309,39.58,5,35.4
24.58,39.58,31.931850526580575,0,23.3,4.198331829608361,0,27.756666666666664,12.85,28.14,25.96,2023,76.44,1,8.63,-0.12975471027372906,2,50.82,35.32,32.83416666666667,50.82,2023-01-02 06:00:00,28.13,29.883687858725406,Hourly,30.66,1.07,12.09,5.85,12.33,-3.6499999999999986,22.55,5.891633616128772,Siltara,24.48,0,1.0,31.91333333333333,0.8660254037844387,12.35,31.561666666666664,339.33160000000004,0.49999999999999994,10.1304,0.37,0.36,5.482210492499246,6.123233995736766e-17,3.106868734488598,39.32,6,41.76
23.52,39.32,30.48848890710664,0,23.73,5.044179363834417,0,25.05333333333333,15.19,32.43,28.14,2023,69.38,1,14.02,-0.07883986928104574,2,78.05,32.47,31.769999999999996,50.82,2023-01-02 07:00:00,24.48,27.788348470518148,Hourly,28.13,0.98,12.85,8.63,12.35,-1.9299999999999997,18.41,4.5336052614557465,Siltara,22.55,0,0.9659258262890683,28.711666666666662,0.8660254037844387,12.62,31.530416666666667,566.5482,0.49999999999999994,11.9991,0.36,0.37,5.533251641837277,-0.25881904510252063,2.8338372100991935,40.41,7,34.23
27.89,40.41,28.63025984447485,0,24.99,6.334660546739008,0,21.813333333333333,16.5,34.59,32.43,2023,60.21,1,16.44,-0.18359201773835923,2,88.59,32.52,30.598333333333333,78.05,2023-01-02 08:00:00,22.55,25.108820336084392,Hourly,24.48,1.81,15.19,14.02,12.62,-4.140000000000001,22.16,5.229304925134226,Siltara,18.41,0,0.8660254037844387,26.075000000000003,0.8660254037844387,12.9,31.30875,652.0104,0.49999999999999994,13.490100000000002,0.37,0.39,5.950183272662424,-0.4999999999999998,3.101327672681941,39.66,8,32.22
35.15,39.66,27.634835253017183,0,24.99,6.741834792074325,0,21.04,17.28,35.19,34.59,2023,63.23,1,16.51,0.20369364475828353,2,120.85,32.52,29.735,88.59,2023-01-02 09:00:00,18.41,24.26630024006028,Hourly,22.55,1.87,16.5,16.44,12.9,3.75,26.23,4.4142288869858195,Siltara,22.16,0,0.7071067811865476,24.398333333333337,0.8660254037844387,12.98,31.19083333333333,682.8536,0.49999999999999994,14.779799999999998,0.39,0.42,6.106827908289223,-0.7071067811865475,2.285979002530305,41.36,9,30.66
24.79,41.36,27.418706752553,0,23.5,6.750134622674567,0,22.266666666666666,16.77,34.17,35.19,2023,64.36,1,14.56,0.18366425992779783,2,134.43,34.3,29.21083333333333,120.85,2023-01-02 10:00:00,22.16,24.82735731432877,Hourly,18.41,1.94,17.28,16.51,12.98,4.07,29.22,3.4147562138509304,Siltara,26.23,0,0.49999999999999994,23.66,0.8660254037844387,13.08,31.242499999999996,613.9952000000001,0.49999999999999994,14.3514,0.42,0.42,6.057128211778573,-0.8660254037844387,3.911091066869038,42.17,10,28.13
39.6,42.17,27.695828790621768,0,27.38,6.558529664766628,0,25.87,16.86,33.51,34.17,2023,67.51,1,13.96,0.11399161265726261,2,134.43,35.4,28.787500000000005,134.43,2023-01-02 11:00:00,26.23,26.082398081663406,Hourly,22.16,1.49,16.77,14.56,13.08,2.9899999999999984,29.22,3.715844004624006,Siltara,29.22,0,0.258819045102521,23.84166666666667,0.8660254037844387,12.61,31.480833333333333,578.2232,0.49999999999999994,12.3987,0.42,0.37,5.848163529406264,-0.9659258262890682,3.543740961189101,41.42,11,24.48
356.43,41.42,27.93031666898765,0,30.36,6.226312384475935,0,28.223333333333333,15.0,29.64,33.51,2023,68.17,1,10.14,0.0,2,114.91,41.76,28.272499999999997,134.43,2023-01-02 12:00:00,29.22,26.97885577261672,Hourly,26.23,1.5,16.86,13.96,12.61,0.0,28.65,4.3315559175312535,Siltara,29.22,0,1.2246467991473532e-16,24.631666666666664,0.8660254037844387,12.39,31.5575,404.2818,0.49999999999999994,9.4848,0.37,0.32,5.803959855134326,-1.0,1.7262773048797169,39.87,12,22.55
23.96,39.87,28.041037181451088,0,34.55,4.5760622214446505,0,29.029999999999998,13.37,27.09,29.64,2023,71.21,1,7.99,-0.019507186858316233,2,87.21,34.23,27.179999999999996,114.91,2023-01-02 13:00:00,29.22,27.456325551869085,Hourly,29.22,1.55,15.0,10.14,12.39,-0.5700000000000003,28.65,4.459234986710145,Siltara,28.65,0,-0.2588190451025208,25.64833333333333,0.8660254037844387,12.3,31.48625,306.0969,0.49999999999999994,7.3143,0.32,0.27,5.829738462700461,-0.9659258262890683,0.3290896534524418,38.31,13,18.41
13.71,38.31,28.13472376892015,0,34.55,4.047530111066191,0,28.84,12.44,25.51,27.09,2023,67.01,1,8.04,0.0,2,74.37,32.22,26.715,87.21,2023-01-02 14:00:00,28.65,27.7973753941922,Hourly,29.22,1.28,13.37,7.99,12.3,0.0,28.15,2.7771982284368613,Siltara,28.65,0,-0.4999999999999997,27.355,0.8660254037844387,12.27,31.240416666666665,289.038,0.49999999999999994,6.3775,0.27,0.25,5.819315273606857,-0.8660254037844388,0.32908965345243996,35.95,14,22.16
13.97,35.95,28.13707395831705,0,36.54,3.6998930164696415,0,28.48333333333333,12.45,24.05,25.51,2023,60.07,1,6.77,-0.017452006980802792,2,58.15,30.66,26.375833333333333,74.37,2023-01-02 15:00:00,28.65,27.89812528156586,Hourly,28.65,1.45,12.44,8.04,12.27,-0.5,22.39,1.1160764609556668,Siltara,28.15,0,-0.7071067811865471,28.353333333333335,0.8660254037844387,11.91,30.97375,234.58049999999997,0.49999999999999994,5.772,0.25,0.24,5.8076881672346135,-0.7071067811865479,0.28867513461117156,34.65,15,26.23
357.98,34.65,27.25290873396058,0,39.79,3.598164515245983,0,26.396666666666665,14.16,27.96,24.05,2023,57.7,1,10.74,-0.2046181172291296,2,66.44,28.13,25.686666666666664,58.15,2023-01-02 16:00:00,28.15,26.32437520111847,Hourly,28.65,1.25,12.45,6.77,11.91,-5.759999999999998,22.39,2.6390654911728584,Siltara,22.39,0,-0.8660254037844385,27.713333333333328,0.8660254037844387,14.45,30.384166666666662,385.8882,0.49999999999999994,6.4308000000000005,0.24,0.23,5.9348916085980825,-0.5000000000000004,3.478869548192741,35.93,16,29.22
358.62,35.93,26.504768928735878,0,39.79,3.6252544320305535,0,24.31,17.03,33.37,27.96,2023,51.6,1,17.36,0.0,2,80.82,24.48,25.208333333333332,66.44,2023-01-02 17:00:00,22.39,25.200268000798907,Hourly,28.15,1.02,14.16,10.74,14.45,0.0,22.93,3.259335821917248,Siltara,22.39,0,-0.9659258262890683,26.575,0.8660254037844387,16.08,29.659166666666668,635.0287999999999,0.49999999999999994,8.3425,0.23,0.25,5.797111662129617,-0.25881904510252063,3.325537550533661,36.58,17,29.22
359.42,36.58,25.95480447816113,0,35.32,3.6807520435432863,0,22.570000000000004,20.92,39.89,33.37,2023,47.57,1,23.1,0.02411790978115226,2,182.2,22.55,25.07916666666667,80.82,2023-01-02 18:00:00,22.39,24.551620000570647,Hourly,22.39,0.46,17.03,17.36,16.08,0.5399999999999991,32.55,3.24999487179593,Siltara,22.93,0,-1.0,25.526666666666667,0.8660254037844387,11.88,28.956666666666667,914.7600000000001,0.49999999999999994,12.3659,0.25,0.31,5.53154327602194,-1.8369701987210297e-16,0.31176914537751615,39.6,18,28.65
215.99,39.6,26.969449943059416,0,32.47,4.157256798767255,0,25.956666666666667,24.52,47.1,39.89,2023,48.5,1,31.27,0.4195377235063235,2,182.2,18.41,25.912499999999998,182.2,2023-01-02 19:00:00,22.93,26.83687142897903,Hourly,22.39,0.38,20.92,23.1,11.88,9.619999999999997,35.37,4.239087952225068,Siltara,32.55,0,-0.9659258262890684,26.176666666666666,0.8660254037844387,11.95,28.84125,1277.6922,0.49999999999999994,18.84,0.31,0.4,5.42078793606952,0.2588190451025203,5.716374142176379,40.86,19,28.65
215.07,40.86,28.261842259511813,0,32.52,4.256516839629335,0,30.28333333333333,39.38,75.22,47.1,2023,55.51,1,66.34,0.08663594470046085,2,160.71,22.16,27.325833333333332,182.2,2023-01-02 20:00:00,32.55,29.27490816355645,Hourly,22.93,0.4,24.52,31.27,11.95,2.8200000000000003,48.18,5.669619622752441,Siltara,35.37,0,-0.8660254037844386,27.296666666666663,0.8660254037844387,12.47,28.96208333333333,2784.2898,0.49999999999999994,47.3886,0.4,0.63,5.536283464695431,0.5000000000000001,6.522402420377227,41.97,20,28.15
230.11,41.97,31.326174219586918,5,32.52,7.078056305271497,1,38.699999999999996,69.9,125.12,75.22,2023,62.08,1,124.87,0.36217133163698056,2,158.69857142857143,26.23,29.49416666666667,160.71,2023-01-02 21:00:00,35.37,34.67636297396889,Hourly,32.55,0.46,39.38,66.34,12.47,12.810000000000002,57.45,10.288260785965345,Siltara,48.18,0,-0.7071067811865477,30.635,0.8660254037844387,13.43,29.614583333333332,5808.952400000001,0.49999999999999994,120.1152,0.63,0.96,6.761178813586145,0.7071067811865474,8.330120047154741,46.52,21,22.39
216.76,46.52,35.34522433965047,5,34.3,10.620466911780763,1,47.0,84.75,151.58,125.12,2023,70.28,1,156.24,0.19240348692403494,2,156.68714285714287,29.22,32.09583333333333,158.69857142857143,2023-01-02 22:00:00,48.18,41.183116409977785,Hourly,35.37,0.91,69.9,124.87,13.43,9.270000000000003,66.72,13.967379735179321,Siltara,57.45,0,-0.5000000000000004,36.47833333333333,0.8660254037844387,13.94,30.653333333333332,7727.630400000001,0.49999999999999994,177.3486,0.96,1.17,8.826551676207671,0.8660254037844384,11.087195317121875,49.46,22,22.39
247.43,49.46,40.172112902781166,5,35.4,14.504270504881504,1,57.449999999999996,82.52,147.96,151.58,2023,80.22,1,151.5,0.16135770234986938,2,154.6757142857143,29.22,35.22083333333333,156.68714285714287,2023-01-02 23:00:00,57.45,48.479368864269844,Hourly,48.18,0.59,84.75,156.24,13.94,9.269999999999996,75.99,16.516603363485384,Siltara,66.72,0,-0.25881904510252157,43.86666666666667,0.8660254037844387,13.44,32.00416666666666,7478.04,0.49999999999999994,174.5928,1.17,1.18,11.488361943503453,0.9659258262890681,9.270000000000481,49.36,23,22.93
209.83,56.34,81.78770577933153,0,22.16,26.654454750670517,0,100.13333333333333,17.88,84.6,88.54,2023,24.99,1,69.49,-0.19010918432883755,3,238.53,48.18,86.69550000000001,231.01,2023-01-03 09:00:00,93.42,93.53023932529207,Hourly,131.32,0.51,19.48,75.74,5.79,-17.760000000000005,99.87,19.62972433581324,Siltara,75.66,1,0.7071067811865476,103.1025,0.8660254037844387,6.32,54.312045454545455,4162.451,0.49999999999999994,190.35,2.17,2.25,35.0641493299915,-0.7071067811865475,28.430802544658025,59.9,9,113.07
132.34,59.9,84.56959719789592,0,26.23,23.135056906252515,0,89.64999999999999,17.66,81.75,84.6,2023,24.99,1,63.63,0.3199841395717686,3,238.53,57.45,91.8645,238.53,2023-01-03 10:00:00,75.66,95.34159951806576,Hourly,93.42,0.39,17.88,69.49,6.32,24.210000000000008,102.05,19.019402658864422,Siltara,99.87,1,0.49999999999999994,100.90249999999999,0.8660254037844387,19.07,57.844318181818174,3980.6928000000003,0.49999999999999994,183.9375,2.25,2.25,35.58133955478629,-0.8660254037844387,12.53757153518976,62.56,10,92.99
320.25,62.56,87.25888993668116,0,29.22,19.825764164899397,0,92.52666666666666,15.2,71.0,81.75,2023,23.5,1,47.87,0.02182837688995687,3,234.16,66.72,96.3245,238.53,2023-01-03 11:00:00,99.87,97.25828537004698,Hourly,75.66,0.82,17.66,63.63,19.07,2.1799999999999926,108.02,18.62104662740574,Siltara,102.05,1,0.258819045102521,102.41249999999998,0.8660254037844387,45.93,61.29068181818182,3209.2048,0.49999999999999994,169.69,2.25,2.39,36.042329687117956,-0.9659258262890682,14.647574315678813,67.04,11,112.155
282.03,67.04,90.45290686949943,0,29.22,17.08585387096551,0,103.31333333333333,12.29,54.91,71.0,2023,27.38,1,34.06,0.05850073493385594,3,234.16,75.99,100.4545,234.16,2023-01-03 12:00:00,102.05,100.33306097860498,Hourly,99.87,0.68,15.2,47.87,45.93,5.969999999999999,108.02,18.26140702866801,Siltara,108.02,1,1.2246467991473532e-16,101.72333333333334,0.8660254037844387,45.56,64.8725,1862.0602000000001,0.49999999999999994,110.9182,2.39,2.02,36.61439567756576,-1.0,4.21931669033421,54.67,12,131.32
247.11,51.0,87.46911199057975,0,28.15,18.3320720519991,0,85.39,12.0,27.13,32.64,2023,34.55,1,2.75,-0.2644095595126523,3,87.02,113.07,98.72708333333333,127.97,2023-01-03 15:00:00,85.36,87.67129044409802,Hourly,108.02,0.97,12.0,8.79,26.66,-22.57,47.06,17.55193370163774,Siltara,62.79,1,-0.7071067811865471,94.35166666666667,0.8660254037844387,23.25,72.58386363636363,136.2625,0.49999999999999994,36.3542,1.57,1.34,34.66520280557956,-0.7071067811865479,22.615014923718302,49.55,15,99.87
322.59,49.55,81.25232553049055,0,22.39,22.957216643633355,0,65.07000000000001,12.0,25.16,27.13,2023,36.54,1,2.81,-0.25051759834368525,3,86.18,92.99,93.22625,87.02,2023-01-03 16:00:00,62.79,76.06806460292715,Hourly,85.36,0.52,12.0,2.75,23.25,-15.729999999999997,40.59,25.618686929661745,Siltara,47.06,1,-0.8660254037844385,85.55,0.8660254037844387,28.12,73.44340909090909,130.41209999999998,0.49999999999999994,31.1984,1.34,1.24,33.73287739856464,-0.5000000000000004,19.251527212146172,46.41,16,102.05
323.2,46.41,74.99658314118432,0,22.39,27.533578545802353,0,50.14666666666667,12.0,27.89,25.16,2023,39.79,1,8.6,-0.13748406289842752,3,122.61,112.155,88.85958333333333,86.18,2023-01-03 17:00:00,47.06,65.93147471637654,Hourly,62.79,1.2,12.0,2.81,28.12,-6.469999999999999,43.07,29.66877797730621,Siltara,40.59,1,-0.9659258262890683,75.30666666666666,0.8660254037844387,36.82,74.27068181818181,365.24199999999996,0.49999999999999994,29.0056,1.24,1.04,32.626228796251965,-0.25881904510252063,11.417339152943654,42.47,17,108.02
358.69,42.47,70.08480111946365,0,22.93,29.38051120447621,0,43.573333333333345,12.0,40.95,27.89,2023,39.79,1,13.86,0.061098792806109796,3,128.45,131.32,83.1025,122.61,2023-01-03 18:00:00,40.59,59.39962479741182,Hourly,47.06,0.86,12.0,8.6,36.82,2.479999999999997,43.07,27.08187099641921,Siltara,43.07,1,-1.0,64.48166666666667,0.8660254037844387,20.22,75.21068181818181,802.4939999999999,0.49999999999999994,40.131,1.04,0.98,31.332567200440863,-1.8369701987210297e-16,3.264235489872187,57.9,18,108.02
358.36,57.9,65.9286778703154,0,32.55,27.176238562837025,0,42.24333333333334,12.0,53.08,40.95,2023,35.32,1,26.32,0.0,3,233.17,93.42,75.74833333333333,128.45,2023-01-03 19:00:00,43.07,54.73401771243701,Hourly,40.59,0.43,12.0,13.86,20.22,0.0,61.82,17.475285023904302,Siltara,43.07,1,-0.9659258262890684,53.65666666666667,0.8660254037844387,25.77,76.12613636363636,1642.1048,0.49999999999999994,64.2268,0.98,1.21,29.998128192868474,0.2588190451025203,1.4318286675930514,62.39,19,85.36
226.92,62.39,65.29657358257457,0,35.37,26.837092208020707,0,49.32,12.0,54.12,53.08,2023,32.47,1,24.41,0.4353378221499884,3,233.17,75.66,73.115,233.17,2023-01-03 20:00:00,43.07,56.75858408031215,Hourly,43.07,0.41,12.0,26.32,25.77,18.75,78.09,9.961037429238717,Siltara,61.82,1,-0.8660254037844386,49.73333333333334,0.8660254037844387,13.35,77.4565909090909,1641.8166,0.49999999999999994,65.48519999999999,1.21,1.21,28.58944616239194,0.5000000000000001,10.825317547305803,67.26,20,62.79
223.57,67.26,67.26479303140925,0,48.18,26.86719226965358,0,60.99333333333334,12.0,51.64,54.12,2023,32.52,1,26.76,0.2631834357813006,3,208.43,99.87,73.3175,233.17,2023-01-03 21:00:00,61.82,62.85327434308011,Hourly,43.07,0.34,12.0,24.41,13.35,16.270000000000003,78.09,14.769700967409404,Siltara,78.09,1,-0.7071067811865477,52.28333333333333,0.8660254037844387,7.35,79.39840909090908,1665.2748,0.49999999999999994,68.1648,1.21,1.32,27.001455577447647,0.7071067811865474,17.524629335119716,62.23,21,47.06
325.59,62.23,68.93020948811552,0,57.45,25.61696352916428,0,72.66666666666667,12.0,51.42,51.64,2023,32.52,1,26.96,0.0,3,220.38,102.05,71.5025,208.43,2023-01-03 22:00:00,78.09,67.2066245307715,Hourly,61.82,0.63,12.0,26.76,7.35,0.0,74.31,17.71408676731676,Siltara,78.09,1,-0.5000000000000004,57.455000000000005,0.8660254037844387,10.36,80.75795454545454,1594.684,0.49999999999999994,85.35719999999999,1.32,1.66,26.09242686421704,0.8660254037844384,9.393488879715381,59.15,22,40.59
17.53,59.15,69.75786956686699,0,66.72,23.796721874444895,0,76.83,12.0,47.81,51.42,2023,34.3,1,24.3,-0.048405685747214766,3,230.48,108.02,69.19083333333333,220.38,2023-01-03 23:00:00,78.09,69.23616037912251,Hourly,78.09,1.11,12.0,26.96,10.36,-3.780000000000001,78.36,16.607833994835868,Siltara,74.31,1,-0.25881904510252157,63.07500000000001,0.8660254037844387,6.25,81.52431818181819,1362.258,0.49999999999999994,73.62740000000001,1.66,1.54,25.618542405632493,0.9659258262890681,2.182384017537338,56.06,23,43.07
232.76,56.06,71.08127424888745,0,75.99,20.741227042834552,0,76.92,13.77,33.02,47.81,2023,35.4,1,12.71,0.054501412999596245,4,66.25,108.02,66.71916666666667,230.48,2023-01-04 01:00:00,74.31,71.84297169937322,Hourly,78.09,0.38,12.0,24.3,6.25,4.049999999999997,24.17,14.177220696126996,Siltara,78.36,2,0.25881904510252074,68.95666666666666,0.8660254037844387,2.06,82.05340909090908,582.8806000000001,0.49999999999999994,20.4724,1.54,0.62,25.417645229548004,0.9659258262890683,2.264354212574173,45.86,1,43.07
12.62,45.9,52.09646610162457,0,113.07,22.305825302468154,0,23.046666666666667,13.0,31.21,32.1,2023,32.22,1,11.54,-0.054930795847750846,4,48.03,47.06,51.13333333333333,62.35,2023-01-04 04:00:00,23.12,40.66638910327013,Hourly,24.17,1.8,13.6,12.2,2.1,-1.2699999999999996,19.34,29.551507350162282,Siltara,21.85,2,0.8660254037844386,49.98333333333334,0.8660254037844387,1.88,74.93020833333334,520.2231999999999,0.49999999999999994,14.9808,0.54,0.48,31.45787523157209,0.5000000000000001,1.161737204940645,45.08,4,78.09
322.09,45.08,47.05700977829771,0,92.99,24.12701064003223,0,21.436666666666667,12.41,32.63,31.21,2023,30.66,1,11.24,-0.11487414187643027,4,43.49,40.59,48.82333333333333,48.03,2023-01-04 05:00:00,21.85,34.57313507376438,Hourly,23.12,0.86,13.0,11.54,1.88,-2.5100000000000016,19.34,28.07214520956133,Siltara,19.34,2,0.9659258262890683,40.19166666666666,0.8660254037844387,1.92,71.02479166666667,532.214,0.49999999999999994,14.0309,0.48,0.43,32.32331563516302,0.25881904510252074,1.923599057325497,47.35,5,74.31
98.43,47.35,42.79285442779037,0,112.155,25.525545181605185,0,20.176666666666666,12.96,30.86,32.63,2023,28.13,1,9.28,0.0,4,38.96,43.07,47.0525,43.49,2023-01-04 06:00:00,19.34,30.220810766974555,Hourly,21.85,0.79,12.41,11.24,1.92,0.0,16.04,23.269470127186658,Siltara,19.34,2,1.0,31.029999999999998,0.8660254037844387,1.77,67.95604166666666,464.8352,0.49999999999999994,12.6526,0.43,0.41,33.61751532923342,6.123233995736766e-17,1.4491491756695487,50.09,6,78.36
184.51,50.09,38.677030669668774,0,131.32,27.055696425908074,0,18.24,13.07,32.44,30.86,2023,24.48,1,7.52,-0.1706308169596691,4,37.48,43.07,44.800000000000004,38.96,2023-01-04 07:00:00,19.34,26.16915054783897,Hourly,19.34,0.79,12.96,9.28,1.77,-3.3000000000000007,17.36,2.9871502584739202,Siltara,16.04,2,0.9659258262890683,20.643333333333334,0.8660254037844387,1.82,63.95125000000001,396.9808,0.49999999999999994,12.3272,0.41,0.38,33.84746195770479,-0.25881904510252063,1.9052558883285733,52.79,7,24.17
118.39,52.79,35.39748748971973,0,93.42,28.198960046910567,0,17.58,13.19,33.28,32.44,2023,22.55,1,9.9,0.08229426433915214,4,37.48,61.82,42.6575,37.48,2023-01-04 08:00:00,16.04,23.65225039131355,Hourly,19.34,0.84,13.07,7.52,1.82,1.3200000000000003,17.36,2.654388190657316,Siltara,17.36,2,0.8660254037844387,19.508333333333333,0.8660254037844387,1.92,59.202916666666674,518.859,0.49999999999999994,12.313600000000001,0.38,0.37,31.92453172570914,-0.4999999999999998,1.6609635757628167,52.41,8,23.12
205.29,52.41,32.62248941437823,0,75.66,28.37257418545375,0,16.919999999999998,14.26,34.98,33.28,2023,18.41,1,11.8,0.0,4,44.59,78.09,38.9525,37.48,2023-01-04 09:00:00,17.36,21.854464565223967,Hourly,16.04,0.75,13.19,9.9,1.92,0.0,18.16,2.062546161107964,Siltara,17.36,2,0.7071067811865476,18.548333333333332,0.8660254037844387,1.81,56.03375,603.3340000000001,0.49999999999999994,12.592799999999999,0.37,0.36,32.154528900364255,-0.7071067811865475,0.7621023553374602,51.13,9,21.85
202.59,51.13,30.397491042935425,0,99.87,26.0354938962991,0,17.62666666666667,11.86,30.01,34.98,2023,22.16,1,11.11,0.046082949308755804,4,44.59,78.09,33.958333333333336,44.59,2023-01-04 10:00:00,17.36,20.798903260874262,Hourly,17.36,0.61,14.26,11.8,1.81,0.8000000000000007,18.16,1.2845959157265405,Siltara,18.16,2,0.49999999999999994,17.933333333333334,0.8660254037844387,2.08,53.63791666666666,475.84129999999993,0.49999999999999994,17.4058,0.36,0.58,32.76496445093488,-0.8660254037844387,0.4618802153633856,42.83,10,19.34
271.81,42.83,28.514800113253052,0,102.05,22.27717807260993,0,17.89333333333333,13.13,30.54,30.01,2023,26.23,1,11.17,0.0,4,42.8,74.31,28.964166666666667,44.59,2023-01-04 11:00:00,18.16,20.044930900624472,Hourly,17.36,0.89,11.86,11.11,2.08,0.0,17.45,1.1037692995827273,Siltara,18.16,2,0.258819045102521,17.736666666666668,0.8660254037844387,4.86,50.23333333333334,485.4482,0.49999999999999994,17.407799999999998,0.58,0.57,31.98816026440817,-0.9659258262890682,0.46188021536334123,43.46,11,19.34
269.78,43.46,26.81252317275258,4,108.02,17.2308103847479,1,17.923333333333332,10.99,24.59,30.54,2023,29.22,1,4.69,-0.03909691629955952,4,39.61,78.36,24.22583333333333,42.8,2023-01-04 12:00:00,18.16,19.30352207187462,Hourly,18.16,0.67,13.13,11.17,4.86,-0.7100000000000009,16.148,0.7755879490434353,Siltara,17.45,2,1.2246467991473532e-16,17.421666666666667,0.8660254037844387,6.55,46.70833333333334,219.39820000000003,0.49999999999999994,19.1802,0.57,0.78,30.663772799817917,-1.0,0.40991869113774393,46.78,12,16.04
253.04,46.78,25.171827300021413,4,108.02,2.6650044686953396,1,17.252666666666666,9.53,21.25,24.59,2023,29.22,1,3.17,-0.0746131805157593,4,36.42,24.17,19.0415,39.61,2023-01-04 13:00:00,17.45,18.4019443370533,Hourly,18.16,0.82,10.99,4.69,6.55,-1.3019999999999996,14.846,0.7374229903531616,Siltara,16.148,2,-0.2588190451025208,17.439666666666668,0.8660254037844387,7.63,42.88033333333333,120.26979999999999,0.49999999999999994,12.5375,0.78,0.59,28.32211274768827,-0.9659258262890683,1.0204123349627716,37.94,13,17.36
300.92,37.94,23.5832384846335,4,85.36,2.3775598071022106,1,16.148,9.09,19.87,21.25,2023,28.65,1,2.18,-0.08062918008422093,4,33.230000000000004,23.12,18.264499999999998,36.42,2023-01-04 14:00:00,16.148,17.385960240752357,Hourly,17.45,0.75,9.53,3.17,7.63,-1.3019999999999996,13.544,1.295095157392491,Siltara,14.846,2,-0.4999999999999997,17.020666666666667,0.8660254037844387,3.42,38.998083333333334,81.3358,0.49999999999999994,9.3389,0.59,0.47,25.221014815835474,-0.8660254037844388,1.3020000000042227,37.31,14,17.36
195.78,51.78,21.882772689645375,0,78.09,7.361716988458909,0,26.826666666666668,28.59,60.1,44.69,2023,48.18,1,42.31,0.2533711852377573,4,246.01,18.16,17.935272727272725,182.02,2023-01-04 22:00:00,28.18,23.26269985601322,Hourly,16.98,0.29,21.76,24.4,1.9,7.140000000000001,46.39,9.944947796077212,Siltara,35.32,2,-0.5000000000000004,19.523333333333333,0.8660254037844387,1.6,26.29513043478261,2209.8513,0.49999999999999994,54.691,0.81,0.91,20.749283350832528,0.8660254037844384,9.244594817153581,52.23,22,10.94
218.62,52.23,25.653115352776858,0,74.31,11.309824607593537,0,36.63,32.71,73.5,60.1,2023,57.45,1,58.6,0.3134201585503964,4,246.01,17.45,20.501636363636365,246.01,2023-01-04 23:00:00,35.32,29.8704998971523,Hourly,28.18,0.43,28.59,42.31,1.6,11.07,62.79,13.661652047490445,Siltara,46.39,2,-0.25881904510252157,25.43166666666667,0.8660254037844387,1.82,24.91686956521739,3098.768,0.49999999999999994,132.3,0.91,1.8,18.02665338603948,0.9659258262890681,9.17540734790604,52.88,23,13.6
354.53,52.88,31.36648222158042,11,78.36,16.944708037399476,1,48.166666666666664,12.8,35.33,73.5,2023,66.72,1,14.14,0.35352446647984476,5,30.74,16.148,24.623454545454546,246.01,2023-01-05 01:00:00,46.39,39.27607135510878,Hourly,35.32,1.36,32.71,58.6,1.82,16.4,11.94,18.89753634736633,Siltara,62.79,3,0.25881904510252074,33.63,0.8660254037844387,2.54,24.416,641.956,0.49999999999999994,57.34330769230769,1.8,1.623076923076923,16.703358083713006,0.9659258262890683,13.8209128979724,45.4,1,12.12
242.22,45.4,28.377792649029587,11,24.17,17.20075068974875,1,40.373333333333335,11.36,33.01,35.33,2023,75.99,1,12.8,-0.809842331581462,5,35.57,14.846,24.240909090909096,30.74,2023-01-05 02:00:00,62.79,31.46576525364913,Hourly,46.39,0.89,12.8,14.14,2.54,-50.85,12.42,18.93861135352937,Siltara,11.94,3,0.49999999999999994,33.6,0.8660254037844387,2.62,21.528173913043478,559.744,0.49999999999999994,50.65765384615385,1.623076923076923,1.5346153846153847,12.04524387334656,0.8660254037844387,25.95343586759451,43.73,2,16.98
192.01,45.1,24.382322264842227,11,19.34,16.311386615898662,1,17.753333333333334,10.48,31.03,31.22,2023,113.07,1,9.06,0.09758602978941973,5,34.43,10.94,24.293333333333333,41.19,2023-01-05 05:00:00,19.47,23.35679491751062,Hourly,12.42,1.07,10.73,9.24,2.52,1.9000000000000021,17.19,20.780423158990267,Siltara,21.37,3,0.9659258262890683,29.063333333333333,0.8660254037844387,2.37,20.83773913043478,411.95820000000003,0.49999999999999994,,,,12.170330723890256,0.25881904510252074,4.715488663261189,45.47,5,46.39
212.88,45.47,23.275811147174192,11,19.34,15.941841149704413,1,19.343333333333334,10.14,30.43,31.03,2023,92.99,1,8.22,-0.1956013102480112,5,22.3,13.6,24.814166666666665,34.43,2023-01-05 06:00:00,21.37,21.594853512507587,Hourly,19.47,1.3,10.48,9.06,2.37,-4.18,9.62,19.275818702890415,Siltara,17.19,3,1.0,24.19666666666667,0.8660254037844387,2.58,20.744260869565217,370.80420000000004,0.49999999999999994,,,,12.190597528861549,6.123233995736766e-17,2.0928768079713937,45.11,6,62.79
225.63,45.11,21.17491712453201,11,16.04,16.235064254988984,1,16.06,9.31,29.84,30.43,2023,112.155,1,8.14,-0.4403723094822572,5,10.57,12.12,24.482499999999998,22.3,2023-01-05 07:00:00,17.19,18.173466794648277,Hourly,21.37,0.67,10.14,8.22,2.58,-7.570000000000002,6.88,4.682839950290305,Siltara,9.62,3,0.9659258262890683,15.335,0.8660254037844387,2.58,20.32165217391304,360.76480000000004,0.49999999999999994,,,,12.408032906178315,-0.25881904510252063,5.955946608223727,44.32,7,11.94
147.68,44.32,18.975699105373238,11,17.36,16.662638914831145,1,11.229999999999999,9.46,30.45,29.84,2023,131.32,1,10.19,-0.2848232848232848,5,14.34,16.98,24.045833333333334,10.57,2023-01-05 08:00:00,9.62,14.946761996177342,Hourly,17.19,0.71,9.31,8.14,2.58,-2.7399999999999993,9.84,5.750455344292461,Siltara,6.88,3,0.8660254037844387,14.491666666666665,0.8660254037844387,2.6,19.923391304347827,446.5258,0.49999999999999994,,,,12.695384937195511,-0.4999999999999998,5.3402340772678185,43.82,8,12.42
108.51,43.82,17.570206935315817,11,17.36,17.060614642200953,1,8.78,10.27,31.2,30.45,2023,93.42,1,11.81,0.43023255813953487,5,24.24,28.18,23.450833333333335,14.34,2023-01-05 09:00:00,6.88,13.487687140126672,Hourly,9.62,0.94,9.46,10.19,2.6,2.96,11.32,6.0262008485198875,Siltara,9.84,3,0.7071067811865476,14.061666666666667,0.8660254037844387,2.51,19.596434782608696,484.8005,0.49999999999999994,,,,12.86016871028255,-0.7071067811865475,1.6491209779797358,41.05,9,19.47
184.62,41.05,16.60863663757492,11,18.16,17.32789157731361,1,9.346666666666666,11.64,34.29,31.2,2023,75.66,1,14.3,0.1504065040650407,5,31.04,35.32,22.045833333333334,24.24,2023-01-05 10:00:00,9.84,12.868347957233336,Hourly,6.88,0.46,10.27,11.81,2.51,1.4800000000000004,16.07,5.454754501047876,Siltara,11.32,3,0.49999999999999994,12.703333333333335,0.8660254037844387,2.57,19.33382608695652,617.045,0.49999999999999994,,,,12.969121087667222,-0.8660254037844387,2.2607373428477016,43.15,10,21.37
210.52,43.15,16.525769462563396,11,18.16,16.872357615790865,1,12.410000000000002,12.94,36.52,34.29,2023,99.87,1,14.67,0.4196113074204947,5,37.3,46.39,20.441666666666666,31.04,2023-01-05 11:00:00,11.32,13.783105683738096,Hourly,9.84,0.48,11.64,14.3,2.57,4.75,51.33,4.007827341594891,Siltara,16.07,3,0.258819045102521,11.82,0.8660254037844387,2.52,19.24295652173913,698.8788,0.49999999999999994,,,,12.985031618536812,-0.9659258262890682,3.254888630969157,47.64,11,17.19
192.17,47.64,21.880266468322873,0,17.45,17.60728275630827,0,26.24,13.87,36.39,36.52,2023,102.05,1,12.74,2.194150591163659,5,42.69,62.79,20.853333333333335,37.3,2023-01-05 12:00:00,16.07,24.51078977409864,Hourly,11.32,0.72,12.94,14.67,2.52,35.26,79.68,16.84197138104784,Siltara,51.33,3,1.2246467991473532e-16,17.51,0.8660254037844387,3.87,20.685130434782607,678.5323999999999,0.49999999999999994,23.6535,,0.65,14.600765345146982,-1.0,21.857989386034802,53.26,12,9.62
209.2,53.26,30.772533165503972,2,16.148,21.507505014986783,1,49.02666666666667,9.4,20.76,36.39,2023,108.02,1,1.4,0.5523085914669785,5,33.35,11.94,22.260833333333334,42.69,2023-01-05 13:00:00,51.33,40.273421267213315,Hourly,16.07,0.66,13.87,12.74,3.87,28.35000000000001,55.0,29.67507214256941,Siltara,79.68,3,-0.2588190451025208,29.186666666666667,0.8660254037844387,3.98,23.390782608695655,51.884,0.49999999999999994,13.078800000000001,0.65,0.63,19.059199045835797,-0.9659258262890683,31.86749179545419,37.06,13,6.88
238.76,37.06,34.49983575542644,2,14.846,23.15779918037923,1,62.00333333333333,9.4,21.92,20.76,2023,108.02,1,1.4,-0.30973895582329325,5,24.01,12.42,25.849166666666665,33.35,2023-01-05 14:00:00,79.68,44.48101519086666,Hourly,51.33,0.64,9.4,1.4,3.98,-24.680000000000007,30.32,28.93395214392077,Siltara,55.0,3,-0.4999999999999997,37.20666666666667,0.8660254037844387,3.49,25.080000000000002,54.992,0.49999999999999994,13.3712,0.63,0.61,20.082356290580837,-0.8660254037844388,15.418029489313415,39.28,14,9.84
194.83,39.28,33.85678410074545,0,13.544,22.787686650442886,0,55.0,11.61,18.96,21.92,2023,85.36,1,1.4,-0.4487272727272727,5,14.67,19.47,27.340833333333332,24.01,2023-01-05 15:00:00,55.0,40.43501085061904,Hourly,79.68,0.72,9.4,1.4,3.49,-24.68,5.64,26.13218169231245,Siltara,30.32,3,-0.7071067811865471,40.62,0.8660254037844387,3.73,25.75278260869565,47.053999999999995,0.49999999999999994,9.6696,0.61,0.51,19.982873300896877,-0.7071067811865479,24.68000000000012,33.61,15,11.32
151.57,25.31,25.77331879402485,0,10.94,24.310491562286124,0,13.716666666666667,11.01,15.03,14.62,2023,47.06,1,1.4,-0.07978723404255307,5,17.45,17.19,24.840000000000003,17.45,2023-01-05 17:00:00,5.64,23.263985127866857,Hourly,30.32,1.08,11.81,1.4,4.01,-0.4499999999999993,5.19,29.619054002449683,Siltara,5.19,3,-0.9659258262890683,37.86000000000001,0.8660254037844387,3.48,24.566666666666666,36.525999999999996,0.49999999999999994,4.5089999999999995,0.37,0.3,20.247885271579037,-0.25881904510252063,14.380668737348273,26.09,17,51.33
125.05,26.09,22.606654364174872,0,13.6,24.893591727408356,0,5.34,10.84,16.32,15.03,2023,40.59,1,1.4,0.0,5,22.55,9.62,23.840000000000003,17.45,2023-01-05 18:00:00,5.19,18.099989377047756,Hourly,5.64,1.17,11.01,1.4,3.48,0.0,7.08,31.360845651863922,Siltara,5.19,3,-1.0,30.17,0.8660254037844387,3.19,24.327083333333334,39.983999999999995,0.49999999999999994,3.9168,0.3,0.24,20.449151460904858,-1.8369701987210297e-16,0.2598076211624798,28.56,18,79.68
167.22,28.56,20.21793830814797,0,12.12,25.035886183030982,0,5.82,13.24,26.4,16.32,2023,43.07,1,2.89,0.3641618497109826,5,36.13,6.88,23.628333333333334,22.55,2023-01-05 19:00:00,5.19,14.95142098360554,Hourly,5.19,0.47,10.84,1.4,3.19,1.8899999999999997,7.58,20.595927752835866,Siltara,7.08,3,-0.9659258262890684,18.07,0.8660254037844387,2.93,24.05541666666667,132.1597,0.49999999999999994,7.655999999999999,0.24,0.29,20.640272575544305,0.2588190451025203,1.0911920087748186,45.73,19,55.0
84.09,45.73,18.273640106894437,0,16.98,24.994095787653713,0,6.616666666666667,15.03,28.41,26.4,2023,43.07,1,5.79,0.07062146892655367,5,56.0,9.84,23.686666666666667,36.13,2023-01-05 20:00:00,7.08,12.845300702575386,Hourly,5.19,0.63,13.24,2.89,2.93,0.5,15.67,9.923712343004654,Siltara,7.58,3,-0.8660254037844386,10.166666666666666,0.8660254037844387,3.12,23.866250000000004,260.3184,0.49999999999999994,9.9435,0.29,0.35,20.774781914305844,0.5000000000000001,1.2605686547535673,44.96,20,30.32
110.65,44.96,17.87308009044914,0,28.18,24.756004643501658,0,10.11,15.89,29.55,28.41,2023,61.82,1,6.94,1.067282321899736,5,68.7,11.32,24.1725,56.0,2023-01-05 21:00:00,7.58,13.652357644696705,Hourly,7.08,1.12,15.03,5.79,3.12,8.09,18.59,4.018948867556881,Siltara,15.67,3,-0.7071067811865477,7.7250000000000005,0.8660254037844387,2.99,23.811666666666667,316.53340000000003,0.49999999999999994,10.638,0.35,0.36,20.795372116153345,0.7071067811865474,4.821586875709415,45.61,21,5.64
198.45,45.61,17.983375461149272,0,35.32,24.50052052631925,0,13.946666666666667,16.07,29.74,29.55,2023,78.09,1,7.98,0.18634333120612634,5,68.7,16.07,24.778333333333332,68.7,2023-01-05 22:00:00,15.67,15.06311260335479,Hourly,7.58,0.77,15.89,6.94,2.99,2.92,18.59,5.770794283866214,Siltara,18.59,3,-0.5000000000000004,9.883333333333333,0.8660254037844387,2.79,23.41208333333333,371.6286,0.49999999999999994,15.167399999999999,0.36,0.51,20.799920564055704,0.8660254037844384,5.703721007670865,46.57,22,5.19
226.33,46.57,18.076702313280155,0,46.39,24.429791363427373,0,17.616666666666667,15.9,28.35,29.74,2023,78.09,1,8.83,0.0,5,61.93,51.33,24.988333333333333,68.7,2023-01-05 23:00:00,18.59,16.070794716681995,Hourly,15.67,0.91,16.07,7.98,2.79,0.0,16.61,6.170289026188523,Siltara,18.59,3,-0.25881904510252157,12.116666666666667,0.8660254037844387,2.83,22.715,354.7894,0.49999999999999994,17.2935,0.51,0.61,20.66338475577586,0.9659258262890681,1.685862786037258,40.18,23,5.19
248.54,40.18,17.851055803544746,82,62.79,23.04307882680104,1,17.93,21.78,92.82,28.35,2023,74.31,1,26.76,-0.106508875739645,6,73.4,79.68,22.095000000000002,61.93,2023-01-06 01:00:00,18.59,16.224853369058568,Hourly,18.59,0.36,15.9,8.83,2.83,-1.9800000000000004,35.58,5.307308168934178,Siltara,16.61,4,0.25881904510252074,14.020000000000001,0.8660254037844387,2.9384615384615387,21.474166666666665,1833.8628,0.49999999999999994,48.2664,0.61,0.52,20.065381374650162,0.9659258262890683,1.143153533000672,68.53,1,7.08
34.83,68.53,20.578585679922476,82,11.94,15.209338638421004,1,23.593333333333334,21.02,41.52,92.82,2023,78.36,1,10.78,1.1420830824804336,6,91.62,55.0,18.42,73.4,2023-01-06 02:00:00,16.61,21.754895263613264,Hourly,18.59,0.87,21.78,26.76,2.9384615384615387,18.97,37.15,9.188390501063529,Siltara,35.58,4,0.49999999999999994,18.77,0.8660254037844387,2.992692307692308,20.340416666666666,362.9626,0.49999999999999994,19.514400000000002,0.52,0.47,18.322445602657183,0.8660254037844387,10.427858520968927,33.67,2,7.58
43.22,33.67,23.12803403685748,82,12.42,11.796488017432928,1,29.78,16.61,42.28,41.52,2023,24.17,1,9.91,0.04412591343451378,6,60.85,30.32,16.9325,91.62,2023-01-06 03:00:00,35.58,26.15349661686662,Hourly,16.61,0.54,21.02,10.78,2.992692307692308,1.5700000000000003,30.04,9.889490212680334,Siltara,37.15,4,0.7071067811865476,23.698333333333334,0.8660254037844387,3.046923076923077,21.390833333333333,330.99399999999997,0.49999999999999994,16.0664,0.47,0.38,18.541247065762214,0.7071067811865476,11.432536901318528,33.4,3,15.67
32.54,33.4,24.19141341580248,82,19.47,11.767842513571743,1,34.25666666666667,13.56,57.32,42.28,2023,23.12,1,15.61,-0.19138627187079407,6,43.33,5.64,16.909166666666668,60.85,2023-01-06 04:00:00,37.15,27.26392615490473,Hourly,35.58,0.58,16.61,9.91,3.046923076923077,-7.109999999999999,28.76,9.277462296700518,Siltara,30.04,4,0.8660254037844386,26.093333333333334,0.8660254037844387,,22.125,650.937,0.49999999999999994,18.3424,0.38,0.32,18.51942176766619,0.5000000000000001,3.7351617546422893,41.7,4,18.59
57.51,41.7,24.894272890294406,82,21.37,11.647110026512209,1,31.983333333333334,11.99,64.99,57.32,2023,21.85,1,20.57,-0.042609853528628415,6,52.57,5.19,18.835833333333333,43.33,2023-01-06 05:00:00,30.04,27.69137582493195,Hourly,37.15,0.72,13.56,15.61,,-1.2799999999999976,24.2,8.531465094970459,Siltara,28.76,4,0.9659258262890683,27.78833333333333,0.8660254037844387,,22.512083333333337,913.7194000000001,0.49999999999999994,17.5473,0.32,0.27,18.558561596053327,0.25881904510252074,4.520003687315179,44.42,5,18.59
44.31,44.42,24.78746167640296,82,17.19,10.890602287376149,1,27.666666666666668,16.32,89.98,64.99,2023,19.34,1,36.4,-0.15855354659248963,6,47.5,5.19,20.42,52.57,2023-01-06 06:00:00,28.76,26.693839874951394,Hourly,30.04,0.55,11.99,20.57,,-4.560000000000002,21.79,7.575631106825298,Siltara,24.2,4,1.0,28.723333333333333,0.8660254037844387,,22.63,1949.9479999999999,0.49999999999999994,24.294600000000003,0.27,0.27,18.55998008807062,6.123233995736766e-17,3.0696796792733085,53.57,6,16.61
358.76,53.57,24.32631372618712,82,9.62,9.777609238675218,1,24.916666666666668,20.65,90.83,89.98,2023,19.34,1,37.69,-0.09958677685950414,6,102.87,7.08,21.80333333333333,47.5,2023-01-06 07:00:00,24.2,25.292742767822425,Hourly,28.76,0.86,16.32,36.4,,-2.41,24.05,6.063285138165524,Siltara,21.79,4,0.9659258262890683,29.58666666666667,0.8660254037844387,,22.821666666666662,2006.6155999999999,0.49999999999999994,26.3407,0.27,0.29,18.525078340893582,-0.25881904510252063,3.539835212738568,53.24,7,35.58
20.77,53.24,24.28380392215833,82,6.88,8.612309504423575,1,23.346666666666664,22.09,91.22,90.83,2023,16.04,1,35.52,0.10371730151445625,6,123.09,7.58,23.2175,102.87,2023-01-06 08:00:00,21.79,24.937673405587446,Hourly,24.2,1.36,20.65,37.69,,2.2600000000000016,26.78,5.592762287102201,Siltara,24.05,4,0.8660254037844387,27.665000000000003,0.8660254037844387,,23.422916666666666,2108.112,0.49999999999999994,31.0148,0.29,0.34,18.310907768243336,-0.4999999999999998,1.3501975164190367,59.35,8,37.15
18.07,59.35,24.667834087980125,82,9.84,7.092445564887606,1,24.206666666666667,22.17,64.42,91.22,2023,17.36,1,17.63,0.11351351351351353,6,117.92,15.67,24.8175,123.09,2023-01-06 09:00:00,24.05,25.46405243256246,Hourly,21.79,2.08,22.09,35.52,,2.7300000000000004,30.84,3.1397494592243604,Siltara,26.78,4,0.7071067811865476,25.936666666666667,0.8660254037844387,,24.25208333333333,782.7719999999999,0.49999999999999994,26.4122,0.34,0.41,17.97674390867222,-0.7071067811865475,2.4986863215185715,44.4,9,30.04
30.78,44.4,25.617398074444722,82,11.32,6.652046620582956,1,27.223333333333333,17.75,48.95,64.42,2023,17.36,1,8.86,0.1516056758775205,6,104.47,18.59,26.081666666666667,117.92,2023-01-06 10:00:00,26.78,27.00003745183033,Hourly,24.05,2.25,22.17,17.63,,4.059999999999999,34.18,3.3582376330499564,Siltara,30.84,4,0.49999999999999994,26.070000000000004,0.8660254037844387,,25.127083333333335,361.8424,0.49999999999999994,19.580000000000002,0.41,0.4,17.754453079908696,-0.8660254037844387,3.4166406503089464,40.84,10,28.76
353.51,40.84,26.93472144760707,82,16.07,6.5778615733970005,1,30.600000000000005,11.26,43.67,48.95,2023,18.16,1,5.73,0.10830090791180284,6,93.37,18.59,27.38083333333334,104.47,2023-01-06 11:00:00,30.84,29.05145532273595,Hourly,26.78,1.98,17.75,8.86,,3.34,32.17,4.691028316552721,Siltara,34.18,4,0.258819045102521,26.973333333333333,0.8660254037844387,,26.079583333333332,225.07440000000003,0.49999999999999994,13.537700000000001,0.4,0.31,17.59399538853801,-0.9659258262890682,3.7058332396385114,39.28,11,24.2
354.83,39.28,27.740148917205982,82,51.33,6.077082321759318,1,32.39666666666667,8.73,51.56,43.67,2023,18.16,1,8.41,-0.05880631948507894,6,94.85,16.61,28.5125,93.37,2023-01-06 12:00:00,34.18,29.942468087668537,Hourly,30.84,2.35,11.26,5.73,,-2.009999999999998,34.22,4.873517894365342,Siltara,32.17,4,1.2246467991473532e-16,28.301666666666666,0.8660254037844387,,26.75041666666667,374.3291,0.49999999999999994,12.89,0.31,0.25,17.502447649740215,-1.0,1.6814973485981786,44.51,12,21.79
333.89,44.51,28.737049083789678,82,79.68,4.966282677853611,1,33.52333333333333,9.03,46.62,51.56,2023,17.45,1,9.27,0.06372396642834931,6,92.29,35.58,29.98,94.85,2023-01-06 13:00:00,32.17,31.164620062620383,Hourly,34.18,1.36,8.73,8.41,,2.049999999999997,32.76,4.138355551024922,Siltara,34.22,4,-0.2588190451025208,30.37333333333333,0.8660254037844387,,26.037499999999998,346.3272,0.49999999999999994,11.188799999999999,0.25,0.24,16.791769787866567,-0.9659258262890683,1.1721916794374991,37.36,13,24.05
348.22,37.36,29.355964609360495,82,55.0,4.738711946201846,1,33.05,9.3,50.8,46.62,2023,16.148,1,5.5,-0.04266510812390418,6,73.32,37.15,29.745,92.29,2023-01-06 14:00:00,34.22,31.6204429018717,Hourly,32.17,1.38,9.03,9.27,,-1.4600000000000009,39.74,2.7819974838291697,Siltara,32.76,4,-0.4999999999999997,31.825,0.8660254037844387,,24.082499999999996,249.14999999999998,0.49999999999999994,10.668,0.24,0.21,12.443099799033533,-0.8660254037844388,1.055319856730296,45.3,14,26.78
298.95,45.3,30.953508515612725,82,30.32,5.147958921804958,1,35.57333333333333,9.4,33.63,50.8,2023,14.846,1,3.85,0.2130647130647132,6,67.77,30.04,29.960833333333337,73.32,2023-01-06 15:00:00,32.76,33.940316358479784,Hourly,34.22,1.08,9.3,5.5,,6.980000000000004,38.57,3.0951300457382076,Siltara,39.74,4,-0.7071067811865471,33.985,0.8660254037844387,,23.446666666666662,124.0855,0.49999999999999994,6.3897,0.21,0.19,11.113387018119427,-0.7071067811865479,3.681539533040789,32.23,15,30.84
248.75,32.23,32.12527643628769,82,5.64,5.7173131536548665,1,37.02333333333333,9.4,22.97,33.63,2023,13.544,1,1.98,-0.029441368897835975,6,53.74,28.76,30.671666666666667,67.77,2023-01-06 16:00:00,39.74,35.26308311319984,Hourly,32.76,1.04,9.4,3.85,,-1.1700000000000017,34.52,3.1327793836620224,Siltara,38.57,4,-0.8660254037844385,35.27333333333333,0.8660254037844387,,23.79041666666667,41.560199999999995,0.49999999999999994,2.9861,0.19,0.13,11.457494406707028,-0.5000000000000004,3.738212585359739,20.99,16,34.18
344.71,30.42,31.959280762075807,82,5.19,5.412418940535194,1,34.03666666666667,9.4,47.7,38.4,2023,10.94,1,6.04,-0.15932792584009278,6,79.69,21.79,31.553333333333338,54.18,2023-01-06 18:00:00,34.52,33.32769546591828,Hourly,38.57,0.66,9.4,6.68,,-5.5000000000000036,27.3,3.9141065391773937,Siltara,29.02,4,-1.0,34.805,0.8660254037844387,,25.986666666666665,257.1228,0.49999999999999994,12.402000000000001,0.14,0.26,10.152320645683249,-1.8369701987210297e-16,4.793311311957782,42.57,18,34.22
307.85,42.57,31.242468337141066,82,7.08,4.695018878845178,1,30.28,9.4,84.68,47.7,2023,13.6,1,13.29,-0.05926946933149548,6,150.01,24.05,32.012499999999996,79.69,2023-01-06 19:00:00,29.02,31.6054967613702,Hourly,34.52,0.59,9.4,6.04,,-1.7199999999999989,30.0,4.992051348563849,Siltara,27.3,4,-0.9659258262890684,33.65166666666667,0.8660254037844387,,26.90791666666667,903.7199999999999,0.49999999999999994,42.34,0.26,0.5,9.135348916098023,0.2588190451025203,3.7713127687861907,68.0,19,32.76
322.4,68.0,31.05131936219629,82,7.58,4.047151261482418,1,28.77333333333333,8.96,93.21,84.68,2023,12.12,1,18.85,0.09890109890109887,6,225.26,26.78,32.50833333333333,150.01,2023-01-06 20:00:00,27.3,31.146783400978713,Hourly,29.02,0.39,9.4,13.29,,2.6999999999999993,42.27,5.2129240035414135,Siltara,30.0,4,-0.8660254037844386,33.19166666666667,0.8660254037844387,,27.862916666666667,1202.8185,0.49999999999999994,77.36429999999999,0.5,0.83,8.11327922722085,0.5000000000000001,1.366796741781067,63.81,20,39.74
298.23,63.81,32.77727022955071,82,15.67,4.499041227826489,1,33.190000000000005,9.45,84.19,93.21,2023,16.98,1,15.11,0.4090000000000001,6,203.84,30.84,33.79916666666667,225.26,2023-01-06 21:00:00,30.0,34.324845286413364,Hourly,27.3,0.41,8.96,18.85,,12.270000000000003,51.52,5.904939175529089,Siltara,42.27,4,-0.7071067811865477,33.61333333333334,0.8660254037844387,,29.308333333333334,998.9221,0.49999999999999994,82.50619999999999,0.83,0.98,7.40155017057569,0.7071067811865474,7.978552500297865,66.11,21,38.57
24.5,66.11,35.66076711731214,82,18.59,6.689801090940544,1,41.26333333333334,9.68,55.4,84.19,2023,28.18,1,12.0,0.2188313224509108,6,244.05,34.18,35.5225,203.84,2023-01-06 22:00:00,42.27,39.237746633152405,Hourly,30.0,0.77,9.45,15.11,,9.25,61.45,9.407138601439746,Siltara,51.52,4,-0.5000000000000004,35.77166666666667,0.8660254037844387,,30.802083333333332,524.52,0.49999999999999994,53.184,0.98,0.96,8.11282076027929,0.8660254037844384,10.795259762198468,43.71,22,34.52
352.36,43.71,39.62834140695642,82,18.59,10.00340714683954,1,51.74666666666667,10.64,146.82,55.4,2023,35.32,1,66.06,0.19274068322981364,6,91.11,32.17,37.795,244.05,2023-01-06 23:00:00,51.52,45.584104737966,Hourly,42.27,0.44,9.68,12.0,,9.93,41.59,13.995789366807081,Siltara,61.45,4,-0.25881904510252157,40.26,0.8660254037844387,,32.587916666666665,4634.109,0.49999999999999994,126.2652,0.96,0.86,9.840974226767232,0.9659258262890681,9.592008826796372,70.15,23,29.02
218.26,70.15,39.930135036655436,82,16.61,9.890842412876143,1,51.52,10.4156,46.6,146.82,2023,46.39,1,32.47,-0.3231895850284784,7,122.87,34.22,38.580000000000005,91.11,2023-01-07 01:00:00,61.45,44.44293195569,Hourly,51.52,1.06,10.64,66.06,,-19.86,33.02,12.872511409978616,Siltara,41.59,5,0.25881904510252074,42.355,0.8660254037844387,4.24,33.54625,616.6052999999999,0.49999999999999994,37.746,0.86,0.81,9.53365654223133,0.9659258262890683,9.930000000000312,18.99,1,27.3
217.12,18.99,38.86703733870844,82,35.58,9.94484974062566,1,45.35333333333333,10.3034,44.27,46.6,2023,62.79,1,32.36,-0.2060591488338543,7,95.1,32.76,38.48,122.87,2023-01-07 02:00:00,41.59,41.179237111207144,Hourly,61.45,1.43,10.4156,32.47,4.24,-8.57,23.21,11.69225284821946,Siltara,33.02,5,0.49999999999999994,43.30833333333334,0.8660254037844387,4.12,34.230000000000004,403.2056,0.49999999999999994,33.2025,0.81,0.75,8.828570222517682,0.8660254037844387,14.583834658050009,12.46,2,30.0
215.74,12.46,36.45826236352253,82,37.15,10.790377412164764,1,32.606666666666676,10.1912,40.77,44.27,2023,11.94,1,29.18,-0.2970926711084192,7,66.31,39.74,37.68416666666667,95.1,2023-01-07 03:00:00,33.02,36.045169365147956,Hourly,41.59,1.36,10.3034,32.36,4.12,-9.810000000000002,19.3,13.436451416452796,Siltara,23.21,5,0.7071067811865476,42.17666666666667,0.8660254037844387,4.02,33.71458333333333,433.0312,0.49999999999999994,26.092800000000004,0.75,0.64,9.10314373751233,0.7071067811865476,9.196968703510027,14.84,3,42.27
230.32,14.84,33.81852969221137,82,30.04,11.98366195233596,1,25.176666666666666,,40.05,40.77,2023,12.42,1,23.92,-0.16846186988367085,7,59.48,38.57,35.98083333333333,66.31,2023-01-07 04:00:00,23.21,31.260835260819967,Hourly,33.02,0.95,10.1912,29.18,4.02,-3.91,24.26,16.359018817358734,Siltara,19.3,5,0.8660254037844386,38.348333333333336,0.8660254037844387,4.21,32.97083333333334,387.9824,0.49999999999999994,24.029999999999998,0.64,0.6,9.52947004168517,0.5000000000000001,7.068269472320941,16.22,4,51.52
224.96,16.22,32.347986662640395,82,28.76,12.40710634591215,1,22.25666666666667,,39.42,40.05,2023,19.47,1,24.1,0.2569948186528498,7,85.79,34.52,34.788333333333334,59.48,2023-01-07 05:00:00,19.3,29.260596614871407,Hourly,23.21,1.14,,23.92,4.21,4.960000000000001,24.26,15.743090865520387,Siltara,24.26,5,0.9659258262890683,33.805,0.8660254037844387,4.63,32.730000000000004,371.38100000000003,0.49999999999999994,23.652,0.6,0.6,9.678629978508447,0.25881904510252074,2.6138158568163625,15.41,5,61.45
216.02,15.41,31.10368102223418,82,24.2,12.775333714433337,1,22.60666666666667,,37.43,39.42,2023,21.37,1,22.95,0.0,7,132.07,29.02,33.93333333333334,85.79,2023-01-07 06:00:00,24.26,27.831854724908148,Hourly,19.3,1.31,,24.1,4.63,0.0,36.96,8.192307774168357,Siltara,24.26,5,1.0,27.606666666666666,0.8660254037844387,4.26,32.5425,332.5455,0.49999999999999994,24.3295,0.6,0.65,9.801688962712088,6.123233995736766e-17,2.86365733518251,14.49,6,41.59
217.81,14.49,32.00465317265969,82,21.79,12.703138123385253,1,28.493333333333336,,41.51,37.43,2023,17.19,1,25.33,0.5234954657873041,7,132.07,27.3,34.595,132.07,2023-01-07 07:00:00,24.26,30.439896232077253,Hourly,24.26,1.42,,22.95,4.26,12.7,41.53,6.692502521481242,Siltara,36.96,5,0.9659258262890683,26.834999999999997,0.8660254037844387,4.4,33.07416666666667,436.6891999999999,0.49999999999999994,26.566399999999998,0.65,0.64,9.674741617342123,-0.25881904510252063,7.3323484187089445,17.24,7,33.02
234.96,17.24,33.47009114609666,82,24.05,12.624182031707349,1,34.25,,44.95,41.51,2023,9.62,1,30.9,0.12364718614718616,7,117.5,30.0,35.78083333333334,132.07,2023-01-07 08:00:00,36.96,33.60849730862661,Hourly,24.26,1.45,,25.33,4.4,4.57,41.53,8.826853724102328,Siltara,41.53,5,0.8660254037844387,28.25333333333333,0.8660254037844387,4.37,33.89666666666667,454.539,0.49999999999999994,27.419500000000003,0.64,0.61,9.511427756705475,-0.4999999999999998,8.948256813481006,14.71,8,23.21
232.82,14.71,34.710077123620245,82,26.78,12.5829110906474,1,40.00666666666667,,45.37,44.95,2023,6.88,1,32.02,0.0,7,112.34,42.27,36.74166666666667,117.5,2023-01-07 09:00:00,41.53,35.87178379187615,Hourly,36.96,1.69,,30.9,4.37,0.0,35.67,9.843417428246072,Siltara,41.53,5,0.7071067811865476,31.306666666666672,0.8660254037844387,3.89,34.625,435.15180000000004,0.49999999999999994,25.860899999999997,0.61,0.57,9.393167266921242,-0.7071067811865475,2.6384907301981606,13.59,9,19.3
237.06,13.59,34.85775756614021,82,30.84,12.462971215369842,1,39.57666666666667,,42.67,45.37,2023,9.84,1,28.6,-0.141102817240549,7,112.34,51.52,36.19166666666667,112.34,2023-01-07 10:00:00,41.53,35.814131279911535,Hourly,41.53,1.56,,32.02,3.89,-5.859999999999999,32.33,7.9332231785089276,Siltara,35.67,5,0.49999999999999994,34.035000000000004,0.8660254037844387,4.28,34.99541666666667,477.33400000000006,0.49999999999999994,23.041800000000002,0.57,0.54,9.244461551873684,-0.8660254037844387,3.3832725774524426,16.69,10,24.26
237.09,16.69,34.46887178673402,82,34.18,11.5122418044281,1,36.51,,38.91,42.67,2023,11.32,1,22.41,-0.09363610877488095,7,97.88,61.45,34.5925,112.34,2023-01-07 11:00:00,35.67,34.81866519993681,Hourly,41.53,1.63,,28.6,4.28,-3.3400000000000034,26.84,6.4989599167890715,Siltara,32.33,5,0.258819045102521,35.379999999999995,0.8660254037844387,4.32,35.0575,373.79879999999997,0.49999999999999994,21.7896,0.54,0.56,9.22031323149975,-0.9659258262890682,4.657166520536805,16.68,11,24.26
223.69,16.68,33.29519920415956,82,32.17,7.9590072854397045,1,31.613333333333333,,37.63,38.91,2023,16.07,1,20.37,-0.16981132075471694,7,91.15,41.59,31.70833333333334,97.88,2023-01-07 12:00:00,32.33,32.53904657138344,Hourly,35.67,1.78,,22.41,4.32,-5.489999999999998,24.52,5.645355613248021,Siltara,26.84,5,1.2246467991473532e-16,35.809999999999995,0.8660254037844387,4.44,34.75166666666667,351.7899,0.49999999999999994,19.567600000000002,0.56,0.52,9.371182778426613,-1.0,4.45841152579515,17.27,12,36.96
229.97,17.27,31.94516855736578,82,34.22,7.547103548360932,1,27.896666666666665,,32.36,37.63,2023,51.33,1,16.15,-0.08643815201192251,7,71.25,33.02,30.285833333333333,91.15,2023-01-07 13:00:00,26.84,30.247890408131028,Hourly,32.33,1.79,,20.37,4.44,-2.3200000000000003,20.76,7.206934623451085,Siltara,24.52,5,-0.2588190451025208,33.736666666666665,0.8660254037844387,4.15,34.432916666666664,284.07849999999996,0.49999999999999994,14.8856,0.52,0.46,9.590353159915276,-0.9659258262890683,4.010789614694802,17.59,13,41.53
227.32,17.59,30.22437339469412,82,32.76,7.961764832146786,1,24.040000000000003,,38.99,32.36,2023,79.68,1,18.16,-0.15334420880913532,7,71.25,23.21,29.264166666666668,71.25,2023-01-07 14:00:00,24.52,27.53706457723645,Hourly,26.84,1.83,,16.15,4.15,-3.759999999999998,18.74,7.68711324230573,Siltara,20.76,5,-0.4999999999999997,30.274999999999995,0.8660254037844387,3.96,33.872083333333336,399.3384,0.49999999999999994,15.985899999999999,0.46,0.41,9.988638319161797,-0.8660254037844388,3.0682894257242146,21.99,14,41.53
229.1,21.99,28.45754671858733,82,39.74,8.365115695915131,1,21.34,,34.99,38.99,2023,55.0,1,18.13,-0.09730250481695582,7,62.29,19.3,28.891666666666666,71.25,2023-01-07 15:00:00,20.76,25.02361755516889,Hourly,24.52,1.72,,18.16,3.96,-2.020000000000003,17.59,6.5616420709072205,Siltara,18.74,5,-0.7071067811865471,26.47666666666667,0.8660254037844387,3.98,33.28791666666667,305.4905,0.49999999999999994,12.596400000000001,0.41,0.36,10.455557697960222,-0.7071067811865479,2.9333257575679386,16.85,15,35.67
228.63,16.85,26.78561645418928,82,38.57,8.555756656759355,1,19.03,,35.58,34.99,2023,30.32,1,18.56,-0.06136606189967976,7,95.02,24.26,28.749166666666667,62.29,2023-01-07 16:00:00,18.74,22.899726825120638,Hourly,20.76,2.02,,18.13,3.98,-1.1499999999999986,17.59,5.572255079112964,Siltara,17.59,5,-0.8660254037844385,23.463333333333335,0.8660254037844387,3.97,32.365,315.89119999999997,0.49999999999999994,12.0972,0.36,0.34,10.832082781779198,-0.5000000000000004,1.6047741274123115,17.02,16,32.33
223.39,17.02,25.370906230467853,82,34.52,9.07482865686731,1,17.973333333333333,,35.73,35.58,2023,5.64,1,18.18,0.0,7,111.66,24.26,28.19333333333333,95.02,2023-01-07 17:00:00,17.59,21.382662017943314,Hourly,18.74,2.15,,18.56,3.97,0.0,19.86,3.8708431467447433,Siltara,17.59,5,-0.9659258262890683,21.006666666666664,0.8660254037844387,3.93,31.49083333333333,355.2372,0.49999999999999994,16.7931,0.34,0.47,11.151410484647872,-0.25881904510252063,0.6639528095772086,19.54,17,26.84
229.03,19.54,24.523074502703565,82,29.02,9.333408549479666,1,18.346666666666668,,38.04,35.73,2023,5.19,1,17.84,0.12905059693007387,7,111.66,36.96,27.826666666666668,111.66,2023-01-07 18:00:00,17.59,20.947615727102367,Hourly,17.59,1.96,,18.18,3.93,2.2699999999999996,19.86,2.610905334687757,Siltara,19.86,5,-1.0,19.843333333333334,0.8660254037844387,4.4,30.88,360.368,0.49999999999999994,22.823999999999998,0.47,0.6,11.377488452126594,-1.8369701987210297e-16,1.310585111065056,20.2,18,24.52
230.48,20.2,23.805678425364555,82,27.3,9.115023396302192,1,19.103333333333335,,45.32,38.04,2023,5.19,1,22.53,0.0,7,104.84,41.53,26.401666666666667,111.66,2023-01-07 19:00:00,19.86,20.63686837650169,Hourly,17.59,1.58,,17.84,4.4,0.0,18.07,1.311025044269235,Siltara,19.86,5,-0.9659258262890684,19.066666666666666,0.8660254037844387,4.2,30.498333333333335,545.0007,0.49999999999999994,27.192,0.6,0.6,11.594172699236598,0.2588190451025203,1.3105851110650055,24.19,19,20.76
232.95,24.19,22.923266359923854,82,30.0,8.026128165766975,1,19.263333333333332,,43.24,45.32,2023,7.08,1,22.94,-0.0901309164149043,7,109.66,41.53,24.44666666666667,104.84,2023-01-07 20:00:00,19.86,19.90347741178692,Hourly,19.86,1.22,,22.53,4.2,-1.7899999999999991,21.73,1.0501317377839996,Siltara,18.07,5,-0.8660254037844386,18.618333333333332,0.8660254037844387,4.4,30.11375,465.4526,0.49999999999999994,25.5116,0.6,0.59,11.855022348832478,0.5000000000000001,1.0334569818551926,20.29,20,18.74
234.25,20.29,22.739686919935572,82,42.27,5.965629332544705,1,19.886666666666667,,53.17,43.24,2023,7.58,1,29.5,0.20254565578306585,7,122.15,35.67,22.796666666666667,109.66,2023-01-07 21:00:00,18.07,20.425341008419228,Hourly,19.86,1.21,,22.94,4.4,3.66,21.73,1.6547829666458198,Siltara,21.73,5,-0.7071067811865477,19.116666666666667,0.8660254037844387,4.36,29.769166666666667,746.645,0.49999999999999994,28.711800000000004,0.59,0.54,11.978024050106958,0.7071067811865474,1.8301457136919816,25.31,21,17.59
232.97,25.31,22.584350470714718,82,51.52,4.376564655275015,1,20.51,,53.84,53.17,2023,15.67,1,30.63,0.0,7,128.12,32.33,21.635,122.15,2023-01-07 22:00:00,21.73,20.79810072029945,Hourly,18.07,0.95,,29.5,4.36,0.0,25.25,1.751212913012292,Siltara,21.73,5,-0.5000000000000004,19.80666666666667,0.8660254037844387,4.21,28.91333333333333,710.9223,0.49999999999999994,29.612000000000005,0.54,0.55,11.77812809614875,0.8660254037844384,2.113101985236795,23.21,22,17.59
233.09,23.21,22.99445039829707,82,61.45,3.092593792210777,1,22.903333333333336,,50.17,53.84,2023,18.59,1,33.1,0.16198803497468936,7,128.12,26.84,21.045,128.12,2023-01-07 23:00:00,21.73,22.070071943071035,Hourly,21.73,0.76,,30.63,4.21,3.5199999999999996,25.25,2.460517560738133,Siltara,25.25,5,-0.25881904510252157,21.083333333333332,0.8660254037844387,4.15,27.818749999999998,741.7710000000001,0.49999999999999994,29.098599999999998,0.55,0.58,10.762783829515618,0.9659258262890681,2.032272947550248,22.41,23,19.86
226.21,22.41,23.341458029328287,82,41.59,2.845967242509794,1,24.076666666666664,,7.22,50.17,2023,18.59,1,9.5,0.0,8,70.17,24.52,20.9125,128.12,2023-01-08 01:00:00,25.25,22.97862281647931,Hourly,21.73,0.68,,33.1,4.15,0.0,13.76,2.8737878604205536,Siltara,25.25,6,0.25881904510252074,21.98166666666667,0.8660254037844387,6.99,26.310416666666665,116.565,0.49999999999999994,2.166,0.58,0.3,8.03578598150754,0.9659258262890683,2.032272947550194,12.27,1,19.86
222.65,12.27,21.86738756327778,82,33.02,3.2695689410976216,1,21.42,,9.85,7.22,2023,16.61,1,9.86,-0.45504950495049507,8,62.82,20.76,20.015833333333333,70.17,2023-01-08 02:00:00,25.25,20.344730583199507,Hourly,25.25,0.59,,9.5,6.99,-11.49,13.76,4.431386916083281,Siltara,13.76,6,0.49999999999999994,20.965,0.8660254037844387,7.13,25.15083333333334,134.6876,0.49999999999999994,2.8564999999999996,0.3,0.29,7.737471734397042,0.8660254037844387,6.633754592989669,13.66,2,18.07
221.23,13.66,20.62009716892735,82,23.21,3.718372383422925,1,17.59,,9.5,9.85,2023,35.58,1,10.14,0.0,8,62.82,18.74,19.4325,62.82,2023-01-08 03:00:00,13.76,18.463378987999647,Hourly,25.25,0.69,,9.86,7.13,0.0,13.4,5.265376213216005,Siltara,13.76,6,0.7071067811865476,20.246666666666666,0.8660254037844387,7.74,24.348333333333333,139.1208,0.49999999999999994,2.66,0.29,0.28,7.883240156327369,0.7071067811865476,6.633754592989724,13.72,3,21.73
225.9,13.72,19.509312989092376,82,19.3,4.107912818848129,1,13.64,,7.55,9.5,2023,37.15,1,10.11,-0.02616279069767438,8,59.95,17.59,18.9875,62.82,2023-01-08 04:00:00,13.76,17.016699277142607,Hourly,13.76,0.61,,10.14,7.74,-0.35999999999999943,13.4,5.860591835872996,Siltara,13.4,6,0.8660254037844386,18.85833333333333,0.8660254037844387,7.27,23.939583333333335,130.7223,0.49999999999999994,2.1140000000000003,0.28,0.28,8.193067843513768,0.5000000000000001,0.2078460969395495,12.93,4,21.73
233.65,12.93,18.569418683078162,82,24.26,4.404837905040432,1,13.520000000000001,,8.1,7.55,2023,30.04,1,10.92,0.0,8,57.85,17.59,18.638333333333332,59.95,2023-01-08 05:00:00,13.4,15.983356626530433,Hourly,13.76,0.59,,10.11,7.27,0.0,16.93,6.028512254282547,Siltara,13.4,6,0.9659258262890683,17.47,0.8660254037844387,8.45,23.693749999999998,147.7476,0.49999999999999994,2.4299999999999997,0.28,0.3,8.42360287086829,0.25881904510252074,0.20784609693960576,13.53,5,25.25
226.11,13.53,18.31720042414306,82,24.26,4.423199856402713,1,14.576666666666668,,7.56,8.1,2023,28.76,1,11.1,0.2634328358208955,8,57.85,19.86,18.583333333333332,57.85,2023-01-08 06:00:00,13.4,16.253826161807453,Hourly,13.4,0.57,,10.92,8.45,3.5299999999999994,19.95,4.689156285164935,Siltara,16.93,6,1.0,16.083333333333332,0.8660254037844387,8.29,23.388333333333332,150.849,0.49999999999999994,2.5704000000000002,0.3,0.34,8.534334576677917,6.123233995736766e-17,2.038046450242524,13.59,6,25.25
225.59,13.59,18.568400358890283,82,36.96,4.4256370025988225,1,16.76,,7.35,7.56,2023,24.2,1,12.46,0.17838157117542822,8,59.41,19.86,18.590833333333332,57.85,2023-01-08 07:00:00,16.93,17.309875829862467,Hourly,13.4,0.48,,11.1,8.29,3.0199999999999996,19.95,2.690078065788304,Siltara,19.95,6,0.9659258262890683,15.199999999999998,0.8660254037844387,7.62,23.20875,183.28660000000002,0.49999999999999994,2.4255,0.34,0.33,8.560501464639822,-0.25881904510252063,3.278307490155917,14.71,7,13.76
232.91,14.71,18.78095414983024,82,41.53,4.428058949538733,1,18.94333333333333,,7.45,7.35,2023,21.79,1,13.36,0.0,8,66.62,18.07,18.598333333333333,59.41,2023-01-08 08:00:00,19.95,18.064197021330333,Hourly,16.93,0.39,,12.46,7.62,0.0,19.86,3.1712925861077186,Siltara,19.95,6,0.8660254037844387,16.231666666666666,0.8660254037844387,7.91,22.5,202.6712,0.49999999999999994,2.9800000000000004,0.33,0.4,8.062141801952894,-0.4999999999999998,1.7435978129560998,15.17,8,13.76
242.43,15.17,18.94696120370251,82,41.53,4.4387797770417645,1,19.92,,9.05,7.45,2023,24.05,1,14.41,-0.004511278195488715,8,77.14,21.73,18.7475,66.62,2023-01-08 09:00:00,19.95,18.577283586664525,Hourly,19.95,0.48,,13.36,7.91,-0.08999999999999986,27.3,3.1981082950240376,Siltara,19.86,6,0.7071067811865476,17.24833333333333,0.8660254037844387,7.71,21.59708333333333,247.1315,0.49999999999999994,3.8915,0.4,0.43,6.978910765372214,-0.7071067811865475,0.051961524340300706,17.15,9,13.4
245.43,17.15,20.232044095440585,82,35.67,5.030768662273928,1,22.37,,9.52,9.05,2023,26.78,1,15.5,0.3746223564954684,8,77.14,21.73,19.21166666666667,77.14,2023-01-08 10:00:00,19.86,21.069488276188945,Hourly,19.95,0.47,,14.41,7.71,7.440000000000001,30.83,4.5861563427378265,Siltara,27.3,6,0.49999999999999994,19.565,0.8660254037844387,7.44,21.004166666666666,280.86,0.49999999999999994,4.569599999999999,0.43,0.48,5.698910587478251,-0.8660254037844387,4.269742380988726,18.12,10,13.4
278.06,18.12,21.86249884998819,82,32.33,6.031265508692831,1,25.996666666666666,,14.4,9.52,2023,30.84,1,22.0,0.1293040293040292,8,91.87,25.25,19.97,77.14,2023-01-08 11:00:00,27.3,23.85820591156353,Hourly,19.86,0.43,,15.5,7.44,3.5299999999999976,33.72,5.355800593751952,Siltara,30.83,6,0.258819045102521,22.47,0.8660254037844387,8.04,20.8025,555.9399999999999,0.49999999999999994,10.656,0.48,0.74,5.223145187737716,-0.9659258262890682,5.599931547201611,25.27,11,16.93
235.72,25.27,23.68672979614385,82,26.84,7.105334050534233,1,30.616666666666664,,16.37,14.4,2023,34.18,1,8.55,0.09373986376905613,8,94.72333333333334,25.25,20.675833333333333,91.87,2023-01-08 12:00:00,30.83,26.675861365402522,Hourly,27.3,0.48,,22.0,8.04,2.8900000000000006,34.22666666666667,6.201772058589368,Siltara,33.72,6,1.2246467991473532e-16,25.26833333333333,0.8660254037844387,11.24,20.860416666666666,139.2795,0.49999999999999994,7.530200000000001,0.74,0.46,5.362375754448563,-1.0,3.215312322830063,16.29,12,19.95
228.26,16.29,25.308258545455054,82,24.52,8.041542873385437,1,32.925555555555555,,18.81,16.37,2023,32.17,1,14.55,0.015025701858442103,8,97.57666666666668,13.76,21.423888888888886,94.72333333333334,2023-01-08 13:00:00,33.72,28.833234308620852,Hourly,30.83,0.59,,8.55,11.24,0.5066666666666677,34.733333333333334,6.4854670581998635,Siltara,34.22666666666667,6,-0.2588190451025208,27.647777777777776,0.8660254037844387,13.87,21.168194444444442,310.64250000000004,0.49999999999999994,7.147799999999999,0.46,0.38,5.905025369764812,-0.9659258262890683,1.8324007729210434,21.35,13,19.95
231.22,21.35,26.75827005128248,82,20.76,8.491064406036458,1,34.22666666666667,,9.92,18.81,2023,34.22,1,6.24,0.014803272302298434,8,100.43,13.76,23.171666666666667,97.57666666666668,2023-01-08 14:00:00,34.22666666666667,30.518976887110135,Hourly,33.72,0.6,,14.55,13.87,0.5066666666666677,35.24,5.74162414111285,Siltara,34.733333333333334,6,-0.4999999999999997,30.111666666666668,0.8660254037844387,9.33,21.59375,69.01440000000001,0.49999999999999994,3.0752,0.38,0.31,6.495572130827043,-0.8660254037844388,0.5066666666753128,11.06,14,19.86
225.78,11.06,28.063151581854406,82,18.74,8.590141930365474,1,34.733333333333334,,11.19,9.92,2023,32.76,1,5.03,0.014587332053742831,8,84.63,13.4,24.96166666666667,100.43,2023-01-08 15:00:00,34.733333333333334,31.867840633650097,Hourly,34.22666666666667,0.61,,6.24,9.33,0.5066666666666677,34.77,3.053205055534701,Siltara,35.24,6,-0.7071067811865471,32.675000000000004,0.8660254037844387,9.27,22.197083333333335,51.507200000000005,0.49999999999999994,3.4688999999999997,0.31,0.31,7.062501254756957,-0.7071067811865479,0.506666666675208,10.24,15,27.3
229.38,10.24,29.094974415415265,82,17.59,8.180746690499976,1,34.91444444444445,,9.8,11.19,2023,39.74,1,4.37,-0.013337116912599286,8,78.28,13.4,26.742499999999996,84.63,2023-01-08 16:00:00,35.24,32.697029024035785,Hourly,34.733333333333334,0.66,,5.03,9.27,-0.46999999999999886,34.69,1.6005346329093895,Siltara,34.77,6,-0.8660254037844385,33.919999999999995,0.8660254037844387,8.86,22.865,37.669399999999996,0.49999999999999994,2.842,0.31,0.29,7.467714147541105,-0.5000000000000004,0.2825348225166963,8.62,16,30.83
230.87,8.62,29.955747582274455,82,17.59,7.283475832458381,1,34.900000000000006,,7.6,9.8,2023,38.57,1,6.05,-0.0023008340523441298,8,74.21,16.93,28.516666666666666,78.28,2023-01-08 17:00:00,34.77,33.266449302882705,Hourly,35.24,0.56,,4.37,8.86,-0.0800000000000054,25.27,0.5234670742357387,Siltara,34.69,6,-0.9659258262890683,34.56333333333333,0.8660254037844387,7.04,23.5775,58.6245,0.49999999999999994,2.432,0.29,0.32,7.752858114090029,-0.25881904510252063,0.2971531591765739,9.69,17,33.72
233.62,9.69,29.234863338847617,82,19.86,6.424618292319425,1,31.576666666666668,,7.79,7.6,2023,34.52,1,6.5,-0.2715479965407898,8,73.3,19.95,29.211666666666662,74.21,2023-01-08 18:00:00,34.69,30.981749502059074,Hourly,34.77,0.6,,6.05,7.04,-9.419999999999998,24.4,3.8761967327707363,Siltara,25.27,6,-1.0,33.155,0.8660254037844387,7.25,23.897500000000004,64.74000000000001,0.49999999999999994,2.7264999999999997,0.32,0.35,7.652829557853709,-1.8369701987210297e-16,5.46188001821192,9.96,18,34.22666666666667
227.48,9.96,28.491038209794137,82,19.86,5.952511926263435,1,28.12,,7.62,7.79,2023,29.02,1,8.62,-0.03442817570241397,8,76.77,19.95,29.5825,73.3,2023-01-08 19:00:00,25.27,29.10124964432791,Hourly,34.69,0.64,,6.5,7.25,-0.870000000000001,21.95,5.187141116549145,Siltara,24.4,6,-0.9659258262890684,31.517222222222227,0.8660254037844387,7.26,24.08666666666667,99.6472,0.49999999999999994,2.9718,0.35,0.39,7.604648718094567,0.2588190451025203,5.706391153786254,11.56,19,34.733333333333334
227.32,11.56,27.484724639056576,82,18.07,5.680053194549723,1,23.873333333333335,,8.47,7.62,2023,27.3,1,10.56,-0.10040983606557374,8,84.16,19.86,29.749166666666667,76.77,2023-01-08 20:00:00,24.4,27.058035460234223,Hourly,25.27,0.61,,8.62,7.26,-2.4499999999999993,24.32,6.139787184153766,Siltara,21.95,6,-0.8660254037844386,29.386666666666667,0.8660254037844387,9.03,24.173750000000002,137.4912,0.49999999999999994,3.3880000000000003,0.39,0.4,7.566011866739725,0.5000000000000001,1.7215206456340422,13.02,20,35.24
226.41,13.02,26.997843925355564,82,21.73,5.089344012221293,1,23.55666666666667,,7.82,8.47,2023,30.0,1,13.08,0.10797266514806383,8,88.51,27.3,30.120833333333334,84.16,2023-01-08 21:00:00,21.95,26.275739614453016,Hourly,24.4,0.66,,10.56,9.03,2.370000000000001,25.99,5.6572101487128075,Siltara,24.32,6,-0.7071067811865477,27.566666666666663,0.8660254037844387,8.89,24.434166666666666,199.6008,0.49999999999999994,3.128,0.4,0.4,7.453514895640201,0.7071067811865474,1.3919889846346905,15.26,21,34.77
226.19,15.26,26.842791013762398,82,21.73,5.168781483114494,1,24.086666666666662,,8.08,7.82,2023,42.27,1,15.42,0.06866776315789466,8,89.36,30.83,30.011666666666667,88.51,2023-01-08 22:00:00,24.32,26.1940997246093,Hourly,21.95,0.68,,13.08,8.89,1.6699999999999982,23.55,4.421988994411843,Siltara,25.99,6,-0.5000000000000004,26.103333333333335,0.8660254037844387,8.27,24.611666666666665,269.2332,0.49999999999999994,3.232,0.4,0.4,7.437023390323982,0.8660254037844384,2.0300821001487113,17.46,22,34.69
225.3,17.46,26.336207780875874,82,25.25,5.48175698074484,1,24.62,,8.32,8.08,2023,51.52,1,15.68,-0.09388226240861862,8,87.75,33.72,29.405,89.36,2023-01-08 23:00:00,25.99,25.438642660435214,Hourly,24.32,0.85,,15.42,8.27,-2.4399999999999977,25.14,1.4053706510027262,Siltara,23.55,6,-0.25881904510252157,24.24666666666667,0.8660254037844387,7.94,24.6875,277.2224,0.49999999999999994,3.3280000000000003,0.4,0.4,7.41561046053721,0.9659258262890681,1.2473572062608023,17.68,23,25.27
209.08,17.68,26.152175814587277,82,25.25,5.4270580977123055,1,24.893333333333334,5.03,8.02,8.32,2023,61.45,1,4.6,0.06751592356687897,9,89.25666666666666,34.22666666666667,28.689999999999998,87.75,2023-01-09 01:00:00,23.55,25.35331618602515,Hourly,25.99,0.36,,15.68,7.94,1.5899999999999999,26.482666666666667,1.387324763720869,Siltara,25.14,0,0.25881904510252074,24.224999999999998,0.8660254037844387,12.48,24.68291666666667,10.212,0.49999999999999994,4.4110000000000005,0.4,0.55,7.415281669249858,0.9659258262890683,1.2385609929850154,2.22,1,24.4
197.12,2.22,26.20302056106103,82,13.76,5.162828126386865,1,25.057555555555556,5.05,8.05,8.02,2023,41.59,1,4.48,0.05340758419517368,9,90.01,34.733333333333334,28.044666666666668,89.25666666666666,2023-01-09 02:00:00,25.14,25.675987751922726,Hourly,23.55,0.31,5.03,4.6,12.48,1.3426666666666662,27.154,1.6713388068971848,Siltara,26.482666666666667,0,0.49999999999999994,24.572111111111113,0.8660254037844387,12.37,24.73427777777778,10.4832,0.49999999999999994,3.7835,0.55,0.47,7.423644530983195,0.8660254037844387,1.4680705906971643,2.34,2,21.95
199.68,2.34,26.349325090128563,82,13.76,4.714297123681891,1,26.25888888888889,5.07,8.02,8.05,2023,33.02,1,4.59,0.025349914409425023,9,90.76333333333334,35.24,27.413055555555555,90.01,2023-01-09 03:00:00,26.482666666666667,26.09827696565909,Hourly,25.14,0.36,5.05,4.48,12.37,0.6713333333333331,27.825333333333333,1.359702020745029,Siltara,27.154,0,0.7071067811865476,25.439444444444444,0.8660254037844387,13.1,25.29236111111111,10.4193,0.49999999999999994,3.6892,0.47,0.46,7.057178804277013,0.7071067811865476,1.0254786055207465,2.27,3,24.32
243.11,2.2,31.541706256686012,0,27.154,3.692987211654017,0,29.276666666666667,5.13,7.05,7.03,2023,13.76,1,4.81,0.09181240063592999,10,66.67,35.21,32.695,66.67,2023-01-10 03:00:00,25.16,30.780721764379766,Hourly,35.2,0.41,5.44,4.88,6.36,2.3099999999999987,30.98,5.054711333663542,Siltara,27.47,1,0.7071067811865476,32.53666666666667,0.8660254037844387,7.12,31.951380952380955,11.351599999999998,0.49999999999999994,6.063,0.8,0.86,3.889774211491475,0.7071067811865476,5.258177757867565,2.36,3,33.39
245.19,2.36,31.45528990950355,0,27.825333333333333,3.632487564889443,0,27.869999999999994,5.2,7.06,7.05,2023,13.76,1,4.83,0.12777575536949407,10,74.13,35.21,32.3425,66.67,2023-01-10 04:00:00,27.47,30.837658403128405,Hourly,25.16,0.44,5.13,4.81,7.12,3.5100000000000016,30.98,5.0690738799113975,Siltara,30.98,1,0.8660254037844386,32.135,0.8660254037844387,6.98,32.224666666666664,11.0607,0.49999999999999994,6.354,0.86,0.9,3.6540555995782262,0.5000000000000001,2.930546024207741,2.29,4,37.0
255.25,2.22,28.851625679047316,0,35.21,2.2735108346204678,0,28.7,5.18,7.09,6.91,2023,34.733333333333334,1,4.75,0.0,10,45.24,30.98,28.528333333333336,49.11,2023-01-10 15:00:00,29.12,28.607655526649225,Hourly,27.86,0.71,5.28,4.75,12.04,0.0,26.09,0.46915882172234735,Siltara,29.12,1,-0.7071067811865471,28.724999999999994,0.8660254037844387,10.54,30.611666666666668,11.59,0.49999999999999994,3.6159,0.54,0.51,3.6774502824270923,-0.7071067811865479,0.7274613391787962,2.44,15,28.59
246.56,2.44,28.42676018996311,0,35.21,2.2319883444323962,0,28.11,5.47,7.12,7.09,2023,35.24,1,4.97,-0.10405219780219783,10,45.24,30.98,28.120833333333334,45.24,2023-01-10 16:00:00,29.12,27.888325376178017,Hourly,29.12,0.62,5.18,4.75,10.54,-3.030000000000001,24.58,1.1818530647532097,Siltara,26.09,1,-0.8660254037844385,28.308333333333334,0.8660254037844387,12.23,30.231666666666666,10.7352,0.49999999999999994,4.4144,0.51,0.62,3.652747228984449,-0.5000000000000004,1.7493713156445105,2.16,16,28.83
253.82,2.16,27.834950929968784,0,32.69,2.2512385479964236,0,26.596666666666664,5.3,7.1,7.12,2023,34.77,1,4.87,-0.057876581065542415,10,44.87,30.05,27.587499999999995,45.24,2023-01-10 17:00:00,26.09,26.943089554412868,Hourly,29.12,0.63,5.47,4.97,12.23,-1.5100000000000016,24.21,1.8762622417988024,Siltara,24.58,1,-0.9659258262890683,27.599999999999998,0.8660254037844387,21.77,29.788750000000004,11.1036,0.49999999999999994,4.3309999999999995,0.62,0.61,3.66729531007763,-0.25881904510252063,2.3120193194117413,2.28,17,28.83
358.28,2.28,27.277266171512046,0,32.69,2.301191226428402,0,24.959999999999997,5.21,7.39,7.1,2023,34.69,1,4.99,-0.01505288852725783,10,56.73,28.22,27.10083333333333,44.87,2023-01-10 18:00:00,24.58,26.16220682458062,Hourly,26.09,1.46,5.3,4.87,21.77,-0.36999999999999744,24.21,2.191967153038531,Siltara,24.21,1,-1.0,26.83,0.8660254037844387,22.79,29.43541666666667,12.974,0.49999999999999994,4.8035,0.61,0.65,3.782322703874558,-1.8369701987210297e-16,0.995941765365716,2.6,18,27.86
289.52,2.6,26.805379068202498,0,29.89,2.4123671261854214,0,24.33333333333333,5.01,6.89,7.39,2023,25.27,1,4.62,0.0,10,72.47,27.57,26.766666666666666,56.73,2023-01-10 19:00:00,24.21,25.60443344612901,Hourly,24.58,0.92,5.21,4.99,22.79,0.0,23.68,2.349752469232981,Siltara,24.21,1,-0.9659258262890684,26.221666666666664,0.8660254037844387,16.44,29.082083333333333,11.503800000000002,0.49999999999999994,4.754099999999999,0.65,0.69,3.8603536435974726,0.2588190451025203,0.2136195995996325,2.49,19,29.12
244.57,2.49,26.324551519248267,0,31.43,2.5519301963920666,0,24.03333333333333,5.0,6.72,6.89,2023,24.4,1,4.47,-0.02189178025609257,10,85.59,22.19,26.4425,72.47,2023-01-10 20:00:00,24.21,25.05459531866358,Hourly,24.21,0.28,5.01,4.62,16.44,-0.5300000000000011,28.21,2.0363766842113953,Siltara,23.68,1,-0.8660254037844386,25.314999999999998,0.8660254037844387,15.95,28.823333333333334,10.370399999999998,0.49999999999999994,6.2496,0.69,0.93,4.009101240133043,0.5000000000000001,0.3059956426701342,2.32,20,29.12
224.74,2.32,26.614620516286994,0,33.39,2.2085802034647717,0,25.366666666666664,5.16,6.74,6.72,2023,21.95,1,4.58,0.1913006756756757,10,111.98,28.59,26.944166666666664,85.59,2023-01-10 21:00:00,23.68,25.95613951333113,Hourly,24.21,0.31,5.0,4.47,15.95,4.530000000000001,37.97,1.70288774341307,Siltara,28.21,1,-0.7071067811865477,25.16333333333333,0.8660254037844387,13.12,28.689166666666665,10.9004,0.49999999999999994,6.6726,0.93,0.99,3.971780803825447,0.7071067811865474,2.476617316690875,2.38,21,26.09
234.04,2.38,28.361601975319765,0,37.0,3.8751456473097674,0,29.95333333333333,5.0,6.81,6.74,2023,24.32,1,4.4,0.3459766040411201,10,111.98,28.83,27.72583333333333,111.98,2023-01-10 22:00:00,28.21,29.388671080950807,Hourly,23.68,0.26,5.16,4.58,13.12,9.759999999999998,39.96,5.552093899302003,Siltara,37.97,1,-0.5000000000000004,27.143333333333334,0.8660254037844387,9.58,28.88,11.22,0.49999999999999994,7.0824,0.99,1.04,4.303628398377055,0.8660254037844384,7.302768881275998,2.55,22,24.58
232.79,2.55,30.145970902193646,0,37.0,5.251119938265146,0,35.379999999999995,5.1,6.97,6.81,2023,25.99,1,4.62,0.052409797208322416,10,110.22,28.83,28.653333333333332,111.98,2023-01-10 23:00:00,37.97,32.40905077210772,Hourly,28.21,0.45,5.0,4.4,9.58,1.990000000000002,39.96,7.381069479869878,Siltara,39.96,1,-0.25881904510252157,29.706666666666663,0.8660254037844387,9.75,29.003333333333334,11.503800000000002,0.49999999999999994,7.5276000000000005,1.04,1.08,4.57998924117606,0.9659258262890681,6.288616700038232,2.49,23,24.21
349.43,2.49,31.655821532625396,0,35.2,6.185050096559843,0,39.29666666666666,11.89,10.33,6.97,2023,23.55,1,5.03,0.0,11,73.65,27.86,29.580833333333334,110.22,2023-01-11 01:00:00,39.96,34.5664648372198,Hourly,37.97,0.2,5.1,4.62,9.75,0.0,39.15,7.8227192629332345,Siltara,39.96,2,0.25881904510252074,32.33166666666667,0.8660254037844387,26.84,29.126666666666665,26.659,0.49999999999999994,16.7346,1.08,1.62,4.83731749833761,0.9659258262890683,1.1489270356872325,5.3,1,24.21
322.44,5.3,32.80877206606764,0,25.16,6.733828889653852,0,39.69,12.38,10.25,10.33,2023,25.14,1,4.84,-0.020270270270270327,11,82.96,29.12,30.521666666666665,73.65,2023-01-11 02:00:00,39.96,35.876046312299856,Hourly,39.96,0.09,11.89,5.03,26.84,-0.8100000000000023,31.1,7.061193714002385,Siltara,39.15,2,0.49999999999999994,34.821666666666665,0.8660254037844387,27.29,29.29125,26.2812,0.49999999999999994,16.5025,1.62,1.61,5.112318722204669,0.8660254037844387,0.4676537180432928,5.43,2,23.68
347.92,5.43,32.545884055903386,0,27.47,6.720606484175133,0,36.73666666666666,14.54,11.58,10.25,2023,26.482666666666667,1,5.37,-0.20561941251596416,11,103.36,29.12,30.686666666666667,82.96,2023-01-11 03:00:00,39.15,34.511461651642755,Hourly,39.96,0.34,12.38,4.84,27.29,-8.049999999999997,31.79,5.095886249384579,Siltara,31.1,2,0.7071067811865476,36.05833333333333,0.8660254037844387,27.93,29.538750000000004,33.3477,0.49999999999999994,18.180600000000002,1.61,1.57,5.046986455561551,0.7071067811865476,4.8982684015203795,6.21,3,28.21
358.14,6.21,32.42959420114902,0,30.98,6.7082099743964045,0,34.01333333333333,14.68,11.68,11.58,2023,27.154,1,5.37,0.0221864951768488,11,95.6,26.09,30.909166666666664,103.36,2023-01-11 04:00:00,31.1,33.73390117974483,Hourly,39.15,0.78,14.54,5.37,27.93,0.6899999999999977,29.67,4.106739582686024,Siltara,31.79,2,0.8660254037844386,36.654999999999994,0.8660254037844387,28.35,29.71875,34.0458,0.49999999999999994,17.7536,1.57,1.52,5.047032974712878,0.5000000000000001,4.4618419215984115,6.34,4,37.97
354.69,6.34,32.005041247126094,0,30.98,6.552196196695072,0,30.853333333333328,11.82,9.93,11.68,2023,27.825333333333333,1,4.51,-0.0666876376218936,11,70.38,24.58,31.2075,95.6,2023-01-11 05:00:00,31.79,32.572786556960594,Hourly,31.1,0.37,14.68,5.37,28.35,-2.1199999999999974,23.25,4.897057960313192,Siltara,29.67,2,0.9659258262890683,35.27166666666667,0.8660254037844387,28.12,29.664166666666663,24.4442,0.49999999999999994,14.5971,1.52,1.47,5.039878291032318,0.25881904510252074,1.0813109327723627,5.42,5,39.96
40.68,17.32,41.794095509076726,0,33.61,49.06942171788109,0,22.169999999999987,41.58,27.77,19.32,2023,28.22,1,4.4,0.008141112618724546,12,139.48,164.88,54.6825,106.63,2023-01-12 08:00:00,22.11,28.890799715722032,Hourly,22.11,1.27,32.56,2.0,2.76,0.17999999999999972,24.11,1.1424082749464202,Siltara,22.29,3,0.8660254037844387,22.761666666666667,0.8660254037844387,2.55,57.42877777777778,102.82800000000002,0.49999999999999994,37.4895,1.31,1.35,41.82840736031755,-0.4999999999999998,0.10392304846361654,23.37,8,24.94
88.25,23.37,39.07346543075723,0,35.04,35.19520753360208,0,22.836666666666655,36.03,23.91,27.77,2023,27.57,1,3.24,0.08165096455809782,12,164.0,133.13,42.95166666666666,139.48,2023-01-12 09:00:00,22.29,27.524856939801452,Hourly,22.11,0.92,41.58,4.4,2.55,1.8200000000000003,26.52,0.8346895630508698,Siltara,24.11,3,0.7071067811865476,22.623333333333335,0.8660254037844387,2.84,56.901,66.97080000000001,0.49999999999999994,34.1913,1.35,1.43,42.2048639154027,-0.7071067811865475,1.1064055916955973,20.67,9,23.12
98.58,20.67,37.14216305679458,0,61.75,20.925095470619283,0,24.306666666666654,42.05,28.67,23.91,2023,22.19,1,5.22,0.09995852343425965,12,164.0,88.89,34.0675,164.0,2023-01-12 10:00:00,24.11,27.237754957001037,Hourly,22.29,0.64,36.03,3.24,2.84,2.41,26.92,1.816270904903615,Siltara,26.52,3,0.49999999999999994,23.189999999999998,0.8660254037844387,3.14,56.42766666666667,122.40899999999999,0.49999999999999994,40.7114,1.43,1.42,42.51112531755328,-0.8660254037844387,2.12184667997837,23.45,10,22.0
108.63,23.45,35.56952258651849,0,72.063,11.839888922492275,0,25.849999999999994,34.55,17.58,28.67,2023,28.59,1,2.0,0.015082956259426928,12,128.22,56.36,28.903333333333336,164.0,2023-01-12 11:00:00,26.52,27.14696782642931,Hourly,24.11,0.59,42.05,5.22,3.14,0.40000000000000213,27.09,2.234126227409592,Siltara,26.92,3,0.258819045102521,24.01,0.8660254037844387,3.61,54.49266666666667,31.16,0.49999999999999994,24.260399999999997,1.42,1.38,43.0439633657881,-0.9659258262890682,1.5200986810078618,15.58,11,22.11
97.51,15.58,34.26498065013103,3,82.376,8.090611234727602,1,26.843333333333323,45.12,20.46,17.58,2023,28.83,1,2.0,0.006315007429420436,12,125.795,51.42,26.464166666666667,128.22,2023-01-12 12:00:00,26.92,27.130691304592364,Hourly,26.52,0.55,34.55,2.0,3.61,0.16999999999999815,25.535,2.310826691900419,Siltara,27.09,3,1.2246467991473532e-16,24.84,0.8660254037844387,4.4775,51.994166666666665,36.92,0.49999999999999994,25.3704,1.38,1.24,43.268744176572326,-1.0,0.2926317367189258,18.46,12,22.11
78.62,18.46,32.92190670395703,3,92.689,1.9603228610823502,1,26.51499999999999,30.61,10.32,20.46,2023,28.83,1,2.0,-0.05740125507567367,12,123.37,24.94,24.307083333333335,125.795,2023-01-12 13:00:00,27.09,26.674779503280263,Hourly,26.92,0.8,45.12,2.0,4.4775,-1.5549999999999997,23.98,1.8854506534688484,Siltara,25.535,3,-0.2588190451025208,25.410833333333333,0.8660254037844387,5.345,48.836333333333336,16.64,0.49999999999999994,12.074399999999999,1.24,1.17,42.99430132142703,-0.9659258262890683,0.8529507605963056,8.32,13,22.29
39.21,36.1,29.51721459865031,0,164.88,4.799928739999817,0,31.78666666666666,74.02,48.23,48.2,2023,24.21,1,15.03,0.19880653266331663,12,247.68,24.11,26.1775,247.68,2023-01-12 20:00:00,31.84,29.502836353042614,Hourly,25.35,0.87,72.02,12.11,1.8,6.330000000000002,40.4,6.942672216085063,Siltara,38.17,3,-0.8660254037844386,26.662499999999998,0.8660254037844387,1.09,40.43,499.1463,0.49999999999999994,81.50869999999999,1.66,1.69,37.07485509661224,0.5000000000000001,6.4101664044964535,33.21,20,22.425
36.33,33.21,31.19148927578103,0,133.13,6.247353985341897,0,36.80333333333332,54.65,32.85,48.23,2023,23.68,1,8.36,0.05842284516636093,12,246.51,26.52,27.534999999999997,247.68,2023-01-12 21:00:00,38.17,32.61631168074472,Hourly,31.84,0.98,74.02,15.03,1.09,2.229999999999997,40.61,8.460684172492567,Siltara,40.4,3,-0.7071067811865477,29.658333333333335,0.8660254037844387,1.24,35.24333333333333,204.73639999999997,0.49999999999999994,56.8305,1.69,1.73,25.943998538100097,0.7071067811865474,4.440634339070808,24.49,21,20.87
49.76,24.49,32.64049092566087,0,88.89,7.278268660674413,0,39.72666666666665,64.95,39.84,32.85,2023,28.21,1,11.64,0.005198019801980219,12,165.68,26.92,28.709166666666665,246.51,2023-01-12 22:00:00,40.4,34.900222629103375,Hourly,38.17,1.2,54.65,8.36,1.24,0.21000000000000085,35.34,8.193600958471572,Siltara,40.61,3,-0.5000000000000004,32.94833333333333,0.8660254037844387,0.96,31.388333333333332,328.36440000000005,0.49999999999999994,68.5248,1.73,1.72,15.563937390694623,0.8660254037844384,1.3521957451991784,28.21,22,21.32
45.32,28.21,33.05580001402074,0,56.36,7.492808319658071,0,38.783333333333324,61.78,33.51,39.84,2023,37.97,1,7.1,-0.12977099236641212,12,165.55,27.09,29.410833333333333,165.68,2023-01-12 23:00:00,40.61,35.02587330650241,Hourly,40.4,1.12,64.95,11.64,0.96,-5.269999999999996,33.02,5.889267356811004,Siltara,35.34,3,-0.25881904510252157,35.285,0.8660254037844387,0.79,29.157083333333333,187.511,0.49999999999999994,57.63719999999999,1.72,1.72,9.693390724194355,0.9659258262890681,2.983862150524847,26.41,23,25.35
30.69,26.41,33.05029231955601,15,51.42,7.521323324086014,1,36.32333333333332,15.525500824888049,10.892029224605231,33.51,2024,39.96,1,3.624921046429413,-0.06564799094510469,1,124.41883046451308,25.535,29.905,165.55,2024-01-01 01:00:00,35.34,34.45276664750172,Hourly,40.61,0.31,61.78,7.1,0.79,-2.3200000000000003,47.69614477717519,3.7426870917385515,Siltara,33.02,0,0.25881904510252074,36.56333333333333,0.8660254037844387,3.6,28.184583333333332,32.71353270151072,0.49999999999999994,20.477014942257835,1.72,1.88,7.8389974010479415,0.9659258262890683,3.8893744141358764,9.02461937308508,1,31.84
19.74,9.02461937308508,35.30350038995896,15,24.94,8.93804392367007,1,38.68538159239173,15.520042422814043,10.889360122554796,10.892029224605231,2024,39.96,1,3.624510959226962,0.44446228883026007,1,124.41397665644894,23.98,31.751762064764602,124.41883046451308,2024-01-01 02:00:00,33.02,38.23658897026557,Hourly,35.34,0.62,15.525500824888049,3.624921046429413,3.6,14.676144777175189,47.69787668002829,5.094413770668826,Siltara,47.69614477717519,0,0.49999999999999994,39.2060241295292,0.8660254037844387,4.25,28.02942269904897,32.70239572163582,0.49999999999999994,19.600848220598635,1.88,1.8,7.382664454795983,0.8660254037844387,7.889295905160877,9.022567758661324,2,38.17
83.72,9.022567758661324,37.21032751150809,15,24.94,9.656721950916348,1,42.80467381906782,15.514584020740044,10.886691020504358,10.889360122554796,2024,39.15,1,3.624100872024511,3.6311170665593825e-05,1,124.4091228483848,22.425,33.728251788100295,124.41397665644894,2024-01-01 03:00:00,47.69614477717519,40.93981403019778,Hourly,33.02,0.42,15.520042422814043,3.624510959226962,4.25,0.00173190285309488,47.6996085828814,6.093823097826976,Siltara,47.69787668002829,0,0.7071067811865476,40.79400357620058,0.8660254037844387,4.14,28.97766756071681,32.69126042444254,0.49999999999999994,18.83397546547254,1.8,1.73,8.364805676587649,0.7071067811865476,8.47377613930394,9.020516144237565,3,40.4
225.86,9.09,38.70632390619305,2,40.61,4.610576817935712,1,38.79999999999999,22.55,16.54,14.52,2024,133.13,1,10.51,0.07396907216494858,1,203.96,45.58428571428571,38.70730158730159,222.8,2024-01-01 22:00:00,38.8,38.352257434668545,Hourly,35.93,0.27,20.65,8.12,4.64,2.8700000000000045,40.182500000000005,3.4477959143004226,Siltara,41.67,0,-0.5000000000000004,36.33166666666666,0.8660254037844387,4.36,40.508709020362446,100.16029999999999,0.49999999999999994,30.1028,1.76,1.82,5.709539010534459,0.8660254037844384,2.87000000000001,9.53,22,32.83
225.86,9.53,38.93342792062489,2,35.34,3.9003285953761924,1,40.217499999999994,29.0,19.78,16.54,2024,88.89,1,12.33,-0.03569714422846165,1,143.74,43.45857142857143,38.107103174603175,203.96,2024-01-01 23:00:00,41.67,38.8751838819061,Hourly,38.8,0.34,22.55,10.51,4.36,-1.4874999999999972,38.695,3.2555753779734022,Siltara,40.182500000000005,0,-0.25881904510252157,37.55708333333333,0.8660254037844387,4.49,40.48199027036245,156.4677,0.49999999999999994,35.9996,1.82,1.82,5.710033659498031,0.9659258262890681,1.4353200862525621,12.69,23,32.83
264.93,12.69,38.89674670206721,0,33.02,3.3705827595764535,0,40.1825,10.18,44.32,19.78,2024,56.36,1,35.92,-0.03701860262552116,2,91.6,41.33285714285714,37.57781746031746,143.74,2024-01-02 01:00:00,40.182500000000005,38.82370277279008,Hourly,41.67,0.47,29.0,12.33,4.49,-1.4875000000000043,35.72,2.289556953138889,Siltara,38.695,1,0.25881904510252074,38.53458333333333,0.8660254037844387,5.5,40.691677770362446,1012.2256,0.49999999999999994,52.297599999999996,1.82,1.18,5.568464986645031,0.9659258262890683,1.4875000000000205,28.18,1,35.93
356.82,27.95,32.28522622204047,0,47.71,5.16310352606061,0,30.36999999999999,10.27,47.97,43.51,2024,24.11,1,38.03,0.24268077601410917,2,183.94,41.67,32.958958333333335,107.71,2024-01-02 10:00:00,28.35,31.033313687128533,Hourly,27.53,1.59,10.28,35.1,5.33,6.8799999999999955,137.97,2.9674163846686845,Siltara,35.23,1,0.49999999999999994,29.41,0.8660254037844387,6.32,35.71015306122449,1208.2131,0.49999999999999994,66.1986,1.15,1.38,6.0969044635712635,-0.8660254037844387,4.2288059780510245,31.77,10,28.34
289.31,31.77,48.5444221878804,0,45.58428571428571,30.854295624359438,0,67.18333333333332,10.5,44.07,47.97,2024,26.52,1,35.47,2.916264547260858,2,205.83,40.182500000000005,40.983958333333334,183.94,2024-01-02 11:00:00,35.23,61.586652633663235,Hourly,28.35,1.72,10.27,38.03,6.32,102.74000000000001,201.1,44.3283965045733,Siltara,137.97,1,0.258819045102521,47.68166666666667,0.8660254037844387,6.18,40.008248299319725,1176.1852,0.49999999999999994,60.37590000000001,1.38,1.37,23.096080591688683,-0.9659258262890682,61.399492940360126,33.16,11,29.67
322.71,33.16,72.01451108205265,0,43.45857142857143,55.55545751462298,0,124.76666666666665,10.2,37.41,44.07,2024,26.92,1,20.08,0.45756323838515617,2,134.98,38.695,54.39374999999999,205.83,2024-01-02 12:00:00,137.97,101.44760902404516,Hourly,35.23,0.83,10.5,35.47,6.18,63.129999999999995,139.16,75.01967439723173,Siltara,201.1,1,1.2246467991473532e-16,76.25333333333333,0.8660254037844387,8.27,47.413758503401354,865.8495999999999,0.49999999999999994,41.5251,1.37,1.11,42.09297200107054,-1.0,83.71953316480767,43.12,12,27.34
312.95,43.12,82.3445863001984,0,41.33285714285714,60.338637170606106,0,159.41,10.22,26.94,37.41,2024,27.09,1,4.54,-0.3080059671805072,2,102.41,35.72,62.76583333333334,134.98,2024-01-02 13:00:00,201.1,112.22257787431798,Hourly,137.97,0.95,10.2,20.08,8.27,-61.94,162.23,74.32434352215967,Siltara,139.16,1,-0.2588190451025208,94.89,0.8660254037844387,9.52,51.9709693877551,194.85680000000002,0.49999999999999994,26.94,1.11,1.0,46.58431257927906,-0.9659258262890683,36.109501519683086,42.92,13,27.53
308.62,35.88,94.11593949865917,0,32.83,69.75529270676205,0,95.47333333333334,10.21,23.41,23.92,2024,20.87,1,6.34,16.394932935916543,2,78.25,29.67,89.58333333333333,73.38,2024-01-02 17:00:00,6.71,104.58181223300656,Hourly,162.99,0.75,10.23,5.04,24.81,110.01,112.49,67.27522538052172,Siltara,116.72,1,-0.9659258262890683,131.48499999999999,0.8660254037844387,18.07,62.44614583333333,218.9836,0.49999999999999994,14.2801,0.63,0.61,55.708309318831425,-0.25881904510252063,80.27717753716394,34.54,17,201.1
283.1,34.54,96.942718037327,0,32.83,67.3439754341301,0,78.64,10.23,24.55,23.41,2024,21.32,1,6.6,-0.036240575736806065,2,79.02,27.34,96.485,78.25,2024-01-02 18:00:00,116.72,106.84129445214754,Hourly,6.71,0.27,10.21,6.34,18.07,-4.230000000000004,102.68,58.02709631427945,Siltara,112.49,1,-1.0,116.71666666666665,0.8660254037844387,11.3,65.76531250000001,232.188,0.49999999999999994,15.957500000000001,0.61,0.65,56.23762787760772,-1.8369701987210297e-16,62.329101549757674,35.18,18,139.16
241.18,35.18,97.82537680081515,0,35.93,63.72644567828862,0,110.63,10.25,30.79,24.55,2024,25.35,1,16.46,-0.08720775180015991,2,82.71,27.53,102.76333333333334,79.02,2024-01-02 19:00:00,112.49,105.6523531801054,Hourly,116.72,0.16,10.23,6.6,11.3,-9.809999999999988,92.94,57.109098983145095,Siltara,102.68,1,-0.9659258262890684,110.63666666666666,0.8660254037844387,8.88,68.67572916666667,575.7708,0.49999999999999994,22.476699999999997,0.65,0.73,56.26648353400241,0.2588190451025203,7.202437087542066,34.98,19,162.23
222.7,34.98,97.07378036992051,0,35.93,59.353764598125444,0,102.70333333333333,10.21,39.55,30.79,2024,31.84,1,30.48,-0.09485781067393853,2,154.23,28.35,108.21416666666666,82.71,2024-01-02 20:00:00,102.68,102.02025227150385,Hourly,112.49,0.26,10.25,16.46,8.88,-9.740000000000009,86.73,51.29982823233101,Siltara,92.94,1,-0.8660254037844386,99.08833333333332,0.8660254037844387,7.29,71.05114583333334,963.4728,0.49999999999999994,37.5725,0.73,0.95,56.026835359704805,0.5000000000000001,9.775020886593326,31.61,20,162.99
322.42,31.61,95.48242954377889,0,38.8,54.39821913166793,0,94.11666666666667,10.47,69.49,39.55,2024,38.17,1,75.01,-0.06681730148482885,2,183.91,35.23,113.07916666666665,154.23,2024-01-02 21:00:00,92.94,97.6516087653599,Hourly,102.68,0.19,10.21,30.48,7.29,-6.209999999999994,87.32,40.64087273505168,Siltara,86.73,1,-0.7071067811865477,86.37833333333333,0.8660254037844387,7.73,73.1678125,1985.5147,0.49999999999999994,98.67579999999998,0.95,1.42,55.60026171599588,0.7071067811865474,8.03984037984193,26.47,21,6.71
224.05,26.47,94.22667115242828,0,41.67,49.47704389640984,0,88.99666666666667,10.15,79.48,69.49,2024,40.4,1,89.95,0.006802721088435249,2,183.91,137.97,117.42,183.91,2024-01-02 22:00:00,86.73,94.69972054668564,Hourly,92.94,0.37,10.47,75.01,7.73,0.5899999999999892,95.61,12.878281976516321,Siltara,87.32,1,-0.5000000000000004,99.81333333333333,0.8660254037844387,7.83,75.18947916666667,1229.6165,0.49999999999999994,127.168,1.42,1.6,55.176789376133975,0.8660254037844384,3.4277446423759907,13.67,22,116.72
225.19,13.67,94.43949097513162,0,40.182500000000005,49.38862530067933,0,89.88666666666666,10.27,85.07,79.48,2024,40.61,1,99.65,0.09493815849748061,2,140.92,201.1,113.89,183.91,2024-01-02 23:00:00,87.32,94.95980039048975,Hourly,86.73,0.39,10.15,89.95,7.83,8.290000000000006,86.61,9.867232134697087,Siltara,95.61,1,-0.25881904510252157,96.295,0.8660254037844387,8.19,77.43697916666666,1237.653,0.49999999999999994,135.2613,1.6,1.59,54.84967916843261,0.9659258262890681,4.965323084486771,12.42,23,112.49
28.58,12.42,93.23495390203445,0,38.695,41.42669724582158,0,89.84666666666665,11.98,74.02,85.07,2024,35.34,1,64.16,-0.09413241292751805,3,111.5,139.16,104.34916666666665,140.92,2024-01-03 01:00:00,95.61,92.57414313606411,Hourly,87.32,0.48,10.27,99.65,8.19,-9.0,73.62,6.42967313840027,Siltara,86.61,2,0.25881904510252074,91.98166666666667,0.8660254037844387,4.87,79.37145833333334,2721.6672,0.49999999999999994,85.12299999999999,1.59,1.15,54.29454415458996,0.9659258262890683,5.003801887898564,42.42,1,102.68
342.0,42.42,90.21726868633684,0,35.72,40.734633047880095,0,85.27999999999999,11.97,68.82,74.02,2024,33.02,1,58.04,-0.14998268098372006,3,127.29,162.23,98.8875,111.5,2024-01-03 02:00:00,86.61,87.15867366861723,Hourly,95.61,0.5,11.98,64.16,4.87,-12.989999999999995,59.82,7.598061375552745,Siltara,73.62,2,0.49999999999999994,87.13833333333334,0.8660254037844387,4.31,80.82666666666667,2378.4791999999998,0.49999999999999994,75.0138,1.15,1.09,53.6207799325944,0.8660254037844387,11.055166213133306,40.98,2,92.94
234.85,40.98,85.54076581151578,0,31.64,36.79479566295725,0,73.35000000000001,11.94,61.88,68.82,2024,47.69614477717519,1,49.95,-0.18744906275468629,3,93.31,162.99,90.35333333333334,127.29,2024-01-03 03:00:00,73.62,79.3476240490123,Hourly,86.61,0.43,11.97,58.04,4.31,-13.800000000000004,50.15,12.794235290421506,Siltara,59.82,2,0.7071067811865476,81.61833333333333,0.8660254037844387,4.12,81.83083333333333,2002.9950000000001,0.49999999999999994,63.1176,1.09,1.02,52.96093440630003,0.7071067811865476,13.397040718009524,40.1,3,86.73
64.46,40.1,80.09603260974413,0,31.14,30.40869702150098,0,61.19666666666666,11.94,61.56,61.88,2024,47.69787668002829,1,49.92,-0.16165162153126048,3,129.11,6.71,80.95,93.31,2024-01-03 04:00:00,59.82,71.0054457492945,Hourly,73.62,0.19,11.94,49.95,4.12,-9.670000000000002,46.95,17.66110462758963,Siltara,50.15,2,0.8660254037844386,75.52166666666666,0.8660254037844387,4.0,82.60208333333334,1972.8384000000003,0.49999999999999994,64.638,1.02,1.05,52.3292555949652,0.5000000000000001,11.795407298323328,39.52,4,87.32
98.9025,39.52,74.9966429774758,8,28.34,22.725759646602356,1,52.30666666666667,11.93875,57.57125,61.56,2024,47.6996085828814,1,44.510000000000005,-0.0638085742771684,3,126.94555555555556,116.72,84.30333333333333,129.11,2024-01-03 05:00:00,50.15,64.13246124949607,Hourly,59.82,0.255,11.94,49.92,4.0,-3.1999999999999957,44.04111111111112,19.82468024122126,Siltara,46.95,2,0.9659258262890683,68.79333333333334,0.8660254037844387,7.03625,83.26083333333334,1780.8451000000005,0.49999999999999994,57.931070312500005,1.05,1.00625,51.74955701693768,0.25881904510252074,6.700569627527172,40.010000000000005,5,95.61
265.71,59.76,39.10386422580105,0,102.68,5.1394824024452035,0,30.89,12.14,68.15,64.7,2024,32.83,1,47.26,-0.002284595300261106,3,224.93,38.223333333333336,30.77047619047619,102.65,2024-01-03 19:00:00,30.64,30.79394235640904,Hourly,31.46,0.46,12.02,33.15,15.25,-0.07000000000000028,38.22,4.328581368839756,Siltara,30.57,2,-0.9659258262890684,29.528333333333332,0.8660254037844387,9.89,56.99982456140351,2571.8892,0.49999999999999994,68.15,0.78,1.0,27.2592773028907,0.2588190451025203,0.49487372126630697,54.42,19,20.77
231.3,49.57,56.65555780883899,0,73.62,21.159135339926255,0,73.65333333333334,11.93,35.84,38.87,2024,38.695,1,15.05,0.4188194770627839,4,165.17,20.77,46.12083333333334,165.17,2024-01-04 02:00:00,63.87,65.39562792134987,Hourly,66.47,0.37,11.91,15.08,46.15,26.750000000000007,98.1,17.477890795707207,Siltara,90.62,3,0.49999999999999994,62.71333333333333,0.8660254037844387,26.05,47.75719298245614,659.491,0.49999999999999994,32.97280000000001,0.99,0.92,18.144938587574448,0.8660254037844387,14.750960420709296,43.82,2,38.22
239.59,43.82,63.031625838248374,0,59.82,24.281756526247925,0,84.19666666666667,11.92,36.36,35.84,2024,35.72,1,15.95,0.08254248510262624,4,162.49,31.9,52.565,165.17,2024-01-04 03:00:00,90.62,74.73973422953563,Hourly,63.87,0.86,11.93,15.05,26.05,7.47999999999999,98.1,17.788050670792085,Siltara,98.1,3,0.7071067811865476,72.69333333333333,0.8660254037844387,24.37,49.045614035087716,703.8735,0.49999999999999994,38.178000000000004,0.92,1.05,20.76357817918165,0.7071067811865476,17.996322772536935,44.13,3,51.53
226.61,44.13,68.4267603246717,0,50.15,26.572082695714,0,95.60666666666667,11.92,37.84,36.36,2024,31.64,1,15.58,0.0,4,154.65,31.83,58.08166666666667,162.49,2024-01-04 04:00:00,98.1,81.41409587823973,Hourly,90.62,0.48,11.92,15.95,24.37,0.0,80.26,16.8417632687317,Siltara,98.1,3,0.8660254037844386,80.455,0.8660254037844387,30.36,51.06035087719299,742.8544,0.49999999999999994,43.8944,1.05,1.16,23.53884789214497,0.5000000000000001,4.318580013538093,47.68,4,65.57
230.08,47.68,70.24725873626068,0,46.95,25.891564833849646,0,92.15333333333332,11.92,35.26,37.84,2024,31.14,1,15.16,-0.1818552497451579,4,153.86,31.46,62.1175,154.65,2024-01-04 05:00:00,98.1,81.08435419874267,Hourly,98.1,0.66,11.92,15.58,30.36,-17.83999999999999,75.52,15.23636264554854,Siltara,80.26,3,0.9659258262890683,82.90333333333334,0.8660254037844387,24.65,52.645087719298246,658.8536,0.49999999999999994,37.3756,1.16,1.06,24.46933094652629,0.25881904510252074,10.299928802342802,43.46,5,66.47
239.33,43.46,71.05844969991287,0,44.04111111111112,24.21884219826018,0,84.62666666666667,11.92,35.79,35.26,2024,28.34,1,15.47,-0.059058061300772596,4,153.86,30.64,65.78916666666667,153.86,2024-01-04 06:00:00,80.26,79.49453871338763,Hourly,98.1,0.88,11.92,15.16,24.65,-4.740000000000009,80.23,13.649487047748972,Siltara,75.52,3,1.0,84.41166666666666,0.8660254037844387,30.25,54.14877192982457,666.4476,0.49999999999999994,36.8637,1.06,1.03,24.972578467074957,6.123233995736766e-17,11.906508024325664,43.08,6,63.87
230.33,43.08,72.46945743838782,0,41.13222222222223,21.784520289471846,0,78.67,11.92,37.76,35.79,2024,29.67,1,16.66,0.06236758474576282,4,153.19,30.57,69.92166666666667,153.86,2024-01-04 07:00:00,75.52,79.70467050956259,Hourly,80.26,0.9,11.92,15.47,30.25,4.710000000000008,80.23,9.823039074882429,Siltara,80.23,3,0.9659258262890683,87.13833333333332,0.8660254037844387,32.14,56.053450292397656,752.3656,0.49999999999999994,38.8928,1.03,1.03,25.5326279407415,-0.25881904510252063,2.7280212609139753,45.16,7,90.62
239.71,45.16,73.66338706325124,0,38.223333333333336,18.021242515935707,0,78.66000000000001,11.94,40.42,37.76,2024,27.34,1,18.98,0.0,4,160.65,38.22,74.06,153.19,2024-01-04 08:00:00,80.23,79.85476464968757,Hourly,75.52,1.08,11.92,16.66,32.14,0.0,76.03,10.000715307750088,Siltara,80.23,3,0.8660254037844387,85.40666666666665,0.8660254037844387,27.46,58.111228070175436,883.8986,0.49999999999999994,41.632600000000004,1.03,1.03,25.836967037406318,-0.4999999999999998,2.7193197678828946,46.57,8,98.1
255.57,44.47,67.16260452177835,0,20.77,14.447503401814505,0,57.79666666666666,11.92,24.05,28.48,2024,139.16,1,4.54,-0.1994464625497319,4,70.26,98.1,75.865,80.34,2024-01-04 14:00:00,57.81,63.01398411929867,Hourly,69.3,1.41,11.92,5.46,44.79,-11.530000000000001,38.84,11.861210168725064,Siltara,46.28,3,-0.4999999999999997,66.32333333333332,0.8660254037844387,34.95,60.992916666666666,169.70520000000002,0.49999999999999994,11.3035,0.56,0.47,23.339764254829657,-0.8660254037844388,11.510005792063444,37.38,14,76.03
258.3,37.38,62.80528074919707,0,31.9,16.18035752685817,0,47.64333333333334,11.91,22.53,24.05,2024,162.23,1,3.97,-0.16076058772687982,4,61.71,98.1,70.92666666666666,70.26,2024-01-04 15:00:00,46.28,56.107131513784765,Hourly,57.81,1.36,11.92,4.54,34.95,-7.439999999999998,33.72,15.060144421618283,Siltara,38.84,3,-0.7071067811865471,60.125,0.8660254037844387,42.15,61.74583333333334,140.3792,0.49999999999999994,10.5891,0.47,0.47,22.251906790140726,-0.7071067811865479,9.558202411192974,35.36,15,74.55
252.5,35.36,58.33062217239752,0,31.83,17.003718755470423,0,39.61333333333334,11.92,21.64,22.53,2024,162.99,1,4.49,-0.1318228630278065,4,90.83,80.26,65.56166666666667,61.71,2024-01-04 16:00:00,38.84,49.71080822413198,Hourly,46.28,1.43,11.91,3.97,42.15,-5.1200000000000045,34.58,16.403261870737797,Siltara,33.72,3,-0.8660254037844385,53.31999999999999,0.8660254037844387,46.41,61.821666666666665,150.1456,0.49999999999999994,9.954400000000001,0.47,0.46,22.14863302616091,-0.5000000000000004,6.315610289856089,33.44,16,73.97
271.92,33.44,54.67668029972098,0,31.46,18.464523970428527,0,35.71333333333333,11.93,26.68,21.64,2024,6.71,1,5.61,0.025504151838671395,4,90.83,75.52,61.755,90.83,2024-01-04 17:00:00,33.72,45.387720160094275,Hourly,38.84,1.05,11.92,4.49,46.41,0.8599999999999994,35.7,14.223253847133593,Siltara,34.58,3,-0.9659258262890683,46.755,0.8660254037844387,48.53,61.93625,232.02960000000002,0.49999999999999994,51.2256,0.46,1.92,21.99329736088605,-0.25881904510252063,2.7417026340098523,41.36,17,69.3
267.45,41.36,51.75719102284083,0,30.64,19.323976785016647,0,34.666666666666664,11.94,39.27,26.68,2024,116.72,1,14.33,0.03238866396761147,4,143.58,80.23,58.43666666666667,90.83,2024-01-04 18:00:00,34.58,42.619800114353055,Hourly,33.72,1.05,11.93,5.61,48.53,1.1200000000000045,39.42,9.3517992921149,Siltara,35.7,3,-1.0,41.155,0.8660254037844387,79.49,62.11291666666667,816.9533,0.49999999999999994,44.7678,1.92,1.14,21.75356831881746,-1.8369701987210297e-16,0.9928410413236755,57.01,18,57.81
242.57,57.01,49.85916163471147,0,30.57,18.72157989561409,0,36.56666666666667,11.92,31.87,39.27,2024,112.49,1,5.72,0.10420168067226887,4,152.42,80.23,55.035833333333336,143.58,2024-01-04 19:00:00,35.7,41.705571510252184,Hourly,34.58,0.83,11.94,14.33,79.49,3.719999999999999,47.33,4.615985268607426,Siltara,39.42,3,-0.9659258262890684,38.09,0.8660254037844387,72.09,62.47875,289.0888,0.49999999999999994,32.188700000000004,1.14,1.01,21.269717054699292,0.2588190451025203,2.533719268848951,50.54,19,46.28
234.29,50.54,49.47005984475586,0,38.22,17.029135705571502,0,40.81666666666667,11.93,35.79,31.87,2024,102.68,1,5.1,0.2006595636732622,4,192.51,76.03,52.29416666666666,152.42,2024-01-04 20:00:00,39.42,43.31255107875156,Hourly,35.7,0.59,11.92,5.72,72.09,7.909999999999997,68.47,4.99308221442435,Siltara,47.33,3,-0.8660254037844386,38.265,0.8660254037844387,77.9,63.177083333333336,301.563,0.49999999999999994,34.7163,1.01,0.97,20.435297782783195,0.5000000000000001,5.939464061119989,59.13,20,38.84
229.18,59.13,52.39312756094726,0,51.53,16.19037618650624,0,51.74,11.92,32.93,35.79,2024,92.94,1,6.48,0.44665117261779,4,235.64,74.55,51.66416666666667,192.51,2024-01-04 21:00:00,47.33,50.500393627679685,Hourly,39.42,0.67,11.93,5.1,77.9,21.14,81.06,13.344234210574518,Siltara,68.47,3,-0.7071067811865477,43.20333333333334,0.8660254037844387,64.43,64.4375,343.89360000000005,0.49999999999999994,31.9421,0.97,0.97,19.750468844187637,0.7071067811865474,15.018711662456317,53.07,21,33.72
227.48,53.07,56.80341562849384,0,65.57,17.109893646836117,0,65.62,11.91,32.14,32.93,2024,86.73,1,8.17,0.18387615013874695,4,235.64,73.97,52.20666666666667,235.64,2024-01-04 22:00:00,68.47,59.23170973405692,Hourly,47.33,0.75,11.92,6.48,64.43,12.590000000000003,84.54,19.287425610139554,Siltara,81.06,3,-0.5000000000000004,51.093333333333334,0.8660254037844387,52.57,65.66791666666667,386.441,0.49999999999999994,33.747,0.97,1.05,19.831061709210168,0.8660254037844384,17.044650187082162,47.3,22,34.58
234.23,47.3,61.07058245487941,0,66.47,18.544110618639714,0,78.02333333333334,11.91,39.53,32.14,2024,87.32,1,8.89,0.042931162102146606,4,230.79,69.3,53.0875,235.64,2024-01-04 23:00:00,81.06,66.46264981004066,Hourly,68.47,0.81,11.91,8.17,52.57,3.480000000000004,102.0,21.400995303957252,Siltara,84.54,3,-0.25881904510252157,59.42000000000001,0.8660254037844387,53.94,66.45833333333333,536.3337,0.49999999999999994,52.970200000000006,1.05,1.34,20.201576491789748,0.9659258262890681,8.45442093424098,60.33,23,35.7
205.64,60.33,67.3674159233595,0,63.87,23.008307639948846,0,89.2,11.89,79.57,39.53,2024,95.61,1,20.05,0.2065294535131298,5,184.8,57.81,55.8125,230.79,2024-01-05 00:15:00,84.54,76.61617843574332,Hourly,81.06,0.32,11.91,8.89,53.94,17.459999999999994,71.86,23.697324743523268,Siltara,102.0,4,0.0,70.47000000000001,0.8660254037844387,79.31,67.93875,1089.9180000000001,0.49999999999999994,95.484,1.34,1.2,21.46483034752045,1.0,11.220855582351893,54.36,0,39.42
201.78,54.36,68.05858270438111,0,90.62,23.472007441489033,0,86.13333333333334,11.91,52.14,79.57,2024,86.61,1,10.78,-0.29549019607843136,5,179.68,46.28,56.98333333333334,184.8,2024-01-05 00:30:00,102.0,75.25727031124524,Hourly,84.54,0.49,11.89,20.05,79.31,-30.14,73.66,18.27705300825783,Siltara,71.86,4,0.0,75.87666666666667,0.8660254037844387,77.76,68.27166666666666,445.8608,0.49999999999999994,60.4824,1.2,1.16,21.460942413495523,1.0,15.13304111318446,41.36,0,47.33
214.93,41.36,68.9203392113994,0,98.1,23.666939541747066,0,82.50666666666666,11.91,46.32,52.14,2024,73.62,1,10.6,0.02504870581686609,5,173.29,38.84,59.26499999999999,179.68,2024-01-05 00:45:00,71.86,74.80090736517516,Hourly,102.0,0.57,11.91,10.78,77.76,1.7999999999999972,76.01,12.204179202224124,Siltara,73.66,4,0.0,80.265,0.8660254037844387,47.14,67.565,378.63199999999995,0.49999999999999994,44.9304,1.16,0.97,20.96659682945004,1.0,16.9056952928098,35.72,0,68.47
216.7,35.72,70.01105625579949,0,98.1,23.178055109010934,0,73.84333333333333,11.92,46.12,46.32,2024,59.82,1,10.31,0.03190333966874842,5,173.29,33.72,62.36249999999999,173.29,2024-01-05 01:00:00,73.66,75.14636240369654,Hourly,71.86,0.49,11.91,10.6,47.14,2.3500000000000085,76.01,11.083480349902121,Siltara,76.01,4,0.25881904510252074,81.52166666666666,0.8660254037844387,42.29,66.64458333333333,369.20110000000005,0.49999999999999994,42.8916,0.97,0.93,20.031885447991616,0.9659258262890683,2.08106543225628,35.81,1,81.06
217.12,35.81,70.93397067798418,0,80.26,21.587599695335406,0,75.22666666666667,11.91,45.86,46.12,2024,50.15,1,10.66,0.0,5,173.29,34.58,65.88666666666667,173.29,2024-01-05 01:15:00,76.01,75.39311600264038,Hourly,73.66,0.5,11.92,10.31,42.29,0.0,76.01,11.314880467773392,Siltara,76.01,4,0.25881904510252074,80.68,0.8660254037844387,33.21,65.72416666666668,375.33860000000004,0.49999999999999994,41.274,0.93,0.9,19.00491216059399,0.9659258262890683,1.3567731325950976,35.21,1,84.54
216.97,35.21,71.71489826598662,0,75.52,19.319341442913217,0,76.01,11.91,49.17,45.86,2024,46.95,1,10.89,0.0,5,173.06,35.7,69.33916666666667,173.29,2024-01-05 01:30:00,76.01,75.56936857331456,Hourly,76.01,0.51,11.91,10.66,33.21,0.0,76.74,11.26867413082243,Siltara,76.01,4,0.25881904510252074,79.25833333333334,0.8660254037844387,41.82,65.54708333333333,416.86920000000003,0.49999999999999994,45.2364,0.9,0.92,18.882991076436035,0.9659258262890683,0.0,38.28,1,102.0
225.13,38.28,72.48799084045021,0,80.23,16.204456434367653,0,76.25333333333333,11.91,50.62,49.17,2024,44.04111111111112,1,10.42,0.009603999473753318,5,172.77,39.42,72.75916666666667,173.06,2024-01-05 01:45:00,76.01,75.90383469522469,Hourly,76.01,0.51,11.91,10.89,41.82,0.7299999999999898,77.69,1.8830338995002054,Siltara,76.74,4,0.25881904510252074,75.04833333333333,0.8660254037844387,51.75,65.59791666666668,418.884,0.49999999999999994,46.0642,0.92,0.91,18.912624488321054,0.9659258262890683,0.42146569650666044,40.2,1,71.86
217.26,40.2,73.2882999419194,0,80.23,12.355315994879284,0,76.81333333333333,11.91,52.31,50.62,2024,41.13222222222223,1,11.56,0.012379463122230948,5,172.77,47.33,75.94833333333334,172.77,2024-01-05 02:00:00,76.74,76.4141676394462,Hourly,76.01,0.77,11.91,10.42,51.75,0.9500000000000028,77.69,1.3324563782729308,Siltara,77.69,4,0.49999999999999994,76.02,0.8660254037844387,50.48,65.49208333333334,470.9544,0.49999999999999994,48.648300000000006,0.91,0.93,18.83412859196968,0.8660254037844387,0.8423973725812686,40.74,2,73.66
222.57,40.74,73.9654845662395,0,76.03,8.45526068984986,0,77.37333333333333,11.91,52.0,52.31,2024,38.223333333333336,1,12.16,0.0,5,172.77,68.47,78.47833333333334,172.77,2024-01-05 02:15:00,77.69,76.778691171033,Hourly,76.74,0.48,11.91,11.56,50.48,0.0,77.69,0.8233690950399073,Siltara,77.69,4,0.49999999999999994,76.69166666666666,0.8660254037844387,40.09,65.38625,484.4544,0.49999999999999994,48.879999999999995,0.93,0.94,18.754680995397916,0.8660254037844387,0.5484827557287532,39.84,2,76.01
211.6,45.91,81.47008901401564,0,38.84,5.221132685073121,0,87.54,11.92,57.06,56.71,2024,20.77,1,11.58,-0.005473204104903124,5,172.56,76.01,80.84916666666668,173.12,2024-01-05 03:45:00,87.7,85.15892297892368,Hourly,87.7,0.45,11.93,10.8,35.01,-0.480000000000004,86.58,4.220311204954738,Siltara,87.22,4,0.7071067811865476,85.00666666666667,0.8660254037844387,33.89,70.05708333333334,526.6583999999999,0.49999999999999994,47.9304,0.86,0.84,20.061302025274532,0.7071067811865476,0.2771281292070015,45.48,3,77.69
218.09,45.48,82.25622916570555,0,33.72,5.222129485528276,0,87.16666666666667,11.92,56.31,57.06,2024,31.9,1,11.84,-0.0073377665673010845,5,172.56,76.01,81.73,172.56,2024-01-05 04:00:00,87.22,85.5649449849455,Hourly,87.7,0.37,11.92,11.58,33.89,-0.6400000000000006,86.58,2.2282227596599102,Siltara,86.58,4,0.8660254037844386,86.48833333333334,0.8660254037844387,25.01,72.04625,526.5248,0.49999999999999994,53.4945,0.84,0.95,19.178817529968693,0.5000000000000001,0.5619015334835314,44.47,4,82.03
210.05,44.47,82.92142467867393,0,34.58,5.058482449999927,0,86.79333333333334,11.92,58.05,56.31,2024,31.83,1,11.92,0.0,5,172.56,76.01,82.61083333333333,172.56,2024-01-05 04:15:00,86.58,85.8549607035325,Hourly,87.22,0.48,11.92,11.84,25.01,0.0,86.58,0.5488412035064295,Siltara,86.58,4,0.8660254037844386,87.24666666666667,0.8660254037844387,25.6,74.24875,549.8696,0.49999999999999994,55.727999999999994,0.95,0.96,17.5523146776568,0.5000000000000001,0.36950417227844545,46.13,4,87.7
216.85,46.13,83.4842824204164,0,35.7,4.713072407160662,0,86.58,11.91,71.4,58.05,2024,31.46,1,19.12,0.0,5,173.03,76.74,83.49166666666666,172.56,2024-01-05 04:30:00,86.58,86.0621147882375,Hourly,86.58,0.56,11.92,11.92,25.6,0.0,90.32,0.5542562584217942,Siltara,86.58,4,0.8660254037844386,87.06,0.8660254037844387,21.43,76.41541666666667,999.5936,0.49999999999999994,71.4,0.96,1.0,15.536366308751791,0.5000000000000001,0.0,52.28,4,87.7
223.26,52.28,84.53593127881388,0,39.42,4.572811614378388,0,87.82666666666667,11.91,69.38,71.4,2024,30.64,1,22.52,0.043197043197043136,5,173.64,77.69,84.62333333333333,173.03,2024-01-05 04:45:00,86.58,87.27865342016963,Hourly,86.58,0.44,11.91,19.12,21.43,3.739999999999995,95.21,1.4567040422358852,Siltara,90.32,4,0.8660254037844386,87.49666666666667,0.8660254037844387,23.6,78.69125,1055.0620000000001,0.49999999999999994,71.4614,1.0,1.03,13.126468220156932,0.5000000000000001,2.159290006768676,46.85,4,87.7
213.68,46.85,86.17809569745789,0,47.33,4.9400392588294135,0,90.70333333333333,11.92,65.19,69.38,2024,30.57,1,18.03,0.054140832595217014,5,173.64,77.69,86.08333333333333,173.64,2024-01-05 05:00:00,90.32,89.54475244297831,Hourly,86.58,0.49,11.91,22.52,23.6,4.890000000000001,95.21,3.483219296378898,Siltara,95.21,4,0.9659258262890683,88.74833333333333,0.8660254037844387,21.64,81.01583333333333,850.2948,0.49999999999999994,74.96849999999999,1.03,1.15,10.558214159217028,0.25881904510252074,4.327751533224935,47.16,5,87.22
218.69,47.16,87.56761943631052,0,68.47,4.821473432530168,0,93.58,11.93,64.82,65.19,2024,38.22,1,17.14,0.0,5,173.64,77.69,87.54333333333334,173.64,2024-01-05 05:15:00,95.21,91.16339460212737,Hourly,90.32,0.49,11.92,18.03,21.64,0.0,95.21,4.229453865453504,Siltara,95.21,4,0.9659258262890683,90.08,0.8660254037844387,19.53,83.01083333333334,817.2352000000001,0.49999999999999994,70.6538,1.15,1.09,8.169837908384835,0.25881904510252074,2.82324281633677,47.68,5,86.58
225.54,47.68,88.74337029226275,0,81.06,4.175938290498194,0,95.21,11.93,65.64,64.82,2024,51.53,1,15.51,0.0,5,164.57,82.03,89.00333333333333,173.64,2024-01-05 05:30:00,95.21,92.31956757294812,Hourly,95.21,0.5,11.93,17.14,19.53,0.0,91.66,4.268383378595015,Siltara,95.21,4,0.9659258262890683,91.51833333333332,0.8660254037844387,17.42,84.125,777.5163,0.49999999999999994,70.2348,1.09,1.07,7.9201306532925155,0.25881904510252074,0.0,50.13,5,86.58
227.68,50.13,89.19208255499157,0,84.54,3.599564262348481,0,94.02666666666666,11.93,63.51,65.64,2024,65.57,1,15.85,-0.03728599936981407,5,152.71,87.7,89.80583333333334,164.57,2024-01-05 05:45:00,95.21,92.13111969496293,Hourly,95.21,0.42,11.93,15.51,17.42,-3.549999999999997,87.02,3.533478456139149,Siltara,91.66,4,0.9659258262890683,92.365,0.8660254037844387,19.09,84.56666666666666,755.411,0.49999999999999994,64.7802,1.07,1.02,8.036479689335854,0.25881904510252074,2.049593455622467,47.66,5,86.58
224.37,47.66,88.8579160080698,0,102.0,3.640845202403869,0,91.29666666666667,11.93,61.59,63.51,2024,66.47,1,17.75,-0.05062186340824788,5,152.71,87.7,89.74916666666667,152.71,2024-01-05 06:00:00,91.66,90.67079978211638,Hourly,95.21,0.39,11.93,15.85,19.09,-4.640000000000001,87.02,3.3911025738933582,Siltara,87.02,4,1.0,92.43833333333333,0.8660254037844387,22.87,84.67,778.1600000000001,0.49999999999999994,62.20590000000001,1.02,1.01,8.052050778474802,6.123233995736766e-17,4.107071138089846,43.84,6,90.32
216.3,43.84,88.57515969913598,0,71.86,3.6807117024227964,0,88.56666666666666,11.92,62.73,61.59,2024,63.87,1,18.66,0.0,5,152.71,87.7,89.6925,152.71,2024-01-05 06:15:00,87.02,89.62771413008312,Hourly,91.66,0.32,11.93,17.75,22.87,0.0,87.02,4.013823198232098,Siltara,87.02,4,1.0,91.88833333333332,0.8660254037844387,25.52,84.04583333333333,822.1596000000001,0.49999999999999994,62.73,1.01,1.0,7.184102568181447,6.123233995736766e-17,2.6789052490393943,44.06,6,95.21
237.55,44.06,88.33590436080736,0,73.66,3.719209247169471,0,87.02,11.91,60.97,62.73,2024,90.62,1,19.04,0.0,5,151.96,87.22,89.63583333333332,152.71,2024-01-05 06:30:00,87.02,88.88265295005937,Hourly,87.02,0.45,11.92,18.66,25.52,0.0,90.66,4.050721746388676,Siltara,87.02,4,1.0,90.52333333333333,0.8660254037844387,24.71,84.6775,798.3471999999999,0.49999999999999994,58.5312,1.0,0.96,6.717387076121268,6.123233995736766e-17,0.0,41.93,6,95.21
249.24,41.93,88.69345753606777,0,76.01,3.647966120754184,0,88.23333333333333,11.92,55.89,60.97,2024,98.1,1,16.49,0.04182946449092163,5,150.99,86.58,89.9225,151.96,2024-01-05 06:45:00,87.02,89.39046639289954,Hourly,87.02,0.35,11.91,19.04,24.71,3.6400000000000006,95.42,3.3658624451987733,Siltara,90.66,4,1.0,89.76499999999999,0.8660254037844387,26.52,85.38583333333332,649.7059999999999,0.49999999999999994,49.1832,0.96,0.88,6.393607484564003,6.123233995736766e-17,2.1015549798496442,39.4,6,95.21
232.17,39.4,89.72831022282658,0,76.01,3.8009842226184842,0,91.03333333333335,11.93,67.84,55.89,2024,98.1,1,21.76,0.05250386057798374,5,150.99,86.58,90.65916666666668,150.99,2024-01-05 07:00:00,90.66,91.11319028064253,Hourly,87.02,0.43,11.92,16.49,26.52,4.760000000000005,95.42,3.434204420240515,Siltara,95.42,4,0.9659258262890683,89.8,0.8660254037844387,38.67,86.19458333333334,1002.7008000000001,0.49999999999999994,72.5888,0.88,1.07,6.383672773546294,-0.25881904510252063,4.212426062654465,46.08,7,91.66
231.87,46.08,90.6039548039302,0,76.01,3.7951654852713235,0,93.83333333333333,11.92,67.01,67.84,2024,80.26,1,23.07,0.0,5,150.99,86.58,91.39583333333333,150.99,2024-01-05 07:15:00,95.42,92.3437073433161,Hourly,90.66,0.57,11.93,21.76,38.67,0.0,95.42,4.11673009397825,Siltara,95.42,4,0.9659258262890683,90.42666666666666,0.8660254037844387,52.94,87.00333333333333,1013.6958,0.49999999999999994,69.69040000000001,1.07,1.04,6.265725029470538,-0.25881904510252063,2.7481872813420707,43.94,7,87.02
237.52,43.94,91.34488483409478,0,76.74,3.629746109326457,0,95.42,11.93,66.55,67.01,2024,75.52,1,21.97,0.0,5,158.75,90.32,92.1325,150.99,2024-01-05 07:30:00,95.42,93.22264810236864,Hourly,95.42,0.63,11.92,23.07,52.94,0.0,94.39,4.154643987956874,Siltara,95.42,4,0.9659258262890683,91.82666666666667,0.8660254037844387,57.54,87.81208333333332,979.4225999999999,0.49999999999999994,65.219,1.04,0.98,6.033432925153375,-0.25881904510252063,0.0,44.58,7,87.02
240.62,44.58,91.81336409038789,0,77.69,3.635136194354198,0,95.07666666666667,11.92,63.99,66.55,2024,80.23,1,22.58,-0.010794382728987644,5,168.9,95.21,92.47166666666668,158.75,2024-01-05 07:45:00,95.42,93.5561772159776,Hourly,95.42,0.68,11.93,21.97,57.54,-1.0300000000000011,93.04,3.4847998507804667,Siltara,94.39,4,0.9659258262890683,93.05499999999999,0.8660254037844387,51.74,88.5475,935.0377999999998,0.49999999999999994,63.99,0.98,1.0,5.691148925038109,-0.25881904510252063,0.5946707772626568,41.41,7,87.02
236.9,41.41,92.0020773072513,0,77.69,3.539240951834202,0,94.28333333333335,11.91,56.48,63.99,2024,80.23,1,20.73,-0.014302362538404431,5,168.9,95.21,92.29083333333334,168.9,2024-01-05 08:00:00,94.39,93.40869801141258,Hourly,95.42,0.77,11.92,22.58,51.74,-1.3499999999999943,93.04,1.9109203716184169,Siltara,93.04,4,0.8660254037844387,94.05833333333334,0.8660254037844387,36.51,89.18708333333332,741.0975,0.49999999999999994,53.65599999999999,1.0,0.95,5.264444707632135,-0.4999999999999998,1.1935800489829986,35.75,8,90.66
235.55,35.75,92.16175772152033,0,77.69,3.430290207705413,0,93.49000000000001,11.91,57.87,56.48,2024,76.03,1,18.53,0.0,5,168.9,95.21,92.11,168.9,2024-01-05 08:15:00,93.04,93.30335572243757,Hourly,94.39,0.67,11.91,20.73,36.51,0.0,93.04,1.166391872399503,Siltara,93.04,4,0.8660254037844387,94.455,0.8660254037844387,56.02,89.82666666666665,728.9702000000001,0.49999999999999994,56.712599999999995,0.95,0.98,4.710188463567528,-0.4999999999999998,0.7794228634040787,39.34,8,95.42
243.18,39.34,92.29687191820952,0,82.03,3.306993851418847,0,93.04,11.91,53.49,57.87,2024,74.55,1,16.27,0.0,5,170.07,91.66,91.92916666666667,168.9,2024-01-05 08:30:00,93.04,93.22811123031255,Hourly,93.04,0.79,11.91,18.53,56.02,0.0,86.33,1.177224136121185,Siltara,93.04,4,0.8660254037844387,94.05833333333334,0.8660254037844387,43.74,90.46624999999999,605.5694,0.49999999999999994,50.2806,0.98,0.94,3.975382740666405,-0.4999999999999998,0.0,37.22,8,95.42
239.94,37.22,91.37889162310036,0,87.7,3.682996556657679,0,90.80333333333334,11.91,53.53,53.49,2024,73.97,1,16.65,-0.07211951848667247,5,171.61,87.02,91.48500000000001,170.07,2024-01-05 08:45:00,93.04,91.2572223073661,Hourly,93.04,1.18,11.91,16.27,43.74,-6.710000000000008,77.57,3.194712297948946,Siltara,86.33,4,0.8660254037844387,92.54333333333334,0.8660254037844387,33.49,90.64541666666668,614.052,0.49999999999999994,50.8535,0.94,0.95,3.6632855046271655,-0.4999999999999998,3.874020306262041,36.88,8,95.42
236.81,36.88,89.25444675800799,0,87.7,5.3551863137088045,0,85.64666666666666,11.91,54.82,53.53,2024,69.3,1,17.37,-0.10147109927024216,5,171.61,87.02,90.6975,171.61,2024-01-05 09:00:00,86.33,87.34658736240435,Hourly,93.04,1.39,11.91,16.65,33.49,-8.760000000000005,77.57,6.539918704897349,Siltara,77.57,4,0.7071067811865476,89.56833333333333,0.8660254037844387,31.17,90.22333333333331,650.5065000000001,0.49999999999999994,46.597,0.95,0.85,4.504430347294645,-0.7071067811865475,7.757604870920617,37.45,9,94.39
241.05,37.45,87.45683956446828,0,87.7,6.5144845606461965,0,80.49,11.91,48.16,54.82,2024,57.81,1,16.71,0.0,5,171.61,87.02,89.91000000000001,171.61,2024-01-05 09:15:00,77.57,84.55327668743168,Hourly,86.33,1.64,11.91,17.37,31.17,0.0,77.57,7.58171682404451,Siltara,77.57,4,0.7071067811865476,86.765,0.8660254037844387,30.39,89.80125,525.5295,0.49999999999999994,39.49119999999999,0.85,0.82,5.175743855382293,-0.7071067811865475,5.057588358100964,31.45,9,93.04
234.07,31.45,85.93578732378084,0,87.22,7.405803774435497,0,77.57,11.91,48.25,48.16,2024,46.28,1,13.06,0.0,5,176.09,90.66,89.1225,171.61,2024-01-05 09:30:00,77.57,82.55805477673691,Hourly,77.57,1.34,11.91,16.71,30.39,0.0,73.62,7.651114080097503,Siltara,77.57,4,0.7071067811865476,84.18666666666667,0.8660254037844387,26.3,89.37916666666668,459.4508,0.49999999999999994,33.2925,0.82,0.69,5.7371557236236255,-0.7071067811865475,0.0,35.18,9,93.04
247.71,35.18,84.04105081242994,0,86.58,8.618542510192102,0,76.25333333333333,11.92,46.09,48.25,2024,38.84,1,10.94,-0.050921748098491544,5,181.95,95.42,87.7025,176.09,2024-01-05 09:45:00,77.57,80.00432484052637,Hourly,77.57,1.24,11.91,13.06,26.3,-3.9499999999999886,68.45,7.254165699789297,Siltara,73.62,4,0.7071067811865476,80.95,0.8660254037844387,30.59,88.8125,384.65039999999993,0.49999999999999994,30.419400000000003,0.69,0.66,6.570774059358331,-0.7071067811865475,2.2805335632987385,35.16,9,93.04
233.63,35.16,81.64242761051766,0,86.58,9.851423062868863,0,73.21333333333334,11.9,48.91,46.09,2024,33.72,1,12.24,-0.07022548220592233,5,181.95,95.42,85.455,181.95,2024-01-05 10:00:00,73.62,76.70308917180455,Hourly,77.57,1.43,11.92,10.94,30.59,-5.170000000000002,68.45,5.872282066340661,Siltara,68.45,4,0.49999999999999994,76.85166666666667,0.8660254037844387,44.4,88.05708333333332,448.8408,0.49999999999999994,31.7915,0.66,0.65,7.771123515194684,-0.8660254037844387,4.573579925324614,36.67,10,86.33
247.45,36.67,79.61282336274571,0,86.58,10.430765791637157,0,70.17333333333333,11.9,50.34,48.91,2024,34.58,1,10.32,0.0,5,181.95,95.42,83.2075,181.95,2024-01-05 10:15:00,68.45,74.3450636941461,Hourly,73.62,1.32,11.9,12.24,44.4,0.0,68.45,4.469570076267525,Siltara,68.45,4,0.49999999999999994,73.87166666666666,0.8660254037844387,29.3,87.30166666666668,413.00640000000004,0.49999999999999994,31.7142,0.65,0.63,8.741551283415646,-0.8660254037844387,2.9849008917102524,40.02,10,77.57
244.23,40.02,77.8954659223233,0,90.32,10.465672023767924,0,68.45,11.92,34.39,50.34,2024,35.7,1,7.68,0.0,5,168.83,94.39,80.96,181.95,2024-01-05 10:30:00,68.45,72.66075978153293,Hourly,68.45,1.28,11.9,10.32,29.3,0.0,60.33,4.510868726383651,Siltara,68.45,4,0.49999999999999994,72.35166666666666,0.8660254037844387,31.28,86.54624999999999,205.1328,0.49999999999999994,18.2267,0.63,0.53,9.552389554224547,-0.8660254037844387,0.0,26.71,10,77.57
250.53,26.71,75.19308654965818,0,95.21,11.0921412256464,0,65.74333333333334,11.92,46.07,34.39,2024,39.42,1,8.6,-0.11862673484295112,5,151.68,93.04,78.12166666666667,168.83,2024-01-05 10:45:00,68.45,69.1376855582378,Hourly,68.45,1.01,11.92,7.68,31.28,-8.120000000000005,49.72,5.822248420212421,Siltara,60.33,4,0.49999999999999994,69.47833333333334,0.8660254037844387,37.09,85.29666666666667,322.24199999999996,0.49999999999999994,23.035,0.53,0.5,10.903296137713255,-0.8660254037844387,4.688084185819753,37.47,10,77.57
236.68,37.47,71.27415015740307,0,95.21,12.724723132071123,0,59.5,11.92,36.83,46.07,2024,47.33,1,6.93,-0.17586606994861595,5,151.68,93.04,74.51166666666667,151.68,2024-01-05 11:00:00,60.33,63.58977539874129,Hourly,68.45,1.32,11.92,8.6,37.09,-10.61,49.72,8.545632022657303,Siltara,49.72,4,0.258819045102521,64.83666666666667,0.8660254037844387,33.86,83.40124999999999,207.207,0.49999999999999994,16.205199999999998,0.5,0.44,12.879855289661254,-0.9659258262890682,9.392544916049156,29.9,11,73.62
246.12,29.9,67.95812705626415,0,95.21,13.128895150726686,0,53.25666666666666,11.9,35.07,36.83,2024,68.47,1,6.57,0.0,5,151.68,93.04,70.90166666666666,151.68,2024-01-05 11:15:00,49.72,59.62698242767235,Hourly,60.33,1.26,11.92,6.93,33.86,0.0,49.72,9.179369622510354,Siltara,49.72,4,0.258819045102521,60.85333333333333,0.8660254037844387,36.18,81.50583333333334,187.245,0.49999999999999994,15.0801,0.44,0.43,14.331848060895222,-0.9659258262890682,6.125686356102073,28.5,11,68.45
245.54,28.5,65.15226135530042,0,91.66,12.425116669166965,0,49.72,11.91,38.25,35.07,2024,81.06,1,6.66,0.0,5,136.71,86.33,67.29166666666667,151.68,2024-01-05 11:30:00,49.72,56.79641601976597,Hourly,49.72,1.21,11.9,6.57,36.18,0.0,45.57,9.263661083322607,Siltara,49.72,4,0.258819045102521,57.73166666666666,0.8660254037844387,32.95,79.61041666666667,210.3894,0.49999999999999994,14.535,0.43,0.38,15.408291804758443,-0.9659258262890682,0.0,31.59,11,68.45
246.5,31.59,62.13960576217728,0,87.02,12.318291277607711,0,48.336666666666666,11.91,38.63,38.25,2024,84.54,1,6.57,-0.08346741753821398,5,117.13,77.57,63.895,136.71,2024-01-05 11:45:00,49.72,53.58886858554712,Hourly,49.72,1.15,11.91,6.66,32.95,-4.149999999999999,40.16,8.658538945264707,Siltara,45.57,4,0.258819045102521,53.91833333333333,0.8660254037844387,34.57,77.69,210.63420000000002,0.49999999999999994,16.6109,0.38,0.43,16.662377564050193,-0.9659258262890682,2.3960036171374717,32.06,11,68.45
250.75,32.06,58.758127952611545,0,87.02,13.24202066769352,0,45.15,11.91,39.45,38.63,2024,102.0,1,6.89,-0.11871845512398516,5,117.13,77.57,60.7775,117.13,2024-01-05 12:00:00,45.57,49.75204898967651,Hourly,49.72,1.15,11.91,6.57,34.57,-5.410000000000004,40.16,6.62701340474467,Siltara,40.16,4,1.2246467991473532e-16,49.20333333333334,0.8660254037844387,33.1,75.7375,224.3384,0.49999999999999994,15.385500000000002,0.43,0.39,18.196462687781736,-1.0,4.7938189369231505,32.56,12,60.33
246.46,32.56,55.896877498363615,0,87.02,13.332563689907515,0,41.96333333333333,11.9,35.81,39.45,2024,71.86,1,5.93,0.0,5,117.13,77.57,57.66,117.13,2024-01-05 12:15:00,40.16,47.01146356405465,Hourly,45.57,1.12,11.91,6.89,33.1,0.0,40.16,4.68531500186118,Siltara,40.16,4,1.2246467991473532e-16,45.84166666666667,0.8660254037844387,32.48,73.785,177.18839999999997,0.49999999999999994,12.175400000000002,0.39,0.34,19.407000529840367,-1.0,3.123464956316433,29.88,12,49.72
250.36,29.88,53.47581942169229,0,90.66,12.607883626740854,0,40.16,11.91,38.84,35.81,2024,73.66,1,7.09,0.0,5,109.67,73.62,54.5425,117.13,2024-01-05 12:30:00,40.16,45.053902545753324,Hourly,40.16,1.4,11.9,5.93,32.48,0.0,40.14,4.727969613551397,Siltara,40.16,4,1.2246467991473532e-16,44.248333333333335,0.8660254037844387,34.03,71.8325,225.1075,0.49999999999999994,13.9824,0.34,0.36,20.351807579159583,-1.0,0.0,31.75,12,49.72
246.36,31.75,51.42415489527809,0,95.42,11.672102813584806,0,40.153333333333336,11.91,36.45,38.84,2024,76.01,1,5.83,-0.000498007968127391,5,99.92,68.45,51.752500000000005,109.67,2024-01-05 12:45:00,40.16,43.64993038982381,Hourly,40.16,1.19,11.91,7.09,34.03,-0.01999999999999602,40.11,4.084401628961735,Siltara,40.14,4,1.2246467991473532e-16,42.651666666666664,0.8660254037844387,28.95,69.7275,178.5146,0.49999999999999994,12.393000000000002,0.36,0.34,20.924403113402807,-1.0,0.011547005545437024,30.62,12,49.72
237.43,30.62,49.68351568061993,0,95.42,10.822659275236553,0,40.13666666666666,11.91,38.48,36.45,2024,76.01,1,5.51,-0.0007473841554559327,5,99.92,68.45,49.39083333333334,99.92,2024-01-05 13:00:00,40.14,42.638521707017006,Hourly,40.16,1.54,11.91,5.83,28.95,-0.030000000000001137,40.11,2.21442543337962,Siltara,40.11,4,-0.2588190451025208,41.05,0.8660254037844387,35.24,67.42291666666667,181.66469999999998,0.49999999999999994,11.159199999999998,0.34,0.29,21.0173118041062,-0.9659258262890683,0.02516611485845029,32.97,13,45.57
244.27,32.97,48.21066711437071,0,95.42,9.265683959773776,0,40.120000000000005,11.9,35.13,38.48,2024,76.01,1,5.05,0.0,5,99.92,68.45,47.02916666666666,99.92,2024-01-05 13:15:00,40.11,41.91608693358358,Hourly,40.14,1.43,11.91,5.51,35.24,0.0,40.11,0.024494897396519433,Siltara,40.11,4,-0.2588190451025208,40.14,0.8660254037844387,29.02,65.11833333333333,151.904,0.49999999999999994,9.836400000000001,0.29,0.28,20.845625475127456,-0.9659258262890683,0.01732050818359071,30.08,13,40.16
234.72,30.08,46.96441063523675,0,94.39,6.5120519388691935,0,40.11,11.9,36.64,35.13,2024,76.74,1,5.0,0.0,5,96.86,60.33,44.6675,99.92,2024-01-05 13:30:00,40.11,41.40006209541684,Hourly,40.11,1.44,11.9,5.05,29.02,0.0,37.19,0.024832774012024873,Siltara,40.11,4,-0.2588190451025208,40.13166666666667,0.8660254037844387,27.06,62.81375,158.25,0.49999999999999994,10.259200000000002,0.28,0.28,20.402665600037754,-0.9659258262890683,0.0,31.65,13,40.16
239.67,31.65,45.46065515289264,0,93.04,4.596960375830328,0,39.13666666666666,11.91,35.96,36.64,2024,77.69,1,4.76,-0.0727998005484917,5,92.85,49.72,42.73916666666667,96.86,2024-01-05 13:45:00,40.11,40.19718721101203,Hourly,40.11,1.27,11.9,5.0,27.06,-2.9200000000000017,33.37,1.1987938382662435,Siltara,37.19,4,-0.2588190451025208,39.63666666666666,0.8660254037844387,42.55,60.43041666666667,148.512,0.49999999999999994,8.270800000000001,0.28,0.23,19.88813486766671,-0.9659258262890683,1.6858627860348583,31.2,13,40.16
243.12,31.2,43.600554360139924,0,93.04,4.759916602272602,0,36.88999999999999,11.91,33.78,35.96,2024,77.69,1,4.71,-0.10271578381285293,5,92.85,49.72,41.376666666666665,92.85,2024-01-05 14:00:00,37.19,38.24656229358002,Hourly,40.11,1.13,11.91,4.76,42.55,-3.8200000000000003,33.37,2.774842337863254,Siltara,33.37,4,-0.4999999999999997,38.505,0.8660254037844387,46.33,57.94416666666666,136.9197,0.49999999999999994,8.1072,0.23,0.24,19.35694301158194,-0.8660254037844388,3.380000000000621,29.07,14,40.14
250.08,29.07,42.0266229201184,0,93.04,4.486783537806976,0,34.64333333333334,11.91,41.98,33.78,2024,77.69,1,6.13,0.0,5,92.85,49.72,40.01416666666666,92.85,2024-01-05 14:15:00,33.37,36.85325878112859,Hourly,37.19,1.34,11.91,4.71,46.33,0.0,33.37,3.3031782674668078,Siltara,33.37,4,-0.4999999999999997,37.376666666666665,0.8660254037844387,42.91,55.45791666666667,219.8218,0.49999999999999994,10.9148,0.24,0.26,18.464673905258767,-0.8660254037844388,2.205478028305389,35.86,14,40.11
238.84,35.86,40.69483477856173,0,86.33,3.6817531232539316,0,33.37,11.9,37.37,41.98,2024,82.03,1,5.39,0.0,5,94.79,45.57,38.651666666666664,92.85,2024-01-05 14:30:00,33.37,35.85804198652042,Hourly,33.37,1.53,11.91,6.13,42.91,0.0,33.43,3.333644652128502,Siltara,33.37,4,-0.4999999999999997,36.25333333333333,0.8660254037844387,30.9,52.971666666666664,172.4261,0.49999999999999994,8.5951,0.26,0.23,17.1550787679987,-0.8660254037844388,0.0,31.99,14,40.11
237.51,31.99,39.577167889552236,0,77.57,3.2505831644606196,0,33.38999999999999,11.9,36.86,37.37,2024,87.7,1,5.2,0.0017980221756069008,5,97.32,40.16,37.63999999999999,94.79,2024-01-05 14:45:00,33.37,35.16431570465744,Hourly,33.37,1.55,11.9,5.39,30.9,0.060000000000002274,33.5,2.8714525940712012,Siltara,33.43,4,-0.4999999999999997,35.13999999999999,0.8660254037844387,22.74,50.767500000000005,164.632,0.49999999999999994,9.215,0.23,0.25,16.04521146228909,-0.8660254037844388,0.034641016218529226,31.66,14,40.11
246.43,31.66,38.642218983467274,0,77.57,3.348298075139644,0,33.43333333333333,11.9,35.4,36.86,2024,87.7,1,5.4,0.002093927609931208,5,97.32,40.16,37.085,97.32,2024-01-05 15:00:00,33.43,34.688796931898175,Hourly,33.37,1.58,11.9,5.2,22.74,0.07000000000000028,33.5,1.5448549014923123,Siltara,33.5,4,-0.7071067811865471,34.038333333333334,0.8660254037844387,18.3,48.93125,162.0,0.49999999999999994,6.726,0.25,0.19,15.35123796523347,-0.7071067811865479,0.06506407102218821,30.0,15,37.19
237.41,30.0,37.85110837062615,0,77.57,3.344227047531064,0,33.47666666666667,11.9,33.63,35.4,2024,87.7,1,5.17,0.0,5,97.32,40.16,36.529999999999994,97.32,2024-01-05 15:15:00,33.5,34.349140665641556,Hourly,33.43,1.55,11.9,5.4,18.3,0.0,33.5,0.06377042155093321,Siltara,33.5,4,-0.7071067811865471,33.42333333333333,0.8660254037844387,24.84,47.095,147.1382,0.49999999999999994,6.726000000000001,0.19,0.2,14.381772279974802,-0.7071067811865479,0.04041451890069861,28.46,15,33.37
237.11,28.46,37.18170708283751,0,73.62,3.237986186727528,0,33.5,11.91,32.75,33.63,2024,87.22,1,5.18,0.0,5,105.43,40.14,35.975,97.32,2024-01-05 15:30:00,33.5,34.10652904688683,Hourly,33.5,1.58,11.9,5.17,24.84,0.0,32.78,0.0641092816846256,Siltara,33.5,4,-0.7071067811865471,33.445,0.8660254037844387,21.9,45.25875,142.8126,0.49999999999999994,6.8774999999999995,0.2,0.21,13.07568015106869,-0.7071067811865479,0.0,27.57,15,33.37
239.52,27.57,36.504521377785586,0,68.45,3.0700424436877536,0,33.26,11.9,34.5,32.75,2024,86.58,1,5.43,-0.021492537313432803,5,116.04,40.11,35.36166666666667,105.43,2024-01-05 15:45:00,33.5,33.7275207477763,Hourly,33.5,1.69,11.91,5.18,21.9,-0.7199999999999989,31.85,0.2825361333790375,Siltara,32.78,4,-0.7071067811865471,33.346666666666664,0.8660254037844387,25.25,43.55708333333333,157.8501,0.49999999999999994,6.555,0.21,0.19,11.82159243270279,-0.7071067811865479,0.4156921938221451,29.07,15,33.37
243.88,29.07,35.788441165818575,0,68.45,2.824829305647371,0,32.71,11.91,39.09,34.5,2024,86.58,1,6.92,-0.028370957901159233,5,116.04,40.11,34.67333333333333,116.04,2024-01-05 16:00:00,32.78,33.191086248411644,Hourly,33.5,1.45,11.9,5.43,25.25,-0.9299999999999997,31.85,0.6713469048597444,Siltara,31.85,4,-0.8660254037844385,33.093333333333334,0.8660254037844387,22.53,42.03208333333333,222.6164,0.49999999999999994,8.2089,0.19,0.21,10.786131586507631,-0.5000000000000004,0.8272242743082003,32.17,16,33.43
251.55,32.17,35.182527140308025,0,68.45,2.3452950967613058,0,32.16,11.91,36.0,39.09,2024,86.58,1,6.38,0.0,5,116.04,40.11,33.985,116.04,2024-01-05 16:15:00,31.85,32.80791874886546,Hourly,32.78,1.36,11.91,6.92,22.53,0.0,31.85,0.8087026647650382,Siltara,31.85,4,-0.8660254037844385,32.830000000000005,0.8660254037844387,30.52,40.507083333333334,188.97560000000001,0.49999999999999994,8.64,0.21,0.24,9.384974336518447,-0.5000000000000004,0.5369357503508114,29.62,16,33.5
266.62,29.62,34.66983065718372,0,60.33,1.4097539007179687,0,31.85,11.91,49.33,36.0,2024,90.32,1,10.79,0.0,5,123.56,37.19,33.29666666666666,116.04,2024-01-05 16:30:00,31.85,32.534227677761045,Hourly,31.85,1.06,11.91,6.38,30.52,0.0,34.24,0.8158124784520356,Siltara,31.85,4,-0.8660254037844385,32.555,0.8660254037844387,54.99,38.98208333333333,415.84659999999997,0.49999999999999994,15.2923,0.24,0.31,7.413593847243892,-0.5000000000000004,0.0,38.54,16,33.5
253.91,38.54,34.60370286377084,0,49.72,0.7901721139602541,0,32.64666666666667,11.93,44.27,49.33,2024,95.21,1,9.15,0.07503924646781791,5,133.41,33.37,33.05083333333333,123.56,2024-01-05 16:45:00,31.85,33.02159119840074,Hourly,31.85,1.25,11.91,10.79,54.99,2.3900000000000006,37.36,1.0181044478169856,Siltara,34.24,4,-0.8660254037844385,32.678333333333335,0.8660254037844387,62.13,37.895,321.348,0.49999999999999994,13.281,0.31,0.3,5.906898693385685,-0.5000000000000004,1.379867143364922,35.12,16,33.5
243.94,35.12,35.02774857703687,0,49.72,1.4773584124278567,0,34.48333333333334,11.92,39.12,44.27,2024,95.21,1,7.22,0.09112149532710273,5,133.41,33.37,33.38333333333333,133.41,2024-01-05 17:00:00,34.24,34.26113657028625,Hourly,31.85,1.31,11.93,9.15,62.13,3.1199999999999974,37.36,2.188254250918931,Siltara,37.36,4,-0.9659258262890683,33.321666666666665,0.8660254037844387,49.71,37.38,230.31799999999998,0.49999999999999994,8.606399999999999,0.3,0.22,5.342990532098614,-0.25881904510252063,2.7630478340661897,31.9,17,32.78
242.5,31.9,35.38655648826196,0,49.72,1.8707191535606456,0,36.32,11.92,39.36,39.12,2024,95.21,1,7.08,0.0,5,133.41,33.37,33.715833333333336,133.41,2024-01-05 17:15:00,37.36,35.14652612163304,Hourly,34.24,1.12,11.92,7.22,49.71,0.0,37.36,2.7004055251013983,Siltara,37.36,4,-0.9659258262890683,34.085,0.8660254037844387,54.43,36.865,228.6132,0.49999999999999994,7.0847999999999995,0.22,0.18,4.6529700659676605,-0.25881904510252063,1.8013328398728352,32.29,17,31.85
257.85,32.29,35.6901631823755,0,45.57,2.139013508106557,0,37.36,11.92,51.12,39.36,2024,91.66,1,9.5,0.0,5,142.25,33.43,34.04833333333334,133.41,2024-01-05 17:30:00,37.36,35.77894722973789,Hourly,37.36,0.96,11.92,7.08,54.43,0.0,36.77,2.7251177344593542,Siltara,37.36,4,-0.9659258262890683,35.00333333333334,0.8660254037844387,69.85,36.35,385.22499999999997,0.49999999999999994,21.470399999999998,0.18,0.42,3.7681825858108975,-0.25881904510252063,0.0,40.55,17,31.85
262.28,40.55,35.8562919235485,0,40.16,2.2648432951307487,0,37.163333333333334,11.91,49.81,51.12,2024,87.02,1,9.19,-0.015792291220556646,5,153.82,33.5,34.32666666666667,142.25,2024-01-05 17:45:00,37.36,36.06210516409849,Hourly,37.36,1.06,11.92,9.5,69.85,-0.5899999999999963,36.0,2.292358319867322,Siltara,36.77,4,-0.9659258262890683,35.82333333333333,0.8660254037844387,67.46,35.983333333333334,373.29779999999994,0.49999999999999994,23.9088,0.42,0.48,3.2203357462924713,-0.25881904510252063,0.3406366588281086,40.62,17,31.85
251.57,40.62,35.87840085838719,0,40.16,2.29664775467952,0,36.71,11.9,53.08,49.81,2024,87.02,1,10.64,-0.020940984498232337,5,153.82,33.5,34.535000000000004,153.82,2024-01-05 18:00:00,36.77,36.04436083149892,Hourly,37.36,0.83,11.91,9.19,67.46,-0.7700000000000031,36.0,1.2367659439030116,Siltara,36.0,4,-1.0,36.515,0.8660254037844387,64.97,35.809999999999995,451.66800000000006,0.49999999999999994,29.194000000000003,0.48,0.55,3.0952811208999766,-1.8369701987210297e-16,0.6819824044682484,42.45,18,34.24
241.79,42.45,35.89710841863531,0,40.16,2.3075895858998154,0,36.25666666666667,11.91,51.66,53.08,2024,87.02,1,9.21,0.0,5,153.82,33.5,34.74333333333333,153.82,2024-01-05 18:15:00,36.0,36.031686308213516,Hourly,36.77,0.74,11.9,10.64,64.97,0.0,36.0,0.6665258184534116,Siltara,36.0,4,-1.0,36.80833333333333,0.8660254037844387,67.82,35.63666666666666,390.96450000000004,0.49999999999999994,16.014599999999998,0.55,0.31,2.9543640037536307,-1.8369701987210297e-16,0.4445597072808971,42.45,18,37.36
244.53,42.45,35.91293789269142,0,40.14,2.2979668220266176,0,36.0,11.9,47.93,51.66,2024,90.66,1,8.65,0.0,5,156.38,32.78,34.95166666666667,153.82,2024-01-05 18:30:00,36.0,36.02263307729537,Hourly,36.0,0.97,11.91,9.21,67.82,0.0,37.75,0.6726192583215119,Siltara,36.0,4,-1.0,36.58166666666667,0.8660254037844387,52.05,35.46333333333333,339.77200000000005,0.49999999999999994,13.4204,0.31,0.28,2.7951863384531612,-1.8369701987210297e-16,0.0,39.28,18,37.36
244.11,39.28,36.19556283227735,0,40.11,2.3187632217998244,0,36.583333333333336,11.9,41.08,47.93,2024,95.42,1,8.12,0.04861111111111111,5,159.74,31.85,35.365833333333335,156.38,2024-01-05 18:45:00,36.0,36.516166483782406,Hourly,36.0,1.21,11.9,8.65,52.05,1.75,40.05,0.774071486792392,Siltara,37.75,4,-1.0,36.64666666666667,0.8660254037844387,33.35,35.36375,267.6352,0.49999999999999994,11.5024,0.28,0.28,2.6606648605204914,-1.8369701987210297e-16,1.010362971083975,32.96,18,37.36
235.42,32.96,36.788553165773145,0,40.11,2.395455767347206,0,37.93333333333333,11.91,41.83,41.08,2024,95.42,1,7.9,0.06092715231788072,5,159.74,31.85,36.04916666666667,159.74,2024-01-05 19:00:00,37.75,37.52583320270172,Hourly,36.0,1.09,11.9,8.12,33.35,2.299999999999997,40.05,1.6039794263014526,Siltara,40.05,4,-0.9659258262890684,37.095,0.8660254037844387,30.36,35.36125,268.047,0.49999999999999994,14.640499999999998,0.28,0.35,2.65603547727252,0.2588190451025203,2.0312147432847847,33.93,19,36.77
231.12,33.93,37.29031421719266,0,40.11,2.254099800158502,0,39.28333333333333,11.91,43.76,41.83,2024,95.42,1,7.59,0.0,5,159.74,31.85,36.732499999999995,159.74,2024-01-05 19:15:00,40.05,38.247023716215516,Hourly,37.75,0.97,11.91,7.9,30.36,0.0,40.05,1.9847963791444778,Siltara,40.05,4,-0.9659258262890684,37.641666666666666,0.8660254037844387,55.55,35.35875,274.5303,0.49999999999999994,17.0664,0.35,0.39,2.6513955513226883,0.2588190451025203,1.3279056191376353,36.17,19,36.0
232.18,36.17,37.71488126070148,0,37.19,1.845246760204261,0,40.05,11.9,52.19,43.76,2024,94.39,1,8.66,0.0,5,154.41,34.24,37.41583333333333,159.74,2024-01-05 19:30:00,40.05,38.762159797296796,Hourly,40.05,1.02,11.91,7.59,55.55,0.0,42.11,2.003413753238473,Siltara,40.05,4,-0.9659258262890684,38.31666666666666,0.8660254037844387,45.38,35.356249999999996,377.0564,0.49999999999999994,22.9636,0.39,0.44,2.6467450272247532,0.2588190451025203,0.0,43.54,19,36.0
230.38,43.54,38.391053374439714,0,33.37,2.005496235722942,0,40.736666666666665,11.91,46.24,52.19,2024,93.04,1,8.49,0.051435705368289696,5,147.44,37.36,38.071666666666665,154.41,2024-01-05 19:45:00,40.05,39.71868556949771,Hourly,40.05,1.04,11.9,8.66,45.38,2.0600000000000023,44.81,2.1386327407945607,Siltara,42.11,4,-0.9659258262890684,39.335,0.8660254037844387,31.88,35.56125,320.4126,0.49999999999999994,20.3456,0.44,0.44,2.9662072291219777,0.2588190451025203,1.1893415545322243,37.74,19,36.0
227.67,37.74,39.378583624525916,0,33.37,2.77186555163619,0,42.32333333333333,11.92,43.17,46.24,2024,93.04,1,8.21,0.06411778674899081,5,147.44,37.36,38.6925,147.44,2024-01-05 20:00:00,42.11,41.1733468353555,Hourly,40.05,1.14,11.91,8.49,31.88,2.700000000000003,44.81,2.399422152657843,Siltara,44.81,4,-0.8660254037844386,40.803333333333335,0.8660254037844387,28.32,36.03791666666667,286.93950000000007,0.49999999999999994,17.6997,0.44,0.41,3.4744257944958044,0.5000000000000001,2.3871600979693297,34.95,20,37.75
228.17,34.95,40.21418614382962,0,33.37,3.240912703467797,0,43.910000000000004,11.93,40.83,43.17,2024,93.04,1,7.84,0.0,5,147.44,37.36,39.31333333333333,147.44,2024-01-05 20:15:00,44.81,42.2123905966825,Hourly,42.11,1.05,11.92,8.21,28.32,0.0,44.81,2.3327837447990327,Siltara,44.81,4,-0.8660254037844386,41.98,0.8660254037844387,24.12,36.514583333333334,258.6416,0.49999999999999994,17.5569,0.41,0.43,3.85625519988955,0.5000000000000001,1.5588457268130795,32.99,20,40.05
231.18,32.99,40.921234429394296,0,33.43,3.533106946718925,0,44.81,11.92,43.37,40.83,2024,86.33,1,7.68,0.0,5,137.19,36.77,39.93416666666666,147.44,2024-01-05 20:30:00,44.81,42.95456471191608,Hourly,44.81,1.01,11.93,7.84,24.12,0.0,41.83,2.3544482722424185,Siltara,44.81,4,-0.8660254037844386,42.77333333333333,0.8660254037844387,36.82,36.99125,274.0992,0.49999999999999994,21.251299999999997,0.43,0.49,4.146757048797006,0.5000000000000001,0.0,35.69,20,40.05
229.62,35.69,41.06104451717979,0,33.5,3.421322068580149,0,43.81666666666666,11.91,54.33,43.37,2024,77.57,1,8.31,-0.066503012720375,5,124.38,36.0,40.35583333333333,137.19,2024-01-05 20:45:00,44.81,42.63326050851148,Hourly,44.81,1.07,11.92,7.68,36.82,-2.980000000000004,38.1,2.03285021582965,Siltara,41.83,4,-0.8660254037844386,43.07,0.8660254037844387,40.78,37.341249999999995,382.42620000000005,0.49999999999999994,26.621699999999997,0.49,0.49,4.18740171851023,0.5000000000000001,1.7205038021860768,46.02,20,40.05
224.96,46.02,40.60549920684444,0,33.5,3.226423458462512,0,41.580000000000005,11.9,67.14,54.33,2024,77.57,1,8.42,-0.08917045182883092,5,124.38,36.0,40.530833333333334,124.38,2024-01-05 21:00:00,41.83,41.33804322036535,Hourly,44.81,0.95,11.91,8.31,40.78,-3.729999999999997,38.1,2.6686757015416163,Siltara,38.1,4,-0.7071067811865477,42.745,0.8660254037844387,50.96,37.532916666666665,494.4224,0.49999999999999994,53.040600000000005,0.49,0.79,4.108466845290235,0.7071067811865474,3.361978584108425,58.72,21,42.11
226.83,58.72,40.220037790406835,0,33.5,3.007881943804088,0,39.343333333333334,11.91,60.58,67.14,2024,77.57,1,8.38,0.0,5,124.38,36.0,40.70583333333334,124.38,2024-01-05 21:15:00,38.1,40.41288801454668,Hourly,41.83,0.79,11.9,8.42,50.96,0.0,38.1,3.2894356152180984,Siltara,38.1,4,-0.7071067811865477,42.07666666666667,0.8660254037844387,70.06,37.724583333333335,437.35220000000004,0.49999999999999994,42.406,0.79,0.7,4.018457392936884,0.7071067811865474,2.1535165040782216,52.19,21,44.81
229.45,52.19,39.89387813034425,0,32.78,2.7600871472817565,0,38.1,11.9,57.11,60.58,2024,73.62,1,7.13,0.0,5,131.2,37.75,40.880833333333335,124.38,2024-01-05 21:30:00,38.1,39.75206286753334,Hourly,38.1,0.73,11.91,8.38,70.06,0.0,37.97,3.3148358430946785,Siltara,38.1,4,-0.7071067811865477,40.958333333333336,0.8660254037844387,65.79,37.91625,356.3574,0.49999999999999994,43.4036,0.7,0.76,3.9166099055410704,0.7071067811865474,0.0,49.98,21,44.81
230.86,49.98,39.597896879522054,0,31.85,2.738043290488656,0,38.05666666666667,11.91,46.47,57.11,2024,68.45,1,6.34,-0.0034120734908137155,5,139.71,40.05,40.899166666666666,131.2,2024-01-05 21:45:00,38.1,39.2429020482381,Hourly,38.1,0.6,11.9,7.13,65.79,-0.13000000000000256,37.79,2.871859444099789,Siltara,37.97,4,-0.7071067811865477,39.818333333333335,0.8660254037844387,59.5,38.1325,254.36079999999998,0.49999999999999994,39.9642,0.76,0.86,3.760872065845991,0.7071067811865474,0.07505553502212496,40.12,21,44.81
224.15,40.12,39.319758898057124,0,31.85,2.876011943117338,0,37.95333333333333,11.92,62.61,46.47,2024,68.45,1,6.47,-0.004740584672109553,5,139.71,40.05,40.71083333333333,139.71,2024-01-05 22:00:00,37.97,38.82778717731293,Hourly,38.1,0.58,11.91,6.34,59.5,-0.17999999999999972,37.79,1.5634502443842253,Siltara,37.79,4,-0.5000000000000004,38.64833333333333,0.8660254037844387,75.13,38.38,363.2258,0.49999999999999994,72.0015,0.86,1.15,3.5169960007901264,0.8660254037844384,0.1556705923977625,56.14,22,41.83
232.61,56.14,39.08441137527911,0,31.85,2.9947655091057315,0,37.849999999999994,11.9,69.55,62.61,2024,68.45,1,8.52,0.0,5,139.71,40.05,40.5225,139.71,2024-01-05 22:15:00,37.79,38.53127655522352,Hourly,37.97,0.66,11.92,6.47,75.13,0.0,37.79,0.15188811671225,Siltara,37.79,4,-0.5000000000000004,37.975,0.8660254037844387,72.63,38.627500000000005,519.9756,0.49999999999999994,76.50500000000001,1.15,1.1,3.235200753129859,0.8660254037844384,0.10392304847410076,61.03,22,38.1
226.36,61.03,38.88527116369771,0,34.24,3.0965155147870926,0,37.79,11.9,63.76,69.55,2024,60.33,1,7.94,0.0,5,148.9,42.11,40.33416666666667,139.71,2024-01-05 22:30:00,37.79,38.319483253731086,Hourly,37.79,0.61,11.9,8.52,72.63,0.0,43.97,0.15357951251732138,Siltara,37.79,4,-0.5000000000000004,37.92333333333333,0.8660254037844387,135.51,38.875,443.2108,0.49999999999999994,82.888,1.1,1.3,2.904470317647522,0.8660254037844384,0.0,55.82,22,38.1
227.07,55.82,39.667537138513445,0,37.36,3.2368600338556086,0,39.85,11.9,58.4,63.76,2024,49.72,1,7.29,0.16353532680603333,5,160.39,44.81,40.48916666666667,148.9,2024-01-05 22:45:00,37.79,39.933916609807916,Hourly,37.79,0.61,11.9,7.94,135.51,6.18,52.05,2.486205274442381,Siltara,43.97,4,-0.5000000000000004,38.901666666666664,0.8660254037844387,72.52,39.28041666666667,372.5919,0.49999999999999994,57.815999999999995,1.3,0.99,2.908442701736433,0.8660254037844384,3.568024663592432,51.11,22,38.1
221.19,51.11,41.57253142489599,0,37.36,4.5313556570736075,0,44.60333333333333,11.92,50.92,58.4,2024,49.72,1,6.67,0.18376165567432337,5,160.39,44.81,41.0925,160.39,2024-01-05 23:00:00,43.97,43.395654721291365,Hourly,37.79,0.55,11.9,7.29,72.52,8.079999999999998,52.05,5.843087083611303,Siltara,52.05,4,-0.25881904510252157,41.22666666666667,0.8660254037844387,144.84,39.8925,295.1475,0.49999999999999994,62.1224,0.99,1.22,3.8726501991822047,0.9659258262890681,7.151065188720948,44.25,23,37.97
235.12,44.25,43.18444966721969,0,37.36,5.458470412341554,0,49.35666666666666,11.92,49.92,50.92,2024,49.72,1,6.93,0.0,5,160.39,44.81,41.69583333333333,160.39,2024-01-05 23:15:00,52.05,45.8683248009224,Hourly,43.97,0.52,11.92,6.67,144.84,0.0,52.05,6.988646983978044,Siltara,52.05,4,-0.25881904510252157,43.57333333333333,0.8660254037844387,173.1,40.504583333333336,297.9207,0.49999999999999994,72.384,1.22,1.45,4.555648170527635,0.9659258262890681,4.66499017505246,42.99,23,37.79
224.2,42.99,44.54838048764743,0,36.77,6.18566151137591,0,52.05,11.92,60.56,49.92,2024,45.57,1,7.64,0.0,5,164.16,41.83,42.299166666666665,160.39,2024-01-05 23:30:00,52.05,47.63451771494458,Hourly,52.05,0.54,11.92,6.93,173.1,0.0,58.07,7.052965333815197,Siltara,52.05,4,-0.25881904510252157,45.949999999999996,0.8660254037844387,189.3,41.11666666666667,404.3088,0.49999999999999994,72.0664,1.45,1.19,5.072333882395891,0.9659258262890681,0.0,52.92,23,37.79
241.66,52.92,46.62862964339398,0,36.0,7.6717156135071605,0,54.056666666666665,11.91,53.96,60.56,2024,40.16,1,8.51,0.11565802113352552,5,169.1,38.1,43.6525,164.16,2024-01-05 23:45:00,52.05,50.61608408210327,Hourly,52.05,0.54,11.92,7.64,189.3,6.020000000000003,65.96,7.217811302604079,Siltara,58.07,4,-0.25881904510252157,49.32999999999999,0.8660254037844387,67.49,42.00416666666667,386.77950000000004,0.49999999999999994,55.5788,1.19,1.03,6.048267388749092,0.9659258262890681,3.475648620521854,45.45,23,37.79
241.37,45.45,49.60268662133336,0,36.0,9.767851218370737,0,58.69333333333333,11.92,41.16,53.96,2024,40.16,1,14.26,0.13587050111933863,6,120.12,38.1,45.97416666666666,169.1,2024-01-06 01:00:00,58.07,55.00006005864519,Hourly,52.05,0.68,11.91,8.51,67.49,7.8899999999999935,98.77,7.3703615922151045,Siltara,65.96,5,0.25881904510252074,54.025,0.8660254037844387,76.5,43.2525,787.4372,0.49999999999999994,51.861599999999996,1.03,1.26,7.63802629297534,0.9659258262890683,6.975918099672254,55.22,1,43.97
204.94,55.22,57.16688867958976,0,36.0,17.756382207276733,0,74.26666666666667,11.91,28.13,41.16,2024,40.16,1,11.06,0.4974226804123712,6,118.65,38.1,51.029999999999994,120.12,2024-01-06 02:00:00,65.96,67.50575718474656,Hourly,58.07,1.5,11.92,14.26,76.5,32.81,100.83,18.287244097093115,Siltara,98.77,5,0.49999999999999994,63.15833333333333,0.8660254037844387,50.84,45.867916666666666,413.7546,0.49999999999999994,21.0975,1.26,0.75,13.524907129526904,0.8660254037844387,21.584092135953586,37.41,2,52.05
241.63,37.41,63.88429042119134,0,37.75,22.265166894011077,0,88.52,11.92,37.27,28.13,2024,40.14,1,16.38,0.020856535385238458,6,118.65,37.97,56.25749999999999,118.65,2024-01-06 03:00:00,98.77,77.02696941767611,Hourly,65.96,0.62,11.91,11.06,50.84,2.0600000000000023,69.83,22.677277099922463,Siltara,100.83,5,0.7071067811865476,71.28833333333333,0.8660254037844387,36.67,48.56916666666666,729.2376,0.49999999999999994,23.107400000000002,0.75,0.62,17.390107611904885,0.7071067811865476,19.564664576731158,44.52,3,52.05
221.38,44.52,64.79901497177728,0,40.05,21.780529305280144,0,89.81,11.92,46.72,37.27,2024,40.11,1,25.49,-0.3074481801051274,6,159.98,37.79,58.9125,118.65,2024-01-06 04:00:00,100.83,74.97069244119722,Hourly,98.77,0.41,11.92,16.38,36.67,-31.0,65.76,20.739429516422767,Siltara,69.83,5,0.8660254037844386,74.25166666666665,0.8660254037844387,47.41,49.905833333333334,1239.3238,0.49999999999999994,31.7696,0.62,0.68,17.751488343398314,0.5000000000000001,17.33381665992804,48.62,4,52.05
226.04,48.62,64.94685882227309,0,40.05,20.78863515277367,0,78.80666666666667,11.92,64.02,46.72,2024,40.11,1,47.72,-0.05828440498353134,6,171.12,37.79,61.24333333333333,159.98,2024-01-06 05:00:00,69.83,72.33906602942659,Hourly,100.83,0.81,11.92,25.49,47.41,-4.069999999999993,167.2,18.430880246658546,Siltara,65.76,5,0.9659258262890683,76.53666666666668,0.8660254037844387,79.37,50.97708333333333,2560.178,0.49999999999999994,79.3848,0.68,1.24,17.905947634470927,0.25881904510252074,19.181022739503053,53.65,5,58.07
29.31,53.65,80.67811131115414,0,40.05,35.719892885159375,0,100.92999999999999,11.92,61.42,64.02,2024,40.11,1,47.37,1.5425790754257904,6,199.18,37.79,72.02749999999999,171.12,2024-01-06 06:00:00,65.76,99.44219002101899,Hourly,69.83,0.84,11.92,47.72,79.37,101.43999999999998,182.45,38.96772035929229,Siltara,167.2,5,1.0,94.72500000000001,0.8660254037844387,57.85,56.275000000000006,2045.4365999999998,0.49999999999999994,66.9478,1.24,1.09,29.55397655874404,6.123233995736766e-17,57.42757090457506,43.18,6,65.96
249.47,43.18,96.33532495559197,0,42.11,46.03562259519534,0,138.47,11.94,68.7,61.42,2024,37.19,1,57.07,0.09120813397129188,6,199.18,43.97,84.0825,199.18,2024-01-06 07:00:00,167.2,123.1587071578707,Hourly,65.76,0.34,11.92,47.37,57.85,15.25,77.72,49.39435838230925,Siltara,182.45,5,0.9659258262890683,114.13999999999999,0.8660254037844387,33.87,62.20833333333332,2740.5014,0.49999999999999994,73.509,1.09,1.07,38.95428565658088,-0.25881904510252063,63.428689880841716,48.02,7,98.77
347.44,48.02,93.47142880857783,0,44.81,44.36277196438049,0,142.45666666666668,11.91,40.84,68.7,2024,33.37,1,24.52,-0.574020279528638,6,170.1,52.05,86.895,199.18,2024-01-06 08:00:00,182.45,110.17621939847906,Hourly,167.2,1.42,11.94,57.07,33.87,-104.72999999999999,60.1,51.41078152164846,Siltara,77.72,5,0.8660254037844387,110.63166666666666,0.8660254037844387,44.36,63.69208333333333,1022.2388,0.49999999999999994,37.16440000000001,1.07,0.91,38.83346214835276,-0.4999999999999998,56.57974578710412,41.69,8,100.83
31.11,41.69,88.33736283802739,0,44.81,43.84581320498057,0,106.75666666666666,11.91,34.06,40.84,2024,33.37,1,19.52,-0.22671127123005658,6,128.6,52.05,87.56583333333333,170.1,2024-01-06 09:00:00,77.72,95.86872814177076,Hourly,182.45,1.76,11.91,24.52,44.36,-17.619999999999997,48.45,55.49095445806163,Siltara,60.1,5,0.7071067811865476,103.84333333333335,0.8660254037844387,18.32,64.32916666666667,697.6448,0.49999999999999994,27.588600000000003,0.91,0.81,38.63513718575785,-0.7071067811865475,66.14171628657161,35.74,9,69.83
14.1,35.74,82.20084547833088,0,44.81,44.12235332434996,0,62.09,11.91,24.31,34.06,2024,33.37,1,12.28,-0.19384359400998333,6,123.02,52.05,87.26583333333332,128.6,2024-01-06 10:00:00,60.1,82.32052010126483,Hourly,77.72,2.09,11.91,19.52,18.32,-11.649999999999999,45.03,58.7052989090423,Siltara,48.45,5,0.49999999999999994,100.27999999999999,0.8660254037844387,17.62,64.48083333333334,330.332,0.49999999999999994,14.099799999999998,0.81,0.58,38.562256825155934,-0.8660254037844387,14.736122285051945,26.9,10,65.76
353.23,26.9,76.48225386627998,0,41.83,44.674791235882516,0,51.193333333333335,11.91,25.35,24.31,2024,33.43,1,8.11,-0.07058823529411767,6,99.53,58.07,86.68083333333334,123.02,2024-01-06 11:00:00,48.45,71.66608578661774,Hourly,60.1,2.05,11.91,12.28,17.62,-3.4200000000000017,43.06,61.67798724018159,Siltara,45.03,5,0.258819045102521,96.825,0.8660254037844387,40.13,64.49,287.905,0.49999999999999994,19.012500000000003,0.58,0.75,38.55740339444228,-0.9659258262890682,7.900672967117372,35.5,11,167.2
357.73,35.5,71.34036865608306,0,38.1,45.74596753217199,0,45.51333333333334,11.91,23.58,25.35,2024,33.5,1,7.44,-0.04374861203642014,6,53.25,65.96,85.42999999999999,99.53,2024-01-06 12:00:00,45.03,63.492918419012675,Hourly,48.45,1.65,11.91,8.11,40.13,-1.9699999999999989,43.06,53.64783043143499,Siltara,43.06,5,1.2246467991473532e-16,76.13499999999999,0.8660254037844387,40.13,64.54125,234.2856,0.49999999999999994,12.025799999999998,0.75,0.51,38.52677976731433,-1.0,2.7273124744590524,31.49,12,182.45
355.62,31.49,66.98954270899335,0,38.1,47.089918016363825,0,43.71666666666667,11.93,18.15,23.58,2024,33.5,1,5.65,0.0,6,50.25,98.77,83.52166666666666,53.25,2024-01-06 13:00:00,43.06,57.654941727866195,Hourly,45.03,1.6,11.91,7.44,40.13,0.0,41.06,13.73508597230712,Siltara,43.06,5,-0.2588190451025208,52.903333333333336,0.8660254037844387,28.82,64.74791666666667,141.9845,0.49999999999999994,5.9895,0.51,0.33,38.39184288125345,-0.9659258262890683,1.1373800303065746,25.13,13,77.72
328.38,25.13,63.00038229222515,0,38.1,48.32184582661238,0,42.39333333333334,11.92,25.02,18.15,2024,33.5,1,8.92,-0.046446818392940084,6,68.69,100.83,78.7125,50.25,2024-01-06 14:00:00,43.06,52.913529805618715,Hourly,43.06,0.86,11.93,5.65,28.82,-2.0,26.32,6.980944539721501,Siltara,41.06,5,-0.4999999999999997,46.79333333333333,0.8660254037844387,48.92,64.87124999999999,290.07840000000004,0.49999999999999994,17.7642,0.33,0.71,38.30717588724771,-0.8660254037844388,1.1547005383822933,32.52,14,60.1
293.79,32.52,57.35724655495974,0,37.97,49.98013593297616,0,36.81333333333333,11.9,17.79,25.02,2024,32.78,1,5.02,-0.35898684851436924,6,76.56,69.83,72.50333333333333,68.69,2024-01-06 15:00:00,41.06,45.315378432584794,Hourly,43.06,1.03,11.92,8.92,48.92,-14.740000000000002,30.39,7.688647908876247,Siltara,26.32,5,-0.7071067811865471,41.163333333333334,0.8660254037844387,51.83,64.38041666666668,123.8434,0.49999999999999994,7.293899999999999,0.71,0.41,38.73815706589989,-0.7071067811865479,9.142348348938645,24.67,15,48.45
265.24,24.67,53.208439392658235,0,37.79,51.447160772146965,0,32.589999999999996,11.91,20.16,17.79,2024,31.85,1,5.87,0.15463525835866263,6,94.34,65.76,69.21666666666665,76.56,2024-01-06 16:00:00,26.32,41.05098459470343,Hourly,41.06,1.27,11.9,5.02,51.83,4.07,31.29,7.79980939938066,Siltara,30.39,5,-0.8660254037844385,38.153333333333336,0.8660254037844387,50.86,64.06458333333333,169.4669,0.49999999999999994,4.2336,0.41,0.21,38.99290626446413,-0.5000000000000004,7.612286121790774,28.87,16,45.03
287.72,28.87,49.83637179378774,0,37.79,52.60693204552429,0,29.333333333333332,11.9,22.17,20.16,2024,31.85,1,7.11,0.02961500493583411,6,112.09,167.2,66.34416666666667,94.34,2024-01-06 17:00:00,30.39,38.26213185335959,Hourly,26.32,1.21,11.91,5.87,50.86,0.8999999999999986,26.42,7.382917219274963,Siltara,31.29,5,-0.9659258262890683,35.86333333333334,0.8660254037844387,59.02,63.793749999999996,222.6141,0.49999999999999994,14.1888,0.21,0.64,39.205331360227376,-0.25881904510252063,2.648137710418809,31.31,17,43.06
251.09,31.31,46.23385305628194,0,37.79,42.86642914597923,0,29.366666666666664,11.91,28.97,22.17,2024,31.85,1,8.09,-0.15564077980185356,6,125.71,182.45,54.612500000000004,112.09,2024-01-06 18:00:00,31.29,34.878665609542566,Hourly,30.39,0.92,11.9,7.11,59.02,-4.869999999999997,31.61,7.263244454099,Siltara,26.42,5,-1.0,33.089999999999996,0.8660254037844387,73.11,63.32,334.6833,0.49999999999999994,10.4292,0.64,0.36,39.5999285243098,-1.8369701987210297e-16,2.5912609543120437,41.37,18,43.06
246.73,41.37,43.98402950916164,0,43.97,15.086020093872056,0,29.77333333333333,11.9,28.78,28.97,2024,34.24,1,6.25,0.1964420893262679,6,134.87,77.72,42.0425,125.71,2024-01-06 19:00:00,26.42,33.94476114967326,Hourly,31.29,0.85,11.91,8.09,73.11,5.189999999999998,36.36,5.379826824969967,Siltara,31.61,5,-0.9659258262890684,31.18166666666667,0.8660254037844387,61.78,63.06249999999999,273.8125,0.49999999999999994,16.4046,0.36,0.57,39.79277935920592,0.2588190451025203,2.908476118750523,43.81,19,41.06
234.64,43.81,42.81110189236754,0,52.05,10.091944094476764,0,31.463333333333335,11.9,42.18,28.78,2024,37.36,1,4.23,0.15026890224612466,6,145.06,60.1,38.59583333333334,134.87,2024-01-06 20:00:00,31.61,34.63482939262376,Hourly,26.42,0.72,11.9,6.25,61.78,4.75,41.77,3.748724672027325,Siltara,36.36,5,-0.8660254037844386,30.39833333333333,0.8660254037844387,79.51,62.745416666666664,307.098,0.49999999999999994,24.464399999999998,0.57,0.58,39.98140252223448,0.5000000000000001,4.971622806824937,72.6,20,26.32
233.58,72.6,42.65093237046484,0,52.05,7.627508628560937,0,36.580000000000005,11.9,26.11,42.18,2024,37.36,1,3.41,0.1487898789878989,6,168.43,48.45,37.068333333333335,145.06,2024-01-06 21:00:00,36.36,36.67344956615983,Hourly,31.61,0.89,11.9,4.23,79.51,5.410000000000004,53.42,5.35094259609151,Siltara,41.77,5,-0.7071067811865477,32.973333333333336,0.8660254037844387,71.28,62.31708333333333,147.7212,0.49999999999999994,22.1935,0.58,0.85,40.15565448072503,0.7071067811865474,5.083571579117169,43.32,21,30.39
142.68,43.32,44.30771200577794,0,52.05,8.397748751355497,0,43.85,11.91,41.51,26.11,2024,37.36,1,9.5,0.27890830739765377,6,175.92,45.03,37.4825,168.43,2024-01-06 22:00:00,41.77,41.45817826154274,Hourly,36.36,0.92,11.9,3.41,71.28,11.649999999999999,63.83,9.655658272053067,Siltara,53.42,5,-0.5000000000000004,36.81166666666667,0.8660254037844387,76.82,62.37416666666667,579.975,0.49999999999999994,35.6986,0.85,0.86,40.14139595032278,0.8660254037844384,8.718124798373035,61.05,22,31.29
203.78,61.05,47.311140927965944,0,58.07,11.214911711509526,0,53.00666666666667,11.9,19.6,41.51,2024,36.77,1,3.71,0.19487083489329832,6,177.25,43.06,39.04916666666667,175.92,2024-01-06 23:00:00,53.42,47.850127329673384,Hourly,41.77,0.8,11.91,9.5,76.82,10.409999999999997,66.63,14.065453778673495,Siltara,63.83,5,-0.25881904510252157,42.235,0.8660254037844387,37.95,62.865,113.4889,0.49999999999999994,8.036,0.86,0.41,40.08164352700744,0.9659258262890681,11.03580687278184,30.59,23,26.42
219.82,30.59,50.283273092894255,23,65.96,13.757103509448527,1,61.29333333333333,11.91,21.99,19.6,2024,36.0,1,19.39,0.043866520444931806,7,44.92,43.06,41.013333333333335,177.25,2024-01-07 01:00:00,63.83,53.215805235480985,Hourly,53.42,0.89,11.9,3.71,37.95,2.799999999999997,15.22,14.592551067810852,Siltara,66.63,6,0.25881904510252074,48.93666666666667,0.8660254037844387,35.472307692307695,63.22166666666667,206.69740000000002,0.49999999999999994,4.398,0.41,0.2,40.075205135678054,0.9659258262890683,6.960749480719579,10.66,1,31.61
220.28,10.66,44.88892338629514,23,98.77,15.60406493270988,1,48.56,11.91,21.36,21.99,2024,36.0,1,19.31,-0.7715743659012457,7,36.28,41.06,38.693333333333335,44.92,2024-01-07 02:00:00,66.63,42.359860882486416,Hourly,63.83,1.17,11.91,19.39,35.472307692307695,-51.41,13.57,19.26935883728363,Siltara,15.22,6,0.49999999999999994,46.205000000000005,0.8660254037844387,34.23346153846154,61.107499999999995,184.9898,0.49999999999999994,4.272,0.2,0.2,41.245761969380474,0.8660254037844387,28.907208443570028,9.58,2,36.36
228.72,9.58,40.07062748071127,23,100.83,17.16487169933201,1,31.80666666666667,11.92,19.74,21.36,2024,36.0,1,17.8,-0.10840998685939555,7,44.16,26.32,36.4025,36.28,2024-01-07 03:00:00,15.22,34.13418634463315,Hourly,66.63,1.44,11.91,19.31,34.23346153846154,-1.6500000000000004,27.55,23.401265492846047,Siltara,13.57,6,0.7071067811865476,42.406666666666666,0.8660254037844387,32.994615384615386,57.557500000000005,160.02200000000002,0.49999999999999994,3.948,0.2,0.2,41.528819877704116,0.7071067811865476,30.169173560661914,8.99,3,41.77
242.73,8.99,38.144377099063384,23,69.83,17.102750709115927,1,18.78,11.92,18.87,19.74,2024,37.75,1,16.38,1.0302137067059691,7,84.41,30.39,36.504999999999995,44.16,2024-01-07 04:00:00,13.57,32.25299024616654,Hourly,15.22,1.21,11.92,17.8,32.994615384615386,13.98,62.35,24.185573937094546,Siltara,27.55,6,0.8660254037844386,40.03666666666667,0.8660254037844387,,54.50416666666667,169.2054,0.49999999999999994,3.7740000000000005,0.2,0.2,40.898059262626205,0.5000000000000001,7.639718581205114,10.33,4,53.42
239.86,10.33,41.86831908382286,23,65.76,18.495688850664358,1,34.49,11.91,18.39,18.87,2024,40.05,1,16.37,1.263157894736842,7,106.87,31.29,39.16833333333333,84.41,2024-01-07 05:00:00,27.55,40.85213589011896,Hourly,13.57,1.23,11.92,16.38,,34.8,78.89,25.417278965302334,Siltara,62.35,6,0.9659258262890683,41.525,0.8660254037844387,,54.192499999999995,147.33,0.49999999999999994,3.6780000000000004,0.2,0.2,40.80458384842918,0.25881904510252074,25.119609869582135,9.0,5,63.83
237.11,9.0,47.563962301696264,23,167.2,21.510937809740643,1,56.26333333333334,11.91,18.64,18.39,2024,40.05,1,16.55,0.26527666399358457,7,138.15,26.42,43.135,106.87,2024-01-07 06:00:00,62.35,51.720097064370684,Hourly,27.55,1.14,11.91,16.37,,16.54,167.79,28.604265241393644,Siltara,78.89,6,1.0,44.035000000000004,0.8660254037844387,,54.739583333333336,144.8125,0.49999999999999994,3.728,0.2,0.2,41.05367626171204,6.123233995736766e-17,26.205620262328047,8.75,6,66.63
238.32,8.75,66.06027579374299,23,182.45,41.21335429165748,1,103.00999999999999,11.91,21.43,18.64,2024,40.05,1,18.13,1.126885536823425,7,166.51,31.61,54.91583333333333,138.15,2024-01-07 07:00:00,78.89,84.88292647455049,Hourly,62.35,1.33,11.91,16.55,,88.89999999999999,204.85,58.634850302529145,Siltara,167.79,6,0.9659258262890683,60.895,0.8660254037844387,,54.76416666666666,208.6763,0.49999999999999994,4.2860000000000005,0.2,0.2,41.124062872015195,-0.25881904510252063,56.70739986985823,11.51,7,15.22
235.29,11.51,87.41254105624407,23,77.72,58.8681350948494,1,150.51,11.91,21.69,21.43,2024,42.11,1,19.34,0.220871327254306,7,173.46,36.36,69.3525,166.51,2024-01-07 08:00:00,167.79,119.1592331961075,Hourly,78.89,1.1,11.91,18.13,,37.06,179.34,77.24481678404062,Siltara,204.85,6,0.8660254037844387,92.5,0.8660254037844387,,55.6975,210.41920000000002,0.49999999999999994,4.338,0.2,0.2,44.280977980048895,-0.4999999999999998,64.73352454485997,10.88,8,13.57
236.81,10.88,101.55522704759113,23,60.1,65.66109199726056,1,183.99333333333334,11.91,22.49,21.69,2024,44.81,1,20.29,-0.12453014400781055,7,148.8,41.77,81.2675,173.46,2024-01-07 09:00:00,204.85,136.35373799721964,Hourly,167.79,1.26,11.91,19.34,,-25.50999999999999,40.31,72.89046643194618,Siltara,179.34,6,0.7071067811865476,120.12833333333333,0.8660254037844387,,59.93166666666667,207.7696,0.49999999999999994,4.498,0.2,0.2,50.8496148219064,-0.7071067811865475,18.96314935165881,10.24,9,27.55
246.03,10.24,92.13288442488481,23,48.45,65.74223472407321,1,141.5,11.91,23.12,22.49,2024,44.81,1,20.91,-0.7752314040370246,7,125.63,53.42,81.14583333333333,148.8,2024-01-07 10:00:00,179.34,108.91266999801402,Hourly,204.85,1.58,11.91,20.29,,-139.03,42.95,69.76844953128891,Siltara,40.31,6,0.49999999999999994,122.255,0.8660254037844387,,59.10708333333333,224.5734,0.49999999999999994,4.6240000000000006,0.2,0.2,51.00698140443878,-0.8660254037844387,88.55649100997617,10.74,10,62.35
245.74,10.74,84.56628682105637,23,45.03,66.21145222739487,1,87.53333333333335,11.91,23.82,23.12,2024,44.81,1,22.1,0.06549243363929547,7,118.35,63.83,80.27333333333334,125.63,2024-01-07 11:00:00,40.31,90.06619285572431,Hourly,179.34,1.2,11.91,20.91,,2.6400000000000006,88.95,73.45220225879325,Siltara,42.95,6,0.258819045102521,119.02166666666666,0.8660254037844387,,58.87791666666667,227.63000000000002,0.49999999999999994,4.764,0.2,0.2,51.06926115190487,-0.9659258262890682,79.51786235389716,10.3,11,78.89
243.39,10.3,85.24070423320154,23,43.06,66.04119738099195,1,57.403333333333336,11.92,23.14,23.82,2024,41.83,1,21.37,1.071012805587893,7,120.1,66.63,82.36666666666666,118.35,2024-01-07 12:00:00,42.95,89.74728061123164,Hourly,40.31,1.37,11.91,22.1,,46.0,109.18,72.46104785791242,Siltara,88.95,6,1.2246467991473532e-16,120.69833333333332,0.8660254037844387,,60.70791666666667,215.6233,0.49999999999999994,4.628,0.2,0.2,51.337666820780434,-1.0,27.352084625003233,10.09,12,167.79
245.01,10.09,88.923672812709,23,43.06,66.26137928002174,1,80.36,11.91,23.3,23.14,2024,38.1,1,20.73,0.2274311410905003,7,123.28,15.22,85.91250000000001,120.1,2024-01-07 13:00:00,88.95,95.29948615087974,Hourly,42.95,1.31,11.92,21.37,,20.230000000000004,104.88,68.69576726407534,Siltara,109.18,6,-0.2588190451025208,110.93,0.8660254037844387,,63.462916666666665,243.1629,0.49999999999999994,4.66,0.2,0.2,52.11764371856592,-0.9659258262890683,33.940304948541666,11.73,13,204.85
234.79,11.73,91.37849237998455,23,41.06,62.514508200945215,1,101.00333333333333,11.92,22.52,23.3,2024,38.1,1,19.56,-0.039384502656164236,7,126.67,13.57,93.38416666666666,123.28,2024-01-07 14:00:00,109.18,98.03677582205697,Hourly,88.95,1.32,11.91,20.73,,-4.300000000000011,101.35,51.27477251696658,Siltara,104.88,6,-0.4999999999999997,94.26833333333333,0.8660254037844387,,66.03875000000001,223.76639999999998,0.49999999999999994,4.5040000000000004,0.2,0.2,52.59094808147793,-0.8660254037844388,10.65760917529498,11.44,14,179.34
247.04,11.44,92.91257047537155,23,26.32,57.239325079931255,1,105.13666666666666,11.91,23.57,22.52,2024,38.1,1,19.16,-0.03365751334858887,7,111.68,27.55,100.69916666666667,126.67,2024-01-07 15:00:00,104.88,98.98341130146926,Hourly,109.18,1.68,11.92,19.56,,-3.530000000000001,91.3,31.44752136496617,Siltara,101.35,6,-0.7071067811865471,81.27,0.8660254037844387,,68.55083333333333,268.8148,0.49999999999999994,4.714,0.2,0.2,52.78548581114749,-0.7071067811865479,3.921305054867721,14.03,15,40.31
241.69,14.03,92.66448270992977,23,30.39,52.60367734005824,1,99.17666666666666,11.9,21.24,23.57,2024,37.97,1,18.29,-0.09916132215096199,7,106.49,62.35,106.01166666666667,111.68,2024-01-07 16:00:00,101.35,96.78815092962091,Hourly,104.88,1.27,11.91,19.16,,-10.049999999999997,71.87,24.225120364338157,Siltara,91.3,6,-0.8660254037844385,89.76833333333333,0.8660254037844387,,71.25833333333333,212.34689999999998,0.49999999999999994,4.248,0.2,0.2,52.18829651132173,-0.5000000000000004,7.046036711040631,11.61,16,42.95
242.36,11.61,89.46533152378673,23,31.29,51.953104115853506,1,88.17333333333333,11.91,22.3,21.24,2024,37.79,1,18.9,-0.212814895947426,7,102.68,78.89,106.80499999999999,106.49,2024-01-07 17:00:00,91.3,89.6686792354435,Hourly,101.35,1.82,11.9,18.29,,-19.429999999999993,74.94,13.588832792652637,Siltara,71.87,6,-0.9659258262890683,94.58833333333332,0.8660254037844387,,72.98666666666666,226.79999999999998,0.49999999999999994,4.46,0.2,0.2,51.457742449227474,-0.25881904510252063,14.98664850236151,12.0,17,88.95
227.26,12.0,87.23066513551184,23,26.42,52.1581564193041,1,79.37,11.91,21.72,22.3,2024,37.79,1,19.56,0.04271601502713222,7,104.21,167.79,106.47583333333334,102.68,2024-01-07 18:00:00,71.87,85.46048516817393,Hourly,91.3,1.48,11.91,18.9,,3.069999999999993,61.4,15.778686468355707,Siltara,74.94,6,-1.0,92.25333333333333,0.8660254037844387,,74.80541666666667,215.16,0.49999999999999994,4.344,0.2,0.2,50.68551718186139,-1.8369701987210297e-16,10.44508975547856,11.0,18,109.18
226.34,11.0,83.25671665312541,23,31.61,49.776202601790864,1,69.40333333333332,11.91,24.48,21.72,2024,37.79,1,20.88,-0.1806778756338404,7,116.57,204.85,97.61000000000001,104.21,2024-01-07 19:00:00,74.94,78.58606083440995,Hourly,71.87,1.69,11.91,19.56,,-13.54,52.36,17.491499649830036,Siltara,61.4,6,-0.9659258262890684,84.29,0.8660254037844387,,76.26291666666667,274.572,0.49999999999999994,4.896000000000001,0.2,0.2,49.72754957541519,0.2588190451025203,7.0990304502332435,13.15,19,104.88
228.7,13.15,78.50337562956764,23,36.36,37.975772210713316,1,62.9,11.92,23.88,24.48,2024,43.97,1,20.46,-0.1472312703583062,7,120.82,179.34,84.90249999999999,116.57,2024-01-07 20:00:00,61.4,71.0929005960071,Hourly,74.94,1.29,11.91,20.88,,-9.04,58.25,18.251654902136146,Siltara,52.36,6,-0.8660254037844386,75.53666666666668,0.8660254037844387,,77.12750000000001,258.2052,0.49999999999999994,4.776,0.2,0.2,49.09378675378484,0.5000000000000001,11.36448854986474,12.62,20,101.35
229.98,12.62,75.38747168655723,23,41.77,24.184456628674287,1,57.336666666666666,11.92,22.03,23.88,2024,52.05,1,19.22,0.11249045072574486,7,103.12,40.31,74.81166666666667,120.82,2024-01-07 21:00:00,52.36,67.42350042571935,Hourly,61.4,1.3,11.92,20.46,,5.890000000000001,49.25,14.060679452525399,Siltara,58.25,6,-0.7071067811865477,68.35333333333334,0.8660254037844387,,78.03958333333334,211.42,0.49999999999999994,4.406000000000001,0.2,0.2,48.5032509425169,0.7071067811865474,4.58868536002866,11.0,21,91.3
226.21,11.0,71.36632219631765,23,53.42,23.14016749107786,1,53.28666666666666,11.91,20.71,22.03,2024,52.05,1,17.97,-0.15450643776824036,7,93.72,42.95,75.55666666666666,103.12,2024-01-07 22:00:00,58.25,62.23107173265668,Hourly,52.36,1.06,11.92,19.22,,-9.0,55.3,10.316985509343462,Siltara,49.25,6,-0.5000000000000004,61.345,0.8660254037844387,,78.35125000000001,204.858,0.49999999999999994,4.142,0.2,0.2,48.28359576614721,0.8660254037844384,4.570999161380609,11.4,22,71.87
224.17,11.4,68.8945803199611,23,63.83,21.793594746385516,1,54.26666666666667,11.91,20.69,20.71,2024,52.05,1,18.04,0.12284263959390858,7,86.29,88.95,76.58583333333333,93.72,2024-01-07 23:00:00,49.25,60.2507655233262,Hourly,58.25,1.44,11.91,17.97,,6.049999999999997,67.42,9.079719525771129,Siltara,55.3,6,-0.25881904510252157,58.583333333333336,0.8660254037844387,,78.42958333333333,196.8164,0.49999999999999994,4.138000000000001,0.2,0.2,48.242897605596525,0.9659258262890681,4.588118713954773,10.91,23,74.94
243.37,10.91,68.66772180919784,0,66.63,21.56824257742789,0,57.32333333333333,11.93,24.54,20.69,2024,58.07,1,24.69,0.21916817359855345,8,63.91,109.18,74.79166666666667,86.29,2024-01-08 01:00:00,55.3,62.299118230947286,Hourly,49.25,0.79,11.91,18.04,,12.120000000000005,33.49,6.531884873449837,Siltara,67.42,0,0.25881904510252074,57.330000000000005,0.8660254037844387,5.74,78.57916666666667,190.3599,0.49999999999999994,27.975599999999996,0.2,1.14,48.20120916006949,0.9659258262890683,9.252439318003727,7.71,1,61.4
248.06,7.71,63.255764607782794,0,15.22,21.664666440305098,0,52.07,11.91,24.2,24.54,2024,65.96,1,24.1,-0.5032631266686443,8,24.0,104.88,68.48416666666667,63.91,2024-01-08 02:00:00,67.42,54.06794159353378,Hourly,55.3,0.69,11.93,24.69,5.74,-33.93,17.71,11.271914507601151,Siltara,33.49,0,0.49999999999999994,52.678333333333335,0.8660254037844387,6.14,77.19833333333334,184.365,0.49999999999999994,25.41,1.14,1.05,49.026031476337685,0.8660254037844387,17.194065836794078,7.65,2,52.36
240.94,7.65,56.24872389889313,0,13.57,22.928896813647484,0,39.54,11.91,23.74,24.2,2024,98.77,1,23.66,-0.4711854284861153,8,12.13,101.35,61.22,24.0,2024-01-08 03:00:00,33.49,43.67995828109556,Hourly,67.42,0.63,11.91,24.1,6.14,-15.780000000000001,8.06,18.209116031995325,Siltara,17.71,0,0.7071067811865476,46.903333333333336,0.8660254037844387,5.92,77.30208333333333,176.267,0.49999999999999994,23.265199999999997,1.05,0.98,48.89161935646143,0.7071067811865476,25.401238158798726,7.45,3,58.25
250.33,7.45,48.83507406829419,0,27.55,23.881133846362136,0,19.753333333333334,11.91,23.23,23.74,2024,100.83,1,23.2,-0.5448898927159797,8,22.26,91.3,53.445833333333326,12.13,2024-01-08 04:00:00,17.71,33.50282734363969,Hourly,33.49,0.6,11.91,23.66,5.92,-9.65,20.91,22.882647938266867,Siltara,8.06,0,0.8660254037844386,38.538333333333334,0.8660254037844387,6.29,77.0725,190.936,0.49999999999999994,22.0685,0.98,0.95,49.215764021915604,0.5000000000000001,12.837547792836084,8.23,4,49.25
241.27,8.23,44.53890882701816,0,62.35,22.33248876738638,0,15.56,11.91,25.26,23.23,2024,69.83,1,24.82,1.594292803970223,8,36.52,71.87,47.580000000000005,22.26,2024-01-08 05:00:00,8.06,29.904876674028348,Hourly,17.71,0.47,11.91,23.2,6.29,12.85,30.25,23.15269725107643,Siltara,20.91,0,0.9659258262890683,33.815,0.8660254037844387,5.94,76.79583333333333,217.175,0.49999999999999994,24.7548,0.95,0.98,49.52395739232795,0.25881904510252074,6.689357218748172,8.75,5,55.3
229.71,8.75,42.34061516132306,0,78.89,21.4308896999942,0,19.74,11.91,27.35,25.26,2024,65.76,1,26.61,0.446676231468197,8,41.99,74.94,44.11166666666667,36.52,2024-01-08 06:00:00,20.91,30.00348333859168,Hourly,8.06,1.0,11.91,24.82,5.94,9.34,24.7,20.624050038729102,Siltara,30.25,0,1.0,29.640000000000004,0.8660254037844387,5.97,75.45833333333333,261.8424,0.49999999999999994,26.803,0.98,0.98,50.35751009718827,6.123233995736766e-17,11.141171392632698,9.84,6,67.42
236.79,9.84,39.62667436727335,0,167.79,19.698181503515457,0,25.286666666666665,11.91,28.93,27.35,2024,167.2,1,30.0,-0.1834710743801653,8,23.89,61.4,39.925,41.99,2024-01-08 07:00:00,30.25,28.48820238470834,Hourly,20.91,0.78,11.91,26.61,5.97,-5.550000000000001,0.3,9.16150642634724,Siltara,24.7,0,0.9659258262890683,22.52,0.8660254037844387,5.95,73.20041666666667,240.29999999999998,0.49999999999999994,25.4584,0.98,0.88,51.4010186398106,-0.25881904510252063,4.697556102203483,8.01,7,33.49
230.07,8.01,33.57641677230822,0,204.85,21.46046273047355,0,18.416666666666668,11.91,29.72,28.93,2024,182.45,1,30.83,-0.9878542510121457,8,23.16,52.36,34.833333333333336,23.89,2024-01-08 08:00:00,24.7,20.434430274791673,Hourly,30.25,1.05,11.91,30.0,5.95,-24.4,0.83,11.040448209500749,Siltara,0.3,0,0.8660254037844387,16.988333333333333,0.8660254037844387,4.71,66.22166666666666,244.1736,0.49999999999999994,24.370399999999997,0.88,0.82,49.328490371375175,-0.4999999999999998,15.933010805662278,7.92,8,17.71
233.75,7.92,28.53850649964542,0,179.34,22.751284262784907,0,8.61,11.91,30.32,29.72,2024,77.72,1,30.44,1.7666666666666668,8,16.97,58.25,30.53916666666667,23.16,2024-01-08 09:00:00,0.3,14.833164481994052,Hourly,24.7,0.93,11.91,30.83,4.71,0.53,3.08,12.826062139253871,Siltara,0.83,0,0.7071067811865476,14.174999999999999,0.8660254037844387,4.36,57.72083333333334,293.44160000000005,0.49999999999999994,23.6496,0.82,0.78,41.33101497998052,-0.7071067811865475,13.936868371338662,9.64,9,8.06
246.63,9.64,24.62181319200766,0,40.31,22.210361559552425,0,1.4033333333333333,11.91,30.56,30.32,2024,60.1,1,30.79,2.710843373493976,8,18.63,49.25,25.941666666666666,16.97,2024-01-08 10:00:00,0.83,11.47511748713861,Hourly,0.3,0.97,11.91,30.44,4.36,2.25,8.46,13.447020115996018,Siltara,3.08,0,0.49999999999999994,13.344999999999999,0.8660254037844387,4.45,50.376666666666665,366.70889999999997,0.49999999999999994,25.670399999999997,0.78,0.84,33.744391181823026,-0.8660254037844387,1.4760194217404756,11.91,10,20.91
242.87,11.91,22.135380393237252,0,42.95,21.426364441542606,0,4.123333333333334,11.91,30.34,30.56,2024,48.45,1,30.02,1.746753246753247,8,25.84,55.3,22.5425,18.63,2024-01-08 11:00:00,3.08,10.61365534795615,Hourly,0.83,0.94,11.91,30.79,4.45,5.380000000000001,16.21,12.999323059298186,Siltara,8.46,0,0.258819045102521,11.270000000000001,0.8660254037844387,4.43,49.04958333333334,310.1066,0.49999999999999994,24.8788,0.84,0.82,34.76825894769013,-0.9659258262890682,3.9205399288050122,10.33,11,30.25
243.96,10.33,21.22378340966229,0,88.95,18.80447504766259,0,9.25,11.91,25.47,30.34,2024,45.03,1,19.23,0.9160756501182032,8,26.66,67.42,19.285,25.84,2024-01-08 12:00:00,8.46,12.212610962825822,Hourly,3.08,0.7,11.91,30.02,4.43,7.75,16.5,9.759319648418199,Siltara,16.21,0,1.2246467991473532e-16,8.93,0.8660254037844387,5.2,47.93541666666667,470.7504,0.49999999999999994,24.9606,0.82,0.98,35.39502089512984,-1.0,6.6005530071365826,24.48,12,24.7
256.63,24.48,20.497047500483475,0,109.18,11.137155531522232,0,13.723333333333334,11.91,16.02,25.47,2024,43.06,1,5.41,0.017890191239975272,8,24.42,33.49,15.041666666666666,26.66,2024-01-08 13:00:00,16.21,13.437579259161303,Hourly,8.46,0.83,11.91,19.23,5.2,0.28999999999999915,17.05,7.397660891570264,Siltara,16.5,0,-0.2588190451025208,7.5633333333333335,0.8660254037844387,8.47,44.916666666666664,111.9329,0.49999999999999994,13.4568,0.98,0.84,34.82993061530094,-0.9659258262890683,4.560486085205388,20.69,13,0.3
239.31,20.69,19.966732500409094,0,104.88,9.561134235997878,0,16.58666666666667,11.91,15.05,16.02,2024,43.06,1,4.72,0.033333333333333375,8,14.5,17.71,13.671666666666667,24.42,2024-01-08 14:00:00,16.5,14.469699470829504,Hourly,16.21,0.85,11.91,5.41,8.47,0.5500000000000007,11.63,7.2678380554330975,Siltara,17.05,0,-0.4999999999999997,10.355000000000002,0.8660254037844387,10.5,41.07791666666667,93.83359999999999,0.49999999999999994,11.588500000000002,0.84,0.77,32.43385549742039,-0.8660254037844388,0.4266536456556162,19.88,14,0.83
250.68,19.88,18.684158269576926,0,101.35,9.488499737719874,0,15.06,11.9,14.0,15.05,2024,41.06,1,4.52,-0.31788856304985336,8,5.61,8.06,13.165000000000001,14.5,2024-01-08 15:00:00,17.05,13.658356764878217,Hourly,16.5,0.77,11.91,4.72,10.5,-5.42,3.48,5.57794496208071,Siltara,11.63,0,-0.7071067811865471,12.155000000000001,0.8660254037844387,9.53,37.1925,82.2188,0.49999999999999994,10.64,0.77,0.76,29.948596141882437,-0.7071067811865479,2.983169455464821,18.19,15,3.08
240.44,18.19,16.34505699733432,0,91.3,9.799527199478359,0,10.72,11.91,19.11,14.0,2024,26.32,1,7.67,-0.7007738607050731,8,7.21,20.91,12.783333333333333,5.61,2024-01-08 16:00:00,11.63,10.75025483205587,Hourly,17.05,0.76,11.9,4.52,9.53,-8.15,4.79,5.448682103652977,Siltara,3.48,0,-0.8660254037844385,12.221666666666666,0.8660254037844387,9.99,33.114583333333336,181.7023,0.49999999999999994,16.8168,0.76,0.88,27.386418083988723,-0.5000000000000004,6.830614906435538,23.69,16,8.46
244.59,23.69,14.567355920821349,0,71.87,9.688485199169591,0,6.633333333333333,11.91,15.01,19.11,2024,30.39,1,10.66,0.3764367816091954,8,15.99,30.25,11.440000000000003,7.21,2024-01-08 17:00:00,3.48,9.047324880039907,Hourly,11.63,0.94,11.91,7.67,9.99,1.31,13.57,6.1200555553035265,Siltara,4.79,0,-0.9659258262890683,11.610000000000001,0.8660254037844387,8.83,29.51,149.1334,0.49999999999999994,13.2088,0.88,0.88,24.98283967568298,-0.25881904510252063,4.376532112683937,13.99,17,16.21
244.69,13.99,14.413916548387295,0,74.94,7.74637627891443,0,7.28,11.91,17.15,15.01,2024,31.29,1,14.25,1.8329853862212946,8,22.14,24.7,10.05,15.99,2024-01-08 18:00:00,4.79,10.339517771457077,Hourly,3.48,0.88,11.91,10.66,8.83,8.780000000000001,17.59,5.8102564487293975,Siltara,13.57,0,-1.0,11.17,0.8660254037844387,8.78,27.08083333333333,132.23999999999998,0.49999999999999994,15.606499999999999,0.88,0.91,23.473728129950945,-1.8369701987210297e-16,5.486538070588796,9.28,18,16.5
245.31,9.28,14.902544771712327,0,61.4,6.729083586126242,0,11.983333333333334,11.92,20.4,17.15,2024,26.42,1,19.73,0.2962417096536477,8,23.43,0.3,9.457500000000001,22.14,2024-01-08 19:00:00,13.57,12.41108412246934,Hourly,4.79,1.06,11.91,14.25,8.78,4.02,14.5,6.0233692122157185,Siltara,17.59,0,-0.9659258262890684,11.351666666666667,0.8660254037844387,9.59,24.69125,150.5399,0.49999999999999994,18.768,0.91,0.92,21.198748386453936,0.2588190451025203,6.545848557166012,7.63,19,17.05
245.87,7.63,14.840614806833507,0,52.36,6.200072519124836,0,15.219999999999999,11.91,24.05,20.4,2024,31.61,1,23.92,-0.17566799317794202,8,26.14,0.83,10.640833333333333,23.43,2024-01-08 20:00:00,17.59,13.007917230335243,Hourly,13.57,0.99,11.92,19.73,9.59,-3.09,13.99,5.617154677117963,Siltara,14.5,0,-0.8660254037844386,10.926666666666668,0.8660254037844387,10.32,22.73708333333333,226.76160000000002,0.49999999999999994,22.8475,0.92,0.95,19.78204971996577,0.5000000000000001,2.1044951888797967,9.48,20,11.63
244.21,9.48,14.709750990397582,0,58.25,5.422027673379386,0,15.36,11.92,27.8,24.05,2024,36.36,1,28.49,-0.03517241379310344,8,28.38,3.08,11.737499999999999,26.14,2024-01-08 21:00:00,14.5,13.288512307382316,Hourly,17.59,0.87,11.91,23.92,10.32,-0.5099999999999998,16.19,5.757138177949313,Siltara,13.99,0,-0.7071067811865477,11.32,0.8660254037844387,10.58,21.138333333333332,222.50689999999997,0.49999999999999994,26.688,0.95,0.96,18.810529582880303,0.7071067811865474,1.9479989733103498,7.81,21,3.48
243.28,7.81,14.937481607259492,0,49.25,4.804656831940248,0,14.893333333333336,11.91,29.5,27.8,2024,41.77,1,29.84,0.15725518227305224,8,29.77,8.46,12.829999999999998,28.38,2024-01-08 22:00:00,13.99,14.117508790987369,Hourly,14.5,0.81,11.92,28.49,10.58,2.200000000000001,14.41,4.495564109949746,Siltara,16.19,0,-0.5000000000000004,13.438333333333333,0.8660254037844387,10.36,19.385833333333334,267.96320000000003,0.49999999999999994,30.385,0.96,1.03,17.08257258822257,0.8660254037844384,1.1515352071698164,8.98,22,4.79
242.47,8.98,14.856330590758033,0,55.3,4.615992867357791,0,14.863333333333335,11.91,29.48,29.5,2024,53.42,1,30.3,-0.10994441012970976,8,27.52,16.21,13.325833333333335,29.77,2024-01-08 23:00:00,16.19,14.201077707848121,Hourly,13.99,0.7,11.91,29.84,10.36,-1.7800000000000011,15.7,1.53472364504763,Siltara,14.41,0,-0.25881904510252157,15.041666666666666,0.8660254037844387,10.56,17.934166666666666,249.67200000000003,0.49999999999999994,30.0696,1.03,1.02,15.871827630076176,0.9659258262890681,1.1679611865775505,8.24,23,13.57
336.3,8.24,14.986125884487565,0,67.42,4.589294525567856,0,15.433333333333332,11.92,16.31,29.48,2024,63.83,1,16.13,0.08952116585704366,9,37.1,16.5,13.283333333333333,27.52,2024-01-09 01:00:00,14.41,14.629341219891515,Hourly,16.19,7.45,11.91,30.3,10.56,1.2899999999999991,15.34,1.3629624597428538,Siltara,15.7,1,0.25881904510252074,15.396666666666667,0.8660254037844387,8.64,16.284166666666668,92.58619999999999,0.49999999999999994,10.2753,1.02,0.63,13.73267918274656,0.9659258262890683,0.9194744876022898,5.74,1,17.59
347.98,5.74,15.040568056104863,0,33.49,4.527177192613094,0,15.15,11.91,17.09,16.31,2024,66.63,1,16.63,-0.022929936305732448,9,54.45,17.05,13.186666666666667,37.1,2024-01-09 02:00:00,15.7,14.832386585636796,Hourly,14.41,5.37,11.92,16.13,8.64,-0.35999999999999943,10.12,0.8528872531983837,Siltara,15.34,1,0.49999999999999994,15.021666666666667,0.8660254037844387,8.74,14.114166666666664,106.76459999999999,0.49999999999999994,10.4249,0.63,0.61,8.367882136435963,0.8660254037844387,0.6656575696393989,6.42,2,14.5
319.13,6.42,14.283557585934885,0,17.71,4.430531382725571,0,13.72,11.91,17.11,17.09,2024,15.22,1,16.45,-0.3402868318122556,9,54.45,11.63,12.609166666666667,54.45,2024-01-09 03:00:00,15.34,13.485990418311998,Hourly,15.7,12.12,11.91,16.63,8.74,-5.220000000000001,10.12,2.199721952126739,Siltara,10.12,1,0.7071067811865476,14.291666666666664,0.8660254037844387,8.4,13.140416666666667,95.739,0.49999999999999994,10.4371,0.61,0.61,7.307730557827495,0.7071067811865476,3.122883283124523,5.82,3,13.99
323.91,5.82,13.643010265021825,0,8.06,4.482013211072145,0,11.86,11.9,15.87,17.11,2024,13.57,1,15.35,0.0,9,47.13,3.48,12.483333333333334,54.45,2024-01-09 04:00:00,10.12,12.524278870222856,Hourly,15.34,8.73,11.91,16.45,8.4,0.0,7.58,2.793189335986421,Siltara,10.12,1,0.8660254037844386,13.646666666666667,0.8660254037844387,8.23,12.824166666666665,79.05250000000001,0.49999999999999994,9.363299999999999,0.61,0.59,7.265489550319767,0.5000000000000001,3.0137684051730105,5.15,4,16.19
353.36,5.15,12.710239455018469,0,20.91,3.84417741525841,0,9.273333333333333,11.91,14.74,15.87,2024,27.55,1,13.89,-0.25098814229249006,9,47.13,4.79,12.825000000000001,47.13,2024-01-09 05:00:00,10.12,11.111627764444897,Hourly,10.12,5.66,11.9,15.35,8.23,-2.539999999999999,7.59,3.3760948841328844,Siltara,7.58,1,0.9659258262890683,12.211666666666666,0.8660254037844387,8.26,12.804166666666667,76.5339,0.49999999999999994,8.549199999999999,0.59,0.58,7.279820779368045,0.25881904510252074,1.4664696837483768,5.51,5,14.41
28.53,5.51,11.92251030809255,0,30.25,3.3675640868097405,0,8.430000000000001,11.92,15.36,14.74,2024,62.35,1,14.53,0.0013192612137202884,9,40.51,13.57,13.058333333333332,47.13,2024-01-09 06:00:00,7.58,10.105448403174927,Hourly,10.12,2.35,11.91,13.89,8.26,0.009999999999999787,7.89,3.6267106308611865,Siltara,7.59,1,1.0,11.075000000000001,0.8660254037844387,8.22,12.249166666666667,82.53039999999999,0.49999999999999994,8.755199999999999,0.58,0.57,7.141408895624261,6.123233995736766e-17,1.4635914730620527,5.68,6,15.7
26.03,5.68,11.302124106847542,0,24.7,3.6743175000116572,0,7.686666666666667,11.91,16.47,15.36,2024,78.89,1,16.22,0.03952569169960472,9,88.72,17.59,12.584999999999999,40.51,2024-01-09 07:00:00,7.59,9.472463145124948,Hourly,7.58,2.64,11.92,14.53,8.22,0.2999999999999998,7.96,2.978346297304629,Siltara,7.89,1,0.9659258262890683,9.773333333333333,0.8660254037844387,6.98,11.3175,90.6698,0.49999999999999994,9.882,0.57,0.6,6.068929602635677,-0.25881904510252063,0.17616280354682737,5.59,7,15.34
29.99,5.59,10.787951167332535,0,0.3,3.5306350832239626,0,7.813333333333335,11.91,19.45,16.47,2024,167.79,1,19.16,0.008871989860583053,9,100.82,14.5,11.782499999999999,88.72,2024-01-09 08:00:00,7.89,9.04033081794639,Hourly,7.59,2.95,11.91,16.22,6.98,0.07000000000000028,9.78,1.2309129403285077,Siltara,7.96,1,0.8660254037844387,8.543333333333331,0.8660254037844387,6.81,10.62,117.834,0.49999999999999994,12.059,0.6,0.62,5.3877445470582845,-0.4999999999999998,0.19655363988856883,6.15,8,10.12
351.88,6.15,10.632881756973683,0,0.83,3.4626302622884966,0,8.543333333333335,11.91,18.91,19.45,2024,204.85,1,18.45,0.22864321608040195,9,131.59,13.99,11.389166666666666,100.82,2024-01-09 09:00:00,7.96,9.251664869961708,Hourly,7.89,3.13,11.91,19.16,6.81,1.8199999999999994,9.78,1.1489067267050759,Siltara,9.78,1,0.7071067811865476,8.486666666666666,0.8660254037844387,7.2,11.015,117.342,0.49999999999999994,13.047899999999998,0.62,0.69,4.925964041600275,-0.7071067811865475,1.071556500308432,6.36,9,10.12
338.71,6.36,10.501669178977732,0,3.08,3.3876240891928555,0,9.173333333333334,11.91,19.1,18.91,2024,179.34,1,18.84,0.0,9,148.27,16.19,11.038333333333332,131.59,2024-01-09 10:00:00,9.78,9.402617764258363,Hourly,7.96,4.82,11.91,18.45,7.2,0.0,10.28,1.0569389764794865,Siltara,9.78,1,0.49999999999999994,8.43,0.8660254037844387,7.7,11.387916666666664,124.7208,0.49999999999999994,13.370000000000001,0.69,0.7,4.43577940719372,-0.8660254037844387,1.0507774899345195,6.62,10,7.58
350.63,6.62,10.467566228365772,0,8.46,2.975058313660373,0,9.946666666666667,11.91,18.91,19.1,2024,40.31,1,18.12,0.05112474437627812,9,148.27,14.41,10.545833333333333,148.27,2024-01-09 11:00:00,9.78,9.653298403041688,Hourly,9.78,4.38,11.91,18.84,7.7,0.5,19.01,1.1891677762206276,Siltara,10.28,1,0.258819045102521,8.88,0.8660254037844387,8.17,11.687916666666666,121.40400000000001,0.49999999999999994,13.6152,0.7,0.72,4.07856110514656,-0.9659258262890682,0.28867513462867933,6.7,11,7.59
62.47,6.7,11.781786808617191,0,16.21,3.7210420298434603,0,13.023333333333335,11.91,20.97,18.91,2024,42.95,1,19.16,0.8492217898832688,9,139.11,15.7,10.929166666666667,148.27,2024-01-09 12:00:00,10.28,12.326641716458349,Hourly,9.78,1.17,11.91,18.12,8.17,8.730000000000002,32.05,4.154210715246426,Siltara,19.01,1,1.2246467991473532e-16,10.783333333333331,0.8660254037844387,8.31,12.1275,173.58960000000002,0.49999999999999994,14.2596,0.72,0.68,4.279135680709553,-1.0,5.190629377383062,9.06,12,7.89
40.82,9.06,14.899973453445316,0,16.5,7.092631045775464,0,20.44666666666667,11.91,19.63,20.97,2024,88.95,1,18.05,0.685954760652288,9,129.71,15.34,12.291666666666666,139.11,2024-01-09 13:00:00,19.01,17.961886940327393,Hourly,10.28,2.4,11.91,19.16,8.31,13.039999999999996,32.05,9.304867543388331,Siltara,32.05,1,-0.2588190451025208,14.809999999999997,0.8660254037844387,9.13,12.7875,147.649,0.49999999999999994,13.3484,0.68,0.68,5.864179582339004,-0.9659258262890683,10.955876657454212,8.18,13,7.96
356.43,8.18,17.53843907599219,0,17.05,9.10139995058941,0,27.703333333333333,11.91,20.41,19.63,2024,109.18,1,18.07,0.0,9,136.58,10.12,13.684166666666664,129.71,2024-01-09 14:00:00,32.05,21.98706210023385,Hourly,19.01,2.82,11.91,18.05,9.13,0.0,17.63,10.830295933168294,Siltara,32.05,1,-0.4999999999999997,18.825,0.8660254037844387,8.68,13.435416666666667,174.7369,0.49999999999999994,13.470600000000001,0.68,0.66,7.0344617415096,-0.8660254037844388,7.528647510233702,9.67,14,9.78
30.39,9.67,17.55252537199339,0,11.63,9.092237448404255,0,27.24333333333333,11.91,20.12,20.41,2024,104.88,1,19.1,-0.44992199687987516,9,156.49,10.12,14.309999999999997,136.58,2024-01-09 15:00:00,32.05,20.74218721445275,Hourly,32.05,3.05,11.91,18.07,8.68,-14.419999999999998,19.8,9.958133693954323,Siltara,17.63,1,-0.7071067811865471,20.133333333333333,0.8660254037844387,8.59,13.459583333333335,143.632,0.49999999999999994,13.279200000000001,0.66,0.66,7.048401902847668,-0.7071067811865479,8.3253908817153,7.52,15,9.78
30.27,7.52,17.89829069937902,0,3.48,9.116080032091538,0,23.16,11.91,17.26,20.12,2024,101.35,1,16.22,0.12308564946114588,9,171.81,7.58,15.116666666666665,156.49,2024-01-09 16:00:00,17.63,20.47299086746625,Hourly,32.05,3.61,11.91,19.1,8.59,2.1700000000000017,24.98,8.625640072868125,Siltara,19.8,1,-0.8660254037844385,21.80333333333333,0.8660254037844387,8.43,13.800000000000002,118.2438,0.49999999999999994,10.7012,0.66,0.62,7.152717938871359,-0.5000000000000004,7.775043408239984,7.29,16,10.28
35.21,7.29,18.987784437936096,0,4.79,9.191824760308771,0,20.803333333333338,11.92,16.27,17.26,2024,91.3,1,14.9,0.2616161616161616,9,171.81,7.59,16.566666666666666,171.81,2024-01-09 17:00:00,19.8,21.760707762475896,Hourly,17.63,2.78,11.91,16.22,8.43,5.18,24.98,6.531421488976845,Siltara,24.98,1,-0.9659258262890683,24.25333333333333,0.8660254037844387,9.0,14.695833333333333,98.489,0.49999999999999994,9.5993,0.62,0.59,7.150376041596738,-0.25881904510252063,3.7763253744016856,6.61,17,19.01
34.43,6.61,19.909663755176695,0,13.57,9.017098362487287,0,23.25333333333334,11.91,16.96,16.27,2024,71.87,1,14.0,0.0,9,147.79,7.89,18.015833333333333,171.81,2024-01-09 18:00:00,24.98,22.68050554462564,Hourly,19.8,2.65,11.92,14.9,9.0,0.0,21.82,6.0065411566615055,Siltara,24.98,1,-1.0,25.248333333333335,0.8660254037844387,8.67,15.537083333333333,130.48000000000002,0.49999999999999994,10.0064,0.59,0.59,7.121904043874344,-1.8369701987210297e-16,2.990674394404942,9.32,18,32.05
33.67,9.32,20.203561638995666,0,17.59,8.475405416242934,0,23.926666666666666,11.92,24.76,16.96,2024,74.94,1,20.27,-0.1265012009607686,9,129.26,7.96,19.176666666666666,147.79,2024-01-09 19:00:00,24.98,22.434646817589744,Hourly,24.98,2.0,11.91,14.0,8.67,-3.16,19.89,5.0683593663698,Siltara,21.82,1,-0.9659258262890684,23.543333333333333,0.8660254037844387,9.36,15.880833333333333,296.1447,0.49999999999999994,16.5892,0.59,0.67,7.221238552484809,0.2588190451025203,1.8244268506435624,14.61,19,32.05
348.88,14.61,20.155321386842484,0,14.5,7.704734622687774,0,22.23,11.91,18.01,24.76,2024,61.4,1,15.35,-0.08845096241979833,9,118.73,9.78,20.170833333333334,129.26,2024-01-09 20:00:00,21.82,21.70760486970696,Hourly,24.98,3.12,11.92,20.27,9.36,-1.9299999999999997,19.51,2.9926755030688517,Siltara,19.89,1,-0.8660254037844386,21.51666666666667,0.8660254037844387,9.43,15.976666666666667,141.98749999999998,0.49999999999999994,11.346300000000001,0.67,0.63,7.260064478494175,0.5000000000000001,2.569649781588204,9.25,20,17.63
353.67,9.25,20.056041173482104,0,13.99,6.990709202326922,0,20.40666666666667,11.9,15.65,18.01,2024,52.36,1,14.75,-0.01910507792860729,9,89.41,9.78,20.981666666666666,118.73,2024-01-09 21:00:00,19.89,21.0797177640764,Hourly,21.82,3.49,11.91,15.35,9.43,-0.379999999999999,19.11,2.573402417035033,Siltara,19.51,1,-0.7071067811865477,21.83,0.8660254037844387,9.06,16.185416666666665,83.485,0.49999999999999994,10.172500000000001,0.63,0.65,7.287733576936979,0.7071067811865474,1.238641729213948,5.66,21,19.8
336.87,5.66,19.91049637756178,0,16.19,6.092781807310873,0,19.503333333333334,11.92,14.49,15.65,2024,58.25,1,13.45,-0.020502306509482423,9,89.25,10.28,21.75916666666667,89.41,2024-01-09 22:00:00,19.51,20.516941260054573,Hourly,19.89,4.94,11.9,14.75,9.06,-0.40000000000000213,12.49,2.6948153925643488,Siltara,19.11,1,-0.5000000000000004,21.715,0.8660254037844387,9.09,16.39875,73.437,0.49999999999999994,9.4185,0.65,0.65,7.295607560301056,0.8660254037844384,0.39004273272342344,5.46,22,24.98
339.63,5.46,18.768881550244583,0,14.41,5.737286868027762,0,17.03666666666667,11.91,14.13,14.49,2024,49.25,1,13.31,-0.3464154892726321,9,73.65,19.01,21.94333333333333,89.25,2024-01-09 23:00:00,19.11,18.22352947146755,Hourly,19.51,5.26,11.92,13.45,9.09,-6.619999999999999,11.23,4.117050724325403,Siltara,12.49,1,-0.25881904510252157,19.633333333333333,0.8660254037844387,8.45,16.244583333333335,68.67960000000001,0.49999999999999994,9.0432,0.65,0.64,7.3391736172451205,0.9659258262890681,3.942604891864134,5.16,23,24.98
277.29,5.16,17.609053619437724,0,15.7,6.489208524366468,0,14.276666666666669,11.93,26.92,14.13,2024,55.3,1,24.49,-0.1008807045636509,10,183.7,32.05,21.294999999999998,73.65,2024-01-10 01:00:00,12.49,16.225378193905392,Hourly,19.11,64.6,11.91,13.31,8.45,-1.2599999999999998,50.49,4.365072355261505,Siltara,11.23,2,0.25881904510252074,17.341666666666665,0.8660254037844387,12.11,16.112083333333334,304.1658,0.49999999999999994,22.3436,0.64,0.83,7.402170057353442,0.9659258262890683,4.232934364403931,12.42,1,21.82
276.83,12.42,22.667660754908844,0,15.34,10.320103799101329,0,24.736666666666668,11.92,33.23,26.92,2024,67.42,1,29.61,3.4959928762243995,10,193.55,32.05,22.831666666666667,183.7,2024-01-10 02:00:00,11.23,26.01527013850385,Hourly,12.49,64.6,11.93,24.49,12.11,39.260000000000005,62.28,14.401604077324228,Siltara,50.49,2,0.49999999999999994,22.12,0.8660254037844387,13.27,17.561666666666667,591.6078,0.49999999999999994,31.568499999999997,0.83,0.95,10.196885998086866,0.8660254037844387,22.311937014373022,19.98,2,19.89
280.63,19.98,28.76186679261518,0,10.12,15.275020879814576,0,41.333333333333336,11.92,30.47,33.23,2024,33.49,1,27.92,0.2335115864527629,10,193.55,17.63,25.350833333333338,193.55,2024-01-10 03:00:00,50.49,36.37662152750275,Hourly,11.23,64.59,11.92,29.61,13.27,11.79,77.91,21.658247158992395,Siltara,62.28,2,0.7071067811865476,29.185000000000002,0.8660254037844387,13.57,19.517500000000002,384.7376,0.49999999999999994,28.641799999999996,0.95,0.94,13.664371077972483,0.7071067811865476,26.728431179800744,13.78,3,19.51
272.24,13.78,36.32311805528977,0,10.12,21.24882262335425,0,63.56,11.92,30.93,30.47,2024,17.71,1,28.18,0.25096339113680144,10,182.5,19.8,30.374166666666667,193.55,2024-01-10 04:00:00,62.28,48.24330109107339,Hourly,50.49,64.59,11.92,27.92,13.57,15.629999999999995,77.91,28.486809871705002,Siltara,77.91,2,0.8660254037844386,38.91833333333334,0.8660254037844387,14.09,22.342083333333335,442.426,0.49999999999999994,30.3114,0.94,0.98,17.966561205694884,0.5000000000000001,13.754741000833329,15.7,4,19.11
282.02,15.7,42.721099892937495,0,7.58,24.923668682720933,0,72.69999999999999,11.91,28.69,30.93,2024,8.06,1,28.53,0.0,10,132.66,24.98,35.21666666666667,182.5,2024-01-10 05:00:00,77.91,56.719500779338134,Hourly,62.28,64.56,11.92,28.18,14.09,0.0,68.79,30.3619224797553,Siltara,77.91,2,0.9659258262890683,48.718333333333334,0.8660254037844387,16.25,25.166666666666668,274.74390000000005,0.49999999999999994,28.1162,0.98,0.98,21.029248713382152,0.25881904510252074,9.023984707434023,9.63,5,12.49
279.28,9.63,46.73169990940865,0,7.59,26.449812209334773,0,74.87,11.91,24.28,28.69,2024,20.91,1,24.94,-0.11705814401232179,10,126.25,24.98,38.8675,132.66,2024-01-10 06:00:00,77.91,60.16821484238439,Hourly,77.91,64.52,11.91,28.53,16.25,-9.11999999999999,51.89,25.184636917507287,Siltara,68.79,2,1.0,58.10166666666667,0.8660254037844387,15.41,27.71708333333333,180.0668,0.49999999999999994,22.5804,0.98,0.93,22.466271624112792,6.123233995736766e-17,5.265434455009626,7.22,6,11.23
279.05,7.22,47.52528453873039,0,7.89,26.305712134612037,0,66.19666666666666,11.91,23.57,24.28,2024,30.25,1,24.23,-0.24567524349469405,10,98.03,21.82,41.11000000000001,126.25,2024-01-10 07:00:00,68.79,57.803010601703136,Hourly,77.91,64.52,11.91,24.94,15.41,-16.900000000000006,35.29,12.144316228864893,Siltara,51.89,2,0.9659258262890683,64.87833333333334,0.8660254037844387,13.23,29.562916666666666,154.3451,0.49999999999999994,21.448700000000002,0.93,0.91,22.560380138480905,-0.25881904510252063,13.2024290694303,6.37,7,50.49
288.18,6.37,45.64293307123341,0,7.96,25.687888240817138,0,51.99,11.91,22.49,23.57,2024,24.7,1,22.88,-0.31990749662748125,10,98.03,19.89,42.232499999999995,98.03,2024-01-10 08:00:00,51.89,51.37072185835938,Hourly,68.79,64.54,11.91,24.23,13.23,-16.6,34.38,16.536993378483416,Siltara,35.29,2,0.8660254037844387,62.345000000000006,0.8660254037844387,12.46,30.704583333333332,231.088,0.49999999999999994,19.7912,0.91,0.88,22.104622569708933,-0.4999999999999998,16.750223879101107,10.1,8,62.28
286.56,10.1,43.9101741371975,0,9.78,24.869699343870842,0,40.52,11.91,19.94,22.49,2024,0.3,1,17.46,-0.025786341739869555,10,95.29,19.51,43.44,98.03,2024-01-10 09:00:00,35.29,46.516229898828136,Hourly,51.89,64.5,11.91,22.88,12.46,-0.9099999999999966,29.65,20.098073290741176,Siltara,34.38,2,0.7071067811865476,57.695,0.8660254037844387,10.67,31.80541666666667,193.806,0.49999999999999994,15.952000000000002,0.88,0.8,21.5741777976575,-0.7071067811865475,9.857215631201946,11.1,9,77.91
274.55,11.1,41.71630119301327,0,9.78,24.144399501182704,0,33.10666666666666,11.91,19.09,19.94,2024,0.83,1,16.82,-0.13757998836532878,10,76.51,19.11,44.285,95.29,2024-01-10 10:00:00,34.38,41.69730707059152,Hourly,35.29,64.71,11.91,17.46,10.67,-4.730000000000004,30.0,20.046781703472256,Siltara,29.65,2,0.49999999999999994,49.651666666666664,0.8660254037844387,10.48,32.63333333333333,153.7348,0.49999999999999994,13.553899999999999,0.8,0.71,21.0675048906806,-0.8660254037844387,3.0279420954416274,9.14,10,77.91
276.42,9.14,39.91379331716507,0,10.28,23.302107249618256,0,31.343333333333334,11.9,18.81,19.09,2024,3.08,1,15.74,0.011804384485666152,10,59.09,12.49,45.192499999999995,76.51,2024-01-10 11:00:00,29.65,38.3552193361368,Hourly,34.38,64.69,11.91,16.82,10.48,0.3500000000000014,30.0,15.584996203614208,Siltara,30.0,2,0.258819045102521,41.666666666666664,0.8660254037844387,11.46,33.475833333333334,160.07580000000002,0.49999999999999994,12.4146,0.71,0.66,20.510801802458154,-0.9659258262890682,2.63564666322099,10.17,11,68.79
271.72,10.17,38.38859434529352,0,19.01,21.550529980124082,0,29.883333333333336,11.91,17.38,18.81,2024,8.46,1,13.55,0.0,10,43.42,11.23,46.651666666666664,59.09,2024-01-10 12:00:00,30.0,35.96801381152628,Hourly,29.65,64.73,11.9,15.74,11.46,0.0,23.43,8.533687167143439,Siltara,30.0,2,1.2246467991473532e-16,35.20166666666666,0.8660254037844387,12.89,34.2975,146.34,0.49999999999999994,10.775599999999999,0.66,0.62,19.92788111295791,-1.0,0.20207259425353322,10.8,12,51.89
274.36,10.8,36.08727213832529,0,32.05,19.95637689531502,0,27.810000000000002,11.91,17.08,17.38,2024,16.21,1,12.89,-0.219,10,52.27,50.49,47.66833333333333,43.42,2024-01-10 13:00:00,30.0,32.3857241510902,Hourly,30.0,64.73,11.91,13.55,12.89,-6.57,19.74,4.2236354798524145,Siltara,23.43,2,-0.2588190451025208,30.458333333333332,0.8660254037844387,12.84,34.48166666666666,144.7547,0.49999999999999994,9.906399999999998,0.62,0.58,19.80047335109812,-0.9659258262890683,3.793191268577899,11.23,13,35.29
277.34,11.23,33.57230719396755,0,32.05,21.47738745680399,0,24.39,11.91,16.66,17.08,2024,16.5,1,11.61,-0.1574903969270167,10,52.27,62.28,45.10583333333333,52.27,2024-01-10 14:00:00,23.43,28.772660107921574,Hourly,30.0,64.82,11.91,12.89,12.84,-3.6900000000000013,17.48,5.299674203823089,Siltara,19.74,2,-0.4999999999999997,27.86666666666667,0.8660254037844387,12.92,33.96875,181.8126,0.49999999999999994,9.163,0.58,0.55,20.024377385425087,-0.8660254037844388,5.1969317871236855,15.66,14,34.38
277.91,15.66,31.09656762566485,0,17.63,22.105205526382708,0,20.216666666666665,11.91,19.83,16.66,2024,17.05,1,9.55,-0.11448834853090163,10,63.24,77.91,41.372499999999995,52.27,2024-01-10 15:00:00,19.74,25.54618579137255,Hourly,23.43,64.96,11.91,11.61,12.92,-2.259999999999998,17.94,5.626551341630229,Siltara,17.48,2,-0.7071067811865471,25.049999999999997,0.8660254037844387,11.06,33.361666666666665,206.56650000000002,0.49999999999999994,16.6572,0.55,0.84,20.303986472283643,-0.7071067811865479,3.003503509795033,21.63,15,29.65
292.7,21.63,29.07248029863949,0,19.8,19.747115554613455,0,18.386666666666667,11.91,24.1,19.83,2024,11.63,1,12.48,0.026315789473684258,10,71.82,77.91,36.375,63.24,2024-01-10 16:00:00,17.48,23.372989850980392,Hourly,19.74,39.11,11.91,9.55,11.06,0.46000000000000085,19.47,5.74157614829477,Siltara,17.94,2,-0.8660254037844385,23.098333333333333,0.8660254037844387,10.35,33.374583333333334,315.744,0.49999999999999994,20.967000000000002,0.84,0.87,20.293639393141166,-0.5000000000000004,1.1943757086242175,25.3,16,30.0
289.18,25.3,27.595175637310337,0,24.98,15.271644252725439,0,18.296666666666667,11.91,19.65,24.1,2024,3.48,1,11.03,0.08528428093645471,10,93.59,68.79,31.505000000000006,71.82,2024-01-10 17:00:00,17.94,22.25784989355742,Hourly,17.48,62.55,11.91,12.48,10.35,1.5299999999999976,19.62,4.73033050290011,Siltara,19.47,2,-0.9659258262890683,21.343333333333334,0.8660254037844387,11.62,33.36083333333334,209.68030000000002,0.49999999999999994,13.1655,0.87,0.67,20.30334624736992,-0.25881904510252063,1.041841318700515,19.01,17,30.0
278.45,19.01,26.368225539262596,0,24.98,10.068231879620257,0,19.01,11.91,12.46,19.65,2024,4.79,1,8.11,0.007704160246533238,10,93.59,51.89,27.4075,93.59,2024-01-10 18:00:00,19.47,21.504178495398158,Hourly,17.94,64.89,11.91,11.03,11.62,0.15000000000000213,19.62,2.095458581472566,Siltara,19.62,2,-1.0,19.613333333333333,0.8660254037844387,13.46,33.137499999999996,84.10069999999999,0.49999999999999994,6.853000000000001,0.67,0.55,20.42863511370023,-1.8369701987210297e-16,0.9296773633998464,10.37,18,23.43
276.89,10.37,25.33003699476066,0,21.82,6.671071650767985,0,19.570000000000004,11.92,24.41,12.46,2024,13.57,1,12.93,0.0,10,61.78,35.29,24.718333333333334,93.59,2024-01-10 19:00:00,19.62,20.965841782427255,Hourly,19.47,64.84,11.91,8.11,13.46,0.0,19.29,0.9968433511173902,Siltara,19.62,2,-0.9659258262890684,18.978333333333335,0.8660254037844387,15.65,32.91416666666667,377.8146,0.49999999999999994,19.0398,0.55,0.78,20.550627815791874,0.2588190451025203,0.0866025404819599,29.22,19,19.74
282.02,29.22,24.40080053402825,0,19.89,5.92305587590343,0,19.51,11.91,27.51,24.41,2024,17.59,1,12.42,-0.016819571865443517,10,136.08,34.38,23.385,61.78,2024-01-10 20:00:00,19.62,20.487029844590896,Hourly,19.62,64.85,11.92,12.93,15.65,-0.33000000000000185,31.36,0.9435818282835575,Siltara,19.29,2,-0.8660254037844386,18.903333333333332,0.8660254037844387,19.28,32.808749999999996,399.1788,0.49999999999999994,26.6847,0.78,0.97,20.61639455522066,0.5000000000000001,0.19052558887967586,32.14,20,17.48
275.6,32.14,25.47144660571621,0,19.51,5.4594294296156,0,23.423333333333332,11.92,33.47,27.51,2024,14.5,1,17.93,0.6257128045619492,10,173.22,29.65,23.133333333333336,136.08,2024-01-10 21:00:00,19.29,23.593592746136352,Hourly,19.62,64.83,11.91,12.42,19.28,12.07,106.82,5.009697262975795,Siltara,31.36,2,-0.7071067811865477,21.216666666666665,0.8660254037844387,15.34,33.28666666666667,631.4946,0.49999999999999994,32.800599999999996,0.97,0.98,20.436055874609348,0.7071067811865474,6.875335143347567,35.22,21,17.94
276.23,35.22,37.986608666375254,0,19.11,24.849698903730083,0,52.48999999999999,11.92,34.1,33.47,2024,13.99,1,18.63,2.40625,10,173.22,30.0,29.564166666666665,173.22,2024-01-10 22:00:00,31.36,47.37256624724024,Hourly,19.29,64.79,11.92,17.93,15.34,75.46,106.82,35.00305815211011,Siltara,106.82,2,-0.5000000000000004,36.03,0.8660254037844387,15.32,36.92458333333333,652.2362999999999,0.49999999999999994,37.169000000000004,0.98,1.09,25.113025198120994,0.8660254037844384,47.43661982055644,35.01,22,19.47
279.23,35.01,48.5763611792406,0,12.49,33.397170119183464,0,81.66666666666667,11.92,21.39,34.1,2024,16.19,1,16.0,0.0,10,137.23,30.0,35.96583333333333,173.22,2024-01-10 23:00:00,106.82,64.35754731945731,Hourly,31.36,64.81,11.92,18.63,15.32,0.0,48.8,43.79815174943653,Siltara,106.82,2,-0.25881904510252157,50.58833333333333,0.8660254037844387,17.26,40.579166666666666,235.2,0.49999999999999994,20.5344,1.09,0.96,28.554097538390085,0.9659258262890681,43.566851313049156,14.7,23,19.62
359.72,14.7,48.61076715166512,0,11.23,33.532551383285934,0,87.47999999999998,11.91,15.91,21.39,2024,14.41,1,15.92,-0.5431567122261749,11,118.96,23.43,37.5325,137.23,2024-01-11 01:00:00,106.82,59.91253379961237,Hourly,106.82,0.53,11.92,16.0,17.26,-58.019999999999996,74.09,41.21562539458391,Siltara,48.8,3,0.25881904510252074,55.45166666666666,0.8660254037844387,7.13,42.09208333333333,70.5256,0.49999999999999994,13.5235,0.96,0.85,27.95678808123085,0.9659258262890683,33.49786261838206,4.43,1,19.62
298.48,4.43,52.53064912833203,0,50.49,34.762117170153765,0,76.57,11.9,16.2,15.91,2024,15.7,1,16.16,0.5182377049180329,11,118.96,19.74,41.75416666666666,118.96,2024-01-11 02:00:00,48.8,63.963238428294545,Hourly,106.82,0.19,11.91,15.92,7.13,25.290000000000006,74.09,37.58356342871182,Siltara,74.09,3,0.49999999999999994,64.52999999999999,0.8660254037844387,7.35,44.71125,73.6896,0.49999999999999994,13.931999999999999,0.85,0.86,27.884188805236885,0.8660254037844387,29.089394974801404,4.56,2,19.29
356.76,4.56,55.84747233935787,0,62.28,35.17136628083405,0,65.66000000000001,11.91,16.23,16.2,2024,15.34,1,16.14,0.0,11,113.73,17.48,46.28333333333333,118.96,2024-01-11 03:00:00,74.09,66.85659887735325,Hourly,48.8,0.32,11.9,16.16,7.35,0.0,57.16,30.35407891316539,Siltara,74.09,3,0.7071067811865476,73.66333333333333,0.8660254037844387,6.93,45.694583333333334,76.5036,0.49999999999999994,13.9578,0.86,0.86,28.50602834476884,0.7071067811865476,14.60118830780579,4.74,3,31.36
34.48,4.74,56.049399671764355,0,77.91,34.06509330411655,0,68.44666666666666,11.9,15.64,16.23,2024,10.12,1,15.29,-0.22850587123768398,11,83.18,17.94,49.589999999999996,113.73,2024-01-11 04:00:00,74.09,64.08614205525232,Hourly,74.09,0.51,11.91,16.14,6.93,-16.930000000000007,37.51,24.407779634097658,Siltara,57.16,3,0.8660254037844386,77.96333333333332,0.8660254037844387,5.9,45.481249999999996,73.392,0.49999999999999994,13.763200000000001,0.86,0.88,28.39545390933912,0.5000000000000001,9.774540057380552,4.8,4,106.82
25.58,4.8,53.19718433764676,0,77.91,32.8592382079385,0,56.25333333333334,11.91,15.28,15.64,2024,10.12,1,14.88,-0.34377186843946816,11,80.34,19.47,51.22083333333333,83.18,2024-01-11 05:00:00,57.16,56.49295861089451,Hourly,74.09,0.71,11.9,15.29,5.9,-19.65,32.56,24.420554798502657,Siltara,37.51,3,0.9659258262890683,66.41166666666668,0.8660254037844387,6.67,43.79791666666666,70.68,0.49999999999999994,12.6824,0.88,0.83,27.575076802946835,0.25881904510252074,18.3068466245102,4.75,5,106.82
213.81,4.75,50.02223290108572,0,68.79,31.91303120366421,0,42.41,11.91,14.95,15.28,2024,7.58,1,14.83,-0.1319648093841641,11,37.88,19.62,52.31166666666667,80.34,2024-01-11 06:00:00,37.51,49.654970436353224,Hourly,57.16,0.27,11.91,14.88,6.67,-4.949999999999996,15.43,17.752904832730987,Siltara,32.56,3,1.0,54.035000000000004,0.8660254037844387,7.06,41.90833333333333,64.9554,0.49999999999999994,11.362,0.83,0.76,26.675029630669805,6.123233995736766e-17,13.011437276489136,4.38,6,48.8
347.63,4.38,44.7003509163033,0,51.89,32.32351582052895,0,28.5,11.92,16.91,14.95,2024,7.59,1,17.11,-0.5261056511056511,11,50.15,19.62,51.9625,37.88,2024-01-11 07:00:00,32.56,39.87640745453802,Hourly,37.51,0.23,11.91,14.83,7.06,-17.130000000000003,15.43,23.88797242686514,Siltara,15.43,3,0.9659258262890683,48.473333333333336,0.8660254037844387,7.21,39.685,75.6262,0.49999999999999994,12.8516,0.76,0.76,26.560559842187914,-0.25881904510252063,11.586384250490534,4.42,7,74.09
86.58,4.42,40.19722000610279,0,35.29,32.724788584172295,0,21.14,11.92,17.91,16.91,2024,7.89,1,17.92,0.0,11,68.69,19.29,51.61333333333334,50.15,2024-01-11 08:00:00,15.43,32.8917196103843,Hourly,32.56,0.69,11.92,17.11,7.21,0.0,27.2,23.303755634375076,Siltara,15.43,3,0.8660254037844387,38.696666666666665,0.8660254037844387,6.82,38.16583333333333,95.33440000000002,0.49999999999999994,13.611600000000001,0.76,0.76,26.872978980294924,-0.4999999999999998,9.890010111219162,5.32,8,74.09
135.88,5.32,38.19764769747159,0,34.38,32.08798787566893,0,19.353333333333335,11.91,17.99,17.91,2024,7.96,1,17.71,0.762799740764744,11,139.09,31.36,52.2725,68.69,2024-01-11 09:00:00,15.43,31.26551400741736,Hourly,15.43,0.7,11.92,17.92,6.82,11.77,35.5,15.67395982726341,Siltara,27.2,3,0.7071067811865476,30.881666666666664,0.8660254037844387,7.15,37.82875,98.9989,0.49999999999999994,14.5719,0.76,0.81,26.96121454374642,-0.7071067811865475,6.795412668363201,5.59,9,57.16
173.54,5.59,37.78262497478365,0,29.65,31.864178269934516,0,26.043333333333333,11.91,18.48,17.99,2024,9.78,1,18.08,0.30514705882352944,11,152.84,106.82,52.6175,139.09,2024-01-11 10:00:00,27.2,32.47536714815526,Hourly,15.43,0.29,11.91,17.71,7.15,8.3,65.44,9.807657042671654,Siltara,35.5,3,0.49999999999999994,27.271666666666665,0.8660254037844387,6.99,37.875416666666666,107.3952,0.49999999999999994,19.2192,0.81,1.04,26.955954408622233,-0.8660254037844387,10.084871508023749,5.94,10,37.51
207.58,5.94,42.03760574789386,0,30.0,27.390107523547623,0,42.71333333333333,11.91,21.17,18.48,2024,9.78,1,20.4,0.8433802816901408,11,152.84,106.82,49.16916666666666,152.84,2024-01-11 11:00:00,35.5,41.89383367725375,Hourly,27.2,0.41,11.91,18.08,6.99,29.939999999999998,65.44,18.45499787772048,Siltara,65.44,3,0.258819045102521,31.926666666666666,0.8660254037844387,7.91,39.36666666666667,165.444,0.49999999999999994,29.4263,1.04,1.39,27.46627729427138,-0.9659258262890682,20.114634804871418,8.11,11,32.56
340.13,8.11,45.63797409437173,0,30.0,21.42816178360214,0,55.46,11.91,24.6,21.17,2024,10.28,1,19.2,0.0,11,138.41,48.8,45.72083333333333,152.84,2024-01-11 12:00:00,65.44,48.62130976946696,Hourly,35.5,1.14,11.91,20.4,7.91,0.0,63.47,23.0021509139182,Siltara,65.44,3,1.2246467991473532e-16,37.406666666666666,0.8660254037844387,8.33,40.843333333333334,407.232,0.49999999999999994,32.226000000000006,1.39,1.31,27.890210323410408,-1.0,17.28586705953762,21.21,12,15.43
22.36,21.21,48.38136269523761,0,23.43,22.029824549845028,0,64.78333333333332,11.91,17.12,24.6,2024,19.01,1,15.06,-0.03010391198044008,11,88.58,74.09,46.94333333333333,138.41,2024-01-11 13:00:00,65.44,52.863792692476395,Hourly,65.44,1.45,11.91,19.2,8.33,-1.9699999999999989,43.92,22.16834650276535,Siltara,63.47,3,-0.2588190451025208,45.413333333333334,0.8660254037844387,9.89,42.23791666666667,138.552,0.49999999999999994,19.8592,1.31,1.16,28.15993113553337,-0.9659258262890683,1.137380030305935,9.2,13,15.43
78.59,9.2,47.6949992036626,0,19.74,20.304033391660926,0,57.60999999999999,11.91,14.87,17.12,2024,32.05,1,13.31,-0.30801953678903415,11,80.1,74.09,44.42916666666667,88.58,2024-01-11 14:00:00,63.47,50.30842335176885,Hourly,65.44,1.55,11.91,15.06,9.89,-19.549999999999997,32.99,16.8826993299848,Siltara,43.92,3,-0.4999999999999997,50.16166666666666,0.8660254037844387,9.8,43.09166666666666,96.2313,0.49999999999999994,16.0596,1.16,1.08,27.874078603086154,-0.8660254037844388,11.896734846167128,7.23,14,27.2
36.74,7.23,45.43269163386835,0,17.48,18.203679677138453,0,46.79333333333333,11.91,14.5,14.87,2024,32.05,1,12.45,-0.2488615664845173,11,60.35,57.16,41.00416666666667,80.1,2024-01-11 15:00:00,43.92,45.36030239412061,Hourly,63.47,1.06,11.91,13.31,9.8,-10.93,32.99,15.408882719609142,Siltara,32.99,3,-0.7071067811865471,51.126666666666665,0.8660254037844387,10.3,43.643750000000004,87.5235,0.49999999999999994,14.790000000000001,1.08,1.02,27.520432063800737,-0.7071067811865479,15.441814444337275,7.03,15,35.5
38.25,7.03,43.51843138250399,0,17.94,17.580068776367256,0,36.63333333333333,11.91,14.45,14.5,2024,17.63,1,11.12,0.0,11,65.43,37.51,38.99,60.35,2024-01-11 16:00:00,32.99,41.82593028151472,Hourly,43.92,0.84,11.91,12.45,10.3,0.0,27.63,15.942799524132178,Siltara,32.99,3,-0.8660254037844385,50.708333333333336,0.8660254037844387,10.55,44.29,107.0856,0.49999999999999994,13.004999999999999,1.02,0.9,27.057542065174854,-0.5000000000000004,6.310438442243618,9.63,16,65.44
151.67,9.63,41.07405732365722,0,19.47,17.884405768628554,0,31.20333333333333,11.91,11.24,14.45,2024,19.8,1,9.22,-0.16247347681115498,11,66.26,32.56,38.166666666666664,65.43,2024-01-11 17:00:00,32.99,37.76995020108195,Hourly,32.99,0.75,11.91,11.12,10.55,-5.360000000000003,24.91,16.420631737745918,Siltara,27.63,3,-0.9659258262890683,44.406666666666666,0.8660254037844387,10.11,44.693749999999994,75.14300000000001,0.49999999999999994,9.2168,0.9,0.82,26.717413441017676,-0.25881904510252063,3.0945974428586887,8.15,17,65.44
359.44,8.15,38.58727927386381,0,19.62,18.235328577607753,0,28.509999999999994,11.91,11.01,11.24,2024,24.98,1,9.36,-0.09844372059355769,11,66.82,15.43,37.52916666666666,66.26,2024-01-11 18:00:00,27.63,34.09567871505853,Hourly,32.99,0.49,11.91,9.22,10.11,-2.719999999999999,20.78,14.227610363889914,Siltara,24.91,3,-1.0,37.651666666666664,0.8660254037844387,9.33,44.92041666666666,55.224,0.49999999999999994,8.5878,0.82,0.78,26.51643485105334,-1.8369701987210297e-16,4.1112528504112875,5.9,18,63.47
226.49,5.9,35.847697847115526,0,19.62,17.703557680461834,0,24.439999999999998,11.91,14.43,11.01,2024,24.98,1,13.09,-0.16579686872741867,11,74.91,15.43,37.975,66.82,2024-01-11 19:00:00,24.91,30.291199082184665,Hourly,27.63,0.4,11.91,9.36,9.33,-4.129999999999999,32.7,8.080246695903956,Siltara,20.78,3,-0.9659258262890684,30.536666666666665,0.8660254037844387,8.63,44.96875,96.866,0.49999999999999994,11.1111,0.78,0.77,26.469328322566806,0.2588190451025203,3.449101332233661,7.4,19,43.92
216.03,7.4,35.36343663986698,0,19.29,16.35478715479882,0,26.129999999999995,11.92,14.35,14.43,2024,21.82,1,13.56,0.5736284889316651,11,74.91,27.2,39.41416666666667,74.91,2024-01-11 20:00:00,20.78,30.979427915846188,Hourly,24.91,0.61,11.91,13.09,8.63,11.920000000000002,32.7,5.119315058351707,Siltara,32.7,3,-0.8660254037844386,28.66666666666667,0.8660254037844387,7.59,45.513749999999995,75.8004,0.49999999999999994,10.619,0.77,0.74,26.0561411959206,0.5000000000000001,6.05292491280171,5.59,20,32.99
228.22,5.59,34.95367715681053,0,31.36,16.055707070865463,0,28.726666666666663,11.91,14.69,14.35,2024,19.89,1,13.85,0.0,11,71.22,35.5,39.872499999999995,74.91,2024-01-11 21:00:00,32.7,31.471019939890134,Hourly,20.78,0.35,11.92,13.56,7.59,0.0,23.95,5.071478745559971,Siltara,32.7,3,-0.7071067811865477,28.618333333333336,0.8660254037844387,8.37,46.0725,72.02,0.49999999999999994,10.8706,0.74,0.74,25.609298285889512,0.7071067811865474,6.882015208741421,5.2,21,32.99
227.26,5.2,33.26080374807045,0,106.82,16.675876425106996,0,29.78333333333333,11.91,15.12,14.69,2024,19.51,1,14.44,-0.2675840978593273,11,111.07,65.44,38.910000000000004,71.22,2024-01-11 22:00:00,32.7,29.322157099921522,Hourly,32.7,0.44,11.91,13.85,8.37,-8.750000000000004,36.51,4.851001614787028,Siltara,23.95,3,-0.5000000000000004,27.111666666666668,0.8660254037844387,9.56,45.76375000000001,75.81,0.49999999999999994,11.6424,0.74,0.77,25.838033276295775,0.8660254037844384,5.0518148554106705,5.25,22,27.63
220.02,5.25,33.76068009452115,0,106.82,14.431994417916481,0,31.053333333333327,11.91,16.87,15.12,2024,19.11,1,16.44,0.5244258872651356,11,111.07,65.44,36.49916666666667,111.07,2024-01-11 23:00:00,23.95,31.375826499943948,Hourly,32.7,0.4,11.91,14.44,9.56,12.559999999999999,39.62,6.206104790177694,Siltara,36.51,3,-0.25881904510252157,28.59166666666667,0.8660254037844387,7.76,42.83416666666667,91.0776,0.49999999999999994,13.327300000000001,0.77,0.79,22.367171580080587,0.9659258262890681,6.43987836324162,5.54,23,24.91
98.04,5.54,34.66211392613328,0,48.8,11.312578779232794,0,33.35999999999999,11.91,35.35,16.87,2024,12.49,1,28.94,0.08518214187893727,12,61.07,63.47,34.3475,111.07,2024-01-12 01:00:00,36.51,33.73130464281711,Hourly,23.95,1.0,11.91,16.44,7.76,3.1099999999999994,34.03,7.274395278417774,Siltara,39.62,4,0.25881904510252074,31.043333333333337,0.8660254037844387,7.39,40.034166666666664,632.6284,0.49999999999999994,39.2385,0.79,1.11,17.73557268333357,0.9659258262890683,8.296330514149833,21.86,1,20.78
16.69,21.86,34.564865629805084,0,74.09,6.657009236112068,0,36.71999999999999,11.91,34.75,35.35,2024,11.23,1,28.29,-0.14109035840484596,12,63.94,43.92,31.894166666666667,61.07,2024-01-12 02:00:00,39.62,33.816646173440795,Hourly,36.51,1.16,11.91,28.94,7.39,-5.589999999999996,34.24,5.2708231488703055,Siltara,34.03,4,0.49999999999999994,33.25166666666667,0.8660254037844387,7.28,39.418749999999996,605.6889,0.49999999999999994,36.835,1.11,1.06,17.67432781146053,0.8660254037844387,2.800910566228913,21.41,2,32.7
19.04,21.41,34.51488630214276,0,74.09,5.564066735432638,0,35.96333333333333,11.91,32.52,34.75,2024,50.49,1,25.99,0.006171025565677369,12,49.81,32.99,31.087500000000002,63.94,2024-01-12 03:00:00,34.03,33.93760440960057,Hourly,39.62,1.46,11.91,28.29,7.28,0.21000000000000085,25.58,5.2760796683396585,Siltara,34.24,4,0.7071067811865476,33.50833333333333,0.8660254037844387,7.43,37.75833333333333,537.4731999999999,0.49999999999999994,31.869600000000002,1.06,0.98,16.075013196740237,0.7071067811865476,3.168506483084152,20.68,3,32.7
18.62,20.68,33.140288409505416,0,57.16,5.742066463627152,0,31.283333333333328,11.92,30.2,32.52,2024,62.28,1,23.38,-0.25292056074766367,12,24.43,32.99,30.47,49.81,2024-01-12 04:00:00,34.24,31.549717435428974,Hourly,34.03,1.81,11.91,25.99,7.43,-8.660000000000004,16.74,6.211941457118457,Siltara,25.58,4,0.8660254037844386,32.321666666666665,0.8660254037844387,7.51,35.73708333333333,478.58859999999993,0.49999999999999994,27.18,0.98,0.9,14.254839141473521,0.5000000000000001,4.94034749115359,20.47,4,23.95
28.3,20.47,30.617167115735352,0,37.51,6.8942788644346535,0,25.519999999999996,11.91,29.34,30.2,2024,77.91,1,22.18,-0.3455824863174355,12,24.55,27.63,29.11583333333333,24.43,2024-01-12 05:00:00,25.58,27.318369596734982,Hourly,34.24,1.75,11.92,23.38,7.51,-8.84,12.8,8.449622476773751,Siltara,16.74,4,0.9659258262890683,31.12,0.8660254037844387,7.65,34.05291666666667,454.02459999999996,0.49999999999999994,24.3522,0.9,0.83,13.999198573076093,0.25881904510252074,8.750154284354979,20.47,5,36.51
27.74,20.47,27.8760644825453,0,32.56,8.358518790050102,0,18.373333333333328,11.91,28.88,29.34,2024,77.91,1,21.64,-0.23536439665471912,12,28.87,24.91,27.88,24.55,2024-01-12 06:00:00,16.74,23.170263997667846,Hourly,25.58,1.86,11.91,22.18,7.65,-3.9399999999999977,12.72,10.675737757488536,Siltara,12.8,4,1.0,27.168333333333333,0.8660254037844387,7.3,33.02333333333333,441.0232,0.49999999999999994,22.2376,0.83,0.77,14.628408831022808,6.123233995736766e-17,6.544687412959535,20.38,6,39.62
29.2,20.38,25.544362254461404,0,15.43,9.424990434846814,0,14.08666666666666,11.9,28.56,28.88,2024,68.79,1,21.42,-0.0062500000000000056,12,49.89,20.78,26.864166666666666,28.87,2024-01-12 07:00:00,12.8,20.18447428404846,Hourly,16.74,1.67,11.91,21.64,7.3,-0.08000000000000007,12.34,10.029611657487,Siltara,12.72,4,0.9659258262890683,22.685,0.8660254037844387,7.56,32.196666666666665,431.82720000000006,0.49999999999999994,21.7056,0.77,0.76,15.204958478037693,-0.25881904510252063,2.2982021959244805,20.16,7,34.03
29.89,20.16,23.512921907621188,0,15.43,10.20308817629827,0,12.619999999999996,11.91,28.71,28.56,2024,51.89,1,21.6,-0.029874213836478047,12,64.53,32.7,26.160833333333333,49.89,2024-01-12 08:00:00,12.72,17.943195917177473,Hourly,12.8,1.35,11.9,21.42,7.56,-0.3800000000000008,13.71,8.976259800161683,Siltara,12.34,4,0.8660254037844387,19.069999999999997,0.8660254037844387,7.65,32.06791666666667,438.04800000000006,0.49999999999999994,22.6809,0.76,0.79,15.36534185280734,-0.4999999999999998,0.24576411458788036,20.28,8,34.24
31.72,20.28,22.004780075679466,0,27.2,10.562988414383895,0,12.92333333333333,11.91,31.74,28.71,2024,35.29,1,24.9,0.11102106969205842,12,90.16,32.7,24.578333333333333,64.53,2024-01-12 09:00:00,12.34,16.733711369412482,Hourly,12.72,1.49,11.91,21.6,7.65,1.370000000000001,19.42,5.122891436158384,Siltara,13.71,4,0.7071067811865476,15.648333333333333,0.8660254037844387,7.7,31.99625,519.165,0.49999999999999994,26.979,0.79,0.85,15.4500954865492,-0.7071067811865475,0.7072717535377882,20.85,9,25.58
31.93,20.85,21.60712160249801,0,35.5,10.327784091585587,0,15.156666666666665,11.91,35.49,31.74,2024,34.38,1,28.87,0.41648431801604674,12,104.47,23.95,23.471666666666668,90.16,2024-01-12 10:00:00,13.71,17.5012224067232,Hourly,12.34,1.62,11.91,24.9,7.7,5.710000000000001,24.01,2.8454624697340156,Siltara,19.42,4,0.49999999999999994,14.621666666666668,0.8660254037844387,6.87,31.672083333333333,618.1067,0.49999999999999994,31.586100000000002,0.85,0.89,15.63560790636101,-0.8660254037844387,3.755160893137846,21.41,10,16.74
43.89,21.41,21.9767952021137,0,65.44,10.328051240395089,0,19.046666666666663,11.91,37.5,35.49,2024,29.65,1,30.7,0.2363542739443872,12,107.0,36.51,23.47666666666667,104.47,2024-01-12 11:00:00,19.42,19.36087314765943,Hourly,13.71,1.75,11.91,28.87,6.87,4.59,25.57,4.802664538218858,Siltara,24.01,4,0.258819045102521,15.833333333333336,0.8660254037844387,6.8,31.19333333333333,705.486,0.49999999999999994,33.75,0.89,0.9,15.689119926177522,-0.9659258262890682,5.16013888702143,22.98,11,12.8
83.71,22.98,22.529595940250054,0,65.44,9.524588752753315,0,22.999999999999996,11.9,39.56,37.5,2024,30.0,1,33.11,0.06497292794668882,12,107.12,39.62,22.565,107.0,2024-01-12 12:00:00,24.01,21.134909391185307,Hourly,19.42,1.24,11.91,30.7,6.8,1.5599999999999987,28.27,5.894924653179649,Siltara,25.57,4,1.2246467991473532e-16,17.96166666666667,0.8660254037844387,7.75,29.532083333333336,809.5395,0.49999999999999994,37.1864,0.9,0.94,13.915847700020086,-1.0,3.1969829527253264,24.45,12,12.72
63.42,24.45,23.41273502636543,0,63.47,8.139882128175449,0,25.95,11.91,38.14,39.56,2024,30.0,1,31.29,0.10559249120062571,12,103.48,34.03,21.61916666666667,107.12,2024-01-12 13:00:00,25.57,23.173506707989503,Hourly,24.01,1.1,11.9,33.11,7.75,2.6999999999999993,34.94,6.515165897094678,Siltara,28.27,4,-0.2588190451025208,20.55333333333333,0.8660254037844387,7.64,27.983333333333334,729.057,0.49999999999999994,38.5214,0.94,1.01,11.62571387865773,-0.9659258262890683,2.1552726045712967,23.3,13,12.34
78.56,23.3,25.186160406924593,0,43.92,8.269227181653807,0,29.593333333333323,11.91,36.26,38.14,2024,23.43,1,29.13,0.2359391581181464,12,100.09,34.24,21.694999999999997,103.48,2024-01-12 14:00:00,28.27,26.535361934278217,Hourly,25.57,0.68,11.91,31.29,7.64,6.669999999999998,37.03,7.30243247144397,Siltara,34.94,4,-0.4999999999999997,24.320000000000004,0.8660254037844387,6.46,26.794583333333335,677.2724999999999,0.49999999999999994,36.6226,1.01,1.01,9.001914762097396,-0.8660254037844388,4.823135218231796,23.25,14,13.71
90.69,23.25,27.00828957509004,0,32.99,8.682887166457856,0,33.41333333333333,11.91,34.24,36.26,2024,19.74,1,26.77,0.05981682884945631,12,92.63,25.58,21.9275,100.09,2024-01-12 15:00:00,34.94,29.53382995305587,Hourly,28.27,1.05,11.91,29.13,6.46,2.0900000000000034,34.18,6.70764538915605,Siltara,37.03,4,-0.7071067811865471,28.206666666666667,0.8660254037844387,8.24,26.507499999999997,609.5529,0.49999999999999994,34.24,1.01,1.0,8.529485049954674,-0.7071067811865479,4.575197627791272,22.77,15,19.42
40.42,22.77,28.1116296404608,0,32.99,9.341683183289495,0,35.383333333333326,11.91,32.27,34.24,2024,17.48,1,24.61,-0.07696462327842293,12,83.31,16.74,22.644166666666667,92.63,2024-01-12 16:00:00,37.03,30.861307109325622,Hourly,34.94,1.54,11.91,26.77,8.24,-2.8500000000000014,33.33,5.424539304555431,Siltara,34.18,4,-0.8660254037844385,30.666666666666668,0.8660254037844387,8.17,26.557083333333335,554.2171999999999,0.49999999999999994,32.27,1.0,1.0,8.572159425148014,-0.5000000000000004,1.4758161583836817,22.52,16,24.01
44.67,22.52,28.914455849620676,0,27.63,9.61215928189864,0,34.84666666666666,11.91,32.57,32.27,2024,17.94,1,24.75,-0.024868344060854343,12,71.48,12.8,24.026666666666667,83.31,2024-01-12 17:00:00,34.18,31.566647935232588,Hourly,37.03,1.75,11.91,24.61,8.17,-0.8500000000000014,32.64,4.368825929240056,Siltara,33.33,4,-0.9659258262890683,32.22,0.8660254037844387,8.47,26.571250000000003,561.0825000000001,0.49999999999999994,33.2214,1.0,1.02,8.583526341576096,-0.25881904510252063,1.9379972480234626,22.67,17,25.57
76.95,22.67,29.487616488140574,0,24.91,9.203156573104422,0,33.38333333333333,11.91,33.18,32.57,2024,19.47,1,25.42,-0.020702070207020636,12,53.79,12.72,25.679999999999996,71.48,2024-01-12 18:00:00,33.33,31.873319953737564,Hourly,34.18,0.55,11.91,24.75,8.47,-0.6899999999999977,29.61,2.934494277838525,Siltara,32.64,4,-1.0,33.39833333333333,0.8660254037844387,7.94,26.78,580.0844000000001,0.49999999999999994,33.5118,1.02,1.01,8.67087127661697,-1.8369701987210297e-16,0.7713840375240537,22.82,18,28.27
71.99,22.82,29.50644472073433,0,20.78,8.286844036838957,0,31.859999999999996,11.91,35.16,33.18,2024,19.62,1,27.97,-0.09283088235294121,12,48.64,12.34,27.087500000000002,53.79,2024-01-12 19:00:00,32.64,31.226657109812543,Hourly,33.33,0.46,11.91,25.42,7.94,-3.030000000000001,28.56,2.4822845660131465,Siltara,29.61,4,-0.9659258262890684,33.62166666666666,0.8660254037844387,7.77,26.975833333333338,634.3596,0.49999999999999994,34.8084,1.01,0.99,8.679871225586394,0.2588190451025203,1.9788633100883979,22.68,19,34.94
46.13,22.68,29.360837840621357,0,32.7,6.863242618646714,0,30.269999999999996,11.91,35.34,35.16,2024,19.62,1,28.23,-0.03546099290780144,12,47.01,13.71,28.439166666666665,48.64,2024-01-12 20:00:00,29.61,30.464755078437527,Hourly,32.64,0.79,11.91,27.97,7.77,-1.0500000000000007,26.8,3.0953863517607885,Siltara,28.56,4,-0.8660254037844386,32.55833333333333,0.8660254037844387,8.37,27.3,638.8448999999999,0.49999999999999994,34.2798,0.99,0.97,8.583155900797818,0.5000000000000001,2.118560832266676,22.63,20,37.03
74.99,22.63,28.96686278821807,0,32.7,5.131051637732301,0,28.323333333333327,11.91,33.8,35.34,2024,19.29,1,26.77,-0.06162464985994391,12,42.19,19.42,29.53,47.01,2024-01-12 21:00:00,28.56,29.417682198883945,Hourly,29.61,0.6,11.91,28.23,8.37,-1.759999999999998,23.15,2.9538968612100818,Siltara,26.8,4,-0.7071067811865477,30.853333333333335,0.8660254037844387,8.05,27.054166666666664,587.3338,0.49999999999999994,32.44799999999999,0.97,0.96,8.505912479061745,0.7071067811865474,1.4198708861542164,21.94,21,34.18
71.96,21.94,28.071960820799905,0,23.95,4.542100952267629,0,26.169999999999998,11.91,34.22,33.8,2024,31.36,1,27.33,-0.13619402985074636,12,41.18,24.01,29.840833333333332,42.19,2024-01-12 22:00:00,26.8,27.626915856345676,Hourly,28.56,0.96,11.91,26.77,8.05,-3.650000000000002,20.58,3.784847420966915,Siltara,23.15,4,-0.5000000000000004,29.014999999999997,0.8660254037844387,7.15,26.65625,597.7071,0.49999999999999994,32.166799999999995,0.96,0.94,8.453529138254233,0.8660254037844384,2.7594745876734685,21.87,22,33.33
31.64,21.87,26.919351463753767,0,36.51,5.024679998855004,0,23.50999999999999,11.91,34.04,34.22,2024,106.82,1,27.55,-0.11101511879049678,12,41.52,25.57,29.554999999999996,41.18,2024-01-12 23:00:00,23.15,25.613511325961195,Hourly,26.8,1.18,11.91,27.33,7.15,-2.5700000000000003,20.41,4.405941443097,Siltara,20.58,4,-0.25881904510252157,26.89,0.8660254037844387,6.95,26.515833333333333,585.4375,0.49999999999999994,30.636,0.94,0.9,8.528095213529424,0.9659258262890681,3.125587944693998,21.25,23,32.64
224.23,21.25,25.91791277702242,0,39.62,5.586131365833428,0,21.379999999999995,11.93,40.61,34.04,2025,106.82,1,36.27,-0.008260447035957151,1,142.28,28.27,29.125,41.52,2025-01-01 01:00:00,20.58,24.126793804257996,Hourly,23.15,0.41,11.91,27.55,6.95,-0.16999999999999815,37.77,4.026429766761879,Siltara,20.41,2,0.25881904510252074,24.851666666666663,0.8660254037844387,6.16,25.845,739.5453000000001,0.49999999999999994,54.4174,0.9,1.34,8.338884296136786,0.9659258262890683,1.5352198539678492,20.39,1,29.61
223.84,20.39,27.741310811326663,0,34.03,6.103185953898443,0,26.25333333333333,11.91,38.13,40.61,2025,48.8,1,33.52,0.8505634492895641,1,131.23,34.94,29.916666666666668,142.28,2025-01-01 02:00:00,20.41,28.024852717327143,Hourly,20.58,0.34,11.93,36.27,6.16,17.360000000000003,37.64,6.54529882180075,Siltara,37.77,2,0.49999999999999994,26.211666666666662,0.8660254037844387,5.92,25.767916666666668,692.188,0.49999999999999994,51.475500000000004,1.34,1.35,8.213623878054912,0.8660254037844387,9.974088095327263,20.65,2,28.56
213.39,20.65,29.264186071122563,0,34.24,6.349990455730091,0,31.939999999999998,11.91,37.88,38.13,2025,74.09,1,33.4,-0.0034418850939900067,1,110.28,37.03,30.14166666666667,131.23,2025-01-01 03:00:00,37.77,30.772037655233675,Hourly,20.41,0.32,11.91,33.52,5.92,-0.13000000000000256,36.68,8.06914803433422,Siltara,37.64,2,0.7071067811865476,27.724999999999998,0.8660254037844387,6.77,25.918333333333337,657.312,0.49999999999999994,51.89560000000001,1.35,1.37,8.402392343937422,0.7071067811865476,9.985484464962832,19.68,3,26.8
351.53,19.68,30.40508052171909,0,25.58,6.316188616273907,0,37.36333333333333,11.91,40.73,37.88,2025,74.09,1,36.87,-0.02550478214665252,1,191.53,34.18,30.112499999999997,110.28,2025-01-01 04:00:00,37.64,32.46002689659548,Hourly,37.77,0.42,11.91,33.4,6.77,-0.9600000000000009,36.77,8.816156569995035,Siltara,36.68,2,0.8660254037844386,29.37166666666667,0.8660254037844387,6.62,26.02,738.5061,0.49999999999999994,57.02199999999999,1.37,1.4,8.521379251496498,0.5000000000000001,0.5953430383785365,20.03,4,23.15
198.34,20.03,31.384298902993077,0,16.74,6.5091220373376135,0,37.029999999999994,11.91,40.19,40.73,2025,57.16,1,36.11,0.0024536532170120885,1,179.87,33.33,30.328333333333333,191.53,2025-01-01 05:00:00,36.68,33.691447783282484,Hourly,37.64,0.2,11.91,36.87,6.62,0.09000000000000341,37.56,8.64559868757895,Siltara,36.77,2,0.9659258262890683,31.64166666666667,0.8660254037844387,6.46,26.48625,715.7002,0.49999999999999994,55.86409999999999,1.4,1.39,8.797903313710618,0.25881904510252074,0.5301886456842936,19.82,5,20.58
210.33,19.82,32.33440676407107,0,12.8,6.794725840121052,0,37.00333333333333,11.9,38.93,40.19,2025,37.51,1,35.0,0.02148490617351099,1,133.62,32.64,30.680833333333336,179.87,2025-01-01 06:00:00,36.77,34.796748416630344,Hourly,36.68,0.28,11.91,36.11,6.46,0.7899999999999991,37.35,6.904269452061321,Siltara,37.56,2,1.0,34.471666666666664,0.8660254037844387,6.49,27.35375,668.85,0.49999999999999994,52.9448,1.39,1.36,8.821536301427342,6.123233995736766e-17,0.48418316094830166,19.11,6,20.41
328.27,19.11,33.10603649267552,0,12.72,7.049449151055552,0,37.22666666666666,11.91,42.89,38.93,2025,32.56,1,39.94,-0.005591054313099064,1,109.59,29.61,31.073333333333334,133.62,2025-01-01 07:00:00,37.56,35.52624886902167,Hourly,36.77,0.22,11.9,35.0,6.49,-0.21000000000000085,35.62,0.4629794811876301,Siltara,37.35,2,0.9659258262890683,37.295,0.8660254037844387,6.21,28.37666666666667,786.0192,0.49999999999999994,60.046,1.36,1.4,8.477205582782739,-0.25881904510252063,0.4091861842069316,19.68,7,37.77
38.78,19.68,33.49280010918698,0,12.34,7.1488262969684016,0,36.84333333333333,11.92,47.36,42.89,2025,15.43,1,43.57,-0.046318607764391,1,109.59,28.56,31.574166666666667,109.59,2025-01-01 08:00:00,37.35,35.55303490644405,Hourly,37.56,1.01,11.91,39.94,6.21,-1.730000000000004,39.79,0.7591223002042556,Siltara,35.62,2,0.8660254037844387,36.93666666666667,0.8660254037844387,6.75,29.330833333333334,963.7684,0.49999999999999994,69.1456,1.4,1.46,7.907986011218819,-0.4999999999999998,1.06462826063652,22.12,8,37.64
29.56,22.12,34.461600092388984,0,13.71,7.447197154267504,0,37.58666666666666,11.92,46.26,47.36,2025,15.43,1,42.24,0.11706906232453683,1,140.64,26.8,32.51,109.59,2025-01-01 09:00:00,35.62,36.76359636174575,Hourly,37.35,1.6,11.92,43.57,6.75,4.170000000000002,39.93,1.3969788831620784,Siltara,39.79,2,0.7071067811865476,37.295,0.8660254037844387,7.29,30.47458333333333,930.9696,0.49999999999999994,68.0022,1.46,1.47,7.305874336371387,-0.7071067811865475,2.095049720972209,22.04,9,36.68
29.33,22.04,35.3028923858676,0,19.42,7.496387564362992,0,38.44666666666666,11.91,42.37,46.26,2025,27.2,1,37.71,0.003518471977883905,1,154.24,23.15,33.604166666666664,140.64,2025-01-01 10:00:00,39.79,37.668283115532674,Hourly,35.62,1.9,11.92,42.24,7.29,0.14000000000000057,42.95,1.7065950505809775,Siltara,39.93,2,0.49999999999999994,37.836666666666666,0.8660254037844387,6.84,31.567083333333333,826.2261,0.49999999999999994,61.436499999999995,1.47,1.45,6.617998173076976,-0.8660254037844387,2.4489657681040566,21.91,10,36.77
27.83,21.91,36.47937048034951,0,24.01,7.157571272096155,0,40.88999999999999,11.91,37.25,42.37,2025,35.5,1,31.39,0.07563235662409223,1,151.89,20.58,35.25416666666667,154.24,2025-01-01 11:00:00,39.93,39.17734508252334,Hourly,39.79,1.78,11.91,37.71,6.84,3.020000000000003,44.11,2.577026710507208,Siltara,42.95,2,0.258819045102521,38.86666666666667,0.8660254037844387,6.75,32.5475,678.3379,0.49999999999999994,51.032500000000006,1.45,1.37,6.481752480417703,-0.9659258262890682,1.7853851125209583,21.61,11,37.56
23.86,21.61,37.65331348337266,0,25.57,5.881367342562998,0,42.32999999999999,11.92,31.09,37.25,2025,65.44,1,24.57,0.02700814901047722,1,130.76,20.41,37.215,151.89,2025-01-01 12:00:00,42.95,40.58667505894524,Hourly,39.93,1.11,11.91,31.39,6.75,1.1599999999999966,43.85,3.2199404756404597,Siltara,44.11,2,1.2246467991473532e-16,39.958333333333336,0.8660254037844387,6.27,33.385,499.50809999999996,0.49999999999999994,40.417,1.37,1.3,6.627578743403194,-1.0,2.157869319493438,20.33,12,37.35
29.4,20.33,38.6066498705461,0,28.27,2.959182421893826,0,43.636666666666656,11.91,29.58,31.09,2025,65.44,1,22.8,-0.005894355021537022,1,101.34,37.77,39.16833333333333,130.76,2025-01-01 13:00:00,44.11,41.519053613532314,Hourly,42.95,1.28,11.92,24.57,6.27,-0.259999999999998,43.02,3.2600639053042832,Siltara,43.85,2,-0.2588190451025208,41.041666666666664,0.8660254037844387,6.66,34.14666666666667,454.63200000000006,0.49999999999999994,36.383399999999995,1.3,1.23,6.739852705568838,-0.9659258262890683,0.6087144924708556,19.94,13,35.62
347.24,19.94,39.285626813539004,0,34.94,3.1175090823881657,0,43.66,11.91,27.92,29.58,2025,63.47,1,21.0,-0.018928164196123108,1,114.61,37.64,39.60583333333334,101.34,2025-01-01 14:00:00,43.85,41.94789543823737,Hourly,44.11,1.29,11.91,22.8,6.66,-0.8299999999999983,42.33,1.9252402447490167,Siltara,43.02,2,-0.4999999999999997,42.275,0.8660254037844387,6.45,34.76125,418.32000000000005,0.49999999999999994,33.2248,1.23,1.19,6.85224451485164,-0.8660254037844388,0.5692978131090192,19.92,14,39.79
24.7,19.92,39.75399191914839,0,37.03,3.142539023645745,0,43.06666666666666,11.91,25.58,27.92,2025,43.92,1,18.23,-0.01603905160390527,1,108.18,36.68,39.99666666666666,114.61,2025-01-01 15:00:00,43.02,42.05706817016954,Hourly,43.85,1.38,11.91,21.0,6.45,-0.6900000000000048,31.01,1.5023503807926955,Siltara,42.33,2,-0.7071067811865471,42.69833333333333,0.8660254037844387,6.22,35.06916666666667,368.246,0.49999999999999994,29.416999999999994,1.19,1.15,7.024501787481367,-0.7071067811865479,0.7610738028234865,20.2,15,39.93
10.05,20.2,38.40876239312556,0,34.18,3.9967247007165936,0,38.78666666666666,11.91,22.63,25.58,2025,32.99,1,14.05,-0.2674226317032837,1,107.21,36.77,39.524166666666666,108.18,2025-01-01 16:00:00,42.33,38.900762978692526,Hourly,43.02,1.41,11.91,18.23,6.22,-11.319999999999997,35.44,5.039398442936202,Siltara,31.01,2,-0.8660254037844385,41.211666666666666,0.8660254037844387,5.83,34.818333333333335,282.12399999999997,0.49999999999999994,25.119300000000003,1.15,1.11,7.058837610103178,-0.5000000000000004,6.743621677803798,20.08,16,42.95
357.68,20.08,37.95202971726009,0,33.33,4.0972215271338515,0,36.25999999999999,11.91,21.95,22.63,2025,32.99,1,13.21,0.14285714285714274,1,92.55,37.56,39.413333333333334,107.21,2025-01-01 17:00:00,31.01,37.91197355620895,Hourly,42.33,1.08,11.91,14.05,5.83,4.429999999999996,28.8,5.438161454021115,Siltara,35.44,2,-0.9659258262890683,39.96,0.8660254037844387,5.85,34.87083333333333,265.1247,0.49999999999999994,23.4865,1.11,1.07,7.058569208796665,-0.25881904510252063,5.704375513587147,20.07,17,44.11
226.72,20.07,36.54402514537392,0,32.64,5.1121305527014425,0,31.74999999999999,11.91,22.28,21.95,2025,27.63,1,14.54,-0.18735891647855524,1,94.97,37.35,38.68333333333333,92.55,2025-01-01 18:00:00,35.44,35.30855254014925,Hourly,31.01,0.51,11.91,13.21,5.85,-6.639999999999997,29.07,6.5745734969401255,Siltara,28.8,2,-1.0,37.40833333333333,0.8660254037844387,5.86,34.68208333333333,282.6576,0.49999999999999994,23.394000000000002,1.07,1.05,7.161381928315123,-1.8369701987210297e-16,3.381286737325562,19.44,18,43.85
210.26,19.44,35.3941751230087,0,29.61,5.81844923627733,0,31.103333333333325,11.91,23.65,22.28,2025,24.91,1,16.18,0.009374999999999986,1,182.27,35.62,37.99333333333333,94.97,2025-01-01 19:00:00,28.8,33.52610895724946,Hourly,35.44,0.38,11.91,14.54,5.86,0.2699999999999996,32.36,6.445925069375275,Siltara,29.07,2,-0.9659258262890684,34.945,0.8660254037844387,6.68,34.53333333333333,303.5368,0.49999999999999994,25.069,1.05,1.06,7.242262237647197,0.2588190451025203,3.758089053408292,18.76,19,43.02
217.83,18.76,34.92737895023813,0,28.56,6.012214587189063,0,30.076666666666657,11.91,24.89,23.65,2025,20.78,1,18.25,0.11317509459924317,1,155.62,39.79,37.72166666666667,182.27,2025-01-01 20:00:00,29.07,33.192934969463906,Hourly,28.8,0.37,11.91,16.18,6.68,3.289999999999999,29.62,5.104646576078225,Siltara,32.36,2,-0.8660254037844386,33.16833333333333,0.8660254037844387,6.36,34.64791666666667,327.5875,0.49999999999999994,27.379,1.06,1.1,7.182488958915117,0.5000000000000001,1.9820275813791008,17.95,20,42.33
208.97,17.95,34.110859111739956,0,26.8,6.398535994957952,0,30.349999999999994,11.91,33.85,24.89,2025,32.7,1,28.63,-0.08467243510506794,1,166.42,39.93,36.87416666666667,155.62,2025-01-01 21:00:00,32.36,32.172096406759934,Hourly,29.07,0.46,11.91,18.25,6.36,-2.7399999999999984,44.71,2.5305177335873954,Siltara,29.62,2,-0.7071067811865477,31.05,0.8660254037844387,6.48,34.692083333333336,548.8371000000001,0.49999999999999994,40.9585,1.1,1.21,7.146594798234678,0.7071067811865474,1.7622996340049801,19.17,21,31.01
214.35,19.17,35.74149617147227,0,23.15,6.745449813155745,0,35.563333333333325,11.91,42.92,33.85,2025,32.7,1,39.51,0.5094530722484807,1,197.05,42.95,37.2725,166.42,2025-01-01 22:00:00,29.62,35.7543545762571,Hourly,32.36,0.5,11.91,28.63,6.48,15.09,44.82,6.120946549894646,Siltara,44.71,2,-0.5000000000000004,33.333333333333336,0.8660254037844387,6.63,35.43833333333334,784.2735,0.49999999999999994,57.94200000000001,1.21,1.35,7.221363635327702,0.8660254037844384,8.038845273628926,19.85,22,35.44
219.17,19.85,37.13818906816884,0,20.58,6.908172805824721,0,39.71666666666666,11.91,47.17,42.92,2025,23.95,1,44.94,0.0024602997092372943,1,197.05,44.11,37.428333333333335,197.05,2025-01-01 23:00:00,44.71,38.344538983040785,Hourly,29.62,0.31,11.91,39.51,6.63,0.10999999999999943,54.68,7.748178280516481,Siltara,44.82,2,-0.25881904510252157,34.89666666666667,0.8660254037844387,6.28,36.341249999999995,895.2048,0.49999999999999994,68.3965,1.35,1.45,6.968414648785012,0.9659258262890681,8.744142801518343,19.92,23,28.8
224.24,19.92,39.836929211527476,0,20.41,8.359079395084011,0,48.06999999999999,11.89,48.06,47.17,2025,36.51,1,39.44,0.21999107541276214,2,238.68,43.85,38.30916666666666,197.05,2025-01-02 00:15:00,44.82,43.011813559314845,Hourly,44.71,0.17,11.91,44.94,6.28,9.86,87.53,10.418763842222411,Siltara,54.68,3,0.0,39.21,0.8660254037844387,8.51,37.76208333333334,1174.5232,0.49999999999999994,47.5794,1.45,0.99,7.090393978854259,1.0,5.724692131460834,29.78,0,29.07
187.26,29.78,47.174324717446325,0,37.77,16.5188891649048,0,62.34333333333333,11.9,52.13,48.06,2025,39.62,1,41.19,0.600768105340161,2,238.68,43.02,41.94916666666667,238.68,2025-01-02 00:30:00,54.68,55.7312953995106,Hourly,44.82,0.19,11.89,39.44,8.51,32.85,87.53,21.000765382877567,Siltara,87.53,3,0.0,48.95333333333334,0.8660254037844387,8.45,40.55875,1436.2952999999998,0.49999999999999994,51.6087,0.99,0.99,11.69231122780423,1.0,22.36249166200715,34.87,0,32.36
232.82,34.87,53.382890145531505,0,37.64,21.133732980639145,0,76.58,11.9,51.23,52.13,2025,34.03,1,41.93,0.0,2,238.68,42.33,45.65833333333333,238.68,2025-01-02 00:45:00,87.53,64.81663957107901,Hourly,54.68,0.28,11.9,41.19,8.45,0.0,87.53,24.127548915434193,Siltara,87.53,3,0.0,58.14833333333333,0.8660254037844387,8.76,42.632083333333334,1342.5986,0.49999999999999994,51.23,0.99,1.0,15.093455817489373,1.0,18.96595634287927,32.02,0,29.62
216.71,32.02,58.63629166160358,0,36.68,24.280345025255297,0,87.53,11.91,53.54,51.23,2025,34.24,1,43.86,0.0,2,239.03,31.01,49.425000000000004,238.68,2025-01-02 01:00:00,87.53,71.30617112219929,Hourly,87.53,0.37,11.9,41.93,8.76,0.0,87.73,21.91429487800153,Siltara,87.53,3,0.25881904510252074,67.8,0.8660254037844387,8.57,44.71083333333333,1468.4327999999998,0.49999999999999994,54.0754,1.0,1.01,17.602962427724922,0.9659258262890683,0.0,33.48,1,44.71
223.16,33.48,63.11224679058765,0,36.77,25.840333108369567,0,87.59666666666665,11.91,54.66,53.54,2025,25.58,1,46.62,0.002284930880840887,2,254.4,35.44,54.15166666666667,239.03,2025-01-02 01:15:00,87.53,75.99869365871378,Hourly,87.53,0.24,11.91,43.86,8.57,0.20000000000000284,93.36,19.782745006697247,Siltara,87.73,3,0.25881904510252074,74.97000000000001,0.8660254037844387,7.83,46.837916666666665,1463.4017999999999,0.49999999999999994,55.7532,1.01,1.02,19.565325801833602,0.9659258262890683,0.11547005383613203,31.39,1,44.82
27.57,31.39,67.7657472843434,0,37.56,27.39037217488607,0,89.54,11.91,54.47,54.66,2025,16.74,1,47.5,0.0641741707511683,2,254.4,28.8,58.97833333333333,254.4,2025-01-02 01:30:00,87.73,80.95906689908126,Hourly,87.53,0.11,11.91,46.62,7.83,5.6299999999999955,93.36,14.094438619540895,Siltara,93.36,3,0.25881904510252074,83.06,0.8660254037844387,7.6,49.19583333333333,1409.8,0.49999999999999994,56.6488,1.02,1.04,21.60309175068277,0.9659258262890683,3.3097280855077984,29.68,1,54.68
162.89,29.68,71.70332462521365,0,37.35,27.264015189300526,0,91.48333333333333,11.9,55.29,54.47,2025,12.8,1,48.66,0.0,2,254.4,29.07,64.35833333333333,254.4,2025-01-02 01:45:00,93.36,84.5021906422009,Hourly,87.73,0.04,11.91,47.5,7.6,0.0,93.36,2.9857840957901467,Siltara,93.36,3,0.25881904510252074,89.50666666666666,0.8660254037844387,7.74,51.520833333333336,1434.0102,0.49999999999999994,58.607400000000005,1.04,1.06,23.237243516215436,0.9659258262890683,3.2504820155373895,29.47,1,87.53
232.3,29.47,75.03512083671924,0,35.62,25.985989742143236,0,93.36,11.91,56.18,55.29,2025,12.72,1,49.78,0.0,2,255.98,32.36,69.71583333333332,254.4,2025-01-02 02:00:00,93.36,87.03299331585778,Hourly,93.36,0.12,11.9,48.66,7.74,0.0,93.28,3.1575523220801154,Siltara,93.36,3,0.49999999999999994,90.47833333333334,0.8660254037844387,7.95,53.85458333333333,1466.021,0.49999999999999994,60.1126,1.06,1.07,24.5288545221068,0.8660254037844387,0.0,29.45,2,87.53
160.84,29.45,77.84202532337781,0,39.79,23.890906267295783,0,93.33333333333333,11.91,56.87,56.18,2025,12.34,1,50.6,-0.0008568980291345147,2,325.46,29.62,74.7925,255.98,2025-01-02 02:15:00,93.36,88.81785236846984,Hourly,93.36,0.13,11.91,49.78,7.95,-0.0799999999999983,89.83,2.949472269182009,Siltara,93.28,3,0.49999999999999994,91.43666666666667,0.8660254037844387,7.03,56.257083333333334,1493.2060000000001,0.49999999999999994,61.9883,1.07,1.09,25.470890030568,0.8660254037844387,0.04618802151688144,29.51,2,87.53
229.5,29.51,79.68632911978122,0,39.93,19.451565489697373,0,92.15666666666665,11.91,57.66,56.87,2025,13.71,1,51.63,-0.03698542024013725,2,325.46,44.71,79.81,325.46,2025-01-02 02:30:00,93.28,89.10703740604988,Hourly,93.36,0.42,11.91,50.6,7.03,-3.450000000000003,89.83,2.44681834225736,Siltara,89.83,3,0.49999999999999994,91.82,0.8660254037844387,8.19,58.342083333333335,1519.9872,0.49999999999999994,64.5792,1.09,1.12,26.10452734000255,0.8660254037844387,2.0153494320667815,29.44,2,87.73
229.07,29.44,81.2468938705841,0,42.95,16.126591817130784,0,90.97999999999998,11.91,58.86,57.66,2025,19.42,1,53.15,0.0,2,325.46,44.82,83.57000000000001,325.46,2025-01-02 02:45:00,89.83,89.31359814717848,Hourly,93.28,0.34,11.91,51.63,8.19,0.0,89.83,1.8128210060585457,Siltara,89.83,3,0.49999999999999994,92.17,0.8660254037844387,8.39,60.42124999999999,1563.1415,0.49999999999999994,68.27759999999999,1.12,1.16,26.557566401163104,0.8660254037844387,1.9918584287039134,29.41,2,93.36
244.8,29.41,82.56737173664808,0,44.11,10.572419915930974,0,89.83,11.92,60.57,58.86,2025,24.01,1,55.08,0.0,2,324.55,54.68,87.32083333333333,325.46,2025-01-02 03:00:00,89.83,89.46114153369892,Hourly,89.83,0.35,11.91,53.15,8.39,0.0,89.75,1.9190770351066384,Siltara,89.83,3,0.7071067811865476,91.58166666666666,0.8660254037844387,8.16,62.37458333333333,1636.4268,0.49999999999999994,73.2897,1.16,1.21,26.937978197780023,0.7071067811865476,0.0,29.71,3,93.36
243.96,29.71,83.67239146947145,0,43.85,2.4775623405882703,0,89.80333333333333,11.92,62.15,60.57,2025,25.57,1,56.89,-0.0008905710787042001,2,284.58,87.53,90.24333333333334,324.55,2025-01-02 03:15:00,89.83,89.54367252407066,Hourly,89.83,0.41,11.92,55.08,8.16,-0.0799999999999983,86.45,1.8129975179262978,Siltara,89.75,3,0.7071067811865476,90.98,0.8660254037844387,7.66,64.27625,1704.4244,0.49999999999999994,77.066,1.21,1.24,27.20220879978261,0.7071067811865476,0.04618802152524633,29.96,3,93.36
250.42,29.96,84.09971585878353,0,43.02,2.6015985761645144,0,88.67666666666666,11.9,63.07,62.15,2025,28.27,1,58.1,-0.03676880222841222,2,284.58,87.53,90.15333333333335,284.58,2025-01-02 03:30:00,89.75,88.6597660886219,Hourly,89.83,0.39,11.92,56.89,7.66,-3.299999999999997,86.45,2.160244584919354,Siltara,86.45,3,0.7071067811865476,89.82833333333333,0.8660254037844387,8.1,66.05125,1736.028,0.49999999999999994,79.4682,1.24,1.26,27.201272558547,0.7071067811865476,1.9287647169451851,29.88,3,93.28
241.72,29.88,84.46129803435528,0,42.33,2.7167337786813963,0,87.55,11.91,63.57,63.07,2025,34.94,1,58.74,0.0,2,284.58,87.53,90.06333333333333,284.58,2025-01-02 03:45:00,86.45,88.02840434901564,Hourly,89.75,0.35,11.9,58.1,8.1,0.0,86.45,1.735373158720204,Siltara,86.45,3,0.7071067811865476,88.69,0.8660254037844387,7.51,67.86083333333333,1753.3890000000001,0.49999999999999994,80.7339,1.26,1.27,27.04665259633216,0.7071067811865476,1.9052558883256445,29.85,3,89.83
246.16,29.85,84.767252182916,0,31.01,2.8240568283380987,0,86.45,11.93,63.87,63.57,2025,37.03,1,59.19,0.0,2,284.31,87.73,89.97333333333334,284.58,2025-01-02 04:00:00,86.45,87.57743167786832,Hourly,86.45,0.4,11.91,58.74,7.51,0.0,86.39,1.8369285959647768,Siltara,86.45,3,0.8660254037844386,88.12666666666667,0.8660254037844387,7.54,69.69916666666667,1759.7187,0.49999999999999994,81.75359999999999,1.27,1.28,26.733482493530445,0.5000000000000001,0.0,29.73,4,89.83
241.33,29.73,85.01690569323661,0,35.44,2.944739017090301,0,86.42999999999999,11.94,64.11,63.87,2025,34.18,1,59.51,-0.0006940427993059835,2,272.19,93.36,89.86166666666666,284.31,2025-01-02 04:15:00,86.45,87.23816548419165,Hourly,86.45,0.32,11.93,59.19,7.54,-0.060000000000002274,83.77,1.7328550622233372,Siltara,86.39,3,0.8660254037844386,87.55333333333333,0.8660254037844387,7.47,72.00666666666666,1767.447,0.49999999999999994,83.343,1.28,1.3,25.61552003506237,0.5000000000000001,0.03464101614806265,29.7,4,89.83
233.11,29.7,84.82507404812328,0,28.8,3.199324147376455,0,85.53666666666668,11.91,64.27,64.11,2025,33.33,1,59.33,-0.0303275842111356,2,272.19,93.36,89.0625,272.19,2025-01-02 04:30:00,86.39,86.24726106013689,Hourly,86.45,0.29,11.94,59.51,7.47,-2.6200000000000045,83.77,1.8986170405515959,Siltara,83.77,3,0.8660254037844386,86.54333333333334,0.8660254037844387,6.57,74.02041666666666,1796.5124,0.49999999999999994,83.551,1.3,1.3,24.490896530391332,0.5000000000000001,1.5302723069222979,30.28,4,89.75
240.88,30.28,84.66275496379662,0,29.07,3.225896163950747,0,84.64333333333332,11.91,64.74,64.27,2025,32.64,1,59.91,0.0,2,272.19,93.36,88.26333333333334,272.19,2025-01-02 04:45:00,83.77,85.53947218581206,Hourly,86.39,0.36,11.91,59.33,6.57,0.0,83.77,1.3763962607740319,Siltara,83.77,3,0.8660254037844386,85.54666666666667,0.8660254037844387,7.79,76.31083333333333,1814.6738999999998,0.49999999999999994,84.16199999999999,1.3,1.3,22.57331666730289,0.5000000000000001,1.5126577052768646,30.29,4,86.45
240.38,30.29,84.52540804628944,0,32.36,3.0304588861411976,0,83.77,11.9,65.14,64.74,2025,29.61,1,60.67,0.0,2,156.49,93.28,87.46416666666666,272.19,2025-01-02 05:00:00,83.77,85.03390870415147,Hourly,83.77,0.24,11.91,59.91,7.79,0.0,83.64,1.4571067222430871,Siltara,83.77,3,0.9659258262890683,85.10000000000001,0.8660254037844387,8.22,78.59,1813.4263,0.49999999999999994,84.0306,1.3,1.29,20.236674413162945,0.25881904510252074,0.0,29.89,5,86.45
244.59,29.89,84.38919142378337,0,29.62,2.595042330474743,0,83.72666666666665,11.91,65.27,65.14,2025,28.56,1,60.57,-0.0015518682105765246,2,156.49,89.83,86.66083333333331,156.49,2025-01-02 05:15:00,83.77,84.63564907439391,Hourly,83.77,0.21,11.9,60.67,8.22,-0.12999999999999545,77.67,1.3862815971773461,Siltara,83.64,3,0.9659258262890683,84.63166666666666,0.8660254037844387,7.7,80.72666666666667,1834.0596,0.49999999999999994,84.1983,1.29,1.29,17.690270149747032,0.25881904510252074,0.07505553499676225,30.28,5,86.45
246.06,30.28,83.35546966627824,0,44.71,3.4712589411263646,0,81.69333333333333,11.9,65.03,65.27,2025,26.8,1,60.33,-0.07137733142037302,2,156.49,89.83,85.6475,156.49,2025-01-02 05:30:00,83.64,82.64546362456709,Hourly,83.77,0.27,11.91,60.57,7.7,-5.969999999999999,77.67,2.895489020299038,Siltara,77.67,3,0.9659258262890683,83.16833333333334,0.8660254037844387,8.11,82.72875,1821.3627000000001,0.49999999999999994,83.8887,1.29,1.29,13.986020757543994,0.25881904510252074,3.4849151113526484,30.19,5,86.39
193.46,30.19,82.48078202531235,0,44.82,3.8890416167683024,0,79.65999999999998,11.91,64.92,65.03,2025,23.15,1,60.43,0.0,2,156.49,89.83,84.63416666666667,156.49,2025-01-02 05:45:00,77.67,81.22390258897649,Hourly,83.64,0.2,11.9,60.33,8.11,0.0,77.67,3.133648033842557,Siltara,77.67,3,0.9659258262890683,81.71499999999999,0.8660254037844387,7.42,84.10208333333334,1802.6269,0.49999999999999994,84.396,1.29,1.3,11.48515562884794,0.25881904510252074,3.4467811070622285,29.83,5,83.77
226.36,29.83,81.74066171372583,0,54.68,3.994904614477548,0,77.67,11.92,64.54,64.92,2025,20.58,1,60.0,0.0,2,156.49,89.75,83.62083333333332,156.49,2025-01-02 06:00:00,77.67,80.20850184926891,Hourly,77.67,0.24,11.91,60.43,7.42,0.0,77.7,3.3177125654088533,Siltara,77.67,3,1.0,80.69833333333334,0.8660254037844387,8.17,85.47083333333335,1786.2,0.49999999999999994,84.54740000000001,1.3,1.31,8.041275540538189,6.123233995736766e-17,0.0,29.77,6,83.77
226.11,29.77,81.1190214500757,0,87.53,3.8250521881943476,0,77.67999999999999,11.92,64.32,64.54,2025,20.41,1,59.85,0.00038624951718811815,2,238.08,86.45,82.61666666666667,156.49,2025-01-02 06:15:00,77.67,79.49178703519208,Hourly,77.67,0.32,11.92,60.0,8.17,0.030000000000001137,79.07,3.1128807665362963,Siltara,77.7,3,1.0,79.68666666666667,0.8660254037844387,6.42,86.43,1769.7645,0.49999999999999994,85.5456,1.31,1.33,5.010679898326731,6.123233995736766e-17,0.017320508119580153,29.57,6,83.77
222.12,29.57,80.8037873808333,0,87.53,3.7451419036898987,0,78.14666666666665,11.91,65.13,64.32,2025,37.77,1,60.27,0.01763191763191751,2,238.08,86.45,82.00166666666667,238.08,2025-01-02 06:30:00,77.7,79.37127645370862,Hourly,77.67,0.38,11.92,59.85,6.42,1.3699999999999903,79.07,2.3864254999206347,Siltara,79.07,3,1.0,78.90333333333332,0.8660254037844387,7.26,86.0775,1836.4269,0.49999999999999994,88.5768,1.33,1.36,5.2230111671516815,6.123233995736766e-17,0.7997708005014744,30.47,6,83.64
234.22,30.47,80.53705086070511,0,87.53,3.5490749968575543,0,78.61333333333333,11.91,68.02,65.13,2025,37.64,1,63.8,0.0,2,238.08,86.45,81.38666666666667,238.08,2025-01-02 06:45:00,79.07,79.28519746693472,Hourly,77.7,0.26,11.91,60.27,7.26,0.0,79.07,0.7191777712577747,Siltara,79.07,3,1.0,78.14166666666667,0.8660254037844387,7.3,85.72500000000001,1951.6419999999998,0.49999999999999994,93.1874,1.36,1.37,5.403097340376391,6.123233995736766e-17,0.7909698687906476,30.59,6,77.67
235.88,30.59,80.31135072828894,0,87.73,3.215674207074887,0,79.07,11.9,67.85,68.02,2025,36.68,1,63.92,0.0,2,239.31,86.39,80.77166666666666,238.08,2025-01-02 07:00:00,79.07,79.22371247638193,Hourly,79.07,0.23,11.91,63.8,7.3,0.0,79.29,0.7614131598578273,Siltara,79.07,3,0.9659258262890683,78.375,0.8660254037844387,7.86,85.3725,1922.7136,0.49999999999999994,93.63299999999998,1.37,1.38,5.554075863334001,-0.25881904510252063,0.0,30.08,7,77.67
209.17,30.08,80.15421984701372,0,93.36,2.6997474629347153,0,79.14333333333333,11.91,67.85,67.85,2025,36.77,1,64.0,0.0027823447578097012,2,293.28,83.77,80.17999999999999,239.31,2025-01-02 07:15:00,79.07,79.24265176884424,Hourly,79.07,0.16,11.9,63.92,7.86,0.22000000000001307,88.82,0.7485385761634072,Siltara,79.29,3,0.9659258262890683,78.645,0.8660254037844387,7.76,85.02083333333333,1916.8,0.49999999999999994,92.9545,1.38,1.37,5.664417477758496,-0.25881904510252063,0.1270170592267609,29.95,7,77.67
260.77,29.95,81.48741679362699,0,93.36,3.565125162491284,0,82.39333333333332,11.91,68.14,67.85,2025,37.56,1,64.24,0.12019170134947643,2,293.28,83.77,80.60083333333333,293.28,2025-01-02 07:30:00,79.29,81.97903697774588,Hourly,79.07,0.21,11.91,64.0,7.76,9.529999999999987,88.82,4.114878694040906,Siltara,88.82,3,0.9659258262890683,80.50333333333333,0.8660254037844387,8.39,84.83166666666666,1936.1935999999998,0.49999999999999994,94.71459999999999,1.37,1.39,5.445391084025836,-0.25881904510252063,5.566743512443698,30.14,7,77.7
232.0,30.14,82.61550651768438,0,93.36,4.21250483319403,0,85.64333333333332,11.9,69.28,68.14,2025,37.35,1,65.43,0.0,2,293.28,83.77,81.02166666666666,293.28,2025-01-02 07:45:00,88.82,83.93359784124705,Hourly,79.29,0.25,11.91,64.24,8.39,0.0,88.82,5.007201480535028,Siltara,88.82,3,0.9659258262890683,82.35666666666665,0.8660254037844387,7.93,84.6425,1996.2693000000004,0.49999999999999994,97.6848,1.39,1.41,5.210015647144956,-0.25881904510252063,5.5021480653771375,30.51,7,79.07
226.11,30.51,83.57004397650218,0,93.28,4.732216711012515,0,88.82,11.91,71.51,69.28,2025,35.62,1,67.8,0.0,2,294.39,83.64,81.4425,293.28,2025-01-02 08:00:00,88.82,85.32971274374789,Hourly,88.82,0.21,11.9,65.43,7.93,0.0,88.82,5.300737370090366,Siltara,88.82,3,0.8660254037844387,83.98166666666665,0.8660254037844387,8.03,84.45333333333333,2110.614,0.49999999999999994,102.2593,1.41,1.43,4.955962299983481,-0.4999999999999998,0.0,31.13,8,79.07
227.72,31.13,84.37772951857876,0,89.83,5.167161095598328,0,88.82,11.92,73.72,71.51,2025,39.79,1,70.09,0.0,2,343.01,77.67,81.87416666666667,294.39,2025-01-02 08:15:00,88.82,86.32693767410564,Hourly,88.82,0.2,11.91,67.8,8.03,0.0,177.81,4.978560702318782,Siltara,88.82,3,0.8660254037844387,85.60666666666667,0.8660254037844387,8.72,84.2675,2232.3665,0.49999999999999994,106.89399999999999,1.43,1.45,4.686914485172659,-0.4999999999999998,0.0,31.85,8,79.07
231.19,31.85,98.75192497725895,0,89.83,28.032506928509914,0,118.4833333333333,11.91,74.06,73.72,2025,39.93,1,69.75,1.0019139833370865,2,343.01,77.67,90.21916666666668,343.01,2025-01-02 08:30:00,88.82,112.46495548150403,Hourly,88.82,0.37,11.92,70.09,8.72,88.99000000000001,177.81,37.30342003981239,Siltara,177.81,3,0.8660254037844387,102.06333333333333,0.8660254037844387,8.35,87.93333333333334,2303.1450000000004,0.49999999999999994,109.6088,1.45,1.48,19.673401524297965,-0.4999999999999998,51.378400455184746,33.02,8,79.29
225.58,33.02,110.91470574998834,0,89.83,37.32296403954216,0,148.14666666666665,11.91,71.0,74.06,2025,42.95,1,65.89,0.0,2,343.01,77.67,98.56416666666667,343.01,2025-01-02 08:45:00,177.81,131.13496820107432,Hourly,88.82,0.3,11.91,69.75,8.35,0.0,177.81,45.95423839719988,Siltara,177.81,3,0.8660254037844387,118.4833333333333,0.8660254037844387,7.56,91.59916666666668,2180.3001000000004,0.49999999999999994,103.66,1.48,1.46,26.908605850928026,-0.4999999999999998,51.37840045518469,33.09,8,88.82
226.65,33.09,121.20628948075937,0,89.75,42.991233452738555,0,177.81,11.9,67.15,71.0,2025,44.11,1,62.17,0.0,2,340.35,77.7,106.90916666666665,343.01,2025-01-02 09:00:00,177.81,144.47069157219593,Hourly,177.81,0.28,11.91,65.89,7.56,0.0,186.8,48.7418303923849,Siltara,177.81,3,0.7071067811865476,133.315,0.8660254037844387,8.42,95.265,1953.3814000000002,0.49999999999999994,96.0245,1.46,1.43,32.14122261682599,-0.7071067811865475,0.0,31.42,9,88.82
219.69,31.42,131.29762956064255,40,86.45,47.547274744259,1,180.80666666666664,11.9,62.48,67.15,2025,43.85,1,56.83,0.05055958607502395,2,223.4,79.07,116.00083333333333,340.35,2025-01-02 09:15:00,177.81,156.56477969442568,Hourly,177.81,0.32,11.9,62.17,8.42,8.990000000000009,185.7758536585366,47.24332111526475,Siltara,186.8,3,0.7071067811865476,149.64499999999998,0.8660254037844387,8.21,99.30874999999999,1744.1127000000001,0.49999999999999994,87.472,1.43,1.4,37.134381972190425,-0.7071067811865475,5.190378920012963,30.69,9,88.82
211.43,30.69,139.6788948064724,40,86.45,49.9308601682957,1,183.4619512195122,11.91,63.69,62.48,2025,43.02,1,57.0,-0.005482582127748507,2,223.4,79.07,124.89298780487803,223.4,2025-01-02 09:30:00,186.8,164.9108008270288,Hourly,177.81,0.36,11.9,56.83,8.21,-1.024146341463421,184.7517073170732,37.943840917823394,Siltara,185.7758536585366,3,0.7071067811865476,165.80430894308944,0.8660254037844387,8.0,103.44732723577236,1866.75,0.49999999999999994,89.166,1.4,1.4,40.97521961060558,-0.7071067811865475,4.921446268422851,32.75,9,88.82
218.24,32.75,146.61317365425714,40,86.45,50.431411796579155,1,185.7758536585366,11.9,61.05,63.69,2025,42.33,1,54.37,-0.005512806542371294,2,223.4,79.07,133.6997967479675,223.4,2025-01-02 09:45:00,185.7758536585366,170.57963125275575,Hourly,186.8,0.45,11.91,57.0,8.0,-1.0241463414633927,183.72756097560975,4.410895333635465,Siltara,184.7517073170732,3,0.7071067811865476,181.79292682926828,0.8660254037844387,7.78,107.54323170731708,1724.0727,0.49999999999999994,82.4175,1.4,1.35,44.003526041445234,-0.7071067811865475,1.0241463414537906,31.71,9,177.81
330.49,39.56,73.00735771940867,0,125.36,28.404189018310074,0,56.31999999999999,11.92,69.13,61.5,2025,144.81,1,56.74,0.109237794169301,4,172.18,70.24,77.31083333333333,172.18,2025-01-04 08:00:00,56.94,62.07651940634841,Hourly,48.86,0.75,11.92,50.36,24.95,6.219999999999999,63.16,6.152182268648441,Siltara,63.16,5,0.8660254037844387,56.38333333333333,0.8660254037844387,41.02,94.31833333333333,2471.027,0.49999999999999994,87.10379999999999,0.97,1.26,30.583989938850564,-0.4999999999999998,7.1701324952896694,43.55,8,60.42
334.1,43.55,71.49237960873042,0,125.36,28.636990845704748,0,61.086666666666666,11.92,52.67,69.13,2025,144.81,1,41.36,0.0,4,172.18,105.28,76.72083333333333,172.18,2025-01-04 09:00:00,63.16,62.386085290248865,Hourly,56.94,0.69,11.92,56.74,41.02,0.0,135.78,6.597332794395444,Siltara,63.16,5,0.7071067811865476,56.839999999999996,0.8660254037844387,64.01,91.72666666666667,1677.9752,0.49999999999999994,64.2574,1.26,1.22,30.47436922579608,-0.7071067811865475,3.5911186743606165,40.57,9,60.06
359.48,40.57,81.38278274584881,0,125.36,32.49571723529689,0,87.36666666666667,11.92,50.1,52.67,2025,144.81,1,36.43,1.1497783407219762,4,172.18,119.4,79.2625,172.18,2025-01-04 10:00:00,63.16,83.35577520732062,Hourly,63.16,1.25,11.92,41.36,64.01,72.62,135.78,33.11553351525543,Siltara,135.78,5,0.49999999999999994,69.46,0.8660254037844387,64.58,92.16083333333334,1434.6134000000002,0.49999999999999994,52.605000000000004,1.22,1.05,31.04329107898348,-0.8660254037844387,41.927176548550676,39.38,10,48.86
15.9,39.38,89.75158540033362,0,135.24,34.61021686386324,0,111.57333333333334,11.92,40.81,50.1,2025,164.23,1,26.61,0.0,4,190.47,119.4,80.6275,172.18,2025-01-04 11:00:00,135.78,98.33412514808616,Hourly,63.16,2.41,11.92,36.43,64.58,0.0,88.59,40.49196002500585,Siltara,135.78,5,0.258819045102521,83.94666666666666,0.8660254037844387,29.15,92.59500000000001,947.316,0.49999999999999994,37.5452,1.05,0.92,31.595747650043347,-0.9659258262890682,41.92717654855063,35.6,11,48.86
13.37,35.6,89.57287995412845,0,137.32,32.55419006685773,0,120.05000000000001,11.91,28.65,40.81,2025,164.23,1,14.25,-0.3475475033141847,4,190.47,114.69,78.06,190.47,2025-01-04 12:00:00,135.78,95.5500893914901,Hourly,135.78,1.84,11.92,26.61,29.15,-47.19,71.61,36.67533689915707,Siltara,88.59,5,1.2246467991473532e-16,90.56833333333333,0.8660254037844387,42.74,90.65124999999999,445.8825,0.49999999999999994,18.909,0.92,0.66,30.265109243153283,-1.0,27.24515920305841,31.29,12,56.94
21.16,31.29,86.80935996118562,0,137.32,30.455207943947766,0,98.66000000000001,11.91,22.75,28.65,2025,164.23,1,9.03,-0.19166948865560451,4,196.74,60.42,74.47,190.47,2025-01-04 13:00:00,88.59,88.71006385106436,Hourly,135.78,1.97,11.91,14.25,42.74,-16.980000000000004,60.52,34.40374146319949,Siltara,71.61,5,-0.2588190451025208,93.01333333333334,0.8660254037844387,50.37,87.91333333333334,261.23789999999997,0.49999999999999994,12.285,0.66,0.54,28.796252574229918,-0.9659258262890683,33.24907367130702,28.93,13,63.16
13.23,28.93,82.76484304408015,0,109.2,30.451027399695036,0,73.57333333333334,11.91,18.09,22.75,2025,138.02,1,5.93,-0.15486663873760642,4,196.74,60.42,74.47833333333334,196.74,2025-01-04 14:00:00,71.61,80.6557598936174,Hourly,88.59,2.41,11.91,9.03,50.37,-11.089999999999996,52.8,34.875552277586536,Siltara,60.52,5,-0.4999999999999997,92.57333333333334,0.8660254037844387,47.62,84.71333333333332,141.4305,0.49999999999999994,7.9596,0.54,0.44,27.295302775810917,-0.8660254037844388,14.13761766824026,23.85,14,63.16
9.8,23.85,78.15486719114475,0,99.29,30.847705773933328,0,61.64333333333334,11.91,17.87,18.09,2025,138.02,1,4.91,-0.12756113681427636,4,171.52,60.06,73.84333333333333,196.74,2025-01-04 15:00:00,60.52,72.69697135258386,Hourly,71.61,3.13,11.91,5.93,47.62,-7.720000000000006,51.1,36.8250087123774,Siltara,52.8,5,-0.7071067811865471,90.84666666666668,0.8660254037844387,44.42,82.36333333333333,123.2901,0.49999999999999994,6.7906,0.44,0.38,27.522398572588266,-0.7071067811865479,9.455180238014547,25.11,15,135.78
5.36,25.11,73.99257993096863,0,99.29,31.31653537476322,0,54.80666666666667,11.9,17.41,17.87,2025,138.02,1,4.82,-0.03219696969696962,4,153.92,48.86,73.09666666666666,171.52,2025-01-04 16:00:00,52.8,66.52640810898846,Hourly,60.52,2.8,11.91,4.91,44.42,-1.6999999999999957,44.47,32.08140375149865,Siltara,51.1,5,-0.8660254037844385,76.73333333333333,0.8660254037844387,42.05,80.35541666666667,118.57200000000002,0.49999999999999994,4.8748000000000005,0.38,0.28,27.987744364300816,-0.5000000000000004,5.020371832179541,24.6,16,135.78
357.56,24.6,69.45064455697346,0,84.35,31.649275866578623,0,49.45666666666667,11.9,16.29,17.41,2025,138.02,1,5.12,-0.1297455968688846,4,171.84,48.86,72.73083333333334,153.92,2025-01-04 17:00:00,51.1,60.224577220706045,Hourly,52.8,2.54,11.9,4.82,42.05,-6.630000000000003,44.47,16.19203600539492,Siltara,44.47,5,-0.9659258262890683,61.51500000000001,0.8660254037844387,32.19,78.07125,118.5792,0.49999999999999994,3.4208999999999996,0.28,0.21,28.605445561306553,-0.25881904510252063,4.401435371937492,23.16,17,88.59
359.96,23.16,65.60746847128523,0,84.35,31.973988433782306,0,46.68000000000001,11.92,21.31,16.29,2025,138.02,1,7.64,0.0,4,171.84,56.94,72.365,171.84,2025-01-04 18:00:00,44.47,55.72326944336146,Hourly,51.1,1.77,11.9,5.12,32.19,0.0,36.67,10.43031623042525,Siltara,44.47,5,-1.0,54.16166666666667,0.8660254037844387,37.86,76.40958333333334,207.5024,0.49999999999999994,4.475099999999999,0.21,0.21,29.37286450763802,-1.8369701987210297e-16,3.82783228472847,27.16,18,71.61
353.52,27.16,61.15555024493366,0,73.47,33.368000855019986,0,41.87,11.92,41.59,21.31,2025,190.37,1,20.48,-0.17539914549134242,4,129.18,63.16,70.67583333333333,171.84,2025-01-04 19:00:00,44.47,50.27947817382962,Hourly,44.47,0.76,11.92,7.64,37.86,-7.799999999999997,32.02,8.270481042035737,Siltara,36.67,5,-0.9659258262890684,48.33833333333333,0.8660254037844387,40.68,74.42291666666667,942.4896000000001,0.49999999999999994,22.874500000000005,0.21,0.55,30.40670613663561,0.2588190451025203,4.503332099680209,46.02,19,60.52
11.93,46.02,56.67315789955925,0,70.24,35.167955056824056,0,37.72,11.92,27.06,41.59,2025,190.37,1,10.96,-0.12680665394055082,4,174.55,63.16,68.08083333333333,129.18,2025-01-04 20:00:00,36.67,45.0624844098783,Hourly,44.47,0.8,11.92,20.48,40.68,-4.649999999999999,47.55,8.056355048449184,Siltara,32.02,5,-0.8660254037844386,43.58833333333334,0.8660254037844387,31.85,72.69583333333333,364.8584,0.49999999999999994,11.3652,0.55,0.42,31.61629366896636,0.5000000000000001,6.291065092654078,33.29,20,52.8
8.41,33.29,55.269595145780904,0,105.28,35.65189042546131,0,38.74666666666667,11.91,26.34,27.06,2025,190.37,1,11.49,0.4850093691442846,4,174.55,135.78,66.78,174.55,2025-01-04 21:00:00,32.02,45.77320314991307,Hourly,36.67,0.76,11.92,10.96,31.85,15.529999999999994,47.55,7.081956415191545,Siltara,47.55,5,-0.7071067811865477,42.71333333333333,0.8660254037844387,21.78,71.75041666666668,357.339,0.49999999999999994,11.0628,0.42,0.42,32.02947073354504,0.7071067811865474,7.97054786908302,31.1,21,51.1
160.85,31.1,54.08196512335307,0,119.4,28.511101545953046,0,42.373333333333335,11.91,26.59,26.34,2025,189.8,1,12.54,0.0,4,151.79,135.78,59.4275,174.55,2025-01-04 22:00:00,47.55,46.28085939279505,Hourly,32.02,0.56,11.91,11.49,21.78,0.0,46.63,6.3518073543419655,Siltara,47.55,5,-0.5000000000000004,42.12166666666666,0.8660254037844387,14.2,69.345,375.82379999999995,0.49999999999999994,9.8383,0.42,0.37,31.566330025905003,0.8660254037844384,8.966249680515451,29.97,22,44.47
182.06,29.97,52.935508950529524,0,119.4,15.41390625573597,0,47.24333333333333,11.91,27.66,26.59,2025,173.04,1,11.31,-0.01934805467928485,4,105.67,88.59,51.998333333333335,151.79,2025-01-04 23:00:00,47.55,46.38061385199647,Hourly,47.55,0.33,11.91,12.54,14.2,-0.9199999999999946,42.33,6.5690194600619565,Siltara,46.63,5,-0.25881904510252157,42.48166666666666,0.8660254037844387,15.82,66.31291666666667,384.54,0.49999999999999994,13.2768,0.37,0.48,30.005642147576342,0.9659258262890681,0.5311622476635006,34.0,23,44.47
114.67,34.0,51.3038921889096,0,114.69,10.39959731155178,0,45.50333333333333,11.89,25.05,27.66,2025,173.04,1,14.45,-0.0922153120308815,5,62.85,71.61,48.14333333333334,105.67,2025-01-05 00:15:00,46.63,45.223295608568904,Hourly,47.55,1.31,11.91,11.31,15.82,-4.300000000000004,18.64,6.497174001056615,Siltara,42.33,6,0.0,42.125,0.8660254037844387,3.53,63.10166666666667,348.245,0.49999999999999994,15.531,0.48,0.62,28.14345065006702,1.0,2.786419446770914,24.1,0,36.67
119.79,24.1,46.27867800600043,0,60.42,10.768690693043212,0,35.86666666666667,11.91,26.09,25.05,2025,173.04,1,14.17,-0.5596503661705646,5,62.85,60.52,43.729166666666664,62.85,2025-01-05 00:30:00,42.33,37.62806829183493,Hourly,46.63,0.8,11.89,14.45,3.53,-23.689999999999998,18.64,11.65053131835652,Siltara,18.64,6,0.0,39.12,0.8660254037844387,3.1,59.09958333333333,375.78839999999997,0.49999999999999994,16.4367,0.62,0.63,27.305295947404908,1.0,15.072857503915573,26.52,0,32.02
118.33,26.52,42.02657369738498,0,60.42,11.587550889039157,0,26.536666666666665,11.91,26.13,26.09,2025,164.81931034482758,1,14.16,0.0,5,62.85,52.8,40.23916666666667,62.85,2025-01-05 00:45:00,18.64,32.202905922739234,Hourly,42.33,0.89,11.91,14.17,3.1,0.0,18.64,14.267847770424458,Siltara,18.64,6,0.0,36.89,0.8660254037844387,2.8,57.35875000000001,376.7976,0.49999999999999994,16.200599999999998,0.63,0.62,28.522168085238775,1.0,13.677427877102652,26.61,0,47.55
117.94,26.61,38.42863928240268,0,60.06,12.389482434710978,0,18.64,11.9,26.56,26.13,2025,158.24275862068964,1,14.32,0.0,5,58.32,51.1,37.3925,62.85,2025-01-05 01:00:00,18.64,28.327789944813738,Hourly,18.64,0.93,11.91,14.16,2.8,0.0,16.65,14.818814280051999,Siltara,18.64,6,0.25881904510252074,32.071666666666665,0.8660254037844387,2.92,55.617916666666666,389.0744,0.49999999999999994,16.9984,0.62,0.64,29.58250216938138,0.9659258262890683,0.0,27.17,1,47.55
107.74,27.17,35.078079392802266,0,48.86,12.905064427533866,0,17.976666666666667,11.9,26.75,26.56,2025,151.66620689655173,1,14.68,-0.10675965665236062,5,53.37,44.47,34.52166666666667,58.32,2025-01-05 01:15:00,18.64,24.99127853200981,Hourly,18.64,0.43,11.9,14.32,2.92,-1.990000000000002,14.37,13.690144508611779,Siltara,16.65,6,0.25881904510252074,26.921666666666667,0.8660254037844387,2.91,53.80916666666667,396.2132,0.49999999999999994,17.3875,0.64,0.65,30.608403636720602,0.9659258262890683,1.1489270356926502,26.99,1,46.63
1.69,26.95,25.29003467630748,0,63.16,14.673728198465344,0,15.030000000000001,11.91,28.4,27.92,2025,125.36,1,17.06,0.1377870563674323,5,62.04,47.55,26.340833333333332,57.42,2025-01-05 02:15:00,14.37,17.70052023427994,Hourly,14.37,0.29,11.91,16.17,3.14,1.9800000000000022,18.62,1.7449861508543931,Siltara,16.35,6,0.49999999999999994,15.791666666666666,0.8660254037844387,1.39,47.21083333333334,452.09,0.49999999999999994,17.892,0.63,0.63,33.89658350318527,0.8660254037844387,1.1431535330008955,26.5,2,18.64
11.15,26.5,24.2638754953371,0,135.78,13.172072384750392,0,16.44666666666667,11.91,28.99,28.4,2025,125.36,1,17.91,0.1388379204892966,5,62.04,47.55,23.930000000000003,62.04,2025-01-05 02:30:00,16.35,17.963228738771384,Hourly,14.37,0.61,11.91,17.06,1.39,2.2699999999999996,18.62,1.7384638813255886,Siltara,18.62,6,0.49999999999999994,15.788333333333334,0.8660254037844387,2.69,45.355,471.3912,0.49999999999999994,17.9738,0.63,0.62,34.20329478154187,0.8660254037844387,2.1266483802795504,26.32,2,16.65
6.0,26.32,23.39558695759293,0,135.78,10.90906500312641,0,17.863333333333333,11.9,29.07,28.99,2025,125.36,1,18.53,0.0,5,62.04,46.63,21.519166666666667,62.04,2025-01-05 02:45:00,18.62,18.15087767055099,Hourly,16.35,0.73,11.91,17.91,2.69,0.0,18.62,2.0852018287622944,Siltara,18.62,6,0.49999999999999994,16.11666666666667,0.8660254037844387,2.96,40.473333333333336,472.8856,0.49999999999999994,18.0234,0.62,0.62,28.645545319764345,0.8660254037844387,1.3105851110650935,25.52,2,14.37
13.83,25.52,22.6608812718094,0,88.59,7.516986219103715,0,18.62,11.91,28.34,29.07,2025,135.24,1,18.88,0.0,5,80.67,42.33,19.185000000000002,62.04,2025-01-05 03:00:00,18.62,18.284912621822137,Hourly,18.62,0.49,11.9,18.53,2.96,0.0,17.52,2.095029832724804,Siltara,18.62,6,0.7071067811865476,16.825,0.8660254037844387,2.48,35.59166666666666,445.37919999999997,0.49999999999999994,17.287399999999998,0.62,0.61,20.531331871210977,0.7071067811865476,0.0,23.59,3,14.37
31.39,23.59,21.8699764607618,0,71.61,1.8424890526416775,0,18.253333333333334,11.91,28.59,28.34,2025,137.32,1,19.11,-0.05907626208378095,5,101.96,18.64,17.1175,80.67,2025-01-05 03:15:00,18.62,18.06636615844438,Hourly,18.62,0.57,11.91,18.88,2.48,-1.1000000000000014,16.27,1.7174399552842883,Siltara,17.52,6,0.7071067811865476,17.349999999999998,0.8660254037844387,2.71,32.63041666666667,453.0981,0.49999999999999994,17.7258,0.61,0.62,17.448837379774154,0.7071067811865476,0.6350852961181433,23.71,3,14.37
11.53,23.71,21.0084416206446,0,60.52,1.7907489545425819,0,17.470000000000002,11.9,28.96,28.59,2025,137.32,1,19.32,-0.07134703196347032,5,101.96,18.64,16.919999999999998,101.96,2025-01-05 03:30:00,17.52,17.55311868460313,Hourly,18.62,0.69,11.91,19.11,2.71,-1.25,16.27,1.134225139323561,Siltara,16.27,6,0.7071067811865476,17.666666666666668,0.8660254037844387,2.37,30.324583333333337,465.8052,0.49999999999999994,18.2448,0.62,0.63,15.636182670795952,0.7071067811865476,1.1757976016356795,24.11,3,16.35
22.99,24.11,20.27945060208389,0,52.8,1.7128027270622055,0,16.686666666666667,11.91,29.28,28.96,2025,109.2,1,19.54,0.0,5,101.96,18.64,16.7225,101.96,2025-01-05 03:45:00,16.27,17.186513346145095,Hourly,17.52,0.71,11.9,19.32,2.37,0.0,16.27,1.1531117320856432,Siltara,16.27,6,0.7071067811865476,17.653333333333332,0.8660254037844387,2.08,28.480833333333333,476.5806,0.49999999999999994,18.4464,0.63,0.63,14.487561356487088,0.7071067811865476,0.7216878364955519,24.39,3,18.62
13.21,24.39,19.662612047917136,0,51.1,1.604836440268466,0,16.27,11.9,29.69,29.28,2025,99.29,1,19.84,0.0,5,101.96,16.65,16.525000000000002,101.96,2025-01-05 04:00:00,16.27,16.92465239010364,Hourly,16.27,1.04,11.91,19.54,2.08,0.0,21.27,1.1581954354397894,Siltara,16.27,6,0.8660254037844386,17.261666666666667,0.8660254037844387,2.06,26.95875,490.2464,0.49999999999999994,18.704700000000003,0.63,0.63,13.72008661162319,0.5000000000000001,0.0,24.71,4,18.62
17.98,24.71,19.909902502083728,0,44.47,2.111681794213686,0,17.936666666666667,11.9,30.12,29.69,2025,99.29,1,20.29,0.3073140749846343,5,223.2,14.37,16.91,101.96,2025-01-05 04:15:00,16.27,18.166180278645456,Hourly,16.27,0.84,11.9,19.84,2.06,5.0,26.98,1.9878799427212779,Siltara,21.27,6,0.8660254037844386,17.703333333333333,0.8660254037844387,2.02,25.715833333333332,503.80069999999995,0.49999999999999994,19.2768,0.63,0.64,12.755260778840983,0.5000000000000001,2.8867513459502354,24.83,4,18.62
11.73,24.83,20.99760980945546,0,44.47,3.44770663784196,0,21.50666666666667,11.89,30.42,30.12,2025,84.35,1,20.64,0.2684532204983545,5,223.2,14.37,17.960833333333333,223.2,2025-01-05 04:30:00,21.27,20.684414484746753,Hourly,16.27,1.29,11.9,20.29,2.02,5.710000000000001,26.98,4.320331777383944,Siltara,26.98,6,0.8660254037844386,19.096666666666668,0.8660254037844387,2.49,24.987083333333334,513.5232,0.49999999999999994,19.773000000000003,0.64,0.65,12.121050850973743,0.5000000000000001,5.3589209112791645,24.88,4,17.52
6.35,24.88,21.9179775310777,0,36.67,4.111555408698909,0,25.076666666666668,11.91,30.65,30.42,2025,84.35,1,20.9,0.0,5,223.2,14.37,19.011666666666667,223.2,2025-01-05 04:45:00,26.98,22.483153203390536,Hourly,21.27,0.96,11.89,20.64,2.49,0.0,26.98,5.254943069784246,Siltara,26.98,6,0.8660254037844386,20.673333333333336,0.8660254037844387,2.56,24.258333333333336,520.828,0.49999999999999994,20.5355,0.65,0.67,11.403277433785927,0.5000000000000001,3.296670037074489,24.92,4,16.27
5.49,24.92,22.69675021860421,0,32.02,4.417445014322051,0,26.98,11.9,30.85,30.65,2025,73.47,1,21.15,0.0,5,76.14,16.35,20.0625,223.2,2025-01-05 05:00:00,26.98,23.767966573850384,Hourly,26.98,0.95,11.91,20.9,2.56,0.0,26.1,5.279005272461225,Siltara,26.98,6,0.9659258262890683,22.458333333333332,0.8660254037844387,1.76,23.854583333333334,527.058,0.49999999999999994,20.669500000000003,0.67,0.67,11.11255575783635,0.25881904510252074,0.0,24.92,5,16.27
22.78,24.92,23.220327108049716,0,47.55,4.566666777263115,0,26.686666666666667,11.9,31.18,30.85,2025,70.24,1,21.47,-0.0326167531504818,5,76.14,18.62,20.875,76.14,2025-01-05 05:15:00,26.98,24.434261838464558,Hourly,26.98,1.34,11.9,21.15,1.76,-0.879999999999999,25.1,4.4317250215546276,Siltara,26.1,6,0.9659258262890683,24.096666666666668,0.8660254037844387,1.71,23.607916666666668,537.8235,0.49999999999999994,21.2024,0.67,0.68,10.98843699735931,0.25881904510252074,0.5080682368978949,25.05,5,16.27
37.85,25.05,23.509507552965143,0,47.55,4.657987275053319,0,26.060000000000002,11.9,31.26,31.18,2025,105.28,1,21.62,-0.038314176245210725,5,76.14,18.62,21.415000000000003,76.14,2025-01-05 05:30:00,26.1,24.6244727417604,Hourly,26.98,1.32,11.9,21.47,1.71,-1.0,25.1,2.2341031011735604,Siltara,25.1,6,0.9659258262890683,25.56833333333333,0.8660254037844387,2.19,22.6725,539.6352,0.49999999999999994,21.882,0.68,0.7,9.747140160290877,0.25881904510252074,0.9406380813103787,24.96,5,21.27
60.62,24.96,23.754198698662815,0,46.63,4.680067015838601,0,25.433333333333337,11.9,31.41,31.26,2025,119.4,1,21.61,0.0,5,76.14,18.62,21.955,76.14,2025-01-05 05:45:00,25.1,24.760337672686,Hourly,26.1,0.85,11.9,21.62,2.19,0.0,25.1,0.9224893856697207,Siltara,25.1,6,0.9659258262890683,26.206666666666667,0.8660254037844387,1.95,21.737083333333334,546.3008,0.49999999999999994,22.301099999999998,0.7,0.71,8.212285854089766,0.25881904510252074,0.5773502691994482,25.28,5,26.98
99.34,25.28,23.96124505271469,0,42.33,4.63389586731338,0,25.1,11.9,31.67,31.41,2025,119.4,1,21.77,0.0,5,94.91,17.52,22.495,76.14,2025-01-05 06:00:00,25.1,24.857384051918572,Hourly,25.1,0.53,11.9,21.61,1.95,0.0,23.93,0.9265563483530328,Siltara,25.1,6,1.0,25.89333333333333,0.8660254037844387,1.51,20.84,556.0058,0.49999999999999994,22.8024,0.71,0.72,6.3365585228143395,6.123233995736766e-17,0.0,25.54,6,26.98
59.64,25.54,23.956438121527817,0,18.64,4.370224579904442,0,24.709999999999997,11.9,32.3,31.67,2025,114.69,1,22.36,-0.04661354581673313,5,116.36,16.27,23.02916666666667,94.91,2025-01-05 06:15:00,25.1,24.59241717994184,Hourly,25.1,0.89,11.9,21.77,1.51,-1.1700000000000017,22.6,1.040764142352461,Siltara,23.93,6,1.0,25.385,0.8660254037844387,0.81,20.073333333333334,578.006,0.49999999999999994,22.932999999999996,0.72,0.71,4.458098314272328,6.123233995736766e-17,0.6754998149603197,25.85,6,26.98
66.17,25.85,23.747755333600463,0,18.64,3.82867490330069,0,23.87666666666667,11.9,32.48,32.3,2025,60.42,1,22.66,-0.05557877141663177,5,116.36,16.27,23.55666666666667,116.36,2025-01-05 06:30:00,23.93,24.023155128529886,Hourly,25.1,0.77,11.9,22.36,0.81,-1.3299999999999983,22.6,1.2190775200973367,Siltara,22.6,6,1.0,24.655,0.8660254037844387,1.53,20.238333333333333,582.8152,0.49999999999999994,22.735999999999997,0.71,0.7,4.475988758065245,6.123233995736766e-17,1.2508530422654982,25.72,6,26.1
63.18,25.72,23.571177589969622,0,18.64,3.1002476685054696,0,23.043333333333333,11.9,32.45,32.48,2025,60.42,1,22.59,0.0,5,116.36,16.27,24.084166666666665,116.36,2025-01-05 06:45:00,22.6,23.61653937752135,Hourly,23.93,0.77,11.9,22.66,1.53,0.0,22.6,1.2267096912771798,Siltara,22.6,6,1.0,24.07166666666667,0.8660254037844387,1.25,20.403333333333332,581.6925,0.49999999999999994,22.715,0.7,0.7,4.487481783097375,6.123233995736766e-17,0.7678758580297627,25.75,6,25.1
74.47,25.75,23.42176565305122,0,16.65,1.9892750316454753,0,22.6,11.9,32.71,32.45,2025,60.06,1,22.86,0.0,5,96.41,21.27,24.611666666666668,116.36,2025-01-05 07:00:00,22.6,23.326099555372394,Hourly,22.6,0.47,11.9,22.59,1.25,0.0,22.61,1.2321322980941203,Siltara,22.6,6,0.9659258262890683,23.655,0.8660254037844387,0.43,20.568333333333335,590.931,0.49999999999999994,23.2241,0.7,0.71,4.492626487215556,-0.25881904510252063,0.0,25.85,7,25.1
96.4,25.85,23.296878629504878,0,14.37,1.8145790061912201,0,22.603333333333335,11.9,33.09,32.71,2025,48.86,1,23.43,0.00044247787610610665,5,74.61,26.98,24.723333333333333,96.41,2025-01-05 07:15:00,22.6,23.121499682408853,Hourly,22.6,0.53,11.9,22.86,0.43,0.00999999999999801,22.61,1.054646860331319,Siltara,22.61,6,0.9659258262890683,23.24,0.8660254037844387,1.25,20.816666666666666,602.151,0.49999999999999994,23.4939,0.71,0.71,4.430918706060599,-0.25881904510252063,0.0057735037018988656,25.7,7,25.1
106.18,25.7,23.191204994196433,0,14.37,1.758147053183844,0,22.60666666666667,11.89,33.27,33.09,2025,48.86,1,23.77,0.0,5,74.61,26.98,24.359166666666667,74.61,2025-01-05 07:30:00,22.61,22.975356916006326,Hourly,22.6,0.7,11.9,23.43,1.25,0.0,22.61,0.54135940003543,Siltara,22.61,6,0.9659258262890683,22.825,0.8660254037844387,1.02,21.16,606.8481,0.49999999999999994,23.6217,0.71,0.71,4.224089302416577,-0.25881904510252063,0.0057735037018680985,25.53,7,23.93
117.3,25.53,23.101788841243135,0,14.37,1.6124881958734398,0,22.61,11.9,33.06,33.27,2025,56.94,1,23.69,0.0,5,74.61,26.98,23.995,74.61,2025-01-05 07:45:00,22.61,22.870969225718802,Hourly,22.61,0.76,11.89,23.77,1.02,0.0,22.61,0.005477226189245957,Siltara,22.61,6,0.9659258262890683,22.605,0.8660254037844387,1.44,21.503333333333334,598.1725,0.49999999999999994,23.8032,0.71,0.72,3.975778476318965,-0.25881904510252063,0.0,25.25,7,22.6
118.86,25.25,23.02612901951342,0,16.35,1.3490027180648516,0,22.61,11.9,33.01,33.06,2025,63.16,1,23.34,0.0,5,70.2,26.1,23.63083333333334,74.61,2025-01-05 08:00:00,22.61,22.796406589799147,Hourly,22.61,0.68,11.9,23.69,1.44,0.0,24.08,0.005163978446389592,Siltara,22.61,6,0.8660254037844387,22.606666666666666,0.8660254037844387,1.54,21.846666666666668,599.3712,0.49999999999999994,23.106999999999996,0.72,0.7,3.677593337174557,-0.4999999999999998,0.0,25.68,8,22.6
94.82,25.68,23.188263016511353,0,18.62,1.1193677192603535,0,23.099999999999998,11.9,32.59,33.01,2025,63.16,1,23.12,0.06501547987616094,5,65.17,25.1,23.462500000000002,70.2,2025-01-05 08:15:00,22.61,23.163147564142246,Hourly,22.61,0.47,11.9,23.34,1.54,1.4699999999999989,25.76,0.6009547958652018,Siltara,24.08,6,0.8660254037844387,22.853333333333335,0.8660254037844387,1.45,22.16875,583.0864,0.49999999999999994,22.813000000000002,0.7,0.7,3.5099403097870985,-0.4999999999999998,0.8487048957155904,25.22,8,22.6
89.16,25.22,23.58391486012499,0,18.62,1.2189274346416696,0,24.150000000000002,11.91,32.41,32.59,2025,135.78,1,22.97,0.06976744186046525,5,65.17,25.1,23.5175,65.17,2025-01-05 08:30:00,24.08,23.905105402958746,Hourly,22.61,0.52,11.9,23.12,1.45,1.6800000000000033,25.76,1.3058330674350018,Siltara,25.76,6,0.8660254037844387,23.38,0.8660254037844387,1.67,22.466250000000002,576.547,0.49999999999999994,22.362899999999996,0.7,0.69,3.4986454677064827,-0.4999999999999998,1.5761662348913295,25.1,8,22.61
79.27,25.1,23.91869718933653,0,18.62,1.3084280992557897,0,25.2,11.91,30.65,32.41,2025,135.78,1,23.13,0.0,5,65.17,25.1,23.5725,65.17,2025-01-05 08:45:00,25.76,24.435075287827676,Hourly,24.08,0.65,11.91,22.97,1.67,0.0,25.76,1.5455581516095371,Siltara,25.76,6,0.8660254037844387,23.905,0.8660254037844387,2.34,22.76375,497.0636999999999,0.49999999999999994,21.1485,0.69,0.69,3.4607297703642943,-0.4999999999999998,0.9699484522444487,21.49,8,22.61
196.42,21.49,24.201974544823216,0,17.52,1.3898144088050446,0,25.76,11.91,30.19,30.65,2025,88.59,1,22.83,0.0,5,63.57,23.93,23.627499999999998,65.17,2025-01-05 09:00:00,25.76,24.813625205591197,Hourly,25.76,0.6,11.91,23.13,2.34,0.0,24.62,1.5526751108994659,Siltara,25.76,6,0.7071067811865476,24.429999999999996,0.8660254037844387,3.32,23.06125,481.0281,0.49999999999999994,19.925400000000003,0.69,0.66,3.3953015009886993,-0.7071067811865475,0.0,21.07,9,22.61
156.26,21.07,24.266286153311952,0,16.27,1.4174657283060186,0,25.380000000000006,11.9,30.4,30.19,2025,71.61,1,22.27,-0.04425465838509319,5,61.75,22.6,23.685,63.57,2025-01-05 09:15:00,25.76,24.75830371827943,Hourly,25.76,0.44,11.91,22.83,3.32,-1.1400000000000006,23.31,1.2731339285427334,Siltara,24.62,6,0.7071067811865476,24.765,0.8660254037844387,5.42,23.357083333333335,497.28909999999996,0.49999999999999994,21.279999999999998,0.66,0.7,3.194897398049798,-0.7071067811865475,0.6581793068848191,22.33,9,22.61
124.3,22.33,24.119165206648574,0,16.27,1.382444858897383,0,24.563333333333333,11.91,30.18,30.4,2025,60.52,1,21.68,-0.053208773354996027,5,61.75,22.6,23.74416666666667,61.75,2025-01-05 09:30:00,24.62,24.344502655913878,Hourly,25.76,0.61,11.9,22.27,5.42,-1.3100000000000023,23.31,1.0483971893673294,Siltara,23.31,6,0.7071067811865476,24.881666666666664,0.8660254037844387,6.27,23.65041666666667,494.52079999999995,0.49999999999999994,21.125999999999998,0.7,0.7,2.8167194596729246,-0.7071067811865475,1.2259825991199074,22.81,9,24.08
180.57,22.81,23.99467825177956,0,16.27,1.3436742931505463,0,23.74666666666667,11.92,29.86,30.18,2025,52.8,1,21.0,0.0,5,61.75,22.6,23.80333333333333,61.75,2025-01-05 09:45:00,23.31,24.048930468509912,Hourly,24.62,0.56,11.91,21.68,6.27,0.0,23.31,1.2020260673851135,Siltara,23.31,6,0.7071067811865476,24.753333333333334,0.8660254037844387,6.13,23.943750000000005,488.03999999999996,0.49999999999999994,21.200599999999998,0.7,0.71,2.3411272136392203,-0.7071067811865475,0.7563288526460485,23.24,9,25.76
174.06,23.24,23.889343136121166,0,21.27,1.3008187980912467,0,23.31,11.9,29.49,29.86,2025,51.1,1,20.16,0.0,5,55.36,22.61,23.862499999999997,61.75,2025-01-05 10:00:00,23.31,23.83780747750708,Hourly,23.31,0.59,11.92,21.0,6.13,0.0,22.89,1.2077872329208783,Siltara,23.31,6,0.49999999999999994,24.345,0.8660254037844387,6.03,24.23708333333333,480.41279999999995,0.49999999999999994,20.9379,0.71,0.71,1.687682947680456,-0.8660254037844387,0.0,23.83,10,25.76
196.72,23.83,23.73559803825637,0,26.98,1.2786317853225968,0,23.17,11.91,29.52,29.49,2025,44.47,1,19.34,-0.018018018018017938,5,48.05,22.61,23.885833333333334,55.36,2025-01-05 10:15:00,23.31,23.567005341076484,Hourly,23.31,0.71,11.9,20.16,6.03,-0.41999999999999815,22.41,1.0987022647985012,Siltara,22.89,6,0.49999999999999994,23.866666666666664,0.8660254037844387,3.43,24.30458333333333,486.2076,0.49999999999999994,20.663999999999998,0.71,0.7,1.593628561729788,-0.8660254037844387,0.24248711308358953,25.14,10,25.76
218.36,25.14,23.53165987852462,0,26.98,1.29793162961865,0,22.87,11.91,28.52,29.52,2025,44.47,1,18.37,-0.02096985583224117,5,48.05,22.61,23.86916666666667,48.05,2025-01-05 10:30:00,22.89,23.2364323864832,Hourly,23.31,0.71,11.91,19.34,3.43,-0.4800000000000004,22.41,0.7351847840328128,Siltara,22.41,6,0.49999999999999994,23.308333333333334,0.8660254037844387,7.7,24.114166666666666,454.29010000000005,0.49999999999999994,19.393600000000003,0.7,0.68,1.5318840819680362,-0.8660254037844387,0.45033320998083626,24.73,10,24.62
207.15,24.73,23.359096820290063,0,26.98,1.3167185452046073,0,22.570000000000004,11.9,28.44,28.52,2025,36.67,1,17.35,0.0,5,48.05,22.61,23.852500000000003,48.05,2025-01-05 10:45:00,22.41,23.000308847488,Hourly,22.89,0.89,11.91,18.37,7.7,0.0,22.41,0.44158804332400037,Siltara,22.41,6,0.49999999999999994,22.939999999999998,0.8660254037844387,8.31,23.923750000000002,453.3555,0.49999999999999994,18.770400000000002,0.68,0.66,1.441532434902843,-0.8660254037844387,0.2771281292320826,26.13,10,23.31
215.95,26.13,23.21308192486082,0,26.1,1.3350141867414331,0,22.41,11.9,27.74,28.44,2025,32.02,1,16.27,0.0,5,46.91,24.08,23.83583333333333,48.05,2025-01-05 11:00:00,22.41,22.83164917677714,Hourly,22.41,1.06,11.9,17.35,8.31,0.0,22.51,0.44362146026395594,Siltara,22.41,6,0.258819045102521,22.789999999999996,0.8660254037844387,7.98,23.733333333333334,430.1788,0.49999999999999994,18.3084,0.66,0.66,1.3166976697900528,-0.9659258262890682,0.0,26.44,11,23.31
199.35,26.44,23.10491547488223,0,25.1,1.3849089238234211,0,22.44333333333334,11.9,27.2,27.74,2025,47.55,1,15.43,0.0044622936189201885,5,45.59,25.76,23.705,46.91,2025-01-05 11:15:00,22.41,22.739749411983674,Hourly,22.41,0.58,11.9,16.27,7.98,0.10000000000000142,22.62,0.3702251567268167,Siltara,22.51,6,0.258819045102521,22.656666666666666,0.8660254037844387,8.32,23.58375,411.981,0.49999999999999994,17.68,0.66,0.65,1.2376935509625684,-0.9659258262890682,0.05773502702016513,26.7,11,23.31
199.99,26.7,23.030313094131117,0,25.1,1.251554185323557,0,22.513333333333335,11.89,26.79,27.2,2025,47.55,1,14.48,0.004886717014660125,5,45.59,25.76,23.44333333333333,45.59,2025-01-05 11:30:00,22.51,22.705535294274053,Hourly,22.41,0.81,11.9,15.43,8.32,0.10999999999999943,22.62,0.18999122788539552,Siltara,22.62,6,0.258819045102521,22.541666666666668,0.8660254037844387,8.55,23.480416666666667,396.4624,0.49999999999999994,16.6098,0.65,0.62,1.2087883950739076,-0.9659258262890682,0.10503967509952178,27.38,11,22.89
206.82,27.38,22.96718800272633,0,25.1,1.0321894940020462,0,22.58333333333334,11.9,26.05,26.79,2025,46.63,1,13.56,0.0,5,45.59,25.76,23.18166666666667,45.59,2025-01-05 11:45:00,22.62,22.68109663876718,Hourly,22.51,0.7,11.89,14.48,8.55,0.0,22.62,0.10308572487692898,Siltara,22.62,6,0.258819045102521,22.49666666666667,0.8660254037844387,9.51,23.37708333333333,371.1372,0.49999999999999994,16.672,0.62,0.64,1.1696877292958832,-0.9659258262890682,0.06350852970276219,27.37,11,22.41
61.57,27.37,22.913774463845357,0,23.93,0.6442472704386171,0,22.62,11.91,24.02,26.05,2025,42.33,1,13.05,0.0,5,51.85,24.62,22.92,45.59,2025-01-05 12:00:00,22.62,22.66364045626227,Hourly,22.62,0.96,11.9,13.56,9.51,0.0,21.84,0.10342469083057723,Siltara,22.62,6,1.2246467991473532e-16,22.531666666666666,0.8660254037844387,12.32,23.273750000000003,316.593,0.49999999999999994,16.0934,0.64,0.67,1.119323602044713,-1.0,0.0,24.26,12,22.41
12.54,24.26,22.748578392484532,0,22.6,0.4470068808510982,0,22.36,11.9,24.17,24.02,2025,18.64,1,13.15,-0.0344827586206897,5,59.0,23.31,22.688333333333333,51.85,2025-01-05 12:15:00,22.62,22.428314611615907,Hourly,22.62,0.61,11.91,13.05,12.32,-0.7800000000000011,20.94,0.3042805722904517,Siltara,21.84,6,1.2246467991473532e-16,22.436666666666667,0.8660254037844387,11.22,23.186666666666667,320.86,0.49999999999999994,17.4024,0.67,0.72,1.1470061849934365,-1.0,0.4503332099808925,24.4,12,22.41
314.42,24.4,22.470335562871526,0,22.6,0.6324621200881686,0,21.8,11.9,26.11,24.17,2025,18.64,1,13.52,-0.041208791208791146,5,59.0,23.31,22.49083333333333,59.0,2025-01-05 12:30:00,21.84,22.003081865439935,Hourly,22.62,0.49,11.9,13.15,11.22,-0.8999999999999986,20.94,0.684409721346369,Siltara,20.94,6,1.2246467991473532e-16,22.191666666666666,0.8660254037844387,14.35,23.117499999999996,372.3408,0.49999999999999994,19.060299999999998,0.72,0.73,1.230903697715984,-1.0,0.840713982286334,27.54,12,22.51
46.85,27.54,22.23489932242975,0,22.6,0.7177025635387331,0,21.24,11.91,27.28,26.11,2025,18.64,1,13.61,0.0,5,59.0,23.31,22.293333333333333,59.0,2025-01-05 12:45:00,20.94,21.699344189599955,Hourly,21.84,0.13,11.9,13.52,14.35,0.0,20.94,0.8242087114358584,Siltara,20.94,6,1.2246467991473532e-16,21.930000000000003,0.8660254037844387,14.58,23.048333333333332,403.5365,0.49999999999999994,18.550400000000003,0.73,0.68,1.3056188493268444,-1.0,0.5196152422820184,29.65,12,22.62
185.29,29.65,22.035684042055944,0,22.61,0.7382960521492525,0,20.94,11.91,27.01,27.28,2025,16.65,1,13.55,0.0,5,79.7,22.89,22.09583333333333,59.0,2025-01-05 13:00:00,20.94,21.48238870685711,Hourly,20.94,0.25,11.91,13.61,14.58,0.0,21.81,0.8282753165504623,Siltara,20.94,6,-0.2588190451025208,21.650000000000002,0.8660254037844387,15.04,22.979166666666668,395.931,0.49999999999999994,18.907,0.68,0.7,1.372651881728652,-0.9659258262890683,0.0,29.22,13,22.62
258.2,29.22,22.000963420201185,0,22.61,0.6973776638764124,0,21.230000000000004,11.91,27.06,27.01,2025,14.37,1,13.3,0.041547277936962626,5,103.36,22.41,22.00583333333333,79.7,2025-01-05 13:15:00,20.94,21.575991933469364,Hourly,20.94,0.58,11.91,13.55,15.04,0.8699999999999974,22.75,0.6936209339450282,Siltara,21.81,6,-0.2588190451025208,21.515,0.8660254037844387,14.36,22.945833333333336,395.14300000000003,0.49999999999999994,19.7538,0.7,0.73,1.3915893843013347,-0.9659258262890683,0.502294734206723,29.71,13,22.62
221.4,29.71,22.11619981709331,0,22.61,0.7217712850286457,0,21.833333333333332,11.9,26.71,27.06,2025,14.37,1,12.85,0.04309949564419997,5,103.36,22.41,22.034166666666668,103.36,2025-01-05 13:30:00,21.81,21.911422809620973,Hourly,20.94,0.83,11.91,13.3,14.36,0.9400000000000013,22.75,0.7357898250678919,Siltara,22.75,6,-0.2588190451025208,21.536666666666665,0.8660254037844387,14.24,22.951666666666668,382.159,0.49999999999999994,20.0325,0.73,0.75,1.3904133469474942,-0.9659258262890683,0.9052255704215804,29.74,13,21.84
183.55,29.74,22.213707537540493,0,22.61,0.7441911411449129,0,22.436666666666667,11.9,25.35,26.71,2025,14.37,1,12.33,0.0,5,103.36,22.41,22.0625,103.36,2025-01-05 13:45:00,22.75,22.15101629258641,Hourly,21.81,0.41,11.9,12.85,14.24,0.0,22.75,0.8887163026936283,Siltara,22.75,6,-0.2588190451025208,21.688333333333333,0.8660254037844387,7.29,22.9575,344.5002,0.49999999999999994,18.759,0.75,0.74,1.3892107549779997,-0.9659258262890683,0.5427092530490112,27.94,13,20.94
129.21,27.94,22.296214070226572,0,24.08,0.7648108302539377,0,22.75,11.91,25.68,25.35,2025,16.35,1,11.74,0.0,5,94.84,22.51,22.090833333333336,103.36,2025-01-05 14:00:00,22.75,22.322154494704577,Hourly,22.75,0.57,11.9,12.33,7.29,0.0,22.79,0.8910892211258954,Siltara,22.75,6,-0.4999999999999997,21.99,0.8660254037844387,12.42,22.963333333333335,345.8604,0.49999999999999994,19.5168,0.74,0.76,1.387981539369527,-0.8660254037844388,0.0,29.46,14,20.94
226.04,29.46,22.37218113634556,0,25.76,0.7828207542895392,0,22.763333333333335,11.9,25.74,25.68,2025,18.62,1,11.29,0.0017582417582417207,5,85.52,22.62,22.114166666666666,94.84,2025-01-05 14:15:00,22.75,22.4558246390747,Hourly,22.75,0.65,11.91,11.74,12.42,0.03999999999999915,22.83,0.7664572177710962,Siltara,22.79,6,-0.4999999999999997,22.298333333333332,0.8660254037844387,3.49,22.909583333333334,341.6354,0.49999999999999994,19.0476,0.76,0.74,1.367687604705617,-0.8660254037844388,0.023094011019792728,30.26,14,20.94
279.21,30.26,22.442614807677014,0,25.76,0.7973687789913009,0,22.790000000000003,11.91,25.42,25.74,2025,18.62,1,10.82,0.0017551557700745569,5,85.52,22.62,22.131666666666664,85.52,2025-01-05 14:30:00,22.79,22.562731885053356,Hourly,22.75,0.48,11.9,11.29,3.49,0.03999999999999915,22.83,0.39485018256725984,Siltara,22.83,6,-0.4999999999999997,22.613333333333333,0.8660254037844387,11.76,22.787499999999998,328.6034,0.49999999999999994,19.8276,0.74,0.78,1.2255761732871457,-0.8660254037844388,0.04000000014557623,30.37,14,21.81
215.39,30.37,22.50221252957286,0,25.76,0.811244367780468,0,22.816666666666666,11.89,24.66,25.42,2025,18.62,1,10.37,0.0,5,85.52,22.62,22.149166666666662,85.52,2025-01-05 14:45:00,22.83,22.639094203609538,Hourly,22.79,0.87,11.91,10.82,11.76,0.0,22.83,0.039327683295508724,Siltara,22.83,6,-0.4999999999999997,22.78333333333333,0.8660254037844387,14.11,22.665416666666662,307.05569999999994,0.49999999999999994,19.974600000000002,0.78,0.81,1.049952293605768,-0.8660254037844388,0.023094011019669656,29.61,14,22.75
284.96,29.61,22.552641371177035,0,24.62,0.8244814715824744,0,22.83,11.9,22.78,24.66,2025,17.52,1,9.5,0.0,5,75.76,21.84,22.166666666666668,85.52,2025-01-05 15:00:00,22.83,22.693638716863955,Hourly,22.83,0.44,11.89,10.37,14.11,0.0,23.63,0.039327683295501493,Siltara,22.83,6,-0.7071067811865471,22.796666666666667,0.8660254037844387,18.28,22.543333333333333,259.825,0.49999999999999994,19.363,0.81,0.85,0.8195474184096573,-0.7071067811865479,0.0,27.35,15,22.75
77.37,27.35,22.718388852534414,0,23.31,0.9167676253015127,0,23.096666666666664,11.9,22.06,22.78,2025,16.27,1,8.74,0.035041611914148084,5,64.61,20.94,22.315833333333334,75.76,2025-01-05 15:15:00,22.83,22.961170512045683,Hourly,22.83,0.51,11.9,9.5,18.28,0.8000000000000007,24.54,0.3379151767431944,Siltara,23.63,6,-0.7071067811865471,22.94333333333333,0.8660254037844387,18.85,22.50208333333333,237.1162,0.49999999999999994,17.8686,0.85,0.81,0.7305624942319843,-0.7071067811865479,0.4618802153642709,27.13,15,22.75
203.02,27.13,22.998636721375274,0,23.31,1.0099096119235131,0,23.666666666666668,11.91,21.45,22.06,2025,16.27,1,7.84,0.0385103681760474,5,64.61,20.94,22.61583333333333,64.61,2025-01-05 15:30:00,23.63,23.412264651461204,Hourly,22.83,0.63,11.9,8.74,18.85,0.9100000000000001,24.54,0.7139864611274984,Siltara,24.54,6,-0.7071067811865471,23.241666666666664,0.8660254037844387,20.06,22.55333333333333,214.424,0.49999999999999994,17.589,0.81,0.82,0.82654159877177,-0.7071067811865479,0.8555894654242079,27.35,15,22.79
172.83,27.35,23.235769533471387,0,23.31,1.0015030371129137,0,24.236666666666668,11.91,20.91,21.45,2025,16.27,1,7.15,0.0,5,64.61,20.94,22.915833333333335,64.61,2025-01-05 15:45:00,24.54,23.734474751043717,Hourly,23.63,0.65,11.91,7.84,20.06,0.0,24.54,0.8390629694327798,Siltara,24.54,6,-0.7071067811865471,23.53333333333333,0.8660254037844387,22.17,22.604583333333334,195.767,0.49999999999999994,17.3553,0.82,0.83,0.9094717968594731,-0.7071067811865479,0.5253887449734866,27.38,15,22.83
189.26,27.38,23.43642037447579,0,22.89,0.8886706960813118,0,24.54,11.91,21.33,20.91,2025,21.27,1,6.78,0.0,5,71.34,21.81,23.215833333333332,64.61,2025-01-05 16:00:00,24.54,23.964624822174084,Hourly,24.54,0.39,11.91,7.15,22.17,0.0,24.3,0.8427909982156546,Siltara,24.54,6,-0.8660254037844385,23.81833333333333,0.8660254037844387,21.64,22.655833333333334,194.925,0.49999999999999994,16.2108,0.83,0.76,0.9826623847111852,-0.5000000000000004,0.0,28.75,16,22.83
49.61,28.75,23.569278778402595,0,22.41,0.8185056598243761,0,24.459999999999997,11.91,20.84,21.33,2025,26.98,1,6.6,-0.009779951100244435,5,79.03,22.75,23.423333333333332,71.34,2025-01-05 16:15:00,24.54,24.06044630155292,Hourly,24.54,0.57,11.91,6.78,21.64,-0.23999999999999844,24.03,0.6995045865992069,Siltara,24.3,6,-0.8660254037844385,24.063333333333333,0.8660254037844387,22.97,22.714583333333334,185.32799999999997,0.49999999999999994,16.672,0.76,0.8,1.0378698048847392,-0.5000000000000004,0.13856406464684903,28.08,16,22.83
308.71,28.08,23.640158966340657,0,22.41,0.8060904528617319,0,24.290000000000003,11.9,21.65,20.84,2025,26.98,1,6.87,-0.011111111111111092,5,79.03,22.75,23.529999999999998,79.03,2025-01-05 16:30:00,24.3,24.051747358252086,Hourly,24.54,2.48,11.91,6.6,22.97,-0.2699999999999996,24.03,0.37054914204909,Siltara,24.03,6,-0.8660254037844385,24.263333333333332,0.8660254037844387,20.57,22.782083333333333,200.7414,0.49999999999999994,17.32,0.8,0.8,1.0694003974902722,-0.5000000000000004,0.25514701646594823,29.22,16,23.63
322.71,29.22,23.700134509980558,0,22.41,0.777681090679775,0,24.12,11.9,22.02,21.65,2025,26.98,1,7.13,0.0,5,79.03,22.75,23.636666666666667,79.03,2025-01-05 16:45:00,24.03,24.04553382732292,Hourly,24.3,3.27,11.9,6.87,20.57,0.0,24.03,0.2502798433886482,Siltara,24.03,6,-0.8660254037844385,24.33,0.8660254037844387,14.1,22.84958333333333,210.4776,0.49999999999999994,16.0746,0.8,0.73,1.0956970351155668,-0.5000000000000004,0.15588457271806644,29.52,16,24.54
0.0,29.52,23.750883046906626,0,22.51,0.7314162269068782,0,24.03,11.91,21.08,22.02,2025,26.1,1,6.4,0.0,5,0.0,22.79,23.74333333333333,79.03,2025-01-05 17:00:00,24.03,24.041095590944945,Hourly,24.03,7.59,11.9,7.13,14.1,0.0,31.3,0.2512966374758137,Siltara,24.03,6,-0.9659258262890683,24.245,0.8660254037844387,12.01,22.917083333333334,184.704,0.49999999999999994,13.0696,0.73,0.62,1.1171293925582482,-0.25881904510252063,0.0,28.86,17,24.54
8.927272727272728,28.86,24.91228565507484,20,22.62,2.257191033928964,1,26.453333333333337,11.909285714285714,20.801666666666662,21.08,2025,25.1,1,6.273333333333333,0.30253849354972945,5,38.921818181818175,22.83,24.4525,0.0,2025-01-05 17:15:00,24.03,26.11506827924639,Hourly,24.03,7.0,11.91,6.4,12.01,7.27,31.224545454545456,2.911545408657274,Siltara,31.3,6,-0.9659258262890683,25.371666666666666,0.8660254037844387,11.251666666666669,23.283333333333335,178.98865555555554,0.49999999999999994,12.499910606060604,0.62,0.600909090909091,2.038666799368639,-0.25881904510252063,4.19733645700992,28.531666666666663,17,24.54
17.854545454545455,28.531666666666663,25.88340254730109,20,22.62,2.913912587958125,1,28.851515151515155,11.90857142857143,20.523333333333333,20.801666666666662,2025,25.1,1,6.1466666666666665,-0.00241068835318033,5,77.84363636363635,22.83,25.152045454545455,38.921818181818175,2025-01-05 17:30:00,31.3,27.57491890076041,Hourly,24.03,6.41,11.909285714285714,6.273333333333333,11.251666666666669,-0.07545454545454433,31.14909090909091,3.7014270943031944,Siltara,31.224545454545456,6,-0.9659258262890683,26.485757575757578,0.8660254037844387,10.493333333333332,23.64185606060606,173.3564888888889,0.49999999999999994,11.940848484848484,0.600909090909091,0.5818181818181818,2.597068975605185,-0.25881904510252063,4.1757250405571575,28.203333333333333,17,24.3
26.781818181818185,28.203333333333333,26.69350844911491,20,22.62,3.2780972663981083,1,31.22454545454546,11.907857142857145,20.245,20.523333333333333,2025,25.1,1,6.0200000000000005,-0.0024165138148892966,5,116.76545454545452,22.83,25.84530303030303,77.84363636363635,2025-01-05 17:45:00,31.224545454545456,28.596110903140552,Hourly,31.3,5.82,11.90857142857143,6.1466666666666665,10.493333333333332,-0.07545454545454788,31.073636363636364,3.9409037852546667,Siltara,31.14909090909091,6,-0.9659258262890683,27.627272727272725,0.8660254037844387,9.735,23.99723484848485,167.8075,0.49999999999999994,11.392413636363637,0.5818181818181818,0.5627272727272727,3.002991076634,-0.25881904510252063,0.07545454552582662,27.875,17,24.03
205.74,26.56,23.424915794812335,0,24.03,5.182093440324623,0,22.186666666666667,11.89,19.67,19.61,2025,22.41,1,6.23,0.0,5,40.53,30.47,22.788333333333338,40.53,2025-01-05 22:45:00,21.12,22.75113131102414,Hourly,24.32,0.88,11.89,6.07,3.76,0.0,21.12,2.9388937828146537,Siltara,21.12,6,-0.5000000000000004,24.648333333333337,0.8660254037844387,3.49,24.837486631016045,164.59660000000002,0.49999999999999994,7.277900000000001,0.39,0.37,5.633160268030867,0.8660254037844384,1.8475208614068013,26.42,22,27.11
236.36,26.42,23.07031336484121,0,31.3,4.591347016318364,0,21.12,11.9,19.58,19.67,2025,22.51,1,6.32,0.0,5,32.75,25.39,22.00916666666667,40.53,2025-01-05 23:00:00,21.12,22.285093793588672,Hourly,21.12,0.75,11.89,6.23,3.49,0.0,19.5,2.952788512575863,Siltara,21.12,6,-0.25881904510252157,23.650000000000002,0.8660254037844387,3.0,24.66631016042781,165.0152,0.49999999999999994,6.6572,0.37,0.34,5.703011607630258,0.9659258262890681,0.0,26.11,23,27.11
234.49,26.11,22.52103438563487,0,31.224545454545456,4.511198355877712,0,20.580000000000002,11.9,19.54,19.58,2025,22.62,1,6.58,-0.0767045454545455,5,23.86,22.205,21.51833333333333,32.75,2025-01-05 23:15:00,21.12,21.489352709706196,Hourly,21.12,1.03,11.9,6.32,3.0,-1.620000000000001,17.65,2.7997743956731007,Siltara,19.5,6,-0.25881904510252157,22.38166666666667,0.8660254037844387,2.91,23.972192513368984,168.71120000000002,0.49999999999999994,6.6436,0.34,0.34,5.561495942522178,0.9659258262890681,0.9353074360871934,25.64,23,27.11
226.76,25.64,21.77164448015258,0,31.14909090909091,4.638019818944533,0,19.423333333333336,11.9,18.54,19.54,2025,22.62,1,6.91,-0.09487179487179495,5,23.86,19.02,21.13875,23.86,2025-01-05 23:30:00,19.5,20.39239479264728,Hourly,21.12,0.11,11.9,6.58,2.91,-1.8500000000000014,17.65,2.2049920634777935,Siltara,17.65,6,-0.25881904510252157,20.805,0.8660254037844387,2.46,23.17368983957219,160.3811,0.49999999999999994,5.932799999999999,0.34,0.32,5.428040496180049,0.9659258262890681,1.736269948289534,23.21,23,24.32
171.4,23.21,21.137545329359874,0,31.073636363636364,4.711199161348626,0,18.26666666666667,11.9,19.2,18.54,2025,22.62,1,7.37,0.0,5,23.86,15.835,21.024583333333332,23.86,2025-01-05 23:45:00,17.65,19.608853423319484,Hourly,19.5,0.18,11.9,6.91,2.46,0.0,17.65,1.7025823523890848,Siltara,17.65,6,-0.25881904510252157,19.69333333333333,0.8660254037844387,1.48,22.379625668449197,175.11120000000003,0.49999999999999994,5.952,0.32,0.31,5.169640708267366,0.9659258262890681,1.0680979980008143,23.76,23,21.12
216.94,7.1,45.73451662621439,0,30.47,33.39461796593757,0,34.28333333333333,11.9,17.56,17.11,2025,22.75,1,16.68,0.0,6,42.89,21.12,45.949999999999996,42.89,2025-01-06 02:00:00,24.04,45.95077304636954,Hourly,54.77,0.38,11.9,15.62,7.55,0.0,24.04,33.891177416352264,Siltara,24.04,0,0.49999999999999994,63.47666666666667,0.8660254037844387,6.76,34.369166666666665,105.5844,0.49999999999999994,10.8872,0.56,0.62,26.194404840109325,0.8660254037844387,17.741973772197177,6.33,2,92.67
219.89,6.33,42.39689868371987,0,25.39,33.20735716218593,0,24.04,11.9,18.47,17.56,2025,22.79,1,17.88,0.0,6,68.33,19.5,46.19333333333333,42.89,2025-01-06 02:15:00,24.04,39.69055217597825,Hourly,24.04,0.2,11.9,16.68,6.76,0.0,24.62,33.64831848200837,Siltara,24.04,0,0.49999999999999994,52.038333333333334,0.8660254037844387,3.34,34.10125,111.5712,0.49999999999999994,11.8208,0.62,0.64,26.2687969242566,0.8660254037844387,0.0,6.24,2,92.67
211.04,6.24,39.66199119391681,0,22.205,32.86432771811478,0,24.233333333333334,11.9,19.44,18.47,2025,22.83,1,18.74,0.024126455906822043,6,103.16,17.65,46.62,68.33,2025-01-06 02:30:00,24.04,35.38468012569875,Hourly,24.04,0.25,11.9,17.88,3.34,0.5800000000000018,25.1,28.249173203240247,Siltara,24.62,0,0.49999999999999994,40.696666666666665,0.8660254037844387,5.73,34.06916666666667,126.86979999999998,0.49999999999999994,12.441600000000001,0.64,0.64,26.28036664535903,0.8660254037844387,0.3348631561286306,6.77,2,92.67
216.47,6.77,37.42168485639115,0,19.02,32.33338928845534,0,24.58666666666667,11.91,19.88,19.44,2025,22.83,1,19.3,0.019496344435418377,6,103.16,17.65,47.240833333333335,103.16,2025-01-06 02:45:00,24.62,32.446200089784824,Hourly,24.04,0.4,11.9,18.74,5.73,0.4800000000000004,25.1,12.418991504949208,Siltara,25.1,0,0.49999999999999994,29.435,0.8660254037844387,5.54,34.189791666666665,130.468,0.49999999999999994,13.1208,0.64,0.66,26.23013925600662,0.8660254037844387,0.5307855813155007,6.76,2,54.77
205.24,6.76,35.52604103233098,0,15.835,31.78035780831068,0,24.94,11.91,20.05,19.88,2025,22.83,1,19.61,0.0,6,103.16,17.65,47.86166666666667,103.16,2025-01-06 03:00:00,25.1,30.34728577841773,Hourly,24.62,0.38,11.91,19.3,5.54,0.0,25.1,0.5231825685177001,Siltara,25.1,0,0.7071067811865476,24.49,0.8660254037844387,5.56,34.443125,129.6221,0.49999999999999994,14.2355,0.66,0.71,26.10632622866755,0.7071067811865476,0.2771281292094065,6.61,3,24.04
212.23,6.61,33.92203471966468,0,12.65,31.204058630248902,0,25.1,11.91,20.14,20.05,2025,23.63,1,19.77,0.0,6,105.99,76.97,48.48250000000001,103.16,2025-01-06 03:15:00,25.1,28.84806127029838,Hourly,25.1,0.34,11.91,19.61,5.56,0.0,41.63,0.5197948313204321,Siltara,25.1,0,0.7071067811865476,24.666666666666668,0.8660254037844387,5.79,34.829166666666666,129.29579999999999,0.49999999999999994,13.695200000000002,0.71,0.68,25.886777876757595,0.7071067811865476,0.0,6.54,3,24.04
206.91,6.54,35.10787553202396,0,27.11,29.911944748484256,0,30.610000000000003,11.9,20.38,20.14,2025,24.54,1,19.89,0.6585657370517929,6,109.86,92.67,45.5375,105.99,2025-01-06 03:30:00,25.1,32.50004376449884,Hourly,25.1,0.29,11.91,19.77,5.79,16.53,55.03,6.886869874381779,Siltara,41.63,0,0.7071067811865476,27.59833333333334,0.8660254037844387,5.07,36.03666666666667,135.4509,0.49999999999999994,13.4508,0.68,0.66,25.47993561295998,0.7071067811865476,9.543599949704474,6.81,3,24.04
219.08,6.81,38.172817757866426,0,27.11,26.272245451438245,0,40.586666666666666,11.9,20.5,20.38,2025,24.54,1,19.98,0.3218832572663944,6,109.86,92.67,42.40083333333333,109.86,2025-01-06 03:45:00,41.63,38.937174117499175,Hourly,25.1,0.28,11.9,19.89,5.07,13.399999999999999,55.03,12.782144838276052,Siltara,55.03,0,0.7071067811865476,32.76333333333333,0.8660254037844387,5.45,37.199999999999996,138.0618,0.49999999999999994,12.504999999999999,0.66,0.61,25.691146165641467,0.7071067811865476,14.992252443623428,6.91,3,24.62
220.51,6.91,40.76623041050236,0,27.11,21.54695146474912,0,50.56333333333333,11.9,20.45,20.5,2025,24.54,1,20.0,0.0,6,109.86,92.67,39.26416666666666,109.86,2025-01-06 04:00:00,55.03,43.53512436964227,Hourly,41.63,0.25,11.9,19.98,5.45,0.0,55.03,14.780248193676144,Siltara,55.03,0,0.8660254037844386,37.83166666666667,0.8660254037844387,4.98,38.36333333333334,135.2,0.49999999999999994,13.701500000000001,0.61,0.67,25.84605371722402,0.5000000000000001,7.736493607140947,6.76,4,25.1
216.8,6.76,42.9606565011943,0,24.32,14.725662896022193,0,55.03,11.91,20.5,20.45,2025,24.3,1,20.2,0.0,6,114.73,54.77,36.127500000000005,109.86,2025-01-06 04:15:00,55.03,46.81937454974448,Hourly,55.03,0.36,11.9,20.0,4.98,0.0,63.18,14.674230473861316,Siltara,55.03,0,0.8660254037844386,42.82,0.8660254037844387,4.45,39.52666666666667,132.714,0.49999999999999994,13.530000000000001,0.67,0.66,25.94566675166418,0.5000000000000001,0.0,6.57,4,25.1
224.03,6.57,46.07132473177979,0,21.12,15.850717123630252,0,57.74666666666667,11.9,21.8,20.5,2025,24.03,1,20.55,0.14810103579865525,6,121.7,24.04,36.82833333333333,114.73,2025-01-06 04:30:00,55.03,51.493838964103205,Hourly,55.03,0.49,11.91,20.2,4.45,8.149999999999999,69.78,13.67856230262035,Siltara,63.18,0,0.8660254037844386,49.166666666666664,0.8660254037844387,5.22,41.145833333333336,174.8805,0.49999999999999994,15.696,0.66,0.72,26.16702370752454,0.5000000000000001,4.705404693895388,8.51,4,25.1
218.91,8.51,49.7188132345829,0,21.12,17.867244789380592,0,62.663333333333334,11.91,22.94,21.8,2025,24.03,1,21.06,0.10446343779677116,6,121.7,24.04,40.64000000000001,121.7,2025-01-06 04:45:00,63.18,56.718456402930855,Hourly,55.03,0.63,11.9,20.55,5.22,6.600000000000001,69.78,9.471043589101795,Siltara,69.78,0,0.8660254037844386,56.61333333333332,0.8660254037844387,4.95,43.17333333333334,208.7046,0.49999999999999994,16.7462,0.72,0.73,26.431721170933557,0.5000000000000001,7.388560978521645,9.91,4,41.63
219.88,9.91,52.80514966003169,0,21.12,18.85556770116839,0,67.58,11.91,23.47,22.94,2025,24.03,1,21.81,0.0,6,121.7,24.04,44.451666666666675,121.7,2025-01-06 05:00:00,69.78,60.45032600209346,Hourly,63.18,0.88,11.91,21.06,4.95,0.0,69.78,7.284143738285185,Siltara,69.78,0,0.9659258262890683,61.305,0.8660254037844387,5.67,45.20083333333333,213.08369999999996,0.49999999999999994,18.0719,0.73,0.77,26.532615190376273,0.25881904510252074,3.8105117766514502,9.77,5,55.03
220.3,9.77,55.41666509694989,0,19.5,18.97701831801917,0,69.78,11.92,24.26,23.47,2025,31.3,1,22.92,0.0,6,121.7,24.62,48.26333333333334,121.7,2025-01-06 05:15:00,69.78,63.115947144352475,Hourly,69.78,0.89,11.91,21.81,5.67,0.0,101.66,7.2316434277877555,Siltara,69.78,0,0.9659258262890683,63.76333333333334,0.8660254037844387,5.4,47.22833333333333,219.57360000000003,0.49999999999999994,18.922800000000002,0.77,0.78,26.47157879798591,0.25881904510252074,0.0,9.58,5,55.03
223.43,9.58,62.53102431280375,0,17.65,22.88111461578339,0,80.40666666666667,11.91,24.67,24.26,2025,31.224545454545456,1,23.43,0.45686443106907415,6,216.17,25.1,54.68333333333334,121.7,2025-01-06 05:30:00,69.78,74.12853367453748,Hourly,69.78,0.69,11.92,22.92,5.4,31.879999999999995,127.5,15.868060688061377,Siltara,101.66,0,0.9659258262890683,71.535,0.8660254037844387,6.4,50.65166666666667,224.4594,0.49999999999999994,19.242600000000003,0.78,0.78,27.998298033159603,0.25881904510252074,18.40592658176525,9.58,5,55.03
235.4,9.58,72.52625134160317,0,17.65,29.09589078557434,0,99.64666666666666,11.91,24.45,24.67,2025,31.14909090909091,1,23.36,0.254180602006689,6,216.17,25.1,63.21666666666667,216.17,2025-01-06 05:45:00,101.66,89.37752405324105,Hourly,69.78,0.35,11.91,23.43,6.4,25.840000000000003,127.5,25.46890705677543,Siltara,127.5,0,0.9659258262890683,83.61333333333333,0.8660254037844387,6.27,55.22875,216.31359999999998,0.49999999999999994,19.071,0.78,0.78,31.16824726384218,0.25881904510252074,28.91262238769311,9.26,5,63.18
226.35,9.26,80.98375113520268,0,17.65,31.791841148891834,0,118.88666666666666,11.9,24.38,24.45,2025,31.073636363636364,1,23.17,0.0,6,216.17,25.1,71.75,216.17,2025-01-06 06:00:00,127.5,100.26966003802931,Hourly,101.66,0.45,11.91,23.36,6.27,0.0,127.5,28.50380372277821,Siltara,127.5,0,1.0,94.33333333333333,0.8660254037844387,5.73,59.80583333333333,218.4931,0.49999999999999994,19.504,0.78,0.8,33.39601003461176,6.123233995736766e-17,14.918730955859925,9.43,6,69.78
220.51,7.92,93.08167260853294,0,24.04,32.4831311000127,0,118.07,11.91,24.57,25.34,2025,30.47,1,25.28,0.0,6,208.9,69.78,97.49333333333334,208.9,2025-01-06 08:00:00,129.54,103.7046966568933,Hourly,95.13,0.87,11.9,25.35,16.3,0.0,129.54,37.950446637687925,Siltara,129.54,0,0.8660254037844387,85.38,0.8660254037844387,14.37,70.9725,166.08960000000002,0.49999999999999994,20.6388,0.84,0.84,37.53147030218085,-0.4999999999999998,19.866622762815016,6.57,8,52.69
238.51,6.57,98.69064605337402,0,24.62,32.42900927293722,0,129.54,11.9,24.39,24.57,2025,25.39,1,24.82,0.0,6,136.96,101.66,102.47333333333334,208.9,2025-01-06 08:15:00,129.54,111.08621189778093,Hourly,129.54,0.42,11.91,25.28,14.37,0.0,123.44,37.678458257559654,Siltara,129.54,0,0.8660254037844387,98.18833333333333,0.8660254037844387,12.49,75.36833333333333,171.7544,0.49999999999999994,19.512,0.84,0.8,37.97126552798979,-0.4999999999999998,0.0,6.92,8,52.69
232.85,6.92,102.49823896823956,0,25.1,32.984095294918255,0,127.50666666666666,11.91,24.07,24.39,2025,22.205,1,24.29,-0.04708970202254126,6,136.96,127.5,104.28833333333334,136.96,2025-01-06 08:30:00,129.54,114.61586564127208,Hourly,129.54,0.6,11.9,24.82,12.49,-6.099999999999994,118.5,31.085749146514043,Siltara,123.44,0,0.8660254037844387,109.97999999999998,0.8660254037844387,11.67,79.48583333333333,172.7019,0.49999999999999994,18.7746,0.8,0.78,37.584913476214055,-0.4999999999999998,3.5218366420567966,7.11,8,52.69
256.18,7.11,104.96004835774116,0,25.1,32.50719635944511,0,123.82666666666667,11.9,23.23,24.07,2025,19.02,1,23.76,-0.04001944264419959,6,136.96,127.5,103.53833333333334,136.96,2025-01-06 08:45:00,123.44,115.72561831519434,Hourly,129.54,0.44,11.91,24.29,11.67,-4.939999999999998,118.5,13.418191259132707,Siltara,118.5,0,0.8660254037844387,120.94833333333334,0.8660254037844387,14.35,83.3775,150.4008,0.49999999999999994,17.6548,0.78,0.76,36.529437950186505,-0.4999999999999998,5.530147677353089,6.33,8,95.13
241.91,6.33,107.04311784116561,0,25.1,32.00402810821665,0,120.14666666666666,11.91,22.88,23.23,2025,15.835,1,23.09,0.0,6,136.96,127.5,102.78833333333334,136.96,2025-01-06 09:00:00,118.5,116.5182987965674,Hourly,123.44,0.56,11.9,23.76,14.35,0.0,118.5,5.451992907796691,Siltara,118.5,0,0.7071067811865476,124.84333333333332,0.8660254037844387,14.26,87.26916666666666,154.2412,0.49999999999999994,16.016,0.76,0.7,34.993811616474126,-0.7071067811865475,2.8521103297968144,6.68,9,129.54
253.72,6.68,108.8057150963709,0,41.63,31.473330653495328,0,118.5,11.91,22.19,22.88,2025,12.65,1,22.33,0.0,6,132.67,103.7,102.03833333333334,136.96,2025-01-06 09:15:00,118.5,117.08449914040528,Hourly,118.5,0.49,11.91,23.09,14.26,0.0,123.75,5.412702344177576,Siltara,118.5,0,0.7071067811865476,123.00333333333333,0.8660254037844387,12.65,91.16083333333334,145.8149,0.49999999999999994,16.4206,0.7,0.74,32.91089127466404,-0.7071067811865475,0.0,6.53,9,129.54
239.03,6.53,111.10483585077537,0,55.03,32.095611554550764,0,120.25,11.91,21.87,22.19,2025,27.11,1,21.59,0.04430379746835443,6,126.79,52.69,103.70916666666666,132.67,2025-01-06 09:30:00,118.5,118.98892795743234,Hourly,118.5,0.48,11.91,22.33,12.65,5.25,128.02,4.443622021129322,Siltara,123.75,0,0.7071067811865476,122.03833333333334,0.8660254037844387,14.1,94.5825,152.4254,0.49999999999999994,15.5277,0.74,0.71,31.78711705816633,-0.7071067811865475,3.031088913245594,7.06,9,129.54
253.05,7.06,113.70716879680992,0,55.03,28.35904259614036,0,123.42333333333333,11.91,20.82,21.87,2025,27.11,1,20.91,0.03450505050505059,6,126.79,52.69,109.98666666666666,126.79,2025-01-06 09:45:00,123.75,121.56923425530881,Hourly,118.5,0.52,11.91,21.59,14.1,4.27000000000001,128.02,3.9458623898963863,Siltara,128.02,0,0.7071067811865476,121.78500000000001,0.8660254037844387,15.47,97.62374999999999,127.3419,0.49999999999999994,14.574,0.71,0.7,31.326724222993406,-0.7071067811865475,4.768399451947556,6.09,9,123.44
260.59,6.09,115.90914282806995,0,55.03,22.18926294746001,0,126.59666666666668,11.9,20.48,20.82,2025,27.11,1,19.92,0.0,6,126.79,52.69,116.26416666666667,126.79,2025-01-06 10:00:00,128.02,123.41231018236344,Hourly,123.75,0.41,11.91,20.91,15.47,0.0,128.02,4.700835741298085,Siltara,128.02,0,0.49999999999999994,122.54833333333333,0.8660254037844387,12.76,100.665,138.44400000000002,0.49999999999999994,13.926400000000001,0.7,0.68,30.545111044087818,-0.8660254037844387,2.4652856494397986,6.95,10,118.5
242.08,6.95,117.77235162375149,0,63.18,9.721757074010192,0,128.02,11.9,19.43,20.48,2025,24.32,1,19.26,0.0,6,123.85,95.13,122.54166666666667,126.79,2025-01-06 10:15:00,128.02,124.72879298740246,Hourly,128.02,0.57,11.9,19.92,12.76,0.0,119.4,4.667640731675785,Siltara,128.02,0,0.49999999999999994,124.13499999999999,0.8660254037844387,4.35,103.70625,114.59700000000001,0.49999999999999994,13.2124,0.68,0.68,29.416683792128747,-0.8660254037844387,0.0,5.95,10,118.5
311.63,5.95,118.02275906625125,0,69.78,4.75798555222251,0,125.14666666666669,11.9,19.52,19.43,2025,21.12,1,18.37,-0.0673332291829402,6,119.81,129.54,124.56416666666667,123.85,2025-01-06 10:30:00,128.02,123.20628070528747,Hourly,128.02,0.59,11.9,19.26,4.35,-8.620000000000005,112.4,4.460187215801466,Siltara,119.4,0,0.49999999999999994,124.28500000000001,0.8660254037844387,11.44,106.04875,137.59130000000002,0.49999999999999994,13.8592,0.68,0.71,28.26510451337792,-0.8660254037844387,4.976759320414613,7.49,10,118.5
252.23,7.49,117.15771920990491,0,69.78,5.6225931551096044,0,119.94000000000001,11.91,19.11,19.52,2025,21.12,1,17.79,-0.058626465661641536,6,119.81,129.54,123.13583333333332,119.81,2025-01-06 10:45:00,119.4,120.1187719323482,Hourly,128.02,0.5,11.9,18.37,11.44,-7.0,112.4,6.341162091183718,Siltara,112.4,0,0.49999999999999994,123.26833333333333,0.8660254037844387,15.68,107.82458333333334,135.20399999999998,0.49999999999999994,12.2304,0.71,0.64,27.20637808519347,-0.8660254037844387,7.823988752548159,7.6,10,123.75
258.54,7.6,116.42576240838108,0,69.78,6.011445333695264,0,114.73333333333335,11.91,18.57,19.11,2025,21.12,1,17.14,0.0,6,119.81,129.54,121.7075,119.81,2025-01-06 11:00:00,112.4,117.91340852310586,Hourly,119.4,0.53,11.91,17.79,15.68,0.0,112.4,7.713234513916029,Siltara,112.4,0,0.258819045102521,121.37666666666668,0.8660254037844387,16.17,109.60041666666666,129.74980000000002,0.49999999999999994,11.5134,0.64,0.62,25.978385075350452,-0.9659258262890682,4.041451884327347,7.57,11,128.02
241.55,7.57,115.80641434555321,0,101.66,6.017490353255392,0,112.4,11.91,18.01,18.57,2025,19.5,1,16.5,0.0,6,122.37,123.44,120.27916666666668,119.81,2025-01-06 11:15:00,112.4,116.33814894507562,Hourly,112.4,0.65,11.91,17.14,16.17,0.0,118.0,7.6583618788005445,Siltara,112.4,0,0.258819045102521,118.77333333333333,0.8660254037844387,14.38,111.37624999999998,123.42,0.49999999999999994,10.085600000000001,0.62,0.56,24.555744358057314,-0.9659258262890682,0.0,7.48,11,128.02
227.58,7.48,116.14388906162193,0,127.5,5.962379723709612,0,114.26666666666667,11.91,17.64,18.01,2025,17.65,1,15.97,0.049822064056939445,6,125.87,118.5,119.82583333333334,122.37,2025-01-06 11:30:00,112.4,116.81296353219687,Hourly,112.4,0.96,11.91,16.5,14.38,5.599999999999994,122.54,6.19057886361731,Siltara,118.0,0,0.258819045102521,117.10333333333334,0.8660254037844387,13.56,112.05708333333332,121.2123,0.49999999999999994,10.0548,0.56,0.57,24.501099439247344,-0.9659258262890682,3.2331615074618547,7.59,11,128.02
231.39,7.59,117.12790612906471,0,127.5,5.994682681723195,0,117.64666666666666,11.9,17.14,17.64,2025,17.65,1,15.33,0.03847457627118649,6,125.87,118.5,120.16250000000001,125.87,2025-01-06 11:45:00,118.0,118.44925966585492,Hourly,112.4,1.07,11.91,15.97,13.56,4.540000000000006,122.54,4.404429588493691,Siltara,122.54,0,0.258819045102521,116.19000000000001,0.8660254037844387,13.68,111.85041666666666,116.508,0.49999999999999994,9.598400000000002,0.57,0.56,24.385822588075722,-0.9659258262890682,5.079225662769202,7.6,11,119.4
244.35,7.6,117.96053595536245,0,127.5,6.006261064065025,0,121.02666666666669,11.9,16.49,17.14,2025,17.65,1,14.64,0.0,6,125.87,118.5,120.49916666666667,125.87,2025-01-06 12:00:00,122.54,119.6180426184678,Hourly,118.0,0.89,11.9,15.33,13.68,0.0,122.54,5.00739719481742,Siltara,122.54,0,1.2246467991473532e-16,116.71333333333332,0.8660254037844387,11.83,111.64375,108.7752,0.49999999999999994,8.9046,0.56,0.54,24.26816178927521,-1.0,2.6211702221209348,7.43,12,112.4
235.77,7.43,118.66506888530668,0,103.7,5.997234905784337,0,122.54,11.9,15.99,16.49,2025,76.97,1,14.06,0.0,6,142.2,123.75,120.83583333333333,125.87,2025-01-06 12:15:00,122.54,120.45288758461987,Hourly,122.54,1.04,11.9,14.64,11.83,0.0,120.73,4.971493404065359,Siltara,122.54,0,1.2246467991473532e-16,118.40333333333332,0.8660254037844387,11.25,111.43708333333335,103.48160000000001,0.49999999999999994,7.995,0.54,0.5,24.1480821957332,-1.0,0.0,7.36,12,112.4
232.79,7.36,118.98275059525949,0,52.69,5.926779684132773,0,121.93666666666667,11.9,15.85,15.99,2025,92.67,1,13.55,-0.01477068712257224,6,164.53,128.02,120.58416666666666,142.2,2025-01-06 12:30:00,122.54,120.53206256044277,Hourly,122.54,1.08,11.9,14.06,11.25,-1.8100000000000023,116.87,4.034533017173782,Siltara,120.73,0,1.2246467991473532e-16,119.79166666666667,0.8660254037844387,11.48,112.14666666666669,106.50300000000001,0.49999999999999994,7.925,0.5,0.5,24.161052681260998,-1.0,1.0450039872333345,7.86,12,112.4
235.9,7.86,118.65771204214265,0,52.69,5.514749644033733,0,120.04666666666667,11.91,15.43,15.85,2025,92.67,1,13.02,-0.03197216930340428,6,164.53,128.02,119.65500000000002,164.53,2025-01-06 12:45:00,120.73,119.48575897174484,Hourly,122.54,0.98,11.9,13.55,11.48,-3.8599999999999994,116.87,2.528103373413632,Siltara,116.87,0,1.2246467991473532e-16,120.53666666666668,0.8660254037844387,12.97,114.82083333333334,102.4674,0.49999999999999994,7.0978,0.5,0.46,20.580684679671386,-1.0,2.896106581832477,7.87,12,118.0
233.88,7.87,118.38267942027456,0,52.69,4.88001389404448,0,118.15666666666668,11.9,15.07,15.43,2025,92.67,1,12.64,0.0,6,164.53,128.02,118.72583333333334,164.53,2025-01-06 13:00:00,116.87,118.73839926553202,Hourly,120.73,0.77,11.91,13.02,12.97,0.0,116.87,2.7840073036300357,Siltara,116.87,0,-0.2588190451025208,120.34833333333334,0.8660254037844387,13.85,117.495,98.3392,0.49999999999999994,7.2336,0.46,0.48,15.762249894578273,-0.9659258262890683,2.228572039071926,7.78,13,122.54
245.09,7.78,118.14995950946309,0,95.13,3.9157289657661303,0,116.87,11.9,14.75,15.07,2025,54.77,1,12.21,0.0,6,160.48,119.4,117.79666666666668,164.53,2025-01-06 13:15:00,116.87,118.20457090395143,Hourly,116.87,0.78,11.9,12.64,13.85,0.0,115.88,2.85274370854891,Siltara,116.87,0,-0.2588190451025208,119.40333333333332,0.8660254037844387,15.0,120.16916666666667,95.3601,0.49999999999999994,6.194999999999999,0.48,0.42,7.64253140208703,-0.9659258262890683,0.0,7.81,13,122.54
232.54,7.81,117.80073496954569,0,129.54,3.9165460974358393,0,116.54,11.9,14.45,14.75,2025,24.04,1,11.94,-0.008470950628903988,6,154.93,112.4,117.50333333333333,160.48,2025-01-06 13:30:00,116.87,117.54040778853674,Hourly,116.87,0.9,11.9,12.21,15.0,-0.9900000000000091,115.08,2.678556825356777,Siltara,115.88,0,-0.2588190451025208,118.29333333333334,0.8660254037844387,14.43,121.03375,91.341,0.49999999999999994,6.068999999999999,0.42,0.42,5.582922573036813,-0.9659258262890683,0.5715767664974672,7.65,13,122.54
229.23,7.65,117.38216035884636,0,129.54,3.6675811531795834,0,115.94333333333333,11.9,13.97,14.45,2025,24.04,1,11.86,-0.006903693476009641,6,154.93,112.4,117.72666666666667,154.93,2025-01-06 13:45:00,115.88,116.8374341346691,Hourly,116.87,0.99,11.9,11.94,14.43,-0.7999999999999972,115.08,1.9436769278865935,Siltara,115.08,0,-0.2588190451025208,117.05000000000001,0.8660254037844387,8.96,120.43124999999999,81.4782,0.49999999999999994,5.8674,0.42,0.42,5.402359639446018,-0.9659258262890683,0.8966790581545712,6.87,13,120.73
231.03,6.87,117.02798184210076,0,129.54,3.384397354707632,0,115.34666666666665,11.91,13.6,13.97,2025,24.04,1,11.98,0.0,6,154.93,112.4,117.95,154.93,2025-01-06 14:00:00,115.08,116.3353100961922,Hourly,115.88,0.87,11.9,11.86,8.96,0.0,115.08,0.8840230012082765,Siltara,115.08,0,-0.4999999999999997,116.10833333333335,0.8660254037844387,15.41,119.82875,71.5206,0.49999999999999994,5.168,0.42,0.38,5.1424096132491295,-0.8660254037844388,0.46188021535123464,5.97,14,116.87
235.63,5.97,116.7282923279314,0,123.44,3.057501455685952,0,115.08,11.91,14.25,13.6,2025,24.62,1,12.01,0.0,6,142.09,118.0,118.17333333333333,154.93,2025-01-06 14:15:00,115.08,115.97665006870871,Hourly,115.08,0.91,11.91,11.98,15.41,0.0,114.28,0.8775876024640576,Siltara,115.08,0,-0.4999999999999997,115.81,0.8660254037844387,7.69,119.22625000000001,86.23179999999999,0.49999999999999994,5.842499999999999,0.38,0.41,4.790165480031902,-0.8660254037844388,0.0,7.18,14,116.87
228.34,7.18,116.35163196978812,0,118.5,3.258642587820592,0,114.81333333333333,11.9,13.52,14.25,2025,25.1,1,11.93,-0.006951685783802547,6,124.53,122.54,117.86333333333333,142.09,2025-01-06 14:30:00,115.08,115.4918929062205,Hourly,115.08,1.12,11.91,12.01,7.69,-0.7999999999999972,113.63,0.8888288174138274,Siltara,114.28,0,-0.4999999999999997,115.37833333333333,0.8660254037844387,14.88,118.84458333333333,70.26769999999999,0.49999999999999994,5.2728,0.41,0.39,4.804727725323786,-0.8660254037844388,0.4618802153511854,5.89,14,116.87
232.52,5.89,115.93291935905148,0,118.5,3.1077687357906965,0,114.33,11.9,13.59,13.52,2025,25.1,1,11.64,-0.00568778438921951,6,124.53,122.54,117.12083333333334,124.53,2025-01-06 14:45:00,114.28,114.95992350444321,Hourly,115.08,0.86,11.9,11.93,14.88,-0.6500000000000057,113.63,0.7787275946473483,Siltara,113.63,0,-0.4999999999999997,114.83833333333332,0.8660254037844387,11.84,118.64166666666667,75.3108,0.49999999999999994,5.436,0.39,0.4,4.92133480184862,-0.8660254037844388,0.7262919523163414,6.47,14,115.88
236.5,6.47,115.57862407304356,0,118.5,2.737672645726317,0,113.84666666666668,11.9,13.59,13.59,2025,25.1,1,11.42,0.0,6,124.53,122.54,116.37833333333333,124.53,2025-01-06 15:00:00,113.63,114.57994536031659,Hourly,114.28,1.09,11.9,11.64,11.84,0.0,113.63,0.7160074487498316,Siltara,113.63,0,-0.7071067811865471,114.46333333333332,0.8660254037844387,14.33,118.43875000000001,77.77019999999999,0.49999999999999994,4.892399999999999,0.4,0.36,5.026702015454693,-0.7071067811865479,0.37527767497251346,6.81,15,115.08
240.17,6.81,115.27883575411379,0,123.75,2.031902191336523,0,113.63,11.9,13.0,13.59,2025,41.63,1,11.22,0.0,6,118.29,120.73,115.63583333333334,124.53,2025-01-06 15:15:00,113.63,114.30853240022613,Hourly,113.63,0.93,11.9,11.42,14.33,0.0,108.95,0.710926625373702,Siltara,113.63,0,-0.7071067811865471,114.22166666666665,0.8660254037844387,12.21,118.23583333333333,66.9834,0.49999999999999994,4.68,0.36,0.36,5.12152314017663,-0.7071067811865479,0.0,5.97,15,115.08
233.92,5.97,114.30516871501936,0,128.02,2.1867512571421415,0,112.07,11.89,13.72,13.0,2025,55.03,1,11.1,-0.041186306433160194,6,109.75,116.87,114.65416666666665,118.29,2025-01-06 15:30:00,113.63,112.77752314301867,Hourly,113.63,1.16,11.9,11.22,12.21,-4.679999999999993,105.16,2.1595369874115535,Siltara,108.95,0,-0.7071067811865471,113.2,0.8660254037844387,13.17,117.61916666666667,83.694,0.49999999999999994,5.0764000000000005,0.36,0.37,5.316029833288015,-0.7071067811865479,2.7019992598073106,7.54,15,115.08
228.66,7.54,112.89821968193945,0,128.02,3.38986412528371,0,109.24666666666667,11.9,12.9,13.72,2025,55.03,1,11.06,-0.0347865993575035,6,109.75,116.87,113.67833333333333,109.75,2025-01-06 15:45:00,108.95,110.60108795929905,Hourly,113.63,1.11,11.89,11.1,13.17,-3.7900000000000063,105.16,3.688472131745778,Siltara,105.16,0,-0.7071067811865471,111.54666666666667,0.8660254037844387,15.14,116.66666666666667,66.913,0.49999999999999994,4.773,0.37,0.37,5.418420006083072,-0.7071067811865479,4.2427860343567065,6.05,15,114.28
234.81,6.05,111.70772434625646,0,128.02,4.0153254707894295,0,106.42333333333333,11.9,13.75,12.9,2025,55.03,1,11.09,0.0,6,109.75,116.87,112.7025,109.75,2025-01-06 16:00:00,105.16,109.04649139949932,Hourly,108.95,0.75,11.9,11.06,15.14,0.0,105.16,4.182825201543241,Siltara,105.16,0,-0.8660254037844385,110.02666666666669,0.8660254037844387,15.08,115.71416666666666,84.5058,0.49999999999999994,5.3625,0.37,0.39,5.344620958347586,-0.5000000000000004,2.188157520228386,7.62,16,113.63
227.32,7.62,110.70038213914007,0,119.4,4.321673357169342,0,105.16,11.9,13.38,13.75,2025,63.18,1,11.27,0.0,6,125.46,115.88,111.72666666666665,109.75,2025-01-06 16:15:00,105.16,107.93606528535665,Hourly,105.16,0.96,11.9,11.09,15.08,0.0,108.91,4.152679857633939,Siltara,105.16,0,-0.8660254037844385,108.61500000000001,0.8660254037844387,22.28,114.76166666666667,74.7201,0.49999999999999994,5.4858,0.39,0.41,5.086970283643217,-0.5000000000000004,0.0,6.63,16,113.63
233.71,6.63,110.42493873311852,0,112.4,4.17873938871457,0,106.41000000000001,11.9,15.04,13.38,2025,69.78,1,11.35,0.03565994674781286,6,146.96,115.08,111.14583333333333,125.46,2025-01-06 16:30:00,105.16,108.21433234668332,Hourly,105.16,0.79,11.9,11.27,22.28,3.75,111.95,3.389616005783741,Siltara,108.91,0,-0.8660254037844385,107.82833333333333,0.8660254037844387,21.44,114.32458333333334,109.9815,0.49999999999999994,6.166399999999999,0.41,0.41,5.121650531485838,-0.5000000000000004,2.1650635094607935,9.69,16,113.63
228.51,9.69,110.65956354340798,0,112.4,4.0049185668724245,0,108.67333333333333,11.9,15.29,15.04,2025,69.78,1,11.29,0.02791295565145539,6,146.96,115.08,110.885,146.96,2025-01-06 16:45:00,108.91,109.28166596191666,Hourly,105.16,1.23,11.9,11.35,21.44,3.0400000000000063,111.95,2.839221137330685,Siltara,111.95,0,-0.8660254037844385,107.54833333333335,0.8660254037844387,28.23,114.30583333333333,115.83539999999999,0.49999999999999994,6.116,0.41,0.4,5.129819826200319,-0.5000000000000004,3.4011811673788026,10.26,16,108.95
229.28,10.26,110.85809222903754,0,112.4,3.8037408819445697,0,110.93666666666667,11.91,15.22,15.29,2025,69.78,1,11.09,0.0,6,146.96,115.08,110.62416666666667,146.96,2025-01-06 17:00:00,111.95,110.04404711565475,Hourly,108.91,0.7,11.9,11.29,28.23,0.0,111.95,3.353084649492961,Siltara,111.95,0,-0.9659258262890683,108.04833333333333,0.8660254037844387,29.34,114.28708333333333,115.6687,0.49999999999999994,5.9358,0.4,0.39,5.137904732109617,-0.25881904510252063,1.7551448183362068,10.43,17,105.16
236.6,10.43,111.02607803995485,0,118.0,3.570585216443595,0,111.95,11.91,15.0,15.22,2025,101.66,1,11.04,0.0,6,151.13,114.28,110.36333333333333,146.96,2025-01-06 17:15:00,111.95,110.58860508261053,Hourly,111.95,0.66,11.91,11.09,29.34,0.0,113.96,3.329035896471923,Siltara,111.95,0,-0.9659258262890683,109.18,0.8660254037844387,29.3,114.26833333333333,111.39359999999999,0.49999999999999994,6.1499999999999995,0.39,0.41,5.145905646972041,-0.25881904510252063,0.0,10.09,17,105.16
229.53,10.09,111.47745064919258,0,122.54,3.5397363366979886,0,112.62,11.9,14.97,15.0,2025,127.5,1,11.0,0.017954443948191075,6,156.84,113.63,110.33666666666666,151.13,2025-01-06 17:30:00,111.95,111.55186077329324,Hourly,111.95,0.87,11.91,11.04,29.3,2.009999999999991,115.6,3.1366776478728577,Siltara,113.96,0,-0.9659258262890683,110.64666666666669,0.8660254037844387,38.43,114.10000000000001,111.1,0.49999999999999994,6.2874,0.41,0.42,5.084236508028294,-0.25881904510252063,1.1604740410708103,10.1,17,105.16
230.58,10.1,112.11168901085526,0,122.54,3.7460317387717823,0,113.83666666666666,11.9,14.8,14.97,2025,127.5,1,11.0,0.014391014391014397,6,156.84,113.63,110.50083333333333,156.84,2025-01-06 17:45:00,113.96,112.70847198092375,Hourly,111.95,0.74,11.9,11.0,38.43,1.6400000000000006,115.6,2.2565519419382074,Siltara,115.6,0,-0.9659258262890683,112.38666666666666,0.8660254037844387,30.84,113.81083333333333,107.47,0.49999999999999994,6.66,0.42,0.45,4.77105030517341,-0.25881904510252063,1.8281228988590055,9.77,17,108.91
226.9,9.77,112.64835223995445,0,122.54,3.934078383469179,0,115.05333333333333,11.9,14.8,14.8,2025,127.5,1,10.95,0.0,6,156.84,113.63,110.665,156.84,2025-01-06 18:00:00,115.6,113.53462284351696,Hourly,113.96,0.94,11.9,11.0,30.84,0.0,115.6,1.8021699882821927,Siltara,115.6,0,-1.0,113.50166666666667,0.8660254037844387,29.56,113.52166666666669,107.74799999999999,0.49999999999999994,6.66,0.45,0.45,4.416092771027505,-1.8369701987210297e-16,0.9468544414706991,9.84,18,111.95
229.68,9.84,113.10245189534606,0,120.73,4.106384072577951,0,115.6,11.9,14.82,14.8,2025,103.7,1,10.96,0.0,6,157.08,108.95,110.82916666666665,156.84,2025-01-06 18:15:00,115.6,114.12473060251212,Hourly,115.6,0.96,11.9,10.95,29.56,0.0,110.26,1.7896368346674005,Siltara,115.6,0,-1.0,114.11,0.8660254037844387,16.3,113.2325,108.1752,0.49999999999999994,7.41,0.45,0.5,4.0082819153654885,-1.8369701987210297e-16,0.0,9.87,18,111.95
224.8,9.87,112.66515160375437,0,116.87,4.0691295324088514,0,113.82,11.9,15.01,14.82,2025,52.69,1,11.02,-0.04619377162629749,6,157.42,105.16,110.93833333333333,157.08,2025-01-06 18:30:00,115.6,113.02052185893723,Hourly,115.6,1.25,11.9,10.96,16.3,-5.339999999999989,98.83,2.266931112024585,Siltara,110.26,0,-1.0,113.82833333333333,0.8660254037844387,41.03,112.79624999999999,111.63260000000001,0.49999999999999994,7.0546999999999995,0.5,0.47,3.7158951317868696,-1.8369701987210297e-16,3.083050437472488,10.13,18,111.95
224.29,10.13,110.5366667416383,0,116.87,5.152400073282185,0,108.23,11.89,14.9,15.01,2025,52.69,1,10.93,-0.10366406675131513,6,157.42,105.16,110.41083333333334,157.42,2025-01-06 18:45:00,110.26,108.96608704209802,Hourly,115.6,1.38,11.9,11.02,41.03,-11.430000000000007,98.83,6.609503511358862,Siltara,98.83,0,-1.0,111.64166666666665,0.8660254037844387,28.96,112.04458333333332,110.0651,0.49999999999999994,6.556,0.47,0.44,4.580116743496893,-1.8369701987210297e-16,8.56731579901189,10.07,18,113.96
223.73,10.07,108.73564108907856,0,116.87,5.994124901379693,0,102.64,11.9,14.58,14.9,2025,52.69,1,10.8,0.0,6,157.42,105.16,109.88333333333333,157.42,2025-01-06 19:00:00,98.83,106.07006217292717,Hourly,110.26,1.38,11.89,10.93,28.96,0.0,98.83,8.23454916798719,Siltara,98.83,0,-0.9659258262890684,109.11999999999999,0.8660254037844387,21.17,111.29291666666667,104.328,0.49999999999999994,6.1236,0.44,0.42,5.193065174422495,0.2588190451025203,6.599113576837282,9.66,19,115.6
223.58,9.66,107.21169630614338,0,115.88,6.686160004521835,0,98.83,11.91,14.49,14.58,2025,95.13,1,10.59,0.0,6,140.76,108.91,109.35583333333334,157.42,2025-01-06 19:15:00,98.83,104.00147298066226,Hourly,98.83,1.27,11.9,10.8,21.17,0.0,89.22,8.4387267997014,Siltara,98.83,0,-0.9659258262890684,106.325,0.8660254037844387,16.44,110.54125,103.8879,0.49999999999999994,5.9409,0.42,0.41,5.637308417645326,0.2588190451025203,0.0,9.81,19,115.6
223.42,9.81,104.44374302827516,0,115.08,8.866161924572221,0,95.62666666666667,11.92,14.4,14.49,2025,129.54,1,10.67,-0.09723768086613375,6,117.96,111.95,107.71499999999999,140.76,2025-01-06 19:30:00,98.83,99.77819498618733,Hourly,98.83,1.17,11.91,10.59,16.44,-9.61,81.44,9.451263231265202,Siltara,89.22,0,-0.9659258262890684,101.92833333333333,0.8660254037844387,20.51,109.43041666666666,101.57839999999999,0.49999999999999994,6.48,0.41,0.45,7.001246149431561,0.2588190451025203,5.548336086912046,9.52,19,115.6
221.54,9.52,100.90470563930975,0,115.08,11.519019154109191,0,89.83,11.91,13.82,14.4,2025,129.54,1,10.94,-0.08720017933198836,6,117.96,111.95,105.1725,117.96,2025-01-06 19:45:00,89.22,94.53871070441951,Hourly,98.83,1.23,11.92,10.67,20.51,-7.780000000000001,81.44,9.848908061303003,Siltara,81.44,0,-0.9659258262890684,96.235,0.8660254037844387,29.96,108.02875,87.4106,0.49999999999999994,6.7718,0.45,0.49,8.924306969804833,0.2588190451025203,8.711033233778666,7.99,19,110.26
219.65,7.99,97.9101355409544,0,115.08,13.140123148724436,0,84.03333333333333,11.9,14.44,13.82,2025,129.54,1,11.23,0.0,6,117.96,111.95,102.63,117.96,2025-01-06 20:00:00,81.44,90.79622193172821,Hourly,89.22,1.27,11.91,10.94,29.96,0.0,81.44,8.587948338611863,Siltara,81.44,0,-0.8660254037844386,91.43166666666666,0.8660254037844387,25.49,106.62708333333335,98.15020000000001,0.49999999999999994,7.3644,0.49,0.51,10.30382853251834,0.5000000000000001,4.491785094294802,8.74,20,98.83
219.64,8.74,95.37626853465372,0,114.28,14.090206866666726,0,81.44,11.91,14.68,14.44,2025,123.44,1,11.55,0.0,6,115.07,113.96,100.08750000000002,117.96,2025-01-06 20:15:00,81.44,88.12301566552014,Hourly,81.44,1.01,11.9,11.23,25.49,0.0,72.87,8.525964266091343,Siltara,81.44,0,-0.8660254037844386,88.53333333333335,0.8660254037844387,25.74,105.22541666666666,100.485,0.49999999999999994,7.7804,0.51,0.53,11.339944014571945,0.5000000000000001,0.0,8.7,20,98.83
223.6,8.7,91.91376568316853,0,113.63,15.349030963391774,0,78.58333333333333,11.9,14.9,14.68,2025,118.5,1,11.83,-0.10523084479371309,6,111.12,115.6,96.66333333333334,115.07,2025-01-06 20:30:00,81.44,83.76501118965724,Hourly,81.44,0.95,11.91,11.55,25.74,-8.569999999999993,65.93,8.836953472021156,Siltara,72.87,0,-0.8660254037844386,84.20666666666666,0.8660254037844387,22.42,103.5,102.92099999999999,0.49999999999999994,7.152,0.53,0.48,12.93984006352351,0.5000000000000001,4.947891806954584,8.7,20,98.83
223.02,8.7,87.91626327037336,0,113.63,16.436844122184098,0,73.41333333333334,11.89,15.01,14.9,2025,118.5,1,11.99,-0.0952380952380952,6,111.12,115.6,92.52416666666666,111.12,2025-01-06 20:45:00,72.87,78.66929370689803,Hourly,81.44,1.06,11.9,11.83,22.42,-6.939999999999998,65.93,8.127136437064843,Siltara,65.93,0,-0.8660254037844386,78.72333333333333,0.8660254037844387,18.32,101.51249999999999,103.8334,0.49999999999999994,7.505,0.48,0.5,14.840004467947393,0.5000000000000001,7.769262084221879,8.66,20,89.22
223.34,8.66,84.53376122877745,0,113.63,16.351345510385638,0,68.24333333333334,11.89,15.13,15.01,2025,118.5,1,12.11,0.0,6,111.12,115.6,88.38499999999999,111.12,2025-01-06 21:00:00,65.93,75.02949550492717,Hourly,72.87,1.2,11.89,11.99,18.32,0.0,65.93,7.659465821235003,Siltara,65.93,0,-0.7071067811865477,74.84166666666667,0.8660254037844387,16.91,99.52499999999999,105.47810000000001,0.49999999999999994,8.0189,0.5,0.53,16.271699358088046,0.7071067811865474,4.006810868175231,8.71,21,81.44
221.52,8.71,81.67164411665783,0,108.95,15.072581644305375,0,65.93,11.9,15.31,15.13,2025,123.75,1,12.29,0.0,6,115.1,110.26,84.24583333333334,111.12,2025-01-06 21:15:00,65.93,72.42963964637656,Hourly,65.93,1.33,11.89,12.11,16.91,0.0,78.18,7.604255825961361,Siltara,65.93,0,-0.7071067811865477,72.25666666666667,0.8660254037844387,15.93,97.53750000000001,107.6604,0.49999999999999994,8.5736,0.53,0.56,17.351278426775398,0.7071067811865474,0.0,8.76,21,81.44
224.01,8.76,81.13446809871047,0,105.16,12.696838636591606,0,70.01333333333334,11.91,15.5,15.31,2025,128.02,1,12.49,0.18580312452601241,6,120.55,98.83,81.5725,115.1,2025-01-06 21:30:00,65.93,74.07259974741183,Hourly,65.93,1.0,11.9,12.29,15.93,12.25,88.11,6.9007902929061204,Siltara,78.18,0,-0.7071067811865477,71.71333333333334,0.8660254037844387,15.88,96.25541666666668,110.2867,0.49999999999999994,8.680000000000001,0.56,0.56,17.606268394391968,0.7071067811865474,7.07254079757249,8.83,21,81.44
221.63,8.83,82.20762685275501,0,105.16,11.711097657066244,0,77.40666666666668,11.91,15.67,15.5,2025,128.02,1,12.63,0.12701458173445884,6,120.55,98.83,80.67916666666666,120.55,2025-01-06 21:45:00,78.18,78.08328553386559,Hourly,65.93,1.14,11.91,12.49,15.88,9.929999999999993,88.11,8.999248301941702,Siltara,88.11,0,-0.7071067811865477,72.825,0.8660254037844387,18.53,95.545,112.65960000000001,0.49999999999999994,8.931899999999999,0.56,0.57,17.575303077354675,0.7071067811865474,11.110204018528554,8.92,21,72.87
222.48,8.92,83.11568426002347,0,105.16,10.552190171914626,0,84.8,11.91,15.89,15.67,2025,128.02,1,12.88,0.0,6,120.55,98.83,79.78583333333334,120.55,2025-01-06 22:00:00,88.11,80.94806109561829,Hourly,78.18,1.15,11.91,12.63,18.53,0.0,88.11,10.95309956131142,Siltara,88.11,0,-0.5000000000000004,75.36500000000001,0.8660254037844387,21.51,94.83458333333334,115.53360000000002,0.49999999999999994,8.421700000000001,0.57,0.53,17.51423991553284,0.8660254037844384,5.733088173052588,8.97,22,65.93
223.09,8.97,83.88404052771216,0,108.91,9.154585661643727,0,88.11,11.92,16.28,15.89,2025,119.4,1,13.07,0.0,6,124.19,89.22,78.8925,120.55,2025-01-06 22:15:00,88.11,82.99432935401306,Hourly,88.11,1.11,11.91,12.88,21.51,0.0,85.43,10.874517767085901,Siltara,88.11,0,-0.5000000000000004,79.06166666666667,0.8660254037844387,8.75,94.12416666666667,123.2501,0.49999999999999994,8.954,0.53,0.55,17.42276245172615,0.8660254037844384,0.0,9.43,22,65.93
217.92,9.43,84.12188044652567,0,111.95,8.8253532850572,0,87.21666666666665,11.91,16.92,16.28,2025,112.4,1,13.28,-0.030416524798547187,6,129.17,81.44,78.57666666666667,124.19,2025-01-06 22:30:00,88.11,83.69023525286647,Hourly,88.11,1.05,11.92,13.07,8.75,-2.6799999999999926,83.31,8.899614411122927,Siltara,85.43,0,-0.5000000000000004,82.31166666666667,0.8660254037844387,16.81,93.14583333333333,137.1824,0.49999999999999994,9.306000000000001,0.55,0.55,17.214386530550303,0.8660254037844384,1.5472987214268157,10.33,22,65.93
218.93,10.33,83.99697576244479,0,111.95,8.896729863985788,0,85.61666666666667,11.91,17.11,16.92,2025,112.4,1,13.43,-0.02481563853447272,6,129.17,81.44,78.7325,129.17,2025-01-06 22:45:00,85.43,83.58159660919034,Hourly,88.11,0.97,11.91,13.28,16.81,-2.1200000000000045,83.31,3.957506369756949,Siltara,83.31,0,-0.5000000000000004,85.20833333333333,0.8660254037844387,19.93,91.9525,140.6121,0.49999999999999994,9.752699999999999,0.55,0.57,16.842850695924984,0.8660254037844384,2.4054382830014367,10.47,22,78.18
221.04,10.47,83.89128718360713,0,111.95,8.964583682808138,0,84.01666666666667,11.9,17.25,17.11,2025,112.4,1,13.58,0.0,6,129.17,81.44,78.88833333333334,129.17,2025-01-06 23:00:00,83.31,83.5039975779931,Hourly,85.43,0.99,11.91,13.43,19.93,0.0,83.31,2.3718909474650802,Siltara,83.31,0,-0.25881904510252157,86.06333333333333,0.8660254037844387,19.85,90.75916666666666,142.59,0.49999999999999994,10.004999999999999,0.57,0.58,16.37242244344648,0.9659258262890681,1.2239825706801284,10.5,23,88.11
222.92,10.5,83.80185838612911,0,113.96,9.028994163585992,0,83.31,11.9,17.43,17.25,2025,118.0,1,13.8,0.0,6,126.42,72.87,79.04416666666667,129.17,2025-01-06 23:15:00,83.31,83.4485696985665,Hourly,83.31,1.03,11.9,13.58,19.85,0.0,82.32,2.3529272548608158,Siltara,83.31,0,-0.25881904510252157,85.26333333333334,0.8660254037844387,18.4,89.56583333333333,145.038,0.49999999999999994,10.109399999999999,0.58,0.58,15.794267787002337,0.9659258262890681,0.0,10.51,23,88.11
221.62,10.51,83.57388017287848,0,115.6,8.851907686876258,0,82.98,11.9,17.71,17.43,2025,122.54,1,14.14,-0.011883327331652972,6,122.65,65.93,79.83166666666666,126.42,2025-01-06 23:30:00,83.31,83.12612121326178,Hourly,83.31,1.14,11.9,13.8,18.4,-0.9900000000000091,81.52,2.128552716440663,Siltara,82.32,0,-0.25881904510252157,84.29833333333333,0.8660254037844387,18.37,88.2475,148.89419999999998,0.49999999999999994,10.626,0.58,0.6,14.968473027754444,0.9659258262890681,0.5715767664936083,10.53,23,88.11
229.6,10.53,83.25789860782025,0,115.6,7.694502711007787,0,82.38333333333333,11.9,17.8,17.71,2025,122.54,1,14.39,-0.009718172983479071,6,122.65,65.93,81.13083333333333,122.65,2025-01-06 23:45:00,82.32,82.66722943804413,Hourly,83.31,0.69,11.9,14.14,18.37,-0.7999999999999972,81.52,1.3119451208035822,Siltara,81.52,0,-0.25881904510252157,83.2,0.8660254037844387,16.89,86.8275,148.217,0.49999999999999994,10.858,0.6,0.61,13.834386348955906,0.9659258262890681,0.8966790581521114,10.3,23,85.43
230.51,10.3,82.99052959123253,46,115.6,6.030914298241721,1,81.78666666666665,11.882916666666668,43.54,17.8,2025,122.54,1,42.3,0.0,7,105.022,65.93,82.42999999999999,122.65,2025-01-07 00:15:00,81.52,82.33944959860295,Hourly,82.32,0.76,11.9,14.39,16.89,0.0,8.11,0.8840230012092517,Siltara,81.52,1,0.0,82.54833333333333,0.8660254037844387,3.63,85.40750000000001,715.716,0.49999999999999994,19.1576,0.61,0.44,12.430493449228313,1.0,0.4618802153464592,16.92,0,83.31
231.2033333333333,16.92,71.47044811565829,46,110.26,22.100406344817966,1,57.04999999999999,11.874375,42.48,43.54,2025,120.73,1,43.11666666666667,-0.9005152109911678,7,96.208,78.18,77.61166666666666,105.022,2025-01-07 00:30:00,81.52,61.131035427573536,Hourly,81.52,0.8,11.882916666666668,42.3,3.63,-73.41,11.41,30.33771959129428,Siltara,8.11,1,0.0,70.015,0.8660254037844387,3.8175,80.92875000000001,585.5243333333334,0.49999999999999994,20.107199999999995,0.44,0.4733333333333333,18.807711719098087,1.0,42.383283261210345,13.580000000000002,0,83.31
231.89666666666668,13.580000000000002,62.23037917478778,46,98.83,29.20698208087815,1,33.68,11.865833333333336,41.42,42.48,2025,116.87,1,43.93333333333333,0.40690505548705314,7,87.394,88.11,72.0475,96.208,2025-01-07 00:45:00,8.11,46.92502530540967,Hourly,81.52,0.84,11.874375,43.11666666666667,3.8175,3.3000000000000007,14.71,37.411424681060566,Siltara,11.41,1,0.0,58.031666666666666,0.8660254037844387,4.005,76.81,449.8773333333333,0.49999999999999994,20.986133333333335,0.4733333333333333,0.5066666666666667,22.555425839088315,1.0,41.46349840522373,10.24,0,83.31
232.59,10.24,54.919551609435814,46,98.83,32.97953565424637,1,11.410000000000002,,40.36,41.42,2025,116.87,1,44.75,0.28921998247151626,7,78.58,88.11,65.93083333333333,87.394,2025-01-07 01:00:00,11.41,37.7207323610069,Hourly,8.11,0.88,11.865833333333336,43.93333333333333,4.005,3.3000000000000007,18.01,38.60445436302226,Siltara,14.71,1,0.25881904510252074,46.59833333333333,0.8660254037844387,4.1925,73.30499999999999,308.77500000000003,0.49999999999999994,21.7944,0.5066666666666667,0.54,25.3479056677102,0.9659258262890683,3.299999999998379,6.9,1,82.32
230.76,6.9,49.241159054137995,46,98.83,34.84920436246688,1,14.71,,46.69,40.36,2025,116.87,1,45.74,0.2243371855880354,7,78.58,88.11,60.089166666666664,78.58,2025-01-07 01:15:00,14.71,32.08909454357636,Hourly,11.41,0.94,,44.75,4.1925,3.3000000000000007,18.66,35.50627775478588,Siltara,18.01,1,0.25881904510252074,35.88,0.8660254037844387,4.38,69.9375,799.5352,0.49999999999999994,20.0767,0.54,0.43,27.11627575589188,0.9659258262890683,3.2999999999984193,17.48,1,81.52
226.58,17.48,44.53636535350138,46,89.22,35.532832917620375,1,17.126666666666665,,44.32666666666667,46.69,2025,115.88,1,43.29333333333334,0.03609106052193218,7,77.21666666666667,85.43,54.30166666666667,78.58,2025-01-07 01:30:00,18.01,28.25221038826883,Hourly,14.71,0.8933333333333333,,45.74,4.38,0.6499999999999986,13.77,27.779252449745112,Siltara,18.66,1,0.25881904510252074,25.403333333333332,0.8660254037844387,4.319999999999999,66.59708333333334,723.5759111111112,0.49999999999999994,20.53802222222222,0.43,0.4633333333333333,28.31386946651184,0.9659258262890683,2.11797859604933,16.713333333333335,1,81.52
222.4,16.713333333333335,39.80307837603963,46,81.44,35.846031351272,1,16.813333333333336,,41.96333333333333,44.32666666666667,2025,115.08,1,40.84666666666666,-0.26205787781350487,7,75.85333333333332,83.31,48.330000000000005,77.21666666666667,2025-01-07 01:45:00,18.66,24.114435991620592,Hourly,18.01,0.8466666666666667,,43.29333333333334,4.319999999999999,-4.890000000000001,8.879999999999999,3.991943970883204,Siltara,13.77,1,0.25881904510252074,14.111666666666666,0.8660254037844387,4.26,63.45333333333334,651.3681777777776,0.49999999999999994,20.84178888888889,0.4633333333333333,0.4966666666666667,29.840327347934522,0.9659258262890683,2.6555664806822405,15.946666666666667,1,8.11
218.22,15.946666666666667,35.04568170280276,46,81.44,35.68214173275443,1,13.770000000000001,,39.6,41.96333333333333,2025,115.08,1,38.4,-0.35511982570806105,7,74.49,83.31,42.127500000000005,75.85333333333332,2025-01-07 02:00:00,13.77,19.76173999401471,Hourly,18.66,0.8,,40.84666666666666,4.26,-4.890000000000001,3.99,3.7664200509242316,Siltara,8.879999999999999,1,0.49999999999999994,14.24,0.8660254037844387,4.199999999999999,60.43,582.9119999999999,0.49999999999999994,20.988000000000003,0.4966666666666667,0.53,31.56469794757657,0.8660254037844387,4.889999999998921,15.18,2,11.41
216.13,15.18,30.267884517756183,46,81.44,34.69285101232887,1,8.88,,46.61,39.6,2025,115.08,1,44.84,-0.5506756756756755,7,74.49,83.31,35.5175,74.49,2025-01-07 02:15:00,8.879999999999999,15.255528567153366,Hourly,13.77,0.84,,38.4,4.199999999999999,-4.889999999999999,3.08,5.635727696284734,Siltara,3.99,1,0.49999999999999994,13.003333333333336,0.8660254037844387,4.14,57.20291666666666,839.4048,0.49999999999999994,19.5762,0.53,0.42,33.23808024058723,0.8660254037844387,4.889999999998874,18.72,2,14.71
218.98,18.72,26.085133053486,46,72.87,32.292972732140974,1,5.316666666666666,,45.86666666666667,46.61,2025,114.28,1,44.64333333333334,-0.2280701754385965,7,75.16499999999999,82.32,28.831666666666667,74.49,2025-01-07 02:30:00,3.99,11.776806119395262,Hourly,8.879999999999999,0.94,,44.84,4.14,-0.9100000000000001,3.08,6.809172490105114,Siltara,3.08,1,0.49999999999999994,11.065,0.8660254037844387,6.503333333333333,53.937916666666666,785.5738555555555,0.49999999999999994,15.135999999999996,0.42,0.3299999999999999,34.575511562648586,0.8660254037844387,3.119300135178081,17.596666666666664,2,18.01
221.83,17.596666666666664,22.545881814488155,46,65.93,28.20395743776976,1,3.3833333333333333,,45.123333333333335,45.86666666666667,2025,113.63,1,44.446666666666665,0.0,7,75.84,81.52,22.228333333333335,75.16499999999999,2025-01-07 02:45:00,3.08,9.292004370996617,Hourly,3.99,1.04,,44.64333333333334,6.503333333333333,0.0,3.08,6.483834256570034,Siltara,3.08,1,0.49999999999999994,8.576666666666666,0.8660254037844387,8.866666666666667,51.03,732.1847555555555,0.49999999999999994,10.8296,0.3299999999999999,0.24,35.826197847021376,0.8660254037844387,0.5253887449516014,16.473333333333333,2,18.66
234.1,16.473333333333333,19.551130766105363,46,65.93,21.50796082356234,1,3.08,,44.38,45.123333333333335,2025,113.63,1,44.25,0.0,7,70.96,81.52,15.691666666666668,75.84,2025-01-07 03:00:00,3.08,7.517145979283298,Hourly,3.08,0.76,,44.446666666666665,8.866666666666667,0.0,17.8,4.433603500540457,Siltara,3.08,1,0.7071067811865476,5.9799999999999995,0.8660254037844387,11.23,48.411249999999995,679.2375,0.49999999999999994,17.752000000000002,0.24,0.4,36.96854271598333,0.7071067811865476,0.0,15.35,3,13.77
234.61,15.35,19.281726032858383,46,65.93,6.188248148832512,1,7.986666666666667,,45.22,44.38,2025,113.63,1,44.13,4.779220779220779,7,70.52666666666666,8.11,10.381666666666666,70.96,2025-01-07 03:15:00,3.08,10.455104270916642,Hourly,3.08,0.59,,44.25,11.23,14.72,17.8,5.909410856140502,Siltara,17.8,1,0.7071067811865476,6.651666666666666,0.8660254037844387,3.3,46.40583333333334,756.3882000000001,0.49999999999999994,13.1138,0.4,0.29,37.281014974598506,0.7071067811865476,8.49859596247064,17.14,3,8.879999999999999
228.685,17.14,19.053768181649403,46,78.18,6.489747800582494,1,12.893333333333336,,44.84333333333333,45.22,2025,108.95,1,44.00333333333334,0.0,7,70.09333333333333,11.41,11.189166666666667,70.52666666666666,2025-01-07 03:30:00,17.8,12.553645907797602,Hourly,3.08,0.78,,44.13,3.3,0.0,17.8,7.492189043708864,Siltara,17.8,1,0.7071067811865476,8.138333333333334,0.8660254037844387,6.463333333333333,44.40041666666667,730.8953666666667,0.49999999999999994,12.556133333333333,0.29,0.28,37.479086165738444,0.7071067811865476,8.498595962470667,16.61,3,3.99
222.76,16.61,18.860880769087956,46,88.11,6.765801482232795,1,17.8,,44.46666666666667,44.84333333333333,2025,105.16,1,43.876666666666665,0.0,7,69.66,14.71,11.721666666666666,70.09333333333333,2025-01-07 03:45:00,17.8,14.05260421985543,Hourly,17.8,0.97,,44.00333333333334,6.463333333333333,0.0,17.8,8.062476046476313,Siltara,17.8,1,0.7071067811865476,10.44,0.8660254037844387,9.626666666666663,41.88458333333333,705.5368000000001,0.49999999999999994,12.006000000000002,0.28,0.27,37.137991561339874,0.7071067811865476,0.0,16.080000000000002,3,3.08
223.95,16.080000000000002,18.697668343074422,46,88.11,6.946268400874203,1,17.8,,44.09,44.46666666666667,2025,105.16,1,43.75,0.0,7,83.18,18.01,11.979166666666666,69.66,2025-01-07 04:00:00,17.8,15.123288728468165,Hourly,17.8,0.8,,43.876666666666665,9.626666666666663,0.0,6.73,7.601375314156698,Siltara,17.8,1,0.8660254037844386,12.893333333333333,0.8660254037844387,12.79,38.955,680.3125,0.49999999999999994,18.5178,0.27,0.42,36.091428947580724,0.5000000000000001,0.0,15.55,4,3.08
227.09,15.55,16.85648859798605,46,88.11,6.818002184503362,1,14.110000000000001,,46.58,44.09,2025,105.16,1,45.67,-0.6219101123595505,7,83.18,18.66,11.039166666666667,83.18,2025-01-07 04:15:00,17.8,12.725206234620119,Hourly,17.8,0.68,,43.75,12.79,-11.07,6.73,6.758243608118223,Siltara,6.73,1,0.8660254037844386,13.501666666666667,0.8660254037844387,3.38,35.564166666666665,793.7446,0.49999999999999994,14.9056,0.42,0.32,35.08120342944321,0.5000000000000001,6.3912674799283336,17.38,4,3.08
230.73,17.38,15.298567275218966,46,85.43,6.4664736772212805,1,10.42,,46.836666666666666,46.58,2025,108.91,1,45.70333333333333,0.0,7,84.22,13.77,10.045,83.18,2025-01-07 04:30:00,6.73,11.0122901675858,Hourly,17.8,0.69,,45.67,3.38,0.0,6.73,5.716523419002506,Siltara,6.73,1,0.8660254037844386,14.110000000000001,0.8660254037844387,6.816666666666666,32.17333333333333,814.4334,0.49999999999999994,14.051,0.32,0.3,33.686720214953944,0.5000000000000001,6.391267479928307,17.82,4,17.8
234.37,17.82,13.98032615595451,46,83.31,6.4169630785543,1,6.73,,47.09333333333333,46.836666666666666,2025,111.95,1,45.73666666666667,0.0,7,85.26,8.879999999999999,9.458333333333334,84.22,2025-01-07 04:45:00,6.73,9.788778691132714,Hourly,6.73,0.7,,45.70333333333333,6.816666666666666,0.0,6.73,6.063288711582538,Siltara,6.73,1,0.8660254037844386,12.265,0.8660254037844387,10.253333333333332,28.894166666666667,835.1515333333335,0.49999999999999994,13.186133333333332,0.3,0.28,32.06874950676349,0.5000000000000001,0.0,18.26,4,17.8
222.93,18.26,12.864891362730738,46,83.31,6.4644179353162325,1,6.73,,47.35,47.09333333333333,2025,111.95,1,45.77,0.0,7,168.32,3.99,9.279166666666667,85.26,2025-01-07 05:00:00,6.73,8.914841922237654,Hourly,6.73,0.96,,45.73666666666667,10.253333333333332,0.0,35.89,5.716523419002528,Siltara,6.73,1,0.9659258262890683,10.42,0.8660254037844387,13.69,25.703333333333333,855.899,0.49999999999999994,26.9895,0.28,0.57,30.172778786683743,0.25881904510252074,0.0,18.7,5,17.8
223.74,18.7,16.40721576846447,46,83.31,9.793485891606965,1,16.45,,48.75,47.35,2025,111.95,1,47.53,4.332838038632986,7,170.65666666666667,3.08,11.9375,168.32,2025-01-07 05:15:00,6.73,16.62202994445547,Hourly,6.73,0.83,,45.77,13.69,29.16,35.89,11.858400819672278,Siltara,35.89,1,0.9659258262890683,13.435,0.8660254037844387,3.71,23.727500000000003,887.8604,0.49999999999999994,24.375,0.57,0.5,27.686653078616416,0.25881904510252074,16.83553384956918,18.68,5,17.8
220.005,18.68,19.404567188700707,46,82.32,11.523079475820436,1,26.17,,49.3,48.75,2025,113.96,1,48.373333333333335,0.0,7,172.99333333333334,3.08,14.671666666666667,170.65666666666667,2025-01-07 05:30:00,35.89,22.12716424603962,Hourly,6.73,0.94,,47.53,3.71,0.0,35.89,15.058159250054567,Siltara,35.89,1,0.9659258262890683,16.45,0.8660254037844387,3.763333333333333,21.751666666666665,892.9717333333334,0.49999999999999994,23.170999999999996,0.5,0.47,24.790272928793378,0.25881904510252074,16.83553384956921,18.46,5,6.73
216.27,18.46,21.94078762120829,46,81.52,12.383045196289428,1,35.89,,49.85,49.3,2025,115.6,1,49.21666666666667,0.0,7,175.33,3.08,17.405833333333334,172.99333333333334,2025-01-07 05:45:00,35.89,26.05940303288544,Hourly,35.89,1.05,,48.373333333333335,3.763333333333333,0.0,35.89,15.971589776850754,Siltara,35.89,1,0.9659258262890683,21.31,0.8660254037844387,3.816666666666667,19.817083333333333,897.712,0.49999999999999994,21.934,0.47,0.44,21.443933261691804,0.25881904510252074,0.0,18.24,5,6.73
226.63,18.24,24.086820294868552,46,81.52,12.553394325477164,1,35.89,,50.4,49.85,2025,115.6,1,50.06,0.0,7,87.84,17.8,20.14,175.33,2025-01-07 06:00:00,35.89,28.868145023489603,Hourly,35.89,0.86,,49.21666666666667,3.816666666666667,0.0,48.16,15.058159250054542,Siltara,35.89,1,1.0,26.169999999999998,0.8660254037844387,3.87,17.915833333333335,902.0812,0.49999999999999994,28.224,0.44,0.56,17.37152465503785,6.123233995736766e-17,0.0,18.02,6,6.73
222.07,18.02,27.79038640335031,46,8.11,14.882261558342607,1,39.98,,52.48,50.4,2025,115.6,1,51.55,0.34187796043466134,7,87.84,17.8,22.67,87.84,2025-01-07 06:15:00,35.89,34.38010358820686,Hourly,35.89,1.03,,50.06,3.87,12.269999999999996,48.16,13.808063948287707,Siltara,48.16,1,1.0,33.074999999999996,0.8660254037844387,3.46,16.525833333333335,1012.442,0.49999999999999994,26.764799999999997,0.56,0.51,12.791906720119567,6.123233995736766e-17,7.084087802956134,19.64,6,6.73
231.595,19.64,30.924173110527185,46,11.41,16.47452910073371,1,44.06999999999999,,53.28,52.48,2025,110.26,1,52.55,0.0,7,84.15,17.8,25.2,87.84,2025-01-07 06:30:00,48.16,38.317216848719184,Hourly,35.89,0.8400000000000001,,51.55,3.46,0.0,48.16,6.336200754395505,Siltara,48.16,1,1.0,39.98,0.8660254037844387,3.4033333333333333,18.19458333333333,1032.0819999999999,0.49999999999999994,23.709600000000002,0.51,0.445,14.182991951221503,6.123233995736766e-17,7.084087802956161,19.64,6,35.89
241.12,19.64,33.5758387858307,46,14.71,17.53205376135157,1,48.16,,54.08,53.28,2025,98.83,1,53.55,0.0,7,80.46,17.8,27.73,84.15,2025-01-07 06:45:00,48.16,41.12944060622799,Hourly,48.16,0.65,,52.55,3.4033333333333333,0.0,48.16,6.720555780588537,Siltara,48.16,1,1.0,42.025,0.8660254037844387,3.3466666666666667,19.725833333333334,1051.722,0.49999999999999994,20.5504,0.445,0.38,15.35413721803192,6.123233995736766e-17,0.0,19.64,6,35.89
230.67,19.64,35.8195558957029,46,18.01,18.14855666687909,1,48.16,,54.88,54.08,2025,98.83,1,54.55,0.0,7,127.06,6.73,30.26,80.46,2025-01-07 07:00:00,48.16,43.13817186159142,Hourly,48.16,0.67,,53.55,3.3466666666666667,0.0,44.47,6.336200754395479,Siltara,48.16,1,0.9659258262890683,44.07,0.8660254037844387,3.29,21.119583333333335,1071.362,0.49999999999999994,30.184000000000005,0.38,0.55,16.3640134014079,-0.25881904510252063,0.0,19.64,7,35.89
211.57,19.64,37.150393450210146,46,18.66,16.929377639852547,1,46.93,,55.25,54.88,2025,98.83,1,54.16,-0.07661960132890361,7,127.06,6.73,33.405,127.06,2025-01-07 07:15:00,48.16,43.518694186851015,Hourly,48.16,0.57,,54.55,3.29,-3.6899999999999977,44.47,4.933870691455314,Siltara,44.47,1,0.9659258262890683,45.5,0.8660254037844387,3.21,22.22208333333333,1135.1936,0.49999999999999994,28.177500000000002,0.55,0.51,17.023464363909106,-0.25881904510252063,2.13042249330797,20.96,7,35.89
217.7,20.96,38.27648676556243,46,13.77,14.908290555014656,1,45.699999999999996,,54.74333333333333,55.25,2025,89.22,1,54.46,0.0,7,129.025,6.73,36.55,127.06,2025-01-07 07:30:00,44.47,43.79049584775073,Hourly,48.16,0.635,,54.16,3.21,0.0,44.47,1.9055078063344828,Siltara,44.47,1,0.9659258262890683,46.93,0.8660254037844387,6.083333333333334,23.2975,1063.4222666666667,0.49999999999999994,23.265916666666666,0.51,0.425,17.59432548097376,-0.25881904510252063,2.130422493307936,19.526666666666667,7,48.16
223.83,19.526666666666667,39.229334955475906,46,8.879999999999999,11.67604423984942,1,44.47,,54.236666666666665,54.74333333333333,2025,81.44,1,54.76,0.0,7,130.99,6.73,39.695,129.025,2025-01-07 07:45:00,44.47,43.98463989125052,Hourly,44.47,0.7,,54.46,6.083333333333334,0.0,44.47,2.0210962371944823,Siltara,44.47,1,0.9659258262890683,46.315,0.8660254037844387,8.956666666666667,24.576666666666668,990.7909333333333,0.49999999999999994,18.440466666666666,0.425,0.34,17.983226161854653,-0.25881904510252063,0.0,18.093333333333334,7,48.16
219.14,18.093333333333334,40.03559111617192,46,3.99,5.36865651045811,1,44.47,,53.73,54.236666666666665,2025,81.44,1,55.06,0.0,7,160.21,35.89,42.84,130.99,2025-01-07 08:00:00,44.47,44.123314208036085,Hourly,44.47,0.75,,54.76,8.956666666666667,0.0,9.84,1.9055078063345057,Siltara,44.47,1,0.8660254037844387,45.699999999999996,0.8660254037844387,11.83,26.059583333333336,917.2996,0.49999999999999994,19.8801,0.34,0.37,18.099603761977427,-0.4999999999999998,0.0,16.66,8,48.16
224.84,16.66,35.39011555983778,46,3.08,10.876139403912816,1,32.92666666666667,,54.21,53.73,2025,81.44,1,54.74,-0.7787272318416909,7,144.5175,35.89,40.66916666666667,160.21,2025-01-07 08:15:00,44.47,34.32808157716863,Hourly,44.47,0.37,,55.06,11.83,-34.629999999999995,9.84,14.514170546974738,Siltara,9.84,1,0.8660254037844387,39.313333333333325,0.8660254037844387,4.27,26.30333333333333,989.1518000000001,0.49999999999999994,14.094600000000002,0.37,0.26,17.826802650885853,-0.4999999999999998,19.99363982203651,18.07,8,48.16
222.70666666666668,18.07,31.459328550631966,46,3.08,14.052632773925309,1,21.383333333333336,,53.58,54.21,2025,72.87,1,54.105,0.0,7,128.825,35.89,38.49833333333333,144.5175,2025-01-07 08:30:00,9.84,27.33148684083474,Hourly,44.47,0.49,,54.74,4.27,0.0,12.58,17.88285510388846,Siltara,9.84,1,0.8660254037844387,32.92666666666666,0.8660254037844387,4.012499999999999,26.584999999999997,966.3152999999999,0.49999999999999994,14.109399999999999,0.26,0.2633333333333333,17.494218423835836,-0.4999999999999998,19.993639822036478,17.86,8,44.47
220.57333333333327,17.86,28.55481646591936,46,3.08,15.931439162482803,1,10.753333333333332,,52.95,53.58,2025,65.93,1,53.47,0.27845528455284557,7,113.1325,35.89,36.55583333333333,128.825,2025-01-07 08:45:00,9.84,23.116776314881957,Hourly,9.84,0.61,,54.105,4.012499999999999,2.74,15.32,18.494461242941625,Siltara,12.58,1,0.8660254037844387,27.611666666666665,0.8660254037844387,3.755,26.980833333333337,943.7454999999999,0.49999999999999994,14.119999999999997,0.2633333333333333,0.2666666666666666,17.040860336687828,-0.4999999999999998,1.5819397375758533,17.65,8,44.47
218.44,17.65,26.51869085577792,46,17.8,17.07516848490494,1,12.58,,52.32,52.95,2025,65.93,1,52.835,0.21780604133545312,7,97.44,48.16,34.84166666666667,113.1325,2025-01-07 09:00:00,12.58,20.8891259392014,Hourly,9.84,0.73,,53.47,3.755,2.74,18.06,16.943947198532882,Siltara,15.32,1,0.7071067811865476,22.753333333333334,0.8660254037844387,3.4975,27.49083333333333,921.4424000000001,0.49999999999999994,14.1264,0.2666666666666666,0.27,16.467984728390427,-0.7071067811865475,2.7399999999978903,17.44,9,44.47
227.83,17.44,25.217353801042854,46,17.8,17.151519059856426,1,15.319999999999999,,51.69,52.32,2025,65.93,1,52.2,0.17885117493472574,7,97.44,48.16,32.333333333333336,97.44,2025-01-07 09:15:00,15.32,20.080804242286714,Hourly,12.58,0.76,,52.835,3.4975,2.7399999999999984,21.34,13.188271178083601,Siltara,18.06,1,0.7071067811865476,18.351666666666667,0.8660254037844387,3.24,27.501666666666665,899.4060000000001,0.49999999999999994,27.9126,0.27,0.54,16.461416724562856,-0.7071067811865475,2.7399999999979476,17.23,9,44.47
229.015,17.23,24.620837831651645,46,17.8,16.64153611426652,1,18.24,,51.438,51.69,2025,78.18,1,51.938,0.18161683277962357,7,75.7175,48.16,30.098333333333333,97.44,2025-01-07 09:30:00,18.06,20.440574458776226,Hourly,15.32,0.8025,,52.2,3.24,3.280000000000001,18.035,4.63139575794068,Siltara,21.34,1,0.7071067811865476,14.496666666666668,0.8660254037844387,3.748,27.649166666666662,891.048328,0.49999999999999994,27.00495,0.54,0.525,16.38639571390735,-0.7071067811865475,3.014033841878538,17.156,9,9.84
230.2,17.156,23.607632011397545,46,17.8,15.926027504790577,1,19.145,,51.186,51.438,2025,88.11,1,51.676,-0.15487347703842547,7,53.995,48.16,27.58791666666666,75.7175,2025-01-07 09:45:00,21.34,19.753267470554448,Hourly,18.06,0.845,,51.938,3.748,-3.3049999999999997,14.73,4.168726124369908,Siltara,18.035,1,0.7071067811865476,15.862499999999999,0.8660254037844387,4.256,27.658958333333334,882.7294320000001,0.49999999999999994,26.104860000000002,0.525,0.51,16.38032356074561,-0.7071067811865475,1.9009668592558924,17.082,9,9.84
231.385,17.082,22.241842471182537,46,6.73,14.89053046529544,1,18.035,,50.934,51.186,2025,88.11,1,51.414,-0.1832547823676185,7,32.272499999999994,44.47,24.802083333333332,53.995,2025-01-07 10:00:00,18.035,18.318048193253176,Hourly,21.34,0.8875000000000001,,51.676,4.256,-3.3049999999999997,11.425,3.095741833552031,Siltara,14.73,1,0.49999999999999994,16.677500000000002,0.8660254037844387,4.764,27.531041666666667,874.449312,0.49999999999999994,25.212329999999998,0.51,0.495,16.472389545722322,-0.8660254037844387,3.304999999998348,17.008,10,12.58
232.57,17.008,20.57771286023138,46,6.73,13.948374348636833,1,14.729999999999999,,,50.934,2025,88.11,1,,-0.2243720298710115,7,10.55,44.47,22.048333333333332,32.272499999999994,2025-01-07 10:15:00,14.73,16.348605852323697,Hourly,18.035,0.93,,51.414,4.764,-3.3049999999999997,8.12,3.420380095837903,Siltara,11.425,1,0.49999999999999994,16.485,0.8660254037844387,,27.726666666666663,,0.49999999999999994,,0.495,0.48,16.240868984211602,-0.8660254037844387,3.304999999998291,,10,15.32
226.44,,18.661141650965014,46,6.73,12.509217480310678,1,11.424999999999999,,50.43,,2025,85.43,1,50.89,-0.289277899343545,7,10.55,44.47,19.019166666666667,10.55,2025-01-07 10:30:00,11.425,13.997575608802642,Hourly,14.73,1.07,,,,-3.3050000000000015,6.95,4.867668846583979,Siltara,8.12,1,0.49999999999999994,15.285000000000002,0.8660254037844387,5.78,27.784583333333334,858.0054,0.49999999999999994,24.7107,0.48,0.49,16.16503855726854,-0.8660254037844387,3.304999999998235,16.86,10,18.06
226.6266666666667,16.86,16.85942755081655,46,6.73,10.008601187343125,1,8.831666666666665,,39.2175,50.43,2025,83.31,1,38.7475,-0.14408866995073882,7,8.476666666666667,44.47,15.892499999999998,10.55,2025-01-07 10:45:00,8.12,11.983982577716173,Hourly,11.425,1.05,,50.89,5.78,-1.169999999999999,5.633333333333334,5.651027930091218,Siltara,6.95,1,0.49999999999999994,13.433333333333332,0.8660254037844387,5.205,27.793750000000003,542.852475,0.49999999999999994,16.732799999999997,0.49,0.4266666666666666,16.152637706929227,-0.8660254037844387,2.320831388386792,14.01,10,21.34
226.81333333333333,14.01,15.13233613274221,46,35.89,4.906206764378006,1,6.90111111111111,,28.005,39.2175,2025,83.31,1,26.605,-0.18944844124700236,7,6.403333333333333,9.84,12.65611111111111,8.476666666666667,2025-01-07 11:00:00,6.95,10.169511365035362,Hourly,8.12,1.03,,38.7475,5.205,-1.3166666666666664,4.316666666666666,4.83484524245845,Siltara,5.633333333333334,1,0.258819045102521,10.815555555555555,0.8660254037844387,4.63,27.748055555555556,296.9118,0.49999999999999994,10.175149999999999,0.4266666666666666,0.3633333333333333,16.216241997110927,-0.9659258262890682,1.2440540062063923,11.16,11,18.035
227.0,11.16,13.468386984115202,46,35.89,5.4259737058503505,1,5.633333333333333,,16.792499999999997,28.005,2025,83.31,1,14.462500000000006,-0.23372781065088769,7,4.33,9.84,12.195833333333335,6.403333333333333,2025-01-07 11:15:00,5.633333333333334,8.497270022644306,Hourly,6.95,1.01,,26.605,4.63,-1.3166666666666673,3.0,3.8891741125568764,Siltara,4.316666666666666,1,0.258819045102521,8.529166666666667,0.8660254037844387,4.055,26.4325,120.18337500000005,0.49999999999999994,5.037749999999999,0.3633333333333333,0.3,16.797297732406804,-0.9659258262890682,1.3166666666619802,8.31,11,14.73
225.49,8.31,11.85786590963594,46,35.89,6.02244058970941,1,4.3166666666666655,,5.58,16.792499999999997,2025,82.32,1,2.32,-0.30501930501930496,7,6.76,12.58,11.625833333333334,4.33,2025-01-07 11:30:00,4.316666666666666,6.926621444745932,Hourly,5.633333333333334,1.2,,14.462500000000006,4.055,-1.3166666666666664,2.39,2.9939130377789414,Siltara,3.0,1,0.258819045102521,6.574166666666666,0.8660254037844387,3.48,25.062083333333334,12.6672,0.49999999999999994,1.6181999999999999,0.3,0.29,17.325523521030625,-0.9659258262890682,1.3166666666619222,5.46,11,11.425
225.96,5.46,10.401271154307333,0,35.89,6.56924564800649,0,3.2355555555555546,11.49,8.06,5.58,2025,81.52,1,2.02,-0.20333333333333328,7,6.76,15.32,10.776666666666666,6.76,2025-01-07 11:45:00,3.0,5.630443889104237,Hourly,4.316666666666666,1.06,,2.32,3.48,-0.6099999999999999,2.39,2.244506132266708,Siltara,2.39,1,0.258819045102521,5.068333333333333,0.8660254037844387,6.44,23.666249999999994,21.492800000000003,0.49999999999999994,2.015,0.29,0.25,17.759278980731924,-0.9659258262890682,0.9846958545222512,10.64,11,8.12
228.88,10.64,9.168767899798512,0,48.16,6.812202268539054,0,2.5933333333333324,11.48,8.41,8.06,2025,81.52,1,2.0,0.0,7,64.2,18.06,9.699166666666667,6.76,2025-01-07 12:00:00,2.39,4.704602777931598,Hourly,3.0,0.87,11.49,2.02,6.44,0.0,16.29,1.8749767405978508,Siltara,2.39,1,1.2246467991473532e-16,4.113333333333333,0.8660254037844387,9.75,22.270416666666662,22.72,0.49999999999999994,2.1866000000000003,0.25,0.26,18.070531020552277,-1.0,0.35218366418765035,11.36,12,6.95
227.9,11.36,10.26434206906028,0,48.16,6.631478460017077,0,7.0233333333333325,11.49,9.85,8.41,2025,8.11,1,2.0,5.8158995815899575,7,69.04,21.34,9.551666666666668,64.2,2025-01-07 12:15:00,2.39,8.01471626995114,Hourly,2.39,1.02,11.48,2.0,9.75,13.899999999999999,16.29,5.352811514626321,Siltara,16.29,1,1.2246467991473532e-16,5.669999999999999,0.8660254037844387,17.87,20.9425,28.24,0.49999999999999994,2.364,0.26,0.24,17.237078658413566,-1.0,8.025168741735039,14.12,12,5.633333333333334
234.07,14.12,11.19136636612793,0,48.16,5.9395186308042245,0,11.656666666666666,11.5,8.15,9.85,2025,11.41,1,2.0,0.0,7,69.04,18.035,9.130833333333333,69.04,2025-01-07 12:30:00,16.29,10.3790830499651,Hourly,2.39,0.84,11.49,2.0,17.87,0.0,16.29,6.886488031457855,Siltara,16.29,1,1.2246467991473532e-16,7.446111111111111,0.8660254037844387,16.43,19.614583333333332,21.72,0.49999999999999994,1.956,0.24,0.24,16.248372495608496,-1.0,8.025168741735072,10.86,12,4.316666666666666
230.49,10.86,11.975771540569788,0,48.16,5.718967075143866,0,16.29,11.5,9.09,8.15,2025,14.71,1,2.0,0.0,7,69.04,14.73,8.985416666666667,69.04,2025-01-07 12:45:00,16.29,12.067916464260787,Hourly,16.29,1.01,11.5,2.0,16.43,0.0,16.29,7.505279253077221,Siltara,16.29,1,1.2246467991473532e-16,9.441666666666668,0.8660254037844387,13.28,18.286666666666665,25.3,0.49999999999999994,2.5452000000000004,0.24,0.28,15.073893843459059,-1.0,0.0,12.65,12,3.0
238.18,12.65,12.639498995866742,2,44.47,5.876968362502244,1,16.29,11.5,10.83,9.09,2025,18.01,1,2.0,0.0,7,64.725,11.425,9.115416666666667,69.04,2025-01-07 13:00:00,16.29,13.274226045900562,Hourly,16.29,1.17,11.5,2.0,13.28,0.0,16.2,7.177929134971394,Siltara,16.29,1,-0.2588190451025208,11.656666666666666,0.8660254037844387,15.74,16.95875,31.98,0.49999999999999994,2.5991999999999997,0.28,0.24,13.665828962043065,-0.9659258262890683,0.0,15.99,13,2.39
233.92,15.99,13.187268381118011,2,44.47,6.200318336566388,1,16.259999999999998,0.0,8.68,10.83,2025,18.66,1,2.225,-0.005524861878453031,7,60.41,8.12,9.513333333333334,64.725,2025-01-07 13:15:00,16.29,14.110161461357544,Hourly,16.29,1.0,11.5,2.0,15.74,-0.08999999999999986,16.2,5.667417107172454,Siltara,16.2,1,-0.2588190451025208,13.958333333333334,0.8660254037844387,9.57,15.780833333333334,25.643125,0.49999999999999994,3.7323999999999997,0.24,0.43,12.346042120398574,-0.9659258262890683,0.05196152412023686,11.525,13,2.39
240.22,11.525,13.650765553253702,0,44.47,6.468195070864926,0,16.23,11.54,6.53,8.68,2025,13.77,1,2.45,0.0,7,60.41,6.95,10.186666666666666,60.41,2025-01-07 13:30:00,16.2,14.70725818668396,Hourly,16.29,0.88,0.0,2.225,9.57,0.0,16.2,0.046475800199042204,Siltara,16.2,1,-0.2588190451025208,16.26,0.8660254037844387,3.4,14.602916666666667,17.297,0.49999999999999994,3.1997,0.43,0.49,10.733079912505124,-0.9659258262890683,0.051961524120204806,7.06,13,16.29
241.28,7.06,14.042955468137748,0,44.47,6.597292699252456,0,16.2,11.51,9.82,6.53,2025,8.879999999999999,1,4.31,0.0,7,60.41,5.633333333333334,10.957500000000001,60.41,2025-01-07 13:45:00,16.2,15.1337558476314,Hourly,16.2,0.93,11.54,2.45,3.4,0.0,16.2,0.04929503021748258,Siltara,16.2,1,-0.2588190451025208,16.245,0.8660254037844387,9.8,13.424999999999999,45.254999999999995,0.49999999999999994,4.91,0.49,0.5,8.664734636935567,-0.9659258262890683,0.0,10.5,13,16.29
238.74,10.5,14.374808473039632,0,9.84,6.5268640602737555,0,16.2,11.5,9.99,9.82,2025,3.99,1,4.84,0.0,7,69.93,4.316666666666666,11.838055555555556,60.41,2025-01-07 14:00:00,16.2,15.43839703402243,Hourly,16.2,1.07,11.51,4.31,9.8,0.0,17.3,0.04647580019906846,Siltara,16.2,1,-0.4999999999999997,16.23,0.8660254037844387,9.78,12.247083333333334,48.545199999999994,0.49999999999999994,5.3946000000000005,0.5,0.54,5.662209974870721,-0.8660254037844388,0.0,10.03,14,16.29
247.86,10.03,14.824837938725842,0,9.84,6.2363582030202,0,16.566666666666666,11.5,12.89,9.99,2025,3.08,1,7.12,0.06790123456790133,7,70.73,3.0,12.92,69.93,2025-01-07 14:15:00,16.2,15.970283595730308,Hourly,16.2,0.83,11.5,4.84,9.78,1.1000000000000014,17.3,0.4431891996323891,Siltara,17.3,1,-0.4999999999999997,16.39833333333333,0.8660254037844387,6.44,12.557916666666666,86.0096,0.49999999999999994,7.089500000000001,0.54,0.55,5.728697406342782,-0.8660254037844388,0.6350852960998776,12.08,14,16.29
252.39,12.08,15.205632101998791,0,12.58,5.4900816906226995,0,16.933333333333334,11.5,13.33,12.89,2025,3.08,1,8.75,0.0,7,70.73,2.39,14.111666666666666,70.73,2025-01-07 14:30:00,17.3,16.35020256837879,Hourly,16.2,0.85,11.5,7.12,6.44,0.0,17.3,0.5680375574473796,Siltara,17.3,1,-0.4999999999999997,16.566666666666666,0.8660254037844387,12.76,12.86875,91.0875,0.49999999999999994,7.198200000000001,0.55,0.54,5.776996617228323,-0.8660254037844388,0.6350852960999109,10.41,14,16.2
251.93,10.41,15.527842547845133,0,15.32,4.1097809238982315,0,17.3,11.5,13.93,13.33,2025,3.08,1,9.7,0.0,7,70.73,2.39,15.354166666666666,70.73,2025-01-07 14:45:00,17.3,16.621573263127708,Hourly,17.3,0.87,11.5,8.75,12.76,0.0,17.3,0.6024948132590888,Siltara,17.3,1,-0.4999999999999997,16.75,0.8660254037844387,14.1,13.06541666666667,97.96999999999998,0.49999999999999994,8.4973,0.54,0.61,5.846660887947571,-0.8660254037844388,0.0,10.1,14,16.2
243.01,10.1,15.80048215586896,0,18.06,0.5208617568131291,0,17.3,11.49,14.59,13.93,2025,17.8,1,9.53,0.0,7,100.36,16.29,16.596666666666668,70.73,2025-01-07 15:00:00,17.3,16.815409473662648,Hourly,17.3,1.0,11.5,9.7,14.1,0.0,18.36,0.5680375574473547,Siltara,17.3,1,-0.7071067811865471,16.933333333333334,0.8660254037844387,15.7,13.147916666666665,110.8339,0.49999999999999994,8.3163,0.61,0.57,5.8936384325337166,-0.7071067811865479,0.0,11.63,15,16.2
237.77,11.63,16.194254131889117,0,21.34,0.7162079222490264,0,17.653333333333332,11.49,12.69,14.59,2025,17.8,1,7.82,0.061271676300577955,7,102.86,16.29,16.769166666666667,100.36,2025-01-07 15:15:00,17.3,17.25672105261618,Hourly,17.3,1.09,11.49,9.53,15.7,1.0599999999999987,18.36,0.6831300510669466,Siltara,18.36,1,-0.7071067811865471,17.293333333333333,0.8660254037844387,17.13,13.160416666666668,82.9702,0.49999999999999994,6.979500000000001,0.57,0.55,5.904817124838526,-0.7071067811865479,0.6119912853320675,10.61,15,16.2
242.25,10.61,16.527445803906176,0,18.035,0.8304744901568913,0,18.006666666666664,11.49,12.13,12.69,2025,17.8,1,7.2,0.0,7,102.86,16.29,16.941666666666666,102.86,2025-01-07 15:30:00,18.36,17.571943609011555,Hourly,17.3,0.98,11.49,7.82,17.13,0.0,18.36,0.5473816462676664,Siltara,18.36,1,-0.7071067811865471,17.653333333333332,0.8660254037844387,11.63,13.03625,75.672,0.49999999999999994,6.9140999999999995,0.55,0.57,5.754763501565093,-0.7071067811865479,0.6119912853321012,10.51,15,17.3
246.02,10.51,16.80937721868984,0,14.73,0.8952649007068817,0,18.36,11.5,12.66,12.13,2025,17.8,1,8.23,0.0,7,102.86,16.29,17.114166666666666,102.86,2025-01-07 15:45:00,18.36,17.797102577865395,Hourly,18.36,0.84,11.49,7.2,11.63,0.0,18.36,0.5805859109589392,Siltara,18.36,1,-0.7071067811865471,17.830000000000002,0.8660254037844387,10.74,13.04979166666667,81.8062,0.49999999999999994,7.3427999999999995,0.57,0.58,5.767406091333567,-0.7071067811865479,0.0,9.94,15,17.3
254.9,9.94,17.047934569660633,0,11.425,0.921079735311406,0,18.36,11.49,14.26,12.66,2025,6.73,1,10.07,0.0,7,88.13,16.2,17.286666666666665,102.86,2025-01-07 16:00:00,18.36,17.957930412760994,Hourly,18.36,1.02,11.5,8.23,10.74,0.0,12.67,0.5473816462676433,Siltara,18.36,1,-0.8660254037844385,18.006666666666664,0.8660254037844387,11.28,13.201041666666667,102.4119,0.49999999999999994,8.4134,0.58,0.59,5.86023650848624,-0.5000000000000004,0.0,10.17,16,17.3
253.96,10.17,16.37440617432823,0,8.12,1.6075567288208223,0,16.46333333333333,11.49,15.51,14.26,2025,6.73,1,11.46,-0.30991285403050106,7,86.89,16.2,16.992500000000003,88.13,2025-01-07 16:15:00,18.36,16.44709315197214,Hourly,18.36,1.05,11.49,10.07,11.28,-5.6899999999999995,12.67,2.276222748327602,Siltara,12.67,1,-0.8660254037844385,17.235,0.8660254037844387,11.19,13.252916666666666,119.29860000000001,0.49999999999999994,11.012099999999998,0.59,0.71,5.8493316280732115,-0.5000000000000004,3.2851230316872857,10.41,16,17.3
245.23,10.41,15.804497532123886,0,6.95,2.0325569804562336,0,14.566666666666665,11.5,16.75,15.51,2025,6.73,1,12.0,0.0,7,86.89,16.2,16.698333333333334,86.89,2025-01-07 16:30:00,12.67,15.3679236799801,Hourly,18.36,0.85,11.49,11.46,11.19,0.0,12.67,2.938303365323393,Siltara,12.67,1,-0.8660254037844385,16.463333333333335,0.8660254037844387,14.07,13.4425,143.64000000000001,0.49999999999999994,11.2225,0.71,0.67,5.748602875844104,-0.5000000000000004,3.2851230316872533,11.97,16,18.36
233.93,11.97,15.322267142566366,0,5.633333333333334,2.3429758014273436,0,12.67,11.49,15.42,16.75,2025,6.73,1,12.17,0.0,7,86.89,16.2,16.404166666666665,86.89,2025-01-07 16:45:00,12.67,14.597088342842929,Hourly,12.67,0.83,11.5,12.0,14.07,0.0,12.67,3.1165413522050645,Siltara,12.67,1,-0.8660254037844385,15.515,0.8660254037844387,10.96,13.680833333333332,111.5989,0.49999999999999994,9.5604,0.67,0.62,5.583940243891538,-0.5000000000000004,0.0,9.17,16,18.36
230.92,9.17,14.914226043710002,0,4.316666666666666,2.5805003038549192,0,12.67,11.49,15.51,15.42,2025,35.89,1,12.61,0.0,7,136.07,17.3,16.11,86.89,2025-01-07 17:00:00,12.67,14.046491673459235,Hourly,12.67,0.99,11.49,12.17,10.96,0.0,14.0,2.938303365323413,Siltara,12.67,1,-0.9659258262890683,14.566666666666668,0.8660254037844387,8.84,13.974027777777778,109.0765,0.49999999999999994,9.6162,0.62,0.62,5.321594052998012,-0.25881904510252063,0.0,8.65,17,18.36
235.3,8.65,14.773575883139234,0,3.0,2.617724549717816,0,13.113333333333332,11.49,15.57,15.51,2025,35.89,1,12.66,0.10497237569060774,7,140.22,17.3,15.835,136.07,2025-01-07 17:15:00,12.67,14.033208338185167,Hourly,12.67,0.72,11.49,12.61,8.84,1.33,14.0,2.2773493364006048,Siltara,14.0,1,-0.9659258262890683,13.840000000000002,0.8660254037844387,7.25,14.3775,110.142,0.49999999999999994,9.6534,0.62,0.62,4.908619083240855,-0.25881904510252063,0.7678758580147507,8.7,17,18.36
234.57,8.7,14.654564208810122,0,2.39,2.6231625603830495,0,13.556666666666665,11.5,15.87,15.57,2025,35.89,1,13.22,0.0,7,140.22,17.3,15.56,140.22,2025-01-07 17:30:00,14.0,14.023720241560834,Hourly,12.67,0.93,11.49,12.66,7.25,0.0,14.0,0.6868090467305928,Siltara,14.0,1,-0.9659258262890683,13.113333333333335,0.8660254037844387,6.67,14.835833333333333,111.04800000000002,0.49999999999999994,9.8394,0.62,0.62,4.272397673914076,-0.25881904510252063,0.7678758580147831,8.4,17,12.67
236.92,8.4,14.553862022839333,0,2.39,2.5970140196378164,0,14.0,11.5,15.88,15.87,2025,35.89,1,13.75,0.0,7,140.22,17.3,15.285000000000002,140.22,2025-01-07 17:45:00,14.0,14.01694302968631,Hourly,14.0,0.89,11.5,13.22,6.67,0.0,14.0,0.7284710014848261,Siltara,14.0,1,-0.9659258262890683,13.335,0.8660254037844387,7.22,15.319583333333332,104.9125,0.49999999999999994,9.6868,0.62,0.61,3.36226693605427,-0.25881904510252063,0.0,7.63,17,12.67
226.59,7.63,14.468652480864051,0,16.29,2.5383029405875455,0,14.0,11.49,16.1,15.88,2025,48.16,1,13.93,0.0,7,85.03,18.36,15.01,140.22,2025-01-07 18:00:00,14.0,14.01210216406165,Hourly,14.0,1.06,11.5,13.75,7.22,0.0,15.72,0.6868090467305733,Siltara,14.0,1,-1.0,13.556666666666667,0.8660254037844387,6.21,15.803333333333333,108.0968,0.49999999999999994,10.143,0.61,0.63,1.9667025297660263,-1.8369701987210297e-16,0.0,7.76,18,12.67
229.96,7.76,14.661167483808043,0,16.29,2.327183236918698,0,14.573333333333332,11.49,16.55,16.1,2025,48.16,1,14.53,0.1228571428571429,7,80.37,18.36,14.79,85.03,2025-01-07 18:15:00,14.0,14.50007297432975,Hourly,14.0,0.88,11.49,13.93,6.21,1.7200000000000006,15.72,0.9697370777712181,Siltara,15.72,1,-1.0,14.065,0.8660254037844387,4.04,15.779583333333335,112.02629999999999,0.49999999999999994,10.0955,0.63,0.61,1.9640098272304174,-1.8369701987210297e-16,0.9930424630004779,7.71,18,12.67
229.31,7.71,14.824064793991422,0,16.29,2.0695366191965294,0,15.146666666666667,11.5,17.14,16.55,2025,48.16,1,15.21,0.0,7,80.37,18.36,14.57,80.37,2025-01-07 18:30:00,15.72,14.84862355309268,Hourly,14.0,1.14,11.49,14.53,4.04,0.0,15.72,0.8882041807326155,Siltara,15.72,1,-1.0,14.573333333333332,0.8660254037844387,7.26,15.755833333333333,118.638,0.49999999999999994,10.626800000000001,0.61,0.62,1.961013306536745,-1.8369701987210297e-16,0.9930424630005111,7.8,18,14.0
230.15,7.8,14.961900979531203,0,16.29,1.7448730091887523,0,15.72,11.5,17.22,17.14,2025,48.16,1,15.67,0.0,7,80.37,18.36,14.35,80.37,2025-01-07 18:45:00,15.72,15.097588252209057,Hourly,15.72,0.95,11.5,15.21,7.26,0.0,15.72,0.9420827989111213,Siltara,15.72,1,-1.0,14.86,0.8660254037844387,7.39,15.732083333333334,113.4508,0.49999999999999994,10.504199999999999,0.62,0.61,1.9577115725912377,-1.8369701987210297e-16,0.0,7.24,18,14.0
225.03,7.24,15.078531598064865,0,16.2,1.3040635790464448,0,15.72,11.5,16.87,17.22,2025,44.47,1,15.24,0.0,7,47.67,12.67,14.13,80.37,2025-01-07 19:00:00,15.72,15.275420180149327,Hourly,15.72,1.12,11.5,15.67,7.39,0.0,13.08,0.8882041807325953,Siltara,15.72,1,-0.9659258262890684,15.146666666666667,0.8660254037844387,6.76,15.708333333333334,110.18520000000001,0.49999999999999994,10.122,0.61,0.6,1.954103078291443,0.2588190451025203,0.0,7.23,19,14.0
229.16,7.23,14.771065198362578,0,16.2,1.2671834073615353,0,14.839999999999998,11.5,18.26,16.87,2025,44.47,1,16.22,-0.16793893129770995,7,44.91,12.67,14.164166666666667,47.67,2025-01-07 19:15:00,15.72,14.648157271535233,Hourly,15.72,0.86,11.5,15.24,6.76,-2.6400000000000006,13.08,1.1627324140449815,Siltara,13.08,1,-0.9659258262890684,14.993333333333332,0.8660254037844387,6.34,15.578333333333333,135.9236,0.49999999999999994,11.1386,0.6,0.61,2.022554705376415,0.2588190451025203,1.524204710656924,8.38,19,14.0
221.66,8.38,14.510901321691412,0,16.2,1.228160733736586,0,13.959999999999999,11.5,18.97,18.26,2025,44.47,1,17.06,0.0,7,44.91,12.67,14.198333333333332,44.91,2025-01-07 19:30:00,13.08,14.20011233681088,Hourly,15.72,1.03,11.5,16.22,6.34,0.0,13.08,1.3632901378665556,Siltara,13.08,1,-0.9659258262890684,14.839999999999998,0.8660254037844387,6.78,15.448333333333332,144.4982,0.49999999999999994,11.7614,0.61,0.62,2.080304464898123,0.2588190451025203,1.5242047106568923,8.47,19,15.72
227.23,8.47,14.29076265681581,0,16.2,1.186784234052432,0,13.08,11.49,19.34,18.97,2025,44.47,1,17.75,0.0,7,44.91,12.67,14.232500000000002,44.91,2025-01-07 19:45:00,13.08,13.8800802405792,Hourly,13.08,1.01,11.5,17.06,6.78,0.0,13.08,1.445987551815104,Siltara,13.08,1,-0.9659258262890684,14.4,0.8660254037844387,6.0,15.318333333333333,143.5975,0.49999999999999994,12.1842,0.62,0.63,2.1282237269357904,0.2588190451025203,0.0,8.09,19,15.72
232.26,8.09,14.104491478844146,0,17.3,1.1427982668876764,0,13.08,11.5,19.38,19.34,2025,9.84,1,17.95,0.0,7,72.8,14.0,14.266666666666666,44.91,2025-01-07 20:00:00,13.08,13.651485886128,Hourly,13.08,0.75,11.49,17.75,6.0,0.0,15.84,1.3632901378665745,Siltara,13.08,1,-0.8660254037844386,13.96,0.8660254037844387,5.69,15.188333333333333,141.446,0.49999999999999994,12.209399999999999,0.63,0.63,2.16696475095754,0.5000000000000001,0.0,7.88,20,15.72
220.78,7.88,14.371492789791201,0,17.3,1.2242994286213975,0,14.0,11.49,19.59,19.38,2025,9.84,1,18.24,0.2110091743119266,7,75.15,14.0,14.42,72.8,2025-01-07 20:15:00,13.08,14.27677563294857,Hourly,13.08,0.76,11.5,17.95,5.69,2.76,15.84,1.3947903068218759,Siltara,15.84,1,-0.8660254037844386,13.979999999999999,0.8660254037844387,5.66,15.1275,142.6368,0.49999999999999994,12.5376,0.63,0.64,2.125197177554751,0.5000000000000001,1.5934867429598103,7.82,20,15.72
224.35,7.82,14.597416975977172,0,17.3,1.2808330622477366,0,14.92,11.49,19.93,19.59,2025,12.58,1,18.67,0.0,7,75.15,14.0,14.573333333333332,75.15,2025-01-07 20:30:00,15.84,14.723411166391838,Hourly,13.08,0.95,11.49,18.24,5.66,0.0,15.84,1.4252578714058244,Siltara,15.84,1,-0.8660254037844386,14.0,0.8660254037844387,5.75,15.066666666666665,145.9994,0.49999999999999994,12.7552,0.64,0.64,2.080737048902405,0.5000000000000001,1.5934867429598425,7.82,20,13.08
217.97,7.82,14.788583595057606,0,17.3,1.3156217564612476,0,15.84,11.49,20.99,19.93,2025,15.32,1,19.53,0.0,7,75.15,14.0,14.726666666666667,75.15,2025-01-07 20:45:00,15.84,15.042436547422742,Hourly,15.84,0.83,11.49,18.67,5.75,0.0,15.84,1.5117142587156596,Siltara,15.84,1,-0.8660254037844386,14.46,0.8660254037844387,5.58,15.005833333333333,166.5909,0.49999999999999994,13.853399999999999,0.64,0.66,2.0334077558270747,0.5000000000000001,0.0,8.53,20,13.08
221.43,8.53,14.950339965048745,0,18.36,1.330372470064107,0,15.84,11.5,21.47,20.99,2025,18.06,1,20.0,0.0,7,86.53,15.72,14.88,75.15,2025-01-07 21:00:00,15.84,15.270311819587672,Hourly,15.84,0.85,11.49,19.53,5.58,0.0,22.34,1.4252578714058066,Siltara,15.84,1,-0.7071067811865477,14.920000000000002,0.8660254037844387,5.83,14.945,174.60000000000002,0.49999999999999994,14.1702,0.66,0.66,1.983003869848598,0.7071067811865474,0.0,8.73,21,13.08
224.25,8.73,16.08721073965663,0,18.36,2.5363317582470013,0,18.006666666666664,11.5,22.18,21.47,2025,21.34,1,20.9,0.41035353535353536,7,87.5,15.72,15.431666666666667,86.53,2025-01-07 21:15:00,15.84,17.29022272827691,Hourly,15.84,0.65,11.5,20.0,5.83,6.5,22.34,3.0833855851435112,Siltara,22.34,1,-0.7071067811865477,16.463333333333335,0.8660254037844387,7.1,15.110833333333334,182.03900000000002,0.49999999999999994,14.6388,0.66,0.66,2.4029581708849848,0.7071067811865474,3.7527767497311175,8.71,21,13.08
226.5,8.71,17.049178318170995,0,18.36,3.229870060246095,0,20.173333333333332,11.49,22.72,22.18,2025,18.035,1,21.77,0.0,7,87.5,15.72,15.983333333333334,87.5,2025-01-07 21:30:00,22.34,18.733016234483507,Hourly,15.84,0.73,11.5,20.9,7.1,0.0,22.34,3.3565855667136963,Siltara,22.34,1,-0.7071067811865477,18.006666666666664,0.8660254037844387,7.68,15.276666666666666,182.65030000000002,0.49999999999999994,15.2224,0.66,0.67,2.7493124305156953,0.7071067811865474,3.75277674973115,8.39,21,15.84
221.2,8.39,17.863150884606227,0,18.36,3.7104091908642425,0,22.34,11.5,23.26,22.72,2025,14.73,1,22.61,0.0,7,87.5,15.72,16.535,87.5,2025-01-07 21:45:00,22.34,19.763583024631075,Hourly,22.34,0.77,11.49,21.77,7.68,0.0,22.34,3.5601966237841394,Siltara,22.34,1,-0.7071067811865477,19.09,0.8660254037844387,7.66,15.4425,184.2715,0.49999999999999994,16.0494,0.67,0.69,3.0472671291716678,0.7071067811865474,0.0,8.15,21,15.84
228.56,8.15,18.551896902359115,0,12.67,4.054405759247526,0,22.34,11.49,23.78,23.26,2025,11.425,1,23.14,0.0,7,110.7,13.08,17.086666666666666,87.5,2025-01-07 22:00:00,22.34,20.499702160450767,Hourly,22.34,0.75,11.5,22.61,7.66,0.0,31.48,3.3565855667136795,Siltara,22.34,1,-0.5000000000000004,20.173333333333336,0.8660254037844387,6.83,15.608333333333334,192.7562,0.49999999999999994,16.4082,0.69,0.69,3.309918778285801,0.8660254037844384,0.0,8.33,22,15.84
229.78,8.33,20.54083584045771,0,12.67,5.58993901414242,0,25.386666666666667,11.49,23.67,23.78,2025,8.12,1,23.16,0.40913160250671443,7,112.65,13.08,18.62,110.7,2025-01-07 22:15:00,22.34,23.636930114607694,Hourly,22.34,0.73,11.49,23.14,6.83,9.14,31.48,4.992554456388412,Siltara,31.48,1,-0.5000000000000004,22.78,0.8660254037844387,5.72,16.392083333333336,186.90120000000002,0.49999999999999994,16.569,0.69,0.7,4.570755792481272,0.8660254037844384,5.276981460392225,8.07,22,15.84
226.04,8.07,22.223784172694984,0,12.67,6.3974161450812765,0,28.433333333333334,11.49,24.34,23.67,2025,6.95,1,23.43,0.0,7,112.65,13.08,20.153333333333332,112.65,2025-01-07 22:30:00,31.48,25.87780722471978,Hourly,22.34,0.71,11.49,23.16,5.72,0.0,31.48,4.719875704578492,Siltara,31.48,1,-0.5000000000000004,25.386666666666667,0.8660254037844387,8.46,17.175833333333333,209.93280000000001,0.49999999999999994,17.038,0.7,0.7,5.435633571061324,0.8660254037844384,5.276981460392256,8.96,22,22.34
225.69,8.96,23.64781737689576,0,12.67,6.743645269078487,0,31.48,11.49,25.1,24.34,2025,5.633333333333334,1,24.18,0.0,7,112.65,13.08,21.686666666666667,112.65,2025-01-07 22:45:00,31.48,27.4784337319427,Hourly,31.48,0.81,11.49,23.43,8.46,0.0,31.48,5.006184175597572,Siltara,31.48,1,-0.5000000000000004,26.909999999999997,0.8660254037844387,8.53,17.959583333333335,223.665,0.49999999999999994,17.319,0.7,0.69,6.076057416770542,0.8660254037844384,0.0,9.25,22,22.34
230.84,9.25,24.852768549681024,0,14.0,6.700512870466392,0,31.48,11.5,25.75,25.1,2025,4.316666666666666,1,24.84,0.0,7,100.78,15.84,23.22,112.65,2025-01-07 23:00:00,31.48,28.621738379959076,Hourly,31.48,0.62,11.49,24.18,8.53,0.0,31.93,4.719875704578472,Siltara,31.48,1,-0.25881904510252157,28.433333333333334,0.8660254037844387,7.36,18.743333333333336,235.4832,0.49999999999999994,18.2825,0.69,0.71,6.558116555355768,0.9659258262890681,0.0,9.48,23,22.34
231.31,9.48,25.941573388191635,0,14.0,6.699330303482915,0,31.63,11.51,26.73,25.75,2025,3.0,1,25.54,0.014294790343074945,7,99.78,15.84,24.56083333333333,100.78,2025-01-07 23:15:00,31.48,29.566955985685055,Hourly,31.48,0.65,11.5,24.84,7.36,0.4499999999999993,31.93,3.7724284839702436,Siltara,31.93,1,-0.25881904510252157,30.031666666666666,0.8660254037844387,10.87,19.49041666666667,262.5512,0.49999999999999994,18.9783,0.71,0.71,7.000615798483672,0.9659258262890681,0.25980762111721656,10.28,23,22.34
220.38,10.28,26.862869790008308,0,14.0,6.398643085322561,0,31.779999999999998,11.5,26.84,26.73,2025,2.39,1,26.07,0.0,7,99.78,15.84,25.901666666666667,99.78,2025-01-07 23:30:00,31.93,30.242111418346468,Hourly,31.48,0.7,11.51,25.54,10.87,0.0,31.93,0.2323790007794851,Siltara,31.93,1,-0.25881904510252157,31.63,0.8660254037844387,10.46,20.2375,252.3576,0.49999999999999994,19.0564,0.71,0.71,7.337816432700406,0.9659258262890681,0.2598076211172486,9.68,23,31.48
226.94,9.68,27.64242828385318,0,14.0,5.751668730188744,0,31.93,11.5,26.54,26.84,2025,2.39,1,26.06,0.0,7,99.78,15.84,27.242500000000003,99.78,2025-01-07 23:45:00,31.93,30.724365298818906,Hourly,31.93,0.79,11.5,26.07,10.46,0.0,31.93,0.24647515088395355,Siltara,31.93,1,-0.25881904510252157,31.705,0.8660254037844387,10.14,20.984583333333333,237.92780000000002,0.49999999999999994,18.3126,0.71,0.69,7.583777296289641,0.9659258262890681,0.0,9.13,23,31.48
192.47,9.13,28.30205470172192,0,15.72,4.614997948062251,0,31.93,11.46,16.94,26.54,2025,16.29,1,16.6,0.0,8,47.42,22.34,28.583333333333332,99.78,2025-01-08 00:15:00,31.93,31.068832356299218,Hourly,31.93,0.2,11.5,26.06,10.14,0.0,15.03,0.23237900077946697,Siltara,31.93,2,0.0,31.78,0.8660254037844387,2.47,21.73166666666667,87.64800000000001,0.49999999999999994,4.0656,0.69,0.24,7.747193414205527,1.0,0.0,5.28,0,31.48
213.24,5.28,26.260200132226238,0,15.72,5.835166833065678,0,26.296666666666667,11.49,16.75,16.94,2025,16.29,1,16.81,-0.5292828061384278,8,52.43,22.34,27.974166666666665,47.42,2025-01-08 00:30:00,31.93,26.486308825928013,Hourly,31.93,0.35,11.46,16.6,2.47,-16.9,18.46,6.865013959685012,Siltara,15.03,2,0.0,29.03833333333333,0.8660254037844387,2.21,21.702916666666667,77.1579,0.49999999999999994,4.02,0.24,0.24,7.771714308768014,1.0,9.75721954930416,4.59,0,31.48
226.6,4.59,25.06016934265297,0,15.72,6.267244513172561,0,21.80666666666666,11.49,17.14,16.75,2025,16.29,1,17.1,0.22821024617431815,8,52.43,22.34,27.650833333333335,52.43,2025-01-08 00:45:00,15.03,24.193077732805722,Hourly,31.93,0.32,11.49,16.81,2.21,3.4300000000000015,18.46,7.916161738283914,Siltara,18.46,2,0.0,26.86833333333333,0.8660254037844387,2.83,21.817083333333333,83.44800000000001,0.49999999999999994,4.1136,0.24,0.24,7.6997964282336655,1.0,8.93323196459841,4.88,0,31.93
213.36,4.88,24.04475867455251,0,15.72,6.654279723334182,0,17.316666666666666,11.5,17.32,17.14,2025,16.29,1,17.35,0.0,8,52.43,22.34,27.3275,52.43,2025-01-08 01:00:00,18.46,22.55505552343266,Hourly,15.03,0.32,11.49,17.1,2.83,0.0,18.46,8.1014508988619,Siltara,18.46,2,0.25881904510252074,24.62333333333333,0.8660254037844387,2.67,21.931250000000002,84.1475,0.49999999999999994,4.1568,0.24,0.24,7.625417059157813,0.9659258262890683,1.9803114233176107,4.85,1,31.93
210.26,4.85,23.18556503231366,0,13.08,7.003743749964324,0,18.46,11.51,17.51,17.32,2025,16.2,1,17.59,0.0,8,48.9,31.48,27.004166666666663,52.43,2025-01-08 01:15:00,18.46,21.385039659594757,Hourly,18.46,0.53,11.5,17.35,2.67,0.0,17.81,7.517003170590685,Siltara,18.46,2,0.25881904510252074,22.37833333333333,0.8660254037844387,3.09,22.045416666666668,85.48740000000001,0.49999999999999994,4.2024,0.24,0.24,7.548503438872815,0.9659258262890683,0.0,4.86,1,31.93
221.22,4.86,22.358555027342327,0,13.08,7.314393655352945,0,18.24333333333333,11.5,17.7,17.51,2025,16.2,1,17.73,-0.035211267605633916,8,37.31,31.48,25.865,48.9,2025-01-08 01:30:00,18.46,20.363599756853397,Hourly,18.46,0.31,11.51,17.59,3.09,-0.6500000000000021,15.53,5.982189398539956,Siltara,17.81,2,0.25881904510252074,20.025000000000002,0.8660254037844387,2.81,22.242499999999996,88.29540000000001,0.49999999999999994,4.247999999999999,0.24,0.24,7.363735022274287,0.9659258262890683,0.37527767495859876,4.98,1,31.93
223.55,4.98,21.308008100058892,0,13.08,7.643105578153479,0,17.266666666666662,11.5,17.87,17.7,2025,16.2,1,17.97,-0.1280179674340258,8,37.31,31.48,24.535833333333333,37.31,2025-01-08 01:45:00,17.81,18.982571254895284,Hourly,18.46,0.32,11.5,17.73,2.81,-2.2799999999999994,15.53,1.5863343489537793,Siltara,15.53,2,0.25881904510252074,17.291666666666668,0.8660254037844387,2.64,22.344583333333336,88.9515,0.49999999999999994,4.2888,0.24,0.24,7.247253740236389,0.9659258262890683,1.5387115822408777,4.95,1,15.03
232.87,4.95,20.41908377697291,0,13.08,7.712275142835666,0,16.289999999999996,11.5,17.85,17.87,2025,16.2,1,18.02,0.0,8,37.31,31.48,23.206666666666663,37.31,2025-01-08 02:00:00,15.53,17.996122324925203,Hourly,17.81,0.35,11.5,17.97,2.64,0.0,15.53,1.4511340392961434,Siltara,15.53,2,0.49999999999999994,17.375,0.8660254037844387,3.16,22.44666666666667,86.85640000000001,0.49999999999999994,4.284,0.24,0.24,7.127343957188118,0.8660254037844387,1.3163586137480865,4.82,2,18.46
208.3,4.82,19.666917042054003,0,15.84,7.529059007968236,0,15.53,11.5,18.49,17.85,2025,17.3,1,18.27,0.0,8,36.58,31.93,21.877499999999998,37.31,2025-01-08 02:15:00,15.53,17.291515946375146,Hourly,15.53,0.46,11.5,18.02,3.16,0.0,15.47,1.5049872646207423,Siltara,15.53,2,0.49999999999999994,16.886666666666667,0.8660254037844387,2.88,22.54875,103.9563,0.49999999999999994,4.4376,0.24,0.24,7.003829581333045,0.8660254037844387,0.0,5.69,2,18.46
206.21,5.69,19.021237497122616,0,15.84,7.012843358418191,0,15.509999999999996,11.5,18.65,18.49,2025,17.3,1,18.37,-0.003863490019317368,8,34.19,31.93,20.50583333333333,36.58,2025-01-08 02:30:00,15.53,16.77108281883939,Hourly,15.53,0.28,11.5,18.27,2.88,-0.05999999999999872,15.27,1.3686842830509305,Siltara,15.47,2,0.49999999999999994,16.388333333333332,0.8660254037844387,2.82,22.533333333333335,106.91340000000001,0.49999999999999994,4.475999999999999,0.24,0.24,7.019628174636668,0.8660254037844387,0.03464101598829803,5.82,2,18.46
205.09,5.82,18.444124036026828,0,15.84,6.14042066222699,0,15.423333333333332,11.51,18.58,18.65,2025,17.3,1,18.33,-0.012928248222365938,8,34.19,31.93,19.1175,34.19,2025-01-08 02:45:00,15.47,16.342202013456706,Hourly,15.53,0.24,11.5,18.37,2.82,-0.20000000000000107,15.27,0.9622196561444037,Siltara,15.27,2,0.49999999999999994,15.856666666666667,0.8660254037844387,1.78,22.509583333333335,105.58079999999998,0.49999999999999994,4.459199999999999,0.24,0.24,7.044180131987827,0.8660254037844387,0.13613718566955085,5.76,2,17.81
233.16,5.76,17.95579726125347,0,15.84,4.69299179305806,0,15.336666666666664,11.5,18.56,18.58,2025,17.3,1,18.41,0.0,8,34.19,31.93,17.729166666666668,34.19,2025-01-08 03:00:00,15.27,16.035858581040504,Hourly,15.47,0.17,11.51,18.33,1.78,0.0,15.27,0.12863384729793023,Siltara,15.27,2,0.7071067811865476,15.433333333333332,0.8660254037844387,2.09,22.485833333333332,102.9119,0.49999999999999994,4.4544,0.24,0.24,7.068563544293715,0.7071067811865476,0.11547005378892324,5.59,3,15.53
215.82,5.59,17.54259768259909,0,22.34,1.4622551595151159,0,15.27,11.51,18.73,18.56,2025,18.36,1,18.57,0.0,8,38.24,15.03,16.340833333333332,34.19,2025-01-08 03:15:00,15.27,15.81704184360036,Hourly,15.27,0.28,11.5,18.41,2.09,0.0,16.45,0.1332666500066757,Siltara,15.27,2,0.7071067811865476,15.389999999999999,0.8660254037844387,2.0,22.46208333333333,105.1062,0.49999999999999994,4.4952,0.24,0.24,7.092780149816514,0.7071067811865476,0.0,5.66,3,15.53
209.15,5.66,17.37450573143,0,22.34,1.4027794379475949,0,15.663333333333332,11.51,18.95,18.73,2025,18.36,1,18.77,0.07727570399476096,8,51.54,18.46,16.459166666666665,38.24,2025-01-08 03:30:00,15.27,15.997887031143115,Hourly,15.27,0.57,11.51,18.57,2.0,1.1799999999999997,20.57,0.45863565787088967,Siltara,16.45,2,0.7071067811865476,15.543333333333335,0.8660254037844387,1.96,22.21666666666667,108.4906,0.49999999999999994,4.548,0.24,0.24,7.198302738760616,0.7071067811865476,0.6812733176354762,5.78,3,15.53
203.4,5.78,17.86612023428692,0,22.34,1.762495647967483,0,17.429999999999996,11.51,19.01,18.95,2025,18.36,1,18.98,0.2504559270516718,8,51.54,18.46,16.635,51.54,2025-01-08 03:45:00,16.45,17.304205022245082,Hourly,15.27,0.49,11.51,18.77,1.96,4.120000000000001,20.57,2.101681866189704,Siltara,20.57,2,0.7071067811865476,16.383333333333336,0.8660254037844387,1.19,22.142916666666665,106.0982,0.49999999999999994,4.5624,0.24,0.24,7.206047266716541,0.7071067811865476,2.7825887227524104,5.59,3,15.47
196.21,5.59,18.28210173670432,0,22.34,2.043902053933604,0,19.196666666666665,11.5,18.84,19.01,2025,18.36,1,19.02,0.0,8,51.54,18.46,16.810833333333335,51.54,2025-01-08 04:00:00,20.57,18.23728930160363,Hourly,16.45,0.43,11.51,18.98,1.19,0.0,20.57,2.6246650579970408,Siltara,20.57,2,0.8660254037844386,17.233333333333334,0.8660254037844387,0.76,22.069166666666664,98.7138,0.49999999999999994,4.521599999999999,0.24,0.24,7.212996673678753,0.5000000000000001,2.378683109058959,5.19,4,15.27
209.65,5.19,18.634086084903657,0,31.48,2.2762302700820123,0,20.57,11.5,18.7,18.84,2025,12.67,1,19.1,0.0,8,50.82,17.81,16.986666666666668,51.54,2025-01-08 04:15:00,20.57,18.90377807257402,Hourly,20.57,0.59,11.5,19.02,0.76,0.0,21.01,2.721813121187892,Siltara,20.57,2,0.8660254037844386,18.116666666666664,0.8660254037844387,2.46,21.995416666666667,91.871,0.49999999999999994,4.4879999999999995,0.24,0.24,7.219153255880642,0.5000000000000001,0.0,4.81,4,15.27
216.03,4.81,18.999611302610788,0,31.48,2.552173167871109,0,20.716666666666665,11.5,18.91,18.7,2025,12.67,1,19.23,0.021390374331550863,8,48.47,15.53,17.253333333333334,50.82,2025-01-08 04:30:00,20.57,19.5055557661243,Hourly,20.57,0.64,11.5,19.1,2.46,0.4400000000000013,22.44,2.5226150452795095,Siltara,21.01,2,0.8660254037844386,19.073333333333334,0.8660254037844387,2.88,21.559166666666666,95.9577,0.49999999999999994,4.5384,0.24,0.24,6.931710948003726,0.5000000000000001,0.2540341184221991,4.99,4,15.27
220.3,4.99,19.528901871439896,0,31.48,2.885734374262679,0,21.34,11.51,19.28,18.91,2025,12.67,1,19.42,0.06806282722513086,8,48.47,15.53,17.829166666666666,48.47,2025-01-08 04:45:00,21.01,20.3439684043745,Hourly,20.57,0.69,11.5,19.23,2.88,1.4299999999999997,22.44,2.0059353595443947,Siltara,22.44,2,0.8660254037844386,20.268333333333334,0.8660254037844387,2.9,21.1825,105.45060000000001,0.49999999999999994,4.6272,0.24,0.24,6.607196504734969,0.5000000000000001,0.9777013858992295,5.43,4,16.45
218.57,5.43,19.976763121987602,0,31.48,3.0688567607816295,0,21.963333333333335,11.51,19.19,19.28,2025,12.67,1,19.5,0.0,8,48.47,15.53,18.404999999999998,48.47,2025-01-08 05:00:00,22.44,20.942834574553217,Hourly,21.01,0.68,11.51,19.42,2.9,0.0,22.44,0.9246981489494093,Siltara,22.44,2,0.9659258262890683,21.26666666666667,0.8660254037844387,2.69,20.805833333333332,100.035,0.49999999999999994,4.6056,0.24,0.24,6.242225715565408,0.25881904510252074,0.8256108849347058,5.13,5,20.57
216.65,5.13,20.355722641681815,0,31.93,3.128073639955261,0,22.44,11.51,19.23,19.19,2025,14.0,1,19.51,0.0,8,42.11,15.47,18.980833333333333,48.47,2025-01-08 05:15:00,22.44,21.37059612468087,Hourly,22.44,0.67,11.51,19.5,2.69,0.0,20.11,0.9574845516615159,Siltara,22.44,2,0.9659258262890683,21.578333333333333,0.8660254037844387,2.51,20.429166666666664,101.25690000000002,0.49999999999999994,4.6152,0.24,0.24,5.829204522259189,0.25881904510252074,0.0,5.19,5,20.57
215.29,5.19,20.31791915834615,0,31.93,2.935491673237994,0,21.66333333333333,11.5,19.41,19.23,2025,14.0,1,19.63,-0.10383244206773626,8,21.21,15.27,19.3675,42.11,2025-01-08 05:30:00,22.44,21.01042580334348,Hourly,22.44,0.5,11.51,19.51,2.51,-2.330000000000002,12.44,1.0665723916689653,Siltara,20.11,2,0.9659258262890683,21.501666666666665,0.8660254037844387,2.32,19.936666666666664,104.82419999999999,0.49999999999999994,4.658399999999999,0.24,0.24,5.289623695556036,0.25881904510252074,1.3452261272078545,5.34,5,20.57
230.35,5.34,19.105931595523668,0,31.93,3.375332531319388,0,18.33,11.51,19.38,19.41,2025,14.0,1,19.73,-0.38140228741919446,8,21.21,15.27,19.131666666666668,21.21,2025-01-08 05:45:00,20.11,18.561732716673916,Hourly,22.44,0.35,11.5,19.63,2.32,-7.67,12.44,3.8966019384420707,Siltara,12.44,2,0.9659258262890683,20.14666666666667,0.8660254037844387,2.41,19.124583333333334,101.60950000000001,0.49999999999999994,4.651199999999999,0.24,0.24,4.84577447407857,0.25881904510252074,5.232236615443629,5.15,5,21.01
223.88,5.15,18.080403657750796,0,31.93,3.747970258769315,0,14.996666666666664,11.5,19.55,19.38,2025,14.0,1,19.94,0.0,8,21.21,15.27,18.895833333333332,21.21,2025-01-08 06:00:00,12.44,16.812666226195656,Hourly,20.11,0.29,11.51,19.73,2.41,0.0,12.44,4.946192138066468,Siltara,12.44,2,1.0,18.718333333333334,0.8660254037844387,2.72,18.3125,102.4916,0.49999999999999994,4.692,0.24,0.24,4.196026329341851,6.123233995736766e-17,4.428276564683154,5.14,6,22.44
228.52,5.14,17.212649248866057,0,15.03,4.071897033884666,0,12.44,11.5,19.71,19.55,2025,15.72,1,20.28,0.0,8,27.36,16.45,18.66,21.21,2025-01-08 06:15:00,12.44,15.563333018711182,Hourly,12.44,0.31,11.5,19.94,2.72,0.0,12.31,5.122969516468997,Siltara,12.44,2,1.0,17.051666666666666,0.8660254037844387,2.29,17.500416666666666,99.9804,0.49999999999999994,4.7304,0.24,0.24,3.2179867851319317,6.123233995736766e-17,0.0,4.93,6,22.44
222.36,4.93,16.45839551827128,0,18.46,4.435332313061337,0,12.396666666666667,11.5,20.02,19.71,2025,15.72,1,20.52,-0.0104501607717041,8,47.56,20.57,18.315,27.36,2025-01-08 06:30:00,12.44,14.633809299079417,Hourly,12.44,0.36,11.5,20.28,2.29,-0.129999999999999,11.88,4.638330159299858,Siltara,12.31,2,1.0,15.363333333333332,0.8660254037844387,2.68,17.387083333333333,105.67800000000001,0.49999999999999994,4.804799999999999,0.24,0.24,3.3538057281731795,6.123233995736766e-17,0.07505553491789699,5.15,6,22.44
204.15,5.15,15.754026976998777,0,18.46,4.73310480135602,0,12.209999999999999,11.5,20.09,20.02,2025,15.72,1,20.67,-0.034930950446791204,8,47.56,20.57,17.590833333333332,47.56,2025-01-08 06:45:00,12.31,13.847006642199585,Hourly,12.44,0.31,11.5,20.52,2.68,-0.4299999999999997,11.88,3.1949752216051217,Siltara,11.88,2,1.0,13.603333333333333,0.8660254037844387,1.86,17.112916666666667,104.5902,0.49999999999999994,4.8216,0.24,0.24,3.526773965178047,6.123233995736766e-17,0.2930870177753739,5.06,6,20.11
208.94,5.06,15.158022826691273,0,18.46,4.897775623752016,0,12.023333333333332,11.5,20.36,20.09,2025,15.72,1,20.87,0.0,8,47.56,20.57,16.866666666666664,47.56,2025-01-08 07:00:00,11.88,13.285004744428274,Hourly,12.31,0.25,11.5,20.67,1.86,0.0,11.88,0.2770138384101872,Siltara,11.88,2,0.9659258262890683,12.231666666666667,0.8660254037844387,1.62,16.83875,109.7762,0.49999999999999994,4.8864,0.24,0.24,3.6703385846670042,-0.25881904510252063,0.2482606157282716,5.26,7,12.44
318.63,5.26,14.653711622584924,0,17.81,4.9426660545990915,0,11.88,11.5,20.88,20.36,2025,13.08,1,21.17,0.0,8,46.66,21.01,16.142500000000002,47.56,2025-01-08 07:15:00,11.88,12.883574817448768,Hourly,11.88,0.48,11.5,20.87,1.62,0.0,12.53,0.28694366462904963,Siltara,11.88,2,0.9659258262890683,12.138333333333334,0.8660254037844387,1.9,16.564583333333335,122.786,0.49999999999999994,5.0112,0.24,0.24,3.7878443785668305,-0.25881904510252063,0.0,5.8,7,12.44
290.25,5.8,14.326986757571857,0,15.53,4.787241487602179,0,12.096666666666664,11.51,21.3,20.88,2025,13.08,1,21.6,0.05471380471380459,8,43.68,22.44,15.435833333333335,46.66,2025-01-08 07:30:00,11.88,12.782553441034834,Hourly,11.88,0.18,11.5,21.17,1.9,0.6499999999999986,14.69,0.3074844169559623,Siltara,12.53,2,0.9659258262890683,12.153333333333334,0.8660254037844387,1.63,16.344583333333333,128.30400000000003,0.49999999999999994,5.112,0.24,0.24,3.8649134971675863,-0.25881904510252063,0.37527767495787195,5.94,7,12.44
330.53,5.94,14.382834948714649,0,15.53,4.248927137313055,0,13.033333333333331,11.5,21.74,21.3,2025,13.08,1,22.08,0.1723862729449322,8,43.68,22.44,14.790000000000001,43.68,2025-01-08 07:45:00,12.53,13.327538172167738,Hourly,11.88,0.72,11.51,21.6,1.63,2.16,14.69,1.0937534761868122,Siltara,14.69,2,0.9659258262890683,12.528333333333334,0.8660254037844387,1.65,16.309583333333332,133.58399999999997,0.49999999999999994,5.217599999999999,0.24,0.24,3.8763973403907115,-0.25881904510252063,1.4710653735717734,6.05,7,12.31
325.72,6.05,14.430091110450856,0,15.53,3.5041467858785853,0,13.969999999999997,11.5,21.93,21.74,2025,13.08,1,22.28,0.0,8,43.68,22.44,14.144166666666669,43.68,2025-01-08 08:00:00,14.69,13.716812980119812,Hourly,12.53,0.61,11.5,22.08,1.65,0.0,14.69,1.3901474741925968,Siltara,14.69,2,0.8660254037844387,12.924999999999999,0.8660254037844387,2.38,16.274583333333332,135.908,0.49999999999999994,5.263199999999999,0.24,0.24,3.8875184654029686,-0.4999999999999998,1.247076581445022,6.1,8,11.88
314.15,6.1,14.470077093458416,0,15.47,2.365305413045691,0,14.69,11.51,22.14,21.93,2025,15.84,1,22.51,0.0,8,44.24,20.11,13.498333333333335,43.68,2025-01-08 08:15:00,14.69,13.994866414371295,Hourly,14.69,0.73,11.5,22.28,2.38,0.0,14.14,1.4401203653412822,Siltara,14.69,2,0.8660254037844387,13.393333333333333,0.8660254037844387,3.32,16.239583333333332,138.88670000000002,0.49999999999999994,5.3136,0.24,0.24,3.8982799765243636,-0.4999999999999998,0.0,6.17,8,11.88
327.64,6.17,14.419296002157122,0,15.27,1.178168519618325,0,14.506666666666666,11.5,22.49,22.14,2025,15.84,1,22.96,-0.037440435670524096,8,46.07,12.44,13.000833333333333,44.24,2025-01-08 08:30:00,14.69,14.036333153122353,Hourly,14.69,0.81,11.51,22.51,3.32,-0.5499999999999989,12.31,1.2478621718779803,Siltara,14.14,2,0.8660254037844387,13.769999999999998,0.8660254037844387,3.26,16.184166666666666,140.9744,0.49999999999999994,5.3976,0.24,0.24,3.9190936359756336,-0.4999999999999998,0.3175426480364106,6.14,8,11.88
307.17,6.14,14.09478892490218,0,15.27,1.184375554694975,0,13.713333333333331,11.5,22.36,22.49,2025,15.84,1,23.07,-0.12942008486562942,8,46.07,12.44,12.99,46.07,2025-01-08 08:45:00,14.14,13.543095109373109,Hourly,14.69,0.57,11.5,22.96,3.26,-1.83,12.31,1.1237867532012886,Siltara,12.31,2,0.8660254037844387,13.841666666666667,0.8660254037844387,2.13,16.06083333333333,131.7297,0.49999999999999994,5.3664,0.24,0.24,3.9949543357760704,-0.4999999999999998,1.2460470831079837,5.71,8,12.53
319.29,5.71,13.820206013378767,0,15.27,1.1904426856814079,0,12.92,11.5,22.03,22.36,2025,15.84,1,22.99,0.0,8,46.07,12.44,12.979166666666666,46.07,2025-01-08 09:00:00,12.31,13.190782220980793,Hourly,14.14,0.86,11.5,23.07,2.13,0.0,12.31,1.177450635909645,Siltara,12.31,2,0.7071067811865476,13.805,0.8660254037844387,2.12,15.9375,119.548,0.49999999999999994,5.2872,0.24,0.24,4.065498792865533,-0.7071067811865475,1.0565509926115833,5.2,9,14.69
314.13,5.2,13.587866626705111,0,16.45,1.1963720410556395,0,12.31,11.5,22.09,22.03,2025,22.34,1,22.87,0.0,8,48.26,12.31,12.968333333333334,46.07,2025-01-08 09:15:00,12.31,12.939130157843422,Hourly,12.31,0.79,11.5,22.99,2.12,0.0,12.51,1.219810094510906,Siltara,12.31,2,0.7071067811865476,13.408333333333333,0.8660254037844387,2.72,15.814166666666665,126.0137,0.49999999999999994,5.3016,0.24,0.24,4.130999370262595,-0.7071067811865475,0.0,5.51,9,14.69
294.0,5.51,13.422040991827402,0,20.57,1.1877289253081174,0,12.376666666666665,11.49,22.55,22.09,2025,22.34,1,23.13,0.01624695369618191,8,55.48,11.88,12.985,48.26,2025-01-08 09:30:00,12.31,12.816521541316732,Hourly,12.31,0.64,11.5,22.87,2.72,0.1999999999999993,13.19,1.0781419201589604,Siltara,12.51,2,0.7071067811865476,13.045,0.8660254037844387,2.7,15.649999999999999,138.5487,0.49999999999999994,5.412,0.24,0.24,4.182598526608923,-0.7071067811865475,0.11547005378804444,5.99,9,14.69
297.05,5.99,13.38634237770011,0,20.57,1.136009429651002,0,12.669999999999996,11.5,22.44,22.55,2025,22.34,1,23.15,0.05435651478816944,8,55.48,11.88,13.094166666666666,55.48,2025-01-08 09:45:00,12.51,12.923229672369095,Hourly,12.31,0.54,11.49,23.13,2.7,0.6799999999999997,13.19,0.7418827400634537,Siltara,13.19,2,0.7071067811865476,12.795000000000002,0.8660254037844387,2.52,15.342500000000001,132.6495,0.49999999999999994,5.3856,0.24,0.24,4.075061215865601,-0.7071067811865475,0.46130250377436943,5.73,9,14.14
288.69,5.73,13.356135858053939,0,20.57,1.069735169725152,0,12.963333333333331,11.5,22.64,22.44,2025,22.34,1,23.21,0.0,8,55.48,11.88,13.203333333333335,55.48,2025-01-08 10:00:00,13.19,12.999449765977925,Hourly,12.51,0.71,11.5,23.15,2.52,0.0,13.19,0.4355532879806201,Siltara,13.19,2,0.49999999999999994,12.636666666666668,0.8660254037844387,2.66,15.035000000000002,139.9563,0.49999999999999994,5.4336,0.24,0.24,3.939642446809638,-0.8660254037844387,0.3925981830343305,6.03,10,12.31
308.27,6.03,13.33057649527641,0,21.01,0.9859755206323785,0,13.19,11.5,22.78,22.64,2025,31.48,1,23.38,0.0,8,59.83,12.53,13.3125,55.48,2025-01-08 10:15:00,13.19,13.053892689984233,Hourly,13.19,0.78,11.5,23.21,2.66,0.0,14.37,0.45142736588594773,Siltara,13.19,2,0.49999999999999994,12.783333333333333,0.8660254037844387,2.37,14.727500000000001,140.9814,0.49999999999999994,5.4672,0.24,0.24,3.7733415591154396,-0.8660254037844387,0.0,6.03,10,12.31
309.23,6.03,13.490487803695425,0,22.44,0.9962425620489217,0,13.58333333333333,11.5,23.11,22.78,2025,31.48,1,23.69,0.08946171341925699,8,74.15,14.69,13.46583333333333,59.83,2025-01-08 10:30:00,13.19,13.429923349988737,Hourly,13.19,1.08,11.5,23.38,2.37,1.1799999999999997,18.48,0.7218217693244754,Siltara,14.37,2,0.49999999999999994,13.126666666666665,0.8660254037844387,2.8,14.450833333333334,146.87800000000001,0.49999999999999994,5.546399999999999,0.24,0.24,3.528131562009729,-0.8660254037844387,0.6812733176353702,6.2,10,12.31
292.83,6.2,14.25810506466536,0,22.44,1.7415710427608873,0,15.346666666666664,11.5,23.56,23.11,2025,31.48,1,24.02,0.2860125260960335,8,74.15,14.69,13.781666666666666,74.15,2025-01-08 10:45:00,14.37,14.872802392849099,Hourly,13.19,0.76,11.5,23.69,2.8,4.110000000000001,18.48,2.2023419353052383,Siltara,18.48,2,0.49999999999999994,14.155,0.8660254037844387,2.64,14.285833333333334,157.331,0.49999999999999994,5.6544,0.24,0.24,3.217150935989199,-0.8660254037844387,2.7769467645819286,6.55,10,12.51
307.57,6.55,14.907627362409151,0,22.44,2.2036338790145718,0,17.11,11.5,22.81,23.56,2025,31.48,1,23.48,0.0,8,74.15,14.69,14.097499999999998,74.15,2025-01-08 11:00:00,18.48,15.9034302806065,Hourly,14.37,0.82,11.5,24.02,2.64,0.0,18.48,2.6195801190274737,Siltara,18.48,2,0.258819045102521,15.15,0.8660254037844387,1.93,14.120833333333335,139.4712,0.49999999999999994,5.474399999999999,0.24,0.24,2.862794190946811,-0.9659258262890682,2.3729096063670108,5.94,11,13.19
310.27,5.94,15.457223152807744,0,20.11,2.541908135576598,0,18.48,11.51,18.61,22.81,2025,31.93,1,16.15,0.0,8,74.78,14.14,14.413333333333332,74.15,2025-01-08 11:15:00,18.48,16.63959305757607,Hourly,18.48,1.24,11.5,23.48,1.93,0.0,16.76,2.716405099883048,Siltara,18.48,2,0.258819045102521,16.031666666666666,0.8660254037844387,1.84,13.955833333333336,147.611,0.49999999999999994,4.466399999999999,0.24,0.24,2.4462836350670947,-0.9659258262890682,0.0,9.14,11,13.19
311.12,9.14,15.657650360068091,0,12.44,2.627379729395384,0,17.906666666666666,11.5,14.79,18.61,2025,31.93,1,9.97,-0.09307359307359302,8,76.87,12.31,14.631666666666668,74.78,2025-01-08 11:30:00,18.48,16.673995041125767,Hourly,18.48,0.95,11.51,16.15,1.84,-1.7199999999999989,11.1,2.3334752337812827,Siltara,16.76,2,0.258819045102521,16.626666666666665,0.8660254037844387,1.52,13.816250000000002,113.05980000000001,0.49999999999999994,3.5496,0.24,0.24,2.158511589641664,-0.9659258262890682,0.9930424630005668,11.34,11,13.19
291.85,11.34,14.956473381596076,0,12.44,2.7451592380839704,0,15.446666666666664,11.5,12.46,14.79,2025,31.93,1,7.36,-0.3377088305489261,8,76.87,12.31,14.530833333333334,76.87,2025-01-08 11:45:00,16.76,15.081425029375549,Hourly,18.48,0.6,11.5,9.97,1.52,-5.660000000000002,11.1,3.0076862646676803,Siltara,11.1,2,0.258819045102521,16.278333333333332,0.8660254037844387,1.97,13.760416666666666,80.00319999999999,0.49999999999999994,2.9904,0.24,0.24,2.2123182394859726,-0.9659258262890682,3.8613123848404243,10.87,11,14.37
303.48,10.87,14.363169784427448,0,12.44,2.854205828090265,0,12.986666666666665,11.5,10.8,12.46,2025,31.93,1,6.75,0.0,8,76.87,12.31,14.43,76.87,2025-01-08 12:00:00,11.1,13.943875020982535,Hourly,16.76,0.85,11.5,7.36,1.97,0.0,11.1,3.65026391739976,Siltara,11.1,2,1.2246467991473532e-16,15.733333333333334,0.8660254037844387,1.57,13.704583333333334,58.3875,0.49999999999999994,2.592,0.24,0.24,2.26341023807126,-1.0,3.267802523611525,8.65,12,18.48
286.89,8.65,13.8611436637463,0,12.31,2.955486295423779,0,11.1,11.49,10.32,10.8,2025,15.03,1,6.36,0.0,8,78.83,12.51,14.329166666666666,76.87,2025-01-08 12:15:00,11.1,13.13133930070181,Hourly,11.1,0.59,11.5,6.75,1.57,0.0,13.02,3.7806965848465928,Siltara,11.1,2,1.2246467991473532e-16,14.503333333333332,0.8660254037844387,1.9,13.64875,52.851600000000005,0.49999999999999994,2.4768,0.24,0.24,2.311967565029369,-1.0,0.0,8.31,12,18.48
301.05,8.31,13.73173694624687,0,11.88,2.93050983257204,0,11.739999999999997,11.49,10.48,10.32,2025,18.46,1,6.6,0.17297297297297298,8,85.28,13.19,14.371666666666668,78.83,2025-01-08 12:30:00,11.1,13.099528071929864,Hourly,11.1,0.82,11.49,6.36,1.9,1.92,19.34,3.252264851864116,Siltara,13.02,2,1.2246467991473532e-16,13.593333333333334,0.8660254037844387,2.38,13.678333333333335,54.516,0.49999999999999994,2.5152,0.24,0.24,2.298596295034195,-1.0,1.1085125168388532,8.26,12,18.48
285.36,8.26,14.594546646824275,0,11.88,3.227761561358461,0,14.486666666666665,11.49,10.65,10.48,2025,18.46,1,6.97,0.4854070660522274,8,85.28,13.19,14.884166666666665,85.28,2025-01-08 12:45:00,13.02,14.882520051378474,Hourly,11.1,0.75,11.49,6.6,2.38,6.32,19.34,3.518736515664495,Siltara,19.34,2,1.2246467991473532e-16,13.736666666666666,0.8660254037844387,2.27,13.989166666666668,55.829699999999995,0.49999999999999994,2.556,0.24,0.24,2.5368860005366454,-1.0,4.311349363403756,8.01,12,16.76
291.5,8.01,15.324616393466695,0,11.88,3.4170064871678005,0,17.23333333333333,11.5,11.22,10.65,2025,18.46,1,7.14,0.0,8,85.28,13.19,15.396666666666667,85.28,2025-01-08 13:00:00,19.34,16.156085750984627,Hourly,13.02,0.64,11.49,6.97,2.27,0.0,19.34,4.075657820115754,Siltara,19.34,2,-0.2588190451025208,14.166666666666666,0.8660254037844387,3.25,14.300000000000002,63.117599999999996,0.49999999999999994,2.6928,0.24,0.24,2.7177932224524817,-0.9659258262890683,3.64885370127691,8.84,13,11.1
306.7,8.84,15.942367717548743,0,12.53,3.515729481614345,0,19.34,11.5,11.75,11.22,2025,17.81,1,7.41,0.0,8,99.84,14.37,15.909166666666666,85.28,2025-01-08 13:15:00,19.34,17.06577553641759,Hourly,19.34,1.1,11.5,7.14,3.25,0.0,20.32,4.221317329934339,Siltara,19.34,2,-0.2588190451025208,15.540000000000001,0.8660254037844387,3.54,14.610833333333332,69.9504,0.49999999999999994,2.82,0.24,0.24,2.852257559971472,-0.9659258262890683,0.0,9.44,13,11.1
288.43,9.44,16.61584960715663,0,14.69,3.693976669712074,0,19.66666666666666,11.5,11.39,11.75,2025,15.53,1,7.31,0.05067218200620478,8,147.68,18.48,16.405,99.84,2025-01-08 13:30:00,19.34,17.995553954583993,Hourly,19.34,0.66,11.5,7.41,3.54,0.9800000000000004,23.52,3.951312018389665,Siltara,20.32,2,-0.2588190451025208,17.076666666666668,0.8660254037844387,3.75,14.935416666666667,65.20519999999999,0.49999999999999994,2.7336,0.24,0.24,3.0420945003868556,-0.9659258262890683,0.5658032637961727,8.92,13,11.1
266.99,8.92,17.678026590670996,0,14.69,4.202822644584427,0,21.059999999999995,11.5,10.66,11.39,2025,15.53,1,7.33,0.1574803149606299,8,147.68,18.48,16.825,147.68,2025-01-08 13:45:00,20.32,19.573967110417136,Hourly,19.34,0.61,11.5,7.31,3.75,3.1999999999999993,23.52,3.4103059491298655,Siltara,23.52,2,-0.2588190451025208,19.146666666666665,0.8660254037844387,4.37,15.303333333333335,54.901700000000005,0.49999999999999994,2.5584,0.24,0.24,3.5092172627396563,-0.9659258262890683,2.1860466600667925,7.49,13,13.02
298.73,7.49,18.576791730567763,0,14.69,4.614878113234784,0,22.45333333333333,11.5,9.46,10.66,2025,15.53,1,6.3,0.0,8,147.68,18.48,17.245,147.68,2025-01-08 14:00:00,23.52,20.70140507886938,Hourly,20.32,0.81,11.5,7.33,4.37,0.0,23.52,2.0671687562147687,Siltara,23.52,2,-0.4999999999999997,20.896666666666665,0.8660254037844387,4.45,15.67125,42.650999999999996,0.49999999999999994,2.2704,0.24,0.24,3.8848908131945366,-0.8660254037844388,1.8475208614039043,6.77,14,19.34
321.47,6.77,19.337285310480414,0,14.14,4.954352540032099,0,23.52,11.51,11.67,9.46,2025,15.47,1,5.24,0.0,8,140.81,16.76,17.665,147.68,2025-01-08 14:15:00,23.52,21.50671791347813,Hourly,23.52,0.9,11.5,6.3,4.45,0.0,23.37,2.1406790200005466,Siltara,23.52,2,-0.4999999999999997,21.593333333333334,0.8660254037844387,4.33,16.039166666666667,66.1812,0.49999999999999994,2.8007999999999997,0.24,0.24,4.193763399297086,-0.8660254037844388,0.0,12.63,14,19.34
317.4,12.63,19.95770295502189,0,12.31,5.205667293413052,0,23.47,11.5,14.88,11.67,2025,15.27,1,5.47,-0.006377551020408103,8,118.21,11.1,18.215833333333332,140.81,2025-01-08 14:30:00,23.52,22.03908422391295,Hourly,23.52,0.76,11.51,5.24,4.33,-0.14999999999999858,22.88,1.91231535056429,Siltara,23.37,2,-0.4999999999999997,22.265,0.8660254037844387,5.56,16.423750000000002,100.7027,0.49999999999999994,3.5712,0.24,0.24,4.428664351109831,-0.8660254037844388,0.08660254031712669,18.41,14,19.34
321.18,18.41,20.407287115787753,0,12.31,4.839647103965584,0,23.25666666666666,11.51,13.82,14.88,2025,15.27,1,6.05,-0.020967051775781,8,118.21,11.1,19.1975,118.21,2025-01-08 14:45:00,23.37,22.279345874223537,Hourly,23.52,0.95,11.5,5.47,5.56,-0.490000000000002,22.88,1.2663925141928993,Siltara,22.88,2,-0.4999999999999997,22.855,0.8660254037844387,5.69,16.864166666666666,93.7145,0.49999999999999994,3.3167999999999997,0.24,0.24,4.526278744771552,-0.8660254037844388,0.33471380808490037,15.49,14,20.32
285.15,15.49,20.787704482589636,0,12.31,4.200338640750652,0,23.043333333333333,11.5,13.86,13.82,2025,15.27,1,6.63,0.0,8,118.21,11.1,20.179166666666667,118.21,2025-01-08 15:00:00,22.88,22.450961338731098,Hourly,23.37,0.5,11.51,6.05,5.69,0.0,22.88,0.31650697728560745,Siltara,22.88,2,-0.7071067811865471,23.281666666666666,0.8660254037844387,4.62,17.304583333333333,97.2621,0.49999999999999994,3.3263999999999996,0.24,0.24,4.577830299785212,-0.7071067811865479,0.28290163188408407,14.67,15,23.52
287.1,14.67,21.10959610065277,0,12.51,3.1242525166657207,0,22.88,11.5,11.75,13.86,2025,16.45,1,5.67,0.0,8,125.3,13.02,21.160833333333333,118.21,2025-01-08 15:15:00,22.88,22.573543813379356,Hourly,22.88,0.48,11.5,6.63,4.62,0.0,23.14,0.32776515983827115,Siltara,22.88,2,-0.7071067811865471,23.175,0.8660254037844387,3.77,17.745,68.7204,0.49999999999999994,2.82,0.24,0.24,4.584873048359524,-0.7071067811865479,0.0,12.12,15,23.52
312.44,12.12,21.421965931321573,0,13.19,1.8210858815256508,0,22.966666666666665,11.51,9.8,11.75,2025,20.57,1,5.19,0.011363636363636432,8,148.6,19.34,22.004166666666666,125.3,2025-01-08 15:30:00,22.88,22.735388438128112,Hourly,22.88,0.41,11.5,5.67,3.77,0.26000000000000156,24.01,0.2811701738635791,Siltara,23.14,2,-0.7071067811865471,23.111666666666665,0.8660254037844387,2.91,18.18791666666667,47.3328,0.49999999999999994,2.352,0.24,0.24,4.570591227256598,-0.7071067811865479,0.15011106995378812,9.12,15,23.52
207.81,9.12,21.820125018810565,0,13.19,1.6945921114698013,0,23.34333333333333,11.51,9.89,9.8,2025,20.57,1,6.02,0.03759723422644775,8,148.6,19.34,22.393333333333334,148.6,2025-01-08 15:45:00,23.14,23.099563170091507,Hourly,22.88,0.38,11.51,5.19,2.91,0.870000000000001,24.01,0.44621370067544325,Siltara,24.01,2,-0.7071067811865471,23.19333333333333,0.8660254037844387,4.54,18.63875,48.28039999999999,0.49999999999999994,2.3736,0.24,0.24,4.589763953863225,-0.7071067811865479,0.5918051481042599,8.02,15,23.37
213.88,8.02,22.157028862070476,0,13.19,1.4479272018411096,0,23.72,11.5,9.89,9.89,2025,20.57,1,6.71,0.0,8,148.6,19.34,22.7825,148.6,2025-01-08 16:00:00,24.01,23.359687978636792,Hourly,23.14,0.51,11.51,6.02,4.54,0.0,24.01,0.5591064299431773,Siltara,24.01,2,-0.8660254037844385,23.299999999999997,0.8660254037844387,4.32,19.089583333333334,46.7016,0.49999999999999994,2.3736,0.24,0.24,4.562607453569784,-0.5000000000000004,0.5022947341844249,6.96,16,22.88
218.99,6.96,22.442101344828863,0,14.37,0.9954426455699463,0,24.01,11.5,9.98,9.89,2025,21.01,1,7.44,0.0,8,132.69,20.32,23.171666666666667,148.6,2025-01-08 16:15:00,24.01,23.545491413311993,Hourly,24.01,0.46,11.5,6.71,4.32,0.0,23.34,0.5792897950684671,Siltara,24.01,2,-0.8660254037844385,23.488333333333333,0.8660254037844387,3.94,19.540416666666665,44.64,0.49999999999999994,2.3952,0.24,0.24,4.488280855320897,-0.5000000000000004,0.0,6.0,16,22.88
225.42,6.0,22.580239599470573,0,18.48,0.43025010346120635,0,23.78666666666666,11.5,10.3,9.98,2025,22.44,1,8.17,-0.027905039566847215,8,80.4,23.52,23.423333333333332,132.69,2025-01-08 16:30:00,24.01,23.48677958093714,Hourly,24.01,0.31,11.5,7.44,3.94,-0.6700000000000017,21.14,0.5088319958530494,Siltara,23.34,2,-0.8660254037844385,23.565,0.8660254037844387,4.09,19.91416666666667,44.853300000000004,0.49999999999999994,2.472,0.24,0.24,4.411833806507228,-0.5000000000000004,0.38682468034335776,5.49,16,22.88
259.98,5.49,22.3586642764751,0,18.48,0.7844221961618718,0,22.829999999999995,11.5,10.96,10.3,2025,22.44,1,8.99,-0.0942587832047986,8,80.4,23.52,23.225000000000005,80.4,2025-01-08 16:45:00,23.34,22.816271129240814,Hourly,24.01,0.2,11.5,8.17,4.09,-2.1999999999999993,21.14,1.113674099547891,Siltara,21.14,2,-0.8660254037844385,23.275000000000002,0.8660254037844387,3.92,20.025000000000002,49.6248,0.49999999999999994,2.6304000000000003,0.24,0.24,4.407648490680657,-0.5000000000000004,1.5014326491685637,5.52,16,23.14
227.32,5.52,22.1711774647097,0,18.48,0.9796412454108936,0,21.87333333333333,11.51,11.52,10.96,2025,22.44,1,9.91,0.0,8,80.4,23.52,23.026666666666667,80.4,2025-01-08 17:00:00,21.14,22.337336520886296,Hourly,23.34,0.28,11.5,8.99,3.92,0.0,21.14,1.419484648268688,Siltara,21.14,2,-0.9659258262890683,22.941666666666666,0.8660254037844387,3.6,20.135833333333334,51.036500000000004,0.49999999999999994,2.7647999999999997,0.24,0.24,4.40054731444565,-0.25881904510252063,1.2701705922129454,5.15,17,24.01
250.07,5.15,22.012534777831284,0,16.76,1.1037443160282896,0,21.14,11.49,12.0,11.52,2025,20.11,1,10.64,0.0,8,75.45,23.37,22.828333333333333,80.4,2025-01-08 17:15:00,21.14,21.99524037206164,Hourly,21.14,0.2,11.51,9.91,3.6,0.0,20.57,1.4701383154895638,Siltara,21.14,2,-0.9659258262890683,22.463333333333335,0.8660254037844387,3.3,20.246666666666666,52.7744,0.49999999999999994,2.88,0.24,0.24,4.390516129575897,-0.25881904510252063,0.0,4.96,17,24.01
249.35,4.96,21.790606350472626,0,11.1,1.263260571988424,0,20.949999999999996,11.5,12.86,12.0,2025,12.44,1,11.41,-0.026963103122043534,8,60.16,22.88,22.595,75.45,2025-01-08 17:30:00,21.14,21.588028837186886,Hourly,21.14,0.24,11.49,10.64,3.3,-0.5700000000000003,18.72,1.4161073405656228,Siltara,20.57,2,-0.9659258262890683,21.89,0.8660254037844387,3.35,20.405416666666664,61.8422,0.49999999999999994,3.0864,0.24,0.24,4.327392004195963,-0.25881904510252063,0.329089653421639,5.42,17,24.01
306.09,5.42,21.318205373476836,0,11.1,1.6799990981278023,0,20.14333333333333,11.5,13.66,12.86,2025,12.44,1,12.09,-0.08993680116674777,8,60.16,22.88,22.248333333333335,60.16,2025-01-08 17:45:00,20.57,20.76859202656206,Hourly,21.14,1.85,11.5,11.41,3.35,-1.8500000000000014,18.72,1.4776524174076016,Siltara,18.72,2,-0.9659258262890683,21.008333333333336,0.8660254037844387,3.86,20.722916666666666,71.331,0.49999999999999994,3.2784,0.24,0.24,3.8703774438650207,-0.25881904510252063,1.2651613862754567,5.9,17,23.34
322.14,5.9,20.918481469865014,0,11.1,1.9459600730934536,0,19.336666666666662,11.51,14.07,13.66,2025,12.44,1,12.52,0.0,8,60.16,22.88,21.901666666666667,60.16,2025-01-08 18:00:00,18.72,20.1832800189729,Hourly,20.57,0.36,11.5,12.09,3.86,0.0,18.72,1.1966355613429467,Siltara,18.72,2,-1.0,20.238333333333333,0.8660254037844387,4.44,21.040416666666665,75.746,0.49999999999999994,3.3768,0.24,0.24,3.3200818208456164,-1.8369701987210297e-16,1.0680979979956708,6.05,18,21.14
45.67,6.05,20.580253551424242,0,13.02,2.118706723884047,0,18.72,11.49,14.75,14.07,2025,12.31,1,13.25,0.0,8,61.93,23.14,21.555000000000003,60.16,2025-01-08 18:15:00,18.72,19.76520001355207,Hourly,18.72,0.23,11.51,12.52,4.44,0.0,18.33,1.2390278447250058,Siltara,18.72,2,-1.0,19.835,0.8660254037844387,2.58,21.357916666666668,82.41499999999999,0.49999999999999994,3.54,0.24,0.24,2.618336642865159,-1.8369701987210297e-16,0.0,6.22,18,21.14
190.07,6.22,20.234060697358974,0,19.34,2.2429382447384234,0,18.589999999999993,11.5,16.05,14.75,2025,11.88,1,14.68,-0.020833333333333363,8,67.72,24.01,21.154166666666665,61.93,2025-01-08 18:30:00,18.72,19.35514286682291,Hourly,18.72,0.11,11.49,13.25,2.58,-0.39000000000000057,17.06,1.1765996203766906,Siltara,18.33,2,-1.0,19.366666666666667,0.8660254037844387,2.14,21.579166666666666,95.71359999999999,0.49999999999999994,3.852,0.24,0.24,2.0446471294739412,-1.8369701987210297e-16,0.22516660495942067,6.52,18,21.14
241.14,6.52,19.745743666996056,0,19.34,2.3339334726077334,0,18.03666666666666,11.5,16.99,16.05,2025,11.88,1,15.99,-0.06928532460447352,8,67.72,24.01,20.575,67.72,2025-01-08 18:45:00,18.33,18.699387762016364,Hourly,18.72,0.24,11.5,14.68,2.14,-1.2699999999999996,17.06,1.1245917777889862,Siltara,17.06,2,-1.0,18.686666666666667,0.8660254037844387,2.08,21.484166666666667,101.05680000000001,0.49999999999999994,4.0775999999999994,0.24,0.24,2.200254761272162,-1.8369701987210297e-16,0.8680053763210402,6.32,18,20.57
305.72,6.32,19.332552333612046,0,19.34,2.265361533795709,0,17.483333333333327,11.51,18.41,16.99,2025,11.88,1,17.56,0.0,8,67.72,24.01,19.995833333333334,67.72,2025-01-08 19:00:00,17.06,18.230991258583117,Hourly,18.33,0.04,11.5,15.99,2.08,0.0,17.06,0.8208877308564236,Siltara,17.06,2,-0.9659258262890684,18.101666666666663,0.8660254037844387,2.31,21.389166666666668,116.0716,0.49999999999999994,4.4184,0.24,0.24,2.341543371865427,0.2588190451025203,0.733234841863217,6.61,19,18.72
219.34,6.61,18.98292889767173,0,20.32,2.021045334087695,0,17.06,11.5,19.48,18.41,2025,12.53,1,19.31,0.0,8,55.55,23.34,19.416666666666668,67.72,2025-01-08 19:15:00,17.06,17.89642232755937,Hourly,17.06,0.16,11.51,17.56,2.31,0.0,16.27,0.8500294112581923,Siltara,17.06,2,-0.9659258262890684,17.825,0.8660254037844387,1.3,21.294166666666666,115.0876,0.49999999999999994,4.6752,0.24,0.24,2.470970442466747,0.2588190451025203,0.0,5.96,19,18.72
197.19,5.96,18.565555221106848,0,23.52,1.7907445125154904,0,16.796666666666663,11.51,20.36,19.48,2025,14.69,1,20.71,-0.04630715123094954,8,15.54,21.14,18.827499999999997,55.55,2025-01-08 19:30:00,17.06,17.43173023397098,Hourly,17.06,0.29,11.5,19.31,1.3,-0.7899999999999991,13.67,0.9197100992544474,Siltara,16.27,2,-0.9659258262890684,17.416666666666664,0.8660254037844387,1.64,21.125416666666666,113.905,0.49999999999999994,4.8864,0.24,0.24,2.6706195001349116,0.2588190451025203,0.4561067126475013,5.5,19,18.72
200.74,5.5,17.812392879398104,0,23.52,2.171645793991028,0,15.666666666666663,11.5,21.58,20.36,2025,14.69,1,21.98,-0.1598033189920098,8,15.54,21.14,18.205000000000002,15.54,2025-01-08 19:45:00,16.27,16.35695016712213,Hourly,17.06,0.28,11.51,20.71,1.64,-2.5999999999999996,13.67,1.5695700048115007,Siltara,13.67,2,-0.9659258262890684,16.575,0.8660254037844387,2.17,20.715,129.4622,0.49999999999999994,5.1792,0.24,0.24,3.020562861456143,0.2588190451025203,1.7737061011683999,5.89,19,18.33
205.4,5.89,17.17510166718301,0,23.52,2.3194518357136285,0,14.536666666666662,11.51,22.14,21.58,2025,14.69,1,22.67,0.0,8,15.54,21.14,17.5825,15.54,2025-01-08 20:00:00,13.67,15.589250119372949,Hourly,16.27,0.36,11.5,21.98,2.17,0.0,13.67,1.6767518202377636,Siltara,13.67,2,-0.8660254037844386,15.798333333333332,0.8660254037844387,1.65,20.304583333333333,134.2064,0.49999999999999994,5.3136,0.24,0.24,3.2808323164120945,0.5000000000000001,1.5011106998892203,5.92,20,17.06
201.62,5.92,16.635855256847165,0,23.37,2.27995613993198,0,13.67,11.5,22.75,22.14,2025,14.14,1,23.39,0.0,8,23.36,20.57,16.959999999999997,15.54,2025-01-08 20:15:00,13.67,15.040892942409249,Hourly,13.67,0.36,11.51,22.67,1.65,0.0,13.9,1.7366711452289008,Siltara,13.67,2,-0.8660254037844386,15.233333333333333,0.8660254037844387,1.41,19.894166666666667,139.6383,0.49999999999999994,5.46,0.24,0.24,3.471655308310191,0.5000000000000001,0.0,5.97,20,17.06
217.86,5.97,16.214954448101448,0,22.88,2.1278305568821603,0,13.746666666666663,11.5,23.13,22.75,2025,12.31,1,23.89,0.016825164594001494,8,49.05,18.72,16.404166666666665,23.36,2025-01-08 20:30:00,13.67,14.714923530292321,Hourly,13.67,0.36,11.5,23.39,1.41,0.23000000000000043,14.67,1.5399307343743318,Siltara,13.9,2,-0.8660254037844386,14.706666666666669,0.8660254037844387,1.51,19.499583333333334,141.90660000000003,0.49999999999999994,5.5512,0.24,0.24,3.5953889300017634,0.5000000000000001,0.1327905618703194,5.94,20,17.06
226.58,5.94,15.977269148393532,0,22.88,2.0467638906957517,0,14.079999999999997,11.5,23.51,23.13,2025,12.31,1,24.3,0.05539568345323738,8,49.05,18.72,16.066666666666666,49.05,2025-01-08 20:45:00,13.9,14.702088235923085,Hourly,13.67,0.37,11.5,23.89,1.51,0.7699999999999996,14.67,1.0361547503489394,Siltara,14.67,2,-0.8660254037844386,14.308333333333332,0.8660254037844387,1.85,19.157500000000002,146.529,0.49999999999999994,5.6424,0.24,0.24,3.6499318040096695,0.5000000000000001,0.5237365749959899,6.03,20,16.27
215.51,6.03,15.77615081787145,0,22.88,1.8979724029705625,0,14.413333333333329,11.51,24.49,23.51,2025,12.31,1,24.85,0.0,8,49.05,18.72,15.729166666666666,49.05,2025-01-08 21:00:00,14.67,14.69292016851649,Hourly,13.9,0.42,11.5,24.3,1.85,0.0,14.67,0.4947895175432439,Siltara,14.67,2,-0.7071067811865477,14.041666666666666,0.8660254037844387,1.58,18.815416666666668,175.1925,0.49999999999999994,5.877599999999999,0.24,0.24,3.6705537778706017,0.7071067811865474,0.4445597072631432,7.05,21,13.67
226.72,7.05,15.605973768968152,0,23.14,1.6633800928672207,0,14.67,11.51,24.48,24.49,2025,12.51,1,25.11,0.0,8,54.0,18.33,15.391666666666667,49.05,2025-01-08 21:15:00,14.67,14.68637154894035,Hourly,14.67,0.3,11.51,24.85,1.58,0.0,16.16,0.512656480180125,Siltara,14.67,2,-0.7071067811865477,14.208333333333334,0.8660254037844387,0.99,18.473333333333333,166.73039999999997,0.49999999999999994,5.8751999999999995,0.24,0.24,3.6578286106563036,0.7071067811865474,0.0,6.64,21,13.67
229.95,6.64,15.691208573742284,0,24.01,1.4141907954990542,0,15.166666666666663,11.5,24.26,24.48,2025,13.19,1,24.95,0.10156782549420587,8,70.26,17.06,15.210833333333333,54.0,2025-01-08 21:30:00,14.67,15.107408249243107,Hourly,14.67,0.4,11.51,25.11,0.99,1.4900000000000002,21.06,0.871772141485763,Siltara,16.16,2,-0.7071067811865477,14.623333333333335,0.8660254037844387,1.66,18.1825,160.9275,0.49999999999999994,5.8224,0.24,0.24,3.5464437177948516,0.7071067811865474,0.8602519010859283,6.45,21,13.67
237.97,6.45,16.517176485474238,0,24.01,2.1628956110399886,0,17.296666666666663,11.5,23.96,24.26,2025,13.19,1,24.81,0.30321782178217815,8,70.26,17.06,15.544166666666667,70.26,2025-01-08 21:45:00,16.16,16.808148749459363,Hourly,14.67,0.49,11.5,24.95,1.66,4.899999999999999,21.06,2.654044084035531,Siltara,21.06,2,-0.7071067811865477,15.854999999999999,0.8660254037844387,1.2,18.059583333333332,151.34099999999998,0.49999999999999994,5.7504,0.24,0.24,3.3830440102621537,0.7071067811865474,3.343207043143174,6.1,21,13.9
212.93,6.1,17.21607241078589,0,24.01,2.667184845490391,0,19.426666666666662,11.49,23.83,23.96,2025,13.19,1,24.71,0.0,8,70.26,17.06,15.877499999999998,70.26,2025-01-08 22:00:00,21.06,18.02296339247097,Hourly,16.16,0.51,11.5,24.81,1.2,0.0,21.06,3.160553221616535,Siltara,21.06,2,-0.5000000000000004,17.048333333333332,0.8660254037844387,1.9,17.936666666666667,148.5071,0.49999999999999994,5.719199999999999,0.24,0.24,3.206427873842362,0.8660254037844384,2.829016319027217,6.01,22,14.67
217.29,6.01,17.8074458860496,0,23.34,3.050771760284095,0,21.06,11.49,23.76,23.83,2025,14.37,1,24.57,0.0,8,66.24,16.27,16.21083333333333,70.26,2025-01-08 22:15:00,21.06,18.890688137479266,Hourly,21.06,0.59,11.49,24.71,1.9,0.0,20.8,3.2734426322559336,Siltara,21.06,2,-0.5000000000000004,18.113333333333333,0.8660254037844387,3.27,17.81375,149.6313,0.49999999999999994,5.7024,0.24,0.24,3.014273021448856,0.8660254037844384,0.0,6.09,22,14.67
219.8,6.09,18.267838826657353,0,21.14,3.3265620618784055,0,20.97333333333333,11.5,23.69,23.76,2025,18.48,1,24.66,-0.012345679012345585,8,53.8,13.67,16.588333333333335,66.24,2025-01-08 22:30:00,21.06,19.43620581248519,Hourly,21.06,0.56,11.49,24.57,3.27,-0.259999999999998,19.94,2.9215047492694564,Siltara,20.8,2,-0.5000000000000004,19.135,0.8660254037844387,3.09,17.707916666666666,143.52120000000002,0.49999999999999994,5.6856,0.24,0.24,2.8520305187214383,0.8660254037844384,0.15011106995301873,5.82,22,14.67
217.45,5.82,18.525094391786993,0,21.14,3.318914001827809,0,20.599999999999998,11.51,23.92,23.69,2025,18.48,1,24.84,-0.04134615384615382,8,53.8,13.67,17.110833333333332,53.8,2025-01-08 22:45:00,20.8,19.580147008917994,Hourly,21.06,0.54,11.5,24.66,3.09,-0.8599999999999994,19.94,1.9369529335197229,Siltara,19.94,2,-0.5000000000000004,20.013333333333332,0.8660254037844387,2.77,17.657916666666665,148.79160000000002,0.49999999999999994,5.7408,0.24,0.24,2.799276271634487,0.8660254037844384,0.5861740355807945,5.99,22,16.16
232.15,5.99,18.74277217766592,0,21.14,3.2200489362009157,0,20.226666666666663,11.49,23.55,23.92,2025,18.48,1,24.6,0.0,8,53.8,13.67,17.633333333333333,53.8,2025-01-08 23:00:00,19.94,19.682962149227137,Hourly,20.8,0.49,11.51,24.84,2.77,0.0,19.94,0.554027676809256,Siltara,19.94,2,-0.25881904510252157,20.64333333333333,0.8660254037844387,2.12,17.607916666666664,138.99,0.49999999999999994,5.652,0.24,0.24,2.7445582192493054,0.9659258262890681,0.49652123149204735,5.65,23,21.06
225.73,5.65,18.926961073409625,0,20.57,3.021024685686732,0,19.94,11.5,23.07,23.55,2025,16.76,1,24.3,0.0,8,52.0,13.9,18.155833333333334,53.8,2025-01-08 23:15:00,19.94,19.75640153516224,Hourly,19.94,0.55,11.49,24.6,2.12,0.0,19.26,0.573887329247354,Siltara,19.94,2,-0.25881904510252157,20.456666666666667,0.8660254037844387,2.91,17.557916666666667,126.11700000000002,0.49999999999999994,5.5367999999999995,0.24,0.24,2.6877564252472017,0.9659258262890681,0.0,5.19,23,21.06
214.29,5.19,18.978197831346606,0,18.72,2.7153674621603043,0,19.713333333333335,11.5,23.14,23.07,2025,11.1,1,24.17,-0.03410230692076227,8,46.44,14.67,18.602500000000003,52.0,2025-01-08 23:30:00,19.94,19.614572525115886,Hourly,19.94,0.63,11.5,24.3,2.91,-0.6799999999999997,17.02,0.6595048647816496,Siltara,19.26,2,-0.25881904510252157,20.156666666666666,0.8660254037844387,3.18,17.503333333333334,133.1767,0.49999999999999994,5.5536,0.24,0.24,2.636744809118649,0.9659258262890681,0.3925981830349444,5.51,23,21.06
214.21,5.51,18.67693662652405,0,18.72,2.480560176228791,0,18.74,11.52,23.27,23.14,2025,11.1,1,24.19,-0.11630321910695751,8,46.44,14.67,18.798333333333332,46.44,2025-01-08 23:45:00,19.26,18.87326608936849,Hourly,19.94,0.71,11.5,24.17,3.18,-2.240000000000002,17.02,1.3020855066663886,Siltara,17.02,2,-0.25881904510252157,19.483333333333334,0.8660254037844387,2.95,17.4325,138.85060000000001,0.49999999999999994,5.5847999999999995,0.24,0.24,2.625449443927086,0.9659258262890681,1.527874340379123,5.74,23,20.8
206.49,5.74,18.422023299366504,0,18.72,2.2021496040917135,0,17.766666666666662,11.49,20.12,23.27,2025,11.1,1,21.46,0.0,9,25.03,14.67,18.99416666666667,46.44,2025-01-09 00:15:00,17.02,18.343761492406063,Hourly,19.26,0.73,11.52,24.19,2.95,0.0,10.45,1.4443083696602566,Siltara,17.02,3,0.0,18.853333333333335,0.8660254037844387,3.75,17.361666666666668,83.47940000000001,0.49999999999999994,5.4324,0.24,0.27,2.6121017136258673,1.0,1.2932646029804593,3.89,0,19.94
210.69,3.89,17.195558176387042,0,18.33,3.1066559776791824,0,14.829999999999997,11.5,19.82,20.12,2025,13.02,1,21.24,-0.38601645123384254,9,26.66,16.16,18.6425,25.03,2025-01-09 00:30:00,17.02,16.08840106600433,Hourly,17.02,0.97,11.49,21.46,3.75,-6.57,8.94,3.6015353207584506,Siltara,10.45,3,0.0,17.27166666666667,0.8660254037844387,3.52,17.017083333333332,77.7384,0.49999999999999994,4.955,0.27,0.25,2.948891433812741,1.0,3.793191268574349,3.66,0,19.94
212.66,3.66,15.925472303096727,0,17.06,4.153816335796352,0,12.136666666666663,11.5,19.33,19.82,2025,19.34,1,20.86,-0.14449760765550237,9,27.7,21.06,18.04083333333333,26.66,2025-01-09 00:45:00,10.45,14.046000761431664,Hourly,17.02,0.86,11.5,21.24,3.52,-1.5099999999999998,7.93,4.625695263057294,Siltara,8.94,3,0.0,15.438333333333333,0.8660254037844387,3.42,16.625833333333333,69.0466,0.49999999999999994,5.025799999999999,0.25,0.26,3.361216028227609,1.0,4.295955462213481,3.31,0,19.94
209.59,3.31,14.695399641081847,0,17.06,4.940953778617828,0,9.106666666666662,11.5,18.85,19.33,2025,19.34,1,20.27,-0.11297539149888142,9,27.7,21.06,16.946666666666665,27.7,2025-01-09 01:00:00,8.94,12.298571972451189,Hourly,10.45,1.02,11.5,20.86,3.42,-1.0099999999999998,7.93,4.879658457993828,Siltara,7.93,3,0.25881904510252074,13.436666666666666,0.8660254037844387,3.31,16.245416666666667,66.6883,0.49999999999999994,4.7125,0.26,0.25,3.7981951997456265,0.9659258262890683,1.268240250631422,3.29,1,19.26
216.3,3.29,13.654568927069256,0,17.06,5.381429558297936,0,8.266666666666664,11.5,18.29,18.85,2025,19.34,1,19.74,0.0,9,27.7,21.06,15.852500000000001,27.7,2025-01-09 01:15:00,7.93,11.050408551750849,Hourly,8.94,0.55,11.5,20.27,3.31,0.0,7.93,4.33757266990084,Siltara,7.93,3,0.25881904510252074,11.548333333333332,0.8660254037844387,3.79,15.865,59.614799999999995,0.49999999999999994,4.7554,0.25,0.26,4.153646904673539,0.9659258262890683,0.5831237718714636,3.02,1,17.02
219.0,3.02,12.773866015212448,0,16.27,5.558279382775158,0,7.93,11.5,18.01,18.29,2025,20.32,1,19.57,0.0,9,20.62,20.8,14.758333333333335,27.7,2025-01-09 01:30:00,7.93,10.158863251250606,Hourly,7.93,0.35,11.5,19.74,3.79,0.0,6.64,3.562429882351471,Siltara,7.93,3,0.25881904510252074,10.033333333333333,0.8660254037844387,4.1,15.484583333333333,53.8175,0.49999999999999994,4.862700000000001,0.26,0.27,4.447163218099178,0.9659258262890683,0.0,2.75,1,17.02
204.36,2.75,11.83019432056438,0,13.67,5.661159266655375,0,7.4999999999999964,11.5,17.78,18.01,2025,23.52,1,19.17,-0.1626733921815889,9,15.91,19.94,13.578333333333333,20.62,2025-01-09 01:45:00,7.93,9.15347375089329,Hourly,7.93,0.26,11.5,19.57,4.1,-1.29,5.73,1.2804946960728592,Siltara,6.64,3,0.25881904510252074,8.303333333333333,0.8660254037844387,4.58,15.083333333333334,56.16810000000001,0.49999999999999994,4.8006,0.27,0.27,4.794121097913331,0.9659258262890683,0.744781847246711,2.93,1,10.45
220.02,2.93,10.891702886631398,0,13.67,5.695568386248917,0,6.766666666666663,11.5,17.78,17.78,2025,23.52,1,18.85,-0.13704819277108424,9,15.91,19.94,12.394166666666669,15.91,2025-01-09 02:00:00,6.64,8.175338393495208,Hourly,7.93,0.24,11.5,19.17,4.58,-0.9099999999999993,5.73,1.1400994108720215,Siltara,5.73,3,0.49999999999999994,7.516666666666667,0.8660254037844387,4.5,14.7525,64.467,0.49999999999999994,4.622800000000001,0.27,0.26,5.1561834975956815,0.8660254037844387,1.1054561652645989,3.42,2,8.94
232.33,3.42,10.097594750226568,0,13.67,5.456264123173666,0,6.0333333333333306,11.5,17.87,17.78,2025,23.52,1,18.7,0.0,9,15.91,19.94,11.21,15.91,2025-01-09 02:15:00,5.73,7.476670281068006,Hourly,6.64,0.31,11.5,18.85,4.5,0.0,5.73,1.09069549676834,Siltara,5.73,3,0.49999999999999994,6.9816666666666665,0.8660254037844387,5.24,14.421666666666667,71.434,0.49999999999999994,4.4675,0.26,0.25,5.473613119295026,0.8660254037844387,0.5253887449512686,3.82,2,7.93
213.05,3.82,9.425657096345557,0,13.9,4.903333668089502,0,5.73,11.5,18.23,17.87,2025,23.37,1,18.93,0.0,9,17.72,19.26,10.025833333333333,15.91,2025-01-09 02:30:00,5.73,6.97762162933429,Hourly,5.73,0.26,11.5,18.7,5.24,0.0,7.15,1.0778450723569102,Siltara,5.73,3,0.49999999999999994,6.614999999999999,0.8660254037844387,5.83,14.090833333333334,78.7488,0.49999999999999994,4.9221,0.25,0.27,5.753801704784369,0.8660254037844387,0.0,4.16,2,7.93
205.35,4.16,9.075556004600086,0,14.67,3.991457544976194,0,6.20333333333333,11.51,18.91,18.23,2025,22.88,1,19.57,0.24781849912739962,9,18.92,17.02,9.016666666666667,17.72,2025-01-09 02:45:00,5.73,7.026872592381635,Hourly,5.73,0.23,11.5,18.93,5.83,1.42,8.09,0.9235096101308716,Siltara,7.15,3,0.49999999999999994,6.484999999999999,0.8660254037844387,5.73,13.809583333333334,87.67360000000001,0.49999999999999994,5.673,0.27,0.3,5.925933042782777,0.8660254037844387,0.8198373822420395,4.48,2,7.93
233.54,4.48,8.92393200389238,0,14.67,3.0955837311204717,0,6.989999999999996,11.51,19.53,18.91,2025,22.88,1,20.21,0.13146853146853138,9,18.92,17.02,8.272499999999999,18.92,2025-01-09 03:00:00,7.15,7.330623280272596,Hourly,5.73,0.26,11.51,19.57,5.73,0.9399999999999995,8.09,0.9744827687910858,Siltara,8.09,3,0.7071067811865476,6.511666666666667,0.8660254037844387,5.64,13.535416666666665,94.98700000000001,0.49999999999999994,6.249600000000001,0.3,0.32,6.0355936844023,0.7071067811865476,1.1881077392173631,4.7,3,6.64
243.89,4.7,8.795634772524322,0,14.67,1.423126093781586,0,7.776666666666663,11.51,19.85,19.53,2025,22.88,1,20.55,0.0,9,18.92,10.45,7.528333333333333,18.92,2025-01-09 03:15:00,8.09,7.547588057337569,Hourly,7.15,0.36,11.51,20.21,5.64,0.0,8.09,1.1723765038035934,Siltara,8.09,3,0.7071067811865476,6.753333333333333,0.8660254037844387,5.63,13.261250000000002,98.0235,0.49999999999999994,6.352,0.32,0.32,6.130516193955967,0.7071067811865476,0.5427092530274162,4.77,3,5.73
219.09,4.77,8.687075576751349,0,16.16,1.1116476987223858,0,8.09,11.5,20.01,19.85,2025,23.14,1,20.85,0.0,9,22.65,8.94,7.331666666666666,18.92,2025-01-09 03:30:00,8.09,7.702562898098264,Hourly,8.09,0.36,11.51,20.55,5.63,0.0,9.15,1.1561603118386012,Siltara,8.09,3,0.7071067811865476,7.146666666666667,0.8660254037844387,5.88,12.987083333333333,96.32700000000001,0.49999999999999994,6.403200000000001,0.32,0.32,6.211376294431294,0.7071067811865476,0.0,4.62,3,5.73
216.91,4.62,8.758294718789603,0,21.06,1.1405457890781352,0,8.44333333333333,11.51,20.31,20.01,2025,24.01,1,21.47,0.131025957972806,9,25.14,7.93,7.349166666666666,22.65,2025-01-09 03:45:00,8.09,8.116116355784474,Hourly,8.09,0.39,11.5,20.85,5.88,1.0600000000000005,9.86,1.1610799570532273,Siltara,9.15,3,0.7071067811865476,7.716666666666666,0.8660254037844387,5.48,12.695,91.0328,0.49999999999999994,6.296099999999999,0.32,0.31,6.220498372317812,0.7071067811865476,0.6119912853314327,4.24,3,5.73
211.79,4.24,8.927787838975817,0,21.06,1.3472463498881284,0,9.03333333333333,11.5,20.24,20.31,2025,24.01,1,21.64,0.07759562841530045,9,25.14,7.93,7.510000000000001,25.14,2025-01-09 04:00:00,9.15,8.614368825560337,Hourly,8.09,0.3,11.51,21.47,5.48,0.7099999999999991,9.86,0.9533886930334601,Siltara,9.86,3,0.8660254037844386,8.405,0.8660254037844387,4.7,12.228333333333332,83.31400000000001,0.49999999999999994,6.6792,0.31,0.33,5.98117748089618,0.5000000000000001,0.8907487487061969,3.85,4,7.15
206.69,3.85,9.071205094518,0,21.06,1.5076016976648792,0,9.62333333333333,11.51,19.84,20.24,2025,24.01,1,21.36,0.0,9,25.14,7.93,7.670833333333333,25.14,2025-01-09 04:15:00,9.86,8.970263446828813,Hourly,9.15,0.46,11.5,21.64,4.7,0.0,9.86,0.8789463389028426,Siltara,9.86,3,0.8660254037844386,8.856666666666667,0.8660254037844387,4.59,11.761666666666665,75.1872,0.49999999999999994,6.3488,0.33,0.32,5.69208883998901,0.5000000000000001,0.40991869111043683,3.52,4,8.09
209.64,3.52,9.192558156899846,0,20.8,1.6353027705991594,0,9.86,11.51,19.39,19.84,2025,23.34,1,20.89,0.0,9,30.81,6.64,7.831666666666667,25.14,2025-01-09 04:30:00,9.86,9.224473890592009,Hourly,9.86,0.39,11.51,21.36,4.59,0.0,12.55,0.8671197533620759,Siltara,9.86,3,0.8660254037844386,9.151666666666666,0.8660254037844387,5.03,11.295000000000002,70.6082,0.49999999999999994,6.398700000000001,0.32,0.33,5.345163600213943,0.5000000000000001,0.0,3.38,4,8.09
208.79,3.38,9.709087671222946,0,19.94,2.0747024248140393,0,10.756666666666662,11.5,19.08,19.39,2025,21.14,1,20.91,0.27281947261663303,9,34.58,5.73,8.324166666666667,30.81,2025-01-09 04:45:00,9.86,10.17462420756572,Hourly,9.86,0.33,11.51,20.89,5.03,2.6900000000000013,14.34,1.4741607782070567,Siltara,12.55,3,0.8660254037844386,9.895,0.8660254037844387,5.48,10.951250000000002,57.5025,0.49999999999999994,6.677999999999999,0.33,0.35,4.958619471710448,0.5000000000000001,1.5530722241163706,2.75,4,8.09
215.97,2.75,10.42153572180403,0,19.94,2.5339722081209186,0,12.249999999999998,11.5,19.1,19.08,2025,21.14,1,20.8,0.14262948207171308,9,34.58,5.73,9.041666666666666,34.58,2025-01-09 05:00:00,12.55,11.364731576832657,Hourly,9.86,0.33,11.5,20.91,5.48,1.7899999999999991,14.34,2.0423189434245312,Siltara,14.34,3,0.9659258262890683,10.936666666666667,0.8660254037844387,5.42,10.717916666666667,61.776,0.49999999999999994,6.494000000000001,0.35,0.34,4.638689825490606,0.25881904510252074,2.2550166296478915,2.97,5,9.15
212.05,2.97,11.024376379988025,0,19.94,2.7229444568638415,0,13.74333333333333,11.5,19.07,19.1,2025,21.14,1,20.56,0.0,9,34.58,5.73,9.759166666666667,34.58,2025-01-09 05:15:00,14.34,12.214808269166184,Hourly,12.55,0.28,11.5,20.8,5.42,0.0,14.34,2.225150931211339,Siltara,14.34,3,0.9659258262890683,11.801666666666668,0.8660254037844387,6.16,10.484583333333333,67.43679999999999,0.49999999999999994,6.4838000000000005,0.34,0.34,4.281746879556093,0.25881904510252074,1.033456981843934,3.28,5,9.86
214.07,3.28,11.534472321528328,0,19.26,2.6990043057465094,0,14.34,11.5,19.24,19.07,2025,20.57,1,20.38,0.0,9,31.92,7.15,10.476666666666667,34.58,2025-01-09 05:30:00,14.34,12.822005906547275,Hourly,14.34,0.33,11.5,20.56,6.16,0.0,12.6,2.194742961412722,Siltara,14.34,3,0.9659258262890683,12.548333333333334,0.8660254037844387,6.38,10.25125,79.0744,0.49999999999999994,5.9643999999999995,0.34,0.31,3.877582519516614,0.25881904510252074,0.0,3.88,5,9.86
207.56,3.88,11.698399656677816,0,17.02,2.542323412421649,0,13.759999999999996,11.5,19.24,19.24,2025,18.72,1,20.32,-0.12133891213389122,9,30.15,8.09,10.930833333333334,31.92,2025-01-09 05:45:00,14.34,12.758575647533767,Hourly,14.34,0.41,11.5,20.38,6.38,-1.7400000000000002,11.44,1.7668474750255085,Siltara,12.6,3,0.9659258262890683,13.005,0.8660254037844387,6.29,9.97375,80.6704,0.49999999999999994,5.771999999999999,0.31,0.3,3.415633893044305,0.25881904510252074,1.0045894683842966,3.97,5,9.86
213.24,3.97,11.658645863342768,0,17.02,2.380817277555087,0,12.79333333333333,11.5,19.3,19.24,2025,18.72,1,20.27,-0.09206349206349208,9,30.15,8.09,11.21,30.15,2025-01-09 06:00:00,12.6,12.381839748238406,Hourly,14.34,0.39,11.5,20.32,6.29,-1.1600000000000001,11.44,1.2450609088195965,Siltara,11.44,3,1.0,13.268333333333333,0.8660254037844387,6.1,9.741249999999999,84.3232,0.49999999999999994,5.79,0.3,0.3,3.0894889298773576,6.123233995736766e-17,1.4596346574817654,4.16,6,12.55
206.25,4.16,11.62500803821311,0,10.45,2.1686713919066882,0,11.826666666666663,11.5,19.5,19.3,2025,18.72,1,20.35,0.0,9,30.15,8.09,11.489166666666668,30.15,2025-01-09 06:15:00,11.44,12.112742677313147,Hourly,12.6,0.32,11.5,20.27,6.1,0.0,11.44,1.4403008944906897,Siltara,11.44,3,1.0,13.083333333333334,0.8660254037844387,4.89,9.50875,89.947,0.49999999999999994,5.460000000000001,0.3,0.28,2.703796545762685,6.123233995736766e-17,0.6697263122513868,4.42,6,14.34
204.68,4.42,11.596545263103401,0,8.94,1.8888997920102304,0,11.44,11.5,19.76,19.5,2025,18.33,1,20.61,0.0,9,27.82,9.15,11.768333333333333,30.15,2025-01-09 06:30:00,11.44,11.920530483795105,Hourly,11.44,0.48,11.5,20.35,4.89,0.0,9.88,1.420704050815657,Siltara,11.44,3,1.0,12.6,0.8660254037844387,5.32,9.549999999999999,93.15719999999999,0.49999999999999994,5.7304,0.28,0.29,2.7262396462351424,6.123233995736766e-17,0.0,4.52,6,14.34
229.46,4.52,11.332461376472109,0,7.93,1.8068830939397764,0,10.919999999999996,11.5,20.1,19.76,2025,17.06,1,21.09,-0.13636363636363627,9,26.27,9.86,11.829166666666666,27.82,2025-01-09 06:45:00,11.44,11.337521774139361,Hourly,11.44,0.34,11.5,20.61,5.32,-1.5599999999999987,8.84,1.4931532629541706,Siltara,9.88,3,1.0,11.856666666666667,0.8660254037844387,5.2,9.589166666666666,93.42869999999999,0.49999999999999994,6.03,0.29,0.3,2.7238462522333675,6.123233995736766e-17,0.9006664199294017,4.43,6,14.34
222.59,4.43,10.949005780091785,0,7.93,1.9278789962692922,0,10.05333333333333,11.5,20.69,20.1,2025,17.06,1,21.91,-0.10526315789473693,9,26.27,9.86,11.744166666666667,26.27,2025-01-09 07:00:00,9.88,10.623944124385257,Hourly,11.44,0.33,11.5,21.09,5.2,-1.040000000000001,8.84,1.3445594073911447,Siltara,8.84,3,0.9659258262890683,10.94,0.8660254037844387,5.09,9.627083333333333,93.9939,0.49999999999999994,6.4139,0.3,0.31,2.70602143242848,-0.25881904510252063,1.3086379687758254,4.29,7,12.6
237.77,4.29,10.624543352385356,0,7.93,2.0378529625523942,0,9.186666666666664,11.5,21.05,20.69,2025,17.06,1,22.93,0.0,9,26.27,9.86,11.659166666666666,26.27,2025-01-09 07:15:00,8.84,10.114245803132327,Hourly,9.88,0.25,11.5,21.91,5.09,0.0,8.84,1.2913042502333436,Siltara,8.84,3,0.9659258262890683,10.313333333333333,0.8660254037844387,5.16,9.665000000000001,78.6499,0.49999999999999994,8.42,0.31,0.4,2.6875202729281806,-0.25881904510252063,0.6004442799474874,3.43,7,11.44
210.39,3.43,10.349998221249146,0,6.64,2.1385060985059665,0,8.84,11.5,21.56,21.05,2025,16.27,1,23.72,0.0,9,26.16,12.55,11.574166666666665,26.27,2025-01-09 07:30:00,8.84,9.750175573665947,Hourly,8.84,0.29,11.5,22.93,5.16,0.0,9.47,1.2737346662488362,Siltara,8.84,3,0.9659258262890683,9.88,0.8660254037844387,6.03,9.702916666666667,75.19239999999999,0.49999999999999994,9.2708,0.4,0.43,2.668328705335758,-0.25881904510252063,0.0,3.17,7,11.44
219.59,3.17,10.21461387951851,0,5.73,2.1948291505294653,0,9.049999999999997,11.5,22.51,21.56,2025,13.67,1,24.78,0.07126696832579195,9,26.08,14.34,11.3175,26.16,2025-01-09 07:45:00,8.84,9.670125409761392,Hourly,8.84,0.18,11.5,23.72,6.03,0.6300000000000008,9.9,1.0197728505263821,Siltara,9.47,3,0.9659258262890683,9.551666666666668,0.8660254037844387,6.12,9.820833333333333,83.5086,0.49999999999999994,10.1295,0.43,0.45,2.588423923124988,-0.25881904510252063,0.36373066957339895,3.37,7,11.44
207.86,3.37,10.166211744207969,0,5.73,2.005017002878554,0,9.40333333333333,11.5,23.18,22.51,2025,13.67,1,25.62,0.045406546990496274,9,26.08,14.34,10.9475,26.08,2025-01-09 08:00:00,9.47,9.73580386411528,Hourly,8.84,0.39,11.5,24.78,6.12,0.4299999999999997,9.9,0.5215266052696054,Siltara,9.9,3,0.8660254037844387,9.295,0.8660254037844387,5.93,9.994583333333333,86.33940000000001,0.49999999999999994,10.894599999999999,0.45,0.47,2.4374380334021453,-0.4999999999999998,0.5331353799192773,3.37,8,9.88
206.62,3.37,10.125256091252897,0,5.73,1.7100352202686928,0,9.756666666666662,11.51,23.19,23.18,2025,13.67,1,25.88,0.0,9,26.08,14.34,10.577499999999999,26.08,2025-01-09 08:15:00,9.9,9.782717045796629,Hourly,9.47,0.37,11.5,25.62,5.93,0.0,9.9,0.526057664777071,Siltara,9.9,3,0.8660254037844387,9.298333333333334,0.8660254037844387,6.27,10.168333333333335,77.3812,0.49999999999999994,11.363100000000001,0.47,0.49,2.262579648692022,-0.4999999999999998,0.24826061572810504,2.99,8,8.84
197.75,2.99,10.09060130798322,0,7.15,1.2367929568831582,0,9.9,11.5,23.46,23.19,2025,13.9,1,25.92,0.0,9,26.73,12.6,10.2075,26.08,2025-01-09 08:30:00,9.9,9.816226461283307,Hourly,9.9,0.42,11.51,25.88,6.27,0.0,8.89,0.5192976025402368,Siltara,9.9,3,0.8660254037844387,9.475,0.8660254037844387,6.22,10.342083333333333,89.1648,0.49999999999999994,10.7916,0.49,0.46,2.0577720733370213,-0.4999999999999998,0.0,3.44,8,8.84
219.13,3.44,9.90589341444734,0,8.09,1.0309292660164122,0,9.56333333333333,11.5,23.69,23.46,2025,14.67,1,25.79,-0.102020202020202,9,27.16,11.44,9.898333333333333,26.73,2025-01-09 08:45:00,9.9,9.551590329488077,Hourly,9.9,0.16,11.5,25.92,6.22,-1.0099999999999998,8.22,0.5073328953169745,Siltara,8.89,3,0.8660254037844387,9.483333333333334,0.8660254037844387,6.45,10.414583333333333,105.22319999999999,0.49999999999999994,10.4236,0.46,0.44,1.969162212426701,-0.4999999999999998,0.5831237718715329,4.08,8,8.84
200.44,4.08,9.646525196840056,0,8.09,1.0120635984397088,0,9.00333333333333,11.5,23.63,23.69,2025,14.67,1,25.54,-0.07536557930258717,9,27.16,11.44,9.63,27.16,2025-01-09 09:00:00,8.89,9.17113594963434,Hourly,9.9,0.31,11.5,25.79,6.45,-0.6699999999999999,8.22,0.6935416353788991,Siltara,8.22,3,0.7071067811865476,9.38,0.8660254037844387,6.11,10.42,111.60979999999999,0.49999999999999994,9.9246,0.44,0.42,1.9626579138925768,-0.7071067811865475,0.8457146878951803,4.37,9,9.47
269.46,4.37,9.427059781941585,0,8.09,0.9102929931331759,0,8.44333333333333,11.51,23.61,23.63,2025,14.67,1,25.54,0.0,9,27.16,11.44,9.361666666666666,27.16,2025-01-09 09:15:00,8.22,8.899382821167386,Hourly,8.89,0.32,11.5,25.54,6.11,0.0,8.22,0.8345158276933433,Siltara,8.22,3,0.7071067811865476,9.171666666666667,0.8660254037844387,5.96,10.425416666666667,110.07739999999998,0.49999999999999994,9.6801,0.42,0.41,1.9561163368258663,-0.7071067811865475,0.38682468034188494,4.31,9,9.9
254.11,4.31,9.241358277027494,0,9.15,0.6898528609138403,0,8.22,11.51,24.09,23.61,2025,16.16,1,25.9,0.0,9,29.22,9.88,9.093333333333334,27.16,2025-01-09 09:30:00,8.22,8.70527344369099,Hourly,8.22,0.31,11.51,25.54,5.96,0.0,8.99,0.8230289585857282,Siltara,8.22,3,0.7071067811865476,8.891666666666667,0.8660254037844387,6.36,10.430833333333334,121.21199999999999,0.49999999999999994,9.8769,0.41,0.41,1.9495371059676887,-0.7071067811865475,0.0,4.68,9,9.9
258.13,4.68,9.202687772869417,0,9.86,0.6439008722989734,0,8.476666666666665,11.51,24.51,24.09,2025,21.06,1,26.42,0.0936739659367396,9,30.6,8.84,9.019166666666667,29.22,2025-01-09 09:45:00,8.22,8.786623888350707,Hourly,8.22,0.26,11.51,25.9,6.36,0.7699999999999996,9.5,0.6695968936636753,Siltara,8.99,3,0.7071067811865476,8.74,0.8660254037844387,6.71,10.424166666666666,123.90980000000002,0.49999999999999994,9.804000000000002,0.41,0.4,1.9543750622811915,-0.7071067811865475,0.44455970726281807,4.69,9,9.9
261.5,4.69,9.248428115504892,0,9.86,0.6552925555409395,0,8.90333333333333,11.5,25.19,24.51,2025,21.06,1,26.96,0.05672969966629586,9,30.6,8.84,9.074166666666668,30.6,2025-01-09 10:00:00,8.99,8.990445634536218,Hourly,8.22,0.27,11.51,26.42,6.71,0.5099999999999998,9.5,0.5379838907167298,Siltara,9.5,3,0.49999999999999994,8.673333333333334,0.8660254037844387,5.95,10.409166666666666,138.84400000000002,0.49999999999999994,9.824100000000001,0.4,0.39,1.9602659905308333,-0.8660254037844387,0.6443860126675853,5.15,10,8.89
262.1,5.15,9.287131482350294,0,9.86,0.6615197150103478,0,9.329999999999997,11.51,25.54,25.19,2025,21.06,1,27.65,0.0,9,30.6,8.84,9.129166666666668,30.6,2025-01-09 10:15:00,9.5,9.136032596097298,Hourly,8.99,0.11,11.5,26.96,5.95,0.0,9.5,0.635853756774341,Siltara,9.5,3,0.49999999999999994,8.775,0.8660254037844387,5.1,10.394166666666667,131.89049999999997,0.49999999999999994,9.4498,0.39,0.37,1.966019851878321,-0.8660254037844387,0.2944486372668807,4.77,10,8.22
292.72,4.77,9.319880485065633,0,12.55,0.6627279482165876,0,9.5,11.5,25.42,25.54,2025,20.8,1,27.95,0.0,9,38.0,9.47,9.184166666666668,30.6,2025-01-09 10:30:00,9.5,9.240023282926641,Hourly,9.5,0.35,11.51,27.65,5.1,0.0,10.01,0.6270699057287853,Siltara,9.5,3,0.49999999999999994,8.988333333333335,0.8660254037844387,4.77,10.379166666666666,113.7565,0.49999999999999994,9.4054,0.37,0.37,1.9716378463374278,-0.8660254037844387,0.0,4.07,10,8.22
281.87,4.07,9.426052718132459,0,14.34,0.7011219364069288,0,9.669999999999996,11.5,25.17,25.42,2025,19.94,1,27.89,0.053684210526315765,9,42.93,9.9,9.229166666666666,38.0,2025-01-09 10:45:00,9.5,9.460016630661887,Hourly,9.5,0.35,11.5,27.95,4.77,0.5099999999999998,10.36,0.6140901128260453,Siltara,10.01,3,0.49999999999999994,9.286666666666667,0.8660254037844387,4.34,10.273333333333333,102.9141,0.49999999999999994,9.5646,0.37,0.38,1.9174726723695454,-0.8660254037844387,0.2944486372669176,3.69,10,8.22
314.23,3.69,9.56973691534285,0,14.34,0.7518719064111871,0,9.956666666666663,11.5,24.92,25.17,2025,19.94,1,27.72,0.03496503496503493,9,42.93,9.9,9.2675,42.93,2025-01-09 11:00:00,10.01,9.717154736187062,Hourly,9.5,0.78,11.5,27.89,4.34,0.34999999999999964,10.36,0.4767668892348769,Siltara,10.36,3,0.258819045102521,9.643333333333333,0.8660254037844387,4.23,10.1075,96.1884,0.49999999999999994,9.718800000000002,0.38,0.39,1.7115191573849253,-0.9659258262890682,0.43247350591879835,3.47,11,8.99
315.18,3.47,9.69131585144395,0,14.34,0.7973987064096126,0,10.24333333333333,11.49,24.8,24.92,2025,19.94,1,27.53,0.0,9,42.93,9.9,9.305833333333334,42.93,2025-01-09 11:15:00,10.36,9.900824811562186,Hourly,10.01,0.5,11.5,27.72,4.23,0.0,10.36,0.4267278601997983,Siltara,10.36,3,0.258819045102521,9.871666666666668,0.8660254037844387,3.68,9.941666666666666,97.7315,0.49999999999999994,9.920000000000002,0.39,0.4,1.4575669621955676,-0.9659258262890682,0.20207259418762388,3.55,11,9.5
301.38,3.55,9.794190335837188,0,12.6,0.838553498419149,0,10.36,11.5,24.67,24.8,2025,19.26,1,27.34,0.0,9,80.84,8.89,9.344166666666666,42.93,2025-01-09 11:30:00,10.36,10.032017722544419,Hourly,10.36,0.62,11.49,27.53,3.68,0.0,10.92,0.4213193563130353,Siltara,10.36,3,0.258819045102521,10.015,0.8660254037844387,4.28,9.775833333333333,97.8772,0.49999999999999994,10.114700000000001,0.4,0.41,1.1235267325921696,-0.9659258262890682,0.0,3.58,11,9.5
325.36,3.58,9.967391822631466,0,11.44,0.9375241411107919,0,10.546666666666663,11.51,24.19,24.67,2025,17.02,1,26.77,0.054054054054054106,9,106.12,8.22,9.513333333333334,80.84,2025-01-09 11:45:00,10.36,10.285726944674584,Hourly,10.36,0.5,11.5,27.34,4.28,0.5600000000000005,11.29,0.4701666371305968,Siltara,10.92,3,0.258819045102521,10.251666666666667,0.8660254037844387,4.24,9.705833333333333,94.7658,0.49999999999999994,9.676000000000002,0.41,0.4,0.9835336322697666,-0.9659258262890682,0.32331615072825504,3.54,11,9.5
276.51,3.54,10.170870003765087,0,11.44,0.9707959090270686,0,10.856666666666662,11.51,23.99,24.19,2025,17.02,1,26.36,0.03388278388278381,9,106.12,8.22,9.769166666666667,106.12,2025-01-09 12:00:00,10.92,10.572662103338988,Hourly,10.36,0.3,11.51,26.77,4.24,0.3699999999999992,11.29,0.4657037685095792,Siltara,11.29,3,1.2246467991473532e-16,10.549999999999999,0.8660254037844387,5.01,9.699583333333333,99.9044,0.49999999999999994,9.835899999999999,0.4,0.41,0.9724486313365706,-1.0,0.46822359329892227,3.79,12,10.01
295.69,3.79,10.343043849339688,0,11.44,0.9290513245512015,0,11.166666666666663,11.5,24.21,23.99,2025,10.45,1,26.21,0.0,9,106.12,8.22,10.025,106.12,2025-01-09 12:15:00,11.29,10.777615788099276,Hourly,10.92,0.36,11.51,26.36,5.01,0.0,11.29,0.46202453037765007,Siltara,11.29,3,1.2246467991473532e-16,10.763333333333334,0.8660254037844387,4.78,9.693333333333333,116.37240000000001,0.49999999999999994,9.9261,0.41,0.41,0.9611934007429761,-1.0,0.21361959957310456,4.44,12,10.36
2.26,4.44,10.488729410979737,0,9.88,0.8006413149254017,0,11.29,11.5,24.7,24.21,2025,8.94,1,26.58,0.0,9,130.94,8.99,10.280833333333334,106.12,2025-01-09 12:30:00,11.29,10.924011277213769,Hourly,11.29,0.75,11.5,26.21,4.78,0.0,14.1,0.45560582378925585,Siltara,11.29,3,1.2246467991473532e-16,10.918333333333331,0.8660254037844387,4.85,9.687083333333334,128.1156,0.49999999999999994,9.88,0.41,0.4,0.9497618885469111,-1.0,0.0,4.82,12,10.36
6.01,4.82,11.044309501598239,0,8.84,1.2719014636941282,0,12.226666666666661,11.5,24.99,24.7,2025,7.93,1,26.9,0.24889282550930034,9,147.03,9.5,10.706666666666665,130.94,2025-01-09 12:45:00,11.29,11.831436626581263,Hourly,11.29,1.19,11.5,26.58,4.85,2.8100000000000005,15.97,1.305211349426092,Siltara,14.1,3,1.2246467991473532e-16,11.541666666666666,0.8660254037844387,4.69,9.862916666666667,130.734,0.49999999999999994,9.996,0.4,0.4,1.3095252348039592,-1.0,1.6223542564193068,4.86,12,10.36
8.12,4.86,11.802108039813895,0,8.84,1.9200684568008963,0,13.786666666666662,11.5,25.13,24.99,2025,7.93,1,27.11,0.13262411347517739,9,147.03,9.5,11.245833333333332,147.03,2025-01-09 13:00:00,14.1,13.013883304700904,Hourly,11.29,1.26,11.5,26.9,4.69,1.870000000000001,15.97,2.072984965374971,Siltara,15.97,3,-0.2588190451025208,12.476666666666667,0.8660254037844387,4.79,10.16,130.6702,0.49999999999999994,9.800699999999999,0.4,0.39,1.7885335260826647,-0.9659258262890683,2.355681076317832,4.82,13,10.92
8.21,4.82,12.443322187534834,0,8.84,2.263036977967931,0,15.346666666666664,11.5,25.31,25.13,2025,7.93,1,27.34,0.0,9,147.03,9.5,11.784999999999998,147.03,2025-01-09 13:15:00,15.97,13.858488074786361,Hourly,14.1,1.57,11.5,27.11,4.79,0.0,15.97,2.3244820211545325,Siltara,15.97,3,-0.2588190451025208,13.318333333333333,0.8660254037844387,5.0,10.457083333333333,131.77880000000002,0.49999999999999994,9.617799999999999,0.39,0.38,2.1210036163543777,-0.9659258262890683,1.0796450033793688,4.82,13,11.29
358.17,4.82,12.985888004837168,0,9.47,2.4334653866230793,0,15.97,11.51,25.34,25.31,2025,6.64,1,27.54,0.0,9,156.53,10.01,12.324166666666665,147.03,2025-01-09 13:30:00,15.97,14.461777196275975,Hourly,15.97,1.12,11.5,27.34,5.0,0.0,15.62,2.2927225446334862,Siltara,15.97,3,-0.2588190451025208,14.098333333333334,0.8660254037844387,4.77,10.754166666666668,125.8578,0.49999999999999994,8.869,0.38,0.35,2.3694448380556024,-0.9659258262890683,0.0,4.57,13,11.29
1.41,4.57,13.391136004092989,0,9.9,2.4867607017750184,0,15.85333333333333,11.5,25.0,25.34,2025,5.73,1,27.4,-0.021916092673763394,9,162.85,10.36,12.791666666666666,156.53,2025-01-09 13:45:00,15.97,14.792697997339982,Hourly,15.97,1.02,11.51,27.54,4.77,-0.3500000000000014,15.39,1.8754626095990208,Siltara,15.62,3,-0.2588190451025208,14.82,0.8660254037844387,4.05,11.010416666666666,113.16199999999999,0.49999999999999994,7.75,0.35,0.31,2.550187510868237,-0.9659258262890683,0.20207259418849277,4.13,13,11.29
17.13,4.13,13.698653541924838,0,9.9,2.463436101110843,0,15.659999999999997,11.5,24.36,25.0,2025,5.73,1,27.05,-0.014724711907810413,9,162.85,10.36,13.210833333333333,162.85,2025-01-09 14:00:00,15.62,14.9633557123857,Hourly,15.97,0.78,11.5,27.4,4.05,-0.22999999999999865,15.39,0.7278919333737839,Siltara,15.39,3,-0.4999999999999997,15.503333333333336,0.8660254037844387,4.55,11.239166666666668,92.78150000000001,0.49999999999999994,8.769599999999999,0.31,0.36,2.6887154144161043,-0.8660254037844388,0.2920616373108974,3.43,14,14.1
9.01,3.43,13.958860689321018,0,9.9,2.3600231123704765,0,15.466666666666663,11.51,24.13,24.36,2025,5.73,1,26.95,0.0,9,162.85,10.36,13.63,162.85,2025-01-09 14:15:00,15.39,15.0852540802755,Hourly,15.62,1.24,11.5,27.05,4.55,0.0,15.39,0.2881955354800309,Siltara,15.39,3,-0.4999999999999997,15.718333333333334,0.8660254037844387,4.44,11.467916666666667,84.623,0.49999999999999994,8.4455,0.36,0.35,2.8010215204420743,-0.8660254037844388,0.13279056187110555,3.14,14,15.97
11.17,3.14,14.179035967887014,0,8.89,2.165075931207148,0,15.39,11.5,24.39,24.13,2025,7.15,1,27.06,0.0,9,154.19,10.92,14.049166666666666,162.85,2025-01-09 14:30:00,15.39,15.17232434305393,Hourly,15.39,1.07,11.51,26.95,4.44,0.0,15.71,0.28414198329466067,Siltara,15.39,3,-0.4999999999999997,15.621666666666668,0.8660254037844387,3.92,11.696666666666665,94.16879999999999,0.49999999999999994,8.2926,0.35,0.34,2.8901642298269015,-0.8660254037844388,0.0,3.48,14,15.97
0.05,3.48,14.414568895904395,0,8.22,1.9683349370104952,0,15.496666666666664,11.51,24.08,24.39,2025,8.09,1,26.94,0.020792722547108528,9,148.42,11.29,14.448333333333332,154.19,2025-01-09 14:45:00,15.39,15.325945959324237,Hourly,15.39,1.02,11.5,27.06,3.92,0.3200000000000003,15.93,0.23617084212625378,Siltara,15.71,3,-0.4999999999999997,15.578333333333333,0.8660254037844387,4.66,11.980833333333335,82.7058,0.49999999999999994,8.1872,0.34,0.34,2.9371058169086703,-0.8660254037844388,0.1847520861101325,3.07,14,15.97
5.35,3.07,14.647712142688334,0,8.22,1.7332025008938132,0,15.676666666666664,11.51,24.24,24.08,2025,8.09,1,26.86,0.014003819223424497,9,148.42,11.29,14.835,148.42,2025-01-09 15:00:00,15.71,15.498532828088742,Hourly,15.39,0.99,11.51,26.94,4.66,0.21999999999999886,15.93,0.22310685034445665,Siltara,15.93,3,-0.7071067811865471,15.571666666666667,0.8660254037844387,5.11,12.302083333333334,94.00999999999999,0.49999999999999994,7.514399999999999,0.34,0.31,2.929510983331155,-0.7071067811865479,0.27153882470478463,3.5,15,15.62
5.19,3.5,14.844987197659359,0,8.22,1.3444081721512138,0,15.856666666666664,11.5,24.64,24.24,2025,8.09,1,27.07,0.0,9,148.42,11.29,15.221666666666666,148.42,2025-01-09 15:15:00,15.93,15.621809162920528,Hourly,15.71,0.78,11.51,26.86,5.11,0.0,15.93,0.2679303392126817,Siltara,15.93,3,-0.7071067811865471,15.623333333333333,0.8660254037844387,4.46,12.623333333333333,106.6558,0.49999999999999994,7.1456,0.31,0.29,2.8848052706004172,-0.7071067811865479,0.12701705917736422,3.94,15,15.39
358.29,3.94,15.011912244173303,0,8.99,0.5335444657976552,0,15.93,11.51,24.71,24.64,2025,9.15,1,26.89,0.0,9,139.75,14.1,15.608333333333334,148.42,2025-01-09 15:30:00,15.93,15.709863687800375,Hourly,15.93,0.64,11.5,27.07,4.46,0.0,15.47,0.26454993228239704,Siltara,15.93,3,-0.7071067811865471,15.713333333333333,0.8660254037844387,4.11,12.944583333333332,117.24040000000001,0.49999999999999994,6.6717,0.29,0.27,2.801212438069805,-0.7071067811865479,0.0,4.36,15,15.39
64.9,4.36,15.082387283531256,0,9.5,0.25566757538747453,0,15.776666666666664,11.51,24.81,24.71,2025,9.86,1,26.85,-0.028876333961079668,9,133.86,15.97,15.722500000000002,139.75,2025-01-09 15:45:00,15.93,15.641331205571698,Hourly,15.93,0.23,11.51,26.89,4.11,-0.4599999999999991,15.16,0.24638722911429584,Siltara,15.47,3,-0.7071067811865471,15.726666666666667,0.8660254037844387,3.94,13.214583333333335,123.50999999999999,0.49999999999999994,6.4506,0.27,0.26,2.714418793050648,-0.7071067811865479,0.26558112380600657,4.6,15,15.39
12.27,4.6,15.094327701449524,0,9.5,0.28912092470887396,0,15.519999999999996,11.5,24.89,24.81,2025,9.86,1,26.93,-0.02003878474466713,9,133.86,15.97,15.655000000000001,133.86,2025-01-09 16:00:00,15.47,15.503808003979783,Hourly,15.93,0.25,11.51,26.85,3.94,-0.3100000000000005,15.16,0.3170120923097747,Siltara,15.16,3,-0.8660254037844385,15.688333333333333,0.8660254037844387,4.32,13.450416666666667,124.95519999999999,0.49999999999999994,6.4714,0.26,0.26,2.6219582445646314,-0.5000000000000004,0.3874274125416437,4.64,16,15.71
200.69,4.64,15.104431131995751,0,9.5,0.30310889134700364,0,15.26333333333333,11.5,25.13,24.89,2025,9.86,1,27.03,0.0,9,133.86,15.97,15.5875,133.86,2025-01-09 16:15:00,15.16,15.405577145699844,Hourly,15.47,0.14,11.5,26.93,4.32,0.0,15.16,0.3822913374255589,Siltara,15.16,3,-0.8660254037844385,15.596666666666666,0.8660254037844387,3.95,13.686250000000001,133.2579,0.49999999999999994,6.2825,0.26,0.25,2.503036091214347,-0.5000000000000004,0.17897858341720888,4.93,16,15.93
211.28,4.93,15.11298018861179,0,10.01,0.3003634162673543,0,15.16,11.51,25.33,25.13,2025,12.55,1,27.28,0.0,9,112.17,15.62,15.520000000000001,133.86,2025-01-09 16:30:00,15.16,15.33541224692846,Hourly,15.16,0.34,11.5,27.03,3.95,0.0,15.35,0.377222304047129,Siltara,15.16,3,-0.8660254037844385,15.468333333333334,0.8660254037844387,3.86,13.922083333333333,134.4904,0.49999999999999994,6.079199999999999,0.25,0.24,2.353644683700153,-0.5000000000000004,0.0,4.93,16,15.93
248.78,4.93,15.149444774979207,0,10.36,0.3022980167363104,0,15.22333333333333,11.5,25.53,25.33,2025,14.34,1,27.55,0.012532981530342975,9,100.93,15.39,15.4975,112.17,2025-01-09 16:45:00,15.16,15.33958017637747,Hourly,15.16,0.3,11.51,27.28,3.86,0.1899999999999995,15.48,0.30208718389005906,Siltara,15.35,3,-0.8660254037844385,15.371666666666668,0.8660254037844387,4.05,14.144583333333332,135.2705,0.49999999999999994,6.6378,0.24,0.26,2.2161285851244372,-0.5000000000000004,0.10969655109449944,4.91,16,15.93
217.9,4.91,15.200299424982406,0,10.36,0.3004995840489887,0,15.329999999999997,11.5,25.73,25.53,2025,14.34,1,28.11,0.008469055374592884,9,100.93,15.39,15.505,100.93,2025-01-09 17:00:00,15.35,15.37970012598391,Hourly,15.16,0.43,11.5,27.55,4.05,0.13000000000000078,15.48,0.15654605287463394,Siltara,15.48,3,-0.9659258262890683,15.296666666666667,0.8660254037844387,3.98,14.357916666666668,124.2462,0.49999999999999994,6.1752,0.26,0.24,2.0781073729794906,-0.25881904510252063,0.1609347693592091,4.42,17,15.47
220.0,4.42,15.24333028267742,0,10.36,0.2984848100520302,0,15.436666666666662,11.51,25.64,25.73,2025,14.34,1,28.36,0.0,9,100.93,15.39,15.512500000000001,100.93,2025-01-09 17:15:00,15.48,15.408357232845649,Hourly,15.35,0.26,11.5,28.11,3.98,0.0,15.48,0.15879756506517229,Siltara,15.48,3,-0.9659258262890683,15.298333333333332,0.8660254037844387,3.51,14.57125,110.0368,0.49999999999999994,6.6664,0.24,0.26,1.9054802259044497,-0.25881904510252063,0.07505553491943251,3.88,17,15.16
211.91,3.88,15.279741008419355,0,10.92,0.29624928080461327,0,15.48,11.5,25.99,25.64,2025,12.6,1,28.74,0.0,9,82.43,15.71,15.519999999999998,100.93,2025-01-09 17:30:00,15.48,15.428826594889749,Hourly,15.48,0.24,11.51,28.36,3.51,0.0,12.36,0.15676946982951334,Siltara,15.48,3,-0.9659258262890683,15.351666666666667,0.8660254037844387,3.75,14.784583333333332,114.09779999999999,0.49999999999999994,7.537099999999999,0.26,0.29,1.6876610497517261,-0.25881904510252063,0.0,3.97,17,15.16
209.36,3.97,14.830550084047147,0,11.29,0.9524939354050139,0,14.439999999999998,11.5,25.86,25.99,2025,11.44,1,28.58,-0.20155038759689928,9,43.99,15.93,15.240833333333335,82.43,2025-01-09 17:45:00,15.48,14.552018996349819,Hourly,15.48,0.29,11.5,28.74,3.75,-3.120000000000001,10.28,1.2433462912656184,Siltara,12.36,3,-0.9659258262890683,14.885,0.8660254037844387,3.63,14.844583333333333,113.4626,0.49999999999999994,8.0166,0.29,0.31,1.5654669512228088,-0.25881904510252063,1.8013328398684791,3.97,17,15.16
187.25,3.97,14.1304654557322,0,11.29,1.6910029299515055,0,12.706666666666663,11.5,25.43,25.86,2025,11.44,1,28.06,-0.16828478964401297,9,43.99,15.93,14.770000000000001,43.99,2025-01-09 18:00:00,12.36,13.33144214024987,Hourly,15.48,0.18,11.5,28.58,3.63,-2.08,10.28,2.2311827954407164,Siltara,10.28,3,-1.0,14.071666666666667,0.8660254037844387,3.58,14.8025,110.2758,0.49999999999999994,8.9005,0.31,0.35,1.6749256959534176,-1.8369701987210297e-16,2.6172759375583325,3.93,18,15.35
201.55,3.93,13.538086154850323,0,11.29,2.080399692078803,0,10.97333333333333,11.51,25.42,25.43,2025,11.44,1,28.01,0.0,9,43.99,15.93,14.299166666666666,43.99,2025-01-09 18:15:00,10.28,12.459601528749907,Hourly,12.36,0.34,11.5,28.06,3.58,0.0,10.28,2.58260850046434,Siltara,10.28,3,-1.0,13.226666666666667,0.8660254037844387,4.64,14.760416666666666,111.47980000000001,0.49999999999999994,9.659600000000001,0.35,0.38,1.7766173994606973,-1.8369701987210297e-16,1.2008885599095864,3.98,18,15.48
195.03,3.98,13.036842131027194,0,14.1,2.3049860316440833,0,10.28,11.5,25.5,25.42,2025,9.88,1,27.72,0.0,9,50.24,15.47,13.828333333333333,43.99,2025-01-09 18:30:00,10.28,11.836858234821364,Hourly,10.28,0.14,11.51,28.01,4.64,0.0,11.05,2.547469332495293,Siltara,10.28,3,-1.0,12.36,0.8660254037844387,4.78,14.718333333333334,127.51199999999999,0.49999999999999994,9.435,0.38,0.37,1.8718083947549726,-1.8369701987210297e-16,0.0,4.6,18,15.48
197.5,4.6,12.731174110869166,0,15.97,2.3710105248827276,0,10.536666666666664,11.5,25.28,25.5,2025,8.84,1,27.38,0.0749027237354087,9,53.24,15.16,13.459999999999999,50.24,2025-01-09 18:45:00,10.28,11.612041596300974,Hourly,10.28,0.36,11.5,27.72,4.78,0.7700000000000014,11.57,2.0571282572243015,Siltara,11.05,3,-1.0,11.621666666666664,0.8660254037844387,4.88,14.59125,128.4122,0.49999999999999994,9.6064,0.37,0.38,2.0137685038169226,-1.8369701987210297e-16,0.44455970726291455,4.69,18,15.48
221.99,4.69,12.552531939966219,0,15.97,2.3634853244312004,0,10.966666666666663,11.5,25.22,25.28,2025,8.84,1,27.35,0.04705882352941172,9,53.24,15.16,13.160833333333334,53.24,2025-01-09 19:00:00,11.05,11.600029711643554,Hourly,10.28,0.29,11.5,27.38,4.88,0.5199999999999996,11.57,0.8633423422976745,Siltara,11.57,3,-0.9659258262890684,10.969999999999999,0.8660254037844387,4.98,14.407916666666665,126.6305,0.49999999999999994,9.331399999999999,0.38,0.37,2.081924233612089,0.2588190451025203,0.649024909631148,4.63,19,12.36
222.62,4.63,12.401373179971415,0,15.97,2.3141219946395224,0,11.396666666666663,11.49,25.3,25.22,2025,8.84,1,27.48,0.0,9,53.24,15.16,12.861666666666666,53.24,2025-01-09 19:15:00,11.57,11.59144979403111,Hourly,11.05,0.36,11.5,27.35,4.98,0.0,11.57,0.6404191335919815,Siltara,11.57,3,-0.9659258262890684,10.838333333333333,0.8660254037844387,5.05,14.224583333333333,125.8584,0.49999999999999994,9.867,0.37,0.39,2.1315272727556853,0.2588190451025203,0.3002221399593162,4.58,19,10.28
223.42,4.58,12.273469613821966,0,15.62,2.2201315481121617,0,11.57,11.5,25.0,25.3,2025,9.47,1,27.09,0.0,9,31.85,15.35,12.5625,53.24,2025-01-09 19:30:00,11.57,11.585321281450794,Hourly,11.57,0.4,11.49,27.48,5.05,0.0,12.24,0.6319704634480159,Siltara,11.57,3,-0.9659258262890684,11.053333333333333,0.8660254037844387,4.36,14.04125,124.61399999999999,0.49999999999999994,10.0,0.39,0.4,2.1638538737551256,0.2588190451025203,0.0,4.6,19,10.28
230.05,4.6,12.268320442464741,0,15.39,2.0393106381328243,0,11.79333333333333,11.49,24.53,25.0,2025,9.9,1,26.58,0.05790838375108037,9,17.59,15.48,12.303333333333335,31.85,2025-01-09 19:45:00,11.57,11.772372343893423,Hourly,11.57,0.35,11.5,27.09,4.36,0.6699999999999999,12.68,0.6583008430831804,Siltara,12.24,3,-0.9659258262890684,11.38,0.8660254037844387,4.64,13.900416666666665,119.3442,0.49999999999999994,9.812000000000001,0.4,0.4,2.16662526437786,0.2588190451025203,0.38682468034211825,4.49,19,10.28
223.7,4.49,12.331655759008626,0,15.39,1.7874308632567957,0,12.163333333333329,11.5,24.24,24.53,2025,9.9,1,26.13,0.03594771241830061,9,17.59,15.48,12.069999999999999,17.59,2025-01-09 20:00:00,12.24,12.031694531352445,Hourly,11.57,0.38,11.49,26.58,4.64,0.4399999999999995,12.68,0.5808269966212108,Siltara,12.68,3,-0.8660254037844386,11.78,0.8660254037844387,4.54,13.7875,120.7206,0.49999999999999994,9.696,0.4,0.4,2.1562109479785283,0.5000000000000001,0.558957362704715,4.62,20,11.05
219.12,4.62,12.385247180699606,0,15.39,1.4533555739241106,0,12.53333333333333,11.51,23.81,24.24,2025,9.9,1,25.95,0.0,9,17.59,15.48,11.836666666666666,17.59,2025-01-09 20:15:00,12.68,12.216924665251746,Hourly,12.24,0.34,11.5,26.13,4.54,0.0,12.68,0.5515583982414521,Siltara,12.68,3,-0.8660254037844386,12.051666666666668,0.8660254037844387,4.48,13.674583333333333,105.6165,0.49999999999999994,9.2859,0.4,0.39,2.1395366811890564,0.5000000000000001,0.25403411842081147,4.07,20,11.57
196.43,4.07,12.430593768284282,0,15.71,0.9543520727707099,0,12.68,11.5,23.03,23.81,2025,8.89,1,25.38,0.0,9,23.73,12.36,11.603333333333332,17.59,2025-01-09 20:30:00,12.68,12.349231903751248,Hourly,12.68,0.2,11.51,25.95,4.48,0.0,10.02,0.5437891748377047,Siltara,12.68,3,-0.8660254037844386,12.236666666666666,0.8660254037844387,3.88,13.561666666666667,87.561,0.49999999999999994,9.212000000000002,0.39,0.4,2.1164545140761906,0.5000000000000001,0.0,3.45,20,11.57
195.9,3.45,12.05973318854824,0,15.93,1.022330966993806,0,11.79333333333333,11.5,22.52,23.03,2025,8.22,1,24.79,-0.20977917981072558,9,27.81,10.28,11.408333333333333,23.73,2025-01-09 20:45:00,12.68,11.683737074108034,Hourly,12.68,0.18,11.5,25.38,3.88,-2.66,8.25,1.053307489136329,Siltara,10.02,3,-0.8660254037844386,11.978333333333333,0.8660254037844387,4.11,13.324583333333331,83.7902,0.49999999999999994,9.008000000000001,0.4,0.4,2.18298554869373,0.5000000000000001,1.5357517160406444,3.38,20,11.57
195.14,3.38,11.47362039031005,0,15.93,1.3435127521409724,0,10.316666666666663,11.5,22.08,22.52,2025,8.22,1,24.31,-0.17664670658682632,9,27.81,10.28,11.239166666666668,27.81,2025-01-09 21:00:00,10.02,10.702669338648597,Hourly,12.68,0.14,11.5,24.79,4.11,-1.7699999999999996,8.25,1.8678302920779561,Siltara,8.25,3,-0.7071067811865477,11.424999999999999,0.8660254037844387,3.71,13.004583333333331,79.73679999999999,0.49999999999999994,9.0528,0.4,0.41,2.3415936215352082,0.7071067811865474,2.229850518156245,3.28,21,12.24
203.48,3.28,10.977678791800813,0,15.93,1.5819148350870382,0,8.839999999999996,11.5,22.01,22.08,2025,8.22,1,24.36,0.0,9,27.81,10.28,11.07,27.81,2025-01-09 21:15:00,8.25,10.001906670463285,Hourly,10.02,0.26,11.5,24.31,3.71,0.0,8.25,2.2003181588134106,Siltara,8.25,3,-0.7071067811865477,10.76,0.8660254037844387,4.47,12.684583333333334,74.29799999999999,0.49999999999999994,9.6844,0.41,0.44,2.446832876025045,0.7071067811865474,1.0219099764598787,3.05,21,12.68
192.9,3.05,10.558035900754534,0,15.47,1.7712833474584502,0,8.25,11.5,22.0,22.01,2025,8.99,1,24.35,0.0,9,32.82,11.05,10.900833333333333,27.81,2025-01-09 21:30:00,8.25,9.501361907473775,Hourly,8.25,0.2,11.5,24.36,4.47,0.0,11.41,2.170248065699108,Siltara,8.25,3,-0.7071067811865477,10.021666666666667,0.8660254037844387,5.45,12.364583333333334,74.51100000000001,0.49999999999999994,9.68,0.44,0.44,2.5054375286870605,0.7071067811865474,0.0,3.06,21,12.68
160.65,3.06,10.689107300638453,0,15.16,1.7770785951519554,0,9.30333333333333,11.49,22.13,22.0,2025,9.5,1,24.13,0.38303030303030305,9,35.6,11.57,10.930833333333332,32.82,2025-01-09 21:45:00,8.25,10.046687076766982,Hourly,8.25,0.13,11.5,24.35,5.45,3.16,13.52,1.904825451321999,Siltara,11.41,3,-0.7071067811865477,9.81,0.8660254037844387,5.14,12.195416666666667,87.8332,0.49999999999999994,9.5159,0.44,0.43,2.422330855884663,0.7071067811865474,1.8244268506360015,3.64,21,12.68
176.14,3.64,11.124629254386383,0,15.16,1.923927485564587,0,11.059999999999997,11.51,22.83,22.13,2025,9.5,1,24.7,0.1849255039439088,9,35.6,11.57,11.093333333333334,35.6,2025-01-09 22:00:00,11.41,11.039062197690702,Hourly,8.25,0.28,11.49,24.13,5.14,2.1099999999999994,13.52,2.1703179490581683,Siltara,13.52,3,-0.5000000000000004,9.95,0.8660254037844387,4.77,12.127083333333333,101.764,0.49999999999999994,10.2735,0.43,0.45,2.3573243475853616,0.8660254037844384,2.652376293060318,4.12,22,10.02
207.68,4.12,11.493147830634632,0,15.16,2.0463069099504265,0,12.816666666666663,11.51,23.31,22.83,2025,9.5,1,25.33,0.0,9,35.6,11.57,11.255833333333333,35.6,2025-01-09 22:15:00,13.52,11.747901569779073,Hourly,11.41,0.31,11.51,24.7,4.77,0.0,13.52,2.617240276831821,Siltara,13.52,3,-0.5000000000000004,10.533333333333333,0.8660254037844387,4.56,12.058749999999998,102.83979999999998,0.49999999999999994,10.7226,0.45,0.46,2.2883453534225002,0.8660254037844384,1.218209067985399,4.06,22,8.25
202.82,4.06,11.804971241306227,0,15.35,2.1484025072940165,0,13.52,11.5,23.66,23.31,2025,10.01,1,25.71,0.0,9,43.86,12.24,11.418333333333335,35.6,2025-01-09 22:30:00,13.52,12.254215406985052,Hourly,13.52,0.26,11.51,25.33,4.56,0.0,14.11,2.5817623180050258,Siltara,13.52,3,-0.5000000000000004,11.411666666666667,0.8660254037844387,5.07,11.990416666666668,106.69650000000001,0.49999999999999994,11.120199999999999,0.46,0.47,2.2150227777171305,0.8660254037844384,0.0,4.15,22,8.25
210.33,4.15,12.159591050336038,0,15.48,2.2773687302119536,0,13.716666666666663,11.5,24.05,23.66,2025,10.36,1,26.06,0.043639053254437864,9,56.24,12.68,11.574166666666668,43.86,2025-01-09 22:45:00,13.52,12.784439576417896,Hourly,13.52,0.25,11.5,25.71,5.07,0.5899999999999999,14.49,2.2311021192833507,Siltara,14.11,3,-0.5000000000000004,12.388333333333334,0.8660254037844387,4.94,11.93875,113.8822,0.49999999999999994,12.025,0.47,0.5,2.1466582978747923,0.8660254037844384,0.34063665880512445,4.37,22,8.25
207.6,4.37,12.518115504130494,0,15.48,2.413159000905292,0,14.039999999999997,11.49,24.57,24.05,2025,10.36,1,26.56,0.026931254429482694,9,56.24,12.68,11.725,56.24,2025-01-09 23:00:00,14.11,13.271742554584211,Hourly,13.52,0.38,11.5,26.06,4.94,0.3800000000000008,14.49,1.0668348825711647,Siltara,14.49,3,-0.25881904510252157,13.428333333333333,0.8660254037844387,4.63,11.897499999999999,122.17599999999999,0.49999999999999994,13.0221,0.5,0.53,2.084256201394659,0.9659258262890681,0.4887739763823459,4.6,23,11.41
204.46,4.6,12.821482349648878,0,15.48,2.531921506517406,0,14.36333333333333,11.51,24.84,24.57,2025,10.36,1,26.85,0.0,9,56.24,12.68,11.875833333333333,56.24,2025-01-09 23:15:00,14.49,13.619816110417293,Hourly,14.11,0.33,11.49,26.56,4.63,0.0,14.49,0.4823035005788532,Siltara,14.49,3,-0.25881904510252157,13.941666666666668,0.8660254037844387,5.06,11.856250000000001,125.3895,0.49999999999999994,13.4136,0.53,0.54,2.019048016098915,0.9659258262890681,0.21939310226615577,4.67,23,13.52
208.35,4.67,13.07817737277982,0,12.36,2.6359587985954245,0,14.49,11.5,24.63,24.84,2025,10.92,1,26.77,0.0,9,56.37,10.02,12.026666666666669,56.24,2025-01-09 23:30:00,14.49,13.868440078869494,Hourly,14.49,0.34,11.51,26.85,5.06,0.0,13.64,0.4752122332922534,Siltara,14.49,3,-0.25881904510252157,14.103333333333332,0.8660254037844387,4.65,11.815,117.2526,0.49999999999999994,13.0539,0.54,0.53,1.950752363222281,0.9659258262890681,0.0,4.38,23,13.52
212.76,4.38,13.164611623121386,0,10.28,2.5922115280343987,0,14.206666666666663,11.5,24.95,24.63,2025,11.29,1,27.5,-0.05866114561766733,9,56.55,8.25,12.328333333333333,56.37,2025-01-09 23:45:00,14.49,13.80317148490678,Hourly,14.49,0.3,11.5,26.77,4.65,-0.8499999999999996,13.08,0.44746694477984655,Siltara,13.64,3,-0.25881904510252157,14.123333333333333,0.8660254037844387,4.54,11.868333333333332,106.425,0.49999999999999994,13.972000000000001,0.53,0.56,1.9835227043946828,0.9659258262890681,0.4907477287995899,3.87,23,13.52
149.49,3.87,13.15159445033348,190,10.28,2.254355212528901,1,13.736666666666663,0.3,38.9,24.95,2025,11.29,1,36.51,-0.04105571847507335,10,40.03,8.25,12.730833333333335,56.55,2025-01-10 00:15:00,13.64,13.5965510606477,Hourly,14.49,0.99,11.5,27.5,4.54,-0.5600000000000005,20.45,0.5819621980884544,Siltara,13.08,4,0.0,14.049999999999999,0.8660254037844387,8.9,11.985000000000001,611.9076,0.49999999999999994,21.70379381443299,0.56,0.557938144329897,1.9683252647453109,1.0,0.7099530500828348,16.76,0,14.11
229.2,16.76,14.274426073359098,190,10.28,2.7470252505731483,1,15.72333333333333,0.32,35.23,38.9,2025,11.29,1,31.44,0.5634556574923547,10,40.03,8.25,13.7475,40.03,2025-01-10 00:30:00,13.08,15.554679329034073,Hourly,13.64,0.91,0.3,36.51,8.9,7.369999999999999,20.45,2.681437425462429,Siltara,20.45,4,0.0,15.106666666666667,0.8660254037844387,7.28,12.40875,550.8288,0.49999999999999994,19.619841237113402,0.557938144329897,0.5569072164948454,2.583801231588146,1.0,4.102978592842287,17.52,0,14.49
213.59,17.52,15.22451436976539,190,11.05,2.7847848238535766,1,17.99333333333333,0.59,39.68,35.23,2025,14.1,1,34.24,0.0,10,40.03,11.41,14.764166666666666,40.03,2025-01-10 00:45:00,20.45,16.95334237788148,Hourly,13.08,0.9,0.32,31.44,7.28,0.0,20.45,3.411779594288571,Siltara,20.45,4,0.0,16.1,0.8660254037844387,7.91,12.832500000000001,743.3504,0.49999999999999994,22.05717113402062,0.5569072164948454,0.5558762886597939,3.0171196312996593,1.0,4.255071483926239,21.71,0,14.49
222.38,21.71,16.02843523595533,190,11.57,3.0086757129122743,1,20.45,0.9,39.96,39.68,2025,15.97,1,33.01,0.0,10,35.92,13.52,15.5175,40.03,2025-01-10 01:00:00,20.45,17.952387412772485,Hourly,20.45,1.23,0.59,34.24,7.91,0.0,20.1,3.7043577940947503,Siltara,20.45,4,0.25881904510252074,17.093333333333334,0.8660254037844387,7.63,13.224166666666667,796.5312999999999,0.49999999999999994,,0.5558762886597939,,3.365661530255299,0.9659258262890683,0.0,24.13,1,14.49
258.18,24.13,16.65482981503913,190,11.57,3.2047506166884694,1,20.33333333333333,0.49,41.58,39.96,2025,15.97,1,35.86,-0.017114914425427768,10,22.42,13.52,16.065833333333334,35.92,2025-01-10 01:15:00,20.45,18.565991009123202,Hourly,20.45,0.63,0.9,33.01,7.63,-0.34999999999999787,18.96,3.6229458547804025,Siltara,20.1,4,0.25881904510252074,18.028333333333332,0.8660254037844387,7.22,13.579583333333334,820.1182,0.49999999999999994,,,,3.623868314105737,0.9659258262890683,0.2020725941893842,22.87,1,13.64
70.81,22.87,17.009471381956185,190,11.57,3.1966387413090374,1,19.836666666666662,0.46,43.28,41.58,2025,15.97,1,41.54,-0.056716417910447785,10,22.42,13.52,16.519166666666667,22.42,2025-01-10 01:30:00,20.1,18.678565006516575,Hourly,20.45,0.1,0.49,35.86,7.22,-1.1400000000000006,18.96,2.916235587191785,Siltara,18.96,4,0.25881904510252074,18.915000000000003,0.8660254037844387,8.1,13.887500000000001,722.7959999999999,0.49999999999999994,,,,3.7571997551379313,0.9659258262890683,0.7791234390790649,17.4,1,13.08
184.83,17.4,17.30955270780908,190,12.24,3.1174002134667678,1,19.34,0.46,42.73,43.28,2025,15.62,1,42.99,0.0,10,22.42,14.11,16.9725,22.42,2025-01-10 01:45:00,18.96,18.758975004654697,Hourly,20.1,1.13,0.46,41.54,8.1,0.0,18.96,0.7368242667039352,Siltara,18.96,4,0.25881904510252074,19.895,0.8660254037844387,7.78,14.195416666666668,607.0187999999999,0.49999999999999994,,,,3.86041558831446,0.9659258262890683,0.658179306867831,14.12,1,20.45
207.81,14.12,17.563467675838453,190,12.68,3.0255888482742357,1,18.96,0.45,42.58,42.73,2025,15.39,1,44.47,0.0,10,23.32,14.49,17.376666666666665,22.42,2025-01-10 02:00:00,18.96,18.8164107176105,Hourly,18.96,1.22,0.46,42.99,7.78,0.0,18.73,0.7629853646502434,Siltara,18.96,4,0.49999999999999994,19.646666666666665,0.8660254037844387,7.84,14.475416666666668,514.5179,0.49999999999999994,,,,3.9549671346599578,0.8660254037844387,0.0,11.57,2,20.45
206.54,11.57,17.742934187247922,190,12.68,2.9029232915075722,1,18.88333333333333,0.44,42.47,42.58,2025,15.39,1,45.17,-0.012130801687763735,10,26.29,14.49,17.73,23.32,2025-01-10 02:15:00,18.96,18.791721941150357,Hourly,18.96,1.33,0.45,44.47,7.84,-0.23000000000000043,18.0,0.7228554488995756,Siltara,18.73,4,0.49999999999999994,19.36,0.8660254037844387,5.46,14.727500000000001,464.3476,0.49999999999999994,,,,4.027694615167836,0.8660254037844387,0.13279056187213134,10.28,2,20.45
211.77,10.28,17.782482773825166,190,12.68,2.7177066702401955,1,18.56333333333333,0.43,43.13,42.47,2025,15.39,1,45.95,-0.03897490656700483,10,26.29,14.49,18.0225,26.29,2025-01-10 02:30:00,18.73,18.565515672250257,Hourly,18.96,1.06,0.44,45.17,5.46,-0.7300000000000004,18.0,0.674341654260278,Siltara,18.0,4,0.49999999999999994,18.951666666666668,0.8660254037844387,7.65,14.949166666666668,475.12300000000005,0.49999999999999994,,,,4.056402257588714,0.8660254037844387,0.501231815951756,10.34,2,20.1
212.41,10.34,17.815946962467446,190,10.02,2.4815775774173896,1,18.24333333333333,0.41,43.17,43.13,2025,15.71,1,45.54,0.0,10,26.29,13.64,18.315,26.29,2025-01-10 02:45:00,18.0,18.403939765893043,Hourly,18.73,0.98,0.43,45.95,7.65,0.0,18.0,0.4744856864758942,Siltara,18.0,4,0.49999999999999994,18.601666666666667,0.8660254037844387,7.22,15.170833333333334,503.21700000000004,0.49999999999999994,,,,4.072337131200389,0.8660254037844387,0.42146569649530585,11.05,2,18.96
226.06,11.05,17.84426281439553,190,8.25,2.00906958716568,1,18.0,0.38,43.0,43.17,2025,15.93,1,44.18,0.0,10,24.63,13.08,18.678333333333335,26.29,2025-01-10 03:00:00,18.0,18.288528404209316,Hourly,18.0,1.13,0.41,45.54,7.22,0.0,17.47,0.4910566837652305,Siltara,18.0,4,0.7071067811865476,18.441666666666666,0.8660254037844387,7.14,15.503333333333336,566.3876,0.49999999999999994,,,,3.957657043677584,0.7071067811865476,0.0,12.82,3,18.96
221.48,12.82,17.78668391987314,190,8.25,1.0834579182504085,1,17.823333333333327,0.36,42.12,43.0,2025,15.93,1,35.63,-0.02944444444444451,10,19.19,20.45,19.044166666666666,24.63,2025-01-10 03:15:00,18.0,18.0546631458638,Hourly,18.0,1.31,0.38,44.18,7.14,-0.5300000000000011,15.74,0.5497514589980761,Siltara,17.47,4,0.7071067811865476,18.19333333333333,0.8660254037844387,7.47,15.887500000000001,864.3838000000001,0.49999999999999994,,,,3.6592054851589237,0.7071067811865476,0.3059956426523816,24.26,3,18.96
195.86,24.26,17.47180947066189,190,8.25,1.3485738819823656,1,17.069999999999997,0.41,42.91,42.12,2025,15.93,1,39.35,-0.09902690326273605,10,19.19,20.45,18.651666666666667,19.19,2025-01-10 03:30:00,17.47,17.393330818474144,Hourly,18.0,1.5,0.36,35.63,7.47,-1.7299999999999986,15.74,1.0211888496603,Siltara,15.74,4,0.7071067811865476,17.656666666666666,0.8660254037844387,6.59,16.199583333333333,788.9675000000001,0.49999999999999994,,,,3.279169405926152,0.7071067811865476,1.1819052415438625,20.05,3,18.73
190.07,20.05,17.205377244406215,190,11.41,1.4585263941518989,1,16.316666666666663,0.35,40.45,42.91,2025,15.47,1,37.13,0.0,10,19.19,20.45,18.25916666666667,19.19,2025-01-10 03:45:00,15.74,16.92095058462439,Hourly,17.47,1.47,0.41,39.35,6.59,0.0,15.74,1.1176478276588462,Siltara,15.74,4,0.7071067811865476,17.158333333333335,0.8660254037844387,6.69,16.511666666666667,696.5588000000001,0.49999999999999994,,,,2.8129802649544007,0.7071067811865476,0.9988159656924451,18.76,3,18.0
204.81,18.76,16.979934591420644,190,13.52,1.449077031229799,1,15.74,0.34,42.01,40.45,2025,15.16,1,37.8,0.0,10,21.25,20.1,17.866666666666667,19.19,2025-01-10 04:00:00,15.74,16.583536131874563,Hourly,15.74,1.39,0.35,37.13,6.69,0.0,15.23,1.1573835434593602,Siltara,15.74,4,0.8660254037844386,16.781666666666666,0.8660254037844387,6.28,16.692083333333333,783.2159999999999,0.49999999999999994,,,,2.602532176917797,0.5000000000000001,0.0,20.72,4,18.0
200.54,20.72,16.710713885048236,190,13.52,1.4486950763552615,1,15.569999999999995,0.34,41.83,42.01,2025,15.16,1,38.67,-0.03240152477763658,10,28.01,18.96,17.460833333333333,21.25,2025-01-10 04:15:00,15.74,16.196811522767547,Hourly,15.74,1.31,0.34,37.8,6.28,-0.5099999999999998,13.58,1.1262504162058655,Siltara,15.23,4,0.8660254037844386,16.32,0.8660254037844387,6.52,16.763333333333332,736.6635000000001,0.49999999999999994,,,,2.534430159205908,0.5000000000000001,0.2944486372675957,19.05,4,18.0
212.38,19.05,16.229065595040815,190,13.52,1.744790297380108,1,14.849999999999996,0.31,39.91,41.83,2025,15.16,1,35.67,-0.10833880499015104,10,28.01,18.96,17.0125,28.01,2025-01-10 04:30:00,15.23,15.449151087691106,Hourly,15.74,0.93,0.34,38.67,6.52,-1.6500000000000004,13.58,1.2467023167823845,Siltara,13.58,4,0.8660254037844386,15.583333333333334,0.8660254037844387,6.04,16.765833333333337,711.9732,0.49999999999999994,,,,2.531119217413919,0.5000000000000001,1.1290261290106143,19.96,4,17.47
219.75,19.96,15.821517041957613,190,14.11,1.8844939438098594,1,14.129999999999995,0.38,40.05,39.91,2025,15.35,1,35.67,0.0,10,28.01,18.96,16.564166666666665,28.01,2025-01-10 04:45:00,13.58,14.915107919779363,Hourly,15.23,1.22,0.31,35.67,6.04,0.0,13.58,1.0680028089869016,Siltara,13.58,4,0.8660254037844386,14.935,0.8660254037844387,6.43,16.768333333333334,721.9608,0.49999999999999994,,,,2.527801358919121,0.5000000000000001,0.9526279441569213,20.24,4,15.74
183.43,20.24,15.476668266271826,190,14.49,1.9025746112909196,1,13.58,0.41,40.09,40.05,2025,15.48,1,35.47,0.0,10,29.73,18.73,16.115833333333335,28.01,2025-01-10 05:00:00,13.58,14.533648514128117,Hourly,13.58,1.16,0.38,35.67,6.43,0.0,13.45,1.105762180581304,Siltara,13.58,4,0.9659258262890683,14.574999999999998,0.8660254037844387,6.18,16.74625,731.7461,0.49999999999999994,,,,2.5542118881513423,0.25881904510252074,0.0,20.63,5,15.74
201.26,20.63,15.164873148383853,190,14.49,1.8529409465843272,1,13.536666666666662,0.51,47.2,40.09,2025,15.48,1,44.19,-0.009572901325478703,10,35.4,18.0,15.675833333333332,29.73,2025-01-10 05:15:00,13.58,14.224034652948657,Hourly,13.58,1.19,0.41,35.47,6.18,-0.13000000000000078,13.01,1.0146855013601979,Siltara,13.45,4,0.9659258262890683,14.193333333333333,0.8660254037844387,6.41,16.702916666666667,921.3615,0.49999999999999994,,,,2.602519647284374,0.25881904510252074,0.07505553491872115,20.85,5,15.74
203.37,20.85,14.833354202478645,190,14.49,1.8438398668428753,1,13.346666666666664,0.43,44.23,47.2,2025,15.48,1,41.11,-0.032713754646840114,10,35.4,18.0,15.259999999999998,35.4,2025-01-10 05:30:00,13.45,13.87716760924904,Hourly,13.58,1.22,0.51,44.19,6.41,-0.4399999999999995,13.01,0.7633981049692262,Siltara,13.01,4,0.9659258262890683,13.738333333333335,0.8660254037844387,6.3,16.64125,816.8557000000001,0.49999999999999994,,,,2.6737927995248696,0.25881904510252074,0.2987194893573602,19.87,5,15.23
201.99,19.87,14.552838171328084,190,13.64,1.7288222913779312,1,13.156666666666661,0.39,44.17,44.23,2025,12.36,1,44.32,0.0,10,35.4,18.0,14.844166666666666,35.4,2025-01-10 05:45:00,13.01,13.629405435177887,Hourly,13.45,1.33,0.43,41.11,6.3,0.0,13.01,0.2820933651658847,Siltara,13.01,4,0.9659258262890683,13.368333333333334,0.8660254037844387,5.72,16.579583333333336,657.7088,0.49999999999999994,,,,2.7417678828078866,0.25881904510252074,0.2540341184209487,14.84,5,13.58
209.05,14.84,14.315478452662223,190,13.08,1.4834531786838052,1,13.01,0.4,45.75,44.17,2025,10.28,1,48.42,0.0,10,37.08,17.47,14.428333333333333,35.4,2025-01-10 06:00:00,13.01,13.45243245369849,Hourly,13.01,0.79,0.39,44.32,5.72,0.0,13.21,0.29234682599716205,Siltara,13.01,4,1.0,13.273333333333333,0.8660254037844387,6.13,16.553333333333335,560.2194000000001,0.49999999999999994,,,,2.773962268430323,6.123233995736766e-17,0.0,11.57,6,13.58
207.33,11.57,14.145404844560343,190,20.45,1.1649138347697732,1,13.076666666666663,0.4,46.91,45.75,2025,10.28,1,50.72,0.01537279016141438,10,42.61,15.74,14.073333333333332,37.08,2025-01-10 06:15:00,13.01,13.383166038356064,Hourly,13.01,1.05,0.4,48.42,6.13,0.20000000000000107,13.86,0.25079207856432784,Siltara,13.21,4,1.0,13.211666666666668,0.8660254037844387,5.85,16.55875,520.8944,0.49999999999999994,,,,2.7670032644046207,6.123233995736766e-17,0.11547005378843166,10.27,6,13.58
219.17,10.27,14.101496406935675,190,20.45,1.0401252838357464,1,13.359999999999998,0.41,48.4,46.91,2025,10.28,1,52.63,0.049205147615442736,10,42.61,15.74,13.916666666666666,42.61,2025-01-10 06:30:00,13.21,13.519404313111474,Hourly,13.01,1.09,0.4,50.72,5.85,0.6499999999999986,13.86,0.3423691964394798,Siltara,13.86,4,1.0,13.258333333333333,0.8660254037844387,6.96,16.284166666666668,536.2997,0.49999999999999994,,,,2.6899731963552904,6.123233995736766e-17,0.44440972085294006,10.19,6,13.45
199.49,10.19,14.064343113560957,190,20.45,0.8678395327243688,1,13.64333333333333,0.42,49.54,48.4,2025,11.05,1,54.1,0.0,10,42.61,15.74,13.76,42.61,2025-01-10 06:45:00,13.86,13.616717366508196,Hourly,13.21,0.92,0.41,52.63,6.96,0.0,13.86,0.420317340435312,Siltara,13.86,4,1.0,13.326666666666668,0.8660254037844387,6.92,16.009583333333335,546.41,0.49999999999999994,,,,2.580359730849203,6.123233995736766e-17,0.37527767495807623,10.1,6,13.01
205.5,10.1,14.032905711474656,190,20.1,0.6089981838171556,1,13.86,0.42,49.85,49.54,2025,11.57,1,54.58,0.0,10,45.37,15.23,13.603333333333332,42.61,2025-01-10 07:00:00,13.86,13.686226690362997,Hourly,13.86,0.58,0.42,54.1,6.92,0.0,14.15,0.4352202507588677,Siltara,13.86,4,0.9659258262890683,13.468333333333334,0.8660254037844387,6.49,15.735,544.1626,0.49999999999999994,,,,2.4337643056920384,-0.25881904510252063,0.0,9.97,7,13.01
193.1,9.97,14.050920217401632,190,18.96,0.3855653071457775,1,13.956666666666663,0.34,46.07,49.85,2025,11.57,1,46.83,0.02092352092352099,10,54.4,13.58,13.513333333333334,45.37,2025-01-10 07:15:00,13.86,13.818733350259283,Hourly,13.86,0.94,0.42,54.58,6.49,0.2900000000000009,15.1,0.4438655952770037,Siltara,14.15,4,0.9659258262890683,13.658333333333333,0.8660254037844387,7.03,15.487083333333333,684.6546,0.49999999999999994,,,,2.2671347156375745,-0.25881904510252063,0.16743157803102873,14.62,7,13.01
177.55,14.62,14.21231710703215,190,18.96,0.5996817337821667,1,14.369999999999997,0.34,46.48,46.07,2025,11.57,1,44.32,0.0671378091872791,10,54.4,13.58,13.639999999999999,54.4,2025-01-10 07:30:00,14.15,14.184809535899486,Hourly,13.86,0.73,0.34,46.83,7.03,0.9499999999999993,15.1,0.6188914821441657,Siltara,15.1,4,0.9659258262890683,14.006666666666668,0.8660254037844387,6.95,15.32625,853.16,0.49999999999999994,,,,2.143600815574167,-0.25881904510252063,0.6486139067185134,19.25,7,13.21
203.2,19.25,14.348883705950282,190,18.96,0.7318262751387741,1,14.783333333333331,0.44,48.21,46.48,2025,12.24,1,49.97,0.0,10,54.4,13.58,13.766666666666666,54.4,2025-01-10 07:45:00,15.1,14.446292525642491,Hourly,14.15,0.18,0.34,44.32,6.95,0.0,15.1,0.6132672065833917,Siltara,15.1,4,0.9659258262890683,14.321666666666665,0.8660254037844387,6.55,15.165416666666667,695.0827,0.49999999999999994,,,,1.9990410291538256,-0.25881904510252063,0.5484827557198221,13.91,7,13.86
225.45,13.91,14.464440058881008,190,18.73,0.8225054112459924,1,15.1,0.43,47.62,48.21,2025,12.68,1,50.32,0.0,10,48.12,13.45,13.893333333333333,54.4,2025-01-10 08:00:00,15.1,14.633066089744638,Hourly,15.1,0.12,0.44,49.97,6.55,0.0,14.57,0.6351194113476558,Siltara,15.1,4,0.8660254037844387,14.52833333333333,0.8660254037844387,7.13,15.004583333333334,615.4136,0.49999999999999994,,,,1.82847520026374,-0.4999999999999998,0.0,12.23,8,13.86
314.59,12.23,14.480680049822393,190,18.0,0.831125560299693,1,14.92333333333333,0.43,47.68,47.62,2025,12.68,1,50.74,-0.03509933774834433,10,27.46,13.01,13.986666666666666,48.12,2025-01-10 08:15:00,15.1,14.615047206960455,Hourly,15.1,0.33,0.43,50.32,7.13,-0.5299999999999994,12.83,0.54551504715323,Siltara,14.57,4,0.8660254037844387,14.646666666666667,0.8660254037844387,7.49,14.831249999999999,593.658,0.49999999999999994,,,,1.648259457469895,-0.4999999999999998,0.30599564265201284,11.7,8,13.86
158.52,11.7,14.22672927292664,190,18.0,0.8517237423878213,1,14.166666666666663,0.43,49.71,47.68,2025,12.68,1,54.21,-0.11942347288949898,10,27.46,13.01,13.97166666666667,27.46,2025-01-10 08:30:00,14.57,14.105033719257468,Hourly,15.1,0.47,0.43,50.74,7.49,-1.7400000000000002,12.83,0.8935938674833929,Siltara,12.83,4,0.8660254037844387,14.475,0.8660254037844387,7.25,14.615833333333333,556.1946,0.49999999999999994,,,,1.5510975543778454,-0.4999999999999998,1.187532455692042,10.26,8,14.15
354.48,10.26,14.01184784632254,190,18.0,0.8715538196920738,1,13.409999999999997,0.43,50.53,49.71,2025,10.02,1,55.23,0.0,10,27.46,13.01,13.956666666666665,27.46,2025-01-10 08:45:00,12.83,13.740738370898192,Hourly,14.57,1.21,0.43,54.21,7.25,0.0,12.83,1.1227243651065615,Siltara,12.83,4,0.8660254037844387,14.255,0.8660254037844387,7.9,14.400416666666665,567.2121,0.49999999999999994,,,,1.413578496821172,-0.4999999999999998,1.004589468384272,10.27,8,15.1
7.4,10.27,13.830025100734456,190,17.47,0.8906670976305698,1,12.83,0.39,50.1,50.53,2025,8.25,1,54.0,0.0,10,32.57,13.21,13.941666666666668,27.46,2025-01-10 09:00:00,12.83,13.480527407784423,Hourly,12.83,2.52,0.43,55.23,7.9,0.0,13.22,1.1627840154863693,Siltara,12.83,4,0.7071067811865476,13.876666666666665,0.8660254037844387,8.04,14.185,612.36,0.49999999999999994,,,,1.2221541922252548,-0.7071067811865475,0.0,11.34,9,15.1
6.2,11.34,13.736175085236848,190,15.74,0.889924664847926,1,12.959999999999996,0.37,49.68,50.1,2025,8.25,1,54.43,0.030397505845674244,10,49.39,13.86,13.9425,32.57,2025-01-10 09:15:00,12.83,13.406091005560302,Hourly,12.83,2.36,0.39,54.0,8.04,0.39000000000000057,14.48,1.0105378106090888,Siltara,13.22,4,0.7071067811865476,13.563333333333333,0.8660254037844387,8.29,14.007916666666667,537.2240999999999,0.49999999999999994,,,,1.015993748558526,-0.7071067811865475,0.22516660495856727,9.87,9,15.1
1.24,9.87,13.850609687508102,190,15.74,0.90260691468547,1,13.509999999999998,0.37,52.05,49.68,2025,8.25,1,57.13,0.09531013615733734,10,49.39,13.86,13.994166666666667,49.39,2025-01-10 09:30:00,13.22,13.712922146828788,Hourly,12.83,2.68,0.37,54.43,8.29,1.2599999999999998,14.48,0.8391424193806114,Siltara,14.48,4,0.7071067811865476,13.46,0.8660254037844387,8.34,13.955416666666666,586.1538,0.49999999999999994,,,,0.9532141470590364,-0.7071067811865475,0.8623804264874063,10.26,9,14.57
23.68,10.26,13.94743896635301,190,15.74,0.9119256183193402,1,14.059999999999997,0.33,57.18,52.05,2025,11.41,1,61.56,0.0,10,49.39,13.86,14.045833333333333,49.39,2025-01-10 09:45:00,14.48,13.932087247734849,Hourly,13.22,1.92,0.37,57.13,8.34,0.0,14.48,0.8158124784556474,Siltara,14.48,4,0.7071067811865476,13.445,0.8660254037844387,8.71,13.902916666666664,817.5168,0.49999999999999994,,,,0.8827451213594577,-0.7071067811865475,0.7274613391711168,13.28,9,12.83
1.78,13.28,14.029371433067933,190,15.23,0.9179832143519597,1,14.48,0.32,55.42,57.18,2025,13.52,1,59.79,0.0,10,59.61,14.15,14.097500000000002,49.39,2025-01-10 10:00:00,14.48,14.088633748382035,Hourly,14.48,1.86,0.33,61.56,8.71,0.0,14.31,0.844630096553481,Siltara,14.48,4,0.49999999999999994,13.72,0.8660254037844387,8.61,13.850416666666666,755.1477,0.49999999999999994,,,,0.8025637136709568,-0.8660254037844387,0.0,12.63,10,12.83
6.38,12.63,14.072545058749789,190,13.58,0.919974884381395,1,14.42333333333333,0.3,56.03,55.42,2025,13.52,1,59.98,-0.011740331491712701,10,93.2,15.1,14.110833333333334,59.61,2025-01-10 10:15:00,14.48,14.151881248844312,Hourly,14.48,1.7,0.32,59.79,8.61,-0.16999999999999993,13.76,0.7426888087689257,Siltara,14.31,4,0.49999999999999994,13.966666666666669,0.8660254037844387,6.63,13.812083333333334,810.3298,0.49999999999999994,,,,0.7543265304238737,-0.8660254037844387,0.09814954570445716,13.51,10,12.83
359.62,13.51,14.024461203557514,190,13.58,0.868901692672383,1,14.18333333333333,0.26,57.0,56.03,2025,13.52,1,60.4,-0.03843466107617056,10,0.0,15.1,13.999166666666667,93.2,2025-01-10 10:30:00,14.31,14.039915177745936,Hourly,14.48,1.8,0.3,59.98,6.63,-0.5500000000000007,13.76,0.5223951250448304,Siltara,13.76,4,0.49999999999999994,14.121666666666668,0.8660254037844387,8.44,13.819583333333332,888.484,0.49999999999999994,,,,0.7528119989782752,-0.8660254037844387,0.3763420429901183,14.71,10,13.22
244.07,14.71,13.983774864548666,190,13.58,0.7977596471113608,1,13.943333333333328,0.2533333333333333,57.424375,57.0,2025,14.11,1,60.534375,0.0,10,31.06666666666667,15.1,13.887499999999998,0.0,2025-01-10 10:45:00,13.76,13.959939412675668,Hourly,14.31,1.9166666666666667,0.26,60.4,8.44,0.0,13.76,0.3560009363338857,Siltara,13.76,4,0.49999999999999994,14.211666666666668,0.8660254037844387,11.126,13.827083333333333,927.1974550781249,0.49999999999999994,,,,0.7512162843054364,-0.8660254037844387,0.3175426480363869,15.316875,10,14.48
128.52000000000004,15.316875,13.94934796231041,190,13.45,0.700460346474726,1,13.76,0.2466666666666666,57.84875,57.424375,2025,14.49,1,60.66875,0.0,10,62.13333333333334,14.57,13.775833333333333,31.06666666666667,2025-01-10 11:00:00,13.76,13.902813866196905,Hourly,13.76,2.033333333333333,0.2533333333333333,60.534375,11.126,0.0,13.76,0.3685873935318522,Siltara,13.76,4,0.258819045102521,14.091666666666667,0.8660254037844387,13.812,13.834583333333335,966.0740078125002,0.49999999999999994,,,,0.7495388679056731,-0.9659258262890682,0.0,15.923750000000002,11,14.48
12.97,15.923750000000002,13.920217506570348,190,13.01,0.6544926325593031,1,13.76,0.24,58.273125,57.84875,2025,14.49,1,60.803125,0.0,10,93.2,12.83,13.708333333333334,62.13333333333334,2025-01-10 11:15:00,13.76,13.86200990442636,Hourly,13.76,2.15,0.2466666666666666,60.66875,13.812,0.0,13.76,0.33229003396220835,Siltara,13.76,4,0.258819045102521,13.971666666666666,0.8660254037844387,16.498,13.847500000000002,1005.113658203125,0.49999999999999994,,,,0.7452822634294184,-0.9659258262890682,0.0,16.530625,11,14.48
344.16,16.530625,13.89556865940568,190,13.01,0.5932262841919764,1,13.76,0.35,,58.273125,2025,14.49,1,,0.0,10,77.87,12.83,13.785833333333334,93.2,2025-01-10 11:30:00,13.76,13.8328642174474,Hourly,13.76,1.38,0.24,60.803125,16.498,0.0,10.17,0.22453655976389827,Siltara,13.76,4,0.258819045102521,13.851666666666667,0.8660254037844387,,13.878750000000002,,0.49999999999999994,,,,0.7240604857089527,-0.9659258262890682,0.0,,11,14.31
262.78,,13.322404250266343,190,13.01,1.1848318510089633,1,12.56333333333333,0.24,,,2025,13.64,1,,-0.2609011627906977,10,82.926,12.83,13.564166666666667,77.87,2025-01-10 11:45:00,13.76,12.786331583891,Hourly,13.76,0.51,0.35,,,-3.59,8.94,1.4656113627666139,Siltara,10.17,4,0.258819045102521,13.161666666666667,0.8660254037844387,21.87,13.760416666666666,,0.49999999999999994,,,,1.0367611739897602,-0.9659258262890682,2.0726874663879915,,11,13.76
282.34,,12.648188211763829,190,13.21,1.7844021153049396,1,10.956666666666663,0.295,,,2025,13.08,1,,-0.12094395280235992,10,87.982,13.22,13.24,82.926,2025-01-10 12:00:00,10.17,11.687379702779285,Hourly,13.76,0.56,0.24,,21.87,-1.2300000000000004,8.4675,2.206013750335799,Siltara,8.94,4,1.2246467991473532e-16,12.358333333333334,0.8660254037844387,23.22,13.590833333333334,,0.49999999999999994,,,,1.4250123315031742,-1.0,2.504442719113729,,12,13.76
301.9,,12.005005409954009,190,13.86,2.2546753088016738,1,9.192499999999997,0.35,,,2025,20.45,1,,-0.05285234899328861,10,93.038,14.48,12.843958333333333,87.982,2025-01-10 12:15:00,8.94,10.767414073413775,Hourly,10.17,0.61,0.295,,23.22,-0.47250000000000014,7.994999999999999,2.562731818783221,Siltara,8.4675,4,1.2246467991473532e-16,11.476249999999999,0.8660254037844387,24.57,13.393229166666666,,0.49999999999999994,,,,1.7677245997115196,-1.0,0.8788877914661941,,12,13.76
321.46,,11.388081500730316,190,13.86,2.5805272669345487,1,8.467499999999996,0.405,,,2025,20.45,1,,-0.05580159433126663,10,,14.48,12.303541666666668,93.038,2025-01-10 12:30:00,8.4675,9.975295766724125,Hourly,8.94,0.6599999999999999,0.35,,24.57,-0.47250000000000014,7.5225,2.6154294182161806,Siltara,7.994999999999999,4,1.2246467991473532e-16,10.515416666666665,0.8660254037844387,25.92,13.148854166666666,,0.49999999999999994,,,,2.078474563333712,-1.0,0.47249999998759484,,12,13.76
341.02,,10.793376654464112,190,13.86,2.8177653742920827,1,7.9949999999999966,0.46,,,2025,20.45,1,,-0.05909943714821755,10,103.15,14.48,11.72375,,2025-01-10 12:45:00,7.994999999999999,9.274496976231518,Hourly,8.4675,0.71,0.405,,25.92,-0.47249999999999925,7.05,2.2868398865400774,Siltara,7.5225,4,1.2246467991473532e-16,9.475833333333332,0.8660254037844387,,12.884791666666665,,0.49999999999999994,,,,2.3667803893138237,-1.0,0.4724999999875623,,12,13.76
2.46,,10.217472553777325,190,14.15,2.969304102996963,1,7.522499999999996,0.38,,,2025,20.1,1,,-0.06281156530408775,10,106.37333333333332,14.31,11.104583333333332,103.15,2025-01-10 13:00:00,7.5225,8.638926411593943,Hourly,7.994999999999999,1.65,0.46,,,-0.47250000000000014,6.02,1.1112830422552014,Siltara,7.05,4,-0.2588190451025208,8.3575,0.8660254037844387,28.62,12.601041666666667,,0.49999999999999994,,,,2.637516630555701,-0.9659258262890683,0.47249999998752973,,13,10.17
41.458,,9.571707545503891,190,15.1,3.1164624284909745,1,6.864166666666662,0.356,,,2025,18.96,1,,-0.1460992907801419,10,109.59666666666666,13.76,10.413749999999999,106.37333333333332,2025-01-10 13:15:00,7.05,7.890661722567102,Hourly,7.5225,1.456,0.38,,28.62,-1.0300000000000002,6.028,1.0471946651270951,Siltara,6.02,4,-0.2588190451025208,7.665833333333333,0.8660254037844387,25.086666666666662,12.262291666666664,,0.49999999999999994,,,,2.935214690751895,-0.9659258262890683,0.7682949194947903,,13,8.94
80.45599999999999,,9.026521769272524,190,15.1,3.1607126270226082,1,6.365999999999996,0.332,,,2025,18.96,1,,0.0013289036544850512,10,112.82,13.76,9.769416666666666,109.59666666666666,2025-01-10 13:30:00,6.02,7.358472658976501,Hourly,7.05,1.262,0.356,,25.086666666666662,0.008000000000000007,6.036,1.0127971169014982,Siltara,6.028,4,-0.2588190451025208,7.180499999999999,0.8660254037844387,21.55333333333333,11.884291666666668,,0.49999999999999994,,,,3.1314724239046603,-0.9659258262890683,0.59237488129405,,13,8.4675
119.454,,8.56644149707675,190,15.1,3.0590121808749666,1,6.027999999999996,0.308,,,2025,18.96,1,,0.0013271400132714014,10,,13.76,9.125749999999998,112.82,2025-01-10 13:45:00,6.028,6.980623327840357,Hourly,6.02,1.068,0.332,,21.55333333333333,0.008000000000000007,6.044,0.871428238585365,Siltara,6.036,4,-0.2588190451025208,6.77525,0.8660254037844387,18.02,11.506625,,0.49999999999999994,,,,3.270283288654388,-0.9659258262890683,0.007999999257320055,,13,7.994999999999999
305.87,,7.025630238638326,190,13.76,0.5354160447024978,1,7.292499999999997,0.33,74.61,,2025,13.01,1,75.67,0.06273568735001708,10,67.795,6.06,6.66409090909091,56.4,2025-01-10 17:15:00,7.2925,7.0078702802929325,Hourly,6.835,0.39,0.44,,,0.4574999999999996,16.13,0.6896738359572538,Siltara,7.75,4,-0.9659258262890683,6.7375,0.8660254037844387,6.38,7.3335454545454555,1890.2366000000002,0.49999999999999994,,,,1.803936627209532,-0.25881904510252063,0.45749999998710444,24.98,17,6.25
308.51666666666665,24.98,8.426302509617045,190,10.17,2.8790030431979337,1,10.390833333333328,0.3966666666666667,75.7975,74.61,2025,13.01,1,76.935,1.081290322580645,10,79.19,6.9,7.579545454545454,67.795,2025-01-10 17:30:00,7.75,9.614193057352093,Hourly,7.2925,0.3433333333333333,0.33,75.67,6.38,8.379999999999999,15.343333333333332,3.8494306938391083,Siltara,16.13,4,-0.9659258262890683,8.384166666666667,0.8660254037844387,6.35,7.441272727272727,1947.4171875,0.49999999999999994,,,,2.2271155310747415,-0.25881904510252063,4.975525307273768,25.3125,17,5.92
311.16333333333336,25.3125,9.490461097881088,190,8.94,3.690803536489732,1,13.074444444444438,0.4633333333333334,76.985,75.7975,2025,13.01,1,78.2,-0.04877040710890683,10,90.585,6.7700000000000005,8.34712121212121,79.19,2025-01-10 17:45:00,16.13,11.251090279061017,Hourly,7.75,0.2966666666666667,0.3966666666666667,76.935,6.35,-0.7866666666666671,14.556666666666668,4.508849036021675,Siltara,15.343333333333332,4,-0.9659258262890683,9.954722222222221,0.8660254037844387,6.319999999999999,7.676424242424243,2005.439,0.49999999999999994,,,,2.7424442303228487,-0.25881904510252063,4.627849672642918,25.645,17,6.3775
313.81,25.645,10.269877339232716,190,8.4675,4.08386379207703,1,15.343333333333328,0.53,78.1725,76.985,2025,13.21,1,79.465,-0.051270910275906814,10,101.98,6.640000000000001,9.055,90.585,2025-01-10 18:00:00,15.343333333333332,12.195540675519775,Hourly,16.13,0.25,0.4633333333333334,78.2,6.319999999999999,-0.7866666666666635,13.77,4.447025464972633,Siltara,14.556666666666668,4,-1.0,11.317916666666667,0.8660254037844387,6.29,7.931727272727273,2064.3020375,0.49999999999999994,,,,3.103363517724895,-1.8369701987210297e-16,0.7866666666594979,25.9775,18,6.835
313.81,25.9775,10.808357748581528,190,7.994999999999999,4.225599346350063,1,14.556666666666663,0.48,79.36,78.1725,2025,13.86,1,80.73,-0.0540416762079232,10,1.49,6.51,9.703181818181818,101.98,2025-01-10 18:15:00,14.556666666666668,12.645386196799839,Hourly,15.343333333333332,0.25,0.53,79.465,6.29,-0.7866666666666688,10.62,3.9186896814430687,Siltara,13.77,4,-1.0,12.47375,0.8660254037844387,6.26,8.17275,2124.0063,0.49999999999999994,,,,3.3435689557390886,-1.8369701987210297e-16,0.7866666666594659,26.31,18,7.2925
253.53,26.305,10.747680202633322,190,7.05,3.906770134396275,1,11.654444444444438,0.4933333333333333,82.10499999999999,80.7325,2025,13.86,1,84.16499999999999,-0.004394224733207802,10,2.4633333333333334,6.25,10.118194444444443,1.9766666666666663,2025-01-10 18:45:00,10.62,11.640026971156379,Hourly,13.77,0.3166666666666666,0.4866666666666666,82.4475,6.42,-0.046666666666666856,10.526666666666667,2.381763741121786,Siltara,10.573333333333332,4,-1.0,13.498888888888887,0.8660254037844387,6.58,8.430742424242423,2213.5395,0.49999999999999994,,,,3.412872071981523,-1.8369701987210297e-16,1.8322734309906958,26.3,18,16.13
223.39,26.3,10.713678120176914,190,6.02,3.712033827823086,1,10.573333333333329,0.5,83.47749999999999,82.10499999999999,2025,14.15,1,85.8825,-0.004413619167717379,10,2.95,5.92,10.474583333333333,2.4633333333333334,2025-01-10 19:00:00,10.573333333333332,11.321924027016461,Hourly,10.62,0.35,0.4933333333333333,84.16499999999999,6.58,-0.04666666666666508,10.48,2.237966090499621,Siltara,10.526666666666667,4,-0.9659258262890684,12.565,0.8660254037844387,6.74,8.588772727272728,2258.2803375,0.49999999999999994,,,,3.4263588995216154,0.2588190451025203,0.04666666654259195,26.295,19,15.343333333333332
230.04,26.295,10.677727640149698,190,6.028,3.4257599890446566,1,10.526666666666662,0.59,84.85,83.47749999999999,2025,15.1,1,87.6,-0.004433185560481335,10,38.04,6.3775,10.854583333333332,2.95,2025-01-10 19:15:00,10.526666666666667,11.081374305011758,Hourly,10.573333333333332,0.27,0.5,85.8825,6.74,-0.046666666666666856,7.24,1.8830054778554346,Siltara,10.48,4,-0.9659258262890684,11.754444444444445,0.8660254037844387,6.9,8.791500000000001,2303.004,0.49999999999999994,,,,3.398967806284402,0.2588190451025203,0.046666666542558875,26.29,19,14.556666666666668
209.94,26.29,10.148846464742052,190,6.036,3.331026211523623,1,9.415555555555551,0.52,86.74,84.85,2025,15.1,1,89.73,-0.30916030534351147,10,38.04,6.835,10.926458333333334,38.04,2025-01-10 19:30:00,10.48,9.983838789294113,Hourly,10.526666666666667,0.46,0.59,87.6,6.9,-3.24,7.24,2.065625275257284,Siltara,7.24,4,-0.9659258262890684,10.535,0.8660254037844387,6.34,8.846590909090908,2389.5099,0.49999999999999994,,,,3.3616611180833087,0.2588190451025203,1.8842308579137186,26.63,19,13.77
231.145,26.63,9.701331624012505,190,6.044,3.287571179187008,1,8.319999999999995,0.43,87.38333333333333,86.74,2025,15.1,1,91.11333333333332,0.0,10,38.04,7.2925,10.960208333333334,38.04,2025-01-10 19:45:00,7.24,9.199884849495795,Hourly,10.48,0.38,0.52,89.73,6.34,0.0,7.24,1.7099135780642272,Siltara,7.24,4,-0.9659258262890684,9.446666666666667,0.8660254037844387,6.05,8.901318181818182,2344.649777777777,0.49999999999999994,,,,3.3233079932933784,0.2588190451025203,1.870614872171252,25.73333333333333,19,10.62
239.29,24.836666666666662,9.002255186423156,190,6.06,3.3410039016321216,1,7.24,0.65,88.67,88.02666666666667,2025,12.83,1,93.88,0.0,10,60.96,16.13,10.913333333333334,38.04,2025-01-10 20:15:00,7.24,8.239941249742753,Hourly,7.24,0.14,0.34,92.49666666666668,5.76,0.0,5.5,1.6852427015023503,Siltara,7.24,4,-0.8660254037844386,8.327777777777778,0.8660254037844387,5.47,8.881086956521738,2247.4872,0.49999999999999994,,,,3.2282712192962335,0.5000000000000001,0.0,23.94,20,10.526666666666667
213.64,23.94,8.463446696204208,190,6.9,3.2398026891557032,1,6.659999999999996,0.62,90.77,88.67,2025,12.83,1,95.67,-0.2403314917127072,10,61.75,15.343333333333332,10.0275,60.96,2025-01-10 20:30:00,7.24,7.457100892673394,Hourly,7.24,0.18,0.65,93.88,5.47,-1.7400000000000002,5.46,1.621739806505343,Siltara,5.5,4,-0.8660254037844386,7.489999999999999,0.8660254037844387,4.09,8.856739130434782,2412.7974,0.49999999999999994,,,,3.2525357523441776,0.5000000000000001,1.0045894683840577,25.22,20,10.48
195.03,25.22,8.001377973711254,190,6.7700000000000005,3.0139597208103712,1,6.066666666666662,0.65,83.53,90.77,2025,12.83,1,80.78,-0.007272727272727279,10,61.75,14.556666666666668,9.203888888888889,61.75,2025-01-10 20:45:00,5.5,6.886500637623853,Hourly,7.24,0.21,0.62,95.67,4.09,-0.040000000000000036,5.46,0.9089481099989506,Siltara,5.46,4,-0.8660254037844386,6.653333333333333,0.8660254037844387,1.21,8.794130434782607,2764.2916,0.49999999999999994,,,,3.3053442003409725,0.5000000000000001,1.0163332786647592,34.22,20,7.24
201.85,34.22,7.610396746986445,190,6.640000000000001,2.6695621117893213,1,5.473333333333329,0.5,67.23,83.53,2025,13.22,1,67.07,0.0,10,61.63,13.77,8.445833333333333,61.75,2025-01-10 21:00:00,5.46,6.47892902687418,Hourly,5.5,0.31,0.65,80.78,1.21,0.0,7.27,0.9677534121203956,Siltara,5.46,4,-0.7071067811865477,6.3566666666666665,0.8660254037844387,1.9466666666666663,8.73717391304348,1615.0455999999997,0.49999999999999994,,,,3.3527554130599513,0.7071067811865474,0.02309401050965729,24.08,21,7.24
211.49,24.08,7.558028016680838,190,6.51,2.0869111702076513,1,6.063333333333328,0.57,68.1,67.23,2025,14.48,1,69.82,0.33150183150183143,10,61.25,10.62,7.904166666666666,61.63,2025-01-10 21:15:00,5.46,6.704949304910128,Hourly,5.46,0.43,0.5,67.07,1.9466666666666663,1.8099999999999996,13.2,0.9732916657768461,Siltara,7.27,4,-0.7071067811865477,6.361666666666667,0.8660254037844387,2.683333333333333,8.764565217391304,1502.5263999999997,0.49999999999999994,,,,3.337381385454278,0.7071067811865474,1.045003987227541,21.52,21,7.24
200.68,22.44,9.160481597741903,190,6.25,2.8161799681143984,1,11.223333333333327,0.9,73.21,74.82,2025,14.48,1,74.75,0.0,10,61.25,10.526666666666667,8.338055555555556,61.25,2025-01-10 21:45:00,13.2,9.886198624954147,Hourly,7.27,0.22,0.59,77.59,3.42,0.0,13.2,3.821991191338703,Siltara,13.2,4,-0.7071067811865477,8.348333333333333,0.8660254037844387,,9.228125,1773.07,0.49999999999999994,,,,3.4524365324035258,0.7071067811865474,3.4236870962927957,23.72,21,5.5
307.77,23.72,9.781945967320071,190,5.92,3.0968090860054156,1,13.2,0.94,70.04,73.21,2025,14.31,1,67.53,0.0,10,57.39,10.48,8.560833333333333,61.25,2025-01-10 22:00:00,13.2,10.83299901782439,Hourly,13.2,0.26,0.9,74.75,,0.0,12.99,3.964393606425908,Siltara,13.2,4,-0.5000000000000004,9.631666666666666,0.8660254037844387,,9.517708333333333,1940.1369,0.49999999999999994,,,,3.483116249477745,0.8660254037844384,0.0,28.73,22,5.46
321.5,28.73,10.275492741578523,190,6.3775,3.3152786801846528,1,13.129999999999995,0.86,71.83,70.04,2025,13.76,1,71.93,-0.01590909090909084,10,44.72,7.24,8.77,57.39,2025-01-10 22:15:00,13.2,11.449285012731707,Hourly,13.2,0.73,0.94,67.53,,-0.20999999999999908,12.31,3.549860091140297,Siltara,12.99,4,-0.5000000000000004,10.886666666666665,0.8660254037844387,5.63,9.812291666666667,1827.0220000000002,0.49999999999999994,,,,3.4645338011844835,0.8660254037844384,0.12124355648274268,25.4,22,5.46
239.18,25.4,10.58849385825875,190,6.835,3.4238524952318024,1,12.833333333333329,0.75,73.6,71.83,2025,13.76,1,81.75,-0.05234795996920706,10,44.72,7.24,9.1925,44.72,2025-01-10 22:30:00,12.99,11.695203580522648,Hourly,13.2,0.01,0.86,71.93,5.63,-0.6799999999999997,12.31,2.3564500136159428,Siltara,12.31,4,-0.5000000000000004,12.028333333333334,0.8660254037844387,6.74,10.059479166666666,1120.7925,0.49999999999999994,,,,3.4201651743160215,0.8660254037844384,0.4652239603910113,13.71,22,7.27
192.05,13.71,10.853340956988172,190,7.2925,3.4734695779731544,1,12.536666666666662,0.75,73.51,73.6,2025,13.76,1,82.78,0.0,10,44.72,7.24,9.615,44.72,2025-01-10 22:45:00,12.31,11.87085970037332,Hourly,12.99,0.42,0.75,81.75,6.74,0.0,12.31,0.4400643892324889,Siltara,12.31,4,-0.5000000000000004,12.868333333333334,0.8660254037844387,8.25,10.287604166666666,990.8766,0.49999999999999994,,,,3.3780736702709784,0.8660254037844384,0.3925981830343558,11.97,22,13.2
223.7,11.97,11.07744234822076,190,7.75,3.466662332458526,1,12.31,0.75,73.37,73.51,2025,13.76,1,82.55,0.0,10,48.5,7.24,10.0375,44.72,2025-01-10 23:00:00,12.31,11.996328357409514,Hourly,12.31,0.28,0.75,82.78,8.25,0.0,13.05,0.45563143000005935,Siltara,12.31,4,-0.25881904510252157,12.72,0.8660254037844387,8.49,10.496666666666666,993.9019999999999,0.49999999999999994,,,,3.33969696910054,0.9659258262890681,0.0,12.04,23,13.2
115.26,12.04,11.380912756186797,190,16.13,3.446096166373308,1,12.556666666666663,0.74,73.28,73.37,2025,13.76,1,82.4,0.060113728675873286,10,60.92,5.5,10.521666666666667,48.5,2025-01-10 23:15:00,12.31,12.297377398149653,Hourly,12.31,0.3,0.75,82.55,8.49,0.7400000000000002,15.5,0.4272587038363285,Siltara,13.05,4,-0.25881904510252157,12.695,0.8660254037844387,7.74,10.7175,997.0400000000001,0.49999999999999994,,,,3.3253777890071703,0.9659258262890681,0.42723919918691766,12.1,23,13.2
14.7,12.1,12.014618486004213,190,15.343333333333332,3.3284544597940715,1,13.619999999999996,0.73,73.44,73.28,2025,10.17,1,82.4,0.1877394636015325,10,60.92,5.46,11.354999999999999,60.92,2025-01-10 23:30:00,13.05,13.212412427249753,Hourly,12.31,0.51,0.74,82.4,7.74,2.4499999999999993,15.5,1.2364532610133552,Siltara,15.5,4,-0.25881904510252157,13.078333333333333,0.8660254037844387,7.34,10.691249999999998,1024.232,0.49999999999999994,,,,3.2830114331291935,0.9659258262890681,1.669640679903498,12.43,23,12.99
355.1,12.43,12.55083102661895,190,14.556666666666668,2.952573094573911,1,14.683333333333328,0.7,73.82,73.44,2025,8.94,1,82.5,0.0,10,60.92,5.46,12.191666666666665,60.92,2025-01-10 23:45:00,15.5,13.866008876606966,Hourly,13.05,0.56,0.73,82.4,7.34,0.0,15.5,1.5780198562345638,Siltara,15.5,4,-0.25881904510252157,13.496666666666668,0.8660254037844387,6.65,10.697777777777778,1072.5,0.49999999999999994,,,,3.2928047259094573,0.9659258262890681,1.4145081595105842,13.0,23,12.31
221.01,13.0,13.004549330216035,190,13.77,2.197605446158048,1,15.5,11.51,24.95,73.82,2025,8.4675,1,26.95,0.0,11,64.5,7.27,13.02833333333333,60.92,2025-01-11 00:15:00,15.5,14.33286348329069,Hourly,15.5,2.23,0.7,82.5,6.65,0.0,21.32,1.6346182021103723,Siltara,15.5,5,0.0,14.028333333333334,0.8660254037844387,10.59,10.737083333333333,171.941,0.49999999999999994,,,,3.346069626360625,1.0,0.0,6.38,0,12.31
207.2,6.38,14.283849433259721,190,10.62,2.5631530948994268,1,17.439999999999994,11.51,24.72,24.95,2025,7.994999999999999,1,25.88,0.37548387096774194,11,64.87,13.2,14.199166666666668,64.5,2025-01-11 00:30:00,15.5,16.329188202350494,Hourly,15.5,2.56,11.51,26.95,10.59,5.82,22.82,3.1637193301561783,Siltara,21.32,5,0.0,15.530000000000001,0.8660254037844387,10.75,11.051666666666668,196.688,0.49999999999999994,,,,3.94492862239071,1.0,3.360178566681968,7.6,0,12.31
232.27,7.6,15.59710336660438,190,10.573333333333332,3.540360686129656,1,19.879999999999995,11.51,24.81,24.72,2025,7.5225,1,25.53,0.07035647279549719,11,64.91,13.2,15.000833333333333,64.87,2025-01-11 00:45:00,21.32,18.18370585882178,Hourly,15.5,1.85,11.51,25.88,10.75,1.5,22.98,3.8577528000988477,Siltara,22.82,5,0.0,17.281666666666666,0.8660254037844387,10.06,11.56,211.89900000000003,0.49999999999999994,,,,4.615862484242635,1.0,3.86662643657091,8.3,0,13.05
234.09,8.3,16.732933617896013,190,10.526666666666667,4.159644780144489,1,22.37333333333333,11.5,24.7,24.81,2025,7.05,1,25.34,0.007011393514461005,11,64.91,13.2,15.815833333333332,64.91,2025-01-11 01:00:00,22.82,19.55407561344413,Hourly,21.32,1.85,11.51,25.53,10.06,0.16000000000000014,22.98,3.8089666140136322,Siltara,22.98,5,0.25881904510252074,18.936666666666667,0.8660254037844387,9.77,12.076944444444445,212.60260000000002,0.49999999999999994,,,,5.162875927445732,0.9659258262890683,0.915714657151757,8.39,1,15.5
209.67,8.39,17.69402075360432,190,10.48,4.541136138044745,1,22.926666666666662,11.5,23.49,24.7,2025,6.02,1,24.27,0.0,11,64.91,12.99,16.630833333333335,64.91,2025-01-11 01:15:00,22.98,20.532911152460095,Hourly,22.82,2.29,11.5,25.34,9.77,0.0,22.98,3.681139316389758,Siltara,22.98,5,0.25881904510252074,20.183333333333334,0.8660254037844387,9.79,12.595833333333331,187.1217,0.49999999999999994,,,,5.606994790413018,0.9659258262890683,0.09237604301224564,7.71,1,15.5
233.3,7.71,18.507248329972885,190,7.24,4.7249883758088345,1,22.98,11.5,23.9,23.49,2025,6.028,1,21.57,0.0,11,59.78,12.31,17.463333333333335,64.91,2025-01-11 01:30:00,22.98,21.232079394614352,Hourly,22.98,2.02,11.5,24.27,9.79,0.0,19.94,2.977132848900728,Siltara,22.98,5,0.25881904510252074,21.430000000000003,0.8660254037844387,8.18,13.116666666666667,272.8605,0.49999999999999994,,,,5.970677382492346,0.9659258262890683,0.0,12.65,1,15.5
236.86,12.65,18.72767166382321,190,7.24,4.475248003963926,1,21.966666666666658,11.49,23.53,23.9,2025,6.036,1,22.54,-0.13228894691035678,11,59.14,12.31,18.099166666666665,59.78,2025-01-11 01:45:00,22.98,20.862913853295964,Hourly,22.98,1.95,11.5,21.57,8.18,-3.039999999999999,19.56,1.2717075135437994,Siltara,19.94,5,0.25881904510252074,22.17,0.8660254037844387,6.6,13.645833333333334,235.31759999999997,0.49999999999999994,,,,5.989951670464568,0.9659258262890683,1.7551448183333824,10.44,1,21.32
247.39,10.44,18.855722177081176,190,7.24,4.095958836205773,1,20.826666666666664,11.5,23.86,23.53,2025,6.044,1,22.63,-0.01905717151454376,11,59.14,12.31,18.703333333333333,59.14,2025-01-11 02:00:00,19.94,20.49065275235426,Hourly,22.98,1.61,11.49,22.54,6.6,-0.38000000000000256,19.56,1.6528480470601117,Siltara,19.56,5,0.49999999999999994,21.87666666666667,0.8660254037844387,6.23,14.159166666666666,247.34589999999997,0.49999999999999994,,,,5.944845715383927,0.8660254037844387,1.8744954876772657,10.93,2,22.82
216.19,9.46,19.055753748087707,190,5.5,2.9756649371518753,1,19.56,11.49,25.36,24.35,2025,6.06,1,26.78,0.0,11,58.92,15.5,19.85,59.14,2025-01-11 02:30:00,19.56,20.034822832833807,Hourly,19.56,1.85,11.5,24.2,3.79,0.0,21.11,1.7233185041281378,Siltara,19.56,5,0.49999999999999994,20.763333333333332,0.8660254037844387,5.36,15.185833333333333,199.51100000000002,0.49999999999999994,,,,5.710929960566946,0.8660254037844387,0.0,7.45,2,22.98
226.87,7.45,19.37179163299729,190,5.46,2.6533482278425184,1,20.076666666666657,11.5,26.45,25.36,2025,6.9,1,28.05,0.07924335378323112,11,58.89,15.5,20.3175,58.92,2025-01-11 02:45:00,19.56,20.342016309167004,Hourly,19.56,2.04,11.49,26.78,5.36,1.5500000000000007,21.3,1.3764362196158768,Siltara,21.11,5,0.49999999999999994,20.451666666666664,0.8660254037844387,6.72,15.83625,212.058,0.49999999999999994,,,,5.442449746128927,0.8660254037844387,0.8948929172377916,7.56,2,22.98
219.0,7.56,19.66843907407463,190,5.46,2.1825025599654175,1,20.656666666666663,11.5,28.81,26.45,2025,6.7700000000000005,1,31.01,0.009000473709142648,11,58.89,15.5,20.800833333333333,58.89,2025-01-11 03:00:00,21.11,20.615725935119286,Hourly,19.56,1.51,11.5,28.05,6.72,0.19000000000000128,21.3,0.8160494266099629,Siltara,21.3,5,0.7071067811865476,20.171666666666667,0.8660254037844387,9.44,16.49625,234.4356,0.49999999999999994,,,,5.077647360480999,0.7071067811865476,0.9544806615759239,7.56,3,19.94
209.3,7.56,19.919448447293917,190,7.27,1.4059448995672612,1,21.23666666666666,11.49,27.39,28.81,2025,6.640000000000001,1,29.47,0.0,11,58.89,21.32,21.284166666666668,58.89,2025-01-11 03:15:00,21.3,20.81123281079949,Hourly,21.11,1.87,11.5,31.01,9.44,0.0,21.3,0.9209650735345223,Siltara,21.3,5,0.7071067811865476,20.398333333333333,0.8660254037844387,11.43,17.15625,211.59459999999999,0.49999999999999994,,,,4.586465734614282,0.7071067811865476,0.10969655109647908,7.18,3,19.56
223.14,7.18,20.13184099386408,190,13.2,1.4059104135478286,1,21.3,11.49,26.53,27.39,2025,6.51,1,28.57,0.0,11,77.18,22.82,21.2825,58.89,2025-01-11 03:30:00,21.3,20.950880579142492,Hourly,21.3,1.82,11.49,29.47,11.43,0.0,29.32,0.8770955858231441,Siltara,21.3,5,0.7071067811865476,20.688333333333333,0.8660254037844387,11.07,17.74083333333333,197.99009999999998,0.49999999999999994,,,,4.144411550685761,0.7071067811865476,0.0,6.93,3,19.56
220.76,6.53,22.895341776671916,190,13.2,3.653301018715318,1,26.98,11.5,25.62,26.11,2025,6.25,1,27.49,0.034106412005457026,11,79.47,22.98,22.435833333333335,79.47,2025-01-11 04:00:00,29.32,25.335755397521677,Hourly,21.3,1.79,11.5,28.3,9.92,1.0,30.32,4.436135330067194,Siltara,30.32,5,0.8660254037844386,24.108333333333334,0.8660254037844387,10.05,19.125833333333333,188.30649999999997,0.49999999999999994,,,,5.107914503955439,0.5000000000000001,4.944370536275537,6.85,4,21.11
212.76,6.85,24.03759688795316,190,12.99,4.308416973575656,1,29.98666666666666,11.51,27.24,25.62,2025,5.92,1,29.6,0.0,11,79.47,22.98,23.0475,79.47,2025-01-11 04:15:00,30.32,26.759825283944053,Hourly,29.32,1.1,11.5,27.49,10.05,0.0,30.32,4.771874544313833,Siltara,30.32,5,0.8660254037844386,25.643333333333334,0.8660254037844387,10.13,19.839166666666667,198.616,0.49999999999999994,,,,5.4296680310627075,0.5000000000000001,0.5773502691808814,6.71,4,21.3
216.29,6.71,25.004120443652674,190,12.31,4.791868981237518,1,30.32,11.5,25.41,27.24,2025,6.3775,1,25.52,0.0,11,71.13,19.94,23.659166666666668,79.47,2025-01-11 04:30:00,30.32,27.77701805996004,Hourly,30.32,1.08,11.51,29.6,10.13,0.0,29.15,4.545339004592542,Siltara,30.32,5,0.8660254037844386,27.146666666666665,0.8660254037844387,9.34,20.56125,241.67440000000002,0.49999999999999994,,,,5.627930589248538,0.5000000000000001,0.0,9.47,4,21.3
210.94,9.47,25.64194806770611,190,12.31,4.878808225067122,1,29.929999999999996,11.5,25.25,25.41,2025,6.835,1,24.09,-0.03858839050131932,11,70.09,19.56,24.426666666666666,71.13,2025-01-11 04:45:00,30.32,28.169298614257173,Hourly,30.32,0.91,11.5,25.52,9.34,-1.1700000000000017,29.0,3.5457002129344812,Siltara,29.15,5,0.8660254037844386,28.455000000000002,0.8660254037844387,6.8,21.262916666666666,273.6624,0.49999999999999994,,,,5.6041921259059295,0.5000000000000001,0.6754998149443853,11.36,4,21.3
208.58,11.36,26.158571441905167,190,12.31,4.782879188663057,1,29.489999999999995,11.5,25.73,25.25,2025,7.2925,1,24.14,-0.005145797598627739,11,70.09,19.56,25.213333333333335,70.09,2025-01-11 05:00:00,29.15,28.406641867326552,Hourly,30.32,0.84,11.5,24.09,6.8,-0.14999999999999858,29.0,0.645179561572023,Siltara,29.0,5,0.9659258262890683,29.738333333333333,0.8660254037844387,5.98,21.958333333333332,294.508,0.49999999999999994,,,,5.479057096497049,0.25881904510252074,0.722703258599171,12.2,5,29.32
283.14,12.2,26.595714296996682,190,13.05,4.538600104559082,1,29.049999999999994,11.49,23.94,25.73,2025,7.75,1,23.45,0.0,11,70.09,19.56,26.0,70.09,2025-01-11 05:15:00,29.0,28.576172762376107,Hourly,29.15,0.48,11.5,24.14,5.98,0.0,29.0,0.6977607039692065,Siltara,29.0,5,0.9659258262890683,29.685000000000002,0.8660254037844387,5.32,22.653750000000002,230.748,0.49999999999999994,,,,5.255844624548872,0.25881904510252074,0.08660254031966647,9.84,5,30.32
176.34,9.84,26.96560440515104,190,15.5,4.119665329156626,1,29.0,11.5,25.05,23.94,2025,16.13,1,25.6,0.0,11,68.23,21.11,26.786666666666665,70.09,2025-01-11 05:30:00,29.0,28.697266258840077,Hourly,29.0,0.39,11.49,23.45,5.32,0.0,27.16,0.6648232847934912,Siltara,29.0,5,0.9659258262890683,29.465000000000003,0.8660254037844387,4.37,23.31833333333333,221.44000000000003,0.49999999999999994,,,,4.990393089568568,0.25881904510252074,0.0,8.65,5,30.32
215.26,8.65,26.99551141974319,190,15.5,3.7118078377328665,1,28.38666666666666,11.51,38.25,25.05,2025,15.343333333333332,1,30.44,-0.06344827586206896,11,68.0,21.3,27.290833333333335,68.23,2025-01-11 05:45:00,29.0,28.258047327742915,Hourly,29.0,0.54,11.5,25.6,4.37,-1.8399999999999999,26.93,1.0126878426594674,Siltara,27.16,5,0.9659258262890683,28.938333333333336,0.8660254037844387,4.66,23.804166666666664,806.3556,0.49999999999999994,,,,4.758332660728211,0.25881904510252074,1.0623244953040893,26.49,5,30.32
201.31,26.49,26.985432739782695,190,15.5,3.2072559781070784,1,27.696666666666662,11.5,29.83,38.25,2025,14.556666666666668,1,30.71,-0.008468335787923432,11,68.0,21.3,27.76,68.0,2025-01-11 06:00:00,27.16,27.878605234102082,Hourly,29.0,0.88,11.51,30.44,4.66,-0.23000000000000043,26.93,1.033124710124727,Siltara,26.93,5,1.0,28.37333333333333,0.8660254037844387,4.47,24.280416666666667,305.2574,0.49999999999999994,,,,4.453273812032603,6.123233995736766e-17,1.1345630583281925,9.94,6,29.15
210.56,9.94,26.976904625969972,190,21.32,2.5130078259619464,1,27.00666666666666,11.5,27.58,29.83,2025,13.77,1,29.73,0.0,11,68.0,21.3,28.229166666666668,68.0,2025-01-11 06:15:00,26.93,27.60757516721577,Hourly,27.16,0.82,11.5,30.71,4.47,0.0,26.93,1.0950190257115684,Siltara,26.93,5,1.0,28.00333333333333,0.8660254037844387,2.54,24.756666666666664,212.5695,0.49999999999999994,,,,4.067949666940515,6.123233995736766e-17,0.13279056187453347,7.15,6,29.0
197.29,7.15,26.969688529666897,190,22.82,1.3651628829492553,1,26.93,11.5,26.03,27.58,2025,10.62,1,28.24,0.0,11,55.86,29.32,28.698333333333334,68.0,2025-01-11 06:30:00,26.93,27.413982262296976,Hourly,26.93,0.83,11.5,29.73,2.54,0.0,26.3,1.0430611998681196,Siltara,26.93,5,1.0,27.65833333333333,0.8660254037844387,5.81,24.990416666666672,182.9952,0.49999999999999994,,,,4.022816965832216,6.123233995736766e-17,0.0,6.48,6,29.0
209.65,6.48,26.866659525102758,190,22.98,1.510745350866305,1,26.719999999999995,11.5,25.89,26.03,2025,10.573333333333332,1,27.74,-0.02339398440401036,11,54.34,30.32,28.44666666666667,55.86,2025-01-11 06:45:00,26.93,27.09570161592641,Hourly,26.93,0.57,11.5,28.24,5.81,-0.629999999999999,26.22,0.9241085794809691,Siltara,26.3,5,1.0,27.208333333333332,0.8660254037844387,7.81,25.135416666666668,193.34779999999998,0.49999999999999994,,,,4.003856813631797,6.123233995736766e-17,0.36373066957515765,6.97,6,29.0
202.25,6.97,26.76717344431772,190,22.98,1.512183851260375,1,26.48333333333333,11.5,26.2,25.89,2025,10.526666666666667,1,28.23,-0.0030418250950571043,11,54.34,30.32,28.105,54.34,2025-01-11 07:00:00,26.3,26.845501154233148,Hourly,26.93,0.62,11.5,27.74,7.81,-0.08000000000000185,26.22,0.3869237651058441,Siltara,26.22,5,0.9659258262890683,26.744999999999994,0.8660254037844387,9.09,25.270416666666666,192.8109,0.49999999999999994,,,,3.982587621970728,-0.25881904510252063,0.38888730157065254,6.83,7,27.16
209.59,6.83,26.682992914422684,190,22.98,1.4270078889635451,1,26.24666666666666,11.5,26.19,26.2,2025,10.48,1,28.44,0.0,11,54.34,30.32,27.763333333333335,54.34,2025-01-11 07:15:00,26.22,26.666786538737963,Hourly,26.3,0.42,11.5,28.23,9.09,0.0,26.22,0.37541532556670293,Siltara,26.22,5,0.9659258262890683,26.588333333333328,0.8660254037844387,9.85,25.405416666666667,184.29120000000003,0.49999999999999994,,,,3.956400405251527,-0.25881904510252063,0.04618802142203457,6.48,7,26.93
231.97,6.48,26.611763235280733,190,19.94,1.2374595187798092,1,26.22,11.5,28.51,26.19,2025,7.24,1,30.32,0.0,11,53.34,29.15,27.421666666666663,54.34,2025-01-11 07:30:00,26.22,26.53913324195569,Hourly,26.22,0.17,11.5,28.44,9.85,0.0,24.53,0.3576590555315082,Siltara,26.22,5,0.9659258262890683,26.47,0.8660254037844387,10.81,25.540416666666662,243.46959999999999,0.49999999999999994,,,,3.925196731893287,-0.25881904510252063,0.0,8.03,7,26.93
163.92,8.03,26.291491968314467,190,19.56,1.3631603209522987,1,25.656666666666663,11.5,31.71,28.51,2025,7.24,1,33.05,-0.06445461479786414,11,53.21,29.0,27.036666666666665,53.34,2025-01-11 07:45:00,26.22,25.965095172825492,Hourly,26.22,0.21,11.5,30.32,10.81,-1.6899999999999977,24.32,0.8039402962930152,Siltara,24.53,5,0.9659258262890683,26.070000000000004,0.8660254037844387,8.71,25.73166666666667,329.178,0.49999999999999994,,,,3.7482942980688283,-0.25881904510252063,0.9757219549250848,9.96,7,26.93
191.13,9.96,25.988185511650702,190,19.56,1.4187275562279775,1,25.02333333333333,11.51,30.4,31.71,2025,7.24,1,32.41,-0.008560945780676756,11,53.21,29.0,26.646666666666665,53.21,2025-01-11 08:00:00,24.53,25.49506798058964,Hourly,26.22,0.34,11.5,33.05,8.71,-0.21000000000000085,24.32,0.9401223324672768,Siltara,24.32,5,0.8660254037844387,25.635,0.8660254037844387,11.44,25.929999999999996,273.5404,0.49999999999999994,,,,3.5269311700497656,-0.4999999999999998,1.04164933318405,8.44,8,26.3
187.0,8.44,25.73154158678136,190,19.56,1.354811850969683,1,24.389999999999997,11.51,29.86,30.4,2025,7.24,1,32.34,0.0,11,53.21,29.0,26.256666666666664,53.21,2025-01-11 08:15:00,24.32,25.159334271849744,Hourly,24.53,0.57,11.51,32.41,11.44,0.0,24.32,1.0052611600990666,Siltara,24.32,5,0.8660254037844387,25.304999999999996,0.8660254037844387,15.8,26.128333333333334,243.19680000000002,0.49999999999999994,,,,3.2782135467322346,-0.4999999999999998,0.12124355648606941,7.52,8,26.22
208.1,7.52,25.51438134266115,190,21.11,1.1516891415658317,1,24.32,11.51,29.18,29.86,2025,5.5,1,31.64,0.0,11,67.73,27.16,25.866666666666664,53.21,2025-01-11 08:30:00,24.32,24.919524479892672,Hourly,24.32,0.44,11.51,32.34,15.8,0.0,24.79,0.9575054394991169,Siltara,24.32,5,0.8660254037844387,24.988333333333333,0.8660254037844387,18.48,26.326666666666664,230.6556,0.49999999999999994,,,,2.995335020338406,-0.4999999999999998,0.0,7.29,8,26.22
204.54,7.29,25.40293805917482,190,21.3,1.1122741514085277,1,24.47666666666666,11.5,28.87,29.18,2025,5.46,1,31.58,0.019325657894736795,11,69.54,26.93,25.66916666666667,67.73,2025-01-11 08:45:00,24.32,24.88251748563762,Hourly,24.32,0.49,11.51,31.64,18.48,0.46999999999999886,24.84,0.7437203775638641,Siltara,24.79,5,0.8660254037844387,24.75,0.8660254037844387,20.63,26.480000000000004,214.1124,0.49999999999999994,,,,2.8048110840837395,-0.4999999999999998,0.2713546264995881,6.78,8,26.22
337.1,6.78,25.316332203917156,190,21.3,1.0592664700434138,1,24.649999999999995,11.5,28.39,28.87,2025,5.46,1,30.32,0.0020169423154498068,11,69.54,26.93,25.495,69.54,2025-01-11 09:00:00,24.79,24.8703696325983,Hourly,24.32,0.62,11.5,31.58,20.63,0.05000000000000071,24.84,0.2430637776464101,Siltara,24.84,5,0.7071067811865476,24.52,0.8660254037844387,22.2,26.627499999999998,236.496,0.49999999999999994,,,,2.606640766765572,-0.7071067811865475,0.2868797657371685,7.8,9,24.53
330.18,7.8,25.24305032639144,190,21.3,0.9699246300056387,1,24.823333333333327,11.5,28.64,28.39,2025,7.27,1,30.52,0.0,11,69.54,26.93,25.320833333333336,69.54,2025-01-11 09:15:00,24.84,24.861692594713073,Hourly,24.79,0.67,11.5,30.32,22.2,0.0,24.84,0.27629090949651053,Siltara,24.84,5,0.7071067811865476,24.57166666666667,0.8660254037844387,22.61,26.775000000000002,243.5496,0.49999999999999994,,,,2.3825999682496706,-0.7071067811865475,0.028867513276374827,7.98,9,24.32
315.94,7.98,25.181042583869683,190,29.32,0.8326336456639148,1,24.84,11.51,26.97,28.64,2025,13.2,1,28.68,0.0,11,80.82,26.3,25.146666666666665,69.54,2025-01-11 09:30:00,24.84,24.855494710509337,Hourly,24.84,0.68,11.5,30.52,22.61,0.0,25.98,0.26278635175824316,Siltara,24.84,5,0.7071067811865476,24.658333333333335,0.8660254037844387,20.79,26.9225,218.25480000000002,0.49999999999999994,,,,2.124519894615338,-0.7071067811865475,0.0,7.61,9,24.32
354.11,7.61,25.303959109428195,190,30.32,0.7966863190251765,1,25.219999999999995,11.5,28.06,26.97,2025,13.2,1,30.04,0.04589371980676331,11,82.23,26.22,25.12,80.82,2025-01-11 09:45:00,24.84,25.1767819360781,Hourly,24.84,0.98,11.51,28.68,20.79,1.1400000000000006,26.12,0.5510626098763506,Siltara,25.98,5,0.7071067811865476,24.935000000000002,0.8660254037844387,20.51,26.783333333333335,228.30399999999997,0.49999999999999994,,,,2.0693197089813586,-0.7071067811865475,0.6581793068681699,7.6,9,24.32
321.55,7.6,25.42950386182386,190,30.32,0.7845651179189777,1,25.64666666666666,11.5,27.02,28.06,2025,13.2,1,28.64,0.005388760585065456,11,82.23,26.22,25.111666666666668,82.23,2025-01-11 10:00:00,25.98,25.44627281148436,Hourly,24.84,0.71,11.5,30.04,20.51,0.14000000000000057,26.12,0.6331429538451239,Siltara,26.12,5,0.49999999999999994,25.235,0.8660254037844387,20.32,26.60833333333333,222.2464,0.49999999999999994,,,,1.930137788880799,-0.8660254037844387,0.70209211170817,7.76,10,24.79
317.15,7.76,25.535734036927884,190,30.32,0.7721555817560591,1,26.073333333333327,11.5,26.36,27.02,2025,12.99,1,28.13,0.0,11,82.23,26.22,25.103333333333335,82.23,2025-01-11 10:15:00,26.12,25.6387662939174,Hourly,25.98,0.88,11.5,28.64,20.32,0.0,26.12,0.6774560256359006,Siltara,26.12,5,0.49999999999999994,25.456666666666667,0.8660254037844387,12.85,26.433333333333334,204.50509999999997,0.49999999999999994,,,,1.762063184643038,-0.8660254037844387,0.08082903762186056,7.27,10,24.84
0.99,7.27,25.625621108169746,190,29.15,0.7594435762236336,1,26.12,11.51,26.09,26.36,2025,12.31,1,27.95,0.0,11,107.88,24.53,25.095000000000002,82.23,2025-01-11 10:30:00,26.12,25.776261638512427,Hourly,26.12,1.67,11.5,28.13,12.85,0.0,26.94,0.6451976441399319,Siltara,26.12,5,0.49999999999999994,25.67,0.8660254037844387,19.4,26.25833333333333,196.48850000000002,0.49999999999999994,,,,1.5557597519555544,-0.8660254037844387,0.0,7.03,10,24.84
341.1,7.03,25.8278332453744,190,29.0,0.901770564793473,1,26.393333333333327,11.5,26.52,26.09,2025,12.31,1,28.2,0.031393568147013794,11,110.73,24.32,25.295833333333334,107.88,2025-01-11 10:45:00,26.12,26.108758313223163,Hourly,26.12,0.99,11.51,27.95,19.4,0.8200000000000003,27.05,0.6738545837224172,Siltara,26.94,5,0.49999999999999994,26.02,0.8660254037844387,15.71,26.16625,210.936,0.49999999999999994,,,,1.4381201875784775,-0.8660254037844387,0.47342722072448096,7.48,10,24.84
352.27,7.48,26.015858899932187,190,29.0,0.974626579624087,1,26.70333333333333,11.49,26.32,26.52,2025,12.31,1,28.59,0.004083147735708961,11,110.73,24.32,25.523333333333337,110.73,2025-01-11 11:00:00,26.94,26.377684509445118,Hourly,26.12,0.65,11.5,28.2,15.71,0.10999999999999943,27.05,0.474317052898558,Siltara,27.05,5,0.258819045102521,26.388333333333332,0.8660254037844387,11.72,26.084999999999997,185.835,0.49999999999999994,,,,1.3214089976756442,-0.9659258262890682,0.508166639325071,6.5,11,25.98
359.87,6.5,26.17495753071185,190,29.0,0.9867527859696301,1,27.013333333333332,11.5,28.71,26.32,2025,13.05,1,30.78,0.0,11,110.73,24.32,25.750833333333333,110.73,2025-01-11 11:15:00,27.05,26.569774649603655,Hourly,26.94,1.18,11.49,28.59,11.72,0.0,27.05,0.4909446676259675,Siltara,27.05,5,0.258819045102521,26.566666666666666,0.8660254037844387,11.49,26.00375,240.3918,0.49999999999999994,,,,1.1875506854204174,-0.9659258262890682,0.06350852952925015,7.81,11,26.12
12.3,7.81,26.309579449063875,190,27.16,0.9405011559031592,1,27.05,11.5,29.21,28.71,2025,15.5,1,32.35,0.0,11,131.09,24.79,25.978333333333335,110.73,2025-01-11 11:30:00,27.05,26.70698189257404,Hourly,27.05,1.67,11.5,30.78,11.49,0.0,24.87,0.4679921651805415,Siltara,27.05,5,0.258819045102521,26.721666666666668,0.8660254037844387,13.29,25.9225,202.1875,0.49999999999999994,,,,1.0298807444718108,-0.9659258262890682,0.0,6.25,11,26.12
356.86,6.25,26.088105687669433,190,26.93,0.9315529556088921,1,26.323333333333334,11.49,26.32,29.21,2025,15.5,1,28.81,-0.08059149722735673,11,133.64,24.84,25.985,131.09,2025-01-11 11:45:00,27.05,26.18212992326717,Hourly,27.05,1.58,11.5,32.35,13.29,-2.1799999999999997,24.6,0.8833270440048646,Siltara,24.87,5,0.258819045102521,26.513333333333332,0.8660254037844387,14.96,25.827083333333334,177.7577,0.49999999999999994,,,,1.0162355049185228,-0.9659258262890682,1.258623586829237,6.17,11,26.12
310.4,6.17,25.859166351104907,190,26.93,0.9604970304312759,1,25.50666666666666,11.5,25.74,26.32,2025,15.5,1,27.47,-0.010856453558504205,11,133.64,24.84,25.965000000000003,133.64,2025-01-11 12:00:00,24.87,25.730092802333694,Hourly,27.05,0.33,11.49,28.81,14.96,-0.2699999999999996,24.6,1.1851075900540446,Siltara,24.6,5,1.2246467991473532e-16,26.26,0.8660254037844387,15.28,25.73,195.3117,0.49999999999999994,,,,1.017584522719022,-1.0,1.3433664181163703,7.11,12,26.94
315.49,7.11,25.66544845093492,190,26.93,0.9881525461983129,1,24.689999999999998,11.5,25.32,25.74,2025,21.32,1,26.93,0.0,11,133.64,24.84,25.944999999999997,133.64,2025-01-11 12:15:00,24.6,25.407209144524067,Hourly,24.87,1.0,11.5,27.47,15.28,0.0,24.6,1.2963795740460067,Siltara,24.6,5,1.2246467991473532e-16,25.87,0.8660254037844387,14.85,25.63291666666667,192.28019999999998,0.49999999999999994,,,,1.0092333688306996,-1.0,0.15588457264716138,7.14,12,27.05
355.36,7.14,25.501533304637242,190,26.3,1.0146248747080822,1,24.6,11.51,26.96,25.32,2025,22.82,1,28.61,0.0,11,122.93,25.98,25.925,133.64,2025-01-11 12:30:00,24.6,25.176577960374335,Hourly,24.6,1.33,11.5,26.93,14.85,0.0,23.25,1.2347536866397166,Siltara,24.6,5,1.2246467991473532e-16,25.46166666666667,0.8660254037844387,14.22,25.535833333333333,220.01090000000002,0.49999999999999994,,,,0.990936828011349,-1.0,0.0,7.69,12,27.05
1.44,7.69,25.155143565462282,190,26.22,1.2740638274342466,1,24.149999999999995,11.5,29.53,26.96,2025,22.98,1,30.14,-0.05487804878048786,11,121.6,26.12,25.6975,122.93,2025-01-11 12:45:00,24.6,24.626127114553096,Hourly,24.6,1.64,11.51,28.61,14.22,-1.3500000000000014,23.08,1.231672304905152,Siltara,23.25,5,1.2246467991473532e-16,24.828333333333333,0.8660254037844387,13.49,25.40875,309.2364,0.49999999999999994,,,,1.0802266771010585,-1.0,0.7794228633991517,10.26,12,27.05
326.13,10.26,24.835890709237315,190,26.22,1.4696410095606591,1,23.643333333333327,11.5,25.27,29.53,2025,22.98,1,26.91,-0.007311827956989321,11,121.6,26.12,25.444166666666664,121.6,2025-01-11 13:00:00,23.25,24.18437651039507,Hourly,24.6,0.92,11.5,30.14,13.49,-0.1700000000000017,23.08,0.7847462434891742,Siltara,23.08,5,-0.2588190451025208,24.166666666666668,0.8660254037844387,13.37,25.277916666666666,189.9846,0.49999999999999994,,,,1.1645599249709473,-0.9659258262890683,0.8328465244705137,7.06,13,24.87
357.15,7.06,24.56575367704696,190,26.22,1.5988828960134331,1,23.13666666666666,11.51,24.38,25.27,2025,22.98,1,26.02,0.0,11,121.6,26.12,25.190833333333334,121.6,2025-01-11 13:15:00,23.08,23.868840364567905,Hourly,23.25,1.43,11.5,26.91,13.37,0.0,23.08,0.8039009060017103,Siltara,23.08,5,-0.2588190451025208,23.868333333333336,0.8660254037844387,12.74,25.14708333333333,180.839,0.49999999999999994,,,,1.2287338098099547,-0.9659258262890683,0.09814954570735668,6.95,13,24.6
2.03,6.95,24.337176188270504,190,24.53,1.6771953049427157,1,23.08,11.5,24.65,24.38,2025,19.94,1,26.96,0.0,11,121.33,26.94,24.9375,121.6,2025-01-11 13:30:00,23.08,23.64345740326279,Hourly,23.08,1.67,11.51,26.02,12.74,0.0,21.6,0.7658132931751074,Siltara,23.08,5,-0.2588190451025208,23.615,0.8660254037844387,12.42,25.01625,155.8288,0.49999999999999994,,,,1.2757940834970338,-0.9659258262890683,0.0,5.78,13,24.6
357.38,5.78,23.91607215930581,190,24.32,1.801399077488509,1,22.586666666666662,11.48,23.38,24.65,2025,19.56,1,25.46,-0.06412478336221825,11,121.3,27.05,24.492499999999996,121.33,2025-01-11 13:45:00,23.08,23.059612430901993,Hourly,23.08,1.8,11.5,26.96,12.42,-1.4799999999999969,21.42,0.9510362769125582,Siltara,21.6,5,-0.2588190451025208,23.115,0.8660254037844387,6.74,24.894166666666663,144.3582,0.49999999999999994,,,,1.452323226293297,-0.9659258262890683,0.854478398394309,5.67,13,24.6
351.62,5.67,23.53206105787415,190,24.32,1.8078984954111226,1,22.03333333333333,11.49,21.85,23.38,2025,19.56,1,24.01,-0.00833333333333332,11,121.3,27.05,24.02333333333333,121.3,2025-01-11 14:00:00,21.6,22.59115173635857,Hourly,23.08,0.62,11.48,25.46,6.74,-0.17999999999999972,21.42,0.8372275676324185,Siltara,21.42,5,-0.4999999999999997,22.584999999999997,0.8660254037844387,7.48,24.773333333333337,119.3297,0.49999999999999994,,,,1.6138306216484144,-0.8660254037844388,0.9108969938047065,4.97,14,23.25
0.16,4.97,23.207128587431974,190,24.32,1.6768122263500738,1,21.48,11.5,24.11,21.85,2025,19.56,1,27.0,0.0,11,121.3,27.05,23.55416666666667,121.3,2025-01-11 14:15:00,21.42,22.256536954541836,Hourly,21.6,1.88,11.49,24.01,7.48,0.0,21.42,0.8788173871764792,Siltara,21.42,5,-0.4999999999999997,22.28,0.8660254037844387,4.95,24.6525,127.17,0.49999999999999994,,,,1.7519088967798786,-0.8660254037844388,0.10392304840154784,4.71,14,23.08
359.73,4.71,22.932185727827054,190,24.79,1.3691769259516173,1,21.42,11.5,25.07,24.11,2025,21.11,1,28.03,0.0,11,113.43,24.87,23.085000000000004,121.3,2025-01-11 14:30:00,21.42,22.017526396101314,Hourly,21.42,2.1,11.5,27.0,4.95,0.0,21.09,0.8368910721655232,Siltara,21.42,5,-0.4999999999999997,22.00333333333333,0.8660254037844387,7.7,24.531666666666666,139.02880000000002,0.49999999999999994,,,,1.871750323993593,-0.8660254037844388,0.0,4.96,14,23.08
1.42,4.96,22.648772538930587,190,24.84,1.3559364426021283,1,21.31,11.49,24.73,25.07,2025,21.3,1,27.67,-0.01540616246498608,11,112.45,24.6,22.77,113.43,2025-01-11 14:45:00,21.42,21.75251885435808,Hourly,21.42,2.91,11.5,28.03,7.7,-0.33000000000000185,21.05,0.7094904274691501,Siltara,21.09,5,-0.4999999999999997,21.671666666666667,0.8660254037844387,8.51,24.377499999999998,134.4762,0.49999999999999994,,,,1.9976861615398478,-0.8660254037844388,0.19052558880385723,4.86,14,23.08
2.59,4.86,22.402807532941267,190,24.84,1.3067479296054156,1,21.186666666666664,11.49,25.48,24.73,2025,21.3,1,28.12,-0.0018966334755808037,11,112.45,24.6,22.474166666666665,112.45,2025-01-11 15:00:00,21.09,21.551799181684345,Hourly,21.42,2.52,11.49,27.67,8.51,-0.03999999999999915,21.05,0.21593208809798553,Siltara,21.05,5,-0.7071067811865471,21.333333333333332,0.8660254037844387,8.98,24.219583333333336,157.75320000000002,0.49999999999999994,,,,2.106378468754133,-0.7071067811865479,0.20305992544660192,5.61,15,21.6
3.62,5.61,22.19468329710415,190,24.84,1.177144722191199,1,21.06333333333333,11.5,23.18,25.48,2025,21.3,1,26.26,0.0,11,112.45,24.6,22.17833333333333,112.45,2025-01-11 15:15:00,21.05,21.40842798691739,Hourly,21.09,2.12,11.49,28.12,8.98,0.0,21.05,0.19589963417616563,Siltara,21.05,5,-0.7071067811865471,21.241666666666667,0.8660254037844387,8.88,24.061666666666667,106.8782,0.49999999999999994,,,,2.1979232622351708,-0.7071067811865479,0.023094010530193214,4.07,15,21.42
355.86,4.07,22.018578174472744,190,25.98,0.9342388734901692,1,21.05,11.51,21.34,23.18,2025,29.32,1,23.56,0.0,11,117.32,23.25,21.882500000000004,112.45,2025-01-11 15:30:00,21.05,21.30601999065528,Hourly,21.05,1.82,11.5,26.26,8.88,0.0,18.96,0.18654758107166167,Siltara,21.05,5,-0.7071067811865471,21.180000000000003,0.8660254037844387,8.37,23.90375,110.49640000000001,0.49999999999999994,,,,2.2743920592409466,-0.7071067811865479,0.0,4.69,15,21.42
3.62,4.69,21.548027686092322,190,26.12,1.157509081061653,1,20.353333333333328,11.51,25.68,21.34,2025,30.32,1,26.66,-0.09928741092636578,11,117.86,23.08,21.525000000000002,117.32,2025-01-11 15:45:00,21.05,20.635728564753773,Hourly,21.05,1.79,11.51,23.56,8.37,-2.09,18.7,0.8984653582657949,Siltara,18.96,5,-0.7071067811865471,20.77,0.8660254037844387,8.19,23.61125,219.6784,0.49999999999999994,,,,2.4410641166808755,-0.7071067811865479,1.2066620626017472,8.24,15,21.42
357.27,8.24,21.10986958053966,190,26.12,1.3039102032712033,1,19.569999999999997,11.51,23.13,25.68,2025,30.32,1,24.17,-0.013713080168776454,11,117.86,23.08,21.16,117.86,2025-01-11 16:00:00,18.96,20.08266326053841,Hourly,21.05,1.76,11.51,26.66,8.19,-0.26000000000000156,18.7,1.1546023846633717,Siltara,18.7,5,-0.8660254037844385,20.316666666666666,0.8660254037844387,7.92,23.302083333333332,173.05720000000002,0.49999999999999994,,,,2.5756788538128905,-0.5000000000000004,1.2882934448288155,7.16,16,21.09
0.12,7.16,20.73912041430279,190,26.12,1.3303622199899476,1,18.78666666666666,11.5,23.74,23.13,2025,30.32,1,25.63,0.0,11,117.86,23.08,20.795,117.86,2025-01-11 16:15:00,18.7,19.687616614670294,Hourly,18.96,2.42,11.51,24.17,7.92,0.0,18.7,1.243308757578077,Siltara,18.7,5,-0.8660254037844385,19.918333333333333,0.8660254037844387,7.56,22.99291666666667,156.343,0.49999999999999994,,,,2.666452584252317,-0.5000000000000004,0.1501110699520637,6.1,16,21.05
5.75,6.1,20.42540958133313,190,26.94,1.2445371538390029,1,18.7,11.5,27.36,23.74,2025,29.15,1,27.73,0.0,11,123.15,21.6,20.43,117.86,2025-01-11 16:30:00,18.7,19.40544043905021,Hourly,18.7,1.84,11.5,25.63,7.56,0.0,18.64,1.1842578548062659,Siltara,18.7,5,-0.8660254037844385,19.526666666666667,0.8660254037844387,6.78,22.683750000000003,271.4767,0.49999999999999994,,,,2.7177817241286886,-0.5000000000000004,0.0,9.79,16,21.05
354.47,9.79,20.150731184204957,190,27.05,1.2842637320061245,1,18.679999999999993,11.51,27.78,27.36,2025,29.0,1,28.11,-0.003208556149732552,11,123.73,21.42,20.183333333333334,123.15,2025-01-11 16:45:00,18.7,19.186743170750148,Hourly,18.7,1.69,11.5,27.73,6.78,-0.05999999999999872,18.64,0.9497315410176022,Siltara,18.64,5,-0.8660254037844385,19.125,0.8660254037844387,6.76,22.33791666666667,281.3811,0.49999999999999994,,,,2.6804574222996993,-0.5000000000000004,0.03464101598985221,10.01,16,21.05
1.43,10.01,19.918311002019582,190,27.05,1.291622188877557,1,18.659999999999997,11.51,26.17,27.78,2025,29.0,1,25.89,0.0,11,123.73,21.42,19.951666666666668,123.73,2025-01-11 17:00:00,18.64,19.030530836250108,Hourly,18.7,1.71,11.51,28.11,6.76,0.0,18.64,0.11961047893196748,Siltara,18.64,5,-0.9659258262890683,18.723333333333333,0.8660254037844387,5.65,21.9875,267.7026,0.49999999999999994,,,,2.5857086321630924,-0.25881904510252063,0.034641015989824525,10.34,17,18.96
3.4,10.34,19.721647770939647,190,27.05,1.2530544499575564,1,18.64,11.51,27.4,26.17,2025,29.0,1,28.43,0.0,11,123.73,21.42,19.72,123.73,2025-01-11 17:15:00,18.64,18.918950597321505,Hourly,18.64,1.69,11.51,25.89,5.65,0.0,18.64,0.032863353506112844,Siltara,18.64,5,-0.9659258262890683,18.669999999999998,0.8660254037844387,5.01,21.637083333333333,250.18400000000003,0.49999999999999994,,,,2.4352956773746914,-0.25881904510252063,0.0,8.8,17,18.7
1.59,8.8,19.555240421564317,190,24.87,1.164004321563733,1,18.64,11.51,31.34,27.4,2025,27.16,1,33.91,0.0,11,140.82,21.09,19.488333333333333,123.73,2025-01-11 17:30:00,18.64,18.839250426658218,Hourly,18.64,0.29,11.51,28.43,5.01,0.0,17.27,0.030983866828846483,Siltara,18.64,5,-0.9659258262890683,18.66,0.8660254037844387,5.24,21.28666666666667,269.24539999999996,0.49999999999999994,,,,2.21792238596235,-0.25881904510252063,0.0,7.94,17,18.7
359.42,7.94,19.203664972092884,190,24.6,1.2076874972119596,1,18.183333333333326,11.51,31.07,31.34,2025,26.93,1,33.05,-0.07349785407725327,11,142.72,21.05,19.17,140.82,2025-01-11 17:45:00,18.64,18.390893161898727,Hourly,18.64,1.57,11.51,33.91,5.24,-1.370000000000001,17.1,0.5647093647800903,Siltara,17.27,5,-0.9659258262890683,18.421666666666667,0.8660254037844387,5.22,20.970000000000002,294.145,0.49999999999999994,,,,2.2265961544003945,-0.25881904510252063,0.7909698687826832,8.9,17,18.7
6.71,8.9,18.880024207155518,190,24.6,1.1868174274392884,1,17.669999999999995,11.5,36.57,31.07,2025,26.93,1,35.77,-0.009843659525188082,11,142.72,21.05,18.840833333333332,142.72,2025-01-11 18:00:00,17.27,18.022066544213377,Hourly,18.64,1.02,11.51,33.05,5.22,-0.16999999999999815,17.1,0.753279496603793,Siltara,17.1,5,-1.0,18.155,0.8660254037844387,5.18,20.657500000000002,543.3463,0.49999999999999994,,,,2.2212809661190582,-1.8369701987210297e-16,0.8443340571057832,15.19,18,18.64
339.52,15.19,18.606174329131594,190,24.6,1.059320823015209,1,17.156666666666663,11.49,37.95,36.57,2025,26.93,1,38.12,0.0,11,142.72,21.05,18.511666666666667,142.72,2025-01-11 18:15:00,17.1,17.75861896015241,Hourly,17.27,1.37,11.5,35.77,5.18,0.0,17.1,0.8148230891858232,Siltara,17.1,5,-1.0,17.898333333333337,0.8660254037844387,4.09,20.345,539.398,0.49999999999999994,,,,2.1694800018135503,-1.8369701987210297e-16,0.09814954570448524,14.15,18,18.64
311.25,14.15,18.37445520157289,190,23.25,0.7741989995615556,1,17.1,11.5,30.73,37.95,2025,26.3,1,33.27,0.0,11,153.83,18.96,18.1825,142.72,2025-01-11 18:30:00,17.1,17.57044211439458,Hourly,17.1,1.09,11.49,38.12,4.09,0.0,19.2,0.7761035154348458,Siltara,17.1,5,-1.0,17.64166666666667,0.8660254037844387,5.84,20.032500000000002,257.84250000000003,0.49999999999999994,,,,2.0677024636704724,-1.8369701987210297e-16,0.0,7.75,18,18.64
323.95,7.75,18.5014620936386,190,23.08,0.7988187301568395,1,17.799999999999997,11.49,29.66,30.73,2025,26.22,1,33.11,0.12280701754385952,11,155.22,18.7,18.2025,153.83,2025-01-11 18:45:00,17.1,18.036030081710415,Hourly,17.1,1.25,11.5,33.27,5.84,2.099999999999998,19.46,0.9371392639323456,Siltara,19.2,5,-1.0,17.735000000000003,0.8660254037844387,5.96,19.86375,197.0045,0.49999999999999994,,,,1.9559425894058244,-1.8369701987210297e-16,1.2124355652935639,5.95,18,18.64
6.63,5.95,18.64892946384805,190,23.08,0.8689016926719453,1,18.586666666666662,11.49,30.14,29.66,2025,26.22,1,33.38,0.013541666666666749,11,155.22,18.7,18.265833333333333,155.22,2025-01-11 19:00:00,19.2,18.442878629793153,Hourly,17.1,1.28,11.49,33.11,5.96,0.26000000000000156,19.46,1.1345204566998013,Siltara,19.46,5,-0.9659258262890684,17.871666666666666,0.8660254037844387,5.67,19.71291666666667,215.30100000000002,0.49999999999999994,,,,1.832841650143527,0.2588190451025203,1.2940376089287877,6.45,19,17.27
203.54,6.45,18.773709546332963,190,23.08,0.9290411316273586,1,19.37333333333333,11.49,28.41,30.14,2025,26.22,1,31.66,0.0,11,155.22,18.7,18.329166666666666,155.22,2025-01-11 19:15:00,19.46,18.733484735566538,Hourly,19.2,0.73,11.49,33.38,5.67,0.0,19.46,1.2487700615687125,Siltara,19.46,5,-0.9659258262890684,18.236666666666668,0.8660254037844387,5.63,19.562083333333334,182.9948,0.49999999999999994,,,,1.6868390278284429,0.2588190451025203,0.1501110699522731,5.78,19,17.1
125.01,5.78,18.879292693050967,190,21.6,0.9810673686506951,1,19.46,11.5,30.04,28.41,2025,24.53,1,33.25,0.0,11,67.11,18.64,18.392500000000002,155.22,2025-01-11 19:30:00,19.46,18.94106052540467,Hourly,19.46,0.51,11.49,31.66,5.63,0.0,17.8,1.1894032117005815,Siltara,19.46,5,-0.9659258262890684,18.63,0.8660254037844387,5.78,19.41125,215.1275,0.49999999999999994,,,,1.5113118761409365,0.2588190451025203,0.0,6.47,19,17.1
155.58,6.47,18.713247663350817,190,21.42,0.9917122474948068,1,18.906666666666663,11.5,32.59,30.04,2025,24.32,1,35.61,-0.08530318602261049,11,56.09,18.64,18.3225,67.11,2025-01-11 19:45:00,19.46,18.61504323243191,Hourly,19.46,0.53,11.5,33.25,5.78,-1.6600000000000001,17.59,1.0334150505340653,Siltara,17.8,5,-0.9659258262890684,18.74666666666667,0.8660254037844387,5.91,19.252916666666668,274.5531,0.49999999999999994,,,,1.4705410987784506,0.2588190451025203,0.9584014468489548,7.71,19,17.1
345.03,7.71,18.540440330527616,190,21.42,1.007350259575867,1,18.28333333333333,11.5,48.09,32.59,2025,24.32,1,51.7,-0.011797752808988812,11,56.09,18.64,18.235,56.09,2025-01-11 20:00:00,17.8,18.322173737451365,Hourly,19.46,0.14,11.5,35.61,5.91,-0.21000000000000085,17.59,0.8861245209733932,Siltara,17.59,5,-0.8660254037844386,18.828333333333333,0.8660254037844387,5.91,19.093333333333334,655.556,0.49999999999999994,,,,1.4324672138826489,0.5000000000000001,1.0244185342535106,12.68,20,19.2
196.36,12.68,18.394218741215674,190,21.42,1.0145498330044649,1,17.659999999999993,11.5,42.64,48.09,2025,24.32,1,44.2,0.0,11,56.09,18.64,18.1475,56.09,2025-01-11 20:15:00,17.59,18.11298124103669,Hourly,17.8,0.13,11.5,51.7,5.91,0.0,17.59,0.9888781522531789,Siltara,17.59,5,-0.8660254037844386,18.56,0.8660254037844387,4.89,18.93375,608.634,0.49999999999999994,,,,1.3741489461099576,0.5000000000000001,0.12124355648329997,13.77,20,19.46
194.83,13.77,18.270492781028647,190,21.09,1.013490817115115,1,17.59,11.5,33.67,42.64,2025,24.79,1,35.2,0.0,11,74.52,17.27,18.06,56.09,2025-01-11 20:30:00,17.59,17.963558029311923,Hourly,17.59,0.89,11.5,44.2,4.89,0.0,19.26,0.9420704149214799,Siltara,17.59,5,-0.8660254037844386,18.248333333333335,0.8660254037844387,4.04,18.774166666666666,367.136,0.49999999999999994,,,,1.292849621934314,0.5000000000000001,0.0,10.43,20,19.46
165.74,10.43,18.422724660870394,190,21.05,1.0350534315066189,1,18.14666666666666,11.5,30.29,33.67,2025,24.84,1,32.23,0.09494030699260954,11,76.82,17.1,18.225833333333334,74.52,2025-01-11 20:45:00,17.59,18.333970020937087,Hourly,17.59,0.59,11.5,35.2,4.04,1.6700000000000017,19.47,0.8928773712014788,Siltara,19.26,5,-0.8660254037844386,18.215,0.8660254037844387,4.38,18.697916666666668,273.955,0.49999999999999994,,,,1.2010320893790942,0.5000000000000001,0.9641749495408491,8.5,20,19.46
63.0,8.5,18.58384394381341,190,21.05,1.0267807886261802,1,18.77333333333333,11.5,31.95,30.29,2025,24.84,1,35.67,0.010903426791277118,11,76.82,17.1,18.423333333333336,76.82,2025-01-11 21:00:00,19.26,18.65855001495506,Hourly,17.59,0.62,11.5,32.23,4.38,0.2099999999999973,19.47,0.8956710705779931,Siltara,19.47,5,-0.7071067811865477,18.21666666666667,0.8660254037844387,4.2,18.632083333333334,228.288,0.49999999999999994,,,,1.106046540288217,0.7071067811865474,1.0301617995840051,6.4,21,17.8
168.51,6.4,18.72017564476519,190,21.05,0.9757650456208342,1,19.399999999999995,11.5,31.06,31.95,2025,24.84,1,34.7,0.0,11,76.82,17.1,18.620833333333334,76.82,2025-01-11 21:15:00,19.47,18.890392867825042,Hourly,19.26,0.74,11.5,35.67,4.2,0.0,19.47,0.9943389764077745,Siltara,19.47,5,-0.7071067811865477,18.495,0.8660254037844387,4.13,18.56625,214.79300000000003,0.49999999999999994,,,,0.9975745041411814,0.7071067811865474,0.12124355648397181,6.19,21,17.59
174.19,6.19,18.835533237878238,190,18.96,0.8745578969768165,1,19.47,11.5,29.6,31.06,2025,25.98,1,33.29,0.0,11,55.21,19.2,18.818333333333335,76.82,2025-01-11 21:30:00,19.47,19.055994905589316,Hourly,19.47,0.77,11.5,34.7,4.13,0.0,21.65,0.947215216658984,Siltara,19.47,5,-0.7071067811865477,18.808333333333334,0.8660254037844387,4.73,18.500416666666666,185.09239999999997,0.49999999999999994,,,,0.8705894013857979,0.7071067811865474,0.0,5.56,21,17.59
80.91,5.56,19.268528124358507,190,18.7,1.1979461590626628,1,20.196666666666662,11.5,29.79,29.6,2025,26.12,1,33.55,0.11196712891628145,11,52.51,19.46,19.022499999999997,55.21,2025-01-11 21:45:00,19.47,19.797139218278083,Hourly,19.47,0.19,11.5,33.29,4.73,2.1799999999999997,21.92,1.2907013597279808,Siltara,21.65,5,-0.7071067811865477,19.485,0.8660254037844387,4.87,18.6125,185.19599999999997,0.49999999999999994,,,,1.0802465499615468,0.7071067811865474,1.2586235868289983,5.52,21,17.59
18.75,5.52,19.6764468744572,190,18.7,1.4611833622768895,1,21.01333333333333,11.5,30.48,29.79,2025,26.12,1,34.39,0.012471131639723009,11,52.51,19.46,19.227500000000003,52.51,2025-01-11 22:00:00,21.65,20.40367087019863,Hourly,19.47,1.03,11.5,33.55,4.87,0.2700000000000031,21.92,1.2282453609398758,Siltara,21.92,5,-0.5000000000000004,20.206666666666667,0.8660254037844387,4.91,18.746666666666666,190.5206,0.49999999999999994,,,,1.2741464889762413,0.8660254037844384,1.3433664181162084,5.54,22,19.26
33.03,5.54,20.021608893771475,190,18.7,1.6563054450449946,1,21.829999999999995,11.51,29.86,30.48,2025,26.12,1,33.75,0.0,11,52.51,19.46,19.4325,52.51,2025-01-11 22:15:00,21.92,20.836907764427593,Hourly,21.65,0.36,11.5,34.39,4.91,0.0,21.92,1.296379574045989,Siltara,21.92,5,-0.5000000000000004,20.65,0.8660254037844387,3.38,18.880833333333335,180.5625,0.49999999999999994,,,,1.4291253532739785,0.8660254037844384,0.15588457264627018,5.35,22,19.47
198.51,5.35,20.31366906396048,190,18.64,1.805532532879341,1,21.92,11.49,32.22,29.86,2025,26.94,1,36.11,0.0,11,60.23,17.8,19.6375,52.51,2025-01-11 22:30:00,21.92,21.146362688876852,Hourly,21.92,0.79,11.51,33.75,3.38,0.0,21.95,1.2347536866396973,Siltara,21.92,5,-0.5000000000000004,21.058333333333334,0.8660254037844387,5.13,19.015,225.3264,0.49999999999999994,,,,1.5568502203821017,0.8660254037844384,0.0,6.24,22,19.47
175.21,6.24,20.565412284889636,190,18.64,1.8189774016990248,1,21.929999999999996,11.5,34.43,32.22,2025,27.05,1,38.54,0.001368613138686021,11,61.2,17.59,19.98333333333333,60.23,2025-01-11 22:45:00,21.92,21.37597334919775,Hourly,21.92,0.75,11.49,36.11,5.13,0.029999999999997584,21.95,0.9869430919107337,Siltara,21.95,5,-0.5000000000000004,21.471666666666664,0.8660254037844387,5.24,19.152916666666666,259.37420000000003,0.49999999999999994,,,,1.6650381355277601,0.8660254037844384,0.017320507761580808,6.73,22,19.47
206.33,6.73,20.778425779522,190,18.64,1.7307661642071834,1,21.939999999999998,11.51,32.4,34.43,2025,27.05,1,35.93,0.0,11,61.2,17.59,20.346666666666668,61.2,2025-01-11 23:00:00,21.95,21.53998096371268,Hourly,21.92,0.78,11.5,38.54,5.24,0.0,21.95,0.11606032915534147,Siltara,21.95,5,-0.25881904510252157,21.885,0.8660254037844387,4.82,19.290833333333335,246.4798,0.49999999999999994,,,,1.7553419502555527,0.9659258262890681,0.017320507761608497,6.86,23,21.65
208.67,6.86,20.958667967287845,190,18.64,1.5473848907149497,1,21.95,11.51,26.92,32.4,2025,27.05,1,28.76,0.0,11,61.2,17.59,20.71,61.2,2025-01-11 23:15:00,21.95,21.65712925979477,Hourly,21.95,0.95,11.51,35.93,4.82,0.0,21.95,0.016431676836082716,Siltara,21.95,5,-0.25881904510252157,21.935000000000002,0.8660254037844387,4.36,19.42875,212.53640000000001,0.49999999999999994,,,,1.830410532476095,0.9659258262890681,0.0,7.39,23,21.92
223.26,7.39,21.1111805877051,190,17.27,1.2268758056287297,1,21.95,11.5,29.43,26.92,2025,24.87,1,31.5,0.0,11,49.22,19.26,21.073333333333334,61.2,2025-01-11 23:30:00,21.95,21.740806614139125,Hourly,21.95,0.81,11.51,28.76,4.36,0.0,18.25,0.015491933502484546,Siltara,21.95,5,-0.25881904510252157,21.939999999999998,0.8660254037844387,3.61,19.566666666666666,251.685,0.49999999999999994,,,,1.8920581539633297,0.9659258262890681,0.0,7.99,23,21.92
12.43,7.99,20.67099895882739,190,17.1,1.3868044257084058,1,20.71666666666666,11.49,35.89,29.43,2025,24.6,1,39.54,-0.1685649202733485,11,47.72,19.47,20.989166666666666,49.22,2025-01-11 23:45:00,21.95,20.74343329581366,Hourly,21.95,0.89,11.5,31.5,3.61,-3.6999999999999993,17.78,1.5081169273867066,Siltara,18.25,5,-0.25881904510252157,21.328333333333333,0.8660254037844387,3.76,19.607499999999998,316.7154,0.49999999999999994,,,,1.8504552906289848,0.9659258262890681,2.136195995999042,8.01,23,21.92
197.06,8.01,20.22622988823856,0,17.1,1.6211210113209455,0,19.326666666666664,11.48,41.32,35.89,2025,24.6,1,45.29,-0.025753424657534184,12,99.33,19.47,20.848333333333333,47.72,2025-01-12 00:15:00,18.25,19.896738068438328,Hourly,21.95,0.55,11.49,39.54,3.76,-0.46999999999999886,35.49,2.037453475952354,Siltara,17.78,6,0.0,20.638333333333332,0.8660254037844387,4.03,19.635833333333334,433.4253,0.49999999999999994,14.8752,,0.36,1.8152635852861907,1.0,2.2839950379373013,9.57,0,21.95
253.41,9.57,22.574502213124937,0,17.1,4.472138665385622,0,23.839999999999993,11.49,40.98,41.32,2025,24.6,1,44.82,0.9960629921259843,12,99.33,19.47,22.183333333333334,99.33,2025-01-12 00:30:00,17.78,24.351955763170235,Hourly,18.25,0.46,11.48,45.29,4.03,17.71,35.49,6.466101607615181,Siltara,35.49,6,0.0,22.895,0.8660254037844387,4.13,20.402083333333334,432.06480000000005,0.49999999999999994,14.752799999999999,0.36,0.36,3.6512177589396746,1.0,10.091932421493384,9.64,0,21.95
154.37,9.64,24.56150187264418,0,19.2,5.786494987679246,0,29.586666666666662,11.49,40.77,40.98,2025,23.25,1,44.31,0.0,12,98.71,21.65,23.51833333333333,99.33,2025-01-12 00:45:00,35.49,27.53425411655017,Hourly,17.78,0.69,11.49,44.82,4.13,0.0,35.34,8.200464417743074,Siltara,35.49,6,0.0,25.15166666666667,0.8660254037844387,4.09,21.168333333333333,443.9862,0.49999999999999994,14.677200000000001,0.36,0.36,4.705556998557628,1.0,10.224873267347775,10.02,0,21.95
67.51,10.02,26.219732353775846,0,19.46,6.667164394299784,0,35.44,11.49,40.66,40.77,2025,23.08,1,43.84,-0.004226542688081109,12,80.94,21.92,24.659166666666668,98.71,2025-01-12 01:00:00,35.49,29.764467226107264,Hourly,35.49,0.57,11.49,44.31,4.09,-0.14999999999999858,31.09,8.943238041485325,Siltara,35.34,6,0.25881904510252074,27.383333333333336,0.8660254037844387,4.0,21.840833333333336,461.1968,0.49999999999999994,14.637599999999999,0.36,0.36,5.498536498305379,0.9659258262890683,0.0866025403228689,10.52,1,21.95
145.98,10.52,26.969004299348793,0,19.46,6.847740613893332,0,33.97333333333333,11.5,40.27,40.66,2025,23.08,1,42.92,-0.12026032823995482,12,80.94,21.92,25.423333333333332,80.94,2025-01-12 01:15:00,35.34,30.1431908757909,Hourly,35.49,0.83,11.49,43.84,4.0,-4.2500000000000036,31.09,8.604679347115164,Siltara,31.09,6,0.25881904510252074,28.906666666666666,0.8660254037844387,4.14,22.32541666666667,480.27479999999997,0.49999999999999994,28.5917,0.36,0.71,5.784622778402558,0.9659258262890683,2.4981659939490735,11.19,1,18.25
72.53,11.19,27.603003637910515,0,19.46,6.932383985851145,0,32.50666666666666,11.5,39.69,40.27,2025,23.08,1,41.88,0.0,12,80.94,21.92,26.1875,80.94,2025-01-12 01:30:00,31.09,30.41370776842207,Hourly,35.34,0.17,11.5,42.92,4.14,0.0,31.09,6.83999025340462,Siltara,31.09,6,0.25881904510252074,31.046666666666667,0.8660254037844387,3.94,22.810000000000002,488.73960000000005,0.49999999999999994,27.782999999999998,0.71,0.7,6.0166233488350445,0.9659258262890683,2.4537386440538866,11.67,1,17.78
14.59,11.67,28.139464616693513,0,17.8,6.924613324726684,0,31.09,11.49,38.83,39.69,2025,21.6,1,40.57,0.0,12,79.99,21.95,26.951666666666668,80.94,2025-01-12 01:45:00,31.09,30.60693412030148,Hourly,31.09,2.17,11.5,41.88,3.94,0.0,31.1,2.383222608151303,Siltara,31.09,6,0.25881904510252074,33.265,0.8660254037844387,3.84,23.294583333333332,489.2742,0.49999999999999994,27.180999999999997,0.7,0.7,6.200612157133864,0.9659258262890683,0.0,12.06,1,35.49
16.8,12.06,28.594931598740665,0,17.59,6.826872647964642,0,31.09333333333333,11.5,38.07,38.83,2025,21.42,1,39.73,0.0003216468317787573,12,52.32,21.95,27.714166666666667,79.99,2025-01-12 02:00:00,31.09,30.74781008592963,Hourly,31.09,2.18,11.49,40.57,3.84,0.010000000000001563,31.52,2.2326367072746462,Siltara,31.1,6,0.49999999999999994,32.53333333333333,0.8660254037844387,3.87,23.84875,472.3897,0.49999999999999994,27.0297,0.7,0.71,6.281990346808815,0.8660254037844387,0.005773501818287454,11.89,2,35.49
333.17,11.89,29.04494212201133,0,17.59,6.6489559444718624,0,31.23666666666666,11.5,34.58,38.07,2025,21.42,1,37.66,0.013504823151125342,12,52.32,21.95,28.511666666666667,52.32,2025-01-12 02:15:00,31.1,30.96843577566402,Hourly,31.09,1.69,11.5,39.73,3.87,0.41999999999999815,31.52,1.7077167993172,Siltara,31.52,6,0.49999999999999994,31.871666666666666,0.8660254037844387,3.24,24.429166666666664,316.344,0.49999999999999994,24.551799999999997,0.71,0.71,6.321974042742443,0.8660254037844387,0.24542480176881112,8.4,2,35.34
9.86,8.4,29.42572025708651,0,17.59,6.357939143427505,0,31.379999999999995,11.51,33.27,34.58,2025,21.42,1,36.83,0.0,12,52.32,21.95,29.309166666666666,52.32,2025-01-12 02:30:00,31.52,31.126025554045725,Hourly,31.1,2.24,11.5,37.66,3.24,0.0,31.52,0.2207940216661673,Siltara,31.52,6,0.49999999999999994,31.235,0.8660254037844387,3.83,25.009583333333335,263.3345,0.49999999999999994,23.289,0.71,0.7,6.306207072792272,0.8660254037844387,0.2424871130389022,7.15,2,31.09
8.52,7.15,29.747917140611662,0,19.26,5.93721442694532,0,31.52,11.51,33.26,33.27,2025,21.09,1,36.86,0.0,12,52.79,18.25,30.10666666666667,52.32,2025-01-12 02:45:00,31.52,31.238589681461235,Hourly,31.52,2.05,11.51,36.83,3.83,0.0,31.35,0.23372348335198498,Siltara,31.52,6,0.49999999999999994,31.30666666666667,0.8660254037844387,3.94,25.590000000000003,261.3374,0.49999999999999994,23.281999999999996,0.7,0.7,6.234266457320963,0.8660254037844387,0.0,7.09,2,31.09
16.42,7.09,29.994391426671406,0,19.47,4.616375660887737,0,31.463333333333328,11.51,29.94,33.26,2025,21.05,1,31.43,-0.005393401015228368,12,66.34,17.78,31.198333333333334,52.79,2025-01-12 03:00:00,31.52,31.27042120104374,Hourly,31.52,3.58,11.51,36.86,3.94,-0.16999999999999815,26.41,0.20823064136557434,Siltara,31.35,6,0.7071067811865476,31.350000000000005,0.8660254037844387,4.52,26.09375,284.7558,0.49999999999999994,20.958,0.7,0.7,6.1888334311999476,0.7071067811865476,0.09814954571104066,9.06,3,31.09
33.5,9.06,29.442946591798883,0,19.47,2.542193487381546,0,29.759999999999994,11.5,32.46,29.94,2025,21.05,1,35.32,-0.15757575757575762,12,66.34,35.49,31.9175,66.34,2025-01-12 03:15:00,31.35,29.88172942931696,Hourly,31.52,2.71,11.51,31.43,4.52,-4.940000000000001,26.41,2.0446222144942876,Siltara,26.41,6,0.7071067811865476,30.570000000000004,0.8660254037844387,3.99,26.38291666666667,279.38120000000004,0.49999999999999994,23.046599999999998,0.7,0.71,6.025876432135824,0.7071067811865476,2.9024300163810652,7.91,3,31.1
2.81,7.91,28.976339423829824,0,19.47,2.7267945161573457,0,28.05666666666666,11.5,33.36,32.46,2025,21.05,1,36.38,0.0,12,66.34,35.49,31.16083333333333,66.34,2025-01-12 03:30:00,26.41,28.8898067352264,Hourly,31.35,2.22,11.5,35.32,3.99,0.0,26.41,2.617673903806622,Siltara,26.41,6,0.7071067811865476,29.788333333333338,0.8660254037844387,4.06,26.672083333333333,291.7676,0.49999999999999994,23.685599999999997,0.71,0.71,5.843475722076748,0.7071067811865476,2.8521103297949337,8.02,3,31.52
1.99,8.02,28.581517974009852,0,21.65,2.675608540242486,0,26.41,11.5,33.37,33.36,2025,18.96,1,36.14,0.0,12,66.29,35.34,30.40416666666667,66.34,2025-01-12 03:45:00,26.41,28.181290525161717,Hourly,26.41,2.6,11.5,36.38,4.06,0.0,26.32,2.768520663941342,Siltara,26.41,6,0.7071067811865476,28.936666666666667,0.8660254037844387,4.58,26.961250000000003,303.576,0.49999999999999994,23.025299999999998,0.71,0.69,5.6397450701719976,0.7071067811865476,0.0,8.4,3,31.52
13.7,8.4,28.233592131854493,0,21.92,2.4174672132802986,0,26.379999999999995,11.51,33.3,33.37,2025,18.7,1,35.8,-0.0034078000757288853,12,64.89,31.09,29.6525,66.29,2025-01-12 04:00:00,26.41,27.64949323225837,Hourly,26.41,3.1,11.5,36.14,4.58,-0.08999999999999986,23.64,2.6073051221526704,Siltara,26.32,6,0.8660254037844386,28.069999999999997,0.8660254037844387,4.26,27.155833333333334,314.68199999999996,0.49999999999999994,23.309999999999995,0.69,0.7,5.527983291885922,0.5000000000000001,0.051961524125781144,8.79,4,31.52
43.39,8.79,27.526885650030728,0,21.92,2.919280214318159,0,25.456666666666663,11.5,33.2,33.3,2025,18.7,1,35.45,-0.10182370820668692,12,64.89,31.09,29.031666666666666,64.89,2025-01-12 04:15:00,26.32,26.50392373732741,Hourly,26.41,1.79,11.51,35.8,4.26,-2.6799999999999997,23.64,2.5045372160681167,Siltara,23.64,6,0.8660254037844386,26.75666666666667,0.8660254037844387,4.26,27.227500000000003,323.65850000000006,0.49999999999999994,23.572,0.7,0.71,5.467976535365888,0.5000000000000001,1.5739229121283946,9.13,4,31.35
33.75,9.13,26.928903242333696,0,21.92,3.218586528654584,0,24.53333333333333,11.5,33.25,33.2,2025,18.7,1,35.28,0.0,12,64.89,31.09,28.410833333333333,64.89,2025-01-12 04:30:00,23.64,25.68565981237672,Hourly,26.32,2.28,11.5,35.45,4.26,0.0,23.64,1.4192310124395684,Siltara,23.64,6,0.8660254037844386,25.471666666666664,0.8660254037844387,3.92,27.299166666666668,335.16,0.49999999999999994,22.9425,0.71,0.69,5.406312668230931,0.5000000000000001,1.5472987214247444,9.5,4,26.41
53.82,9.5,26.422918128128515,0,21.95,3.3697855340462075,0,23.64,11.51,33.7,33.25,2025,18.64,1,35.57,0.0,12,64.61,31.1,27.790000000000003,64.89,2025-01-12 04:45:00,23.64,25.101185580269085,Hourly,23.64,1.92,11.5,35.28,3.92,0.0,23.53,1.5011195821797745,Siltara,23.64,6,0.8660254037844386,25.01,0.8660254037844387,3.79,27.370833333333334,352.14300000000003,0.49999999999999994,23.253,0.69,0.69,5.342934315659968,0.5000000000000001,0.0,9.9,4,26.41
7.06,9.9,25.97785380072413,0,21.95,3.402219752226008,0,23.603333333333328,11.5,33.94,33.7,2025,18.64,1,35.49,-0.00465313028764803,12,56.52,31.52,27.159166666666664,64.61,2025-01-12 05:00:00,23.64,24.65227541447792,Hourly,23.64,2.81,11.51,35.57,3.79,-0.10999999999999943,20.3,1.4223079835266297,Siltara,23.53,6,0.9659258262890683,24.53,0.8660254037844387,4.26,27.436666666666667,372.29010000000005,0.49999999999999994,24.097399999999997,0.69,0.71,5.282630822403235,0.25881904510252074,0.06350852952612965,10.49,5,26.41
19.27,10.49,25.104337831381955,0,21.95,3.6290080245759753,0,22.489999999999995,11.51,32.9,33.94,2025,18.64,1,35.29,-0.13727156821079475,12,56.52,31.52,26.224166666666665,56.52,2025-01-12 05:15:00,23.53,23.408768153198515,Hourly,23.64,2.62,11.5,35.49,4.26,-3.2300000000000004,20.3,1.910564489011108,Siltara,20.3,6,0.9659258262890683,23.511666666666667,0.8660254037844387,4.4,27.36791666666667,310.552,0.49999999999999994,22.700999999999997,0.71,0.69,5.367200694692627,0.25881904510252074,1.8973929482290022,8.8,5,26.32
67.09,8.8,24.36520893424627,0,21.95,3.585651857394531,0,21.37666666666666,11.5,32.47,32.9,2025,18.64,1,35.14,0.0,12,56.52,31.52,25.28916666666667,56.52,2025-01-12 05:30:00,20.3,22.520548680856084,Hourly,23.53,2.08,11.51,35.29,4.4,0.0,20.3,1.7110980879745912,Siltara,20.3,6,0.9659258262890683,22.508333333333336,0.8660254037844387,3.96,27.299166666666665,288.49940000000004,0.49999999999999994,23.3784,0.69,0.72,5.449553565016,0.25881904510252074,1.8648413694795567,8.21,5,23.64
15.02,8.21,23.73979217513146,0,18.25,3.261395290736294,0,20.3,11.51,38.68,32.47,2025,17.27,1,37.99,0.0,12,57.28,31.35,24.354166666666668,56.52,2025-01-12 05:45:00,20.3,21.88610620061149,Hourly,20.3,2.85,11.5,35.14,3.96,0.0,20.36,1.8097559688174294,Siltara,20.3,6,0.9659258262890683,21.951666666666668,0.8660254037844387,4.23,27.23041666666667,597.5827,0.49999999999999994,27.075999999999997,0.72,0.7,5.529788484961553,0.25881904510252074,0.0,15.73,5,23.64
345.52,15.73,23.219824148188156,0,17.78,2.592828688146068,0,20.319999999999997,11.5,34.21,38.68,2025,17.1,1,32.92,0.0029556650246304788,12,79.55,26.41,23.438333333333336,57.28,2025-01-12 06:00:00,20.3,21.450075857579634,Hourly,20.3,2.33,11.51,37.99,4.23,0.05999999999999872,21.92,1.6891388338451216,Siltara,20.36,6,1.0,21.405,0.8660254037844387,4.42,27.31833333333333,491.8248,0.49999999999999994,23.604899999999997,0.7,0.69,5.395957155426272,6.123233995736766e-17,0.03464101599216473,14.94,6,23.64
347.74,14.94,23.019851202313056,0,35.49,2.4447511802525006,0,20.859999999999996,11.5,33.79,34.21,2025,17.1,1,34.79,0.07662082514734786,12,79.55,26.41,23.064166666666665,79.55,2025-01-12 06:15:00,20.36,21.584339898271168,Hourly,20.3,2.88,11.5,32.92,4.42,1.5600000000000023,21.92,1.3448333230071043,Siltara,21.92,6,1.0,21.118333333333336,0.8660254037844387,2.65,27.490833333333338,392.4312,0.49999999999999994,22.9772,0.69,0.68,5.137772243219426,6.123233995736766e-17,0.9184770002504212,11.28,6,23.53
14.48,11.28,22.850643325034124,0,35.49,2.219324221472083,0,21.399999999999995,11.5,33.74,33.79,2025,17.1,1,36.83,0.0,12,79.55,26.41,22.69,79.55,2025-01-12 06:30:00,21.92,21.680242784479404,Hourly,20.36,1.58,11.5,34.79,2.65,0.0,21.92,0.8291441370495646,Siltara,21.92,6,1.0,20.85,0.8660254037844387,3.27,26.925416666666667,296.48150000000004,0.49999999999999994,23.9554,0.68,0.71,4.962901482318183,6.123233995736766e-17,0.9006664199297406,8.05,6,20.3
6.17,8.05,22.707467428875027,0,35.34,1.8890568032945123,0,21.92,11.5,33.54,33.74,2025,19.2,1,36.63,0.0,12,81.79,26.32,22.315833333333334,79.55,2025-01-12 06:45:00,21.92,21.748744846056717,Hourly,21.92,1.67,11.5,36.83,3.27,0.0,21.92,0.876629910511651,Siltara,21.92,6,1.0,21.12,0.8660254037844387,3.4,26.360000000000003,291.57480000000004,0.49999999999999994,23.813399999999998,0.71,0.71,4.711357230833743,6.123233995736766e-17,0.0,7.96,6,20.3
8.53,7.96,22.586318593663485,0,31.09,1.4066042819760254,0,21.92,11.5,33.39,33.54,2025,19.46,1,36.4,0.0,12,105.71,23.64,21.94916666666667,81.79,2025-01-12 07:00:00,21.92,21.79767489004051,Hourly,21.92,1.6,11.5,36.63,3.4,0.0,21.95,0.8212916656119572,Siltara,21.92,6,0.9659258262890683,21.39,0.8660254037844387,3.64,25.800833333333333,292.292,0.49999999999999994,23.7069,0.71,0.71,4.384248402859799,-0.25881904510252063,0.0,8.03,7,20.3
6.27,8.03,22.488423425407564,0,31.09,1.3026883624680377,0,21.929999999999996,11.5,33.19,33.39,2025,19.46,1,36.06,0.001368613138686021,12,105.71,23.64,21.808333333333334,105.71,2025-01-12 07:15:00,21.92,21.841196350028937,Hourly,21.92,1.73,11.5,36.4,3.64,0.029999999999997584,21.95,0.6394294331696506,Siltara,21.95,6,0.9659258262890683,21.665000000000003,0.8660254037844387,3.39,25.42,294.9708,0.49999999999999994,23.232999999999997,0.71,0.7,4.301013025263464,-0.25881904510252063,0.017320507760965175,8.18,7,20.36
357.18,8.18,22.40558905226794,0,31.09,1.1714026169177623,0,21.939999999999998,11.5,33.07,33.19,2025,19.46,1,35.75,0.0,12,105.71,23.64,21.6675,105.71,2025-01-12 07:30:00,21.95,21.872283107163526,Hourly,21.92,1.74,11.5,36.06,3.39,0.0,21.95,0.015491933502925683,Siltara,21.95,6,0.9659258262890683,21.930000000000003,0.8660254037844387,3.67,25.039166666666663,301.3725,0.49999999999999994,24.471799999999998,0.7,0.74,4.180085204735464,-0.25881904510252063,0.01732050776099107,8.43,7,21.92
9.31,8.43,22.3354984288421,0,31.1,1.0020463909967758,0,21.95,11.51,33.16,33.07,2025,17.8,1,35.72,0.0,12,102.09,23.53,21.526666666666667,105.71,2025-01-12 07:45:00,21.95,21.894487933688232,Hourly,21.95,2.45,11.5,35.75,3.67,0.0,22.03,0.01643167683649743,Siltara,21.95,6,0.9659258262890683,21.935000000000002,0.8660254037844387,3.41,24.658333333333335,308.62080000000003,0.49999999999999994,23.211999999999996,0.74,0.7,4.018063200606202,-0.25881904510252063,0.0,8.64,7,21.92
6.37,8.64,22.288498670558702,0,31.52,0.8032641740710399,0,21.97666666666666,11.5,33.52,33.16,2025,17.59,1,35.79,0.0036446469248292415,12,70.77,20.3,21.401666666666667,102.09,2025-01-12 08:00:00,21.95,21.933205666920166,Hourly,21.95,3.77,11.51,35.72,3.41,0.08000000000000185,24.24,0.040331955944707565,Siltara,22.03,6,0.8660254037844387,21.953333333333333,0.8660254037844387,3.41,24.280416666666667,329.98380000000003,0.49999999999999994,23.128800000000002,0.7,0.69,3.8068387880206886,-0.4999999999999998,0.046188021417197196,9.22,8,21.92
3.13,9.22,22.588729644318903,0,31.52,1.0722279269285122,0,22.739999999999995,11.49,33.44,33.52,2025,17.59,1,35.75,0.10031774852473886,12,70.77,20.3,21.73,70.77,2025-01-12 08:15:00,22.03,22.592289762085834,Hourly,21.95,3.11,11.5,35.79,3.41,2.2099999999999973,24.24,0.9315363653683401,Siltara,24.24,6,0.8660254037844387,22.34,0.8660254037844387,3.36,23.977083333333336,326.03999999999996,0.49999999999999994,23.742399999999996,0.69,0.71,3.480993710157024,-0.4999999999999998,1.2996538000518345,9.12,8,21.92
358.67,9.12,22.842771237500607,0,31.52,1.1911784335769093,0,23.503333333333327,11.5,31.7,33.44,2025,17.59,1,34.37,0.0,12,70.77,20.3,22.058333333333334,70.77,2025-01-12 08:30:00,24.24,23.063064115775596,Hourly,22.03,2.66,11.49,35.75,3.36,0.0,24.24,1.1726323663750389,Siltara,24.24,6,0.8660254037844387,22.726666666666663,0.8660254037844387,3.42,23.673750000000002,272.55409999999995,0.49999999999999994,21.872999999999998,0.71,0.69,3.0904028335996756,-0.4999999999999998,1.2759440949048606,7.93,8,21.95
9.96,7.93,23.05772950865436,0,31.35,1.20537684287778,0,24.24,11.5,30.41,31.7,2025,19.26,1,33.14,0.0,12,70.68,20.36,22.386666666666667,70.77,2025-01-12 08:45:00,24.24,23.399331511268283,Hourly,24.24,2.9,11.5,34.37,3.42,0.0,24.47,1.2400228492533198,Siltara,24.24,6,0.8660254037844387,23.10833333333333,0.8660254037844387,3.51,23.37041666666667,242.9162,0.49999999999999994,21.287,0.69,0.7,2.60611568225266,-0.4999999999999998,0.0,7.33,8,21.95
18.86,7.33,23.275001891938306,0,26.41,1.1602308417178324,0,24.316666666666663,11.51,34.28,30.41,2025,19.47,1,34.81,0.009488448844884506,12,69.84,21.92,22.729166666666668,70.68,2025-01-12 09:00:00,24.24,23.70523679376306,Hourly,24.24,3.28,11.5,33.14,3.51,0.23000000000000043,31.14,1.1951806000225744,Siltara,24.47,6,0.7071067811865476,23.528333333333336,0.8660254037844387,3.5,23.08375,424.3339,0.49999999999999994,24.3388,0.7,0.71,1.9975567957336826,-0.7071067811865475,0.13279056187347457,12.19,9,21.95
20.19,12.19,24.485001600870877,0,26.41,2.6596449694741238,0,26.616666666666664,11.51,34.85,34.28,2025,19.47,1,35.06,0.2725786677564365,12,69.84,21.92,23.4975,69.84,2025-01-12 09:15:00,24.47,25.8294548526879,Hourly,24.24,3.46,11.51,34.81,3.5,6.670000000000002,31.14,3.1148868358262494,Siltara,31.14,6,0.7071067811865476,25.060000000000002,0.8660254037844387,3.61,23.280833333333334,452.27400000000006,0.49999999999999994,24.046499999999998,0.71,0.69,2.5080945767265224,-0.7071067811865475,3.919009228532502,12.9,9,22.03
19.77,12.9,25.508847508429206,0,26.41,3.3931226120814872,0,28.91666666666666,11.51,33.41,34.85,2025,19.47,1,35.34,0.0,12,69.84,21.92,24.265833333333333,69.84,2025-01-12 09:30:00,31.14,27.34675346620564,Hourly,24.47,2.86,11.51,35.06,3.61,0.0,31.14,3.534574467551977,Siltara,31.14,6,0.7071067811865476,26.578333333333333,0.8660254037844387,3.58,23.47791666666667,343.1514000000001,0.49999999999999994,23.052899999999998,0.69,0.69,2.9171531374859483,-0.7071067811865475,3.850926295493482,9.71,9,24.24
24.69,9.71,26.37517866097856,0,26.32,3.8294705504785274,0,31.14,11.49,33.09,33.41,2025,21.65,1,35.33,0.0,12,69.53,21.92,25.034166666666668,69.84,2025-01-12 09:45:00,31.14,28.430538190146887,Hourly,31.14,3.0,11.51,35.34,3.58,0.0,31.43,3.738237106801861,Siltara,31.14,6,0.7071067811865476,27.728333333333335,0.8660254037844387,4.1,23.675,321.503,0.49999999999999994,22.8321,0.69,0.69,3.2631220046757634,-0.7071067811865475,0.0,9.1,9,24.24
33.98,9.1,27.152843482366475,0,23.64,4.100834357085764,0,31.23666666666666,11.49,33.14,33.09,2025,21.92,1,35.33,0.00931278098908154,12,66.85,21.95,25.826666666666668,69.53,2025-01-12 10:00:00,31.14,29.28752727867635,Hourly,31.14,2.32,11.49,35.33,4.1,0.28999999999999915,39.76,3.5437249705176543,Siltara,31.43,6,0.49999999999999994,28.926666666666666,0.8660254037844387,3.9,23.887916666666666,325.03599999999994,0.49999999999999994,23.198,0.69,0.7,3.593225484723416,-0.8660254037844387,0.167431578035266,9.2,10,24.24
34.02,9.2,29.09240602354086,0,23.64,5.540442152250738,0,34.10999999999999,11.49,33.55,33.14,2025,21.92,1,35.26,0.26503340757238303,12,66.85,21.95,27.310833333333335,66.85,2025-01-12 10:15:00,31.43,32.279662341911674,Hourly,31.14,2.7,11.49,35.33,3.9,8.329999999999998,39.76,4.858829763088056,Siltara,39.76,6,0.49999999999999994,31.513333333333332,0.8660254037844387,3.49,24.559583333333332,356.126,0.49999999999999994,23.484999999999996,0.7,0.7,4.836426527714323,-0.8660254037844387,4.895191518213597,10.1,10,24.47
38.17,10.1,30.733574327611496,0,23.64,6.30635826332972,0,36.98333333333333,11.5,34.16,33.55,2025,21.92,1,35.45,0.0,12,66.85,21.95,28.794999999999998,66.85,2025-01-12 10:30:00,39.76,34.416901672794054,Hourly,31.43,2.67,11.49,35.26,3.49,0.0,39.76,4.4153387940984,Siltara,39.76,6,0.49999999999999994,34.06166666666667,0.8660254037844387,4.71,25.23125,388.53200000000004,0.49999999999999994,23.570399999999996,0.7,0.69,5.738403286857457,-0.8660254037844387,4.8093277423486125,10.96,10,31.14
69.14,10.96,32.12225520028665,0,23.53,6.636098879111566,0,39.76,11.5,34.44,34.16,2025,21.95,1,35.32,0.0,12,72.53,22.03,30.279166666666665,66.85,2025-01-12 10:45:00,39.76,35.9435011948529,Hourly,39.76,1.73,11.5,35.45,4.71,0.0,40.37,4.669622754213695,Siltara,39.76,6,0.49999999999999994,35.498333333333335,0.8660254037844387,4.44,25.902916666666666,413.24399999999997,0.49999999999999994,24.107999999999997,0.69,0.7,6.444068711456973,-0.8660254037844387,0.0,11.7,10,31.14
64.46,11.7,33.39113901562717,0,20.3,6.675344219930375,0,39.96333333333333,11.5,34.37,34.44,2025,21.95,1,34.83,0.015342052313883286,12,121.75,24.24,31.8075,72.53,2025-01-12 11:00:00,39.76,37.20821513918064,Hourly,39.76,1.68,11.5,35.32,4.44,0.6099999999999994,57.9,4.462423855559924,Siltara,40.37,6,0.258819045102521,37.03666666666667,0.8660254037844387,4.52,26.604583333333334,429.4539,0.49999999999999994,23.715299999999996,0.7,0.69,7.061679181492637,-0.9659258262890682,0.3521836641929575,12.33,11,31.14
58.05,12.33,37.161733013222985,0,20.3,9.626184106620743,0,46.00999999999999,11.49,33.85,34.37,2025,21.95,1,33.62,0.43423334159028987,12,121.75,24.24,34.6125,121.75,2025-01-12 11:15:00,40.37,43.12015367084331,Hourly,39.76,1.75,11.5,34.83,4.52,17.53,57.9,8.726104896611675,Siltara,57.9,6,0.258819045102521,41.49666666666666,0.8660254037844387,4.71,28.17125,443.4478,0.49999999999999994,23.018000000000004,0.69,0.68,9.3893947170295,-0.9659258262890682,10.301558134573227,13.19,11,31.43
49.63,13.19,40.3522356265733,0,20.3,11.117554607671496,0,52.056666666666665,11.5,31.71,33.85,2025,21.95,1,31.44,0.0,12,121.75,24.24,37.4175,121.75,2025-01-12 11:30:00,57.9,47.34296690774522,Hourly,40.37,2.04,11.49,33.62,4.71,0.0,57.9,9.291709028304222,Siltara,57.9,6,0.258819045102521,45.90833333333333,0.8660254037844387,5.74,29.737916666666667,390.7992,0.49999999999999994,21.8799,0.68,0.69,11.015073063827435,-0.9659258262890682,10.120950218893775,12.43,11,39.76
75.11,12.43,43.05189168402356,0,20.36,11.720495742696109,0,57.9,11.5,29.46,31.71,2025,18.25,1,26.93,0.0,12,120.08,24.47,40.2225,121.75,2025-01-12 11:45:00,57.9,50.359262076960874,Hourly,57.9,1.74,11.5,31.44,5.74,0.0,57.66,9.826841642494813,Siltara,57.9,6,0.258819045102521,48.93166666666667,0.8660254037844387,8.26,31.30458333333333,405.29650000000004,0.49999999999999994,20.9166,0.69,0.71,12.222136360315748,-0.9659258262890682,0.0,15.05,11,39.76
50.03,15.05,45.299292963404554,0,21.92,11.580537617708584,0,57.81999999999999,11.5,29.16,29.46,2025,17.78,1,24.81,-0.004145077720207288,12,105.55,31.14,42.98833333333334,120.08,2025-01-12 12:00:00,57.9,52.4451871978292,Hourly,57.9,2.19,11.5,26.93,8.26,-0.240000000000002,50.8,9.181467747588261,Siltara,57.66,6,1.2246467991473532e-16,51.915,0.8660254037844387,8.09,32.85875,439.8813,0.49999999999999994,20.412,0.71,0.7,13.109253058846518,-1.0,0.13856406458147685,17.73,12,39.76
59.22,17.73,46.145555584419235,0,21.92,11.134005514094685,0,55.45333333333332,11.5,31.54,29.16,2025,35.49,1,23.51,-0.11897329171002428,12,105.55,31.14,44.626666666666665,105.55,2025-01-12 12:15:00,57.66,51.97513371273514,Hourly,57.9,2.15,11.5,24.81,8.09,-6.859999999999999,50.8,7.136979052792813,Siltara,50.8,6,1.2246467991473532e-16,53.754999999999995,0.8660254037844387,6.75,34.062083333333334,571.0579,0.49999999999999994,22.078,0.7,0.7,13.38410445240027,-1.0,4.0316911257345085,24.29,12,40.37
51.19,24.29,46.86162395604705,0,21.92,10.390717448324784,0,53.086666666666666,11.51,28.06,31.54,2025,35.49,1,23.57,0.0,12,105.55,31.14,46.26499999999999,105.55,2025-01-12 12:30:00,50.8,51.639381223382244,Hourly,57.66,2.45,11.5,23.51,6.75,0.0,50.8,3.636628475204749,Siltara,50.8,6,1.2246467991473532e-16,55.49333333333333,0.8660254037844387,13.59,35.26541666666667,413.18210000000005,0.49999999999999994,19.9226,0.7,0.71,13.542306007204264,-1.0,3.960622846639918,17.53,12,57.9
54.57,17.53,47.467527962809044,0,21.92,9.279635899336482,0,50.8,11.5,28.15,28.06,2025,35.34,1,25.55,0.0,12,104.09,31.43,47.90333333333333,105.55,2025-01-12 12:45:00,50.8,51.399558016701604,Hourly,50.8,1.58,11.51,23.57,13.59,0.0,50.89,3.846010920421752,Siltara,50.8,6,1.2246467991473532e-16,54.31,0.8660254037844387,15.44,36.46874999999999,374.81850000000003,0.49999999999999994,19.705,0.71,0.7,13.587932725800366,-1.0,0.0,14.67,12,57.9
80.7,14.67,47.99406212237688,0,21.95,7.706077294755041,0,50.82999999999999,11.5,27.11,28.15,2025,31.09,1,25.32,0.0017716535433071538,12,91.39,39.76,49.525000000000006,104.09,2025-01-12 13:00:00,50.8,51.25397001192972,Hourly,50.8,1.11,11.5,25.55,15.44,0.09000000000000341,53.33,3.59380810098008,Siltara,50.89,6,-0.2588190451025208,53.14166666666666,0.8660254037844387,12.47,37.67583333333333,329.6664,0.49999999999999994,18.7059,0.7,0.69,13.525935125324965,-0.9659258262890683,0.05196152415483087,13.02,13,57.9
33.71,13.02,48.81497564201121,0,21.95,7.115905945433391,0,51.673333333333325,11.5,26.19,27.11,2025,31.09,1,24.43,0.04794655138534089,12,91.39,39.76,50.655833333333334,91.39,2025-01-12 13:15:00,50.89,51.84712143709265,Hourly,50.8,1.33,11.5,25.32,12.47,2.4399999999999977,53.33,2.7745341951404017,Siltara,53.33,6,-0.2588190451025208,52.379999999999995,0.8660254037844387,10.34,38.98333333333333,308.7952,0.49999999999999994,18.5949,0.69,0.71,13.45619775311813,-0.9659258262890683,1.4354209603199746,12.64,13,57.66
26.78,12.64,49.50959477400949,0,21.95,6.252882002192679,0,52.51666666666666,11.5,25.35,26.19,2025,31.09,1,23.46,0.0,12,91.39,39.76,51.78666666666666,91.39,2025-01-12 13:30:00,53.33,52.27080102649475,Hourly,50.89,0.9,11.5,24.43,10.34,0.0,53.33,1.2953365071170018,Siltara,53.33,6,-0.2588190451025208,51.65833333333334,0.8660254037844387,8.65,40.29083333333333,293.25,0.49999999999999994,17.745,0.71,0.7,13.25216304466277,-0.9659258262890683,1.408734656820087,12.5,13,50.8
32.98,12.5,50.097349424161884,0,22.03,4.977034759775316,0,53.33,11.51,24.39,25.35,2025,31.1,1,21.4,0.0,12,89.19,40.37,52.91749999999999,91.39,2025-01-12 13:45:00,53.33,52.573429304639106,Hourly,53.33,0.92,11.5,23.46,8.65,0.0,52.93,1.3697006972340346,Siltara,53.33,6,-0.2588190451025208,52.080000000000005,0.8660254037844387,9.41,41.59833333333333,295.748,0.49999999999999994,17.3169,0.7,0.71,12.907463855785634,-0.9659258262890683,0.0,13.82,13,50.8
80.38,13.82,50.533141820444676,0,24.24,3.043531018507574,0,53.19666666666666,11.5,24.33,24.39,2025,31.52,1,20.68,-0.00750046877929868,12,70.15,57.9,53.964166666666664,89.19,2025-01-12 14:00:00,53.33,52.67530664617079,Hourly,53.33,1.6,11.51,21.4,9.41,-0.3999999999999986,41.19,1.241640044458697,Siltara,52.93,6,-0.4999999999999997,52.435,0.8660254037844387,11.76,42.88583333333333,306.4776,0.49999999999999994,16.787699999999997,0.71,0.69,12.401899544781328,-0.8660254037844388,0.23094010766016,14.82,14,50.8
20.24,14.82,49.09573538653011,0,24.24,4.535854802337761,0,49.15,11.5,23.62,24.33,2025,31.52,1,19.77,-0.22180238050255058,12,70.15,57.9,52.57166666666666,70.15,2025-01-12 14:15:00,52.93,49.393790461550566,Hourly,53.33,1.4,11.5,20.68,11.76,-11.740000000000002,41.19,4.818571019158074,Siltara,41.19,6,-0.4999999999999997,50.833333333333336,0.8660254037844387,4.87,43.592083333333335,293.7822,0.49999999999999994,16.2978,0.69,0.69,11.759919764280943,-0.8660254037844388,6.896462861495908,14.86,14,50.89
38.9,14.86,47.87946840398702,0,24.24,5.2587268738112956,0,45.103333333333325,11.51,23.42,23.62,2025,31.52,1,19.05,0.0,12,70.15,57.9,51.17916666666667,70.15,2025-01-12 14:30:00,41.19,47.049850329678975,Hourly,52.93,1.96,11.5,19.77,4.87,0.0,41.19,6.219359023779709,Siltara,41.19,6,-0.4999999999999997,49.21666666666667,0.8660254037844387,12.45,44.298333333333325,296.9895,0.49999999999999994,15.925600000000003,0.69,0.68,11.03373745921332,-0.8660254037844388,6.778092160285609,15.59,14,53.33
16.9,15.59,46.85031941875825,0,24.47,5.523021790377214,0,41.19,11.5,21.17,23.42,2025,31.35,1,17.89,0.0,12,72.44,57.66,49.78666666666666,70.15,2025-01-12 14:45:00,41.19,45.375607378342124,Hourly,41.19,2.57,11.51,19.05,12.45,0.0,41.26,6.5779439543576315,Siltara,41.19,6,-0.4999999999999997,47.193333333333335,0.8660254037844387,13.1,45.00458333333333,233.46450000000002,0.49999999999999994,14.6073,0.68,0.69,10.20539370570349,-0.8660254037844388,0.0,13.05,14,53.33
45.05,13.05,45.99027027741082,0,31.14,5.4258874431254505,0,41.213333333333324,11.49,21.33,21.17,2025,26.41,1,17.76,0.0016994416120417646,12,93.11,50.8,48.419999999999995,72.44,2025-01-12 15:00:00,41.19,44.199719555958666,Hourly,41.19,2.18,11.5,17.89,13.1,0.07000000000000028,43.13,6.158111452926954,Siltara,41.26,6,-0.7071067811865471,45.181666666666665,0.8660254037844387,9.98,45.70416666666666,241.00320000000002,0.49999999999999994,14.930999999999997,0.69,0.7,9.269065389153988,-0.7071067811865479,0.04041451873764171,13.57,15,53.33
39.78,13.57,45.55022869627069,0,31.14,5.56988731456765,0,41.85999999999999,11.5,22.31,21.33,2025,26.41,1,19.07,0.04532234609791577,12,93.11,50.8,47.78083333333333,93.11,2025-01-12 15:15:00,41.26,43.89408539711333,Hourly,41.19,1.93,11.49,17.76,9.98,1.8700000000000045,43.13,4.692242179030204,Siltara,43.13,6,-0.7071067811865471,43.48166666666666,0.8660254037844387,7.32,46.20375000000001,256.3008,0.49999999999999994,15.840099999999998,0.7,0.71,8.759043928619427,-0.7071067811865479,1.1004090148628993,13.44,15,52.93
48.45,13.44,45.17788581992136,0,31.14,5.63166830333604,0,42.50666666666667,11.5,22.18,22.31,2025,26.41,1,19.63,0.0,12,93.11,50.8,47.14166666666667,93.11,2025-01-12 15:30:00,43.13,43.67577528365238,Hourly,41.26,2.41,11.5,19.07,7.32,0.0,43.13,0.9931448367031566,Siltara,43.13,6,-0.7071067811865471,41.848333333333336,0.8660254037844387,6.98,46.703333333333326,241.8416,0.49999999999999994,15.304199999999998,0.71,0.69,8.18567394727038,-0.7071067811865479,1.0796450033807115,12.32,15,41.19
17.81,12.32,44.86282646301038,0,31.43,5.613945501242515,0,43.13,11.49,23.15,22.18,2025,26.32,1,19.4,0.0,12,96.07,50.89,46.502500000000005,93.11,2025-01-12 15:45:00,43.13,43.51983948832313,Hourly,43.13,3.12,11.5,19.63,6.98,0.0,43.2,1.0501126923669375,Siltara,43.13,6,-0.7071067811865471,42.17166666666667,0.8660254037844387,7.37,47.202916666666674,281.688,0.49999999999999994,15.742,0.69,0.68,7.534506982611472,-0.7071067811865479,0.0,14.52,15,41.19
25.94,14.52,44.60700700716262,0,39.76,5.5054400093890505,0,43.153333333333336,11.5,24.18,23.15,2025,23.64,1,19.6,0.0016230002318571824,12,122.78,53.33,45.86166666666667,96.07,2025-01-12 16:00:00,43.13,43.42845677737366,Hourly,43.13,3.29,11.49,19.4,7.37,0.07000000000000028,45.12,0.9933914971803095,Siltara,43.2,6,-0.8660254037844385,42.50666666666667,0.8660254037844387,7.84,47.693333333333335,317.32400000000007,0.49999999999999994,16.2006,0.68,0.67,6.811590292937994,-0.5000000000000004,0.040414518740142256,16.19,16,41.19
25.23,16.19,44.68592900606068,0,39.76,4.977820123490828,0,43.81666666666666,11.5,26.12,24.18,2025,23.64,1,20.75,0.044444444444444314,12,122.78,53.33,45.1775,122.78,2025-01-12 16:15:00,43.2,43.91175484098119,Hourly,43.13,2.98,11.5,19.6,7.84,1.9199999999999946,45.12,1.2211374479026225,Siltara,45.12,6,-0.8660254037844385,43.16166666666667,0.8660254037844387,7.89,47.916666666666664,376.40500000000003,0.49999999999999994,18.284,0.67,0.7,6.625496645317086,-0.5000000000000004,1.1292622960698984,18.14,16,41.26
8.91,18.14,44.752709158974426,0,39.76,4.269220353209064,0,44.48,11.5,28.23,26.12,2025,23.64,1,22.22,0.0,12,122.78,53.33,44.49333333333333,122.78,2025-01-12 16:30:00,45.12,44.25696774355799,Hourly,43.2,3.0,11.5,20.75,7.89,0.0,45.12,1.0189553474041235,Siltara,45.12,6,-0.8660254037844385,43.80500000000001,0.8660254037844387,8.48,48.14000000000001,442.84459999999996,0.49999999999999994,19.4787,0.7,0.69,6.425928456008955,-0.5000000000000004,1.1085125168403773,19.93,16,43.13
11.73,19.93,44.80921544220913,0,40.37,3.2638194533789013,0,45.12,11.5,27.22,28.23,2025,23.53,1,21.49,0.0,12,125.35,52.93,43.80916666666667,122.78,2025-01-12 16:45:00,45.12,44.50354838825571,Hourly,45.12,2.95,11.5,22.22,8.48,0.0,45.18,1.0774909125696264,Siltara,45.12,6,-0.8660254037844385,44.13666666666666,0.8660254037844387,8.53,48.36333333333334,410.67389999999995,0.49999999999999994,18.781799999999997,0.69,0.69,6.2115871154448214,-0.5000000000000004,0.0,19.11,16,43.13
10.58,19.11,44.866259220330804,0,57.9,1.6750052012619465,0,45.13999999999999,11.5,30.18,27.22,2025,20.3,1,24.41,0.0013297872340426037,12,148.45,41.19,43.163333333333334,125.35,2025-01-12 17:00:00,45.12,44.69682027732551,Hourly,45.12,2.83,11.5,21.49,8.53,0.060000000000002274,46.86,1.0178097399171082,Siltara,45.18,6,-0.9659258262890683,44.47833333333333,0.8660254037844387,7.69,48.56375,495.27889999999996,0.49999999999999994,21.729599999999998,0.69,0.72,6.0170192046147015,-0.25881904510252063,0.03464101603386007,20.29,17,43.13
10.19,20.29,45.172988571049146,0,57.9,1.8575225843922563,0,45.71999999999999,11.49,32.46,30.18,2025,20.3,1,27.73,0.03718459495351925,12,148.45,41.19,43.63583333333333,148.45,2025-01-12 17:15:00,45.18,45.31487162666107,Hourly,45.12,2.73,11.5,24.41,7.69,1.6799999999999997,46.86,1.1588960263990369,Siltara,46.86,6,-0.9659258262890683,45.1,0.8660254037844387,7.25,48.10375,542.6761,0.49999999999999994,22.397399999999998,0.72,0.69,5.685078724934436,-0.25881904510252063,0.9877246579851688,19.57,17,43.2
8.52,19.57,45.43252879088774,0,57.9,1.899482385637059,0,46.29999999999999,11.49,31.14,32.46,2025,20.3,1,27.14,0.0,12,149.85,41.19,44.10833333333333,148.45,2025-01-12 17:30:00,46.86,45.75633687618648,Hourly,45.18,2.38,11.49,27.73,7.25,0.0,46.86,0.8910892211240634,Siltara,46.86,6,-0.9659258262890683,45.71,0.8660254037844387,6.58,47.643750000000004,487.163,0.49999999999999994,22.1094,0.69,0.71,5.290946995453854,-0.25881904510252063,0.9699484522344372,17.95,17,45.12
14.14,17.95,45.65213974613578,0,57.66,1.8106827357958304,0,46.86,11.5,60.96,31.14,2025,20.36,1,56.87,0.0,12,190.47,41.26,44.58083333333334,149.85,2025-01-12 17:45:00,46.86,46.07166919727605,Hourly,46.86,2.01,11.49,27.14,6.58,0.0,46.94,0.9423375191530321,Siltara,46.86,6,-0.9659258262890683,46.0,0.8660254037844387,6.87,47.18375,1671.9779999999998,0.49999999999999994,42.672,0.71,0.7,4.819390014172145,-0.25881904510252063,0.0,29.4,17,45.12
13.54,29.4,45.850272092884126,0,50.8,1.5929815289347329,0,46.88666666666666,11.5,52.49,60.96,2025,21.92,1,51.93,0.0017072129748185723,12,190.47,43.13,45.05416666666667,190.47,2025-01-12 18:00:00,46.86,46.319763712340034,Hourly,46.86,0.74,11.5,56.87,6.87,0.0799999999999983,49.27,0.894106630481038,Siltara,46.94,6,-1.0,46.303333333333335,0.8660254037844387,6.58,46.73708333333334,1077.5475,0.49999999999999994,35.693200000000004,0.7,0.68,4.271896513124718,-1.8369701987210297e-16,0.04618802144907841,20.75,18,45.12
3.05,20.75,46.376384078594256,0,50.8,1.8791364473850374,0,47.69,11.5,53.22,52.49,2025,21.92,1,51.98,0.0496378355347253,12,190.47,43.13,45.56583333333333,190.47,2025-01-12 18:15:00,46.94,47.162688365957166,Hourly,46.86,1.01,11.5,51.93,6.58,2.3300000000000054,49.27,1.3059517602130226,Siltara,49.27,6,-1.0,46.995000000000005,0.8660254037844387,4.05,46.67333333333334,1065.0701999999999,0.49999999999999994,38.8506,0.68,0.73,4.219726620721979,-1.8369701987210297e-16,1.3689046716233184,20.49,18,45.18
10.39,20.49,46.821555758810526,0,50.8,1.9883438745972526,0,48.49333333333333,11.49,56.53,53.22,2025,21.92,1,54.16,0.0,12,190.47,43.13,46.07750000000001,190.47,2025-01-12 18:30:00,49.27,47.76477740425511,Hourly,46.94,1.11,11.5,51.98,4.05,0.0,49.27,1.2345795505637398,Siltara,49.27,6,-1.0,47.67666666666667,0.8660254037844387,4.81,46.60958333333334,1357.2495999999999,0.49999999999999994,39.571,0.73,0.7,4.165885760156322,-1.8369701987210297e-16,1.345226127208942,25.06,18,46.86
5.03,25.06,47.19823948822429,0,50.89,1.9505545054675877,0,49.27,11.49,43.25,56.53,2025,21.92,1,44.48,0.0,12,190.47,43.2,46.58916666666667,190.47,2025-01-12 18:45:00,49.27,48.19484100303937,Hourly,49.27,0.89,11.49,54.16,4.81,0.0,49.58,1.3057322339094526,Siltara,49.27,6,-1.0,48.07833333333334,0.8660254037844387,5.02,46.54583333333333,644.9599999999999,0.49999999999999994,29.410000000000004,0.7,0.68,4.110308267998589,-1.8369701987210297e-16,0.0,14.5,18,46.86
13.6,14.5,47.56466418234363,0,53.33,1.8070038402836548,0,49.373333333333335,11.49,43.77,43.25,2025,21.95,1,46.34,0.006291861173127565,12,258.39,45.12,47.12083333333333,190.47,2025-01-12 19:00:00,49.27,48.59060071645669,Hourly,49.27,0.88,11.49,44.48,5.02,0.30999999999999517,58.56,1.2698254473234372,Siltara,49.58,6,-0.9659258262890684,48.531666666666666,0.8660254037844387,5.44,46.49125,585.7376,0.49999999999999994,31.076700000000002,0.68,0.71,4.0584825955358514,0.2588190451025203,0.178978583427342,12.64,19,46.86
5.72,12.64,49.25625430813692,0,53.33,3.664526407039622,0,52.46999999999999,11.5,45.49,43.77,2025,21.95,1,48.33,0.18112141992739017,12,258.39,45.12,48.240833333333335,258.39,2025-01-12 19:15:00,49.58,51.439000511754784,Hourly,49.27,1.2,11.49,46.34,5.44,8.980000000000004,58.56,4.0748075619187425,Siltara,58.56,6,-0.9659258262890684,50.48166666666666,0.8660254037844387,5.45,46.70916666666667,622.4904,0.49999999999999994,31.388099999999998,0.71,0.69,4.552046760540963,0.2588190451025203,5.276371859525509,12.88,19,46.94
8.73,12.88,50.687599799192775,0,53.33,4.566768219398575,0,55.56666666666666,11.5,46.86,45.49,2025,21.95,1,49.75,0.0,12,258.39,45.12,49.360833333333325,258.39,2025-01-12 19:30:00,58.56,53.473571794110555,Hourly,49.58,0.97,11.5,48.33,5.45,0.0,58.56,4.758829337838263,Siltara,58.56,6,-0.9659258262890684,52.41833333333333,0.8660254037844387,5.41,46.927083333333336,663.1675,0.49999999999999994,33.270599999999995,0.69,0.71,4.987170914645959,0.2588190451025203,5.184605417322169,13.33,19,49.27
197.72,13.33,51.89873829162465,0,52.93,5.054217785597905,0,58.56,11.51,47.95,46.86,2025,22.03,1,50.74,0.0,12,266.25,45.18,50.48083333333333,258.39,2025-01-12 19:45:00,58.56,54.92683699579325,Hourly,58.56,0.31,11.5,49.75,5.41,0.0,58.75,5.033017650144907,Siltara,58.56,6,-0.9659258262890684,53.966666666666676,0.8660254037844387,5.35,47.145,705.2860000000001,0.49999999999999994,34.0445,0.71,0.71,5.378058482713331,0.2588190451025203,0.0,13.9,19,49.27
224.6,13.9,52.95277855445163,0,41.19,5.273701190097512,0,58.623333333333335,11.5,48.81,47.95,2025,24.24,1,51.7,0.003244535519125644,12,274.86,46.86,51.61166666666667,266.25,2025-01-12 20:00:00,58.56,56.01916928270946,Hourly,58.56,2.26,11.51,50.74,5.35,0.18999999999999773,64.28,4.74340665204557,Siltara,58.75,6,-0.8660254037844386,55.54666666666666,0.8660254037844387,4.81,47.387499999999996,726.902,0.49999999999999994,33.6789,0.71,0.69,5.767371679280179,0.5000000000000001,0.10969655111587494,14.06,20,49.27
214.92,14.06,54.695428007612925,0,41.19,6.16847901296137,0,60.529999999999994,11.5,49.14,48.81,2025,24.24,1,51.89,0.0941276595744681,12,274.86,46.86,53.06333333333333,274.86,2025-01-12 20:15:00,58.75,58.379406630506764,Hourly,58.56,2.32,11.5,51.7,4.81,5.530000000000001,64.28,4.729145447823547,Siltara,64.28,6,-0.8660254037844386,58.04833333333334,0.8660254037844387,4.4,48.34958333333333,747.216,0.49999999999999994,34.8894,0.69,0.71,6.5599983292464845,0.5000000000000001,3.2489844567177593,14.4,20,49.58
228.19,14.4,56.16997754490325,0,41.19,6.609880345500181,0,62.43666666666667,11.5,48.84,49.14,2025,24.24,1,51.44,0.0,12,274.86,46.86,54.51499999999999,274.86,2025-01-12 20:30:00,64.28,60.06529045036197,Hourly,58.75,1.63,11.5,51.89,4.4,0.0,64.28,2.9301905512560418,Siltara,64.28,6,-0.8660254037844386,60.498333333333335,0.8660254037844387,4.49,49.31166666666667,747.4232,0.49999999999999994,34.188,0.71,0.7,7.132522979842232,0.5000000000000001,3.1927469886176607,14.53,20,58.56
130.9,14.53,57.417673307225826,0,41.26,6.688279209773621,0,64.28,11.49,47.34,48.84,2025,24.47,1,49.89,0.0,12,135.98,46.94,55.96666666666666,274.86,2025-01-12 20:45:00,64.28,61.269493178829975,Hourly,64.28,0.98,11.5,51.44,4.49,0.0,63.78,3.0990606103576264,Siltara,64.28,6,-0.8660254037844386,61.45166666666666,0.8660254037844387,4.72,50.27375000000001,699.4578,0.49999999999999994,33.6114,0.7,0.71,7.535283274154038,0.5000000000000001,0.0,14.02,20,58.56
83.05,14.02,58.39649279842185,0,43.13,6.38178658370923,0,64.11333333333333,11.5,41.1,47.34,2025,31.14,1,39.66,-0.007778469197261979,12,135.98,49.27,57.370000000000005,135.98,2025-01-12 21:00:00,64.28,61.9867808420214,Hourly,64.28,1.77,11.49,49.89,4.72,-0.5,49.23,2.8474157874588997,Siltara,63.78,6,-0.7071067811865477,62.32166666666666,0.8660254037844387,6.27,51.21208333333334,705.5514,0.49999999999999994,28.77,0.71,0.7,7.762762831322928,0.7071067811865474,0.28867513458440425,17.79,21,58.56
188.31,17.79,56.98626313712619,0,43.13,6.3864107622555535,0,59.096666666666664,11.5,41.08,41.1,2025,31.14,1,42.42,-0.22812793979303864,12,135.98,49.27,57.366666666666674,135.98,2025-01-12 21:15:00,63.78,58.34198631572958,Hourly,64.28,0.89,11.5,39.66,6.27,-14.550000000000004,49.23,6.054293242540387,Siltara,49.23,6,-0.7071067811865477,60.76666666666667,0.8660254037844387,4.93,51.46625,573.5184,0.49999999999999994,29.1668,0.7,0.71,7.584450232290631,0.7071067811865474,8.548440403566419,13.52,21,58.75
264.29,13.52,55.79299188526062,0,43.13,6.391029698418851,0,54.07999999999999,11.5,40.86,41.08,2025,31.14,1,40.67,0.0,12,135.98,49.27,57.36333333333334,135.98,2025-01-12 21:30:00,49.23,55.73856165409256,Hourly,63.78,0.59,11.5,42.42,4.93,0.0,49.23,7.709669253606379,Siltara,49.23,6,-0.7071067811865477,59.18000000000001,0.8660254037844387,5.02,51.720416666666665,641.3659,0.49999999999999994,28.193399999999997,0.71,0.69,7.392730553471994,0.7071067811865474,8.400446416708629,15.77,21,64.28
29.53,15.77,54.783300825989755,0,43.2,6.395643403557276,0,49.23,11.5,40.26,40.86,2025,31.43,1,41.02,0.0,12,134.37,49.58,57.35999999999999,135.98,2025-01-12 21:45:00,49.23,53.878972610066114,Hourly,49.23,0.15,11.5,40.67,5.02,0.0,48.95,8.153981644979968,Siltara,49.23,6,-0.7071067811865477,56.67166666666666,0.8660254037844387,4.4,51.97458333333333,578.3820000000001,0.49999999999999994,28.181999999999995,0.69,0.7,7.1865308672407116,0.7071067811865474,0.0,14.1,21,64.28
21.47,14.1,53.885869929683636,0,45.12,6.467495124221536,0,49.13666666666666,11.51,43.55,40.26,2025,39.76,1,46.15,-0.00568758886857595,12,119.85,58.56,57.307500000000005,134.37,2025-01-12 22:00:00,49.23,52.4706947214758,Hourly,49.23,0.51,11.5,41.02,4.4,-0.27999999999999403,40.64,7.681228200403253,Siltara,48.95,6,-0.5000000000000004,54.116666666666674,0.8660254037844387,4.47,52.214166666666664,577.798,0.49999999999999994,30.049499999999995,0.7,0.69,6.973990135195456,0.8660254037844384,0.16165807534883547,12.52,22,64.28
226.61,12.52,51.84804378665539,0,45.12,8.03169681872331,0,46.27333333333333,11.5,44.68,43.55,2025,39.76,1,47.72,-0.1697650663942799,12,119.85,58.56,55.814166666666665,119.85,2025-01-12 22:15:00,48.95,49.09049622962557,Hourly,49.23,0.07,11.51,46.15,4.47,-8.310000000000002,40.64,7.485879151219996,Siltara,40.64,6,-0.5000000000000004,50.17666666666667,0.8660254037844387,3.33,52.0275,585.5244,0.49999999999999994,31.7228,0.69,0.71,7.227478512744286,0.8660254037844384,4.880618130250011,12.27,22,63.78
138.66,12.27,50.123729357939176,0,45.12,9.073161680406637,0,43.41,11.5,44.39,44.68,2025,39.76,1,46.6,0.0,12,119.85,58.56,54.32083333333333,119.85,2025-01-12 22:30:00,40.64,46.67606873544683,Hourly,48.95,0.37,11.5,47.72,3.33,0.0,40.64,4.401045330373632,Siltara,40.64,6,-0.5000000000000004,46.32,0.8660254037844387,5.51,51.84083333333333,626.304,0.49999999999999994,31.9608,0.71,0.72,7.467505209772368,0.8660254037844384,4.7977807369648975,13.44,22,49.23
173.99,13.44,48.664694072102385,0,45.18,9.760677253887517,0,40.64,11.5,43.48,44.39,2025,40.37,1,45.13,0.0,12,114.81,58.75,52.82749999999999,119.85,2025-01-12 22:45:00,40.64,44.95147766817631,Hourly,40.64,1.02,11.5,46.6,5.51,0.0,40.35,4.654938954129284,Siltara,40.64,6,-0.5000000000000004,44.88833333333333,0.8660254037844387,5.98,51.65416666666667,629.5635,0.49999999999999994,31.740399999999998,0.72,0.73,7.695329987933906,0.8660254037844384,0.0,13.95,22,49.23
188.51,13.95,47.385510368702015,0,46.86,10.181880928513952,0,40.54333333333333,11.5,42.89,43.48,2025,57.9,1,44.63,-0.007135826771653522,12,69.44,64.28,51.29416666666666,114.81,2025-01-12 23:00:00,40.64,43.63676976298308,Hourly,40.64,0.96,11.5,45.13,5.98,-0.28999999999999915,31.97,4.403323366125891,Siltara,40.35,6,-0.25881904510252157,43.40833333333333,0.8660254037844387,5.93,51.45291666666666,606.0754000000001,0.49999999999999994,30.4519,0.73,0.71,7.931537752743465,0.9659258262890681,0.16743157803836986,13.58,23,49.23
184.57,13.58,45.0138933889017,0,46.86,10.694835485439611,0,37.65333333333333,11.51,41.69,42.89,2025,57.9,1,43.3,-0.20768277571251553,12,69.44,64.28,48.60166666666667,69.44,2025-01-12 23:15:00,40.35,40.30340697355934,Hourly,40.64,1.17,11.5,44.63,5.93,-8.380000000000003,31.97,5.371008905845371,Siltara,31.97,6,-0.25881904510252157,40.531666666666666,0.8660254037844387,5.59,50.8325,577.189,0.49999999999999994,29.599899999999998,0.71,0.71,8.837087976989363,0.9659258262890681,4.9240464389893885,13.33,23,48.95
205.03,13.33,43.0071405598399,0,46.86,10.453281745099806,0,34.76333333333333,11.5,40.99,41.69,2025,57.9,1,42.75,0.0,12,69.44,64.28,45.90916666666667,69.44,2025-01-12 23:30:00,31.97,37.92243355254239,Hourly,40.35,1.29,11.51,43.3,5.59,0.0,31.97,4.441150376498224,Siltara,31.97,6,-0.25881904510252157,37.70166666666667,0.8660254037844387,5.39,50.21208333333333,549.3375,0.49999999999999994,27.463300000000004,0.71,0.67,9.616426154905996,0.9659258262890681,4.838195255808071,12.85,23,40.64
230.01,12.85,41.30911893524914,0,46.94,9.399227563363478,0,31.97,11.5,40.44,40.99,2025,57.66,1,42.04,0.0,12,65.54,63.78,43.21666666666667,69.44,2025-01-12 23:45:00,31.97,36.22173825181599,Hourly,31.97,1.34,11.5,42.75,5.39,0.0,31.39,4.697001880633041,Siltara,31.97,6,-0.25881904510252157,36.25666666666667,0.8660254037844387,4.97,49.59166666666667,541.0548,0.49999999999999994,28.712399999999995,0.67,0.71,10.298246227505214,0.9659258262890681,0.0,12.87,23,40.64
