DateTime,NO,NO2,NOx,SO2,PM10,PM2.5,CO,NH3,Year,Location,Frequency,is_imputed,gap_length
2022-01-06 00:15:00,29.72,30.78,60.5,7.38,159.06,,1.08,60.94,2022,Bhatagaon,Quarterly,1,53
2022-01-06 00:30:00,26.71,30.57,57.28,7.65,145.67,,1.03,61.14,2022,Bhatagaon,Quarterly,1,53
2022-01-06 00:45:00,23.57,32.26,55.83,7.53,140.26,,1.54,68.92,2022,Bhatagaon,Quarterly,1,53
2022-01-06 01:00:00,19.18,33.56,52.74,7.64,140.26,,1.45,81.35,2022,Bhatagaon,Quarterly,1,53
2022-01-06 01:15:00,14.63,33.79,48.43,7.65,108.04,,1.46,83.44,2022,Bhatagaon,Quarterly,1,53
2022-01-06 01:30:00,10.76,33.63,44.39,7.24,109.14,,1.36,81.39,2022,Bhatagaon,Quarterly,1,53
2022-01-06 01:45:00,7.81,32.8,40.61,7.1,113.6,,1.4,78.83,2022,Bhatagaon,Quarterly,1,53
2022-01-06 02:00:00,5.52,31.56,37.08,7.41,113.6,,1.3,76.66,2022,Bhatagaon,Quarterly,1,53
2022-01-06 02:15:00,3.94,30.37,34.3,7.45,113.6,,1.29,73.88,2022,Bhatagaon,Quarterly,1,53
2022-01-06 02:30:00,3.01,29.04,32.05,7.15,106.85,,1.25,72.06,2022,Bhatagaon,Quarterly,1,53
2022-01-06 02:45:00,2.51,28.29,30.79,7.42,100.69,,1.24,69.01,2022,Bhatagaon,Quarterly,1,53
2022-01-06 03:00:00,2.18,27.63,29.81,3.38,100.69,,1.23,69.98,2022,Bhatagaon,Quarterly,1,53
2022-01-06 03:15:00,2.01,29.03,31.03,6.16,100.69,,1.01,74.44,2022,Bhatagaon,Quarterly,1,53
2022-01-06 03:30:00,1.96,22.33,24.29,6.63,95.02,,0.92,51.19,2022,Bhatagaon,Quarterly,1,53
2022-01-06 03:45:00,2.0,20.84,22.84,6.91,89.68,,0.96,41.49,2022,Bhatagaon,Quarterly,1,53
2022-01-06 04:00:00,2.04,20.82,22.86,7.17,89.68,,1.04,40.47,2022,Bhatagaon,Quarterly,1,53
2022-01-06 04:15:00,2.21,21.04,23.24,7.54,89.68,,1.01,44.85,2022,Bhatagaon,Quarterly,1,53
2022-01-06 04:30:00,2.44,21.71,24.15,7.41,90.41,,0.99,47.23,2022,Bhatagaon,Quarterly,1,53
2022-01-06 04:45:00,2.64,22.26,24.9,7.45,92.54,,0.98,53.08,2022,Bhatagaon,Quarterly,1,53
2022-01-06 05:00:00,2.81,21.67,24.48,7.9,92.54,,0.98,52.24,2022,Bhatagaon,Quarterly,1,53
2022-01-06 05:15:00,3.03,24.07,27.1,8.06,92.54,,1.16,55.54,2022,Bhatagaon,Quarterly,1,53
2022-01-06 05:30:00,3.06,25.45,28.52,7.78,93.29,,1.13,72.65,2022,Bhatagaon,Quarterly,1,53
2022-01-06 05:45:00,3.0,26.15,29.15,7.71,93.99,,1.17,73.08,2022,Bhatagaon,Quarterly,1,53
2022-01-06 06:00:00,3.46,26.97,30.43,7.52,93.99,,1.19,71.65,2022,Bhatagaon,Quarterly,1,53
2022-01-06 06:15:00,3.94,27.68,31.62,7.66,93.99,,1.19,70.29,2022,Bhatagaon,Quarterly,1,53
2022-01-06 06:30:00,4.21,28.39,32.6,7.41,95.91,,1.23,68.96,2022,Bhatagaon,Quarterly,1,53
2022-01-06 06:45:00,4.55,29.22,33.78,7.23,97.71,,1.23,67.64,2022,Bhatagaon,Quarterly,1,53
2022-01-06 07:00:00,5.91,30.45,36.37,3.47,97.71,,1.27,68.42,2022,Bhatagaon,Quarterly,1,53
2022-01-06 07:15:00,5.94,31.62,37.55,6.39,97.71,,1.28,68.16,2022,Bhatagaon,Quarterly,1,53
2022-01-06 07:30:00,5.35,32.01,37.36,6.57,102.33,,1.29,67.53,2022,Bhatagaon,Quarterly,1,53
2022-01-06 07:45:00,4.25,32.96,37.22,6.66,107.48,,1.28,72.99,2022,Bhatagaon,Quarterly,1,53
2022-01-06 08:00:00,3.42,27.41,30.84,5.78,107.48,,1.3,47.83,2022,Bhatagaon,Quarterly,1,53
2022-01-06 08:15:00,2.85,26.46,29.32,5.38,107.48,,1.32,37.01,2022,Bhatagaon,Quarterly,1,53
2022-01-06 08:30:00,2.29,29.92,32.21,5.71,112.04,,1.4,34.6,2022,Bhatagaon,Quarterly,1,53
2022-01-06 08:45:00,1.97,29.88,31.85,5.66,116.59,,1.49,40.68,2022,Bhatagaon,Quarterly,1,53
2022-01-06 09:00:00,1.79,30.08,31.87,5.26,116.59,,1.54,37.9,2022,Bhatagaon,Quarterly,1,53
2022-01-06 09:15:00,1.63,34.49,36.11,5.14,116.59,,1.57,39.31,2022,Bhatagaon,Quarterly,1,53
2022-01-06 09:30:00,1.53,33.27,34.8,4.95,119.72,,1.6,43.55,2022,Bhatagaon,Quarterly,1,53
2022-01-06 09:45:00,1.14,34.37,35.52,5.01,122.58,,1.63,45.47,2022,Bhatagaon,Quarterly,1,53
2022-01-06 10:00:00,1.09,35.99,37.09,4.98,122.58,,1.72,57.6,2022,Bhatagaon,Quarterly,1,53
2022-01-06 10:15:00,1.17,37.35,38.52,5.33,122.58,,1.82,61.89,2022,Bhatagaon,Quarterly,1,53
2022-01-06 10:30:00,1.2,37.92,39.12,5.37,124.66,,1.78,59.84,2022,Bhatagaon,Quarterly,1,53
2022-01-06 10:45:00,1.11,38.52,39.63,5.05,128.59,,1.72,56.36,2022,Bhatagaon,Quarterly,1,53
2022-01-06 11:00:00,1.02,38.33,39.36,3.11,128.59,,1.71,56.68,2022,Bhatagaon,Quarterly,1,53
2022-01-06 11:15:00,1.68,40.85,42.53,5.88,128.59,,1.65,56.29,2022,Bhatagaon,Quarterly,1,53
2022-01-06 11:30:00,1.58,44.13,45.71,6.07,126.16,,1.51,59.91,2022,Bhatagaon,Quarterly,1,53
2022-01-06 11:45:00,0.95,43.34,44.28,6.06,123.88,,1.49,61.52,2022,Bhatagaon,Quarterly,1,53
2022-01-06 12:00:00,0.82,45.44,46.26,5.52,123.88,,1.5,64.72,2022,Bhatagaon,Quarterly,1,53
2022-01-06 12:15:00,1.07,54.19,55.27,4.82,123.88,,1.57,72.11,2022,Bhatagaon,Quarterly,1,53
2022-01-06 12:30:00,1.1,52.78,53.88,4.63,107.926,,1.48,62.64,2022,Bhatagaon,Quarterly,1,53
2022-01-06 12:45:00,0.97,58.31,59.28,4.9,91.972,,1.43,101.85,2022,Bhatagaon,Quarterly,1,53
2022-01-06 13:00:00,0.7,57.81,58.52,4.69,76.018,,1.28,109.72,2022,Bhatagaon,Quarterly,1,53
2022-01-06 13:15:00,0.49,56.3,56.79,4.6,,,1.22,106.54,2022,Bhatagaon,Quarterly,1,53
2022-01-06 13:30:00,0.25,52.49,52.74,4.1,44.11,39.12,1.18,107.87,2022,Bhatagaon,Quarterly,0,0
2022-01-06 13:45:00,0.09,50.28,50.37,3.6,84.36,40.7475,1.26,115.61,2022,Bhatagaon,Quarterly,1,3
2022-01-06 14:00:00,0.41,50.67,51.07,3.93,124.61,42.375,1.23,126.38,2022,Bhatagaon,Quarterly,1,3
2022-01-06 14:15:00,1.19,48.94,50.12,4.86,164.86,44.0025,1.33,120.11,2022,Bhatagaon,Quarterly,1,3
2022-01-06 14:30:00,1.67,47.8,49.47,4.88,205.11,45.63,1.37,110.86,2022,Bhatagaon,Quarterly,0,0
2022-01-06 14:45:00,2.87,47.9,50.77,4.52,205.11,59.52,1.38,106.56,2022,Bhatagaon,Quarterly,0,0
2022-01-06 15:00:00,3.35,47.9,51.25,2.81,205.11,59.52,1.38,104.21,2022,Bhatagaon,Quarterly,0,0
2022-01-06 15:15:00,2.8,46.97,49.77,5.27,205.11,59.52,1.38,103.03,2022,Bhatagaon,Quarterly,0,0
2022-01-06 15:30:00,2.24,45.47,47.71,5.14,185.05,58.08,1.34,98.84,2022,Bhatagaon,Quarterly,0,0
2022-01-06 15:45:00,1.72,43.24,44.96,5.47,185.05,57.64,1.32,96.21,2022,Bhatagaon,Quarterly,0,0
2022-01-06 16:00:00,1.34,40.74,42.07,5.74,185.05,57.64,1.32,91.94,2022,Bhatagaon,Quarterly,0,0
2022-01-06 16:15:00,1.11,38.81,39.93,5.45,185.05,57.64,1.29,87.99,2022,Bhatagaon,Quarterly,0,0
2022-01-06 16:30:00,1.3,38.78,40.08,5.47,164.44,47.71,1.28,93.29,2022,Bhatagaon,Quarterly,0,0
2022-01-06 16:45:00,1.38,41.05,42.43,5.4,164.44,44.69,1.26,102.12,2022,Bhatagaon,Quarterly,0,0
2022-01-06 17:00:00,1.56,42.71,44.27,5.64,164.44,44.69,1.39,101.13,2022,Bhatagaon,Quarterly,0,0
2022-01-06 17:15:00,1.94,44.3,46.24,5.85,164.44,44.69,1.38,105.34,2022,Bhatagaon,Quarterly,0,0
2022-01-06 17:30:00,2.52,45.83,48.35,6.22,165.47,44.45,1.4,113.89,2022,Bhatagaon,Quarterly,0,0
2022-01-06 17:45:00,3.41,46.36,49.77,6.46,165.65,44.37,1.53,110.61,2022,Bhatagaon,Quarterly,0,0
2022-01-06 18:00:00,3.9,46.43,50.33,6.9,165.65,44.37,1.78,111.45,2022,Bhatagaon,Quarterly,0,0
2022-01-06 18:15:00,5.43,48.12,53.55,6.87,165.65,44.37,2.27,108.46,2022,Bhatagaon,Quarterly,0,0
2022-01-06 18:30:00,9.98,51.49,61.47,7.2,163.52,41.86,2.71,108.0,2022,Bhatagaon,Quarterly,0,0
2022-01-06 18:45:00,21.05,56.85,77.9,7.28,162.96,41.1,2.51,109.38,2022,Bhatagaon,Quarterly,0,0
2022-01-06 19:00:00,28.76,60.55,89.31,3.56,162.96,41.1,3.5,112.07,2022,Bhatagaon,Quarterly,0,0
2022-01-06 19:15:00,37.97,64.36,102.33,6.48,162.96,41.1,3.39,114.93,2022,Bhatagaon,Quarterly,0,0
2022-01-06 19:30:00,46.35,67.96,114.31,7.24,191.28,46.01,3.81,117.09,2022,Bhatagaon,Quarterly,0,0
2022-01-06 19:45:00,53.57,70.36,123.93,7.39,191.28,47.51,4.06,119.33,2022,Bhatagaon,Quarterly,0,0
2022-01-06 20:00:00,59.53,72.95,132.47,7.86,191.28,47.51,3.97,121.57,2022,Bhatagaon,Quarterly,0,0
2022-01-06 20:15:00,67.57,75.78,143.35,7.77,191.28,47.51,5.05,123.04,2022,Bhatagaon,Quarterly,0,0
2022-01-06 20:30:00,81.25,77.86,159.1,7.94,213.1,49.96,5.32,128.45,2022,Bhatagaon,Quarterly,0,0
2022-01-06 20:45:00,102.43,79.55,181.97,8.23,219.75,50.71,5.61,136.86,2022,Bhatagaon,Quarterly,0,0
2022-01-06 21:00:00,115.4,80.61,196.0,8.45,219.75,50.71,5.04,143.48,2022,Bhatagaon,Quarterly,0,0
2022-01-06 21:15:00,122.89,80.95,203.84,8.05,219.75,50.71,4.9,138.88,2022,Bhatagaon,Quarterly,0,0
2022-01-06 21:30:00,130.52,81.23,211.75,8.05,271.77,58.96,7.19,149.11,2022,Bhatagaon,Quarterly,0,0
2022-01-06 21:45:00,144.17,80.94,225.11,8.41,280.81,61.47,8.16,154.13,2022,Bhatagaon,Quarterly,0,0
2022-01-06 22:00:00,166.32,81.7,248.02,8.59,280.81,61.47,6.86,165.49,2022,Bhatagaon,Quarterly,0,0
2022-01-06 22:15:00,178.66,81.9,260.56,8.91,280.81,61.47,4.56,173.84,2022,Bhatagaon,Quarterly,0,0
2022-01-06 22:30:00,177.33,78.28,255.61,9.36,329.64,67.03,4.77,171.34,2022,Bhatagaon,Quarterly,0,0
2022-01-06 22:45:00,175.18,74.7,249.87,9.71,333.23,68.73,4.35,170.3,2022,Bhatagaon,Quarterly,0,0
2022-01-06 23:00:00,173.67,70.83,244.5,5.07,333.23,68.73,4.79,172.17,2022,Bhatagaon,Quarterly,0,0
2022-01-06 23:15:00,174.66,68.17,242.83,8.55,333.23,68.73,4.66,174.3,2022,Bhatagaon,Quarterly,0,0
2022-01-06 23:30:00,183.41,66.55,249.96,9.33,334.35,71.73,4.57,175.68,2022,Bhatagaon,Quarterly,0,0
2022-01-06 23:45:00,186.62,64.36,250.97,8.7,334.35,72.65,4.36,177.52,2022,Bhatagaon,Quarterly,0,0
2022-01-07 00:15:00,1.39,16.03,17.43,5.57,331.0414432989691,15.67,3.18,27.51,2022,Bhatagaon,Quarterly,1,190
2022-01-07 00:30:00,1.1,14.9,16.0,5.05,329.38716494845363,15.3,3.2,28.98,2022,Bhatagaon,Quarterly,1,190
2022-01-07 00:45:00,0.84,14.12,14.96,5.28,327.73288659793815,15.3,3.22,28.44,2022,Bhatagaon,Quarterly,1,190
2022-01-07 01:00:00,0.66,13.45,14.11,5.4,,15.3,3.23,27.17,2022,Bhatagaon,Quarterly,1,190
2022-01-07 01:15:00,0.53,12.74,13.27,5.11,,14.02,3.26,25.84,2022,Bhatagaon,Quarterly,1,190
2022-01-07 01:30:00,0.42,12.17,12.59,5.35,,10.85,3.27,24.56,2022,Bhatagaon,Quarterly,1,190
2022-01-07 01:45:00,0.36,11.83,12.19,4.96,,10.85,3.29,23.74,2022,Bhatagaon,Quarterly,1,190
2022-01-07 02:00:00,0.33,11.58,11.91,4.83,,10.85,3.29,23.2,2022,Bhatagaon,Quarterly,1,190
2022-01-07 02:15:00,0.36,11.38,11.74,5.13,,10.31,3.26,22.58,2022,Bhatagaon,Quarterly,1,190
2022-01-07 02:30:00,0.46,11.29,11.75,5.33,,8.99,3.16,20.67,2022,Bhatagaon,Quarterly,1,190
2022-01-07 02:45:00,0.59,11.32,11.91,5.59,,8.99,3.1,18.52,2022,Bhatagaon,Quarterly,1,190
2022-01-07 03:00:00,0.71,11.42,12.13,5.82,,8.99,3.04,16.85,2022,Bhatagaon,Quarterly,1,190
2022-01-07 03:15:00,0.84,11.51,12.35,6.29,,8.25,2.98,15.66,2022,Bhatagaon,Quarterly,1,190
2022-01-07 03:30:00,1.0,11.54,12.54,5.98,,6.43,2.95,14.84,2022,Bhatagaon,Quarterly,1,190
2022-01-07 03:45:00,1.06,11.72,12.78,6.31,,6.43,2.91,14.05,2022,Bhatagaon,Quarterly,1,190
2022-01-07 04:00:00,1.11,12.03,13.15,3.77,,6.43,2.85,13.27,2022,Bhatagaon,Quarterly,1,190
2022-01-07 04:15:00,1.17,12.21,13.38,7.4,,7.45,2.84,0.0,2022,Bhatagaon,Quarterly,1,190
2022-01-07 04:30:00,1.11,12.39,13.5,6.92,,8.96,2.88,14.53,2022,Bhatagaon,Quarterly,1,190
2022-01-07 04:45:00,1.14,12.71,13.85,7.12,,8.96,2.91,16.36,2022,Bhatagaon,Quarterly,1,190
2022-01-07 05:00:00,1.5,13.23,14.73,6.98,,8.96,2.95,18.71,2022,Bhatagaon,Quarterly,1,190
2022-01-07 05:15:00,1.79,13.79,15.58,6.78,,9.06,2.99,20.62,2022,Bhatagaon,Quarterly,1,190
2022-01-07 05:30:00,2.17,14.42,16.59,6.87,,9.31,3.02,21.69,2022,Bhatagaon,Quarterly,1,190
2022-01-07 05:45:00,2.45,15.12,17.57,6.87,,9.31,3.06,22.24,2022,Bhatagaon,Quarterly,1,190
2022-01-07 06:00:00,2.68,15.6,18.29,6.58,,9.31,3.08,22.4,2022,Bhatagaon,Quarterly,1,190
2022-01-07 06:15:00,3.17,16.35,19.52,6.48,,8.61,3.11,22.44,2022,Bhatagaon,Quarterly,1,190
2022-01-07 06:30:00,3.89,17.17,21.07,6.99,,6.9,3.14,22.44,2022,Bhatagaon,Quarterly,1,190
2022-01-07 06:45:00,4.01,17.42,21.43,7.02,,6.9,3.11,21.88,2022,Bhatagaon,Quarterly,1,190
2022-01-07 07:00:00,4.48,17.17,21.65,7.41,,6.9,3.08,20.16,2022,Bhatagaon,Quarterly,1,190
2022-01-07 07:15:00,4.54,16.83,21.37,7.28,,7.17,3.05,18.17,2022,Bhatagaon,Quarterly,1,190
2022-01-07 07:30:00,4.32,17.04,21.36,7.29,,7.82,3.0,16.38,2022,Bhatagaon,Quarterly,1,190
2022-01-07 07:45:00,4.02,17.44,21.46,7.08,,7.82,2.94,14.92,2022,Bhatagaon,Quarterly,1,190
2022-01-07 08:00:00,3.87,17.87,21.74,3.44,,7.82,2.9,13.91,2022,Bhatagaon,Quarterly,1,190
2022-01-07 08:15:00,3.7,18.54,22.24,6.69,,9.56,2.85,12.98,2022,Bhatagaon,Quarterly,1,190
2022-01-07 08:30:00,3.46,19.36,22.82,6.56,,13.84,2.79,12.32,2022,Bhatagaon,Quarterly,1,190
2022-01-07 08:45:00,3.12,19.87,23.0,6.34,,13.84,2.8,12.26,2022,Bhatagaon,Quarterly,1,190
2022-01-07 09:00:00,2.9,20.17,23.07,6.55,,13.84,2.81,13.01,2022,Bhatagaon,Quarterly,1,190
2022-01-07 09:15:00,3.05,20.62,23.68,6.57,,13.18,2.87,14.5,2022,Bhatagaon,Quarterly,1,190
2022-01-07 09:30:00,3.53,21.52,25.06,6.31,,11.55,2.92,16.2,2022,Bhatagaon,Quarterly,1,190
2022-01-07 09:45:00,3.65,22.52,26.18,6.37,,11.55,3.0,18.01,2022,Bhatagaon,Quarterly,1,190
2022-01-07 10:00:00,3.2,23.22,26.42,7.03,,11.55,3.07,19.56,2022,Bhatagaon,Quarterly,1,190
2022-01-07 10:15:00,2.88,24.07,26.95,6.54,,12.87,3.14,21.04,2022,Bhatagaon,Quarterly,1,190
2022-01-07 10:30:00,2.45,24.48,26.93,6.86,,16.15,3.19,21.88,2022,Bhatagaon,Quarterly,1,190
2022-01-07 10:45:00,2.6,25.3,27.9,6.99,,16.15,3.26,22.93,2022,Bhatagaon,Quarterly,1,190
2022-01-07 11:00:00,2.49,26.51,29.0,7.81,,16.15,3.34,24.19,2022,Bhatagaon,Quarterly,1,190
2022-01-07 11:15:00,2.17,25.16,27.33,6.88,,17.33,3.33,24.01,2022,Bhatagaon,Quarterly,1,190
2022-01-07 11:30:00,1.9,24.06,25.96,6.97,,20.23,3.31,20.64,2022,Bhatagaon,Quarterly,1,190
2022-01-07 11:45:00,1.52,24.41,25.92,6.77,,20.23,3.28,17.45,2022,Bhatagaon,Quarterly,1,190
2022-01-07 12:00:00,1.37,24.83,26.2,3.5,,20.23,3.24,15.67,2022,Bhatagaon,Quarterly,1,190
2022-01-07 12:15:00,1.23,24.74,25.96,6.13,,21.29,3.18,14.38,2022,Bhatagaon,Quarterly,1,190
2022-01-07 12:30:00,1.11,25.04,26.15,6.94,,23.91,3.15,13.79,2022,Bhatagaon,Quarterly,1,190
2022-01-07 12:45:00,0.99,25.17,26.16,6.31,,23.91,3.13,13.27,2022,Bhatagaon,Quarterly,1,190
2022-01-07 13:00:00,0.84,25.04,25.87,6.63,,23.91,3.12,12.71,2022,Bhatagaon,Quarterly,1,190
2022-01-07 13:15:00,0.68,24.63,25.3,6.29,,22.78,3.11,12.77,2022,Bhatagaon,Quarterly,1,190
2022-01-07 13:30:00,0.57,25.0,25.56,6.54,,19.99,3.13,13.93,2022,Bhatagaon,Quarterly,1,190
2022-01-07 13:45:00,0.61,25.87,26.48,6.69,,19.99,3.12,16.08,2022,Bhatagaon,Quarterly,1,190
2022-01-07 14:00:00,0.77,26.88,27.65,6.79,,19.99,3.15,19.28,2022,Bhatagaon,Quarterly,1,190
2022-01-07 14:15:00,0.82,27.76,28.59,6.78,,21.44,3.2,23.0,2022,Bhatagaon,Quarterly,1,190
2022-01-07 14:30:00,0.92,28.71,29.63,7.42,,25.0,3.24,27.03,2022,Bhatagaon,Quarterly,1,190
2022-01-07 14:45:00,0.67,28.98,29.65,7.78,,25.0,3.23,30.23,2022,Bhatagaon,Quarterly,1,190
2022-01-07 15:00:00,0.59,29.0,29.59,8.19,,25.0,3.23,33.97,2022,Bhatagaon,Quarterly,1,190
2022-01-07 15:15:00,0.88,29.96,30.84,8.71,,23.92,3.28,37.12,2022,Bhatagaon,Quarterly,1,190
2022-01-07 15:30:00,0.82,30.77,31.58,8.79,,21.23,3.26,39.71,2022,Bhatagaon,Quarterly,1,190
2022-01-07 15:45:00,0.68,25.55,26.22,8.47,,21.23,3.21,39.98,2022,Bhatagaon,Quarterly,1,190
2022-01-07 16:00:00,0.74,21.64,22.38,4.68,,21.23,3.17,35.35,2022,Bhatagaon,Quarterly,1,190
2022-01-07 16:15:00,1.25,21.63,22.88,8.73,,23.6,3.15,29.07,2022,Bhatagaon,Quarterly,1,190
2022-01-07 16:30:00,2.57,24.02,26.59,9.14,,29.41,3.13,25.83,2022,Bhatagaon,Quarterly,1,190
2022-01-07 16:45:00,2.25,24.82,27.07,8.88,,29.41,3.09,22.07,2022,Bhatagaon,Quarterly,1,190
2022-01-07 17:00:00,1.77,26.04,27.81,8.8,,29.41,3.05,19.4,2022,Bhatagaon,Quarterly,1,190
2022-01-07 17:15:00,1.47,25.87,27.34,9.03,,29.96,3.04,17.86,2022,Bhatagaon,Quarterly,1,190
2022-01-07 17:30:00,1.23,25.54,26.78,8.5,,31.29,3.03,17.41,2022,Bhatagaon,Quarterly,1,190
2022-01-07 17:45:00,1.16,26.02,27.18,8.73,,31.29,3.03,17.97,2022,Bhatagaon,Quarterly,1,190
2022-01-07 18:00:00,1.5,28.04,29.54,8.68,,31.29,3.05,20.92,2022,Bhatagaon,Quarterly,1,190
2022-01-07 18:15:00,1.83,29.46,31.29,8.61,,30.18,3.07,24.69,2022,Bhatagaon,Quarterly,1,190
2022-01-07 18:30:00,2.25,31.11,33.36,8.48,,27.44,3.11,28.91,2022,Bhatagaon,Quarterly,1,190
2022-01-07 18:45:00,2.59,32.43,35.01,8.63,,27.44,3.14,33.17,2022,Bhatagaon,Quarterly,1,190
2022-01-07 19:00:00,2.66,33.16,35.83,8.95,,27.44,3.2,38.56,2022,Bhatagaon,Quarterly,1,190
2022-01-07 19:15:00,2.85,33.94,36.79,9.55,,27.92,3.25,40.67,2022,Bhatagaon,Quarterly,1,190
2022-01-07 19:30:00,3.19,34.23,37.42,9.72,,29.11,3.25,42.77,2022,Bhatagaon,Quarterly,1,190
2022-01-07 19:45:00,3.88,34.77,38.64,9.84,,29.11,3.27,44.47,2022,Bhatagaon,Quarterly,1,190
2022-01-07 20:00:00,4.52,35.37,39.89,4.94,,29.11,3.25,45.25,2022,Bhatagaon,Quarterly,1,190
2022-01-07 20:15:00,4.68,28.46,33.15,9.0,,29.11,3.23,43.88,2022,Bhatagaon,Quarterly,1,190
2022-01-07 20:30:00,4.87,25.18,30.05,9.04,,29.11,3.27,31.34,2022,Bhatagaon,Quarterly,1,190
2022-01-07 20:45:00,6.02,24.82,30.84,9.75,,29.11,3.32,23.57,2022,Bhatagaon,Quarterly,1,190
2022-01-07 21:00:00,7.21,25.14,32.36,9.42,,29.11,3.39,20.03,2022,Bhatagaon,Quarterly,1,190
2022-01-07 21:15:00,8.52,25.12,33.64,9.67,,28.84,3.38,18.44,2022,Bhatagaon,Quarterly,1,190
2022-01-07 21:30:00,9.88,24.86,34.74,10.01,,28.17,3.34,17.81,2022,Bhatagaon,Quarterly,1,190
2022-01-07 21:45:00,10.38,24.75,35.13,9.68,,28.17,3.35,17.17,2022,Bhatagaon,Quarterly,1,190
2022-01-07 22:00:00,10.15,25.35,35.5,9.9,,28.17,3.33,17.29,2022,Bhatagaon,Quarterly,1,190
2022-01-07 22:15:00,9.08,26.44,35.52,9.68,,28.55,3.29,18.2,2022,Bhatagaon,Quarterly,1,190
2022-01-07 22:30:00,7.99,27.35,35.34,9.37,,29.47,3.25,19.59,2022,Bhatagaon,Quarterly,1,190
2022-01-07 22:45:00,7.0,27.91,34.91,8.83,,29.47,3.21,20.94,2022,Bhatagaon,Quarterly,1,190
2022-01-07 23:00:00,6.55,28.18,34.73,9.11,,29.47,3.2,22.77,2022,Bhatagaon,Quarterly,1,190
2022-01-07 23:15:00,6.17,28.25,34.42,9.16,,28.11,3.14,24.53,2022,Bhatagaon,Quarterly,1,190
2022-01-07 23:30:00,5.46,28.28,33.73,8.94,,24.77,3.08,25.78,2022,Bhatagaon,Quarterly,1,190
2022-01-07 23:45:00,4.56,28.07,32.62,9.84,,24.77,3.03,27.04,2022,Bhatagaon,Quarterly,1,190
2022-01-08 00:15:00,28.92,13.69,42.61,5.39,,46.34,4.3,13.16,2022,Bhatagaon,Quarterly,1,190
2022-01-08 00:30:00,27.67,13.96,41.63,5.37,,41.58,4.27,13.05,2022,Bhatagaon,Quarterly,1,190
2022-01-08 00:45:00,26.98,13.61,40.6,5.38,,41.58,4.22,12.76,2022,Bhatagaon,Quarterly,1,190
2022-01-08 01:00:00,25.58,13.7,39.28,5.26,,41.58,4.17,12.22,2022,Bhatagaon,Quarterly,1,190
2022-01-08 01:15:00,23.78,13.5,37.28,5.56,,41.05,4.11,11.47,2022,Bhatagaon,Quarterly,1,190
2022-01-08 01:30:00,22.45,13.39,35.85,5.64,,39.76,4.06,10.52,2022,Bhatagaon,Quarterly,1,190
2022-01-08 01:45:00,21.47,13.12,34.6,5.89,,39.76,4.02,10.0,2022,Bhatagaon,Quarterly,1,190
2022-01-08 02:00:00,20.94,12.19,33.12,5.58,,39.76,4.0,9.37,2022,Bhatagaon,Quarterly,1,190
2022-01-08 02:15:00,20.41,11.79,32.2,5.65,,39.53,3.98,8.95,2022,Bhatagaon,Quarterly,1,190
2022-01-08 02:30:00,19.83,11.89,31.73,6.15,,38.98,3.95,8.76,2022,Bhatagaon,Quarterly,1,190
2022-01-08 02:45:00,19.38,11.59,30.97,6.14,,38.98,3.94,8.49,2022,Bhatagaon,Quarterly,1,190
2022-01-08 03:00:00,19.06,11.11,30.17,6.16,,38.98,3.93,8.29,2022,Bhatagaon,Quarterly,1,190
2022-01-08 03:15:00,18.69,11.25,29.94,6.46,,35.6,3.91,8.28,2022,Bhatagaon,Quarterly,1,190
2022-01-08 03:30:00,18.04,10.7,28.74,6.12,,27.27,3.86,8.7,2022,Bhatagaon,Quarterly,1,190
2022-01-08 03:45:00,16.94,10.92,27.86,6.18,,27.27,3.83,9.12,2022,Bhatagaon,Quarterly,1,190
2022-01-08 04:00:00,15.86,10.76,26.62,2.88,,27.27,3.79,8.94,2022,Bhatagaon,Quarterly,1,190
2022-01-08 04:15:00,14.87,11.09,25.96,5.92,,28.13,3.75,8.67,2022,Bhatagaon,Quarterly,1,190
2022-01-08 04:30:00,14.3,11.34,25.64,6.26,,30.27,3.73,8.41,2022,Bhatagaon,Quarterly,1,190
2022-01-08 04:45:00,14.13,11.26,25.39,6.28,,30.27,3.72,8.29,2022,Bhatagaon,Quarterly,1,190
2022-01-08 05:00:00,14.75,11.53,26.29,6.2,,30.27,3.71,8.35,2022,Bhatagaon,Quarterly,1,190
2022-01-08 05:15:00,15.34,11.13,26.47,6.66,,29.3,3.71,7.89,2022,Bhatagaon,Quarterly,1,190
2022-01-08 05:30:00,15.81,11.05,26.86,6.29,,26.91,3.69,7.88,2022,Bhatagaon,Quarterly,1,190
2022-01-08 05:45:00,15.85,10.98,26.83,6.64,,26.91,3.68,7.66,2022,Bhatagaon,Quarterly,1,190
2022-01-08 06:00:00,15.63,10.55,26.18,6.26,,26.91,3.66,7.38,2022,Bhatagaon,Quarterly,1,190
2022-01-08 06:15:00,15.53,10.15,25.67,6.16,,26.72,3.64,7.11,2022,Bhatagaon,Quarterly,1,190
2022-01-08 06:30:00,15.29,10.43,25.72,6.46,,26.27,3.62,7.14,2022,Bhatagaon,Quarterly,1,190
2022-01-08 06:45:00,15.16,10.15,25.31,6.65,,26.27,3.61,7.07,2022,Bhatagaon,Quarterly,1,190
2022-01-08 07:00:00,14.9,10.33,25.22,6.63,,26.27,3.59,7.43,2022,Bhatagaon,Quarterly,1,190
2022-01-08 07:15:00,14.4,9.96,24.36,6.44,,25.73,3.56,8.08,2022,Bhatagaon,Quarterly,1,190
2022-01-08 07:30:00,14.13,10.89,25.02,6.42,,24.41,3.55,8.28,2022,Bhatagaon,Quarterly,1,190
2022-01-08 07:45:00,13.51,11.71,25.22,6.04,,24.41,3.54,8.25,2022,Bhatagaon,Quarterly,1,190
2022-01-08 08:00:00,13.14,12.49,25.63,3.18,,24.41,3.54,8.25,2022,Bhatagaon,Quarterly,1,190
2022-01-08 08:15:00,12.93,13.09,26.01,5.78,,24.14,3.54,8.22,2022,Bhatagaon,Quarterly,1,190
2022-01-08 08:30:00,12.16,14.17,26.33,5.98,,23.46,3.55,8.01,2022,Bhatagaon,Quarterly,1,190
2022-01-08 08:45:00,11.19,14.56,25.75,5.51,,23.46,3.54,7.18,2022,Bhatagaon,Quarterly,1,190
2022-01-08 09:00:00,10.13,15.15,25.28,6.01,,23.46,3.57,6.88,2022,Bhatagaon,Quarterly,1,190
2022-01-08 09:15:00,9.15,15.47,24.62,5.74,,25.16,3.59,6.24,2022,Bhatagaon,Quarterly,1,190
2022-01-08 09:30:00,7.96,17.1,25.06,5.87,,29.33,3.6,6.13,2022,Bhatagaon,Quarterly,1,190
2022-01-08 09:45:00,6.74,17.77,24.52,5.57,,29.33,3.64,5.68,2022,Bhatagaon,Quarterly,1,190
2022-01-08 10:00:00,5.06,18.67,23.74,5.42,,29.33,3.66,5.21,2022,Bhatagaon,Quarterly,1,190
2022-01-08 10:15:00,3.56,19.98,23.54,5.69,,30.2,3.67,5.01,2022,Bhatagaon,Quarterly,1,190
2022-01-08 10:30:00,1.08,20.74,21.82,3.74,,32.34,3.62,3.91,2022,Bhatagaon,Quarterly,1,190
2022-01-08 10:45:00,1.22,22.34,23.56,2.8,,32.34,3.66,4.43,2022,Bhatagaon,Quarterly,1,190
2022-01-08 11:00:00,1.38,24.07,25.45,2.76,,32.34,3.69,5.15,2022,Bhatagaon,Quarterly,1,190
2022-01-08 11:15:00,2.26,24.64,26.9,2.42,,32.76,3.68,5.66,2022,Bhatagaon,Quarterly,1,190
2022-01-08 11:30:00,3.51,24.93,28.43,2.13,,33.78,3.66,6.08,2022,Bhatagaon,Quarterly,1,190
2022-01-08 11:45:00,5.98,26.85,32.83,2.67,,33.78,3.69,6.92,2022,Bhatagaon,Quarterly,1,190
2022-01-08 12:00:00,7.4,30.12,37.52,1.47,,33.78,3.73,7.92,2022,Bhatagaon,Quarterly,1,190
2022-01-08 12:15:00,6.03,32.74,38.76,3.04,,35.34,3.74,8.12,2022,Bhatagaon,Quarterly,1,190
2022-01-08 12:30:00,4.43,35.15,39.58,2.93,,39.16,3.74,7.57,2022,Bhatagaon,Quarterly,1,190
2022-01-08 12:45:00,4.23,36.77,41.0,2.59,,39.16,3.83,7.59,2022,Bhatagaon,Quarterly,1,190
2022-01-08 13:00:00,3.77,37.07,40.84,1.25,,39.16,3.85,7.64,2022,Bhatagaon,Quarterly,1,190
2022-01-08 13:15:00,4.02,37.49,41.51,1.69,,37.59,3.86,7.67,2022,Bhatagaon,Quarterly,1,190
2022-01-08 13:30:00,3.59,37.93,41.52,2.29,,33.72,3.87,7.74,2022,Bhatagaon,Quarterly,1,190
2022-01-08 13:45:00,2.92,36.74,39.66,2.32,,33.72,3.8,6.81,2022,Bhatagaon,Quarterly,1,190
2022-01-08 14:00:00,2.55,34.77,37.32,1.88,,33.72,3.75,6.55,2022,Bhatagaon,Quarterly,1,190
2022-01-08 14:15:00,2.57,33.29,35.86,1.73,,33.3,3.72,6.39,2022,Bhatagaon,Quarterly,1,190
2022-01-08 14:30:00,3.19,29.62,32.82,1.96,,32.27,3.71,6.34,2022,Bhatagaon,Quarterly,1,190
2022-01-08 14:45:00,5.49,28.44,33.93,1.72,,32.27,3.69,7.33,2022,Bhatagaon,Quarterly,1,190
2022-01-08 15:00:00,8.45,26.99,35.44,2.21,,32.27,3.68,8.14,2022,Bhatagaon,Quarterly,1,190
2022-01-08 15:15:00,9.52,25.77,35.29,2.34,,31.95,3.64,8.36,2022,Bhatagaon,Quarterly,1,190
2022-01-08 15:30:00,8.25,26.1,34.35,2.22,,31.17,3.59,7.83,2022,Bhatagaon,Quarterly,1,190
2022-01-08 15:45:00,7.17,25.16,32.34,2.46,,31.17,3.57,7.32,2022,Bhatagaon,Quarterly,1,190
2022-01-08 16:00:00,6.62,23.29,29.91,1.34,,31.17,3.55,6.47,2022,Bhatagaon,Quarterly,1,190
2022-01-08 16:15:00,6.39,21.65,28.04,2.63,,30.72,3.55,6.04,2022,Bhatagaon,Quarterly,1,190
2022-01-08 16:30:00,6.52,20.62,27.14,2.63,,29.63,3.55,5.53,2022,Bhatagaon,Quarterly,1,190
2022-01-08 16:45:00,7.05,19.93,26.99,3.63,,29.63,3.57,5.55,2022,Bhatagaon,Quarterly,1,190
2022-01-08 17:00:00,7.37,18.94,26.31,3.82,,29.63,3.57,5.15,2022,Bhatagaon,Quarterly,1,190
2022-01-08 17:15:00,7.71,18.91,26.62,3.28,,28.38,3.57,5.22,2022,Bhatagaon,Quarterly,1,190
2022-01-08 17:30:00,8.21,18.39,26.6,3.47,,25.3,3.59,5.18,2022,Bhatagaon,Quarterly,1,190
2022-01-08 17:45:00,8.61,18.28,26.89,3.92,,25.3,3.59,5.31,2022,Bhatagaon,Quarterly,1,190
2022-01-08 18:00:00,8.62,18.03,26.65,4.01,,25.3,3.59,5.57,2022,Bhatagaon,Quarterly,1,190
2022-01-08 18:15:00,8.8,17.68,26.48,3.98,,25.23,3.62,6.17,2022,Bhatagaon,Quarterly,1,190
2022-01-08 18:30:00,9.84,18.14,27.98,4.4,,25.07,3.66,7.02,2022,Bhatagaon,Quarterly,1,190
2022-01-08 18:45:00,11.07,17.95,29.02,4.09,,25.07,3.68,7.59,2022,Bhatagaon,Quarterly,1,190
2022-01-08 19:00:00,11.79,18.5,30.29,4.13,,25.07,3.73,8.06,2022,Bhatagaon,Quarterly,1,190
2022-01-08 19:15:00,13.12,18.29,31.41,4.2,,25.6,3.81,8.34,2022,Bhatagaon,Quarterly,1,190
2022-01-08 19:30:00,14.06,18.54,32.6,4.22,,26.92,3.86,8.79,2022,Bhatagaon,Quarterly,1,190
2022-01-08 19:45:00,14.04,17.49,31.52,4.61,,26.92,3.84,8.05,2022,Bhatagaon,Quarterly,1,190
2022-01-08 20:00:00,13.73,16.81,30.53,3.2,,26.92,3.81,7.49,2022,Bhatagaon,Quarterly,1,190
2022-01-08 20:15:00,13.55,16.54,30.09,5.71,,27.44,3.83,7.29,2022,Bhatagaon,Quarterly,1,190
2022-01-08 20:30:00,13.82,16.19,30.01,5.97,,28.71,3.86,7.29,2022,Bhatagaon,Quarterly,1,190
2022-01-08 20:45:00,14.02,15.63,29.65,5.09,,28.71,3.85,7.05,2022,Bhatagaon,Quarterly,1,190
2022-01-08 21:00:00,14.8,15.93,30.73,5.48,,28.71,3.92,7.41,2022,Bhatagaon,Quarterly,1,190
2022-01-08 21:15:00,15.83,15.88,31.71,5.4,,27.53,3.96,7.77,2022,Bhatagaon,Quarterly,1,190
2022-01-08 21:30:00,17.42,16.13,33.55,6.0,,24.64,3.68,8.53,2022,Bhatagaon,Quarterly,1,190
2022-01-08 21:45:00,19.45,16.62,36.07,5.44,,24.64,3.4,10.03,2022,Bhatagaon,Quarterly,1,190
2022-01-08 22:00:00,22.4,17.82,40.21,5.58,,24.64,3.12,11.66,2022,Bhatagaon,Quarterly,1,190
2022-01-08 22:15:00,25.87,18.19,44.06,6.27,,25.93,,13.11,2022,Bhatagaon,Quarterly,1,190
2022-01-08 22:30:00,28.08,18.4,46.49,5.75,,29.11,,13.84,2022,Bhatagaon,Quarterly,1,190
2022-01-08 22:45:00,27.5,18.57,46.07,5.77,,29.11,,13.72,2022,Bhatagaon,Quarterly,1,190
2022-01-08 23:00:00,26.36,18.38,44.75,5.78,,29.11,,13.47,2022,Bhatagaon,Quarterly,1,190
2022-01-08 23:15:00,25.31,17.75,43.07,5.9,,29.61,,12.71,2022,Bhatagaon,Quarterly,1,190
2022-01-08 23:30:00,24.41,16.75,41.16,6.5,,30.83,,11.95,2022,Bhatagaon,Quarterly,1,190
2022-01-08 23:45:00,23.2,16.08,39.28,6.43,,30.83,,11.21,2022,Bhatagaon,Quarterly,1,190
2022-01-09 00:15:00,5.77,9.16,14.93,4.84,13.42,4.93,0.6,13.98,2022,Bhatagaon,Quarterly,0,0
2022-01-09 00:30:00,5.73,8.75,14.48,6.19,13.42,4.93,0.67,13.55,2022,Bhatagaon,Quarterly,0,0
2022-01-09 00:45:00,5.47,8.66,14.13,5.77,13.42,4.93,0.63,12.56,2022,Bhatagaon,Quarterly,0,0
2022-01-09 01:00:00,5.07,8.52,13.58,6.02,13.77,4.46,0.62,12.66,2022,Bhatagaon,Quarterly,0,0
2022-01-09 01:15:00,4.73,8.32,13.06,5.5,14.34,3.64,0.58,11.9,2022,Bhatagaon,Quarterly,0,0
2022-01-09 01:30:00,4.37,8.43,12.79,5.33,14.34,3.64,0.55,11.6,2022,Bhatagaon,Quarterly,0,0
2022-01-09 01:45:00,4.14,8.22,12.36,5.18,14.34,3.64,0.52,12.01,2022,Bhatagaon,Quarterly,0,0
2022-01-09 02:00:00,3.96,8.36,12.32,5.0,10.85,3.34,0.51,13.55,2022,Bhatagaon,Quarterly,0,0
2022-01-09 02:15:00,4.1,8.34,12.44,4.85,10.26,3.20625,0.51,14.7,2022,Bhatagaon,Quarterly,1,7
2022-01-09 02:30:00,4.15,8.43,12.58,4.65,9.67,3.0725,0.46,15.26,2022,Bhatagaon,Quarterly,1,7
2022-01-09 02:45:00,4.3,8.28,12.58,4.86,9.08,2.9387499999999998,0.5,15.56,2022,Bhatagaon,Quarterly,1,7
2022-01-09 03:00:00,4.37,8.17,12.54,5.15,,,0.51,16.25,2022,Bhatagaon,Quarterly,1,7
2022-01-09 03:15:00,4.56,8.22,12.78,5.89,,,0.51,16.85,2022,Bhatagaon,Quarterly,1,7
2022-01-09 03:30:00,4.6,8.22,12.83,6.31,,,0.52,17.27,2022,Bhatagaon,Quarterly,1,7
2022-01-09 03:45:00,4.56,8.37,12.94,6.62,,,0.48,16.52,2022,Bhatagaon,Quarterly,1,7
2022-01-09 04:00:00,4.28,7.67,11.95,2.76,6.13,2.27,0.43,12.54,2022,Bhatagaon,Quarterly,0,0
2022-01-09 04:15:00,4.27,7.64,11.91,6.94,14.72,2.37,0.5,12.03,2022,Bhatagaon,Quarterly,0,0
2022-01-09 04:30:00,4.25,7.82,12.08,7.07,14.72,2.37,0.48,11.64,2022,Bhatagaon,Quarterly,0,0
2022-01-09 04:45:00,4.12,7.89,12.01,6.73,14.72,2.37,0.45,11.39,2022,Bhatagaon,Quarterly,0,0
2022-01-09 05:00:00,4.05,7.67,11.72,7.05,9.72,2.21,0.46,10.22,2022,Bhatagaon,Quarterly,0,0
2022-01-09 05:15:00,4.07,7.82,11.88,6.63,3.51,1.93,0.43,10.37,2022,Bhatagaon,Quarterly,0,0
2022-01-09 05:30:00,4.18,7.85,12.02,6.1,3.51,1.93,0.42,11.1,2022,Bhatagaon,Quarterly,0,0
2022-01-09 05:45:00,4.48,7.94,12.42,5.99,3.51,1.93,0.44,12.67,2022,Bhatagaon,Quarterly,0,0
2022-01-09 06:00:00,4.72,7.91,12.62,6.72,10.38,1.78,0.43,14.15,2022,Bhatagaon,Quarterly,0,0
2022-01-09 06:15:00,5.07,7.78,12.85,6.97,17.46,1.53,0.45,15.32,2022,Bhatagaon,Quarterly,0,0
2022-01-09 06:30:00,5.42,7.93,13.35,6.8,17.46,1.53,0.44,15.65,2022,Bhatagaon,Quarterly,0,0
2022-01-09 06:45:00,5.75,7.97,13.72,6.78,17.46,1.53,0.45,16.11,2022,Bhatagaon,Quarterly,0,0
2022-01-09 07:00:00,5.95,7.93,13.88,7.19,21.58,2.13,0.46,16.74,2022,Bhatagaon,Quarterly,0,0
2022-01-09 07:15:00,6.3,7.97,14.27,8.11,25.7,3.18,0.39,17.86,2022,Bhatagaon,Quarterly,0,0
2022-01-09 07:30:00,6.93,8.0,14.94,7.9,25.7,3.18,0.41,15.26,2022,Bhatagaon,Quarterly,0,0
2022-01-09 07:45:00,7.18,7.78,14.96,7.54,25.7,3.18,0.42,11.32,2022,Bhatagaon,Quarterly,0,0
2022-01-09 08:00:00,7.42,8.3,15.72,2.91,27.35,3.04,0.44,11.82,2022,Bhatagaon,Quarterly,0,0
2022-01-09 08:15:00,7.68,8.62,16.3,5.42,31.46,2.82,0.43,10.59,2022,Bhatagaon,Quarterly,0,0
2022-01-09 08:30:00,7.6,8.97,16.57,6.17,31.46,2.82,0.44,10.34,2022,Bhatagaon,Quarterly,0,0
2022-01-09 08:45:00,7.67,9.18,16.86,5.8,31.46,2.82,0.46,8.64,2022,Bhatagaon,Quarterly,0,0
2022-01-09 09:00:00,7.77,9.72,17.48,5.63,36.35333333333333,3.6133333333333333,0.48,10.62,2022,Bhatagaon,Quarterly,1,5
2022-01-09 09:15:00,8.35,10.13,18.48,6.26,41.24666666666667,4.406666666666666,0.49,11.48,2022,Bhatagaon,Quarterly,1,5
2022-01-09 09:30:00,8.96,10.46,19.41,5.79,46.14,5.199999999999999,0.53,12.16,2022,Bhatagaon,Quarterly,1,5
2022-01-09 09:45:00,9.09,10.81,19.9,5.91,,,0.55,12.7,2022,Bhatagaon,Quarterly,1,5
2022-01-09 10:00:00,8.43,11.31,19.74,5.72,,,0.58,12.52,2022,Bhatagaon,Quarterly,1,5
2022-01-09 10:15:00,7.79,12.0,19.79,5.52,60.82,7.58,0.63,13.2,2022,Bhatagaon,Quarterly,0,0
2022-01-09 10:30:00,6.91,14.77,21.67,6.01,60.82,7.58,0.77,14.69,2022,Bhatagaon,Quarterly,0,0
2022-01-09 10:45:00,5.01,18.12,23.13,5.27,60.82,7.58,0.81,13.85,2022,Bhatagaon,Quarterly,0,0
2022-01-09 11:00:00,2.94,21.13,24.06,4.34,65.76,8.98,0.85,13.59,2022,Bhatagaon,Quarterly,0,0
2022-01-09 11:15:00,3.65,20.05,23.69,4.43,73.9,11.39,0.86,9.7,2022,Bhatagaon,Quarterly,0,0
2022-01-09 11:30:00,2.51,17.94,20.45,3.87,73.9,11.39,0.86,8.11,2022,Bhatagaon,Quarterly,0,0
2022-01-09 11:45:00,1.55,16.1,17.65,4.38,73.9,11.39,0.84,7.23,2022,Bhatagaon,Quarterly,0,0
2022-01-09 12:00:00,0.81,15.57,16.38,1.66,70.31,13.38,0.83,5.83,2022,Bhatagaon,Quarterly,0,0
2022-01-09 12:15:00,0.56,14.49,15.05,3.79,64.4,16.8,0.83,4.38,2022,Bhatagaon,Quarterly,0,0
2022-01-09 12:30:00,0.64,13.19,13.83,3.74,64.4,16.8,0.82,3.68,2022,Bhatagaon,Quarterly,0,0
2022-01-09 12:45:00,0.78,12.65,13.43,4.08,64.4,16.8,0.79,7.55,2022,Bhatagaon,Quarterly,0,0
2022-01-09 13:00:00,0.74,11.38,12.12,4.75,30.97,17.85,0.75,9.11,2022,Bhatagaon,Quarterly,0,0
2022-01-09 13:15:00,0.77,10.66,11.43,4.7,3.86,19.36,0.74,11.16,2022,Bhatagaon,Quarterly,0,0
2022-01-09 13:30:00,0.66,10.33,10.99,4.43,3.86,19.36,0.74,10.32,2022,Bhatagaon,Quarterly,0,0
2022-01-09 13:45:00,0.42,10.62,11.04,4.75,3.86,19.36,0.73,8.57,2022,Bhatagaon,Quarterly,0,0
2022-01-09 14:00:00,0.39,10.87,11.26,5.15,38.79,18.0,0.69,9.68,2022,Bhatagaon,Quarterly,0,0
2022-01-09 14:15:00,0.11,10.47,10.58,4.36,119.38,16.06,0.6,10.39,2022,Bhatagaon,Quarterly,0,0
2022-01-09 14:30:00,0.44,10.79,11.23,3.75,119.38,16.06,0.62,9.45,2022,Bhatagaon,Quarterly,0,0
2022-01-09 14:45:00,1.88,13.2,15.08,3.93,119.38,16.06,0.69,13.09,2022,Bhatagaon,Quarterly,0,0
2022-01-09 15:00:00,3.49,16.91,20.4,4.71,87.01,18.07,0.8,15.19,2022,Bhatagaon,Quarterly,0,0
2022-01-09 15:15:00,3.71,20.16,23.87,4.87,60.76,20.96,0.84,16.69,2022,Bhatagaon,Quarterly,0,0
2022-01-09 15:30:00,2.84,19.9,22.74,3.55,60.76,20.96,0.69,16.76,2022,Bhatagaon,Quarterly,0,0
2022-01-09 15:45:00,2.05,17.06,19.12,2.99,60.76,20.96,0.61,15.36,2022,Bhatagaon,Quarterly,0,0
2022-01-09 16:00:00,1.57,14.46,16.03,1.89,45.92,19.23,0.52,15.13,2022,Bhatagaon,Quarterly,0,0
2022-01-09 16:15:00,1.2,12.83,14.03,2.95,33.89,16.75,0.45,15.06,2022,Bhatagaon,Quarterly,0,0
2022-01-09 16:30:00,0.65,10.77,11.42,3.19,33.89,16.75,0.4,15.03,2022,Bhatagaon,Quarterly,0,0
2022-01-09 16:45:00,3.59,11.09,14.68,2.91,33.89,16.75,0.39,12.6,2022,Bhatagaon,Quarterly,0,0
2022-01-09 17:00:00,2.24,10.18,12.42,2.25,30.08,15.46,0.38,11.86,2022,Bhatagaon,Quarterly,0,0
2022-01-09 17:15:00,1.41,9.9,11.31,2.11,26.99,13.61,0.38,10.65,2022,Bhatagaon,Quarterly,0,0
2022-01-09 17:30:00,1.39,9.67,11.06,2.78,26.99,13.61,0.4,13.9,2022,Bhatagaon,Quarterly,0,0
2022-01-09 17:45:00,1.26,8.92,10.18,2.16,26.99,13.61,0.31,12.09,2022,Bhatagaon,Quarterly,0,0
2022-01-09 18:00:00,1.19,8.12,9.3,2.1,40.22,15.57,0.36,13.49,2022,Bhatagaon,Quarterly,0,0
2022-01-09 18:15:00,1.14,8.15,9.29,2.57,59.18,18.37,0.32,19.59,2022,Bhatagaon,Quarterly,0,0
2022-01-09 18:30:00,1.05,9.04,10.1,1.85,59.18,18.37,0.4,17.4,2022,Bhatagaon,Quarterly,0,0
2022-01-09 18:45:00,1.65,12.03,13.68,0.88,59.18,18.37,0.5,16.03,2022,Bhatagaon,Quarterly,0,0
2022-01-09 19:00:00,4.01,13.77,17.78,0.93,50.95,17.31,0.53,16.15,2022,Bhatagaon,Quarterly,0,0
2022-01-09 19:15:00,3.7,12.84,16.54,1.73,41.59,15.8,0.45,19.37,2022,Bhatagaon,Quarterly,0,0
2022-01-09 19:30:00,2.73,11.69,14.42,2.15,41.59,15.8,0.52,26.02,2022,Bhatagaon,Quarterly,0,0
2022-01-09 19:45:00,2.74,12.34,15.08,2.41,41.59,15.8,0.57,25.0,2022,Bhatagaon,Quarterly,0,0
2022-01-09 20:00:00,2.79,13.91,16.7,0.88,39.06,14.59,0.65,30.02,2022,Bhatagaon,Quarterly,0,0
2022-01-09 20:15:00,2.82,13.0,15.83,1.69,33.62,12.86,0.61,35.63,2022,Bhatagaon,Quarterly,0,0
2022-01-09 20:30:00,3.33,12.74,16.08,2.12,33.62,12.86,0.59,36.5,2022,Bhatagaon,Quarterly,0,0
2022-01-09 20:45:00,3.36,12.14,15.49,1.82,33.62,12.86,0.62,37.42,2022,Bhatagaon,Quarterly,0,0
2022-01-09 21:00:00,3.02,11.51,14.53,1.55,36.62,11.88,0.6,39.72,2022,Bhatagaon,Quarterly,0,0
2022-01-09 21:15:00,3.34,11.93,15.27,0.94,38.99,10.47,0.54,41.49,2022,Bhatagaon,Quarterly,0,0
2022-01-09 21:30:00,3.41,11.95,15.37,0.99,38.99,10.47,0.61,41.41,2022,Bhatagaon,Quarterly,0,0
2022-01-09 21:45:00,3.28,11.14,14.42,0.79,38.99,10.47,0.57,42.43,2022,Bhatagaon,Quarterly,0,0
2022-01-09 22:00:00,3.51,11.2,14.71,1.14,42.73,11.51,0.56,39.19,2022,Bhatagaon,Quarterly,0,0
2022-01-09 22:15:00,3.6,12.1,15.7,1.11,45.68,13.0,0.6,34.62,2022,Bhatagaon,Quarterly,0,0
2022-01-09 22:30:00,3.49,11.07,14.55,0.41,45.68,13.0,0.51,34.91,2022,Bhatagaon,Quarterly,0,0
2022-01-09 22:45:00,3.14,10.93,14.06,0.16,45.68,13.0,0.5,34.57,2022,Bhatagaon,Quarterly,0,0
2022-01-09 23:00:00,3.02,11.14,14.16,0.29,42.62,14.09,0.48,31.01,2022,Bhatagaon,Quarterly,0,0
2022-01-09 23:15:00,3.04,12.05,15.09,0.55,40.14,15.65,0.51,31.4,2022,Bhatagaon,Quarterly,0,0
2022-01-09 23:30:00,4.34,12.6,16.94,0.17,40.14,15.65,0.67,33.78,2022,Bhatagaon,Quarterly,0,0
2022-01-09 23:45:00,14.71,15.2,29.91,0.6477777777777778,40.14,15.65,1.23,31.67,2022,Bhatagaon,Quarterly,1,1
2022-01-11 00:15:00,0.65,72.75,40.67,47.47,186.07,64.44,0.79,59.91,2022,Bhatagaon,Quarterly,0,0
2022-01-11 00:30:00,0.85,67.7,38.04,44.64,184.79,67.77,0.8,49.91,2022,Bhatagaon,Quarterly,0,0
2022-01-11 00:45:00,6.67,97.0,58.88,41.34,184.79,68.91,0.9,51.26,2022,Bhatagaon,Quarterly,0,0
2022-01-11 01:00:00,0.38,63.22,35.19,52.14,184.79,68.91,0.68,53.25,2022,Bhatagaon,Quarterly,0,0
2022-01-11 01:15:00,0.16,49.03,27.19,61.76,184.79,68.91,0.57,49.06,2022,Bhatagaon,Quarterly,0,0
2022-01-11 01:30:00,0.65,56.95,31.95,62.44,161.08,71.91,0.59,45.26,2022,Bhatagaon,Quarterly,0,0
2022-01-11 01:45:00,1.08,63.47,35.89,52.36,161.08,72.93,0.58,47.6,2022,Bhatagaon,Quarterly,0,0
2022-01-11 02:00:00,0.3,47.06,26.21,44.16,161.08,72.93,0.56,49.0,2022,Bhatagaon,Quarterly,0,0
2022-01-11 02:15:00,0.85,55.34,31.22,42.43,161.08,72.93,0.63,48.01,2022,Bhatagaon,Quarterly,0,0
2022-01-11 02:30:00,0.94,63.81,35.97,49.76,149.18,70.59,0.79,49.21,2022,Bhatagaon,Quarterly,0,0
2022-01-11 02:45:00,0.61,68.06,38.05,73.85,149.18,69.78,0.87,51.57,2022,Bhatagaon,Quarterly,0,0
2022-01-11 03:00:00,0.91,103.01,57.58,136.99,149.18,69.78,1.37,59.81,2022,Bhatagaon,Quarterly,0,0
2022-01-11 03:15:00,0.6,106.27,59.13,125.87,149.18,69.78,1.51,67.57,2022,Bhatagaon,Quarterly,0,0
2022-01-11 03:30:00,1.32,94.67,53.31,99.14,197.9,82.09,1.56,62.89,2022,Bhatagaon,Quarterly,0,0
2022-01-11 03:45:00,0.88,84.44,47.31,91.9,197.9,86.32,1.57,60.68,2022,Bhatagaon,Quarterly,0,0
2022-01-11 04:00:00,1.81,84.61,48.15,77.78,197.9,86.32,1.48,57.0,2022,Bhatagaon,Quarterly,0,0
2022-01-11 04:15:00,4.4,87.65,51.9,69.0,197.9,86.32,1.39,56.5,2022,Bhatagaon,Quarterly,0,0
2022-01-11 04:30:00,7.61,90.78,56.2,55.34,206.96,85.95,1.15,53.44,2022,Bhatagaon,Quarterly,0,0
2022-01-11 04:45:00,9.52,92.54,58.71,56.45,206.96,85.83,1.14,57.6,2022,Bhatagaon,Quarterly,0,0
2022-01-11 05:00:00,3.73,67.2,40.08,51.75,206.96,85.83,0.93,61.32,2022,Bhatagaon,Quarterly,0,0
2022-01-11 05:15:00,4.9,78.84,47.44,52.52,206.96,85.83,0.89,55.51,2022,Bhatagaon,Quarterly,0,0
2022-01-11 05:30:00,18.12,118.26,79.8,39.92,206.45,84.51,0.95,56.45,2022,Bhatagaon,Quarterly,0,0
2022-01-11 05:45:00,5.01,71.39,43.41,32.25,206.45,84.05,0.68,64.7,2022,Bhatagaon,Quarterly,0,0
2022-01-11 06:00:00,11.7,76.11,51.39,22.91,206.45,84.05,0.71,56.05,2022,Bhatagaon,Quarterly,0,0
2022-01-11 06:15:00,16.9,101.3,69.45,20.77,206.45,84.05,0.83,56.42,2022,Bhatagaon,Quarterly,0,0
2022-01-11 06:30:00,44.03,139.67,112.39,20.64,174.53,77.32,0.98,62.54,2022,Bhatagaon,Quarterly,0,0
2022-01-11 06:45:00,80.37,183.99,165.99,17.34,174.53,75.01,1.29,97.12,2022,Bhatagaon,Quarterly,0,0
2022-01-11 07:00:00,89.73,208.23,186.87,18.22,174.53,75.01,1.46,125.97,2022,Bhatagaon,Quarterly,0,0
2022-01-11 07:15:00,58.41,171.6,141.54,21.73,174.53,75.01,1.24,139.44,2022,Bhatagaon,Quarterly,0,0
2022-01-11 07:30:00,33.65,138.19,103.24,29.67,186.44,79.02,1.26,139.29,2022,Bhatagaon,Quarterly,0,0
2022-01-11 07:45:00,23.01,123.53,86.62,46.88,186.44,80.39,1.25,118.96,2022,Bhatagaon,Quarterly,0,0
2022-01-11 08:00:00,25.28,112.56,82.39,36.14,186.44,80.39,1.11,107.08,2022,Bhatagaon,Quarterly,0,0
2022-01-11 08:15:00,7.84,60.65,39.76,49.15,186.44,80.39,0.77,84.18,2022,Bhatagaon,Quarterly,0,0
2022-01-11 08:30:00,11.63,74.49,50.44,43.79,178.1,74.77,0.78,63.01,2022,Bhatagaon,Quarterly,0,0
2022-01-11 08:45:00,2.73,44.58,26.79,38.63,178.1,72.84,0.57,57.58,2022,Bhatagaon,Quarterly,0,0
2022-01-11 09:00:00,6.89,63.59,40.62,35.8,178.1,72.84,0.75,52.02,2022,Bhatagaon,Quarterly,0,0
2022-01-11 09:15:00,10.7,67.32,45.74,32.98,178.1,72.84,0.79,54.87,2022,Bhatagaon,Quarterly,0,0
2022-01-11 09:30:00,15.07,84.08,58.49,31.82,156.0,70.18,1.0,61.85,2022,Bhatagaon,Quarterly,0,0
2022-01-11 09:45:00,5.2,55.02,34.53,31.8,156.0,69.27,0.74,66.04,2022,Bhatagaon,Quarterly,0,0
2022-01-11 10:00:00,2.53,46.2,27.53,30.58,156.0,69.27,0.61,60.14,2022,Bhatagaon,Quarterly,0,0
2022-01-11 10:15:00,5.77,54.86,34.9,31.0,156.0,69.27,0.72,53.86,2022,Bhatagaon,Quarterly,0,0
2022-01-11 10:30:00,7.14,59.67,38.66,45.43,136.72,67.21,0.76,42.87,2022,Bhatagaon,Quarterly,0,0
2022-01-11 10:45:00,5.27,59.06,36.82,67.84,136.72,66.51,0.59,36.0,2022,Bhatagaon,Quarterly,0,0
2022-01-11 11:00:00,6.16,64.31,40.43,71.03,136.72,66.51,0.67,36.91,2022,Bhatagaon,Quarterly,0,0
2022-01-11 11:15:00,2.42,48.14,28.5,76.48,136.72,66.51,0.57,31.4,2022,Bhatagaon,Quarterly,0,0
2022-01-11 11:30:00,1.49,38.79,22.61,81.86,132.76,56.01,0.47,29.16,2022,Bhatagaon,Quarterly,0,0
2022-01-11 11:45:00,6.32,64.05,40.42,82.87,132.76,52.41,0.66,31.0,2022,Bhatagaon,Quarterly,0,0
2022-01-11 12:00:00,3.34,54.41,32.7,69.79,132.76,52.41,0.68,38.25,2022,Bhatagaon,Quarterly,0,0
2022-01-11 12:15:00,8.6,72.7,47.02,78.58,132.76,52.41,0.83,45.51,2022,Bhatagaon,Quarterly,0,0
2022-01-11 12:30:00,6.1,73.96,45.71,75.61,122.14,54.6,0.85,51.64,2022,Bhatagaon,Quarterly,0,0
2022-01-11 12:45:00,7.84,74.63,47.47,72.87,122.14,55.36,0.83,56.96,2022,Bhatagaon,Quarterly,0,0
2022-01-11 13:00:00,1.08,44.38,25.36,68.38,122.14,55.36,0.52,54.4,2022,Bhatagaon,Quarterly,0,0
2022-01-11 13:15:00,1.61,46.65,27.04,67.34,122.14,55.36,0.55,44.18,2022,Bhatagaon,Quarterly,0,0
2022-01-11 13:30:00,4.59,79.96,47.8,63.81,111.13,55.84,0.74,41.24,2022,Bhatagaon,Quarterly,0,0
2022-01-11 13:45:00,8.39,73.12,47.08,58.16,111.13,56.01,0.86,50.04,2022,Bhatagaon,Quarterly,0,0
2022-01-11 14:00:00,2.7,70.66,41.16,57.4,111.13,56.01,0.67,51.62,2022,Bhatagaon,Quarterly,0,0
2022-01-11 14:15:00,3.67,68.78,40.9,56.53,111.13,56.01,0.8,40.46,2022,Bhatagaon,Quarterly,0,0
2022-01-11 14:30:00,10.33,102.45,64.83,54.75,111.73,54.53,0.93,39.03,2022,Bhatagaon,Quarterly,0,0
2022-01-11 14:45:00,5.18,68.55,41.98,53.33,111.73,54.02,0.77,50.49,2022,Bhatagaon,Quarterly,0,0
2022-01-11 15:00:00,0.53,45.4,25.48,51.51,111.73,54.02,0.53,42.85,2022,Bhatagaon,Quarterly,0,0
2022-01-11 15:15:00,0.6,47.09,26.47,50.0,111.73,54.02,0.48,29.32,2022,Bhatagaon,Quarterly,0,0
2022-01-11 15:30:00,1.69,67.65,38.69,56.1,108.87,53.75,0.68,27.15,2022,Bhatagaon,Quarterly,0,0
2022-01-11 15:45:00,0.51,50.2,28.11,59.83,108.87,53.65,0.49,33.34,2022,Bhatagaon,Quarterly,0,0
2022-01-11 16:00:00,0.74,55.29,31.11,51.73,108.87,53.65,0.49,34.94,2022,Bhatagaon,Quarterly,0,0
2022-01-11 16:15:00,11.91,140.35,87.01,71.49,108.87,53.65,0.98,39.2,2022,Bhatagaon,Quarterly,0,0
2022-01-11 16:30:00,15.4,160.62,100.99,144.94,110.03,53.42,1.44,64.54,2022,Bhatagaon,Quarterly,0,0
2022-01-11 16:45:00,17.12,146.02,94.31,141.91,110.03,53.34,1.52,86.25,2022,Bhatagaon,Quarterly,0,0
2022-01-11 17:00:00,22.18,176.32,115.09,119.42,110.03,53.34,1.65,96.28,2022,Bhatagaon,Quarterly,0,0
2022-01-11 17:15:00,31.58,189.69,130.01,106.89,110.03,53.34,1.73,109.22,2022,Bhatagaon,Quarterly,0,0
2022-01-11 17:30:00,22.66,165.5,109.51,94.14,143.6,61.44,1.86,117.99,2022,Bhatagaon,Quarterly,0,0
2022-01-11 17:45:00,22.28,177.13,115.62,82.28,143.6,64.23,2.04,107.62,2022,Bhatagaon,Quarterly,0,0
2022-01-11 18:00:00,39.39,205.48,144.98,77.27,143.6,64.23,2.27,113.86,2022,Bhatagaon,Quarterly,0,0
2022-01-11 18:15:00,60.94,238.23,180.2,73.25,143.6,64.23,2.63,143.13,2022,Bhatagaon,Quarterly,0,0
2022-01-11 18:30:00,26.06,192.7,127.24,73.82,173.68,69.17,2.31,145.41,2022,Bhatagaon,Quarterly,0,0
2022-01-11 18:45:00,49.37,241.48,172.86,85.2,173.68,70.86,2.68,144.41,2022,Bhatagaon,Quarterly,0,0
2022-01-11 19:00:00,39.41,249.64,169.38,85.78,173.68,70.86,2.94,145.77,2022,Bhatagaon,Quarterly,0,0
2022-01-11 19:15:00,22.91,248.39,155.45,76.12,173.68,70.86,2.72,151.96,2022,Bhatagaon,Quarterly,0,0
2022-01-11 19:30:00,20.91,251.53,155.59,64.66,222.63,82.27,3.06,141.06,2022,Bhatagaon,Quarterly,0,0
2022-01-11 19:45:00,18.44,230.04,141.74,55.64,222.63,86.18,2.95,135.64,2022,Bhatagaon,Quarterly,0,0
2022-01-11 20:00:00,12.18,214.83,128.32,38.31,222.63,86.18,3.18,134.46,2022,Bhatagaon,Quarterly,0,0
2022-01-11 20:15:00,115.32,344.05,282.35,42.26,222.63,86.18,5.31,155.55,2022,Bhatagaon,Quarterly,0,0
2022-01-11 20:30:00,39.35,280.79,186.52,63.58,256.28,90.87,3.94,201.27,2022,Bhatagaon,Quarterly,0,0
2022-01-11 20:45:00,123.83,335.55,284.49,55.55,256.28,92.47,5.65,196.74,2022,Bhatagaon,Quarterly,0,0
2022-01-11 21:00:00,21.94,247.55,154.21,84.51,256.28,92.47,3.53,220.91,2022,Bhatagaon,Quarterly,0,0
2022-01-11 21:15:00,28.27,251.37,161.4,63.6,256.28,92.47,3.23,150.13,2022,Bhatagaon,Quarterly,0,0
2022-01-11 21:30:00,43.1,267.16,182.0,51.12,317.83,97.66,3.45,134.23,2022,Bhatagaon,Quarterly,0,0
2022-01-11 21:45:00,177.14,396.01,360.6,44.39,317.83,99.44,3.99,184.22,2022,Bhatagaon,Quarterly,0,0
2022-01-11 22:00:00,112.99,342.86,279.83,40.97,317.83,99.44,3.11,242.72,2022,Bhatagaon,Quarterly,0,0
2022-01-11 22:15:00,134.0,330.7,289.96,34.07,317.83,99.44,4.35,227.04,2022,Bhatagaon,Quarterly,0,0
2022-01-11 22:30:00,128.76,334.68,287.96,30.81,327.27,102.24,4.07,242.7,2022,Bhatagaon,Quarterly,0,0
2022-01-11 22:45:00,169.53,378.2,344.67,28.93,327.27,103.21,4.09,272.25,2022,Bhatagaon,Quarterly,0,0
2022-01-11 23:00:00,131.78,328.0,286.69,26.47,327.27,103.21,3.88,271.16,2022,Bhatagaon,Quarterly,0,0
2022-01-11 23:15:00,63.98,234.38,180.66,26.29,327.27,103.21,2.48,220.61,2022,Bhatagaon,Quarterly,0,0
2022-01-11 23:30:00,71.7,213.52,175.34,24.64,364.59,102.67,2.23,199.5,2022,Bhatagaon,Quarterly,0,0
2022-01-11 23:45:00,84.09,243.44,201.78,22.17,364.59,102.49,2.93,188.49,2022,Bhatagaon,Quarterly,0,0
2022-01-12 00:15:00,93.75,135.96,150.21,4.45,223.96,66.47,3.84,150.04,2022,Bhatagaon,Quarterly,0,0
2022-01-12 00:30:00,93.87,136.52,150.61,5.15,223.96,66.47,3.81,151.77,2022,Bhatagaon,Quarterly,0,0
2022-01-12 00:45:00,92.21,135.25,148.58,4.9,204.59,65.15,3.79,151.7,2022,Bhatagaon,Quarterly,0,0
2022-01-12 01:00:00,90.23,133.48,146.02,4.93,162.17,61.05,3.76,150.71,2022,Bhatagaon,Quarterly,0,0
2022-01-12 01:15:00,88.51,131.68,143.65,4.73,162.17,61.05,3.4,149.59,2022,Bhatagaon,Quarterly,0,0
2022-01-12 01:30:00,85.07,129.13,139.48,4.79,162.17,61.05,3.5,147.78,2022,Bhatagaon,Quarterly,0,0
2022-01-12 01:45:00,79.78,125.97,133.49,4.89,169.23,61.69,3.39,145.66,2022,Bhatagaon,Quarterly,0,0
2022-01-12 02:00:00,74.03,121.9,126.64,5.04,185.45,63.78,3.28,143.5,2022,Bhatagaon,Quarterly,0,0
2022-01-12 02:15:00,68.64,116.89,119.55,4.65,185.45,63.78,3.19,141.7,2022,Bhatagaon,Quarterly,0,0
2022-01-12 02:30:00,63.92,113.85,114.09,4.22,185.45,63.78,3.1,138.75,2022,Bhatagaon,Quarterly,0,0
2022-01-12 02:45:00,59.53,110.54,108.74,4.29,187.93,66.13,3.02,135.4,2022,Bhatagaon,Quarterly,0,0
2022-01-12 03:00:00,55.38,107.61,103.8,4.59,193.63,73.84,2.94,133.69,2022,Bhatagaon,Quarterly,0,0
2022-01-12 03:15:00,51.32,104.72,98.95,4.84,193.63,73.84,2.85,132.05,2022,Bhatagaon,Quarterly,0,0
2022-01-12 03:30:00,47.55,101.78,94.3,4.68,193.63,73.84,2.77,131.23,2022,Bhatagaon,Quarterly,0,0
2022-01-12 03:45:00,44.26,99.4,90.35,4.52,188.67,73.31,2.7,129.25,2022,Bhatagaon,Quarterly,0,0
2022-01-12 04:00:00,40.93,97.86,86.83,2.88,165.87,71.59,2.63,128.08,2022,Bhatagaon,Quarterly,0,0
2022-01-12 04:15:00,37.72,95.78,83.11,5.63,165.87,71.59,2.56,128.32,2022,Bhatagaon,Quarterly,0,0
2022-01-12 04:30:00,36.5,94.79,81.58,5.59,165.87,71.59,2.52,127.77,2022,Bhatagaon,Quarterly,0,0
2022-01-12 04:45:00,35.42,94.01,80.28,5.08,161.45,70.31,2.48,126.99,2022,Bhatagaon,Quarterly,0,0
2022-01-12 05:00:00,33.45,92.4,77.82,5.28,151.27,66.09,2.43,125.29,2022,Bhatagaon,Quarterly,0,0
2022-01-12 05:15:00,31.34,90.89,75.29,5.39,151.27,66.09,2.36,124.02,2022,Bhatagaon,Quarterly,0,0
2022-01-12 05:30:00,29.22,90.0,73.1,4.91,151.27,66.09,2.28,123.02,2022,Bhatagaon,Quarterly,0,0
2022-01-12 05:45:00,28.38,88.76,71.74,5.12,140.68,64.61,2.2,123.24,2022,Bhatagaon,Quarterly,0,0
2022-01-12 06:00:00,29.38,88.65,72.48,4.98,116.33,59.78,2.15,121.27,2022,Bhatagaon,Quarterly,0,0
2022-01-12 06:15:00,29.79,88.32,72.63,5.03,116.33,59.78,2.08,120.15,2022,Bhatagaon,Quarterly,0,0
2022-01-12 06:30:00,30.92,89.02,73.92,4.97,116.33,59.78,2.02,119.91,2022,Bhatagaon,Quarterly,0,0
2022-01-12 06:45:00,33.1,90.27,76.36,5.12,110.66,57.16,1.99,120.2,2022,Bhatagaon,Quarterly,0,0
2022-01-12 07:00:00,38.29,92.64,81.84,5.09,97.6,48.54,1.97,121.25,2022,Bhatagaon,Quarterly,0,0
2022-01-12 07:15:00,41.4,93.82,84.98,4.9,97.6,48.54,1.94,122.04,2022,Bhatagaon,Quarterly,0,0
2022-01-12 07:30:00,43.13,96.08,87.61,4.85,97.6,48.54,2.02,122.82,2022,Bhatagaon,Quarterly,0,0
2022-01-12 07:45:00,44.94,98.78,90.55,5.06,99.18,48.68,2.0,124.61,2022,Bhatagaon,Quarterly,0,0
2022-01-12 08:00:00,44.35,100.72,91.15,2.42,107.39,49.12,1.94,124.51,2022,Bhatagaon,Quarterly,0,0
2022-01-12 08:15:00,43.07,101.81,90.72,4.61,107.39,49.12,1.9,124.87,2022,Bhatagaon,Quarterly,0,0
2022-01-12 08:30:00,41.46,102.66,89.9,4.5,107.39,49.12,1.85,124.29,2022,Bhatagaon,Quarterly,0,0
2022-01-12 08:45:00,39.29,102.7,88.18,5.07,99.37,48.04,1.8,123.11,2022,Bhatagaon,Quarterly,0,0
2022-01-12 09:00:00,37.33,102.12,86.29,4.6,81.79,44.49,1.77,122.04,2022,Bhatagaon,Quarterly,0,0
2022-01-12 09:15:00,35.12,100.65,83.71,4.78,81.79,44.49,1.74,123.88,2022,Bhatagaon,Quarterly,0,0
2022-01-12 09:30:00,32.4,98.92,80.57,5.19,81.79,44.49,1.71,122.32,2022,Bhatagaon,Quarterly,0,0
2022-01-12 09:45:00,28.63,96.07,75.97,4.88,81.53,43.97,1.66,118.88,2022,Bhatagaon,Quarterly,0,0
2022-01-12 10:00:00,25.1,93.84,71.91,4.5,80.96,42.27,1.61,116.83,2022,Bhatagaon,Quarterly,0,0
2022-01-12 10:15:00,21.72,92.21,68.31,4.45,80.96,42.27,1.58,115.79,2022,Bhatagaon,Quarterly,0,0
2022-01-12 10:30:00,19.63,92.8,66.95,4.8,80.96,42.27,1.55,115.41,2022,Bhatagaon,Quarterly,0,0
2022-01-12 10:45:00,17.98,93.09,65.79,4.4,80.84,41.9,1.5,115.03,2022,Bhatagaon,Quarterly,0,0
2022-01-12 11:00:00,15.69,91.74,63.21,5.04,80.54,40.69,1.45,114.21,2022,Bhatagaon,Quarterly,0,0
2022-01-12 11:15:00,13.22,89.58,60.04,4.99,80.54,40.69,1.4,114.99,2022,Bhatagaon,Quarterly,0,0
2022-01-12 11:30:00,11.28,87.77,57.48,4.96,80.54,40.69,1.38,115.95,2022,Bhatagaon,Quarterly,0,0
2022-01-12 11:45:00,9.54,85.88,55.04,5.21,78.59,40.59,1.33,116.32,2022,Bhatagaon,Quarterly,0,0
2022-01-12 12:00:00,8.19,84.47,53.19,3.24,70.4,40.23,1.31,116.06,2022,Bhatagaon,Quarterly,0,0
2022-01-12 12:15:00,6.89,83.61,51.67,6.11,70.4,40.23,1.27,117.32,2022,Bhatagaon,Quarterly,0,0
2022-01-12 12:30:00,5.92,82.26,50.15,5.94,70.4,40.23,1.26,118.36,2022,Bhatagaon,Quarterly,0,0
2022-01-12 12:45:00,5.21,82.39,49.64,5.93,70.99,40.23,1.26,119.78,2022,Bhatagaon,Quarterly,0,0
2022-01-12 13:00:00,4.27,82.02,48.69,5.27,72.28,40.25,1.23,119.25,2022,Bhatagaon,Quarterly,0,0
2022-01-12 13:15:00,3.47,80.95,47.46,4.9,72.28,40.25,1.19,116.06,2022,Bhatagaon,Quarterly,0,0
2022-01-12 13:30:00,2.93,80.57,46.81,4.79,72.28,40.25,1.2,113.79,2022,Bhatagaon,Quarterly,0,0
2022-01-12 13:45:00,2.53,79.25,45.77,5.94,70.64,39.64,1.17,112.2,2022,Bhatagaon,Quarterly,0,0
2022-01-12 14:00:00,2.06,76.52,43.88,5.59,67.03,37.75,1.12,109.05,2022,Bhatagaon,Quarterly,0,0
2022-01-12 14:15:00,2.0,76.42,43.78,5.01,67.03,37.75,1.1,107.64,2022,Bhatagaon,Quarterly,0,0
2022-01-12 14:30:00,1.88,75.16,42.99,8.08,67.03,37.75,1.05,104.26,2022,Bhatagaon,Quarterly,0,0
2022-01-12 14:45:00,1.93,76.7,43.87,13.59,65.32,37.05,1.02,101.2,2022,Bhatagaon,Quarterly,0,0
2022-01-12 15:00:00,1.74,77.98,44.43,18.28,61.47,34.77,1.01,99.56,2022,Bhatagaon,Quarterly,0,0
2022-01-12 15:15:00,1.81,81.25,46.29,22.82,61.47,34.77,1.06,97.42,2022,Bhatagaon,Quarterly,0,0
2022-01-12 15:30:00,1.91,82.81,47.23,19.15,61.47,34.77,1.09,97.93,2022,Bhatagaon,Quarterly,0,0
2022-01-12 15:45:00,2.36,84.03,48.26,10.35,63.84,35.07,1.1,98.15,2022,Bhatagaon,Quarterly,0,0
2022-01-12 16:00:00,2.29,85.59,49.08,5.5,75.95,35.99,1.14,0.0,2022,Bhatagaon,Quarterly,0,0
2022-01-12 16:15:00,2.59,88.85,51.11,7.56,75.95,35.99,1.18,95.18,2022,Bhatagaon,Quarterly,0,0
2022-01-12 16:30:00,2.93,93.65,54.03,5.18,75.95,35.99,1.27,93.12,2022,Bhatagaon,Quarterly,0,0
2022-01-12 16:45:00,3.55,89.41,52.19,10.19,74.38,35.9,1.48,81.84,2022,Bhatagaon,Quarterly,0,0
2022-01-12 17:00:00,4.2,108.54,63.27,10.59,70.95,35.61,1.6,77.93,2022,Bhatagaon,Quarterly,0,0
2022-01-12 17:15:00,4.97,129.08,75.22,4.58,70.95,35.61,1.65,85.06,2022,Bhatagaon,Quarterly,0,0
2022-01-12 17:30:00,7.42,126.21,75.6,3.67,70.95,35.61,1.69,88.12,2022,Bhatagaon,Quarterly,0,0
2022-01-12 17:45:00,9.97,123.26,76.02,3.48,79.99,37.1,1.8,91.17,2022,Bhatagaon,Quarterly,0,0
2022-01-12 18:00:00,12.63,120.84,76.82,3.51,99.78,41.7,1.88,94.11,2022,Bhatagaon,Quarterly,0,0
2022-01-12 18:15:00,14.83,117.4,76.68,3.37,99.78,41.7,2.01,97.35,2022,Bhatagaon,Quarterly,0,0
2022-01-12 18:30:00,18.83,119.48,81.04,3.47,99.78,41.7,2.08,104.31,2022,Bhatagaon,Quarterly,0,0
2022-01-12 18:45:00,22.72,119.99,84.44,4.3,119.94,42.44,2.19,109.91,2022,Bhatagaon,Quarterly,0,0
2022-01-12 19:00:00,26.69,118.9,87.02,4.22,164.12,44.86,2.29,113.96,2022,Bhatagaon,Quarterly,0,0
2022-01-12 19:15:00,30.13,117.24,88.86,4.12,164.12,44.86,2.37,118.01,2022,Bhatagaon,Quarterly,0,0
2022-01-12 19:30:00,32.23,115.76,89.73,4.54,164.12,44.86,2.52,120.42,2022,Bhatagaon,Quarterly,0,0
2022-01-12 19:45:00,35.31,115.83,92.24,4.02,166.92,45.98,2.7,122.76,2022,Bhatagaon,Quarterly,0,0
2022-01-12 20:00:00,37.95,115.01,93.9,2.33,179.79,49.46,2.73,125.51,2022,Bhatagaon,Quarterly,0,0
2022-01-12 20:15:00,37.46,110.06,90.78,3.38,179.79,49.46,2.74,123.97,2022,Bhatagaon,Quarterly,0,0
2022-01-12 20:30:00,35.82,112.05,90.56,3.99,179.79,49.46,2.77,123.21,2022,Bhatagaon,Quarterly,0,0
2022-01-12 20:45:00,34.11,111.27,88.76,3.98,164.09,49.44,2.8,122.73,2022,Bhatagaon,Quarterly,0,0
2022-01-12 21:00:00,33.38,111.44,88.27,4.15,129.68,49.36,2.83,123.55,2022,Bhatagaon,Quarterly,0,0
2022-01-12 21:15:00,32.71,110.85,87.41,3.98,129.68,49.36,2.84,124.62,2022,Bhatagaon,Quarterly,0,0
2022-01-12 21:30:00,31.45,109.5,85.65,4.05,129.68,49.36,2.84,124.65,2022,Bhatagaon,Quarterly,0,0
2022-01-12 21:45:00,31.11,110.37,85.86,3.72,131.42,50.02,2.84,125.53,2022,Bhatagaon,Quarterly,0,0
2022-01-12 22:00:00,30.33,109.68,84.85,3.92,135.25,52.09,2.83,127.25,2022,Bhatagaon,Quarterly,0,0
2022-01-12 22:15:00,29.84,108.98,84.07,4.16,135.25,52.09,2.81,129.21,2022,Bhatagaon,Quarterly,0,0
2022-01-12 22:30:00,29.61,108.47,83.6,3.95,135.25,52.09,2.77,130.3,2022,Bhatagaon,Quarterly,0,0
2022-01-12 22:45:00,32.2,109.65,86.34,4.29,134.39,52.07,2.83,131.13,2022,Bhatagaon,Quarterly,0,0
2022-01-12 23:00:00,37.49,111.08,91.37,4.42,132.55,52.01,2.9,132.61,2022,Bhatagaon,Quarterly,0,0
2022-01-12 23:15:00,41.9,112.68,95.79,4.6,132.55,52.01,2.93,134.19,2022,Bhatagaon,Quarterly,0,0
2022-01-12 23:30:00,50.48,116.44,104.74,4.41,132.55,52.01,2.98,137.84,2022,Bhatagaon,Quarterly,0,0
2022-01-12 23:45:00,58.78,118.06,112.3,4.52,139.94,51.68,3.01,139.78,2022,Bhatagaon,Quarterly,0,0
2023-01-01 00:15:00,26.9,96.95,75.08,4.85,57.12,29.84,1.48,34.62,2023,Bhatagaon,Quarterly,0,0
2023-01-01 00:30:00,23.63,91.69,69.55,4.67,51.97,28.25,1.42,34.06,2023,Bhatagaon,Quarterly,0,0
2023-01-01 00:45:00,20.23,89.28,65.5,4.6,51.97,28.25,1.37,33.85,2023,Bhatagaon,Quarterly,0,0
2023-01-01 01:00:00,18.87,87.05,63.18,4.24,51.97,28.25,1.3,33.51,2023,Bhatagaon,Quarterly,0,0
2023-01-01 01:15:00,16.55,83.59,59.4,4.22,50.07,27.63,1.13,32.97,2023,Bhatagaon,Quarterly,0,0
2023-01-01 01:30:00,14.99,83.07,57.87,4.15,39.96,25.29,1.15,32.24,2023,Bhatagaon,Quarterly,0,0
2023-01-01 01:45:00,13.49,84.0,57.18,4.04,39.96,25.29,1.1,32.99,2023,Bhatagaon,Quarterly,0,0
2023-01-01 02:00:00,11.75,83.59,55.56,4.14,39.96,25.29,1.04,33.07,2023,Bhatagaon,Quarterly,0,0
2023-01-01 02:15:00,10.96,83.46,54.85,4.01,38.25,24.16,1.0,32.85,2023,Bhatagaon,Quarterly,0,0
2023-01-01 02:30:00,10.03,82.66,53.66,3.51,34.04,19.97,0.96,32.74,2023,Bhatagaon,Quarterly,0,0
2023-01-01 02:45:00,8.95,81.43,52.12,3.3,34.04,19.97,0.92,32.68,2023,Bhatagaon,Quarterly,0,0
2023-01-01 03:00:00,8.13,80.17,50.76,2.99,34.04,19.97,0.89,32.7,2023,Bhatagaon,Quarterly,0,0
2023-01-01 03:15:00,7.21,78.83,49.29,3.8,34.34,19.24,0.85,32.32,2023,Bhatagaon,Quarterly,0,0
2023-01-01 03:30:00,6.44,77.29,47.82,3.41,35.09,16.67,0.83,31.45,2023,Bhatagaon,Quarterly,0,0
2023-01-01 03:45:00,5.97,75.66,46.54,3.3,35.09,16.67,0.8,31.23,2023,Bhatagaon,Quarterly,0,0
2023-01-01 04:00:00,5.91,74.51,45.86,2.32,35.09,16.67,0.79,31.36,2023,Bhatagaon,Quarterly,0,0
2023-01-01 04:15:00,5.9,73.51,45.3,3.49,34.37,16.8,0.77,31.4,2023,Bhatagaon,Quarterly,0,0
2023-01-01 04:30:00,5.82,72.72,44.8,3.72,32.47,17.23,0.76,31.45,2023,Bhatagaon,Quarterly,0,0
2023-01-01 04:45:00,5.76,71.97,44.34,3.7,32.47,17.23,0.75,31.65,2023,Bhatagaon,Quarterly,0,0
2023-01-01 05:00:00,5.57,71.1,43.7,4.11,32.47,17.23,0.73,31.51,2023,Bhatagaon,Quarterly,0,0
2023-01-01 05:15:00,5.23,70.6,43.15,3.78,33.8,17.71,0.7,31.67,2023,Bhatagaon,Quarterly,0,0
2023-01-01 05:30:00,4.92,70.71,42.97,3.47,40.04,19.53,0.69,31.89,2023,Bhatagaon,Quarterly,0,0
2023-01-01 05:45:00,4.84,71.11,43.13,3.86,40.04,19.53,0.69,32.16,2023,Bhatagaon,Quarterly,0,0
2023-01-01 06:00:00,4.69,71.47,43.21,4.06,40.04,19.53,0.67,31.93,2023,Bhatagaon,Quarterly,0,0
2023-01-01 06:15:00,5.34,72.9,44.51,4.17,36.78,19.38,0.67,31.57,2023,Bhatagaon,Quarterly,0,0
2023-01-01 06:30:00,5.83,73.96,45.49,4.06,28.54,18.84,0.67,31.47,2023,Bhatagaon,Quarterly,0,0
2023-01-01 06:45:00,5.98,74.61,45.97,3.99,28.54,18.84,0.69,31.35,2023,Bhatagaon,Quarterly,0,0
2023-01-01 07:00:00,6.42,74.85,46.46,4.4,28.54,18.84,0.69,30.52,2023,Bhatagaon,Quarterly,0,0
2023-01-01 07:15:00,6.63,75.23,46.84,3.65,34.95,19.43,0.69,29.7,2023,Bhatagaon,Quarterly,0,0
2023-01-01 07:30:00,6.87,75.7,47.28,3.85,50.83,21.47,0.73,29.21,2023,Bhatagaon,Quarterly,0,0
2023-01-01 07:45:00,7.9,75.79,48.16,4.31,50.83,21.47,0.75,29.4,2023,Bhatagaon,Quarterly,0,0
2023-01-01 08:00:00,7.77,76.23,48.3,3.2,50.83,21.47,0.75,29.21,2023,Bhatagaon,Quarterly,0,0
2023-01-01 08:15:00,7.99,77.4,49.12,5.21,49.94,22.19,0.76,28.93,2023,Bhatagaon,Quarterly,0,0
2023-01-01 08:30:00,8.12,78.07,49.6,6.18,47.75,24.72,0.78,28.64,2023,Bhatagaon,Quarterly,0,0
2023-01-01 08:45:00,8.32,78.98,50.26,5.97,47.75,24.72,0.8,28.69,2023,Bhatagaon,Quarterly,0,0
2023-01-01 09:00:00,8.64,80.7,51.46,5.93,47.75,24.72,0.82,29.33,2023,Bhatagaon,Quarterly,0,0
2023-01-01 09:15:00,10.1,83.53,54.2,5.55,49.98,25.05,0.84,29.59,2023,Bhatagaon,Quarterly,0,0
2023-01-01 09:30:00,11.5,86.2,56.79,5.14,60.47,26.2,0.86,29.74,2023,Bhatagaon,Quarterly,0,0
2023-01-01 09:45:00,12.27,88.37,58.61,4.88,60.47,26.2,0.87,30.1,2023,Bhatagaon,Quarterly,0,0
2023-01-01 10:00:00,13.1,90.36,60.37,4.92,60.47,26.2,0.88,30.37,2023,Bhatagaon,Quarterly,0,0
2023-01-01 10:15:00,13.13,90.76,60.61,4.59,59.09,25.98,0.87,30.48,2023,Bhatagaon,Quarterly,0,0
2023-01-01 10:30:00,13.06,90.94,60.67,5.15,55.69,25.21,0.87,30.16,2023,Bhatagaon,Quarterly,0,0
2023-01-01 10:45:00,13.2,90.84,60.72,5.34,55.69,25.21,0.87,30.18,2023,Bhatagaon,Quarterly,0,0
2023-01-01 11:00:00,13.01,90.26,60.24,5.35,55.69,25.21,0.85,30.14,2023,Bhatagaon,Quarterly,0,0
2023-01-01 11:15:00,12.99,87.72,58.83,5.4,56.98,25.79,0.84,29.91,2023,Bhatagaon,Quarterly,0,0
2023-01-01 11:30:00,12.75,85.66,57.5,6.04,60.2,27.97,0.83,29.57,2023,Bhatagaon,Quarterly,0,0
2023-01-01 11:45:00,11.23,86.41,56.7,5.81,60.2,27.97,0.83,29.45,2023,Bhatagaon,Quarterly,0,0
2023-01-01 12:00:00,10.0,85.35,55.12,1.92,60.2,27.97,0.83,29.63,2023,Bhatagaon,Quarterly,0,0
2023-01-01 12:15:00,8.83,83.37,53.09,3.78,57.71,28.35,0.8,29.69,2023,Bhatagaon,Quarterly,0,0
2023-01-01 12:30:00,7.46,81.47,50.94,4.54,51.55,29.66,0.78,30.53,2023,Bhatagaon,Quarterly,0,0
2023-01-01 12:45:00,5.81,80.07,48.85,5.41,51.55,29.66,0.75,31.35,2023,Bhatagaon,Quarterly,0,0
2023-01-01 13:00:00,4.4,79.16,47.21,5.33,51.55,29.66,0.74,31.89,2023,Bhatagaon,Quarterly,0,0
2023-01-01 13:15:00,3.51,78.9,46.36,5.24,50.17,28.84,0.7,32.27,2023,Bhatagaon,Quarterly,0,0
2023-01-01 13:30:00,3.27,79.06,46.26,5.34,43.67,25.97,0.71,32.19,2023,Bhatagaon,Quarterly,0,0
2023-01-01 13:45:00,3.05,79.49,46.31,5.73,43.67,25.97,0.7,32.18,2023,Bhatagaon,Quarterly,0,0
2023-01-01 14:00:00,3.1,81.14,47.26,5.74,43.67,25.97,0.72,31.81,2023,Bhatagaon,Quarterly,0,0
2023-01-01 14:15:00,3.48,80.75,47.36,8.65,42.91,25.4,0.73,31.09,2023,Bhatagaon,Quarterly,0,0
2023-01-01 14:30:00,3.12,75.56,44.2,9.13,41.02,23.39,0.72,30.35,2023,Bhatagaon,Quarterly,0,0
2023-01-01 14:45:00,3.67,79.49,46.81,7.78,41.02,23.39,0.73,31.1,2023,Bhatagaon,Quarterly,0,0
2023-01-01 15:00:00,4.12,81.04,48.03,6.81,41.02,23.39,0.74,31.63,2023,Bhatagaon,Quarterly,0,0
2023-01-01 15:15:00,4.58,81.35,48.56,8.96,42.42,23.94,0.74,32.12,2023,Bhatagaon,Quarterly,0,0
2023-01-01 15:30:00,6.27,81.14,49.81,9.04,45.88,25.87,0.75,32.57,2023,Bhatagaon,Quarterly,0,0
2023-01-01 15:45:00,6.77,82.79,51.11,9.14,45.88,25.87,0.78,33.44,2023,Bhatagaon,Quarterly,0,0
2023-01-01 16:00:00,7.36,84.57,52.57,3.97,45.88,25.87,0.8,34.76,2023,Bhatagaon,Quarterly,0,0
2023-01-01 16:15:00,7.39,86.24,53.52,6.5,48.08,26.56,0.83,35.77,2023,Bhatagaon,Quarterly,0,0
2023-01-01 16:30:00,7.19,89.49,55.15,6.51,53.5,29.0,0.87,35.83,2023,Bhatagaon,Quarterly,0,0
2023-01-01 16:45:00,6.67,91.69,55.95,6.38,53.5,29.0,0.9,35.55,2023,Bhatagaon,Quarterly,0,0
2023-01-01 17:00:00,5.89,92.79,55.94,6.75,53.5,29.0,0.92,35.01,2023,Bhatagaon,Quarterly,0,0
2023-01-01 17:15:00,5.67,94.26,56.56,5.83,54.75,29.08,0.94,34.57,2023,Bhatagaon,Quarterly,0,0
2023-01-01 17:30:00,6.06,95.68,57.66,5.85,60.62,29.35,0.99,33.93,2023,Bhatagaon,Quarterly,0,0
2023-01-01 17:45:00,6.28,95.36,57.67,6.86,60.62,29.35,1.04,33.46,2023,Bhatagaon,Quarterly,0,0
2023-01-01 18:00:00,6.37,94.31,57.16,6.16,60.62,29.35,1.09,32.45,2023,Bhatagaon,Quarterly,0,0
2023-01-01 18:15:00,9.05,92.94,58.55,6.81,62.03,29.9,1.15,32.1,2023,Bhatagaon,Quarterly,0,0
2023-01-01 18:30:00,8.6,98.84,61.45,6.62,65.52,31.86,1.2,32.23,2023,Bhatagaon,Quarterly,0,0
2023-01-01 18:45:00,10.16,100.74,63.74,8.75,65.52,31.86,1.3,32.78,2023,Bhatagaon,Quarterly,0,0
2023-01-01 19:00:00,13.29,105.75,69.02,6.19,65.52,31.86,1.43,33.34,2023,Bhatagaon,Quarterly,0,0
2023-01-01 19:15:00,13.99,104.61,68.95,5.83,71.88,33.11,1.41,33.92,2023,Bhatagaon,Quarterly,0,0
2023-01-01 19:30:00,13.43,103.07,67.66,5.75,87.61,37.47,1.48,34.74,2023,Bhatagaon,Quarterly,0,0
2023-01-01 19:45:00,14.08,103.09,68.18,5.3,87.61,37.47,1.58,36.01,2023,Bhatagaon,Quarterly,0,0
2023-01-01 20:00:00,15.09,105.44,70.29,3.7,87.61,37.47,1.72,36.43,2023,Bhatagaon,Quarterly,0,0
2023-01-01 20:15:00,17.78,109.11,74.47,5.64,91.13,39.04,1.9,36.73,2023,Bhatagaon,Quarterly,0,0
2023-01-01 20:30:00,19.83,112.17,77.81,5.78,99.85,44.53,2.04,36.73,2023,Bhatagaon,Quarterly,0,0
2023-01-01 20:45:00,20.54,114.17,79.48,5.64,99.85,44.53,2.13,36.84,2023,Bhatagaon,Quarterly,0,0
2023-01-01 21:00:00,20.78,115.87,80.61,5.68,99.85,44.53,2.2,36.7,2023,Bhatagaon,Quarterly,0,0
2023-01-01 21:15:00,19.95,115.89,79.95,5.99,98.76,44.39,2.21,36.07,2023,Bhatagaon,Quarterly,0,0
2023-01-01 21:30:00,20.62,118.35,81.85,5.71,93.64,43.9,2.22,34.94,2023,Bhatagaon,Quarterly,0,0
2023-01-01 21:45:00,21.34,115.47,80.84,5.45,93.64,43.9,2.21,34.9,2023,Bhatagaon,Quarterly,0,0
2023-01-01 22:00:00,22.31,115.11,81.42,5.42,93.64,43.9,2.22,35.3,2023,Bhatagaon,Quarterly,0,0
2023-01-01 22:15:00,23.18,114.91,82.0,5.66,91.6,43.77,2.21,35.57,2023,Bhatagaon,Quarterly,0,0
2023-01-01 22:30:00,22.58,113.28,80.63,5.79,86.55,43.31,2.18,35.67,2023,Bhatagaon,Quarterly,0,0
2023-01-01 22:45:00,22.13,112.14,79.63,5.79,86.55,43.31,2.17,35.86,2023,Bhatagaon,Quarterly,0,0
2023-01-01 23:00:00,21.55,110.75,78.4,5.78,86.55,43.31,2.14,36.21,2023,Bhatagaon,Quarterly,0,0
2023-01-01 23:15:00,20.49,109.29,76.74,6.08,86.0,43.01,2.09,36.8,2023,Bhatagaon,Quarterly,0,0
2023-01-01 23:30:00,18.86,108.05,74.75,5.55,84.64,41.97,2.02,36.81,2023,Bhatagaon,Quarterly,0,0
2023-01-01 23:45:00,17.16,106.39,72.48,5.27,84.64,41.97,1.94,36.66,2023,Bhatagaon,Quarterly,0,0
2023-01-02 00:15:00,11.08,85.63,56.55,7.66,79.02,46.65,1.3,30.33,2023,Bhatagaon,Quarterly,0,0
2023-01-02 00:30:00,8.62,82.5,52.85,8.31,56.77,39.98,1.2,29.42,2023,Bhatagaon,Quarterly,0,0
2023-01-02 00:45:00,6.26,77.33,48.11,7.09,38.97,34.88,1.1,28.43,2023,Bhatagaon,Quarterly,0,0
2023-01-02 01:00:00,4.72,77.28,46.85,5.98,38.97,34.88,1.02,28.94,2023,Bhatagaon,Quarterly,0,0
2023-01-02 01:15:00,2.94,77.5,45.54,5.92,38.97,34.88,0.91,29.21,2023,Bhatagaon,Quarterly,0,0
2023-01-02 01:30:00,2.09,73.96,42.91,5.93,44.99,27.82,0.87,28.52,2023,Bhatagaon,Quarterly,0,0
2023-01-02 01:45:00,1.66,73.05,42.06,5.48,49.8,22.18,0.8,28.22,2023,Bhatagaon,Quarterly,0,0
2023-01-02 02:00:00,1.33,70.17,40.2,5.3,49.8,22.18,0.75,27.97,2023,Bhatagaon,Quarterly,0,0
2023-01-02 02:15:00,1.17,70.25,40.12,5.52,49.8,22.18,0.71,27.93,2023,Bhatagaon,Quarterly,0,0
2023-01-02 02:30:00,1.21,68.63,39.26,4.96,38.75,21.15,0.66,27.29,2023,Bhatagaon,Quarterly,0,0
2023-01-02 02:45:00,1.41,64.75,37.28,5.32,29.9,20.32,0.63,26.48,2023,Bhatagaon,Quarterly,0,0
2023-01-02 03:00:00,1.59,65.63,37.91,5.14,29.9,20.32,0.6,26.08,2023,Bhatagaon,Quarterly,0,0
2023-01-02 03:15:00,1.72,66.95,38.74,5.21,29.9,20.32,0.58,26.06,2023,Bhatagaon,Quarterly,0,0
2023-01-02 03:30:00,1.86,67.21,38.99,5.14,30.93,15.92,0.56,26.24,2023,Bhatagaon,Quarterly,0,0
2023-01-02 03:45:00,1.99,63.88,37.27,5.96,31.75,12.4,0.54,26.58,2023,Bhatagaon,Quarterly,0,0
2023-01-02 04:00:00,2.08,63.12,36.92,4.74,31.75,12.4,0.53,26.88,2023,Bhatagaon,Quarterly,0,0
2023-01-02 04:15:00,2.1,63.24,37.0,6.18,31.75,12.4,0.51,26.93,2023,Bhatagaon,Quarterly,0,0
2023-01-02 04:30:00,2.19,66.04,38.62,5.74,30.73,14.49,0.51,27.33,2023,Bhatagaon,Quarterly,0,0
2023-01-02 04:45:00,2.09,66.41,38.74,6.45,29.91,16.17,0.48,28.24,2023,Bhatagaon,Quarterly,0,0
2023-01-02 05:00:00,1.98,65.96,38.4,6.08,29.91,16.17,0.46,28.57,2023,Bhatagaon,Quarterly,0,0
2023-01-02 05:15:00,1.94,66.48,38.66,6.07,29.91,16.17,0.46,28.49,2023,Bhatagaon,Quarterly,0,0
2023-01-02 05:30:00,1.92,66.96,38.91,5.86,18.58,14.02,0.43,28.23,2023,Bhatagaon,Quarterly,0,0
2023-01-02 05:45:00,2.24,67.99,39.73,6.37,20.9525,13.7775,0.43,28.22,2023,Bhatagaon,Quarterly,1,3
2023-01-02 06:00:00,3.21,70.64,41.98,6.52,23.325,13.535,0.42,28.35,2023,Bhatagaon,Quarterly,1,3
2023-01-02 06:15:00,3.86,71.67,43.06,8.09,25.697499999999998,13.2925,0.42,27.48,2023,Bhatagaon,Quarterly,1,3
2023-01-02 06:30:00,4.68,72.58,44.22,7.98,28.07,13.05,0.43,26.41,2023,Bhatagaon,Quarterly,0,0
2023-01-02 06:45:00,5.53,73.53,45.43,6.73,42.92,13.65,0.43,25.92,2023,Bhatagaon,Quarterly,0,0
2023-01-02 07:00:00,6.34,73.69,46.17,6.29,42.92,13.65,0.44,26.26,2023,Bhatagaon,Quarterly,0,0
2023-01-02 07:15:00,7.14,73.44,46.68,6.38,42.92,13.65,0.47,26.38,2023,Bhatagaon,Quarterly,0,0
2023-01-02 07:30:00,7.31,75.05,47.69,5.9,39.64,16.19,0.51,26.25,2023,Bhatagaon,Quarterly,0,0
2023-01-02 07:45:00,7.72,76.34,48.74,6.44,37.01,18.23,0.53,26.18,2023,Bhatagaon,Quarterly,0,0
2023-01-02 08:00:00,8.86,77.72,50.41,4.12,37.01,18.23,0.55,26.47,2023,Bhatagaon,Quarterly,0,0
2023-01-02 08:15:00,9.03,79.16,51.35,5.79,37.01,18.23,0.57,27.91,2023,Bhatagaon,Quarterly,0,0
2023-01-02 08:30:00,8.89,80.42,51.93,5.66,43.27,17.21,0.58,28.23,2023,Bhatagaon,Quarterly,0,0
2023-01-02 08:45:00,9.0,81.37,52.54,5.51,48.27,16.4,0.58,28.47,2023,Bhatagaon,Quarterly,0,0
2023-01-02 09:00:00,9.16,82.32,53.19,5.69,48.27,16.4,0.59,28.85,2023,Bhatagaon,Quarterly,0,0
2023-01-02 09:15:00,9.92,83.71,54.56,5.65,48.27,16.4,0.62,28.98,2023,Bhatagaon,Quarterly,0,0
2023-01-02 09:30:00,9.58,85.33,55.19,5.21,44.34,16.49,0.63,28.61,2023,Bhatagaon,Quarterly,0,0
2023-01-02 09:45:00,8.89,86.04,55.03,5.53,41.19,16.57,0.64,27.97,2023,Bhatagaon,Quarterly,0,0
2023-01-02 10:00:00,8.83,84.88,54.34,6.05,41.19,16.57,0.66,27.42,2023,Bhatagaon,Quarterly,0,0
2023-01-02 10:15:00,9.76,87.08,56.3,7.22,41.19,16.57,0.67,26.89,2023,Bhatagaon,Quarterly,0,0
2023-01-02 10:30:00,10.33,86.11,56.22,6.9,40.34,16.66,0.68,26.95,2023,Bhatagaon,Quarterly,0,0
2023-01-02 10:45:00,10.07,83.79,54.73,7.0,39.65,16.73,0.68,27.48,2023,Bhatagaon,Quarterly,0,0
2023-01-02 11:00:00,10.55,86.31,56.5,7.27,39.65,16.73,0.68,28.1,2023,Bhatagaon,Quarterly,0,0
2023-01-02 11:15:00,10.58,88.54,57.77,9.29,39.65,16.73,0.68,28.25,2023,Bhatagaon,Quarterly,0,0
2023-01-02 11:30:00,11.32,87.17,57.6,9.02,37.87,17.29,0.68,28.34,2023,Bhatagaon,Quarterly,0,0
2023-01-02 11:45:00,10.57,88.44,57.7,6.92,36.44,17.75,0.69,29.54,2023,Bhatagaon,Quarterly,0,0
2023-01-02 12:00:00,8.72,86.24,55.0,4.24,36.44,17.75,0.67,30.5,2023,Bhatagaon,Quarterly,0,0
2023-01-02 12:15:00,7.3,87.68,54.65,5.48,36.44,17.75,0.66,30.9,2023,Bhatagaon,Quarterly,0,0
2023-01-02 12:30:00,5.8,86.78,52.96,5.75,37.35,17.49,0.65,30.86,2023,Bhatagaon,Quarterly,0,0
2023-01-02 12:45:00,5.15,88.51,53.39,5.98,38.08,17.29,0.66,30.83,2023,Bhatagaon,Quarterly,0,0
2023-01-02 13:00:00,4.7,88.38,52.96,6.47,38.08,17.29,0.66,30.91,2023,Bhatagaon,Quarterly,0,0
2023-01-02 13:15:00,4.39,88.29,52.66,6.32,38.08,17.29,0.66,31.08,2023,Bhatagaon,Quarterly,0,0
2023-01-02 13:30:00,5.83,84.45,51.7,9.52,38.74,16.1,0.69,30.45,2023,Bhatagaon,Quarterly,0,0
2023-01-02 13:45:00,5.12,85.7,51.82,7.24,39.27,15.14,0.69,28.73,2023,Bhatagaon,Quarterly,0,0
2023-01-02 14:00:00,5.07,87.27,52.65,7.97,39.27,15.14,0.68,27.91,2023,Bhatagaon,Quarterly,0,0
2023-01-02 14:15:00,5.4,81.21,49.56,9.45,39.27,15.14,0.68,27.82,2023,Bhatagaon,Quarterly,0,0
2023-01-02 14:30:00,8.0,80.87,51.46,10.63,53.34,15.21,0.69,27.71,2023,Bhatagaon,Quarterly,0,0
2023-01-02 14:45:00,7.72,81.5,51.59,13.05,64.59,15.26,0.7,27.55,2023,Bhatagaon,Quarterly,0,0
2023-01-02 15:00:00,6.87,76.69,48.25,10.24,64.59,15.26,0.69,27.65,2023,Bhatagaon,Quarterly,0,0
2023-01-02 15:15:00,5.83,81.54,50.09,6.79,64.59,15.26,0.7,28.27,2023,Bhatagaon,Quarterly,0,0
2023-01-02 15:30:00,5.73,85.75,52.34,5.51,58.03,15.83,0.68,28.84,2023,Bhatagaon,Quarterly,0,0
2023-01-02 15:45:00,4.54,85.54,51.26,6.17,52.77,16.29,0.67,28.77,2023,Bhatagaon,Quarterly,0,0
2023-01-02 16:00:00,4.08,85.34,50.79,4.25,52.77,16.29,0.67,28.83,2023,Bhatagaon,Quarterly,0,0
2023-01-02 16:15:00,4.26,85.53,51.03,5.38,52.77,16.29,0.68,28.98,2023,Bhatagaon,Quarterly,0,0
2023-01-02 16:30:00,5.06,85.14,51.46,5.56,52.72,17.88,0.69,28.96,2023,Bhatagaon,Quarterly,0,0
2023-01-02 16:45:00,6.22,86.39,53.08,5.26,52.67,19.16,0.73,29.29,2023,Bhatagaon,Quarterly,0,0
2023-01-02 17:00:00,10.92,84.08,55.57,8.83,52.67,19.16,0.83,28.99,2023,Bhatagaon,Quarterly,0,0
2023-01-02 17:15:00,13.05,90.16,60.64,10.07,52.67,19.16,0.84,28.38,2023,Bhatagaon,Quarterly,0,0
2023-01-02 17:30:00,13.59,88.34,60.07,10.92,51.75,19.99,0.89,28.61,2023,Bhatagaon,Quarterly,0,0
2023-01-02 17:45:00,12.23,91.92,60.95,9.19,51.01,20.65,0.92,29.4,2023,Bhatagaon,Quarterly,0,0
2023-01-02 18:00:00,16.52,99.34,68.48,6.76,51.01,20.65,0.95,30.17,2023,Bhatagaon,Quarterly,0,0
2023-01-02 18:15:00,28.52,108.98,83.43,6.6,51.01,20.65,1.06,29.74,2023,Bhatagaon,Quarterly,0,0
2023-01-02 18:30:00,24.95,104.72,78.21,6.02,70.24,24.38,0.99,30.84,2023,Bhatagaon,Quarterly,0,0
2023-01-02 18:45:00,26.95,102.96,78.85,5.77,85.63,27.36,1.01,32.29,2023,Bhatagaon,Quarterly,0,0
2023-01-02 19:00:00,26.69,100.83,77.47,5.35,85.63,27.36,1.1,34.8,2023,Bhatagaon,Quarterly,0,0
2023-01-02 19:15:00,39.9,109.02,92.57,4.9,85.63,27.36,1.35,36.39,2023,Bhatagaon,Quarterly,0,0
2023-01-02 19:30:00,49.26,113.07,102.31,5.36,101.91,32.95,1.56,37.24,2023,Bhatagaon,Quarterly,0,0
2023-01-02 19:45:00,64.49,121.28,119.06,5.13,114.94,37.42,1.71,38.1,2023,Bhatagaon,Quarterly,0,0
2023-01-02 20:00:00,81.18,130.03,137.27,4.25,114.94,37.42,1.86,39.55,2023,Bhatagaon,Quarterly,0,0
2023-01-02 20:15:00,89.81,135.06,146.97,6.25,114.94,37.42,1.95,40.03,2023,Bhatagaon,Quarterly,0,0
2023-01-02 20:30:00,115.35,146.39,173.7,6.44,127.97,43.02,2.39,38.11,2023,Bhatagaon,Quarterly,0,0
2023-01-02 20:45:00,118.5,147.66,176.93,6.99,137.94,47.3,2.31,38.01,2023,Bhatagaon,Quarterly,0,0
2023-01-02 21:00:00,118.09,145.26,175.28,7.15,137.94,47.3,2.35,38.27,2023,Bhatagaon,Quarterly,0,0
2023-01-02 21:15:00,128.44,148.89,185.59,7.13,137.94,47.3,2.44,39.21,2023,Bhatagaon,Quarterly,0,0
2023-01-02 21:30:00,138.5,150.03,194.28,6.96,168.29,56.47,2.55,40.47,2023,Bhatagaon,Quarterly,0,0
2023-01-02 21:45:00,149.65,154.41,205.63,7.02,192.56,63.81,2.77,41.61,2023,Bhatagaon,Quarterly,0,0
2023-01-02 22:00:00,151.1,153.1,206.08,7.14,192.56,63.81,2.85,43.57,2023,Bhatagaon,Quarterly,0,0
2023-01-02 22:15:00,150.31,151.47,204.54,6.93,192.56,63.81,2.88,44.9,2023,Bhatagaon,Quarterly,0,0
2023-01-02 22:30:00,150.86,150.47,204.44,7.71,187.76,64.09,2.96,46.09,2023,Bhatagaon,Quarterly,0,0
2023-01-02 22:45:00,145.28,150.14,199.78,8.24,183.92,64.31,3.0,46.2,2023,Bhatagaon,Quarterly,0,0
2023-01-02 23:00:00,139.99,149.99,195.45,8.42,183.92,64.31,2.96,45.48,2023,Bhatagaon,Quarterly,0,0
2023-01-02 23:15:00,133.98,147.76,189.4,8.43,183.92,64.31,2.91,44.65,2023,Bhatagaon,Quarterly,0,0
2023-01-02 23:30:00,127.96,145.16,183.14,7.74,158.31,66.54,2.86,43.84,2023,Bhatagaon,Quarterly,0,0
2023-01-02 23:45:00,121.46,142.62,176.53,7.94,137.82,68.24,2.78,43.3,2023,Bhatagaon,Quarterly,0,0
2023-01-03 00:15:00,113.61,128.97,161.25,3.83,174.34,66.95,3.29,37.31,2023,Bhatagaon,Quarterly,0,0
2023-01-03 00:30:00,112.17,128.68,159.93,3.66,174.34,66.95,3.23,37.23,2023,Bhatagaon,Quarterly,0,0
2023-01-03 00:45:00,108.79,127.35,156.48,3.24,153.53,62.36,3.15,36.87,2023,Bhatagaon,Quarterly,0,0
2023-01-03 01:00:00,95.19,125.65,144.63,3.04,143.64,60.07,2.96,36.21,2023,Bhatagaon,Quarterly,0,0
2023-01-03 01:15:00,94.16,123.72,142.74,3.61,143.64,60.07,2.6,35.45,2023,Bhatagaon,Quarterly,0,0
2023-01-03 01:30:00,89.71,119.88,137.06,3.65,143.64,60.07,2.65,35.11,2023,Bhatagaon,Quarterly,0,0
2023-01-03 01:45:00,88.32,116.78,134.23,3.57,117.05,57.6,2.6,34.98,2023,Bhatagaon,Quarterly,0,0
2023-01-03 02:00:00,81.81,112.72,126.77,3.21,103.76,56.37,2.47,34.9,2023,Bhatagaon,Quarterly,0,0
2023-01-03 02:15:00,76.78,110.38,121.44,3.6,103.76,56.37,2.4,34.8,2023,Bhatagaon,Quarterly,0,0
2023-01-03 02:30:00,69.61,112.95,117.11,4.24,103.76,56.37,2.3,34.91,2023,Bhatagaon,Quarterly,0,0
2023-01-03 02:45:00,73.22,113.66,120.41,4.4,96.35,51.79,2.34,35.15,2023,Bhatagaon,Quarterly,0,0
2023-01-03 03:00:00,72.97,113.24,119.97,3.53,92.65,49.5,2.31,35.93,2023,Bhatagaon,Quarterly,0,0
2023-01-03 03:15:00,68.95,113.05,116.64,3.66,92.65,49.5,2.26,35.99,2023,Bhatagaon,Quarterly,0,0
2023-01-03 03:30:00,65.76,113.06,114.09,2.95,92.65,49.5,2.23,35.83,2023,Bhatagaon,Quarterly,0,0
2023-01-03 03:45:00,62.6,113.09,111.57,3.73,120.35,60.04,2.19,35.4,2023,Bhatagaon,Quarterly,0,0
2023-01-03 04:00:00,59.91,113.04,109.38,3.29,134.2,65.32,2.15,35.06,2023,Bhatagaon,Quarterly,0,0
2023-01-03 04:15:00,57.62,113.77,107.95,4.02,134.2,65.32,2.13,34.99,2023,Bhatagaon,Quarterly,0,0
2023-01-03 04:30:00,59.46,114.87,110.04,4.54,134.2,65.32,2.1,34.27,2023,Bhatagaon,Quarterly,0,0
2023-01-03 04:45:00,58.58,114.06,108.88,4.48,157.91,74.83,2.09,33.7,2023,Bhatagaon,Quarterly,0,0
2023-01-03 05:00:00,63.03,114.12,112.49,4.55,169.76,79.58,2.08,33.32,2023,Bhatagaon,Quarterly,0,0
2023-01-03 05:15:00,67.84,113.5,116.0,4.99,169.76,79.58,2.09,33.43,2023,Bhatagaon,Quarterly,0,0
2023-01-03 05:30:00,71.14,115.07,119.51,4.53,169.76,79.58,2.07,33.63,2023,Bhatagaon,Quarterly,0,0
2023-01-03 05:45:00,73.34,113.12,120.2,4.71,172.45,81.48,2.06,33.71,2023,Bhatagaon,Quarterly,0,0
2023-01-03 06:00:00,81.35,111.93,125.96,4.74,173.73,82.43,2.06,33.96,2023,Bhatagaon,Quarterly,0,0
2023-01-03 06:15:00,90.04,114.01,134.08,4.92,173.73,82.43,2.07,34.4,2023,Bhatagaon,Quarterly,0,0
2023-01-03 06:30:00,101.0,114.79,143.3,5.02,173.73,82.43,2.09,36.25,2023,Bhatagaon,Quarterly,0,0
2023-01-03 06:45:00,102.61,114.3,144.32,5.44,175.62,81.26,2.03,36.8,2023,Bhatagaon,Quarterly,0,0
2023-01-03 07:00:00,99.45,112.38,140.73,4.72,176.56,80.67,1.99,36.47,2023,Bhatagaon,Quarterly,0,0
2023-01-03 07:15:00,95.8,110.81,136.94,4.83,176.56,80.67,1.97,36.04,2023,Bhatagaon,Quarterly,0,0
2023-01-03 07:30:00,92.54,110.2,133.98,5.03,176.56,80.67,2.05,35.62,2023,Bhatagaon,Quarterly,0,0
2023-01-03 07:45:00,89.13,110.75,131.55,4.83,144.76,74.88,2.05,35.33,2023,Bhatagaon,Quarterly,0,0
2023-01-03 08:00:00,86.48,113.62,131.01,3.5,128.86,71.99,2.12,34.91,2023,Bhatagaon,Quarterly,0,0
2023-01-03 08:15:00,85.69,115.85,131.61,5.6,128.86,71.99,2.15,34.33,2023,Bhatagaon,Quarterly,0,0
2023-01-03 08:30:00,82.01,116.43,128.98,6.84,128.86,71.99,2.22,33.92,2023,Bhatagaon,Quarterly,0,0
2023-01-03 08:45:00,81.91,118.46,130.02,7.88,128.86,114.83,2.27,33.95,2023,Bhatagaon,Quarterly,0,0
2023-01-03 09:00:00,73.9,121.28,125.15,17.79,296.78,136.25,2.31,34.49,2023,Bhatagaon,Quarterly,0,0
2023-01-03 09:15:00,73.7,124.8,126.93,19.24,296.78,136.25,2.34,34.54,2023,Bhatagaon,Quarterly,0,0
2023-01-03 09:30:00,69.33,122.05,121.91,13.11,296.78,136.25,2.28,34.79,2023,Bhatagaon,Quarterly,0,0
2023-01-03 09:45:00,66.62,124.88,121.3,16.49,233.38,115.41,2.29,34.9,2023,Bhatagaon,Quarterly,0,0
2023-01-03 10:00:00,63.29,126.92,119.76,9.55,233.38,105.0,2.3,35.67,2023,Bhatagaon,Quarterly,0,0
2023-01-03 10:15:00,57.36,131.76,117.67,8.17,233.38,105.0,2.29,36.39,2023,Bhatagaon,Quarterly,0,0
2023-01-03 10:30:00,50.33,136.42,114.6,6.53,233.38,105.0,2.25,36.25,2023,Bhatagaon,Quarterly,0,0
2023-01-03 10:45:00,35.18,142.03,105.55,7.91,175.4,87.93,2.07,34.56,2023,Bhatagaon,Quarterly,0,0
2023-01-03 11:00:00,12.92,147.64,90.8,7.69,146.41,79.39,1.83,29.25,2023,Bhatagaon,Quarterly,0,0
2023-01-03 11:15:00,2.9,93.42,52.84,13.21,146.41,79.39,1.16,22.79,2023,Bhatagaon,Quarterly,0,0
2023-01-03 11:30:00,1.58,55.97,31.11,24.03,146.41,79.39,0.74,16.48,2023,Bhatagaon,Quarterly,0,0
2023-01-03 11:45:00,2.39,57.9,32.83,18.27,85.08,49.71,0.7,15.5,2023,Bhatagaon,Quarterly,0,0
2023-01-03 12:00:00,2.56,61.14,34.75,8.83,54.42,34.88,0.72,15.61,2023,Bhatagaon,Quarterly,0,0
2023-01-03 12:15:00,2.83,63.14,36.08,11.1,54.42,34.88,0.72,16.09,2023,Bhatagaon,Quarterly,0,0
2023-01-03 12:30:00,2.04,66.08,37.06,8.82,54.42,34.88,0.71,16.69,2023,Bhatagaon,Quarterly,0,0
2023-01-03 12:45:00,3.46,65.67,37.97,10.46,65.5,31.31,0.73,17.38,2023,Bhatagaon,Quarterly,0,0
2023-01-03 13:00:00,2.42,70.94,40.05,8.95,70.76,29.52,0.75,18.39,2023,Bhatagaon,Quarterly,0,0
2023-01-03 13:15:00,1.56,65.08,36.13,14.61,70.76,29.52,0.81,19.63,2023,Bhatagaon,Quarterly,0,0
2023-01-03 13:30:00,1.56,68.84,38.2,13.35,70.76,29.52,0.87,20.56,2023,Bhatagaon,Quarterly,0,0
2023-01-03 13:45:00,2.18,73.67,41.37,8.97,63.52,35.41,0.96,22.47,2023,Bhatagaon,Quarterly,0,0
2023-01-03 14:00:00,1.58,76.79,42.6,7.51,60.07,38.36,0.92,22.54,2023,Bhatagaon,Quarterly,0,0
2023-01-03 14:15:00,1.55,68.24,37.87,8.27,60.07,38.36,0.86,22.4,2023,Bhatagaon,Quarterly,0,0
2023-01-03 14:30:00,1.43,66.46,36.78,8.83,60.07,38.36,0.79,22.32,2023,Bhatagaon,Quarterly,0,0
2023-01-03 14:45:00,1.3,65.96,36.4,6.83,43.26,26.28,0.75,21.86,2023,Bhatagaon,Quarterly,0,0
2023-01-03 15:00:00,1.3,65.74,36.28,6.04,34.85,20.25,0.71,21.95,2023,Bhatagaon,Quarterly,0,0
2023-01-03 15:15:00,1.39,63.23,34.97,7.77,34.85,20.25,0.65,22.5,2023,Bhatagaon,Quarterly,0,0
2023-01-03 15:30:00,1.77,60.2,33.6,7.38,34.85,20.25,0.64,23.05,2023,Bhatagaon,Quarterly,0,0
2023-01-03 15:45:00,2.04,58.06,32.63,8.21,39.78,16.35,0.6,22.66,2023,Bhatagaon,Quarterly,0,0
2023-01-03 16:00:00,1.58,58.12,32.3,3.73,42.13,14.41,0.59,22.16,2023,Bhatagaon,Quarterly,0,0
2023-01-03 16:15:00,1.75,57.27,31.96,8.76,42.13,14.41,0.54,21.98,2023,Bhatagaon,Quarterly,0,0
2023-01-03 16:30:00,3.12,65.56,37.64,8.48,42.13,14.41,0.6,22.2,2023,Bhatagaon,Quarterly,0,0
2023-01-03 16:45:00,2.12,57.96,32.64,8.45,38.2,18.07,0.56,22.72,2023,Bhatagaon,Quarterly,0,0
2023-01-03 17:00:00,1.98,58.2,32.66,8.66,36.23,19.9,0.53,23.51,2023,Bhatagaon,Quarterly,0,0
2023-01-03 17:15:00,2.16,63.96,35.99,7.01,36.23,19.9,0.55,25.12,2023,Bhatagaon,Quarterly,0,0
2023-01-03 17:30:00,1.94,68.83,38.49,7.68,36.23,19.9,0.58,25.63,2023,Bhatagaon,Quarterly,0,0
2023-01-03 17:45:00,18.33,101.49,69.67,7.58,43.0,22.29,1.15,25.28,2023,Bhatagaon,Quarterly,0,0
2023-01-03 18:00:00,45.18,123.3,103.24,7.55,46.39,23.48,1.64,24.84,2023,Bhatagaon,Quarterly,0,0
2023-01-03 18:15:00,46.93,120.31,102.99,7.46,46.39,23.48,1.6,24.72,2023,Bhatagaon,Quarterly,0,0
2023-01-03 18:30:00,33.58,118.86,91.48,6.29,46.39,23.48,1.56,27.59,2023,Bhatagaon,Quarterly,0,0
2023-01-03 18:45:00,38.64,122.54,97.57,9.18,119.8,42.66,2.03,28.34,2023,Bhatagaon,Quarterly,0,0
2023-01-03 19:00:00,35.32,134.55,101.54,23.31,154.7,52.25,2.16,27.94,2023,Bhatagaon,Quarterly,0,0
2023-01-03 19:15:00,34.02,137.7,102.24,22.75,154.7,52.25,1.89,27.55,2023,Bhatagaon,Quarterly,0,0
2023-01-03 19:30:00,48.58,130.99,110.2,15.38,154.7,52.25,2.15,27.05,2023,Bhatagaon,Quarterly,0,0
2023-01-03 19:45:00,78.0,145.87,142.01,15.77,146.53,59.57,2.71,26.24,2023,Bhatagaon,Quarterly,0,0
2023-01-03 20:00:00,73.07,148.32,139.41,9.17,142.45,63.23,2.45,26.92,2023,Bhatagaon,Quarterly,0,0
2023-01-03 20:15:00,84.04,140.54,143.92,11.82,142.45,63.23,3.17,27.92,2023,Bhatagaon,Quarterly,0,0
2023-01-03 20:30:00,92.62,144.8,153.14,12.35,142.45,63.23,3.5,28.54,2023,Bhatagaon,Quarterly,0,0
2023-01-03 20:45:00,83.45,136.17,141.03,8.77,184.35,66.21,2.67,29.86,2023,Bhatagaon,Quarterly,0,0
2023-01-03 21:00:00,94.53,139.32,151.65,6.65,205.3,67.7,2.84,32.58,2023,Bhatagaon,Quarterly,0,0
2023-01-03 21:15:00,86.32,135.45,142.94,4.81,205.3,67.7,2.78,34.5,2023,Bhatagaon,Quarterly,0,0
2023-01-03 21:30:00,84.22,138.28,142.81,4.6,205.3,67.7,2.86,35.59,2023,Bhatagaon,Quarterly,0,0
2023-01-03 21:45:00,85.91,141.8,146.1,5.88,209.21,69.85,3.0,35.47,2023,Bhatagaon,Quarterly,0,0
2023-01-03 22:00:00,82.16,139.67,141.93,5.47,211.07,70.92,2.96,35.73,2023,Bhatagaon,Quarterly,0,0
2023-01-03 22:15:00,78.85,137.31,137.97,5.6,211.07,70.92,2.95,35.75,2023,Bhatagaon,Quarterly,0,0
2023-01-03 22:30:00,71.89,134.79,130.99,10.2,211.07,70.92,2.84,35.1,2023,Bhatagaon,Quarterly,0,0
2023-01-03 22:45:00,64.54,134.8,125.11,18.2,166.84,71.59,2.75,34.16,2023,Bhatagaon,Quarterly,0,0
2023-01-03 23:00:00,63.07,134.82,123.94,8.56,145.81,71.92,2.68,33.54,2023,Bhatagaon,Quarterly,0,0
2023-01-03 23:15:00,53.19,129.66,113.17,10.66,145.81,71.92,2.49,33.11,2023,Bhatagaon,Quarterly,0,0
2023-01-03 23:30:00,47.63,128.78,108.22,20.3,145.81,71.92,2.45,32.76,2023,Bhatagaon,Quarterly,0,0
2023-01-03 23:45:00,42.49,127.24,103.25,31.95,124.42,64.25,2.46,32.37,2023,Bhatagaon,Quarterly,0,0
2023-01-04 00:15:00,7.16,37.71,28.29,2.05,45.74,15.1,0.84,39.11,2023,Bhatagaon,Quarterly,0,0
2023-01-04 00:30:00,7.31,30.15,24.24,1.91,45.74,15.1,0.82,41.02,2023,Bhatagaon,Quarterly,0,0
2023-01-04 00:45:00,6.84,32.59,25.21,1.99,32.82,12.45,0.8,35.7,2023,Bhatagaon,Quarterly,0,0
2023-01-04 01:00:00,6.54,30.71,23.94,1.75,32.53,12.39,0.77,40.34,2023,Bhatagaon,Quarterly,0,0
2023-01-04 01:15:00,6.2,34.4,25.7,1.45,32.53,12.39,0.68,35.77,2023,Bhatagaon,Quarterly,0,0
2023-01-04 01:30:00,5.81,32.5,24.33,1.68,32.53,12.39,0.69,37.35,2023,Bhatagaon,Quarterly,0,0
2023-01-04 01:45:00,5.49,34.21,25.02,1.56,31.95,10.4,0.65,39.47,2023,Bhatagaon,Quarterly,0,0
2023-01-04 02:00:00,5.33,28.87,21.94,1.75,31.94,10.2,0.65,35.0,2023,Bhatagaon,Quarterly,0,0
2023-01-04 02:15:00,5.29,32.99,24.19,1.61,31.94,10.2,0.61,39.8,2023,Bhatagaon,Quarterly,0,0
2023-01-04 02:30:00,5.88,30.96,23.54,1.7,31.94,10.2,0.62,35.11,2023,Bhatagaon,Quarterly,0,0
2023-01-04 02:45:00,6.47,33.03,25.16,1.26,26.35,11.83,0.61,38.01,2023,Bhatagaon,Quarterly,0,0
2023-01-04 03:00:00,6.66,33.94,25.81,2.11,26.22,11.87,0.62,38.94,2023,Bhatagaon,Quarterly,0,0
2023-01-04 03:15:00,7.01,26.38,21.92,1.9,26.22,11.87,0.63,36.41,2023,Bhatagaon,Quarterly,0,0
2023-01-04 03:30:00,7.15,32.41,25.36,1.97,26.22,11.87,0.6,39.81,2023,Bhatagaon,Quarterly,0,0
2023-01-04 03:45:00,7.09,28.71,23.27,1.83,33.0,15.8,0.62,34.54,2023,Bhatagaon,Quarterly,0,0
2023-01-04 04:00:00,7.39,40.01,29.75,1.4,33.15,15.89,0.65,42.94,2023,Bhatagaon,Quarterly,0,0
2023-01-04 04:15:00,7.21,33.65,26.1,1.65,33.15,15.89,0.65,38.61,2023,Bhatagaon,Quarterly,0,0
2023-01-04 04:30:00,6.65,32.51,25.01,2.14,33.15,15.89,0.61,38.9,2023,Bhatagaon,Quarterly,0,0
2023-01-04 04:45:00,5.65,31.65,23.73,1.79,38.39,18.98,0.58,37.39,2023,Bhatagaon,Quarterly,0,0
2023-01-04 05:00:00,4.89,29.67,22.03,1.97,38.51,19.05,0.54,39.94,2023,Bhatagaon,Quarterly,0,0
2023-01-04 05:15:00,4.63,34.03,24.23,1.67,38.51,19.05,0.51,42.08,2023,Bhatagaon,Quarterly,0,0
2023-01-04 05:30:00,4.58,32.69,23.45,1.55,38.51,19.05,0.51,37.85,2023,Bhatagaon,Quarterly,0,0
2023-01-04 05:45:00,4.98,34.31,24.67,1.68,33.01,12.99,0.48,39.62,2023,Bhatagaon,Quarterly,0,0
2023-01-04 06:00:00,5.28,32.26,23.78,1.69,32.88,12.86,0.47,39.85,2023,Bhatagaon,Quarterly,0,0
2023-01-04 06:15:00,5.55,32.42,24.08,1.94,32.88,12.86,0.45,42.93,2023,Bhatagaon,Quarterly,0,0
2023-01-04 06:30:00,5.84,32.82,24.54,1.87,32.88,12.86,0.44,39.96,2023,Bhatagaon,Quarterly,0,0
2023-01-04 06:45:00,6.2,32.53,24.66,1.94,24.15,11.41,0.44,40.57,2023,Bhatagaon,Quarterly,0,0
2023-01-04 07:00:00,6.53,32.2,24.75,1.61,23.95,11.37,0.42,42.07,2023,Bhatagaon,Quarterly,0,0
2023-01-04 07:15:00,6.82,33.29,25.58,1.86,23.95,11.37,0.4,43.16,2023,Bhatagaon,Quarterly,0,0
2023-01-04 07:30:00,7.07,29.55,23.72,1.72,23.95,11.37,0.42,41.52,2023,Bhatagaon,Quarterly,0,0
2023-01-04 07:45:00,7.31,28.49,23.32,1.5,20.99,10.85,0.41,40.18,2023,Bhatagaon,Quarterly,0,0
2023-01-04 08:00:00,7.08,27.8,22.76,1.59,20.92,10.84,0.4,43.71,2023,Bhatagaon,Quarterly,0,0
2023-01-04 08:15:00,6.65,30.83,24.09,2.25,20.92,10.84,0.4,40.28,2023,Bhatagaon,Quarterly,0,0
2023-01-04 08:30:00,6.22,28.27,22.33,2.16,20.92,10.84,0.4,39.65,2023,Bhatagaon,Quarterly,0,0
2023-01-04 08:45:00,5.83,29.18,22.52,2.14,17.5,7.74,0.39,42.87,2023,Bhatagaon,Quarterly,0,0
2023-01-04 09:00:00,5.61,29.78,22.67,2.35,17.42,7.67,0.39,37.5,2023,Bhatagaon,Quarterly,0,0
2023-01-04 09:15:00,5.47,33.87,24.82,2.37,17.42,7.67,0.37,40.61,2023,Bhatagaon,Quarterly,0,0
2023-01-04 09:30:00,5.43,34.58,25.18,2.45,17.42,7.67,0.38,38.28,2023,Bhatagaon,Quarterly,0,0
2023-01-04 09:45:00,5.59,32.58,24.2,2.34,14.35,7.25,0.38,37.68,2023,Bhatagaon,Quarterly,0,0
2023-01-04 10:00:00,5.75,27.89,21.74,2.37,14.28,7.24,0.38,41.51,2023,Bhatagaon,Quarterly,0,0
2023-01-04 10:15:00,5.64,32.89,24.42,2.59,14.28,7.24,0.39,36.4,2023,Bhatagaon,Quarterly,0,0
2023-01-04 10:30:00,4.54,33.28,23.74,2.8,14.28,7.24,0.39,36.78,2023,Bhatagaon,Quarterly,0,0
2023-01-04 10:45:00,4.97,28.9,21.68,2.23,12.61,8.51,0.4,31.51,2023,Bhatagaon,Quarterly,0,0
2023-01-04 11:00:00,3.77,33.67,23.35,1.76,12.57,8.54,0.38,36.22,2023,Bhatagaon,Quarterly,0,0
2023-01-04 11:15:00,3.9566666666666666,32.093333333333334,22.62666666666667,1.6066666666666667,13.71,7.779999999999999,0.38333333333333336,24.14666666666667,2023,Bhatagaon,Quarterly,1,2
2023-01-04 11:30:00,4.1433333333333335,30.51666666666667,21.903333333333332,1.4533333333333334,14.85,7.02,0.38666666666666666,12.073333333333334,2023,Bhatagaon,Quarterly,1,2
2023-01-04 11:45:00,4.33,28.94,21.18,1.3,15.99,6.26,0.39,0.0,2023,Bhatagaon,Quarterly,0,0
2023-01-04 12:00:00,4.72,26.98,20.41,2.72,15.99,6.26,0.39,38.32,2023,Bhatagaon,Quarterly,0,0
2023-01-04 12:15:00,4.26,27.94,20.57,3.31,15.99,6.26,0.37,36.43,2023,Bhatagaon,Quarterly,0,0
2023-01-04 12:30:00,2.98,31.72,21.64,3.16,15.99,6.26,0.34,37.16,2023,Bhatagaon,Quarterly,0,0
2023-01-04 12:45:00,3.04,36.0,24.04,2.77,19.38,7.1,0.35,33.79,2023,Bhatagaon,Quarterly,0,0
2023-01-04 13:00:00,3.41,30.61,21.37,3.16,19.45,7.12,0.35,36.47,2023,Bhatagaon,Quarterly,0,0
2023-01-04 13:15:00,3.27,22.73,16.91,3.53,19.45,7.12,0.33,32.04,2023,Bhatagaon,Quarterly,0,0
2023-01-04 13:30:00,4.27,33.99,23.92,3.42,19.45,7.12,0.38,32.78,2023,Bhatagaon,Quarterly,0,0
2023-01-04 13:45:00,3.74,29.28,20.9,3.68,15.69,6.58,0.39,35.9,2023,Bhatagaon,Quarterly,0,0
2023-01-04 14:00:00,3.45,24.5,18.03,3.23,15.61,6.57,0.39,32.78,2023,Bhatagaon,Quarterly,0,0
2023-01-04 14:15:00,3.65,23.21,17.48,3.82,15.61,6.57,0.44,30.71,2023,Bhatagaon,Quarterly,0,0
2023-01-04 14:30:00,3.6,24.31,18.04,3.8,15.61,6.57,0.46,29.53,2023,Bhatagaon,Quarterly,0,0
2023-01-04 14:45:00,3.45,31.06,21.65,3.45,19.88,6.72,0.51,35.34,2023,Bhatagaon,Quarterly,0,0
2023-01-04 15:00:00,3.49,28.33,20.18,3.09,19.97,6.73,0.54,37.54,2023,Bhatagaon,Quarterly,0,0
2023-01-04 15:15:00,3.41,27.25,19.51,4.02,19.97,6.73,0.58,37.09,2023,Bhatagaon,Quarterly,0,0
2023-01-04 15:30:00,4.81,31.96,23.24,3.99,19.97,6.73,0.63,36.47,2023,Bhatagaon,Quarterly,0,0
2023-01-04 15:45:00,3.84,38.84,26.26,4.45,24.42,10.28,0.68,34.18,2023,Bhatagaon,Quarterly,0,0
2023-01-04 16:00:00,3.14,42.44,27.68,1.48,24.52,10.36,0.71,38.83,2023,Bhatagaon,Quarterly,0,0
2023-01-04 16:15:00,2.93,43.45,28.07,2.58,24.52,10.36,0.74,36.17,2023,Bhatagaon,Quarterly,0,0
2023-01-04 16:30:00,2.74,38.45,25.16,4.34,24.52,10.36,0.74,39.31,2023,Bhatagaon,Quarterly,0,0
2023-01-04 16:45:00,2.83,30.1,20.62,5.12,32.22,10.87,0.71,36.55,2023,Bhatagaon,Quarterly,0,0
2023-01-04 17:00:00,3.12,45.62,29.42,4.13,32.39,10.88,0.72,32.08,2023,Bhatagaon,Quarterly,0,0
2023-01-04 17:15:00,3.92,36.3,24.92,4.37,32.39,10.88,0.72,36.09,2023,Bhatagaon,Quarterly,0,0
2023-01-04 17:30:00,4.02,53.64,34.57,3.39,32.39,10.88,0.71,32.74,2023,Bhatagaon,Quarterly,0,0
2023-01-04 17:45:00,4.09,50.19,32.72,3.2,24.35,10.52,0.65,33.8,2023,Bhatagaon,Quarterly,0,0
2023-01-04 18:00:00,4.48,43.01,29.07,3.38,24.17,10.52,0.62,37.28,2023,Bhatagaon,Quarterly,0,0
2023-01-04 18:15:00,5.75,59.45,39.16,2.39,24.17,10.52,0.68,33.24,2023,Bhatagaon,Quarterly,0,0
2023-01-04 18:30:00,5.65,55.8,37.07,2.3,24.17,10.52,0.66,40.77,2023,Bhatagaon,Quarterly,0,0
2023-01-04 18:45:00,5.67,55.72,37.03,2.57,40.4,11.32,0.65,41.39,2023,Bhatagaon,Quarterly,0,0
2023-01-04 19:00:00,5.53,54.77,36.4,2.77,40.76,11.34,0.65,42.02,2023,Bhatagaon,Quarterly,0,0
2023-01-04 19:15:00,5.7,57.25,37.91,2.56,40.76,11.34,0.62,41.96,2023,Bhatagaon,Quarterly,0,0
2023-01-04 19:30:00,5.99,56.55,37.75,2.56,40.76,11.34,0.66,41.45,2023,Bhatagaon,Quarterly,0,0
2023-01-04 19:45:00,6.5,59.97,40.05,2.57,38.74,12.09,0.68,42.2,2023,Bhatagaon,Quarterly,0,0
2023-01-04 20:00:00,9.65,58.77,41.91,1.63,38.7,12.11,0.73,42.53,2023,Bhatagaon,Quarterly,0,0
2023-01-04 20:15:00,8.1,53.96,38.02,2.28,38.7,12.11,0.71,37.3,2023,Bhatagaon,Quarterly,0,0
2023-01-04 20:30:00,11.06,51.5,39.03,2.2,38.7,12.11,0.83,37.24,2023,Bhatagaon,Quarterly,0,0
2023-01-04 20:45:00,9.61,55.38,40.01,2.29,57.1,13.4,0.7,39.51,2023,Bhatagaon,Quarterly,0,0
2023-01-04 21:00:00,18.63,55.67,47.4,1.83,57.52,13.43,0.96,39.15,2023,Bhatagaon,Quarterly,0,0
2023-01-04 21:15:00,23.39,56.12,51.47,2.41,57.52,13.43,0.99,39.36,2023,Bhatagaon,Quarterly,0,0
2023-01-04 21:30:00,56.18,69.16,84.96,2.63,57.52,13.43,1.25,37.14,2023,Bhatagaon,Quarterly,0,0
2023-01-04 21:45:00,31.11,56.29,57.75,2.52,60.89,14.18,1.1,42.03,2023,Bhatagaon,Quarterly,0,0
2023-01-04 22:00:00,37.52,52.54,60.83,2.25,60.97,14.2,1.06,45.46,2023,Bhatagaon,Quarterly,0,0
2023-01-04 22:15:00,43.28,57.91,68.41,2.46,60.97,14.2,1.11,47.97,2023,Bhatagaon,Quarterly,0,0
2023-01-04 22:30:00,52.62,56.31,75.01,2.4,60.97,14.2,1.26,49.93,2023,Bhatagaon,Quarterly,0,0
2023-01-04 22:45:00,58.37,56.66,79.82,2.31,80.27,21.44,1.37,50.54,2023,Bhatagaon,Quarterly,0,0
2023-01-04 23:00:00,61.95,57.04,82.9,2.32,80.71,21.61,1.42,50.3,2023,Bhatagaon,Quarterly,0,0
2023-01-04 23:15:00,62.64,57.47,83.69,2.61,80.71,21.61,1.43,49.11,2023,Bhatagaon,Quarterly,0,0
2023-01-04 23:30:00,55.7,63.51,81.46,2.44,80.71,21.61,1.38,48.89,2023,Bhatagaon,Quarterly,0,0
2023-01-04 23:45:00,62.58,57.12,83.45,1.87,78.38,22.49,1.42,43.8,2023,Bhatagaon,Quarterly,0,0
2023-01-05 00:15:00,10.27,29.01,24.89,2.23,23.39,9.71,0.74,29.4,2023,Bhatagaon,Quarterly,0,0
2023-01-05 00:30:00,10.49,28.49,24.78,1.98,23.3,9.71,0.74,29.77,2023,Bhatagaon,Quarterly,0,0
2023-01-05 00:45:00,10.16,30.03,25.37,2.05,23.3,9.71,0.74,29.84,2023,Bhatagaon,Quarterly,0,0
2023-01-05 01:00:00,9.51,30.03,24.85,2.15,23.3,9.71,0.73,29.22,2023,Bhatagaon,Quarterly,0,0
2023-01-05 01:15:00,8.67,28.95,23.57,2.26,21.96,7.3,0.69,28.65,2023,Bhatagaon,Quarterly,0,0
2023-01-05 01:30:00,7.97,28.75,22.9,1.89,21.93,7.3,0.71,28.27,2023,Bhatagaon,Quarterly,0,0
2023-01-05 01:45:00,7.47,28.2,22.2,2.01,21.93,7.3,0.71,27.78,2023,Bhatagaon,Quarterly,0,0
2023-01-05 02:00:00,6.96,28.28,21.83,1.9,21.93,7.3,0.71,27.32,2023,Bhatagaon,Quarterly,0,0
2023-01-05 02:15:00,6.52,27.69,21.16,2.28,20.59,7.74,0.71,27.14,2023,Bhatagaon,Quarterly,0,0
2023-01-05 02:30:00,6.18,26.85,20.42,2.01,20.54,7.74,0.69,27.35,2023,Bhatagaon,Quarterly,0,0
2023-01-05 02:45:00,6.22,24.28,19.04,2.02,20.54,7.74,0.68,27.57,2023,Bhatagaon,Quarterly,0,0
2023-01-05 03:00:00,6.41,24.16,19.12,2.36,20.54,7.74,0.67,28.09,2023,Bhatagaon,Quarterly,0,0
2023-01-05 03:15:00,6.53,24.01,19.14,2.11,18.16,8.55,0.66,28.39,2023,Bhatagaon,Quarterly,0,0
2023-01-05 03:30:00,6.61,24.28,19.35,2.12,18.11,8.55,0.67,28.59,2023,Bhatagaon,Quarterly,0,0
2023-01-05 03:45:00,6.56,27.07,20.85,2.31,18.11,8.55,0.67,28.28,2023,Bhatagaon,Quarterly,0,0
2023-01-05 04:00:00,6.22,26.17,20.07,0.93,18.11,8.55,0.66,27.56,2023,Bhatagaon,Quarterly,0,0
2023-01-05 04:15:00,5.79,26.16,19.72,1.72,16.94,7.57,0.66,27.4,2023,Bhatagaon,Quarterly,0,0
2023-01-05 04:30:00,5.38,25.91,19.26,1.8,16.91,7.57,0.66,27.17,2023,Bhatagaon,Quarterly,0,0
2023-01-05 04:45:00,4.91,25.64,18.74,1.84,16.91,7.57,0.64,26.99,2023,Bhatagaon,Quarterly,0,0
2023-01-05 05:00:00,4.4,25.23,18.09,1.57,16.91,7.57,0.63,26.8,2023,Bhatagaon,Quarterly,0,0
2023-01-05 05:15:00,4.09,25.56,18.03,1.49,11.95,7.57,0.61,27.06,2023,Bhatagaon,Quarterly,0,0
2023-01-05 05:30:00,3.87,24.9,17.49,1.35,11.84,7.57,0.58,27.72,2023,Bhatagaon,Quarterly,0,0
2023-01-05 05:45:00,3.62,24.83,17.26,1.68,11.84,7.57,0.55,28.0,2023,Bhatagaon,Quarterly,0,0
2023-01-05 06:00:00,3.34,25.62,17.47,1.68,11.84,7.57,0.52,27.75,2023,Bhatagaon,Quarterly,0,0
2023-01-05 06:15:00,3.11,25.92,17.44,1.65,8.41,5.44,0.5,27.82,2023,Bhatagaon,Quarterly,0,0
2023-01-05 06:30:00,3.08,25.21,17.03,1.69,8.29,5.44,0.49,27.22,2023,Bhatagaon,Quarterly,0,0
2023-01-05 06:45:00,3.24,23.6,16.26,1.74,8.29,5.44,0.47,26.68,2023,Bhatagaon,Quarterly,0,0
2023-01-05 07:00:00,3.21,24.74,16.88,2.09,8.29,5.44,0.47,26.18,2023,Bhatagaon,Quarterly,0,0
2023-01-05 07:15:00,3.2,24.56,16.76,1.85,5.86,4.21,0.43,26.07,2023,Bhatagaon,Quarterly,0,0
2023-01-05 07:30:00,4.05,25.61,18.03,1.82,5.8,4.21,0.45,26.19,2023,Bhatagaon,Quarterly,0,0
2023-01-05 07:45:00,6.17,26.19,20.04,2.05,5.8,4.21,0.49,26.14,2023,Bhatagaon,Quarterly,0,0
2023-01-05 08:00:00,7.97,27.0,21.94,0.36,5.8,4.21,0.51,26.21,2023,Bhatagaon,Quarterly,0,0
2023-01-05 08:15:00,9.2,27.97,23.46,0.59,6.494545454545454,4.2520454545454545,0.52,26.36,2023,Bhatagaon,Quarterly,1,43
2023-01-05 08:30:00,9.37,25.79,22.39,0.52,7.189090909090909,4.294090909090909,0.51,27.5,2023,Bhatagaon,Quarterly,1,43
2023-01-05 08:45:00,9.3,25.7,22.29,0.7,7.883636363636363,4.3361363636363635,0.52,28.47,2023,Bhatagaon,Quarterly,1,43
2023-01-05 09:00:00,9.09,25.25,21.87,0.83,,,0.51,29.42,2023,Bhatagaon,Quarterly,1,43
2023-01-05 09:15:00,8.95,25.11,21.68,1.06,,,0.5,29.76,2023,Bhatagaon,Quarterly,1,43
2023-01-05 09:30:00,8.84,26.99,22.63,1.2,,,0.5,29.79,2023,Bhatagaon,Quarterly,1,43
2023-01-05 09:45:00,8.63,26.62,22.26,1.11,,,0.52,28.89,2023,Bhatagaon,Quarterly,1,43
2023-01-05 10:00:00,8.68,26.97,22.5,0.98,,,0.54,28.41,2023,Bhatagaon,Quarterly,1,43
2023-01-05 10:15:00,8.5,27.33,22.54,0.92,,,0.56,28.25,2023,Bhatagaon,Quarterly,1,43
2023-01-05 10:30:00,7.76,26.45,21.47,0.8,,,0.56,27.95,2023,Bhatagaon,Quarterly,1,43
2023-01-05 10:45:00,6.82,26.87,20.94,0.53,,,0.54,27.88,2023,Bhatagaon,Quarterly,1,43
2023-01-05 11:00:00,5.84,25.59,19.45,0.94,,,0.53,27.94,2023,Bhatagaon,Quarterly,1,43
2023-01-05 11:15:00,5.2,28.06,20.3,0.99,,,0.53,28.92,2023,Bhatagaon,Quarterly,1,43
2023-01-05 11:30:00,4.92,25.08,18.43,0.91,,,0.54,30.21,2023,Bhatagaon,Quarterly,1,43
2023-01-05 11:45:00,4.78,24.04,17.74,0.97,,,0.53,30.31,2023,Bhatagaon,Quarterly,1,43
2023-01-05 12:00:00,4.64,23.31,17.24,0.0,,,0.53,30.57,2023,Bhatagaon,Quarterly,1,43
2023-01-05 12:15:00,4.39,22.76,16.73,0.71,,,0.52,30.51,2023,Bhatagaon,Quarterly,1,43
2023-01-05 12:30:00,4.12,21.99,16.09,1.42,,,0.5,29.89,2023,Bhatagaon,Quarterly,1,43
2023-01-05 12:45:00,3.48,23.77,16.55,1.5,,,0.49,28.72,2023,Bhatagaon,Quarterly,1,43
2023-01-05 13:00:00,2.82,24.19,16.26,1.08,,,0.48,28.04,2023,Bhatagaon,Quarterly,1,43
2023-01-05 13:15:00,2.48,23.43,15.57,1.29,,,0.44,27.88,2023,Bhatagaon,Quarterly,1,43
2023-01-05 13:30:00,2.3,23.7,15.57,0.99,,,0.45,28.44,2023,Bhatagaon,Quarterly,1,43
2023-01-05 13:45:00,2.19,23.09,15.14,0.92,,,0.44,28.29,2023,Bhatagaon,Quarterly,1,43
2023-01-05 14:00:00,2.08,21.43,14.14,1.33,,,0.43,27.62,2023,Bhatagaon,Quarterly,1,43
2023-01-05 14:15:00,2.08,22.67,14.82,1.23,,,0.41,28.56,2023,Bhatagaon,Quarterly,1,43
2023-01-05 14:30:00,2.3,21.96,14.61,1.27,,,0.4,29.68,2023,Bhatagaon,Quarterly,1,43
2023-01-05 14:45:00,2.48,21.66,14.59,1.29,,,0.39,30.58,2023,Bhatagaon,Quarterly,1,43
2023-01-05 15:00:00,2.66,19.87,13.74,1.61,,,0.37,31.3,2023,Bhatagaon,Quarterly,1,43
2023-01-05 15:15:00,2.61,21.25,14.46,1.23,,,0.38,31.39,2023,Bhatagaon,Quarterly,1,43
2023-01-05 15:30:00,2.49,25.1,16.5,1.51,,,0.37,30.7,2023,Bhatagaon,Quarterly,1,43
2023-01-05 15:45:00,2.23,23.68,15.5,1.04,,,0.36,29.79,2023,Bhatagaon,Quarterly,1,43
2023-01-05 16:00:00,2.07,21.95,14.42,1.09,,,0.35,29.06,2023,Bhatagaon,Quarterly,1,43
2023-01-05 16:15:00,2.0,21.7,14.22,2.09,,,0.34,28.92,2023,Bhatagaon,Quarterly,1,43
2023-01-05 16:30:00,1.99,22.53,14.68,1.82,,,0.34,28.91,2023,Bhatagaon,Quarterly,1,43
2023-01-05 16:45:00,2.0,20.79,13.72,1.63,,,0.33,28.94,2023,Bhatagaon,Quarterly,1,43
2023-01-05 17:00:00,2.03,21.47,14.13,1.8,,,0.32,28.48,2023,Bhatagaon,Quarterly,1,43
2023-01-05 17:15:00,2.22,22.21,14.68,2.48,,,0.31,29.67,2023,Bhatagaon,Quarterly,1,43
2023-01-05 17:30:00,2.47,23.36,15.52,2.28,,,0.31,30.53,2023,Bhatagaon,Quarterly,1,43
2023-01-05 17:45:00,2.65,21.73,14.76,1.72,,,0.31,30.74,2023,Bhatagaon,Quarterly,1,43
2023-01-05 18:00:00,3.04,22.42,15.46,2.21,,,0.31,31.49,2023,Bhatagaon,Quarterly,1,43
2023-01-05 18:15:00,3.02,21.59,14.98,2.06,,,0.3,31.27,2023,Bhatagaon,Quarterly,1,43
2023-01-05 18:30:00,3.21,23.7,16.3,1.75,,,0.31,30.39,2023,Bhatagaon,Quarterly,1,43
2023-01-05 18:45:00,3.18,23.8,16.33,1.67,,,0.31,29.73,2023,Bhatagaon,Quarterly,1,43
2023-01-05 19:00:00,3.17,24.9,16.93,2.06,36.36,6.06,0.33,29.72,2023,Bhatagaon,Quarterly,0,0
2023-01-05 19:15:00,3.3,24.75,16.95,1.85,36.36,6.06,0.33,29.46,2023,Bhatagaon,Quarterly,0,0
2023-01-05 19:30:00,3.58,25.83,17.78,2.0,36.36,6.06,0.37,29.45,2023,Bhatagaon,Quarterly,0,0
2023-01-05 19:45:00,3.89,25.35,17.75,2.29,36.38,6.04,0.39,29.29,2023,Bhatagaon,Quarterly,0,0
2023-01-05 20:00:00,8.23,32.09,24.96,1.11,36.59,5.82,0.51,29.52,2023,Bhatagaon,Quarterly,0,0
2023-01-05 20:15:00,11.92,34.52,29.26,1.56,36.59,5.82,0.61,29.19,2023,Bhatagaon,Quarterly,0,0
2023-01-05 20:30:00,5.54,27.33,20.17,1.55,36.59,5.82,0.47,30.83,2023,Bhatagaon,Quarterly,0,0
2023-01-05 20:45:00,6.0,27.79,20.8,1.66,36.97,6.12,0.48,31.58,2023,Bhatagaon,Quarterly,0,0
2023-01-05 21:00:00,8.01,32.27,24.88,1.55,40.87,9.59,0.51,31.74,2023,Bhatagaon,Quarterly,0,0
2023-01-05 21:15:00,7.12,26.27,20.86,2.17,40.87,9.59,0.5,32.06,2023,Bhatagaon,Quarterly,0,0
2023-01-05 21:30:00,7.57,24.14,20.04,1.88,40.87,9.59,0.51,31.31,2023,Bhatagaon,Quarterly,0,0
2023-01-05 21:45:00,8.18,23.33,20.08,1.77,40.46,9.4,0.53,30.06,2023,Bhatagaon,Quarterly,0,0
2023-01-05 22:00:00,7.02,24.78,19.95,1.63,35.53,7.15,0.5,29.88,2023,Bhatagaon,Quarterly,0,0
2023-01-05 22:15:00,5.8,24.39,18.76,1.67,35.53,7.15,0.47,29.75,2023,Bhatagaon,Quarterly,0,0
2023-01-05 22:30:00,4.92,24.04,17.86,1.84,35.53,7.15,0.45,29.71,2023,Bhatagaon,Quarterly,0,0
2023-01-05 22:45:00,4.37,23.63,17.19,1.55,34.55,7.08,0.45,29.64,2023,Bhatagaon,Quarterly,0,0
2023-01-05 23:00:00,4.07,23.71,16.99,1.47,24.49,6.29,0.43,29.48,2023,Bhatagaon,Quarterly,0,0
2023-01-05 23:15:00,4.01,23.63,16.9,1.61,24.49,6.29,0.42,29.61,2023,Bhatagaon,Quarterly,0,0
2023-01-05 23:30:00,4.09,24.39,17.39,1.75,24.49,6.29,0.41,29.64,2023,Bhatagaon,Quarterly,0,0
2023-01-05 23:45:00,3.9,24.38,17.22,1.39,24.08,6.15,0.4,29.53,2023,Bhatagaon,Quarterly,0,0
2023-01-06 00:15:00,48.02,88.53,88.01,6.64,113.94,49.03,1.95,27.09,2023,Bhatagaon,Quarterly,0,0
2023-01-06 00:30:00,39.53,85.84,79.72,6.69,113.94,49.03,1.97,27.34,2023,Bhatagaon,Quarterly,0,0
2023-01-06 00:45:00,42.44,82.27,80.09,6.35,123.58,50.99,1.98,27.46,2023,Bhatagaon,Quarterly,0,0
2023-01-06 01:00:00,28.45,67.45,60.68,5.79,200.68,63.61,1.99,28.99,2023,Bhatagaon,Quarterly,0,0
2023-01-06 01:15:00,28.28,57.84,55.24,4.59,200.68,63.61,1.79,30.43,2023,Bhatagaon,Quarterly,0,0
2023-01-06 01:30:00,25.43,60.24,54.28,3.85,200.68,63.61,1.88,30.74,2023,Bhatagaon,Quarterly,0,0
2023-01-06 01:45:00,19.84,58.56,48.88,4.48,195.53,63.09,1.78,30.75,2023,Bhatagaon,Quarterly,0,0
2023-01-06 02:00:00,17.17,52.97,43.65,6.4,149.21,59.8,1.68,30.62,2023,Bhatagaon,Quarterly,0,0
2023-01-06 02:15:00,15.63,47.1,39.18,6.53,149.21,59.8,1.56,30.01,2023,Bhatagaon,Quarterly,0,0
2023-01-06 02:30:00,15.81,47.08,39.3,4.88,149.21,59.8,1.43,29.18,2023,Bhatagaon,Quarterly,0,0
2023-01-06 02:45:00,11.52,44.79,34.6,8.43,142.24,59.25,1.31,28.71,2023,Bhatagaon,Quarterly,0,0
2023-01-06 03:00:00,4.04,37.58,24.63,43.53,79.43,55.72,1.25,29.94,2023,Bhatagaon,Quarterly,0,0
2023-01-06 03:15:00,7.69,43.67,30.91,64.39,79.43,55.72,1.22,29.1,2023,Bhatagaon,Quarterly,0,0
2023-01-06 03:30:00,8.88,51.85,36.38,98.14,79.43,55.72,1.19,28.24,2023,Bhatagaon,Quarterly,0,0
2023-01-06 03:45:00,5.87,55.8,36.15,105.95,84.14,55.94,1.18,28.6,2023,Bhatagaon,Quarterly,0,0
2023-01-06 04:00:00,8.46,51.84,36.04,28.42,126.55,57.39,1.17,29.02,2023,Bhatagaon,Quarterly,0,0
2023-01-06 04:15:00,11.91,44.85,34.95,18.39,126.55,57.39,1.16,28.9,2023,Bhatagaon,Quarterly,0,0
2023-01-06 04:30:00,13.23,45.23,36.21,13.75,126.55,57.39,1.15,28.92,2023,Bhatagaon,Quarterly,0,0
2023-01-06 04:45:00,13.27,45.69,36.5,12.38,130.08,57.81,1.16,28.88,2023,Bhatagaon,Quarterly,0,0
2023-01-06 05:00:00,13.81,45.94,37.08,10.86,158.27,60.46,1.17,28.6,2023,Bhatagaon,Quarterly,0,0
2023-01-06 05:15:00,16.25,45.28,38.67,9.06,158.27,60.46,1.2,27.78,2023,Bhatagaon,Quarterly,0,0
2023-01-06 05:30:00,15.0,44.8,37.4,7.44,158.27,60.46,1.2,27.9,2023,Bhatagaon,Quarterly,0,0
2023-01-06 05:45:00,19.94,51.58,45.1,12.37,158.5,60.97,1.15,28.14,2023,Bhatagaon,Quarterly,0,0
2023-01-06 06:00:00,18.46,54.67,45.62,37.0,160.29,64.27,1.12,27.85,2023,Bhatagaon,Quarterly,0,0
2023-01-06 06:15:00,33.14,54.4,57.24,34.17,160.29,64.27,1.11,24.52,2023,Bhatagaon,Quarterly,0,0
2023-01-06 06:30:00,18.46,55.41,46.03,65.73,160.29,64.27,1.11,27.86,2023,Bhatagaon,Quarterly,0,0
2023-01-06 06:45:00,29.35,63.74,59.36,91.37,158.01,64.97,1.12,26.13,2023,Bhatagaon,Quarterly,0,0
2023-01-06 07:00:00,27.25,47.32,48.62,31.72,139.7,69.48,1.19,27.97,2023,Bhatagaon,Quarterly,0,0
2023-01-06 07:15:00,21.32,46.52,43.41,21.77,139.7,69.48,1.32,27.33,2023,Bhatagaon,Quarterly,0,0
2023-01-06 07:30:00,19.71,51.56,44.91,17.98,139.7,69.48,1.47,29.51,2023,Bhatagaon,Quarterly,0,0
2023-01-06 07:45:00,19.05,57.66,47.75,29.81,142.0,69.52,1.52,29.85,2023,Bhatagaon,Quarterly,0,0
2023-01-06 08:00:00,17.04,58.46,46.57,23.35,162.68,69.82,1.5,29.62,2023,Bhatagaon,Quarterly,0,0
2023-01-06 08:15:00,15.37,59.32,45.71,17.53,162.68,69.82,1.47,29.25,2023,Bhatagaon,Quarterly,0,0
2023-01-06 08:30:00,10.56,60.45,42.48,11.35,162.68,69.82,1.41,28.75,2023,Bhatagaon,Quarterly,0,0
2023-01-06 08:45:00,7.24,52.64,35.5,16.74,157.17,69.4,1.33,29.12,2023,Bhatagaon,Quarterly,0,0
2023-01-06 09:00:00,7.38,53.25,35.95,28.65,113.12,66.63,1.29,29.2,2023,Bhatagaon,Quarterly,0,0
2023-01-06 09:15:00,7.23,52.08,35.19,22.63,113.12,66.63,1.26,27.89,2023,Bhatagaon,Quarterly,0,0
2023-01-06 09:30:00,6.84,50.24,33.86,20.7,113.12,66.63,1.21,27.94,2023,Bhatagaon,Quarterly,0,0
2023-01-06 09:45:00,3.47,49.21,30.59,16.78,111.53,65.44,1.17,27.19,2023,Bhatagaon,Quarterly,0,0
2023-01-06 10:00:00,3.06,51.58,31.57,11.92,98.78,57.79,1.13,27.43,2023,Bhatagaon,Quarterly,0,0
2023-01-06 10:15:00,2.66,51.44,31.17,10.69,98.78,57.79,1.08,27.37,2023,Bhatagaon,Quarterly,0,0
2023-01-06 10:30:00,2.54,49.63,30.07,9.43,98.78,57.79,1.03,26.93,2023,Bhatagaon,Quarterly,0,0
2023-01-06 10:45:00,2.97,50.7,31.01,7.14,97.16,57.15,0.99,26.34,2023,Bhatagaon,Quarterly,0,0
2023-01-06 11:00:00,2.04,47.95,28.74,5.5,82.55,53.06,0.93,25.96,2023,Bhatagaon,Quarterly,0,0
2023-01-06 11:15:00,1.73,43.68,26.14,5.61,82.55,53.06,0.87,24.98,2023,Bhatagaon,Quarterly,0,0
2023-01-06 11:30:00,1.45,43.13,25.61,5.21,82.55,53.06,0.83,24.54,2023,Bhatagaon,Quarterly,0,0
2023-01-06 11:45:00,4.25,41.15,26.76,6.48,82.32,52.87,0.8,24.85,2023,Bhatagaon,Quarterly,0,0
2023-01-06 12:00:00,2.45,33.85,21.29,5.8,80.29,51.58,0.79,25.27,2023,Bhatagaon,Quarterly,0,0
2023-01-06 12:15:00,9.44,38.64,29.54,6.78,80.29,51.58,0.76,24.18,2023,Bhatagaon,Quarterly,0,0
2023-01-06 12:30:00,6.0,36.51,25.61,8.25,80.29,51.58,0.75,24.35,2023,Bhatagaon,Quarterly,0,0
2023-01-06 12:45:00,5.46,38.32,26.17,7.15,81.21,51.28,0.73,24.27,2023,Bhatagaon,Quarterly,0,0
2023-01-06 13:00:00,2.93,39.46,24.77,3.66,89.49,49.35,0.69,24.52,2023,Bhatagaon,Quarterly,0,0
2023-01-06 13:15:00,2.19,40.08,24.53,3.72,89.49,49.35,0.63,24.04,2023,Bhatagaon,Quarterly,0,0
2023-01-06 13:30:00,1.75,39.55,23.88,3.63,89.49,49.35,0.63,23.96,2023,Bhatagaon,Quarterly,0,0
2023-01-06 13:45:00,1.14,38.62,22.87,2.41,87.92,48.46,0.6,23.96,2023,Bhatagaon,Quarterly,0,0
2023-01-06 14:00:00,1.1,37.62,22.29,2.65,73.78,42.71,0.57,23.62,2023,Bhatagaon,Quarterly,0,0
2023-01-06 14:15:00,1.11,32.83,19.65,4.26,73.78,42.71,0.54,23.74,2023,Bhatagaon,Quarterly,0,0
2023-01-06 14:30:00,1.01,34.11,20.28,2.57,73.78,42.71,0.52,23.77,2023,Bhatagaon,Quarterly,0,0
2023-01-06 14:45:00,4.13,29.62,20.3,2.97,71.66,42.04,0.5,24.01,2023,Bhatagaon,Quarterly,0,0
2023-01-06 15:00:00,4.02,26.27,18.37,4.33,54.73,37.69,0.48,23.42,2023,Bhatagaon,Quarterly,0,0
2023-01-06 15:15:00,3.93,32.21,21.57,3.82,54.73,37.69,0.47,22.98,2023,Bhatagaon,Quarterly,0,0
2023-01-06 15:30:00,5.71,32.95,23.41,3.76,54.73,37.69,0.46,22.5,2023,Bhatagaon,Quarterly,0,0
2023-01-06 15:45:00,3.5,28.38,19.11,3.28,53.91,37.13,0.45,22.63,2023,Bhatagaon,Quarterly,0,0
2023-01-06 16:00:00,1.44,29.04,17.83,2.17,47.35,33.57,0.4,23.54,2023,Bhatagaon,Quarterly,0,0
2023-01-06 16:15:00,2.8,34.38,21.87,3.16,47.35,33.57,0.39,23.21,2023,Bhatagaon,Quarterly,0,0
2023-01-06 16:30:00,1.09,31.01,18.63,2.83,47.35,33.57,0.37,23.27,2023,Bhatagaon,Quarterly,0,0
2023-01-06 16:45:00,1.26,34.12,20.49,2.26,46.42,33.46,0.36,22.8,2023,Bhatagaon,Quarterly,0,0
2023-01-06 17:00:00,1.09,34.7,20.67,1.77,39.03,32.77,0.35,22.4,2023,Bhatagaon,Quarterly,0,0
2023-01-06 17:15:00,3.88,38.32,24.91,2.34,39.03,32.77,0.37,21.28,2023,Bhatagaon,Quarterly,0,0
2023-01-06 17:30:00,6.92,41.34,29.01,3.47,39.03,32.77,0.4,21.41,2023,Bhatagaon,Quarterly,0,0
2023-01-06 17:45:00,10.93,47.37,35.56,2.89,40.0,32.33,0.41,20.66,2023,Bhatagaon,Quarterly,0,0
2023-01-06 18:00:00,6.38,39.91,27.78,2.15,47.76,29.47,0.42,21.98,2023,Bhatagaon,Quarterly,0,0
2023-01-06 18:15:00,10.06,42.81,32.34,2.67,47.76,29.47,0.43,21.54,2023,Bhatagaon,Quarterly,0,0
2023-01-06 18:30:00,13.32,59.16,43.97,3.93,47.76,29.47,0.46,19.72,2023,Bhatagaon,Quarterly,0,0
2023-01-06 18:45:00,11.46,54.9,40.14,4.32,48.57,29.24,0.55,18.8,2023,Bhatagaon,Quarterly,0,0
2023-01-06 19:00:00,9.79,53.9,38.25,3.43,55.0,27.57,0.64,20.43,2023,Bhatagaon,Quarterly,0,0
2023-01-06 19:15:00,27.91,79.98,67.17,4.58,55.0,27.57,0.76,17.38,2023,Bhatagaon,Quarterly,0,0
2023-01-06 19:30:00,29.79,83.49,70.61,4.93,55.0,27.57,0.98,17.5,2023,Bhatagaon,Quarterly,0,0
2023-01-06 19:45:00,32.17,81.55,71.45,4.22,58.36,28.29,1.13,19.36,2023,Bhatagaon,Quarterly,0,0
2023-01-06 20:00:00,37.33,85.58,77.81,2.81,85.24,32.9,1.32,18.31,2023,Bhatagaon,Quarterly,0,0
2023-01-06 20:15:00,60.19,90.04,98.6,6.04,85.24,32.9,1.46,17.66,2023,Bhatagaon,Quarterly,0,0
2023-01-06 20:30:00,97.86,109.36,139.48,10.39,85.24,32.9,1.6,14.32,2023,Bhatagaon,Quarterly,0,0
2023-01-06 20:45:00,59.87,105.31,106.77,11.02,86.78,33.84,1.65,18.4,2023,Bhatagaon,Quarterly,0,0
2023-01-06 21:00:00,179.18,113.2,206.8,10.13,99.04,39.89,1.7,7.82,2023,Bhatagaon,Quarterly,0,0
2023-01-06 21:15:00,148.03,108.53,179.25,8.98,99.04,39.89,1.83,12.52,2023,Bhatagaon,Quarterly,0,0
2023-01-06 21:30:00,78.02,85.04,110.14,7.5,99.04,39.89,1.93,21.75,2023,Bhatagaon,Quarterly,0,0
2023-01-06 21:45:00,63.06,80.46,95.62,5.45,107.88,41.38,2.03,26.6,2023,Bhatagaon,Quarterly,0,0
2023-01-06 22:00:00,107.16,80.6,131.06,5.08,178.57,50.97,2.23,22.21,2023,Bhatagaon,Quarterly,0,0
2023-01-06 22:15:00,64.67,75.37,94.1,5.26,178.57,50.97,2.47,30.54,2023,Bhatagaon,Quarterly,0,0
2023-01-06 22:30:00,58.72,77.2,90.34,9.14,178.57,50.97,2.48,30.36,2023,Bhatagaon,Quarterly,0,0
2023-01-06 22:45:00,68.55,76.76,97.99,13.93,178.61,53.0,2.45,29.35,2023,Bhatagaon,Quarterly,0,0
2023-01-06 23:00:00,59.57,73.73,89.1,21.4,178.97,66.05,2.44,27.71,2023,Bhatagaon,Quarterly,0,0
2023-01-06 23:15:00,62.02,75.48,92.03,31.66,178.97,66.05,2.42,28.72,2023,Bhatagaon,Quarterly,0,0
2023-01-06 23:30:00,48.96,76.71,82.25,43.83,178.97,66.05,2.41,30.6,2023,Bhatagaon,Quarterly,0,0
2023-01-06 23:45:00,34.09,66.67,64.77,35.88,177.07,66.86,2.35,31.04,2023,Bhatagaon,Quarterly,0,0
2023-01-07 00:15:00,9.64,17.28,17.92,2.08,174.22938775510204,65.79816326530612,0.84,20.72,2023,Bhatagaon,Quarterly,1,95
2023-01-07 00:30:00,9.34,15.43,16.66,1.78,172.80908163265306,65.26724489795919,0.84,21.05,2023,Bhatagaon,Quarterly,1,95
2023-01-07 00:45:00,9.33,15.02,16.42,2.01,171.38877551020408,64.73632653061225,0.83,21.95,2023,Bhatagaon,Quarterly,1,95
2023-01-07 01:00:00,10.52,14.06,16.85,2.45,,,0.82,22.54,2023,Bhatagaon,Quarterly,1,95
2023-01-07 01:15:00,10.57,12.37,15.95,2.07,,,0.76,21.97,2023,Bhatagaon,Quarterly,1,95
2023-01-07 01:30:00,11.5,12.42,16.73,2.28,,,0.79,21.52,2023,Bhatagaon,Quarterly,1,95
2023-01-07 01:45:00,10.63,13.93,16.86,2.14,,,0.75,21.02,2023,Bhatagaon,Quarterly,1,95
2023-01-07 02:00:00,9.55,12.52,15.22,2.06,,,0.74,17.35,2023,Bhatagaon,Quarterly,1,95
2023-01-07 02:15:00,9.2,12.87,15.13,2.37,,,0.7,17.82,2023,Bhatagaon,Quarterly,1,95
2023-01-07 02:30:00,8.45,14.14,15.22,2.48,,,0.68,18.24,2023,Bhatagaon,Quarterly,1,95
2023-01-07 02:45:00,8.03,12.37,13.92,2.22,,,0.67,15.22,2023,Bhatagaon,Quarterly,1,95
2023-01-07 03:00:00,8.17,12.18,13.92,2.02,,,0.66,16.51,2023,Bhatagaon,Quarterly,1,95
2023-01-07 03:15:00,7.14,12.6,13.33,2.13,,,0.65,18.18,2023,Bhatagaon,Quarterly,1,95
2023-01-07 03:30:00,7.95,10.97,13.08,2.49,,,0.65,18.64,2023,Bhatagaon,Quarterly,1,95
2023-01-07 03:45:00,7.81,12.47,13.79,2.55,,,0.62,20.65,2023,Bhatagaon,Quarterly,1,95
2023-01-07 04:00:00,8.75,10.94,13.7,2.08,,,0.64,20.51,2023,Bhatagaon,Quarterly,1,95
2023-01-07 04:15:00,9.68,12.46,15.28,2.56,,,0.61,22.12,2023,Bhatagaon,Quarterly,1,95
2023-01-07 04:30:00,9.47,14.3,16.13,2.19,,,0.6,19.96,2023,Bhatagaon,Quarterly,1,95
2023-01-07 04:45:00,9.22,12.39,14.87,2.4,,,0.61,17.5,2023,Bhatagaon,Quarterly,1,95
2023-01-07 05:00:00,8.98,13.33,15.21,2.55,,,0.59,18.81,2023,Bhatagaon,Quarterly,1,95
2023-01-07 05:15:00,8.95,13.8,15.44,2.52,,,0.58,17.23,2023,Bhatagaon,Quarterly,1,95
2023-01-07 05:30:00,9.69,12.43,15.28,2.51,,,0.58,17.07,2023,Bhatagaon,Quarterly,1,95
2023-01-07 05:45:00,9.48,14.54,16.27,2.75,,,0.59,17.95,2023,Bhatagaon,Quarterly,1,95
2023-01-07 06:00:00,9.7,15.81,17.15,2.1,,,0.56,16.93,2023,Bhatagaon,Quarterly,1,95
2023-01-07 06:15:00,12.81,18.82,21.3,2.05,,,0.57,19.02,2023,Bhatagaon,Quarterly,1,95
2023-01-07 06:30:00,11.29,15.93,18.49,2.11,,,0.57,20.54,2023,Bhatagaon,Quarterly,1,95
2023-01-07 06:45:00,11.46,14.65,17.92,2.31,,,0.57,21.54,2023,Bhatagaon,Quarterly,1,95
2023-01-07 07:00:00,11.28,12.85,16.78,2.09,,,0.58,21.29,2023,Bhatagaon,Quarterly,1,95
2023-01-07 07:15:00,11.64,12.11,16.66,2.3,,,0.56,21.11,2023,Bhatagaon,Quarterly,1,95
2023-01-07 07:30:00,11.15,14.82,17.77,2.44,,,0.59,21.19,2023,Bhatagaon,Quarterly,1,95
2023-01-07 07:45:00,10.23,15.08,17.17,1.9,,,0.6,17.33,2023,Bhatagaon,Quarterly,1,95
2023-01-07 08:00:00,9.13,15.1,16.3,1.86,,,0.62,16.02,2023,Bhatagaon,Quarterly,1,95
2023-01-07 08:15:00,8.22,17.2,16.73,2.12,,,0.64,15.42,2023,Bhatagaon,Quarterly,1,95
2023-01-07 08:30:00,7.05,16.66,15.49,1.88,,,0.61,11.17,2023,Bhatagaon,Quarterly,1,95
2023-01-07 08:45:00,6.59,16.28,14.92,2.04,,,0.63,10.94,2023,Bhatagaon,Quarterly,1,95
2023-01-07 09:00:00,6.54,18.48,16.09,2.03,,,0.63,12.22,2023,Bhatagaon,Quarterly,1,95
2023-01-07 09:15:00,6.31,16.1,14.59,1.95,,,0.64,9.36,2023,Bhatagaon,Quarterly,1,95
2023-01-07 09:30:00,5.9,16.86,14.68,1.91,,,0.63,10.27,2023,Bhatagaon,Quarterly,1,95
2023-01-07 09:45:00,5.64,15.9,13.94,2.28,,,0.64,8.38,2023,Bhatagaon,Quarterly,1,95
2023-01-07 10:00:00,5.64,16.54,14.3,2.3,,,0.67,9.38,2023,Bhatagaon,Quarterly,1,95
2023-01-07 10:15:00,5.53,18.81,15.47,1.91,,,0.67,9.25,2023,Bhatagaon,Quarterly,1,95
2023-01-07 10:30:00,5.33,18.29,15.01,1.99,,,0.71,5.76,2023,Bhatagaon,Quarterly,1,95
2023-01-07 10:45:00,5.14,21.31,16.53,1.56,,,0.78,3.78,2023,Bhatagaon,Quarterly,1,95
2023-01-07 11:00:00,4.78,20.1,15.57,1.25,,,0.72,2.48,2023,Bhatagaon,Quarterly,1,95
2023-01-07 11:15:00,5.03,18.74,15.02,1.71,,,0.71,4.22,2023,Bhatagaon,Quarterly,1,95
2023-01-07 11:30:00,5.62,18.08,15.13,1.86,,,0.7,6.02,2023,Bhatagaon,Quarterly,1,95
2023-01-07 11:45:00,5.64,16.71,14.39,1.66,,,0.68,4.93,2023,Bhatagaon,Quarterly,1,95
2023-01-07 12:00:00,5.72,16.45,14.31,1.08,,,0.67,6.03,2023,Bhatagaon,Quarterly,1,95
2023-01-07 12:15:00,5.5,14.33,12.96,1.47,,,0.66,4.83,2023,Bhatagaon,Quarterly,1,95
2023-01-07 12:30:00,5.41,15.74,13.67,1.78,,,0.62,6.79,2023,Bhatagaon,Quarterly,1,95
2023-01-07 12:45:00,5.21,13.87,12.48,1.11,,,0.6,4.88,2023,Bhatagaon,Quarterly,1,95
2023-01-07 13:00:00,5.28,13.51,12.33,1.34,,,0.63,5.15,2023,Bhatagaon,Quarterly,1,95
2023-01-07 13:15:00,5.19,14.03,12.55,1.16,,,0.54,4.93,2023,Bhatagaon,Quarterly,1,95
2023-01-07 13:30:00,5.21,14.08,12.59,1.17,,,0.64,3.09,2023,Bhatagaon,Quarterly,1,95
2023-01-07 13:45:00,5.54,14.11,12.88,0.08,,,0.67,2.0,2023,Bhatagaon,Quarterly,1,95
2023-01-07 14:00:00,5.65,14.66,13.27,1.27,,,0.62,1.71,2023,Bhatagaon,Quarterly,1,95
2023-01-07 14:15:00,6.18,16.83,14.89,1.41,,,0.63,5.25,2023,Bhatagaon,Quarterly,1,95
2023-01-07 14:30:00,5.97,18.62,15.71,1.66,,,0.62,6.95,2023,Bhatagaon,Quarterly,1,95
2023-01-07 14:45:00,5.57,19.72,16.0,1.63,,,0.6,6.98,2023,Bhatagaon,Quarterly,1,95
2023-01-07 15:00:00,5.75,19.8,16.19,1.48,,,0.59,6.45,2023,Bhatagaon,Quarterly,1,95
2023-01-07 15:15:00,5.71,16.61,14.39,1.03,,,0.6,4.98,2023,Bhatagaon,Quarterly,1,95
2023-01-07 15:30:00,5.57,17.14,14.57,1.57,,,0.59,6.74,2023,Bhatagaon,Quarterly,1,95
2023-01-07 15:45:00,5.49,15.54,13.62,1.62,,,0.57,4.42,2023,Bhatagaon,Quarterly,1,95
2023-01-07 16:00:00,5.49,15.78,13.76,2.24,,,0.6,4.71,2023,Bhatagaon,Quarterly,1,95
2023-01-07 16:15:00,5.44,17.17,14.48,2.36,,,0.6,6.95,2023,Bhatagaon,Quarterly,1,95
2023-01-07 16:30:00,5.6,15.9,13.91,2.13,,,0.63,4.86,2023,Bhatagaon,Quarterly,1,95
2023-01-07 16:45:00,5.48,16.08,13.91,2.07,,,0.62,3.0,2023,Bhatagaon,Quarterly,1,95
2023-01-07 17:00:00,5.23,16.4,13.89,2.44,,,0.63,2.47,2023,Bhatagaon,Quarterly,1,95
2023-01-07 17:15:00,5.27,17.21,14.37,2.38,,,0.62,5.72,2023,Bhatagaon,Quarterly,1,95
2023-01-07 17:30:00,5.52,17.04,14.48,2.25,,,0.61,6.44,2023,Bhatagaon,Quarterly,1,95
2023-01-07 17:45:00,7.28,25.48,20.55,2.61,,,0.65,7.11,2023,Bhatagaon,Quarterly,1,95
2023-01-07 18:00:00,5.57,25.37,19.11,2.6,,,0.68,6.32,2023,Bhatagaon,Quarterly,1,95
2023-01-07 18:15:00,5.6,23.38,18.04,2.6,,,0.69,7.25,2023,Bhatagaon,Quarterly,1,95
2023-01-07 18:30:00,5.49,20.67,16.46,2.33,,,0.7,5.49,2023,Bhatagaon,Quarterly,1,95
2023-01-07 18:45:00,5.8,19.98,16.32,2.36,,,0.72,6.38,2023,Bhatagaon,Quarterly,1,95
2023-01-07 19:00:00,5.69,20.1,16.3,2.69,,,0.75,8.1,2023,Bhatagaon,Quarterly,1,95
2023-01-07 19:15:00,5.81,21.14,16.98,2.63,,,0.71,7.66,2023,Bhatagaon,Quarterly,1,95
2023-01-07 19:30:00,6.64,21.38,17.77,2.13,,,0.78,4.46,2023,Bhatagaon,Quarterly,1,95
2023-01-07 19:45:00,7.05,19.05,16.81,2.46,,,0.85,4.28,2023,Bhatagaon,Quarterly,1,95
2023-01-07 20:00:00,7.27,18.71,16.8,1.97,,,0.87,7.6,2023,Bhatagaon,Quarterly,1,95
2023-01-07 20:15:00,11.58,24.93,23.69,2.41,,,0.92,7.89,2023,Bhatagaon,Quarterly,1,95
2023-01-07 20:30:00,13.31,20.01,22.36,2.25,,,0.96,6.1,2023,Bhatagaon,Quarterly,1,95
2023-01-07 20:45:00,17.4,25.78,28.83,2.3,,,0.99,7.42,2023,Bhatagaon,Quarterly,1,95
2023-01-07 21:00:00,12.77,25.08,24.73,2.33,,,0.99,8.31,2023,Bhatagaon,Quarterly,1,95
2023-01-07 21:15:00,10.51,27.68,24.35,2.22,,,0.97,9.31,2023,Bhatagaon,Quarterly,1,95
2023-01-07 21:30:00,9.67,22.29,20.7,2.42,,,0.99,10.43,2023,Bhatagaon,Quarterly,1,95
2023-01-07 21:45:00,10.07,18.97,19.19,2.58,,,0.98,11.46,2023,Bhatagaon,Quarterly,1,95
2023-01-07 22:00:00,10.93,16.76,18.66,2.1,,,1.0,13.67,2023,Bhatagaon,Quarterly,1,95
2023-01-07 22:15:00,9.86,18.33,18.67,2.88,,,0.95,13.93,2023,Bhatagaon,Quarterly,1,95
2023-01-07 22:30:00,9.3,17.21,17.6,2.31,,,0.94,10.51,2023,Bhatagaon,Quarterly,1,95
2023-01-07 22:45:00,9.95,15.7,17.29,2.65,,,0.93,10.97,2023,Bhatagaon,Quarterly,1,95
2023-01-07 23:00:00,9.95,16.56,17.77,2.52,,,0.9,14.04,2023,Bhatagaon,Quarterly,1,95
2023-01-07 23:15:00,9.14,17.51,17.64,2.72,,,0.87,12.36,2023,Bhatagaon,Quarterly,1,95
2023-01-07 23:30:00,8.85,15.03,16.04,1.91,,,0.87,10.24,2023,Bhatagaon,Quarterly,1,95
2023-01-07 23:45:00,7.53,16.81,15.96,2.28,,,0.85,12.19,2023,Bhatagaon,Quarterly,1,95
2023-01-08 00:15:00,7.61,22.02,18.9,1.14,37.88,14.83,0.56,15.83,2023,Bhatagaon,Quarterly,0,0
2023-01-08 00:30:00,7.02,21.09,17.91,1.31,37.88,14.83,0.56,16.3,2023,Bhatagaon,Quarterly,0,0
2023-01-08 00:45:00,7.08,21.26,18.05,1.2,37.88,14.83,0.53,16.66,2023,Bhatagaon,Quarterly,0,0
2023-01-08 01:00:00,6.62,19.25,16.58,1.57,36.85,15.0,0.5,16.25,2023,Bhatagaon,Quarterly,0,0
2023-01-08 01:15:00,6.89,20.33,17.39,1.06,32.76,15.46,0.48,16.53,2023,Bhatagaon,Quarterly,0,0
2023-01-08 01:30:00,6.8,20.63,17.48,1.39,32.76,15.46,0.47,15.63,2023,Bhatagaon,Quarterly,0,0
2023-01-08 01:45:00,6.63,19.7,16.83,1.47,32.76,15.46,0.47,14.55,2023,Bhatagaon,Quarterly,0,0
2023-01-08 02:00:00,6.4,20.5,17.09,1.27,30.54,14.61,0.41,15.07,2023,Bhatagaon,Quarterly,0,0
2023-01-08 02:15:00,6.37,20.41,17.02,1.23,21.69,12.26,0.44,14.59,2023,Bhatagaon,Quarterly,0,0
2023-01-08 02:30:00,6.28,21.89,17.76,1.07,21.69,12.26,0.41,15.08,2023,Bhatagaon,Quarterly,0,0
2023-01-08 02:45:00,6.24,21.54,17.54,1.43,21.69,12.26,0.43,14.52,2023,Bhatagaon,Quarterly,0,0
2023-01-08 03:00:00,6.09,22.83,18.13,1.2,21.93,11.51,0.45,15.33,2023,Bhatagaon,Quarterly,0,0
2023-01-08 03:15:00,5.83,24.47,18.82,1.08,22.89,9.44,0.48,16.32,2023,Bhatagaon,Quarterly,0,0
2023-01-08 03:30:00,5.89,23.51,18.34,1.02,22.89,9.44,0.5,16.19,2023,Bhatagaon,Quarterly,0,0
2023-01-08 03:45:00,6.05,24.69,19.13,1.72,22.89,9.44,0.54,16.58,2023,Bhatagaon,Quarterly,0,0
2023-01-08 04:00:00,6.73,23.0,18.74,0.67,22.78,9.55,0.55,16.22,2023,Bhatagaon,Quarterly,0,0
2023-01-08 04:15:00,7.15,23.98,19.62,1.24,22.36,9.86,0.54,16.6,2023,Bhatagaon,Quarterly,0,0
2023-01-08 04:30:00,6.76,22.5,18.48,1.75,22.36,9.86,0.48,15.16,2023,Bhatagaon,Quarterly,0,0
2023-01-08 04:45:00,6.37,21.09,17.39,1.38,22.36,9.86,0.47,14.5,2023,Bhatagaon,Quarterly,0,0
2023-01-08 05:00:00,6.31,21.83,17.75,1.09,22.03,10.78,0.43,14.81,2023,Bhatagaon,Quarterly,0,0
2023-01-08 05:15:00,6.29,21.39,17.5,1.32,20.72,13.32,0.42,14.44,2023,Bhatagaon,Quarterly,0,0
2023-01-08 05:30:00,6.4,22.5,18.2,1.12,20.72,13.32,0.39,14.7,2023,Bhatagaon,Quarterly,0,0
2023-01-08 05:45:00,6.49,21.84,17.9,0.92,20.72,13.32,0.38,14.07,2023,Bhatagaon,Quarterly,0,0
2023-01-08 06:00:00,6.57,23.05,18.64,1.14,20.3,13.1,0.36,15.43,2023,Bhatagaon,Quarterly,0,0
2023-01-08 06:15:00,7.2,22.72,18.96,1.44,18.63,12.19,0.37,16.16,2023,Bhatagaon,Quarterly,0,0
2023-01-08 06:30:00,9.6,22.08,20.53,1.06,18.63,12.19,0.43,16.59,2023,Bhatagaon,Quarterly,0,0
2023-01-08 06:45:00,10.34,21.56,20.84,1.45,18.63,12.19,0.41,16.48,2023,Bhatagaon,Quarterly,0,0
2023-01-08 07:00:00,10.64,21.33,20.95,1.49,19.0,12.29,0.39,16.46,2023,Bhatagaon,Quarterly,0,0
2023-01-08 07:15:00,11.14,20.63,20.96,1.62,20.48,12.56,0.38,15.84,2023,Bhatagaon,Quarterly,0,0
2023-01-08 07:30:00,11.53,20.72,21.33,1.2,20.48,12.56,0.39,14.91,2023,Bhatagaon,Quarterly,0,0
2023-01-08 07:45:00,11.89,20.7,21.61,1.25,20.48,12.56,0.4,15.1,2023,Bhatagaon,Quarterly,0,0
2023-01-08 08:00:00,12.65,20.74,22.23,0.92,20.71,13.23,0.41,14.76,2023,Bhatagaon,Quarterly,0,0
2023-01-08 08:15:00,13.19,21.34,23.0,1.18,21.61,15.07,0.43,15.26,2023,Bhatagaon,Quarterly,0,0
2023-01-08 08:30:00,13.61,21.77,23.58,1.12,21.61,15.07,0.43,15.17,2023,Bhatagaon,Quarterly,0,0
2023-01-08 08:45:00,15.79,22.28,25.61,0.75,21.61,15.07,0.44,15.28,2023,Bhatagaon,Quarterly,0,0
2023-01-08 09:00:00,19.6,23.7,29.44,1.0,23.74,14.94,0.48,15.58,2023,Bhatagaon,Quarterly,0,0
2023-01-08 09:15:00,16.74,23.55,27.07,0.8,32.26,14.58,0.51,16.41,2023,Bhatagaon,Quarterly,0,0
2023-01-08 09:30:00,17.98,23.3,27.92,1.31,32.26,14.58,0.49,16.7,2023,Bhatagaon,Quarterly,0,0
2023-01-08 09:45:00,17.67,23.15,27.59,1.22,32.26,14.58,0.52,16.94,2023,Bhatagaon,Quarterly,0,0
2023-01-08 10:00:00,17.67,22.16,27.05,1.03,33.26,14.59,0.51,16.65,2023,Bhatagaon,Quarterly,0,0
2023-01-08 10:15:00,17.51,22.92,27.33,1.42,37.26,14.64,0.5,15.94,2023,Bhatagaon,Quarterly,0,0
2023-01-08 10:30:00,17.25,21.77,26.49,1.55,37.26,14.64,0.52,15.26,2023,Bhatagaon,Quarterly,0,0
2023-01-08 10:45:00,17.59,22.21,27.01,1.41,37.26,14.64,0.52,15.41,2023,Bhatagaon,Quarterly,0,0
2023-01-08 11:00:00,17.41,22.04,26.77,1.03,37.26,15.1,0.52,15.18,2023,Bhatagaon,Quarterly,0,0
2023-01-08 11:15:00,17.24,22.76,27.03,0.85,37.28,16.38,0.52,15.28,2023,Bhatagaon,Quarterly,0,0
2023-01-08 11:30:00,16.41,23.11,26.56,1.29,37.28,16.38,0.53,15.46,2023,Bhatagaon,Quarterly,0,0
2023-01-08 11:45:00,15.82,23.4,26.25,1.23,37.28,16.38,0.51,14.99,2023,Bhatagaon,Quarterly,0,0
2023-01-08 12:00:00,16.76,23.49,27.05,0.86,36.31,16.37,0.51,15.67,2023,Bhatagaon,Quarterly,0,0
2023-01-08 12:15:00,19.58,25.63,30.5,0.6,32.45,16.32,0.54,16.14,2023,Bhatagaon,Quarterly,0,0
2023-01-08 12:30:00,16.56,24.78,27.6,0.91,32.45,16.32,0.54,16.62,2023,Bhatagaon,Quarterly,0,0
2023-01-08 12:45:00,15.74,24.52,26.8,0.9,32.45,16.32,0.53,16.85,2023,Bhatagaon,Quarterly,0,0
2023-01-08 13:00:00,15.31,23.59,25.94,0.93,31.53,16.0,0.53,16.39,2023,Bhatagaon,Quarterly,0,0
2023-01-08 13:15:00,17.1,25.75,28.57,0.93,27.85,15.09,0.54,15.69,2023,Bhatagaon,Quarterly,0,0
2023-01-08 13:30:00,16.38,24.17,27.12,0.77,27.85,15.09,0.61,15.09,2023,Bhatagaon,Quarterly,0,0
2023-01-08 13:45:00,17.15,25.96,28.73,0.91,27.85,15.09,0.65,15.29,2023,Bhatagaon,Quarterly,0,0
2023-01-08 14:00:00,17.06,25.11,28.19,0.94,29.46,15.47,0.69,14.85,2023,Bhatagaon,Quarterly,0,0
2023-01-08 14:15:00,15.72,26.14,27.68,0.65,35.91,16.54,0.73,15.86,2023,Bhatagaon,Quarterly,0,0
2023-01-08 14:30:00,15.15,25.97,27.13,0.89,35.91,16.54,0.77,15.21,2023,Bhatagaon,Quarterly,0,0
2023-01-08 14:45:00,14.38,25.98,26.51,0.71,35.91,16.54,0.82,16.17,2023,Bhatagaon,Quarterly,0,0
2023-01-08 15:00:00,14.29,27.51,27.29,0.83,39.12,17.5,0.95,16.97,2023,Bhatagaon,Quarterly,0,0
2023-01-08 15:15:00,16.12,27.13,28.54,0.63,51.97,20.17,0.95,17.08,2023,Bhatagaon,Quarterly,0,0
2023-01-08 15:30:00,14.08,27.46,27.09,1.1,51.97,20.17,1.03,17.09,2023,Bhatagaon,Quarterly,0,0
2023-01-08 15:45:00,14.16,26.18,26.45,1.34,51.97,20.17,0.89,17.06,2023,Bhatagaon,Quarterly,0,0
2023-01-08 16:00:00,14.32,28.42,27.81,0.4,52.11,20.59,0.85,16.93,2023,Bhatagaon,Quarterly,0,0
2023-01-08 16:15:00,13.16,26.78,25.98,0.46,52.67,21.75,0.82,15.87,2023,Bhatagaon,Quarterly,0,0
2023-01-08 16:30:00,12.51,26.98,25.57,0.6,52.67,21.75,0.8,15.63,2023,Bhatagaon,Quarterly,0,0
2023-01-08 16:45:00,12.49,26.34,25.2,0.5033333333333333,52.67,21.75,0.8,14.89,2023,Bhatagaon,Quarterly,1,5
2023-01-08 17:00:00,10.91,27.96,24.83,0.4066666666666666,52.64,22.37,0.79,15.31,2023,Bhatagaon,Quarterly,1,5
2023-01-08 17:15:00,9.91,27.57,23.8,0.31,52.51,24.08,0.76,15.1,2023,Bhatagaon,Quarterly,1,5
2023-01-08 17:30:00,9.4,28.32,23.82,,52.51,24.08,0.72,15.01,2023,Bhatagaon,Quarterly,1,5
2023-01-08 17:45:00,9.92,29.33,24.78,,52.51,24.08,0.72,15.29,2023,Bhatagaon,Quarterly,1,5
2023-01-08 18:00:00,9.24,27.58,23.27,0.02,52.28,23.0,0.7,16.42,2023,Bhatagaon,Quarterly,0,0
2023-01-08 18:15:00,11.8,29.22,26.24,0.33,51.36,18.07,0.7,16.59,2023,Bhatagaon,Quarterly,0,0
2023-01-08 18:30:00,10.01,28.33,24.31,0.355,51.36,18.07,0.73,16.5,2023,Bhatagaon,Quarterly,1,1
2023-01-08 18:45:00,8.85,27.41,22.87,0.38,51.36,18.07,0.7,16.92,2023,Bhatagaon,Quarterly,0,0
2023-01-08 19:00:00,8.69,27.2,22.63,0.43,51.25,18.3,0.71,15.99,2023,Bhatagaon,Quarterly,0,0
2023-01-08 19:15:00,8.35,26.99,22.24,0.06,50.79,18.96,0.63,15.49,2023,Bhatagaon,Quarterly,0,0
2023-01-08 19:30:00,8.44,27.22,22.44,0.22,50.79,18.96,0.68,14.95,2023,Bhatagaon,Quarterly,0,0
2023-01-08 19:45:00,8.46,27.41,22.56,0.02,50.79,18.96,0.69,15.11,2023,Bhatagaon,Quarterly,0,0
2023-01-08 20:00:00,8.26,27.72,22.57,0.32,49.82,18.41,0.68,15.06,2023,Bhatagaon,Quarterly,0,0
2023-01-08 20:15:00,8.36,27.26,22.4,0.99,45.95,16.88,0.69,15.08,2023,Bhatagaon,Quarterly,0,0
2023-01-08 20:30:00,9.43,27.53,23.4,1.13,45.95,16.88,0.7,14.94,2023,Bhatagaon,Quarterly,0,0
2023-01-08 20:45:00,10.27,29.89,25.38,0.69,45.95,16.88,0.67,15.38,2023,Bhatagaon,Quarterly,0,0
2023-01-08 21:00:00,9.57,29.51,24.61,1.16,46.61,17.2,0.71,16.66,2023,Bhatagaon,Quarterly,0,0
2023-01-08 21:15:00,11.28,26.49,24.31,1.58,49.23,18.08,0.65,17.15,2023,Bhatagaon,Quarterly,0,0
2023-01-08 21:30:00,8.14,23.32,20.04,1.59,49.23,18.08,0.57,17.73,2023,Bhatagaon,Quarterly,0,0
2023-01-08 21:45:00,8.85,23.28,20.59,1.26,49.23,18.08,0.64,17.21,2023,Bhatagaon,Quarterly,0,0
2023-01-08 22:00:00,9.42,24.38,21.66,1.28,47.07,17.57,0.62,16.53,2023,Bhatagaon,Quarterly,0,0
2023-01-08 22:15:00,8.83,23.74,20.83,1.16,38.4,16.16,0.59,15.74,2023,Bhatagaon,Quarterly,0,0
2023-01-08 22:30:00,7.76,24.04,20.13,0.79,38.4,16.16,0.53,15.44,2023,Bhatagaon,Quarterly,0,0
2023-01-08 22:45:00,6.81,23.68,19.18,1.13,38.4,16.16,0.5,14.79,2023,Bhatagaon,Quarterly,0,0
2023-01-08 23:00:00,5.96,24.35,18.86,0.74,35.68,15.12,0.44,15.27,2023,Bhatagaon,Quarterly,0,0
2023-01-08 23:15:00,5.21,23.94,18.04,0.64,24.77,12.23,0.42,15.18,2023,Bhatagaon,Quarterly,0,0
2023-01-08 23:30:00,4.48,24.84,17.95,0.57,24.77,12.23,0.38,14.85,2023,Bhatagaon,Quarterly,0,0
2023-01-08 23:45:00,4.18,25.59,18.13,0.71,24.77,12.23,0.36,15.24,2023,Bhatagaon,Quarterly,0,0
2023-01-09 00:15:00,23.74,21.24,32.05,4.14,108.34,30.97,0.93,22.41,2023,Bhatagaon,Quarterly,0,0
2023-01-09 00:30:00,18.47,23.07,28.83,4.24,108.34,30.97,0.89,21.87,2023,Bhatagaon,Quarterly,0,0
2023-01-09 00:45:00,14.67,24.89,26.79,3.71,100.34,30.52,0.75,21.38,2023,Bhatagaon,Quarterly,0,0
2023-01-09 01:00:00,15.41,33.72,32.26,3.75,92.69,30.32,0.8,20.88,2023,Bhatagaon,Quarterly,0,0
2023-01-09 01:15:00,7.96,35.7,27.38,3.78,92.69,30.32,0.61,21.07,2023,Bhatagaon,Quarterly,0,0
2023-01-09 01:30:00,5.93,36.14,26.0,3.98,92.69,30.32,0.65,22.21,2023,Bhatagaon,Quarterly,0,0
2023-01-09 01:45:00,5.24,34.42,24.49,3.66,86.44,28.74,0.61,22.8,2023,Bhatagaon,Quarterly,0,0
2023-01-09 02:00:00,4.86,36.76,25.47,4.12,80.46,28.01,0.63,23.11,2023,Bhatagaon,Quarterly,0,0
2023-01-09 02:15:00,10.69,41.47,32.75,3.52,80.46,28.01,0.75,22.71,2023,Bhatagaon,Quarterly,0,0
2023-01-09 02:30:00,16.8,31.13,31.94,4.09,80.46,28.01,0.7,22.03,2023,Bhatagaon,Quarterly,0,0
2023-01-09 02:45:00,12.85,27.22,26.62,3.42,78.75,25.51,0.64,21.65,2023,Bhatagaon,Quarterly,0,0
2023-01-09 03:00:00,13.9,18.58,22.69,3.86,77.1,24.34,0.63,21.07,2023,Bhatagaon,Quarterly,0,0
2023-01-09 03:15:00,9.12,19.89,19.58,3.44,77.1,24.34,0.56,21.19,2023,Bhatagaon,Quarterly,0,0
2023-01-09 03:30:00,12.85,24.58,25.17,3.54,77.1,24.34,0.7,20.2,2023,Bhatagaon,Quarterly,0,0
2023-01-09 03:45:00,10.98,22.57,22.56,3.29,71.71,24.57,0.52,20.42,2023,Bhatagaon,Quarterly,0,0
2023-01-09 04:00:00,21.35,25.03,32.23,3.86,66.54,24.68,0.66,19.32,2023,Bhatagaon,Quarterly,0,0
2023-01-09 04:15:00,10.67,23.72,22.94,4.09,66.54,24.68,0.51,21.15,2023,Bhatagaon,Quarterly,0,0
2023-01-09 04:30:00,16.11,25.91,28.51,4.44,66.54,24.68,0.69,21.6,2023,Bhatagaon,Quarterly,0,0
2023-01-09 04:45:00,16.97,25.45,28.95,4.08,65.13,24.67,0.48,21.61,2023,Bhatagaon,Quarterly,0,0
2023-01-09 05:00:00,10.74,24.41,23.38,4.02,63.77,24.67,0.48,22.61,2023,Bhatagaon,Quarterly,0,0
2023-01-09 05:15:00,14.17,34.84,31.88,4.35,63.77,24.67,0.56,22.46,2023,Bhatagaon,Quarterly,0,0
2023-01-09 05:30:00,15.34,25.54,27.69,4.66,63.77,24.67,0.54,21.77,2023,Bhatagaon,Quarterly,0,0
2023-01-09 05:45:00,15.13,23.92,26.63,3.86,61.35,23.25,0.55,20.81,2023,Bhatagaon,Quarterly,0,0
2023-01-09 06:00:00,21.68,19.28,29.32,3.61,59.04,21.96,0.61,19.94,2023,Bhatagaon,Quarterly,0,0
2023-01-09 06:15:00,27.99,16.08,32.61,4.04,59.04,21.96,0.62,19.65,2023,Bhatagaon,Quarterly,0,0
2023-01-09 06:30:00,21.07,14.4,26.13,4.4,59.04,21.96,0.65,19.85,2023,Bhatagaon,Quarterly,0,0
2023-01-09 06:45:00,23.94,16.7,29.7,4.54,56.97,21.06,0.68,19.49,2023,Bhatagaon,Quarterly,0,0
2023-01-09 07:00:00,24.19,16.88,30.01,5.04,55.0,20.65,0.68,19.1,2023,Bhatagaon,Quarterly,0,0
2023-01-09 07:15:00,27.31,22.71,35.73,4.17,55.0,20.65,0.69,20.24,2023,Bhatagaon,Quarterly,0,0
2023-01-09 07:30:00,20.68,19.44,28.61,4.33,55.0,20.65,0.66,21.34,2023,Bhatagaon,Quarterly,0,0
2023-01-09 07:45:00,23.61,19.58,31.03,4.41,55.33,19.71,0.73,21.33,2023,Bhatagaon,Quarterly,0,0
2023-01-09 08:00:00,21.56,20.1,29.68,4.48,55.65,19.28,0.67,20.16,2023,Bhatagaon,Quarterly,0,0
2023-01-09 08:15:00,19.7,15.41,25.6,5.54,55.65,19.28,0.69,20.42,2023,Bhatagaon,Quarterly,0,0
2023-01-09 08:30:00,21.41,16.02,27.3,5.22,55.65,19.28,0.66,19.89,2023,Bhatagaon,Quarterly,0,0
2023-01-09 08:45:00,20.03,17.25,26.87,5.25,58.4,19.07,0.66,18.65,2023,Bhatagaon,Quarterly,0,0
2023-01-09 09:00:00,19.75,17.87,26.99,5.52,61.03,18.96,0.69,18.24,2023,Bhatagaon,Quarterly,0,0
2023-01-09 09:15:00,17.49,17.59,25.02,4.71,61.03,18.96,0.66,18.1,2023,Bhatagaon,Quarterly,0,0
2023-01-09 09:30:00,16.98,21.26,26.64,5.62,61.03,18.96,0.69,17.47,2023,Bhatagaon,Quarterly,0,0
2023-01-09 09:45:00,14.25,19.44,23.45,5.3,62.51,19.55,0.68,17.52,2023,Bhatagaon,Quarterly,0,0
2023-01-09 10:00:00,14.18,22.73,25.21,5.42,63.93,19.82,0.75,17.95,2023,Bhatagaon,Quarterly,0,0
2023-01-09 10:15:00,14.53,32.68,30.98,5.86,63.93,19.82,0.72,17.32,2023,Bhatagaon,Quarterly,0,0
2023-01-09 10:30:00,11.53,28.98,26.54,5.73,63.93,19.82,0.71,18.02,2023,Bhatagaon,Quarterly,0,0
2023-01-09 10:45:00,10.07,25.81,23.62,5.77,65.0,19.72,0.55,18.44,2023,Bhatagaon,Quarterly,0,0
2023-01-09 11:00:00,10.69,24.33,23.29,5.95,66.03,19.68,0.64,19.57,2023,Bhatagaon,Quarterly,0,0
2023-01-09 11:15:00,9.67,21.53,20.93,5.95,66.03,19.68,0.7,19.06,2023,Bhatagaon,Quarterly,0,0
2023-01-09 11:30:00,8.13,21.43,19.64,5.62,66.03,19.68,0.71,18.99,2023,Bhatagaon,Quarterly,0,0
2023-01-09 11:45:00,7.3,24.05,20.42,5.7,71.3,22.65,0.68,18.47,2023,Bhatagaon,Quarterly,0,0
2023-01-09 12:00:00,5.89,21.29,17.76,4.85,76.34,25.36,0.51,17.57,2023,Bhatagaon,Quarterly,0,0
2023-01-09 12:15:00,6.21,26.89,21.11,5.78,76.34,25.36,0.63,16.72,2023,Bhatagaon,Quarterly,0,0
2023-01-09 12:30:00,4.48,19.14,15.45,5.84,76.34,25.36,0.63,17.36,2023,Bhatagaon,Quarterly,0,0
2023-01-09 12:45:00,3.6,21.18,15.87,6.26,71.59,24.51,0.52,17.77,2023,Bhatagaon,Quarterly,0,0
2023-01-09 13:00:00,19.82,42.94,40.89,5.73,67.04,24.13,0.89,16.2,2023,Bhatagaon,Quarterly,0,0
2023-01-09 13:15:00,13.34,36.63,32.21,6.05,67.04,24.13,0.76,15.13,2023,Bhatagaon,Quarterly,0,0
2023-01-09 13:30:00,14.15,29.97,29.18,5.79,67.04,24.13,0.67,17.98,2023,Bhatagaon,Quarterly,0,0
2023-01-09 13:45:00,20.54,45.3,42.77,5.95,63.37,23.31,1.13,16.69,2023,Bhatagaon,Quarterly,0,0
2023-01-09 14:00:00,16.83,45.45,39.88,6.14,59.86,22.93,0.83,16.0,2023,Bhatagaon,Quarterly,0,0
2023-01-09 14:15:00,20.45,45.8,42.97,6.38,59.86,22.93,1.25,15.11,2023,Bhatagaon,Quarterly,0,0
2023-01-09 14:30:00,7.52,32.95,25.51,6.17,59.86,22.93,0.57,17.14,2023,Bhatagaon,Quarterly,0,0
2023-01-09 14:45:00,5.46,23.62,18.71,5.97,66.83,25.47,0.6,17.95,2023,Bhatagaon,Quarterly,0,0
2023-01-09 15:00:00,5.15,22.31,17.73,5.87,73.5,26.63,0.58,18.4,2023,Bhatagaon,Quarterly,0,0
2023-01-09 15:15:00,4.76,23.27,17.95,5.5,73.5,26.63,0.56,17.82,2023,Bhatagaon,Quarterly,0,0
2023-01-09 15:30:00,4.6,20.77,16.44,5.61,73.5,26.63,0.56,17.16,2023,Bhatagaon,Quarterly,0,0
2023-01-09 15:45:00,4.4,18.79,15.19,6.0,70.71,25.31,0.49,17.51,2023,Bhatagaon,Quarterly,0,0
2023-01-09 16:00:00,6.71,26.57,21.33,4.94,68.03,24.71,0.37,18.78,2023,Bhatagaon,Quarterly,0,0
2023-01-09 16:15:00,3.62,21.42,16.02,5.63,68.03,24.71,0.34,19.41,2023,Bhatagaon,Quarterly,0,0
2023-01-09 16:30:00,6.68,23.34,19.54,6.3,68.03,24.71,0.6,18.88,2023,Bhatagaon,Quarterly,0,0
2023-01-09 16:45:00,8.82,24.39,21.83,6.71,67.55,21.47,0.62,19.28,2023,Bhatagaon,Quarterly,0,0
2023-01-09 17:00:00,19.13,39.86,38.63,6.5,67.09,20.0,0.81,17.35,2023,Bhatagaon,Quarterly,0,0
2023-01-09 17:15:00,31.62,60.25,59.9,6.93,67.09,20.0,1.18,13.69,2023,Bhatagaon,Quarterly,0,0
2023-01-09 17:30:00,36.73,49.5,57.63,7.34,67.09,20.0,1.44,13.34,2023,Bhatagaon,Quarterly,0,0
2023-01-09 17:45:00,16.05,31.67,31.64,7.12,82.0,22.73,0.98,14.65,2023,Bhatagaon,Quarterly,0,0
2023-01-09 18:00:00,17.2,31.8,32.63,6.31,96.26,25.22,1.04,16.36,2023,Bhatagaon,Quarterly,0,0
2023-01-09 18:15:00,16.28,38.72,35.72,5.88,96.26,25.22,1.2,16.3,2023,Bhatagaon,Quarterly,0,0
2023-01-09 18:30:00,26.25,35.9,41.71,6.2,96.26,25.22,1.19,15.06,2023,Bhatagaon,Quarterly,0,0
2023-01-09 18:45:00,36.29,47.4,56.55,6.7,98.39,24.34,1.53,13.98,2023,Bhatagaon,Quarterly,0,0
2023-01-09 19:00:00,26.12,41.5,45.14,6.6,100.43,23.94,1.53,16.19,2023,Bhatagaon,Quarterly,0,0
2023-01-09 19:15:00,23.75,45.79,45.61,6.84,100.43,23.94,1.21,16.92,2023,Bhatagaon,Quarterly,0,0
2023-01-09 19:30:00,39.97,48.12,59.9,6.31,100.43,23.94,1.53,16.4,2023,Bhatagaon,Quarterly,0,0
2023-01-09 19:45:00,43.89,53.15,65.82,6.88,103.42,23.19,1.91,15.3,2023,Bhatagaon,Quarterly,0,0
2023-01-09 20:00:00,41.23,41.0,56.98,4.48,106.27,22.85,1.63,15.6,2023,Bhatagaon,Quarterly,0,0
2023-01-09 20:15:00,32.92,29.04,43.68,4.82,106.27,22.85,1.29,16.68,2023,Bhatagaon,Quarterly,0,0
2023-01-09 20:30:00,43.01,34.26,54.69,4.97,106.27,22.85,1.43,15.9,2023,Bhatagaon,Quarterly,0,0
2023-01-09 20:45:00,67.21,53.92,84.95,4.94,106.82,23.29,1.85,13.69,2023,Bhatagaon,Quarterly,0,0
2023-01-09 21:00:00,59.96,41.96,72.53,5.26,107.34,23.49,2.51,13.14,2023,Bhatagaon,Quarterly,0,0
2023-01-09 21:15:00,52.48,46.27,68.91,5.24,107.34,23.49,1.77,15.51,2023,Bhatagaon,Quarterly,0,0
2023-01-09 21:30:00,94.84,48.84,104.3,5.3,107.34,23.49,2.24,12.26,2023,Bhatagaon,Quarterly,0,0
2023-01-09 21:45:00,99.11,54.0,110.57,5.49,114.86,23.44,2.1,12.68,2023,Bhatagaon,Quarterly,0,0
2023-01-09 22:00:00,53.61,67.28,81.41,5.08,122.06,23.41,1.57,16.01,2023,Bhatagaon,Quarterly,0,0
2023-01-09 22:15:00,28.71,61.15,58.06,4.66,122.06,23.41,1.13,20.62,2023,Bhatagaon,Quarterly,0,0
2023-01-09 22:30:00,51.46,42.26,65.88,4.18,122.06,23.41,1.3,19.1,2023,Bhatagaon,Quarterly,0,0
2023-01-09 22:45:00,26.8,47.92,49.23,4.57,117.64,26.01,0.96,22.27,2023,Bhatagaon,Quarterly,0,0
2023-01-09 23:00:00,24.03,29.73,36.97,4.37,113.42,27.2,0.87,23.33,2023,Bhatagaon,Quarterly,0,0
2023-01-09 23:15:00,21.58,28.26,34.2,4.27,113.42,27.2,0.84,23.4,2023,Bhatagaon,Quarterly,0,0
2023-01-09 23:30:00,19.72,32.77,35.19,4.33,113.42,27.2,0.86,22.4,2023,Bhatagaon,Quarterly,0,0
2023-01-09 23:45:00,23.31,35.68,39.68,2.78,106.95,25.26,0.91,21.92,2023,Bhatagaon,Quarterly,0,0
2023-01-10 00:15:00,8.63,11.34,14.47,0.3,55.85,16.93,0.95,12.25,2023,Bhatagaon,Quarterly,0,0
2023-01-10 00:30:00,7.78,10.4,13.27,1.22,49.57,18.24,0.92,12.12,2023,Bhatagaon,Quarterly,0,0
2023-01-10 00:45:00,6.82,10.46,12.54,1.3,48.51,18.24,0.88,12.19,2023,Bhatagaon,Quarterly,0,0
2023-01-10 01:00:00,6.17,10.15,11.85,1.06,48.51,18.24,0.85,11.72,2023,Bhatagaon,Quarterly,0,0
2023-01-10 01:15:00,5.67,9.86,11.28,0.63,48.51,18.24,0.79,11.96,2023,Bhatagaon,Quarterly,0,0
2023-01-10 01:30:00,5.36,9.13,10.63,0.45,40.29,15.07,0.81,10.66,2023,Bhatagaon,Quarterly,0,0
2023-01-10 01:45:00,5.1,8.99,10.34,0.4,38.9,15.07,0.78,10.79,2023,Bhatagaon,Quarterly,0,0
2023-01-10 02:00:00,4.74,9.23,10.18,0.98,38.9,15.07,0.74,10.7,2023,Bhatagaon,Quarterly,0,0
2023-01-10 02:15:00,4.47,9.79,10.28,0.74,38.9,15.07,0.69,10.16,2023,Bhatagaon,Quarterly,0,0
2023-01-10 02:30:00,4.2,9.9,10.12,0.87,32.35,13.12,0.61,10.98,2023,Bhatagaon,Quarterly,0,0
2023-01-10 02:45:00,4.34,9.18,9.84,0.94,31.25,13.12,0.67,11.25,2023,Bhatagaon,Quarterly,0,0
2023-01-10 03:00:00,4.31,9.28,9.87,1.14,31.25,13.12,0.65,11.07,2023,Bhatagaon,Quarterly,0,0
2023-01-10 03:15:00,4.44,8.28,9.43,1.25,31.25,13.12,0.68,11.23,2023,Bhatagaon,Quarterly,0,0
2023-01-10 03:30:00,4.5,8.33,9.5,1.2,34.39,11.2,0.65,11.82,2023,Bhatagaon,Quarterly,0,0
2023-01-10 03:45:00,4.48,7.93,9.26,0.41,34.93,11.2,0.65,11.92,2023,Bhatagaon,Quarterly,0,0
2023-01-10 04:00:00,4.46,7.69,9.12,0.49,34.93,11.2,0.65,11.29,2023,Bhatagaon,Quarterly,0,0
2023-01-10 04:15:00,4.49,7.78,9.19,1.03,34.93,11.2,0.64,11.85,2023,Bhatagaon,Quarterly,0,0
2023-01-10 04:30:00,4.44,7.58,9.03,1.33,32.71,12.12,0.63,11.19,2023,Bhatagaon,Quarterly,0,0
2023-01-10 04:45:00,4.36,7.69,9.03,1.11,32.33,12.12,0.61,11.31,2023,Bhatagaon,Quarterly,0,0
2023-01-10 05:00:00,4.11,9.71,9.95,0.96,32.33,12.12,0.62,11.22,2023,Bhatagaon,Quarterly,0,0
2023-01-10 05:15:00,4.16,9.5,9.87,0.92,32.33,12.12,0.64,11.15,2023,Bhatagaon,Quarterly,0,0
2023-01-10 05:30:00,3.99,11.11,10.62,1.09,30.07,14.26,0.59,11.57,2023,Bhatagaon,Quarterly,0,0
2023-01-10 05:45:00,5.06,11.73,11.82,1.12,29.69,14.26,0.57,12.48,2023,Bhatagaon,Quarterly,0,0
2023-01-10 06:00:00,5.53,9.94,11.21,1.36,29.69,14.26,0.62,12.07,2023,Bhatagaon,Quarterly,0,0
2023-01-10 06:15:00,5.67,8.54,10.55,1.62,29.69,14.26,0.62,12.81,2023,Bhatagaon,Quarterly,0,0
2023-01-10 06:30:00,5.86,8.08,10.45,1.08,32.61,10.78,0.61,12.57,2023,Bhatagaon,Quarterly,0,0
2023-01-10 06:45:00,6.12,8.41,10.84,0.81,33.1,10.78,0.6,12.83,2023,Bhatagaon,Quarterly,0,0
2023-01-10 07:00:00,6.47,8.46,11.15,0.9,33.1,10.78,0.62,12.55,2023,Bhatagaon,Quarterly,0,0
2023-01-10 07:15:00,6.71,8.69,11.47,0.93,33.1,10.78,0.59,12.62,2023,Bhatagaon,Quarterly,0,0
2023-01-10 07:30:00,6.92,8.97,11.79,1.51,37.6,12.31,0.64,12.46,2023,Bhatagaon,Quarterly,0,0
2023-01-10 07:45:00,7.25,9.97,12.61,1.13,38.36,12.31,0.65,12.56,2023,Bhatagaon,Quarterly,0,0
2023-01-10 08:00:00,8.56,12.68,15.16,1.36,38.36,12.31,0.67,12.18,2023,Bhatagaon,Quarterly,0,0
2023-01-10 08:15:00,8.36,12.91,15.12,2.23,38.36,12.31,0.7,11.43,2023,Bhatagaon,Quarterly,0,0
2023-01-10 08:30:00,7.61,12.18,14.12,2.03,40.91,13.82,0.72,11.64,2023,Bhatagaon,Quarterly,0,0
2023-01-10 08:45:00,7.11,12.09,13.66,1.87,41.34,13.82,0.75,11.61,2023,Bhatagaon,Quarterly,0,0
2023-01-10 09:00:00,6.74,12.3,13.48,2.25,41.34,13.82,0.78,11.8,2023,Bhatagaon,Quarterly,0,0
2023-01-10 09:15:00,6.84,12.96,13.93,2.07,41.34,13.82,0.83,11.89,2023,Bhatagaon,Quarterly,0,0
2023-01-10 09:30:00,6.93,12.56,13.78,2.12,52.97,17.42,0.87,11.57,2023,Bhatagaon,Quarterly,0,0
2023-01-10 09:45:00,6.45,13.22,13.76,1.68,54.94,17.42,0.96,11.83,2023,Bhatagaon,Quarterly,0,0
2023-01-10 10:00:00,5.82,13.9,13.63,1.84,54.94,17.42,1.11,11.22,2023,Bhatagaon,Quarterly,0,0
2023-01-10 10:15:00,5.52,15.27,14.15,2.06,54.94,17.42,1.17,11.82,2023,Bhatagaon,Quarterly,0,0
2023-01-10 10:30:00,5.09,15.66,14.02,1.98,70.17,21.49,1.13,11.09,2023,Bhatagaon,Quarterly,0,0
2023-01-10 10:45:00,4.26,15.25,13.12,1.79,72.74,21.49,1.07,11.37,2023,Bhatagaon,Quarterly,0,0
2023-01-10 11:00:00,3.73,14.26,12.15,2.05,72.74,21.49,1.01,10.45,2023,Bhatagaon,Quarterly,0,0
2023-01-10 11:15:00,3.47,13.79,11.69,1.87,72.74,21.49,0.95,9.0,2023,Bhatagaon,Quarterly,0,0
2023-01-10 11:30:00,4.17,15.25,13.05,1.31,54.29,17.34,0.91,9.51,2023,Bhatagaon,Quarterly,0,0
2023-01-10 11:45:00,3.47,13.49,11.52,2.27,51.17,17.34,0.83,9.07,2023,Bhatagaon,Quarterly,0,0
2023-01-10 12:00:00,2.8,12.0,10.15,1.0,51.17,17.34,0.8,8.47,2023,Bhatagaon,Quarterly,0,0
2023-01-10 12:15:00,2.62,11.96,9.99,1.72,51.17,17.34,0.79,9.09,2023,Bhatagaon,Quarterly,0,0
2023-01-10 12:30:00,2.52,11.68,9.76,1.71,46.77,17.73,0.82,8.2,2023,Bhatagaon,Quarterly,0,0
2023-01-10 12:45:00,2.55,12.34,10.15,2.06,46.02,17.73,0.8,9.11,2023,Bhatagaon,Quarterly,0,0
2023-01-10 13:00:00,2.46,12.67,10.26,1.94,46.02,17.73,0.8,8.08,2023,Bhatagaon,Quarterly,0,0
2023-01-10 13:15:00,2.47,13.05,10.47,1.68,46.02,17.73,0.7,7.93,2023,Bhatagaon,Quarterly,0,0
2023-01-10 13:30:00,2.46,13.53,10.73,1.5,52.17,23.0,0.74,8.4,2023,Bhatagaon,Quarterly,0,0
2023-01-10 13:45:00,2.6,13.93,11.07,2.54,53.2,23.0,0.73,8.43,2023,Bhatagaon,Quarterly,0,0
2023-01-10 14:00:00,3.74,16.9,13.62,2.29,53.2,23.0,0.69,8.15,2023,Bhatagaon,Quarterly,0,0
2023-01-10 14:15:00,3.52,16.05,12.97,1.81,53.2,23.0,0.66,7.64,2023,Bhatagaon,Quarterly,0,0
2023-01-10 14:30:00,3.28,14.78,12.08,2.0,50.83,19.94,0.63,8.31,2023,Bhatagaon,Quarterly,0,0
2023-01-10 14:45:00,3.39,14.71,12.13,1.86,50.43,19.94,0.6,7.57,2023,Bhatagaon,Quarterly,0,0
2023-01-10 15:00:00,3.62,15.62,12.81,2.37,50.43,19.94,0.6,8.33,2023,Bhatagaon,Quarterly,0,0
2023-01-10 15:15:00,3.93,16.83,13.73,2.34,50.43,19.94,0.58,9.45,2023,Bhatagaon,Quarterly,0,0
2023-01-10 15:30:00,3.82,17.27,13.89,2.01,47.41,20.34,0.58,8.8,2023,Bhatagaon,Quarterly,0,0
2023-01-10 15:45:00,3.66,17.35,13.8,1.88,46.9,20.34,0.62,9.33,2023,Bhatagaon,Quarterly,0,0
2023-01-10 16:00:00,3.48,17.62,13.8,1.6,46.9,20.34,0.7,8.67,2023,Bhatagaon,Quarterly,0,0
2023-01-10 16:15:00,3.28,18.06,13.89,2.09,46.9,20.34,0.76,8.57,2023,Bhatagaon,Quarterly,0,0
2023-01-10 16:30:00,3.57,18.89,14.58,2.13,58.92,19.95,0.79,9.3,2023,Bhatagaon,Quarterly,0,0
2023-01-10 16:45:00,3.43,17.12,13.49,2.01,60.95,19.95,0.81,9.24,2023,Bhatagaon,Quarterly,0,0
2023-01-10 17:00:00,3.09,16.58,12.92,2.31,60.95,19.95,0.79,8.11,2023,Bhatagaon,Quarterly,0,0
2023-01-10 17:15:00,3.2,16.54,12.99,2.49,60.95,19.95,0.78,7.58,2023,Bhatagaon,Quarterly,0,0
2023-01-10 17:30:00,3.56,18.22,14.2,2.81,59.93,19.83,0.76,8.4,2023,Bhatagaon,Quarterly,0,0
2023-01-10 17:45:00,4.34,15.32,13.22,2.48,59.76,19.83,0.76,7.4,2023,Bhatagaon,Quarterly,0,0
2023-01-10 18:00:00,3.61,15.33,12.65,1.82,59.76,19.83,0.76,8.34,2023,Bhatagaon,Quarterly,0,0
2023-01-10 18:15:00,4.12,15.03,12.89,2.41,59.76,19.83,0.77,8.44,2023,Bhatagaon,Quarterly,0,0
2023-01-10 18:30:00,4.09,15.71,13.24,2.7,61.7,19.72,0.8,8.72,2023,Bhatagaon,Quarterly,0,0
2023-01-10 18:45:00,4.56,15.47,13.49,2.65,62.03,19.72,0.79,8.86,2023,Bhatagaon,Quarterly,0,0
2023-01-10 19:00:00,4.93,15.88,14.01,2.47,62.03,19.72,0.79,9.14,2023,Bhatagaon,Quarterly,0,0
2023-01-10 19:15:00,5.24,15.69,14.15,2.56,62.03,19.72,0.78,8.75,2023,Bhatagaon,Quarterly,0,0
2023-01-10 19:30:00,7.31,17.28,16.69,2.86,58.8,14.18,0.89,9.67,2023,Bhatagaon,Quarterly,0,0
2023-01-10 19:45:00,15.49,42.36,37.09,3.08,58.26,14.18,1.05,9.14,2023,Bhatagaon,Quarterly,0,0
2023-01-10 20:00:00,9.53,35.78,28.68,0.61,58.26,14.18,1.15,9.37,2023,Bhatagaon,Quarterly,0,0
2023-01-10 20:15:00,21.72,49.59,46.08,1.31,58.26,14.18,1.28,8.65,2023,Bhatagaon,Quarterly,0,0
2023-01-10 20:30:00,25.5,50.73,49.74,1.17,58.5,18.19,1.35,7.85,2023,Bhatagaon,Quarterly,0,0
2023-01-10 20:45:00,10.46,18.97,20.15,1.06,58.54,18.19,1.01,9.6,2023,Bhatagaon,Quarterly,0,0
2023-01-10 21:00:00,18.44,29.09,32.13,1.59,58.54,18.19,1.19,11.52,2023,Bhatagaon,Quarterly,0,0
2023-01-10 21:15:00,13.81,20.53,23.69,0.79,58.54,18.19,1.01,10.82,2023,Bhatagaon,Quarterly,0,0
2023-01-10 21:30:00,11.06,22.84,22.77,0.6,50.05,16.23,0.97,12.04,2023,Bhatagaon,Quarterly,0,0
2023-01-10 21:45:00,12.08,18.7,21.3,1.2,48.62,16.23,1.03,12.14,2023,Bhatagaon,Quarterly,0,0
2023-01-10 22:00:00,10.41,27.95,25.06,0.39,48.62,16.23,0.91,12.06,2023,Bhatagaon,Quarterly,0,0
2023-01-10 22:15:00,9.5,18.05,18.87,1.26,48.62,16.23,0.95,11.9,2023,Bhatagaon,Quarterly,0,0
2023-01-10 22:30:00,8.41,19.08,18.57,0.49,45.39,19.75,0.68,12.67,2023,Bhatagaon,Quarterly,0,0
2023-01-10 22:45:00,12.73,37.81,32.37,1.0,44.85,19.75,0.97,11.47,2023,Bhatagaon,Quarterly,0,0
2023-01-10 23:00:00,10.96,27.74,25.39,0.68,44.85,19.75,0.89,11.51,2023,Bhatagaon,Quarterly,0,0
2023-01-10 23:15:00,9.28,29.54,25.04,0.74,44.85,19.75,0.75,12.33,2023,Bhatagaon,Quarterly,0,0
2023-01-10 23:30:00,8.73,22.66,20.79,0.82,47.13,14.01,0.79,13.03,2023,Bhatagaon,Quarterly,0,0
2023-01-10 23:45:00,9.52,14.93,17.17,1.07,47.51,14.01,0.92,13.19,2023,Bhatagaon,Quarterly,0,0
2023-01-11 00:15:00,2.48,20.78,14.75,1.95,76.98,45.32,0.84,4.99,2023,Bhatagaon,Quarterly,0,0
2023-01-11 00:30:00,2.44,20.63,14.63,2.1,76.98,45.32,0.84,4.99,2023,Bhatagaon,Quarterly,0,0
2023-01-11 00:45:00,2.35,20.71,14.61,1.86,74.04,40.88,0.83,4.99,2023,Bhatagaon,Quarterly,0,0
2023-01-11 01:00:00,2.21,20.94,14.62,2.13,71.36,38.86,0.76,4.99,2023,Bhatagaon,Quarterly,0,0
2023-01-11 01:15:00,2.18,21.17,14.72,2.17,71.36,38.86,0.74,4.98,2023,Bhatagaon,Quarterly,0,0
2023-01-11 01:30:00,2.37,24.05,16.46,2.13,71.36,38.86,0.8,4.89,2023,Bhatagaon,Quarterly,0,0
2023-01-11 01:45:00,2.55,23.22,16.15,2.01,67.36,37.76,0.76,4.91,2023,Bhatagaon,Quarterly,0,0
2023-01-11 02:00:00,2.82,21.97,15.68,1.95,63.53,37.26,0.76,4.94,2023,Bhatagaon,Quarterly,0,0
2023-01-11 02:15:00,3.23,19.34,14.55,2.07,63.53,37.26,0.78,5.03,2023,Bhatagaon,Quarterly,0,0
2023-01-11 02:30:00,3.43,19.66,14.9,1.76,63.53,37.26,0.78,5.01,2023,Bhatagaon,Quarterly,0,0
2023-01-11 02:45:00,3.62,19.98,15.22,1.74,70.86,38.61,0.78,4.99,2023,Bhatagaon,Quarterly,0,0
2023-01-11 03:00:00,3.94,20.61,15.83,1.77,77.87,39.22,0.77,5.0,2023,Bhatagaon,Quarterly,0,0
2023-01-11 03:15:00,4.19,20.56,16.0,1.56,77.87,39.22,0.76,5.05,2023,Bhatagaon,Quarterly,0,0
2023-01-11 03:30:00,4.28,20.22,15.89,1.68,77.87,39.22,0.75,5.04,2023,Bhatagaon,Quarterly,0,0
2023-01-11 03:45:00,4.33,21.08,16.4,1.72,78.44,41.0,0.74,5.05,2023,Bhatagaon,Quarterly,0,0
2023-01-11 04:00:00,5.02,23.86,18.49,0.49,78.99,41.82,0.73,5.0,2023,Bhatagaon,Quarterly,0,0
2023-01-11 04:15:00,6.37,29.59,22.73,1.14,78.99,41.82,0.73,4.94,2023,Bhatagaon,Quarterly,0,0
2023-01-11 04:30:00,10.01,25.86,23.59,1.38,78.99,41.82,0.74,4.87,2023,Bhatagaon,Quarterly,0,0
2023-01-11 04:45:00,7.33,26.11,21.58,1.43,81.6,43.47,0.81,5.06,2023,Bhatagaon,Quarterly,0,0
2023-01-11 05:00:00,8.49,26.55,22.75,1.31,83.99,44.22,0.77,5.21,2023,Bhatagaon,Quarterly,0,0
2023-01-11 05:15:00,8.72,22.19,20.53,1.21,83.99,44.22,0.79,5.36,2023,Bhatagaon,Quarterly,0,0
2023-01-11 05:30:00,9.01,20.95,20.08,1.22,83.99,44.22,0.8,5.43,2023,Bhatagaon,Quarterly,0,0
2023-01-11 05:45:00,9.16,21.33,20.41,1.28,93.0,50.66,0.8,5.41,2023,Bhatagaon,Quarterly,0,0
2023-01-11 06:00:00,9.34,22.47,21.18,0.96,101.63,56.54,0.8,5.44,2023,Bhatagaon,Quarterly,0,0
2023-01-11 06:15:00,9.37,22.23,21.07,1.22,101.63,56.54,0.81,5.45,2023,Bhatagaon,Quarterly,0,0
2023-01-11 06:30:00,9.34,21.87,20.85,1.1,101.63,56.54,0.82,5.43,2023,Bhatagaon,Quarterly,0,0
2023-01-11 06:45:00,9.34,21.84,20.84,1.21,102.75,57.2,0.83,5.44,2023,Bhatagaon,Quarterly,0,0
2023-01-11 07:00:00,9.14,22.61,21.1,1.09,103.83,57.5,0.82,5.46,2023,Bhatagaon,Quarterly,0,0
2023-01-11 07:15:00,9.13,22.75,21.17,1.31,103.83,57.5,0.72,5.46,2023,Bhatagaon,Quarterly,0,0
2023-01-11 07:30:00,9.06,23.14,21.32,1.31,103.83,57.5,0.76,5.44,2023,Bhatagaon,Quarterly,0,0
2023-01-11 07:45:00,9.08,24.43,22.06,1.47,104.68,56.07,0.77,5.39,2023,Bhatagaon,Quarterly,0,0
2023-01-11 08:00:00,9.42,23.83,22.0,0.28,105.49,55.43,0.77,5.39,2023,Bhatagaon,Quarterly,0,0
2023-01-11 08:15:00,8.95,23.27,21.31,0.57,105.49,55.43,0.78,5.45,2023,Bhatagaon,Quarterly,0,0
2023-01-11 08:30:00,8.48,23.82,21.24,0.71,105.49,55.43,0.78,5.42,2023,Bhatagaon,Quarterly,0,0
2023-01-11 08:45:00,8.03,25.34,21.72,0.61,105.83,57.2,0.79,5.36,2023,Bhatagaon,Quarterly,0,0
2023-01-11 09:00:00,7.47,23.89,20.47,0.68,106.15,58.01,0.79,5.36,2023,Bhatagaon,Quarterly,0,0
2023-01-11 09:15:00,6.77,24.89,20.46,0.55,106.15,58.01,0.79,5.31,2023,Bhatagaon,Quarterly,0,0
2023-01-11 09:30:00,5.92,25.35,20.03,0.61,106.15,58.01,0.78,5.23,2023,Bhatagaon,Quarterly,0,0
2023-01-11 09:45:00,4.97,23.35,18.16,0.59,109.52,56.54,0.76,5.15,2023,Bhatagaon,Quarterly,0,0
2023-01-11 10:00:00,4.26,23.57,17.72,0.88,112.62,55.87,0.75,5.08,2023,Bhatagaon,Quarterly,0,0
2023-01-11 10:15:00,3.64,23.08,16.95,0.79,112.62,55.87,0.73,5.06,2023,Bhatagaon,Quarterly,0,0
2023-01-11 10:30:00,3.1,22.78,16.35,0.9,112.62,55.87,0.72,5.02,2023,Bhatagaon,Quarterly,0,0
2023-01-11 10:45:00,2.67,23.79,16.56,0.8,102.4,53.0,0.71,4.94,2023,Bhatagaon,Quarterly,0,0
2023-01-11 11:00:00,3.18,20.92,15.39,0.98,93.05,51.7,0.7,5.02,2023,Bhatagaon,Quarterly,0,0
2023-01-11 11:15:00,2.72,17.98,13.39,0.65,93.05,51.7,0.68,5.21,2023,Bhatagaon,Quarterly,0,0
2023-01-11 11:30:00,2.22,23.06,15.8,0.54,93.05,51.7,0.67,5.14,2023,Bhatagaon,Quarterly,0,0
2023-01-11 11:45:00,2.4,18.8,13.59,0.81,83.58,49.07,0.66,5.21,2023,Bhatagaon,Quarterly,0,0
2023-01-11 12:00:00,2.57,23.98,16.59,0.92,74.91,46.55,0.67,5.06,2023,Bhatagaon,Quarterly,0,0
2023-01-11 12:15:00,2.18,21.05,14.66,1.11,74.91,46.55,0.65,5.18,2023,Bhatagaon,Quarterly,0,0
2023-01-11 12:30:00,2.37,23.04,15.91,1.1,74.91,46.55,0.66,5.16,2023,Bhatagaon,Quarterly,0,0
2023-01-11 12:45:00,3.08,28.03,19.23,1.41,73.49,43.88,0.66,4.84,2023,Bhatagaon,Quarterly,0,0
2023-01-11 13:00:00,4.25,26.39,19.26,1.44,72.2,42.66,0.64,4.78,2023,Bhatagaon,Quarterly,0,0
2023-01-11 13:15:00,3.68,28.01,19.7,1.96,72.2,42.66,0.6,4.49,2023,Bhatagaon,Quarterly,0,0
2023-01-11 13:30:00,2.02,26.46,17.51,1.63,72.2,42.66,0.6,4.85,2023,Bhatagaon,Quarterly,0,0
2023-01-11 13:45:00,2.0,24.61,16.48,1.71,69.43,42.85,0.58,4.94,2023,Bhatagaon,Quarterly,0,0
2023-01-11 14:00:00,2.0,20.16,14.02,1.5,66.9,42.94,0.56,5.17,2023,Bhatagaon,Quarterly,0,0
2023-01-11 14:15:00,2.21,18.94,13.52,1.27,66.9,42.94,0.57,5.21,2023,Bhatagaon,Quarterly,0,0
2023-01-11 14:30:00,2.3,23.06,15.86,1.21,66.9,42.94,0.57,5.12,2023,Bhatagaon,Quarterly,0,0
2023-01-11 14:45:00,2.01,21.65,14.85,1.45,62.35,36.38,0.51,5.14,2023,Bhatagaon,Quarterly,0,0
2023-01-11 15:00:00,2.55,22.73,15.88,1.34,57.99,33.39,0.53,5.16,2023,Bhatagaon,Quarterly,0,0
2023-01-11 15:15:00,2.33,25.15,17.04,1.67,57.99,33.39,0.47,4.97,2023,Bhatagaon,Quarterly,0,0
2023-01-11 15:30:00,2.0,20.37,14.14,2.08,57.99,33.39,0.46,5.21,2023,Bhatagaon,Quarterly,0,0
2023-01-11 15:45:00,2.0,23.01,15.59,2.25,55.72,31.15,0.41,5.21,2023,Bhatagaon,Quarterly,0,0
2023-01-11 16:00:00,2.15,22.27,15.31,0.97,53.55,30.13,0.43,5.21,2023,Bhatagaon,Quarterly,0,0
2023-01-11 16:15:00,3.6,30.36,20.94,2.48,53.55,30.13,0.39,4.85,2023,Bhatagaon,Quarterly,0,0
2023-01-11 16:30:00,2.0,23.67,15.96,2.08,53.55,30.13,0.44,4.93,2023,Bhatagaon,Quarterly,0,0
2023-01-11 16:45:00,2.09,24.29,16.37,1.61,45.18,27.33,0.45,4.88,2023,Bhatagaon,Quarterly,0,0
2023-01-11 17:00:00,4.69,30.95,22.13,1.72,37.53,26.06,0.53,4.66,2023,Bhatagaon,Quarterly,0,0
2023-01-11 17:15:00,3.07,28.88,19.69,1.73,37.53,26.06,0.58,4.45,2023,Bhatagaon,Quarterly,0,0
2023-01-11 17:30:00,4.5,30.93,21.97,1.69,37.53,26.06,0.71,4.47,2023,Bhatagaon,Quarterly,0,0
2023-01-11 17:45:00,6.44,42.14,29.71,1.4,55.14,29.1,0.75,4.39,2023,Bhatagaon,Quarterly,0,0
2023-01-11 18:00:00,5.67,39.6,27.7,1.65,72.0,31.76,0.75,4.21,2023,Bhatagaon,Quarterly,0,0
2023-01-11 18:15:00,4.21,35.56,24.29,1.55,72.0,31.76,0.75,4.25,2023,Bhatagaon,Quarterly,0,0
2023-01-11 18:30:00,9.29,54.43,38.78,1.32,72.0,31.76,1.13,3.81,2023,Bhatagaon,Quarterly,0,0
2023-01-11 18:45:00,6.04,52.02,34.84,1.84,80.55,32.03,1.26,3.27,2023,Bhatagaon,Quarterly,0,0
2023-01-11 19:00:00,7.72,58.79,39.93,2.28,88.38,32.15,1.31,3.04,2023,Bhatagaon,Quarterly,0,0
2023-01-11 19:15:00,14.1,64.44,48.16,2.17,88.38,32.15,1.56,2.8,2023,Bhatagaon,Quarterly,0,0
2023-01-11 19:30:00,10.69,54.38,39.88,1.79,88.38,32.15,1.28,2.7,2023,Bhatagaon,Quarterly,0,0
2023-01-11 19:45:00,19.44,73.91,57.67,1.96,95.63,38.59,1.66,2.04,2023,Bhatagaon,Quarterly,0,0
2023-01-11 20:00:00,11.4,34.02,29.21,1.3,102.55,41.54,1.11,3.27,2023,Bhatagaon,Quarterly,0,0
2023-01-11 20:15:00,32.06,68.62,64.87,1.68,102.55,41.54,2.11,2.99,2023,Bhatagaon,Quarterly,0,0
2023-01-11 20:30:00,23.92,40.55,42.85,1.82,102.55,41.54,1.69,1.98,2023,Bhatagaon,Quarterly,0,0
2023-01-11 20:45:00,51.35,71.01,81.66,1.57,119.04,44.96,2.37,1.67,2023,Bhatagaon,Quarterly,0,0
2023-01-11 21:00:00,22.57,38.74,40.77,1.61,134.13,46.53,1.6,2.63,2023,Bhatagaon,Quarterly,0,0
2023-01-11 21:15:00,19.16,61.36,50.53,1.36,134.13,46.53,1.69,5.16,2023,Bhatagaon,Quarterly,0,0
2023-01-11 21:30:00,26.04,57.36,53.83,1.41,134.13,46.53,1.85,3.68,2023,Bhatagaon,Quarterly,0,0
2023-01-11 21:45:00,19.24,53.84,46.43,1.52,127.52,50.25,1.67,4.09,2023,Bhatagaon,Quarterly,0,0
2023-01-11 22:00:00,29.08,57.99,56.62,1.37,121.48,51.95,1.69,3.96,2023,Bhatagaon,Quarterly,0,0
2023-01-11 22:15:00,31.6,49.98,54.21,1.56,121.48,51.95,1.94,3.67,2023,Bhatagaon,Quarterly,0,0
2023-01-11 22:30:00,25.95,37.38,42.73,1.35,121.48,51.95,1.64,4.56,2023,Bhatagaon,Quarterly,0,0
2023-01-11 22:45:00,22.76,47.54,45.78,1.38,128.44,53.34,1.59,5.43,2023,Bhatagaon,Quarterly,0,0
2023-01-11 23:00:00,21.66,35.0,37.98,1.26,135.09,54.16,1.59,6.39,2023,Bhatagaon,Quarterly,0,0
2023-01-11 23:15:00,20.58,35.93,37.62,1.26,135.09,54.16,1.54,6.54,2023,Bhatagaon,Quarterly,0,0
2023-01-11 23:30:00,21.2,33.43,36.74,1.21,135.09,54.16,1.56,6.62,2023,Bhatagaon,Quarterly,0,0
2023-01-11 23:45:00,20.19,34.43,36.48,1.26,129.39,54.16,1.53,6.39,2023,Bhatagaon,Quarterly,0,0
2023-01-12 00:15:00,7.41,44.34,31.06,2.19,67.25,32.75,1.04,4.94,2023,Bhatagaon,Quarterly,0,0
2023-01-12 00:30:00,7.17,42.01,29.58,2.2,66.06,28.4,1.03,4.94,2023,Bhatagaon,Quarterly,0,0
2023-01-12 00:45:00,8.69,40.58,30.01,2.21,64.8,26.13,1.02,4.92,2023,Bhatagaon,Quarterly,0,0
2023-01-12 01:00:00,8.51,40.28,29.7,2.22,64.8,26.13,1.0,4.93,2023,Bhatagaon,Quarterly,0,0
2023-01-12 01:15:00,8.09,39.14,28.73,2.21,64.8,26.13,0.98,4.89,2023,Bhatagaon,Quarterly,0,0
2023-01-12 01:30:00,6.28,38.22,26.78,2.25,61.03,29.57,0.98,4.85,2023,Bhatagaon,Quarterly,0,0
2023-01-12 01:45:00,5.51,41.39,27.9,2.21,57.1,31.36,0.93,4.84,2023,Bhatagaon,Quarterly,0,0
2023-01-12 02:00:00,9.73,48.55,35.24,2.24,57.1,31.36,0.93,4.86,2023,Bhatagaon,Quarterly,0,0
2023-01-12 02:15:00,14.97,55.18,43.1,2.2,57.1,31.36,0.93,4.86,2023,Bhatagaon,Quarterly,0,0
2023-01-12 02:30:00,11.4,46.62,35.52,2.22,56.98,29.3,0.89,4.89,2023,Bhatagaon,Quarterly,0,0
2023-01-12 02:45:00,7.86,40.93,29.53,2.21,56.85,28.2,0.88,4.92,2023,Bhatagaon,Quarterly,0,0
2023-01-12 03:00:00,7.69,37.21,27.34,2.27,56.85,28.2,0.88,4.98,2023,Bhatagaon,Quarterly,0,0
2023-01-12 03:15:00,8.45,37.88,28.32,2.16,56.85,28.2,0.86,5.0,2023,Bhatagaon,Quarterly,0,0
2023-01-12 03:30:00,7.28,38.74,27.87,2.19,55.04,27.03,0.85,5.04,2023,Bhatagaon,Quarterly,0,0
2023-01-12 03:45:00,6.91,39.72,28.11,2.25,53.15,25.75,0.82,5.1,2023,Bhatagaon,Quarterly,0,0
2023-01-12 04:00:00,7.34,39.96,28.59,2.14,53.15,25.75,0.81,5.19,2023,Bhatagaon,Quarterly,0,0
2023-01-12 04:15:00,7.48,38.69,28.0,2.29,53.15,25.75,0.8,5.21,2023,Bhatagaon,Quarterly,0,0
2023-01-12 04:30:00,9.56,44.76,33.01,2.25,51.83,24.08,0.79,5.21,2023,Bhatagaon,Quarterly,0,0
2023-01-12 04:45:00,10.35,48.06,35.47,2.19,50.44,23.21,0.79,5.21,2023,Bhatagaon,Quarterly,0,0
2023-01-12 05:00:00,11.01,49.92,37.03,2.2,50.44,23.21,0.79,5.21,2023,Bhatagaon,Quarterly,0,0
2023-01-12 05:15:00,10.27,52.21,37.7,2.28,50.44,23.21,0.78,5.2,2023,Bhatagaon,Quarterly,0,0
2023-01-12 05:30:00,8.68,43.84,31.81,2.24,52.82,26.59,0.79,5.15,2023,Bhatagaon,Quarterly,0,0
2023-01-12 05:45:00,7.83,38.05,27.92,2.3,55.31,28.35,0.78,5.18,2023,Bhatagaon,Quarterly,0,0
2023-01-12 06:00:00,9.14,46.81,33.81,2.23,55.31,28.35,0.78,5.21,2023,Bhatagaon,Quarterly,0,0
2023-01-12 06:15:00,15.9,57.17,44.95,2.23,55.31,28.35,0.77,5.21,2023,Bhatagaon,Quarterly,0,0
2023-01-12 06:30:00,23.21,67.03,56.25,2.22,60.8,31.7,0.79,5.06,2023,Bhatagaon,Quarterly,0,0
2023-01-12 06:45:00,32.12,72.46,66.4,2.21,66.54,33.46,0.82,4.86,2023,Bhatagaon,Quarterly,0,0
2023-01-12 07:00:00,14.53,54.49,42.37,2.24,66.54,33.46,0.83,4.96,2023,Bhatagaon,Quarterly,0,0
2023-01-12 07:15:00,11.63,51.2,38.23,2.21,66.54,33.46,0.8,5.04,2023,Bhatagaon,Quarterly,0,0
2023-01-12 07:30:00,20.06,67.25,53.85,2.28,66.89,34.3,0.84,5.05,2023,Bhatagaon,Quarterly,0,0
2023-01-12 07:45:00,24.02,76.65,62.21,2.24,67.26,35.22,0.85,5.06,2023,Bhatagaon,Quarterly,0,0
2023-01-12 08:00:00,11.25,46.98,35.6,2.12,67.26,35.22,0.87,5.2,2023,Bhatagaon,Quarterly,0,0
2023-01-12 08:15:00,13.95,64.2,47.26,2.21,67.26,35.22,0.87,5.22,2023,Bhatagaon,Quarterly,0,0
2023-01-12 08:30:00,15.73,69.93,51.86,2.28,66.24055555555556,35.58833333333333,0.87,5.27,2023,Bhatagaon,Quarterly,1,17
2023-01-12 08:45:00,10.19,51.64,37.32,2.3,65.22111111111111,35.95666666666666,0.87,5.21,2023,Bhatagaon,Quarterly,1,17
2023-01-12 09:00:00,10.92,55.85,40.22,2.29,64.20166666666667,36.325,0.87,5.22,2023,Bhatagaon,Quarterly,1,17
2023-01-12 09:15:00,13.21,53.68,40.87,2.2,,,0.86,5.2,2023,Bhatagaon,Quarterly,1,17
2023-01-12 09:30:00,9.18,44.19,32.39,2.23,,,0.85,5.19,2023,Bhatagaon,Quarterly,1,17
2023-01-12 09:45:00,8.15,42.14,30.43,2.31,,,0.83,5.1,2023,Bhatagaon,Quarterly,1,17
2023-01-12 10:00:00,7.16,42.32,29.74,2.29,,,0.81,5.08,2023,Bhatagaon,Quarterly,1,17
2023-01-12 10:15:00,7.02,44.6,30.9,2.28,,,0.81,5.13,2023,Bhatagaon,Quarterly,1,17
2023-01-12 10:30:00,7.79,53.0,36.14,2.2,,,0.83,5.11,2023,Bhatagaon,Quarterly,1,17
2023-01-12 10:45:00,6.07,45.66,30.71,2.25,,,0.8,5.13,2023,Bhatagaon,Quarterly,1,17
2023-01-12 11:00:00,5.72,49.55,32.58,2.25,,,0.81,5.21,2023,Bhatagaon,Quarterly,1,17
2023-01-12 11:15:00,4.64,42.5,27.83,2.2,,,0.8,5.21,2023,Bhatagaon,Quarterly,1,17
2023-01-12 11:30:00,3.98,40.73,26.32,2.2,,,0.77,5.21,2023,Bhatagaon,Quarterly,1,17
2023-01-12 11:45:00,4.15,41.68,26.97,2.28,,,0.75,5.21,2023,Bhatagaon,Quarterly,1,17
2023-01-12 12:00:00,3.84,39.44,25.49,2.12,,,0.74,5.21,2023,Bhatagaon,Quarterly,1,17
2023-01-12 12:15:00,3.47,40.46,25.76,2.12,,,0.72,5.21,2023,Bhatagaon,Quarterly,1,17
2023-01-12 12:30:00,3.32,40.56,25.69,2.16,,,0.7,5.21,2023,Bhatagaon,Quarterly,1,17
2023-01-12 12:45:00,3.36,43.72,27.47,2.11,48.91,41.85,0.7,5.21,2023,Bhatagaon,Quarterly,0,0
2023-01-12 13:00:00,3.54,41.69,26.49,2.14,48.91,41.85,0.69,5.21,2023,Bhatagaon,Quarterly,0,0
2023-01-12 13:15:00,3.78,45.63,28.86,2.1,48.91,41.85,0.68,5.21,2023,Bhatagaon,Quarterly,0,0
2023-01-12 13:30:00,3.21,40.13,25.37,2.16,47.39,35.39,0.72,5.21,2023,Bhatagaon,Quarterly,0,0
2023-01-12 13:45:00,4.59,45.55,29.47,2.22,45.79,32.01,0.7,5.21,2023,Bhatagaon,Quarterly,0,0
2023-01-12 14:00:00,3.7,48.96,30.63,2.2,45.79,32.01,0.71,5.21,2023,Bhatagaon,Quarterly,0,0
2023-01-12 14:15:00,4.2,50.22,31.73,2.18,45.79,32.01,0.7,5.21,2023,Bhatagaon,Quarterly,0,0
2023-01-12 14:30:00,4.56,46.51,29.97,2.18,45.51,30.91,0.69,5.21,2023,Bhatagaon,Quarterly,0,0
2023-01-12 14:45:00,4.37,43.69,28.27,2.11,45.21,30.33,0.69,5.21,2023,Bhatagaon,Quarterly,0,0
2023-01-12 15:00:00,4.09,41.93,27.07,2.13,45.21,30.33,0.65,5.21,2023,Bhatagaon,Quarterly,0,0
2023-01-12 15:15:00,6.84,67.15,43.19,2.13,45.21,30.33,0.73,5.21,2023,Bhatagaon,Quarterly,0,0
2023-01-12 15:30:00,5.92,43.06,29.16,2.14,44.84,33.27,0.68,5.21,2023,Bhatagaon,Quarterly,0,0
2023-01-12 15:45:00,6.51,52.24,34.69,2.16,44.46,36.48,0.69,5.21,2023,Bhatagaon,Quarterly,0,0
2023-01-12 16:00:00,6.73,68.47,43.83,2.18,44.46,36.48,0.72,5.21,2023,Bhatagaon,Quarterly,0,0
2023-01-12 16:15:00,6.09,42.75,29.12,2.22,44.46,36.48,0.68,5.21,2023,Bhatagaon,Quarterly,0,0
2023-01-12 16:30:00,6.53,48.0,32.37,2.28,44.76,27.2,0.75,5.21,2023,Bhatagaon,Quarterly,0,0
2023-01-12 16:45:00,6.38,48.15,32.33,2.23,45.07,22.35,0.75,5.21,2023,Bhatagaon,Quarterly,0,0
2023-01-12 17:00:00,6.45,44.58,30.42,2.23,45.07,22.35,0.77,5.21,2023,Bhatagaon,Quarterly,0,0
2023-01-12 17:15:00,6.8,46.69,31.86,2.2,45.07,22.35,0.92,5.2,2023,Bhatagaon,Quarterly,0,0
2023-01-12 17:30:00,7.22,48.32,33.1,2.21,48.262142857142855,24.565714285714286,0.88,4.99,2023,Bhatagaon,Quarterly,1,13
2023-01-12 17:45:00,7.09,49.64,33.73,2.19,51.45428571428572,26.781428571428574,0.88,4.85,2023,Bhatagaon,Quarterly,1,13
2023-01-12 18:00:00,6.17,48.42,32.32,2.28,54.64642857142857,28.997142857142858,0.9,4.84,2023,Bhatagaon,Quarterly,1,13
2023-01-12 18:15:00,6.21,53.1,34.93,2.26,,,0.95,4.79,2023,Bhatagaon,Quarterly,1,13
2023-01-12 18:30:00,6.16,55.7,36.33,2.2,,,0.98,4.78,2023,Bhatagaon,Quarterly,1,13
2023-01-12 18:45:00,6.84,52.41,35.05,2.18,,,1.06,4.8,2023,Bhatagaon,Quarterly,1,13
2023-01-12 19:00:00,7.01,51.73,34.81,2.26,,,1.15,4.84,2023,Bhatagaon,Quarterly,1,13
2023-01-12 19:15:00,7.04,52.71,35.38,2.2,,,0.99,4.91,2023,Bhatagaon,Quarterly,1,13
2023-01-12 19:30:00,8.46,55.62,38.13,2.19,,,1.16,4.89,2023,Bhatagaon,Quarterly,1,13
2023-01-12 19:45:00,15.56,54.4,43.15,2.23,,,1.22,5.05,2023,Bhatagaon,Quarterly,1,13
2023-01-12 20:00:00,13.8,53.26,41.11,2.02,,,1.29,5.3,2023,Bhatagaon,Quarterly,1,13
2023-01-12 20:15:00,16.59,56.49,45.13,2.23,,,1.35,5.38,2023,Bhatagaon,Quarterly,1,13
2023-01-12 20:30:00,19.67,62.95,51.16,2.18,,,1.35,5.44,2023,Bhatagaon,Quarterly,1,13
2023-01-12 20:45:00,16.25,59.92,46.74,2.17,89.76,53.37,1.36,5.52,2023,Bhatagaon,Quarterly,0,0
2023-01-12 21:00:00,13.44,58.85,43.9,2.16,89.76,53.37,1.33,5.53,2023,Bhatagaon,Quarterly,0,0
2023-01-12 21:15:00,11.32,53.1,39.03,2.09,89.76,53.37,1.3,5.55,2023,Bhatagaon,Quarterly,0,0
2023-01-12 21:30:00,10.12,51.25,37.05,2.18,84.38,43.77,1.3,5.45,2023,Bhatagaon,Quarterly,0,0
2023-01-12 21:45:00,10.06,50.39,36.53,2.14,78.76,38.75,1.29,5.4,2023,Bhatagaon,Quarterly,0,0
2023-01-12 22:00:00,9.93,53.6,38.19,2.18,78.76,38.75,1.25,5.35,2023,Bhatagaon,Quarterly,0,0
2023-01-12 22:15:00,19.58,67.79,53.76,2.17,78.76,38.75,1.24,5.27,2023,Bhatagaon,Quarterly,0,0
2023-01-12 22:30:00,17.17,60.86,48.0,2.14,76.03,38.89,1.23,5.28,2023,Bhatagaon,Quarterly,0,0
2023-01-12 22:45:00,17.83,56.02,45.86,2.2,73.17,38.96,1.19,5.32,2023,Bhatagaon,Quarterly,0,0
2023-01-12 23:00:00,13.68,56.32,42.7,2.2,73.17,38.96,1.17,5.34,2023,Bhatagaon,Quarterly,0,0
2023-01-12 23:15:00,9.86,48.19,35.14,2.23,73.17,38.96,1.17,5.34,2023,Bhatagaon,Quarterly,0,0
2023-01-12 23:30:00,7.89,46.23,32.49,2.24,70.02,35.04,1.13,5.35,2023,Bhatagaon,Quarterly,0,0
2023-01-12 23:45:00,8.42,45.77,32.65,2.25,66.73,30.75,1.11,5.3,2023,Bhatagaon,Quarterly,0,0
2024-01-02 00:15:00,16.07,61.42,47.43,0.26,88.12,37.77,1.04,7.93,2024,Bhatagaon,Quarterly,0,0
2024-01-02 00:30:00,18.71,60.7,49.15,0.27,90.56,39.22,1.06,8.07,2024,Bhatagaon,Quarterly,0,0
2024-01-02 00:45:00,20.8,57.48,49.05,0.24,101.84,44.16,1.05,8.19,2024,Bhatagaon,Quarterly,0,0
2024-01-02 01:00:00,20.33,58.5,49.23,0.3,101.84,44.16,1.03,8.18,2024,Bhatagaon,Quarterly,0,0
2024-01-02 01:15:00,18.13,59.97,48.28,0.27,101.84,44.16,0.96,8.14,2024,Bhatagaon,Quarterly,0,0
2024-01-02 01:30:00,16.23,59.57,46.54,0.28,99.55,43.18,0.95,8.0,2024,Bhatagaon,Quarterly,0,0
2024-01-02 01:45:00,14.57,59.51,45.17,0.24,88.97,39.86,0.92,7.91,2024,Bhatagaon,Quarterly,0,0
2024-01-02 02:00:00,13.07,58.93,43.65,0.28,88.97,39.86,0.9,7.75,2024,Bhatagaon,Quarterly,0,0
2024-01-02 02:15:00,11.71,58.38,42.25,0.25,88.97,39.86,0.86,7.61,2024,Bhatagaon,Quarterly,0,0
2024-01-02 02:30:00,10.46,57.3,40.66,0.28,86.37,39.51,0.84,7.45,2024,Bhatagaon,Quarterly,0,0
2024-01-02 02:45:00,9.47,56.76,39.56,0.23,74.36,38.31,0.81,7.33,2024,Bhatagaon,Quarterly,0,0
2024-01-02 03:00:00,8.69,55.98,38.51,0.25,74.36,38.31,0.79,7.25,2024,Bhatagaon,Quarterly,0,0
2024-01-02 03:15:00,8.49,55.3,37.97,0.2,74.36,38.31,0.76,7.17,2024,Bhatagaon,Quarterly,0,0
2024-01-02 03:30:00,8.2,54.27,37.17,0.16,73.27,37.79,0.75,7.07,2024,Bhatagaon,Quarterly,0,0
2024-01-02 03:45:00,7.96,54.1,36.89,0.21,68.28,35.11,0.73,7.05,2024,Bhatagaon,Quarterly,0,0
2024-01-02 04:00:00,8.03,53.27,36.49,0.08,68.28,35.11,0.72,7.08,2024,Bhatagaon,Quarterly,0,0
2024-01-02 04:15:00,8.07,53.6,36.7,0.1,68.28,35.11,0.73,7.164,2024,Bhatagaon,Quarterly,1,4
2024-01-02 04:30:00,9.52,54.5,38.36,0.19,69.53,35.32,0.76,7.248,2024,Bhatagaon,Quarterly,1,4
2024-01-02 04:45:00,9.52,54.5,38.36,0.19,69.53,35.32,0.76,7.332,2024,Bhatagaon,Quarterly,1,4
2024-01-02 05:00:00,9.52,54.5,38.36,0.19,69.53,35.32,0.76,,2024,Bhatagaon,Quarterly,1,4
2024-01-02 05:15:00,14.32,53.41,41.6,0.16,87.91,38.04,0.82,7.5,2024,Bhatagaon,Quarterly,0,0
2024-01-02 05:30:00,16.8,53.55,43.67,0.18,94.16,40.35,0.86,7.75,2024,Bhatagaon,Quarterly,0,0
2024-01-02 05:45:00,19.13,53.57,45.55,0.11,123.09,48.34,0.88,7.86,2024,Bhatagaon,Quarterly,0,0
2024-01-02 06:00:00,21.33,53.41,47.22,0.25,123.09,48.34,0.9,8.07,2024,Bhatagaon,Quarterly,0,0
2024-01-02 06:15:00,24.03,53.15,49.25,0.16,123.09,48.34,0.94,8.25,2024,Bhatagaon,Quarterly,0,0
2024-01-02 06:30:00,27.98,53.22,52.45,0.19,127.54,52.05,0.97,8.46,2024,Bhatagaon,Quarterly,0,0
2024-01-02 06:45:00,31.8,53.32,55.57,0.24,148.13,64.67,1.0,8.72,2024,Bhatagaon,Quarterly,0,0
2024-01-02 07:00:00,36.15,53.13,58.96,0.25,148.13,64.67,1.04,8.99,2024,Bhatagaon,Quarterly,0,0
2024-01-02 07:15:00,40.54,53.19,62.51,0.26,148.13,64.67,1.05,9.29,2024,Bhatagaon,Quarterly,0,0
2024-01-02 07:30:00,43.97,53.29,65.32,0.26,153.74,65.96,1.12,9.61,2024,Bhatagaon,Quarterly,0,0
2024-01-02 07:45:00,46.42,51.87,66.5,0.29,179.71,72.53,1.14,9.83,2024,Bhatagaon,Quarterly,0,0
2024-01-02 08:00:00,45.84,52.05,66.13,0.15,179.71,72.53,1.16,9.88,2024,Bhatagaon,Quarterly,0,0
2024-01-02 08:15:00,45.49,52.94,66.35,0.28,179.71,72.53,1.21,9.86,2024,Bhatagaon,Quarterly,0,0
2024-01-02 08:30:00,44.66,54.67,66.64,0.37,180.33,73.19,1.25,9.89,2024,Bhatagaon,Quarterly,0,0
2024-01-02 08:45:00,42.93,56.1,66.03,0.37,183.19,75.44,1.26,9.82,2024,Bhatagaon,Quarterly,0,0
2024-01-02 09:00:00,42.93,56.1,66.03,0.37,183.19,75.44,1.26,9.82,2024,Bhatagaon,Quarterly,0,0
2024-01-02 09:15:00,38.82,58.02,63.8,0.28,183.19,75.44,1.25,9.64,2024,Bhatagaon,Quarterly,0,0
2024-01-02 09:30:00,32.58,59.6,59.67,0.32,176.33,72.34,1.2,9.29,2024,Bhatagaon,Quarterly,0,0
2024-01-02 09:45:00,30.28,60.5,58.32,0.35,148.47,64.68,1.19,9.11,2024,Bhatagaon,Quarterly,0,0
2024-01-02 10:00:00,28.43,62.61,57.99,0.3,148.47,64.68,1.2,8.97,2024,Bhatagaon,Quarterly,0,0
2024-01-02 10:15:00,26.79,64.18,57.55,0.25,148.47,64.68,1.2,8.85,2024,Bhatagaon,Quarterly,0,0
2024-01-02 10:30:00,24.48,66.94,57.22,0.27,143.88,62.38,1.21,8.82,2024,Bhatagaon,Quarterly,0,0
2024-01-02 10:45:00,22.26,69.53,56.87,0.3,122.64,54.43,1.22,8.76,2024,Bhatagaon,Quarterly,0,0
2024-01-02 11:00:00,19.31,71.53,55.61,0.3,122.64,54.43,1.22,8.6,2024,Bhatagaon,Quarterly,0,0
2024-01-02 11:15:00,16.7,73.35,54.52,0.28,122.64,54.43,1.22,8.53,2024,Bhatagaon,Quarterly,0,0
2024-01-02 11:30:00,14.85,74.7,53.78,0.27,119.25,53.64,1.22,8.43,2024,Bhatagaon,Quarterly,0,0
2024-01-02 11:45:00,13.24,74.68,52.48,0.29,103.59,49.58,1.2,8.38,2024,Bhatagaon,Quarterly,0,0
2024-01-02 12:00:00,11.39,74.35,50.82,0.06,103.59,49.58,1.17,8.3,2024,Bhatagaon,Quarterly,0,0
2024-01-02 12:15:00,9.28,74.26,49.07,0.11,103.59,49.58,1.16,8.23,2024,Bhatagaon,Quarterly,0,0
2024-01-02 12:30:00,7.46,74.41,47.7,0.14,102.12,48.21,1.14,8.14,2024,Bhatagaon,Quarterly,0,0
2024-01-02 12:45:00,5.63,73.78,45.88,0.16,95.35,43.56,1.1,8.07,2024,Bhatagaon,Quarterly,0,0
2024-01-02 13:00:00,4.19,73.39,44.51,0.13,95.35,43.56,1.07,7.91,2024,Bhatagaon,Quarterly,0,0
2024-01-02 13:15:00,3.67,72.7,43.71,0.17,95.35,43.56,0.91,7.83,2024,Bhatagaon,Quarterly,0,0
2024-01-02 13:30:00,3.34,71.58,42.83,0.11,93.37,42.94,0.96,7.74,2024,Bhatagaon,Quarterly,0,0
2024-01-02 13:45:00,3.19,70.36,42.04,0.28,84.18,40.84,0.93,7.72,2024,Bhatagaon,Quarterly,0,0
2024-01-02 14:00:00,2.69,68.77,40.76,0.1,84.18,40.84,0.87,7.67,2024,Bhatagaon,Quarterly,0,0
2024-01-02 14:15:00,2.31,66.88,39.41,0.11,84.18,40.84,0.83,7.53,2024,Bhatagaon,Quarterly,0,0
2024-01-02 14:30:00,2.05,64.12,37.68,0.14,81.35,39.01,0.77,7.41,2024,Bhatagaon,Quarterly,0,0
2024-01-02 14:45:00,1.94,60.56,35.62,0.06,68.29,32.76,0.72,7.33,2024,Bhatagaon,Quarterly,0,0
2024-01-02 15:00:00,2.03,59.62,35.18,0.05,68.29,32.76,0.68,7.12,2024,Bhatagaon,Quarterly,0,0
2024-01-02 15:15:00,2.13,58.82,34.81,0.16,68.29,32.76,0.66,7.01,2024,Bhatagaon,Quarterly,0,0
2024-01-02 15:30:00,2.19,57.94,34.38,0.08,66.06,32.43,0.64,6.86,2024,Bhatagaon,Quarterly,0,0
2024-01-02 15:45:00,2.32,57.45,34.21,0.11,55.76,30.91,0.62,6.89,2024,Bhatagaon,Quarterly,0,0
2024-01-02 16:00:00,2.29,56.87,33.87,0.12,55.76,30.91,0.59,6.88,2024,Bhatagaon,Quarterly,0,0
2024-01-02 16:15:00,2.44,56.31,33.68,0.25,55.76,30.91,0.58,6.82,2024,Bhatagaon,Quarterly,0,0
2024-01-02 16:30:00,3.16,56.94,34.61,0.25,52.21,30.26,0.58,6.81,2024,Bhatagaon,Quarterly,0,0
2024-01-02 16:45:00,3.69,58.31,35.79,0.26,35.77,28.18,0.58,6.88,2024,Bhatagaon,Quarterly,0,0
2024-01-02 17:00:00,3.98,58.98,36.39,0.26,35.77,28.18,0.59,6.94,2024,Bhatagaon,Quarterly,0,0
2024-01-02 17:15:00,4.25,59.55,36.92,0.26,35.77,28.18,0.59,6.94,2024,Bhatagaon,Quarterly,0,0
2024-01-02 17:30:00,5.09,60.59,38.16,0.28,36.89,27.21,0.62,6.97,2024,Bhatagaon,Quarterly,0,0
2024-01-02 17:45:00,7.12,62.03,40.59,0.3,42.1,23.9,0.65,7.11,2024,Bhatagaon,Quarterly,0,0
2024-01-02 18:00:00,9.42,63.01,42.98,0.23,42.1,23.9,0.69,7.28,2024,Bhatagaon,Quarterly,0,0
2024-01-02 18:15:00,11.92,64.41,45.75,0.27,42.1,23.9,0.78,7.48,2024,Bhatagaon,Quarterly,0,0
2024-01-02 18:30:00,15.12,64.44,48.33,0.29,47.43,24.51,0.87,7.75,2024,Bhatagaon,Quarterly,0,0
2024-01-02 18:45:00,17.97,63.5,50.1,0.28,72.1,26.59,0.96,8.06,2024,Bhatagaon,Quarterly,0,0
2024-01-02 19:00:00,20.38,62.87,51.68,0.3,72.1,26.59,1.07,8.24,2024,Bhatagaon,Quarterly,0,0
2024-01-02 19:15:00,22.79,62.26,53.28,0.35,72.1,26.59,1.07,8.46,2024,Bhatagaon,Quarterly,0,0
2024-01-02 19:30:00,24.06,62.07,54.19,0.36,77.52,28.27,1.18,8.61,2024,Bhatagaon,Quarterly,0,0
2024-01-02 19:45:00,25.79,61.8,55.44,0.36,102.61,36.06,1.25,8.72,2024,Bhatagaon,Quarterly,0,0
2024-01-02 20:00:00,30.39,61.35,58.88,0.1,102.61,36.06,1.29,8.94,2024,Bhatagaon,Quarterly,0,0
2024-01-02 20:15:00,34.65,61.12,62.16,0.27,102.61,36.06,1.31,9.29,2024,Bhatagaon,Quarterly,0,0
2024-01-02 20:30:00,39.65,60.76,65.97,0.3,107.39,38.22,1.33,9.57,2024,Bhatagaon,Quarterly,0,0
2024-01-02 20:45:00,44.68,60.15,69.67,0.31,129.52,45.56,1.46,9.92,2024,Bhatagaon,Quarterly,0,0
2024-01-02 21:00:00,51.97,60.0,75.43,0.33,129.52,45.56,1.66,10.28,2024,Bhatagaon,Quarterly,0,0
2024-01-02 21:15:00,60.38,59.92,82.13,0.34,129.52,45.56,1.79,10.83,2024,Bhatagaon,Quarterly,0,0
2024-01-02 21:30:00,70.8,59.17,90.07,0.42,138.33,47.52,1.68,11.44,2024,Bhatagaon,Quarterly,0,0
2024-01-02 21:45:00,82.98,57.7,99.03,0.43,179.03,54.18,1.82,12.08,2024,Bhatagaon,Quarterly,0,0
2024-01-02 22:00:00,88.48,59.87,104.64,0.41,179.03,54.18,1.95,12.79,2024,Bhatagaon,Quarterly,0,0
2024-01-02 22:15:00,92.45,60.23,108.02,0.44,179.03,54.18,2.03,13.21,2024,Bhatagaon,Quarterly,0,0
2024-01-02 22:30:00,95.16,60.23,110.2,0.52,178.34,54.94,2.09,13.5,2024,Bhatagaon,Quarterly,0,0
2024-01-02 22:45:00,99.17,60.04,113.3,0.43,175.14,57.37,2.14,13.8,2024,Bhatagaon,Quarterly,0,0
2024-01-02 23:00:00,98.17,59.05,111.96,0.44,175.14,57.37,2.11,13.92,2024,Bhatagaon,Quarterly,0,0
2024-01-02 23:15:00,96.25,58.28,109.99,0.43,175.14,57.37,2.07,13.82,2024,Bhatagaon,Quarterly,0,0
2024-01-02 23:30:00,96.22,58.36,110.02,0.52,167.43,56.4,2.05,13.74,2024,Bhatagaon,Quarterly,0,0
2024-01-02 23:45:00,95.49,58.24,109.37,0.56,131.77,51.49,2.02,13.7,2024,Bhatagaon,Quarterly,0,0
2024-01-03 00:15:00,30.26,57.9,56.87,3.95,70.93,25.91,0.86,9.7,2024,Bhatagaon,Quarterly,0,0
2024-01-03 00:30:00,29.26,58.09,56.17,3.85,67.7,26.46,0.85,9.69,2024,Bhatagaon,Quarterly,0,0
2024-01-03 00:45:00,28.37,57.73,55.26,3.89,67.06,26.57,0.84,9.67,2024,Bhatagaon,Quarterly,0,0
2024-01-03 01:00:00,27.14,57.04,53.89,3.78,67.06,26.57,0.82,9.61,2024,Bhatagaon,Quarterly,0,0
2024-01-03 01:15:00,25.94,56.29,52.51,3.75,67.06,26.57,0.76,9.59,2024,Bhatagaon,Quarterly,0,0
2024-01-03 01:30:00,25.01,56.17,51.7,3.91,60.95,23.47,0.78,9.55,2024,Bhatagaon,Quarterly,0,0
2024-01-03 01:45:00,24.08,54.98,50.3,3.72,59.73,22.85,0.76,9.52,2024,Bhatagaon,Quarterly,0,0
2024-01-03 02:00:00,23.46,53.65,49.07,3.51,59.73,22.85,0.75,9.44,2024,Bhatagaon,Quarterly,0,0
2024-01-03 02:15:00,23.21,49.84,46.76,3.72,59.73,22.85,0.73,9.34,2024,Bhatagaon,Quarterly,0,0
2024-01-03 02:30:00,23.49,50.83,47.54,3.66,68.21,22.96,0.73,9.42,2024,Bhatagaon,Quarterly,0,0
2024-01-03 02:45:00,23.91,50.95,47.94,3.86,69.91,22.98,0.71,9.51,2024,Bhatagaon,Quarterly,0,0
2024-01-03 03:00:00,24.12,50.88,48.07,3.68,69.91,22.98,0.7,9.53,2024,Bhatagaon,Quarterly,0,0
2024-01-03 03:15:00,24.19,51.16,48.28,3.51,69.91,22.98,0.7,9.61,2024,Bhatagaon,Quarterly,0,0
2024-01-03 03:30:00,24.56,50.85,48.41,3.39,72.91,24.11,0.7,9.6,2024,Bhatagaon,Quarterly,0,0
2024-01-03 03:45:00,25.48,50.8,49.12,3.59,73.51,24.34,0.7,9.62,2024,Bhatagaon,Quarterly,0,0
2024-01-03 04:00:00,26.14,48.83,48.55,3.41,73.51,24.34,0.7,9.63,2024,Bhatagaon,Quarterly,0,0
2024-01-03 04:15:00,26.71,48.4,48.78,3.34,73.51,24.34,0.71,9.58,2024,Bhatagaon,Quarterly,0,0
2024-01-03 04:30:00,27.42,50.14,50.31,3.76,86.39,29.51,0.74,9.59,2024,Bhatagaon,Quarterly,0,0
2024-01-03 04:45:00,28.26,50.82,51.36,3.74,88.97,30.54,0.77,9.61,2024,Bhatagaon,Quarterly,0,0
2024-01-03 05:00:00,29.9,51.09,52.82,3.54,88.97,30.54,0.81,9.62,2024,Bhatagaon,Quarterly,0,0
2024-01-03 05:15:00,31.57,52.02,54.67,3.6,88.97,30.54,0.86,9.59,2024,Bhatagaon,Quarterly,0,0
2024-01-03 05:30:00,33.28,52.1,56.09,3.77,197.7,46.84,0.89,9.62,2024,Bhatagaon,Quarterly,0,0
2024-01-03 05:45:00,34.14,52.56,57.03,4.05,219.44,50.1,0.9,9.73,2024,Bhatagaon,Quarterly,0,0
2024-01-03 06:00:00,33.92,53.16,57.18,3.66,219.44,50.1,0.9,9.8,2024,Bhatagaon,Quarterly,0,0
2024-01-03 06:15:00,34.28,52.91,57.34,3.7,219.44,50.1,0.9,9.77,2024,Bhatagaon,Quarterly,0,0
2024-01-03 06:30:00,34.93,53.84,58.36,3.55,167.57,50.49,0.91,9.76,2024,Bhatagaon,Quarterly,0,0
2024-01-03 06:45:00,34.91,52.72,57.73,3.75,157.2,50.57,0.93,9.79,2024,Bhatagaon,Quarterly,0,0
2024-01-03 07:00:00,35.53,52.12,57.9,3.78,157.2,50.57,0.97,9.76,2024,Bhatagaon,Quarterly,0,0
2024-01-03 07:15:00,37.02,53.12,59.64,4.03,157.2,50.57,0.93,9.85,2024,Bhatagaon,Quarterly,0,0
2024-01-03 07:30:00,37.66,53.08,60.14,3.94,168.48,54.42,0.99,9.91,2024,Bhatagaon,Quarterly,0,0
2024-01-03 07:45:00,38.1,53.25,60.59,4.04,170.74,55.2,1.01,9.97,2024,Bhatagaon,Quarterly,0,0
2024-01-03 08:00:00,37.89,53.4,60.5,5.29,170.74,55.2,1.0,9.99,2024,Bhatagaon,Quarterly,0,0
2024-01-03 08:15:00,36.93,53.17,59.61,4.71,170.74,55.2,1.0,9.98,2024,Bhatagaon,Quarterly,0,0
2024-01-03 08:30:00,35.93,53.87,59.19,4.46,125.46,51.69,0.99,10.0,2024,Bhatagaon,Quarterly,0,0
2024-01-03 08:45:00,34.42,53.85,57.97,4.25,116.41,50.99,0.98,9.95,2024,Bhatagaon,Quarterly,0,0
2024-01-03 09:00:00,31.82,55.43,56.76,4.24,116.41,50.99,0.96,9.82,2024,Bhatagaon,Quarterly,0,0
2024-01-03 09:15:00,29.07,57.03,55.43,4.67,116.41,50.99,0.93,9.73,2024,Bhatagaon,Quarterly,0,0
2024-01-03 09:30:00,26.27,58.43,53.95,4.5,74.66,44.0,0.9,9.62,2024,Bhatagaon,Quarterly,0,0
2024-01-03 09:45:00,23.13,59.65,52.11,4.59,66.31,42.6,0.87,9.54,2024,Bhatagaon,Quarterly,0,0
2024-01-03 10:00:00,20.03,60.66,50.19,4.4,66.31,42.6,0.84,9.44,2024,Bhatagaon,Quarterly,0,0
2024-01-03 10:15:00,16.87,61.29,47.99,4.21,66.31,42.6,0.81,9.32,2024,Bhatagaon,Quarterly,0,0
2024-01-03 10:30:00,13.42,61.85,45.54,4.18,58.19,36.36,0.77,9.25,2024,Bhatagaon,Quarterly,0,0
2024-01-03 10:45:00,10.27,61.9,43.05,4.31,56.57,35.11,0.74,9.17,2024,Bhatagaon,Quarterly,0,0
2024-01-03 11:00:00,7.67,61.45,40.71,4.21,56.57,35.11,0.71,9.1,2024,Bhatagaon,Quarterly,0,0
2024-01-03 11:15:00,5.4,58.52,37.27,3.98,56.57,35.11,0.68,8.99,2024,Bhatagaon,Quarterly,0,0
2024-01-03 11:30:00,3.97,55.74,34.59,4.17,58.11,28.33,0.65,8.94,2024,Bhatagaon,Quarterly,0,0
2024-01-03 11:45:00,3.45,55.52,34.05,3.96,58.41,26.97,0.63,8.92,2024,Bhatagaon,Quarterly,0,0
2024-01-03 12:00:00,3.51,54.97,33.79,3.75,58.41,26.97,0.62,8.94,2024,Bhatagaon,Quarterly,0,0
2024-01-03 12:15:00,3.7,54.49,33.68,3.61,58.41,26.97,0.61,8.98,2024,Bhatagaon,Quarterly,0,0
2024-01-03 12:30:00,3.86,54.18,33.64,3.8,47.82,25.79,0.6,9.01,2024,Bhatagaon,Quarterly,0,0
2024-01-03 12:45:00,3.83,54.1,33.57,3.58,45.7,25.56,0.6,9.0,2024,Bhatagaon,Quarterly,0,0
2024-01-03 13:00:00,3.76,54.13,33.53,3.91,45.7,25.56,0.59,9.02,2024,Bhatagaon,Quarterly,0,0
2024-01-03 13:15:00,3.88,54.76,33.97,3.6,45.7,25.56,0.54,9.03,2024,Bhatagaon,Quarterly,0,0
2024-01-03 13:30:00,3.3,55.12,33.71,3.57,43.66,24.87,0.57,8.98,2024,Bhatagaon,Quarterly,0,0
2024-01-03 13:45:00,2.72,55.76,33.6,4.27,43.25,24.74,0.57,8.9,2024,Bhatagaon,Quarterly,0,0
2024-01-03 14:00:00,1.99,55.79,33.03,3.98,43.25,24.74,0.55,8.86,2024,Bhatagaon,Quarterly,0,0
2024-01-03 14:15:00,1.57,54.86,32.18,3.7,43.25,24.74,0.54,8.84,2024,Bhatagaon,Quarterly,0,0
2024-01-03 14:30:00,1.65,55.19,32.43,3.42,57.23,27.01,0.53,8.79,2024,Bhatagaon,Quarterly,0,0
2024-01-03 14:45:00,1.93,55.29,32.71,3.88,60.03,27.46,0.53,8.77,2024,Bhatagaon,Quarterly,0,0
2024-01-03 15:00:00,2.27,55.62,33.16,4.0,60.03,27.46,0.52,8.76,2024,Bhatagaon,Quarterly,0,0
2024-01-03 15:15:00,2.45,55.69,33.34,3.55,60.03,27.46,0.52,8.73,2024,Bhatagaon,Quarterly,0,0
2024-01-03 15:30:00,2.74,55.48,33.46,3.49,53.18,19.15,0.51,8.75,2024,Bhatagaon,Quarterly,0,0
2024-01-03 15:45:00,3.0,55.74,33.81,3.7,51.81,17.48,0.5,8.71,2024,Bhatagaon,Quarterly,0,0
2024-01-03 16:00:00,2.99,54.22,32.97,4.89,51.81,17.48,0.48,8.67,2024,Bhatagaon,Quarterly,0,0
2024-01-03 16:15:00,3.02,53.18,32.41,4.41,51.81,17.48,0.46,8.74,2024,Bhatagaon,Quarterly,0,0
2024-01-03 16:30:00,3.33,53.06,32.6,4.1,38.68,23.41,0.47,8.73,2024,Bhatagaon,Quarterly,0,0
2024-01-03 16:45:00,4.01,53.36,33.31,4.35,36.05,24.59,0.47,8.77,2024,Bhatagaon,Quarterly,0,0
2024-01-03 17:00:00,4.43,53.27,33.6,4.27,36.05,24.59,0.44,8.81,2024,Bhatagaon,Quarterly,0,0
2024-01-03 17:15:00,4.28,52.43,33.01,4.34,36.05,24.59,0.45,8.85,2024,Bhatagaon,Quarterly,0,0
2024-01-03 17:30:00,4.23,52.36,32.94,4.05,37.74,18.34,0.45,8.86,2024,Bhatagaon,Quarterly,0,0
2024-01-03 17:45:00,4.13,52.21,32.77,3.91,38.07,17.09,0.45,8.86,2024,Bhatagaon,Quarterly,0,0
2024-01-03 18:00:00,4.06,52.41,32.83,4.33,38.07,17.09,0.46,8.82,2024,Bhatagaon,Quarterly,0,0
2024-01-03 18:15:00,4.34,54.54,34.23,4.02,38.07,17.09,0.45,8.78,2024,Bhatagaon,Quarterly,0,0
2024-01-03 18:30:00,4.47,56.27,35.29,4.31,45.84,16.1,0.45,8.78,2024,Bhatagaon,Quarterly,0,0
2024-01-03 18:45:00,4.85,57.63,36.34,4.28,47.39,15.9,0.47,8.78,2024,Bhatagaon,Quarterly,0,0
2024-01-03 19:00:00,6.3,59.55,38.56,4.21,47.39,15.9,0.51,8.73,2024,Bhatagaon,Quarterly,0,0
2024-01-03 19:15:00,10.02,61.99,42.89,4.64,47.39,15.9,0.61,8.72,2024,Bhatagaon,Quarterly,0,0
2024-01-03 19:30:00,16.24,64.76,49.41,4.85,80.97,25.3,0.72,8.77,2024,Bhatagaon,Quarterly,0,0
2024-01-03 19:45:00,26.64,68.0,59.54,4.92,87.68,27.18,0.87,8.86,2024,Bhatagaon,Quarterly,0,0
2024-01-03 20:00:00,36.45,70.81,68.95,3.31,87.68,27.18,0.96,9.11,2024,Bhatagaon,Quarterly,0,0
2024-01-03 20:15:00,43.46,72.75,75.65,4.08,87.68,27.18,1.04,9.34,2024,Bhatagaon,Quarterly,0,0
2024-01-03 20:30:00,47.72,73.2,79.31,3.99,106.16,26.95,1.06,9.59,2024,Bhatagaon,Quarterly,0,0
2024-01-03 20:45:00,48.29,71.7,78.94,4.21,109.86,26.91,1.04,9.78,2024,Bhatagaon,Quarterly,0,0
2024-01-03 21:00:00,47.99,70.23,77.89,4.01,109.86,26.91,1.05,9.88,2024,Bhatagaon,Quarterly,0,0
2024-01-03 21:15:00,48.58,69.33,77.86,4.03,109.86,26.91,1.07,9.94,2024,Bhatagaon,Quarterly,0,0
2024-01-03 21:30:00,49.83,68.92,78.64,4.18,91.11,33.16,1.06,10.0,2024,Bhatagaon,Quarterly,0,0
2024-01-03 21:45:00,50.54,67.77,78.57,4.24,87.36,34.41,1.05,10.0,2024,Bhatagaon,Quarterly,0,0
2024-01-03 22:00:00,50.01,66.71,77.57,3.76,87.36,34.41,1.02,10.09,2024,Bhatagaon,Quarterly,0,0
2024-01-03 22:15:00,49.13,65.8,76.36,4.16,87.36,34.41,1.05,10.1,2024,Bhatagaon,Quarterly,0,0
2024-01-03 22:30:00,49.28,65.18,76.14,3.76,80.69,41.16,1.06,10.11,2024,Bhatagaon,Quarterly,0,0
2024-01-03 22:45:00,48.73,65.69,75.97,3.86,79.36,42.51,1.05,10.1,2024,Bhatagaon,Quarterly,0,0
2024-01-03 23:00:00,46.32,66.21,74.33,4.02,79.36,42.51,1.02,10.05,2024,Bhatagaon,Quarterly,0,0
2024-01-03 23:15:00,43.86,66.33,72.42,3.96,79.36,42.51,0.99,9.97,2024,Bhatagaon,Quarterly,0,0
2024-01-03 23:30:00,43.72,67.74,73.1,3.98,72.53,34.99,0.98,9.86,2024,Bhatagaon,Quarterly,0,0
2024-01-03 23:45:00,42.85,68.6,72.87,4.02,71.17,33.49,0.96,9.85,2024,Bhatagaon,Quarterly,0,0
2024-01-04 00:15:00,5.93,45.57,28.49,0.71,36.85,20.48,0.51,9.63,2024,Bhatagaon,Quarterly,0,0
2024-01-04 00:30:00,6.1,44.77,28.2,1.12,36.85,20.48,0.51,9.56,2024,Bhatagaon,Quarterly,0,0
2024-01-04 00:45:00,6.64,44.04,28.25,1.32,38.13,21.51,0.51,9.67,2024,Bhatagaon,Quarterly,0,0
2024-01-04 01:00:00,6.68,43.44,27.97,1.19,39.74,22.78,0.5,9.63,2024,Bhatagaon,Quarterly,0,0
2024-01-04 01:15:00,6.52,42.4,27.3,1.4,39.74,22.78,0.49,9.71,2024,Bhatagaon,Quarterly,0,0
2024-01-04 01:30:00,6.39,41.49,26.72,1.11,39.74,22.78,0.51,9.54,2024,Bhatagaon,Quarterly,0,0
2024-01-04 01:45:00,6.4,41.0,26.48,1.21,38.37,21.81,0.51,9.49,2024,Bhatagaon,Quarterly,0,0
2024-01-04 02:00:00,6.54,40.94,26.55,1.1,36.59,20.6,0.5,9.56,2024,Bhatagaon,Quarterly,0,0
2024-01-04 02:15:00,6.69,40.47,26.43,1.16,36.59,20.6,0.51,9.67,2024,Bhatagaon,Quarterly,0,0
2024-01-04 02:30:00,6.7,40.74,26.58,1.12,36.59,20.6,0.5,9.59,2024,Bhatagaon,Quarterly,0,0
2024-01-04 02:45:00,6.61,40.87,26.58,1.3,36.08,20.29,0.49,9.45,2024,Bhatagaon,Quarterly,0,0
2024-01-04 03:00:00,6.7,41.38,26.91,0.9,35.41,19.9,0.48,9.53,2024,Bhatagaon,Quarterly,0,0
2024-01-04 03:15:00,6.82,41.13,26.88,1.07,35.41,19.9,0.49,9.61,2024,Bhatagaon,Quarterly,0,0
2024-01-04 03:30:00,7.02,40.46,26.69,1.03,35.41,19.9,0.48,9.65,2024,Bhatagaon,Quarterly,0,0
2024-01-04 03:45:00,7.35,41.07,27.27,1.28,37.17,20.08,0.48,9.52,2024,Bhatagaon,Quarterly,0,0
2024-01-04 04:00:00,7.67,40.66,27.31,2.67,39.47,20.32,0.49,9.69,2024,Bhatagaon,Quarterly,0,0
2024-01-04 04:15:00,7.79,39.96,27.04,2.73,39.47,20.32,0.49,9.66,2024,Bhatagaon,Quarterly,0,0
2024-01-04 04:30:00,7.78,42.12,28.16,2.47,39.47,20.32,0.49,9.51,2024,Bhatagaon,Quarterly,0,0
2024-01-04 04:45:00,7.5,43.17,28.49,2.44,38.32,20.57,0.5,9.61,2024,Bhatagaon,Quarterly,0,0
2024-01-04 05:00:00,7.25,43.37,28.39,2.5,36.82,20.88,0.5,9.62,2024,Bhatagaon,Quarterly,0,0
2024-01-04 05:15:00,6.98,43.01,27.99,2.62,36.82,20.88,0.5,9.69,2024,Bhatagaon,Quarterly,0,0
2024-01-04 05:30:00,6.55,42.27,27.26,2.43,36.82,20.88,0.5,9.56,2024,Bhatagaon,Quarterly,0,0
2024-01-04 05:45:00,6.1,42.15,26.84,2.3,39.27,21.18,0.51,9.61,2024,Bhatagaon,Quarterly,0,0
2024-01-04 06:00:00,5.58,41.17,25.91,2.64,42.48,21.56,0.5,9.46,2024,Bhatagaon,Quarterly,0,0
2024-01-04 06:15:00,5.41,41.99,26.2,2.57,42.48,21.56,0.51,9.52,2024,Bhatagaon,Quarterly,0,0
2024-01-04 06:30:00,5.52,42.43,26.51,2.63,42.48,21.56,0.52,9.53,2024,Bhatagaon,Quarterly,0,0
2024-01-04 06:45:00,5.61,42.77,26.76,2.77,42.88,21.13,0.53,9.47,2024,Bhatagaon,Quarterly,0,0
2024-01-04 07:00:00,5.74,44.01,27.52,2.65,43.4,20.56,0.54,9.48,2024,Bhatagaon,Quarterly,0,0
2024-01-04 07:15:00,5.82,43.48,27.3,2.34,43.4,20.56,0.52,9.47,2024,Bhatagaon,Quarterly,0,0
2024-01-04 07:30:00,6.03,40.84,26.09,2.73,43.4,20.56,0.56,9.65,2024,Bhatagaon,Quarterly,0,0
2024-01-04 07:45:00,5.96,42.38,26.84,2.54,45.69,20.88,0.58,9.53,2024,Bhatagaon,Quarterly,0,0
2024-01-04 08:00:00,5.77,45.87,28.51,1.72,48.69,21.27,0.6,9.75,2024,Bhatagaon,Quarterly,0,0
2024-01-04 08:15:00,5.4,47.26,28.94,1.91,48.69,21.27,0.61,9.53,2024,Bhatagaon,Quarterly,0,0
2024-01-04 08:30:00,4.64,47.43,28.42,1.99,48.69,21.27,0.61,9.42,2024,Bhatagaon,Quarterly,0,0
2024-01-04 08:45:00,3.79,47.99,28.03,2.27,49.65,22.35,0.61,9.67,2024,Bhatagaon,Quarterly,0,0
2024-01-04 09:00:00,2.48,48.45,27.23,2.28,50.91,23.72,0.6,9.46,2024,Bhatagaon,Quarterly,0,0
2024-01-04 09:15:00,1.67,50.47,27.63,2.48,50.91,23.72,0.6,9.32,2024,Bhatagaon,Quarterly,0,0
2024-01-04 09:30:00,1.21,53.44,28.82,2.49,50.91,23.72,0.59,9.65,2024,Bhatagaon,Quarterly,0,0
2024-01-04 09:45:00,0.95,51.68,27.69,2.38,52.35,23.72,0.58,9.62,2024,Bhatagaon,Quarterly,0,0
2024-01-04 10:00:00,0.88,51.8,27.69,2.63,54.24,23.72,0.57,9.39,2024,Bhatagaon,Quarterly,0,0
2024-01-04 10:15:00,0.73,52.72,28.05,2.65,54.24,23.72,0.55,9.53,2024,Bhatagaon,Quarterly,0,0
2024-01-04 10:30:00,0.67,54.7,29.04,2.59,54.24,23.72,0.53,9.54,2024,Bhatagaon,Quarterly,0,0
2024-01-04 10:45:00,0.65,55.7,29.54,2.83,54.24,23.72,0.53,9.58,2024,Bhatagaon,Quarterly,0,0
2024-01-04 11:00:00,0.92,48.26,25.87,1.45,54.24,23.72,0.52,9.36,2024,Bhatagaon,Quarterly,0,0
2024-01-04 11:15:00,1.18,44.21,23.97,4.41,54.24,23.72,0.51,9.16,2024,Bhatagaon,Quarterly,0,0
2024-01-04 11:30:00,1.13,42.3,22.93,2.75,54.24,23.72,0.51,9.38,2024,Bhatagaon,Quarterly,0,0
2024-01-04 11:45:00,1.01,43.48,23.44,3.833333333333333,11.45,5.01,0.51,9.44,2024,Bhatagaon,Quarterly,1,4
2024-01-04 12:00:00,0.78,41.44,22.19,4.916666666666666,25.195,8.334999999999999,0.5,9.37,2024,Bhatagaon,Quarterly,1,4
2024-01-04 12:15:00,0.6566666666666667,42.39,22.59,6.0,38.94,11.66,0.48,9.3,2024,Bhatagaon,Quarterly,1,4
2024-01-04 12:30:00,0.5333333333333333,43.339999999999996,22.990000000000002,2.39,52.685,14.985,3.3,9.4,2024,Bhatagaon,Quarterly,1,4
2024-01-04 12:45:00,0.41,44.29,23.39,2.43,66.43,18.31,0.49,9.35,2024,Bhatagaon,Quarterly,0,0
2024-01-04 13:00:00,0.39,42.06,22.21,2.69,66.43,18.31,0.48,9.32,2024,Bhatagaon,Quarterly,0,0
2024-01-04 13:15:00,0.5,41.2,21.85,2.45,66.43,18.31,0.44,9.35,2024,Bhatagaon,Quarterly,0,0
2024-01-04 13:30:00,0.54,39.52,21.01,2.21,66.43,18.31,0.47,9.31,2024,Bhatagaon,Quarterly,0,0
2024-01-04 13:45:00,0.57,50.62,26.82,3.2,64.1,21.66,0.48,9.51,2024,Bhatagaon,Quarterly,0,0
2024-01-04 14:00:00,0.6,57.78,30.59,2.08,63.51,22.49,0.48,9.35,2024,Bhatagaon,Quarterly,0,0
2024-01-04 14:15:00,0.7,58.45,31.02,2.2,63.51,22.49,0.48,9.47,2024,Bhatagaon,Quarterly,0,0
2024-01-04 14:30:00,0.68,57.65,30.58,2.54,63.51,22.49,0.48,9.44,2024,Bhatagaon,Quarterly,0,0
2024-01-04 14:45:00,0.59,40.87,21.75,2.25,56.36,24.08,0.48,9.79,2024,Bhatagaon,Quarterly,0,0
2024-01-04 15:00:00,0.77,55.97,29.78,2.77,54.58,24.48,0.46,9.58,2024,Bhatagaon,Quarterly,0,0
2024-01-04 15:15:00,0.57,35.0,18.67,2.73,54.58,24.48,0.45,9.23,2024,Bhatagaon,Quarterly,0,0
2024-01-04 15:30:00,0.84,58.09,30.94,2.64,54.58,24.48,0.44,9.63,2024,Bhatagaon,Quarterly,0,0
2024-01-04 15:45:00,0.51,52.53,27.78,2.67,44.21,32.43,0.41,9.51,2024,Bhatagaon,Quarterly,0,0
2024-01-04 16:00:00,0.53,53.15,28.11,0.82,41.62,34.41,0.41,9.42,2024,Bhatagaon,Quarterly,0,0
2024-01-04 16:15:00,0.49,53.74,28.39,1.46,41.62,34.41,0.41,9.41,2024,Bhatagaon,Quarterly,0,0
2024-01-04 16:30:00,0.39,48.48,25.56,1.36,41.62,34.41,0.41,9.48,2024,Bhatagaon,Quarterly,0,0
2024-01-04 16:45:00,0.59,47.95,25.45,1.14,51.56,32.03,0.41,9.53,2024,Bhatagaon,Quarterly,0,0
2024-01-04 17:00:00,0.68,45.05,24.0,1.06,54.05,31.43,0.41,9.29,2024,Bhatagaon,Quarterly,0,0
2024-01-04 17:15:00,0.39,20.96,11.19,1.09,54.05,31.43,0.41,9.55,2024,Bhatagaon,Quarterly,0,0
2024-01-04 17:30:00,2.88,17.9,11.34,0.91,54.05,31.43,0.44,9.53,2024,Bhatagaon,Quarterly,0,0
2024-01-04 17:45:00,5.99,51.61,31.69,1.07,32.72,29.5,0.46,9.45,2024,Bhatagaon,Quarterly,0,0
2024-01-04 18:00:00,5.7,52.2,31.76,1.31,27.38,29.01,0.51,9.53,2024,Bhatagaon,Quarterly,0,0
2024-01-04 18:15:00,6.2,56.27,34.29,1.0,27.38,29.01,0.54,9.57,2024,Bhatagaon,Quarterly,0,0
2024-01-04 18:30:00,7.11,56.84,35.32,1.25,27.38,29.01,0.58,9.41,2024,Bhatagaon,Quarterly,0,0
2024-01-04 18:45:00,8.15,56.44,35.94,1.04,57.97,26.53,0.66,9.59,2024,Bhatagaon,Quarterly,0,0
2024-01-04 19:00:00,9.36,58.17,37.82,1.16,65.62,25.9,0.7,9.88,2024,Bhatagaon,Quarterly,0,0
2024-01-04 19:15:00,9.89,59.48,38.93,1.14,65.62,25.9,0.71,9.81,2024,Bhatagaon,Quarterly,0,0
2024-01-04 19:30:00,10.17,60.3,39.58,1.15,65.62,25.9,0.81,9.78,2024,Bhatagaon,Quarterly,0,0
2024-01-04 19:45:00,11.47,61.82,41.41,1.23,63.64,20.79,0.95,9.67,2024,Bhatagaon,Quarterly,0,0
2024-01-04 20:00:00,10.77,46.25,32.72,0.18,63.14,19.52,0.98,9.59,2024,Bhatagaon,Quarterly,0,0
2024-01-04 20:15:00,16.2,65.22,46.99,0.33,63.14,19.52,1.05,9.72,2024,Bhatagaon,Quarterly,0,0
2024-01-04 20:30:00,19.25,65.95,49.81,0.55,63.14,19.52,1.14,9.5,2024,Bhatagaon,Quarterly,0,0
2024-01-04 20:45:00,21.72,66.93,52.31,0.54,78.38,21.01,1.18,9.82,2024,Bhatagaon,Quarterly,0,0
2024-01-04 21:00:00,24.01,64.77,53.02,0.72,82.19,21.38,1.3,10.1,2024,Bhatagaon,Quarterly,0,0
2024-01-04 21:15:00,26.74,60.88,53.17,0.55,82.19,21.38,1.26,9.66,2024,Bhatagaon,Quarterly,0,0
2024-01-04 21:30:00,28.31,61.23,54.61,0.4,82.19,21.38,1.2,10.01,2024,Bhatagaon,Quarterly,0,0
2024-01-04 21:45:00,28.81,60.75,54.77,0.48,80.79,16.74,1.23,9.57,2024,Bhatagaon,Quarterly,0,0
2024-01-04 22:00:00,29.71,60.63,55.42,0.49,80.44,15.58,1.18,10.04,2024,Bhatagaon,Quarterly,0,0
2024-01-04 22:15:00,31.23,60.67,56.66,0.87,80.44,15.58,1.26,9.84,2024,Bhatagaon,Quarterly,0,0
2024-01-04 22:30:00,33.77,60.21,58.46,0.79,80.44,15.58,1.33,9.99,2024,Bhatagaon,Quarterly,0,0
2024-01-04 22:45:00,36.17,61.56,61.09,0.77,76.75,15.29,1.35,9.52,2024,Bhatagaon,Quarterly,0,0
2024-01-04 23:00:00,39.45,66.05,66.07,0.52,75.83,15.22,1.31,10.45,2024,Bhatagaon,Quarterly,0,0
2024-01-04 23:15:00,42.71,67.34,69.36,0.61,75.83,15.22,1.33,10.16,2024,Bhatagaon,Quarterly,0,0
2024-01-04 23:30:00,45.47,66.61,71.19,0.9,75.83,15.22,1.34,10.19,2024,Bhatagaon,Quarterly,0,0
2024-01-04 23:45:00,46.22,67.13,72.06,0.59,73.46,16.15,1.31,10.44,2024,Bhatagaon,Quarterly,0,0
2024-01-05 00:15:00,22.4,35.86,36.62,1.38,78.64,38.32,1.26,9.73,2024,Bhatagaon,Quarterly,0,0
2024-01-05 00:30:00,20.69,32.95,33.73,1.28,78.45,38.32,1.22,9.7,2024,Bhatagaon,Quarterly,0,0
2024-01-05 00:45:00,19.39,33.91,33.19,0.88,78.45,38.32,1.19,9.67,2024,Bhatagaon,Quarterly,0,0
2024-01-05 01:00:00,18.63,31.42,31.27,1.39,78.45,38.32,1.15,9.68,2024,Bhatagaon,Quarterly,0,0
2024-01-05 01:15:00,17.55,27.95,28.59,1.08,76.77,36.9,0.96,9.6,2024,Bhatagaon,Quarterly,0,0
2024-01-05 01:30:00,16.62,25.26,26.44,1.15,73.57,34.19,0.99,9.55,2024,Bhatagaon,Quarterly,0,0
2024-01-05 01:45:00,15.49,24.1,24.94,1.05,73.57,34.19,0.95,9.52,2024,Bhatagaon,Quarterly,0,0
2024-01-05 02:00:00,14.07,23.68,23.57,0.95,73.57,34.19,0.91,9.5,2024,Bhatagaon,Quarterly,0,0
2024-01-05 02:15:00,12.83,25.95,23.77,1.15,73.03,28.16,0.87,9.5,2024,Bhatagaon,Quarterly,0,0
2024-01-05 02:30:00,12.13,26.83,23.67,0.79,72.01,16.69,0.86,9.51,2024,Bhatagaon,Quarterly,0,0
2024-01-05 02:45:00,11.67,26.88,23.32,0.85,72.01,16.69,0.85,9.52,2024,Bhatagaon,Quarterly,0,0
2024-01-05 03:00:00,11.25,26.37,22.72,0.82,72.01,16.69,0.84,9.53,2024,Bhatagaon,Quarterly,0,0
2024-01-05 03:15:00,10.92,25.72,22.11,1.09,72.74,23.34,0.83,9.52,2024,Bhatagaon,Quarterly,0,0
2024-01-05 03:30:00,10.56,25.39,21.65,0.75,74.13,36.0,0.81,9.55,2024,Bhatagaon,Quarterly,0,0
2024-01-05 03:45:00,10.11,24.92,21.05,0.74,74.13,36.0,0.79,9.53,2024,Bhatagaon,Quarterly,0,0
2024-01-05 04:00:00,9.71,24.57,20.55,1.64,74.13,36.0,0.78,9.53,2024,Bhatagaon,Quarterly,0,0
2024-01-05 04:15:00,9.13,24.02,19.79,2.07,72.37,32.78,0.76,9.51,2024,Bhatagaon,Quarterly,0,0
2024-01-05 04:30:00,8.42,24.17,19.3,2.01,69.02,26.65,0.74,9.52,2024,Bhatagaon,Quarterly,0,0
2024-01-05 04:45:00,7.83,28.78,21.24,2.1,69.02,26.65,0.72,9.52,2024,Bhatagaon,Quarterly,0,0
2024-01-05 05:00:00,7.3,28.91,20.88,1.87,69.02,26.65,0.7,9.49,2024,Bhatagaon,Quarterly,0,0
2024-01-05 05:15:00,6.72,26.18,18.98,2.12,67.24,26.44,0.68,9.47,2024,Bhatagaon,Quarterly,0,0
2024-01-05 05:30:00,6.27,25.8,18.43,1.87,63.85,26.04,0.66,9.45,2024,Bhatagaon,Quarterly,0,0
2024-01-05 05:45:00,6.0,25.25,17.92,2.33,63.85,26.04,0.65,9.46,2024,Bhatagaon,Quarterly,0,0
2024-01-05 06:00:00,5.73,23.91,17.01,2.15,63.85,26.04,0.63,9.43,2024,Bhatagaon,Quarterly,0,0
2024-01-05 06:15:00,5.6,21.88,15.84,1.93,63.8,24.48,0.61,9.38,2024,Bhatagaon,Quarterly,0,0
2024-01-05 06:30:00,5.4,21.03,15.24,1.94,63.69,21.51,0.6,9.34,2024,Bhatagaon,Quarterly,0,0
2024-01-05 06:45:00,5.18,22.15,15.65,1.67,63.69,21.51,0.59,9.35,2024,Bhatagaon,Quarterly,0,0
2024-01-05 07:00:00,5.03,23.72,16.34,1.35,63.69,21.51,0.58,9.37,2024,Bhatagaon,Quarterly,0,0
2024-01-05 07:15:00,3.37,19.26,12.69,1.74,63.04,21.06,0.59,9.41,2024,Bhatagaon,Quarterly,0,0
2024-01-05 07:30:00,4.1,22.52,14.98,1.78,61.81,20.19,0.61,9.43,2024,Bhatagaon,Quarterly,0,0
2024-01-05 07:45:00,4.0,23.7,15.51,1.82,61.81,20.19,0.6,9.43,2024,Bhatagaon,Quarterly,0,0
2024-01-05 08:00:00,3.35,23.58,14.93,1.66,61.81,20.19,0.58,9.42,2024,Bhatagaon,Quarterly,0,0
2024-01-05 08:15:00,2.57,23.73,14.38,1.36,58.53,26.87,0.55,9.4,2024,Bhatagaon,Quarterly,0,0
2024-01-05 08:30:00,1.88,23.9,13.91,1.33,52.27,39.57,0.51,9.41,2024,Bhatagaon,Quarterly,0,0
2024-01-05 08:45:00,1.49,23.23,13.25,1.02,52.27,39.57,0.49,9.38,2024,Bhatagaon,Quarterly,0,0
2024-01-05 09:00:00,1.28,21.79,12.33,1.29,52.27,39.57,0.46,9.34,2024,Bhatagaon,Quarterly,0,0
2024-01-05 09:15:00,1.28,21.57,12.22,1.5,52.45,43.4,0.45,9.31,2024,Bhatagaon,Quarterly,0,0
2024-01-05 09:30:00,1.14,21.37,12.0,1.45,52.8,50.69,0.43,9.3,2024,Bhatagaon,Quarterly,0,0
2024-01-05 09:45:00,1.04,21.3,11.89,1.93,52.8,50.69,0.42,9.27,2024,Bhatagaon,Quarterly,0,0
2024-01-05 10:00:00,1.08,26.11,14.43,1.72,52.8,50.69,0.42,9.3,2024,Bhatagaon,Quarterly,0,0
2024-01-05 10:15:00,1.26,27.93,15.52,1.84,51.05,40.41,0.42,9.33,2024,Bhatagaon,Quarterly,0,0
2024-01-05 10:30:00,0.83,25.14,13.72,1.65,47.72,20.84,0.43,9.3,2024,Bhatagaon,Quarterly,0,0
2024-01-05 10:45:00,0.85,25.96,14.17,1.74,47.72,20.84,0.42,9.27,2024,Bhatagaon,Quarterly,0,0
2024-01-05 11:00:00,0.97,27.15,14.89,1.96,47.72,20.84,0.44,9.25,2024,Bhatagaon,Quarterly,0,0
2024-01-05 11:15:00,1.0,27.23,14.95,1.69,47.01,46.42,0.45,9.2,2024,Bhatagaon,Quarterly,0,0
2024-01-05 11:30:00,1.01,28.2,15.46,1.58,47.3125,43.557500000000005,0.46,9.16,2024,Bhatagaon,Quarterly,1,11
2024-01-05 11:45:00,1.02,29.13,15.95,1.71,47.614999999999995,40.695,0.47,9.22,2024,Bhatagaon,Quarterly,1,11
2024-01-05 12:00:00,0.98,30.11,16.44,2.12,47.9175,37.8325,0.47,9.23,2024,Bhatagaon,Quarterly,1,11
2024-01-05 12:15:00,0.98,31.09,16.95,2.63,,,0.47,9.23,2024,Bhatagaon,Quarterly,1,11
2024-01-05 12:30:00,1.0,31.53,17.19,2.47,,,0.47,9.27,2024,Bhatagaon,Quarterly,1,11
2024-01-05 12:45:00,1.08,31.6,17.29,2.1,,,0.47,9.27,2024,Bhatagaon,Quarterly,1,11
2024-01-05 13:00:00,1.05,32.04,17.5,2.47,,,0.48,9.33,2024,Bhatagaon,Quarterly,1,11
2024-01-05 13:15:00,1.05,34.0,18.53,2.59,,,0.45,9.33,2024,Bhatagaon,Quarterly,1,11
2024-01-05 13:30:00,1.06,33.87,18.47,2.56,,,0.47,9.34,2024,Bhatagaon,Quarterly,1,11
2024-01-05 13:45:00,1.1,34.19,18.66,2.78,,,0.48,9.35,2024,Bhatagaon,Quarterly,1,11
2024-01-05 14:00:00,1.1,33.91,18.52,2.57,,,0.48,9.36,2024,Bhatagaon,Quarterly,1,11
2024-01-05 14:15:00,1.08,33.6,18.33,2.32,50.64,12.07,0.46,9.36,2024,Bhatagaon,Quarterly,0,0
2024-01-05 14:30:00,1.03,33.35,18.17,2.51,52.31,35.04,0.44,9.36,2024,Bhatagaon,Quarterly,0,0
2024-01-05 14:45:00,0.99,34.02,18.49,2.41,52.31,35.04,0.44,9.35,2024,Bhatagaon,Quarterly,0,0
2024-01-05 15:00:00,1.0,33.71,18.34,2.5,52.31,35.04,0.41,9.35,2024,Bhatagaon,Quarterly,0,0
2024-01-05 15:15:00,1.08,34.76,18.95,2.34,51.12,35.04,0.41,9.35,2024,Bhatagaon,Quarterly,0,0
2024-01-05 15:30:00,1.22,36.33,19.88,2.53,50.61625,32.1775,0.4,9.37,2024,Bhatagaon,Quarterly,1,7
2024-01-05 15:45:00,1.18,37.03,20.21,2.31,50.1125,29.314999999999998,0.39,9.39,2024,Bhatagaon,Quarterly,1,7
2024-01-05 16:00:00,1.12,36.31,19.79,1.65,49.60875,26.4525,0.37,9.36,2024,Bhatagaon,Quarterly,1,7
2024-01-05 16:15:00,1.16,32.67,17.92,1.5,,,0.36,9.35,2024,Bhatagaon,Quarterly,1,7
2024-01-05 16:30:00,1.21,32.65,17.95,1.49,,,0.34,9.35,2024,Bhatagaon,Quarterly,1,7
2024-01-05 16:45:00,1.33,33.61,18.54,1.18,,,0.33,9.38,2024,Bhatagaon,Quarterly,1,7
2024-01-05 17:00:00,1.49,32.72,18.21,1.29,,,0.32,9.39,2024,Bhatagaon,Quarterly,1,7
2024-01-05 17:15:00,1.75,32.78,18.46,1.13,47.09,12.14,0.32,9.42,2024,Bhatagaon,Quarterly,0,0
2024-01-05 17:30:00,1.95,32.3,18.36,1.08,45.11,33.37,0.32,9.42,2024,Bhatagaon,Quarterly,0,0
2024-01-05 17:45:00,2.21,32.87,18.86,1.13,45.11,33.37,0.32,9.44,2024,Bhatagaon,Quarterly,0,0
2024-01-05 18:00:00,2.4,36.25,20.78,1.18,45.11,33.37,0.33,9.5,2024,Bhatagaon,Quarterly,0,0
2024-01-05 18:15:00,2.47,41.26,23.46,1.32,45.226470588235294,34.34411764705882,0.35,9.57,2024,Bhatagaon,Quarterly,1,16
2024-01-05 18:30:00,2.78,41.02,23.58,1.38,45.34294117647059,35.31823529411764,0.37,9.58,2024,Bhatagaon,Quarterly,1,16
2024-01-05 18:45:00,2.96,38.15,22.23,1.26,45.459411764705884,36.29235294117647,0.39,9.57,2024,Bhatagaon,Quarterly,1,16
2024-01-05 19:00:00,3.08,36.58,21.5,0.99,,,0.4,9.55,2024,Bhatagaon,Quarterly,1,16
2024-01-05 19:15:00,3.17,37.03,21.81,1.18,,,0.41,9.54,2024,Bhatagaon,Quarterly,1,16
2024-01-05 19:30:00,3.7,37.96,22.72,0.56,,,0.44,9.56,2024,Bhatagaon,Quarterly,1,16
2024-01-05 19:45:00,6.05,39.67,25.5,1.06,,,0.46,9.56,2024,Bhatagaon,Quarterly,1,16
2024-01-05 20:00:00,6.64,39.99,26.14,1.05,,,0.49,9.6,2024,Bhatagaon,Quarterly,1,16
2024-01-05 20:15:00,6.63,40.36,26.32,0.98,,,0.52,9.63,2024,Bhatagaon,Quarterly,1,16
2024-01-05 20:30:00,6.39,39.35,25.6,0.48,,,0.57,9.65,2024,Bhatagaon,Quarterly,1,16
2024-01-05 20:45:00,6.46,37.02,24.44,0.51,,,0.63,9.62,2024,Bhatagaon,Quarterly,1,16
2024-01-05 21:00:00,7.63,37.18,25.46,0.31,,,0.69,9.64,2024,Bhatagaon,Quarterly,1,16
2024-01-05 21:15:00,9.48,37.5,27.12,0.63,,,0.77,9.66,2024,Bhatagaon,Quarterly,1,16
2024-01-05 21:30:00,11.35,37.71,28.72,0.58,,,0.74,9.7,2024,Bhatagaon,Quarterly,1,16
2024-01-05 21:45:00,12.56,37.56,29.61,0.91,,,0.76,9.74,2024,Bhatagaon,Quarterly,1,16
2024-01-05 22:00:00,13.42,37.39,30.22,0.95,,,0.77,9.74,2024,Bhatagaon,Quarterly,1,16
2024-01-05 22:15:00,14.01,37.25,30.61,0.84,47.09,49.93,0.77,9.78,2024,Bhatagaon,Quarterly,0,0
2024-01-05 22:30:00,14.81,37.53,31.4,0.97,54.11,49.93,0.8,9.81,2024,Bhatagaon,Quarterly,0,0
2024-01-05 22:45:00,16.63,38.95,33.61,1.05,54.11,49.93,0.82,9.82,2024,Bhatagaon,Quarterly,0,0
2024-01-05 23:00:00,17.22,40.25,34.76,1.38,54.11,49.93,0.81,9.87,2024,Bhatagaon,Quarterly,0,0
2024-01-05 23:15:00,17.24,40.79,35.05,0.87,53.77,49.93,0.8,9.87,2024,Bhatagaon,Quarterly,0,0
2024-01-05 23:30:00,18.4,41.51,36.36,0.9,62.4675,45.9025,0.81,9.86,2024,Bhatagaon,Quarterly,1,2
2024-01-05 23:45:00,19.02,42.19,37.22,0.74,71.165,41.875,0.79,9.88,2024,Bhatagaon,Quarterly,1,2
2024-01-06 00:15:00,4.28,6.2,7.82,0.62,88.56,33.82,0.98,10.47,2024,Bhatagaon,Quarterly,0,0
2024-01-06 00:30:00,4.16,6.01,7.62,1.01,87.77,33.54,0.97,10.41,2024,Bhatagaon,Quarterly,0,0
2024-01-06 00:45:00,4.36,6.72,8.16,0.8,78.42,30.27,0.95,10.36,2024,Bhatagaon,Quarterly,0,0
2024-01-06 01:00:00,4.3,6.69,8.09,1.25,78.42,30.27,0.94,10.3,2024,Bhatagaon,Quarterly,0,0
2024-01-06 01:15:00,3.98,5.8,7.37,0.84,78.42,30.27,0.86,10.19,2024,Bhatagaon,Quarterly,0,0
2024-01-06 01:30:00,3.74,4.66,6.57,1.13,79.15,30.24,0.91,10.1,2024,Bhatagaon,Quarterly,0,0
2024-01-06 01:45:00,3.62,4.24,6.26,1.28,87.79,29.83,0.9,10.09,2024,Bhatagaon,Quarterly,0,0
2024-01-06 02:00:00,3.34,3.28,5.53,1.14,87.79,29.83,0.89,10.1,2024,Bhatagaon,Quarterly,0,0
2024-01-06 02:15:00,3.0,2.22,4.71,1.05,87.79,29.83,0.86,10.09,2024,Bhatagaon,Quarterly,0,0
2024-01-06 02:30:00,3.08,2.68,5.01,0.65,87.68,30.0,0.83,10.07,2024,Bhatagaon,Quarterly,0,0
2024-01-06 02:45:00,2.85,1.85,4.4,1.06,86.36,32.01,0.8,10.06,2024,Bhatagaon,Quarterly,0,0
2024-01-06 03:00:00,3.17,3.13,5.32,1.29,86.36,32.01,0.78,10.08,2024,Bhatagaon,Quarterly,0,0
2024-01-06 03:15:00,3.51,4.42,6.27,1.08,86.36,32.01,0.77,10.15,2024,Bhatagaon,Quarterly,0,0
2024-01-06 03:30:00,3.67,5.03,6.72,1.13,86.75,32.18,0.73,10.21,2024,Bhatagaon,Quarterly,0,0
2024-01-06 03:45:00,3.59,4.61,6.44,0.82,91.36,34.18,0.71,10.15,2024,Bhatagaon,Quarterly,0,0
2024-01-06 04:00:00,3.39,3.87,5.89,1.61,91.36,34.18,0.68,10.16,2024,Bhatagaon,Quarterly,0,0
2024-01-06 04:15:00,3.62,4.57,6.44,1.32,91.36,34.18,0.66,10.18,2024,Bhatagaon,Quarterly,0,0
2024-01-06 04:30:00,3.59,4.27,6.25,1.27,91.68,34.26,0.66,10.19,2024,Bhatagaon,Quarterly,0,0
2024-01-06 04:45:00,3.73,4.34,6.41,1.12,95.47,35.2,0.65,10.21,2024,Bhatagaon,Quarterly,0,0
2024-01-06 05:00:00,4.06,5.06,7.05,1.15,95.47,35.2,0.64,10.26,2024,Bhatagaon,Quarterly,0,0
2024-01-06 05:15:00,4.36,5.46,7.49,1.55,95.47,35.2,0.64,10.32,2024,Bhatagaon,Quarterly,0,0
2024-01-06 05:30:00,4.5,5.43,7.59,1.52,95.44,35.12,0.65,10.36,2024,Bhatagaon,Quarterly,0,0
2024-01-06 05:45:00,3.97,4.05,6.45,1.44,95.14,34.15,0.66,10.31,2024,Bhatagaon,Quarterly,0,0
2024-01-06 06:00:00,4.68,5.08,7.55,1.58,95.14,34.15,0.7,10.17,2024,Bhatagaon,Quarterly,0,0
2024-01-06 06:15:00,6.05,7.68,10.01,1.48,95.14,34.15,0.72,10.28,2024,Bhatagaon,Quarterly,0,0
2024-01-06 06:30:00,6.13,7.73,10.1,1.42,95.54,34.49,0.71,10.39,2024,Bhatagaon,Quarterly,0,0
2024-01-06 06:45:00,6.45,8.2,10.61,1.64,100.39,38.53,0.71,10.47,2024,Bhatagaon,Quarterly,0,0
2024-01-06 07:00:00,6.4,8.04,10.48,1.51,100.39,38.53,0.71,10.47,2024,Bhatagaon,Quarterly,0,0
2024-01-06 07:15:00,6.08,7.48,9.93,1.65,100.39,38.53,0.69,10.5,2024,Bhatagaon,Quarterly,0,0
2024-01-06 07:30:00,5.8,7.08,9.5,1.54,100.33,38.52,0.7,10.47,2024,Bhatagaon,Quarterly,0,0
2024-01-06 07:45:00,5.36,6.48,8.83,1.9,99.63,38.36,0.69,10.46,2024,Bhatagaon,Quarterly,0,0
2024-01-06 08:00:00,5.27,7.0,9.03,1.77,99.63,38.36,0.69,10.47,2024,Bhatagaon,Quarterly,0,0
2024-01-06 08:15:00,3.87,4.16,6.42,1.73,99.63,38.36,0.68,10.44,2024,Bhatagaon,Quarterly,0,0
2024-01-06 08:30:00,3.58,3.79,5.99,1.75,99.53,37.88,0.69,10.41,2024,Bhatagaon,Quarterly,0,0
2024-01-06 08:45:00,3.4,3.68,5.79,1.46,98.41,32.19,0.7,10.4,2024,Bhatagaon,Quarterly,0,0
2024-01-06 09:00:00,2.92,2.41,4.74,1.54,98.41,32.19,0.71,10.35,2024,Bhatagaon,Quarterly,0,0
2024-01-06 09:15:00,2.69,1.62,4.15,1.79,98.41,32.19,0.73,10.26,2024,Bhatagaon,Quarterly,0,0
2024-01-06 09:30:00,2.75,2.44,4.63,1.63,98.98,33.03,0.75,10.25,2024,Bhatagaon,Quarterly,0,0
2024-01-06 09:45:00,2.74,2.81,4.81,1.71,105.72,43.04,0.78,10.22,2024,Bhatagaon,Quarterly,0,0
2024-01-06 10:00:00,2.47,1.12,3.71,1.65,105.72,43.04,0.8,10.15,2024,Bhatagaon,Quarterly,0,0
2024-01-06 10:15:00,2.63,2.64,4.63,1.81,105.72,43.04,0.78,10.03,2024,Bhatagaon,Quarterly,0,0
2024-01-06 10:30:00,2.48,1.4,3.86,1.56,105.86,43.06,0.78,9.77,2024,Bhatagaon,Quarterly,0,0
2024-01-06 10:45:00,2.59,2.19,4.36,1.55,107.43,43.38,0.78,9.7,2024,Bhatagaon,Quarterly,0,0
2024-01-06 11:00:00,2.5,1.6,3.98,1.51,107.43,43.38,0.77,9.68,2024,Bhatagaon,Quarterly,0,0
2024-01-06 11:15:00,2.58,2.21,4.37,1.62,107.43,43.38,0.76,9.69,2024,Bhatagaon,Quarterly,0,0
2024-01-06 11:30:00,2.43,1.0,3.62,1.47,106.53,43.14,0.74,9.7,2024,Bhatagaon,Quarterly,0,0
2024-01-06 11:45:00,2.59,2.65,4.6,1.48,95.81,40.29,0.73,9.67,2024,Bhatagaon,Quarterly,0,0
2024-01-06 12:00:00,2.61,2.92,4.76,2.0,95.81,40.29,0.71,9.67,2024,Bhatagaon,Quarterly,0,0
2024-01-06 12:15:00,2.5,1.9,4.14,1.14,95.81,40.29,0.69,9.72,2024,Bhatagaon,Quarterly,0,0
2024-01-06 12:30:00,2.6,2.56,4.57,1.19,94.34,39.81,0.68,9.79,2024,Bhatagaon,Quarterly,0,0
2024-01-06 12:45:00,2.45,1.39,3.84,1.06,76.94,34.12,0.66,9.81,2024,Bhatagaon,Quarterly,0,0
2024-01-06 13:00:00,2.5,1.57,3.97,1.27,76.94,34.12,0.63,9.8,2024,Bhatagaon,Quarterly,0,0
2024-01-06 13:15:00,2.61,2.58,4.58,1.06,76.94,34.12,0.57,9.76,2024,Bhatagaon,Quarterly,0,0
2024-01-06 13:30:00,2.62,2.81,4.71,1.68,76.12,33.63,0.55,9.74,2024,Bhatagaon,Quarterly,0,0
2024-01-06 13:45:00,2.49,1.94,4.16,1.54,66.33,27.83,0.53,9.73,2024,Bhatagaon,Quarterly,0,0
2024-01-06 14:00:00,2.39,0.89,3.53,1.04,66.33,27.83,0.5,9.69,2024,Bhatagaon,Quarterly,0,0
2024-01-06 14:15:00,2.62,2.83,4.73,1.54,66.33,27.83,0.49,9.68,2024,Bhatagaon,Quarterly,0,0
2024-01-06 14:30:00,2.44,1.59,3.93,1.08,65.4,27.7,0.47,9.67,2024,Bhatagaon,Quarterly,0,0
2024-01-06 14:45:00,2.37,0.92,3.52,1.27,54.3,26.09,0.44,9.69,2024,Bhatagaon,Quarterly,0,0
2024-01-06 15:00:00,2.61,2.79,4.69,1.05,54.3,26.09,0.42,9.58,2024,Bhatagaon,Quarterly,0,0
2024-01-06 15:15:00,2.53,2.41,4.43,0.88,54.3,26.09,0.41,9.52,2024,Bhatagaon,Quarterly,0,0
2024-01-06 15:30:00,2.33,0.67,3.36,0.84,53.84,25.88,0.38,9.54,2024,Bhatagaon,Quarterly,0,0
2024-01-06 15:45:00,2.31,0.4,3.2,0.92,48.37,23.43,0.37,9.54,2024,Bhatagaon,Quarterly,0,0
2024-01-06 16:00:00,2.66,2.37,4.52,0.51,48.37,23.43,0.36,9.56,2024,Bhatagaon,Quarterly,0,0
2024-01-06 16:15:00,2.59,2.17,4.35,0.91,48.37,23.43,0.35,9.58,2024,Bhatagaon,Quarterly,0,0
2024-01-06 16:30:00,2.35,0.59,3.34,0.66,48.39,23.21,0.33,9.56,2024,Bhatagaon,Quarterly,0,0
2024-01-06 16:45:00,2.56,1.55,4.0,0.91,48.69,20.64,0.33,9.61,2024,Bhatagaon,Quarterly,0,0
2024-01-06 17:00:00,2.61,2.05,4.31,0.88,48.69,20.64,0.33,9.7,2024,Bhatagaon,Quarterly,0,0
2024-01-06 17:15:00,2.38,0.74,3.44,0.79,48.69,20.64,0.33,9.73,2024,Bhatagaon,Quarterly,0,0
2024-01-06 17:30:00,2.57,2.26,4.39,0.64,48.34,20.56,0.34,9.73,2024,Bhatagaon,Quarterly,0,0
2024-01-06 17:45:00,2.45,1.42,3.85,0.79,44.24,19.61,0.34,9.73,2024,Bhatagaon,Quarterly,0,0
2024-01-06 18:00:00,2.32,0.63,3.34,0.37,44.24,19.61,0.35,9.72,2024,Bhatagaon,Quarterly,0,0
2024-01-06 18:15:00,2.66,2.78,4.73,0.6,44.24,19.61,0.37,9.75,2024,Bhatagaon,Quarterly,0,0
2024-01-06 18:30:00,2.55,2.19,4.33,0.69,44.43,19.52,0.39,9.77,2024,Bhatagaon,Quarterly,0,0
2024-01-06 18:45:00,2.65,3.08,4.88,0.6,46.71,18.52,0.42,9.79,2024,Bhatagaon,Quarterly,0,0
2024-01-06 19:00:00,2.62,2.77,4.7,0.76,46.71,18.52,0.49,9.81,2024,Bhatagaon,Quarterly,0,0
2024-01-06 19:15:00,2.52,2.19,4.31,0.51,46.71,18.52,0.56,9.85,2024,Bhatagaon,Quarterly,0,0
2024-01-06 19:30:00,2.48,1.61,3.98,0.84,47.45,18.75,0.67,9.81,2024,Bhatagaon,Quarterly,0,0
2024-01-06 19:45:00,2.56,1.93,4.2,0.57,56.11,21.41,0.76,9.63,2024,Bhatagaon,Quarterly,0,0
2024-01-06 20:00:00,2.71,2.16,4.45,0.76,56.11,21.41,0.8,9.63,2024,Bhatagaon,Quarterly,0,0
2024-01-06 20:15:00,2.79,2.54,4.71,1.49,56.11,21.41,0.88,9.67,2024,Bhatagaon,Quarterly,0,0
2024-01-06 20:30:00,3.08,3.09,5.23,1.5,57.43,21.68,0.97,9.73,2024,Bhatagaon,Quarterly,0,0
2024-01-06 20:45:00,3.18,3.02,5.27,1.81,73.19,24.96,1.08,9.8,2024,Bhatagaon,Quarterly,0,0
2024-01-06 21:00:00,4.21,5.95,7.64,1.95,73.19,24.96,1.17,9.89,2024,Bhatagaon,Quarterly,0,0
2024-01-06 21:15:00,4.41,6.02,7.83,1.82,73.19,24.96,1.21,9.99,2024,Bhatagaon,Quarterly,0,0
2024-01-06 21:30:00,5.38,8.15,9.72,2.04,75.63,25.56,1.15,10.31,2024,Bhatagaon,Quarterly,0,0
2024-01-06 21:45:00,5.77,9.42,10.69,2.0,104.53,32.68,1.11,10.51,2024,Bhatagaon,Quarterly,0,0
2024-01-06 22:00:00,5.53,9.69,10.64,1.99,104.53,32.68,1.06,10.52,2024,Bhatagaon,Quarterly,0,0
2024-01-06 22:15:00,5.11,9.48,10.2,2.06,104.53,32.68,1.01,10.46,2024,Bhatagaon,Quarterly,0,0
2024-01-06 22:30:00,4.78,9.25,9.81,1.46,102.8,32.48,0.96,10.43,2024,Bhatagaon,Quarterly,0,0
2024-01-06 22:45:00,4.46,8.89,9.37,1.86,82.3,30.13,0.91,10.39,2024,Bhatagaon,Quarterly,0,0
2024-01-06 23:00:00,4.19,8.53,8.96,1.92,82.3,30.13,0.87,10.28,2024,Bhatagaon,Quarterly,0,0
2024-01-06 23:15:00,3.94,8.21,8.59,1.65,82.3,30.13,0.83,10.21,2024,Bhatagaon,Quarterly,0,0
2024-01-06 23:30:00,3.71,7.92,8.26,1.77,80.19,29.72,0.78,10.18,2024,Bhatagaon,Quarterly,0,0
2024-01-06 23:45:00,3.51,7.52,7.89,1.94,55.15,24.84,0.75,10.13,2024,Bhatagaon,Quarterly,0,0
2024-01-07 00:15:00,8.32,3.2,12.12,2.93,18.96,6.68,0.34,9.29,2024,Bhatagaon,Quarterly,0,0
2024-01-07 00:30:00,8.37,3.26,12.19,2.91,18.96,6.68,0.35,9.32,2024,Bhatagaon,Quarterly,0,0
2024-01-07 00:45:00,8.34,3.25,12.16,3.36,20.77,6.66,0.33,9.32,2024,Bhatagaon,Quarterly,0,0
2024-01-07 01:00:00,8.31,3.19,12.1,3.61,21.93,6.65,0.31,9.31,2024,Bhatagaon,Quarterly,0,0
2024-01-07 01:15:00,8.3,3.15,12.08,3.48,21.93,6.65,0.37,9.3,2024,Bhatagaon,Quarterly,0,0
2024-01-07 01:30:00,8.35,3.2,12.14,3.51,21.93,6.65,0.36,9.27,2024,Bhatagaon,Quarterly,0,0
2024-01-07 01:45:00,8.34,3.23,12.15,3.38,19.94,5.64,0.35,9.29,2024,Bhatagaon,Quarterly,0,0
2024-01-07 02:00:00,8.33,3.2,12.13,2.93,18.68,5.0,0.34,9.31,2024,Bhatagaon,Quarterly,0,0
2024-01-07 02:15:00,8.32,3.21,12.13,2.88,18.68,5.0,0.34,9.3,2024,Bhatagaon,Quarterly,0,0
2024-01-07 02:30:00,8.34,3.25,12.15,3.22,18.68,5.0,0.34,9.3,2024,Bhatagaon,Quarterly,0,0
2024-01-07 02:45:00,8.37,3.31,12.21,3.07,18.5,5.41,0.33,9.31,2024,Bhatagaon,Quarterly,0,0
2024-01-07 03:00:00,8.39,3.33,12.24,3.15,18.39,5.68,0.32,9.35,2024,Bhatagaon,Quarterly,0,0
2024-01-07 03:15:00,8.35,3.26,12.17,3.22,18.39,5.68,0.31,9.34,2024,Bhatagaon,Quarterly,0,0
2024-01-07 03:30:00,8.33,3.24,12.15,3.37,18.39,5.68,0.3,9.32,2024,Bhatagaon,Quarterly,0,0
2024-01-07 03:45:00,8.33,3.26,12.16,2.94,16.13,4.87,0.3,9.31,2024,Bhatagaon,Quarterly,0,0
2024-01-07 04:00:00,8.33,3.37,12.21,3.93,14.7,4.36,0.28,9.2,2024,Bhatagaon,Quarterly,0,0
2024-01-07 04:15:00,8.32,3.35,12.19,4.68,14.7,4.36,0.3,9.18,2024,Bhatagaon,Quarterly,0,0
2024-01-07 04:30:00,8.3,3.31,12.16,4.63,14.7,4.36,0.35,9.22,2024,Bhatagaon,Quarterly,0,0
2024-01-07 04:45:00,8.28,3.23,12.11,4.74,15.18,5.43,0.37,9.21,2024,Bhatagaon,Quarterly,0,0
2024-01-07 05:00:00,8.31,3.25,12.14,4.43,15.49,6.1,0.38,9.21,2024,Bhatagaon,Quarterly,0,0
2024-01-07 05:15:00,8.31,3.31,12.16,4.82,15.49,6.1,0.4,9.23,2024,Bhatagaon,Quarterly,0,0
2024-01-07 05:30:00,8.41,3.56,12.37,4.97,15.49,6.1,0.41,9.23,2024,Bhatagaon,Quarterly,0,0
2024-01-07 05:45:00,8.31,3.26,12.14,4.85,17.54,5.16,0.41,9.23,2024,Bhatagaon,Quarterly,0,0
2024-01-07 06:00:00,8.28,3.17,12.07,4.39,18.84,4.56,0.4,9.25,2024,Bhatagaon,Quarterly,0,0
2024-01-07 06:15:00,8.29,3.15,12.07,4.79,18.84,4.56,0.38,9.26,2024,Bhatagaon,Quarterly,0,0
2024-01-07 06:30:00,8.32,3.23,12.14,4.59,18.84,4.56,0.37,9.24,2024,Bhatagaon,Quarterly,0,0
2024-01-07 06:45:00,8.33,3.24,12.15,4.41,20.57,5.16,0.37,9.27,2024,Bhatagaon,Quarterly,0,0
2024-01-07 07:00:00,8.31,3.23,12.13,4.51,21.67,5.54,0.36,9.25,2024,Bhatagaon,Quarterly,0,0
2024-01-07 07:15:00,8.32,3.26,12.15,4.66,21.67,5.54,0.31,9.24,2024,Bhatagaon,Quarterly,0,0
2024-01-07 07:30:00,8.31,3.19,12.11,4.79,21.67,5.54,0.32,9.23,2024,Bhatagaon,Quarterly,0,0
2024-01-07 07:45:00,8.32,3.21,12.12,4.63,17.74,5.21,0.31,9.24,2024,Bhatagaon,Quarterly,0,0
2024-01-07 08:00:00,8.34,3.21,12.14,4.41,15.25,4.99,0.31,9.26,2024,Bhatagaon,Quarterly,0,0
2024-01-07 08:15:00,8.3,3.14,12.07,4.32,15.25,4.99,0.33,9.25,2024,Bhatagaon,Quarterly,0,0
2024-01-07 08:30:00,8.33,3.28,12.17,4.29,15.25,4.99,0.33,9.19,2024,Bhatagaon,Quarterly,0,0
2024-01-07 08:45:00,8.36,3.41,12.26,4.49,14.88,4.06,0.32,9.18,2024,Bhatagaon,Quarterly,0,0
2024-01-07 09:00:00,8.32,3.3,12.17,4.68,14.64,3.49,0.34,9.23,2024,Bhatagaon,Quarterly,0,0
2024-01-07 09:15:00,8.29,3.18,12.08,4.49,14.64,3.49,0.33,9.21,2024,Bhatagaon,Quarterly,0,0
2024-01-07 09:30:00,8.27,3.19,12.07,4.3,14.64,3.49,0.33,9.22,2024,Bhatagaon,Quarterly,0,0
2024-01-07 09:45:00,8.29,3.22,12.11,4.53,18.38,3.48,0.34,9.22,2024,Bhatagaon,Quarterly,0,0
2024-01-07 10:00:00,8.37,3.42,12.27,4.32,20.76,3.46,0.35,9.21,2024,Bhatagaon,Quarterly,0,0
2024-01-07 10:15:00,8.28,3.24,12.1,4.37,20.76,3.46,0.38,9.24,2024,Bhatagaon,Quarterly,0,0
2024-01-07 10:30:00,8.25,3.19,12.06,4.23,20.76,3.46,0.38,9.25,2024,Bhatagaon,Quarterly,0,0
2024-01-07 10:45:00,8.29,3.24,12.11,4.22,23.45,6.58,0.39,9.26,2024,Bhatagaon,Quarterly,0,0
2024-01-07 11:00:00,8.37,3.48,12.31,4.67,25.17,8.47,0.39,9.24,2024,Bhatagaon,Quarterly,0,0
2024-01-07 11:15:00,8.3,3.27,12.14,4.3,25.17,8.47,0.39,9.23,2024,Bhatagaon,Quarterly,0,0
2024-01-07 11:30:00,8.19,3.16,11.99,4.28,25.17,8.47,0.38,9.23,2024,Bhatagaon,Quarterly,0,0
2024-01-07 11:45:00,8.22,3.23,12.06,4.4,28.54,9.52,0.39,9.22,2024,Bhatagaon,Quarterly,0,0
2024-01-07 12:00:00,8.12,3.26,11.99,3.91,30.69,10.19,0.39,9.24,2024,Bhatagaon,Quarterly,0,0
2024-01-07 12:15:00,8.19,3.25,12.04,4.0,30.69,10.19,0.39,9.25,2024,Bhatagaon,Quarterly,0,0
2024-01-07 12:30:00,8.21,3.17,12.01,4.03,30.69,10.19,0.39,9.26,2024,Bhatagaon,Quarterly,0,0
2024-01-07 12:45:00,8.2,3.14,11.99,4.09,25.28,11.13,0.37,9.3,2024,Bhatagaon,Quarterly,0,0
2024-01-07 13:00:00,8.17,3.13,11.96,4.64,21.84,11.69,0.36,9.3,2024,Bhatagaon,Quarterly,0,0
2024-01-07 13:15:00,8.17,3.21,12.0,4.19,21.84,11.69,0.35,9.26,2024,Bhatagaon,Quarterly,0,0
2024-01-07 13:30:00,8.16,3.2,11.99,4.42,21.84,11.69,0.34,9.29,2024,Bhatagaon,Quarterly,0,0
2024-01-07 13:45:00,8.15,3.15,11.96,4.64,24.63,11.2,0.34,9.29,2024,Bhatagaon,Quarterly,0,0
2024-01-07 14:00:00,8.19,3.21,12.02,4.33,26.4,10.89,0.32,9.28,2024,Bhatagaon,Quarterly,0,0
2024-01-07 14:15:00,8.18,3.27,12.05,4.31,26.4,10.89,0.33,9.29,2024,Bhatagaon,Quarterly,0,0
2024-01-07 14:30:00,8.18,3.18,12.0,4.66,26.4,10.89,0.33,9.23,2024,Bhatagaon,Quarterly,0,0
2024-01-07 14:45:00,8.22,3.29,12.09,4.65,43.82,12.84,0.33,9.25,2024,Bhatagaon,Quarterly,0,0
2024-01-07 15:00:00,8.21,3.3,12.08,4.54,54.4,14.09,0.36,9.27,2024,Bhatagaon,Quarterly,0,0
2024-01-07 15:15:00,8.16,3.17,11.98,4.72,54.4,14.09,0.35,9.26,2024,Bhatagaon,Quarterly,0,0
2024-01-07 15:30:00,8.15,3.08,11.92,4.14,54.4,14.09,0.35,9.23,2024,Bhatagaon,Quarterly,0,0
2024-01-07 15:45:00,8.17,3.15,11.97,4.24,51.76,13.41,0.34,9.21,2024,Bhatagaon,Quarterly,0,0
2024-01-07 16:00:00,8.21,3.24,12.05,3.44,50.15,12.99,0.34,9.21,2024,Bhatagaon,Quarterly,0,0
2024-01-07 16:15:00,8.21,3.23,12.04,3.86,50.15,12.99,0.35,9.24,2024,Bhatagaon,Quarterly,0,0
2024-01-07 16:30:00,8.2,3.24,12.05,3.62,50.15,12.99,0.34,9.27,2024,Bhatagaon,Quarterly,0,0
2024-01-07 16:45:00,8.19,3.25,12.04,3.56,39.6,11.34,0.34,9.28,2024,Bhatagaon,Quarterly,0,0
2024-01-07 17:00:00,8.2,3.19,12.02,3.76,32.89,10.33,0.34,9.26,2024,Bhatagaon,Quarterly,0,0
2024-01-07 17:15:00,8.26,3.36,12.15,3.61,32.89,10.33,0.35,9.25,2024,Bhatagaon,Quarterly,0,0
2024-01-07 17:30:00,8.2,3.3,12.07,3.72,32.89,10.33,0.38,9.33,2024,Bhatagaon,Quarterly,0,0
2024-01-07 17:45:00,8.17,3.23,12.01,3.67,36.42,11.77,0.4,9.34,2024,Bhatagaon,Quarterly,0,0
2024-01-07 18:00:00,8.2,3.24,12.04,3.73,38.66,12.68,0.41,9.37,2024,Bhatagaon,Quarterly,0,0
2024-01-07 18:15:00,8.24,3.33,12.12,3.96,38.66,12.68,0.44,9.4,2024,Bhatagaon,Quarterly,0,0
2024-01-07 18:30:00,8.26,3.44,12.2,3.63,38.66,12.68,0.47,9.4,2024,Bhatagaon,Quarterly,0,0
2024-01-07 18:45:00,8.3,3.51,12.26,3.98,40.05,12.82,0.47,9.38,2024,Bhatagaon,Quarterly,0,0
2024-01-07 19:00:00,8.2,3.23,12.04,3.61,40.93,12.91,0.46,9.35,2024,Bhatagaon,Quarterly,0,0
2024-01-07 19:15:00,8.16,3.16,11.97,3.73,40.93,12.91,0.44,9.39,2024,Bhatagaon,Quarterly,0,0
2024-01-07 19:30:00,8.18,3.18,12.0,3.92,40.93,12.91,0.46,9.37,2024,Bhatagaon,Quarterly,0,0
2024-01-07 19:45:00,8.18,3.16,11.98,3.48,36.1,11.96,0.44,9.35,2024,Bhatagaon,Quarterly,0,0
2024-01-07 20:00:00,8.18,3.14,11.97,2.78,33.17,11.36,0.45,9.39,2024,Bhatagaon,Quarterly,0,0
2024-01-07 20:15:00,8.2,3.17,12.01,3.15,33.17,11.36,0.44,9.34,2024,Bhatagaon,Quarterly,0,0
2024-01-07 20:30:00,8.22,3.21,12.04,3.16,33.17,11.36,0.45,9.35,2024,Bhatagaon,Quarterly,0,0
2024-01-07 20:45:00,8.21,3.18,12.02,3.07,33.93,10.89,0.45,9.34,2024,Bhatagaon,Quarterly,0,0
2024-01-07 21:00:00,8.21,3.13,11.99,3.22,34.38,10.61,0.45,9.36,2024,Bhatagaon,Quarterly,0,0
2024-01-07 21:15:00,8.23,3.16,12.02,3.0,34.38,10.61,0.44,9.35,2024,Bhatagaon,Quarterly,0,0
2024-01-07 21:30:00,8.23,3.18,12.04,3.18,34.38,10.61,0.45,9.4,2024,Bhatagaon,Quarterly,0,0
2024-01-07 21:45:00,8.31,3.34,12.18,3.22,34.23,10.91,0.45,9.4,2024,Bhatagaon,Quarterly,0,0
2024-01-07 22:00:00,8.25,3.28,12.1,3.23,34.13,11.1,0.45,9.38,2024,Bhatagaon,Quarterly,0,0
2024-01-07 22:15:00,8.24,3.32,12.11,3.63,34.13,11.1,0.45,9.35,2024,Bhatagaon,Quarterly,0,0
2024-01-07 22:30:00,8.24,3.3,12.11,3.69,34.13,11.1,0.44,9.34,2024,Bhatagaon,Quarterly,0,0
2024-01-07 22:45:00,8.24,3.23,12.07,3.32,30.24,10.2,0.43,9.36,2024,Bhatagaon,Quarterly,0,0
2024-01-07 23:00:00,8.2,3.24,12.04,3.2,27.88,9.65,0.43,9.39,2024,Bhatagaon,Quarterly,0,0
2024-01-07 23:15:00,8.22,3.32,12.1,3.43,27.88,9.65,0.42,9.38,2024,Bhatagaon,Quarterly,0,0
2024-01-07 23:30:00,8.21,3.27,12.07,3.33,27.88,9.65,0.41,9.38,2024,Bhatagaon,Quarterly,0,0
2024-01-07 23:45:00,8.29,3.36,12.18,2.78,29.44,8.45,0.41,9.37,2024,Bhatagaon,Quarterly,0,0
2024-01-08 00:15:00,8.283673469387754,3.353469387755102,12.17142857142857,2.810204081632653,30.383877551020408,8.765714285714285,0.4169387755102041,9.379795918367346,2024,Bhatagaon,Quarterly,1,95
2024-01-08 00:30:00,8.280510204081631,3.350204081632653,12.167142857142856,2.8253061224489793,30.855816326530615,8.923571428571428,0.4204081632653061,9.384693877551019,2024,Bhatagaon,Quarterly,1,95
2024-01-08 00:45:00,8.277346938775509,3.346938775510204,12.162857142857142,2.8404081632653058,31.32775510204082,9.081428571428571,0.42387755102040814,9.389591836734693,2024,Bhatagaon,Quarterly,1,95
2024-01-08 01:00:00,,,,,,,,,2024,Bhatagaon,Quarterly,1,95
2024-01-08 01:15:00,,,,,,,,,2024,Bhatagaon,Quarterly,1,95
2024-01-08 01:30:00,,,,,,,,,2024,Bhatagaon,Quarterly,1,95
2024-01-08 01:45:00,,,,,,,,,2024,Bhatagaon,Quarterly,1,95
2024-01-08 02:00:00,,,,,,,,,2024,Bhatagaon,Quarterly,1,95
2024-01-08 02:15:00,,,,,,,,,2024,Bhatagaon,Quarterly,1,95
2024-01-08 02:30:00,,,,,,,,,2024,Bhatagaon,Quarterly,1,95
2024-01-08 02:45:00,,,,,,,,,2024,Bhatagaon,Quarterly,1,95
2024-01-08 03:00:00,,,,,,,,,2024,Bhatagaon,Quarterly,1,95
2024-01-08 03:15:00,,,,,,,,,2024,Bhatagaon,Quarterly,1,95
2024-01-08 03:30:00,,,,,,,,,2024,Bhatagaon,Quarterly,1,95
2024-01-08 03:45:00,,,,,,,,,2024,Bhatagaon,Quarterly,1,95
2024-01-08 04:00:00,,,,,,,,,2024,Bhatagaon,Quarterly,1,95
2024-01-08 04:15:00,,,,,,,,,2024,Bhatagaon,Quarterly,1,95
2024-01-08 04:30:00,,,,,,,,,2024,Bhatagaon,Quarterly,1,95
2024-01-08 04:45:00,,,,,,,,,2024,Bhatagaon,Quarterly,1,95
2024-01-08 05:00:00,,,,,,,,,2024,Bhatagaon,Quarterly,1,95
2024-01-08 05:15:00,,,,,,,,,2024,Bhatagaon,Quarterly,1,95
2024-01-08 05:30:00,,,,,,,,,2024,Bhatagaon,Quarterly,1,95
2024-01-08 05:45:00,,,,,,,,,2024,Bhatagaon,Quarterly,1,95
2024-01-08 06:00:00,,,,,,,,,2024,Bhatagaon,Quarterly,1,95
2024-01-08 06:15:00,,,,,,,,,2024,Bhatagaon,Quarterly,1,95
2024-01-08 06:30:00,,,,,,,,,2024,Bhatagaon,Quarterly,1,95
2024-01-08 06:45:00,,,,,,,,,2024,Bhatagaon,Quarterly,1,95
2024-01-08 07:00:00,,,,,,,,,2024,Bhatagaon,Quarterly,1,95
2024-01-08 07:15:00,,,,,,,,,2024,Bhatagaon,Quarterly,1,95
2024-01-08 07:30:00,,,,,,,,,2024,Bhatagaon,Quarterly,1,95
2024-01-08 07:45:00,,,,,,,,,2024,Bhatagaon,Quarterly,1,95
2024-01-08 08:00:00,,,,,,,,,2024,Bhatagaon,Quarterly,1,95
2024-01-08 08:15:00,,,,,,,,,2024,Bhatagaon,Quarterly,1,95
2024-01-08 08:30:00,,,,,,,,,2024,Bhatagaon,Quarterly,1,95
2024-01-08 08:45:00,,,,,,,,,2024,Bhatagaon,Quarterly,1,95
2024-01-08 09:00:00,,,,,,,,,2024,Bhatagaon,Quarterly,1,95
2024-01-08 09:15:00,,,,,,,,,2024,Bhatagaon,Quarterly,1,95
2024-01-08 09:30:00,,,,,,,,,2024,Bhatagaon,Quarterly,1,95
2024-01-08 09:45:00,,,,,,,,,2024,Bhatagaon,Quarterly,1,95
2024-01-08 10:00:00,,,,,,,,,2024,Bhatagaon,Quarterly,1,95
2024-01-08 10:15:00,,,,,,,,,2024,Bhatagaon,Quarterly,1,95
2024-01-08 10:30:00,,,,,,,,,2024,Bhatagaon,Quarterly,1,95
2024-01-08 10:45:00,,,,,,,,,2024,Bhatagaon,Quarterly,1,95
2024-01-08 11:00:00,,,,,,,,,2024,Bhatagaon,Quarterly,1,95
2024-01-08 11:15:00,,,,,,,,,2024,Bhatagaon,Quarterly,1,95
2024-01-08 11:30:00,,,,,,,,,2024,Bhatagaon,Quarterly,1,95
2024-01-08 11:45:00,,,,,,,,,2024,Bhatagaon,Quarterly,1,95
2024-01-08 12:00:00,,,,,,,,,2024,Bhatagaon,Quarterly,1,95
2024-01-08 12:15:00,,,,,,,,,2024,Bhatagaon,Quarterly,1,95
2024-01-08 12:30:00,,,,,,,,,2024,Bhatagaon,Quarterly,1,95
2024-01-08 12:45:00,,,,,,,,,2024,Bhatagaon,Quarterly,1,95
2024-01-08 13:00:00,,,,,,,,,2024,Bhatagaon,Quarterly,1,95
2024-01-08 13:15:00,,,,,,,,,2024,Bhatagaon,Quarterly,1,95
2024-01-08 13:30:00,,,,,,,,,2024,Bhatagaon,Quarterly,1,95
2024-01-08 13:45:00,,,,,,,,,2024,Bhatagaon,Quarterly,1,95
2024-01-08 14:00:00,,,,,,,,,2024,Bhatagaon,Quarterly,1,95
2024-01-08 14:15:00,,,,,,,,,2024,Bhatagaon,Quarterly,1,95
2024-01-08 14:30:00,,,,,,,,,2024,Bhatagaon,Quarterly,1,95
2024-01-08 14:45:00,,,,,,,,,2024,Bhatagaon,Quarterly,1,95
2024-01-08 15:00:00,,,,,,,,,2024,Bhatagaon,Quarterly,1,95
2024-01-08 15:15:00,,,,,,,,,2024,Bhatagaon,Quarterly,1,95
2024-01-08 15:30:00,,,,,,,,,2024,Bhatagaon,Quarterly,1,95
2024-01-08 15:45:00,,,,,,,,,2024,Bhatagaon,Quarterly,1,95
2024-01-08 16:00:00,,,,,,,,,2024,Bhatagaon,Quarterly,1,95
2024-01-08 16:15:00,,,,,,,,,2024,Bhatagaon,Quarterly,1,95
2024-01-08 16:30:00,,,,,,,,,2024,Bhatagaon,Quarterly,1,95
2024-01-08 16:45:00,,,,,,,,,2024,Bhatagaon,Quarterly,1,95
2024-01-08 17:00:00,,,,,,,,,2024,Bhatagaon,Quarterly,1,95
2024-01-08 17:15:00,,,,,,,,,2024,Bhatagaon,Quarterly,1,95
2024-01-08 17:30:00,,,,,,,,,2024,Bhatagaon,Quarterly,1,95
2024-01-08 17:45:00,,,,,,,,,2024,Bhatagaon,Quarterly,1,95
2024-01-08 18:00:00,,,,,,,,,2024,Bhatagaon,Quarterly,1,95
2024-01-08 18:15:00,,,,,,,,,2024,Bhatagaon,Quarterly,1,95
2024-01-08 18:30:00,,,,,,,,,2024,Bhatagaon,Quarterly,1,95
2024-01-08 18:45:00,,,,,,,,,2024,Bhatagaon,Quarterly,1,95
2024-01-08 19:00:00,,,,,,,,,2024,Bhatagaon,Quarterly,1,95
2024-01-08 19:15:00,,,,,,,,,2024,Bhatagaon,Quarterly,1,95
2024-01-08 19:30:00,,,,,,,,,2024,Bhatagaon,Quarterly,1,95
2024-01-08 19:45:00,,,,,,,,,2024,Bhatagaon,Quarterly,1,95
2024-01-08 20:00:00,,,,,,,,,2024,Bhatagaon,Quarterly,1,95
2024-01-08 20:15:00,,,,,,,,,2024,Bhatagaon,Quarterly,1,95
2024-01-08 20:30:00,,,,,,,,,2024,Bhatagaon,Quarterly,1,95
2024-01-08 20:45:00,,,,,,,,,2024,Bhatagaon,Quarterly,1,95
2024-01-08 21:00:00,,,,,,,,,2024,Bhatagaon,Quarterly,1,95
2024-01-08 21:15:00,,,,,,,,,2024,Bhatagaon,Quarterly,1,95
2024-01-08 21:30:00,,,,,,,,,2024,Bhatagaon,Quarterly,1,95
2024-01-08 21:45:00,,,,,,,,,2024,Bhatagaon,Quarterly,1,95
2024-01-08 22:00:00,,,,,,,,,2024,Bhatagaon,Quarterly,1,95
2024-01-08 22:15:00,,,,,,,,,2024,Bhatagaon,Quarterly,1,95
2024-01-08 22:30:00,,,,,,,,,2024,Bhatagaon,Quarterly,1,95
2024-01-08 22:45:00,,,,,,,,,2024,Bhatagaon,Quarterly,1,95
2024-01-08 23:00:00,,,,,,,,,2024,Bhatagaon,Quarterly,1,95
2024-01-08 23:15:00,,,,,,,,,2024,Bhatagaon,Quarterly,1,95
2024-01-08 23:30:00,,,,,,,,,2024,Bhatagaon,Quarterly,1,95
2024-01-08 23:45:00,,,,,,,,,2024,Bhatagaon,Quarterly,1,95
2024-01-09 00:15:00,7.98,3.04,11.76,4.26,75.69,23.92,0.75,9.85,2024,Bhatagaon,Quarterly,0,0
2024-01-09 00:30:00,7.97,3.02,11.74,3.59,75.69,23.92,0.73,9.88,2024,Bhatagaon,Quarterly,0,0
2024-01-09 00:45:00,8.01,3.04,11.78,3.73,79.48,23.92,0.71,9.88,2024,Bhatagaon,Quarterly,0,0
2024-01-09 01:00:00,7.96,2.95,11.7,3.74,83.8,23.92,0.71,9.85,2024,Bhatagaon,Quarterly,0,0
2024-01-09 01:15:00,7.96,2.94,11.69,3.63,83.8,23.92,0.58,9.84,2024,Bhatagaon,Quarterly,0,0
2024-01-09 01:30:00,7.99,3.0,11.75,3.53,83.8,23.92,0.6,9.89,2024,Bhatagaon,Quarterly,0,0
2024-01-09 01:45:00,7.95,2.96,11.7,3.81,72.87,20.98,0.57,9.86,2024,Bhatagaon,Quarterly,0,0
2024-01-09 02:00:00,7.96,3.0,11.73,4.12,59.8,19.11,0.56,9.84,2024,Bhatagaon,Quarterly,0,0
2024-01-09 02:15:00,7.98,2.95,11.72,3.59,59.8,19.11,0.55,9.84,2024,Bhatagaon,Quarterly,0,0
2024-01-09 02:30:00,7.99,2.97,11.73,3.59,59.8,19.11,0.53,9.85,2024,Bhatagaon,Quarterly,0,0
2024-01-09 02:45:00,8.01,2.97,11.74,3.63,55.55,15.85,0.51,9.84,2024,Bhatagaon,Quarterly,0,0
2024-01-09 03:00:00,8.04,3.01,11.79,3.76,50.48,13.78,0.5,9.84,2024,Bhatagaon,Quarterly,0,0
2024-01-09 03:15:00,8.0,2.97,11.74,3.78,50.48,13.78,0.48,9.8,2024,Bhatagaon,Quarterly,0,0
2024-01-09 03:30:00,8.0,2.93,11.72,3.84,50.48,13.78,0.46,9.77,2024,Bhatagaon,Quarterly,0,0
2024-01-09 03:45:00,7.97,2.92,11.69,3.91,43.72,11.76,0.46,9.77,2024,Bhatagaon,Quarterly,0,0
2024-01-09 04:00:00,7.93,2.93,11.67,4.14,35.65,8.84,0.45,9.72,2024,Bhatagaon,Quarterly,0,0
2024-01-09 04:15:00,7.93,2.92,11.66,4.37,35.65,8.84,0.42,9.64,2024,Bhatagaon,Quarterly,0,0
2024-01-09 04:30:00,7.94,2.91,11.66,4.17,35.65,8.84,0.41,9.68,2024,Bhatagaon,Quarterly,0,0
2024-01-09 04:45:00,7.96,2.95,11.69,3.83,30.89,9.13,0.39,9.69,2024,Bhatagaon,Quarterly,0,0
2024-01-09 05:00:00,7.96,2.95,11.7,3.66,25.2,9.31,0.39,9.7,2024,Bhatagaon,Quarterly,0,0
2024-01-09 05:15:00,8.01,3.07,11.8,4.0,25.2,9.31,0.37,9.67,2024,Bhatagaon,Quarterly,0,0
2024-01-09 05:30:00,7.98,3.04,11.76,3.83,25.2,9.31,0.36,9.69,2024,Bhatagaon,Quarterly,0,0
2024-01-09 05:45:00,7.96,2.94,11.69,4.01,21.72,7.76,0.35,9.7,2024,Bhatagaon,Quarterly,0,0
2024-01-09 06:00:00,7.97,2.97,11.72,4.27,17.57,6.77,0.33,9.68,2024,Bhatagaon,Quarterly,0,0
2024-01-09 06:15:00,7.99,3.0,11.75,4.13,17.57,6.77,0.32,9.7,2024,Bhatagaon,Quarterly,0,0
2024-01-09 06:30:00,8.0,2.94,11.73,3.59,17.57,6.77,0.32,9.71,2024,Bhatagaon,Quarterly,0,0
2024-01-09 06:45:00,8.0,2.97,11.74,3.72,18.84,5.6,0.32,9.71,2024,Bhatagaon,Quarterly,0,0
2024-01-09 07:00:00,8.0,2.96,11.74,4.09,20.35,4.86,0.32,9.73,2024,Bhatagaon,Quarterly,0,0
2024-01-09 07:15:00,7.99,2.94,11.72,4.1,20.35,4.86,0.31,9.73,2024,Bhatagaon,Quarterly,0,0
2024-01-09 07:30:00,8.0,2.99,11.76,3.95,20.35,4.86,0.33,9.73,2024,Bhatagaon,Quarterly,0,0
2024-01-09 07:45:00,8.02,3.05,11.79,4.01,21.09,4.82,0.32,9.77,2024,Bhatagaon,Quarterly,0,0
2024-01-09 08:00:00,8.0,2.98,11.75,5.19,21.97,4.76,0.33,9.77,2024,Bhatagaon,Quarterly,0,0
2024-01-09 08:15:00,7.96,2.97,11.71,5.22,21.97,4.76,0.34,9.7,2024,Bhatagaon,Quarterly,0,0
2024-01-09 08:30:00,7.97,2.98,11.72,4.92,21.97,4.76,0.32,9.69,2024,Bhatagaon,Quarterly,0,0
2024-01-09 08:45:00,7.98,3.03,11.76,5.05,23.03,4.71,0.33,9.72,2024,Bhatagaon,Quarterly,0,0
2024-01-09 09:00:00,7.94,2.94,11.67,5.29,24.29,4.68,0.31,9.68,2024,Bhatagaon,Quarterly,0,0
2024-01-09 09:15:00,7.95,3.01,11.72,4.67,24.29,4.68,0.31,9.68,2024,Bhatagaon,Quarterly,0,0
2024-01-09 09:30:00,7.99,2.98,11.74,4.82,24.29,4.68,0.31,9.68,2024,Bhatagaon,Quarterly,0,0
2024-01-09 09:45:00,7.96,2.94,11.69,4.91,22.36,4.05,0.3,9.67,2024,Bhatagaon,Quarterly,0,0
2024-01-09 10:00:00,7.95,2.93,11.68,4.79,20.04,3.64,0.3,9.68,2024,Bhatagaon,Quarterly,0,0
2024-01-09 10:15:00,7.95,2.95,11.69,4.74,20.04,3.64,0.28,9.65,2024,Bhatagaon,Quarterly,0,0
2024-01-09 10:30:00,8.0,3.01,11.76,4.76,20.04,3.64,0.28,9.65,2024,Bhatagaon,Quarterly,0,0
2024-01-09 10:45:00,7.99,2.97,11.73,4.85,20.98,4.34,0.27,9.64,2024,Bhatagaon,Quarterly,0,0
2024-01-09 11:00:00,7.97,2.97,11.72,4.76,22.09,4.79,0.26,9.63,2024,Bhatagaon,Quarterly,0,0
2024-01-09 11:15:00,7.98,2.99,11.74,4.75,22.09,4.79,0.26,9.64,2024,Bhatagaon,Quarterly,0,0
2024-01-09 11:30:00,7.98,2.97,11.72,5.07,22.09,4.79,0.24,9.6,2024,Bhatagaon,Quarterly,0,0
2024-01-09 11:45:00,7.98,2.94,11.71,4.68,21.38,4.23,0.24,9.6,2024,Bhatagaon,Quarterly,0,0
2024-01-09 12:00:00,7.97,2.92,11.69,3.91,20.52,3.38,0.23,9.62,2024,Bhatagaon,Quarterly,0,0
2024-01-09 12:15:00,7.96,2.94,11.7,3.83,20.52,3.38,0.23,9.6,2024,Bhatagaon,Quarterly,0,0
2024-01-09 12:30:00,7.96,2.95,11.7,3.6,20.52,3.38,0.21,9.58,2024,Bhatagaon,Quarterly,0,0
2024-01-09 12:45:00,7.95,2.96,11.69,3.83,18.02,2.76,0.21,9.61,2024,Bhatagaon,Quarterly,0,0
2024-01-09 13:00:00,7.94,2.92,11.66,3.59,15.16,2.36,0.21,9.6,2024,Bhatagaon,Quarterly,0,0
2024-01-09 13:15:00,7.93,2.92,11.66,3.54,15.16,2.36,0.28,9.58,2024,Bhatagaon,Quarterly,0,0
2024-01-09 13:30:00,7.92,2.93,11.65,3.58,15.16,2.36,0.3,9.59,2024,Bhatagaon,Quarterly,0,0
2024-01-09 13:45:00,7.92,2.93,11.66,3.66,15.48,1.93,0.31,9.58,2024,Bhatagaon,Quarterly,0,0
2024-01-09 14:00:00,7.95,2.95,11.69,3.46,15.85,1.66,0.3,9.56,2024,Bhatagaon,Quarterly,0,0
2024-01-09 14:15:00,7.98,2.92,11.7,3.51,15.85,1.66,0.3,9.58,2024,Bhatagaon,Quarterly,0,0
2024-01-09 14:30:00,7.97,2.96,11.71,3.12,15.85,1.66,0.29,9.57,2024,Bhatagaon,Quarterly,0,0
2024-01-09 14:45:00,7.97,2.97,11.72,3.32,17.98,4.08,0.31,9.61,2024,Bhatagaon,Quarterly,0,0
2024-01-09 15:00:00,7.98,2.97,11.73,3.44,20.52,5.61,0.31,9.61,2024,Bhatagaon,Quarterly,0,0
2024-01-09 15:15:00,7.98,2.98,11.73,3.51,20.52,5.61,0.31,9.62,2024,Bhatagaon,Quarterly,0,0
2024-01-09 15:30:00,7.98,2.99,11.74,3.72,20.52,5.61,0.31,9.62,2024,Bhatagaon,Quarterly,0,0
2024-01-09 15:45:00,8.0,2.95,11.73,3.56,20.21,6.15,0.32,9.62,2024,Bhatagaon,Quarterly,0,0
2024-01-09 16:00:00,7.99,2.97,11.74,4.74,19.83,6.92,0.32,9.63,2024,Bhatagaon,Quarterly,0,0
2024-01-09 16:15:00,7.96,2.94,11.69,3.9,19.83,6.92,0.34,9.65,2024,Bhatagaon,Quarterly,0,0
2024-01-09 16:30:00,7.94,2.94,11.68,4.76,19.83,6.92,0.33,9.59,2024,Bhatagaon,Quarterly,0,0
2024-01-09 16:45:00,7.94,2.97,11.69,4.46,21.86,7.81,0.33,9.59,2024,Bhatagaon,Quarterly,0,0
2024-01-09 17:00:00,7.95,3.0,11.72,4.22,24.18,8.38,0.35,9.62,2024,Bhatagaon,Quarterly,0,0
2024-01-09 17:15:00,7.95,2.94,11.68,4.29,24.18,8.38,0.35,9.57,2024,Bhatagaon,Quarterly,0,0
2024-01-09 17:30:00,7.96,3.0,11.72,3.8,24.18,8.38,0.36,9.57,2024,Bhatagaon,Quarterly,0,0
2024-01-09 17:45:00,7.96,3.06,11.76,4.11,22.25,8.02,0.37,9.62,2024,Bhatagaon,Quarterly,0,0
2024-01-09 18:00:00,7.95,3.03,11.73,4.39,19.95,7.79,0.36,9.54,2024,Bhatagaon,Quarterly,0,0
2024-01-09 18:15:00,7.92,2.93,11.66,4.17,19.95,7.79,0.36,9.54,2024,Bhatagaon,Quarterly,0,0
2024-01-09 18:30:00,7.96,2.96,11.71,3.99,19.95,7.79,0.37,9.56,2024,Bhatagaon,Quarterly,0,0
2024-01-09 18:45:00,8.05,3.09,11.84,4.13,22.18,8.88,0.38,9.6,2024,Bhatagaon,Quarterly,0,0
2024-01-09 19:00:00,8.1,3.16,11.92,4.17,24.83,9.58,0.39,9.61,2024,Bhatagaon,Quarterly,0,0
2024-01-09 19:15:00,8.58,4.01,12.75,3.87,24.83,9.58,0.39,9.62,2024,Bhatagaon,Quarterly,0,0
2024-01-09 19:30:00,8.95,4.63,13.37,4.23,24.83,9.58,0.4,9.64,2024,Bhatagaon,Quarterly,0,0
2024-01-09 19:45:00,9.13,4.91,13.66,4.17,26.08,8.58,0.4,9.64,2024,Bhatagaon,Quarterly,0,0
2024-01-09 20:00:00,9.27,5.07,13.86,4.01,27.51,7.15,0.41,9.63,2024,Bhatagaon,Quarterly,0,0
2024-01-09 20:15:00,9.32,5.23,13.98,3.94,27.51,7.15,0.41,9.63,2024,Bhatagaon,Quarterly,0,0
2024-01-09 20:30:00,9.35,5.38,14.09,4.17,27.51,7.15,0.43,9.63,2024,Bhatagaon,Quarterly,0,0
2024-01-09 20:45:00,9.46,5.66,14.32,4.46,25.36,5.99,0.43,9.56,2024,Bhatagaon,Quarterly,0,0
2024-01-09 21:00:00,9.45,5.71,14.34,3.95,22.92,5.25,0.43,9.58,2024,Bhatagaon,Quarterly,0,0
2024-01-09 21:15:00,9.41,5.67,14.28,4.15,22.92,5.25,0.44,9.61,2024,Bhatagaon,Quarterly,0,0
2024-01-09 21:30:00,9.43,5.74,14.33,4.54,22.92,5.25,0.43,9.54,2024,Bhatagaon,Quarterly,0,0
2024-01-09 21:45:00,9.34,5.59,14.18,4.28,23.59,4.54,0.44,9.61,2024,Bhatagaon,Quarterly,0,0
2024-01-09 22:00:00,9.32,5.63,14.19,4.33,24.36,4.08,0.43,9.58,2024,Bhatagaon,Quarterly,0,0
2024-01-09 22:15:00,9.26,5.48,14.06,4.18,24.36,4.08,0.43,9.6,2024,Bhatagaon,Quarterly,0,0
2024-01-09 22:30:00,9.28,5.47,14.07,4.24,24.36,4.08,0.43,9.62,2024,Bhatagaon,Quarterly,0,0
2024-01-09 22:45:00,9.27,5.39,14.03,4.02,21.87,4.38,0.41,9.62,2024,Bhatagaon,Quarterly,0,0
2024-01-09 23:00:00,9.21,5.15,13.85,3.92,19.03,4.55,0.41,9.64,2024,Bhatagaon,Quarterly,0,0
2024-01-09 23:15:00,9.21,5.04,13.79,4.01,19.03,4.55,0.4,9.64,2024,Bhatagaon,Quarterly,0,0
2024-01-09 23:30:00,9.77,4.35,13.88,4.2,19.03,4.55,0.4,9.68,2024,Bhatagaon,Quarterly,0,0
2024-01-09 23:45:00,10.15,4.39,14.2,4.11,17.73,4.81,0.39,9.67,2024,Bhatagaon,Quarterly,0,0
2024-01-10 00:15:00,5.28,5.19,6.95,5.48,28.2,10.68,0.36,9.62,2024,Bhatagaon,Quarterly,0,0
2024-01-10 00:30:00,5.18,4.91,6.72,5.36,27.05,9.94,0.39,9.61,2024,Bhatagaon,Quarterly,0,0
2024-01-10 00:45:00,5.03,4.62,6.44,5.48,27.05,9.94,0.37,9.62,2024,Bhatagaon,Quarterly,0,0
2024-01-10 01:00:00,4.84,4.52,6.25,5.61,27.05,9.94,0.42,9.61,2024,Bhatagaon,Quarterly,0,0
2024-01-10 01:15:00,4.66,4.8,6.24,5.85,26.75,9.41,0.46,9.61,2024,Bhatagaon,Quarterly,0,0
2024-01-10 01:30:00,4.34,4.94,6.06,5.68,25.97,7.42,0.44,9.61,2024,Bhatagaon,Quarterly,0,0
2024-01-10 01:45:00,3.76,4.37,5.3,5.64,25.97,7.42,0.38,9.6,2024,Bhatagaon,Quarterly,0,0
2024-01-10 02:00:00,3.41,4.15,4.9,5.7,25.97,7.42,0.43,9.61,2024,Bhatagaon,Quarterly,0,0
2024-01-10 02:15:00,3.15,4.42,4.83,5.57,23.84,6.61,0.38,9.6,2024,Bhatagaon,Quarterly,0,0
2024-01-10 02:30:00,2.83,4.04,4.38,5.51,18.28,5.19,0.37,9.6,2024,Bhatagaon,Quarterly,0,0
2024-01-10 02:45:00,2.73,4.2,4.38,5.68,18.28,5.19,0.4,9.61,2024,Bhatagaon,Quarterly,0,0
2024-01-10 03:00:00,2.48,4.01,4.08,5.84,18.28,5.19,0.37,9.61,2024,Bhatagaon,Quarterly,0,0
2024-01-10 03:15:00,2.26,3.76,3.78,5.42,18.51,5.66,0.35,9.6,2024,Bhatagaon,Quarterly,0,0
2024-01-10 03:30:00,2.19,3.68,3.68,5.4,19.11,6.47,0.28,9.61,2024,Bhatagaon,Quarterly,0,0
2024-01-10 03:45:00,2.39,3.68,3.84,5.45,19.11,6.47,0.3,9.61,2024,Bhatagaon,Quarterly,0,0
2024-01-10 04:00:00,2.63,3.78,4.09,5.02,19.11,6.47,0.28,9.6,2024,Bhatagaon,Quarterly,0,0
2024-01-10 04:15:00,2.74,3.75,4.16,4.82,17.68,6.27,0.29,9.61,2024,Bhatagaon,Quarterly,0,0
2024-01-10 04:30:00,2.9,3.74,4.28,4.84,13.96,5.94,0.28,9.61,2024,Bhatagaon,Quarterly,0,0
2024-01-10 04:45:00,3.03,3.75,4.39,4.93,13.96,5.94,0.3,9.61,2024,Bhatagaon,Quarterly,0,0
2024-01-10 05:00:00,3.23,3.75,4.55,4.97,13.96,5.94,0.3,9.61,2024,Bhatagaon,Quarterly,0,0
2024-01-10 05:15:00,3.34,3.83,4.68,4.81,14.53,6.23,0.33,9.61,2024,Bhatagaon,Quarterly,0,0
2024-01-10 05:30:00,3.48,4.35,5.06,5.25,16.02,7.44,0.34,9.61,2024,Bhatagaon,Quarterly,0,0
2024-01-10 05:45:00,3.56,4.33,5.12,5.28,16.02,7.44,0.35,9.61,2024,Bhatagaon,Quarterly,0,0
2024-01-10 06:00:00,3.71,4.08,5.11,5.71,16.02,7.44,0.34,9.62,2024,Bhatagaon,Quarterly,0,0
2024-01-10 06:15:00,4.22,4.63,5.81,4.84,16.12,7.23,0.38,9.61,2024,Bhatagaon,Quarterly,0,0
2024-01-10 06:30:00,4.81,4.79,6.36,5.39,16.38,6.87,0.37,9.61,2024,Bhatagaon,Quarterly,0,0
2024-01-10 06:45:00,5.12,5.1,6.77,5.34,16.38,6.87,0.38,9.6,2024,Bhatagaon,Quarterly,0,0
2024-01-10 07:00:00,5.36,5.06,6.94,5.4,16.38,6.87,0.38,9.6,2024,Bhatagaon,Quarterly,0,0
2024-01-10 07:15:00,5.78,5.18,7.34,5.5,18.07,7.37,0.37,9.58,2024,Bhatagaon,Quarterly,0,0
2024-01-10 07:30:00,6.01,5.41,7.65,5.29,22.48,8.23,0.42,9.61,2024,Bhatagaon,Quarterly,0,0
2024-01-10 07:45:00,6.07,4.87,7.41,5.36,22.48,8.23,0.5,9.62,2024,Bhatagaon,Quarterly,0,0
2024-01-10 08:00:00,6.37,4.86,7.64,4.7,22.48,8.23,0.51,9.6,2024,Bhatagaon,Quarterly,0,0
2024-01-10 08:15:00,6.78,5.23,8.17,4.78,23.73,10.2,0.64,9.61,2024,Bhatagaon,Quarterly,0,0
2024-01-10 08:30:00,7.37,5.64,8.86,4.98,26.98,13.51,0.7,9.61,2024,Bhatagaon,Quarterly,0,0
2024-01-10 08:45:00,7.94,6.22,9.61,5.4,26.98,13.51,0.63,9.62,2024,Bhatagaon,Quarterly,0,0
2024-01-10 09:00:00,8.55,6.84,10.43,5.64,26.98,13.51,0.77,9.62,2024,Bhatagaon,Quarterly,0,0
2024-01-10 09:15:00,8.92,7.9,11.28,5.41,28.22,13.49,0.71,9.61,2024,Bhatagaon,Quarterly,0,0
2024-01-10 09:30:00,9.09,8.76,11.86,5.66,31.46,13.43,0.68,9.61,2024,Bhatagaon,Quarterly,0,0
2024-01-10 09:45:00,8.89,9.58,12.14,5.91,31.46,13.43,0.71,9.6,2024,Bhatagaon,Quarterly,0,0
2024-01-10 10:00:00,8.48,9.67,11.85,6.08,31.46,13.43,0.73,9.61,2024,Bhatagaon,Quarterly,0,0
2024-01-10 10:15:00,8.35,10.3,12.08,5.47,32.89,14.59,0.74,9.61,2024,Bhatagaon,Quarterly,0,0
2024-01-10 10:30:00,7.99,11.04,12.18,5.51,36.6,16.54,0.75,9.61,2024,Bhatagaon,Quarterly,0,0
2024-01-10 10:45:00,7.45,11.71,12.09,5.6,36.6,16.54,0.74,9.61,2024,Bhatagaon,Quarterly,0,0
2024-01-10 11:00:00,6.74,13.03,12.21,5.74,36.6,16.54,0.72,9.6,2024,Bhatagaon,Quarterly,0,0
2024-01-10 11:15:00,4.82,15.06,11.73,5.45,34.51,16.92,0.71,9.6,2024,Bhatagaon,Quarterly,0,0
2024-01-10 11:30:00,3.21,16.62,11.26,6.24,29.07,17.56,0.7,9.61,2024,Bhatagaon,Quarterly,0,0
2024-01-10 11:45:00,2.46,16.0,10.33,6.0,29.07,17.56,0.69,9.61,2024,Bhatagaon,Quarterly,0,0
2024-01-10 12:00:00,2.31,14.32,9.34,5.09,29.07,17.56,0.67,9.61,2024,Bhatagaon,Quarterly,0,0
2024-01-10 12:15:00,1.96,13.62,8.69,5.68,35.02,18.07,0.66,9.6,2024,Bhatagaon,Quarterly,0,0
2024-01-10 12:30:00,1.8,12.56,8.0,5.37,50.49,18.96,0.61,9.58,2024,Bhatagaon,Quarterly,0,0
2024-01-10 12:45:00,1.85,11.51,7.49,5.31,50.49,18.96,0.62,9.6,2024,Bhatagaon,Quarterly,0,0
2024-01-10 13:00:00,1.93,10.73,7.16,5.5,50.49,18.96,0.6,9.61,2024,Bhatagaon,Quarterly,0,0
2024-01-10 13:15:00,1.9,10.19,6.84,5.34,50.9,18.23,0.5,9.61,2024,Bhatagaon,Quarterly,0,0
2024-01-10 13:30:00,1.68,9.51,6.31,5.58,51.96,15.43,0.51,9.61,2024,Bhatagaon,Quarterly,0,0
2024-01-10 13:45:00,1.52,9.34,6.1,5.53,51.96,15.43,0.53,9.61,2024,Bhatagaon,Quarterly,0,0
2024-01-10 14:00:00,1.16,8.27,5.25,5.33,51.96,15.43,0.47,9.61,2024,Bhatagaon,Quarterly,0,0
2024-01-10 14:15:00,0.6,7.87,4.6,5.78,46.91,13.7,0.4,9.61,2024,Bhatagaon,Quarterly,0,0
2024-01-10 14:30:00,0.0,9.14,4.69,6.21,33.77,10.8,0.36,9.62,2024,Bhatagaon,Quarterly,0,0
2024-01-10 14:45:00,0.0,8.99,4.55,5.47,33.77,10.8,0.37,9.61,2024,Bhatagaon,Quarterly,0,0
2024-01-10 15:00:00,0.05,10.34,5.44,5.97,33.77,10.8,0.37,9.61,2024,Bhatagaon,Quarterly,0,0
2024-01-10 15:15:00,0.0,12.62,6.46,6.21,34.56,11.61,0.35,9.62,2024,Bhatagaon,Quarterly,0,0
2024-01-10 15:30:00,0.0,11.24,5.86,6.12,36.62,13.03,0.35,9.62,2024,Bhatagaon,Quarterly,0,0
2024-01-10 15:45:00,0.27,10.25,5.57,5.93,36.62,13.03,0.36,9.61,2024,Bhatagaon,Quarterly,0,0
2024-01-10 16:00:00,0.38,9.05,5.04,4.63,36.62,13.03,0.3,9.61,2024,Bhatagaon,Quarterly,0,0
2024-01-10 16:15:00,0.33,7.95,4.42,4.21,33.2,11.63,0.28,9.62,2024,Bhatagaon,Quarterly,0,0
2024-01-10 16:30:00,0.47,7.53,4.32,4.27,24.3,9.28,0.29,9.59,2024,Bhatagaon,Quarterly,0,0
2024-01-10 16:45:00,0.67,7.09,4.24,3.97,24.3,9.28,0.29,9.61,2024,Bhatagaon,Quarterly,0,0
2024-01-10 17:00:00,0.87,7.14,4.43,4.2,24.3,9.28,0.36,9.62,2024,Bhatagaon,Quarterly,0,0
2024-01-10 17:15:00,1.02,7.25,4.6,3.97,27.22,9.9,0.31,9.62,2024,Bhatagaon,Quarterly,0,0
2024-01-10 17:30:00,0.81,7.82,4.73,5.21,34.81,12.28,0.36,9.62,2024,Bhatagaon,Quarterly,0,0
2024-01-10 17:45:00,1.0,9.49,5.76,5.32,34.81,12.28,0.46,9.62,2024,Bhatagaon,Quarterly,0,0
2024-01-10 18:00:00,1.34,10.53,6.57,4.86,34.81,12.28,0.48,9.6,2024,Bhatagaon,Quarterly,0,0
2024-01-10 18:15:00,1.38,9.9,6.28,4.84,36.31,12.69,0.59,9.61,2024,Bhatagaon,Quarterly,0,0
2024-01-10 18:30:00,1.59,9.69,6.34,5.06,40.2,13.39,0.51,9.6,2024,Bhatagaon,Quarterly,0,0
2024-01-10 18:45:00,1.6,8.94,5.95,5.0,40.2,13.39,0.51,9.6,2024,Bhatagaon,Quarterly,0,0
2024-01-10 19:00:00,1.77,8.67,5.95,4.36,40.2,13.39,0.6,9.6,2024,Bhatagaon,Quarterly,0,0
2024-01-10 19:15:00,2.06,8.42,6.05,4.23,44.8,13.91,0.51,9.6,2024,Bhatagaon,Quarterly,0,0
2024-01-10 19:30:00,2.19,8.52,6.2,4.53,56.74,14.81,0.51,9.61,2024,Bhatagaon,Quarterly,0,0
2024-01-10 19:45:00,2.07,8.32,6.01,4.42,56.74,14.81,0.52,9.6,2024,Bhatagaon,Quarterly,0,0
2024-01-10 20:00:00,2.03,8.11,5.86,5.53,56.74,14.81,0.56,9.61,2024,Bhatagaon,Quarterly,0,0
2024-01-10 20:15:00,2.05,7.71,5.67,4.92,54.64,15.19,0.6,9.62,2024,Bhatagaon,Quarterly,0,0
2024-01-10 20:30:00,2.22,7.35,5.62,5.04,49.17,15.83,0.53,9.61,2024,Bhatagaon,Quarterly,0,0
2024-01-10 20:45:00,2.5,7.36,5.85,5.34,49.17,15.83,0.71,9.62,2024,Bhatagaon,Quarterly,0,0
2024-01-10 21:00:00,3.05,7.48,6.35,5.27,49.17,15.83,0.61,9.62,2024,Bhatagaon,Quarterly,0,0
2024-01-10 21:15:00,3.53,7.53,6.76,5.34,49.05,15.8,0.85,9.61,2024,Bhatagaon,Quarterly,0,0
2024-01-10 21:30:00,4.27,7.57,7.37,5.22,48.73,15.65,0.67,9.62,2024,Bhatagaon,Quarterly,0,0
2024-01-10 21:45:00,4.75,7.59,7.78,5.22,48.73,15.65,0.67,9.62,2024,Bhatagaon,Quarterly,0,0
2024-01-10 22:00:00,5.15,7.84,8.23,5.38,48.73,15.65,0.63,9.6,2024,Bhatagaon,Quarterly,0,0
2024-01-10 22:15:00,5.37,8.03,8.5,5.7,47.27,15.28,0.65,9.62,2024,Bhatagaon,Quarterly,0,0
2024-01-10 22:30:00,5.77,7.8,8.7,5.71,43.48,14.65,0.63,9.61,2024,Bhatagaon,Quarterly,0,0
2024-01-10 22:45:00,5.89,7.35,8.57,5.52,43.48,14.65,0.59,9.61,2024,Bhatagaon,Quarterly,0,0
2024-01-10 23:00:00,5.84,7.3,8.5,5.45,43.48,14.65,0.56,9.61,2024,Bhatagaon,Quarterly,0,0
2024-01-10 23:15:00,5.76,6.91,8.23,5.21,42.24,14.95,0.57,9.61,2024,Bhatagaon,Quarterly,0,0
2024-01-10 23:30:00,5.76,6.83,8.18,5.52,39.03,15.44,0.55,9.6,2024,Bhatagaon,Quarterly,0,0
2024-01-10 23:45:00,6.21,6.8,8.53,5.38,39.03,15.44,0.56,9.61,2024,Bhatagaon,Quarterly,0,0
2024-01-11 00:15:00,34.03,13.77,33.11,14.5,90.94999999999999,48.027272727272724,1.43,9.61,2024,Bhatagaon,Quarterly,1,9
2024-01-11 00:30:00,35.12,13.58,33.88,14.11,116.90999999999998,64.32090909090908,1.33,9.62,2024,Bhatagaon,Quarterly,1,9
2024-01-11 00:45:00,34.81,13.04,33.35,12.82,142.86999999999998,80.61454545454545,1.17,9.62,2024,Bhatagaon,Quarterly,1,9
2024-01-11 01:00:00,34.49,13.22,33.19,12.38,,,1.24,9.62,2024,Bhatagaon,Quarterly,1,9
2024-01-11 01:15:00,35.01,12.81,33.39,12.31,,,1.17,9.63,2024,Bhatagaon,Quarterly,1,9
2024-01-11 01:30:00,35.79,12.14,33.66,12.27,,,1.07,9.63,2024,Bhatagaon,Quarterly,1,9
2024-01-11 01:45:00,35.54,12.35,33.58,11.52,,,1.02,9.64,2024,Bhatagaon,Quarterly,1,9
2024-01-11 02:00:00,35.62,11.15,33.01,10.67,,,0.87,9.62,2024,Bhatagaon,Quarterly,1,9
2024-01-11 02:15:00,34.74,10.28,31.86,9.93,,,0.84,9.63,2024,Bhatagaon,Quarterly,1,9
2024-01-11 02:30:00,33.66,9.94,30.81,9.45,324.59,194.67,0.85,9.62,2024,Bhatagaon,Quarterly,0,0
2024-01-11 02:45:00,32.64,9.73,29.88,9.14,254.84,160.06,0.87,9.62,2024,Bhatagaon,Quarterly,0,0
2024-01-11 03:00:00,31.55,9.73,29.0,8.52,254.84,160.06,0.87,9.62,2024,Bhatagaon,Quarterly,0,0
2024-01-11 03:15:00,30.35,9.52,27.94,8.0,254.84,160.06,0.73,9.62,2024,Bhatagaon,Quarterly,0,0
2024-01-11 03:30:00,29.29,9.16,26.9,8.05,212.54,128.22,0.78,9.62,2024,Bhatagaon,Quarterly,0,0
2024-01-11 03:45:00,28.25,9.37,26.18,7.49,176.44,121.15,1.01,9.63,2024,Bhatagaon,Quarterly,0,0
2024-01-11 04:00:00,26.85,9.91,25.33,6.59,176.44,121.15,1.03,9.62,2024,Bhatagaon,Quarterly,0,0
2024-01-11 04:15:00,25.15,9.66,23.84,6.93,176.44,121.15,1.0,9.62,2024,Bhatagaon,Quarterly,0,0
2024-01-11 04:30:00,23.78,9.54,22.68,6.77,138.28,59.86,0.96,9.6,2024,Bhatagaon,Quarterly,0,0
2024-01-11 04:45:00,22.69,9.61,21.84,6.52,115.11,46.48,0.98,9.61,2024,Bhatagaon,Quarterly,0,0
2024-01-11 05:00:00,21.73,9.73,21.14,6.06,115.11,46.48,0.97,9.61,2024,Bhatagaon,Quarterly,0,0
2024-01-11 05:15:00,20.75,9.97,20.47,6.28,115.11,46.48,0.96,9.62,2024,Bhatagaon,Quarterly,0,0
2024-01-11 05:30:00,19.84,10.11,19.81,6.01,101.46,51.25,0.94,9.62,2024,Bhatagaon,Quarterly,0,0
2024-01-11 05:45:00,18.84,10.34,19.13,5.92,93.17,52.29,0.92,9.62,2024,Bhatagaon,Quarterly,0,0
2024-01-11 06:00:00,18.01,10.47,18.53,5.62,93.17,52.29,0.87,9.63,2024,Bhatagaon,Quarterly,0,0
2024-01-11 06:15:00,17.58,9.55,17.71,5.27,93.17,52.29,0.74,9.62,2024,Bhatagaon,Quarterly,0,0
2024-01-11 06:30:00,17.02,9.23,17.1,5.35,70.17,11.08,0.71,9.61,2024,Bhatagaon,Quarterly,0,0
2024-01-11 06:45:00,16.7,9.02,16.72,5.43,56.2,2.09,0.75,9.61,2024,Bhatagaon,Quarterly,0,0
2024-01-11 07:00:00,16.62,8.78,16.54,5.13,56.2,2.09,0.73,9.62,2024,Bhatagaon,Quarterly,0,0
2024-01-11 07:15:00,16.36,8.72,16.3,5.18,56.2,2.09,0.76,9.62,2024,Bhatagaon,Quarterly,0,0
2024-01-11 07:30:00,15.99,8.64,15.96,4.87,57.89,22.33,0.76,9.62,2024,Bhatagaon,Quarterly,0,0
2024-01-11 07:45:00,15.6,8.59,15.63,5.25,58.91,29.91,0.84,9.62,2024,Bhatagaon,Quarterly,0,0
2024-01-11 08:00:00,15.07,9.17,15.5,4.69,58.91,29.91,0.87,9.63,2024,Bhatagaon,Quarterly,0,0
2024-01-11 08:15:00,14.25,9.94,15.25,4.69,58.91,29.91,0.87,9.62,2024,Bhatagaon,Quarterly,0,0
2024-01-11 08:30:00,13.29,10.59,14.81,5.25,97.58,94.6,0.89,9.63,2024,Bhatagaon,Quarterly,0,0
2024-01-11 08:45:00,12.11,11.47,14.33,5.34,121.06,108.72,0.89,9.62,2024,Bhatagaon,Quarterly,0,0
2024-01-11 09:00:00,10.83,12.39,13.78,5.75,121.06,108.72,0.9,9.61,2024,Bhatagaon,Quarterly,0,0
2024-01-11 09:15:00,9.45,13.04,13.01,5.43,121.06,108.72,0.94,9.61,2024,Bhatagaon,Quarterly,0,0
2024-01-11 09:30:00,8.02,13.29,11.99,5.57,160.2,85.85,0.95,9.63,2024,Bhatagaon,Quarterly,0,0
2024-01-11 09:45:00,6.58,14.19,11.32,5.65,183.96,80.86,0.97,9.63,2024,Bhatagaon,Quarterly,0,0
2024-01-11 10:00:00,5.2,13.53,9.87,5.14,183.96,80.86,0.96,9.63,2024,Bhatagaon,Quarterly,0,0
2024-01-11 10:15:00,4.1,13.51,8.97,5.18,183.96,80.86,0.92,9.61,2024,Bhatagaon,Quarterly,0,0
2024-01-11 10:30:00,3.32,12.48,7.8,5.09,135.34,45.96,0.88,9.63,2024,Bhatagaon,Quarterly,0,0
2024-01-11 10:45:00,2.73,11.98,7.07,5.01,105.81,38.34,0.82,9.62,2024,Bhatagaon,Quarterly,0,0
2024-01-11 11:00:00,2.24,11.51,6.43,4.77,105.81,38.34,0.81,9.63,2024,Bhatagaon,Quarterly,0,0
2024-01-11 11:15:00,1.81,11.04,5.85,4.79,105.81,38.34,0.78,9.62,2024,Bhatagaon,Quarterly,0,0
2024-01-11 11:30:00,1.46,10.6,5.33,5.1,86.03,49.33,0.68,9.61,2024,Bhatagaon,Quarterly,0,0
2024-01-11 11:45:00,1.18,10.09,4.84,4.55,74.02,53.59,0.74,9.63,2024,Bhatagaon,Quarterly,0,0
2024-01-11 12:00:00,0.87,9.83,4.46,5.89,74.02,53.59,0.75,9.62,2024,Bhatagaon,Quarterly,0,0
2024-01-11 12:15:00,0.59,9.99,4.31,5.28,74.02,53.59,0.74,9.62,2024,Bhatagaon,Quarterly,0,0
2024-01-11 12:30:00,0.31,9.9,4.04,5.11,37.17,30.81,0.73,9.61,2024,Bhatagaon,Quarterly,0,0
2024-01-11 12:45:00,0.12,9.48,3.67,5.08,14.8,25.83,0.7,9.61,2024,Bhatagaon,Quarterly,0,0
2024-01-11 13:00:00,0.12,9.6,3.74,5.2,14.8,25.83,0.64,9.61,2024,Bhatagaon,Quarterly,0,0
2024-01-11 13:15:00,0.12,9.41,3.64,5.26,14.8,25.83,0.65,9.61,2024,Bhatagaon,Quarterly,0,0
2024-01-11 13:30:00,0.17,10.22,4.1,4.91,49.82,23.0,0.54,9.61,2024,Bhatagaon,Quarterly,0,0
2024-01-11 13:45:00,0.12,10.17,4.04,5.17,71.09,22.38,0.6,9.61,2024,Bhatagaon,Quarterly,0,0
2024-01-11 14:00:00,0.1,10.25,4.06,5.22,71.09,22.38,0.53,9.62,2024,Bhatagaon,Quarterly,0,0
2024-01-11 14:15:00,0.1,10.39,4.13,5.04,71.09,22.38,0.6,9.62,2024,Bhatagaon,Quarterly,0,0
2024-01-11 14:30:00,0.16,10.07,4.02,4.98,61.18,27.8,0.5,9.61,2024,Bhatagaon,Quarterly,0,0
2024-01-11 14:45:00,0.24,9.75,3.9,4.86,54.87,28.98,0.53,9.62,2024,Bhatagaon,Quarterly,0,0
2024-01-11 15:00:00,0.25,9.56,3.82,4.76,54.87,28.98,0.43,9.62,2024,Bhatagaon,Quarterly,0,0
2024-01-11 15:15:00,0.28,9.71,3.92,4.78,54.87,28.98,0.51,9.61,2024,Bhatagaon,Quarterly,0,0
2024-01-11 15:30:00,0.32,9.87,4.04,4.87,53.35,18.63,0.53,9.62,2024,Bhatagaon,Quarterly,0,0
2024-01-11 15:45:00,0.36,9.94,4.11,4.88,52.43,14.75,0.46,9.6,2024,Bhatagaon,Quarterly,0,0
2024-01-11 16:00:00,0.3,9.77,3.97,4.59,52.43,14.75,0.4,9.6,2024,Bhatagaon,Quarterly,0,0
2024-01-11 16:15:00,0.24,9.64,3.85,5.49,52.43,14.75,0.48,9.61,2024,Bhatagaon,Quarterly,0,0
2024-01-11 16:30:00,0.21,9.87,3.95,6.06,48.13,14.87,0.5,9.61,2024,Bhatagaon,Quarterly,0,0
2024-01-11 16:45:00,0.16,10.01,3.99,5.63,45.52,14.9,0.48,9.61,2024,Bhatagaon,Quarterly,0,0
2024-01-11 17:00:00,0.11,10.17,4.03,5.29,45.52,14.9,0.45,9.61,2024,Bhatagaon,Quarterly,0,0
2024-01-11 17:15:00,0.07,9.89,3.84,5.35,45.52,14.9,0.42,9.61,2024,Bhatagaon,Quarterly,0,0
2024-01-11 17:30:00,0.03,9.69,3.71,5.03,47.92,20.18,0.42,9.61,2024,Bhatagaon,Quarterly,0,0
2024-01-11 17:45:00,0.05,9.51,3.63,5.43,49.45,21.34,0.43,9.61,2024,Bhatagaon,Quarterly,0,0
2024-01-11 18:00:00,0.16,9.95,3.95,5.09,49.45,21.34,0.72,9.61,2024,Bhatagaon,Quarterly,0,0
2024-01-11 18:15:00,0.59,11.79,5.26,5.77,49.45,21.34,1.02,9.62,2024,Bhatagaon,Quarterly,0,0
2024-01-11 18:30:00,1.16,12.95,6.31,6.07,58.09,24.13,0.89,9.62,2024,Bhatagaon,Quarterly,0,0
2024-01-11 18:45:00,1.42,12.94,6.53,6.01,63.34,24.74,1.15,9.63,2024,Bhatagaon,Quarterly,0,0
2024-01-11 19:00:00,1.86,13.52,7.18,5.76,63.34,24.74,0.98,9.6,2024,Bhatagaon,Quarterly,0,0
2024-01-11 19:15:00,2.28,14.19,7.87,6.2,63.34,24.74,1.21,9.62,2024,Bhatagaon,Quarterly,0,0
2024-01-11 19:30:00,3.08,14.74,8.79,6.04,94.65,45.77,1.61,9.63,2024,Bhatagaon,Quarterly,0,0
2024-01-11 19:45:00,4.25,15.02,9.88,6.37,113.65,53.91,1.39,9.63,2024,Bhatagaon,Quarterly,0,0
2024-01-11 20:00:00,5.95,15.28,11.38,6.17,113.65,53.91,1.51,9.61,2024,Bhatagaon,Quarterly,0,0
2024-01-11 20:15:00,8.12,15.38,13.17,5.7,113.65,53.91,1.34,9.62,2024,Bhatagaon,Quarterly,0,0
2024-01-11 20:30:00,10.78,15.72,15.49,6.48,201.11,329.5,1.1,9.63,2024,Bhatagaon,Quarterly,0,0
2024-01-11 20:45:00,13.93,16.12,18.21,7.15,254.22,389.63,1.36,9.63,2024,Bhatagaon,Quarterly,0,0
2024-01-11 21:00:00,19.53,16.73,23.02,8.51,254.22,389.63,1.33,9.62,2024,Bhatagaon,Quarterly,0,0
2024-01-11 21:15:00,26.33,16.98,28.61,9.64,254.22,389.63,1.6,9.61,2024,Bhatagaon,Quarterly,0,0
2024-01-11 21:30:00,30.84,17.15,32.31,10.21,371.42,167.49,1.5,9.62,2024,Bhatagaon,Quarterly,0,0
2024-01-11 21:45:00,35.51,16.79,35.87,10.75,442.58,115.92,1.69,9.62,2024,Bhatagaon,Quarterly,0,0
2024-01-11 22:00:00,40.63,16.65,39.9,11.13,442.58,115.92,1.69,9.61,2024,Bhatagaon,Quarterly,0,0
2024-01-11 22:15:00,46.5,16.38,44.47,11.47,442.58,115.92,1.8,9.63,2024,Bhatagaon,Quarterly,0,0
2024-01-11 22:30:00,51.6,16.18,48.45,11.24,468.08,329.47,1.57,9.63,2024,Bhatagaon,Quarterly,0,0
2024-01-11 22:45:00,55.11,15.81,51.08,10.82,483.55,451.5,1.67,9.63,2024,Bhatagaon,Quarterly,0,0
2024-01-11 23:00:00,56.64,14.32,51.52,10.18,483.55,451.5,1.18,9.62,2024,Bhatagaon,Quarterly,0,0
2024-01-11 23:15:00,55.98,13.71,50.68,9.75,483.55,451.5,1.39,9.63,2024,Bhatagaon,Quarterly,0,0
2024-01-11 23:30:00,55.92,12.97,50.24,8.99,279.72,278.03,1.38,9.63,2024,Bhatagaon,Quarterly,0,0
2024-01-11 23:45:00,55.63,12.35,49.69,8.5,279.72,237.21,1.12,9.63,2024,Bhatagaon,Quarterly,0,0
2024-01-12 00:15:00,55.63096590575671,12.352453494513233,49.692056217358136,4.13,28.93,1.81,0.71,8.21,2024,Bhatagaon,Quarterly,1,95
2024-01-12 00:30:00,55.63144885863506,12.35368024176985,49.6930843260372,3.82,28.93,1.81,0.7,8.21,2024,Bhatagaon,Quarterly,1,95
2024-01-12 00:45:00,55.63193181151341,12.354906989026466,49.69411243471627,3.88,28.93,1.81,0.68,8.21,2024,Bhatagaon,Quarterly,1,95
2024-01-12 01:00:00,,,,3.9,29.71,0.55,0.66,8.21,2024,Bhatagaon,Quarterly,1,95
2024-01-12 01:15:00,,,,4.24,30.31,0.11,0.63,8.21,2024,Bhatagaon,Quarterly,1,95
2024-01-12 01:30:00,,,,4.02,30.31,0.11,0.62,8.21,2024,Bhatagaon,Quarterly,1,95
2024-01-12 01:45:00,,,,4.22,30.31,0.11,0.61,8.21,2024,Bhatagaon,Quarterly,1,95
2024-01-12 02:00:00,,,,3.71,27.46,0.05,0.6,8.21,2024,Bhatagaon,Quarterly,1,95
2024-01-12 02:15:00,,,,4.05,25.29,0.01,0.58,8.21,2024,Bhatagaon,Quarterly,1,95
2024-01-12 02:30:00,,,,4.05,25.29,0.01,0.58,8.21,2024,Bhatagaon,Quarterly,1,95
2024-01-12 02:45:00,,,,4.14,25.29,0.01,0.56,8.21,2024,Bhatagaon,Quarterly,1,95
2024-01-12 03:00:00,,,,4.44,14.31,0.0,0.56,8.21,2024,Bhatagaon,Quarterly,1,95
2024-01-12 03:15:00,,,,4.34,5.92,0.0,0.55,8.21,2024,Bhatagaon,Quarterly,1,95
2024-01-12 03:30:00,,,,4.6,5.92,0.0,0.55,8.21,2024,Bhatagaon,Quarterly,1,95
2024-01-12 03:45:00,,,,4.31,5.92,0.0,0.54,8.21,2024,Bhatagaon,Quarterly,1,95
2024-01-12 04:00:00,,,,4.14,20.15,3.57,0.53,8.21,2024,Bhatagaon,Quarterly,1,95
2024-01-12 04:15:00,,,,4.15,31.04,4.81,0.53,8.21,2024,Bhatagaon,Quarterly,1,95
2024-01-12 04:30:00,,,,4.26,31.04,4.81,0.53,8.21,2024,Bhatagaon,Quarterly,1,95
2024-01-12 04:45:00,,,,3.96,31.04,4.81,0.53,8.21,2024,Bhatagaon,Quarterly,1,95
2024-01-12 05:00:00,,,,4.12,30.21,1.74,0.52,8.21,2024,Bhatagaon,Quarterly,1,95
2024-01-12 05:15:00,,,,4.27,29.57,0.67,0.51,8.21,2024,Bhatagaon,Quarterly,1,95
2024-01-12 05:30:00,,,,4.04,29.57,0.67,0.49,8.21,2024,Bhatagaon,Quarterly,1,95
2024-01-12 05:45:00,,,,4.16,29.57,0.67,0.49,8.21,2024,Bhatagaon,Quarterly,1,95
2024-01-12 06:00:00,,,,4.46,28.56,19.74,0.48,8.21,2024,Bhatagaon,Quarterly,1,95
2024-01-12 06:15:00,,,,4.64,27.78,32.71,0.47,8.21,2024,Bhatagaon,Quarterly,1,95
2024-01-12 06:30:00,,,,4.51,27.78,32.71,0.47,8.22,2024,Bhatagaon,Quarterly,1,95
2024-01-12 06:45:00,,,,4.7,27.78,32.71,0.46,8.34,2024,Bhatagaon,Quarterly,1,95
2024-01-12 07:00:00,,,,4.26,27.96,12.8,0.46,8.62,2024,Bhatagaon,Quarterly,1,95
2024-01-12 07:15:00,,,,4.86,28.1,5.89,0.5,8.82,2024,Bhatagaon,Quarterly,1,95
2024-01-12 07:30:00,,,,4.96,28.1,5.89,0.53,8.82,2024,Bhatagaon,Quarterly,1,95
2024-01-12 07:45:00,,,,5.16,28.1,5.89,0.54,9.05,2024,Bhatagaon,Quarterly,1,95
2024-01-12 08:00:00,,,,5.65,36.91,2.39,0.56,9.18,2024,Bhatagaon,Quarterly,1,95
2024-01-12 08:15:00,,,,5.84,43.65,1.18,0.57,9.25,2024,Bhatagaon,Quarterly,1,95
2024-01-12 08:30:00,,,,5.68,43.65,1.18,0.59,9.21,2024,Bhatagaon,Quarterly,1,95
2024-01-12 08:45:00,,,,5.8,43.65,1.18,0.61,9.29,2024,Bhatagaon,Quarterly,1,95
2024-01-12 09:00:00,,,,5.69,40.19,36.42,0.63,9.35,2024,Bhatagaon,Quarterly,1,95
2024-01-12 09:15:00,,,,6.18,37.55,48.64,0.65,9.81,2024,Bhatagaon,Quarterly,1,95
2024-01-12 09:30:00,,,,6.0,37.55,48.64,0.67,9.89,2024,Bhatagaon,Quarterly,1,95
2024-01-12 09:45:00,,,,6.45,37.55,48.64,0.7,9.97,2024,Bhatagaon,Quarterly,1,95
2024-01-12 10:00:00,,,,6.29,40.41,34.41,0.72,10.01,2024,Bhatagaon,Quarterly,1,95
2024-01-12 10:15:00,,,,6.04,42.6,24.33,0.71,10.01,2024,Bhatagaon,Quarterly,1,95
2024-01-12 10:30:00,,,,6.46,42.6,24.33,0.73,10.07,2024,Bhatagaon,Quarterly,1,95
2024-01-12 10:45:00,,,,6.29,42.6,24.33,0.74,10.15,2024,Bhatagaon,Quarterly,1,95
2024-01-12 11:00:00,,,,6.81,39.82,18.3,0.74,10.15,2024,Bhatagaon,Quarterly,1,95
2024-01-12 11:15:00,,,,6.2,37.69,16.3,0.73,9.98,2024,Bhatagaon,Quarterly,1,95
2024-01-12 11:30:00,,,,6.58,37.69,16.3,0.75,9.99,2024,Bhatagaon,Quarterly,1,95
2024-01-12 11:45:00,,,,6.55,37.69,16.3,0.74,9.79,2024,Bhatagaon,Quarterly,1,95
2024-01-12 12:00:00,,,,6.52,43.56,17.32,0.75,9.42,2024,Bhatagaon,Quarterly,1,95
2024-01-12 12:15:00,,,,6.57,48.06,24.44,0.77,8.82,2024,Bhatagaon,Quarterly,1,95
2024-01-12 12:30:00,,,,6.63,48.06,24.44,0.78,9.34,2024,Bhatagaon,Quarterly,1,95
2024-01-12 12:45:00,,,,6.82,48.06,24.44,0.79,9.54,2024,Bhatagaon,Quarterly,1,95
2024-01-12 13:00:00,,,,7.01,62.9,42.06,0.8,9.43,2024,Bhatagaon,Quarterly,1,95
2024-01-12 13:15:00,,,,7.02,74.25,48.18,0.71,9.36,2024,Bhatagaon,Quarterly,1,95
2024-01-12 13:30:00,,,,7.0,74.25,48.18,0.75,9.2,2024,Bhatagaon,Quarterly,1,95
2024-01-12 13:45:00,,,,6.93,74.25,48.18,0.74,8.99,2024,Bhatagaon,Quarterly,1,95
2024-01-12 14:00:00,,,,7.07,68.94,42.47,0.73,8.66,2024,Bhatagaon,Quarterly,1,95
2024-01-12 14:15:00,,,,6.61,64.88,38.43,0.74,8.52,2024,Bhatagaon,Quarterly,1,95
2024-01-12 14:30:00,,,,6.86,64.88,38.43,0.74,8.44,2024,Bhatagaon,Quarterly,1,95
2024-01-12 14:45:00,,,,7.09,64.88,38.43,0.74,8.52,2024,Bhatagaon,Quarterly,1,95
2024-01-12 15:00:00,,,,6.68,50.49,25.94,0.72,8.59,2024,Bhatagaon,Quarterly,1,95
2024-01-12 15:15:00,,,,6.4,39.48,21.6,0.73,8.64,2024,Bhatagaon,Quarterly,1,95
2024-01-12 15:30:00,,,,6.49,39.48,21.6,0.72,8.69,2024,Bhatagaon,Quarterly,1,95
2024-01-12 15:45:00,,,,6.09,39.48,21.6,0.72,8.69,2024,Bhatagaon,Quarterly,1,95
2024-01-12 16:00:00,,,,3.96,39.63,22.25,0.71,8.6,2024,Bhatagaon,Quarterly,1,95
2024-01-12 16:15:00,,,,3.91,39.74,22.48,0.71,8.49,2024,Bhatagaon,Quarterly,1,95
2024-01-12 16:30:00,,,,3.72,39.74,22.48,0.71,8.35,2024,Bhatagaon,Quarterly,1,95
2024-01-12 16:45:00,,,,3.43,39.74,22.48,0.7,8.34,2024,Bhatagaon,Quarterly,1,95
2024-01-12 17:00:00,,,,3.58,31.56,23.11,0.69,8.26,2024,Bhatagaon,Quarterly,1,95
2024-01-12 17:15:00,,,,3.87,25.31,23.33,0.68,8.27,2024,Bhatagaon,Quarterly,1,95
2024-01-12 17:30:00,,,,3.27,25.31,23.33,0.67,8.21,2024,Bhatagaon,Quarterly,1,95
2024-01-12 17:45:00,,,,3.44,25.31,23.33,0.66,8.21,2024,Bhatagaon,Quarterly,1,95
2024-01-12 18:00:00,,,,3.6,30.69,14.91,0.64,8.21,2024,Bhatagaon,Quarterly,1,95
2024-01-12 18:15:00,,,,3.7,34.81,9.53,0.64,8.21,2024,Bhatagaon,Quarterly,1,95
2024-01-12 18:30:00,,,,3.06,34.81,9.53,0.64,8.21,2024,Bhatagaon,Quarterly,1,95
2024-01-12 18:45:00,,,,3.53,34.81,9.53,0.63,8.21,2024,Bhatagaon,Quarterly,1,95
2024-01-12 19:00:00,,,,3.61,27.94,13.87,0.62,8.21,2024,Bhatagaon,Quarterly,1,95
2024-01-12 19:15:00,,,,3.5,22.68,15.37,0.63,8.21,2024,Bhatagaon,Quarterly,1,95
2024-01-12 19:30:00,,,,3.7,22.68,15.37,0.65,8.21,2024,Bhatagaon,Quarterly,1,95
2024-01-12 19:45:00,,,,3.91,22.68,15.37,0.63,8.21,2024,Bhatagaon,Quarterly,1,95
2024-01-12 20:00:00,,,,3.91,21.38,13.03,0.64,8.21,2024,Bhatagaon,Quarterly,1,95
2024-01-12 20:15:00,,,,3.81,20.38,12.22,0.65,8.28,2024,Bhatagaon,Quarterly,1,95
2024-01-12 20:30:00,,,,3.47,20.38,12.22,0.65,8.42,2024,Bhatagaon,Quarterly,1,95
2024-01-12 20:45:00,,,,3.88,20.38,12.22,0.66,8.39,2024,Bhatagaon,Quarterly,1,95
2024-01-12 21:00:00,,,,3.32,19.94,9.73,0.64,8.4,2024,Bhatagaon,Quarterly,1,95
2024-01-12 21:15:00,,,,3.3,19.6,8.91,0.63,8.32,2024,Bhatagaon,Quarterly,1,95
2024-01-12 21:30:00,,,,3.41,19.6,8.91,0.61,8.28,2024,Bhatagaon,Quarterly,1,95
2024-01-12 21:45:00,,,,3.29,19.6,8.91,0.6,8.21,2024,Bhatagaon,Quarterly,1,95
2024-01-12 22:00:00,,,,3.21,19.8,11.72,0.58,8.21,2024,Bhatagaon,Quarterly,1,95
2024-01-12 22:15:00,,,,3.17,19.96,13.7,0.58,8.21,2024,Bhatagaon,Quarterly,1,95
2024-01-12 22:30:00,,,,2.95,19.96,13.7,0.57,8.21,2024,Bhatagaon,Quarterly,1,95
2024-01-12 22:45:00,,,,2.97,19.96,13.7,0.55,8.21,2024,Bhatagaon,Quarterly,1,95
2024-01-12 23:00:00,,,,2.9,21.27,16.2,0.54,8.21,2024,Bhatagaon,Quarterly,1,95
2024-01-12 23:15:00,,,,3.04,22.27,17.07,0.54,8.21,2024,Bhatagaon,Quarterly,1,95
2024-01-12 23:30:00,,,,3.74,22.27,17.07,0.52,8.21,2024,Bhatagaon,Quarterly,1,95
2024-01-12 23:45:00,,,,3.44,22.27,17.07,0.5,8.21,2024,Bhatagaon,Quarterly,1,95
2025-01-01 00:15:00,72.09,54.16,84.73,8.03,108.12,33.38,1.54,9.61,2025,Bhatagaon,Quarterly,0,0
2025-01-01 00:30:00,69.21,53.03,81.83,8.21,108.12,33.38,1.51,9.59,2025,Bhatagaon,Quarterly,0,0
2025-01-01 00:45:00,66.95,53.09,80.05,8.23,93.45,35.8,1.58,9.57,2025,Bhatagaon,Quarterly,0,0
2025-01-01 01:00:00,64.97,52.6,78.21,8.37,91.82,36.06,1.5,9.57,2025,Bhatagaon,Quarterly,0,0
2025-01-01 01:15:00,62.45,52.15,75.95,8.16,91.82,36.06,1.39,9.54,2025,Bhatagaon,Quarterly,0,0
2025-01-01 01:30:00,58.96,51.74,72.94,7.93,91.82,36.06,1.37,9.42,2025,Bhatagaon,Quarterly,0,0
2025-01-01 01:45:00,55.45,51.3,69.89,7.49,84.46,34.69,1.32,9.18,2025,Bhatagaon,Quarterly,0,0
2025-01-01 02:00:00,51.84,51.16,66.92,7.68,81.3,34.07,1.28,8.94,2025,Bhatagaon,Quarterly,0,0
2025-01-01 02:15:00,47.97,50.99,63.73,7.42,81.3,34.07,1.23,8.68,2025,Bhatagaon,Quarterly,0,0
2025-01-01 02:30:00,44.46,51.09,60.97,7.21,81.3,34.07,1.19,8.43,2025,Bhatagaon,Quarterly,0,0
2025-01-01 02:45:00,41.36,50.85,58.36,7.19,65.75,32.82,1.15,8.23,2025,Bhatagaon,Quarterly,0,0
2025-01-01 03:00:00,38.22,50.12,55.46,7.08,58.72,32.25,1.1,8.21,2025,Bhatagaon,Quarterly,0,0
2025-01-01 03:15:00,34.93,48.98,52.23,6.76,58.72,32.25,1.05,8.21,2025,Bhatagaon,Quarterly,0,0
2025-01-01 03:30:00,32.32,49.24,50.27,6.78,58.72,32.25,1.0,8.21,2025,Bhatagaon,Quarterly,0,0
2025-01-01 03:45:00,30.22,48.8,48.35,7.28,57.61,30.62,0.97,8.21,2025,Bhatagaon,Quarterly,0,0
2025-01-01 04:00:00,28.56,48.76,47.0,7.26,57.13,29.92,0.94,8.21,2025,Bhatagaon,Quarterly,0,0
2025-01-01 04:15:00,27.16,48.4,45.69,6.92,57.13,29.92,0.89,8.21,2025,Bhatagaon,Quarterly,0,0
2025-01-01 04:30:00,25.62,47.9,44.2,7.17,57.13,29.92,0.88,8.21,2025,Bhatagaon,Quarterly,0,0
2025-01-01 04:45:00,24.21,47.58,42.9,7.06,48.05,28.98,0.84,8.21,2025,Bhatagaon,Quarterly,0,0
2025-01-01 05:00:00,23.04,47.74,42.04,7.08,44.16,28.58,0.85,8.21,2025,Bhatagaon,Quarterly,0,0
2025-01-01 05:15:00,21.94,48.1,41.34,7.13,44.16,28.58,0.83,8.21,2025,Bhatagaon,Quarterly,0,0
2025-01-01 05:30:00,21.18,48.52,40.95,7.16,44.16,28.58,0.81,8.21,2025,Bhatagaon,Quarterly,0,0
2025-01-01 05:45:00,22.54,49.34,42.48,6.9,57.5,26.85,0.8,8.21,2025,Bhatagaon,Quarterly,0,0
2025-01-01 06:00:00,25.89,50.29,45.66,7.16,63.22,26.06,0.79,8.21,2025,Bhatagaon,Quarterly,0,0
2025-01-01 06:15:00,26.78,50.6,46.54,6.62,63.22,26.06,0.78,8.21,2025,Bhatagaon,Quarterly,0,0
2025-01-01 06:30:00,25.65,50.17,45.41,7.39,63.22,26.06,0.77,8.21,2025,Bhatagaon,Quarterly,0,0
2025-01-01 06:45:00,24.41,49.62,44.12,7.09,75.53,27.39,0.76,8.21,2025,Bhatagaon,Quarterly,0,0
2025-01-01 07:00:00,23.19,49.36,43.01,6.91,80.81,27.96,0.73,8.21,2025,Bhatagaon,Quarterly,0,0
2025-01-01 07:15:00,21.79,48.08,41.22,7.31,80.81,27.96,0.83,8.21,2025,Bhatagaon,Quarterly,0,0
2025-01-01 07:30:00,20.24,48.48,40.18,7.07,80.81,27.96,0.85,8.21,2025,Bhatagaon,Quarterly,0,0
2025-01-01 07:45:00,19.22,48.75,39.51,7.34,84.31,31.87,0.84,8.21,2025,Bhatagaon,Quarterly,0,0
2025-01-01 08:00:00,18.17,48.67,38.63,5.74,85.81,33.64,0.83,8.21,2025,Bhatagaon,Quarterly,0,0
2025-01-01 08:15:00,17.04,48.61,37.68,5.61,85.81,33.64,0.82,8.21,2025,Bhatagaon,Quarterly,0,0
2025-01-01 08:30:00,15.78,48.21,36.47,5.47,85.81,33.64,0.8,8.21,2025,Bhatagaon,Quarterly,0,0
2025-01-01 08:45:00,14.62,48.55,35.71,5.87,76.37,31.42,0.8,8.21,2025,Bhatagaon,Quarterly,0,0
2025-01-01 09:00:00,13.8,48.44,35.0,6.12,72.32,30.48,0.79,8.21,2025,Bhatagaon,Quarterly,0,0
2025-01-01 09:15:00,12.97,48.61,34.42,5.91,72.32,30.48,0.78,8.21,2025,Bhatagaon,Quarterly,0,0
2025-01-01 09:30:00,11.91,48.94,33.74,5.57,72.32,30.48,0.78,8.21,2025,Bhatagaon,Quarterly,0,0
2025-01-01 09:45:00,10.81,49.5,33.15,5.76,68.22,28.72,0.77,8.21,2025,Bhatagaon,Quarterly,0,0
2025-01-01 10:00:00,9.88,49.88,32.61,5.75,66.46,27.97,0.77,8.21,2025,Bhatagaon,Quarterly,0,0
2025-01-01 10:15:00,9.21,50.91,32.61,6.01,66.46,27.97,0.76,8.21,2025,Bhatagaon,Quarterly,0,0
2025-01-01 10:30:00,8.42,51.35,32.2,5.57,66.46,27.97,0.76,8.21,2025,Bhatagaon,Quarterly,0,0
2025-01-01 10:45:00,7.26,51.29,31.24,5.3,63.22,27.86,0.74,8.21,2025,Bhatagaon,Quarterly,0,0
2025-01-01 11:00:00,6.27,50.84,30.22,5.13,61.84,27.81,0.73,8.21,2025,Bhatagaon,Quarterly,0,0
2025-01-01 11:15:00,7.657169811320754,50.90509433962264,31.36622641509434,5.1533962264150945,62.85905660377359,27.923396226415093,0.740943396226415,8.239811320754718,2025,Bhatagaon,Quarterly,1,51
2025-01-01 11:30:00,9.044339622641509,50.97018867924529,32.51245283018868,5.176792452830188,63.87811320754717,28.036792452830188,0.7518867924528302,8.269622641509434,2025,Bhatagaon,Quarterly,1,51
2025-01-01 11:45:00,10.431509433962265,51.03528301886793,33.65867924528302,5.200188679245283,64.89716981132075,28.150188679245282,0.7628301886792452,8.299433962264152,2025,Bhatagaon,Quarterly,1,51
2025-01-01 12:00:00,,,,,,,,,2025,Bhatagaon,Quarterly,1,51
2025-01-01 12:15:00,,,,,,,,,2025,Bhatagaon,Quarterly,1,51
2025-01-01 12:30:00,,,,,,,,,2025,Bhatagaon,Quarterly,1,51
2025-01-01 12:45:00,,,,,,,,,2025,Bhatagaon,Quarterly,1,51
2025-01-01 13:00:00,,,,,,,,,2025,Bhatagaon,Quarterly,1,51
2025-01-01 13:15:00,,,,,,,,,2025,Bhatagaon,Quarterly,1,51
2025-01-01 13:30:00,,,,,,,,,2025,Bhatagaon,Quarterly,1,51
2025-01-01 13:45:00,,,,,,,,,2025,Bhatagaon,Quarterly,1,51
2025-01-01 14:00:00,,,,,,,,,2025,Bhatagaon,Quarterly,1,51
2025-01-01 14:15:00,,,,,,,,,2025,Bhatagaon,Quarterly,1,51
2025-01-01 14:30:00,,,,,,,,,2025,Bhatagaon,Quarterly,1,51
2025-01-01 14:45:00,,,,,,,,,2025,Bhatagaon,Quarterly,1,51
2025-01-01 15:00:00,,,,,,,,,2025,Bhatagaon,Quarterly,1,51
2025-01-01 15:15:00,,,,,,,,,2025,Bhatagaon,Quarterly,1,51
2025-01-01 15:30:00,,,,,,,,,2025,Bhatagaon,Quarterly,1,51
2025-01-01 15:45:00,,,,,,,,,2025,Bhatagaon,Quarterly,1,51
2025-01-01 16:00:00,,,,,,,,,2025,Bhatagaon,Quarterly,1,51
2025-01-01 16:15:00,,,,,,,,,2025,Bhatagaon,Quarterly,1,51
2025-01-01 16:30:00,,,,,,,,,2025,Bhatagaon,Quarterly,1,51
2025-01-01 16:45:00,,,,,,,,,2025,Bhatagaon,Quarterly,1,51
2025-01-01 17:00:00,,,,,,,,,2025,Bhatagaon,Quarterly,1,51
2025-01-01 17:15:00,,,,,,,,,2025,Bhatagaon,Quarterly,1,51
2025-01-01 17:30:00,,,,,,,,,2025,Bhatagaon,Quarterly,1,51
2025-01-01 17:45:00,,,,,,,,,2025,Bhatagaon,Quarterly,1,51
2025-01-01 18:00:00,,,,,,,,,2025,Bhatagaon,Quarterly,1,51
2025-01-01 18:15:00,,,,,,,,,2025,Bhatagaon,Quarterly,1,51
2025-01-01 18:30:00,,,,,,,,,2025,Bhatagaon,Quarterly,1,51
2025-01-01 18:45:00,,,,,,,,,2025,Bhatagaon,Quarterly,1,51
2025-01-01 19:00:00,,,,,,,,,2025,Bhatagaon,Quarterly,1,51
2025-01-01 19:15:00,,,,,,,,,2025,Bhatagaon,Quarterly,1,51
2025-01-01 19:30:00,,,,,,,,,2025,Bhatagaon,Quarterly,1,51
2025-01-01 19:45:00,,,,,,,,,2025,Bhatagaon,Quarterly,1,51
2025-01-01 20:00:00,,,,,,,,,2025,Bhatagaon,Quarterly,1,51
2025-01-01 20:15:00,,,,,,,,,2025,Bhatagaon,Quarterly,1,51
2025-01-01 20:30:00,,,,,,,,,2025,Bhatagaon,Quarterly,1,51
2025-01-01 20:45:00,,,,,,,,,2025,Bhatagaon,Quarterly,1,51
2025-01-01 21:00:00,,,,,,,,,2025,Bhatagaon,Quarterly,1,51
2025-01-01 21:15:00,,,,,,,,,2025,Bhatagaon,Quarterly,1,51
2025-01-01 21:30:00,,,,,,,,,2025,Bhatagaon,Quarterly,1,51
2025-01-01 21:45:00,,,,,,,,,2025,Bhatagaon,Quarterly,1,51
2025-01-01 22:00:00,,,,,,,,,2025,Bhatagaon,Quarterly,1,51
2025-01-01 22:15:00,,,,,,,,,2025,Bhatagaon,Quarterly,1,51
2025-01-01 22:30:00,,,,,,,,,2025,Bhatagaon,Quarterly,1,51
2025-01-01 22:45:00,,,,,,,,,2025,Bhatagaon,Quarterly,1,51
2025-01-01 23:00:00,,,,,,,,,2025,Bhatagaon,Quarterly,1,51
2025-01-01 23:15:00,,,,,,,,,2025,Bhatagaon,Quarterly,1,51
2025-01-01 23:30:00,,,,,,,,,2025,Bhatagaon,Quarterly,1,51
2025-01-01 23:45:00,,,,,,,,,2025,Bhatagaon,Quarterly,1,51
2025-01-02 00:15:00,79.79,54.29,90.97,6.37,115.85,33.82,1.31,9.79,2025,Bhatagaon,Quarterly,0,0
2025-01-02 00:30:00,78.84,53.56,89.83,6.28,115.85,33.82,1.31,9.79,2025,Bhatagaon,Quarterly,0,0
2025-01-02 00:45:00,78.0,52.58,88.64,6.92,115.85,33.82,1.28,9.79,2025,Bhatagaon,Quarterly,0,0
2025-01-02 01:00:00,77.39,52.5,88.11,6.61,112.61,32.47,1.24,9.78,2025,Bhatagaon,Quarterly,0,0
2025-01-02 01:15:00,77.78,50.37,87.31,6.78,108.73,30.86,1.29,9.78,2025,Bhatagaon,Quarterly,0,0
2025-01-02 01:30:00,78.05,51.45,88.1,6.57,108.73,30.86,1.31,9.77,2025,Bhatagaon,Quarterly,0,0
2025-01-02 01:45:00,76.88,49.53,86.15,6.89,108.73,30.86,1.28,9.79,2025,Bhatagaon,Quarterly,0,0
2025-01-02 02:00:00,75.1,50.26,85.11,6.75,106.22,31.45,1.26,9.8,2025,Bhatagaon,Quarterly,0,0
2025-01-02 02:15:00,73.31,50.0,83.54,6.55,103.22,32.18,1.25,9.81,2025,Bhatagaon,Quarterly,0,0
2025-01-02 02:30:00,71.17,50.84,82.26,6.07,103.22,32.18,1.21,9.78,2025,Bhatagaon,Quarterly,0,0
2025-01-02 02:45:00,69.25,48.38,79.43,6.19,103.22,32.18,1.19,9.78,2025,Bhatagaon,Quarterly,0,0
2025-01-02 03:00:00,67.01,51.13,79.07,6.5,100.73,31.58,1.16,9.75,2025,Bhatagaon,Quarterly,0,0
2025-01-02 03:15:00,64.59,49.75,76.42,6.18,97.76,30.82,1.14,9.76,2025,Bhatagaon,Quarterly,0,0
2025-01-02 03:30:00,61.94,50.31,74.58,6.62,97.76,30.82,1.03,9.77,2025,Bhatagaon,Quarterly,0,0
2025-01-02 03:45:00,59.97,48.33,71.96,6.28,97.76,30.82,1.02,9.76,2025,Bhatagaon,Quarterly,0,0
2025-01-02 04:00:00,58.4,49.76,71.45,5.91,89.36,30.7,0.96,9.74,2025,Bhatagaon,Quarterly,0,0
2025-01-02 04:15:00,57.24,49.47,70.37,6.38,79.32,30.56,0.99,9.72,2025,Bhatagaon,Quarterly,0,0
2025-01-02 04:30:00,55.94,49.06,69.12,5.82,79.32,30.56,0.96,9.72,2025,Bhatagaon,Quarterly,0,0
2025-01-02 04:45:00,54.75,48.64,67.95,5.89,79.32,30.56,0.98,9.7,2025,Bhatagaon,Quarterly,0,0
2025-01-02 05:00:00,54.5,48.57,67.71,6.3,75.77,29.42,0.96,9.69,2025,Bhatagaon,Quarterly,0,0
2025-01-02 05:15:00,54.69,47.58,67.34,6.21,71.53,28.06,0.95,9.7,2025,Bhatagaon,Quarterly,0,0
2025-01-02 05:30:00,54.54,46.47,66.64,6.05,71.53,28.06,0.97,9.69,2025,Bhatagaon,Quarterly,0,0
2025-01-02 05:45:00,53.62,48.28,66.85,6.22,71.53,28.06,0.96,9.69,2025,Bhatagaon,Quarterly,0,0
2025-01-02 06:00:00,52.66,46.91,65.36,6.48,70.59,27.57,0.95,9.67,2025,Bhatagaon,Quarterly,0,0
2025-01-02 06:15:00,53.04,46.27,65.33,6.09,69.46,26.99,0.95,9.68,2025,Bhatagaon,Quarterly,0,0
2025-01-02 06:30:00,54.36,49.18,67.91,6.18,69.46,26.99,0.95,9.68,2025,Bhatagaon,Quarterly,0,0
2025-01-02 06:45:00,54.48,48.54,67.67,6.39,69.46,26.99,0.94,9.69,2025,Bhatagaon,Quarterly,0,0
2025-01-02 07:00:00,53.88,47.88,66.85,6.07,69.55,26.44,0.94,9.72,2025,Bhatagaon,Quarterly,0,0
2025-01-02 07:15:00,54.37,50.82,68.78,6.44,69.67,25.78,0.93,9.69,2025,Bhatagaon,Quarterly,0,0
2025-01-02 07:30:00,57.57,48.02,69.88,6.36,69.67,25.78,0.95,9.68,2025,Bhatagaon,Quarterly,0,0
2025-01-02 07:45:00,58.24,48.25,70.54,6.4,69.67,25.78,0.94,9.73,2025,Bhatagaon,Quarterly,0,0
2025-01-02 08:00:00,56.63,49.48,69.89,6.39,70.98,27.31,0.92,9.72,2025,Bhatagaon,Quarterly,0,0
2025-01-02 08:15:00,55.19,49.84,68.92,6.81,72.55,29.14,0.92,9.71,2025,Bhatagaon,Quarterly,0,0
2025-01-02 08:30:00,53.16,50.34,67.56,6.46,72.55,29.14,0.9,9.71,2025,Bhatagaon,Quarterly,0,0
2025-01-02 08:45:00,50.94,50.37,65.79,6.59,72.55,29.14,0.89,9.7,2025,Bhatagaon,Quarterly,0,0
2025-01-02 09:00:00,49.24,49.82,64.14,6.88,70.2,28.12,0.87,9.7,2025,Bhatagaon,Quarterly,0,0
2025-01-02 09:15:00,47.47,49.92,62.77,6.62,67.39,26.89,0.86,9.69,2025,Bhatagaon,Quarterly,0,0
2025-01-02 09:30:00,45.35,50.99,61.63,6.34,67.39,26.89,0.83,9.68,2025,Bhatagaon,Quarterly,0,0
2025-01-02 09:45:00,42.78,53.43,60.85,6.85,67.39,26.89,0.81,9.65,2025,Bhatagaon,Quarterly,0,0
2025-01-02 10:00:00,39.7,51.19,57.21,6.21,65.16,25.9,0.79,9.65,2025,Bhatagaon,Quarterly,0,0
2025-01-02 10:15:00,36.39,53.01,55.5,6.52,62.5,24.71,0.77,9.64,2025,Bhatagaon,Quarterly,0,0
2025-01-02 10:30:00,32.81,53.76,53.02,6.13,62.5,24.71,0.75,9.64,2025,Bhatagaon,Quarterly,0,0
2025-01-02 10:45:00,29.49,50.78,48.8,5.76,62.5,24.71,0.72,9.64,2025,Bhatagaon,Quarterly,0,0
2025-01-02 11:00:00,26.26,54.54,48.18,5.84,58.42,23.68,0.7,9.62,2025,Bhatagaon,Quarterly,0,0
2025-01-02 11:15:00,23.02,56.23,46.46,5.71,53.56,22.45,0.68,9.6,2025,Bhatagaon,Quarterly,0,0
2025-01-02 11:30:00,19.85,53.23,42.35,6.06,53.56,22.45,0.67,9.6,2025,Bhatagaon,Quarterly,0,0
2025-01-02 11:45:00,17.43,56.66,42.21,6.3,53.56,22.45,0.61,9.58,2025,Bhatagaon,Quarterly,0,0
2025-01-02 12:00:00,15.88,54.06,39.6,6.17,52.44,23.52,0.62,9.57,2025,Bhatagaon,Quarterly,0,0
2025-01-02 12:15:00,14.48,54.43,38.67,5.87,51.1,24.8,0.63,9.56,2025,Bhatagaon,Quarterly,0,0
2025-01-02 12:30:00,12.45,57.66,38.74,5.73,51.1,24.8,0.58,9.54,2025,Bhatagaon,Quarterly,0,0
2025-01-02 12:45:00,10.79,58.52,37.85,5.78,51.1,24.8,0.58,9.51,2025,Bhatagaon,Quarterly,0,0
2025-01-02 13:00:00,9.56,58.58,36.9,5.83,47.71,23.5,0.57,9.51,2025,Bhatagaon,Quarterly,0,0
2025-01-02 13:15:00,8.29,58.39,35.78,5.87,43.65,21.94,0.55,9.5,2025,Bhatagaon,Quarterly,0,0
2025-01-02 13:30:00,7.04,57.84,34.49,5.77,43.65,21.94,0.55,9.45,2025,Bhatagaon,Quarterly,0,0
2025-01-02 13:45:00,6.16,60.46,35.15,6.15,43.65,21.94,0.59,9.41,2025,Bhatagaon,Quarterly,0,0
2025-01-02 14:00:00,5.36,58.03,33.24,5.87,44.37,21.4,0.56,9.39,2025,Bhatagaon,Quarterly,0,0
2025-01-02 14:15:00,4.55,52.8,29.86,5.37,45.23,20.76,0.55,9.32,2025,Bhatagaon,Quarterly,0,0
2025-01-02 14:30:00,4.01,55.49,30.84,5.46,45.23,20.76,0.52,9.28,2025,Bhatagaon,Quarterly,0,0
2025-01-02 14:45:00,3.66,56.06,30.85,5.68,45.23,20.76,0.51,9.26,2025,Bhatagaon,Quarterly,0,0
2025-01-02 15:00:00,3.43,54.06,29.62,5.08,43.34,19.5,0.5,9.23,2025,Bhatagaon,Quarterly,0,0
2025-01-02 15:15:00,3.41,54.28,29.72,5.79,41.08,17.98,0.48,9.23,2025,Bhatagaon,Quarterly,0,0
2025-01-02 15:30:00,3.38,52.61,28.82,5.41,41.08,17.98,0.47,9.21,2025,Bhatagaon,Quarterly,0,0
2025-01-02 15:45:00,3.3,52.49,28.69,5.37,41.08,17.98,0.46,9.2,2025,Bhatagaon,Quarterly,0,0
2025-01-02 16:00:00,3.25,50.33,27.53,5.48,40.41,18.96,0.41,9.19,2025,Bhatagaon,Quarterly,0,0
2025-01-02 16:15:00,3.43,47.82,26.36,5.05,39.61,20.13,0.4,9.15,2025,Bhatagaon,Quarterly,0,0
2025-01-02 16:30:00,3.75,48.26,26.84,5.03,39.61,20.13,0.51,9.15,2025,Bhatagaon,Quarterly,0,0
2025-01-02 16:45:00,4.43,49.35,27.95,5.37,39.61,20.13,0.56,9.18,2025,Bhatagaon,Quarterly,0,0
2025-01-02 17:00:00,5.12,50.36,29.04,5.16,40.48,20.37,0.55,9.22,2025,Bhatagaon,Quarterly,0,0
2025-01-02 17:15:00,5.79,51.26,30.05,5.42,41.52,20.66,0.66,9.24,2025,Bhatagaon,Quarterly,0,0
2025-01-02 17:30:00,6.78,52.08,31.27,5.14,41.52,20.66,0.64,9.29,2025,Bhatagaon,Quarterly,0,0
2025-01-02 17:45:00,7.83,53.13,32.66,5.64,41.52,20.66,0.68,9.34,2025,Bhatagaon,Quarterly,0,0
2025-01-02 18:00:00,9.12,56.91,35.67,5.69,44.06,19.9,0.67,9.4,2025,Bhatagaon,Quarterly,0,0
2025-01-02 18:15:00,11.6,58.51,38.49,5.99,47.1,18.98,1.24,9.43,2025,Bhatagaon,Quarterly,0,0
2025-01-02 18:30:00,15.9,60.63,43.05,5.92,47.1,18.98,0.84,9.45,2025,Bhatagaon,Quarterly,0,0
2025-01-02 18:45:00,19.31,61.77,46.38,5.92,47.1,18.98,1.4,9.49,2025,Bhatagaon,Quarterly,0,0
2025-01-02 19:00:00,23.84,63.02,50.67,6.13,59.3,21.82,1.14,9.48,2025,Bhatagaon,Quarterly,0,0
2025-01-02 19:15:00,28.35,62.73,54.14,6.25,73.88,25.2,1.32,9.53,2025,Bhatagaon,Quarterly,0,0
2025-01-02 19:30:00,30.62,63.92,56.57,7.2,73.88,25.2,1.23,9.56,2025,Bhatagaon,Quarterly,0,0
2025-01-02 19:45:00,31.97,64.06,57.73,6.98,73.88,25.2,1.13,9.58,2025,Bhatagaon,Quarterly,0,0
2025-01-02 20:00:00,40.44,64.84,64.93,7.18,83.14,26.6,1.49,9.51,2025,Bhatagaon,Quarterly,0,0
2025-01-02 20:15:00,49.84,61.83,70.89,7.25,94.22,28.27,1.88,9.59,2025,Bhatagaon,Quarterly,0,0
2025-01-02 20:30:00,55.86,60.54,75.05,7.34,94.22,28.27,2.01,9.61,2025,Bhatagaon,Quarterly,0,0
2025-01-02 20:45:00,59.88,60.89,78.45,7.3,94.22,28.27,2.19,9.63,2025,Bhatagaon,Quarterly,0,0
2025-01-02 21:00:00,62.54,61.21,80.76,8.12,138.33,30.72,2.12,9.69,2025,Bhatagaon,Quarterly,0,0
2025-01-02 21:15:00,64.64,60.73,82.19,7.94,191.05,33.65,1.98,9.69,2025,Bhatagaon,Quarterly,0,0
2025-01-02 21:30:00,69.06,60.44,85.58,7.86,191.05,33.65,1.98,9.68,2025,Bhatagaon,Quarterly,0,0
2025-01-02 21:45:00,74.16,60.13,89.5,7.58,191.05,33.65,1.95,9.69,2025,Bhatagaon,Quarterly,0,0
2025-01-02 22:00:00,78.65,59.17,92.61,7.54,183.85,36.58,1.84,9.71,2025,Bhatagaon,Quarterly,0,0
2025-01-02 22:15:00,86.18,60.36,99.27,8.22,175.26,40.08,1.69,9.72,2025,Bhatagaon,Quarterly,0,0
2025-01-02 22:30:00,90.87,60.47,103.09,8.57,175.26,40.08,1.79,9.78,2025,Bhatagaon,Quarterly,0,0
2025-01-02 22:45:00,94.38,60.49,105.91,8.0,175.26,40.08,1.84,9.79,2025,Bhatagaon,Quarterly,0,0
2025-01-02 23:00:00,98.79,60.17,109.29,8.24,181.64,40.99,1.87,9.82,2025,Bhatagaon,Quarterly,0,0
2025-01-02 23:15:00,102.38,58.52,111.3,8.03,189.26,42.09,1.88,9.87,2025,Bhatagaon,Quarterly,0,0
2025-01-02 23:30:00,104.47,58.85,113.15,8.19,189.26,42.09,1.89,9.91,2025,Bhatagaon,Quarterly,0,0
2025-01-02 23:45:00,106.22,59.04,114.65,8.13,189.26,42.09,1.88,9.9,2025,Bhatagaon,Quarterly,0,0
2025-01-03 00:15:00,162.56,108.77,185.81,7.33,195.05,38.4,2.34,10.19,2025,Bhatagaon,Quarterly,0,0
2025-01-03 00:30:00,154.32,104.44,176.94,7.06,167.0,34.6,2.3,10.17,2025,Bhatagaon,Quarterly,0,0
2025-01-03 00:45:00,142.7,99.97,165.29,7.03,167.0,34.6,2.18,10.16,2025,Bhatagaon,Quarterly,0,0
2025-01-03 01:00:00,115.76,94.49,140.82,7.34,167.0,34.6,1.87,10.14,2025,Bhatagaon,Quarterly,0,0
2025-01-03 01:15:00,114.69,94.6,140.03,7.03,160.54,41.03,1.66,10.14,2025,Bhatagaon,Quarterly,0,0
2025-01-03 01:30:00,118.31,91.45,141.28,6.67,149.36,52.12,1.78,10.1,2025,Bhatagaon,Quarterly,0,0
2025-01-03 01:45:00,102.31,90.88,128.15,6.86,149.36,52.12,1.6,10.1,2025,Bhatagaon,Quarterly,0,0
2025-01-03 02:00:00,98.82,81.14,120.27,6.69,149.36,52.12,1.5,10.09,2025,Bhatagaon,Quarterly,0,0
2025-01-03 02:15:00,96.75,80.88,118.47,6.23,129.72,36.88,1.52,10.1,2025,Bhatagaon,Quarterly,0,0
2025-01-03 02:30:00,86.15,76.94,107.9,6.42,95.79,10.56,1.43,10.06,2025,Bhatagaon,Quarterly,0,0
2025-01-03 02:45:00,111.47,80.32,129.97,6.56,95.79,10.56,1.64,10.02,2025,Bhatagaon,Quarterly,0,0
2025-01-03 03:00:00,111.36,81.66,130.59,6.45,95.79,10.56,1.66,9.99,2025,Bhatagaon,Quarterly,0,0
2025-01-03 03:15:00,100.48,78.44,120.18,6.47,87.44,9.74,1.55,9.96,2025,Bhatagaon,Quarterly,0,0
2025-01-03 03:30:00,97.29,78.22,117.51,6.29,73.01,8.32,1.5,9.92,2025,Bhatagaon,Quarterly,0,0
2025-01-03 03:45:00,95.49,77.4,115.64,5.89,73.01,8.32,1.48,9.9,2025,Bhatagaon,Quarterly,0,0
2025-01-03 04:00:00,89.19,77.56,110.67,5.67,73.01,8.32,1.4,9.87,2025,Bhatagaon,Quarterly,0,0
2025-01-03 04:15:00,82.67,77.83,105.58,5.62,75.27,13.64,1.32,9.86,2025,Bhatagaon,Quarterly,0,0
2025-01-03 04:30:00,80.46,77.9,103.84,5.69,79.16,22.82,1.3,9.82,2025,Bhatagaon,Quarterly,0,0
2025-01-03 04:45:00,82.66,76.82,105.05,5.63,79.16,22.82,1.26,9.77,2025,Bhatagaon,Quarterly,0,0
2025-01-03 05:00:00,87.68,76.68,109.0,5.7,79.16,22.82,1.21,9.76,2025,Bhatagaon,Quarterly,0,0
2025-01-03 05:15:00,88.35,78.53,110.5,5.88,89.09,15.46,1.1,9.76,2025,Bhatagaon,Quarterly,0,0
2025-01-03 05:30:00,94.0,76.57,114.01,5.62,106.25,2.74,1.05,9.75,2025,Bhatagaon,Quarterly,0,0
2025-01-03 05:45:00,84.34,76.13,106.04,5.34,106.25,2.74,1.0,9.75,2025,Bhatagaon,Quarterly,0,0
2025-01-03 06:00:00,99.91,80.64,120.87,5.45,106.25,2.74,1.01,9.76,2025,Bhatagaon,Quarterly,0,0
2025-01-03 06:15:00,102.48,78.6,121.87,5.74,109.56,38.25,1.08,9.75,2025,Bhatagaon,Quarterly,0,0
2025-01-03 06:30:00,102.28,77.17,120.96,5.77,115.28,99.58,1.06,9.72,2025,Bhatagaon,Quarterly,0,0
2025-01-03 06:45:00,86.6,76.61,108.1,5.78,115.28,99.58,1.01,9.74,2025,Bhatagaon,Quarterly,0,0
2025-01-03 07:00:00,79.58,75.64,101.96,5.73,115.28,99.58,0.97,9.77,2025,Bhatagaon,Quarterly,0,0
2025-01-03 07:15:00,93.44,72.92,111.65,5.65,115.67,63.07,1.11,9.78,2025,Bhatagaon,Quarterly,0,0
2025-01-03 07:30:00,89.19,74.55,109.1,5.3,116.34,63.07,1.15,9.75,2025,Bhatagaon,Quarterly,0,0
2025-01-03 07:45:00,82.82,74.49,103.96,5.4,116.34,63.07,1.12,9.76,2025,Bhatagaon,Quarterly,0,0
2025-01-03 08:00:00,77.75,76.04,100.7,6.79,116.34,63.07,1.09,9.74,2025,Bhatagaon,Quarterly,0,0
2025-01-03 08:15:00,71.23,78.28,96.65,5.88,105.36,19.76,1.06,9.71,2025,Bhatagaon,Quarterly,0,0
2025-01-03 08:30:00,65.03,77.86,91.45,5.93,86.38,53.89,1.03,9.72,2025,Bhatagaon,Quarterly,0,0
2025-01-03 08:45:00,56.69,78.36,85.02,6.06,86.38,53.89,0.99,9.73,2025,Bhatagaon,Quarterly,0,0
2025-01-03 09:00:00,48.68,78.84,78.85,5.31,86.38,53.89,0.96,9.67,2025,Bhatagaon,Quarterly,0,0
2025-01-03 09:15:00,41.42,78.31,72.75,5.7,81.73,43.04,0.92,9.65,2025,Bhatagaon,Quarterly,0,0
2025-01-03 09:30:00,29.87,80.84,64.81,5.55,73.71,24.32,0.89,9.6,2025,Bhatagaon,Quarterly,0,0
2025-01-03 09:45:00,24.96,83.61,62.32,5.88,73.71,24.32,0.84,9.6,2025,Bhatagaon,Quarterly,0,0
2025-01-03 10:00:00,16.97,85.85,57.08,5.65,73.71,24.32,0.79,9.58,2025,Bhatagaon,Quarterly,0,0
2025-01-03 10:15:00,11.22,88.08,53.64,5.26,74.2,23.63,0.75,9.53,2025,Bhatagaon,Quarterly,0,0
2025-01-03 10:30:00,7.56,87.48,50.39,5.55,75.06,22.45,0.73,9.47,2025,Bhatagaon,Quarterly,0,0
2025-01-03 10:45:00,5.64,84.69,47.4,5.49,75.06,22.45,0.69,9.45,2025,Bhatagaon,Quarterly,0,0
2025-01-03 11:00:00,4.69,81.65,45.04,5.79,75.06,22.45,0.68,9.46,2025,Bhatagaon,Quarterly,0,0
2025-01-03 11:15:00,4.38,78.32,43.06,5.91,75.34,28.36,0.66,9.46,2025,Bhatagaon,Quarterly,0,0
2025-01-03 11:30:00,4.37,75.38,41.51,5.97,75.83,38.56,0.65,9.46,2025,Bhatagaon,Quarterly,0,0
2025-01-03 11:45:00,4.38,71.84,39.67,5.84,75.83,38.56,0.63,9.48,2025,Bhatagaon,Quarterly,0,0
2025-01-03 12:00:00,4.33,69.59,38.46,6.12,75.83,38.56,0.62,9.47,2025,Bhatagaon,Quarterly,0,0
2025-01-03 12:15:00,4.48,68.34,37.93,6.57,71.29,31.3,0.6,9.48,2025,Bhatagaon,Quarterly,0,0
2025-01-03 12:30:00,5.75,68.27,38.9,5.99,63.45,18.77,0.6,9.47,2025,Bhatagaon,Quarterly,0,0
2025-01-03 12:45:00,4.6,67.41,37.53,6.27,63.45,18.77,0.58,9.47,2025,Bhatagaon,Quarterly,0,0
2025-01-03 13:00:00,5.18,67.07,37.82,6.71,63.45,18.77,0.57,9.46,2025,Bhatagaon,Quarterly,0,0
2025-01-03 13:15:00,4.48,64.42,35.87,6.35,62.35,23.55,0.6,9.44,2025,Bhatagaon,Quarterly,0,0
2025-01-03 13:30:00,5.82,63.04,36.22,5.71,60.44,31.82,0.61,9.41,2025,Bhatagaon,Quarterly,0,0
2025-01-03 13:45:00,5.04,63.49,35.83,6.7,60.44,31.82,0.6,9.4,2025,Bhatagaon,Quarterly,0,0
2025-01-03 14:00:00,4.43,63.27,35.23,6.37,60.44,31.82,0.59,9.37,2025,Bhatagaon,Quarterly,0,0
2025-01-03 14:15:00,5.65,54.45,31.6,6.78,57.9,29.62,0.57,9.3,2025,Bhatagaon,Quarterly,0,0
2025-01-03 14:30:00,4.64,61.74,34.6,7.11,53.53,25.81,0.58,9.26,2025,Bhatagaon,Quarterly,0,0
2025-01-03 14:45:00,5.19,61.16,34.74,7.17,53.53,25.81,0.56,9.26,2025,Bhatagaon,Quarterly,0,0
2025-01-03 15:00:00,5.7,62.04,35.61,7.03,53.53,25.81,0.57,9.27,2025,Bhatagaon,Quarterly,0,0
2025-01-03 15:15:00,6.09,60.98,35.36,6.97,55.11,23.15,0.55,9.26,2025,Bhatagaon,Quarterly,0,0
2025-01-03 15:30:00,7.65,60.79,36.52,7.64,57.83,18.54,0.55,9.25,2025,Bhatagaon,Quarterly,0,0
2025-01-03 15:45:00,6.36,58.92,34.51,7.12,57.83,18.54,0.54,9.24,2025,Bhatagaon,Quarterly,0,0
2025-01-03 16:00:00,5.57,58.87,33.85,5.61,57.83,18.54,0.52,9.23,2025,Bhatagaon,Quarterly,0,0
2025-01-03 16:15:00,4.93,57.73,32.74,6.77,52.0,15.93,0.52,9.21,2025,Bhatagaon,Quarterly,0,0
2025-01-03 16:30:00,4.95,57.26,32.51,7.24,41.93,11.63,0.5,9.15,2025,Bhatagaon,Quarterly,0,0
2025-01-03 16:45:00,5.91,59.79,34.6,7.12,41.93,11.63,0.54,9.14,2025,Bhatagaon,Quarterly,0,0
2025-01-03 17:00:00,6.73,68.96,40.05,9.77,41.93,11.63,0.63,9.14,2025,Bhatagaon,Quarterly,0,0
2025-01-03 17:15:00,6.35,72.63,41.67,9.39,45.94,8.12,0.69,9.15,2025,Bhatagaon,Quarterly,0,0
2025-01-03 17:30:00,9.48,80.37,48.22,8.61,52.54,2.33,0.66,9.16,2025,Bhatagaon,Quarterly,0,0
2025-01-03 17:45:00,10.04,89.31,53.33,10.81,52.54,2.33,0.74,9.16,2025,Bhatagaon,Quarterly,0,0
2025-01-03 18:00:00,10.29,91.81,54.84,9.73,52.54,2.33,0.89,9.17,2025,Bhatagaon,Quarterly,0,0
2025-01-03 18:15:00,51.84,140.23,113.46,11.03,52.99,14.7,1.23,9.19,2025,Bhatagaon,Quarterly,0,0
2025-01-03 18:30:00,15.76,133.04,80.77,10.38,53.74,36.08,1.23,9.27,2025,Bhatagaon,Quarterly,0,0
2025-01-03 18:45:00,26.88,134.08,90.23,10.66,53.74,36.08,1.51,9.35,2025,Bhatagaon,Quarterly,0,0
2025-01-03 19:00:00,32.26,142.41,98.9,10.87,53.74,36.08,1.55,9.41,2025,Bhatagaon,Quarterly,0,0
2025-01-03 19:15:00,30.93,140.95,97.07,11.01,68.36,35.47,1.42,9.4,2025,Bhatagaon,Quarterly,0,0
2025-01-03 19:30:00,73.23,142.89,132.0,10.43,92.43,34.46,1.81,9.39,2025,Bhatagaon,Quarterly,0,0
2025-01-03 19:45:00,70.39,140.7,128.58,10.36,92.43,34.46,1.79,9.39,2025,Bhatagaon,Quarterly,0,0
2025-01-03 20:00:00,26.78,123.94,84.86,9.6,92.43,34.46,1.49,9.4,2025,Bhatagaon,Quarterly,0,0
2025-01-03 20:15:00,33.66,127.72,92.34,9.37,94.23,28.14,1.55,9.41,2025,Bhatagaon,Quarterly,0,0
2025-01-03 20:30:00,45.3,116.16,95.64,7.74,97.33,17.23,1.34,9.41,2025,Bhatagaon,Quarterly,0,0
2025-01-03 20:45:00,41.46,104.77,86.62,8.0,97.33,17.23,1.42,9.41,2025,Bhatagaon,Quarterly,0,0
2025-01-03 21:00:00,42.5,105.25,87.69,7.22,97.33,17.23,1.44,9.42,2025,Bhatagaon,Quarterly,0,0
2025-01-03 21:15:00,37.19,98.25,79.78,6.69,93.4,23.54,1.23,9.44,2025,Bhatagaon,Quarterly,0,0
2025-01-03 21:30:00,36.4,103.2,81.73,6.52,86.62,34.44,1.37,9.45,2025,Bhatagaon,Quarterly,0,0
2025-01-03 21:45:00,41.1,107.66,87.83,7.48,86.62,34.44,1.61,9.44,2025,Bhatagaon,Quarterly,0,0
2025-01-03 22:00:00,54.13,108.71,98.83,7.13,86.62,34.44,1.72,9.48,2025,Bhatagaon,Quarterly,0,0
2025-01-03 22:15:00,55.54,107.9,99.54,6.78,90.36,32.91,1.63,9.52,2025,Bhatagaon,Quarterly,0,0
2025-01-03 22:30:00,63.52,107.12,105.53,7.57,96.83,30.41,1.59,9.49,2025,Bhatagaon,Quarterly,0,0
2025-01-03 22:45:00,41.2,99.13,83.45,8.01,96.83,30.41,1.35,9.5,2025,Bhatagaon,Quarterly,0,0
2025-01-03 23:00:00,96.49,112.67,134.87,9.45,96.83,30.41,1.57,9.52,2025,Bhatagaon,Quarterly,0,0
2025-01-03 23:15:00,48.64,106.49,93.27,8.84,101.15,30.11,1.33,9.54,2025,Bhatagaon,Quarterly,0,0
2025-01-03 23:30:00,39.13,100.27,82.39,9.29,108.63,29.59,1.33,9.56,2025,Bhatagaon,Quarterly,0,0
2025-01-03 23:45:00,49.03,111.09,95.98,11.3,108.63,29.59,1.36,9.56,2025,Bhatagaon,Quarterly,0,0
2025-01-04 00:15:00,48.13551020408163,109.35122448979592,94.86938775510204,20.48,114.18,36.37,1.51,9.99,2025,Bhatagaon,Quarterly,1,95
2025-01-04 00:30:00,47.68826530612245,108.48183673469389,94.31408163265307,15.77,114.18,36.37,1.44,9.98,2025,Bhatagaon,Quarterly,1,95
2025-01-04 00:45:00,47.241020408163266,107.61244897959185,93.75877551020409,21.42,114.18,36.37,1.27,9.97,2025,Bhatagaon,Quarterly,1,95
2025-01-04 01:00:00,,,,18.82,114.14,36.82,1.26,9.94,2025,Bhatagaon,Quarterly,1,95
2025-01-04 01:15:00,,,,31.52,114.02,38.18,0.94,9.92,2025,Bhatagaon,Quarterly,1,95
2025-01-04 01:30:00,,,,19.5,114.02,38.18,1.22,9.91,2025,Bhatagaon,Quarterly,1,95
2025-01-04 01:45:00,,,,12.65,114.02,38.18,1.23,9.89,2025,Bhatagaon,Quarterly,1,95
2025-01-04 02:00:00,,,,20.18,110.97,33.14,0.75,9.89,2025,Bhatagaon,Quarterly,1,95
2025-01-04 02:15:00,,,,21.81,100.95,16.59,0.71,9.91,2025,Bhatagaon,Quarterly,1,95
2025-01-04 02:30:00,,,,18.61,100.95,16.59,0.77,9.92,2025,Bhatagaon,Quarterly,1,95
2025-01-04 02:45:00,,,,15.06,100.95,16.59,0.77,9.95,2025,Bhatagaon,Quarterly,1,95
2025-01-04 03:00:00,,,,15.45,99.52,22.85,0.71,9.93,2025,Bhatagaon,Quarterly,1,95
2025-01-04 03:15:00,,,,14.42,94.81,42.26,0.74,9.93,2025,Bhatagaon,Quarterly,1,95
2025-01-04 03:30:00,,,,11.42,94.81,42.26,0.99,9.92,2025,Bhatagaon,Quarterly,1,95
2025-01-04 03:45:00,,,,11.52,94.81,42.26,1.09,9.92,2025,Bhatagaon,Quarterly,1,95
2025-01-04 04:00:00,,,,4.45,95.41,38.77,1.18,9.94,2025,Bhatagaon,Quarterly,1,95
2025-01-04 04:15:00,,,,4.12,97.4,27.8,1.16,9.94,2025,Bhatagaon,Quarterly,1,95
2025-01-04 04:30:00,,,,4.42,97.4,27.8,1.12,9.9,2025,Bhatagaon,Quarterly,1,95
2025-01-04 04:45:00,,,,4.0,97.4,27.8,1.13,9.91,2025,Bhatagaon,Quarterly,1,95
2025-01-04 05:00:00,,,,5.68,97.42,24.42,1.07,9.92,2025,Bhatagaon,Quarterly,1,95
2025-01-04 05:15:00,,,,4.22,97.51,13.34,1.11,9.92,2025,Bhatagaon,Quarterly,1,95
2025-01-04 05:30:00,,,,3.87,97.51,13.34,1.1,9.91,2025,Bhatagaon,Quarterly,1,95
2025-01-04 05:45:00,,,,4.28,97.51,13.34,1.11,9.93,2025,Bhatagaon,Quarterly,1,95
2025-01-04 06:00:00,,,,4.82,103.0,37.59,1.11,9.94,2025,Bhatagaon,Quarterly,1,95
2025-01-04 06:15:00,,,,4.59,121.05,117.25,1.11,9.92,2025,Bhatagaon,Quarterly,1,95
2025-01-04 06:30:00,,,,13.79,121.05,117.25,1.25,9.92,2025,Bhatagaon,Quarterly,1,95
2025-01-04 06:45:00,,,,15.23,121.05,117.25,1.19,9.92,2025,Bhatagaon,Quarterly,1,95
2025-01-04 07:00:00,,,,20.0,122.08,98.46,1.14,9.92,2025,Bhatagaon,Quarterly,1,95
2025-01-04 07:15:00,,,,20.9,125.46,36.75,1.18,9.93,2025,Bhatagaon,Quarterly,1,95
2025-01-04 07:30:00,,,,24.29,125.46,36.75,1.41,9.93,2025,Bhatagaon,Quarterly,1,95
2025-01-04 07:45:00,,,,24.45,125.46,36.75,1.39,9.93,2025,Bhatagaon,Quarterly,1,95
2025-01-04 08:00:00,,,,20.76,129.2,39.69,1.44,9.91,2025,Bhatagaon,Quarterly,1,95
2025-01-04 08:15:00,,,,17.81,141.48,49.32,1.33,9.91,2025,Bhatagaon,Quarterly,1,95
2025-01-04 08:30:00,,,,6.69,141.48,49.32,1.31,9.88,2025,Bhatagaon,Quarterly,1,95
2025-01-04 08:45:00,,,,9.52,141.48,49.32,1.36,9.9,2025,Bhatagaon,Quarterly,1,95
2025-01-04 09:00:00,,,,8.41,142.88,52.08,1.34,9.85,2025,Bhatagaon,Quarterly,1,95
2025-01-04 09:15:00,,,,18.76,147.48,61.15,1.38,9.86,2025,Bhatagaon,Quarterly,1,95
2025-01-04 09:30:00,,,,14.64,147.48,61.15,1.36,9.86,2025,Bhatagaon,Quarterly,1,95
2025-01-04 09:45:00,,,,8.56,147.48,61.15,1.35,9.87,2025,Bhatagaon,Quarterly,1,95
2025-01-04 10:00:00,,,,9.68,145.24,56.64,1.34,9.86,2025,Bhatagaon,Quarterly,1,95
2025-01-04 10:15:00,,,,20.71,137.85,41.82,1.35,9.83,2025,Bhatagaon,Quarterly,1,95
2025-01-04 10:30:00,,,,29.83,137.85,41.82,1.33,9.82,2025,Bhatagaon,Quarterly,1,95
2025-01-04 10:45:00,,,,22.73,137.85,41.82,1.32,9.8,2025,Bhatagaon,Quarterly,1,95
2025-01-04 11:00:00,,,,41.89,136.94,44.34,1.24,9.81,2025,Bhatagaon,Quarterly,1,95
2025-01-04 11:15:00,,,,20.93,134.12,52.4,1.2,9.83,2025,Bhatagaon,Quarterly,1,95
2025-01-04 11:30:00,,,,55.74,134.12,52.4,1.08,9.82,2025,Bhatagaon,Quarterly,1,95
2025-01-04 11:45:00,,,,38.34,134.12,52.4,1.07,9.8,2025,Bhatagaon,Quarterly,1,95
2025-01-04 12:00:00,,,,55.32,132.28,46.37,0.97,9.8,2025,Bhatagaon,Quarterly,1,95
2025-01-04 12:15:00,,,,57.97,126.24,29.42,0.97,9.79,2025,Bhatagaon,Quarterly,1,95
2025-01-04 12:30:00,,,,62.25,126.24,29.42,0.96,9.79,2025,Bhatagaon,Quarterly,1,95
2025-01-04 12:45:00,,,,34.32,126.24,29.42,1.01,9.81,2025,Bhatagaon,Quarterly,1,95
2025-01-04 13:00:00,,,,40.46,121.09,30.9,1.03,9.81,2025,Bhatagaon,Quarterly,1,95
2025-01-04 13:15:00,,,,41.43,108.98,34.39,1.03,9.79,2025,Bhatagaon,Quarterly,1,95
2025-01-04 13:30:00,,,,43.08,108.98,34.39,0.98,9.79,2025,Bhatagaon,Quarterly,1,95
2025-01-04 13:45:00,,,,62.54,108.98,34.39,0.96,9.77,2025,Bhatagaon,Quarterly,1,95
2025-01-04 14:00:00,,,,46.28,112.75,38.61,0.97,9.75,2025,Bhatagaon,Quarterly,1,95
2025-01-04 14:15:00,,,,33.55,124.4,51.66,0.95,1.81,2025,Bhatagaon,Quarterly,1,95
2025-01-04 14:30:00,,,,36.32,124.4,51.66,0.94,0.0,2025,Bhatagaon,Quarterly,1,95
2025-01-04 14:45:00,,,,36.59,124.4,51.66,0.9,0.0,2025,Bhatagaon,Quarterly,1,95
2025-01-04 15:00:00,,,,40.78,123.09,46.99,0.86,0.0,2025,Bhatagaon,Quarterly,1,95
2025-01-04 15:15:00,,,,41.25,118.8,31.64,0.83,0.0,2025,Bhatagaon,Quarterly,1,95
2025-01-04 15:30:00,,,,31.63,118.8,31.64,0.82,9.78,2025,Bhatagaon,Quarterly,1,95
2025-01-04 15:45:00,,,,27.8,118.8,31.64,0.81,9.81,2025,Bhatagaon,Quarterly,1,95
2025-01-04 16:00:00,,,,19.68,117.87,60.08,0.79,9.78,2025,Bhatagaon,Quarterly,1,95
2025-01-04 16:15:00,,,,46.97,115.79,58.51,0.77,9.76,2025,Bhatagaon,Quarterly,1,95
2025-01-04 16:30:00,,,,19.77,115.79,56.94,0.76,9.75,2025,Bhatagaon,Quarterly,1,95
2025-01-04 16:45:00,,,,22.49,115.79,55.37,0.74,9.75,2025,Bhatagaon,Quarterly,1,95
2025-01-04 17:00:00,,,,26.62,117.49,,0.7,9.76,2025,Bhatagaon,Quarterly,1,95
2025-01-04 17:15:00,,,,28.94,122.74,,0.7,9.72,2025,Bhatagaon,Quarterly,1,95
2025-01-04 17:30:00,,,,29.49,122.74,,0.68,9.7,2025,Bhatagaon,Quarterly,1,95
2025-01-04 17:45:00,,,,24.87,122.74,,0.79,9.69,2025,Bhatagaon,Quarterly,1,95
2025-01-04 18:00:00,,,,34.1,120.64,,0.88,9.67,2025,Bhatagaon,Quarterly,1,95
2025-01-04 18:15:00,,,,61.48,114.15,,1.11,9.66,2025,Bhatagaon,Quarterly,1,95
2025-01-04 18:30:00,,,,102.41,114.15,,1.87,9.67,2025,Bhatagaon,Quarterly,1,95
2025-01-04 18:45:00,,,,92.28,114.15,,1.96,9.65,2025,Bhatagaon,Quarterly,1,95
2025-01-04 19:00:00,,,,91.15,114.81,,1.94,9.65,2025,Bhatagaon,Quarterly,1,95
2025-01-04 19:15:00,,,,94.96,117.39,,2.39,9.67,2025,Bhatagaon,Quarterly,1,95
2025-01-04 19:30:00,,,,103.01,117.39,,2.52,9.66,2025,Bhatagaon,Quarterly,1,95
2025-01-04 19:45:00,,,,113.46,117.39,,2.66,9.68,2025,Bhatagaon,Quarterly,1,95
2025-01-04 20:00:00,,,,104.56,137.14,,3.26,9.69,2025,Bhatagaon,Quarterly,1,95
2025-01-04 20:15:00,,,,107.0,198.18,,3.78,9.68,2025,Bhatagaon,Quarterly,1,95
2025-01-04 20:30:00,,,,96.88,198.18,,3.92,9.67,2025,Bhatagaon,Quarterly,1,95
2025-01-04 20:45:00,,,,69.47,198.18,,3.06,9.69,2025,Bhatagaon,Quarterly,1,95
2025-01-04 21:00:00,,,,69.55,194.3,,2.33,9.69,2025,Bhatagaon,Quarterly,1,95
2025-01-04 21:15:00,,,,81.67,182.3,,2.39,9.7,2025,Bhatagaon,Quarterly,1,95
2025-01-04 21:30:00,,,,67.89,182.3,,2.33,9.69,2025,Bhatagaon,Quarterly,1,95
2025-01-04 21:45:00,,,,66.07,182.3,,2.73,9.67,2025,Bhatagaon,Quarterly,1,95
2025-01-04 22:00:00,,,,65.26,178.1,,2.51,9.67,2025,Bhatagaon,Quarterly,1,95
2025-01-04 22:15:00,,,,78.74,165.1,,2.24,9.67,2025,Bhatagaon,Quarterly,1,95
2025-01-04 22:30:00,,,,73.32,165.1,,2.01,9.7,2025,Bhatagaon,Quarterly,1,95
2025-01-04 22:45:00,,,,69.33,165.1,,2.06,9.71,2025,Bhatagaon,Quarterly,1,95
2025-01-04 23:00:00,,,,87.17,170.94,,1.91,9.71,2025,Bhatagaon,Quarterly,1,95
2025-01-04 23:15:00,,,,56.91,190.12,,1.99,9.7,2025,Bhatagaon,Quarterly,1,95
2025-01-04 23:30:00,,,,48.78,190.12,,2.05,9.71,2025,Bhatagaon,Quarterly,1,95
2025-01-04 23:45:00,,,,37.78,190.12,,2.07,9.71,2025,Bhatagaon,Quarterly,1,95
2025-01-05 00:15:00,5.2,25.89,41.56,3.01,21.51,8.27,0.37,9.52,2025,Bhatagaon,Quarterly,0,0
2025-01-05 00:30:00,4.84,22.95,36.5,2.84,21.51,8.27,0.35,9.52,2025,Bhatagaon,Quarterly,0,0
2025-01-05 00:45:00,4.5,23.62,38.31,2.72,21.51,8.27,0.35,9.49,2025,Bhatagaon,Quarterly,0,0
2025-01-05 01:00:00,3.99,21.92,35.83,2.42,21.81,6.64,0.34,9.47,2025,Bhatagaon,Quarterly,0,0
2025-01-05 01:15:00,3.77,22.69,37.65,2.58,21.9,6.17,0.32,9.47,2025,Bhatagaon,Quarterly,0,0
2025-01-05 01:30:00,3.54,21.11,34.97,2.46,21.9,6.17,0.33,9.45,2025,Bhatagaon,Quarterly,0,0
2025-01-05 01:45:00,3.59,22.25,37.07,2.49,21.9,6.17,0.33,9.45,2025,Bhatagaon,Quarterly,0,0
2025-01-05 02:00:00,3.26,20.08,33.43,2.36,15.99,7.98,0.29,9.43,2025,Bhatagaon,Quarterly,0,0
2025-01-05 02:15:00,3.45,21.98,36.78,2.66,14.31,8.5,0.32,9.41,2025,Bhatagaon,Quarterly,0,0
2025-01-05 02:30:00,6.86,27.22,41.57,2.58,14.31,8.5,0.35,9.42,2025,Bhatagaon,Quarterly,0,0
2025-01-05 02:45:00,5.67,25.15,39.44,2.39,14.31,8.5,0.29,9.4,2025,Bhatagaon,Quarterly,0,0
2025-01-05 03:00:00,3.49,19.94,32.82,2.22,17.96,6.69,0.26,9.39,2025,Bhatagaon,Quarterly,0,0
2025-01-05 03:15:00,3.25,19.05,31.48,2.26,19.0,6.18,0.25,9.4,2025,Bhatagaon,Quarterly,0,0
2025-01-05 03:30:00,5.38,26.29,42.07,2.61,19.0,6.18,0.28,9.43,2025,Bhatagaon,Quarterly,0,0
2025-01-05 03:45:00,4.21,21.61,34.91,2.42,19.0,6.18,0.27,9.46,2025,Bhatagaon,Quarterly,0,0
2025-01-05 04:00:00,7.33,30.77,47.64,2.31,19.69,6.25,0.29,9.47,2025,Bhatagaon,Quarterly,0,0
2025-01-05 04:15:00,22.55,41.33,44.49,2.42,19.89,6.27,0.32,9.49,2025,Bhatagaon,Quarterly,0,0
2025-01-05 04:30:00,9.77,27.41,37.45,2.68,19.89,6.27,0.33,9.52,2025,Bhatagaon,Quarterly,0,0
2025-01-05 04:45:00,14.33,37.75,50.25,2.59,19.89,6.27,0.33,9.52,2025,Bhatagaon,Quarterly,0,0
2025-01-05 05:00:00,12.42,31.17,40.59,2.7,21.08,4.96,0.34,9.58,2025,Bhatagaon,Quarterly,0,0
2025-01-05 05:15:00,13.92,35.45,46.49,2.51,21.42,4.58,0.37,9.55,2025,Bhatagaon,Quarterly,0,0
2025-01-05 05:30:00,12.72,31.99,41.71,2.69,21.42,4.58,0.36,9.6,2025,Bhatagaon,Quarterly,0,0
2025-01-05 05:45:00,12.44,31.51,41.22,2.61,21.42,4.58,0.36,9.58,2025,Bhatagaon,Quarterly,0,0
2025-01-05 06:00:00,12.14,29.96,38.72,2.11,23.73,5.18,0.37,9.62,2025,Bhatagaon,Quarterly,0,0
2025-01-05 06:15:00,12.6,31.49,40.92,2.41,24.39,5.35,0.36,9.6,2025,Bhatagaon,Quarterly,0,0
2025-01-05 06:30:00,12.71,30.61,39.07,2.32,24.39,5.35,0.38,9.62,2025,Bhatagaon,Quarterly,0,0
2025-01-05 06:45:00,12.8,32.47,42.49,2.41,24.39,5.35,0.38,9.6,2025,Bhatagaon,Quarterly,0,0
2025-01-05 07:00:00,10.65,30.5,42.03,2.17,26.45,7.77,0.38,9.62,2025,Bhatagaon,Quarterly,0,0
2025-01-05 07:15:00,11.46,29.49,38.84,2.37,27.04,8.47,0.36,9.63,2025,Bhatagaon,Quarterly,0,0
2025-01-05 07:30:00,10.28,28.05,37.92,1.95,27.04,8.47,0.38,9.63,2025,Bhatagaon,Quarterly,0,0
2025-01-05 07:45:00,9.66,27.62,38.03,2.41,27.04,8.47,0.37,9.61,2025,Bhatagaon,Quarterly,0,0
2025-01-05 08:00:00,8.21,27.18,39.42,2.92,26.44,6.63,0.36,9.6,2025,Bhatagaon,Quarterly,0,0
2025-01-05 08:15:00,8.3,26.8,38.55,3.08,26.26,6.11,0.35,9.59,2025,Bhatagaon,Quarterly,0,0
2025-01-05 08:30:00,9.17,27.08,37.76,3.08,26.26,6.11,0.37,9.6,2025,Bhatagaon,Quarterly,0,0
2025-01-05 08:45:00,8.74,27.06,38.37,3.14,26.26,6.11,0.37,9.6,2025,Bhatagaon,Quarterly,0,0
2025-01-05 09:00:00,8.49,29.7,43.81,3.0,25.39,4.79,0.37,9.57,2025,Bhatagaon,Quarterly,0,0
2025-01-05 09:15:00,7.11,27.31,41.36,2.97,25.14,4.41,0.35,9.53,2025,Bhatagaon,Quarterly,0,0
2025-01-05 09:30:00,6.13,25.56,39.51,2.92,25.14,4.41,0.36,9.48,2025,Bhatagaon,Quarterly,0,0
2025-01-05 09:45:00,4.63,25.43,41.57,3.17,25.14,4.41,0.33,9.45,2025,Bhatagaon,Quarterly,0,0
2025-01-05 10:00:00,4.74,24.46,39.54,3.19,22.21,4.53,0.34,9.43,2025,Bhatagaon,Quarterly,0,0
2025-01-05 10:15:00,4.21,26.2,43.68,2.86,21.38,4.56,0.36,9.41,2025,Bhatagaon,Quarterly,0,0
2025-01-05 10:30:00,3.26,24.63,42.13,3.35,21.38,4.56,0.36,9.41,2025,Bhatagaon,Quarterly,0,0
2025-01-05 10:45:00,3.2,22.05,37.28,3.54,21.38,4.56,0.34,9.38,2025,Bhatagaon,Quarterly,0,0
2025-01-05 11:00:00,3.57,26.5,45.25,3.47,22.52,6.12,0.39,9.37,2025,Bhatagaon,Quarterly,0,0
2025-01-05 11:15:00,3.77,23.26,38.73,3.0,22.85,6.56,0.36,9.38,2025,Bhatagaon,Quarterly,0,0
2025-01-05 11:30:00,5.55,27.04,43.23,3.79,22.85,6.56,0.38,9.37,2025,Bhatagaon,Quarterly,0,0
2025-01-05 11:45:00,3.35,22.03,37.02,2.94,22.85,6.56,0.37,9.36,2025,Bhatagaon,Quarterly,0,0
2025-01-05 12:00:00,2.78,20.43,34.83,3.55,23.93,7.66,0.33,9.35,2025,Bhatagaon,Quarterly,0,0
2025-01-05 12:15:00,3.72,22.28,36.92,3.72,24.24,7.97,0.37,9.33,2025,Bhatagaon,Quarterly,0,0
2025-01-05 12:30:00,3.62,21.04,34.72,4.24,24.24,7.97,0.36,9.34,2025,Bhatagaon,Quarterly,0,0
2025-01-05 12:45:00,2.79,18.84,31.79,4.15,24.24,7.97,0.33,9.32,2025,Bhatagaon,Quarterly,0,0
2025-01-05 13:00:00,2.48,17.94,30.55,4.39,26.66,7.99,0.31,9.32,2025,Bhatagaon,Quarterly,0,0
2025-01-05 13:15:00,2.73,20.96,35.93,4.22,27.35,8.0,0.34,9.32,2025,Bhatagaon,Quarterly,0,0
2025-01-05 13:30:00,3.52,25.23,42.9,3.57,27.35,8.0,0.39,9.35,2025,Bhatagaon,Quarterly,0,0
2025-01-05 13:45:00,2.98,20.95,35.54,3.94,27.35,8.0,0.37,9.36,2025,Bhatagaon,Quarterly,0,0
2025-01-05 14:00:00,2.58,20.0,34.33,3.76,29.29,8.22,0.38,9.36,2025,Bhatagaon,Quarterly,0,0
2025-01-05 14:15:00,3.19,19.75,32.91,4.07,29.84,8.29,0.36,9.34,2025,Bhatagaon,Quarterly,0,0
2025-01-05 14:30:00,1.95,16.98,29.5,4.19,29.84,8.29,0.35,9.33,2025,Bhatagaon,Quarterly,0,0
2025-01-05 14:45:00,2.05,17.73,30.79,4.04,29.84,8.29,0.34,9.32,2025,Bhatagaon,Quarterly,0,0
2025-01-05 15:00:00,4.24,22.19,35.97,3.9,27.92,8.7,0.37,9.32,2025,Bhatagaon,Quarterly,0,0
2025-01-05 15:15:00,4.67,21.64,34.25,4.15,27.37,8.82,0.38,9.31,2025,Bhatagaon,Quarterly,0,0
2025-01-05 15:30:00,2.11,16.91,29.12,4.6,27.37,8.82,0.26,9.31,2025,Bhatagaon,Quarterly,0,0
2025-01-05 15:45:00,2.53,17.43,29.48,4.47,27.37,8.82,0.27,9.31,2025,Bhatagaon,Quarterly,0,0
2025-01-05 16:00:00,4.49,22.86,36.86,4.45,26.04,9.15,0.41,9.32,2025,Bhatagaon,Quarterly,0,0
2025-01-05 16:15:00,12.57,41.35,59.84,4.59,25.66,9.24,0.53,9.31,2025,Bhatagaon,Quarterly,0,0
2025-01-05 16:30:00,11.51,36.28,51.79,4.08,25.66,9.24,0.47,9.33,2025,Bhatagaon,Quarterly,0,0
2025-01-05 16:45:00,3.52,21.74,36.19,3.51,25.66,9.24,0.35,9.33,2025,Bhatagaon,Quarterly,0,0
2025-01-05 17:00:00,2.18,18.36,31.8,3.84,421.9,11.96,0.28,9.31,2025,Bhatagaon,Quarterly,0,0
2025-01-05 17:15:00,2.12,17.68,30.59,3.36,500.0,12.73,0.27,9.29,2025,Bhatagaon,Quarterly,0,0
2025-01-05 17:30:00,2.18,18.63,32.31,3.07,500.0,12.73,0.3,9.28,2025,Bhatagaon,Quarterly,0,0
2025-01-05 17:45:00,2.24,20.9,36.57,3.15,500.0,12.73,0.31,9.3,2025,Bhatagaon,Quarterly,0,0
2025-01-05 18:00:00,2.38,25.64,45.44,3.34,120.58,12.54,0.32,9.37,2025,Bhatagaon,Quarterly,0,0
2025-01-05 18:15:00,2.76,28.16,49.67,3.24,32.14,12.49,0.31,9.43,2025,Bhatagaon,Quarterly,0,0
2025-01-05 18:30:00,2.99,27.64,48.32,3.2,32.14,12.49,0.32,9.46,2025,Bhatagaon,Quarterly,0,0
2025-01-05 18:45:00,3.12,25.64,44.28,3.17,32.14,12.49,0.32,9.46,2025,Bhatagaon,Quarterly,0,0
2025-01-05 19:00:00,3.1255,25.119500000000002,43.276,3.1149999999999998,30.261176470588236,12.329411764705883,0.3088235294117647,9.399000000000001,2025,Bhatagaon,Quarterly,1,19
2025-01-05 19:15:00,3.1310000000000002,24.599,42.272,3.06,28.38235294117647,12.168823529411766,0.29764705882352943,9.338000000000001,2025,Bhatagaon,Quarterly,1,19
2025-01-05 19:30:00,3.1365000000000003,24.078500000000002,41.268,3.005,26.503529411764706,12.008235294117647,0.28647058823529414,9.277000000000001,2025,Bhatagaon,Quarterly,1,19
2025-01-05 19:45:00,,,,,,,,,2025,Bhatagaon,Quarterly,1,19
2025-01-05 20:00:00,,,,,,,,,2025,Bhatagaon,Quarterly,1,19
2025-01-05 20:15:00,,,,,,,,,2025,Bhatagaon,Quarterly,1,19
2025-01-05 20:30:00,,,,,,,,,2025,Bhatagaon,Quarterly,1,19
2025-01-05 20:45:00,,,,,,,,,2025,Bhatagaon,Quarterly,1,19
2025-01-05 21:00:00,,,,,,,,,2025,Bhatagaon,Quarterly,1,19
2025-01-05 21:15:00,,,,,,,,,2025,Bhatagaon,Quarterly,1,19
2025-01-05 21:30:00,,,,,,,,,2025,Bhatagaon,Quarterly,1,19
2025-01-05 21:45:00,,,,,,,,,2025,Bhatagaon,Quarterly,1,19
2025-01-05 22:00:00,,,,,,,,,2025,Bhatagaon,Quarterly,1,19
2025-01-05 22:15:00,,,,,,,,,2025,Bhatagaon,Quarterly,1,19
2025-01-05 22:30:00,,,,,,,,,2025,Bhatagaon,Quarterly,1,19
2025-01-05 22:45:00,,,,,,,,,2025,Bhatagaon,Quarterly,1,19
2025-01-05 23:00:00,,,,,0.2,9.76,0.13,,2025,Bhatagaon,Quarterly,1,19
2025-01-05 23:15:00,,,,2.18,0.0,8.74,0.07,,2025,Bhatagaon,Quarterly,1,19
2025-01-05 23:30:00,,,,2.0300000000000002,0.04,8.74,0.18,,2025,Bhatagaon,Quarterly,1,19
2025-01-05 23:45:00,3.23,15.23,24.2,1.88,0.04,8.74,0.21,8.24,2025,Bhatagaon,Quarterly,0,0
2025-01-07 00:15:00,7.74,12.02,12.49,5.19,27.09,2.35,0.28,9.09,2025,Bhatagaon,Quarterly,0,0
2025-01-07 00:30:00,7.41,11.73,12.07,5.09,27.09,2.35,0.3,9.07,2025,Bhatagaon,Quarterly,0,0
2025-01-07 00:45:00,7.2,11.95,12.02,4.88,23.08,1.86,0.27,9.06,2025,Bhatagaon,Quarterly,0,0
2025-01-07 01:00:00,7.2,11.63,11.85,4.79,21.85,1.69,0.29,9.06,2025,Bhatagaon,Quarterly,0,0
2025-01-07 01:15:00,7.23,11.95,12.04,5.19,21.85,1.69,0.26,9.05,2025,Bhatagaon,Quarterly,0,0
2025-01-07 01:30:00,7.23,11.72,11.92,4.77,21.85,1.69,0.28,9.03,2025,Bhatagaon,Quarterly,0,0
2025-01-07 01:45:00,7.14,12.23,12.12,4.72,25.55,1.36,0.33,9.04,2025,Bhatagaon,Quarterly,0,0
2025-01-07 02:00:00,6.73,13.64,12.53,5.09,26.74,1.25,0.36,9.06,2025,Bhatagaon,Quarterly,0,0
2025-01-07 02:15:00,6.84,12.84,12.19,4.87,26.74,1.25,0.31,9.08,2025,Bhatagaon,Quarterly,0,0
2025-01-07 02:30:00,7.04,11.89,11.86,5.07,26.74,1.25,0.31,9.09,2025,Bhatagaon,Quarterly,0,0
2025-01-07 02:45:00,7.06,11.65,11.75,4.99,25.29,2.16,0.3,9.09,2025,Bhatagaon,Quarterly,0,0
2025-01-07 03:00:00,7.24,11.4,11.76,5.42,24.82,2.46,0.29,9.1,2025,Bhatagaon,Quarterly,0,0
2025-01-07 03:15:00,7.28,11.32,11.75,5.0,24.82,2.46,0.29,9.1,2025,Bhatagaon,Quarterly,0,0
2025-01-07 03:30:00,7.03,11.37,11.58,5.11,24.82,2.46,0.27,9.09,2025,Bhatagaon,Quarterly,0,0
2025-01-07 03:45:00,6.76,11.43,11.39,4.88,24.01,3.51,0.27,9.07,2025,Bhatagaon,Quarterly,0,0
2025-01-07 04:00:00,6.74,11.41,11.36,5.28,23.75,3.85,0.26,9.06,2025,Bhatagaon,Quarterly,0,0
2025-01-07 04:15:00,6.71,11.51,11.39,5.18,23.75,3.85,0.24,9.04,2025,Bhatagaon,Quarterly,0,0
2025-01-07 04:30:00,6.47,11.42,11.16,5.14,23.75,3.85,0.23,9.02,2025,Bhatagaon,Quarterly,0,0
2025-01-07 04:45:00,6.21,11.39,10.93,5.18,22.64,3.6,0.21,9.0,2025,Bhatagaon,Quarterly,0,0
2025-01-07 05:00:00,5.99,11.4,10.76,5.14,22.28,3.52,0.21,9.0,2025,Bhatagaon,Quarterly,0,0
2025-01-07 05:15:00,5.93,11.63,10.83,5.01,22.28,3.52,0.2,9.0,2025,Bhatagaon,Quarterly,0,0
2025-01-07 05:30:00,5.81,11.74,10.79,4.99,22.28,3.52,0.2,8.99,2025,Bhatagaon,Quarterly,0,0
2025-01-07 05:45:00,5.82,11.93,10.9,5.25,18.64,2.69,0.18,9.0,2025,Bhatagaon,Quarterly,0,0
2025-01-07 06:00:00,5.94,11.79,10.92,4.89,17.47,2.42,0.19,8.99,2025,Bhatagaon,Quarterly,0,0
2025-01-07 06:15:00,6.17,11.79,11.11,5.1,17.47,2.42,0.18,8.99,2025,Bhatagaon,Quarterly,0,0
2025-01-07 06:30:00,6.53,12.15,11.59,5.25,17.47,2.42,0.18,9.03,2025,Bhatagaon,Quarterly,0,0
2025-01-07 06:45:00,7.32,14.16,13.27,5.17,13.72,3.42,0.2,9.04,2025,Bhatagaon,Quarterly,0,0
2025-01-07 07:00:00,7.82,12.62,12.86,5.27,12.51,3.74,0.2,9.07,2025,Bhatagaon,Quarterly,0,0
2025-01-07 07:15:00,9.48,13.59,14.71,5.07,12.51,3.74,0.21,9.1,2025,Bhatagaon,Quarterly,0,0
2025-01-07 07:30:00,10.0,13.02,14.82,5.18,12.51,3.74,0.25,9.13,2025,Bhatagaon,Quarterly,0,0
2025-01-07 07:45:00,9.79,13.03,14.66,5.11,13.81,2.95,0.25,9.14,2025,Bhatagaon,Quarterly,0,0
2025-01-07 08:00:00,9.84,13.24,14.81,5.01,14.23,2.7,0.27,9.17,2025,Bhatagaon,Quarterly,0,0
2025-01-07 08:15:00,9.97,13.32,14.95,5.37,14.23,2.7,0.32,9.17,2025,Bhatagaon,Quarterly,0,0
2025-01-07 08:30:00,10.38,13.2,15.22,5.16,14.23,2.7,0.41,9.16,2025,Bhatagaon,Quarterly,0,0
2025-01-07 08:45:00,11.47,14.59,16.82,5.08,18.55,3.14,0.51,9.2,2025,Bhatagaon,Quarterly,0,0
2025-01-07 09:00:00,11.67,13.66,16.49,5.33,19.95,3.28,0.55,9.21,2025,Bhatagaon,Quarterly,0,0
2025-01-07 09:15:00,12.94,13.73,17.55,4.83,19.95,3.28,0.52,9.22,2025,Bhatagaon,Quarterly,0,0
2025-01-07 09:30:00,11.86,13.81,16.73,4.63,19.95,3.28,0.51,9.2,2025,Bhatagaon,Quarterly,0,0
2025-01-07 09:45:00,11.81,14.99,17.3,5.01,32.94,6.1,0.47,9.21,2025,Bhatagaon,Quarterly,0,0
2025-01-07 10:00:00,11.29,14.3,16.53,5.39,37.14,7.01,0.47,9.2,2025,Bhatagaon,Quarterly,0,0
2025-01-07 10:15:00,11.01,14.34,16.33,5.09,37.14,7.01,0.47,9.19,2025,Bhatagaon,Quarterly,0,0
2025-01-07 10:30:00,10.42,14.84,16.11,5.05,37.14,7.01,0.47,9.17,2025,Bhatagaon,Quarterly,0,0
2025-01-07 10:45:00,10.1,15.15,16.01,5.0,33.41,5.45,0.45,9.18,2025,Bhatagaon,Quarterly,0,0
2025-01-07 11:00:00,10.5,15.34,16.43,4.83,32.21,4.94,0.45,9.2,2025,Bhatagaon,Quarterly,0,0
2025-01-07 11:15:00,11.55,16.56,17.92,4.93,32.21,4.94,0.45,9.21,2025,Bhatagaon,Quarterly,0,0
2025-01-07 11:30:00,11.9,14.91,17.33,5.17,32.21,4.94,0.44,9.24,2025,Bhatagaon,Quarterly,0,0
2025-01-07 11:45:00,11.33,16.78,17.85,4.75,36.0,4.98,0.43,9.25,2025,Bhatagaon,Quarterly,0,0
2025-01-07 12:00:00,10.73,15.76,16.84,5.11,37.22,4.99,0.43,9.25,2025,Bhatagaon,Quarterly,0,0
2025-01-07 12:15:00,10.32,16.21,16.75,5.15,37.22,4.99,0.41,9.24,2025,Bhatagaon,Quarterly,0,0
2025-01-07 12:30:00,9.11,17.23,16.31,4.93,37.22,4.99,0.4,9.21,2025,Bhatagaon,Quarterly,0,0
2025-01-07 12:45:00,8.73,17.94,16.38,4.58,37.07,7.14,0.4,9.18,2025,Bhatagaon,Quarterly,0,0
2025-01-07 13:00:00,8.66,17.88,16.29,4.95,37.02,7.83,0.37,9.18,2025,Bhatagaon,Quarterly,0,0
2025-01-07 13:15:00,7.7,17.98,15.56,4.97,37.02,7.83,0.34,9.15,2025,Bhatagaon,Quarterly,0,0
2025-01-07 13:30:00,6.63,18.03,14.74,5.38,37.02,7.83,0.33,9.13,2025,Bhatagaon,Quarterly,0,0
2025-01-07 13:45:00,6.12,17.66,14.14,4.79,35.8,6.69,0.33,9.1,2025,Bhatagaon,Quarterly,0,0
2025-01-07 14:00:00,6.29,17.53,14.2,5.02,35.43,6.33,0.3,9.09,2025,Bhatagaon,Quarterly,0,0
2025-01-07 14:15:00,7.18,16.03,14.13,4.52,35.43,6.33,0.32,9.09,2025,Bhatagaon,Quarterly,0,0
2025-01-07 14:30:00,7.08,16.78,14.45,5.14,35.43,6.33,0.32,9.1,2025,Bhatagaon,Quarterly,0,0
2025-01-07 14:45:00,7.48,16.79,14.77,5.05,38.02,7.86,0.31,9.11,2025,Bhatagaon,Quarterly,0,0
2025-01-07 15:00:00,6.92,17.25,14.56,4.89,38.81,8.33,0.32,9.1,2025,Bhatagaon,Quarterly,0,0
2025-01-07 15:15:00,6.43,17.47,14.28,4.92,38.81,8.33,0.3,9.11,2025,Bhatagaon,Quarterly,0,0
2025-01-07 15:30:00,7.08,17.85,15.0,4.81,38.81,8.33,0.29,9.11,2025,Bhatagaon,Quarterly,0,0
2025-01-07 15:45:00,6.73,18.12,14.87,4.9,38.25,8.39,0.29,9.13,2025,Bhatagaon,Quarterly,0,0
2025-01-07 16:00:00,6.36,18.19,14.6,4.05,38.07,8.4,0.3,9.12,2025,Bhatagaon,Quarterly,0,0
2025-01-07 16:15:00,6.16,18.09,14.39,4.39,38.07,8.4,0.35,9.13,2025,Bhatagaon,Quarterly,0,0
2025-01-07 16:30:00,6.47,18.5,14.85,4.42,38.07,8.4,0.36,9.13,2025,Bhatagaon,Quarterly,0,0
2025-01-07 16:45:00,6.84,19.26,15.55,4.53,38.67,7.12,0.36,9.14,2025,Bhatagaon,Quarterly,0,0
2025-01-07 17:00:00,6.53,18.05,14.67,4.48,38.85,6.73,0.37,9.14,2025,Bhatagaon,Quarterly,0,0
2025-01-07 17:15:00,6.67,18.0,14.75,4.34,38.85,6.73,0.37,9.13,2025,Bhatagaon,Quarterly,0,0
2025-01-07 17:30:00,6.9,17.27,14.56,4.59,38.85,6.73,0.4,9.12,2025,Bhatagaon,Quarterly,0,0
2025-01-07 17:45:00,7.02,17.22,14.63,4.58,39.73,5.2,0.41,9.13,2025,Bhatagaon,Quarterly,0,0
2025-01-07 18:00:00,6.92,16.9,14.38,4.58,40.0,4.71,0.43,9.12,2025,Bhatagaon,Quarterly,0,0
2025-01-07 18:15:00,6.64,16.98,14.19,4.5,40.0,4.71,0.42,9.11,2025,Bhatagaon,Quarterly,0,0
2025-01-07 18:30:00,6.6,16.8,14.07,4.27,40.0,4.71,0.41,9.1,2025,Bhatagaon,Quarterly,0,0
2025-01-07 18:45:00,6.49,16.54,13.85,4.57,38.75,9.15,0.41,9.1,2025,Bhatagaon,Quarterly,0,0
2025-01-07 19:00:00,6.43,16.24,13.64,4.79,38.37,10.59,0.4,9.1,2025,Bhatagaon,Quarterly,0,0
2025-01-07 19:15:00,6.51,16.12,13.64,4.64,38.37,10.59,0.33,9.09,2025,Bhatagaon,Quarterly,0,0
2025-01-07 19:30:00,7.98,16.88,15.22,4.9,38.37,10.59,0.37,9.11,2025,Bhatagaon,Quarterly,0,0
2025-01-07 19:45:00,9.18,15.69,15.56,4.5,38.01,8.54,0.38,9.13,2025,Bhatagaon,Quarterly,0,0
2025-01-07 20:00:00,9.37,15.49,15.6,4.81,37.9,7.92,0.39,9.15,2025,Bhatagaon,Quarterly,0,0
2025-01-07 20:15:00,8.87,15.57,15.25,4.43,37.9,7.92,0.37,9.17,2025,Bhatagaon,Quarterly,0,0
2025-01-07 20:30:00,8.18,15.18,14.49,4.7,37.9,7.92,0.38,9.17,2025,Bhatagaon,Quarterly,0,0
2025-01-07 20:45:00,7.97,15.31,14.39,4.71,35.82,6.3,0.37,9.18,2025,Bhatagaon,Quarterly,0,0
2025-01-07 21:00:00,8.53,16.16,15.28,4.48,35.19,5.78,0.38,9.17,2025,Bhatagaon,Quarterly,0,0
2025-01-07 21:15:00,9.04,15.71,15.45,4.73,35.19,5.78,0.38,9.17,2025,Bhatagaon,Quarterly,0,0
2025-01-07 21:30:00,8.43,14.36,14.26,4.72,35.19,5.78,0.37,9.16,2025,Bhatagaon,Quarterly,0,0
2025-01-07 21:45:00,10.73,13.41,15.26,4.8,33.5,5.62,0.37,9.16,2025,Bhatagaon,Quarterly,0,0
2025-01-07 22:00:00,9.16,13.47,14.38,5.07,32.96,5.57,0.37,9.16,2025,Bhatagaon,Quarterly,0,0
2025-01-07 22:15:00,9.33,13.06,14.3,4.78,32.96,5.57,0.36,9.16,2025,Bhatagaon,Quarterly,0,0
2025-01-07 22:30:00,9.2,12.87,14.1,4.69,32.96,5.57,0.35,9.15,2025,Bhatagaon,Quarterly,0,0
2025-01-07 22:45:00,8.95,12.99,13.97,4.75,36.8,6.4,0.34,9.15,2025,Bhatagaon,Quarterly,0,0
2025-01-07 23:00:00,8.82,12.9,13.81,4.76,37.97,6.66,0.32,9.13,2025,Bhatagaon,Quarterly,0,0
2025-01-07 23:15:00,8.6,12.7,13.53,4.59,37.97,6.66,0.31,9.13,2025,Bhatagaon,Quarterly,0,0
2025-01-07 23:30:00,8.31,12.7,13.3,4.65,37.97,6.66,0.28,9.12,2025,Bhatagaon,Quarterly,0,0
2025-01-07 23:45:00,8.23,12.29,13.02,4.46,29.25,5.4,0.3,9.11,2025,Bhatagaon,Quarterly,0,0
2025-01-08 00:15:00,7.93,10.43,11.81,4.7,46.81,14.54,0.35,9.14,2025,Bhatagaon,Quarterly,0,0
2025-01-08 00:30:00,8.9,10.06,12.39,4.65,41.11,11.55,0.48,9.14,2025,Bhatagaon,Quarterly,0,0
2025-01-08 00:45:00,8.15,10.49,12.02,4.47,41.11,11.55,0.43,9.14,2025,Bhatagaon,Quarterly,0,0
2025-01-08 01:00:00,9.21,10.07,12.65,4.68,41.11,11.55,0.41,9.15,2025,Bhatagaon,Quarterly,0,0
2025-01-08 01:15:00,9.24,9.63,12.44,4.46,38.76,11.84,0.34,9.14,2025,Bhatagaon,Quarterly,0,0
2025-01-08 01:30:00,7.11,9.28,10.55,4.6,31.01,12.8,0.29,9.14,2025,Bhatagaon,Quarterly,0,0
2025-01-08 01:45:00,6.85,9.89,10.66,4.76,31.01,12.8,0.29,9.15,2025,Bhatagaon,Quarterly,0,0
2025-01-08 02:00:00,6.75,9.86,10.57,4.56,31.01,12.8,0.25,9.16,2025,Bhatagaon,Quarterly,0,0
2025-01-08 02:15:00,8.01,9.54,11.4,4.56,28.6,11.53,0.37,9.17,2025,Bhatagaon,Quarterly,0,0
2025-01-08 02:30:00,8.01,9.08,11.17,4.38,20.69,7.37,0.28,9.16,2025,Bhatagaon,Quarterly,0,0
2025-01-08 02:45:00,6.93,8.79,10.15,4.65,20.69,7.37,0.23,9.16,2025,Bhatagaon,Quarterly,0,0
2025-01-08 03:00:00,6.78,8.74,10.0,4.82,20.69,7.37,0.23,9.17,2025,Bhatagaon,Quarterly,0,0
2025-01-08 03:15:00,8.26,8.82,11.24,4.96,20.33,6.71,0.32,9.16,2025,Bhatagaon,Quarterly,0,0
2025-01-08 03:30:00,8.87,9.46,12.06,4.88,19.16,4.55,0.3,9.15,2025,Bhatagaon,Quarterly,0,0
2025-01-08 03:45:00,8.82,9.11,11.84,4.54,19.16,4.55,0.27,9.14,2025,Bhatagaon,Quarterly,0,0
2025-01-08 04:00:00,8.28,8.62,11.14,4.58,19.16,4.55,0.33,9.13,2025,Bhatagaon,Quarterly,0,0
2025-01-08 04:15:00,7.58,10.06,11.33,4.66,18.69,5.61,0.19,9.13,2025,Bhatagaon,Quarterly,0,0
2025-01-08 04:30:00,6.77,11.49,11.43,4.51,17.14,9.08,0.23,9.14,2025,Bhatagaon,Quarterly,0,0
2025-01-08 04:45:00,7.01,11.42,11.59,4.76,17.14,9.08,0.23,9.12,2025,Bhatagaon,Quarterly,0,0
2025-01-08 05:00:00,9.23,11.66,13.5,4.43,17.14,9.08,0.28,9.11,2025,Bhatagaon,Quarterly,0,0
2025-01-08 05:15:00,9.2,11.8,13.54,4.51,15.87,8.34,0.3,9.13,2025,Bhatagaon,Quarterly,0,0
2025-01-08 05:30:00,9.94,11.29,13.87,4.86,11.7,5.9,0.28,9.13,2025,Bhatagaon,Quarterly,0,0
2025-01-08 05:45:00,11.41,10.47,14.62,4.51,11.7,5.9,0.34,9.13,2025,Bhatagaon,Quarterly,0,0
2025-01-08 06:00:00,11.66,10.54,14.85,4.57,11.7,5.9,0.33,9.14,2025,Bhatagaon,Quarterly,0,0
2025-01-08 06:15:00,11.74,10.55,14.93,4.33,12.71,6.27,0.34,9.13,2025,Bhatagaon,Quarterly,0,0
2025-01-08 06:30:00,12.33,10.98,15.62,4.7,16.05,7.47,0.34,9.11,2025,Bhatagaon,Quarterly,0,0
2025-01-08 06:45:00,12.76,12.02,16.52,4.72,16.05,7.47,0.35,9.11,2025,Bhatagaon,Quarterly,0,0
2025-01-08 07:00:00,13.0,13.01,17.22,4.52,16.05,7.47,0.34,9.11,2025,Bhatagaon,Quarterly,0,0
2025-01-08 07:15:00,15.27,13.36,19.23,4.37,16.21,7.83,0.34,9.12,2025,Bhatagaon,Quarterly,0,0
2025-01-08 07:30:00,13.23,11.28,16.5,4.56,16.75,9.0,0.32,9.14,2025,Bhatagaon,Quarterly,0,0
2025-01-08 07:45:00,14.99,13.06,18.85,4.36,16.75,9.0,0.34,9.16,2025,Bhatagaon,Quarterly,0,0
2025-01-08 08:00:00,17.17,13.6,20.87,4.0,16.75,9.0,0.39,9.18,2025,Bhatagaon,Quarterly,0,0
2025-01-08 08:15:00,16.36,12.73,19.77,3.53,18.53,8.41,0.4,9.2,2025,Bhatagaon,Quarterly,0,0
2025-01-08 08:30:00,15.69,11.72,18.71,3.45,24.39,6.48,0.38,9.22,2025,Bhatagaon,Quarterly,0,0
2025-01-08 08:45:00,16.93,13.29,20.52,3.53,24.39,6.48,0.43,9.24,2025,Bhatagaon,Quarterly,0,0
2025-01-08 09:00:00,18.42,15.53,22.89,3.81,24.39,6.48,0.41,9.25,2025,Bhatagaon,Quarterly,0,0
2025-01-08 09:15:00,17.02,11.88,19.86,3.67,26.12,6.46,0.36,9.26,2025,Bhatagaon,Quarterly,0,0
2025-01-08 09:30:00,23.25,14.9,26.43,3.97,31.78,6.39,0.48,9.28,2025,Bhatagaon,Quarterly,0,0
2025-01-08 09:45:00,30.55,16.8,33.28,4.02,31.78,6.39,0.67,9.31,2025,Bhatagaon,Quarterly,0,0
2025-01-08 10:00:00,24.45,18.26,29.15,3.77,31.78,6.39,0.73,9.35,2025,Bhatagaon,Quarterly,0,0
2025-01-08 10:15:00,20.4,17.42,25.34,4.02,31.84,6.97,0.59,9.39,2025,Bhatagaon,Quarterly,0,0
2025-01-08 10:30:00,20.32,18.72,26.08,3.95,32.04,8.88,0.59,9.42,2025,Bhatagaon,Quarterly,0,0
2025-01-08 10:45:00,20.89,16.02,25.09,3.97,32.04,8.88,0.51,9.44,2025,Bhatagaon,Quarterly,0,0
2025-01-08 11:00:00,20.61,13.56,23.61,4.12,30.74,8.71,0.48,9.44,2025,Bhatagaon,Quarterly,0,0
2025-01-08 11:15:00,20.05,12.37,22.54,4.07,31.670624999999998,8.587142857142858,0.48,9.42,2025,Bhatagaon,Quarterly,1,20
2025-01-08 11:30:00,20.56,10.72,22.09,3.99,32.60125,8.464285714285715,0.46,9.41,2025,Bhatagaon,Quarterly,1,20
2025-01-08 11:45:00,21.14,13.87,24.2,4.0,33.531875,8.341428571428573,0.48,9.41,2025,Bhatagaon,Quarterly,1,20
2025-01-08 12:00:00,18.19,12.02,20.87,3.87,,,0.44,9.41,2025,Bhatagaon,Quarterly,1,20
2025-01-08 12:15:00,18.42,15.31,22.77,3.87,,,0.49,9.4,2025,Bhatagaon,Quarterly,1,20
2025-01-08 12:30:00,17.6,11.5,20.12,3.96,,,0.46,9.38,2025,Bhatagaon,Quarterly,1,20
2025-01-08 12:45:00,16.54,12.31,19.7,3.75,,,0.41,9.32,2025,Bhatagaon,Quarterly,1,20
2025-01-08 13:00:00,35.26,29.04,43.45,4.1,,,0.3,9.21,2025,Bhatagaon,Quarterly,1,20
2025-01-08 13:15:00,149.0,58.28,149.94,3.96,,,0.42,9.01,2025,Bhatagaon,Quarterly,1,20
2025-01-08 13:30:00,289.11,77.28,272.23,4.38,,,0.5,8.76,2025,Bhatagaon,Quarterly,1,20
2025-01-08 13:45:00,396.89,78.87,427.09,6.39,,,0.29,8.87,2025,Bhatagaon,Quarterly,1,20
2025-01-08 14:00:00,413.91,52.47,464.75,5.02,,,0.25,9.35,2025,Bhatagaon,Quarterly,1,20
2025-01-08 14:15:00,109.36,22.64,115.57,4.12,,,0.3,10.33,2025,Bhatagaon,Quarterly,1,20
2025-01-08 14:30:00,38.09,23.67,42.89,4.2,,,0.31,11.38,2025,Bhatagaon,Quarterly,1,20
2025-01-08 14:45:00,44.17,25.53,48.76,5.66,,,0.3,10.48,2025,Bhatagaon,Quarterly,1,20
2025-01-08 15:00:00,33.97,18.51,36.91,5.74,45.63,,0.32,9.98,2025,Bhatagaon,Quarterly,1,20
2025-01-08 15:15:00,33.98,18.01,36.65,6.32,73.39,,0.33,9.77,2025,Bhatagaon,Quarterly,1,20
2025-01-08 15:30:00,30.51,17.58,33.65,6.15,73.39,,0.35,9.65,2025,Bhatagaon,Quarterly,1,20
2025-01-08 15:45:00,20.96,17.58,25.99,6.62,73.39,,0.36,9.65,2025,Bhatagaon,Quarterly,1,20
2025-01-08 16:00:00,19.85,18.59,25.63,6.67,69.92,,0.35,9.63,2025,Bhatagaon,Quarterly,1,20
2025-01-08 16:15:00,15.24,20.06,22.7,7.25,67.71,6.13,0.37,9.59,2025,Bhatagaon,Quarterly,0,0
2025-01-08 16:30:00,10.71,20.57,19.34,8.34,67.71,34.0,0.38,9.57,2025,Bhatagaon,Quarterly,0,0
2025-01-08 16:45:00,7.58,21.43,17.28,8.43,67.71,34.0,0.48,9.53,2025,Bhatagaon,Quarterly,0,0
2025-01-08 17:00:00,6.43,25.46,18.46,8.4,65.36,34.0,0.51,9.41,2025,Bhatagaon,Quarterly,0,0
2025-01-08 17:15:00,5.93,23.13,16.84,8.02,63.79,33.92,0.47,9.32,2025,Bhatagaon,Quarterly,0,0
2025-01-08 17:30:00,5.48,21.04,15.39,7.53,63.79,33.45,0.49,9.26,2025,Bhatagaon,Quarterly,0,0
2025-01-08 17:45:00,5.9,19.86,15.11,5.72,63.79,33.45,0.54,9.27,2025,Bhatagaon,Quarterly,0,0
2025-01-08 18:00:00,8.09,19.62,16.74,5.6,72.02,33.45,0.64,9.29,2025,Bhatagaon,Quarterly,0,0
2025-01-08 18:15:00,7.04,14.81,13.38,5.77,77.52,32.79,0.52,9.27,2025,Bhatagaon,Quarterly,0,0
2025-01-08 18:30:00,17.55,16.53,22.7,5.01,77.52,28.86,0.77,9.27,2025,Bhatagaon,Quarterly,0,0
2025-01-08 18:45:00,18.61,15.91,23.24,5.1,77.52,28.86,0.87,9.28,2025,Bhatagaon,Quarterly,0,0
2025-01-08 19:00:00,16.57,16.67,21.99,4.8,73.86,28.86,0.78,9.32,2025,Bhatagaon,Quarterly,0,0
2025-01-08 19:15:00,22.15,17.98,27.16,4.55,71.43,28.3,0.83,9.34,2025,Bhatagaon,Quarterly,0,0
2025-01-08 19:30:00,21.95,16.83,26.39,4.54,71.43,25.04,0.93,9.38,2025,Bhatagaon,Quarterly,0,0
2025-01-08 19:45:00,16.2,14.3,20.47,4.72,71.43,25.04,0.76,9.42,2025,Bhatagaon,Quarterly,0,0
2025-01-08 20:00:00,18.82,13.33,22.06,4.69,75.33,25.04,0.82,9.45,2025,Bhatagaon,Quarterly,0,0
2025-01-08 20:15:00,28.95,18.83,33.04,4.73,77.93,25.75,1.25,9.47,2025,Bhatagaon,Quarterly,0,0
2025-01-08 20:30:00,29.68,15.94,32.13,4.6,77.93,29.95,1.2,9.51,2025,Bhatagaon,Quarterly,0,0
2025-01-08 20:45:00,21.77,15.15,25.37,4.73,77.93,29.95,0.98,9.53,2025,Bhatagaon,Quarterly,0,0
2025-01-08 21:00:00,21.72,19.49,27.59,4.57,81.66,29.95,1.08,9.58,2025,Bhatagaon,Quarterly,0,0
2025-01-08 21:15:00,30.22,19.45,34.4,4.55,84.14,29.15,1.07,9.59,2025,Bhatagaon,Quarterly,0,0
2025-01-08 21:30:00,21.81,16.87,26.31,4.35,84.14,24.42,0.78,9.6,2025,Bhatagaon,Quarterly,0,0
2025-01-08 21:45:00,19.07,8.27,19.61,4.24,84.14,24.42,0.77,9.59,2025,Bhatagaon,Quarterly,0,0
2025-01-08 22:00:00,17.27,7.03,17.52,4.41,81.91,24.42,0.69,9.63,2025,Bhatagaon,Quarterly,0,0
2025-01-08 22:15:00,17.21,6.5,17.19,4.59,80.42,25.02,0.69,9.61,2025,Bhatagaon,Quarterly,0,0
2025-01-08 22:30:00,15.45,7.42,16.27,4.3,80.42,28.53,0.64,9.58,2025,Bhatagaon,Quarterly,0,0
2025-01-08 22:45:00,14.52,8.26,15.96,4.23,80.42,28.53,0.61,9.53,2025,Bhatagaon,Quarterly,0,0
2025-01-08 23:00:00,13.31,10.14,15.97,4.19,68.91,28.53,0.54,9.49,2025,Bhatagaon,Quarterly,0,0
2025-01-08 23:15:00,11.9,12.26,15.94,4.41,61.23,27.1,0.47,9.45,2025,Bhatagaon,Quarterly,0,0
2025-01-08 23:30:00,12.65,9.22,14.96,4.3,61.23,18.68,0.52,9.43,2025,Bhatagaon,Quarterly,0,0
2025-01-08 23:45:00,12.33,8.9,14.53,4.17,61.23,18.68,0.51,9.41,2025,Bhatagaon,Quarterly,0,0
2025-01-09 00:15:00,6.02,6.45,8.19,4.39,20.68,4.96,0.34,9.55,2025,Bhatagaon,Quarterly,0,0
2025-01-09 00:30:00,6.63,6.07,8.49,4.63,17.06,4.52,0.33,9.52,2025,Bhatagaon,Quarterly,0,0
2025-01-09 00:45:00,6.47,6.2,8.43,4.85,17.06,4.52,0.32,9.5,2025,Bhatagaon,Quarterly,0,0
2025-01-09 01:00:00,6.16,6.2,8.18,4.85,17.06,4.52,0.27,9.49,2025,Bhatagaon,Quarterly,0,0
2025-01-09 01:15:00,5.77,6.14,7.83,4.45,16.76,4.14,0.36,9.48,2025,Bhatagaon,Quarterly,0,0
2025-01-09 01:30:00,5.57,6.18,7.7,4.57,16.38,3.16,0.3,9.47,2025,Bhatagaon,Quarterly,0,0
2025-01-09 01:45:00,5.33,6.11,7.47,4.55,16.38,3.16,0.34,9.45,2025,Bhatagaon,Quarterly,0,0
2025-01-09 02:00:00,5.04,6.09,7.23,4.3,16.38,3.16,0.23,9.45,2025,Bhatagaon,Quarterly,0,0
2025-01-09 02:15:00,4.93,6.11,7.15,4.24,14.34,2.94,0.28,9.46,2025,Bhatagaon,Quarterly,0,0
2025-01-09 02:30:00,4.83,6.2,7.11,4.61,11.78,2.21,0.22,9.45,2025,Bhatagaon,Quarterly,0,0
2025-01-09 02:45:00,4.34,6.29,6.77,4.19,11.78,2.21,0.21,9.46,2025,Bhatagaon,Quarterly,0,0
2025-01-09 03:00:00,5.32,6.38,7.6,4.52,11.78,2.21,0.27,9.46,2025,Bhatagaon,Quarterly,0,0
2025-01-09 03:15:00,5.29,6.26,7.52,4.68,10.99,2.1,0.24,9.49,2025,Bhatagaon,Quarterly,0,0
2025-01-09 03:30:00,5.17,6.05,7.31,4.73,9.99,1.74,0.25,9.5,2025,Bhatagaon,Quarterly,0,0
2025-01-09 03:45:00,5.05,5.98,7.17,4.59,9.99,1.74,0.23,9.49,2025,Bhatagaon,Quarterly,0,0
2025-01-09 04:00:00,4.91,6.13,7.14,4.49,9.99,1.74,0.21,9.49,2025,Bhatagaon,Quarterly,0,0
2025-01-09 04:15:00,4.86,6.32,7.2,4.63,10.05,1.67,0.2,9.49,2025,Bhatagaon,Quarterly,0,0
2025-01-09 04:30:00,5.22,7.14,7.92,4.83,10.13,1.62,0.23,9.49,2025,Bhatagaon,Quarterly,0,0
2025-01-09 04:45:00,6.01,6.32,8.12,4.93,10.13,1.62,0.29,9.49,2025,Bhatagaon,Quarterly,0,0
2025-01-09 05:00:00,5.97,5.99,7.92,4.86,10.13,1.62,0.24,9.48,2025,Bhatagaon,Quarterly,0,0
2025-01-09 05:15:00,5.68,6.06,7.73,4.58,9.75,1.56,0.22,9.48,2025,Bhatagaon,Quarterly,0,0
2025-01-09 05:30:00,5.6,6.32,7.8,4.14,9.27,1.37,0.22,9.47,2025,Bhatagaon,Quarterly,0,0
2025-01-09 05:45:00,5.79,6.4,7.99,4.53,9.27,1.37,0.24,9.47,2025,Bhatagaon,Quarterly,0,0
2025-01-09 06:00:00,6.28,6.34,8.35,4.47,9.27,1.37,0.25,9.46,2025,Bhatagaon,Quarterly,0,0
2025-01-09 06:15:00,6.22,7.27,8.78,4.38,8.82,1.39,0.25,9.47,2025,Bhatagaon,Quarterly,0,0
2025-01-09 06:30:00,6.69,7.0,9.02,4.41,8.25,1.44,0.25,9.47,2025,Bhatagaon,Quarterly,0,0
2025-01-09 06:45:00,6.46,6.52,8.59,4.32,8.25,1.44,0.25,9.47,2025,Bhatagaon,Quarterly,0,0
2025-01-09 07:00:00,6.58,6.42,8.63,4.52,8.25,1.44,0.26,9.46,2025,Bhatagaon,Quarterly,0,0
2025-01-09 07:15:00,7.85,8.29,10.62,4.28,10.3,1.41,0.26,9.47,2025,Bhatagaon,Quarterly,0,0
2025-01-09 07:30:00,7.61,7.51,10.03,4.15,12.87,1.33,0.27,9.49,2025,Bhatagaon,Quarterly,0,0
2025-01-09 07:45:00,7.97,8.88,11.03,4.41,12.87,1.33,0.29,9.52,2025,Bhatagaon,Quarterly,0,0
2025-01-09 08:00:00,8.83,9.11,11.85,3.83,12.87,1.33,0.29,9.52,2025,Bhatagaon,Quarterly,0,0
2025-01-09 08:15:00,8.28,9.2,11.45,3.6,16.78,1.31,0.33,9.53,2025,Bhatagaon,Quarterly,0,0
2025-01-09 08:30:00,8.94,8.65,11.69,3.61,21.68,1.3,0.36,9.54,2025,Bhatagaon,Quarterly,0,0
2025-01-09 08:45:00,8.63,8.99,11.62,3.63,21.68,1.3,0.42,9.56,2025,Bhatagaon,Quarterly,0,0
2025-01-09 09:00:00,9.49,7.24,11.39,3.86,21.68,1.3,0.38,9.57,2025,Bhatagaon,Quarterly,0,0
2025-01-09 09:15:00,9.18,7.32,11.18,3.77,29.55,1.26,0.38,9.57,2025,Bhatagaon,Quarterly,0,0
2025-01-09 09:30:00,9.92,7.43,11.83,3.89,39.38,1.15,0.39,9.59,2025,Bhatagaon,Quarterly,0,0
2025-01-09 09:45:00,10.08,7.3,11.9,3.36,39.38,1.15,0.4,9.58,2025,Bhatagaon,Quarterly,0,0
2025-01-09 10:00:00,10.3,8.8,12.83,3.58,39.38,1.15,0.42,9.58,2025,Bhatagaon,Quarterly,0,0
2025-01-09 10:15:00,10.79,9.22,13.47,3.52,41.65,1.36,0.43,9.6,2025,Bhatagaon,Quarterly,0,0
2025-01-09 10:30:00,11.62,9.34,14.2,3.79,44.48,1.99,0.47,9.61,2025,Bhatagaon,Quarterly,0,0
2025-01-09 10:45:00,11.55,7.77,13.32,3.71,44.48,1.99,0.45,9.62,2025,Bhatagaon,Quarterly,0,0
2025-01-09 11:00:00,12.73,10.1,15.48,3.71,44.48,1.99,0.49,9.63,2025,Bhatagaon,Quarterly,0,0
2025-01-09 11:15:00,11.64,8.17,13.6,3.8,43.83,1.96,0.47,9.62,2025,Bhatagaon,Quarterly,0,0
2025-01-09 11:30:00,11.38,7.46,13.02,3.39,43.01,1.85,0.46,9.62,2025,Bhatagaon,Quarterly,0,0
2025-01-09 11:45:00,11.36,10.49,14.59,3.76,43.01,1.85,0.5,9.61,2025,Bhatagaon,Quarterly,0,0
2025-01-09 12:00:00,10.94,8.61,13.27,3.62,43.01,1.85,0.46,9.62,2025,Bhatagaon,Quarterly,0,0
2025-01-09 12:15:00,10.3,8.04,12.46,4.06,43.78,2.6,0.46,9.62,2025,Bhatagaon,Quarterly,0,0
2025-01-09 12:30:00,10.28,9.01,12.95,3.81,3.52,0.08,0.49,9.61,2025,Bhatagaon,Quarterly,0,0
2025-01-09 12:45:00,9.35,10.23,12.84,3.62,17.9175,1.0987500000000001,0.5,9.58,2025,Bhatagaon,Quarterly,1,15
2025-01-09 13:00:00,9.02,11.38,13.18,3.64,32.315,2.1175,0.51,9.57,2025,Bhatagaon,Quarterly,1,15
2025-01-09 13:15:00,9.94,13.16,14.84,3.77,46.712500000000006,3.13625,0.48,9.55,2025,Bhatagaon,Quarterly,1,15
2025-01-09 13:30:00,8.1,16.44,15.08,3.87,,,0.51,9.53,2025,Bhatagaon,Quarterly,1,15
2025-01-09 13:45:00,13.47,16.93,19.65,3.62,,,0.66,9.54,2025,Bhatagaon,Quarterly,1,15
2025-01-09 14:00:00,10.01,17.47,17.16,3.8,,,0.54,9.55,2025,Bhatagaon,Quarterly,1,15
2025-01-09 14:15:00,10.21,16.87,17.0,3.6,,,0.62,9.55,2025,Bhatagaon,Quarterly,1,15
2025-01-09 14:30:00,6.35,13.78,11.59,3.7,118.7,,0.4,9.54,2025,Bhatagaon,Quarterly,1,15
2025-01-09 14:45:00,5.77,13.57,11.71,3.76,118.7,,0.42,9.55,2025,Bhatagaon,Quarterly,1,15
2025-01-09 15:00:00,6.94,13.37,12.55,3.59,118.7,,0.44,9.56,2025,Bhatagaon,Quarterly,1,15
2025-01-09 15:15:00,6.92,11.2,11.4,3.65,118.7,,0.45,9.55,2025,Bhatagaon,Quarterly,1,15
2025-01-09 15:30:00,6.53,11.52,11.26,3.47,89.4,,0.43,9.55,2025,Bhatagaon,Quarterly,1,15
2025-01-09 15:45:00,6.17,11.17,10.78,3.59,82.58,,0.4,9.56,2025,Bhatagaon,Quarterly,1,15
2025-01-09 16:00:00,6.15,15.48,13.01,3.3,82.58,,0.37,9.58,2025,Bhatagaon,Quarterly,1,15
2025-01-09 16:15:00,16.47,17.7,22.46,3.66,82.58,,0.66,9.59,2025,Bhatagaon,Quarterly,1,15
2025-01-09 16:30:00,7.98,12.76,13.07,3.49,58.52,16.38,0.52,9.59,2025,Bhatagaon,Quarterly,0,0
2025-01-09 16:45:00,5.73,14.13,11.98,3.5,52.92,20.2,0.39,9.59,2025,Bhatagaon,Quarterly,0,0
2025-01-09 17:00:00,5.26,12.86,10.94,3.7,52.92,20.2,0.36,9.61,2025,Bhatagaon,Quarterly,0,0
2025-01-09 17:15:00,6.05,14.75,12.56,3.91,52.92,20.2,0.39,9.62,2025,Bhatagaon,Quarterly,0,0
2025-01-09 17:30:00,6.72,15.44,13.46,3.33,33.76,37.0,0.44,9.61,2025,Bhatagaon,Quarterly,0,0
2025-01-09 17:45:00,9.24,12.13,13.74,3.65,29.3,40.91,0.55,9.61,2025,Bhatagaon,Quarterly,0,0
2025-01-09 18:00:00,19.72,14.66,23.45,3.65,29.3,40.91,0.98,9.6,2025,Bhatagaon,Quarterly,0,0
2025-01-09 18:15:00,7.1,14.8,13.42,4.06,29.3,40.91,0.61,9.61,2025,Bhatagaon,Quarterly,0,0
2025-01-09 18:30:00,8.06,16.52,15.09,3.51,24.09,26.64,0.6,9.63,2025,Bhatagaon,Quarterly,0,0
2025-01-09 18:45:00,9.87,17.76,17.2,3.66,22.79,23.32,0.79,9.62,2025,Bhatagaon,Quarterly,0,0
2025-01-09 19:00:00,12.54,15.78,18.3,3.58,22.79,23.32,0.88,9.62,2025,Bhatagaon,Quarterly,0,0
2025-01-09 19:15:00,16.24,10.17,18.34,3.5,22.79,23.32,0.65,9.62,2025,Bhatagaon,Quarterly,0,0
2025-01-09 19:30:00,7.7,13.6,13.28,3.76,22.21,15.56,0.57,9.62,2025,Bhatagaon,Quarterly,0,0
2025-01-09 19:45:00,16.84,8.52,17.8,4.02,22.08,13.76,0.65,9.62,2025,Bhatagaon,Quarterly,0,0
2025-01-09 20:00:00,16.12,12.51,19.47,3.66,22.08,13.76,0.9,9.62,2025,Bhatagaon,Quarterly,0,0
2025-01-09 20:15:00,9.37,15.33,15.52,3.77,22.08,13.76,0.71,9.63,2025,Bhatagaon,Quarterly,0,0
2025-01-09 20:30:00,7.85,13.89,13.55,3.98,26.45,9.41,0.47,9.64,2025,Bhatagaon,Quarterly,0,0
2025-01-09 20:45:00,12.05,15.94,17.99,3.47,27.46,8.39,0.55,9.62,2025,Bhatagaon,Quarterly,0,0
2025-01-09 21:00:00,10.65,16.24,17.03,3.71,27.46,8.39,0.54,9.63,2025,Bhatagaon,Quarterly,0,0
2025-01-09 21:15:00,14.09,15.25,19.27,3.96,27.46,8.39,0.6,9.64,2025,Bhatagaon,Quarterly,0,0
2025-01-09 21:30:00,8.98,15.56,15.33,3.79,27.1,8.24,0.54,9.64,2025,Bhatagaon,Quarterly,1,10
2025-01-09 21:45:00,14.31,13.68,18.62,3.69,27.01,8.09,0.79,9.64,2025,Bhatagaon,Quarterly,1,10
2025-01-09 22:00:00,12.21,14.38,17.3,3.72,27.01,7.94,0.67,9.64,2025,Bhatagaon,Quarterly,1,10
2025-01-09 22:15:00,18.52,9.51,19.83,3.61,27.01,,0.7,9.63,2025,Bhatagaon,Quarterly,1,10
2025-01-09 22:30:00,9.81,15.62,16.03,3.79,30.37,,0.52,9.62,2025,Bhatagaon,Quarterly,1,10
2025-01-09 22:45:00,16.34,8.91,17.76,3.65,31.15,,0.68,9.64,2025,Bhatagaon,Quarterly,1,10
2025-01-09 23:00:00,14.42,12.33,18.01,3.61,31.15,,0.6,9.65,2025,Bhatagaon,Quarterly,1,10
2025-01-09 23:15:00,10.86,9.76,13.81,3.21,31.15,,0.53,9.64,2025,Bhatagaon,Quarterly,1,10
2025-01-09 23:30:00,10.29,7.9,12.38,3.46,29.67,,0.46,9.64,2025,Bhatagaon,Quarterly,1,10
2025-01-09 23:45:00,8.5,10.1,12.09,2.98,29.33,,0.33,9.65,2025,Bhatagaon,Quarterly,1,10
2025-01-10 00:15:00,10.17,8.53,12.61,4.19,59.86,6.59,0.71,9.24,2025,Bhatagaon,Quarterly,0,0
2025-01-10 00:30:00,7.78,12.25,12.64,4.02,58.92,6.59,0.63,9.23,2025,Bhatagaon,Quarterly,0,0
2025-01-10 00:45:00,10.1,10.3,13.48,4.01,58.92,6.59,0.66,9.2,2025,Bhatagaon,Quarterly,0,0
2025-01-10 01:00:00,8.27,10.33,12.02,4.03,58.92,6.59,0.7,9.19,2025,Bhatagaon,Quarterly,0,0
2025-01-10 01:15:00,6.72,9.68,10.45,3.85,42.26,7.74,0.36,9.18,2025,Bhatagaon,Quarterly,0,0
2025-01-10 01:30:00,5.94,8.69,9.3,3.66,41.07,7.74,0.31,9.18,2025,Bhatagaon,Quarterly,0,0
2025-01-10 01:45:00,7.81,7.22,10.03,3.9,41.07,7.74,0.46,9.17,2025,Bhatagaon,Quarterly,0,0
2025-01-10 02:00:00,6.12,7.62,8.9,3.95,41.07,7.74,0.23,9.16,2025,Bhatagaon,Quarterly,0,0
2025-01-10 02:15:00,7.1,6.8,9.24,3.93,26.59,7.38,0.44,9.15,2025,Bhatagaon,Quarterly,0,0
2025-01-10 02:30:00,7.13,7.21,9.49,4.07,25.56,7.38,0.27,9.14,2025,Bhatagaon,Quarterly,0,0
2025-01-10 02:45:00,6.67,7.62,9.33,4.4,25.56,7.38,0.22,9.18,2025,Bhatagaon,Quarterly,0,0
2025-01-10 03:00:00,6.66,7.59,9.31,3.92,25.56,7.38,0.25,9.2,2025,Bhatagaon,Quarterly,0,0
2025-01-10 03:15:00,6.74,7.55,9.35,3.81,19.51,8.82,0.3,9.19,2025,Bhatagaon,Quarterly,0,0
2025-01-10 03:30:00,6.66,6.64,8.81,3.83,19.07,8.82,0.25,9.19,2025,Bhatagaon,Quarterly,0,0
2025-01-10 03:45:00,6.3,6.51,8.46,4.05,19.07,8.82,0.25,9.18,2025,Bhatagaon,Quarterly,0,0
2025-01-10 04:00:00,6.32,6.59,8.51,4.01,19.07,8.82,0.23,9.18,2025,Bhatagaon,Quarterly,0,0
2025-01-10 04:15:00,6.25,6.55,8.44,3.9,14.45,7.33,0.22,9.16,2025,Bhatagaon,Quarterly,0,0
2025-01-10 04:30:00,6.72,6.96,9.03,4.19,14.12,7.33,0.32,9.14,2025,Bhatagaon,Quarterly,0,0
2025-01-10 04:45:00,7.0,7.59,9.58,4.44,14.12,7.33,0.21,9.11,2025,Bhatagaon,Quarterly,0,0
2025-01-10 05:00:00,7.35,9.2,10.7,4.05,14.12,7.33,0.23,9.11,2025,Bhatagaon,Quarterly,0,0
2025-01-10 05:15:00,8.27,11.04,12.4,4.07,14.89,6.29,0.19,9.1,2025,Bhatagaon,Quarterly,0,0
2025-01-10 05:30:00,8.79,8.34,11.41,4.08,14.94,6.29,0.35,9.1,2025,Bhatagaon,Quarterly,0,0
2025-01-10 05:45:00,8.62,8.26,11.23,4.04,14.94,6.29,0.27,9.09,2025,Bhatagaon,Quarterly,0,0
2025-01-10 06:00:00,9.21,8.92,12.04,3.5,14.94,6.29,0.36,9.09,2025,Bhatagaon,Quarterly,0,0
2025-01-10 06:15:00,9.19,8.18,11.65,3.76,22.13,6.2,0.3,9.09,2025,Bhatagaon,Quarterly,0,0
2025-01-10 06:30:00,9.59,9.88,12.85,3.68,22.64,6.2,0.35,9.09,2025,Bhatagaon,Quarterly,0,0
2025-01-10 06:45:00,13.14,7.9,14.65,3.83,22.64,6.2,0.4,9.09,2025,Bhatagaon,Quarterly,0,0
2025-01-10 07:00:00,13.41,7.39,14.61,3.88,22.64,6.2,0.38,9.12,2025,Bhatagaon,Quarterly,0,0
2025-01-10 07:15:00,11.81,6.96,13.11,3.67,17.42,10.19,0.48,9.15,2025,Bhatagaon,Quarterly,0,0
2025-01-10 07:30:00,13.0,8.36,14.79,3.79,17.04,10.19,0.53,9.16,2025,Bhatagaon,Quarterly,0,0
2025-01-10 07:45:00,14.3,7.32,15.29,3.87,17.04,10.19,0.53,9.18,2025,Bhatagaon,Quarterly,0,0
2025-01-10 08:00:00,13.33,8.21,14.98,4.28,17.04,10.19,0.5,9.2,2025,Bhatagaon,Quarterly,0,0
2025-01-10 08:15:00,12.49,7.88,14.13,4.2,26.99,8.29,0.5,9.2,2025,Bhatagaon,Quarterly,0,0
2025-01-10 08:30:00,17.95,10.22,19.73,4.28,27.7,8.29,0.49,9.2,2025,Bhatagaon,Quarterly,0,0
2025-01-10 08:45:00,13.37,10.59,16.26,4.5,27.7,8.29,0.49,9.21,2025,Bhatagaon,Quarterly,0,0
2025-01-10 09:00:00,15.78,13.59,19.75,4.48,27.7,8.29,0.56,9.19,2025,Bhatagaon,Quarterly,0,0
2025-01-10 09:15:00,15.15,15.98,20.5,4.45,39.17,6.96,0.61,9.17,2025,Bhatagaon,Quarterly,0,0
2025-01-10 09:30:00,10.71,14.26,16.04,4.42,39.99,6.96,0.55,9.18,2025,Bhatagaon,Quarterly,0,0
2025-01-10 09:45:00,18.34,19.32,24.8,4.45,39.99,6.96,0.61,9.18,2025,Bhatagaon,Quarterly,0,0
2025-01-10 10:00:00,12.99,11.43,16.39,4.34,39.99,6.96,0.59,9.18,2025,Bhatagaon,Quarterly,0,0
2025-01-10 10:15:00,9.08,21.37,18.44,4.26,49.53,6.03,0.52,9.18,2025,Bhatagaon,Quarterly,0,0
2025-01-10 10:30:00,8.22,21.31,17.73,4.46,50.21,6.03,0.61,9.18,2025,Bhatagaon,Quarterly,0,0
2025-01-10 10:45:00,12.3,16.35,18.4,4.45,50.21,6.03,0.66,9.17,2025,Bhatagaon,Quarterly,0,0
2025-01-10 11:00:00,12.0,17.97,19.01,4.75,50.21,6.03,0.51,9.15,2025,Bhatagaon,Quarterly,0,0
2025-01-10 11:15:00,10.75,13.61,15.73,4.68,48.82,8.61,0.62,9.15,2025,Bhatagaon,Quarterly,0,0
2025-01-10 11:30:00,11.65,18.21,18.86,4.28,48.72,8.61,0.65,9.15,2025,Bhatagaon,Quarterly,0,0
2025-01-10 11:45:00,6.15,15.67,13.12,4.61,48.72,8.61,0.38,9.17,2025,Bhatagaon,Quarterly,0,0
2025-01-10 12:00:00,8.82,24.9,20.08,4.57,48.72,8.61,0.38,9.16,2025,Bhatagaon,Quarterly,0,0
2025-01-10 12:15:00,6.55,19.15,15.26,4.62,54.97,12.58,0.49,9.17,2025,Bhatagaon,Quarterly,0,0
2025-01-10 12:30:00,6.96,14.97,13.4,4.66,55.41,12.58,0.45,9.16,2025,Bhatagaon,Quarterly,0,0
2025-01-10 12:45:00,10.62,11.52,14.53,4.65,55.41,12.58,0.48,9.17,2025,Bhatagaon,Quarterly,0,0
2025-01-10 13:00:00,7.35,10.88,11.58,4.62,55.41,12.58,0.39,9.16,2025,Bhatagaon,Quarterly,0,0
2025-01-10 13:15:00,15.8,16.93,21.51,4.6,48.76,10.42,0.49,9.13,2025,Bhatagaon,Quarterly,0,0
2025-01-10 13:30:00,10.19,20.77,19.03,4.42,48.29,10.42,0.48,9.13,2025,Bhatagaon,Quarterly,0,0
2025-01-10 13:45:00,9.92,25.34,21.2,4.46,48.29,10.42,0.37,9.11,2025,Bhatagaon,Quarterly,0,0
2025-01-10 14:00:00,9.38,15.13,15.43,4.18,48.29,10.42,0.5,9.11,2025,Bhatagaon,Quarterly,0,0
2025-01-10 14:15:00,8.89,11.28,13.03,4.46,42.81,9.86,0.42,9.11,2025,Bhatagaon,Quarterly,0,0
2025-01-10 14:30:00,10.32,8.64,12.79,4.36,42.42,9.86,0.48,9.11,2025,Bhatagaon,Quarterly,0,0
2025-01-10 14:45:00,9.7,8.51,12.22,4.22,42.42,9.86,0.46,9.1,2025,Bhatagaon,Quarterly,0,0
2025-01-10 15:00:00,8.82,9.43,12.0,4.07,42.42,9.86,0.44,9.1,2025,Bhatagaon,Quarterly,0,0
2025-01-10 15:15:00,8.96,9.07,11.93,4.34,37.63,12.64,0.46,9.08,2025,Bhatagaon,Quarterly,0,0
2025-01-10 15:30:00,11.25,16.03,17.39,4.35,37.29,12.64,0.39,9.08,2025,Bhatagaon,Quarterly,0,0
2025-01-10 15:45:00,10.32,14.32,15.76,4.42,37.29,12.64,0.45,9.1,2025,Bhatagaon,Quarterly,0,0
2025-01-10 16:00:00,13.91,11.58,17.2,5.87,37.29,12.64,0.52,9.13,2025,Bhatagaon,Quarterly,0,0
2025-01-10 16:15:00,10.98,9.47,13.75,6.25,35.09,10.0,0.54,9.16,2025,Bhatagaon,Quarterly,0,0
2025-01-10 16:30:00,16.81,8.57,17.96,6.66,34.93,10.0,0.84,9.22,2025,Bhatagaon,Quarterly,0,0
2025-01-10 16:45:00,14.45,6.95,15.22,6.31,34.93,10.0,0.47,9.31,2025,Bhatagaon,Quarterly,0,0
2025-01-10 17:00:00,13.72,8.97,15.69,6.27,34.93,10.0,0.44,9.31,2025,Bhatagaon,Quarterly,0,0
2025-01-10 17:15:00,15.03,15.14,19.96,6.3,33.52,8.16,0.61,9.3,2025,Bhatagaon,Quarterly,0,0
2025-01-10 17:30:00,17.84,14.56,21.91,6.41,33.42,8.16,0.68,9.3,2025,Bhatagaon,Quarterly,0,0
2025-01-10 17:45:00,18.07,8.59,18.98,6.57,33.42,8.16,0.6,9.29,2025,Bhatagaon,Quarterly,0,0
2025-01-10 18:00:00,21.61,24.09,29.91,6.34,33.42,8.16,1.01,9.27,2025,Bhatagaon,Quarterly,0,0
2025-01-10 18:15:00,17.49,24.19,26.66,6.2,47.09,6.87,0.75,9.29,2025,Bhatagaon,Quarterly,0,0
2025-01-10 18:30:00,29.86,14.5,31.52,6.22,48.07,6.87,1.08,9.28,2025,Bhatagaon,Quarterly,0,0
2025-01-10 18:45:00,19.31,21.82,26.88,6.18,48.07,6.87,0.97,9.29,2025,Bhatagaon,Quarterly,0,0
2025-01-10 19:00:00,18.99,23.96,27.75,5.99,48.07,6.87,0.93,9.3,2025,Bhatagaon,Quarterly,0,0
2025-01-10 19:15:00,34.69,17.39,36.91,6.59,46.69,10.15,1.27,9.31,2025,Bhatagaon,Quarterly,0,0
2025-01-10 19:30:00,26.94,16.28,30.07,6.27,46.6,10.15,0.96,9.33,2025,Bhatagaon,Quarterly,0,0
2025-01-10 19:45:00,21.69,7.26,21.19,6.16,46.6,10.15,0.72,9.35,2025,Bhatagaon,Quarterly,0,0
2025-01-10 20:00:00,21.64,12.56,23.91,5.97,46.6,10.15,0.93,9.35,2025,Bhatagaon,Quarterly,0,0
2025-01-10 20:15:00,26.56,10.18,26.62,6.2,61.1,8.95,0.9,9.36,2025,Bhatagaon,Quarterly,0,0
2025-01-10 20:30:00,13.33,11.69,16.8,6.16,62.13,8.95,0.54,9.39,2025,Bhatagaon,Quarterly,0,0
2025-01-10 20:45:00,29.15,10.91,28.85,6.0,62.13,8.95,0.61,9.41,2025,Bhatagaon,Quarterly,0,0
2025-01-10 21:00:00,31.15,11.34,30.89,6.14,62.13,8.95,1.03,9.42,2025,Bhatagaon,Quarterly,0,0
2025-01-10 21:15:00,26.3,7.16,24.68,6.0,53.43,7.42,0.85,9.44,2025,Bhatagaon,Quarterly,0,0
2025-01-10 21:30:00,23.28,8.85,23.27,6.09,52.8,7.42,0.91,9.47,2025,Bhatagaon,Quarterly,0,0
2025-01-10 21:45:00,21.76,6.19,20.68,6.21,52.8,7.42,0.8,9.48,2025,Bhatagaon,Quarterly,0,0
2025-01-10 22:00:00,23.38,6.67,22.23,6.04,52.8,7.42,0.88,9.47,2025,Bhatagaon,Quarterly,0,0
2025-01-10 22:15:00,25.09,7.11,23.65,6.26,54.14,6.35,0.93,9.45,2025,Bhatagaon,Quarterly,0,0
2025-01-10 22:30:00,23.34,17.54,27.88,6.36,54.22,6.35,1.13,9.45,2025,Bhatagaon,Quarterly,0,0
2025-01-10 22:45:00,25.92,5.08,23.39,6.11,54.22,6.35,0.88,9.46,2025,Bhatagaon,Quarterly,0,0
2025-01-10 23:00:00,30.03,14.86,31.58,6.36,54.22,6.35,1.13,9.47,2025,Bhatagaon,Quarterly,0,0
2025-01-10 23:15:00,28.69,9.49,27.9,6.31,61.23,11.97,0.99,9.48,2025,Bhatagaon,Quarterly,0,0
2025-01-10 23:30:00,19.06,13.51,22.34,6.5,61.64,11.97,0.96,9.49,2025,Bhatagaon,Quarterly,0,0
2025-01-10 23:45:00,22.35,19.26,27.99,6.32,61.64,11.97,1.03,9.48,2025,Bhatagaon,Quarterly,0,0
2025-01-11 00:15:00,10.18,5.39,10.98,4.37,35.21,8.04,0.54,9.16,2025,Bhatagaon,Quarterly,0,0
2025-01-11 00:30:00,8.56,5.33,9.65,4.22,32.05,7.94,0.4,9.16,2025,Bhatagaon,Quarterly,0,0
2025-01-11 00:45:00,9.42,4.55,9.93,3.96,30.77,7.93,0.51,9.15,2025,Bhatagaon,Quarterly,0,0
2025-01-11 01:00:00,10.21,4.29,10.43,4.0,30.77,7.93,0.46,9.15,2025,Bhatagaon,Quarterly,0,0
2025-01-11 01:15:00,9.3,5.09,10.11,3.91,30.77,7.93,0.38,9.15,2025,Bhatagaon,Quarterly,0,0
2025-01-11 01:30:00,10.8,3.71,10.61,4.01,26.98,6.62,0.43,9.13,2025,Bhatagaon,Quarterly,0,0
2025-01-11 01:45:00,8.16,5.63,9.48,4.04,25.36,6.53,0.31,9.14,2025,Bhatagaon,Quarterly,0,0
2025-01-11 02:00:00,7.79,5.62,9.18,4.02,25.36,6.53,0.33,9.16,2025,Bhatagaon,Quarterly,0,0
2025-01-11 02:15:00,7.97,5.32,9.17,4.0,25.36,6.53,0.33,9.17,2025,Bhatagaon,Quarterly,0,0
2025-01-11 02:30:00,8.5,5.15,9.51,4.1,24.07,5.39,0.34,9.17,2025,Bhatagaon,Quarterly,0,0
2025-01-11 02:45:00,9.11,4.77,9.79,4.05,23.54,5.32,0.38,9.17,2025,Bhatagaon,Quarterly,0,0
2025-01-11 03:00:00,9.06,4.71,9.73,3.97,23.54,5.32,0.35,9.16,2025,Bhatagaon,Quarterly,0,0
2025-01-11 03:15:00,9.37,4.43,9.83,4.21,23.54,5.32,0.37,9.16,2025,Bhatagaon,Quarterly,0,0
2025-01-11 03:30:00,9.51,4.31,9.88,4.01,18.62,5.74,0.39,9.15,2025,Bhatagaon,Quarterly,0,0
2025-01-11 03:45:00,10.08,3.82,10.08,4.2,16.61,5.78,0.39,9.12,2025,Bhatagaon,Quarterly,0,0
2025-01-11 04:00:00,9.83,3.89,9.91,4.13,16.61,5.78,0.37,9.11,2025,Bhatagaon,Quarterly,0,0
2025-01-11 04:15:00,9.67,3.95,9.81,4.25,16.61,5.78,0.36,9.09,2025,Bhatagaon,Quarterly,0,0
2025-01-11 04:30:00,9.37,4.08,9.64,4.14,13.66,5.05,0.36,9.08,2025,Bhatagaon,Quarterly,0,0
2025-01-11 04:45:00,8.2,5.27,9.33,4.33,12.39,5.0,0.31,9.07,2025,Bhatagaon,Quarterly,0,0
2025-01-11 05:00:00,9.37,4.89,10.07,4.02,12.39,5.0,0.33,9.08,2025,Bhatagaon,Quarterly,0,0
2025-01-11 05:15:00,9.62,4.16,9.89,4.05,12.39,5.0,0.34,9.07,2025,Bhatagaon,Quarterly,0,0
2025-01-11 05:30:00,11.94,5.25,12.31,3.77,15.87,4.53,0.35,9.07,2025,Bhatagaon,Quarterly,0,0
2025-01-11 05:45:00,9.88,5.69,10.9,4.03,17.37,4.5,0.33,9.08,2025,Bhatagaon,Quarterly,0,0
2025-01-11 06:00:00,9.4,4.67,9.98,3.91,17.37,4.5,0.34,9.09,2025,Bhatagaon,Quarterly,0,0
2025-01-11 06:15:00,10.58,5.39,11.3,3.81,17.37,4.5,0.34,9.12,2025,Bhatagaon,Quarterly,0,0
2025-01-11 06:30:00,10.76,5.61,11.57,4.01,16.81,6.46,0.35,9.13,2025,Bhatagaon,Quarterly,0,0
2025-01-11 06:45:00,11.11,5.67,11.87,4.01,16.57,6.59,0.37,9.16,2025,Bhatagaon,Quarterly,0,0
2025-01-11 07:00:00,10.4,5.24,11.07,4.01,16.57,6.59,0.35,9.16,2025,Bhatagaon,Quarterly,0,0
2025-01-11 07:15:00,10.83,5.23,11.42,4.25,16.57,6.59,0.37,9.16,2025,Bhatagaon,Quarterly,0,0
2025-01-11 07:30:00,10.8,5.67,11.63,4.38,19.49,6.34,0.36,9.16,2025,Bhatagaon,Quarterly,0,0
2025-01-11 07:45:00,9.47,4.86,10.13,4.22,20.67,6.32,0.35,9.16,2025,Bhatagaon,Quarterly,0,0
2025-01-11 08:00:00,10.14,3.98,10.21,5.28,20.67,6.32,0.37,9.14,2025,Bhatagaon,Quarterly,0,0
2025-01-11 08:15:00,10.47,3.79,10.37,4.49,20.67,6.32,0.38,9.11,2025,Bhatagaon,Quarterly,0,0
2025-01-11 08:30:00,12.22,5.13,12.48,4.45,19.84,5.47,0.4,9.11,2025,Bhatagaon,Quarterly,0,0
2025-01-11 08:45:00,11.96,5.94,12.69,4.61,19.5,5.42,0.43,9.12,2025,Bhatagaon,Quarterly,0,0
2025-01-11 09:00:00,10.9,4.84,11.27,4.06,19.5,5.42,0.43,9.11,2025,Bhatagaon,Quarterly,0,0
2025-01-11 09:15:00,11.3,5.05,11.7,4.53,19.5,5.42,0.49,9.11,2025,Bhatagaon,Quarterly,0,0
2025-01-11 09:30:00,11.76,5.82,12.47,4.64,23.37,9.72,0.47,9.12,2025,Bhatagaon,Quarterly,0,0
2025-01-11 09:45:00,10.55,6.25,11.72,4.5,24.94,10.0,0.52,9.12,2025,Bhatagaon,Quarterly,0,0
2025-01-11 10:00:00,10.08,9.0,13.57,4.55,0.0,10.0,0.57,9.12,2025,Bhatagaon,Quarterly,0,0
2025-01-11 10:15:00,8.33,14.27,14.13,4.68,24.94,10.0,0.65,9.07,2025,Bhatagaon,Quarterly,0,0
2025-01-11 10:30:00,9.14,13.05,14.15,4.41,22.57,8.16,0.57,9.07,2025,Bhatagaon,Quarterly,0,0
2025-01-11 10:45:00,7.46,11.56,12.02,4.97,21.55,8.04,0.56,9.08,2025,Bhatagaon,Quarterly,0,0
2025-01-11 11:00:00,8.54,12.63,13.45,5.01,21.55,8.04,0.57,9.09,2025,Bhatagaon,Quarterly,0,0
2025-01-11 11:15:00,7.6,10.91,11.8,4.96,21.55,8.04,0.5,9.1,2025,Bhatagaon,Quarterly,0,0
2025-01-11 11:30:00,6.24,12.48,11.53,5.0,34.92,10.05,0.44,9.11,2025,Bhatagaon,Quarterly,0,0
2025-01-11 11:45:00,8.35,14.13,14.07,4.78,40.35,10.24,0.48,9.1,2025,Bhatagaon,Quarterly,0,0
2025-01-11 12:00:00,5.71,13.55,11.66,4.55,40.35,10.24,0.43,9.12,2025,Bhatagaon,Quarterly,0,0
2025-01-11 12:15:00,3.89,12.92,9.87,4.86,40.35,10.24,0.37,9.11,2025,Bhatagaon,Quarterly,0,0
2025-01-11 12:30:00,5.82,13.51,11.73,4.76,34.07,8.47,0.47,9.07,2025,Bhatagaon,Quarterly,0,0
2025-01-11 12:45:00,7.33,12.92,12.63,5.01,31.51,8.36,0.47,9.05,2025,Bhatagaon,Quarterly,0,0
2025-01-11 13:00:00,7.66,13.08,12.98,4.83,31.51,8.36,0.47,9.02,2025,Bhatagaon,Quarterly,0,0
2025-01-11 13:15:00,5.88,12.27,11.12,4.71,31.51,8.36,0.4,9.01,2025,Bhatagaon,Quarterly,0,0
2025-01-11 13:30:00,7.75,11.63,12.29,4.89,36.1,6.89,0.43,9.02,2025,Bhatagaon,Quarterly,0,0
2025-01-11 13:45:00,8.91,13.07,13.98,4.84,38.06,6.8,0.44,9.02,2025,Bhatagaon,Quarterly,0,0
2025-01-11 14:00:00,6.94,12.61,12.15,4.85,38.06,6.8,0.43,9.02,2025,Bhatagaon,Quarterly,0,0
2025-01-11 14:15:00,11.58,12.82,15.98,4.89,38.06,6.8,0.52,9.04,2025,Bhatagaon,Quarterly,0,0
2025-01-11 14:30:00,10.52,12.53,14.98,5.02,33.96,6.0,0.48,9.04,2025,Bhatagaon,Quarterly,0,0
2025-01-11 14:45:00,10.28,13.53,15.32,4.59,32.29,5.95,0.56,9.05,2025,Bhatagaon,Quarterly,0,0
2025-01-11 15:00:00,10.74,15.16,16.53,5.06,32.29,5.95,0.59,9.08,2025,Bhatagaon,Quarterly,0,0
2025-01-11 15:15:00,11.66,13.1,16.19,4.94,32.29,5.95,0.42,9.08,2025,Bhatagaon,Quarterly,0,0
2025-01-11 15:30:00,11.77,14.34,16.93,4.73,33.39,5.72,0.54,9.09,2025,Bhatagaon,Quarterly,0,0
2025-01-11 15:45:00,13.1,13.33,17.47,5.17,33.86,5.7,0.63,9.09,2025,Bhatagaon,Quarterly,0,0
2025-01-11 16:00:00,15.56,13.4,19.48,4.65,33.86,5.7,0.63,9.11,2025,Bhatagaon,Quarterly,0,0
2025-01-11 16:15:00,15.43,16.7,21.1,5.11,33.86,5.7,0.73,9.13,2025,Bhatagaon,Quarterly,0,0
2025-01-11 16:30:00,7.01,15.17,13.55,4.99,25.56,5.13,0.45,9.13,2025,Bhatagaon,Quarterly,0,0
2025-01-11 16:45:00,13.66,14.56,18.56,5.34,22.01,5.09,0.67,9.11,2025,Bhatagaon,Quarterly,0,0
2025-01-11 17:00:00,32.66,17.48,35.32,5.96,22.01,5.09,1.05,9.1,2025,Bhatagaon,Quarterly,0,0
2025-01-11 17:15:00,13.17,11.7,16.68,5.38,22.01,5.09,0.66,9.12,2025,Bhatagaon,Quarterly,0,0
2025-01-11 17:30:00,15.41,8.06,16.57,5.11,41.15,4.79,0.63,9.13,2025,Bhatagaon,Quarterly,0,0
2025-01-11 17:45:00,14.05,9.97,16.48,5.19,49.36,4.77,0.76,9.15,2025,Bhatagaon,Quarterly,0,0
2025-01-11 18:00:00,14.29,14.26,18.91,5.35,49.36,4.77,0.86,9.17,2025,Bhatagaon,Quarterly,0,0
2025-01-11 18:15:00,20.01,14.84,23.8,5.73,49.36,4.77,1.09,9.24,2025,Bhatagaon,Quarterly,0,0
2025-01-11 18:30:00,17.31,14.67,21.55,6.16,46.35,8.41,1.19,9.29,2025,Bhatagaon,Quarterly,0,0
2025-01-11 18:45:00,15.34,10.73,17.91,6.14,45.13,8.64,0.93,9.31,2025,Bhatagaon,Quarterly,0,0
2025-01-11 19:00:00,14.72,10.09,17.07,5.61,45.13,8.64,0.87,9.32,2025,Bhatagaon,Quarterly,0,0
2025-01-11 19:15:00,15.12,9.25,16.96,5.68,45.13,8.64,0.79,9.33,2025,Bhatagaon,Quarterly,0,0
2025-01-11 19:30:00,12.36,10.43,15.36,5.37,48.61,7.45,0.73,9.34,2025,Bhatagaon,Quarterly,0,0
2025-01-11 19:45:00,17.34,11.85,20.1,5.51,50.1,7.34,0.83,9.35,2025,Bhatagaon,Quarterly,0,0
2025-01-11 20:00:00,14.05,12.69,17.89,5.65,50.1,7.34,0.82,9.36,2025,Bhatagaon,Quarterly,0,0
2025-01-11 20:15:00,27.91,10.79,28.02,6.2,50.1,7.34,1.09,9.38,2025,Bhatagaon,Quarterly,0,0
2025-01-11 20:30:00,34.89,10.54,33.49,6.65,48.76,6.04,1.17,9.38,2025,Bhatagaon,Quarterly,0,0
2025-01-11 20:45:00,39.66,7.66,35.81,6.81,48.21,5.96,1.21,9.4,2025,Bhatagaon,Quarterly,0,0
2025-01-11 21:00:00,43.41,7.35,38.65,7.87,48.21,5.96,1.61,9.43,2025,Bhatagaon,Quarterly,0,0
2025-01-11 21:15:00,31.51,5.42,28.1,7.66,48.21,5.96,1.16,9.44,2025,Bhatagaon,Quarterly,0,0
2025-01-11 21:30:00,51.04,1.27,41.59,7.18,69.07,19.01,1.42,9.44,2025,Bhatagaon,Quarterly,0,0
2025-01-11 21:45:00,36.59,8.97,34.03,9.16,77.55,19.83,1.37,9.47,2025,Bhatagaon,Quarterly,0,0
2025-01-11 22:00:00,26.8,1.52,22.29,7.92,77.55,19.83,1.0,9.49,2025,Bhatagaon,Quarterly,0,0
2025-01-11 22:15:00,28.93,6.71,26.71,8.65,77.55,19.83,1.02,9.51,2025,Bhatagaon,Quarterly,0,0
2025-01-11 22:30:00,29.59,5.3,26.5,8.68,218.41,41.84,0.97,9.52,2025,Bhatagaon,Quarterly,0,0
2025-01-11 22:45:00,25.59,2.57,21.87,7.05,278.79,43.24,0.91,9.54,2025,Bhatagaon,Quarterly,0,0
2025-01-11 23:00:00,23.93,9.83,24.32,7.38,278.73,43.11,0.78,9.53,2025,Bhatagaon,Quarterly,0,0
2025-01-11 23:15:00,25.07,4.0,22.19,6.92,277.79,40.24,0.95,9.53,2025,Bhatagaon,Quarterly,0,0
2025-01-11 23:30:00,32.29,6.76,29.43,6.82,148.36,24.76,0.9,9.54,2025,Bhatagaon,Quarterly,0,0
2025-01-11 23:45:00,21.53,4.33,19.53,6.85,95.78,23.22,0.82,9.56,2025,Bhatagaon,Quarterly,0,0
2025-01-12 00:15:00,28.14,13.48,29.15,6.05,80.03,37.83,1.61,9.69,2025,Bhatagaon,Quarterly,0,0
2025-01-12 00:30:00,26.94,14.44,28.69,5.91,75.31,36.38,1.62,9.69,2025,Bhatagaon,Quarterly,0,0
2025-01-12 00:45:00,25.71,13.5,27.21,6.67,75.31,36.38,1.56,9.69,2025,Bhatagaon,Quarterly,0,0
2025-01-12 01:00:00,24.88,14.97,27.31,6.47,75.31,36.38,1.52,9.69,2025,Bhatagaon,Quarterly,0,0
2025-01-12 01:15:00,26.09,13.32,27.42,5.67,73.43,35.47,1.34,9.68,2025,Bhatagaon,Quarterly,0,0
2025-01-12 01:30:00,26.46,12.78,27.43,5.46,65.39,32.8,1.36,9.67,2025,Bhatagaon,Quarterly,0,0
2025-01-12 01:45:00,24.51,14.32,26.67,5.82,65.39,32.8,1.3,9.67,2025,Bhatagaon,Quarterly,0,0
2025-01-12 02:00:00,24.18,14.48,26.49,5.15,65.39,32.8,1.24,9.65,2025,Bhatagaon,Quarterly,0,0
2025-01-12 02:15:00,23.0,15.19,25.92,5.07,63.22,31.99,1.19,9.66,2025,Bhatagaon,Quarterly,0,0
2025-01-12 02:30:00,21.75,15.83,25.25,5.02,54.57,29.62,1.16,9.66,2025,Bhatagaon,Quarterly,0,0
2025-01-12 02:45:00,20.58,16.29,24.55,4.87,54.57,29.62,1.12,9.66,2025,Bhatagaon,Quarterly,0,0
2025-01-12 03:00:00,19.51,16.82,23.98,4.73,54.57,29.62,1.09,9.65,2025,Bhatagaon,Quarterly,0,0
2025-01-12 03:15:00,18.71,17.15,23.5,4.78,54.78,31.61,1.05,9.64,2025,Bhatagaon,Quarterly,0,0
2025-01-12 03:30:00,18.04,17.36,23.07,4.82,55.63,40.65,1.04,9.64,2025,Bhatagaon,Quarterly,0,0
2025-01-12 03:45:00,17.45,16.98,22.4,4.8,55.63,40.65,1.01,9.65,2025,Bhatagaon,Quarterly,0,0
2025-01-12 04:00:00,17.05,17.33,22.27,4.7,55.63,40.65,1.04,9.64,2025,Bhatagaon,Quarterly,0,0
2025-01-12 04:15:00,17.08,17.49,22.38,4.96,59.66,40.55,1.07,9.65,2025,Bhatagaon,Quarterly,0,0
2025-01-12 04:30:00,17.35,17.6,22.65,4.9,75.81,40.28,1.1,9.65,2025,Bhatagaon,Quarterly,0,0
2025-01-12 04:45:00,17.7,17.83,23.05,5.19,75.81,40.28,1.11,9.65,2025,Bhatagaon,Quarterly,0,0
2025-01-12 05:00:00,17.49,17.37,22.64,4.98,75.81,40.28,1.12,9.65,2025,Bhatagaon,Quarterly,0,0
2025-01-12 05:15:00,17.24,17.38,22.44,4.98,77.57,39.77,1.12,9.65,2025,Bhatagaon,Quarterly,0,0
2025-01-12 05:30:00,17.07,17.39,22.31,4.89,84.63,38.26,1.11,9.64,2025,Bhatagaon,Quarterly,0,0
2025-01-12 05:45:00,16.92,17.41,22.21,5.09,84.63,38.26,1.07,9.64,2025,Bhatagaon,Quarterly,0,0
2025-01-12 06:00:00,17.02,17.16,22.15,5.37,84.63,38.26,1.01,9.64,2025,Bhatagaon,Quarterly,0,0
2025-01-12 06:15:00,17.15,16.94,22.14,5.05,84.97,37.81,0.97,9.65,2025,Bhatagaon,Quarterly,0,0
2025-01-12 06:30:00,16.99,17.9,22.52,5.43,86.45,36.48,0.93,9.65,2025,Bhatagaon,Quarterly,0,0
2025-01-12 06:45:00,16.63,19.59,23.11,5.04,86.45,36.48,0.9,9.65,2025,Bhatagaon,Quarterly,0,0
2025-01-12 07:00:00,17.08,20.78,24.09,5.78,86.45,36.48,0.89,9.64,2025,Bhatagaon,Quarterly,0,0
2025-01-12 07:15:00,18.57,23.29,26.59,5.45,82.19,36.05,0.98,9.65,2025,Bhatagaon,Quarterly,0,0
2025-01-12 07:30:00,19.52,23.06,27.24,4.9,65.11,34.09,1.04,9.64,2025,Bhatagaon,Quarterly,0,0
2025-01-12 07:45:00,20.64,21.81,27.49,5.03,65.11,34.09,1.05,9.65,2025,Bhatagaon,Quarterly,0,0
2025-01-12 08:00:00,22.1,20.33,27.88,5.48,65.11,34.09,1.07,9.66,2025,Bhatagaon,Quarterly,0,0
2025-01-12 08:15:00,23.51,18.64,28.13,5.4,79.21,34.25,1.14,9.68,2025,Bhatagaon,Quarterly,0,0
2025-01-12 08:30:00,24.37,17.87,28.42,5.19,135.58,34.73,1.23,9.68,2025,Bhatagaon,Quarterly,0,0
2025-01-12 08:45:00,24.18,18.33,28.51,5.56,135.58,34.73,1.27,9.66,2025,Bhatagaon,Quarterly,0,0
2025-01-12 09:00:00,24.56,18.28,28.79,5.94,135.58,34.73,1.29,9.67,2025,Bhatagaon,Quarterly,0,0
2025-01-12 09:15:00,24.96,17.65,28.78,5.91,128.79,35.43,1.31,9.68,2025,Bhatagaon,Quarterly,0,0
2025-01-12 09:30:00,24.16,17.11,27.86,5.78,101.66,37.47,1.32,9.66,2025,Bhatagaon,Quarterly,0,0
2025-01-12 09:45:00,22.89,17.63,27.11,6.28,101.66,37.47,1.3,9.66,2025,Bhatagaon,Quarterly,0,0
2025-01-12 10:00:00,22.97,17.9,27.32,5.45,101.66,37.47,1.28,9.67,2025,Bhatagaon,Quarterly,0,0
2025-01-12 10:15:00,23.09,17.35,27.12,5.63,81.33,36.53,1.23,9.67,2025,Bhatagaon,Quarterly,0,0
2025-01-12 10:30:00,22.3,17.42,26.53,5.83,81.33,33.78,1.18,9.66,2025,Bhatagaon,Quarterly,0,0
2025-01-12 10:45:00,21.59,17.75,26.12,5.35,81.33,33.78,1.15,9.65,2025,Bhatagaon,Quarterly,0,0
2025-01-12 11:00:00,20.71,18.16,25.64,5.84,81.33,33.78,1.13,9.65,2025,Bhatagaon,Quarterly,0,0
2025-01-12 11:15:00,18.95,19.32,24.83,5.99,81.33,33.73,1.1,9.66,2025,Bhatagaon,Quarterly,0,0
2025-01-12 11:30:00,17.99,19.62,24.22,5.91,81.33,33.54,1.11,9.65,2025,Bhatagaon,Quarterly,0,0
2025-01-12 11:45:00,16.5,20.33,23.39,5.57,81.33,33.54,1.08,9.65,2025,Bhatagaon,Quarterly,0,0
2025-01-12 12:00:00,14.18,21.16,21.97,6.67,81.33,33.54,1.04,9.66,2025,Bhatagaon,Quarterly,0,0
2025-01-12 12:15:00,13.46,21.29,21.45,6.9,8.88,31.92,1.02,9.65,2025,Bhatagaon,Quarterly,0,0
2025-01-12 12:30:00,12.84,21.93,21.3,6.48,44.38,27.15,1.01,9.64,2025,Bhatagaon,Quarterly,0,0
2025-01-12 12:45:00,10.79,22.0,19.69,8.24,44.38,27.15,0.97,9.64,2025,Bhatagaon,Quarterly,0,0
2025-01-12 13:00:00,10.15,23.1,19.75,11.55,44.38,27.15,0.98,9.64,2025,Bhatagaon,Quarterly,0,0
2025-01-12 13:15:00,9.11,23.6,19.18,13.67,46.83,26.24,0.94,9.63,2025,Bhatagaon,Quarterly,0,0
2025-01-12 13:30:00,8.49,21.92,17.8,19.28,56.6,23.57,0.92,9.63,2025,Bhatagaon,Quarterly,0,0
2025-01-12 13:45:00,10.4,23.11,19.95,9.04,56.6,23.57,0.95,9.64,2025,Bhatagaon,Quarterly,0,0
2025-01-12 14:00:00,8.24,23.21,18.27,18.3,56.6,23.57,0.9,9.64,2025,Bhatagaon,Quarterly,0,0
2025-01-12 14:15:00,7.26,23.03,17.39,21.14,57.67,23.17,0.88,9.64,2025,Bhatagaon,Quarterly,0,0
2025-01-12 14:30:00,8.08,24.32,18.73,9.06,61.97,22.0,0.92,9.65,2025,Bhatagaon,Quarterly,0,0
2025-01-12 14:45:00,8.58,25.28,19.63,14.1,61.97,22.0,0.88,9.64,2025,Bhatagaon,Quarterly,0,0
2025-01-12 15:00:00,9.74,27.26,21.59,19.86,61.97,22.0,0.83,9.64,2025,Bhatagaon,Quarterly,0,0
2025-01-12 15:15:00,7.16,25.39,18.55,13.83,58.65,22.25,0.8,9.62,2025,Bhatagaon,Quarterly,0,0
2025-01-12 15:30:00,6.96,24.98,18.17,8.91,45.33,23.4,0.82,9.62,2025,Bhatagaon,Quarterly,0,0
2025-01-12 15:45:00,6.48,24.69,17.64,9.3,45.33,23.4,0.76,9.62,2025,Bhatagaon,Quarterly,0,0
2025-01-12 16:00:00,5.62,25.31,17.27,7.74,45.33,23.4,0.75,9.61,2025,Bhatagaon,Quarterly,0,0
2025-01-12 16:15:00,5.51,23.98,16.49,8.14,44.04,22.97,0.76,9.59,2025,Bhatagaon,Quarterly,0,0
2025-01-12 16:30:00,5.22,24.57,16.57,12.35,38.87,21.68,0.69,9.58,2025,Bhatagaon,Quarterly,0,0
2025-01-12 16:45:00,5.5,24.44,16.72,12.4,38.87,21.68,0.74,9.57,2025,Bhatagaon,Quarterly,0,0
2025-01-12 17:00:00,6.61,28.61,19.84,14.95,38.87,21.68,0.89,9.59,2025,Bhatagaon,Quarterly,0,0
2025-01-12 17:15:00,6.59,32.06,21.58,17.01,39.17,22.01,0.96,9.61,2025,Bhatagaon,Quarterly,0,0
2025-01-12 17:30:00,9.56,35.88,25.95,14.69,40.45,23.01,1.17,9.62,2025,Bhatagaon,Quarterly,0,0
2025-01-12 17:45:00,12.13,34.38,27.23,14.41,40.45,23.01,1.25,9.63,2025,Bhatagaon,Quarterly,0,0
2025-01-12 18:00:00,5.72,32.15,20.93,14.53,40.45,23.01,1.05,9.63,2025,Bhatagaon,Quarterly,0,0
2025-01-12 18:15:00,5.81,31.67,20.75,14.77,45.27,23.09,1.04,9.63,2025,Bhatagaon,Quarterly,0,0
2025-01-12 18:30:00,6.59,30.34,20.68,12.14,64.53,23.32,1.11,9.64,2025,Bhatagaon,Quarterly,0,0
2025-01-12 18:45:00,6.94,26.68,19.05,10.15,64.53,23.32,0.99,9.64,2025,Bhatagaon,Quarterly,0,0
2025-01-12 19:00:00,7.72,24.07,18.31,7.41,64.53,23.32,0.96,9.63,2025,Bhatagaon,Quarterly,0,0
2025-01-12 19:15:00,7.64,24.58,18.51,7.71,64.71,23.67,0.89,9.63,2025,Bhatagaon,Quarterly,0,0
2025-01-12 19:30:00,7.55,25.11,18.71,8.03,65.48,25.29,0.96,9.62,2025,Bhatagaon,Quarterly,0,0
2025-01-12 19:45:00,7.9,26.22,19.58,6.88,65.48,25.29,0.96,9.62,2025,Bhatagaon,Quarterly,0,0
2025-01-12 20:00:00,8.25,25.23,19.34,6.61,65.48,25.29,0.97,9.62,2025,Bhatagaon,Quarterly,0,0
2025-01-12 20:15:00,8.24,28.72,21.15,6.86,67.11,26.31,1.01,9.61,2025,Bhatagaon,Quarterly,0,0
2025-01-12 20:30:00,8.87,25.73,20.09,6.47,74.1,29.3,1.01,9.64,2025,Bhatagaon,Quarterly,0,0
2025-01-12 20:45:00,9.32,23.98,19.54,6.36,74.1,29.3,1.02,9.64,2025,Bhatagaon,Quarterly,0,0
2025-01-12 21:00:00,9.49,23.41,19.38,5.83,74.1,29.3,1.01,9.64,2025,Bhatagaon,Quarterly,0,0
2025-01-12 21:15:00,9.44,23.29,19.28,5.78,71.77,28.71,1.0,9.64,2025,Bhatagaon,Quarterly,0,0
2025-01-12 21:30:00,9.43,22.89,19.07,5.78,62.47,26.97,1.03,9.65,2025,Bhatagaon,Quarterly,0,0
2025-01-12 21:45:00,9.58,22.81,19.14,5.77,62.47,26.97,1.06,9.63,2025,Bhatagaon,Quarterly,0,0
2025-01-12 22:00:00,9.61,22.6,19.06,5.62,62.47,26.97,1.07,9.62,2025,Bhatagaon,Quarterly,0,0
2025-01-12 22:15:00,9.3,22.48,18.75,6.14,60.39,26.53,1.08,9.63,2025,Bhatagaon,Quarterly,0,0
2025-01-12 22:30:00,9.47,22.16,18.71,5.96,52.07,25.25,1.08,9.62,2025,Bhatagaon,Quarterly,0,0
2025-01-12 22:45:00,9.56,21.93,18.67,5.89,52.07,25.25,1.07,9.62,2025,Bhatagaon,Quarterly,0,0
2025-01-12 23:00:00,9.48,21.64,18.44,5.63,52.07,25.25,1.06,9.63,2025,Bhatagaon,Quarterly,0,0
2025-01-12 23:15:00,9.66,21.59,18.57,5.43,50.34,24.99,1.04,9.63,2025,Bhatagaon,Quarterly,0,0
2025-01-12 23:30:00,9.76,21.36,18.53,5.59,43.43,23.83,0.99,9.63,2025,Bhatagaon,Quarterly,0,0
2025-01-12 23:45:00,9.74,20.93,18.28,5.54,43.43,23.83,0.94,9.63,2025,Bhatagaon,Quarterly,0,0
2025-06-01 00:15:00,11.32,19.37,19.7,4.72,55.16,9.02,0.61,9.41,2025,Bhatagaon,Quarterly,0,0
2025-06-01 00:30:00,11.23,21.31,23.55,4.94,52.72,7.82,0.56,9.4,2025,Bhatagaon,Quarterly,0,0
2025-06-01 00:45:00,12.33,20.83,20.95,4.82,52.72,7.82,0.62,9.4,2025,Bhatagaon,Quarterly,0,0
2025-06-01 01:00:00,11.07,20.1,21.49,4.8,52.72,7.82,0.58,9.41,2025,Bhatagaon,Quarterly,0,0
2025-06-01 01:15:00,11.45,19.73,20.19,4.77,52.29,18.36,0.59,9.4,2025,Bhatagaon,Quarterly,0,0
2025-06-01 01:30:00,9.81,18.26,19.89,4.82,52.1,22.87,0.57,9.41,2025,Bhatagaon,Quarterly,0,0
2025-06-01 01:45:00,19.46,32.39,32.14,4.75,52.1,22.87,0.62,9.41,2025,Bhatagaon,Quarterly,0,0
2025-06-01 02:00:00,10.49,25.85,33.38,4.4,52.1,22.87,0.6,9.43,2025,Bhatagaon,Quarterly,0,0
2025-06-01 02:15:00,30.05,42.95,36.09,4.58,49.02,17.84,0.59,9.45,2025,Bhatagaon,Quarterly,0,0
2025-06-01 02:30:00,18.35,32.49,34.01,4.77,47.63,15.68,0.62,9.48,2025,Bhatagaon,Quarterly,0,0
2025-06-01 02:45:00,36.39,48.39,36.77,4.81,47.63,15.68,0.63,9.52,2025,Bhatagaon,Quarterly,0,0
2025-06-01 03:00:00,27.91,39.47,32.7,5.21,47.63,15.68,0.63,9.56,2025,Bhatagaon,Quarterly,0,0
2025-06-01 03:15:00,15.8,25.02,23.64,5.05,47.98,19.35,0.48,9.59,2025,Bhatagaon,Quarterly,0,0
2025-06-01 03:30:00,21.53,30.79,25.88,4.92,48.14,21.0,0.48,9.62,2025,Bhatagaon,Quarterly,0,0
2025-06-01 03:45:00,18.8,25.81,20.55,4.85,48.14,21.0,0.6,9.62,2025,Bhatagaon,Quarterly,0,0
2025-06-01 04:00:00,17.85,24.71,19.9,5.15,48.14,21.0,0.55,9.6,2025,Bhatagaon,Quarterly,0,0
2025-06-01 04:15:00,22.63,29.82,22.33,4.93,47.31,18.02,0.54,9.61,2025,Bhatagaon,Quarterly,0,0
2025-06-01 04:30:00,17.83,24.97,20.42,4.74,46.93,16.68,0.55,9.61,2025,Bhatagaon,Quarterly,0,0
2025-06-01 04:45:00,18.24,24.81,19.5,5.04,46.93,16.68,0.55,9.63,2025,Bhatagaon,Quarterly,0,0
2025-06-01 05:00:00,16.61,23.38,19.26,4.84,46.93,16.68,0.51,9.63,2025,Bhatagaon,Quarterly,0,0
2025-06-01 05:15:00,16.27,22.93,18.9,4.4,43.61,14.62,0.51,9.63,2025,Bhatagaon,Quarterly,0,0
2025-06-01 05:30:00,16.81,23.5,19.18,4.76,42.12,13.68,0.52,9.62,2025,Bhatagaon,Quarterly,0,0
2025-06-01 05:45:00,15.34,22.41,19.35,4.54,42.12,13.68,0.49,9.61,2025,Bhatagaon,Quarterly,0,0
2025-06-01 06:00:00,17.51,23.67,18.43,4.8,42.12,13.68,0.52,9.6,2025,Bhatagaon,Quarterly,0,0
2025-06-01 06:15:00,13.01,21.74,21.64,4.72,42.59,12.89,0.46,9.59,2025,Bhatagaon,Quarterly,0,0
2025-06-01 06:30:00,13.66,23.18,23.4,4.83,42.81,12.56,0.47,9.61,2025,Bhatagaon,Quarterly,0,0
2025-06-01 06:45:00,19.8,31.3,29.52,4.72,42.81,12.56,0.56,9.61,2025,Bhatagaon,Quarterly,0,0
2025-06-01 07:00:00,15.18,25.67,25.83,4.51,42.81,12.56,0.54,9.61,2025,Bhatagaon,Quarterly,0,0
2025-06-01 07:15:00,15.63,25.58,24.98,4.65,42.98,12.96,0.49,9.61,2025,Bhatagaon,Quarterly,0,0
2025-06-01 07:30:00,14.79,24.61,24.41,4.35,43.05,13.14,0.5,9.61,2025,Bhatagaon,Quarterly,0,0
2025-06-01 07:45:00,15.49,27.71,29.25,4.51,43.05,13.14,0.51,9.6,2025,Bhatagaon,Quarterly,0,0
2025-06-01 08:00:00,14.47,27.16,29.77,5.12,43.05,13.14,0.54,9.57,2025,Bhatagaon,Quarterly,0,0
2025-06-01 08:15:00,16.06,26.06,25.22,4.88,44.05,15.02,0.54,9.53,2025,Bhatagaon,Quarterly,0,0
2025-06-01 08:30:00,15.63,24.88,23.63,5.22,44.5,15.83,0.56,9.48,2025,Bhatagaon,Quarterly,0,0
2025-06-01 08:45:00,15.25,25.43,25.27,4.88,44.5,15.83,0.6,9.45,2025,Bhatagaon,Quarterly,0,0
2025-06-01 09:00:00,13.93,24.78,26.05,5.25,44.5,15.83,0.64,9.42,2025,Bhatagaon,Quarterly,0,0
2025-06-01 09:15:00,12.39,24.83,28.52,4.88,51.27,17.82,0.69,9.39,2025,Bhatagaon,Quarterly,0,0
2025-06-01 09:30:00,11.29,23.71,28.04,4.79,54.33,18.72,0.7,9.37,2025,Bhatagaon,Quarterly,0,0
2025-06-01 09:45:00,10.31,22.84,27.89,4.67,54.33,18.72,0.74,9.35,2025,Bhatagaon,Quarterly,0,0
2025-06-01 10:00:00,9.21,21.73,27.45,4.67,54.33,18.72,0.73,9.31,2025,Bhatagaon,Quarterly,0,0
2025-06-01 10:15:00,8.09,21.97,29.63,5.04,60.6,20.49,0.71,9.27,2025,Bhatagaon,Quarterly,0,0
2025-06-01 10:30:00,7.9,21.08,28.22,4.87,63.43,21.29,0.65,9.25,2025,Bhatagaon,Quarterly,0,0
2025-06-01 10:45:00,8.1,20.51,26.82,4.54,63.43,21.29,0.62,9.23,2025,Bhatagaon,Quarterly,0,0
2025-06-01 11:00:00,6.56,18.75,25.83,4.65,63.43,21.29,0.6,9.21,2025,Bhatagaon,Quarterly,0,0
2025-06-01 11:15:00,6.36,18.2,25.07,4.66,64.6,16.73,0.57,9.21,2025,Bhatagaon,Quarterly,0,0
2025-06-01 11:30:00,6.81,18.8,25.52,4.62,65.13,13.84,0.55,9.21,2025,Bhatagaon,Quarterly,0,0
2025-06-01 11:45:00,6.29,19.6,27.86,4.95,65.13,13.84,0.53,9.2,2025,Bhatagaon,Quarterly,0,0
2025-06-01 12:00:00,5.3,17.94,26.19,4.8,65.13,13.84,0.52,9.21,2025,Bhatagaon,Quarterly,0,0
2025-06-01 12:15:00,5.29,17.98,26.29,4.71,60.19,11.1,0.46,9.2,2025,Bhatagaon,Quarterly,0,0
2025-06-01 12:30:00,4.97,17.97,26.77,4.62,58.08,9.27,0.48,9.17,2025,Bhatagaon,Quarterly,0,0
2025-06-01 12:45:00,4.6,18.1,27.58,4.7,58.08,9.27,0.47,9.17,2025,Bhatagaon,Quarterly,0,0
2025-06-01 13:00:00,4.46,16.53,24.79,4.49,58.08,9.27,0.44,9.15,2025,Bhatagaon,Quarterly,0,0
2025-06-01 13:15:00,4.3,17.64,27.17,4.5,58.3,7.26,0.38,9.14,2025,Bhatagaon,Quarterly,0,0
2025-06-01 13:30:00,4.35,16.23,24.4,4.94,58.4,6.4,0.43,9.14,2025,Bhatagaon,Quarterly,0,0
2025-06-01 13:45:00,4.27,16.27,24.59,4.86,58.4,6.4,0.43,9.13,2025,Bhatagaon,Quarterly,0,0
2025-06-01 14:00:00,4.42,17.74,27.18,4.68,58.4,6.4,0.43,9.13,2025,Bhatagaon,Quarterly,0,0
2025-06-01 14:15:00,4.24,16.31,24.7,4.64,62.83,118.7,0.43,9.14,2025,Bhatagaon,Quarterly,0,0
2025-06-01 14:30:00,4.16,16.83,25.83,4.6,64.72,166.83,0.42,9.14,2025,Bhatagaon,Quarterly,0,0
2025-06-01 14:45:00,4.31,17.46,26.8,5.03,64.72,166.83,0.41,9.14,2025,Bhatagaon,Quarterly,0,0
2025-06-01 15:00:00,4.35,16.6,25.09,4.52,64.72,166.83,0.41,9.13,2025,Bhatagaon,Quarterly,0,0
2025-06-01 15:15:00,4.71,18.35,27.9,4.81,64.0,50.05,0.38,9.14,2025,Bhatagaon,Quarterly,0,0
2025-06-01 15:30:00,5.51,19.66,29.17,4.77,63.68,0.0,0.39,9.14,2025,Bhatagaon,Quarterly,0,0
2025-06-01 15:45:00,5.91,20.2,29.6,5.33,63.68,0.0,0.38,9.16,2025,Bhatagaon,Quarterly,0,0
2025-06-01 16:00:00,5.59,19.52,28.78,4.34,63.68,0.0,0.38,9.17,2025,Bhatagaon,Quarterly,0,0
2025-06-01 16:15:00,5.34,20.0,30.08,4.21,63.32,0.0,0.35,9.18,2025,Bhatagaon,Quarterly,0,0
2025-06-01 16:30:00,5.45,19.79,29.51,3.93,63.17,0.0,0.37,9.19,2025,Bhatagaon,Quarterly,0,0
2025-06-01 16:45:00,6.02,22.39,33.62,4.11,63.17,0.0,0.34,9.18,2025,Bhatagaon,Quarterly,0,0
2025-06-01 17:00:00,5.22,19.91,30.1,4.22,63.17,0.0,0.36,9.17,2025,Bhatagaon,Quarterly,0,0
2025-06-01 17:15:00,5.22,19.0,28.35,4.29,63.01,0.0,0.35,9.18,2025,Bhatagaon,Quarterly,0,0
2025-06-01 17:30:00,5.13,18.07,26.72,4.15,62.94,0.0,0.36,9.18,2025,Bhatagaon,Quarterly,0,0
2025-06-01 17:45:00,4.97,19.14,29.0,3.97,62.94,0.0,0.34,9.18,2025,Bhatagaon,Quarterly,0,0
2025-06-01 18:00:00,5.05,18.43,27.52,4.04,62.94,0.0,0.35,9.17,2025,Bhatagaon,Quarterly,0,0
2025-06-01 18:15:00,5.11,18.24,27.07,3.94,63.21,214.8,0.35,9.17,2025,Bhatagaon,Quarterly,0,0
2025-06-01 18:30:00,5.29,17.8,25.94,4.0,63.33,311.8,0.36,9.18,2025,Bhatagaon,Quarterly,0,0
2025-06-01 18:45:00,5.24,18.76,27.86,3.99,63.33,311.8,0.37,9.18,2025,Bhatagaon,Quarterly,0,0
2025-06-01 19:00:00,5.24,20.74,31.64,4.34,63.33,311.8,0.38,9.19,2025,Bhatagaon,Quarterly,0,0
2025-06-01 19:15:00,5.66,20.64,30.82,3.91,60.24,113.93,0.34,9.19,2025,Bhatagaon,Quarterly,0,0
2025-06-01 19:30:00,5.86,25.98,40.73,4.27,58.92,29.13,0.39,9.21,2025,Bhatagaon,Quarterly,0,0
2025-06-01 19:45:00,5.87,24.27,37.44,3.67,58.92,29.13,0.39,9.23,2025,Bhatagaon,Quarterly,0,0
2025-06-01 20:00:00,6.38,26.88,41.66,4.0,58.92,29.13,0.43,9.25,2025,Bhatagaon,Quarterly,0,0
2025-06-01 20:15:00,8.38,28.36,41.41,4.07,60.03,24.49,0.44,9.27,2025,Bhatagaon,Quarterly,0,0
2025-06-01 20:30:00,6.87,21.9,31.37,3.92,60.53,22.5,0.41,9.28,2025,Bhatagaon,Quarterly,0,0
2025-06-01 20:45:00,7.76,25.97,37.8,4.07,60.53,22.5,0.39,9.29,2025,Bhatagaon,Quarterly,0,0
2025-06-01 21:00:00,9.73,28.95,40.48,3.95,60.53,22.5,0.43,9.31,2025,Bhatagaon,Quarterly,0,0
2025-06-01 21:15:00,8.54,26.71,38.0,4.51,57.58,7.38,0.41,9.32,2025,Bhatagaon,Quarterly,0,0
2025-06-01 21:30:00,9.28,22.43,28.7,4.38,56.32,0.9,0.41,9.33,2025,Bhatagaon,Quarterly,0,0
2025-06-01 21:45:00,9.36,21.55,26.88,4.13,56.32,0.9,0.4,9.33,2025,Bhatagaon,Quarterly,0,0
2025-06-01 22:00:00,9.25,21.15,26.27,4.24,56.32,0.9,0.4,9.32,2025,Bhatagaon,Quarterly,0,0
2025-06-01 22:15:00,8.94,20.93,26.34,4.09,58.73,0.31,0.4,9.32,2025,Bhatagaon,Quarterly,0,0
2025-06-01 22:30:00,8.5,22.04,29.15,4.17,59.83,0.05,0.37,9.32,2025,Bhatagaon,Quarterly,0,0
2025-06-01 22:45:00,8.27,24.2,33.63,4.18,59.83,0.05,0.37,9.33,2025,Bhatagaon,Quarterly,0,0
2025-06-01 23:00:00,9.28,22.9,29.58,4.04,59.83,0.05,0.39,9.33,2025,Bhatagaon,Quarterly,0,0
2025-06-01 23:15:00,8.81,21.03,26.73,4.31,59.0,56.75,0.35,9.35,2025,Bhatagaon,Quarterly,0,0
2025-06-01 23:30:00,8.91,20.94,26.4,3.94,58.65,81.05,0.34,9.35,2025,Bhatagaon,Quarterly,0,0
2025-06-01 23:45:00,8.57,20.97,26.99,4.2,58.65,81.05,0.32,9.36,2025,Bhatagaon,Quarterly,0,0
