DateTime,NO,NO2,NOx,SO2,PM10,PM2.5,WS,WD,CO,NH3,Year,Location,Frequency,is_imputed,gap_length
2022-01-06 02:00:00,3.27,30.75,33.21,36.53,108.42,30.89,1.35,232.75,2.61,19.07,2022,AIIMS,Hourly,0,0
2022-01-06 03:00:00,3.13,28.41,30.54,31.68,102.0,31.0,1.26,231.0,2.54,16.58,2022,AIIMS,Hourly,0,0
2022-01-06 04:00:00,2.79,27.45,30.23,35.5,95.55,30.14,0.55,220.7,2.31,20.71,2022,AIIMS,Hourly,0,0
2022-01-06 05:00:00,2.5,16.24,17.76,32.52,94.83,28.28,0.61,209.73,2.4,20.49,2022,AIIMS,Hourly,0,0
2022-01-06 06:00:00,2.5,15.27,17.48,31.42,86.62,24.85,0.56,187.5,2.28,20.25,2022,AIIMS,Hourly,0,0
2022-01-06 07:00:00,2.88,14.94,17.82,31.77,82.84,24.55,1.0,215.44,2.28,17.26,2022,AIIMS,Hourly,0,0
2022-01-06 08:00:00,4.35,21.39,24.9,33.15,89.69,26.77,0.87,222.04,2.65,20.81,2022,AIIMS,Hourly,0,0
2022-01-06 09:00:00,5.84,20.71,26.55,35.62,107.03,29.26,1.14,229.78,2.94,22.69,2022,AIIMS,Hourly,0,0
2022-01-06 10:00:00,6.11,22.14,26.57,36.24,116.96,30.98,1.67,232.0,2.99,24.64,2022,AIIMS,Hourly,0,0
2022-01-06 11:00:00,3.59,24.14,27.34,31.11,114.36,31.64,1.6,230.48,2.81,17.83,2022,AIIMS,Hourly,0,0
2022-01-06 12:00:00,2.14,24.22,26.31,30.59,104.98,29.74,1.07,357.9,2.56,19.81,2022,AIIMS,Hourly,0,0
2022-01-06 13:00:00,2.25,33.81,38.37,31.9,117.67,30.08,0.6,281.04,2.56,21.44,2022,AIIMS,Hourly,0,0
2022-01-06 14:00:00,3.77,39.83,52.93,37.05,131.85,31.12,0.49,83.79,2.59,10.79,2022,AIIMS,Hourly,0,0
2022-01-06 15:00:00,5.52,39.2,46.32,31.87,140.28,32.11,0.73,343.43,2.46,13.83,2022,AIIMS,Hourly,0,0
2022-01-06 16:00:00,4.55,33.13,37.37,22.39,144.23,32.19,1.09,282.48,2.3,15.56,2022,AIIMS,Hourly,0,0
2022-01-06 17:00:00,3.0,25.35,28.36,22.95,144.57,31.83,1.02,23.68,2.08,33.2,2022,AIIMS,Hourly,0,0
2022-01-06 18:00:00,3.45,35.34,38.49,23.04,135.44,27.93,1.19,36.31,2.06,34.29,2022,AIIMS,Hourly,0,0
2022-01-06 19:00:00,6.36,54.26,61.43,34.13,129.47,25.71,0.65,87.37,2.45,33.25,2022,AIIMS,Hourly,0,0
2022-01-06 20:00:00,28.73,59.24,138.42,48.13,131.2,26.06,0.27,136.04,4.16,22.63,2022,AIIMS,Hourly,0,0
2022-01-06 21:00:00,48.86,79.79,173.65,74.74,170.21,32.34,0.3,103.09,5.08,21.0,2022,AIIMS,Hourly,0,0
2022-01-06 22:00:00,54.46,47.79,175.64,76.09,220.28,43.86,0.21,174.7,5.76,27.0,2022,AIIMS,Hourly,0,0
2022-01-06 23:00:00,52.1,62.54,153.54,65.44,268.75,57.23,0.12,218.28,5.27,26.83,2022,AIIMS,Hourly,0,0
2022-01-07 01:00:00,2.0,3.49,5.37,12.95,38.77,11.24,0.7,200.07,0.66,4.0,2022,AIIMS,Hourly,0,0
2022-01-07 02:00:00,2.0,4.09,5.91,14.08,27.48,9.01,0.94,204.77,0.52,4.0,2022,AIIMS,Hourly,0,0
2022-01-07 03:00:00,2.0,3.51,5.28,14.29,23.12,7.38,1.12,215.56,0.45,4.0,2022,AIIMS,Hourly,0,0
2022-01-07 04:00:00,2.0,2.93,4.99,14.38,17.67,5.76,1.19,228.88,0.45,4.0,2022,AIIMS,Hourly,0,0
2022-01-07 05:00:00,2.0,3.93,6.56,15.12,16.37,4.48,1.0,235.18,0.43,4.0,2022,AIIMS,Hourly,0,0
2022-01-07 06:00:00,3.0,5.04,7.86,14.9,16.16,3.62,0.88,230.99,0.49,4.0,2022,AIIMS,Hourly,0,0
2022-01-07 07:00:00,4.0,6.3,10.16,14.39,42.22,3.86,1.06,225.89,0.57,4.08,2022,AIIMS,Hourly,0,0
2022-01-07 08:00:00,4.0,5.72,9.57,14.58,41.13,7.39,1.43,216.84,0.65,4.2,2022,AIIMS,Hourly,0,0
2022-01-07 09:00:00,4.0,7.11,11.75,14.68,38.71,9.53,1.38,230.63,0.8,4.56,2022,AIIMS,Hourly,0,0
2022-01-07 10:00:00,5.0,8.29,13.44,13.53,37.14,9.3,1.57,241.26,0.95,4.85,2022,AIIMS,Hourly,0,0
2022-01-07 11:00:00,5.0,11.06,15.77,13.29,35.58,11.17,1.57,231.01,0.93,4.82,2022,AIIMS,Hourly,0,0
2022-01-07 12:00:00,3.0,9.3,12.8,14.23,39.29,11.61,1.39,231.48,0.95,4.47,2022,AIIMS,Hourly,0,0
2022-01-07 13:00:00,2.0,9.46,11.46,13.49,42.68,16.48,1.8,220.12,0.99,4.27,2022,AIIMS,Hourly,0,0
2022-01-07 14:00:00,2.0,10.31,12.59,9.12,42.56,17.12,1.57,224.52,1.07,4.24,2022,AIIMS,Hourly,0,0
2022-01-07 15:00:00,2.0,10.92,13.05,7.23,42.02,20.49,1.46,225.38,0.84,4.81,2022,AIIMS,Hourly,0,0
2022-01-07 16:00:00,2.0,7.7,9.44,2.96,56.62,22.37,1.59,235.25,0.82,4.1,2022,AIIMS,Hourly,0,0
2022-01-07 17:00:00,2.0,9.41,11.64,8.77,58.23,21.34,1.34,228.95,0.84,3.99,2022,AIIMS,Hourly,0,0
2022-01-07 18:00:00,2.0,12.73,14.67,11.99,57.79,22.69,1.14,208.84,0.85,3.92,2022,AIIMS,Hourly,0,0
2022-01-07 19:00:00,2.0,7.73,9.42,12.48,64.94,22.16,0.95,210.8,0.86,4.0,2022,AIIMS,Hourly,0,0
2022-01-07 20:00:00,2.0,6.23,8.25,12.21,61.21,20.97,0.98,222.96,0.82,4.0,2022,AIIMS,Hourly,0,0
2022-01-07 21:00:00,2.0,6.02,8.02,11.56,53.01,23.96,1.01,227.16,0.8,4.0,2022,AIIMS,Hourly,0,0
2022-01-07 22:00:00,2.0,7.57,9.92,13.32,50.91,22.13,1.04,231.77,0.84,4.0,2022,AIIMS,Hourly,0,0
2022-01-07 23:00:00,2.0,5.88,7.94,13.65,48.32,17.32,1.15,226.77,0.78,4.0,2022,AIIMS,Hourly,0,0
2022-01-08 01:00:00,23.38,10.33,33.64,13.01,131.78,32.55,0.2,169.95,1.37,7.87,2022,AIIMS,Hourly,0,0
2022-01-08 02:00:00,25.05,11.12,34.89,13.06,131.78,32.92,0.11,128.85,1.34,8.16,2022,AIIMS,Hourly,0,0
2022-01-08 03:00:00,22.15,10.03,31.4,12.39,125.57,32.92,0.1,300.06,1.26,7.77,2022,AIIMS,Hourly,0,0
2022-01-08 04:00:00,19.08,9.77,27.67,12.95,106.71,30.81,0.16,270.66,1.15,7.19,2022,AIIMS,Hourly,0,0
2022-01-08 05:00:00,21.14,11.76,32.9,12.8,97.98,26.3,0.23,122.73,1.02,6.83,2022,AIIMS,Hourly,0,0
2022-01-08 06:00:00,21.84,11.62,33.47,12.47,91.92,26.3,0.15,171.33,1.01,7.17,2022,AIIMS,Hourly,0,0
2022-01-08 07:00:00,18.41,9.08,27.34,12.8,84.55,22.11,0.44,184.1,0.88,6.99,2022,AIIMS,Hourly,0,0
2022-01-08 08:00:00,16.81,8.46,24.99,13.19,76.99,23.29,0.7,227.04,0.83,6.52,2022,AIIMS,Hourly,0,0
2022-01-08 09:00:00,13.99,17.5,27.33,12.72,71.28,23.29,0.94,238.49,1.18,6.07,2022,AIIMS,Hourly,0,0
2022-01-08 10:00:00,7.87,15.17,22.87,12.79,69.93,21.9,1.02,241.86,1.06,5.89,2022,AIIMS,Hourly,0,0
2022-01-08 11:00:00,5.15,12.1,16.79,13.63,75.38,27.53,0.86,335.53,1.09,5.03,2022,AIIMS,Hourly,0,0
2022-01-08 12:00:00,3.03,12.97,16.0,13.55,75.38,27.53,0.73,161.54,1.02,4.49,2022,AIIMS,Hourly,0,0
2022-01-08 13:00:00,9.27,19.77,29.04,10.09,59.21,24.21,0.37,119.91,1.53,4.88,2022,AIIMS,Hourly,0,0
2022-01-08 14:00:00,5.27,17.78,23.05,11.76,63.49,24.21,0.52,98.29,1.2,4.84,2022,AIIMS,Hourly,0,0
2022-01-08 15:00:00,3.09,11.81,14.9,12.07,63.49,21.59,0.58,348.72,1.09,4.54,2022,AIIMS,Hourly,0,0
2022-01-08 16:00:00,5.03,15.17,20.21,10.49,59.45,22.82,0.64,229.31,1.03,4.48,2022,AIIMS,Hourly,0,0
2022-01-08 17:00:00,4.27,12.94,17.21,10.82,59.45,22.82,0.55,230.82,1.0,4.29,2022,AIIMS,Hourly,0,0
2022-01-08 18:00:00,2.61,9.56,12.17,11.66,61.14,19.19,1.1,232.1,0.94,4.21,2022,AIIMS,Hourly,0,0
2022-01-08 19:00:00,10.44,26.79,37.24,9.1,85.4,15.62,0.52,244.91,1.01,5.0,2022,AIIMS,Hourly,0,0
2022-01-08 20:00:00,8.62,25.27,33.31,10.03,109.05,20.39,0.58,235.26,1.09,5.3,2022,AIIMS,Hourly,0,0
2022-01-08 21:00:00,9.44,19.43,28.88,12.56,109.05,20.56,0.29,179.35,1.17,5.47,2022,AIIMS,Hourly,0,0
2022-01-08 22:00:00,20.55,24.86,45.41,13.21,127.43,27.05,0.23,190.49,1.54,6.87,2022,AIIMS,Hourly,0,0
2022-01-08 23:00:00,25.44,23.18,47.76,11.25,134.47,27.05,0.21,121.06,1.87,7.62,2022,AIIMS,Hourly,0,0
2022-01-09 01:00:00,3.61,3.73,7.18,7.95,27.44,6.97,0.89,213.94,0.48,4.0,2022,AIIMS,Hourly,0,0
2022-01-09 02:00:00,3.69,3.66,7.29,10.26,19.26,6.97,0.76,210.52,0.46,4.0,2022,AIIMS,Hourly,0,0
2022-01-09 03:00:00,3.72,3.11,6.69,10.49,14.66,5.49,0.65,194.59,0.38,4.0,2022,AIIMS,Hourly,0,0
2022-01-09 04:00:00,3.95,2.51,6.41,8.43,14.66,5.49,0.84,216.21,0.4,4.0,2022,AIIMS,Hourly,0,0
2022-01-09 05:00:00,4.16,3.05,7.19,9.92,11.09,4.23,1.18,225.84,0.38,4.0,2022,AIIMS,Hourly,0,0
2022-01-09 06:00:00,4.36,2.87,6.99,10.98,11.09,3.01,0.65,189.49,0.35,4.0,2022,AIIMS,Hourly,0,0
2022-01-09 07:00:00,5.19,2.65,7.6,10.19,10.56,4.03,0.95,221.36,0.41,4.0,2022,AIIMS,Hourly,0,0
2022-01-09 08:00:00,6.57,2.87,9.44,10.76,12.98,4.03,1.13,225.99,0.54,4.0,2022,AIIMS,Hourly,0,0
2022-01-09 09:00:00,9.89,4.96,14.85,11.36,26.61,3.82,1.14,235.27,0.84,4.0,2022,AIIMS,Hourly,0,0
2022-01-09 10:00:00,10.4,11.27,21.67,11.04,32.39,8.28,1.18,246.34,0.97,4.0,2022,AIIMS,Hourly,0,0
2022-01-09 11:00:00,8.63,14.06,21.64,10.66,50.67,14.75,1.18,318.29,1.03,4.0,2022,AIIMS,Hourly,0,0
2022-01-09 12:00:00,6.65,13.11,19.76,10.11,50.67,14.75,1.3,248.98,1.0,4.0,2022,AIIMS,Hourly,0,0
2022-01-09 13:00:00,3.44,7.7,11.1,13.27,48.98,13.27,1.23,239.2,0.9,4.0,2022,AIIMS,Hourly,0,0
2022-01-09 14:00:00,2.29,8.04,10.33,12.82,59.53,19.16,1.28,263.89,0.96,4.0,2022,AIIMS,Hourly,0,0
2022-01-09 15:00:00,4.37,13.72,18.09,12.75,59.53,19.16,0.49,354.81,1.04,4.0,2022,AIIMS,Hourly,0,0
2022-01-09 16:00:00,2.94,8.16,11.1,10.35,51.69,18.29,0.91,239.35,1.03,4.0,2022,AIIMS,Hourly,0,0
2022-01-09 17:00:00,3.18,5.54,8.56,13.61,51.69,18.29,1.18,244.61,0.89,4.0,2022,AIIMS,Hourly,0,0
2022-01-09 18:00:00,3.74,5.38,8.59,8.29,47.27,17.54,0.92,215.07,0.84,4.0,2022,AIIMS,Hourly,0,0
2022-01-09 19:00:00,3.53,6.05,9.57,14.84,47.27,13.3,0.7,213.45,0.75,4.0,2022,AIIMS,Hourly,0,0
2022-01-09 20:00:00,5.71,9.39,15.1,14.76,41.85,11.5,0.6,210.08,0.74,4.0,2022,AIIMS,Hourly,0,0
2022-01-09 21:00:00,5.91,11.11,17.02,12.74,41.85,13.38,0.65,197.85,0.8,4.0,2022,AIIMS,Hourly,0,0
2022-01-09 22:00:00,3.6,6.05,9.5,13.6,38.91,13.38,0.6,217.07,0.8,4.0,2022,AIIMS,Hourly,0,0
2022-01-09 23:00:00,4.22,4.78,8.72,15.42,40.92,13.31,0.35,202.2,0.76,4.0,2022,AIIMS,Hourly,0,0
2022-01-10 01:00:00,9.5,15.01,24.41,17.34,69.44,25.01,0.7,187.54,1.08,20.06,2022,AIIMS,Hourly,0,0
2022-01-10 02:00:00,9.17,19.59,28.58,17.29,62.58,22.49,0.66,306.71,1.01,20.43,2022,AIIMS,Hourly,0,0
2022-01-10 03:00:00,9.33,19.78,28.74,15.48,59.97,23.95,1.01,109.73,0.9,17.68,2022,AIIMS,Hourly,0,0
2022-01-10 04:00:00,11.19,18.57,29.02,16.73,58.12,23.95,1.51,125.57,0.88,18.36,2022,AIIMS,Hourly,0,0
2022-01-10 05:00:00,15.01,19.2,34.22,15.57,58.12,21.12,1.39,123.43,0.78,20.53,2022,AIIMS,Hourly,0,0
2022-01-10 06:00:00,17.27,20.07,37.34,13.93,59.54,22.97,1.64,193.68,0.85,19.09,2022,AIIMS,Hourly,0,0
2022-01-10 07:00:00,20.69,18.57,39.18,15.22,66.74,23.59,0.96,119.6,1.04,19.84,2022,AIIMS,Hourly,0,0
2022-01-10 08:00:00,21.7,16.12,37.82,15.57,96.88,40.8,0.26,129.5,1.06,22.51,2022,AIIMS,Hourly,0,0
2022-01-10 09:00:00,20.73,31.25,50.95,30.48,127.6,59.06,0.51,197.39,1.55,23.23,2022,AIIMS,Hourly,0,0
2022-01-10 10:00:00,19.0,34.17,52.42,46.4,170.45,68.89,0.4,358.15,1.57,21.85,2022,AIIMS,Hourly,0,0
2022-01-10 11:00:00,14.57,28.52,43.09,36.27,182.13,80.1,0.58,318.26,1.48,20.78,2022,AIIMS,Hourly,0,0
2022-01-10 12:00:00,9.61,25.0,34.61,30.46,182.13,80.1,0.74,46.92,1.35,20.77,2022,AIIMS,Hourly,0,0
2022-01-10 13:00:00,4.94,24.38,29.32,22.35,142.62,59.99,0.5,358.83,0.99,17.78,2022,AIIMS,Hourly,0,0
2022-01-10 14:00:00,4.2,25.96,30.17,22.94,113.7,59.055,0.96,58.81,0.99,19.52,2022,AIIMS,Hourly,1,1
2022-01-10 15:00:00,3.43,21.41,24.84,21.49,84.78,58.12,0.99,73.85,0.92,17.5,2022,AIIMS,Hourly,0,0
2022-01-10 16:00:00,4.74,25.35,30.1,18.83,85.78,57.1,0.72,65.86,0.83,17.52,2022,AIIMS,Hourly,0,0
2022-01-10 17:00:00,4.25,23.28,27.44,17.89,80.78,57.28,0.79,72.76,0.84,16.55,2022,AIIMS,Hourly,0,0
2022-01-10 18:00:00,8.54,32.02,40.56,16.77,82.69,45.38,1.27,135.94,1.13,18.35,2022,AIIMS,Hourly,0,0
2022-01-10 19:00:00,73.86,69.94,156.88,17.9,112.1,47.39,0.95,133.03,4.26,30.57,2022,AIIMS,Hourly,0,0
2022-01-10 20:00:00,58.75,64.56,123.31,17.95,154.02,51.99,0.99,247.72,3.58,30.08,2022,AIIMS,Hourly,0,0
2022-01-10 21:00:00,58.42,39.61,98.03,13.66,209.97,55.83,1.32,157.17,2.81,28.78,2022,AIIMS,Hourly,0,0
2022-01-10 22:00:00,48.7,37.6,85.82,13.76,227.31,61.89,1.25,191.25,2.57,31.12,2022,AIIMS,Hourly,0,0
2022-01-10 23:00:00,52.24,35.66,87.9,12.27,231.7,63.43,1.43,228.59,2.33,30.64,2022,AIIMS,Hourly,0,0
2022-01-11 01:00:00,36.9,79.71,73.84,15.75,183.98,54.59,0.2,82.48,2.44,54.25,2022,AIIMS,Hourly,0,0
2022-01-11 02:00:00,27.76,79.43,65.56,15.54,215.66,56.17,0.46,76.18,2.1,53.83,2022,AIIMS,Hourly,0,0
2022-01-11 03:00:00,20.81,70.86,54.59,13.79,246.37,57.62,0.4,96.65,1.84,53.39,2022,AIIMS,Hourly,0,0
2022-01-11 04:00:00,17.48,60.18,46.34,15.41,172.79,51.99,0.36,78.5,1.64,50.84,2022,AIIMS,Hourly,0,0
2022-01-11 05:00:00,13.47,55.81,40.84,15.31,150.27,49.0,0.51,89.0,1.3,47.5,2022,AIIMS,Hourly,0,0
2022-01-11 06:00:00,13.39,58.05,40.23,14.35,159.72,47.87,0.17,118.99,1.21,50.62,2022,AIIMS,Hourly,0,0
2022-01-11 07:00:00,16.26,54.03,42.14,14.5,171.11,48.3,0.18,121.71,1.22,51.13,2022,AIIMS,Hourly,0,0
2022-01-11 08:00:00,19.13,62.59,48.92,15.48,204.02,53.3,0.38,56.97,1.25,51.4,2022,AIIMS,Hourly,0,0
2022-01-11 09:00:00,21.2,68.02,53.08,16.58,236.4,59.19,0.48,35.99,1.39,54.34,2022,AIIMS,Hourly,0,0
2022-01-11 10:00:00,19.43,62.56,49.14,14.86,212.95,57.19,0.59,105.95,1.36,53.11,2022,AIIMS,Hourly,0,0
2022-01-11 11:00:00,17.05,79.13,53.66,15.53,152.24,47.15,0.4,121.1,1.3,48.7,2022,AIIMS,Hourly,0,0
2022-01-11 12:00:00,6.67,68.05,44.67,72.1,129.36,52.599999999999994,0.38,293.07,1.01,34.02,2022,AIIMS,Hourly,1,1
2022-01-11 13:00:00,3.47,55.1,32.44,30.79,106.48,58.05,0.49,199.91,0.94,26.33,2022,AIIMS,Hourly,0,0
2022-01-11 14:00:00,2.62,51.57,29.92,42.55,106.9,58.04,0.45,258.39,0.91,24.83,2022,AIIMS,Hourly,0,0
2022-01-11 15:00:00,3.58,56.17,33.0,53.37,106.25,59.95,0.47,224.92,0.97,28.97,2022,AIIMS,Hourly,0,0
2022-01-11 16:00:00,3.8,57.55,33.99,62.84,136.02,61.28,0.57,296.8,0.99,32.79,2022,AIIMS,Hourly,0,0
2022-01-11 17:00:00,2.87,79.48,45.9,60.400000000000006,136.01,61.01,0.48,73.31,1.06,34.75,2022,AIIMS,Hourly,1,1
2022-01-11 18:00:00,4.17,79.25,56.37,57.96,135.71,57.15,0.28,100.12,1.38,33.0,2022,AIIMS,Hourly,0,0
2022-01-11 19:00:00,7.71,79.07,57.87,47.54,148.71,50.62,0.26,90.49,1.49,32.13,2022,AIIMS,Hourly,0,0
2022-01-11 20:00:00,6.49,73.11,43.55,14.38,187.8,50.51,0.33,144.69,1.49,32.31,2022,AIIMS,Hourly,0,0
2022-01-11 21:00:00,11.58,76.34,51.65,14.75,195.86,51.74,0.27,132.71,1.89,38.44,2022,AIIMS,Hourly,0,0
2022-01-11 22:00:00,23.0,76.96000000000001,70.61,17.87,205.74,54.8,0.19,123.43,2.19,43.12,2022,AIIMS,Hourly,1,1
2022-01-11 23:00:00,33.43,77.58,84.01,16.24,232.37,62.59,0.24,118.73,2.45,48.03,2022,AIIMS,Hourly,0,0
2022-01-12 01:00:00,71.41,78.71,103.22,10.95,191.86333333333334,83.85,0.32,107.83,3.12,82.68,2022,AIIMS,Hourly,1,1
2022-01-12 02:00:00,67.4,78.51,95.98,10.09,171.61,94.48,0.36,99.85,2.85,83.38,2022,AIIMS,Hourly,0,0
2022-01-12 03:00:00,51.52,76.68,81.38,10.11,157.29,80.44,0.29,115.61,2.5,76.4,2022,AIIMS,Hourly,0,0
2022-01-12 04:00:00,31.31,73.36,63.44,9.83,100.32,68.65,0.29,112.93,2.07,69.3,2022,AIIMS,Hourly,0,0
2022-01-12 05:00:00,17.99,67.37,49.63,9.1,96.34,60.48,0.22,121.29,1.73,70.21,2022,AIIMS,Hourly,0,0
2022-01-12 06:00:00,14.76,60.78,43.59,10.38,96.12,53.26,0.25,126.99,1.57,67.53,2022,AIIMS,Hourly,0,0
2022-01-12 07:00:00,15.97,64.05,46.27,11.27,144.1,52.83,0.16,125.07,1.66,64.97,2022,AIIMS,Hourly,0,0
2022-01-12 08:00:00,24.45,65.27,51.71,11.42,207.05,66.19,0.45,59.72,1.76,70.94,2022,AIIMS,Hourly,0,0
2022-01-12 09:00:00,27.32,64.34,55.52,13.86,200.54,66.33,0.35,32.88,1.82,71.89,2022,AIIMS,Hourly,0,0
2022-01-12 10:00:00,30.01,74.04,63.0,12.55,214.95,73.28,0.25,117.66,1.99,71.68,2022,AIIMS,Hourly,0,0
2022-01-12 11:00:00,27.66,79.58,63.69,12.06,200.96,72.46,0.22,79.21,1.97,73.67,2022,AIIMS,Hourly,0,0
2022-01-12 12:00:00,22.24,73.57,55.65,10.28,133.35,67.2,0.28,276.21,1.8,74.98,2022,AIIMS,Hourly,0,0
2022-01-12 13:00:00,19.24,77.9,54.03,10.93,86.16,58.41,0.25,269.53,1.72,70.52,2022,AIIMS,Hourly,0,0
2022-01-12 14:00:00,10.58,79.24,50.49,11.22,82.0,54.13,0.58,246.39,1.59,66.71,2022,AIIMS,Hourly,0,0
2022-01-12 15:00:00,3.86,79.63,45.63,15.39,103.46,50.24,0.45,310.56,1.49,68.88,2022,AIIMS,Hourly,0,0
2022-01-12 16:00:00,1.37,66.8,35.67,10.84,100.28,49.3,0.29,134.32,1.44,63.64,2022,AIIMS,Hourly,0,0
2022-01-12 17:00:00,1.28,71.06,38.15,11.17,83.42,45.22,0.12,155.68,1.41,60.95,2022,AIIMS,Hourly,0,0
2022-01-12 18:00:00,4.71,77.83,44.08,10.68,88.89,42.28,0.23,145.22,1.55,67.73,2022,AIIMS,Hourly,0,0
2022-01-12 19:00:00,7.0,75.62,45.12,9.83,115.62,40.62,0.25,142.47,1.72,67.75,2022,AIIMS,Hourly,0,0
2022-01-12 20:00:00,24.53,78.41,64.38,10.59,150.23,43.67,0.21,121.0,2.29,69.78,2022,AIIMS,Hourly,0,0
2022-01-12 21:00:00,36.85,78.36480206540448,78.28,11.18,175.95,51.52,0.2,110.93,2.69,76.52,2022,AIIMS,Hourly,1,3
2022-01-12 22:00:00,48.77,78.31960413080894,85.16,11.17,175.95,67.43,0.14,110.25,2.97,84.33,2022,AIIMS,Hourly,1,3
2022-01-12 23:00:00,49.51,78.27440619621342,85.56,10.74,203.71,69.8,0.17,110.88,3.0,82.7,2022,AIIMS,Hourly,1,3
2022-02-06 01:00:00,8.07,52.15,58.15,19.75,266.92,56.6,0.25,138.93,2.65,28.72,2022,AIIMS,Hourly,0,0
2023-01-01 01:00:00,18.98,60.01,46.91,11.15,96.45,30.4,0.45,91.57,1.24,73.25,2023,AIIMS,Hourly,0,0
2023-01-01 02:00:00,15.49,62.69,43.93,10.93,96.45,32.12,0.39,83.64,1.2,66.1,2023,AIIMS,Hourly,0,0
2023-01-01 03:00:00,10.34,62.89,41.83,11.11,86.78,32.12,0.37,88.69,1.11,70.62,2023,AIIMS,Hourly,0,0
2023-01-01 04:00:00,8.6,58.99,38.28,10.45,80.04,31.54,0.24,104.19,1.08,72.44,2023,AIIMS,Hourly,0,0
2023-01-01 05:00:00,9.87,61.04,40.49,11.15,104.94,35.46,0.31,99.01,1.12,68.14,2023,AIIMS,Hourly,0,0
2023-01-01 06:00:00,11.51,63.03,42.82,13.43,135.17,44.49,0.4,91.2,1.29,68.09,2023,AIIMS,Hourly,0,0
2023-01-01 07:00:00,11.67,60.96,41.8,12.56,135.17,47.02,0.42,95.24,1.3,74.44,2023,AIIMS,Hourly,0,0
2023-01-01 08:00:00,12.27,60.67,42.21,13.15,132.48,47.02,0.44,72.1,1.31,73.62,2023,AIIMS,Hourly,0,0
2023-01-01 09:00:00,13.57,64.35,45.18,16.52,114.96,45.4,0.63,64.73,1.42,70.1,2023,AIIMS,Hourly,0,0
2023-01-01 10:00:00,16.48,69.3,49.51,21.0,116.84,48.38,0.71,73.58,1.47,77.04,2023,AIIMS,Hourly,0,0
2023-01-01 11:00:00,16.23,66.0,47.87,13.19,116.84,48.38,0.46,76.13,1.42,75.18,2023,AIIMS,Hourly,0,0
2023-01-01 12:00:00,12.19,70.76,45.43,14.81,91.01,45.1,0.36,104.92,1.27,66.09,2023,AIIMS,Hourly,0,0
2023-01-01 13:00:00,7.73,71.23,44.04,14.14,65.29,37.63,0.53,58.75,1.17,67.7,2023,AIIMS,Hourly,0,0
2023-01-01 14:00:00,4.84,67.37,39.76,12.53,52.64,31.23,0.31,140.73,1.05,70.6,2023,AIIMS,Hourly,0,0
2023-01-01 15:00:00,3.73,68.94,39.68,17.81,52.64,29.84,0.6,135.39,0.97,68.8,2023,AIIMS,Hourly,0,0
2023-01-01 16:00:00,3.78,71.47,41.03,25.05,59.59,30.31,0.66,26.5,0.96,62.31,2023,AIIMS,Hourly,0,0
2023-01-01 17:00:00,4.2,73.36,42.37,19.91,59.59,30.31,0.58,60.91,0.96,67.37,2023,AIIMS,Hourly,0,0
2023-01-01 18:00:00,3.02,65.89,37.52,15.36,55.7,27.4,0.48,83.93,0.93,67.14,2023,AIIMS,Hourly,0,0
2023-01-01 19:00:00,4.79,72.76,42.53,16.73,55.7,26.63,0.41,100.47,1.01,62.88,2023,AIIMS,Hourly,0,0
2023-01-01 20:00:00,11.11,77.02,50.55,13.97,82.34,30.1,0.25,115.81,1.24,70.67,2023,AIIMS,Hourly,0,0
2023-01-01 21:00:00,11.86,71.42,47.33,11.61,113.85,38.18,0.26,119.54,1.46,71.44,2023,AIIMS,Hourly,0,0
2023-01-01 22:00:00,14.06,74.51,50.85,13.96,132.7,47.33,0.2,118.53,1.75,67.49,2023,AIIMS,Hourly,0,0
2023-01-01 23:00:00,15.24,75.94,52.56,14.15,133.1,47.78,0.34,111.37,1.8,67.92,2023,AIIMS,Hourly,0,0
2023-01-02 01:00:00,6.56,76.59,45.48,15.68,87.46,38.54,1.04,51.03,1.18,57.72,2023,AIIMS,Hourly,0,0
2023-01-02 02:00:00,3.94,76.75,43.47,9.85,78.53,30.24,0.9,55.94,1.0,63.23,2023,AIIMS,Hourly,0,0
2023-01-02 03:00:00,3.21,66.99,37.67,11.87,57.74,27.86,0.75,55.35,0.87,62.88,2023,AIIMS,Hourly,0,0
2023-01-02 04:00:00,3.68,66.16,37.72,16.62,50.72,26.21,0.82,61.82,0.79,57.15,2023,AIIMS,Hourly,0,0
2023-01-02 05:00:00,4.89,71.11,41.09,16.77,60.94,26.21,0.85,58.63,0.81,61.46,2023,AIIMS,Hourly,0,0
2023-01-02 06:00:00,5.35,64.03,37.94,9.79,60.94,25.68,0.58,74.71,0.78,62.47,2023,AIIMS,Hourly,0,0
2023-01-02 07:00:00,7.37,67.55,41.4,10.52,70.18,25.7,0.42,82.64,0.82,60.53,2023,AIIMS,Hourly,0,0
2023-01-02 08:00:00,10.49,72.95,46.73,12.18,77.37,29.21,0.46,76.83,0.89,62.93,2023,AIIMS,Hourly,0,0
2023-01-02 09:00:00,16.97,77.44,50.48,10.66,100.58,36.69,0.44,92.58,0.98,68.36,2023,AIIMS,Hourly,0,0
2023-01-02 10:00:00,19.8,77.14,56.0,11.42,100.58,36.69,0.55,76.59,1.05,69.36,2023,AIIMS,Hourly,0,0
2023-01-02 11:00:00,18.58,79.04,62.47,25.08,88.85,32.98,0.77,56.29,1.09,67.32,2023,AIIMS,Hourly,0,0
2023-01-02 12:00:00,20.58,79.025,69.95,71.89,87.72,32.98,0.76,33.33,1.17,63.16,2023,AIIMS,Hourly,1,1
2023-01-02 13:00:00,2.77,79.01,48.27,26.28,87.93,32.98,0.9,39.29,0.83,46.99,2023,AIIMS,Hourly,0,0
2023-01-02 14:00:00,10.35,72.24,45.86,27.48,87.93,31.22,1.01,22.7,0.81,45.85,2023,AIIMS,Hourly,0,0
2023-01-02 15:00:00,8.44,64.24,42.04,28.39,65.33,26.96,0.78,55.74,0.61,31.97,2023,AIIMS,Hourly,0,0
2023-01-02 16:00:00,3.09,61.86,34.99,13.17,62.44,23.54,0.76,47.73,0.61,43.91,2023,AIIMS,Hourly,0,0
2023-01-02 17:00:00,2.92,60.38,34.08,10.57,53.5,21.51,0.5,31.83,0.6,48.61,2023,AIIMS,Hourly,0,0
2023-01-02 18:00:00,8.4,67.24,65.89,15.28,40.56,15.25,0.2,214.08,1.02,56.47,2023,AIIMS,Hourly,0,0
2023-01-02 19:00:00,8.64,72.88499999999999,60.39,12.21,61.39,18.49,0.28,145.05,1.08,61.58,2023,AIIMS,Hourly,1,1
2023-01-02 20:00:00,61.86,78.53,98.59,11.42,210.16,28.46,0.19,136.61,1.58,75.65,2023,AIIMS,Hourly,0,0
2023-01-02 21:00:00,132.32,64.468,158.12,12.4,210.16,50.33,0.17,190.58,2.5,98.73,2023,AIIMS,Hourly,1,3
2023-01-02 22:00:00,168.72,50.406000000000006,184.75,12.64,199.87,58.57,0.94,223.47,2.63,115.21,2023,AIIMS,Hourly,1,3
2023-01-02 23:00:00,173.38,36.344,184.37,12.62,189.58,66.81,0.41,169.57,2.59,115.2,2023,AIIMS,Hourly,1,3
2023-01-03 01:00:00,75.27,8.22,32.22,8.69,138.64,53.57,0.34,221.85,2.29,75.96,2023,AIIMS,Hourly,0,0
2023-01-03 02:00:00,83.99,7.8,33.27,9.29,238.11,58.13,0.27,205.6,2.18,74.11,2023,AIIMS,Hourly,0,0
2023-01-03 03:00:00,80.83,7.98,33.14,10.23,238.11,60.82,0.19,130.2,2.04,74.34,2023,AIIMS,Hourly,0,0
2023-01-03 04:00:00,72.08,8.09,32.0,10.23,170.58,66.43,0.16,197.43,1.97,76.54,2023,AIIMS,Hourly,0,0
2023-01-03 05:00:00,77.3,7.84,31.44,9.89,211.9,74.69,0.21,122.48,1.91,72.97,2023,AIIMS,Hourly,0,0
2023-01-03 06:00:00,85.33,7.78,33.19,9.37,211.9,74.69,0.3,94.78,1.86,76.1,2023,AIIMS,Hourly,0,0
2023-01-03 07:00:00,106.6,7.6,35.69,9.53,163.35,75.04,1.1,247.36,1.93,84.63,2023,AIIMS,Hourly,0,0
2023-01-03 08:00:00,110.31,7.23,35.16,9.29,163.35,81.41,0.23,265.84,1.9,83.18,2023,AIIMS,Hourly,0,0
2023-01-03 09:00:00,96.78,7.68,32.67,12.84,134.28,81.41,0.44,205.01,1.89,76.36,2023,AIIMS,Hourly,0,0
2023-01-03 10:00:00,81.13,8.09,33.17,14.39,219.56,83.2,0.59,337.21,1.99,79.88,2023,AIIMS,Hourly,0,0
2023-01-03 11:00:00,60.68,9.27,32.34,11.87,219.56,83.2,1.16,285.11,1.98,81.62,2023,AIIMS,Hourly,0,0
2023-01-03 12:00:00,3.15,9.28,20.21,17.23,177.625,71.5775,0.82,260.22,1.754,61.13,2023,AIIMS,Hourly,1,6
2023-01-03 13:00:00,3.79,9.18,17.48,22.590000000000003,135.69,59.955,0.78,293.05,1.528,37.11,2023,AIIMS,Hourly,1,6
2023-01-03 14:00:00,2.59,9.23,18.0,27.950000000000003,93.75500000000001,48.3325,0.7,237.12,1.302,30.96,2023,AIIMS,Hourly,1,6
2023-01-03 15:00:00,1.27,9.24,18.22,33.31,51.82,36.71,0.7,252.34,,42.86,2023,AIIMS,Hourly,1,6
2023-01-03 16:00:00,7.773333333333333,10.083333333333334,21.626666666666665,26.65,52.1,32.57,0.56,216.13,0.85,44.59,2023,AIIMS,Hourly,1,6
2023-01-03 17:00:00,14.276666666666667,10.926666666666666,25.033333333333335,13.49,52.1,31.44,0.96,212.72,0.85,51.12,2023,AIIMS,Hourly,1,6
2023-01-03 18:00:00,20.78,11.77,28.44,10.52,47.42,27.76,0.53,218.7,2.3,97.83,2023,AIIMS,Hourly,0,0
2023-01-03 19:00:00,6.02,20.05,25.84,14.47,127.2,32.05,0.19,134.06,2.26,89.21,2023,AIIMS,Hourly,0,0
2023-01-03 20:00:00,25.54,16.79,27.83,23.48,166.9,40.46,0.2,112.67,2.59,79.84,2023,AIIMS,Hourly,0,0
2023-01-03 21:00:00,29.13,9.06,27.53,16.45,176.09,52.82,0.33,233.79,2.69,81.86,2023,AIIMS,Hourly,0,0
2023-01-03 22:00:00,28.09,2.53,24.24,9.06,176.09,55.56,0.19,199.68,2.67,81.23,2023,AIIMS,Hourly,0,0
2023-01-03 23:00:00,24.75,9.97,22.91,24.26,164.05,55.56,0.78,94.84,2.55,72.11,2023,AIIMS,Hourly,0,0
2023-01-04 01:00:00,4.17,25.47,16.38,6.44,42.43,21.53,0.69,302.82,1.0,15.8,2023,AIIMS,Hourly,0,0
2023-01-04 02:00:00,4.03,25.47,16.25,6.5,40.99,18.3,0.27,97.2,0.91,15.81,2023,AIIMS,Hourly,0,0
2023-01-04 03:00:00,4.73,24.36,16.44,6.21,48.85,16.6,0.64,53.19,0.88,15.83,2023,AIIMS,Hourly,0,0
2023-01-04 04:00:00,5.15,23.41,16.2,6.21,56.45,22.54,0.92,37.06,0.89,15.81,2023,AIIMS,Hourly,0,0
2023-01-04 05:00:00,4.72,23.09,15.7,6.71,58.01,21.74,1.74,92.63,0.8,15.8,2023,AIIMS,Hourly,0,0
2023-01-04 06:00:00,3.34,23.18,14.79,6.57,42.82,14.51,0.46,139.8,0.7,15.8,2023,AIIMS,Hourly,0,0
2023-01-04 07:00:00,3.41,22.73,14.61,7.02,30.4,14.33,0.25,179.2,0.67,15.8,2023,AIIMS,Hourly,0,0
2023-01-04 08:00:00,4.56,23.66,16.01,6.7,21.17,12.55,0.63,227.54,0.65,15.82,2023,AIIMS,Hourly,0,0
2023-01-04 09:00:00,5.7,24.77,17.26,7.01,27.26,13.23,0.54,217.63,0.67,15.82,2023,AIIMS,Hourly,0,0
2023-01-04 10:00:00,5.25,24.9,17.15,6.73,23.21,11.55,0.78,207.28,0.67,15.81,2023,AIIMS,Hourly,0,0
2023-01-04 11:00:00,3.04,25.22,15.62,6.83,19.36,8.33,0.98,224.12,0.66,15.8,2023,AIIMS,Hourly,0,0
2023-01-04 12:00:00,1.52,24.05,13.78,5.96,16.6,8.52,1.07,208.08,0.62,15.8,2023,AIIMS,Hourly,0,0
2023-01-04 13:00:00,0.9,22.67,12.57,6.52,13.74,9.29,0.94,259.79,0.59,15.8,2023,AIIMS,Hourly,0,0
2023-01-04 14:00:00,0.84,22.29,12.25,7.1,10.53,8.8,1.21,226.04,0.57,15.8,2023,AIIMS,Hourly,0,0
2023-01-04 15:00:00,0.75,23.0,12.58,7.39,16.21,10.7,0.84,359.49,0.64,15.82,2023,AIIMS,Hourly,0,0
2023-01-04 16:00:00,0.78,25.34,13.82,7.53,23.87,12.87,0.92,351.87,0.79,15.8,2023,AIIMS,Hourly,0,0
2023-01-04 17:00:00,0.61,25.75,13.93,8.9,29.46,12.23,1.03,209.54,0.82,15.81,2023,AIIMS,Hourly,0,0
2023-01-04 18:00:00,0.94,24.48,13.44,6.68,27.96,13.81,0.96,204.25,0.8,15.82,2023,AIIMS,Hourly,0,0
2023-01-04 19:00:00,1.52,26.3,14.96,6.65,32.38,14.8,0.36,167.22,0.76,15.82,2023,AIIMS,Hourly,0,0
2023-01-04 20:00:00,1.94,28.35,16.37,6.53,33.23,12.23,0.43,221.57,0.72,15.8,2023,AIIMS,Hourly,0,0
2023-01-04 21:00:00,2.43,32.49,18.92,6.21,40.16,13.92,0.71,239.6,0.72,15.8,2023,AIIMS,Hourly,0,0
2023-01-04 22:00:00,13.6,41.3,32.48,6.26,151.9,21.43,0.13,106.79,0.96,15.835,2023,AIIMS,Hourly,1,1
2023-01-04 23:00:00,16.68,42.65,35.66,6.6,104.14,22.29,0.17,111.44,1.05,15.87,2023,AIIMS,Hourly,0,0
2023-01-05 01:00:00,14.18,27.12,26.89,6.64,48.33,24.69,0.93,224.59,0.88,15.89,2023,AIIMS,Hourly,0,0
2023-01-05 02:00:00,15.51,28.53,28.34,6.5,63.95,29.06,1.28,230.19,1.02,15.87,2023,AIIMS,Hourly,0,0
2023-01-05 03:00:00,13.91,27.89,27.08,6.09,67.62,29.62,0.23,193.42,0.97,15.88,2023,AIIMS,Hourly,0,0
2023-01-05 04:00:00,11.9,27.29,25.14,6.02,38.13,25.28,0.93,210.08,0.88,15.88,2023,AIIMS,Hourly,0,0
2023-01-05 05:00:00,10.13,27.56,23.65,6.44,27.6,19.95,0.57,200.51,0.87,15.86,2023,AIIMS,Hourly,0,0
2023-01-05 06:00:00,9.97,24.65,22.07,6.84,18.46,14.51,1.15,203.86,0.74,15.82,2023,AIIMS,Hourly,0,0
2023-01-05 07:00:00,9.1,24.4,21.33,6.32,10.59,12.24,0.82,200.54,0.67,15.87,2023,AIIMS,Hourly,0,0
2023-01-05 08:00:00,10.35,25.29,22.87,6.34,11.59,11.61,0.84,352.15,0.63,15.86,2023,AIIMS,Hourly,0,0
2023-01-05 09:00:00,10.79,26.58,23.54,6.07,12.0,9.08,0.15,105.55,0.7,15.86,2023,AIIMS,Hourly,0,0
2023-01-05 10:00:00,9.9,28.47,23.32,6.34,12.26,7.31,0.52,356.57,0.74,15.88,2023,AIIMS,Hourly,0,0
2023-01-05 11:00:00,8.55,29.91,23.27,6.59,23.7,6.55,0.7,255.04,0.76,15.91,2023,AIIMS,Hourly,0,0
2023-01-05 12:00:00,5.75,29.48,21.36,7.64,27.38,8.22,0.73,217.92,0.77,15.86,2023,AIIMS,Hourly,0,0
2023-01-05 13:00:00,5.06,25.88,18.93,7.14,23.94,8.69,0.99,213.98,0.75,15.84,2023,AIIMS,Hourly,0,0
2023-01-05 14:00:00,4.9,24.87,18.27,7.52,17.63,7.77,0.76,199.67,0.71,15.84,2023,AIIMS,Hourly,0,0
2023-01-05 15:00:00,4.96,22.77,17.22,7.26,17.88,8.48,0.7,195.79,0.7,15.86,2023,AIIMS,Hourly,0,0
2023-01-05 16:00:00,4.52,20.57,15.44,7.06,17.35,8.84,0.32,169.65,0.64,15.86,2023,AIIMS,Hourly,0,0
2023-01-05 17:00:00,4.22,20.49,15.44,6.95,16.78,8.89,0.49,187.21,0.6,15.89,2023,AIIMS,Hourly,0,0
2023-01-05 18:00:00,4.25,20.49,15.46,6.02,17.46,6.75,0.27,145.48,0.54,15.88,2023,AIIMS,Hourly,0,0
2023-01-05 19:00:00,4.82,25.19,18.14,6.04,17.64,6.04,0.19,134.79,0.53,15.84,2023,AIIMS,Hourly,0,0
2023-01-05 20:00:00,8.39,25.53,21.42,6.56,28.05,7.97,0.13,126.01,0.69,15.86,2023,AIIMS,Hourly,0,0
2023-01-05 21:00:00,11.21,26.11,23.45,6.43,37.62,11.33,0.29,134.65,0.8,15.86,2023,AIIMS,Hourly,0,0
2023-01-05 22:00:00,12.12,27.38,24.75,6.61,39.28,12.13,1.64,257.14,0.84,15.86,2023,AIIMS,Hourly,0,0
2023-01-05 23:00:00,8.44,28.0,22.75,6.23,29.94,8.97,0.87,208.2,0.75,15.88,2023,AIIMS,Hourly,0,0
2023-01-06 01:00:00,13.08,77.38,57.21,7.7,74.88,39.15,0.17,133.81,1.19,15.8,2023,AIIMS,Hourly,0,0
2023-01-06 02:00:00,12.64,74.09,50.34,9.32,73.83,44.77,0.37,123.06,1.19,15.8,2023,AIIMS,Hourly,0,0
2023-01-06 03:00:00,10.73,66.76,47.57,9.17,68.44,41.87,0.34,99.42,1.12,15.8,2023,AIIMS,Hourly,0,0
2023-01-06 04:00:00,9.84,72.02,51.44,6.89,59.86,37.77,0.31,95.66,1.03,15.8,2023,AIIMS,Hourly,0,0
2023-01-06 05:00:00,9.93,72.03,51.07,6.64,55.54,35.24,0.39,67.43,0.96,15.8,2023,AIIMS,Hourly,0,0
2023-01-06 07:00:00,10.12,77.46,51.13,6.62,48.56,31.14,0.28,84.32,0.87,15.8,2023,AIIMS,Hourly,0,0
2023-01-06 08:00:00,13.43,76.75,58.68,8.12,58.35,34.18,0.63,71.6,1.1,15.8,2023,AIIMS,Hourly,0,0
2023-01-06 09:00:00,14.25,78.94,58.57,41.99,142.0,52.49,0.77,11.22,1.31,15.8,2023,AIIMS,Hourly,0,0
2023-01-06 10:00:00,6.97,58.29,40.8,37.93,77.54,46.46,0.95,22.47,1.04,15.8,2023,AIIMS,Hourly,0,0
2023-01-06 11:00:00,5.29,45.46,29.35,29.57,29.56,38.86,0.94,24.55,0.77,15.8,2023,AIIMS,Hourly,0,0
2023-01-06 12:00:00,4.69,46.62,29.47,18.58,30.7,32.34,0.78,29.11,0.63,15.8,2023,AIIMS,Hourly,0,0
2023-01-06 13:00:00,4.91,52.08,32.14,14.69,40.53,32.6,0.47,359.6,0.63,15.8,2023,AIIMS,Hourly,0,0
2023-01-06 14:00:00,5.03,49.9,30.31,10.88,31.29,29.7,1.0,280.34,0.54,15.8,2023,AIIMS,Hourly,0,0
2023-01-06 15:00:00,5.58,52.05,33.69,12.9,35.82,25.21,1.22,220.95,0.52,15.8,2023,AIIMS,Hourly,0,0
2023-01-06 16:00:00,4.61,51.95,31.37,11.34,26.21,23.16,1.35,224.83,0.53,15.8,2023,AIIMS,Hourly,0,0
2023-01-06 17:00:00,5.11,54.52,33.18,11.39,29.72,21.6,0.99,347.69,0.4,15.8,2023,AIIMS,Hourly,0,0
2023-01-06 18:00:00,4.95,53.27,32.26,12.13,17.12,19.41,1.1,223.06,0.65,15.8,2023,AIIMS,Hourly,0,0
2023-01-06 19:00:00,4.74,68.54,41.93,26.88,31.05,16.88,0.54,213.29,0.74,15.8,2023,AIIMS,Hourly,0,0
2023-01-06 20:00:00,4.64,66.34,39.73,7.76,30.95,19.01,0.33,186.09,0.76,15.8,2023,AIIMS,Hourly,0,0
2023-01-06 21:00:00,5.09,70.96,42.59,6.94,36.79,19.17,0.24,177.97,0.87,15.8,2023,AIIMS,Hourly,0,0
2023-01-06 22:00:00,7.66,73.03,46.5,6.14,37.37,20.02,0.2,196.99,0.87,15.8,2023,AIIMS,Hourly,0,0
2023-01-06 23:00:00,8.07,73.33,45.84,34.83,84.46,21.4,0.29,147.26,0.91,15.8,2023,AIIMS,Hourly,0,0
2023-01-07 01:00:00,8.06,45.74,31.45,7.24,37.07,13.62,6.93,286.54,0.41,3.44,2023,AIIMS,Hourly,0,0
2023-01-07 02:00:00,7.95,42.24,29.76,7.43,31.3,13.62,7.75,275.45,0.38,3.44,2023,AIIMS,Hourly,0,0
2023-01-07 03:00:00,7.79,44.12,30.59,7.46,24.85,11.16,7.02,243.27,0.34,3.48,2023,AIIMS,Hourly,0,0
2023-01-07 04:00:00,7.86,43.9,30.5,7.41,19.13,9.22,8.26,308.69,0.32,3.51,2023,AIIMS,Hourly,0,0
2023-01-07 05:00:00,8.39,45.15,31.67,7.15,17.83,8.65,7.84,291.1,0.31,3.46,2023,AIIMS,Hourly,0,0
2023-01-07 06:00:00,8.74,44.27,31.49,5.56,17.83,8.65,6.43,248.92,0.31,3.36,2023,AIIMS,Hourly,0,0
2023-01-07 07:00:00,8.96,44.19,31.62,5.61,17.14,7.62,7.29,270.88,0.31,3.33,2023,AIIMS,Hourly,0,0
2023-01-07 08:00:00,9.03,43.57,31.24,6.05,17.6,6.92,9.13,284.97,0.35,3.45,2023,AIIMS,Hourly,0,0
2023-01-07 09:00:00,9.53,44.38,32.03,5.88,27.76,8.5,9.14,291.94,0.52,3.47,2023,AIIMS,Hourly,0,0
2023-01-07 10:00:00,7.17,44.45,29.94,5.59,34.73,12.06,8.71,304.91,0.62,3.32,2023,AIIMS,Hourly,0,0
2023-01-07 11:00:00,6.56,45.45,30.36,5.47,40.9,12.06,8.03,284.22,0.66,3.33,2023,AIIMS,Hourly,0,0
2023-01-07 12:00:00,6.06,41.62,27.27,6.43,40.9,10.37,8.02,296.28,0.64,3.01,2023,AIIMS,Hourly,1,1
2023-01-07 13:00:00,6.33,38.24,26.29,7.39,35.1,14.19,7.51,286.7,0.62,2.92,2023,AIIMS,Hourly,0,0
2023-01-07 14:00:00,6.16,37.9,25.75,9.68,40.64,14.19,9.34,287.59,0.63,2.72,2023,AIIMS,Hourly,0,0
2023-01-07 15:00:00,6.31,42.04,28.16,9.95,40.64,12.88,10.34,297.19,0.67,3.01,2023,AIIMS,Hourly,0,0
2023-01-07 16:00:00,5.75,37.2,25.4,9.87,39.52,13.18,8.53,295.93,0.57,2.91,2023,AIIMS,Hourly,0,0
2023-01-07 17:00:00,5.72,37.44,25.5,9.13,39.52,13.18,6.55,281.92,0.51,2.9,2023,AIIMS,Hourly,0,0
2023-01-07 18:00:00,4.62,32.51,22.04,5.28,35.43,10.96,7.64,282.42,0.24,2.49,2023,AIIMS,Hourly,0,0
2023-01-07 19:00:00,4.92,36.69,24.46,6.12,34.14,9.17,8.68,290.28,0.28,2.61,2023,AIIMS,Hourly,0,0
2023-01-07 20:00:00,5.68,38.45,25.7,5.95,28.58,9.83,6.03,286.09,0.29,2.73,2023,AIIMS,Hourly,0,0
2023-01-07 21:00:00,6.5,39.48,27.02,5.88,28.58,12.48,6.06,293.62,0.32,2.93,2023,AIIMS,Hourly,0,0
2023-01-07 22:00:00,6.85,42.51,28.97,5.81,27.76,12.79,6.1,295.91,0.33,3.19,2023,AIIMS,Hourly,0,0
2023-01-07 23:00:00,7.14,41.56,28.7,6.04,27.39,12.79,8.35,271.18,0.33,3.35,2023,AIIMS,Hourly,0,0
2023-01-08 01:00:00,7.27,26.95,21.04,5.03,55.68,12.66,4.29,217.31,0.45,2.68,2023,AIIMS,Hourly,0,0
2023-01-08 02:00:00,7.16,24.7,20.0,4.75,51.82,12.11,4.35,222.93,0.41,2.49,2023,AIIMS,Hourly,0,0
2023-01-08 03:00:00,6.88,23.88,19.34,4.74,48.63,12.11,4.35,217.44,0.38,2.43,2023,AIIMS,Hourly,0,0
2023-01-08 04:00:00,8.13,24.4,20.33,5.21,42.62,11.66,4.52,219.84,0.37,2.64,2023,AIIMS,Hourly,0,0
2023-01-08 05:00:00,10.25,24.92,22.59,5.12,40.96,8.74,4.54,219.8,0.36,2.81,2023,AIIMS,Hourly,0,0
2023-01-08 06:00:00,9.98,23.79,21.78,6.24,36.94,8.05,4.45,217.18,0.34,2.77,2023,AIIMS,Hourly,0,0
2023-01-08 07:00:00,12.23,25.67,24.35,6.01,31.12,6.02,4.24,224.99,0.35,2.8,2023,AIIMS,Hourly,0,0
2023-01-08 08:00:00,13.36,25.43,25.1,6.15,29.9,7.59,4.69,221.15,0.38,2.85,2023,AIIMS,Hourly,0,0
2023-01-08 09:00:00,14.33,25.39,25.78,6.2,41.59,7.59,4.51,228.4,0.46,2.86,2023,AIIMS,Hourly,0,0
2023-01-08 10:00:00,15.18,26.11,26.71,6.32,45.7,9.5,4.59,223.29,0.52,2.99,2023,AIIMS,Hourly,0,0
2023-01-08 11:00:00,15.03,26.11,26.65,6.13,49.34,10.98,4.31,223.74,0.54,3.1,2023,AIIMS,Hourly,0,0
2023-01-08 12:00:00,14.55,26.29,26.57,6.27,49.34,10.98,4.38,223.93,0.47,3.11,2023,AIIMS,Hourly,0,0
2023-01-08 13:00:00,14.15,26.43,26.14,6.62,45.78,8.15,4.33,223.0,0.47,3.07,2023,AIIMS,Hourly,0,0
2023-01-08 14:00:00,14.9,28.68,27.9,6.03,34.61,9.46,4.75,221.65,0.47,3.16,2023,AIIMS,Hourly,0,0
2023-01-08 15:00:00,14.61,29.12,28.08,6.09,39.4,9.46,5.18,222.79,0.48,3.1,2023,AIIMS,Hourly,0,0
2023-01-08 16:00:00,13.09,28.85,26.92,6.69,53.01,11.91,4.64,216.97,0.48,2.94,2023,AIIMS,Hourly,0,0
2023-01-08 17:00:00,10.2,31.24,24.51,6.15,58.03,13.87,4.61,215.68,0.45,2.82,2023,AIIMS,Hourly,0,0
2023-01-08 18:00:00,7.4,28.53,21.94,5.79,58.03,13.87,4.19,224.26,0.53,2.6,2023,AIIMS,Hourly,0,0
2023-01-08 19:00:00,6.73,28.09,21.31,5.96,56.46,9.91,4.55,213.23,0.56,2.62,2023,AIIMS,Hourly,0,0
2023-01-08 20:00:00,6.08,27.97,20.83,6.35,53.39,9.15,4.18,218.96,0.58,2.52,2023,AIIMS,Hourly,0,0
2023-01-08 21:00:00,6.31,27.25,20.64,6.06,47.27,10.88,4.51,216.22,0.59,2.5,2023,AIIMS,Hourly,0,0
2023-01-08 22:00:00,6.56,25.85,20.04,5.92,46.08,10.88,4.31,215.23,0.57,2.28,2023,AIIMS,Hourly,0,0
2023-01-08 23:00:00,7.01,26.13,20.62,5.83,42.88,8.52,5.08,222.36,0.67,2.26,2023,AIIMS,Hourly,0,0
2023-01-09 01:00:00,32.74,59.46,54.5,4.63,128.95,31.49,4.96076923076923,222.00923076923078,1.33,50.41,2023,AIIMS,Hourly,1,23
2023-01-09 02:00:00,13.99,42.5,33.82,4.41,131.65,33.98,4.901153846153846,221.83384615384617,1.02,30.17,2023,AIIMS,Hourly,1,23
2023-01-09 03:00:00,12.59,38.3,31.46,4.55,109.31,28.66,4.841538461538462,221.65846153846155,0.99,29.96,2023,AIIMS,Hourly,1,23
2023-01-09 04:00:00,8.21,40.85,30.17,3.36,83.47,29.7,,,0.82,23.65,2023,AIIMS,Hourly,1,23
2023-01-09 05:00:00,10.22,38.28,26.77,2.99,84.29,30.16,,,0.8,26.74,2023,AIIMS,Hourly,1,23
2023-01-09 06:00:00,10.9,32.8,24.29,4.48,91.89,22.89,,,0.69,48.78,2023,AIIMS,Hourly,1,23
2023-01-09 07:00:00,12.07,24.26,23.57,4.6,67.75,22.55,,,0.72,31.11,2023,AIIMS,Hourly,1,23
2023-01-09 08:00:00,11.78,27.06,24.67,4.13,65.52,21.55,,,0.84,26.32,2023,AIIMS,Hourly,1,23
2023-01-09 09:00:00,9.08,25.36,21.88,4.61,65.69,20.15,,,0.92,26.27,2023,AIIMS,Hourly,1,23
2023-01-09 10:00:00,7.69,24.54,20.34,4.27,65.07,20.85,,,0.79,21.8,2023,AIIMS,Hourly,1,23
2023-01-09 11:00:00,5.96,16.92,14.89,5.27,64.18,19.86,,,0.66,15.17,2023,AIIMS,Hourly,1,23
2023-01-09 12:00:00,6.82,18.61,16.54,4.82,58.03,16.5,,,0.58,18.3,2023,AIIMS,Hourly,1,23
2023-01-09 13:00:00,6.12,20.61,17.02,4.78,60.84,17.89,,,0.65,17.96,2023,AIIMS,Hourly,1,23
2023-01-09 14:00:00,4.59,25.31,18.25,5.34,57.69,21.03,,,0.73,13.99,2023,AIIMS,Hourly,1,23
2023-01-09 15:00:00,6.04,21.61,18.07,5.32,53.1,20.76,,,0.72,13.3,2023,AIIMS,Hourly,1,23
2023-01-09 16:00:00,4.87,19.61,15.41,5.68,56.41,22.81,,,0.53,9.24,2023,AIIMS,Hourly,1,23
2023-01-09 17:00:00,6.55,25.82,20.09,5.09,58.93,22.17,,,0.62,12.29,2023,AIIMS,Hourly,1,23
2023-01-09 18:00:00,5.64,25.07,18.97,3.78,64.27,21.37,,,0.67,10.08,2023,AIIMS,Hourly,1,23
2023-01-09 19:00:00,5.21,28.12,19.93,3.3,70.52,22.22,,,0.62,10.94,2023,AIIMS,Hourly,1,23
2023-01-09 20:00:00,8.73,35.21,26.75,3.61,72.97,19.64,,,0.77,20.81,2023,AIIMS,Hourly,1,23
2023-01-09 21:00:00,8.52,39.17,28.65,2.67,73.47,16.03,,,0.86,23.14,2023,AIIMS,Hourly,1,23
2023-01-09 22:00:00,6.46,34.07,24.32,3.15,76.45,18.79,,,0.92,18.8,2023,AIIMS,Hourly,1,23
2023-01-09 23:00:00,11.58,35.19,29.02,2.99,78.67,20.06,,,0.72,20.53,2023,AIIMS,Hourly,1,23
2023-01-10 01:00:00,7.97,16.53,16.38,9.19,76.36,24.14,3.53,217.8,0.75,12.14,2023,AIIMS,Hourly,0,0
2023-01-10 02:00:00,7.81,15.64,15.79,9.24,62.2,19.92,3.69,219.26,0.73,11.84,2023,AIIMS,Hourly,0,0
2023-01-10 03:00:00,7.73,14.8,15.29,9.47,53.48,17.56,3.72,211.96,0.71,11.41,2023,AIIMS,Hourly,0,0
2023-01-10 04:00:00,7.68,14.97,15.32,9.29,46.35,19.11,3.18,237.68,0.7,11.75,2023,AIIMS,Hourly,0,0
2023-01-10 05:00:00,7.89,14.08,14.87,9.25,49.42,20.31,3.47,218.25,0.68,10.64,2023,AIIMS,Hourly,0,0
2023-01-10 06:00:00,8.66,14.48,15.71,8.19,50.5,20.44,3.44,220.33,0.67,11.03,2023,AIIMS,Hourly,0,0
2023-01-10 07:00:00,9.03,14.39,15.85,9.07,49.57,20.45,3.61,220.01,0.67,10.91,2023,AIIMS,Hourly,0,0
2023-01-10 08:00:00,9.45,14.83,16.5,8.92,51.9,19.26,1.9,217.34,0.66,12.25,2023,AIIMS,Hourly,0,0
2023-01-10 09:00:00,9.46,15.38,16.93,8.41,52.15,16.12,2.04,216.22,0.64,12.45,2023,AIIMS,Hourly,0,0
2023-01-10 10:00:00,9.12,16.3,17.05,8.66,51.98,25.77,1.99,214.57,0.74,12.58,2023,AIIMS,Hourly,0,0
2023-01-10 11:00:00,8.36,18.02,16.91,8.72,59.69,26.7,2.02,215.87,0.82,12.75,2023,AIIMS,Hourly,0,0
2023-01-10 12:00:00,6.88,18.32,16.27,8.45,65.26,26.81,2.4,217.32,0.87,12.03,2023,AIIMS,Hourly,0,0
2023-01-10 13:00:00,5.6,18.41,15.45,8.82,66.92,26.91,2.34,217.14,0.87,11.27,2023,AIIMS,Hourly,0,0
2023-01-10 14:00:00,4.48,17.5,14.09,8.37,67.02,27.58,2.61,222.98,0.8,9.6,2023,AIIMS,Hourly,0,0
2023-01-10 15:00:00,3.8,17.39,13.49,8.73,58.8,27.72,2.43,226.61,0.7,9.5,2023,AIIMS,Hourly,0,0
2023-01-10 16:00:00,4.29,17.11,13.73,8.38,56.39,21.05,2.4,227.13,0.61,9.47,2023,AIIMS,Hourly,0,0
2023-01-10 17:00:00,4.18,17.73,13.93,7.93,63.13,21.26,2.86,223.95,0.58,9.34,2023,AIIMS,Hourly,0,0
2023-01-10 18:00:00,4.03,19.88,14.9,8.42,65.06,20.2,2.79,221.31,0.52,10.09,2023,AIIMS,Hourly,0,0
2023-01-10 19:00:00,4.42,19.46,15.0,8.73,65.18,20.36,1.16,114.26,0.55,10.25,2023,AIIMS,Hourly,0,0
2023-01-10 20:00:00,4.63,18.57,14.5,8.66,61.47,16.6,1.77,195.16,0.58,9.14,2023,AIIMS,Hourly,0,0
2023-01-10 21:00:00,5.76,21.07,16.64,8.84,54.27,17.71,1.91,227.19,0.66,10.08,2023,AIIMS,Hourly,0,0
2023-01-10 22:00:00,6.53,18.92,16.18,8.78,64.58,20.45,1.43,227.23,0.63,9.7,2023,AIIMS,Hourly,0,0
2023-01-10 23:00:00,6.8,17.33,15.85,8.85,65.41,20.66,1.49,222.26,0.63,9.26,2023,AIIMS,Hourly,0,0
2023-01-11 01:00:00,16.32,67.41,49.39,9.13,122.69,54.21,5.23,134.68,1.51,21.38,2023,AIIMS,Hourly,0,0
2023-01-11 02:00:00,20.42,66.06,52.24,8.89,156.98,49.72,4.47,135.43,1.4,23.36,2023,AIIMS,Hourly,0,0
2023-01-11 03:00:00,25.64,64.89,54.08,8.95,196.43,54.96,4.42,234.89,1.32,24.3,2023,AIIMS,Hourly,0,0
2023-01-11 04:00:00,26.17,62.31,54.89,8.75,196.43,60.15,3.71,140.82,1.24,24.8,2023,AIIMS,Hourly,0,0
2023-01-11 05:00:00,25.78,61.41,53.96,8.6,169.83,60.78,3.78,116.82,1.15,24.27,2023,AIIMS,Hourly,0,0
2023-01-11 06:00:00,24.67,61.4,52.71,8.95,156.77,61.62,3.65,108.82,1.14,23.49,2023,AIIMS,Hourly,0,0
2023-01-11 07:00:00,24.68,61.87,53.47,8.93,169.56,81.74,3.2,116.47,1.16,24.37,2023,AIIMS,Hourly,0,0
2023-01-11 08:00:00,27.29,62.95,55.93,9.39,169.56,107.33,3.02,137.79,1.23,25.88,2023,AIIMS,Hourly,0,0
2023-01-11 09:00:00,26.33,66.52,55.94,9.18,158.18,107.33,1.84,98.43,1.25,26.15,2023,AIIMS,Hourly,0,0
2023-01-11 10:00:00,23.91,65.11,53.93,9.32,158.18,85.2,2.38,109.7,1.24,24.82,2023,AIIMS,Hourly,0,0
2023-01-11 11:00:00,19.48,63.14,49.97,9.25,88.08,66.76,2.23,101.27,1.2,22.42,2023,AIIMS,Hourly,0,0
2023-01-11 12:00:00,6.05,59.94,37.51,9.2,85.7,44.52,2.46,118.02,1.07,15.71,2023,AIIMS,Hourly,0,0
2023-01-11 13:00:00,6.43,40.31,27.57,12.3,72.7,44.52,3.63,70.12,0.94,6.7,2023,AIIMS,Hourly,0,0
2023-01-11 14:00:00,5.28,42.48,27.78,10.93,73.65,39.8,4.64,146.74,0.9,6.66,2023,AIIMS,Hourly,0,0
2023-01-11 15:00:00,5.87,42.12,27.72,9.82,73.65,40.12,4.37,119.58,0.83,6.71,2023,AIIMS,Hourly,0,0
2023-01-11 16:00:00,5.97,39.93,26.74,9.71,58.72,40.12,4.27,160.1,0.79,5.97,2023,AIIMS,Hourly,0,0
2023-01-11 17:00:00,6.88,43.27,28.91,9.97,55.34,33.33,4.19,138.74,0.84,7.44,2023,AIIMS,Hourly,0,0
2023-01-11 18:00:00,12.34,50.26,36.68,9.95,79.3,27.73,6.09,121.68,1.07,12.78,2023,AIIMS,Hourly,0,0
2023-01-11 19:00:00,17.08,51.94,41.62,10.42,109.73,28.54,5.92,134.63,1.3,15.46,2023,AIIMS,Hourly,0,0
2023-01-11 20:00:00,21.6,53.11,46.43,11.32,123.58,32.06,6.0,123.25,1.62,19.78,2023,AIIMS,Hourly,0,0
2023-01-11 21:00:00,30.65,67.34,58.27,10.88,183.12,59.04,6.25,129.14,1.71,27.44,2023,AIIMS,Hourly,0,0
2023-01-11 22:00:00,37.74,60.58,62.44,11.76,183.12,83.02,6.02,129.74,1.87,30.41,2023,AIIMS,Hourly,0,0
2023-01-11 23:00:00,43.37,58.57,66.02,11.68,157.3,67.16666666666666,5.82,125.81,1.94,33.02,2023,AIIMS,Hourly,1,24
2023-01-12 01:00:00,27.71,36.45,41.37,6.57,105.66,35.46,0.51,76.22,1.25,33.00977130977131,2023,AIIMS,Hourly,1,24
2023-01-12 02:00:00,23.64,35.27,38.45,6.86,105.66,35.19,0.63,78.9,1.09,33.00465696465697,2023,AIIMS,Hourly,1,24
2023-01-12 03:00:00,20.5,35.07,36.04,6.36,83.33,33.41,0.69,91.25,0.95,32.99954261954262,2023,AIIMS,Hourly,1,24
2023-01-12 04:00:00,19.47,34.21,34.84,6.16,76.22,33.41,0.65,79.99,0.86,,2023,AIIMS,Hourly,1,24
2023-01-12 05:00:00,17.67,34.4,33.07,6.29,74.66,32.81,0.68,81.04,0.77,,2023,AIIMS,Hourly,1,24
2023-01-12 06:00:00,16.49,33.29,31.97,4.95,110.61,41.29,0.59,96.25,0.81,,2023,AIIMS,Hourly,1,24
2023-01-12 07:00:00,14.38,31.83,29.04,5.47,110.61,44.44,0.63,141.7,0.78,,2023,AIIMS,Hourly,1,24
2023-01-12 08:00:00,13.76,32.95,29.25,5.2,110.02,46.71,0.68,75.84,0.83,,2023,AIIMS,Hourly,1,24
2023-01-12 09:00:00,15.0,37.45,32.95,5.44,130.08,48.31,0.48,98.44,0.89,,2023,AIIMS,Hourly,1,24
2023-01-12 10:00:00,14.59,36.84,32.3,6.24,130.08,48.31,0.56,102.67,0.9,,2023,AIIMS,Hourly,1,24
2023-01-12 11:00:00,11.21,41.65,29.56,5.8,82.05,40.25,0.29,322.94,0.88,,2023,AIIMS,Hourly,1,24
2023-01-12 12:00:00,4.66,43.46,27.8,9.27,68.1,35.64,0.2,180.64,0.79,,2023,AIIMS,Hourly,1,24
2023-01-12 13:00:00,4.44,29.72,20.25,9.21,52.22,29.92,0.23,333.77,0.76,,2023,AIIMS,Hourly,1,24
2023-01-12 14:00:00,4.41,29.52,20.06,7.39,51.43,27.61,0.37,60.19,0.72,,2023,AIIMS,Hourly,1,24
2023-01-12 15:00:00,5.33,29.04,20.8,7.35,51.43,24.83,0.46,80.83,0.68,,2023,AIIMS,Hourly,1,24
2023-01-12 16:00:00,5.03,28.23,20.13,8.01,52.23,23.79,0.18,109.32,0.62,,2023,AIIMS,Hourly,1,24
2023-01-12 17:00:00,7.61,34.01,25.22,8.06,52.23,17.28,0.21,116.07,0.71,,2023,AIIMS,Hourly,1,24
2023-01-12 18:00:00,11.28,35.92,29.17,4.88,73.28,21.11,0.15,97.38,0.81,,2023,AIIMS,Hourly,1,24
2023-01-12 19:00:00,14.86,37.79,32.99,5.1,98.37,29.47,0.23,112.11,0.98,,2023,AIIMS,Hourly,1,24
2023-01-12 20:00:00,21.33,41.15,38.96,5.16,132.2,41.25,0.2,119.14,1.08,,2023,AIIMS,Hourly,1,24
2023-01-12 21:00:00,22.39,37.45,38.63,4.8,149.29,43.29,0.22,108.52,1.13,,2023,AIIMS,Hourly,1,24
2023-01-12 22:00:00,20.68,34.45,35.93,4.74,149.29,43.29,0.32,102.94,1.1,,2023,AIIMS,Hourly,1,24
2023-01-12 23:00:00,19.16,33.4,34.16,5.0,110.32,40.33,0.26,80.91,1.06,,2023,AIIMS,Hourly,1,24
2023-06-01 06:00:00,10.01,73.96,48.02,6.66,52.3,33.09,0.26,93.52,0.85,15.8,2023,AIIMS,Hourly,0,0
2024-01-01 01:00:00,43.9,58.68,67.02,5.73,149.73,93.91,0.17,113.7,1.7,15.51,2024,AIIMS,Hourly,0,0
2024-01-01 02:00:00,48.23,58.47,69.95,5.83,197.08999999999997,101.405,0.18,125.05,1.69,15.44,2024,AIIMS,Hourly,1,1
2024-01-01 03:00:00,49.44,56.39,70.46,6.06,244.45,108.9,0.38,350.84,1.66,15.98,2024,AIIMS,Hourly,0,0
2024-01-01 04:00:00,43.98,53.28,64.46,7.04,198.56,104.41,0.23,128.24,1.54,15.86,2024,AIIMS,Hourly,0,0
2024-01-01 05:00:00,35.59,50.89,56.48,6.0,187.89,98.93,0.15,100.9,1.42,16.19,2024,AIIMS,Hourly,0,0
2024-01-01 06:00:00,29.01,49.68,50.57,4.94,164.74,93.6,0.24,86.74,1.27,15.07,2024,AIIMS,Hourly,0,0
2024-01-01 07:00:00,22.28,48.9,44.76,4.84,135.95,88.83,0.31,77.72,1.18,15.29,2024,AIIMS,Hourly,0,0
2024-01-01 08:00:00,17.82,48.04,40.74,4.44,124.7,81.96,0.17,93.99,1.07,15.41,2024,AIIMS,Hourly,0,0
2024-01-01 09:00:00,16.65,48.12,39.84,3.78,130.86,77.08,0.14,91.35,1.02,15.79,2024,AIIMS,Hourly,0,0
2024-01-01 10:00:00,15.29,49.32,39.04,4.08,123.19,70.76,0.25,81.44,0.97,14.7,2024,AIIMS,Hourly,0,0
2024-01-01 11:00:00,12.96,50.46,37.65,4.59,99.96,62.8,0.29,283.28,0.95,15.96,2024,AIIMS,Hourly,0,0
2024-01-01 12:00:00,8.95,50.87,35.1,4.87,89.01,58.05,0.9,205.37,0.92,16.06,2024,AIIMS,Hourly,0,0
2024-01-01 13:00:00,4.98,49.85,31.39,4.72,81.2,54.09,0.85,328.22,0.89,14.77,2024,AIIMS,Hourly,0,0
2024-01-01 14:00:00,3.99,45.62,28.38,5.03,75.96,54.18,0.5,265.83,0.86,15.47,2024,AIIMS,Hourly,0,0
2024-01-01 15:00:00,4.02,45.34,28.23,5.49,90.3,52.77,0.26,354.44,0.84,15.48,2024,AIIMS,Hourly,0,0
2024-01-01 16:00:00,4.01,44.84,27.92,6.34,111.07,60.78,0.18,135.6,0.81,15.79,2024,AIIMS,Hourly,0,0
2024-01-01 17:00:00,4.03,44.56,27.85,5.03,92.57,55.76,0.21,135.69,0.77,15.26,2024,AIIMS,Hourly,0,0
2024-01-01 18:00:00,6.44,51.35,33.34,6.17,79.8,51.54,0.23,121.57,0.98,15.26,2024,AIIMS,Hourly,0,0
2024-01-01 19:00:00,7.65,54.5,35.96,6.29,106.68,53.68,0.26,129.56,1.11,15.61,2024,AIIMS,Hourly,0,0
2024-01-01 20:00:00,10.38,57.1,39.49,6.26,135.5,61.18,0.19,118.14,1.25,16.12,2024,AIIMS,Hourly,0,0
2024-01-01 21:00:00,18.53,58.87,46.96,6.65,122.72,58.35,0.2,106.12,1.51,15.6,2024,AIIMS,Hourly,0,0
2024-01-01 22:00:00,24.78,60.33,52.75,6.23,120.29,62.01,0.16,126.08,1.75,14.94,2024,AIIMS,Hourly,0,0
2024-01-01 23:00:00,28.19,61.0,55.65,6.58,141.74,65.48,0.15,136.49,1.91,15.8,2024,AIIMS,Hourly,0,0
2024-01-02 01:00:00,19.81,52.12,43.85,6.55,83.51,43.0,0.33,195.28,1.04,16.09846153846154,2024,AIIMS,Hourly,1,37
2024-01-02 02:00:00,19.85,50.39,43.59,6.49,83.51,43.0,0.14,154.28,1.01,16.247692307692308,2024,AIIMS,Hourly,1,37
2024-01-02 03:00:00,17.78,48.8,41.11,6.02,66.16,42.53,0.17,111.64,0.92,16.396923076923077,2024,AIIMS,Hourly,1,37
2024-01-02 04:00:00,16.25,48.24,39.58,6.29,54.72,40.03,0.39,348.33,0.83,,2024,AIIMS,Hourly,1,37
2024-01-02 05:00:00,14.75,46.44,37.32,6.24,55.27,39.49,0.3,355.05,0.78,,2024,AIIMS,Hourly,1,37
2024-01-02 06:00:00,14.36,45.21,36.49,6.05,58.16,40.25,0.17,250.82,0.77,,2024,AIIMS,Hourly,1,37
2024-01-02 07:00:00,14.06,43.73,35.47,6.09,58.16,40.25,0.16,118.82,0.77,,2024,AIIMS,Hourly,1,37
2024-01-02 08:00:00,15.74,44.44,37.19,6.03,78.06,45.55,0.17,122.46,0.85,,2024,AIIMS,Hourly,1,37
2024-01-02 09:00:00,21.24,48.03,43.48,7.37,118.69,64.95,0.28,355.29,1.03,,2024,AIIMS,Hourly,1,37
2024-01-02 10:00:00,22.43,51.97,45.93,7.58,148.05,81.34,0.29,274.16,1.14,,2024,AIIMS,Hourly,1,37
2024-01-02 11:00:00,20.88,54.42,45.77,7.21,148.05,81.34,1.31,302.2,1.16,,2024,AIIMS,Hourly,1,37
2024-01-02 12:00:00,15.3,53.57,41.52,8.44,79.25,78.05,1.07,294.58,0.98,,2024,AIIMS,Hourly,1,37
2024-01-02 13:00:00,8.98,54.12,36.83,8.65,57.88,60.61,1.02,243.24,0.92,,2024,AIIMS,Hourly,1,37
2024-01-02 14:00:00,5.21,51.08,31.1,7.22,37.0,46.19,1.19,231.26,0.83,,2024,AIIMS,Hourly,1,37
2024-01-02 15:00:00,4.75,43.67,27.94,8.06,29.77,40.015,1.61,210.55,0.76,,2024,AIIMS,Hourly,1,37
2024-01-02 16:00:00,4.12,42.91,26.98,8.12,22.54,33.839999999999996,1.46,217.24,0.68,,2024,AIIMS,Hourly,1,37
2024-01-02 17:00:00,4.29,41.15,26.24,7.95,15.309999999999999,27.665,1.05,219.9,0.59,,2024,AIIMS,Hourly,1,37
2024-01-02 18:00:00,5.79,44.4,29.19,7.16,8.08,21.49,0.19,130.97,0.65,,2024,AIIMS,Hourly,1,37
2024-01-02 19:00:00,9.59,48.51,34.39,7.04,11.93,22.3,0.21,131.42,0.73,,2024,AIIMS,Hourly,1,37
2024-01-02 20:00:00,10.26,47.88,34.46,7.09,20.7,24.61,0.19,169.4,0.76,,2024,AIIMS,Hourly,1,37
2024-01-02 21:00:00,19.29,49.9,42.89,6.44,25.93,25.98,0.22,127.44,1.05,,2024,AIIMS,Hourly,1,37
2024-01-02 22:00:00,25.08,49.94,47.36,7.01,34.28,31.36,0.21,138.03,1.23,,2024,AIIMS,Hourly,1,37
2024-01-02 23:00:00,35.97,49.63,55.66,7.45,38.8,35.17,0.22,191.04,1.3,,2024,AIIMS,Hourly,1,37
2024-01-03 01:00:00,31.919999999999998,51.7825,56.863749999999996,5.53,96.85,26.33,0.26,214.38,1.3,19.68,2024,AIIMS,Hourly,1,37
2024-01-03 02:00:00,29.895,52.85875,57.465624999999996,5.29,96.46,25.22,0.61,220.6,1.16,19.66,2024,AIIMS,Hourly,1,37
2024-01-03 03:00:00,27.869999999999997,53.935,58.067499999999995,5.35,122.36,29.31,0.58,224.39,1.11,20.0,2024,AIIMS,Hourly,1,37
2024-01-03 04:00:00,,,,5.25,128.75,30.99,0.67,208.06,1.05,20.0,2024,AIIMS,Hourly,1,37
2024-01-03 05:00:00,,,,4.86,117.37,31.18,0.54,96.33,0.94,20.28,2024,AIIMS,Hourly,1,37
2024-01-03 06:00:00,,,,4.87,119.6,34.34,0.26,103.67,0.92,19.78,2024,AIIMS,Hourly,1,37
2024-01-03 07:00:00,,,,4.56,133.13,39.32,0.33,85.48,0.95,19.17,2024,AIIMS,Hourly,1,37
2024-01-03 08:00:00,,,,5.18,135.37,55.65,0.3,66.91,1.07,19.21,2024,AIIMS,Hourly,1,37
2024-01-03 09:00:00,,,,7.6,101.505,40.295,0.27,156.33,1.3,19.33,2024,AIIMS,Hourly,1,37
2024-01-03 10:00:00,,,,5.72,67.64,24.94,0.44,220.89,1.28,19.56,2024,AIIMS,Hourly,1,37
2024-01-03 11:00:00,,,,5.27,67.64,26.84,1.04,222.24,1.18,19.65,2024,AIIMS,Hourly,1,37
2024-01-03 12:00:00,,,,5.45,57.34,27.54,0.69,234.34,1.02,19.6,2024,AIIMS,Hourly,1,37
2024-01-03 13:00:00,,,,6.98,51.7,25.26,0.48,253.17,0.94,19.83,2024,AIIMS,Hourly,1,37
2024-01-03 14:00:00,,,,17.65,65.75,33.61,1.08,220.4,0.88,19.68,2024,AIIMS,Hourly,1,37
2024-01-03 15:00:00,3.57,66.85,65.29,24.3,70.21,35.52,0.61,291.2,0.57,20.61,2024,AIIMS,Hourly,0,0
2024-01-03 16:00:00,4.26,78.68,46.19,6.73,60.0,20.77,0.7,256.02,0.49,20.92,2024,AIIMS,Hourly,0,0
2024-01-03 17:00:00,5.42,61.25,37.7,6.41,28.99,16.54,0.28,268.44,0.49,21.15,2024,AIIMS,Hourly,0,0
2024-01-03 18:00:00,4.76,50.36,31.13,9.18,31.46,9.74,0.76,220.69,0.47,21.08,2024,AIIMS,Hourly,0,0
2024-01-03 19:00:00,13.02,66.05,46.31,8.74,54.59,14.07,0.18,104.56,0.8,21.11,2024,AIIMS,Hourly,0,0
2024-01-03 20:00:00,25.17,72.0,59.09,7.97,91.69,32.14,0.18,114.2,1.18,20.64,2024,AIIMS,Hourly,0,0
2024-01-03 21:00:00,33.16,71.79,66.62,6.86,111.71,37.51,0.44,182.15,1.36,21.04,2024,AIIMS,Hourly,0,0
2024-01-03 22:00:00,25.81,68.58,57.88,6.21,115.06,33.37,0.18,116.01,1.23,20.79,2024,AIIMS,Hourly,0,0
2024-01-03 23:00:00,26.8,68.78,58.58,6.59,91.44,27.2,0.21,67.62,1.31,20.97,2024,AIIMS,Hourly,0,0
2024-01-04 01:00:00,4.51,28.26,19.67,4.27,33.19,16.52,3.71,217.25,0.56,22.66,2024,AIIMS,Hourly,0,0
2024-01-04 02:00:00,5.88,27.97,20.68,4.77,33.7,17.09,3.39,227.59,0.56,22.79,2024,AIIMS,Hourly,0,0
2024-01-04 03:00:00,5.41,27.6,20.11,4.68,35.89,17.75,3.54,221.99,0.56,22.77,2024,AIIMS,Hourly,0,0
2024-01-04 04:00:00,4.58,27.5,19.39,4.53,35.03,17.23,3.47,223.1,0.57,22.72,2024,AIIMS,Hourly,0,0
2024-01-04 05:00:00,4.76,28.47,20.01,4.24,35.54,19.16,3.64,205.7,0.59,22.78,2024,AIIMS,Hourly,0,0
2024-01-04 06:00:00,4.93,30.01,20.96,3.56,33.91,18.58,3.95,196.88,0.58,22.5,2024,AIIMS,Hourly,0,0
2024-01-04 07:00:00,5.28,31.11,21.84,4.0,37.28,18.22,3.61,218.62,0.62,22.49,2024,AIIMS,Hourly,0,0
2024-01-04 08:00:00,5.66,32.83,22.95,3.8,43.71,21.22,4.31,190.28,0.63,22.66,2024,AIIMS,Hourly,0,0
2024-01-04 09:00:00,5.69,33.46,23.3,4.13,50.36,22.79,4.75,205.53,0.67,22.61,2024,AIIMS,Hourly,0,0
2024-01-04 10:00:00,4.82,36.37,24.16,5.09,50.1,22.7,5.37,218.16,0.7,22.61,2024,AIIMS,Hourly,0,0
2024-01-04 11:00:00,4.24,38.01,24.61,9.2,51.98,22.53,5.33,214.59,0.94,22.56,2024,AIIMS,Hourly,0,0
2024-01-04 12:00:00,3.64,30.66,20.29,8.23,60.82,24.47,5.63,222.33,0.87,22.44,2024,AIIMS,Hourly,0,0
2024-01-04 13:00:00,3.57,23.64,16.54,8.65,60.57,24.75,4.79,212.86,0.79,22.59,2024,AIIMS,Hourly,0,0
2024-01-04 14:00:00,3.56,22.11,15.76,10.14,47.82,18.42,4.85,221.96,0.71,22.32,2024,AIIMS,Hourly,0,0
2024-01-04 15:00:00,3.87,31.75,20.8,10.47,57.37,21.47,4.91,217.64,0.63,22.47,2024,AIIMS,Hourly,0,0
2024-01-04 16:00:00,3.8,23.56,16.71,11.33,56.0,21.08,5.02,215.72,0.59,22.4,2024,AIIMS,Hourly,0,0
2024-01-04 17:00:00,3.99,22.15,16.07,12.23,46.44,19.54,4.46,215.39,0.56,22.47,2024,AIIMS,Hourly,0,0
2024-01-04 18:00:00,5.14,31.37,20.82,21.28,50.8,21.48,1.16,230.93,0.6,22.34,2024,AIIMS,Hourly,0,0
2024-01-04 19:00:00,4.15,46.21,28.32,21.47,58.43,23.22,0.58,272.14,0.73,22.49,2024,AIIMS,Hourly,0,0
2024-01-04 20:00:00,5.4,51.42,31.99,15.77,62.65,26.47,0.35,146.97,0.79,22.66,2024,AIIMS,Hourly,0,0
2024-01-04 21:00:00,5.41,48.67,30.99,15.18,68.14,30.48,0.68,163.25,0.9,22.74,2024,AIIMS,Hourly,0,0
2024-01-04 22:00:00,5.26,46.93,30.03,12.66,73.83,32.58,0.85,221.84,0.76,22.57,2024,AIIMS,Hourly,0,0
2024-01-04 23:00:00,5.7,43.98,28.9,12.92,73.89,31.87,0.62,228.51,0.75,22.9,2024,AIIMS,Hourly,0,0
2024-01-05 01:00:00,6.14,23.53,18.36,14.26,116.89,50.15,0.42,241.8,0.78,23.95,2024,AIIMS,Hourly,0,0
2024-01-05 02:00:00,6.3,24.67,18.47,12.44,116.06,49.18,0.7,226.78,0.81,23.95,2024,AIIMS,Hourly,0,0
2024-01-05 03:00:00,5.56,21.06,16.66,10.96,114.51,48.77,0.55,231.41,0.79,23.96,2024,AIIMS,Hourly,0,0
2024-01-05 04:00:00,5.39,21.13,16.57,12.02,114.3,48.26,0.77,164.86,0.8,23.94,2024,AIIMS,Hourly,0,0
2024-01-05 05:00:00,5.07,17.11,14.2,8.59,109.09,45.32,0.56,174.41,0.72,24.04,2024,AIIMS,Hourly,0,0
2024-01-05 06:00:00,4.6,15.71,13.21,7.38,94.62,40.17,0.61,166.77,0.64,23.95,2024,AIIMS,Hourly,0,0
2024-01-05 07:00:00,4.34,15.47,12.91,6.94,86.79,37.14,0.92,210.58,0.62,23.94,2024,AIIMS,Hourly,0,0
2024-01-05 08:00:00,4.4,14.95,12.68,5.65,81.14,38.45,1.66,222.34,0.62,24.01,2024,AIIMS,Hourly,0,0
2024-01-05 09:00:00,4.32,14.98,12.62,5.63,76.07,36.4,2.1,228.22,0.62,23.95,2024,AIIMS,Hourly,0,0
2024-01-05 10:00:00,4.19,18.97,14.62,6.9,70.95,30.42,2.45,227.34,0.71,23.95,2024,AIIMS,Hourly,0,0
2024-01-05 11:00:00,3.83,20.79,15.25,7.52,75.13,31.98,2.18,225.9,0.69,23.91,2024,AIIMS,Hourly,0,0
2024-01-05 12:00:00,4.31,17.37,13.48,8.98,74.64,31.18,1.91,227.22,0.63,23.9,2024,AIIMS,Hourly,0,0
2024-01-05 13:00:00,3.82,16.92,13.26,8.35,75.38,31.59,2.24,228.09,0.6,23.9,2024,AIIMS,Hourly,0,0
2024-01-05 14:00:00,3.82,17.51,13.53,7.65,76.16,31.54,1.98,228.7,0.53,23.79,2024,AIIMS,Hourly,0,0
2024-01-05 15:00:00,3.81,16.91,13.22,5.63,79.31,31.7,2.09,230.68,0.5,23.82,2024,AIIMS,Hourly,0,0
2024-01-05 16:00:00,3.82,17.44,13.52,5.43,78.64,30.73,2.34,229.11,0.47,23.84,2024,AIIMS,Hourly,0,0
2024-01-05 17:00:00,4.32,23.18,16.78,5.86,78.31,29.12,2.32,233.69,0.43,23.88,2024,AIIMS,Hourly,0,0
2024-01-05 18:00:00,4.33,28.39,19.66,6.73,76.26,27.46,1.11,228.39,0.4,23.84,2024,AIIMS,Hourly,0,0
2024-01-05 19:00:00,4.28,28.89,19.8,10.38,74.83,25.76,1.73,226.88,0.4,23.77,2024,AIIMS,Hourly,0,0
2024-01-05 20:00:00,5.41,26.43,19.5,4.76,73.61,24.63,1.4,228.87,0.41,23.79,2024,AIIMS,Hourly,0,0
2024-01-05 21:00:00,4.27,36.75,23.98,6.05,68.29,20.59,0.83,228.29,0.51,23.86,2024,AIIMS,Hourly,0,0
2024-01-05 22:00:00,4.56,41.67,26.78,7.47,77.22,23.98,0.48,213.95,0.54,23.85,2024,AIIMS,Hourly,0,0
2024-01-05 23:00:00,4.5,28.41,19.78,7.17,82.64,26.74,0.57,211.59,0.47,23.83,2024,AIIMS,Hourly,0,0
2024-01-06 01:00:00,6.62,38.04,26.53,35.89,118.83,36.02,1.74,266.94,0.73,24.3,2024,AIIMS,Hourly,0,0
2024-01-06 02:00:00,10.15,38.89,28.08,34.24,135.97,39.59,2.05,234.06,0.76,24.39,2024,AIIMS,Hourly,0,0
2024-01-06 03:00:00,7.94,37.14,27.12,74.1,168.5,53.43,1.97,143.06,0.76,24.38,2024,AIIMS,Hourly,0,0
2024-01-06 04:00:00,12.55,36.89,30.07,69.67,191.8,65.45,2.23,237.5,0.72,24.36,2024,AIIMS,Hourly,0,0
2024-01-06 05:00:00,13.44,34.55,29.86,48.43,194.4,78.36,2.79,233.27,0.7,24.51,2024,AIIMS,Hourly,0,0
2024-01-06 06:00:00,11.45,30.49,26.46,19.32,194.4,78.36,2.69,227.55,0.68,24.47,2024,AIIMS,Hourly,0,0
2024-01-06 07:00:00,12.08,31.16,27.08,17.43,170.5,65.07,1.46,193.62,0.72,24.57,2024,AIIMS,Hourly,0,0
2024-01-06 08:00:00,8.58,23.43,20.48,13.81,163.2,54.61,1.0,224.62,0.73,24.49,2024,AIIMS,Hourly,0,0
2024-01-06 09:00:00,5.45,30.18,20.83,34.92,142.3,53.46,1.54,64.57,0.8,24.3,2024,AIIMS,Hourly,0,0
2024-01-06 10:00:00,4.25,29.95,20.41,33.68,144.21,57.4,1.85,53.27,0.8,24.21,2024,AIIMS,Hourly,0,0
2024-01-06 11:00:00,4.09,22.33,16.3,17.27,144.21,57.4,2.54,56.67,0.71,24.04,2024,AIIMS,Hourly,0,0
2024-01-06 12:00:00,3.88,19.81,14.91,12.77,119.44,49.8,1.76,358.67,0.6,23.99,2024,AIIMS,Hourly,0,0
2024-01-06 13:00:00,3.2,16.1,12.11,15.38,111.32,44.62,2.54,356.84,0.49,24.19,2024,AIIMS,Hourly,0,0
2024-01-06 14:00:00,2.96,18.69,13.49,13.19,96.89,34.97,1.78,359.89,0.48,24.09,2024,AIIMS,Hourly,0,0
2024-01-06 15:00:00,2.83,18.87,13.39,13.14,78.21,29.57,3.21,239.8,0.47,24.07,2024,AIIMS,Hourly,0,0
2024-01-06 16:00:00,3.0,21.55,14.9,13.24,71.52,29.57,3.3,272.81,0.42,24.13,2024,AIIMS,Hourly,0,0
2024-01-06 17:00:00,3.63,20.58,14.69,10.28,70.57,26.77,2.23,237.25,0.38,24.21,2024,AIIMS,Hourly,0,0
2024-01-06 18:00:00,3.23,19.86,14.25,6.19,64.53,22.97,4.09,239.82,0.41,24.16,2024,AIIMS,Hourly,0,0
2024-01-06 19:00:00,4.21,26.43,18.53,6.01,67.85,24.41,3.48,234.02,0.46,24.25,2024,AIIMS,Hourly,0,0
2024-01-06 20:00:00,5.27,35.73,24.24,12.26,79.35,26.74,3.03,246.84,0.68,24.33,2024,AIIMS,Hourly,0,0
2024-01-06 21:00:00,4.39,40.09,25.57,22.21,99.9,28.36,1.69,227.43,0.76,24.43,2024,AIIMS,Hourly,0,0
2024-01-06 22:00:00,7.64,47.99,32.44,19.13,130.38,30.6,1.68,229.83,0.84,24.49,2024,AIIMS,Hourly,0,0
2024-01-06 23:00:00,6.43,41.14,28.0,14.71,132.4,37.72,2.17,186.93,0.85,24.32,2024,AIIMS,Hourly,0,0
2024-01-07 01:00:00,5.99,7.93,10.29,2.5,22.81,5.09,0.66,200.05,0.38,25.13,2024,AIIMS,Hourly,0,0
2024-01-07 02:00:00,5.73,7.73,9.98,3.05,23.69,4.15,0.93,200.1,0.37,25.02,2024,AIIMS,Hourly,0,0
2024-01-07 03:00:00,5.38,7.23,9.44,2.9,23.69,4.15,1.51,211.19,0.35,25.01,2024,AIIMS,Hourly,0,0
2024-01-07 04:00:00,4.6,7.96,8.86,2.71,22.67,2.9,2.0,221.76,0.32,25.04,2024,AIIMS,Hourly,0,0
2024-01-07 05:00:00,4.21,8.27,9.05,2.79,20.81,2.03,1.76,221.66,0.3,25.17,2024,AIIMS,Hourly,0,0
2024-01-07 06:00:00,4.1,7.0,8.28,2.5,16.44,1.58,1.74,221.22,0.31,25.17,2024,AIIMS,Hourly,0,0
2024-01-07 07:00:00,4.35,6.99,8.45,2.74,18.47,2.7,1.27,215.7,0.35,25.02,2024,AIIMS,Hourly,0,0
2024-01-07 08:00:00,4.93,6.99,8.96,2.65,18.47,2.7,1.18,206.08,0.38,25.04,2024,AIIMS,Hourly,0,0
2024-01-07 09:00:00,6.42,7.96,10.66,3.1,14.41,3.79,1.52,215.23,0.42,24.99,2024,AIIMS,Hourly,0,0
2024-01-07 10:00:00,6.67,7.96,10.82,2.69,16.23,3.79,1.89,224.37,0.43,25.16,2024,AIIMS,Hourly,0,0
2024-01-07 11:00:00,6.84,9.55,11.83,2.57,16.23,3.76,1.76,221.85,0.47,25.14,2024,AIIMS,Hourly,0,0
2024-01-07 12:00:00,8.18,15.54,15.83,5.36,17.65,3.76,1.57,221.58,0.52,25.05,2024,AIIMS,Hourly,0,0
2024-01-07 13:00:00,8.12,13.29,14.81,5.78,35.03,10.25,1.94,221.61,0.52,25.08,2024,AIIMS,Hourly,0,0
2024-01-07 14:00:00,7.07,11.81,13.19,5.35,38.03,10.25,1.71,220.0,0.51,25.1,2024,AIIMS,Hourly,0,0
2024-01-07 15:00:00,5.76,12.3,12.39,6.72,41.4,8.76,1.73,213.66,0.48,25.17,2024,AIIMS,Hourly,0,0
2024-01-07 16:00:00,4.59,11.3,11.03,5.57,41.4,7.7,1.74,222.67,0.43,25.14,2024,AIIMS,Hourly,0,0
2024-01-07 17:00:00,4.27,12.7,11.3,5.99,36.6,8.36,1.85,225.82,0.39,25.09,2024,AIIMS,Hourly,0,0
2024-01-07 18:00:00,6.06,15.36,14.24,2.5,36.6,9.04,1.02,222.7,0.46,25.11,2024,AIIMS,Hourly,0,0
2024-01-07 19:00:00,5.88,13.37,13.03,5.7,32.3,9.04,0.97,203.65,0.51,25.08,2024,AIIMS,Hourly,0,0
2024-01-07 20:00:00,5.42,9.69,10.76,5.68,32.3,7.35,0.85,201.56,0.49,25.18,2024,AIIMS,Hourly,0,0
2024-01-07 21:00:00,5.04,8.42,9.76,6.0,32.08,10.31,0.75,178.89,0.48,25.14,2024,AIIMS,Hourly,0,0
2024-01-07 22:00:00,4.9,7.5,9.15,5.72,29.1,10.31,0.82,177.73,0.45,25.11,2024,AIIMS,Hourly,0,0
2024-01-07 23:00:00,5.2,7.1,9.14,5.77,29.1,7.43,0.87,190.49,0.43,25.08,2024,AIIMS,Hourly,0,0
2024-01-08 01:00:00,5.32,5.0,8.21,3.29,19.41,12.79,1.71,257.43,0.43,25.27,2024,AIIMS,Hourly,0,0
2024-01-08 02:00:00,4.86,5.17,7.95,3.48,17.07,8.96,1.08,258.62,0.4,25.31,2024,AIIMS,Hourly,0,0
2024-01-08 03:00:00,4.98,5.04,7.9,3.04,17.6,6.32,0.58,262.26,0.39,25.44,2024,AIIMS,Hourly,0,0
2024-01-08 04:00:00,5.0036956521739135,5.014782608695652,7.905869565217392,2.86,35.78,9.33,0.62,253.32,0.4,25.45,2024,AIIMS,Hourly,1,43
2024-01-08 05:00:00,5.027391304347827,4.989565217391305,7.911739130434783,3.46,35.78,9.33,0.91,250.96,0.39,25.29,2024,AIIMS,Hourly,1,43
2024-01-08 06:00:00,5.05108695652174,4.964347826086956,7.9176086956521745,3.22,33.54,8.9,1.16,248.67,0.36,25.3,2024,AIIMS,Hourly,1,43
2024-01-08 07:00:00,,,,3.63,26.59,8.41,1.57,248.22,0.35,25.32,2024,AIIMS,Hourly,1,43
2024-01-08 08:00:00,,,,3.99,25.63,6.65,1.36,246.16,0.33,25.43,2024,AIIMS,Hourly,1,43
2024-01-08 09:00:00,,,,3.88,19.16,8.3,1.56,253.0,0.41,25.43,2024,AIIMS,Hourly,1,43
2024-01-08 10:00:00,,,,4.25,17.23,9.13,1.77,267.51,0.49,25.31,2024,AIIMS,Hourly,1,43
2024-01-08 11:00:00,,,,4.27,29.97,16.98,2.24,267.98,0.6,25.2,2024,AIIMS,Hourly,1,43
2024-01-08 12:00:00,,,,2.0,33.51,16.98,2.49,274.23,0.61,25.35,2024,AIIMS,Hourly,1,43
2024-01-08 13:00:00,,,,1.61,34.85,13.86,2.54,269.72,0.55,25.51,2024,AIIMS,Hourly,1,43
2024-01-08 14:00:00,,,,1.82,34.85,13.86,2.39,261.72,0.5,25.44,2024,AIIMS,Hourly,1,43
2024-01-08 15:00:00,,,,2.16,32.42,15.71,1.96,275.94,0.48,25.34,2024,AIIMS,Hourly,1,43
2024-01-08 16:00:00,,,,2.0,24.43,15.71,2.41,259.69,0.46,25.35,2024,AIIMS,Hourly,1,43
2024-01-08 17:00:00,,,,2.07,22.6,13.75,2.57,255.35,0.42,25.37,2024,AIIMS,Hourly,1,43
2024-01-08 18:00:00,,,,2.1,24.58,14.71,1.73,256.96,0.48,25.47,2024,AIIMS,Hourly,1,43
2024-01-08 19:00:00,,,,2.43,25.5,18.49,1.75,274.31,0.57,25.44,2024,AIIMS,Hourly,1,43
2024-01-08 20:00:00,,,,2.88,39.81,18.49,1.4,280.62,0.61,25.31,2024,AIIMS,Hourly,1,43
2024-01-08 21:00:00,,,,2.74,39.81,18.47,1.37,267.7,0.57,25.32,2024,AIIMS,Hourly,1,43
2024-01-08 22:00:00,,,,2.66,36.7,18.65,1.24,279.08,0.53,25.4,2024,AIIMS,Hourly,1,43
2024-01-08 23:00:00,,,,2.4,33.41,18.65,1.46,226.54,0.49,25.36,2024,AIIMS,Hourly,1,43
2024-01-09 01:00:00,,,,3.68,49.72,18.29,0.6,43.93,0.6,25.29,2024,AIIMS,Hourly,1,43
2024-01-09 02:00:00,,,,3.56,62.83,21.58,0.59,44.46,0.6,25.32,2024,AIIMS,Hourly,1,43
2024-01-09 03:00:00,,,,3.93,75.78,28.92,0.59,63.26,0.55,25.29,2024,AIIMS,Hourly,1,43
2024-01-09 04:00:00,,,,4.03,66.17,26.81,0.51,60.42,0.52,25.21,2024,AIIMS,Hourly,1,43
2024-01-09 05:00:00,,,,3.79,48.27,23.52,0.48,56.19,0.47,25.25,2024,AIIMS,Hourly,1,43
2024-01-09 06:00:00,,,,3.07,35.86,16.51,0.55,62.14,0.47,25.31,2024,AIIMS,Hourly,1,43
2024-01-09 07:00:00,,,,3.13,32.24,15.29,0.71,70.15,0.46,25.29,2024,AIIMS,Hourly,1,43
2024-01-09 08:00:00,,,,3.15,47.11,17.43,0.38,72.87,0.49,25.23,2024,AIIMS,Hourly,1,43
2024-01-09 09:00:00,,,,3.0,37.33,15.24,0.35,90.01,0.51,25.22,2024,AIIMS,Hourly,1,43
2024-01-09 10:00:00,,,,2.71,36.27,10.98,0.38,106.17,0.52,25.28,2024,AIIMS,Hourly,1,43
2024-01-09 11:00:00,,,,3.11,30.82,8.98,0.42,117.28,0.51,25.29,2024,AIIMS,Hourly,1,43
2024-01-09 12:00:00,,,,2.71,32.4,9.2,0.53,140.11,0.48,25.24,2024,AIIMS,Hourly,1,43
2024-01-09 13:00:00,,,,3.02,27.06,9.0,0.4,65.63,0.48,25.21,2024,AIIMS,Hourly,1,43
2024-01-09 14:00:00,,,,2.95,31.33,6.55,0.41,87.21,0.47,25.27,2024,AIIMS,Hourly,1,43
2024-01-09 15:00:00,,,,3.06,23.22,5.68,0.78,82.31,0.46,25.28,2024,AIIMS,Hourly,1,43
2024-01-09 16:00:00,,,,2.88,24.46,8.68,0.57,73.1,0.46,25.27,2024,AIIMS,Hourly,1,43
2024-01-09 17:00:00,,,,3.3,27.87,8.19,0.57,57.77,0.47,25.19,2024,AIIMS,Hourly,1,43
2024-01-09 18:00:00,,,,3.43,32.29,9.49,0.51,69.06,0.49,25.22,2024,AIIMS,Hourly,1,43
2024-01-09 19:00:00,,,,3.38,34.85,11.27,0.38,58.13,0.54,25.29,2024,AIIMS,Hourly,1,43
2024-01-09 20:00:00,,,,3.92,37.95,16.29,0.34,83.79,0.59,25.28,2024,AIIMS,Hourly,1,43
2024-01-09 21:00:00,,,,3.74,36.48,15.86,0.59,56.61,0.58,25.18,2024,AIIMS,Hourly,1,43
2024-01-09 22:00:00,,,,3.65,39.41,12.93,0.43,73.61,0.58,25.22,2024,AIIMS,Hourly,1,43
2024-01-09 23:00:00,,,,3.68,27.31,13.13,0.2,79.17,0.57,25.28,2024,AIIMS,Hourly,1,43
2024-01-10 01:00:00,6.07,3.88,8.17,2.6,31.1,15.6,6.21,220.85,0.4,25.14,2024,AIIMS,Hourly,0,0
2024-01-10 02:00:00,6.04,4.05,8.1,2.65,28.39,15.28,6.64,221.59,0.39,25.13,2024,AIIMS,Hourly,0,0
2024-01-10 03:00:00,5.42,4.25,7.91,2.6,26.4,11.52,7.08,213.96,0.37,25.11,2024,AIIMS,Hourly,0,0
2024-01-10 04:00:00,5.13,4.02,7.49,2.28,24.42,12.93,6.77,206.99,0.36,25.1,2024,AIIMS,Hourly,0,0
2024-01-10 05:00:00,5.37,3.46,7.33,2.64,23.91,12.64,8.06,220.6,0.34,25.1,2024,AIIMS,Hourly,0,0
2024-01-10 06:00:00,5.67,3.87,7.92,2.32,18.6,9.02,6.32,230.03,0.38,25.11,2024,AIIMS,Hourly,0,0
2024-01-10 07:00:00,6.39,4.69,8.93,2.33,25.44,9.34,7.64,218.2,0.39,25.12,2024,AIIMS,Hourly,0,0
2024-01-10 08:00:00,7.06,5.36,9.82,2.14,37.65,14.9,8.59,220.84,0.47,25.12,2024,AIIMS,Hourly,0,0
2024-01-10 09:00:00,7.57,6.66,10.9,2.57,37.2,14.74,8.77,223.29,0.5,25.09,2024,AIIMS,Hourly,0,0
2024-01-10 10:00:00,8.01,8.62,12.09,2.6,43.95,15.93,8.01,222.56,0.52,25.12,2024,AIIMS,Hourly,0,0
2024-01-10 11:00:00,8.22,20.59,18.7,2.5,49.98,17.89,7.7,214.04,0.63,25.14,2024,AIIMS,Hourly,0,0
2024-01-10 12:00:00,5.94,25.44,19.41,5.87,53.63,18.09,7.96,226.65,0.69,25.15,2024,AIIMS,Hourly,0,0
2024-01-10 13:00:00,4.34,15.4,12.88,5.36,53.18,18.01,6.05,223.67,0.61,25.09,2024,AIIMS,Hourly,0,0
2024-01-10 14:00:00,3.95,11.72,10.64,5.33,50.41,20.02,4.63,223.13,0.46,25.16,2024,AIIMS,Hourly,0,0
2024-01-10 15:00:00,5.04,14.33,12.89,5.68,52.92,19.7,6.52,210.9,0.52,25.16,2024,AIIMS,Hourly,0,0
2024-01-10 16:00:00,4.52,13.48,11.7,5.11,52.01,17.51,3.66,208.77,0.53,25.1,2024,AIIMS,Hourly,0,0
2024-01-10 17:00:00,4.64,12.92,11.39,5.53,45.55,17.3,4.29,225.18,0.55,25.12,2024,AIIMS,Hourly,0,0
2024-01-10 18:00:00,4.04,12.33,10.75,5.13,44.94,15.26,3.61,225.1,0.42,25.13,2024,AIIMS,Hourly,0,0
2024-01-10 19:00:00,4.08,8.41,8.79,4.74,41.83,18.28,4.78,225.04,0.43,25.2,2024,AIIMS,Hourly,0,0
2024-01-10 20:00:00,5.9,7.46,9.98,4.21,41.57,18.15,6.32,225.37,0.46,25.13,2024,AIIMS,Hourly,0,0
2024-01-10 21:00:00,4.84,8.24,9.4,5.09,39.82,16.58,4.29,223.27,0.5,25.11,2024,AIIMS,Hourly,0,0
2024-01-10 22:00:00,5.24,6.56,8.58,4.18,43.31,15.09,5.45,226.31,0.49,25.14,2024,AIIMS,Hourly,0,0
2024-01-10 23:00:00,5.57,5.67,8.78,4.15,43.04,14.85,4.97,227.6,0.52,25.16,2024,AIIMS,Hourly,0,0
2024-01-11 01:00:00,31.63,8.97,31.27,9.3,132.54,70.20333333333333,2.01,260.23,1.01,25.38,2024,AIIMS,Hourly,1,1
2024-01-11 02:00:00,26.61,9.29,27.54,8.38,177.29,97.88,1.9,202.94,0.9,25.38,2024,AIIMS,Hourly,0,0
2024-01-11 03:00:00,22.59,7.92,23.6,6.51,164.13,92.9,1.55,128.26,0.82,25.38,2024,AIIMS,Hourly,0,0
2024-01-11 04:00:00,19.76,6.98,20.85,5.02,67.54,52.68,1.46,101.83,0.76,25.4,2024,AIIMS,Hourly,0,0
2024-01-11 05:00:00,17.242857142857144,8.755714285714285,19.735714285714288,4.38,50.79,16.89,1.67,107.86,0.71,25.38,2024,AIIMS,Hourly,1,6
2024-01-11 06:00:00,14.725714285714288,10.531428571428572,18.621428571428574,3.5,55.16,23.33,1.6,106.64,0.69,25.4,2024,AIIMS,Hourly,1,6
2024-01-11 07:00:00,12.20857142857143,12.307142857142857,17.50714285714286,3.93,54.4,22.01,1.26,116.29,0.63,25.39,2024,AIIMS,Hourly,1,6
2024-01-11 08:00:00,,,,3.38,56.83,30.44,0.91,178.69,0.6,25.38,2024,AIIMS,Hourly,1,6
2024-01-11 09:00:00,,,,3.77,91.92,30.35,1.35,193.56,0.61,25.36,2024,AIIMS,Hourly,1,6
2024-01-11 10:00:00,,,,4.43,145.44,69.29,1.97,208.81,0.67,25.39,2024,AIIMS,Hourly,1,6
2024-01-11 11:00:00,2.14,19.41,13.05,6.15,140.81,66.48,2.18,219.94,0.7,25.37,2024,AIIMS,Hourly,0,0
2024-01-11 12:00:00,3.79,23.97,16.45,7.51,100.48,45.21,2.14,220.54,0.76,25.34,2024,AIIMS,Hourly,0,0
2024-01-11 13:00:00,4.33,16.77,13.22,7.19,72.45,35.38,2.37,357.1,0.7,25.33,2024,AIIMS,Hourly,0,0
2024-01-11 14:00:00,4.43,12.15,11.19,10.22,64.3,25.32,2.31,163.49,0.65,25.34,2024,AIIMS,Hourly,0,0
2024-01-11 15:00:00,4.62,13.13,11.9,12.72,63.63,17.59,2.86,42.24,0.6,25.36,2024,AIIMS,Hourly,0,0
2024-01-11 16:00:00,4.76,15.25,13.14,13.1,58.74,15.81,2.51,73.68,0.59,25.35,2024,AIIMS,Hourly,0,0
2024-01-11 17:00:00,4.6,16.56,13.38,12.9,57.53,27.8,1.98,132.14,0.62,25.34,2024,AIIMS,Hourly,0,0
2024-01-11 18:00:00,4.91,17.07,13.95,8.49,74.51,27.9,1.89,123.12,0.66,25.33,2024,AIIMS,Hourly,0,0
2024-01-11 19:00:00,5.38,16.03,13.65,8.52,79.81,26.88,1.88,148.55,0.65,25.34,2024,AIIMS,Hourly,0,0
2024-01-11 20:00:00,5.36,13.55,12.73,12.92,80.31,34.86,1.8,138.46,0.62,25.32,2024,AIIMS,Hourly,0,0
2024-01-11 21:00:00,7.02,12.2,12.83,8.46,106.98,52.06,1.85,141.27,0.69,25.32,2024,AIIMS,Hourly,0,0
2024-01-11 22:00:00,10.7725,23.085,21.7775,7.455000000000001,94.0025,44.712500000000006,1.9600000000000002,145.155,0.7374999999999999,21.285,2024,AIIMS,Hourly,1,2
2024-01-11 23:00:00,14.525000000000002,33.97,30.725,6.450000000000001,81.025,37.365,2.0700000000000003,149.04000000000002,0.7849999999999999,17.25,2024,AIIMS,Hourly,1,2
2024-01-12 01:00:00,22.03,55.74,48.62,4.44,55.07,22.67,2.29,156.81,0.88,9.18,2024,AIIMS,Hourly,0,0
2024-01-12 02:00:00,22.72,56.47,49.25,4.05,51.75,21.26,3.15,97.41,0.79,9.6,2024,AIIMS,Hourly,0,0
2024-01-12 03:00:00,22.93,53.17,47.79,4.42,44.92,17.93,3.83,60.87,0.74,9.67,2024,AIIMS,Hourly,0,0
2024-01-12 04:00:00,23.8,53.65,48.95,4.15,47.91,17.94,4.45,52.81,0.73,9.67,2024,AIIMS,Hourly,0,0
2024-01-12 05:00:00,26.53,56.66,52.71,4.38,59.52,17.94,3.44,64.73,0.67,9.32,2024,AIIMS,Hourly,0,0
2024-01-12 06:00:00,29.47,58.45,55.24,4.32,63.13,17.0,4.02,74.58,0.66,8.38,2024,AIIMS,Hourly,0,0
2024-01-12 07:00:00,32.62,54.9,56.68,4.08,63.13,17.88,3.6,72.44,0.67,8.89,2024,AIIMS,Hourly,0,0
2024-01-12 08:00:00,37.19,55.29,60.54,4.01,59.51,17.88,3.25,59.91,0.71,8.71,2024,AIIMS,Hourly,0,0
2024-01-12 09:00:00,42.88,59.44,67.28,4.77,70.22,21.45,3.23,57.68,0.73,8.17,2024,AIIMS,Hourly,0,0
2024-01-12 10:00:00,43.64,62.38,69.25,4.8,70.22,22.11,3.04,125.69,0.76,7.01,2024,AIIMS,Hourly,0,0
2024-01-12 11:00:00,43.53,62.31,69.29,5.18,64.39,22.62,2.56,80.96,0.78,7.98,2024,AIIMS,Hourly,0,0
2024-01-12 12:00:00,39.57,53.93,61.66,4.2,64.91,22.62,1.9,124.26,0.8,8.67,2024,AIIMS,Hourly,0,0
2024-01-12 13:00:00,34.38,55.28,56.73,4.7,64.91,22.49,2.26,115.0,0.82,8.96,2024,AIIMS,Hourly,0,0
2024-01-12 14:00:00,31.94,56.59,56.55,4.65,60.93,21.48,3.67,75.1,0.8,7.91,2024,AIIMS,Hourly,0,0
2024-01-12 15:00:00,30.25,57.67,55.95,4.63,56.28,19.97,3.33,100.2,0.8,8.64,2024,AIIMS,Hourly,0,0
2024-01-12 16:00:00,27.86,50.06,49.77,3.92,50.22,17.78,3.33,85.14,0.8,9.03,2024,AIIMS,Hourly,0,0
2024-01-12 17:00:00,25.73,49.78,48.13,4.07,42.76,16.35,3.79,80.88,0.79,9.26,2024,AIIMS,Hourly,0,0
2024-01-12 18:00:00,27.91,56.39,53.67,4.46,40.15,14.43,3.24,126.33,0.81,8.56,2024,AIIMS,Hourly,0,0
2024-01-12 19:00:00,30.63,59.88,57.17,4.8,36.46,17.39,3.43,101.69,0.85,7.65,2024,AIIMS,Hourly,0,0
2024-01-12 20:00:00,32.55,57.18,56.72,4.61,35.52,17.39,3.09,55.86,0.9,8.36,2024,AIIMS,Hourly,0,0
2024-01-12 21:00:00,34.78,50.52,55.84,4.47,34.69,15.61,3.28,67.3,0.94,9.08,2024,AIIMS,Hourly,0,0
2024-01-12 22:00:00,36.57,54.1,59.42,4.33,30.74,14.18,3.49,158.01,0.93,8.72,2024,AIIMS,Hourly,0,0
2024-01-12 23:00:00,36.99,58.75,62.14,4.31,26.21,12.88,3.05,134.18,0.88,7.59,2024,AIIMS,Hourly,0,0
2025-01-01 01:00:00,22.500919971837597,66.49811781272001,54.45171321286083,3.4125346162872567,76.60766721426896,27.428911053743253,5.4631846984275985,208.60979582257687,0.7403942736446844,23.754348744426192,2025,AIIMS,Hourly,1,23
2025-01-01 02:00:00,22.49921497301103,66.49902957052335,54.45080849565829,3.4124290072752874,76.61359774700774,27.430623093170617,5.463468669326449,208.61855432996947,0.7403778455761558,23.7562508800751,2025,AIIMS,Hourly,1,23
2025-01-01 03:00:00,22.497509974184464,66.49994132832668,54.44990377845576,3.4123233982633185,76.61952827974653,27.432335132597984,5.463752640225299,208.62731283736213,0.7403614175076273,23.75815301572401,2025,AIIMS,Hourly,1,23
2025-01-01 04:00:00,,,,,,,,,,,2025,AIIMS,Hourly,1,23
2025-01-01 05:00:00,,,,,,,,,,,2025,AIIMS,Hourly,1,23
2025-01-01 06:00:00,,,,,,,,,,,2025,AIIMS,Hourly,1,23
2025-01-01 07:00:00,,,,,,,,,,,2025,AIIMS,Hourly,1,23
2025-01-01 08:00:00,,,,,,,,,,,2025,AIIMS,Hourly,1,23
2025-01-01 09:00:00,,,,,,,,,,,2025,AIIMS,Hourly,1,23
2025-01-01 10:00:00,,,,,,,,,,,2025,AIIMS,Hourly,1,23
2025-01-01 11:00:00,,,,,,,,,,,2025,AIIMS,Hourly,1,23
2025-01-01 12:00:00,,,,,,,,,,,2025,AIIMS,Hourly,1,23
2025-01-01 13:00:00,,,,,,,,,,,2025,AIIMS,Hourly,1,23
2025-01-01 14:00:00,,,,,,,,,,,2025,AIIMS,Hourly,1,23
2025-01-01 15:00:00,,,,,,,,,,,2025,AIIMS,Hourly,1,23
2025-01-01 16:00:00,,,,,,,,,,,2025,AIIMS,Hourly,1,23
2025-01-01 17:00:00,,,,,,,,,,,2025,AIIMS,Hourly,1,23
2025-01-01 18:00:00,,,,,,,,,,,2025,AIIMS,Hourly,1,23
2025-01-01 19:00:00,,,,,,,,,,,2025,AIIMS,Hourly,1,23
2025-01-01 20:00:00,,,,,,,,,,,2025,AIIMS,Hourly,1,23
2025-01-01 21:00:00,,,,,,,,,,,2025,AIIMS,Hourly,1,23
2025-01-01 22:00:00,,,,,,,,,,,2025,AIIMS,Hourly,1,23
2025-01-01 23:00:00,,,,,,,,,,,2025,AIIMS,Hourly,1,23
2025-01-02 01:00:00,22.46,66.52,54.43,3.41,76.75,27.47,5.47,208.82,0.74,23.8,2025,AIIMS,Hourly,0,0
2025-01-02 02:00:00,22.05,66.67,54.16,3.55,75.01,26.95,5.67,195.59,0.72,23.81,2025,AIIMS,Hourly,0,0
2025-01-02 03:00:00,22.49,67.95,55.32,3.7,70.35,26.1,5.52,204.7,0.68,23.29,2025,AIIMS,Hourly,0,0
2025-01-02 04:00:00,23.14,68.62,56.07,3.98,65.53,25.81,5.18,207.61,0.65,23.76,2025,AIIMS,Hourly,0,0
2025-01-02 05:00:00,22.93,65.48,54.31,2.78,62.38,25.75,5.36,254.12,0.66,24.55,2025,AIIMS,Hourly,0,0
2025-01-02 06:00:00,22.99,67.24,55.4,4.1,60.16,24.87,3.63,249.48,0.65,24.01,2025,AIIMS,Hourly,0,0
2025-01-02 07:00:00,25.71,68.4,56.53,4.75,60.92,27.66,5.01,211.09,0.64,23.59,2025,AIIMS,Hourly,0,0
2025-01-02 08:00:00,27.77,67.06,58.67,4.57,60.38,26.61,5.03,194.47,0.65,23.4,2025,AIIMS,Hourly,0,0
2025-01-02 09:00:00,27.99,65.06,57.65,4.91,64.13,26.73,8.13,192.7,0.67,23.8,2025,AIIMS,Hourly,0,0
2025-01-02 10:00:00,25.7,66.14,56.85,4.12,64.22,26.13,10.4,234.0,0.69,23.84,2025,AIIMS,Hourly,0,0
2025-01-02 11:00:00,21.05,68.93,53.87,4.68,62.9,24.28,9.05,227.02,0.66,23.93,2025,AIIMS,Hourly,0,0
2025-01-02 12:00:00,18.3,67.95,52.01,4.12,58.41,23.11,6.6,228.52,0.63,23.93,2025,AIIMS,Hourly,0,0
2025-01-02 13:00:00,14.74,65.24,47.73,4.12,53.78,21.95,5.98,276.35,0.6,25.76,2025,AIIMS,Hourly,0,0
2025-01-02 14:00:00,10.83,60.61,42.18,3.46,48.74,19.43,8.82,219.52,0.58,25.5,2025,AIIMS,Hourly,0,0
2025-01-02 15:00:00,7.65,59.79,38.7,3.66,47.5,17.14,11.68,247.9,0.55,25.71,2025,AIIMS,Hourly,0,0
2025-01-02 16:00:00,6.85,59.27,38.23,4.47,46.29,16.34,8.95,235.12,0.52,25.67,2025,AIIMS,Hourly,0,0
2025-01-02 17:00:00,7.21,57.94,37.76,5.81,43.75,15.95,9.62,358.89,0.52,26.45,2025,AIIMS,Hourly,0,0
2025-01-02 18:00:00,8.65,57.93,39.03,5.46,47.06,15.94,8.69,161.49,0.62,26.4,2025,AIIMS,Hourly,0,0
2025-01-02 19:00:00,10.74,60.41,42.0,5.79,54.59,16.75,8.92,163.7,0.66,25.82,2025,AIIMS,Hourly,0,0
2025-01-02 20:00:00,15.4,63.97,47.47,5.63,62.92,18.53,11.42,150.88,0.72,25.17,2025,AIIMS,Hourly,0,0
2025-01-02 21:00:00,17.5,63.23,48.34,5.58,78.67,23.6,14.52,153.84,0.73,25.0,2025,AIIMS,Hourly,0,0
2025-01-02 22:00:00,17.12,64.06,48.79,5.16,77.28,23.04,12.08,195.75,0.77,24.82,2025,AIIMS,Hourly,0,0
2025-01-02 23:00:00,19.29,66.74,52.16,4.4,87.47,25.61,9.2,177.78,0.8,24.28,2025,AIIMS,Hourly,0,0
2025-01-03 01:00:00,25.36,61.81,54.46,7.11,75.18,24.33,9.15,227.21,0.96,25.73,2025,AIIMS,Hourly,0,0
2025-01-03 02:00:00,25.71,61.81,54.74,6.44,80.21,21.79,7.01,174.29,0.9,25.65,2025,AIIMS,Hourly,0,0
2025-01-03 03:00:00,24.32,60.25,52.81,6.26,78.1,31.08,8.1,174.68,0.84,25.96,2025,AIIMS,Hourly,0,0
2025-01-03 04:00:00,21.05,58.42,49.11,6.21,67.13,28.42,10.98,233.27,0.8,26.18,2025,AIIMS,Hourly,0,0
2025-01-03 05:00:00,19.86,57.72,47.9,5.96,56.78,23.88,4.79,154.38,0.74,26.26,2025,AIIMS,Hourly,0,0
2025-01-03 06:00:00,18.55,54.62,45.24,4.96,54.56,22.5,5.44,178.54,0.72,26.43,2025,AIIMS,Hourly,0,0
2025-01-03 07:00:00,24.05,55.84,50.29,4.96,54.91,24.9,3.81,230.82,0.73,26.32,2025,AIIMS,Hourly,0,0
2025-01-03 08:00:00,24.5,55.8,50.61,4.62,77.1,29.33,3.9,217.57,0.73,26.05,2025,AIIMS,Hourly,0,0
2025-01-03 09:00:00,23.62,54.84,49.43,4.52,74.98,27.25,5.33,207.34,0.77,26.32,2025,AIIMS,Hourly,0,0
2025-01-03 10:00:00,17.11,54.89,43.86,5.57,71.02,26.81,5.81,236.39,0.79,26.71,2025,AIIMS,Hourly,0,0
2025-01-03 11:00:00,9.84,56.22,38.81,7.49,78.95,29.77,5.95,240.06,0.89,26.96,2025,AIIMS,Hourly,0,0
2025-01-03 12:00:00,6.29,54.41,35.3,5.9,84.83,32.82,7.93,250.88,0.85,27.31,2025,AIIMS,Hourly,0,0
2025-01-03 13:00:00,5.42,49.47,32.02,6.54,85.55,31.08,6.61,221.93,0.86,27.44,2025,AIIMS,Hourly,0,0
2025-01-03 14:00:00,5.35,47.92,31.15,6.45,82.27,27.71,6.33,235.79,0.8,27.59,2025,AIIMS,Hourly,0,0
2025-01-03 15:00:00,5.5,46.0,30.23,6.59,75.33,26.67,4.36,202.51,0.69,27.86,2025,AIIMS,Hourly,0,0
2025-01-03 16:00:00,5.45,41.86,28.04,7.15,65.29,26.19,7.39,222.14,0.65,27.9,2025,AIIMS,Hourly,0,0
2025-01-03 17:00:00,5.36,43.4,28.77,9.17,59.26,23.99,6.94,251.08,0.66,27.9,2025,AIIMS,Hourly,0,0
2025-01-03 18:00:00,5.73,43.5,28.93,11.19,56.17,21.64,5.46,253.29,0.61,27.87,2025,AIIMS,Hourly,0,0
2025-01-03 19:00:00,7.14,45.61,31.39,11.91,56.09,20.19,6.31,252.55,0.62,27.74,2025,AIIMS,Hourly,0,0
2025-01-03 20:00:00,7.59,49.04,33.54,8.46,58.51,22.43,9.16,290.73,0.61,27.33,2025,AIIMS,Hourly,0,0
2025-01-03 21:00:00,8.6,52.23,36.01,6.37,58.26,21.85,4.61,254.47,0.63,27.01,2025,AIIMS,Hourly,0,0
2025-01-03 22:00:00,10.37,53.86,38.28,6.36,62.83,23.35,3.31,294.64,0.7,26.91,2025,AIIMS,Hourly,0,0
2025-01-03 23:00:00,12.59,56.42,41.4,8.31,76.26,25.79,4.04,156.13,0.76,26.3,2025,AIIMS,Hourly,0,0
2025-01-04 01:00:00,24.49,79.92,63.36,38.23,235.91,126.15,7.19,250.73,1.55,25.29,2025,AIIMS,Hourly,0,0
2025-01-04 02:00:00,24.41,77.32,61.69,30.64,247.94,126.15,4.76,243.69,1.47,25.58,2025,AIIMS,Hourly,0,0
2025-01-04 03:00:00,25.74,78.88,63.1,27.05,247.94,102.65,5.58,256.92,1.42,25.33,2025,AIIMS,Hourly,0,0
2025-01-04 04:00:00,29.34,77.99,64.63,16.83,244.54,91.11,7.61,167.04,1.39,25.35,2025,AIIMS,Hourly,0,0
2025-01-04 05:00:00,30.48,73.96,64.91,12.78,228.09,91.11,9.62,213.8,1.33,25.68,2025,AIIMS,Hourly,0,0
2025-01-04 06:00:00,26.7,67.59,58.55,14.89,186.1,74.33,9.82,253.35,1.19,26.13,2025,AIIMS,Hourly,0,0
2025-01-04 07:00:00,21.94,65.14,53.37,12.91,132.73,56.84,2.59,197.22,1.13,26.33,2025,AIIMS,Hourly,0,0
2025-01-04 08:00:00,22.22,65.32,53.47,12.88,162.11,65.09,6.4,194.93,1.11,26.32,2025,AIIMS,Hourly,0,0
2025-01-04 09:00:00,22.08,64.68,53.33,19.11,180.23,65.09,6.69,286.76,1.1,26.38,2025,AIIMS,Hourly,0,0
2025-01-04 10:00:00,18.3,65.73,49.46,27.7,180.23,63.04,8.94,347.88,1.06,26.58,2025,AIIMS,Hourly,0,0
2025-01-04 11:00:00,13.1,68.0,47.46,27.6,132.63,66.09,8.89,59.84,1.0,26.79,2025,AIIMS,Hourly,0,0
2025-01-04 12:00:00,8.27,63.25,41.5,29.23,101.28,73.48,8.29,51.45,0.96,27.3,2025,AIIMS,Hourly,0,0
2025-01-04 13:00:00,6.15,58.8,37.48,32.84,101.28,73.48,8.37,42.31,0.9,27.51,2025,AIIMS,Hourly,0,0
2025-01-04 14:00:00,5.56,53.93,34.35,33.55,93.13,71.06,8.31,43.8,0.85,27.6,2025,AIIMS,Hourly,0,0
2025-01-04 15:00:00,2.09,29.94,18.12,34.85,87.47,61.08,9.2,31.15,0.84,27.72,2025,AIIMS,Hourly,0,0
2025-01-04 16:00:00,2.01,32.21,19.27,37.61,87.24,61.08,8.21,52.17,0.75,27.77,2025,AIIMS,Hourly,0,0
2025-01-04 17:00:00,1.97,27.53,16.7,32.39,87.24,55.93,7.38,68.25,0.71,27.83,2025,AIIMS,Hourly,0,0
2025-01-04 18:00:00,1.96,40.54,23.61,49.12,73.3,48.8,9.02,63.78,0.71,27.83,2025,AIIMS,Hourly,0,0
2025-01-04 19:00:00,1.92,36.26,23.85,58.7,91.52,44.24,10.0,103.2,0.84,27.16,2025,AIIMS,Hourly,0,0
2025-01-04 20:00:00,3.51,34.21,20.76,41.81,120.61,56.69,10.4,111.72,0.95,26.9,2025,AIIMS,Hourly,0,0
2025-01-04 21:00:00,3.34,46.57,27.56,27.92,127.27,56.69,7.56,100.87,0.93,27.0,2025,AIIMS,Hourly,0,0
2025-01-04 22:00:00,4.51,45.71,27.65,38.54,132.86,64.49,9.06,109.67,1.38,27.04,2025,AIIMS,Hourly,0,0
2025-01-04 23:00:00,4.07,45.71,27.65,23.89,132.86,64.49,9.76,128.99,1.08,27.36,2025,AIIMS,Hourly,0,0
2025-01-05 01:00:00,4.08,33.48,21.44,1.66,25.4,16.36,0.76,165.0,0.5,28.07,2025,AIIMS,Hourly,0,0
2025-01-05 02:00:00,4.81,35.62,23.14,1.56,24.23,13.5,0.53,206.72,0.46,28.13,2025,AIIMS,Hourly,0,0
2025-01-05 03:00:00,4.82,34.47,22.55,1.19,19.82,10.93,0.58,287.11,0.44,28.12,2025,AIIMS,Hourly,0,0
2025-01-05 04:00:00,6.84,42.1,27.6,0.97,24.54,14.17,0.72,284.28,0.45,27.82,2025,AIIMS,Hourly,0,0
2025-01-05 05:00:00,10.58,39.96,29.98,1.49,41.85,18.08,0.71,101.37,0.45,27.55,2025,AIIMS,Hourly,0,0
2025-01-05 06:00:00,13.23,34.24,29.18,1.62,72.37,28.3,0.7,160.21,0.57,27.59,2025,AIIMS,Hourly,0,0
2025-01-05 07:00:00,12.98,39.93,31.85,1.5,91.42,35.57,0.51,146.91,0.57,27.41,2025,AIIMS,Hourly,0,0
2025-01-05 08:00:00,13.17,39.81,32.01,1.63,82.62,32.72,0.68,235.49,0.56,27.33,2025,AIIMS,Hourly,0,0
2025-01-05 09:00:00,12.69,38.55,30.99,1.83,72.29,32.88,1.18,228.84,0.55,27.8,2025,AIIMS,Hourly,0,0
2025-01-05 10:00:00,7.86,33.09,23.88,1.45,54.28,22.69,1.2,235.28,0.56,27.92,2025,AIIMS,Hourly,0,0
2025-01-05 11:00:00,5.48,39.37,25.64,1.53,44.32,18.46,1.01,237.79,0.55,28.03,2025,AIIMS,Hourly,0,0
2025-01-05 12:00:00,4.23,35.09,22.4,1.79,35.32,19.04,1.02,304.26,0.51,28.67,2025,AIIMS,Hourly,0,0
2025-01-05 13:00:00,3.1,25.08,16.27,2.07,33.93,20.2,1.58,305.57,0.61,28.66,2025,AIIMS,Hourly,0,0
2025-01-05 14:00:00,2.51,31.12,18.87,4.31,38.15,18.94,1.43,256.62,0.66,28.6,2025,AIIMS,Hourly,0,0
2025-01-05 15:00:00,2.58,28.06,17.41,4.73,43.52,21.72,1.79,240.48,0.66,28.75,2025,AIIMS,Hourly,0,0
2025-01-05 16:00:00,2.83,26.44,16.68,2.84,46.08,22.54,0.6,237.14,0.6,29.09,2025,AIIMS,Hourly,0,0
2025-01-05 17:00:00,3.02,26.96,16.5,2.97,42.24,28.09,5.29,357.93,0.58,29.12,2025,AIIMS,Hourly,0,0
2025-01-05 18:00:00,3.36,35.77,22.05,2.7,18.15,35.31,2.15,81.96,0.45,28.48,2025,AIIMS,Hourly,0,0
2025-01-05 19:00:00,5.9,38.1,24.77,1.58,19.14,21.84,0.73,150.91,0.51,27.91,2025,AIIMS,Hourly,0,0
2025-01-05 20:00:00,6.46,40.81,27.12,1.61,24.17,14.55,0.61,150.29,0.54,27.49,2025,AIIMS,Hourly,0,0
2025-01-05 21:00:00,7.02,38.36,26.15,1.59,27.81,14.61,1.78,210.74,0.52,27.69,2025,AIIMS,Hourly,0,0
2025-01-05 22:00:00,6.64,39.39,26.58,1.35,18.5,9.76,1.62,218.01,0.48,27.82,2025,AIIMS,Hourly,0,0
2025-01-05 23:00:00,5.94,38.82,25.46,1.12,9.06,9.47,1.01,233.6,0.46,27.73,2025,AIIMS,Hourly,0,0
2025-01-06 01:00:00,5.71,11.95,9.22,6.22,63.54,21.51,4.75,158.77,0.55,29.05,2025,AIIMS,Hourly,0,0
2025-01-06 02:00:00,7.3,11.47,10.85,6.6,62.29,25.82,4.47,160.96,0.63,29.08,2025,AIIMS,Hourly,0,0
2025-01-06 03:00:00,11.4,13.16,15.03,6.66,72.73,31.5,4.45,246.09,0.66,28.77,2025,AIIMS,Hourly,0,0
2025-01-06 04:00:00,11.57,13.18,14.42,6.53,83.1,33.94,5.61,227.61,0.64,28.5,2025,AIIMS,Hourly,0,0
2025-01-06 05:00:00,11.74,8.34,12.75,6.02,77.73,29.32,4.96,211.81,0.63,28.71,2025,AIIMS,Hourly,0,0
2025-01-06 06:00:00,11.17,9.41,12.56,6.22,68.55,29.72,5.92,226.04,0.56,28.77,2025,AIIMS,Hourly,0,0
2025-01-06 07:00:00,10.72,11.24,13.06,6.34,71.55,27.59,4.45,227.29,0.56,28.64,2025,AIIMS,Hourly,0,0
2025-01-06 08:00:00,10.09,10.28,12.47,6.61,69.69,29.78,4.87,242.93,0.56,28.9,2025,AIIMS,Hourly,0,0
2025-01-06 09:00:00,9.68,10.35,11.29,5.96,71.72,26.55,6.28,241.97,0.61,28.88,2025,AIIMS,Hourly,0,0
2025-01-06 10:00:00,6.32,11.56,9.82,6.34,74.86,28.25,5.48,246.83,0.56,28.97,2025,AIIMS,Hourly,0,0
2025-01-06 11:00:00,2.8,11.57,7.29,6.25,75.45,26.49,5.39,287.18,0.5,29.33,2025,AIIMS,Hourly,0,0
2025-01-06 12:00:00,3.83,8.47,6.48,6.28,74.51,22.05,6.04,251.31,0.46,29.41,2025,AIIMS,Hourly,0,0
2025-01-06 13:00:00,3.01,8.43,5.67,6.48,73.45,21.29,6.36,252.89,0.41,29.38,2025,AIIMS,Hourly,0,0
2025-01-06 14:00:00,1.99,9.54,5.54,6.18,77.42,21.44,6.26,246.97,0.39,29.45,2025,AIIMS,Hourly,0,0
2025-01-06 15:00:00,2.07,8.11,4.89,5.95,75.86,18.1,5.87,240.46,0.32,29.5,2025,AIIMS,Hourly,0,0
2025-01-06 16:00:00,2.23,8.47,5.22,5.95,79.39,19.86,6.03,242.94,0.31,29.43,2025,AIIMS,Hourly,0,0
2025-01-06 17:00:00,2.31,9.18,5.65,6.45,81.77,23.0,5.89,242.46,0.33,29.44,2025,AIIMS,Hourly,0,0
2025-01-06 18:00:00,2.53,8.25,5.27,7.35,70.81,21.14,5.39,237.49,0.38,29.48,2025,AIIMS,Hourly,0,0
2025-01-06 19:00:00,2.63,9.44,6.04,7.51,66.22,18.47,5.45,222.86,0.37,29.39,2025,AIIMS,Hourly,0,0
2025-01-06 20:00:00,2.77,10.11,6.51,7.16,66.51,20.16,4.58,202.76,0.4,29.28,2025,AIIMS,Hourly,0,0
2025-01-06 21:00:00,3.35,8.05,5.66,6.91,66.55,22.11,4.39,205.08,0.42,29.43,2025,AIIMS,Hourly,0,0
2025-01-06 22:00:00,3.7,9.19,6.78,7.05,61.84,24.08,4.46,236.94,0.44,29.38,2025,AIIMS,Hourly,0,0
2025-01-06 23:00:00,3.92,9.85,7.29,7.12,61.02,22.03,4.74,233.95,0.43,29.22,2025,AIIMS,Hourly,0,0
2025-01-07 01:00:00,9.07,12.44,13.78,3.13,15.5,2.22,5.38,238.09,0.56,19.87,2025,AIIMS,Hourly,0,0
2025-01-07 02:00:00,9.63,13.27,14.54,2.76,15.03,2.01,4.91,239.49,0.51,19.86,2025,AIIMS,Hourly,0,0
2025-01-07 03:00:00,9.56,13.75,14.83,3.02,20.43,1.74,5.35,238.52,0.45,19.85,2025,AIIMS,Hourly,0,0
2025-01-07 04:00:00,9.64,13.19,14.34,3.31,20.43,1.74,4.85,238.83,0.44,19.87,2025,AIIMS,Hourly,0,0
2025-01-07 05:00:00,9.85,11.86,14.07,2.8,19.4,1.53,5.23,232.19,0.46,19.87,2025,AIIMS,Hourly,0,0
2025-01-07 06:00:00,9.65,13.18,14.58,2.63,19.4,1.38,5.09,236.23,0.46,19.84,2025,AIIMS,Hourly,0,0
2025-01-07 07:00:00,10.38,14.19,15.53,3.41,14.7,1.35,5.87,240.73,0.54,19.84,2025,AIIMS,Hourly,0,0
2025-01-07 08:00:00,10.18,12.11,14.47,3.04,15.52,1.31,5.46,248.88,0.54,19.86,2025,AIIMS,Hourly,0,0
2025-01-07 09:00:00,12.36,12.99,16.7,3.19,16.73,1.25,6.08,249.53,0.55,19.85,2025,AIIMS,Hourly,0,0
2025-01-07 10:00:00,12.16,14.45,16.62,3.55,16.73,1.24,6.29,246.89,0.54,19.82,2025,AIIMS,Hourly,0,0
2025-01-07 11:00:00,10.4,13.46,15.12,3.59,16.3,1.25,5.7,247.02,0.52,19.85,2025,AIIMS,Hourly,0,0
2025-01-07 12:00:00,9.87,13.19,14.15,3.25,15.39,1.37,5.67,244.95,0.49,19.85,2025,AIIMS,Hourly,0,0
2025-01-07 13:00:00,6.78,13.49,12.47,2.85,16.67,1.37,6.3,247.64,0.46,19.87,2025,AIIMS,Hourly,0,0
2025-01-07 14:00:00,4.56,12.97,10.26,3.37,16.67,1.34,6.37,249.27,0.46,19.89,2025,AIIMS,Hourly,0,0
2025-01-07 15:00:00,4.88,12.49,10.27,2.92,16.09,1.3,6.0,245.75,0.44,19.89,2025,AIIMS,Hourly,0,0
2025-01-07 16:00:00,4.22,13.43,10.22,2.83,15.64,1.26,6.4,247.61,0.42,19.88,2025,AIIMS,Hourly,0,0
2025-01-07 17:00:00,3.4,13.22,9.6,3.29,15.64,1.35,6.7,242.54,0.4,19.9,2025,AIIMS,Hourly,0,0
2025-01-07 18:00:00,4.1,10.78,8.93,3.1,13.73,1.37,6.54,241.82,0.39,19.9,2025,AIIMS,Hourly,0,0
2025-01-07 19:00:00,4.65,12.25,10.13,3.32,14.3,1.5,5.17,240.09,0.44,19.89,2025,AIIMS,Hourly,0,0
2025-01-07 20:00:00,6.13,12.37,10.49,3.34,19.32,1.51,4.71,239.32,0.48,19.88,2025,AIIMS,Hourly,0,0
2025-01-07 21:00:00,5.14,10.62,9.43,2.77,19.32,1.55,4.97,238.11,0.47,19.89,2025,AIIMS,Hourly,0,0
2025-01-07 22:00:00,5.68,10.77,10.17,2.97,17.72,1.56,4.7,239.13,0.44,19.88,2025,AIIMS,Hourly,0,0
2025-01-07 23:00:00,5.8,11.61,10.66,2.96,14.8,1.56,4.19,238.71,0.43,19.87,2025,AIIMS,Hourly,0,0
2025-01-08 01:00:00,11.54,12.28,15.63,5.68,34.13,10.42,4.56,198.25,0.55,9.86,2025,AIIMS,Hourly,0,0
2025-01-08 02:00:00,12.54,12.23,16.37,5.65,28.78,7.78,5.11,212.48,0.52,9.86,2025,AIIMS,Hourly,0,0
2025-01-08 03:00:00,12.55,12.27,16.21,5.75,23.09,5.53,4.78,207.87,0.48,9.85,2025,AIIMS,Hourly,0,0
2025-01-08 04:00:00,11.97,12.38,16.02,5.84,23.09,7.26,4.71,174.45,0.46,9.85,2025,AIIMS,Hourly,0,0
2025-01-08 05:00:00,11.68,12.3,15.75,5.54,19.07,7.26,4.9,210.99,0.44,9.86,2025,AIIMS,Hourly,0,0
2025-01-08 06:00:00,12.51,12.8,16.5,5.87,18.37,5.39,5.32,218.06,0.41,9.86,2025,AIIMS,Hourly,0,0
2025-01-08 07:00:00,14.56,12.53,18.16,5.93,19.56,3.98,4.65,238.98,0.41,9.86,2025,AIIMS,Hourly,0,0
2025-01-08 08:00:00,17.24,13.5,20.88,5.98,21.97,4.33,5.05,247.19,0.46,9.84,2025,AIIMS,Hourly,0,0
2025-01-08 09:00:00,19.08,14.46,22.43,6.2,34.48,5.52,3.67,242.51,0.52,9.82,2025,AIIMS,Hourly,0,0
2025-01-08 10:00:00,19.7,15.19,23.74,6.32,34.48,5.79,3.33,232.26,0.55,9.8,2025,AIIMS,Hourly,0,0
2025-01-08 11:00:00,18.38,15.17,22.64,6.37,30.24,5.79,2.72,295.01,0.56,9.79,2025,AIIMS,Hourly,0,0
2025-01-08 12:00:00,17.19,14.52,21.18,5.72,33.26,10.26,3.74,343.6,0.57,9.8,2025,AIIMS,Hourly,0,0
2025-01-08 13:00:00,14.75,13.29,18.77,5.32,33.26,10.26,2.68,341.81,0.55,15.56,2025,AIIMS,Hourly,0,0
2025-01-08 14:00:00,4.1,12.89,9.96,8.42,40.38,7.57,7.78,231.08,0.54,15.58,2025,AIIMS,Hourly,0,0
2025-01-08 15:00:00,3.08,11.68,8.18,8.4,40.38,7.57,5.75,232.14,0.5,15.58,2025,AIIMS,Hourly,0,0
2025-01-08 16:00:00,3.53,12.81,9.28,7.28,37.82,6.89,5.96,231.34,0.47,15.58,2025,AIIMS,Hourly,0,0
2025-01-08 17:00:00,2.34,11.52,7.89,8.28,45.14,6.89,7.48,230.44,0.41,15.59,2025,AIIMS,Hourly,0,0
2025-01-08 18:00:00,4.43,14.66,11.22,6.05,48.27,5.83,5.54,343.78,0.51,15.57,2025,AIIMS,Hourly,0,0
2025-01-08 19:00:00,7.02,13.59,12.12,6.08,48.27,6.2,3.89,61.65,0.53,15.56,2025,AIIMS,Hourly,0,0
2025-01-08 20:00:00,11.32,13.18,15.87,5.94,43.54,7.62,3.08,263.56,0.61,15.55,2025,AIIMS,Hourly,0,0
2025-01-08 21:00:00,13.26,12.83,17.3,6.09,43.49,7.62,4.56,229.78,0.59,15.53,2025,AIIMS,Hourly,0,0
2025-01-08 22:00:00,14.15,12.83,17.87,6.07,41.88,5.79,4.48,221.77,0.59,15.52,2025,AIIMS,Hourly,0,0
2025-01-08 23:00:00,13.14,13.64,17.26,5.51,41.88,5.74,4.95,221.76,0.54,15.51,2025,AIIMS,Hourly,0,0
2025-01-09 01:00:00,5.13,5.18,6.73,8.79,13.1,9.48,5.19,214.63,0.5,19.16,2025,AIIMS,Hourly,0,0
2025-01-09 02:00:00,4.76,5.41,6.56,9.21,9.4,7.15,4.39,229.38,0.45,19.18,2025,AIIMS,Hourly,0,0
2025-01-09 03:00:00,4.9,5.54,6.74,8.75,8.63,5.37,4.34,215.01,0.43,19.13,2025,AIIMS,Hourly,0,0
2025-01-09 04:00:00,5.0,5.34,6.72,8.85,6.42,4.31,4.7,222.01,0.41,19.15,2025,AIIMS,Hourly,0,0
2025-01-09 05:00:00,5.05,5.97,7.08,8.75,6.98,3.26,3.79,196.58,0.38,19.18,2025,AIIMS,Hourly,0,0
2025-01-09 06:00:00,5.94,6.49,7.97,8.25,5.58,3.86,4.58,209.79,0.37,19.08,2025,AIIMS,Hourly,0,0
2025-01-09 07:00:00,6.63,6.01,8.11,8.01,7.27,3.01,4.99,236.6,0.38,19.07,2025,AIIMS,Hourly,0,0
2025-01-09 08:00:00,7.22,5.86,8.72,7.8,11.42,2.41,4.64,238.24,0.41,19.03,2025,AIIMS,Hourly,0,0
2025-01-09 09:00:00,10.06,6.75,11.42,7.71,16.41,2.58,3.63,255.01,0.53,18.95,2025,AIIMS,Hourly,0,0
2025-01-09 10:00:00,10.47,6.61,11.48,7.98,26.31,6.07,3.51,263.24,0.56,18.83,2025,AIIMS,Hourly,0,0
2025-01-09 11:00:00,9.72,11.4,10.98,7.93,27.98,9.12,1.08,344.98,0.69,18.81,2025,AIIMS,Hourly,0,0
2025-01-09 12:00:00,1.74,13.11,8.21,9.02,19.31,9.07,4.46,268.51,0.65,18.97,2025,AIIMS,Hourly,0,0
2025-01-09 13:00:00,1.93,8.63,5.96,7.46,11.73,1.3,2.1,341.12,0.55,19.17,2025,AIIMS,Hourly,0,0
2025-01-09 14:00:00,2.39,7.98,6.0,8.91,15.54,1.3,1.85,350.89,0.56,19.11,2025,AIIMS,Hourly,0,0
2025-01-09 15:00:00,3.19,7.62,6.37,9.14,15.54,1.3,2.24,314.15,0.55,19.18,2025,AIIMS,Hourly,0,0
2025-01-09 16:00:00,3.0,6.32,5.6,9.06,12.43,0.66,3.15,197.29,0.55,19.25,2025,AIIMS,Hourly,0,0
2025-01-09 17:00:00,3.39,6.63,6.12,8.81,8.95,0.7,3.19,184.99,0.53,19.2,2025,AIIMS,Hourly,0,0
2025-01-09 18:00:00,5.95,7.34,8.51,8.35,12.82,3.16,3.59,228.38,0.56,19.15,2025,AIIMS,Hourly,0,0
2025-01-09 19:00:00,5.56,6.83,7.76,8.84,12.82,3.16,4.22,228.5,0.56,19.11,2025,AIIMS,Hourly,0,0
2025-01-09 20:00:00,7.16,7.88,9.52,8.43,16.13,4.49,4.35,259.97,0.55,19.04,2025,AIIMS,Hourly,0,0
2025-01-09 21:00:00,7.45,7.19,9.5,8.74,16.13,4.49,4.24,216.24,0.58,18.99,2025,AIIMS,Hourly,0,0
2025-01-09 22:00:00,8.09,6.44,9.52,8.26,18.64,6.28,4.78,238.46,0.57,19.01,2025,AIIMS,Hourly,0,0
2025-01-09 23:00:00,8.49,7.03,10.33,8.51,19.39,7.02,4.37,247.64,0.56,18.95,2025,AIIMS,Hourly,0,0
2025-01-10 01:00:00,8.71,7.66,10.38,10.0,50.87,19.83,100.0,183.74,0.67,18.95,2025,AIIMS,Hourly,0,0
2025-01-10 02:00:00,8.98,6.77,10.5,9.55,40.67,16.77,100.0,234.69,0.62,18.97,2025,AIIMS,Hourly,0,0
2025-01-10 03:00:00,8.96,6.38,10.31,9.06,35.79,16.0,100.0,204.66,0.59,18.99,2025,AIIMS,Hourly,0,0
2025-01-10 04:00:00,8.74,5.95,9.9,9.02,36.96,16.23,100.0,208.06,0.56,19.03,2025,AIIMS,Hourly,0,0
2025-01-10 05:00:00,9.06,5.73,10.06,8.98,31.67,12.17,100.0,218.81,0.51,19.05,2025,AIIMS,Hourly,0,0
2025-01-10 06:00:00,9.56,5.78,10.4,8.67,25.39,11.61,100.0,224.38,0.52,19.0,2025,AIIMS,Hourly,0,0
2025-01-10 07:00:00,10.19,5.4,10.64,8.47,25.68,13.14,100.0,224.24,0.51,18.99,2025,AIIMS,Hourly,0,0
2025-01-10 08:00:00,12.42,6.26,13.01,8.66,29.98,14.79,100.0,231.14,0.54,18.94,2025,AIIMS,Hourly,0,0
2025-01-10 09:00:00,12.71,7.06,13.38,8.97,38.47,15.62,100.0,225.3,0.6,18.78,2025,AIIMS,Hourly,0,0
2025-01-10 10:00:00,11.77,9.08,13.86,9.74,39.64,13.4,85.49,86.72,0.64,18.77,2025,AIIMS,Hourly,0,0
2025-01-10 11:00:00,11.09,10.0,13.6,10.28,40.16,14.82,56.85,258.31,0.64,18.72,2025,AIIMS,Hourly,0,0
2025-01-10 12:00:00,4.32,12.94,10.15,13.73,38.75,14.75,70.13,249.33,0.61,19.07,2025,AIIMS,Hourly,0,0
2025-01-10 13:00:00,3.66,12.33,9.32,14.1,34.84,10.61,52.48,143.96,0.62,19.3,2025,AIIMS,Hourly,0,0
2025-01-10 14:00:00,2.81,10.87,7.88,13.88,21.97,4.02,100.0,209.16,0.64,19.08,2025,AIIMS,Hourly,0,0
2025-01-10 15:00:00,4.75,10.82,9.37,12.71,24.72,4.52,100.0,188.27,0.67,19.11,2025,AIIMS,Hourly,0,0
2025-01-10 16:00:00,5.05,6.6,7.05,12.22,24.31,6.92,100.0,226.42,0.6,19.17,2025,AIIMS,Hourly,0,0
2025-01-10 17:00:00,5.89,8.26,8.9,12.2,22.1,7.23,97.46,50.3,0.6,19.12,2025,AIIMS,Hourly,0,0
2025-01-10 18:00:00,9.09,9.35,12.02,9.36,36.88,8.39,93.81,196.85,0.63,18.92,2025,AIIMS,Hourly,0,0
2025-01-10 19:00:00,10.81,8.65,12.68,9.23,41.46,11.94,100.0,240.45,0.62,18.81,2025,AIIMS,Hourly,0,0
2025-01-10 20:00:00,12.2,7.93,13.53,9.13,47.53,12.34,100.0,190.16,0.62,18.76,2025,AIIMS,Hourly,0,0
2025-01-10 21:00:00,12.25,7.42,13.48,8.99,48.17,13.32,100.0,202.27,0.61,18.92,2025,AIIMS,Hourly,0,0
2025-01-10 22:00:00,13.65,8.1,14.94,9.02,34.16,13.73,82.65,219.17,0.62,18.87,2025,AIIMS,Hourly,0,0
2025-01-10 23:00:00,15.92,8.06,16.69,9.15,30.6,13.91,96.8,123.42,0.63,18.68,2025,AIIMS,Hourly,0,0
2025-01-11 01:00:00,20.71,7.33,20.07,8.56,20.2,8.78,100.0,223.46,0.54,18.38,2025,AIIMS,Hourly,0,0
2025-01-11 02:00:00,21.62,7.19,20.56,8.36,20.53,8.34,100.0,223.8,0.52,18.35,2025,AIIMS,Hourly,0,0
2025-01-11 03:00:00,21.65,7.19,20.69,8.58,20.53,8.34,100.0,220.44,0.51,18.37,2025,AIIMS,Hourly,0,0
2025-01-11 04:00:00,21.62,7.07,20.65,8.43,19.41,8.23,100.0,217.63,0.49,18.37,2025,AIIMS,Hourly,0,0
2025-01-11 05:00:00,22.17,7.26,21.18,8.31,17.59,8.23,100.0,229.07,0.48,18.5,2025,AIIMS,Hourly,0,0
2025-01-11 06:00:00,23.82,8.13,22.92,9.42,21.5,5.81,100.0,209.4,0.5,18.33,2025,AIIMS,Hourly,0,0
2025-01-11 07:00:00,25.69,7.92,24.17,9.19,23.83,7.46,100.0,216.31,0.51,18.19,2025,AIIMS,Hourly,0,0
2025-01-11 08:00:00,26.46,7.59,24.71,8.89,24.6,8.84,100.0,224.58,0.54,18.15,2025,AIIMS,Hourly,0,0
2025-01-11 09:00:00,26.94,7.98,25.25,9.62,26.82,8.84,100.0,200.54,0.59,18.12,2025,AIIMS,Hourly,0,0
2025-01-11 10:00:00,26.5,7.64,24.61,9.61,28.52,9.9,100.0,233.76,0.61,18.14,2025,AIIMS,Hourly,0,0
2025-01-11 11:00:00,22.89,9.01,22.19,10.05,28.52,9.9,100.0,50.6,0.61,18.17,2025,AIIMS,Hourly,0,0
2025-01-11 12:00:00,21.09,9.32,21.05,10.52,28.24,9.06,76.14,285.95,0.6,18.31,2025,AIIMS,Hourly,0,0
2025-01-11 13:00:00,18.38,9.32,19.14,10.31,27.77,9.06,83.14,271.15,0.61,18.43,2025,AIIMS,Hourly,0,0
2025-01-11 14:00:00,17.3,8.92,18.03,10.26,22.49,7.44,78.72,249.29,0.59,18.46,2025,AIIMS,Hourly,0,0
2025-01-11 15:00:00,15.82,9.06,17.09,10.3,21.84,5.33,88.25,146.93,0.59,18.58,2025,AIIMS,Hourly,0,0
2025-01-11 16:00:00,14.49,8.38,15.61,10.33,21.84,5.33,94.13,53.01,0.58,18.62,2025,AIIMS,Hourly,0,0
2025-01-11 17:00:00,14.69,8.76,15.96,11.07,20.15,3.84,100.0,71.76,0.58,18.63,2025,AIIMS,Hourly,0,0
2025-01-11 18:00:00,15.24,9.74,16.85,10.1,20.24,5.31,100.0,53.75,0.66,18.61,2025,AIIMS,Hourly,0,0
2025-01-11 19:00:00,16.3,11.15,18.61,11.24,24.93,7.8,100.0,37.2,0.65,18.55,2025,AIIMS,Hourly,0,0
2025-01-11 20:00:00,18.67,10.61,20.17,10.26,25.08,8.7,100.0,118.86,0.67,18.42,2025,AIIMS,Hourly,0,0
2025-01-11 21:00:00,21.53,9.93,21.84,10.07,36.43,15.17,100.0,145.99,0.73,18.47,2025,AIIMS,Hourly,0,0
2025-01-11 22:00:00,24.21,8.9,23.56,10.29,56.23,23.89,100.0,188.15,0.74,18.26,2025,AIIMS,Hourly,0,0
2025-01-11 23:00:00,25.83,8.65,24.78,9.76,56.23,23.89,100.0,167.33,0.72,18.18,2025,AIIMS,Hourly,0,0
2025-01-12 01:00:00,44.24,59.45,65.76,4.56,152.43,75.93,88.78,98.56,1.21,2.07,2025,AIIMS,Hourly,0,0
2025-01-12 02:00:00,41.18,58.0,62.6,4.15,134.54,71.21,100.0,73.02,1.08,2.39,2025,AIIMS,Hourly,0,0
2025-01-12 03:00:00,36.66,55.12,57.55,3.7,95.06,58.86,100.0,103.32,0.95,2.78,2025,AIIMS,Hourly,0,0
2025-01-12 04:00:00,32.12,54.12,53.46,4.18,100.75,51.17,100.0,67.34,0.86,2.99,2025,AIIMS,Hourly,0,0
2025-01-12 05:00:00,29.53,53.48,51.1,4.09,138.45,62.61,100.0,79.93,0.79,3.32,2025,AIIMS,Hourly,0,0
2025-01-12 06:00:00,29.73,52.25,50.62,3.76,142.27,68.65,100.0,79.59,0.78,3.13,2025,AIIMS,Hourly,0,0
2025-01-12 07:00:00,37.24,53.14,56.97,4.55,184.08,79.82,100.0,55.39,0.85,2.95,2025,AIIMS,Hourly,0,0
2025-01-12 08:00:00,40.09,53.51,59.32,4.69,184.08,80.72,100.0,35.22,0.84,2.59,2025,AIIMS,Hourly,0,0
2025-01-12 09:00:00,42.21,54.09,61.36,4.46,181.34,80.72,100.0,54.51,0.81,2.48,2025,AIIMS,Hourly,0,0
2025-01-12 10:00:00,46.94,57.06,66.63,5.18,157.46,67.22,100.0,77.82,0.84,2.48,2025,AIIMS,Hourly,0,0
2025-01-12 11:00:00,37.55,61.34,59.45,8.1,64.08,27.01,47.81,59.92,0.83,3.13,2025,AIIMS,Hourly,0,0
2025-01-12 12:00:00,15.85,65.29,46.54,8.83,74.46,34.2,67.55,93.48,0.81,3.35,2025,AIIMS,Hourly,0,0
2025-01-12 13:00:00,3.64,59.6,33.59,10.75,74.84,37.21,80.27,101.01,0.73,3.82,2025,AIIMS,Hourly,0,0
2025-01-12 14:00:00,2.33,53.18,29.59,11.17,73.25,36.35,46.75,162.15,0.64,4.15,2025,AIIMS,Hourly,0,0
2025-01-12 15:00:00,2.63,55.28,30.6,11.38,69.84,35.57,94.9,129.67,0.6,4.32,2025,AIIMS,Hourly,0,0
2025-01-12 16:00:00,2.46,51.2,28.08,11.3,66.98,33.93,78.16,113.57,0.55,4.29,2025,AIIMS,Hourly,0,0
2025-01-12 17:00:00,4.47,54.4,31.93,7.76,64.69,32.76,100.0,115.29,0.55,4.24,2025,AIIMS,Hourly,0,0
2025-01-12 18:00:00,7.52,60.93,37.4,6.94,62.91,35.34,100.0,122.55,0.7,3.84,2025,AIIMS,Hourly,0,0
2025-01-12 19:00:00,19.45,64.35,48.88,7.23,156.05,48.7,100.0,113.86,0.85,3.42,2025,AIIMS,Hourly,0,0
2025-01-12 20:00:00,26.48,64.35,53.12,7.03,176.4,65.12,100.0,111.28,0.92,2.68,2025,AIIMS,Hourly,0,0
2025-01-12 21:00:00,32.04,61.13,56.92,6.29,136.46,60.45,100.0,126.19,1.0,2.97,2025,AIIMS,Hourly,0,0
2025-01-12 22:00:00,33.06,61.62,58.01,5.84,113.42,56.21,100.0,117.32,1.01,2.48,2025,AIIMS,Hourly,0,0
2025-01-12 23:00:00,32.69,60.67,57.33,5.65,89.75,52.78,88.72,108.16,1.0,2.67,2025,AIIMS,Hourly,0,0
2025-02-04 01:00:00,5.13,45.71,27.65,19.18,126.05,62.51,10.05,130.46,1.11,27.19,2025,AIIMS,Hourly,0,0
2022-01-06 01:00:00,15.62,22.86,38.47,14.26,500.0,250.49,1.48,242.19,2.06,,2022,Siltara,Hourly,1,23
2022-01-06 02:00:00,12.08,21.89,33.98,14.09,500.0,250.49,0.89,241.59,1.9,,2022,Siltara,Hourly,1,23
2022-01-06 03:00:00,9.85,22.96,31.88,14.15,500.0,220.97,0.79,233.14,1.88,,2022,Siltara,Hourly,1,23
2022-01-06 04:00:00,9.15,24.09,33.23,14.09,500.0,224.12,0.74,237.15,1.82,,2022,Siltara,Hourly,1,23
2022-01-06 05:00:00,10.16,24.13,34.08,14.37,500.0,247.43,0.49,227.11,1.69,,2022,Siltara,Hourly,1,23
2022-01-06 06:00:00,11.41,24.45,35.57,14.54,500.0,247.43,0.92,240.08,1.69,,2022,Siltara,Hourly,1,23
2022-01-06 07:00:00,13.56,20.1,33.52,15.05,500.0,252.98,1.06,244.64,1.69,,2022,Siltara,Hourly,1,23
2022-01-06 08:00:00,13.94,20.55,34.37,15.23,500.0,259.53,1.14,240.62,1.63,,2022,Siltara,Hourly,1,23
2022-01-06 09:00:00,11.94,20.04,31.6,14.77,500.0,259.53,1.17,237.33,1.52,,2022,Siltara,Hourly,1,23
2022-01-06 10:00:00,7.04,22.77,28.23,14.74,366.86,195.02,0.87,281.76,1.37,,2022,Siltara,Hourly,1,23
2022-01-06 11:00:00,5.09,23.12,28.02,14.71,369.1,173.27,0.95,288.4,1.29,,2022,Siltara,Hourly,1,23
2022-01-06 12:00:00,5.22,23.28,28.5,14.03,377.16,500.0,2.29,40.31,1.14,,2022,Siltara,Hourly,1,23
2022-01-06 13:00:00,5.63,20.99,26.06,13.34,465.71,500.0,2.89,357.78,0.86,,2022,Siltara,Hourly,1,23
2022-01-06 14:00:00,7.11,22.68,29.8,12.17,91.58,69.14,2.85,350.21,0.64,,2022,Siltara,Hourly,1,23
2022-01-06 15:00:00,5.42,22.54,27.96,10.71,402.69,110.2,1.25,321.26,0.67,,2022,Siltara,Hourly,1,23
2022-01-06 16:00:00,8.86,38.56,47.16,10.42,461.63,116.51,2.43,24.72,1.29,,2022,Siltara,Hourly,1,23
2022-01-06 17:00:00,60.4,59.94,120.34,14.63,492.58,153.74,1.99,347.89,1.07,,2022,Siltara,Hourly,1,23
2022-01-06 18:00:00,78.31,72.62,153.59,14.51,500.0,155.88,1.7,14.12,0.98,,2022,Siltara,Hourly,1,23
2022-01-06 19:00:00,30.03,51.73,81.76,8.61,500.0,159.59,1.76,15.84,0.97,,2022,Siltara,Hourly,1,23
2022-01-06 20:00:00,57.14,53.96,106.28,8.8,500.0,152.34,0.71,354.11,1.35,,2022,Siltara,Hourly,1,23
2022-01-06 21:00:00,52.11,44.66,96.77,10.08,500.0,187.39,0.35,226.26,1.33,,2022,Siltara,Hourly,1,23
2022-01-06 22:00:00,42.32,34.35,76.36,11.01,500.0,182.37,0.31,214.03,1.25,,2022,Siltara,Hourly,1,23
2022-01-06 23:00:00,36.33,30.14,66.46,12.22,376.84,173.17,0.43,232.89,1.51,,2022,Siltara,Hourly,1,23
2022-01-07 01:00:00,5.73,6.76,12.16,20.42,71.66,40.35,0.69,239.94,0.72,12.3,2022,Siltara,Hourly,0,0
2022-01-07 02:00:00,7.02,6.07,11.63,20.79,75.81,42.14,0.74,220.35,0.75,12.44,2022,Siltara,Hourly,0,0
2022-01-07 03:00:00,6.97,3.11,9.95,18.05,74.04,39.71,1.1,227.18,0.72,12.4,2022,Siltara,Hourly,0,0
2022-01-07 04:00:00,5.55,2.93,8.48,17.51,60.96,36.32,1.19,229.68,0.63,12.24,2022,Siltara,Hourly,0,0
2022-01-07 05:00:00,5.8,3.18,8.96,17.9,53.08,33.43,0.81,244.73,0.55,12.31,2022,Siltara,Hourly,0,0
2022-01-07 06:00:00,5.91,3.8,9.52,17.66,54.71,34.13,0.85,241.55,0.55,12.47,2022,Siltara,Hourly,0,0
2022-01-07 07:00:00,5.68,3.56,9.21,18.37,55.77,33.76,0.73,245.92,0.54,12.35,2022,Siltara,Hourly,0,0
2022-01-07 08:00:00,6.59,3.75,10.34,18.98,60.0,34.32,1.08,245.16,0.52,12.47,2022,Siltara,Hourly,0,0
2022-01-07 09:00:00,5.66,4.26,9.79,21.32,61.01,27.74,1.02,239.61,0.47,12.37,2022,Siltara,Hourly,0,0
2022-01-07 10:00:00,6.89,3.75,10.26,21.25,59.52,23.9,1.0,261.9,0.41,12.3,2022,Siltara,Hourly,0,0
2022-01-07 11:00:00,4.74,3.82,8.16,22.62,54.74,21.05,0.73,278.45,0.37,12.07,2022,Siltara,Hourly,0,0
2022-01-07 12:00:00,3.87,5.93,9.8,26.56,50.19,20.26,0.67,275.71,0.3,11.9,2022,Siltara,Hourly,0,0
2022-01-07 13:00:00,3.01,6.91,9.91,28.52,51.19,22.42,0.77,255.28,0.31,11.56,2022,Siltara,Hourly,0,0
2022-01-07 14:00:00,1.77,5.94,7.71,34.34,51.5,23.24,0.72,258.63,0.28,11.48,2022,Siltara,Hourly,0,0
2022-01-07 15:00:00,1.25,5.17,6.12,34.87,51.82,21.68,1.01,261.3,0.24,11.3,2022,Siltara,Hourly,0,0
2022-01-07 16:00:00,0.0,2.1,2.1,29.69,52.6,20.34,0.93,253.26,0.26,11.44,2022,Siltara,Hourly,0,0
2022-01-07 17:00:00,3.21,15.41,18.63,54.45,48.64,21.06,0.83,255.54,0.31,10.76,2022,Siltara,Hourly,0,0
2022-01-07 18:00:00,0.91,5.22,6.13,44.62,50.67,24.29,1.0,241.8,0.29,10.87,2022,Siltara,Hourly,0,0
2022-01-07 19:00:00,0.04,8.51,8.55,47.67,56.32,25.73,1.14,235.52,0.34,10.97,2022,Siltara,Hourly,0,0
2022-01-07 20:00:00,0.0,4.45,4.45,26.63,58.98,25.42,1.28,225.61,0.36,11.21,2022,Siltara,Hourly,0,0
2022-01-07 21:00:00,0.0,11.6,11.6,32.21,56.02,23.47,1.0,245.39,0.57,11.17,2022,Siltara,Hourly,0,0
2022-01-07 22:00:00,3.9,14.94,17.92,40.93,64.31,25.45,0.92,242.06,0.52,9.92,2022,Siltara,Hourly,0,0
2022-01-07 23:00:00,4.89,21.83,26.7,57.35,126.05,31.25,0.63,241.29,1.03,10.65,2022,Siltara,Hourly,0,0
2022-01-08 01:00:00,10.31,16.86,28.68,11.52,49.78,21.52,0.2,233.41,0.0,11.88,2022,Siltara,Hourly,0,0
2022-01-08 02:00:00,13.88,16.93,30.8,11.77,65.46,23.85,0.37,251.37,0.0,11.83,2022,Siltara,Hourly,0,0
2022-01-08 03:00:00,13.78,17.16,30.72,12.44,72.75,25.62,0.3,218.38,0.0,12.32,2022,Siltara,Hourly,0,0
2022-01-08 04:00:00,15.04,11.36,25.31,21.94,60.02,22.31,0.27,295.23,0.0,13.66,2022,Siltara,Hourly,0,0
2022-01-08 05:00:00,21.82,8.92,30.74,20.7,64.24,29.19,0.13,240.57,0.0,14.07,2022,Siltara,Hourly,0,0
2022-01-08 06:00:00,29.8,10.77,42.35,19.45,73.84,32.42,0.28,229.54,0.0,15.06,2022,Siltara,Hourly,0,0
2022-01-08 07:00:00,24.13,9.37,32.9,18.1,76.84,31.88,0.34,207.36,0.0,16.44,2022,Siltara,Hourly,0,0
2022-01-08 08:00:00,16.58,24.67,46.93,9.82,69.39,38.48,0.34,230.35,0.0,16.28,2022,Siltara,Hourly,0,0
2022-01-08 09:00:00,14.33,16.49,29.87,11.6,74.61,41.53,0.42,313.86,0.0,14.35,2022,Siltara,Hourly,0,0
2022-01-08 10:00:00,12.86,16.58,29.45,13.18,76.47,31.8,0.39,333.09,0.0,14.9,2022,Siltara,Hourly,0,0
2022-01-08 11:00:00,10.56,19.66,28.1,38.23,75.74,25.71,0.52,344.37,0.03,14.29,2022,Siltara,Hourly,0,0
2022-01-08 12:00:00,9.55,13.63,23.18,34.86,76.85,23.85,0.72,358.72,0.84,13.22,2022,Siltara,Hourly,0,0
2022-01-08 13:00:00,12.29,19.68,31.96,33.48,77.12,23.76,0.3,223.25,1.46,12.81,2022,Siltara,Hourly,0,0
2022-01-08 14:00:00,13.78,26.32,40.1,21.22,69.95,22.62,0.65,217.48,1.34,11.19,2022,Siltara,Hourly,0,0
2022-01-08 15:00:00,11.81,14.93,26.56,18.39,73.67,22.64,0.57,359.61,0.84,13.07,2022,Siltara,Hourly,0,0
2022-01-08 16:00:00,8.5,22.73,31.23,20.83,75.07,23.78,0.47,315.0,0.85,12.68,2022,Siltara,Hourly,0,0
2022-01-08 17:00:00,12.41,14.92,26.86,20.13,78.84,24.42,0.34,319.76,0.85,11.75,2022,Siltara,Hourly,0,0
2022-01-08 18:00:00,22.38,22.27,40.89,36.5,91.55,26.5,0.45,273.21,0.66,12.68,2022,Siltara,Hourly,0,0
2022-01-08 19:00:00,7.13,17.55,20.82,36.6,96.09,27.57,0.51,235.03,0.74,13.28,2022,Siltara,Hourly,0,0
2022-01-08 20:00:00,9.87,21.59,31.45,37.63,78.61,22.27,0.41,227.0,0.64,12.6,2022,Siltara,Hourly,0,0
2022-01-08 21:00:00,10.35,21.18,30.21,53.62,89.56,23.24,0.75,233.49,0.76,12.12,2022,Siltara,Hourly,0,0
2022-01-08 22:00:00,14.2,12.04,26.24,39.09,94.34,22.75,1.36,42.32,0.67,12.75,2022,Siltara,Hourly,0,0
2022-01-08 23:00:00,13.9,16.73,30.63,17.73,94.94,24.61,0.52,216.26,0.69,12.5,2022,Siltara,Hourly,0,0
2022-01-09 01:00:00,1.36,23.07,24.44,16.08,117.7,27.91,0.33,233.92,1.69,12.56,2022,Siltara,Hourly,0,0
2022-01-09 02:00:00,1.89,16.8,18.69,11.26,117.7,27.91,0.24,247.71,0.53,11.4,2022,Siltara,Hourly,0,0
2022-01-09 03:00:00,5.44,21.45,25.95,10.27,55.83,19.94,0.31,220.37,0.82,10.93,2022,Siltara,Hourly,0,0
2022-01-09 04:00:00,3.06,19.88,22.94,11.82,53.93,18.49,0.2,247.14,1.71,11.52,2022,Siltara,Hourly,0,0
2022-01-09 05:00:00,4.195,14.3,14.3,14.39,53.93,16.28,0.58,229.22,0.61,11.16,2022,Siltara,Hourly,1,1
2022-01-09 06:00:00,5.33,18.07,23.39,13.96,87.0,20.58,0.31,223.08,0.51,11.29,2022,Siltara,Hourly,0,0
2022-01-09 07:00:00,17.92,19.53,34.58,12.78,87.0,20.58,0.49,215.88,0.79,12.97,2022,Siltara,Hourly,0,0
2022-01-09 08:00:00,7.96,19.35,27.22,65.91,81.98,23.99,0.53,229.49,0.77,13.43,2022,Siltara,Hourly,0,0
2022-01-09 09:00:00,0.94,10.96,11.9,54.73,106.92,42.1,0.6,244.57,0.71,12.7,2022,Siltara,Hourly,0,0
2022-01-09 10:00:00,1.65,8.43,8.8,36.5,106.92,42.1,0.45,247.52,0.69,10.76,2022,Siltara,Hourly,0,0
2022-01-09 11:00:00,3.97,14.42,18.39,31.67,83.21,49.25,0.52,286.39,0.81,10.89,2022,Siltara,Hourly,0,0
2022-01-09 12:00:00,1.32,13.16,14.48,23.75,108.52,49.45,0.52,268.02,0.81,11.5,2022,Siltara,Hourly,0,0
2022-01-09 13:00:00,26.37,28.09,56.1,29.13,108.52,49.45,0.88,346.55,0.71,11.31,2022,Siltara,Hourly,0,0
2022-01-09 14:00:00,16.95,23.65,40.6,20.71,231.0,56.01,0.83,218.14,0.64,14.12,2022,Siltara,Hourly,0,0
2022-01-09 15:00:00,12.11,25.5,37.61,32.56,231.0,56.01,1.7,12.41,0.71,11.06,2022,Siltara,Hourly,0,0
2022-01-09 16:00:00,25.29,40.85,66.14,37.8,295.18,59.9,1.02,308.3,0.73,15.57,2022,Siltara,Hourly,0,0
2022-01-09 17:00:00,23.77,45.53,69.79,38.33,295.18,66.99,0.62,30.37,1.17,13.4,2022,Siltara,Hourly,0,0
2022-01-09 18:00:00,28.68,58.34,98.31,36.19,500.0,66.99,0.75,352.92,1.13,14.44,2022,Siltara,Hourly,0,0
2022-01-09 19:00:00,53.23,61.81,115.68,25.07,500.0,77.63,0.36,39.13,1.78,12.79,2022,Siltara,Hourly,0,0
2022-01-09 20:00:00,37.74,65.76,87.18,13.97,500.0,79.82,0.3,220.3,1.4,18.63,2022,Siltara,Hourly,0,0
2022-01-09 21:00:00,10.38,31.86,41.2,13.87,500.0,79.82,0.3,224.15,1.05,13.35,2022,Siltara,Hourly,0,0
2022-01-09 22:00:00,33.78,47.74,89.36,12.28,154.12,60.6,0.3,224.72,1.32,14.58,2022,Siltara,Hourly,0,0
2022-01-09 23:00:00,45.47,45.0,86.1,12.3,192.65,48.72,0.24,222.92,1.53,17.76,2022,Siltara,Hourly,0,0
2022-01-10 01:00:00,20.82,8.89,29.11,12.6,200.13,28.73,0.57,225.31,1.01,11.39,2022,Siltara,Hourly,0,0
2022-01-10 02:00:00,20.83,7.53,28.36,11.73,200.13,28.73,0.28,329.83,0.99,11.97,2022,Siltara,Hourly,0,0
2022-01-10 03:00:00,19.92,6.69,26.19,11.84,176.29,28.56,0.26,109.89,0.96,11.7,2022,Siltara,Hourly,0,0
2022-01-10 04:00:00,21.08,6.7,27.7,12.15,107.65,25.91,0.51,63.85,0.93,11.81,2022,Siltara,Hourly,0,0
2022-01-10 05:00:00,21.27,8.03,28.78,11.77,131.73,23.49,0.58,349.97,0.89,12.15,2022,Siltara,Hourly,0,0
2022-01-10 06:00:00,21.19,7.31,27.8,12.27,131.73,23.49,1.05,58.3,0.85,11.42,2022,Siltara,Hourly,0,0
2022-01-10 07:00:00,25.51,8.67,34.18,11.6,95.22,19.97,0.45,56.94,0.91,12.54,2022,Siltara,Hourly,0,0
2022-01-10 08:00:00,26.87,9.57,35.37,11.64,181.44,25.82,0.79,41.9,0.97,12.94,2022,Siltara,Hourly,0,0
2022-01-10 09:00:00,25.6,9.3,34.84,11.49,192.66666666666666,34.88,0.7,38.38,1.05,13.83,2022,Siltara,Hourly,1,2
2022-01-10 10:00:00,25.98,9.36,34.87,12.65,203.89333333333335,50.24,0.76,31.92,1.06,13.72,2022,Siltara,Hourly,1,2
2022-01-10 11:00:00,25.2,15.86,34.98,12.97,215.12,50.24,1.16,345.19,0.93,13.22,2022,Siltara,Hourly,0,0
2022-01-10 12:00:00,11.94,14.72,26.65,14.25,215.12,45.93,1.33,10.89,0.78,10.74,2022,Siltara,Hourly,0,0
2022-01-10 13:00:00,7.19,12.23,19.11,13.63,192.11,40.56,1.24,353.92,0.63,42.95,2022,Siltara,Hourly,1,1
2022-01-10 14:00:00,9.24,12.69,21.93,14.57,146.35,36.88,2.19,356.09,0.6,75.16,2022,Siltara,Hourly,0,0
2022-01-10 15:00:00,6.18,11.38,17.42,12.38,166.76,36.88,1.82,357.04,0.58,49.05,2022,Siltara,Hourly,0,0
2022-01-10 16:00:00,10.6,18.37,28.97,10.83,166.76,31.97,1.58,6.35,0.48,29.28,2022,Siltara,Hourly,0,0
2022-01-10 17:00:00,15.12,20.99,33.2,8.91,183.55,23.76,1.34,14.63,0.57,28.77,2022,Siltara,Hourly,0,0
2022-01-10 18:00:00,20.55,18.87,38.11,8.87,219.48,23.76,0.42,17.4,0.72,22.34,2022,Siltara,Hourly,0,0
2022-01-10 19:00:00,20.98,17.97,38.95,8.95,273.73,31.13,0.24,350.16,0.85,20.54,2022,Siltara,Hourly,0,0
2022-01-10 20:00:00,18.35,16.6,32.7,8.96,273.73,31.13,0.66,211.03,0.84,17.71,2022,Siltara,Hourly,0,0
2022-01-10 21:00:00,22.16,12.81,34.97,8.75,265.93,38.01,0.64,359.33,0.92,18.27,2022,Siltara,Hourly,0,0
2022-01-10 22:00:00,16.05,8.49,24.54,9.21,265.93,38.01,0.25,219.25,0.79,16.65,2022,Siltara,Hourly,0,0
2022-01-10 23:00:00,23.36,10.46,33.82,9.54,149.71,33.25,0.36,224.79,0.85,17.15,2022,Siltara,Hourly,0,0
2022-01-11 01:00:00,68.32,18.73,64.47,19.43,500.0,60.02,0.73,23.02,0.835,24.16,2022,Siltara,Hourly,1,10
2022-01-11 02:00:00,59.07,18.13,56.77,19.43,500.0,66.28,0.93,16.35,0.8275,20.05,2022,Siltara,Hourly,1,10
2022-01-11 03:00:00,45.66,17.29,45.63,19.11,155.78,66.28,0.68,16.7,0.82,13.4,2022,Siltara,Hourly,1,10
2022-01-11 04:00:00,35.64,16.59,37.25,18.7,155.78,62.95,0.48,44.07,,7.0,2022,Siltara,Hourly,1,10
2022-01-11 05:00:00,31.48,15.43,33.3,18.42,121.13,54.29,0.78,134.36,,2.34,2022,Siltara,Hourly,1,10
2022-01-11 06:00:00,29.2,14.99,31.15,18.15,121.13,54.29,0.2,237.07,,0.09,2022,Siltara,Hourly,1,10
2022-01-11 07:00:00,36.06,14.88,36.34,17.61,154.93,51.73,0.68,225.45,,3.56,2022,Siltara,Hourly,1,10
2022-01-11 08:00:00,37.36,16.88,38.78,18.6,154.93,51.73,0.51,18.94,,6.29,2022,Siltara,Hourly,1,10
2022-01-11 09:00:00,37.47,17.28,38.65,18.71,154.61,58.83,0.68,34.8,,6.69,2022,Siltara,Hourly,1,10
2022-01-11 10:00:00,36.26,19.07,38.35,19.59,181.77,61.12,0.82,27.79,,7.82,2022,Siltara,Hourly,1,10
2022-01-11 11:00:00,34.02,26.09,37.34,21.82,181.77,61.12,1.07,28.05,0.76,6.92,2022,Siltara,Hourly,0,0
2022-01-11 12:00:00,11.62,37.93,29.13,23.08,138.29500000000002,47.51,1.04,34.04,0.63,6.65,2022,Siltara,Hourly,1,1
2022-01-11 13:00:00,12.39,33.01,26.53,43.71,94.82,33.9,1.05,17.57,0.53,0.51,2022,Siltara,Hourly,0,0
2022-01-11 14:00:00,12.12,35.7,27.06,42.55,104.47,39.56,0.83,35.09,0.58,16.02,2022,Siltara,Hourly,0,0
2022-01-11 15:00:00,17.43,32.53,31.46,47.4,114.24,41.21,1.01,356.94,0.6,15.15,2022,Siltara,Hourly,0,0
2022-01-11 16:00:00,10.99,31.3,24.13,43.05,126.76,41.21,0.8,359.18,0.55,14.44,2022,Siltara,Hourly,0,0
2022-01-11 17:00:00,9.04,34.42,25.23,33.67,128.13,42.65,0.67,11.45,0.55,19.01,2022,Siltara,Hourly,0,0
2022-01-11 18:00:00,18.06,39.14,34.94,28.24,141.92,43.58,0.46,23.06,0.64,23.46,2022,Siltara,Hourly,0,0
2022-01-11 19:00:00,18.17,30.94,29.81,24.14,229.75,54.78,0.46,17.93,0.71,20.3,2022,Siltara,Hourly,0,0
2022-01-11 20:00:00,16.03,26.83,26.29,21.17,500.0,55.27,0.28,185.65,0.76,19.59,2022,Siltara,Hourly,0,0
2022-01-11 21:00:00,24.02,25.1,32.33,19.44,500.0,55.8,0.2,237.24,0.93,23.68,2022,Siltara,Hourly,0,0
2022-01-11 22:00:00,29.37,24.33,35.9,19.84,164.14,55.8,0.44,236.56,1.02,27.37,2022,Siltara,Hourly,0,0
2022-01-11 23:00:00,41.57,23.42,45.46,20.04,500.0,64.87,0.23,279.85,1.13,34.23,2022,Siltara,Hourly,0,0
2022-01-12 01:00:00,35.69,42.81,50.98,4.05,151.66,76.12,0.2525,268.6825,1.81,18.68,2022,Siltara,Hourly,1,6
2022-01-12 02:00:00,30.98,41.2,46.37,4.4,156.17,80.69,0.26375,263.09875,1.77,16.31,2022,Siltara,Hourly,1,6
2022-01-12 03:00:00,25.81,39.91,41.55,4.66,158.07,89.36,0.275,257.515,1.72,13.31,2022,Siltara,Hourly,1,6
2022-01-12 04:00:00,21.3,38.25,37.06,4.57,109.8,76.44,,,1.67,10.07,2022,Siltara,Hourly,1,6
2022-01-12 05:00:00,19.0,37.39,34.78,4.88,83.95,69.38,,,1.63,8.62,2022,Siltara,Hourly,1,6
2022-01-12 06:00:00,21.45,36.76,36.24,4.74,83.31,60.21,,,1.57,9.65,2022,Siltara,Hourly,1,6
2022-01-12 07:00:00,22.46,36.85,37.26,4.93,99.69,63.23,0.32,235.18,1.53,8.64,2022,Siltara,Hourly,0,0
2022-01-12 08:00:00,26.09,38.54,40.77,5.58,109.49,64.36,3.89,35.49,1.56,10.41,2022,Siltara,Hourly,0,0
2022-01-12 09:00:00,25.84,38.75,40.61,5.28,129.36,67.51,9.31,28.27,1.6,10.82,2022,Siltara,Hourly,0,0
2022-01-12 10:00:00,25.45,40.41,41.13,5.25,135.01,68.17,11.7,80.39,1.61,11.79,2022,Siltara,Hourly,0,0
2022-01-12 11:00:00,25.41,42.11,42.13,5.42,152.73,71.21,12.3,32.63,1.6,13.2,2022,Siltara,Hourly,0,0
2022-01-12 12:00:00,23.97,42.03,41.18,9.11,159.81,67.01,9.95,35.65,1.58,13.02,2022,Siltara,Hourly,0,0
2022-01-12 13:00:00,21.12,41.57,38.66,13.73,160.54,60.07,7.88,352.67,1.49,12.19,2022,Siltara,Hourly,0,0
2022-01-12 14:00:00,16.79,40.12,33.88,19.77,143.94,57.7,9.55,359.18,1.39,10.53,2022,Siltara,Hourly,0,0
2022-01-12 15:00:00,12.18,39.76,30.54,18.71,124.19,51.6,7.11,347.97,1.35,8.42,2022,Siltara,Hourly,0,0
2022-01-12 16:00:00,11.98,39.47,30.23,10.34,122.73,47.57,6.17,300.95,1.32,5.56,2022,Siltara,Hourly,0,0
2022-01-12 17:00:00,11.13,39.2,29.4,10.38,118.66,48.5,0.64,321.06,1.29,3.77,2022,Siltara,Hourly,0,0
2022-01-12 18:00:00,13.64,40.0,31.84,6.33,167.96,55.51,0.05,87.52,1.34,8.64,2022,Siltara,Hourly,0,0
2022-01-12 19:00:00,33.59,44.17,50.01,6.06,249.92,62.08,0.05006722490859771,87.5178570586154,1.46,20.22,2022,Siltara,Hourly,1,5
2022-01-12 20:00:00,54.28,47.33,67.72,6.85,228.26999999999998,70.28,0.05013444981719543,87.5157141172308,1.6,34.77,2022,Siltara,Hourly,1,5
2022-01-12 21:00:00,62.76,47.76,75.28,6.83,206.62,80.22,0.050201674725793136,87.51357117584621,1.74,38.94,2022,Siltara,Hourly,1,5
2022-01-12 22:00:00,64.13,47.68,76.32,6.35,184.97,73.35,,,1.81,39.48,2022,Siltara,Hourly,1,5
2022-01-12 23:00:00,63.08,46.2,74.59,6.66,184.97,70.0,,,1.9,37.16,2022,Siltara,Hourly,1,5
2023-01-01 01:00:00,37.65,44.9,53.57,2.55,80.86,25.29,0.62,69.35,0.77,29.38,2023,Siltara,Hourly,0,0
2023-01-01 02:00:00,34.93,43.99,50.99,2.53,80.32,28.39,0.47,80.71,0.73,27.51,2023,Siltara,Hourly,0,0
2023-01-01 03:00:00,33.29,42.64,48.97,2.31,63.37,28.39,0.53,157.43,0.69,25.76,2023,Siltara,Hourly,0,0
2023-01-01 04:00:00,28.62,42.24,45.0,2.33,50.55,25.37,0.68,45.54,0.61,22.23,2023,Siltara,Hourly,0,0
2023-01-01 05:00:00,24.65,41.76,41.58,2.05,50.55,23.3,0.26,353.92,0.56,19.49,2023,Siltara,Hourly,0,0
2023-01-01 06:00:00,21.46,39.83,38.02,1.92,50.55,23.73,0.63,18.84,0.54,16.7,2023,Siltara,Hourly,0,0
2023-01-01 07:00:00,22.25,40.32,38.91,1.7,79.59,24.99,0.75,10.0,0.56,16.83,2023,Siltara,Hourly,0,0
2023-01-01 08:00:00,20.75,39.67,37.33,1.92,79.59,24.99,1.12,355.68,0.59,15.56,2023,Siltara,Hourly,0,0
2023-01-01 09:00:00,18.25,42.15,35.51,1.89,91.0,23.5,1.91,26.57,0.64,15.06,2023,Siltara,Hourly,0,0
2023-01-01 10:00:00,15.41,42.75,34.38,2.24,102.28,27.38,2.02,16.58,0.66,15.0,2023,Siltara,Hourly,0,0
2023-01-01 11:00:00,11.85,43.53,31.92,1.94,102.28,30.36,1.89,28.01,0.66,12.6,2023,Siltara,Hourly,0,0
2023-01-01 12:00:00,12.21,46.85,34.28,2.36,110.47,34.55,1.98,24.66,0.65,14.39,2023,Siltara,Hourly,0,0
2023-01-01 13:00:00,14.68,47.78,36.19,2.78,111.15,34.55,1.31,357.74,0.64,16.32,2023,Siltara,Hourly,0,0
2023-01-01 14:00:00,14.18,46.41,35.62,2.51,111.15,36.54,0.73,40.37,0.61,16.93,2023,Siltara,Hourly,0,0
2023-01-01 15:00:00,13.69,48.84,36.5,1.96,98.35,39.79,1.02,358.71,0.62,17.78,2023,Siltara,Hourly,0,0
2023-01-01 16:00:00,12.19,45.27,33.43,2.12,98.35,39.79,1.4,357.15,0.61,17.11,2023,Siltara,Hourly,0,0
2023-01-01 17:00:00,8.08,41.45,28.12,2.3,70.62,35.32,1.35,5.83,0.6,15.44,2023,Siltara,Hourly,0,0
2023-01-01 18:00:00,7.09,44.37,28.87,1.86,73.34,32.47,0.88,359.18,0.61,14.43,2023,Siltara,Hourly,0,0
2023-01-01 19:00:00,6.6,42.85,27.6,1.64,80.65,32.52,0.47,277.04,0.65,14.29,2023,Siltara,Hourly,0,0
2023-01-01 20:00:00,9.18,43.49,30.08,1.83,80.65,32.52,0.15,225.84,0.74,15.14,2023,Siltara,Hourly,0,0
2023-01-01 21:00:00,18.63,45.15,38.53,1.82,149.74,34.3,0.14,192.94,0.88,19.87,2023,Siltara,Hourly,0,0
2023-01-01 22:00:00,22.71,45.65,42.06,1.92,149.74,35.4,0.19,80.02,0.96,21.91,2023,Siltara,Hourly,0,0
2023-01-01 23:00:00,32.58,46.63,50.49,2.05,138.41,41.76,0.6,76.6,1.04,26.68,2023,Siltara,Hourly,0,0
2023-01-02 01:00:00,10.17,44.46,32.06,13.17,46.49,34.23,2.29,14.33,0.53,17.0,2023,Siltara,Hourly,0,0
2023-01-02 02:00:00,6.57,41.95,27.75,13.07,46.49,32.22,1.44,16.2,0.49,13.47,2023,Siltara,Hourly,0,0
2023-01-02 03:00:00,6.54,40.22,26.69,12.56,44.36,30.66,1.12,25.15,0.44,12.66,2023,Siltara,Hourly,0,0
2023-01-02 04:00:00,6.52,39.81,26.44,12.71,44.36,28.13,1.0,22.07,0.41,12.72,2023,Siltara,Hourly,0,0
2023-01-02 05:00:00,5.85,39.58,25.96,12.33,50.82,24.48,1.17,356.96,0.37,12.09,2023,Siltara,Hourly,0,0
2023-01-02 06:00:00,8.63,39.32,28.14,12.35,50.82,22.55,1.07,24.58,0.36,12.85,2023,Siltara,Hourly,0,0
2023-01-02 07:00:00,14.02,40.41,32.43,12.62,78.05,18.41,0.98,23.52,0.37,15.19,2023,Siltara,Hourly,0,0
2023-01-02 08:00:00,16.44,39.66,34.59,12.9,88.59,22.16,1.81,27.89,0.39,16.5,2023,Siltara,Hourly,0,0
2023-01-02 09:00:00,16.51,41.36,35.19,12.98,120.85,26.23,1.87,35.15,0.42,17.28,2023,Siltara,Hourly,0,0
2023-01-02 10:00:00,14.56,42.17,34.17,13.08,134.43,29.22,1.94,24.79,0.42,16.77,2023,Siltara,Hourly,0,0
2023-01-02 11:00:00,13.96,41.42,33.51,12.61,134.43,29.22,1.49,39.6,0.37,16.86,2023,Siltara,Hourly,0,0
2023-01-02 12:00:00,10.14,39.87,29.64,12.39,114.91,28.65,1.5,356.43,0.32,15.0,2023,Siltara,Hourly,0,0
2023-01-02 13:00:00,7.99,38.31,27.09,12.3,87.21,28.65,1.55,23.96,0.27,13.37,2023,Siltara,Hourly,0,0
2023-01-02 14:00:00,8.04,35.95,25.51,12.27,74.37,28.15,1.28,13.71,0.25,12.44,2023,Siltara,Hourly,0,0
2023-01-02 15:00:00,6.77,34.65,24.05,11.91,58.15,22.39,1.45,13.97,0.24,12.45,2023,Siltara,Hourly,0,0
2023-01-02 16:00:00,10.74,35.93,27.96,14.45,66.44,22.39,1.25,357.98,0.23,14.16,2023,Siltara,Hourly,0,0
2023-01-02 17:00:00,17.36,36.58,33.37,16.08,80.82,22.93,1.02,358.62,0.25,17.03,2023,Siltara,Hourly,0,0
2023-01-02 18:00:00,23.1,39.6,39.89,11.88,182.2,32.55,0.46,359.42,0.31,20.92,2023,Siltara,Hourly,0,0
2023-01-02 19:00:00,31.27,40.86,47.1,11.95,182.2,35.37,0.38,215.99,0.4,24.52,2023,Siltara,Hourly,0,0
2023-01-02 20:00:00,66.34,41.97,75.22,12.47,160.71,48.18,0.4,215.07,0.63,39.38,2023,Siltara,Hourly,0,0
2023-01-02 21:00:00,124.87,46.52,125.12,13.43,158.69857142857143,57.449999999999996,0.46,230.11,0.96,69.9,2023,Siltara,Hourly,1,5
2023-01-02 22:00:00,156.24,49.46,151.58,13.94,156.68714285714287,66.72,0.91,216.76,1.17,84.75,2023,Siltara,Hourly,1,5
2023-01-02 23:00:00,151.5,49.36,147.96,13.44,154.6757142857143,75.99,0.59,247.43,1.18,82.52,2023,Siltara,Hourly,1,5
2023-01-03 01:00:00,93.8,60.05,105.4,5.69,,,0.63,44.69,2.55,31.78,2023,Siltara,Hourly,1,5
2023-01-03 02:00:00,88.6,58.64,100.72,5.94,,,0.95,210.74,2.51,28.82,2023,Siltara,Hourly,1,5
2023-01-03 03:00:00,73.21,56.2,87.11,5.34,146.63,113.07,0.64,351.14,2.35,20.88,2023,Siltara,Hourly,0,0
2023-01-03 04:00:00,64.0,54.69,78.44,4.92,146.63,92.99,0.16,183.44,2.38,15.55,2023,Siltara,Hourly,0,0
2023-01-03 05:00:00,73.04,54.08,85.78,5.02,166.465,112.155,0.4,196.11,2.53,18.83,2023,Siltara,Hourly,1,1
2023-01-03 06:00:00,70.99,54.52,84.21,5.19,186.3,131.32,0.87,168.69,2.46,17.9,2023,Siltara,Hourly,0,0
2023-01-03 07:00:00,75.96,54.77,88.57,5.48,231.01,93.42,1.09,28.87,2.31,19.57,2023,Siltara,Hourly,0,0
2023-01-03 08:00:00,75.74,56.34,88.54,5.79,231.01,75.66,0.59,238.05,2.17,19.48,2023,Siltara,Hourly,0,0
2023-01-03 09:00:00,69.49,59.9,84.6,6.32,238.53,99.87,0.51,209.83,2.25,17.88,2023,Siltara,Hourly,0,0
2023-01-03 10:00:00,63.63,62.56,81.75,19.07,238.53,102.05,0.39,132.34,2.25,17.66,2023,Siltara,Hourly,0,0
2023-01-03 11:00:00,47.87,67.04,71.0,45.93,234.16,108.02,0.82,320.25,2.39,15.2,2023,Siltara,Hourly,0,0
2023-01-03 12:00:00,34.06,54.67,54.91,45.56,234.16,108.02,0.68,282.03,2.02,12.29,2023,Siltara,Hourly,0,0
2023-01-03 13:00:00,17.83,52.38,40.11,40.85,162.08,85.36,0.59,321.33,1.81,12.0,2023,Siltara,Hourly,0,0
2023-01-03 14:00:00,8.79,51.0,32.64,26.66,127.97,62.79,0.89,301.18,1.57,12.0,2023,Siltara,Hourly,0,0
2023-01-03 15:00:00,2.75,49.55,27.13,23.25,87.02,47.06,0.97,247.11,1.34,12.0,2023,Siltara,Hourly,0,0
2023-01-03 16:00:00,2.81,46.41,25.16,28.12,86.18,40.59,0.52,322.59,1.24,12.0,2023,Siltara,Hourly,0,0
2023-01-03 17:00:00,8.6,42.47,27.89,36.82,122.61,43.07,1.2,323.2,1.04,12.0,2023,Siltara,Hourly,0,0
2023-01-03 18:00:00,13.86,57.9,40.95,20.22,128.45,43.07,0.86,358.69,0.98,12.0,2023,Siltara,Hourly,0,0
2023-01-03 19:00:00,26.32,62.39,53.08,25.77,233.17,61.82,0.43,358.36,1.21,12.0,2023,Siltara,Hourly,0,0
2023-01-03 20:00:00,24.41,67.26,54.12,13.35,233.17,78.09,0.41,226.92,1.21,12.0,2023,Siltara,Hourly,0,0
2023-01-03 21:00:00,26.76,62.23,51.64,7.35,208.43,78.09,0.34,223.57,1.32,12.0,2023,Siltara,Hourly,0,0
2023-01-03 22:00:00,26.96,59.15,51.42,10.36,220.38,74.31,0.63,325.59,1.66,12.0,2023,Siltara,Hourly,0,0
2023-01-03 23:00:00,24.3,56.06,47.81,6.25,230.48,78.36,1.11,17.53,1.54,12.0,2023,Siltara,Hourly,0,0
2023-01-04 01:00:00,12.71,45.86,33.02,2.06,66.25,24.17,0.38,232.76,0.62,13.77,2023,Siltara,Hourly,0,0
2023-01-04 02:00:00,12.96,50.03,35.41,2.18,66.25,23.12,1.23,352.78,0.63,14.9,2023,Siltara,Hourly,0,0
2023-01-04 03:00:00,12.2,45.9,32.1,2.1,62.35,21.85,1.17,356.5,0.54,13.6,2023,Siltara,Hourly,0,0
2023-01-04 04:00:00,11.54,45.08,31.21,1.88,48.03,19.34,1.8,12.62,0.48,13.0,2023,Siltara,Hourly,0,0
2023-01-04 05:00:00,11.24,47.35,32.63,1.92,43.49,19.34,0.86,322.09,0.43,12.41,2023,Siltara,Hourly,0,0
2023-01-04 06:00:00,9.28,50.09,30.86,1.77,38.96,16.04,0.79,98.43,0.41,12.96,2023,Siltara,Hourly,0,0
2023-01-04 07:00:00,7.52,52.79,32.44,1.82,37.48,17.36,0.79,184.51,0.38,13.07,2023,Siltara,Hourly,0,0
2023-01-04 08:00:00,9.9,52.41,33.28,1.92,37.48,17.36,0.84,118.39,0.37,13.19,2023,Siltara,Hourly,0,0
2023-01-04 09:00:00,11.8,51.13,34.98,1.81,44.59,18.16,0.75,205.29,0.36,14.26,2023,Siltara,Hourly,0,0
2023-01-04 10:00:00,11.11,42.83,30.01,2.08,44.59,18.16,0.61,202.59,0.58,11.86,2023,Siltara,Hourly,0,0
2023-01-04 11:00:00,11.17,43.46,30.54,4.86,42.8,17.45,0.89,271.81,0.57,13.13,2023,Siltara,Hourly,0,0
2023-01-04 12:00:00,4.69,46.78,24.59,6.55,39.61,16.148,0.67,269.78,0.78,10.99,2023,Siltara,Hourly,1,4
2023-01-04 13:00:00,3.17,37.94,21.25,7.63,36.42,14.846,0.82,253.04,0.59,9.53,2023,Siltara,Hourly,1,4
2023-01-04 14:00:00,2.18,37.31,19.87,3.42,33.230000000000004,13.543999999999999,0.75,300.92,0.47,9.09,2023,Siltara,Hourly,1,4
2023-01-04 15:00:00,1.57,47.57,24.99,3.12,,,0.57,256.39,0.29,9.76,2023,Siltara,Hourly,1,4
2023-01-04 16:00:00,3.11,41.31,21.58,6.14,26.85,10.94,1.03,283.09,0.26,10.01,2023,Siltara,Hourly,0,0
2023-01-04 17:00:00,1.79,26.67,14.25,11.38,40.13,13.6,0.68,239.15,0.33,11.89,2023,Siltara,Hourly,0,0
2023-01-04 18:00:00,1.4,33.95,17.74,15.86,37.04,12.12,0.56,221.87,0.61,12.75,2023,Siltara,Hourly,0,0
2023-01-04 19:00:00,3.73,52.96,29.54,9.03,48.42,16.98,0.18,221.82,0.93,11.63,2023,Siltara,Hourly,0,0
2023-01-04 20:00:00,44.34,58.14,69.74,5.37,176.48,28.18,0.27,337.48,1.15,18.48,2023,Siltara,Hourly,0,0
2023-01-04 21:00:00,24.4,51.78,44.69,1.9,182.02,35.32,0.12,276.68,0.81,21.76,2023,Siltara,Hourly,0,0
2023-01-04 22:00:00,42.31,52.23,60.1,1.6,246.01,46.39,0.29,195.78,0.91,28.59,2023,Siltara,Hourly,0,0
2023-01-04 23:00:00,58.6,52.88,73.5,1.82,246.01,62.79,0.43,218.62,1.8,32.71,2023,Siltara,Hourly,0,0
2023-01-05 01:00:00,14.14,45.4,35.33,2.54,30.74,11.94,1.36,354.53,1.623076923076923,12.8,2023,Siltara,Hourly,1,11
2023-01-05 02:00:00,12.8,43.73,33.01,2.62,35.57,12.42,0.89,242.22,1.5346153846153847,11.36,2023,Siltara,Hourly,1,11
2023-01-05 03:00:00,10.99,44.77,32.48,2.67,41.13,19.47,0.69,270.41,1.4461538461538463,11.53,2023,Siltara,Hourly,1,11
2023-01-05 04:00:00,9.24,45.1,31.22,2.52,41.19,21.37,0.92,206.33,,10.73,2023,Siltara,Hourly,1,11
2023-01-05 05:00:00,9.06,45.47,31.03,2.37,34.43,17.19,1.07,192.01,,10.48,2023,Siltara,Hourly,1,11
2023-01-05 06:00:00,8.22,45.11,30.43,2.58,22.3,9.62,1.3,212.88,,10.14,2023,Siltara,Hourly,1,11
2023-01-05 07:00:00,8.14,44.32,29.84,2.58,10.57,6.88,0.67,225.63,,9.31,2023,Siltara,Hourly,1,11
2023-01-05 08:00:00,10.19,43.82,30.45,2.6,14.34,9.84,0.71,147.68,,9.46,2023,Siltara,Hourly,1,11
2023-01-05 09:00:00,11.81,41.05,31.2,2.51,24.24,11.32,0.94,108.51,,10.27,2023,Siltara,Hourly,1,11
2023-01-05 10:00:00,14.3,43.15,34.29,2.57,31.04,16.07,0.46,184.62,,11.64,2023,Siltara,Hourly,1,11
2023-01-05 11:00:00,14.67,47.64,36.52,2.52,37.3,51.33,0.48,210.52,,12.94,2023,Siltara,Hourly,1,11
2023-01-05 12:00:00,12.74,53.26,36.39,3.87,42.69,79.68,0.72,192.17,0.65,13.87,2023,Siltara,Hourly,0,0
2023-01-05 13:00:00,1.4,37.06,20.76,3.98,33.35,55.0,0.66,209.2,0.63,9.4,2023,Siltara,Hourly,1,2
2023-01-05 14:00:00,1.4,39.28,21.92,3.49,24.01,30.32,0.64,238.76,0.61,9.4,2023,Siltara,Hourly,1,2
2023-01-05 15:00:00,1.4,33.61,18.96,3.73,14.67,5.64,0.72,194.83,0.51,11.61,2023,Siltara,Hourly,0,0
2023-01-05 16:00:00,1.4,25.31,14.62,4.01,17.45,5.19,0.83,180.87,0.37,11.81,2023,Siltara,Hourly,0,0
2023-01-05 17:00:00,1.4,26.09,15.03,3.48,17.45,5.19,1.08,151.57,0.3,11.01,2023,Siltara,Hourly,0,0
2023-01-05 18:00:00,1.4,28.56,16.32,3.19,22.55,7.08,1.17,125.05,0.24,10.84,2023,Siltara,Hourly,0,0
2023-01-05 19:00:00,2.89,45.73,26.4,2.93,36.13,7.58,0.47,167.22,0.29,13.24,2023,Siltara,Hourly,0,0
2023-01-05 20:00:00,5.79,44.96,28.41,3.12,56.0,15.67,0.63,84.09,0.35,15.03,2023,Siltara,Hourly,0,0
2023-01-05 21:00:00,6.94,45.61,29.55,2.99,68.7,18.59,1.12,110.65,0.36,15.89,2023,Siltara,Hourly,0,0
2023-01-05 22:00:00,7.98,46.57,29.74,2.79,68.7,18.59,0.77,198.45,0.51,16.07,2023,Siltara,Hourly,0,0
2023-01-05 23:00:00,8.83,40.18,28.35,2.83,61.93,16.61,0.91,226.33,0.61,15.9,2023,Siltara,Hourly,0,0
2023-01-06 01:00:00,26.76,68.53,92.82,2.9384615384615387,73.4,35.58,0.36,248.54,0.52,21.78,2023,Siltara,Hourly,1,82
2023-01-06 02:00:00,10.78,33.67,41.52,2.992692307692308,91.62,37.15,0.87,34.83,0.47,21.02,2023,Siltara,Hourly,1,82
2023-01-06 03:00:00,9.91,33.4,42.28,3.046923076923077,60.85,30.04,0.54,43.22,0.38,16.61,2023,Siltara,Hourly,1,82
2023-01-06 04:00:00,15.61,41.7,57.32,,43.33,28.76,0.58,32.54,0.32,13.56,2023,Siltara,Hourly,1,82
2023-01-06 05:00:00,20.57,44.42,64.99,,52.57,24.2,0.72,57.51,0.27,11.99,2023,Siltara,Hourly,1,82
2023-01-06 06:00:00,36.4,53.57,89.98,,47.5,21.79,0.55,44.31,0.27,16.32,2023,Siltara,Hourly,1,82
2023-01-06 07:00:00,37.69,53.24,90.83,,102.87,24.05,0.86,358.76,0.29,20.65,2023,Siltara,Hourly,1,82
2023-01-06 08:00:00,35.52,59.35,91.22,,123.09,26.78,1.36,20.77,0.34,22.09,2023,Siltara,Hourly,1,82
2023-01-06 09:00:00,17.63,44.4,64.42,,117.92,30.84,2.08,18.07,0.41,22.17,2023,Siltara,Hourly,1,82
2023-01-06 10:00:00,8.86,40.84,48.95,,104.47,34.18,2.25,30.78,0.4,17.75,2023,Siltara,Hourly,1,82
2023-01-06 11:00:00,5.73,39.28,43.67,,93.37,32.17,1.98,353.51,0.31,11.26,2023,Siltara,Hourly,1,82
2023-01-06 12:00:00,8.41,44.51,51.56,,94.85,34.22,2.35,354.83,0.25,8.73,2023,Siltara,Hourly,1,82
2023-01-06 13:00:00,9.27,37.36,46.62,,92.29,32.76,1.36,333.89,0.24,9.03,2023,Siltara,Hourly,1,82
2023-01-06 14:00:00,5.5,45.3,50.8,,73.32,39.74,1.38,348.22,0.21,9.3,2023,Siltara,Hourly,1,82
2023-01-06 15:00:00,3.85,32.23,33.63,,67.77,38.57,1.08,298.95,0.19,9.4,2023,Siltara,Hourly,1,82
2023-01-06 16:00:00,1.98,20.99,22.97,,53.74,34.52,1.04,248.75,0.13,9.4,2023,Siltara,Hourly,1,82
2023-01-06 17:00:00,6.68,30.42,38.4,,54.18,29.02,0.73,329.35,0.14,9.4,2023,Siltara,Hourly,1,82
2023-01-06 18:00:00,6.04,42.57,47.7,,79.69,27.3,0.66,344.71,0.26,9.4,2023,Siltara,Hourly,1,82
2023-01-06 19:00:00,13.29,68.0,84.68,,150.01,30.0,0.59,307.85,0.5,9.4,2023,Siltara,Hourly,1,82
2023-01-06 20:00:00,18.85,63.81,93.21,,225.26,42.27,0.39,322.4,0.83,8.96,2023,Siltara,Hourly,1,82
2023-01-06 21:00:00,15.11,66.11,84.19,,203.84,51.52,0.41,298.23,0.98,9.45,2023,Siltara,Hourly,1,82
2023-01-06 22:00:00,12.0,43.71,55.4,,244.05,61.45,0.77,24.5,0.96,9.68,2023,Siltara,Hourly,1,82
2023-01-06 23:00:00,66.06,70.15,146.82,,91.11,41.59,0.44,352.36,0.86,10.64,2023,Siltara,Hourly,1,82
2023-01-07 01:00:00,32.47,18.99,46.6,4.24,122.87,33.02,1.06,218.26,0.81,10.415600000000001,2023,Siltara,Hourly,1,82
2023-01-07 02:00:00,32.36,12.46,44.27,4.12,95.1,23.21,1.43,217.12,0.75,10.3034,2023,Siltara,Hourly,1,82
2023-01-07 03:00:00,29.18,14.84,40.77,4.02,66.31,19.3,1.36,215.74,0.64,10.1912,2023,Siltara,Hourly,1,82
2023-01-07 04:00:00,23.92,16.22,40.05,4.21,59.48,24.26,0.95,230.32,0.6,,2023,Siltara,Hourly,1,82
2023-01-07 05:00:00,24.1,15.41,39.42,4.63,85.79,24.26,1.14,224.96,0.6,,2023,Siltara,Hourly,1,82
2023-01-07 06:00:00,22.95,14.49,37.43,4.26,132.07,36.96,1.31,216.02,0.65,,2023,Siltara,Hourly,1,82
2023-01-07 07:00:00,25.33,17.24,41.51,4.4,132.07,41.53,1.42,217.81,0.64,,2023,Siltara,Hourly,1,82
2023-01-07 08:00:00,30.9,14.71,44.95,4.37,117.5,41.53,1.45,234.96,0.61,,2023,Siltara,Hourly,1,82
2023-01-07 09:00:00,32.02,13.59,45.37,3.89,112.34,35.67,1.69,232.82,0.57,,2023,Siltara,Hourly,1,82
2023-01-07 10:00:00,28.6,16.69,42.67,4.28,112.34,32.33,1.56,237.06,0.54,,2023,Siltara,Hourly,1,82
2023-01-07 11:00:00,22.41,16.68,38.91,4.32,97.88,26.84,1.63,237.09,0.56,,2023,Siltara,Hourly,1,82
2023-01-07 12:00:00,20.37,17.27,37.63,4.44,91.15,24.52,1.78,223.69,0.52,,2023,Siltara,Hourly,1,82
2023-01-07 13:00:00,16.15,17.59,32.36,4.15,71.25,20.76,1.79,229.97,0.46,,2023,Siltara,Hourly,1,82
2023-01-07 14:00:00,18.16,21.99,38.99,3.96,71.25,18.74,1.83,227.32,0.41,,2023,Siltara,Hourly,1,82
2023-01-07 15:00:00,18.13,16.85,34.99,3.98,62.29,17.59,1.72,229.1,0.36,,2023,Siltara,Hourly,1,82
2023-01-07 16:00:00,18.56,17.02,35.58,3.97,95.02,17.59,2.02,228.63,0.34,,2023,Siltara,Hourly,1,82
2023-01-07 17:00:00,18.18,19.54,35.73,3.93,111.66,19.86,2.15,223.39,0.47,,2023,Siltara,Hourly,1,82
2023-01-07 18:00:00,17.84,20.2,38.04,4.4,111.66,19.86,1.96,229.03,0.6,,2023,Siltara,Hourly,1,82
2023-01-07 19:00:00,22.53,24.19,45.32,4.2,104.84,18.07,1.58,230.48,0.6,,2023,Siltara,Hourly,1,82
2023-01-07 20:00:00,22.94,20.29,43.24,4.4,109.66,21.73,1.22,232.95,0.59,,2023,Siltara,Hourly,1,82
2023-01-07 21:00:00,29.5,25.31,53.17,4.36,122.15,21.73,1.21,234.25,0.54,,2023,Siltara,Hourly,1,82
2023-01-07 22:00:00,30.63,23.21,53.84,4.21,128.12,25.25,0.95,232.97,0.55,,2023,Siltara,Hourly,1,82
2023-01-07 23:00:00,33.1,22.41,50.17,4.15,128.12,25.25,0.76,233.09,0.58,,2023,Siltara,Hourly,1,82
2023-01-08 01:00:00,9.5,12.27,7.22,6.99,70.17,13.76,0.68,226.21,0.3,,2023,Siltara,Hourly,1,82
2023-01-08 02:00:00,9.86,13.66,9.85,7.13,62.82,13.76,0.59,222.65,0.29,,2023,Siltara,Hourly,1,82
2023-01-08 03:00:00,10.14,13.72,9.5,7.74,62.82,13.4,0.69,221.23,0.28,,2023,Siltara,Hourly,1,82
2023-01-08 04:00:00,10.11,12.93,7.55,7.27,59.95,13.4,0.61,225.9,0.28,,2023,Siltara,Hourly,1,82
2023-01-08 05:00:00,10.92,13.53,8.1,8.45,57.85,16.93,0.59,233.65,0.3,,2023,Siltara,Hourly,1,82
2023-01-08 06:00:00,11.1,13.59,7.56,8.29,57.85,19.95,0.57,226.11,0.34,,2023,Siltara,Hourly,1,82
2023-01-08 07:00:00,12.46,14.71,7.35,7.62,59.41,19.95,0.48,225.59,0.33,,2023,Siltara,Hourly,1,82
2023-01-08 08:00:00,13.36,15.17,7.45,7.91,66.62,19.86,0.39,232.91,0.4,,2023,Siltara,Hourly,1,82
2023-01-08 09:00:00,14.41,17.15,9.05,7.71,77.14,27.3,0.48,242.43,0.43,,2023,Siltara,Hourly,1,82
2023-01-08 10:00:00,15.5,18.12,9.52,7.44,77.14,30.83,0.47,245.43,0.48,,2023,Siltara,Hourly,1,82
2023-01-08 11:00:00,22.0,25.27,14.4,8.04,91.87,33.72,0.43,278.06,0.74,,2023,Siltara,Hourly,1,82
2023-01-08 12:00:00,8.55,16.29,16.37,11.24,94.72333333333334,34.22666666666667,0.48,235.72,0.46,,2023,Siltara,Hourly,1,82
2023-01-08 13:00:00,14.55,21.35,18.81,13.87,97.57666666666667,34.733333333333334,0.59,228.26,0.38,,2023,Siltara,Hourly,1,82
2023-01-08 14:00:00,6.24,11.06,9.92,9.33,100.43,35.24,0.6,231.22,0.31,,2023,Siltara,Hourly,1,82
2023-01-08 15:00:00,5.03,10.24,11.19,9.27,84.63,34.77,0.61,225.78,0.31,,2023,Siltara,Hourly,1,82
2023-01-08 16:00:00,4.37,8.62,9.8,8.86,78.28,34.69,0.66,229.38,0.29,,2023,Siltara,Hourly,1,82
2023-01-08 17:00:00,6.05,9.69,7.6,7.04,74.21,25.27,0.56,230.87,0.32,,2023,Siltara,Hourly,1,82
2023-01-08 18:00:00,6.5,9.96,7.79,7.25,73.3,24.4,0.6,233.62,0.35,,2023,Siltara,Hourly,1,82
2023-01-08 19:00:00,8.62,11.56,7.62,7.26,76.77,21.95,0.64,227.48,0.39,,2023,Siltara,Hourly,1,82
2023-01-08 20:00:00,10.56,13.02,8.47,9.03,84.16,24.32,0.61,227.32,0.4,,2023,Siltara,Hourly,1,82
2023-01-08 21:00:00,13.08,15.26,7.82,8.89,88.51,25.99,0.66,226.41,0.4,,2023,Siltara,Hourly,1,82
2023-01-08 22:00:00,15.42,17.46,8.08,8.27,89.36,23.55,0.68,226.19,0.4,,2023,Siltara,Hourly,1,82
2023-01-08 23:00:00,15.68,17.68,8.32,7.94,87.75,25.14,0.85,225.3,0.4,,2023,Siltara,Hourly,1,82
2023-01-09 01:00:00,4.6,2.22,8.02,12.48,89.25666666666666,26.482666666666667,0.36,209.08,0.55,5.03,2023,Siltara,Hourly,1,82
2023-01-09 02:00:00,4.48,2.34,8.05,12.37,90.01,27.154,0.31,197.12,0.47,5.05,2023,Siltara,Hourly,1,82
2023-01-09 03:00:00,4.59,2.27,8.02,13.1,90.76333333333334,27.825333333333333,0.36,199.68,0.46,5.07,2023,Siltara,Hourly,1,82
2023-01-09 04:00:00,4.39,2.47,8.0,13.6,,,0.46,202.14,0.46,5.0,2023,Siltara,Hourly,1,82
2023-01-09 05:00:00,4.5,2.37,8.02,14.24,,,0.32,212.84,0.42,5.08,2023,Siltara,Hourly,1,82
2023-01-09 06:00:00,4.6,2.17,8.06,13.44,,,0.25,212.03,0.41,5.02,2023,Siltara,Hourly,1,82
2023-01-09 07:00:00,4.64,2.38,8.11,12.41,,,0.29,199.29,0.39,5.16,2023,Siltara,Hourly,1,82
2023-01-09 08:00:00,4.61,2.35,8.13,14.39,,,0.29,192.73,0.43,5.16,2023,Siltara,Hourly,1,82
2023-01-09 09:00:00,4.59,2.47,8.13,55.82,,,0.51,343.32,0.74,5.09,2023,Siltara,Hourly,1,82
2023-01-09 10:00:00,4.62,2.25,8.06,70.32,,,1.17,358.86,0.62,5.06,2023,Siltara,Hourly,1,82
2023-01-09 11:00:00,4.37,2.43,8.0,51.79,,,1.32,18.26,0.47,5.01,2023,Siltara,Hourly,1,82
2023-01-09 12:00:00,4.6,2.34,8.08,32.77,,,1.36,14.1,0.37,5.05,2023,Siltara,Hourly,1,82
2023-01-09 13:00:00,4.6,2.29,8.15,16.79,,,1.33,13.56,0.28,5.19,2023,Siltara,Hourly,1,82
2023-01-09 14:00:00,4.49,2.34,8.02,10.31,99.05,35.21,1.22,14.44,0.28,5.03,2023,Siltara,Hourly,0,0
2023-01-09 15:00:00,4.65,2.22,8.04,10.42,103.65,35.21,1.19,14.86,0.32,5.0,2023,Siltara,Hourly,0,0
2023-01-09 16:00:00,4.54,2.28,8.03,8.9,111.31,32.69,1.23,13.4,0.33,5.04,2023,Siltara,Hourly,0,0
2023-01-09 17:00:00,4.5,2.35,8.05,10.18,111.31,32.69,0.99,17.43,0.3,5.03,2023,Siltara,Hourly,0,0
2023-01-09 18:00:00,4.48,2.36,8.0,12.43,131.17,29.89,0.88,17.44,0.46,5.0,2023,Siltara,Hourly,0,0
2023-01-09 19:00:00,4.78,2.42,8.24,14.88,131.17,31.43,0.3,222.07,0.55,5.09,2023,Siltara,Hourly,0,0
2023-01-09 20:00:00,4.83,2.24,8.28,19.51,126.29,33.39,0.3,261.83,0.93,5.21,2023,Siltara,Hourly,0,0
2023-01-09 21:00:00,5.04,2.17,8.39,21.51,131.04,37.0,0.21,268.74,1.09,5.28,2023,Siltara,Hourly,0,0
2023-01-09 22:00:00,4.96,2.46,8.4,27.3,131.04,37.0,0.22,356.61,1.55,5.31,2023,Siltara,Hourly,0,0
2023-01-09 23:00:00,4.94,2.1,8.3,18.44,130.85,35.2,0.26,208.34,0.68,5.22,2023,Siltara,Hourly,0,0
2023-01-10 01:00:00,4.78,2.36,7.01,8.01,63.52,25.16,0.46,246.08,0.79,5.22,2023,Siltara,Hourly,0,0
2023-01-10 02:00:00,4.88,2.2,7.03,6.36,66.67,27.47,0.46,232.81,0.8,5.44,2023,Siltara,Hourly,0,0
2023-01-10 03:00:00,4.81,2.36,7.05,7.12,66.67,30.98,0.41,243.11,0.86,5.13,2023,Siltara,Hourly,0,0
2023-01-10 04:00:00,4.83,2.29,7.06,6.98,74.13,30.98,0.44,245.19,0.9,5.2,2023,Siltara,Hourly,0,0
2023-01-10 05:00:00,4.85,2.4,6.97,7.47,74.13,30.05,0.38,245.31,0.91,5.27,2023,Siltara,Hourly,0,0
2023-01-10 06:00:00,4.64,2.27,6.86,7.7,62.55,28.22,0.42,242.9,0.89,5.16,2023,Siltara,Hourly,0,0
2023-01-10 07:00:00,4.73,2.3,6.9,6.91,61.7,27.57,0.44,245.93,0.85,5.09,2023,Siltara,Hourly,0,0
2023-01-10 08:00:00,4.71,2.26,6.81,6.69,52.75,22.19,0.42,255.12,0.85,5.13,2023,Siltara,Hourly,0,0
2023-01-10 09:00:00,4.88,2.27,7.11,7.0,72.55,28.59,0.43,284.32,0.87,5.19,2023,Siltara,Hourly,0,0
2023-01-10 10:00:00,4.8,2.25,7.0,9.44,72.55,28.83,0.46,259.36,0.83,5.35,2023,Siltara,Hourly,0,0
2023-01-10 11:00:00,4.8,2.29,7.0,11.62,65.78,28.83,0.58,287.39,0.71,5.29,2023,Siltara,Hourly,0,0
2023-01-10 12:00:00,4.8,2.26,6.99,11.71,57.66,27.86,0.63,250.96,0.67,5.25,2023,Siltara,Hourly,0,0
2023-01-10 13:00:00,4.75,2.31,6.93,12.16,55.97,29.12,0.6,254.31,0.6,5.12,2023,Siltara,Hourly,0,0
2023-01-10 14:00:00,4.75,2.22,6.91,12.04,49.11,29.12,0.6,261.32,0.54,5.28,2023,Siltara,Hourly,0,0
2023-01-10 15:00:00,4.75,2.44,7.09,10.54,45.24,26.09,0.71,255.25,0.51,5.18,2023,Siltara,Hourly,0,0
2023-01-10 16:00:00,4.97,2.16,7.12,12.23,45.24,24.58,0.62,246.56,0.62,5.47,2023,Siltara,Hourly,0,0
2023-01-10 17:00:00,4.87,2.28,7.1,21.77,44.87,24.21,0.63,253.82,0.61,5.3,2023,Siltara,Hourly,0,0
2023-01-10 18:00:00,4.99,2.6,7.39,22.79,56.73,24.21,1.46,358.28,0.65,5.21,2023,Siltara,Hourly,0,0
2023-01-10 19:00:00,4.62,2.49,6.89,16.44,72.47,23.68,0.92,289.52,0.69,5.01,2023,Siltara,Hourly,0,0
2023-01-10 20:00:00,4.47,2.32,6.72,15.95,85.59,28.21,0.28,244.57,0.93,5.0,2023,Siltara,Hourly,0,0
2023-01-10 21:00:00,4.58,2.38,6.74,13.12,111.98,37.97,0.31,224.74,0.99,5.16,2023,Siltara,Hourly,0,0
2023-01-10 22:00:00,4.4,2.55,6.81,9.58,111.98,39.96,0.26,234.04,1.04,5.0,2023,Siltara,Hourly,0,0
2023-01-10 23:00:00,4.62,2.49,6.97,9.75,110.22,39.96,0.45,232.79,1.08,5.1,2023,Siltara,Hourly,0,0
2023-01-11 01:00:00,5.03,5.3,10.33,26.84,73.65,39.15,0.2,349.43,1.62,11.89,2023,Siltara,Hourly,0,0
2023-01-11 02:00:00,4.84,5.43,10.25,27.29,82.96,31.1,0.09,322.44,1.61,12.38,2023,Siltara,Hourly,0,0
2023-01-11 03:00:00,5.37,6.21,11.58,27.93,103.36,31.79,0.34,347.92,1.57,14.54,2023,Siltara,Hourly,0,0
2023-01-11 04:00:00,5.37,6.34,11.68,28.35,95.6,29.67,0.78,358.14,1.52,14.68,2023,Siltara,Hourly,0,0
2023-01-11 05:00:00,4.51,5.42,9.93,28.12,70.38,23.25,0.37,354.69,1.47,11.82,2023,Siltara,Hourly,0,0
2023-01-11 06:00:00,4.56,5.17,9.73,27.8,62.31,19.22,0.74,44.74,1.44,11.28,2023,Siltara,Hourly,0,0
2023-01-11 07:00:00,4.95,5.19,9.8,28.08,99.23,33.61,0.78,359.05,1.51,10.93,2023,Siltara,Hourly,0,0
2023-01-11 08:00:00,5.13,5.77,10.87,28.48,108.0,35.04,1.4,26.81,1.54,12.22,2023,Siltara,Hourly,0,0
2023-01-11 09:00:00,5.03,5.86,10.89,27.8,121.21,61.75,1.17,25.65,1.6,12.47,2023,Siltara,Hourly,0,0
2023-01-11 10:00:00,5.14,5.82,10.93,27.74,129.066,72.063,1.14,33.23,1.62,12.99,2023,Siltara,Hourly,1,14
2023-01-11 11:00:00,4.74,5.68,10.42,28.65,136.922,82.376,1.76,59.97,1.57,12.35,2023,Siltara,Hourly,1,14
2023-01-11 12:00:00,4.25,5.91,10.16,29.1,144.778,92.689,1.5,40.86,1.5,11.54,2023,Siltara,Hourly,1,14
2023-01-11 13:00:00,3.84,5.82,9.65,29.46,,,1.69,29.98,1.44,11.14,2023,Siltara,Hourly,1,14
2023-01-11 14:00:00,3.6,5.9,9.47,30.03,,,1.36,66.75,1.37,11.03,2023,Siltara,Hourly,1,14
2023-01-11 15:00:00,3.6725000000000003,5.1975,8.850000000000001,22.950000000000003,,,1.085,132.6625,1.065,12.707272727272727,2023,Siltara,Hourly,1,14
2023-01-11 16:00:00,3.745,4.495,8.23,15.870000000000003,,,0.81,198.575,0.76,14.384545454545455,2023,Siltara,Hourly,1,14
2023-01-11 17:00:00,3.8175,3.7925,7.61,8.790000000000003,,,0.535,264.48749999999995,0.45499999999999996,16.061818181818182,2023,Siltara,Hourly,1,14
2023-01-11 18:00:00,3.89,3.09,6.99,1.71,,,0.26,330.4,0.15,,2023,Siltara,Hourly,1,14
2023-01-11 19:00:00,4.37,3.53,7.2,1.8685714285714285,199.77,164.88,0.13,287.13,0.32285714285714284,,2023,Siltara,Hourly,1,14
2023-01-11 20:00:00,4.22,2.82,6.89,2.027142857142857,194.54,133.13,0.2,65.85,0.4957142857142858,,2023,Siltara,Hourly,1,14
2023-01-11 21:00:00,4.26,2.72,6.86,2.1857142857142855,194.54,88.89,0.71,280.65,0.6685714285714287,,2023,Siltara,Hourly,1,14
2023-01-11 22:00:00,4.36,2.55,6.8,,134.94,56.36,0.25,58.63,,,2023,Siltara,Hourly,1,14
2023-01-11 23:00:00,4.25,2.66,6.84,,131.58,51.42,0.25,195.38,,,2023,Siltara,Hourly,1,14
2023-01-12 01:00:00,2.0,10.94,12.94,2.82,67.16,24.94,0.46,86.68,1.36,29.48,2023,Siltara,Hourly,0,0
2023-01-12 02:00:00,2.0,13.67,15.67,2.65,58.32,24.94,0.86,58.54,1.3,34.34,2023,Siltara,Hourly,0,0
2023-01-12 03:00:00,2.0,13.47,15.47,2.42,62.31,23.12,0.63,49.5,1.28,37.01,2023,Siltara,Hourly,0,0
2023-01-12 04:00:00,2.0,14.49,16.49,2.65,80.14,22.0,0.69,40.86,1.25,35.44,2023,Siltara,Hourly,0,0
2023-01-12 05:00:00,2.0,16.37,18.37,2.69,84.04,22.11,0.8,44.27,1.25,36.91,2023,Siltara,Hourly,0,0
2023-01-12 06:00:00,2.0,9.66,11.66,2.95,100.43,22.11,0.79,46.08,1.26,28.69,2023,Siltara,Hourly,0,0
2023-01-12 07:00:00,2.0,17.32,19.32,2.76,106.63,22.29,1.07,37.06,1.31,32.56,2023,Siltara,Hourly,0,0
2023-01-12 08:00:00,4.4,23.37,27.77,2.55,139.48,24.11,1.27,40.68,1.35,41.58,2023,Siltara,Hourly,0,0
2023-01-12 09:00:00,3.24,20.67,23.91,2.84,164.0,26.52,0.92,88.25,1.43,36.03,2023,Siltara,Hourly,0,0
2023-01-12 10:00:00,5.22,23.45,28.67,3.14,164.0,26.92,0.64,98.58,1.42,42.05,2023,Siltara,Hourly,0,0
2023-01-12 11:00:00,2.0,15.58,17.58,3.61,128.22,27.09,0.59,108.63,1.38,34.55,2023,Siltara,Hourly,0,0
2023-01-12 12:00:00,2.0,18.46,20.46,4.4775,125.795,25.535,0.55,97.51,1.24,45.12,2023,Siltara,Hourly,1,3
2023-01-12 13:00:00,2.0,8.32,10.32,5.345,123.37,23.98,0.8,78.62,1.17,30.61,2023,Siltara,Hourly,1,3
2023-01-12 14:00:00,2.0,6.33,8.33,6.2125,120.945,22.425,1.16,59.88,1.11,34.7,2023,Siltara,Hourly,1,3
2023-01-12 15:00:00,2.0,10.09,12.09,7.08,118.52,20.87,1.14,49.66,1.1,43.38,2023,Siltara,Hourly,0,0
2023-01-12 16:00:00,2.0,9.29,11.29,3.82,130.54,21.32,1.39,39.44,1.19,28.33,2023,Siltara,Hourly,0,0
2023-01-12 17:00:00,2.0,21.33,23.33,3.54,138.45,25.35,1.23,44.35,1.28,55.81,2023,Siltara,Hourly,0,0
2023-01-12 18:00:00,5.79,43.14,48.93,3.55,136.45,31.84,0.85,359.46,1.62,60.53,2023,Siltara,Hourly,0,0
2023-01-12 19:00:00,12.11,36.1,48.2,1.8,247.68,38.17,0.85,23.87,1.66,72.02,2023,Siltara,Hourly,0,0
2023-01-12 20:00:00,15.03,33.21,48.23,1.09,247.68,40.4,0.87,39.21,1.69,74.02,2023,Siltara,Hourly,0,0
2023-01-12 21:00:00,8.36,24.49,32.85,1.24,246.51,40.61,0.98,36.33,1.73,54.65,2023,Siltara,Hourly,0,0
2023-01-12 22:00:00,11.64,28.21,39.84,0.96,165.68,35.34,1.2,49.76,1.72,64.95,2023,Siltara,Hourly,0,0
2023-01-12 23:00:00,7.1,26.41,33.51,0.79,165.55,33.02,1.12,45.32,1.72,61.78,2023,Siltara,Hourly,0,0
2024-01-01 01:00:00,3.6249210464294133,9.02461937308508,10.892029224605231,3.6,124.41883046451309,47.69614477717519,0.31,30.69,1.88,15.525500824888049,2024,Siltara,Hourly,1,15
2024-01-01 02:00:00,3.624510959226962,9.022567758661324,10.889360122554795,4.25,124.41397665644894,47.697876680028294,0.62,19.74,1.8,15.520042422814043,2024,Siltara,Hourly,1,15
2024-01-01 03:00:00,3.624100872024511,9.020516144237565,10.886691020504358,4.14,124.40912284838481,47.699608582881396,0.42,83.72,1.73,15.514584020740045,2024,Siltara,Hourly,1,15
2024-01-01 04:00:00,,,,3.82,,,0.7,26.55,1.65,,2024,Siltara,Hourly,1,15
2024-01-01 05:00:00,,,,4.27,,,0.81,42.3,1.6,,2024,Siltara,Hourly,1,15
2024-01-01 06:00:00,,,,3.77,,,0.73,28.49,1.57,,2024,Siltara,Hourly,1,15
2024-01-01 07:00:00,,,,4.25,,,0.49,38.12,1.62,,2024,Siltara,Hourly,1,15
2024-01-01 08:00:00,,,,4.11,,,0.64,31.79,1.65,,2024,Siltara,Hourly,1,15
2024-01-01 09:00:00,,,,3.68,124.38,47.71,1.13,27.24,1.69,,2024,Siltara,Hourly,1,15
2024-01-01 10:00:00,,,,3.86,120.46857142857142,45.58428571428571,1.19,22.05,1.69,,2024,Siltara,Hourly,1,15
2024-01-01 11:00:00,,,,4.46,116.55714285714285,43.45857142857143,0.93,94.0,1.67,,2024,Siltara,Hourly,1,15
2024-01-01 12:00:00,,,,4.9,112.64571428571428,41.332857142857144,0.68,350.4,1.63,,2024,Siltara,Hourly,1,15
2024-01-01 13:00:00,3.62,9.0,10.86,6.45,,,0.83,289.55,1.63,15.46,2024,Siltara,Hourly,1,15
2024-01-01 14:00:00,2.09,10.59,10.47,8.11,,,1.39,357.13,1.51,19.42,2024,Siltara,Hourly,1,15
2024-01-01 15:00:00,2.21,13.36,12.02,8.42,,,1.07,356.3,1.28,27.59,2024,Siltara,Hourly,1,15
2024-01-01 16:00:00,2.32,12.61,11.71,7.0,97.0,32.83,1.18,345.29,1.13,24.91,2024,Siltara,Hourly,0,0
2024-01-01 17:00:00,2.46,9.5,10.2,6.85,97.0,32.83,1.11,355.82,1.18,18.55,2024,Siltara,Hourly,0,0
2024-01-01 18:00:00,2.59,9.22,10.15,6.42,187.14,35.93,0.45,353.52,1.27,18.16,2024,Siltara,Hourly,0,0
2024-01-01 19:00:00,6.97,11.45,14.83,5.18,199.31,35.93,0.22,221.45,1.39,25.7,2024,Siltara,Hourly,0,0
2024-01-01 20:00:00,8.7,12.34,16.69,4.87,222.8,38.8,0.3,324.67,1.51,27.11,2024,Siltara,Hourly,1,1
2024-01-01 21:00:00,8.12,9.09,14.52,4.64,222.8,41.67,0.33,315.76,1.76,20.65,2024,Siltara,Hourly,0,0
2024-01-01 22:00:00,10.51,9.53,16.54,4.36,203.96,40.182500000000005,0.27,225.86,1.82,22.55,2024,Siltara,Hourly,1,2
2024-01-01 23:00:00,12.33,12.69,19.78,4.49,143.74,38.695,0.34,225.86,1.82,29.0,2024,Siltara,Hourly,1,2
2024-01-02 01:00:00,35.92,28.18,44.32,5.5,91.6,35.72,0.47,264.93,1.18,10.18,2024,Siltara,Hourly,0,0
2024-01-02 02:00:00,30.58,28.27,40.02,5.51,66.79,31.64,0.34,273.54,1.12,10.42,2024,Siltara,Hourly,0,0
2024-01-02 03:00:00,27.93,27.83,37.81,5.35,71.46,31.14,0.53,326.34,1.07,10.25,2024,Siltara,Hourly,0,0
2024-01-02 04:00:00,24.23,27.78,34.73,5.15,65.46,28.34,0.97,20.78,1.01,10.26,2024,Siltara,Hourly,0,0
2024-01-02 05:00:00,20.39,28.02,31.87,4.76,75.8,29.67,0.58,221.68,0.97,10.17,2024,Siltara,Hourly,0,0
2024-01-02 06:00:00,20.44,27.33,31.24,4.87,48.19,27.34,0.48,62.93,0.91,10.24,2024,Siltara,Hourly,0,0
2024-01-02 07:00:00,22.96,27.57,33.69,4.88,65.68,27.53,0.59,50.52,0.91,10.18,2024,Siltara,Hourly,0,0
2024-01-02 08:00:00,30.86,27.29,39.53,5.13,69.05,28.35,0.36,209.48,0.99,10.12,2024,Siltara,Hourly,0,0
2024-01-02 09:00:00,35.1,27.95,43.51,5.33,107.71,35.23,0.66,22.36,1.15,10.28,2024,Siltara,Hourly,0,0
2024-01-02 10:00:00,38.03,31.77,47.97,6.32,183.94,137.97,1.59,356.82,1.38,10.27,2024,Siltara,Hourly,0,0
2024-01-02 11:00:00,35.47,33.16,44.07,6.18,205.83,201.1,1.72,289.31,1.37,10.5,2024,Siltara,Hourly,0,0
2024-01-02 12:00:00,20.08,43.12,37.41,8.27,134.98,139.16,0.83,322.71,1.11,10.2,2024,Siltara,Hourly,0,0
2024-01-02 13:00:00,4.54,42.92,26.94,9.52,102.41,162.23,0.95,312.95,1.0,10.22,2024,Siltara,Hourly,0,0
2024-01-02 14:00:00,4.09,36.77,23.06,12.08,74.51,162.99,1.05,252.28,0.91,10.23,2024,Siltara,Hourly,0,0
2024-01-02 15:00:00,2.78,34.73,21.21,21.4,4.16,6.71,1.03,264.54,0.69,10.21,2024,Siltara,Hourly,0,0
2024-01-02 16:00:00,5.04,35.88,23.92,24.81,73.38,116.72,0.89,287.17,0.63,10.23,2024,Siltara,Hourly,0,0
2024-01-02 17:00:00,6.34,34.54,23.41,18.07,78.25,112.49,0.75,308.62,0.61,10.21,2024,Siltara,Hourly,0,0
2024-01-02 18:00:00,6.6,35.18,24.55,11.3,79.02,102.68,0.27,283.1,0.65,10.23,2024,Siltara,Hourly,0,0
2024-01-02 19:00:00,16.46,34.98,30.79,8.88,82.71,92.94,0.16,241.18,0.73,10.25,2024,Siltara,Hourly,0,0
2024-01-02 20:00:00,30.48,31.61,39.55,7.29,154.23,86.73,0.26,222.7,0.95,10.21,2024,Siltara,Hourly,0,0
2024-01-02 21:00:00,75.01,26.47,69.49,7.73,183.91,87.32,0.19,322.42,1.42,10.47,2024,Siltara,Hourly,0,0
2024-01-02 22:00:00,89.95,13.67,79.48,7.83,183.91,95.61,0.37,224.05,1.6,10.15,2024,Siltara,Hourly,0,0
2024-01-02 23:00:00,99.65,12.42,85.07,8.19,140.92,86.61,0.39,225.19,1.59,10.27,2024,Siltara,Hourly,0,0
2024-01-03 01:00:00,64.16,42.42,74.02,4.87,111.5,73.62,0.48,28.58,1.15,11.98,2024,Siltara,Hourly,0,0
2024-01-03 02:00:00,58.04,40.98,68.82,4.31,127.29,59.82,0.5,342.0,1.09,11.97,2024,Siltara,Hourly,0,0
2024-01-03 03:00:00,49.95,40.1,61.88,4.12,93.31,50.15,0.43,234.85,1.02,11.94,2024,Siltara,Hourly,0,0
2024-01-03 04:00:00,49.92,39.52,61.56,4.0,129.11,46.95,0.19,64.46,1.05,11.94,2024,Siltara,Hourly,0,0
2024-01-03 05:00:00,44.510000000000005,40.010000000000005,57.57125,7.03625,126.94555555555557,44.041111111111114,0.255,98.9025,1.00625,11.938749999999999,2024,Siltara,Hourly,1,8
2024-01-03 06:00:00,39.1,40.5,53.5825,10.0725,124.78111111111112,41.132222222222225,0.32,133.345,0.9625,11.9375,2024,Siltara,Hourly,1,8
2024-01-03 07:00:00,33.69,40.99,49.59375,13.108749999999999,122.61666666666667,38.223333333333336,0.385,167.78750000000002,0.91875,11.93625,2024,Siltara,Hourly,1,8
2024-01-03 08:00:00,,,,,,,,,,,2024,Siltara,Hourly,1,8
2024-01-03 09:00:00,,,,,,,,,,,2024,Siltara,Hourly,1,8
2024-01-03 10:00:00,,,,,,,,,,,2024,Siltara,Hourly,1,8
2024-01-03 11:00:00,,,,,,,,,,,2024,Siltara,Hourly,1,8
2024-01-03 12:00:00,6.64,43.44,29.65,28.29,,,0.71,340.0,0.7,11.93,2024,Siltara,Hourly,1,8
2024-01-03 13:00:00,9.36,51.67,36.04,57.96,109.63,20.77,0.99,280.79,0.73,11.96,2024,Siltara,Hourly,0,0
2024-01-03 14:00:00,5.53,43.67,27.7,38.05,111.8,31.9,2.08,348.68,0.63,11.93,2024,Siltara,Hourly,0,0
2024-01-03 15:00:00,7.46,39.49,27.49,30.7,109.66,31.83,1.9,353.24,0.58,11.94,2024,Siltara,Hourly,0,0
2024-01-03 16:00:00,7.02,42.94,30.29,29.32,99.54,31.46,1.63,348.84,0.56,11.92,2024,Siltara,Hourly,0,0
2024-01-03 17:00:00,14.58,44.16,38.05,19.01,93.42,30.64,1.4,27.27,0.55,11.97,2024,Siltara,Hourly,0,0
2024-01-03 18:00:00,33.15,59.76,64.7,15.25,102.65,30.57,0.69,61.44,0.78,12.02,2024,Siltara,Hourly,0,0
2024-01-03 19:00:00,47.26,54.42,68.15,9.89,224.93,38.22,0.46,265.71,1.0,12.14,2024,Siltara,Hourly,0,0
2024-01-03 20:00:00,44.94,59.29,68.05,8.43,222.57,51.53,0.37,243.34,1.16,12.49,2024,Siltara,Hourly,0,0
2024-01-03 21:00:00,55.34,54.51,72.91,8.71,226.41,65.57,0.36,272.12,1.24,12.12,2024,Siltara,Hourly,0,0
2024-01-03 22:00:00,47.52,51.21,66.13,10.43,216.68,66.47,0.52,236.32,1.16,11.93,2024,Siltara,Hourly,0,0
2024-01-03 23:00:00,41.58,48.21,57.61,10.83,158.41,63.87,0.46,295.16,1.14,11.93,2024,Siltara,Hourly,0,0
2024-01-04 01:00:00,15.08,49.57,38.87,46.15,165.17,90.62,0.59,228.51,0.99,11.91,2024,Siltara,Hourly,0,0
2024-01-04 02:00:00,15.05,43.82,35.84,26.05,165.17,98.1,0.37,231.3,0.92,11.93,2024,Siltara,Hourly,0,0
2024-01-04 03:00:00,15.95,44.13,36.36,24.37,162.49,98.1,0.86,239.59,1.05,11.92,2024,Siltara,Hourly,0,0
2024-01-04 04:00:00,15.58,47.68,37.84,30.36,154.65,80.26,0.48,226.61,1.16,11.92,2024,Siltara,Hourly,0,0
2024-01-04 05:00:00,15.16,43.46,35.26,24.65,153.86,75.52,0.66,230.08,1.06,11.92,2024,Siltara,Hourly,0,0
2024-01-04 06:00:00,15.47,43.08,35.79,30.25,153.86,80.23,0.88,239.33,1.03,11.92,2024,Siltara,Hourly,0,0
2024-01-04 07:00:00,16.66,45.16,37.76,32.14,153.19,80.23,0.9,230.33,1.03,11.92,2024,Siltara,Hourly,0,0
2024-01-04 08:00:00,18.98,46.57,40.42,27.46,160.65,76.03,1.08,239.71,1.03,11.94,2024,Siltara,Hourly,0,0
2024-01-04 09:00:00,20.43,51.27,43.81,23.45,190.43,74.55,1.77,243.47,1.02,11.92,2024,Siltara,Hourly,0,0
2024-01-04 10:00:00,17.67,51.27,41.78,20.72,190.43,73.97,1.96,247.72,0.97,11.92,2024,Siltara,Hourly,0,0
2024-01-04 11:00:00,9.49,47.98,33.55,26.77,130.56,69.3,1.61,254.59,0.78,11.92,2024,Siltara,Hourly,0,0
2024-01-04 12:00:00,5.84,41.57,27.28,33.48,130.56,57.81,1.62,260.68,0.64,11.91,2024,Siltara,Hourly,0,0
2024-01-04 13:00:00,5.46,44.47,28.48,44.79,80.34,46.28,1.59,256.88,0.56,11.92,2024,Siltara,Hourly,0,0
2024-01-04 14:00:00,4.54,37.38,24.05,34.95,70.26,38.84,1.41,255.57,0.47,11.92,2024,Siltara,Hourly,0,0
2024-01-04 15:00:00,3.97,35.36,22.53,42.15,61.71,33.72,1.36,258.3,0.47,11.91,2024,Siltara,Hourly,0,0
2024-01-04 16:00:00,4.49,33.44,21.64,46.41,90.83,34.58,1.43,252.5,0.46,11.92,2024,Siltara,Hourly,0,0
2024-01-04 17:00:00,5.61,41.36,26.68,48.53,90.83,35.7,1.05,271.92,1.92,11.93,2024,Siltara,Hourly,0,0
2024-01-04 18:00:00,14.33,57.01,39.27,79.49,143.58,39.42,1.05,267.45,1.14,11.94,2024,Siltara,Hourly,0,0
2024-01-04 19:00:00,5.72,50.54,31.87,72.09,152.42,47.33,0.83,242.57,1.01,11.92,2024,Siltara,Hourly,0,0
2024-01-04 20:00:00,5.1,59.13,35.79,77.9,192.51,68.47,0.59,234.29,0.97,11.93,2024,Siltara,Hourly,0,0
2024-01-04 21:00:00,6.48,53.07,32.93,64.43,235.64,81.06,0.67,229.18,0.97,11.92,2024,Siltara,Hourly,0,0
2024-01-04 22:00:00,8.17,47.3,32.14,52.57,235.64,84.54,0.75,227.48,1.05,11.91,2024,Siltara,Hourly,0,0
2024-01-04 23:00:00,8.89,60.33,39.53,53.94,230.79,102.0,0.81,234.23,1.34,11.91,2024,Siltara,Hourly,0,0
2024-01-05 00:15:00,20.05,54.36,79.57,79.31,184.8,71.86,0.32,205.64,1.2,11.89,2024,Siltara,Hourly,0,0
2024-01-05 00:30:00,10.78,41.36,52.14,77.76,179.68,73.66,0.49,201.78,1.16,11.91,2024,Siltara,Hourly,0,0
2024-01-05 00:45:00,10.6,35.72,46.32,47.14,173.29,76.01,0.57,214.93,0.97,11.91,2024,Siltara,Hourly,0,0
2024-01-05 01:00:00,10.31,35.81,46.12,42.29,173.29,76.01,0.49,216.7,0.93,11.92,2024,Siltara,Hourly,0,0
2024-01-05 01:15:00,10.66,35.21,45.86,33.21,173.29,76.01,0.5,217.12,0.9,11.91,2024,Siltara,Hourly,0,0
2024-01-05 01:30:00,10.89,38.28,49.17,41.82,173.06,76.74,0.51,216.97,0.92,11.91,2024,Siltara,Hourly,0,0
2024-01-05 01:45:00,10.42,40.2,50.62,51.75,172.77,77.69,0.51,225.13,0.91,11.91,2024,Siltara,Hourly,0,0
2024-01-05 02:00:00,11.56,40.74,52.31,50.48,172.77,77.69,0.77,217.26,0.93,11.91,2024,Siltara,Hourly,0,0
2024-01-05 02:15:00,12.16,39.84,52.0,40.09,172.77,77.69,0.48,222.57,0.94,11.91,2024,Siltara,Hourly,0,0
2024-01-05 02:30:00,11.83,37.38,49.21,31.25,173.11,82.03,0.36,224.88,0.84,11.92,2024,Siltara,Hourly,0,0
2024-01-05 02:45:00,12.03,36.26,48.29,25.76,173.55,87.7,0.44,210.13,0.88,11.92,2024,Siltara,Hourly,0,0
2024-01-05 03:00:00,10.37,51.96,62.33,53.36,173.55,87.7,0.39,199.12,0.81,11.91,2024,Siltara,Hourly,0,0
2024-01-05 03:15:00,9.41,41.44,50.85,41.1,173.55,87.7,0.36,201.33,0.75,11.91,2024,Siltara,Hourly,0,0
2024-01-05 03:30:00,10.8,45.91,56.71,35.01,173.12,87.22,0.41,202.39,0.86,11.93,2024,Siltara,Hourly,0,0
2024-01-05 03:45:00,11.58,45.48,57.06,33.89,172.56,86.58,0.45,211.6,0.84,11.92,2024,Siltara,Hourly,0,0
2024-01-05 04:00:00,11.84,44.47,56.31,25.01,172.56,86.58,0.37,218.09,0.95,11.92,2024,Siltara,Hourly,0,0
2024-01-05 04:15:00,11.92,46.13,58.05,25.6,172.56,86.58,0.48,210.05,0.96,11.92,2024,Siltara,Hourly,0,0
2024-01-05 04:30:00,19.12,52.28,71.4,21.43,173.03,90.32,0.56,216.85,1.0,11.91,2024,Siltara,Hourly,0,0
2024-01-05 04:45:00,22.52,46.85,69.38,23.6,173.64,95.21,0.44,223.26,1.03,11.91,2024,Siltara,Hourly,0,0
2024-01-05 05:00:00,18.03,47.16,65.19,21.64,173.64,95.21,0.49,213.68,1.15,11.92,2024,Siltara,Hourly,0,0
2024-01-05 05:15:00,17.14,47.68,64.82,19.53,173.64,95.21,0.49,218.69,1.09,11.93,2024,Siltara,Hourly,0,0
2024-01-05 05:30:00,15.51,50.13,65.64,17.42,164.57,91.66,0.5,225.54,1.07,11.93,2024,Siltara,Hourly,0,0
2024-01-05 05:45:00,15.85,47.66,63.51,19.09,152.71,87.02,0.42,227.68,1.02,11.93,2024,Siltara,Hourly,0,0
2024-01-05 06:00:00,17.75,43.84,61.59,22.87,152.71,87.02,0.39,224.37,1.01,11.93,2024,Siltara,Hourly,0,0
2024-01-05 06:15:00,18.66,44.06,62.73,25.52,152.71,87.02,0.32,216.3,1.0,11.92,2024,Siltara,Hourly,0,0
2024-01-05 06:30:00,19.04,41.93,60.97,24.71,151.96,90.66,0.45,237.55,0.96,11.91,2024,Siltara,Hourly,0,0
2024-01-05 06:45:00,16.49,39.4,55.89,26.52,150.99,95.42,0.35,249.24,0.88,11.92,2024,Siltara,Hourly,0,0
2024-01-05 07:00:00,21.76,46.08,67.84,38.67,150.99,95.42,0.43,232.17,1.07,11.93,2024,Siltara,Hourly,0,0
2024-01-05 07:15:00,23.07,43.94,67.01,52.94,150.99,95.42,0.57,231.87,1.04,11.92,2024,Siltara,Hourly,0,0
2024-01-05 07:30:00,21.97,44.58,66.55,57.54,158.75,94.39,0.63,237.52,0.98,11.93,2024,Siltara,Hourly,0,0
2024-01-05 07:45:00,22.58,41.41,63.99,51.74,168.9,93.04,0.68,240.62,1.0,11.92,2024,Siltara,Hourly,0,0
2024-01-05 08:00:00,20.73,35.75,56.48,36.51,168.9,93.04,0.77,236.9,0.95,11.91,2024,Siltara,Hourly,0,0
2024-01-05 08:15:00,18.53,39.34,57.87,56.02,168.9,93.04,0.67,235.55,0.98,11.91,2024,Siltara,Hourly,0,0
2024-01-05 08:30:00,16.27,37.22,53.49,43.74,170.07,86.33,0.79,243.18,0.94,11.91,2024,Siltara,Hourly,0,0
2024-01-05 08:45:00,16.65,36.88,53.53,33.49,171.61,77.57,1.18,239.94,0.95,11.91,2024,Siltara,Hourly,0,0
2024-01-05 09:00:00,17.37,37.45,54.82,31.17,171.61,77.57,1.39,236.81,0.85,11.91,2024,Siltara,Hourly,0,0
2024-01-05 09:15:00,16.71,31.45,48.16,30.39,171.61,77.57,1.64,241.05,0.82,11.91,2024,Siltara,Hourly,0,0
2024-01-05 09:30:00,13.06,35.18,48.25,26.3,176.09,73.62,1.34,234.07,0.69,11.91,2024,Siltara,Hourly,0,0
2024-01-05 09:45:00,10.94,35.16,46.09,30.59,181.95,68.45,1.24,247.71,0.66,11.92,2024,Siltara,Hourly,0,0
2024-01-05 10:00:00,12.24,36.67,48.91,44.4,181.95,68.45,1.43,233.63,0.65,11.9,2024,Siltara,Hourly,0,0
2024-01-05 10:15:00,10.32,40.02,50.34,29.3,181.95,68.45,1.32,247.45,0.63,11.9,2024,Siltara,Hourly,0,0
2024-01-05 10:30:00,7.68,26.71,34.39,31.28,168.83,60.33,1.28,244.23,0.53,11.92,2024,Siltara,Hourly,0,0
2024-01-05 10:45:00,8.6,37.47,46.07,37.09,151.68,49.72,1.01,250.53,0.5,11.92,2024,Siltara,Hourly,0,0
2024-01-05 11:00:00,6.93,29.9,36.83,33.86,151.68,49.72,1.32,236.68,0.44,11.92,2024,Siltara,Hourly,0,0
2024-01-05 11:15:00,6.57,28.5,35.07,36.18,151.68,49.72,1.26,246.12,0.43,11.9,2024,Siltara,Hourly,0,0
2024-01-05 11:30:00,6.66,31.59,38.25,32.95,136.71,45.57,1.21,245.54,0.38,11.91,2024,Siltara,Hourly,0,0
2024-01-05 11:45:00,6.57,32.06,38.63,34.57,117.13,40.16,1.15,246.5,0.43,11.91,2024,Siltara,Hourly,0,0
2024-01-05 12:00:00,6.89,32.56,39.45,33.1,117.13,40.16,1.15,250.75,0.39,11.91,2024,Siltara,Hourly,0,0
2024-01-05 12:15:00,5.93,29.88,35.81,32.48,117.13,40.16,1.12,246.46,0.34,11.9,2024,Siltara,Hourly,0,0
2024-01-05 12:30:00,7.09,31.75,38.84,34.03,109.67,40.14,1.4,250.36,0.36,11.91,2024,Siltara,Hourly,0,0
2024-01-05 12:45:00,5.83,30.62,36.45,28.95,99.92,40.11,1.19,246.36,0.34,11.91,2024,Siltara,Hourly,0,0
2024-01-05 13:00:00,5.51,32.97,38.48,35.24,99.92,40.11,1.54,237.43,0.29,11.91,2024,Siltara,Hourly,0,0
2024-01-05 13:15:00,5.05,30.08,35.13,29.02,99.92,40.11,1.43,244.27,0.28,11.9,2024,Siltara,Hourly,0,0
2024-01-05 13:30:00,5.0,31.65,36.64,27.06,96.86,37.19,1.44,234.72,0.28,11.9,2024,Siltara,Hourly,0,0
2024-01-05 13:45:00,4.76,31.2,35.96,42.55,92.85,33.37,1.27,239.67,0.23,11.91,2024,Siltara,Hourly,0,0
2024-01-05 14:00:00,4.71,29.07,33.78,46.33,92.85,33.37,1.13,243.12,0.24,11.91,2024,Siltara,Hourly,0,0
2024-01-05 14:15:00,6.13,35.86,41.98,42.91,92.85,33.37,1.34,250.08,0.26,11.91,2024,Siltara,Hourly,0,0
2024-01-05 14:30:00,5.39,31.99,37.37,30.9,94.79,33.43,1.53,238.84,0.23,11.9,2024,Siltara,Hourly,0,0
2024-01-05 14:45:00,5.2,31.66,36.86,22.74,97.32,33.5,1.55,237.51,0.25,11.9,2024,Siltara,Hourly,0,0
2024-01-05 15:00:00,5.4,30.0,35.4,18.3,97.32,33.5,1.58,246.43,0.19,11.9,2024,Siltara,Hourly,0,0
2024-01-05 15:15:00,5.17,28.46,33.63,24.84,97.32,33.5,1.55,237.41,0.2,11.9,2024,Siltara,Hourly,0,0
2024-01-05 15:30:00,5.18,27.57,32.75,21.9,105.43,32.78,1.58,237.11,0.21,11.91,2024,Siltara,Hourly,0,0
2024-01-05 15:45:00,5.43,29.07,34.5,25.25,116.04,31.85,1.69,239.52,0.19,11.9,2024,Siltara,Hourly,0,0
2024-01-05 16:00:00,6.92,32.17,39.09,22.53,116.04,31.85,1.45,243.88,0.21,11.91,2024,Siltara,Hourly,0,0
2024-01-05 16:15:00,6.38,29.62,36.0,30.52,116.04,31.85,1.36,251.55,0.24,11.91,2024,Siltara,Hourly,0,0
2024-01-05 16:30:00,10.79,38.54,49.33,54.99,123.56,34.24,1.06,266.62,0.31,11.91,2024,Siltara,Hourly,0,0
2024-01-05 16:45:00,9.15,35.12,44.27,62.13,133.41,37.36,1.25,253.91,0.3,11.93,2024,Siltara,Hourly,0,0
2024-01-05 17:00:00,7.22,31.9,39.12,49.71,133.41,37.36,1.31,243.94,0.22,11.92,2024,Siltara,Hourly,0,0
2024-01-05 17:15:00,7.08,32.29,39.36,54.43,133.41,37.36,1.12,242.5,0.18,11.92,2024,Siltara,Hourly,0,0
2024-01-05 17:30:00,9.5,40.55,51.12,69.85,142.25,36.77,0.96,257.85,0.42,11.92,2024,Siltara,Hourly,0,0
2024-01-05 17:45:00,9.19,40.62,49.81,67.46,153.82,36.0,1.06,262.28,0.48,11.91,2024,Siltara,Hourly,0,0
2024-01-05 18:00:00,10.64,42.45,53.08,64.97,153.82,36.0,0.83,251.57,0.55,11.9,2024,Siltara,Hourly,0,0
2024-01-05 18:15:00,9.21,42.45,51.66,67.82,153.82,36.0,0.74,241.79,0.31,11.91,2024,Siltara,Hourly,0,0
2024-01-05 18:30:00,8.65,39.28,47.93,52.05,156.38,37.75,0.97,244.53,0.28,11.9,2024,Siltara,Hourly,0,0
2024-01-05 18:45:00,8.12,32.96,41.08,33.35,159.74,40.05,1.21,244.11,0.28,11.9,2024,Siltara,Hourly,0,0
2024-01-05 19:00:00,7.9,33.93,41.83,30.36,159.74,40.05,1.09,235.42,0.35,11.91,2024,Siltara,Hourly,0,0
2024-01-05 19:15:00,7.59,36.17,43.76,55.55,159.74,40.05,0.97,231.12,0.39,11.91,2024,Siltara,Hourly,0,0
2024-01-05 19:30:00,8.66,43.54,52.19,45.38,154.41,42.11,1.02,232.18,0.44,11.9,2024,Siltara,Hourly,0,0
2024-01-05 19:45:00,8.49,37.74,46.24,31.88,147.44,44.81,1.04,230.38,0.44,11.91,2024,Siltara,Hourly,0,0
2024-01-05 20:00:00,8.21,34.95,43.17,28.32,147.44,44.81,1.14,227.67,0.41,11.92,2024,Siltara,Hourly,0,0
2024-01-05 20:15:00,7.84,32.99,40.83,24.12,147.44,44.81,1.05,228.17,0.43,11.93,2024,Siltara,Hourly,0,0
2024-01-05 20:30:00,7.68,35.69,43.37,36.82,137.19,41.83,1.01,231.18,0.49,11.92,2024,Siltara,Hourly,0,0
2024-01-05 20:45:00,8.31,46.02,54.33,40.78,124.38,38.1,1.07,229.62,0.49,11.91,2024,Siltara,Hourly,0,0
2024-01-05 21:00:00,8.42,58.72,67.14,50.96,124.38,38.1,0.95,224.96,0.79,11.9,2024,Siltara,Hourly,0,0
2024-01-05 21:15:00,8.38,52.19,60.58,70.06,124.38,38.1,0.79,226.83,0.7,11.91,2024,Siltara,Hourly,0,0
2024-01-05 21:30:00,7.13,49.98,57.11,65.79,131.2,37.97,0.73,229.45,0.76,11.9,2024,Siltara,Hourly,0,0
2024-01-05 21:45:00,6.34,40.12,46.47,59.5,139.71,37.79,0.6,230.86,0.86,11.91,2024,Siltara,Hourly,0,0
2024-01-05 22:00:00,6.47,56.14,62.61,75.13,139.71,37.79,0.58,224.15,1.15,11.92,2024,Siltara,Hourly,0,0
2024-01-05 22:15:00,8.52,61.03,69.55,72.63,139.71,37.79,0.66,232.61,1.1,11.9,2024,Siltara,Hourly,0,0
2024-01-05 22:30:00,7.94,55.82,63.76,135.51,148.9,43.97,0.61,226.36,1.3,11.9,2024,Siltara,Hourly,0,0
2024-01-05 22:45:00,7.29,51.11,58.4,72.52,160.39,52.05,0.61,227.07,0.99,11.9,2024,Siltara,Hourly,0,0
2024-01-05 23:00:00,6.67,44.25,50.92,144.84,160.39,52.05,0.55,221.19,1.22,11.92,2024,Siltara,Hourly,0,0
2024-01-05 23:15:00,6.93,42.99,49.92,173.1,160.39,52.05,0.52,235.12,1.45,11.92,2024,Siltara,Hourly,0,0
2024-01-05 23:30:00,7.64,52.92,60.56,189.3,164.16,58.07,0.54,224.2,1.19,11.92,2024,Siltara,Hourly,0,0
2024-01-05 23:45:00,8.51,45.45,53.96,67.49,169.1,65.96,0.54,241.66,1.03,11.91,2024,Siltara,Hourly,0,0
2024-01-06 01:00:00,14.26,55.22,41.16,76.5,120.12,98.77,0.68,241.37,1.26,11.92,2024,Siltara,Hourly,0,0
2024-01-06 02:00:00,11.06,37.41,28.13,50.84,118.65,100.83,1.5,204.94,0.75,11.91,2024,Siltara,Hourly,0,0
2024-01-06 03:00:00,16.38,44.52,37.27,36.67,118.65,69.83,0.62,241.63,0.62,11.92,2024,Siltara,Hourly,0,0
2024-01-06 04:00:00,25.49,48.62,46.72,47.41,159.98,65.76,0.41,221.38,0.68,11.92,2024,Siltara,Hourly,0,0
2024-01-06 05:00:00,47.72,53.65,64.02,79.37,171.12,167.2,0.81,226.04,1.24,11.92,2024,Siltara,Hourly,0,0
2024-01-06 06:00:00,47.37,43.18,61.42,57.85,199.18,182.45,0.84,29.31,1.09,11.92,2024,Siltara,Hourly,0,0
2024-01-06 07:00:00,57.07,48.02,68.7,33.87,199.18,77.72,0.34,249.47,1.07,11.94,2024,Siltara,Hourly,0,0
2024-01-06 08:00:00,24.52,41.69,40.84,44.36,170.1,60.1,1.42,347.44,0.91,11.91,2024,Siltara,Hourly,0,0
2024-01-06 09:00:00,19.52,35.74,34.06,18.32,128.6,48.45,1.76,31.11,0.81,11.91,2024,Siltara,Hourly,0,0
2024-01-06 10:00:00,12.28,26.9,24.31,17.62,123.02,45.03,2.09,14.1,0.58,11.91,2024,Siltara,Hourly,0,0
2024-01-06 11:00:00,8.11,35.5,25.35,40.13,99.53,43.06,2.05,353.23,0.75,11.91,2024,Siltara,Hourly,0,0
2024-01-06 12:00:00,7.44,31.49,23.58,40.13,53.25,43.06,1.65,357.73,0.51,11.91,2024,Siltara,Hourly,0,0
2024-01-06 13:00:00,5.65,25.13,18.15,28.82,50.25,41.06,1.6,355.62,0.33,11.93,2024,Siltara,Hourly,0,0
2024-01-06 14:00:00,8.92,32.52,25.02,48.92,68.69,26.32,0.86,328.38,0.71,11.92,2024,Siltara,Hourly,0,0
2024-01-06 15:00:00,5.02,24.67,17.79,51.83,76.56,30.39,1.03,293.79,0.41,11.9,2024,Siltara,Hourly,0,0
2024-01-06 16:00:00,5.87,28.87,20.16,50.86,94.34,31.29,1.27,265.24,0.21,11.91,2024,Siltara,Hourly,0,0
2024-01-06 17:00:00,7.11,31.31,22.17,59.02,112.09,26.42,1.21,287.72,0.64,11.9,2024,Siltara,Hourly,0,0
2024-01-06 18:00:00,8.09,41.37,28.97,73.11,125.71,31.61,0.92,251.09,0.36,11.91,2024,Siltara,Hourly,0,0
2024-01-06 19:00:00,6.25,43.81,28.78,61.78,134.87,36.36,0.85,246.73,0.57,11.9,2024,Siltara,Hourly,0,0
2024-01-06 20:00:00,4.23,72.6,42.18,79.51,145.06,41.77,0.72,234.64,0.58,11.9,2024,Siltara,Hourly,0,0
2024-01-06 21:00:00,3.41,43.32,26.11,71.28,168.43,53.42,0.89,233.58,0.85,11.9,2024,Siltara,Hourly,0,0
2024-01-06 22:00:00,9.5,61.05,41.51,76.82,175.92,63.83,0.92,142.68,0.86,11.91,2024,Siltara,Hourly,0,0
2024-01-06 23:00:00,3.71,30.59,19.6,37.95,177.25,66.63,0.8,203.78,0.41,11.9,2024,Siltara,Hourly,0,0
2024-01-07 01:00:00,19.39,10.66,21.99,35.472307692307695,44.92,15.22,0.89,219.82,0.2,11.91,2024,Siltara,Hourly,1,23
2024-01-07 02:00:00,19.31,9.58,21.36,34.23346153846154,36.28,13.57,1.17,220.28,0.2,11.91,2024,Siltara,Hourly,1,23
2024-01-07 03:00:00,17.8,8.99,19.74,32.994615384615386,44.16,27.55,1.44,228.72,0.2,11.92,2024,Siltara,Hourly,1,23
2024-01-07 04:00:00,16.38,10.33,18.87,,84.41,62.35,1.21,242.73,0.2,11.92,2024,Siltara,Hourly,1,23
2024-01-07 05:00:00,16.37,9.0,18.39,,106.87,78.89,1.23,239.86,0.2,11.91,2024,Siltara,Hourly,1,23
2024-01-07 06:00:00,16.55,8.75,18.64,,138.15,167.79,1.14,237.11,0.2,11.91,2024,Siltara,Hourly,1,23
2024-01-07 07:00:00,18.13,11.51,21.43,,166.51,204.85,1.33,238.32,0.2,11.91,2024,Siltara,Hourly,1,23
2024-01-07 08:00:00,19.34,10.88,21.69,,173.46,179.34,1.1,235.29,0.2,11.91,2024,Siltara,Hourly,1,23
2024-01-07 09:00:00,20.29,10.24,22.49,,148.8,40.31,1.26,236.81,0.2,11.91,2024,Siltara,Hourly,1,23
2024-01-07 10:00:00,20.91,10.74,23.12,,125.63,42.95,1.58,246.03,0.2,11.91,2024,Siltara,Hourly,1,23
2024-01-07 11:00:00,22.1,10.3,23.82,,118.35,88.95,1.2,245.74,0.2,11.91,2024,Siltara,Hourly,1,23
2024-01-07 12:00:00,21.37,10.09,23.14,,120.1,109.18,1.37,243.39,0.2,11.92,2024,Siltara,Hourly,1,23
2024-01-07 13:00:00,20.73,11.73,23.3,,123.28,104.88,1.31,245.01,0.2,11.91,2024,Siltara,Hourly,1,23
2024-01-07 14:00:00,19.56,11.44,22.52,,126.67,101.35,1.32,234.79,0.2,11.92,2024,Siltara,Hourly,1,23
2024-01-07 15:00:00,19.16,14.03,23.57,,111.68,91.3,1.68,247.04,0.2,11.91,2024,Siltara,Hourly,1,23
2024-01-07 16:00:00,18.29,11.61,21.24,,106.49,71.87,1.27,241.69,0.2,11.9,2024,Siltara,Hourly,1,23
2024-01-07 17:00:00,18.9,12.0,22.3,,102.68,74.94,1.82,242.36,0.2,11.91,2024,Siltara,Hourly,1,23
2024-01-07 18:00:00,19.56,11.0,21.72,,104.21,61.4,1.48,227.26,0.2,11.91,2024,Siltara,Hourly,1,23
2024-01-07 19:00:00,20.88,13.15,24.48,,116.57,52.36,1.69,226.34,0.2,11.91,2024,Siltara,Hourly,1,23
2024-01-07 20:00:00,20.46,12.62,23.88,,120.82,58.25,1.29,228.7,0.2,11.92,2024,Siltara,Hourly,1,23
2024-01-07 21:00:00,19.22,11.0,22.03,,103.12,49.25,1.3,229.98,0.2,11.92,2024,Siltara,Hourly,1,23
2024-01-07 22:00:00,17.97,11.4,20.71,,93.72,55.3,1.06,226.21,0.2,11.91,2024,Siltara,Hourly,1,23
2024-01-07 23:00:00,18.04,10.91,20.69,,86.29,67.42,1.44,224.17,0.2,11.91,2024,Siltara,Hourly,1,23
2024-01-08 01:00:00,24.69,7.71,24.54,5.74,63.91,33.49,0.79,243.37,1.14,11.93,2024,Siltara,Hourly,0,0
2024-01-08 02:00:00,24.1,7.65,24.2,6.14,24.0,17.71,0.69,248.06,1.05,11.91,2024,Siltara,Hourly,0,0
2024-01-08 03:00:00,23.66,7.45,23.74,5.92,12.13,8.06,0.63,240.94,0.98,11.91,2024,Siltara,Hourly,0,0
2024-01-08 04:00:00,23.2,8.23,23.23,6.29,22.26,20.91,0.6,250.33,0.95,11.91,2024,Siltara,Hourly,0,0
2024-01-08 05:00:00,24.82,8.75,25.26,5.94,36.52,30.25,0.47,241.27,0.98,11.91,2024,Siltara,Hourly,0,0
2024-01-08 06:00:00,26.61,9.84,27.35,5.97,41.99,24.7,1.0,229.71,0.98,11.91,2024,Siltara,Hourly,0,0
2024-01-08 07:00:00,30.0,8.01,28.93,5.95,23.89,0.3,0.78,236.79,0.88,11.91,2024,Siltara,Hourly,0,0
2024-01-08 08:00:00,30.83,7.92,29.72,4.71,23.16,0.83,1.05,230.07,0.82,11.91,2024,Siltara,Hourly,0,0
2024-01-08 09:00:00,30.44,9.64,30.32,4.36,16.97,3.08,0.93,233.75,0.78,11.91,2024,Siltara,Hourly,0,0
2024-01-08 10:00:00,30.79,11.91,30.56,4.45,18.63,8.46,0.97,246.63,0.84,11.91,2024,Siltara,Hourly,0,0
2024-01-08 11:00:00,30.02,10.33,30.34,4.43,25.84,16.21,0.94,242.87,0.82,11.91,2024,Siltara,Hourly,0,0
2024-01-08 12:00:00,19.23,24.48,25.47,5.2,26.66,16.5,0.7,243.96,0.98,11.91,2024,Siltara,Hourly,0,0
2024-01-08 13:00:00,5.41,20.69,16.02,8.47,24.42,17.05,0.83,256.63,0.84,11.91,2024,Siltara,Hourly,0,0
2024-01-08 14:00:00,4.72,19.88,15.05,10.5,14.5,11.63,0.85,239.31,0.77,11.91,2024,Siltara,Hourly,0,0
2024-01-08 15:00:00,4.52,18.19,14.0,9.53,5.61,3.48,0.77,250.68,0.76,11.9,2024,Siltara,Hourly,0,0
2024-01-08 16:00:00,7.67,23.69,19.11,9.99,7.21,4.79,0.76,240.44,0.88,11.91,2024,Siltara,Hourly,0,0
2024-01-08 17:00:00,10.66,13.99,15.01,8.83,15.99,13.57,0.94,244.59,0.88,11.91,2024,Siltara,Hourly,0,0
2024-01-08 18:00:00,14.25,9.28,17.15,8.78,22.14,17.59,0.88,244.69,0.91,11.91,2024,Siltara,Hourly,0,0
2024-01-08 19:00:00,19.73,7.63,20.4,9.59,23.43,14.5,1.06,245.31,0.92,11.92,2024,Siltara,Hourly,0,0
2024-01-08 20:00:00,23.92,9.48,24.05,10.32,26.14,13.99,0.99,245.87,0.95,11.91,2024,Siltara,Hourly,0,0
2024-01-08 21:00:00,28.49,7.81,27.8,10.58,28.38,16.19,0.87,244.21,0.96,11.92,2024,Siltara,Hourly,0,0
2024-01-08 22:00:00,29.84,8.98,29.5,10.36,29.77,14.41,0.81,243.28,1.03,11.91,2024,Siltara,Hourly,0,0
2024-01-08 23:00:00,30.3,8.24,29.48,10.56,27.52,15.7,0.7,242.47,1.02,11.91,2024,Siltara,Hourly,0,0
2024-01-09 01:00:00,16.13,5.74,16.31,8.64,37.1,15.34,7.45,336.3,0.63,11.92,2024,Siltara,Hourly,0,0
2024-01-09 02:00:00,16.63,6.42,17.09,8.74,54.45,10.12,5.37,347.98,0.61,11.91,2024,Siltara,Hourly,0,0
2024-01-09 03:00:00,16.45,5.82,17.11,8.4,54.45,10.12,12.12,319.13,0.61,11.91,2024,Siltara,Hourly,0,0
2024-01-09 04:00:00,15.35,5.15,15.87,8.23,47.13,7.58,8.73,323.91,0.59,11.9,2024,Siltara,Hourly,0,0
2024-01-09 05:00:00,13.89,5.51,14.74,8.26,47.13,7.59,5.66,353.36,0.58,11.91,2024,Siltara,Hourly,0,0
2024-01-09 06:00:00,14.53,5.68,15.36,8.22,40.51,7.89,2.35,28.53,0.57,11.92,2024,Siltara,Hourly,0,0
2024-01-09 07:00:00,16.22,5.59,16.47,6.98,88.72,7.96,2.64,26.03,0.6,11.91,2024,Siltara,Hourly,0,0
2024-01-09 08:00:00,19.16,6.15,19.45,6.81,100.82,9.78,2.95,29.99,0.62,11.91,2024,Siltara,Hourly,0,0
2024-01-09 09:00:00,18.45,6.36,18.91,7.2,131.59,9.78,3.13,351.88,0.69,11.91,2024,Siltara,Hourly,0,0
2024-01-09 10:00:00,18.84,6.62,19.1,7.7,148.27,10.28,4.82,338.71,0.7,11.91,2024,Siltara,Hourly,0,0
2024-01-09 11:00:00,18.12,6.7,18.91,8.17,148.27,19.01,4.38,350.63,0.72,11.91,2024,Siltara,Hourly,0,0
2024-01-09 12:00:00,19.16,9.06,20.97,8.31,139.11,32.05,1.17,62.47,0.68,11.91,2024,Siltara,Hourly,0,0
2024-01-09 13:00:00,18.05,8.18,19.63,9.13,129.71,32.05,2.4,40.82,0.68,11.91,2024,Siltara,Hourly,0,0
2024-01-09 14:00:00,18.07,9.67,20.41,8.68,136.58,17.63,2.82,356.43,0.66,11.91,2024,Siltara,Hourly,0,0
2024-01-09 15:00:00,19.1,7.52,20.12,8.59,156.49,19.8,3.05,30.39,0.66,11.91,2024,Siltara,Hourly,0,0
2024-01-09 16:00:00,16.22,7.29,17.26,8.43,171.81,24.98,3.61,30.27,0.62,11.91,2024,Siltara,Hourly,0,0
2024-01-09 17:00:00,14.9,6.61,16.27,9.0,171.81,24.98,2.78,35.21,0.59,11.92,2024,Siltara,Hourly,0,0
2024-01-09 18:00:00,14.0,9.32,16.96,8.67,147.79,21.82,2.65,34.43,0.59,11.91,2024,Siltara,Hourly,0,0
2024-01-09 19:00:00,20.27,14.61,24.76,9.36,129.26,19.89,2.0,33.67,0.67,11.92,2024,Siltara,Hourly,0,0
2024-01-09 20:00:00,15.35,9.25,18.01,9.43,118.73,19.51,3.12,348.88,0.63,11.91,2024,Siltara,Hourly,0,0
2024-01-09 21:00:00,14.75,5.66,15.65,9.06,89.41,19.11,3.49,353.67,0.65,11.9,2024,Siltara,Hourly,0,0
2024-01-09 22:00:00,13.45,5.46,14.49,9.09,89.25,12.49,4.94,336.87,0.65,11.92,2024,Siltara,Hourly,0,0
2024-01-09 23:00:00,13.31,5.16,14.13,8.45,73.65,11.23,5.26,339.63,0.64,11.91,2024,Siltara,Hourly,0,0
2024-01-10 01:00:00,24.49,12.42,26.92,12.11,183.7,50.49,64.6,277.29,0.83,11.93,2024,Siltara,Hourly,0,0
2024-01-10 02:00:00,29.61,19.98,33.23,13.27,193.55,62.28,64.6,276.83,0.95,11.92,2024,Siltara,Hourly,0,0
2024-01-10 03:00:00,27.92,13.78,30.47,13.57,193.55,77.91,64.59,280.63,0.94,11.92,2024,Siltara,Hourly,0,0
2024-01-10 04:00:00,28.18,15.7,30.93,14.09,182.5,77.91,64.59,272.24,0.98,11.92,2024,Siltara,Hourly,0,0
2024-01-10 05:00:00,28.53,9.63,28.69,16.25,132.66,68.79,64.56,282.02,0.98,11.91,2024,Siltara,Hourly,0,0
2024-01-10 06:00:00,24.94,7.22,24.28,15.41,126.25,51.89,64.52,279.28,0.93,11.91,2024,Siltara,Hourly,0,0
2024-01-10 07:00:00,24.23,6.37,23.57,13.23,98.03,35.29,64.52,279.05,0.91,11.91,2024,Siltara,Hourly,0,0
2024-01-10 08:00:00,22.88,10.1,22.49,12.46,98.03,34.38,64.54,288.18,0.88,11.91,2024,Siltara,Hourly,0,0
2024-01-10 09:00:00,17.46,11.1,19.94,10.67,95.29,29.65,64.5,286.56,0.8,11.91,2024,Siltara,Hourly,0,0
2024-01-10 10:00:00,16.82,9.14,19.09,10.48,76.51,30.0,64.71,274.55,0.71,11.91,2024,Siltara,Hourly,0,0
2024-01-10 11:00:00,15.74,10.17,18.81,11.46,59.09,30.0,64.69,276.42,0.66,11.9,2024,Siltara,Hourly,0,0
2024-01-10 12:00:00,13.55,10.8,17.38,12.89,43.42,23.43,64.73,271.72,0.62,11.91,2024,Siltara,Hourly,0,0
2024-01-10 13:00:00,12.89,11.23,17.08,12.84,52.27,19.74,64.73,274.36,0.58,11.91,2024,Siltara,Hourly,0,0
2024-01-10 14:00:00,11.61,15.66,16.66,12.92,52.27,17.48,64.82,277.34,0.55,11.91,2024,Siltara,Hourly,0,0
2024-01-10 15:00:00,9.55,21.63,19.83,11.06,63.24,17.94,64.96,277.91,0.84,11.91,2024,Siltara,Hourly,0,0
2024-01-10 16:00:00,12.48,25.3,24.1,10.35,71.82,19.47,39.11,292.7,0.87,11.91,2024,Siltara,Hourly,0,0
2024-01-10 17:00:00,11.03,19.01,19.65,11.62,93.59,19.62,62.55,289.18,0.67,11.91,2024,Siltara,Hourly,0,0
2024-01-10 18:00:00,8.11,10.37,12.46,13.46,93.59,19.62,64.89,278.45,0.55,11.91,2024,Siltara,Hourly,0,0
2024-01-10 19:00:00,12.93,29.22,24.41,15.65,61.78,19.29,64.84,276.89,0.78,11.92,2024,Siltara,Hourly,0,0
2024-01-10 20:00:00,12.42,32.14,27.51,19.28,136.08,31.36,64.85,282.02,0.97,11.91,2024,Siltara,Hourly,0,0
2024-01-10 21:00:00,17.93,35.22,33.47,15.34,173.22,106.82,64.83,275.6,0.98,11.92,2024,Siltara,Hourly,0,0
2024-01-10 22:00:00,18.63,35.01,34.1,15.32,173.22,106.82,64.79,276.23,1.09,11.92,2024,Siltara,Hourly,0,0
2024-01-10 23:00:00,16.0,14.7,21.39,17.26,137.23,48.8,64.81,279.23,0.96,11.92,2024,Siltara,Hourly,0,0
2024-01-11 01:00:00,15.92,4.43,15.91,7.13,118.96,74.09,0.53,359.72,0.85,11.91,2024,Siltara,Hourly,0,0
2024-01-11 02:00:00,16.16,4.56,16.2,7.35,118.96,74.09,0.19,298.48,0.86,11.9,2024,Siltara,Hourly,0,0
2024-01-11 03:00:00,16.14,4.74,16.23,6.93,113.73,57.16,0.32,356.76,0.86,11.91,2024,Siltara,Hourly,0,0
2024-01-11 04:00:00,15.29,4.8,15.64,5.9,83.18,37.51,0.51,34.48,0.88,11.9,2024,Siltara,Hourly,0,0
2024-01-11 05:00:00,14.88,4.75,15.28,6.67,80.34,32.56,0.71,25.58,0.83,11.91,2024,Siltara,Hourly,0,0
2024-01-11 06:00:00,14.83,4.38,14.95,7.06,37.88,15.43,0.27,213.81,0.76,11.91,2024,Siltara,Hourly,0,0
2024-01-11 07:00:00,17.11,4.42,16.91,7.21,50.15,15.43,0.23,347.63,0.76,11.92,2024,Siltara,Hourly,0,0
2024-01-11 08:00:00,17.92,5.32,17.91,6.82,68.69,27.2,0.69,86.58,0.76,11.92,2024,Siltara,Hourly,0,0
2024-01-11 09:00:00,17.71,5.59,17.99,7.15,139.09,35.5,0.7,135.88,0.81,11.91,2024,Siltara,Hourly,0,0
2024-01-11 10:00:00,18.08,5.94,18.48,6.99,152.84,65.44,0.29,173.54,1.04,11.91,2024,Siltara,Hourly,0,0
2024-01-11 11:00:00,20.4,8.11,21.17,7.91,152.84,65.44,0.41,207.58,1.39,11.91,2024,Siltara,Hourly,0,0
2024-01-11 12:00:00,19.2,21.21,24.6,8.33,138.41,63.47,1.14,340.13,1.31,11.91,2024,Siltara,Hourly,0,0
2024-01-11 13:00:00,15.06,9.2,17.12,9.89,88.58,43.92,1.45,22.36,1.16,11.91,2024,Siltara,Hourly,0,0
2024-01-11 14:00:00,13.31,7.23,14.87,9.8,80.1,32.99,1.55,78.59,1.08,11.91,2024,Siltara,Hourly,0,0
2024-01-11 15:00:00,12.45,7.03,14.5,10.3,60.35,32.99,1.06,36.74,1.02,11.91,2024,Siltara,Hourly,0,0
2024-01-11 16:00:00,11.12,9.63,14.45,10.55,65.43,27.63,0.84,38.25,0.9,11.91,2024,Siltara,Hourly,0,0
2024-01-11 17:00:00,9.22,8.15,11.24,10.11,66.26,24.91,0.75,151.67,0.82,11.91,2024,Siltara,Hourly,0,0
2024-01-11 18:00:00,9.36,5.9,11.01,9.33,66.82,20.78,0.49,359.44,0.78,11.91,2024,Siltara,Hourly,0,0
2024-01-11 19:00:00,13.09,7.4,14.43,8.63,74.91,32.7,0.4,226.49,0.77,11.91,2024,Siltara,Hourly,0,0
2024-01-11 20:00:00,13.56,5.59,14.35,7.59,74.91,32.7,0.61,216.03,0.74,11.92,2024,Siltara,Hourly,0,0
2024-01-11 21:00:00,13.85,5.2,14.69,8.37,71.22,23.95,0.35,228.22,0.74,11.91,2024,Siltara,Hourly,0,0
2024-01-11 22:00:00,14.44,5.25,15.12,9.56,111.07,36.51,0.44,227.26,0.77,11.91,2024,Siltara,Hourly,0,0
2024-01-11 23:00:00,16.44,5.54,16.87,7.76,111.07,39.62,0.4,220.02,0.79,11.91,2024,Siltara,Hourly,0,0
2024-01-12 01:00:00,28.94,21.86,35.35,7.39,61.07,34.03,1.0,98.04,1.11,11.91,2024,Siltara,Hourly,0,0
2024-01-12 02:00:00,28.29,21.41,34.75,7.28,63.94,34.24,1.16,16.69,1.06,11.91,2024,Siltara,Hourly,0,0
2024-01-12 03:00:00,25.99,20.68,32.52,7.43,49.81,25.58,1.46,19.04,0.98,11.91,2024,Siltara,Hourly,0,0
2024-01-12 04:00:00,23.38,20.47,30.2,7.51,24.43,16.74,1.81,18.62,0.9,11.92,2024,Siltara,Hourly,0,0
2024-01-12 05:00:00,22.18,20.47,29.34,7.65,24.55,12.8,1.75,28.3,0.83,11.91,2024,Siltara,Hourly,0,0
2024-01-12 06:00:00,21.64,20.38,28.88,7.3,28.87,12.72,1.86,27.74,0.77,11.91,2024,Siltara,Hourly,0,0
2024-01-12 07:00:00,21.42,20.16,28.56,7.56,49.89,12.34,1.67,29.2,0.76,11.9,2024,Siltara,Hourly,0,0
2024-01-12 08:00:00,21.6,20.28,28.71,7.65,64.53,13.71,1.35,29.89,0.79,11.91,2024,Siltara,Hourly,0,0
2024-01-12 09:00:00,24.9,20.85,31.74,7.7,90.16,19.42,1.49,31.72,0.85,11.91,2024,Siltara,Hourly,0,0
2024-01-12 10:00:00,28.87,21.41,35.49,6.87,104.47,24.01,1.62,31.93,0.89,11.91,2024,Siltara,Hourly,0,0
2024-01-12 11:00:00,30.7,22.98,37.5,6.8,107.0,25.57,1.75,43.89,0.9,11.91,2024,Siltara,Hourly,0,0
2024-01-12 12:00:00,33.11,24.45,39.56,7.75,107.12,28.27,1.24,83.71,0.94,11.9,2024,Siltara,Hourly,0,0
2024-01-12 13:00:00,31.29,23.3,38.14,7.64,103.48,34.94,1.1,63.42,1.01,11.91,2024,Siltara,Hourly,0,0
2024-01-12 14:00:00,29.13,23.25,36.26,6.46,100.09,37.03,0.68,78.56,1.01,11.91,2024,Siltara,Hourly,0,0
2024-01-12 15:00:00,26.77,22.77,34.24,8.24,92.63,34.18,1.05,90.69,1.0,11.91,2024,Siltara,Hourly,0,0
2024-01-12 16:00:00,24.61,22.52,32.27,8.17,83.31,33.33,1.54,40.42,1.0,11.91,2024,Siltara,Hourly,0,0
2024-01-12 17:00:00,24.75,22.67,32.57,8.47,71.48,32.64,1.75,44.67,1.02,11.91,2024,Siltara,Hourly,0,0
2024-01-12 18:00:00,25.42,22.82,33.18,7.94,53.79,29.61,0.55,76.95,1.01,11.91,2024,Siltara,Hourly,0,0
2024-01-12 19:00:00,27.97,22.68,35.16,7.77,48.64,28.56,0.46,71.99,0.99,11.91,2024,Siltara,Hourly,0,0
2024-01-12 20:00:00,28.23,22.63,35.34,8.37,47.01,26.8,0.79,46.13,0.97,11.91,2024,Siltara,Hourly,0,0
2024-01-12 21:00:00,26.77,21.94,33.8,8.05,42.19,23.15,0.6,74.99,0.96,11.91,2024,Siltara,Hourly,0,0
2024-01-12 22:00:00,27.33,21.87,34.22,7.15,41.18,20.58,0.96,71.96,0.94,11.91,2024,Siltara,Hourly,0,0
2024-01-12 23:00:00,27.55,21.25,34.04,6.95,41.52,20.41,1.18,31.64,0.9,11.91,2024,Siltara,Hourly,0,0
2025-01-01 01:00:00,36.27,20.39,40.61,6.16,142.28,37.77,0.41,224.23,1.34,11.93,2025,Siltara,Hourly,0,0
2025-01-01 02:00:00,33.52,20.65,38.13,5.92,131.23,37.64,0.34,223.84,1.35,11.91,2025,Siltara,Hourly,0,0
2025-01-01 03:00:00,33.4,19.68,37.88,6.77,110.28,36.68,0.32,213.39,1.37,11.91,2025,Siltara,Hourly,0,0
2025-01-01 04:00:00,36.87,20.03,40.73,6.62,191.53,36.77,0.42,351.53,1.4,11.91,2025,Siltara,Hourly,0,0
2025-01-01 05:00:00,36.11,19.82,40.19,6.46,179.87,37.56,0.2,198.34,1.39,11.91,2025,Siltara,Hourly,0,0
2025-01-01 06:00:00,35.0,19.11,38.93,6.49,133.62,37.35,0.28,210.33,1.36,11.9,2025,Siltara,Hourly,0,0
2025-01-01 07:00:00,39.94,19.68,42.89,6.21,109.59,35.62,0.22,328.27,1.4,11.91,2025,Siltara,Hourly,0,0
2025-01-01 08:00:00,43.57,22.12,47.36,6.75,109.59,39.79,1.01,38.78,1.46,11.92,2025,Siltara,Hourly,0,0
2025-01-01 09:00:00,42.24,22.04,46.26,7.29,140.64,39.93,1.6,29.56,1.47,11.92,2025,Siltara,Hourly,0,0
2025-01-01 10:00:00,37.71,21.91,42.37,6.84,154.24,42.95,1.9,29.33,1.45,11.91,2025,Siltara,Hourly,0,0
2025-01-01 11:00:00,31.39,21.61,37.25,6.75,151.89,44.11,1.78,27.83,1.37,11.91,2025,Siltara,Hourly,0,0
2025-01-01 12:00:00,24.57,20.33,31.09,6.27,130.76,43.85,1.11,23.86,1.3,11.92,2025,Siltara,Hourly,0,0
2025-01-01 13:00:00,22.8,19.94,29.58,6.66,101.34,43.02,1.28,29.4,1.23,11.91,2025,Siltara,Hourly,0,0
2025-01-01 14:00:00,21.0,19.92,27.92,6.45,114.61,42.33,1.29,347.24,1.19,11.91,2025,Siltara,Hourly,0,0
2025-01-01 15:00:00,18.23,20.2,25.58,6.22,108.18,31.01,1.38,24.7,1.15,11.91,2025,Siltara,Hourly,0,0
2025-01-01 16:00:00,14.05,20.08,22.63,5.83,107.21,35.44,1.41,10.05,1.11,11.91,2025,Siltara,Hourly,0,0
2025-01-01 17:00:00,13.21,20.07,21.95,5.85,92.55,28.8,1.08,357.68,1.07,11.91,2025,Siltara,Hourly,0,0
2025-01-01 18:00:00,14.54,19.44,22.28,5.86,94.97,29.07,0.51,226.72,1.05,11.91,2025,Siltara,Hourly,0,0
2025-01-01 19:00:00,16.18,18.76,23.65,6.68,182.27,32.36,0.38,210.26,1.06,11.91,2025,Siltara,Hourly,0,0
2025-01-01 20:00:00,18.25,17.95,24.89,6.36,155.62,29.62,0.37,217.83,1.1,11.91,2025,Siltara,Hourly,0,0
2025-01-01 21:00:00,28.63,19.17,33.85,6.48,166.42,44.71,0.46,208.97,1.21,11.91,2025,Siltara,Hourly,0,0
2025-01-01 22:00:00,39.51,19.85,42.92,6.63,197.05,44.82,0.5,214.35,1.35,11.91,2025,Siltara,Hourly,0,0
2025-01-01 23:00:00,44.94,19.92,47.17,6.28,197.05,54.68,0.31,219.17,1.45,11.91,2025,Siltara,Hourly,0,0
2025-01-02 00:15:00,39.44,29.78,48.06,8.51,238.68,87.53,0.17,224.24,0.99,11.89,2025,Siltara,Hourly,0,0
2025-01-02 00:30:00,41.19,34.87,52.13,8.45,238.68,87.53,0.19,187.26,0.99,11.9,2025,Siltara,Hourly,0,0
2025-01-02 00:45:00,41.93,32.02,51.23,8.76,238.68,87.53,0.28,232.82,1.0,11.9,2025,Siltara,Hourly,0,0
2025-01-02 01:00:00,43.86,33.48,53.54,8.57,239.03,87.73,0.37,216.71,1.01,11.91,2025,Siltara,Hourly,0,0
2025-01-02 01:15:00,46.62,31.39,54.66,7.83,254.4,93.36,0.24,223.16,1.02,11.91,2025,Siltara,Hourly,0,0
2025-01-02 01:30:00,47.5,29.68,54.47,7.6,254.4,93.36,0.11,27.57,1.04,11.91,2025,Siltara,Hourly,0,0
2025-01-02 01:45:00,48.66,29.47,55.29,7.74,254.4,93.36,0.04,162.89,1.06,11.9,2025,Siltara,Hourly,0,0
2025-01-02 02:00:00,49.78,29.45,56.18,7.95,255.98,93.28,0.12,232.3,1.07,11.91,2025,Siltara,Hourly,0,0
2025-01-02 02:15:00,50.6,29.51,56.87,7.03,325.46,89.83,0.13,160.84,1.09,11.91,2025,Siltara,Hourly,0,0
2025-01-02 02:30:00,51.63,29.44,57.66,8.19,325.46,89.83,0.42,229.5,1.12,11.91,2025,Siltara,Hourly,0,0
2025-01-02 02:45:00,53.15,29.41,58.86,8.39,325.46,89.83,0.34,229.07,1.16,11.91,2025,Siltara,Hourly,0,0
2025-01-02 03:00:00,55.08,29.71,60.57,8.16,324.55,89.75,0.35,244.8,1.21,11.92,2025,Siltara,Hourly,0,0
2025-01-02 03:15:00,56.89,29.96,62.15,7.66,284.58,86.45,0.41,243.96,1.24,11.92,2025,Siltara,Hourly,0,0
2025-01-02 03:30:00,58.1,29.88,63.07,8.1,284.58,86.45,0.39,250.42,1.26,11.9,2025,Siltara,Hourly,0,0
2025-01-02 03:45:00,58.74,29.85,63.57,7.51,284.58,86.45,0.35,241.72,1.27,11.91,2025,Siltara,Hourly,0,0
2025-01-02 04:00:00,59.19,29.73,63.87,7.54,284.31,86.39,0.4,246.16,1.28,11.93,2025,Siltara,Hourly,0,0
2025-01-02 04:15:00,59.51,29.7,64.11,7.47,272.19,83.77,0.32,241.33,1.3,11.94,2025,Siltara,Hourly,0,0
2025-01-02 04:30:00,59.33,30.28,64.27,6.57,272.19,83.77,0.29,233.11,1.3,11.91,2025,Siltara,Hourly,0,0
2025-01-02 04:45:00,59.91,30.29,64.74,7.79,272.19,83.77,0.36,240.88,1.3,11.91,2025,Siltara,Hourly,0,0
2025-01-02 05:00:00,60.67,29.89,65.14,8.22,156.49,83.64,0.24,240.38,1.29,11.9,2025,Siltara,Hourly,0,0
2025-01-02 05:15:00,60.57,30.28,65.27,7.7,156.49,77.67,0.21,244.59,1.29,11.91,2025,Siltara,Hourly,0,0
2025-01-02 05:30:00,60.33,30.19,65.03,8.11,156.49,77.67,0.27,246.06,1.29,11.9,2025,Siltara,Hourly,0,0
2025-01-02 05:45:00,60.43,29.83,64.92,7.42,156.49,77.67,0.2,193.46,1.3,11.91,2025,Siltara,Hourly,0,0
2025-01-02 06:00:00,60.0,29.77,64.54,8.17,156.49,77.7,0.24,226.36,1.31,11.92,2025,Siltara,Hourly,0,0
2025-01-02 06:15:00,59.85,29.57,64.32,6.42,238.08,79.07,0.32,226.11,1.33,11.92,2025,Siltara,Hourly,0,0
2025-01-02 06:30:00,60.27,30.47,65.13,7.26,238.08,79.07,0.38,222.12,1.36,11.91,2025,Siltara,Hourly,0,0
2025-01-02 06:45:00,63.8,30.59,68.02,7.3,238.08,79.07,0.26,234.22,1.37,11.91,2025,Siltara,Hourly,0,0
2025-01-02 07:00:00,63.92,30.08,67.85,7.86,239.31,79.29,0.23,235.88,1.38,11.9,2025,Siltara,Hourly,0,0
2025-01-02 07:15:00,64.0,29.95,67.85,7.76,293.28,88.82,0.16,209.17,1.37,11.91,2025,Siltara,Hourly,0,0
2025-01-02 07:30:00,64.24,30.14,68.14,8.39,293.28,88.82,0.21,260.77,1.39,11.91,2025,Siltara,Hourly,0,0
2025-01-02 07:45:00,65.43,30.51,69.28,7.93,293.28,88.82,0.25,232.0,1.41,11.9,2025,Siltara,Hourly,0,0
2025-01-02 08:00:00,67.8,31.13,71.51,8.03,294.39,88.82,0.21,226.11,1.43,11.91,2025,Siltara,Hourly,0,0
2025-01-02 08:15:00,70.09,31.85,73.72,8.72,343.01,177.81,0.2,227.72,1.45,11.92,2025,Siltara,Hourly,0,0
2025-01-02 08:30:00,69.75,33.02,74.06,8.35,343.01,177.81,0.37,231.19,1.48,11.91,2025,Siltara,Hourly,0,0
2025-01-02 08:45:00,65.89,33.09,71.0,7.56,343.01,177.81,0.3,225.58,1.46,11.91,2025,Siltara,Hourly,0,0
2025-01-02 09:00:00,62.17,31.42,67.15,8.42,340.35,186.8,0.28,226.65,1.43,11.9,2025,Siltara,Hourly,0,0
2025-01-02 09:15:00,56.83,30.69,62.48,8.21,223.4,185.7758536585366,0.32,219.69,1.4,11.9,2025,Siltara,Hourly,1,40
2025-01-02 09:30:00,57.0,32.75,63.69,8.0,223.4,184.75170731707317,0.36,211.43,1.4,11.91,2025,Siltara,Hourly,1,40
2025-01-02 09:45:00,54.37,31.71,61.05,7.78,223.4,183.72756097560978,0.45,218.24,1.35,11.9,2025,Siltara,Hourly,1,40
2025-01-02 10:00:00,43.79,30.14,51.74,8.17,130.58,,0.41,239.73,1.23,11.92,2025,Siltara,Hourly,1,40
2025-01-02 10:15:00,42.78,30.33,51.02,6.67,130.58,,0.25,195.34,1.31,11.91,2025,Siltara,Hourly,1,40
2025-01-02 10:30:00,40.46,28.9,48.42,8.2,130.58,,0.34,167.11,1.34,11.9,2025,Siltara,Hourly,1,40
2025-01-02 10:45:00,38.04,27.67,45.83,8.65,130.58,,0.26,204.54,1.23,11.9,2025,Siltara,Hourly,1,40
2025-01-02 11:00:00,31.29,22.26,37.59,9.21,129.77,,0.4,216.01,1.07,11.91,2025,Siltara,Hourly,1,40
2025-01-02 11:15:00,33.84,25.89,41.53,9.2,94.15,,0.36,244.56,1.08,11.9,2025,Siltara,Hourly,1,40
2025-01-02 11:30:00,29.2,24.27,36.97,9.43,94.15,,0.42,247.8,0.91,11.9,2025,Siltara,Hourly,1,40
2025-01-02 11:45:00,29.28,22.98,36.36,10.71,94.15,,0.34,225.07,0.92,11.9,2025,Siltara,Hourly,1,40
2025-01-02 12:00:00,24.3,23.76,32.78,10.71,93.79,,0.61,213.78,0.79,11.9,2025,Siltara,Hourly,1,40
2025-01-02 12:15:00,21.83,24.93,31.41,11.67,77.88,,0.48,204.33,0.72,11.91,2025,Siltara,Hourly,1,40
2025-01-02 12:30:00,23.04,21.0,30.32,12.26,77.88,,0.41,199.4,0.76,11.91,2025,Siltara,Hourly,1,40
2025-01-02 12:45:00,22.46,24.49,31.68,12.23,77.88,,0.3,224.11,0.84,11.9,2025,Siltara,Hourly,1,40
2025-01-02 13:00:00,22.64,23.31,31.2,11.61,77.8,,0.44,222.86,0.81,11.9,2025,Siltara,Hourly,1,40
2025-01-02 13:15:00,20.86,23.89,30.09,13.23,73.9,,0.38,157.63,0.75,11.9,2025,Siltara,Hourly,1,40
2025-01-02 13:30:00,21.06,26.08,31.39,13.29,73.9,,0.52,186.24,0.8,11.91,2025,Siltara,Hourly,1,40
2025-01-02 13:45:00,17.03,23.84,26.99,12.57,73.9,,0.34,245.58,0.7,11.91,2025,Siltara,Hourly,1,40
2025-01-02 14:00:00,16.86,24.59,27.24,13.85,74.24,,0.38,238.99,0.67,11.92,2025,Siltara,Hourly,1,40
2025-01-02 14:15:00,14.82,22.29,24.41,8.38,89.41,,0.28,263.13,0.62,11.91,2025,Siltara,Hourly,1,40
2025-01-02 14:30:00,13.73,21.34,23.04,14.28,89.41,,0.46,235.48,0.64,11.91,2025,Siltara,Hourly,1,40
2025-01-02 14:45:00,12.02,21.66,21.83,15.34,89.41,,0.46,236.66,0.58,11.9,2025,Siltara,Hourly,1,40
2025-01-02 15:00:00,11.35,21.23,21.07,14.72,89.04,,0.26,265.03,0.58,11.91,2025,Siltara,Hourly,1,40
2025-01-02 15:15:00,12.33,24.57,23.6,14.47,72.43,,0.19,256.99,0.58,11.9,2025,Siltara,Hourly,1,40
2025-01-02 15:30:00,14.39,27.38,27.35,14.85,72.43,,0.25,252.76,0.59,11.86,2025,Siltara,Hourly,1,40
2025-01-02 15:45:00,10.42,25.41,22.51,15.19,72.43,,0.5,272.8,0.6,11.85,2025,Siltara,Hourly,1,40
2025-01-02 16:00:00,8.25,23.5,19.77,17.19,73.46,,0.42,273.92,0.58,11.89,2025,Siltara,Hourly,1,40
2025-01-02 16:15:00,7.52,24.91,19.92,20.82,118.53,,0.67,288.41,0.66,11.89,2025,Siltara,Hourly,1,40
2025-01-02 16:30:00,8.0,23.9,19.78,18.05,118.53,,0.69,310.96,0.58,11.9,2025,Siltara,Hourly,1,40
2025-01-02 16:45:00,7.6,25.43,20.25,17.46,118.53,,0.87,302.67,0.59,11.91,2025,Siltara,Hourly,1,40
2025-01-02 17:00:00,8.43,25.25,20.83,19.18,119.68,,0.74,303.3,0.58,11.91,2025,Siltara,Hourly,1,40
2025-01-02 17:15:00,11.4,30.52,25.96,23.92,170.44,,0.34,292.25,0.83,11.91,2025,Siltara,Hourly,1,40
2025-01-02 17:30:00,9.09,29.8,23.74,23.51,170.44,,0.51,304.55,0.71,11.91,2025,Siltara,Hourly,1,40
2025-01-02 17:45:00,9.22,27.1,22.43,21.91,170.44,,0.59,311.34,0.64,11.9,2025,Siltara,Hourly,1,40
2025-01-02 18:00:00,16.35,32.68,31.06,20.65,171.05,,0.48,323.98,0.88,11.91,2025,Siltara,Hourly,1,40
2025-01-02 18:15:00,11.16,29.57,25.27,10.32,197.99,,0.59,316.46,0.67,11.91,2025,Siltara,Hourly,1,40
2025-01-02 18:30:00,27.02,33.85,40.23,15.5,197.99,,0.26,8.13,0.78,11.91,2025,Siltara,Hourly,1,40
2025-01-02 18:45:00,54.3,30.63,61.79,15.35,197.99,,0.09,38.52,0.81,11.93,2025,Siltara,Hourly,1,40
2025-01-02 19:00:00,23.64,33.79,37.48,13.36,197.99,,0.12,128.26,0.76,11.92,2025,Siltara,Hourly,1,40
2025-01-02 19:15:00,24.72,31.56,37.18,13.78,364.02,144.81,0.13,115.79,0.76,11.91,2025,Siltara,Hourly,0,0
2025-01-02 19:30:00,28.56,32.29,40.65,13.01,364.02,144.81,0.11,104.95,0.82,11.92,2025,Siltara,Hourly,0,0
2025-01-02 19:45:00,32.34,31.32,43.17,12.06,364.02,144.81,0.21,208.23,0.85,11.91,2025,Siltara,Hourly,0,0
2025-01-02 20:00:00,35.13,34.79,47.49,10.95,366.22,144.81,0.13,233.79,0.91,11.92,2025,Siltara,Hourly,0,0
2025-01-02 20:15:00,35.46,29.83,44.9,10.33,463.26,164.23,0.12,205.53,0.88,11.92,2025,Siltara,Hourly,0,0
2025-01-02 20:30:00,38.67,31.18,48.17,10.21,463.26,164.23,0.08,219.51,0.92,11.92,2025,Siltara,Hourly,0,0
2025-01-02 20:45:00,42.79,31.35,51.57,9.54,463.26,164.23,0.13,225.28,0.94,11.92,2025,Siltara,Hourly,0,0
2025-01-02 21:00:00,46.36,30.75,54.12,8.59,461.14,138.02,0.37,214.61,0.98,11.91,2025,Siltara,Hourly,0,0
2025-01-02 21:15:00,49.49,30.36,56.43,8.74,368.22,138.02,0.27,220.26,1.0,11.91,2025,Siltara,Hourly,0,0
2025-01-02 21:30:00,51.97,31.56,59.04,8.83,368.22,138.02,0.11,193.31,1.01,11.91,2025,Siltara,Hourly,0,0
2025-01-02 21:45:00,54.75,31.64,61.31,9.08,368.22,138.02,0.32,213.23,1.04,11.91,2025,Siltara,Hourly,0,0
2025-01-02 22:00:00,60.53,31.25,65.74,8.75,369.82,138.02,0.19,221.87,1.1,11.91,2025,Siltara,Hourly,0,0
2025-01-02 22:15:00,63.11,32.35,68.38,6.83,440.48,190.37,0.23,208.81,1.14,11.92,2025,Siltara,Hourly,0,0
2025-01-02 22:30:00,67.64,31.49,71.57,8.72,440.48,190.37,0.44,218.54,1.15,11.91,2025,Siltara,Hourly,0,0
2025-01-02 22:45:00,69.7,32.45,73.72,8.82,440.48,190.37,0.34,212.19,1.17,11.92,2025,Siltara,Hourly,0,0
2025-01-02 23:00:00,72.07,33.71,76.28,8.96,439.18,189.8,0.29,208.81,1.2,11.92,2025,Siltara,Hourly,0,0
2025-01-02 23:15:00,73.5,34.57,77.87,8.97,381.78,173.04,0.21,234.87,1.22,11.92,2025,Siltara,Hourly,0,0
2025-01-02 23:30:00,75.75,32.7,78.7,7.81,381.78,173.04,0.4,218.08,1.27,11.9,2025,Siltara,Hourly,0,0
2025-01-02 23:45:00,78.92,34.73,82.31,8.44,381.78,173.04,0.43,213.93,1.26,11.91,2025,Siltara,Hourly,0,0
2025-01-03 01:00:00,66.8,34.05,72.23,12.44,352.3935135135135,164.81931034482758,0.43,219.96,2.05,11.92,2025,Siltara,Hourly,1,8
2025-01-03 02:00:00,77.72,33.29,79.59,11.55,328.8843243243243,158.24275862068964,0.23,165.89,2.13,11.92,2025,Siltara,Hourly,1,8
2025-01-03 03:00:00,82.98,32.05,83.23,10.1,305.3751351351351,151.66620689655173,0.62,235.8,2.21,11.92,2025,Siltara,Hourly,1,8
2025-01-03 04:00:00,87.78,32.09,88.03,10.08,,,0.52,209.16,2.3,11.92,2025,Siltara,Hourly,1,8
2025-01-03 05:00:00,91.65,32.76,91.48,9.67,,,0.47,221.62,2.37,11.93,2025,Siltara,Hourly,1,8
2025-01-03 06:00:00,93.94,32.19,92.45,9.4,,,0.45,226.41,2.43,11.92,2025,Siltara,Hourly,1,8
2025-01-03 07:00:00,95.39,32.42,93.65,9.01,,125.36,0.46,231.38,2.49,11.92,2025,Siltara,Hourly,1,8
2025-01-03 08:00:00,94.58,33.2,93.55,9.33,,125.36,0.44,232.94,2.54,11.96,2025,Siltara,Hourly,1,8
2025-01-03 09:00:00,80.62,33.43,82.88,9.28,164.32,125.36,1.14,218.38,2.41,11.92,2025,Siltara,Hourly,0,0
2025-01-03 10:00:00,62.29,32.31,67.3,19.37,198.65,135.24,0.98,234.0,2.15,11.93,2025,Siltara,Hourly,0,0
2025-01-03 11:00:00,45.86,31.31,53.85,15.71,198.65,137.32,0.95,238.83,1.92,11.92,2025,Siltara,Hourly,0,0
2025-01-03 12:00:00,27.72,28.66,36.9,22.75,196.84,137.32,0.94,245.15,1.51,11.91,2025,Siltara,Hourly,0,0
2025-01-03 13:00:00,16.53,27.19,27.13,26.45,167.65,109.2,1.39,243.76,1.27,11.91,2025,Siltara,Hourly,0,0
2025-01-03 14:00:00,11.04,25.83,23.22,27.53,171.79,99.29,0.72,262.82,1.13,11.91,2025,Siltara,Hourly,0,0
2025-01-03 15:00:00,7.78,24.88,19.48,27.13,171.79,99.29,0.77,264.38,1.05,11.91,2025,Siltara,Hourly,0,0
2025-01-03 16:00:00,6.32,24.41,18.12,31.36,130.51,84.35,0.75,249.24,0.88,11.91,2025,Siltara,Hourly,0,0
2025-01-03 17:00:00,5.94,25.41,18.92,52.88,128.97,84.35,0.65,272.8,0.82,11.91,2025,Siltara,Hourly,0,0
2025-01-03 18:00:00,3.59,23.51,15.84,65.74,166.13,73.47,0.52,240.86,0.92,11.9,2025,Siltara,Hourly,0,0
2025-01-03 19:00:00,4.08,28.21,18.88,65.45,166.13,70.24,0.53,232.9,1.6,11.91,2025,Siltara,Hourly,0,0
2025-01-03 20:00:00,7.46,31.35,22.75,62.13,134.04,105.28,0.49,216.26,1.26,11.91,2025,Siltara,Hourly,0,0
2025-01-03 21:00:00,10.35,39.17,28.92,46.08,144.04,119.4,0.74,224.58,1.55,11.9,2025,Siltara,Hourly,0,0
2025-01-03 22:00:00,8.7,25.93,21.28,27.22,144.04,119.4,0.77,221.64,1.54,11.91,2025,Siltara,Hourly,0,0
2025-01-03 23:00:00,19.49,33.24,33.29,25.4,144.04,114.69,0.31,204.52,1.45,11.92,2025,Siltara,Hourly,0,0
2025-01-04 01:00:00,25.95,38.21,41.65,27.29,193.04,60.42,0.74,46.53,0.84,11.91,2025,Siltara,Hourly,0,0
2025-01-04 02:00:00,24.21,30.58,36.07,17.81,193.04,60.42,0.69,135.97,0.78,11.92,2025,Siltara,Hourly,0,0
2025-01-04 03:00:00,24.26,29.94,35.66,11.04,114.61,60.06,0.4,243.27,0.69,11.92,2025,Siltara,Hourly,0,0
2025-01-04 04:00:00,27.14,31.11,38.89,9.53,139.15,48.86,0.41,209.5,0.67,11.91,2025,Siltara,Hourly,0,0
2025-01-04 05:00:00,30.2,29.52,40.36,8.54,139.15,48.86,0.47,244.44,0.62,11.91,2025,Siltara,Hourly,0,0
2025-01-04 06:00:00,40.22,34.73,50.69,9.14,149.02,56.94,0.55,240.03,0.66,11.91,2025,Siltara,Hourly,0,0
2025-01-04 07:00:00,50.36,39.56,61.5,24.95,172.18,63.16,0.28,294.3,0.97,11.92,2025,Siltara,Hourly,0,0
2025-01-04 08:00:00,56.74,43.55,69.13,41.02,172.18,63.16,0.75,330.49,1.26,11.92,2025,Siltara,Hourly,0,0
2025-01-04 09:00:00,41.36,40.57,52.67,64.01,172.18,135.78,0.69,334.1,1.22,11.92,2025,Siltara,Hourly,0,0
2025-01-04 10:00:00,36.43,39.38,50.1,64.58,172.18,135.78,1.25,359.48,1.05,11.92,2025,Siltara,Hourly,0,0
2025-01-04 11:00:00,26.61,35.6,40.81,29.15,190.47,88.59,2.41,15.9,0.92,11.92,2025,Siltara,Hourly,0,0
2025-01-04 12:00:00,14.25,31.29,28.65,42.74,190.47,71.61,1.84,13.37,0.66,11.91,2025,Siltara,Hourly,0,0
2025-01-04 13:00:00,9.03,28.93,22.75,50.37,196.74,60.52,1.97,21.16,0.54,11.91,2025,Siltara,Hourly,0,0
2025-01-04 14:00:00,5.93,23.85,18.09,47.62,196.74,52.8,2.41,13.23,0.44,11.91,2025,Siltara,Hourly,0,0
2025-01-04 15:00:00,4.91,25.11,17.87,44.42,171.52,51.1,3.13,9.8,0.38,11.91,2025,Siltara,Hourly,0,0
2025-01-04 16:00:00,4.82,24.6,17.41,42.05,153.92,44.47,2.8,5.36,0.28,11.9,2025,Siltara,Hourly,0,0
2025-01-04 17:00:00,5.12,23.16,16.29,32.19,171.84,44.47,2.54,357.56,0.21,11.9,2025,Siltara,Hourly,0,0
2025-01-04 18:00:00,7.64,27.16,21.31,37.86,171.84,36.67,1.77,359.96,0.21,11.92,2025,Siltara,Hourly,0,0
2025-01-04 19:00:00,20.48,46.02,41.59,40.68,129.18,32.02,0.76,353.52,0.55,11.92,2025,Siltara,Hourly,0,0
2025-01-04 20:00:00,10.96,33.29,27.06,31.85,174.55,47.55,0.8,11.93,0.42,11.92,2025,Siltara,Hourly,0,0
2025-01-04 21:00:00,11.49,31.1,26.34,21.78,174.55,47.55,0.76,8.41,0.42,11.91,2025,Siltara,Hourly,0,0
2025-01-04 22:00:00,12.54,29.97,26.59,14.2,151.79,46.63,0.56,160.85,0.37,11.91,2025,Siltara,Hourly,0,0
2025-01-04 23:00:00,11.31,34.0,27.66,15.82,105.67,42.33,0.33,182.06,0.48,11.91,2025,Siltara,Hourly,0,0
2025-01-05 00:15:00,14.45,24.1,25.05,3.53,62.85,18.64,1.31,114.67,0.62,11.89,2025,Siltara,Hourly,0,0
2025-01-05 00:30:00,14.17,26.52,26.09,3.1,62.85,18.64,0.8,119.79,0.63,11.91,2025,Siltara,Hourly,0,0
2025-01-05 00:45:00,14.16,26.61,26.13,2.8,62.85,18.64,0.89,118.33,0.62,11.91,2025,Siltara,Hourly,0,0
2025-01-05 01:00:00,14.32,27.17,26.56,2.92,58.32,16.65,0.93,117.94,0.64,11.9,2025,Siltara,Hourly,0,0
2025-01-05 01:15:00,14.68,26.99,26.75,2.91,53.37,14.37,0.43,107.74,0.65,11.9,2025,Siltara,Hourly,0,0
2025-01-05 01:30:00,15.21,27.22,27.29,3.39,53.37,14.37,0.8,120.79,0.64,11.91,2025,Siltara,Hourly,0,0
2025-01-05 01:45:00,15.58,26.6,27.27,2.89,53.37,14.37,0.16,136.81,0.63,11.9,2025,Siltara,Hourly,0,0
2025-01-05 02:00:00,16.17,26.95,27.92,3.14,57.42,16.35,0.19,286.04,0.63,11.91,2025,Siltara,Hourly,0,0
2025-01-05 02:15:00,17.06,26.5,28.4,1.39,62.04,18.62,0.29,1.69,0.63,11.91,2025,Siltara,Hourly,0,0
2025-01-05 02:30:00,17.91,26.32,28.99,2.69,62.04,18.62,0.61,11.15,0.62,11.91,2025,Siltara,Hourly,0,0
2025-01-05 02:45:00,18.53,25.52,29.07,2.96,62.04,18.62,0.73,6.0,0.62,11.9,2025,Siltara,Hourly,0,0
2025-01-05 03:00:00,18.88,23.59,28.34,2.48,80.67,17.52,0.49,13.83,0.61,11.91,2025,Siltara,Hourly,0,0
2025-01-05 03:15:00,19.11,23.71,28.59,2.71,101.96,16.27,0.57,31.39,0.62,11.91,2025,Siltara,Hourly,0,0
2025-01-05 03:30:00,19.32,24.11,28.96,2.37,101.96,16.27,0.69,11.53,0.63,11.9,2025,Siltara,Hourly,0,0
2025-01-05 03:45:00,19.54,24.39,29.28,2.08,101.96,16.27,0.71,22.99,0.63,11.91,2025,Siltara,Hourly,0,0
2025-01-05 04:00:00,19.84,24.71,29.69,2.06,101.96,21.27,1.04,13.21,0.63,11.9,2025,Siltara,Hourly,0,0
2025-01-05 04:15:00,20.29,24.83,30.12,2.02,223.2,26.98,0.84,17.98,0.64,11.9,2025,Siltara,Hourly,0,0
2025-01-05 04:30:00,20.64,24.88,30.42,2.49,223.2,26.98,1.29,11.73,0.65,11.89,2025,Siltara,Hourly,0,0
2025-01-05 04:45:00,20.9,24.92,30.65,2.56,223.2,26.98,0.96,6.35,0.67,11.91,2025,Siltara,Hourly,0,0
2025-01-05 05:00:00,21.15,24.92,30.85,1.76,76.14,26.1,0.95,5.49,0.67,11.9,2025,Siltara,Hourly,0,0
2025-01-05 05:15:00,21.47,25.05,31.18,1.71,76.14,25.1,1.34,22.78,0.68,11.9,2025,Siltara,Hourly,0,0
2025-01-05 05:30:00,21.62,24.96,31.26,2.19,76.14,25.1,1.32,37.85,0.7,11.9,2025,Siltara,Hourly,0,0
2025-01-05 05:45:00,21.61,25.28,31.41,1.95,76.14,25.1,0.85,60.62,0.71,11.9,2025,Siltara,Hourly,0,0
2025-01-05 06:00:00,21.77,25.54,31.67,1.51,94.91,23.93,0.53,99.34,0.72,11.9,2025,Siltara,Hourly,0,0
2025-01-05 06:15:00,22.36,25.85,32.3,0.81,116.36,22.6,0.89,59.64,0.71,11.9,2025,Siltara,Hourly,0,0
2025-01-05 06:30:00,22.66,25.72,32.48,1.53,116.36,22.6,0.77,66.17,0.7,11.9,2025,Siltara,Hourly,0,0
2025-01-05 06:45:00,22.59,25.75,32.45,1.25,116.36,22.6,0.77,63.18,0.7,11.9,2025,Siltara,Hourly,0,0
2025-01-05 07:00:00,22.86,25.85,32.71,0.43,96.41,22.61,0.47,74.47,0.71,11.9,2025,Siltara,Hourly,0,0
2025-01-05 07:15:00,23.43,25.7,33.09,1.25,74.61,22.61,0.53,96.4,0.71,11.9,2025,Siltara,Hourly,0,0
2025-01-05 07:30:00,23.77,25.53,33.27,1.02,74.61,22.61,0.7,106.18,0.71,11.89,2025,Siltara,Hourly,0,0
2025-01-05 07:45:00,23.69,25.25,33.06,1.44,74.61,22.61,0.76,117.3,0.72,11.9,2025,Siltara,Hourly,0,0
2025-01-05 08:00:00,23.34,25.68,33.01,1.54,70.2,24.08,0.68,118.86,0.7,11.9,2025,Siltara,Hourly,0,0
2025-01-05 08:15:00,23.12,25.22,32.59,1.45,65.17,25.76,0.47,94.82,0.7,11.9,2025,Siltara,Hourly,0,0
2025-01-05 08:30:00,22.97,25.1,32.41,1.67,65.17,25.76,0.52,89.16,0.69,11.91,2025,Siltara,Hourly,0,0
2025-01-05 08:45:00,23.13,21.49,30.65,2.34,65.17,25.76,0.65,79.27,0.69,11.91,2025,Siltara,Hourly,0,0
2025-01-05 09:00:00,22.83,21.07,30.19,3.32,63.57,24.62,0.6,196.42,0.66,11.91,2025,Siltara,Hourly,0,0
2025-01-05 09:15:00,22.27,22.33,30.4,5.42,61.75,23.31,0.44,156.26,0.7,11.9,2025,Siltara,Hourly,0,0
2025-01-05 09:30:00,21.68,22.81,30.18,6.27,61.75,23.31,0.61,124.3,0.7,11.91,2025,Siltara,Hourly,0,0
2025-01-05 09:45:00,21.0,23.24,29.86,6.13,61.75,23.31,0.56,180.57,0.71,11.92,2025,Siltara,Hourly,0,0
2025-01-05 10:00:00,20.16,23.83,29.49,6.03,55.36,22.89,0.59,174.06,0.71,11.9,2025,Siltara,Hourly,0,0
2025-01-05 10:15:00,19.34,25.14,29.52,3.43,48.05,22.41,0.71,196.72,0.7,11.91,2025,Siltara,Hourly,0,0
2025-01-05 10:30:00,18.37,24.73,28.52,7.7,48.05,22.41,0.71,218.36,0.68,11.91,2025,Siltara,Hourly,0,0
2025-01-05 10:45:00,17.35,26.13,28.44,8.31,48.05,22.41,0.89,207.15,0.66,11.9,2025,Siltara,Hourly,0,0
2025-01-05 11:00:00,16.27,26.44,27.74,7.98,46.91,22.51,1.06,215.95,0.66,11.9,2025,Siltara,Hourly,0,0
2025-01-05 11:15:00,15.43,26.7,27.2,8.32,45.59,22.62,0.58,199.35,0.65,11.9,2025,Siltara,Hourly,0,0
2025-01-05 11:30:00,14.48,27.38,26.79,8.55,45.59,22.62,0.81,199.99,0.62,11.89,2025,Siltara,Hourly,0,0
2025-01-05 11:45:00,13.56,27.37,26.05,9.51,45.59,22.62,0.7,206.82,0.64,11.9,2025,Siltara,Hourly,0,0
2025-01-05 12:00:00,13.05,24.26,24.02,12.32,51.85,21.84,0.96,61.57,0.67,11.91,2025,Siltara,Hourly,0,0
2025-01-05 12:15:00,13.15,24.4,24.17,11.22,59.0,20.94,0.61,12.54,0.72,11.9,2025,Siltara,Hourly,0,0
2025-01-05 12:30:00,13.52,27.54,26.11,14.35,59.0,20.94,0.49,314.42,0.73,11.9,2025,Siltara,Hourly,0,0
2025-01-05 12:45:00,13.61,29.65,27.28,14.58,59.0,20.94,0.13,46.85,0.68,11.91,2025,Siltara,Hourly,0,0
2025-01-05 13:00:00,13.55,29.22,27.01,15.04,79.7,21.81,0.25,185.29,0.7,11.91,2025,Siltara,Hourly,0,0
2025-01-05 13:15:00,13.3,29.71,27.06,14.36,103.36,22.75,0.58,258.2,0.73,11.91,2025,Siltara,Hourly,0,0
2025-01-05 13:30:00,12.85,29.74,26.71,14.24,103.36,22.75,0.83,221.4,0.75,11.9,2025,Siltara,Hourly,0,0
2025-01-05 13:45:00,12.33,27.94,25.35,7.29,103.36,22.75,0.41,183.55,0.74,11.9,2025,Siltara,Hourly,0,0
2025-01-05 14:00:00,11.74,29.46,25.68,12.42,94.84,22.79,0.57,129.21,0.76,11.91,2025,Siltara,Hourly,0,0
2025-01-05 14:15:00,11.29,30.26,25.74,3.49,85.52,22.83,0.65,226.04,0.74,11.9,2025,Siltara,Hourly,0,0
2025-01-05 14:30:00,10.82,30.37,25.42,11.76,85.52,22.83,0.48,279.21,0.78,11.91,2025,Siltara,Hourly,0,0
2025-01-05 14:45:00,10.37,29.61,24.66,14.11,85.52,22.83,0.87,215.39,0.81,11.89,2025,Siltara,Hourly,0,0
2025-01-05 15:00:00,9.5,27.35,22.78,18.28,75.76,23.63,0.44,284.96,0.85,11.9,2025,Siltara,Hourly,0,0
2025-01-05 15:15:00,8.74,27.13,22.06,18.85,64.61,24.54,0.51,77.37,0.81,11.9,2025,Siltara,Hourly,0,0
2025-01-05 15:30:00,7.84,27.35,21.45,20.06,64.61,24.54,0.63,203.02,0.82,11.91,2025,Siltara,Hourly,0,0
2025-01-05 15:45:00,7.15,27.38,20.91,22.17,64.61,24.54,0.65,172.83,0.83,11.91,2025,Siltara,Hourly,0,0
2025-01-05 16:00:00,6.78,28.75,21.33,21.64,71.34,24.3,0.39,189.26,0.76,11.91,2025,Siltara,Hourly,0,0
2025-01-05 16:15:00,6.6,28.08,20.84,22.97,79.03,24.03,0.57,49.61,0.8,11.91,2025,Siltara,Hourly,0,0
2025-01-05 16:30:00,6.87,29.22,21.65,20.57,79.03,24.03,2.48,308.71,0.8,11.9,2025,Siltara,Hourly,0,0
2025-01-05 16:45:00,7.13,29.52,22.02,14.1,79.03,24.03,3.27,322.71,0.73,11.9,2025,Siltara,Hourly,0,0
2025-01-05 17:00:00,6.4,28.86,21.08,12.01,0.0,31.3,7.59,0.0,0.62,11.91,2025,Siltara,Hourly,0,0
2025-01-05 17:15:00,6.273333333333333,28.531666666666666,20.801666666666666,11.251666666666667,38.921818181818175,31.224545454545456,7.0,8.927272727272728,0.600909090909091,11.909285714285714,2025,Siltara,Hourly,1,20
2025-01-05 17:30:00,6.1466666666666665,28.203333333333333,20.523333333333333,10.493333333333332,77.84363636363635,31.14909090909091,6.41,17.854545454545455,0.5818181818181818,11.90857142857143,2025,Siltara,Hourly,1,20
2025-01-05 17:45:00,6.0200000000000005,27.875,20.244999999999997,9.735,116.76545454545453,31.073636363636364,5.82,26.781818181818185,0.5627272727272727,11.907857142857143,2025,Siltara,Hourly,1,20
2025-01-05 18:00:00,,,,,,,,,,,2025,Siltara,Hourly,1,20
2025-01-05 18:15:00,,,,,,,,,,,2025,Siltara,Hourly,1,20
2025-01-05 18:30:00,,,,,,,,,,,2025,Siltara,Hourly,1,20
2025-01-05 18:45:00,,,,,,,,,,,2025,Siltara,Hourly,1,20
2025-01-05 19:00:00,,,,,,,,,,,2025,Siltara,Hourly,1,20
2025-01-05 19:15:00,,,,,,,,,,,2025,Siltara,Hourly,1,20
2025-01-05 19:30:00,,,,,,,,,,,2025,Siltara,Hourly,1,20
2025-01-05 19:45:00,,,,,428.14,30.47,1.1,98.2,0.41,,2025,Siltara,Hourly,1,20
2025-01-05 20:00:00,4.88,24.92,17.74,2.91,345.1,25.39,0.9,196.81,0.33,,2025,Siltara,Hourly,1,20
2025-01-05 20:15:00,5.76,28.83,20.56,2.2350000000000003,262.06,22.205000000000002,1.47,211.45,0.38,,2025,Siltara,Hourly,1,20
2025-01-05 20:30:00,5.77,30.58,21.47,1.56,179.01999999999998,19.02,1.95,210.45,0.31,11.9,2025,Siltara,Hourly,1,20
2025-01-05 20:45:00,5.53,29.42,20.68,1.58,,15.835,1.03,195.44,0.4,11.89,2025,Siltara,Hourly,1,20
2025-01-05 21:00:00,5.58,28.84,20.41,1.6,12.94,12.65,1.11,205.59,0.32,11.89,2025,Siltara,Hourly,1,20
2025-01-05 21:15:00,5.66,28.26,20.18,1.62,27.72,27.11,1.31,201.98,0.27,11.9,2025,Siltara,Hourly,1,20
2025-01-05 21:30:00,5.59,27.51,19.74,,27.72,27.11,1.3,210.19,0.26,11.89,2025,Siltara,Hourly,1,20
2025-01-05 21:45:00,5.63,27.11,19.56,,27.72,27.11,1.48,213.66,0.3,11.89,2025,Siltara,Hourly,1,20
2025-01-05 22:00:00,5.69,27.02,19.55,,33.7,24.32,1.09,209.4,0.34,11.9,2025,Siltara,Hourly,1,20
2025-01-05 22:15:00,5.8,26.8,19.53,1.7,40.53,21.12,1.22,212.77,0.32,11.9,2025,Siltara,Hourly,0,0
2025-01-05 22:30:00,6.07,26.56,19.61,3.76,40.53,21.12,0.85,212.1,0.39,11.89,2025,Siltara,Hourly,0,0
2025-01-05 22:45:00,6.23,26.42,19.67,3.49,40.53,21.12,0.88,205.74,0.37,11.89,2025,Siltara,Hourly,0,0
2025-01-05 23:00:00,6.32,26.11,19.58,3.0,32.75,19.5,0.75,236.36,0.34,11.9,2025,Siltara,Hourly,0,0
2025-01-05 23:15:00,6.58,25.64,19.54,2.91,23.86,17.65,1.03,234.49,0.34,11.9,2025,Siltara,Hourly,0,0
2025-01-05 23:30:00,6.91,23.21,18.54,2.46,23.86,17.65,0.11,226.76,0.32,11.9,2025,Siltara,Hourly,0,0
2025-01-05 23:45:00,7.37,23.76,19.2,1.48,23.86,17.65,0.18,171.4,0.31,11.9,2025,Siltara,Hourly,0,0
2025-01-06 00:15:00,14.47,7.72,16.52,11.57,155.44,76.97,1.25,6.74,0.81,11.9,2025,Siltara,Hourly,0,0
2025-01-06 00:30:00,14.8,8.27,17.06,12.02,409.29,92.67,1.13,7.88,0.73,11.91,2025,Siltara,Hourly,0,0
2025-01-06 00:45:00,14.82,8.03,16.95,11.22,409.29,92.67,0.53,23.11,0.71,11.91,2025,Siltara,Hourly,0,0
2025-01-06 01:00:00,14.75,7.83,16.79,9.2,409.29,92.67,0.17,201.7,0.66,11.91,2025,Siltara,Hourly,0,0
2025-01-06 01:15:00,14.73,7.75,16.73,8.54,42.89,54.77,0.24,203.12,0.65,11.91,2025,Siltara,Hourly,0,0
2025-01-06 01:30:00,14.93,7.8,16.92,7.63,42.89,24.04,0.18,229.26,0.64,11.9,2025,Siltara,Hourly,0,0
2025-01-06 01:45:00,15.62,7.1,17.11,7.55,42.89,24.04,0.33,200.67,0.56,11.9,2025,Siltara,Hourly,0,0
2025-01-06 02:00:00,16.68,6.33,17.56,6.76,42.89,24.04,0.38,216.94,0.62,11.9,2025,Siltara,Hourly,0,0
2025-01-06 02:15:00,17.88,6.24,18.47,3.34,68.33,24.62,0.2,219.89,0.64,11.9,2025,Siltara,Hourly,0,0
2025-01-06 02:30:00,18.74,6.77,19.44,5.73,103.16,25.1,0.25,211.04,0.64,11.9,2025,Siltara,Hourly,0,0
2025-01-06 02:45:00,19.3,6.76,19.88,5.54,103.16,25.1,0.4,216.47,0.66,11.91,2025,Siltara,Hourly,0,0
2025-01-06 03:00:00,19.61,6.61,20.05,5.56,103.16,25.1,0.38,205.24,0.71,11.91,2025,Siltara,Hourly,0,0
2025-01-06 03:15:00,19.77,6.54,20.14,5.79,105.99,41.63,0.34,212.23,0.68,11.91,2025,Siltara,Hourly,0,0
2025-01-06 03:30:00,19.89,6.81,20.38,5.07,109.86,55.03,0.29,206.91,0.66,11.9,2025,Siltara,Hourly,0,0
2025-01-06 03:45:00,19.98,6.91,20.5,5.45,109.86,55.03,0.28,219.08,0.61,11.9,2025,Siltara,Hourly,0,0
2025-01-06 04:00:00,20.0,6.76,20.45,4.98,109.86,55.03,0.25,220.51,0.67,11.9,2025,Siltara,Hourly,0,0
2025-01-06 04:15:00,20.2,6.57,20.5,4.45,114.73,63.18,0.36,216.8,0.66,11.91,2025,Siltara,Hourly,0,0
2025-01-06 04:30:00,20.55,8.51,21.8,5.22,121.7,69.78,0.49,224.03,0.72,11.9,2025,Siltara,Hourly,0,0
2025-01-06 04:45:00,21.06,9.91,22.94,4.95,121.7,69.78,0.63,218.91,0.73,11.91,2025,Siltara,Hourly,0,0
2025-01-06 05:00:00,21.81,9.77,23.47,5.67,121.7,69.78,0.88,219.88,0.77,11.91,2025,Siltara,Hourly,0,0
2025-01-06 05:15:00,22.92,9.58,24.26,5.4,121.7,101.66,0.89,220.3,0.78,11.92,2025,Siltara,Hourly,0,0
2025-01-06 05:30:00,23.43,9.58,24.67,6.4,216.17,127.5,0.69,223.43,0.78,11.91,2025,Siltara,Hourly,0,0
2025-01-06 05:45:00,23.36,9.26,24.45,6.27,216.17,127.5,0.35,235.4,0.78,11.91,2025,Siltara,Hourly,0,0
2025-01-06 06:00:00,23.17,9.43,24.38,5.73,216.17,127.5,0.45,226.35,0.8,11.9,2025,Siltara,Hourly,0,0
2025-01-06 06:15:00,23.09,9.45,24.33,3.88,116.09,103.7,0.76,224.0,0.81,11.9,2025,Siltara,Hourly,0,0
2025-01-06 06:30:00,23.21,9.28,24.33,7.39,116.09,52.69,0.88,221.77,0.81,11.9,2025,Siltara,Hourly,0,0
2025-01-06 06:45:00,23.25,9.26,24.36,7.83,116.09,52.69,0.44,227.45,0.85,11.91,2025,Siltara,Hourly,0,0
2025-01-06 07:00:00,23.57,9.17,24.57,8.5,116.09,52.69,0.45,213.31,0.85,11.91,2025,Siltara,Hourly,0,0
2025-01-06 07:15:00,24.16,9.34,25.13,9.77,116.09,95.13,0.55,221.79,0.87,11.91,2025,Siltara,Hourly,0,0
2025-01-06 07:30:00,24.81,9.15,25.55,11.56,208.9,129.54,0.56,215.38,0.86,11.92,2025,Siltara,Hourly,0,0
2025-01-06 07:45:00,25.35,7.92,25.34,16.3,208.9,129.54,0.56,221.76,0.84,11.9,2025,Siltara,Hourly,0,0
2025-01-06 08:00:00,25.28,6.57,24.57,14.37,208.9,129.54,0.87,220.51,0.84,11.91,2025,Siltara,Hourly,0,0
2025-01-06 08:15:00,24.82,6.92,24.39,12.49,136.96,123.44,0.42,238.51,0.8,11.9,2025,Siltara,Hourly,0,0
2025-01-06 08:30:00,24.29,7.11,24.07,11.67,136.96,118.5,0.6,232.85,0.78,11.91,2025,Siltara,Hourly,0,0
2025-01-06 08:45:00,23.76,6.33,23.23,14.35,136.96,118.5,0.44,256.18,0.76,11.9,2025,Siltara,Hourly,0,0
2025-01-06 09:00:00,23.09,6.68,22.88,14.26,136.96,118.5,0.56,241.91,0.7,11.91,2025,Siltara,Hourly,0,0
2025-01-06 09:15:00,22.33,6.53,22.19,12.65,132.67,123.75,0.49,253.72,0.74,11.91,2025,Siltara,Hourly,0,0
2025-01-06 09:30:00,21.59,7.06,21.87,14.1,126.79,128.02,0.48,239.03,0.71,11.91,2025,Siltara,Hourly,0,0
2025-01-06 09:45:00,20.91,6.09,20.82,15.47,126.79,128.02,0.52,253.05,0.7,11.91,2025,Siltara,Hourly,0,0
2025-01-06 10:00:00,19.92,6.95,20.48,12.76,126.79,128.02,0.41,260.59,0.68,11.9,2025,Siltara,Hourly,0,0
2025-01-06 10:15:00,19.26,5.95,19.43,4.35,123.85,119.4,0.57,242.08,0.68,11.9,2025,Siltara,Hourly,0,0
2025-01-06 10:30:00,18.37,7.49,19.52,11.44,119.81,112.4,0.59,311.63,0.71,11.9,2025,Siltara,Hourly,0,0
2025-01-06 10:45:00,17.79,7.6,19.11,15.68,119.81,112.4,0.5,252.23,0.64,11.91,2025,Siltara,Hourly,0,0
2025-01-06 11:00:00,17.14,7.57,18.57,16.17,119.81,112.4,0.53,258.54,0.62,11.91,2025,Siltara,Hourly,0,0
2025-01-06 11:15:00,16.5,7.48,18.01,14.38,122.37,118.0,0.65,241.55,0.56,11.91,2025,Siltara,Hourly,0,0
2025-01-06 11:30:00,15.97,7.59,17.64,13.56,125.87,122.54,0.96,227.58,0.57,11.91,2025,Siltara,Hourly,0,0
2025-01-06 11:45:00,15.33,7.6,17.14,13.68,125.87,122.54,1.07,231.39,0.56,11.9,2025,Siltara,Hourly,0,0
2025-01-06 12:00:00,14.64,7.43,16.49,11.83,125.87,122.54,0.89,244.35,0.54,11.9,2025,Siltara,Hourly,0,0
2025-01-06 12:15:00,14.06,7.36,15.99,11.25,142.2,120.73,1.04,235.77,0.5,11.9,2025,Siltara,Hourly,0,0
2025-01-06 12:30:00,13.55,7.86,15.85,11.48,164.53,116.87,1.08,232.79,0.5,11.9,2025,Siltara,Hourly,0,0
2025-01-06 12:45:00,13.02,7.87,15.43,12.97,164.53,116.87,0.98,235.9,0.46,11.91,2025,Siltara,Hourly,0,0
2025-01-06 13:00:00,12.64,7.78,15.07,13.85,164.53,116.87,0.77,233.88,0.48,11.9,2025,Siltara,Hourly,0,0
2025-01-06 13:15:00,12.21,7.81,14.75,15.0,160.48,115.88,0.78,245.09,0.42,11.9,2025,Siltara,Hourly,0,0
2025-01-06 13:30:00,11.94,7.65,14.45,14.43,154.93,115.08,0.9,232.54,0.42,11.9,2025,Siltara,Hourly,0,0
2025-01-06 13:45:00,11.86,6.87,13.97,8.96,154.93,115.08,0.99,229.23,0.42,11.9,2025,Siltara,Hourly,0,0
2025-01-06 14:00:00,11.98,5.97,13.6,15.41,154.93,115.08,0.87,231.03,0.38,11.91,2025,Siltara,Hourly,0,0
2025-01-06 14:15:00,12.01,7.18,14.25,7.69,142.09,114.28,0.91,235.63,0.41,11.91,2025,Siltara,Hourly,0,0
2025-01-06 14:30:00,11.93,5.89,13.52,14.88,124.53,113.63,1.12,228.34,0.39,11.9,2025,Siltara,Hourly,0,0
2025-01-06 14:45:00,11.64,6.47,13.59,11.84,124.53,113.63,0.86,232.52,0.4,11.9,2025,Siltara,Hourly,0,0
2025-01-06 15:00:00,11.42,6.81,13.59,14.33,124.53,113.63,1.09,236.5,0.36,11.9,2025,Siltara,Hourly,0,0
2025-01-06 15:15:00,11.22,5.97,13.0,12.21,118.29,108.95,0.93,240.17,0.36,11.9,2025,Siltara,Hourly,0,0
2025-01-06 15:30:00,11.1,7.54,13.72,13.17,109.75,105.16,1.16,233.92,0.37,11.89,2025,Siltara,Hourly,0,0
2025-01-06 15:45:00,11.06,6.05,12.9,15.14,109.75,105.16,1.11,228.66,0.37,11.9,2025,Siltara,Hourly,0,0
2025-01-06 16:00:00,11.09,7.62,13.75,15.08,109.75,105.16,0.75,234.81,0.39,11.9,2025,Siltara,Hourly,0,0
2025-01-06 16:15:00,11.27,6.63,13.38,22.28,125.46,108.91,0.96,227.32,0.41,11.9,2025,Siltara,Hourly,0,0
2025-01-06 16:30:00,11.35,9.69,15.04,21.44,146.96,111.95,0.79,233.71,0.41,11.9,2025,Siltara,Hourly,0,0
2025-01-06 16:45:00,11.29,10.26,15.29,28.23,146.96,111.95,1.23,228.51,0.4,11.9,2025,Siltara,Hourly,0,0
2025-01-06 17:00:00,11.09,10.43,15.22,29.34,146.96,111.95,0.7,229.28,0.39,11.91,2025,Siltara,Hourly,0,0
2025-01-06 17:15:00,11.04,10.09,15.0,29.3,151.13,113.96,0.66,236.6,0.41,11.91,2025,Siltara,Hourly,0,0
2025-01-06 17:30:00,11.0,10.1,14.97,38.43,156.84,115.6,0.87,229.53,0.42,11.9,2025,Siltara,Hourly,0,0
2025-01-06 17:45:00,11.0,9.77,14.8,30.84,156.84,115.6,0.74,230.58,0.45,11.9,2025,Siltara,Hourly,0,0
2025-01-06 18:00:00,10.95,9.84,14.8,29.56,156.84,115.6,0.94,226.9,0.45,11.9,2025,Siltara,Hourly,0,0
2025-01-06 18:15:00,10.96,9.87,14.82,16.3,157.08,110.26,0.96,229.68,0.5,11.9,2025,Siltara,Hourly,0,0
2025-01-06 18:30:00,11.02,10.13,15.01,41.03,157.42,98.83,1.25,224.8,0.47,11.9,2025,Siltara,Hourly,0,0
2025-01-06 18:45:00,10.93,10.07,14.9,28.96,157.42,98.83,1.38,224.29,0.44,11.89,2025,Siltara,Hourly,0,0
2025-01-06 19:00:00,10.8,9.66,14.58,21.17,157.42,98.83,1.38,223.73,0.42,11.9,2025,Siltara,Hourly,0,0
2025-01-06 19:15:00,10.59,9.81,14.49,16.44,140.76,89.22,1.27,223.58,0.41,11.91,2025,Siltara,Hourly,0,0
2025-01-06 19:30:00,10.67,9.52,14.4,20.51,117.96,81.44,1.17,223.42,0.45,11.92,2025,Siltara,Hourly,0,0
2025-01-06 19:45:00,10.94,7.99,13.82,29.96,117.96,81.44,1.23,221.54,0.49,11.91,2025,Siltara,Hourly,0,0
2025-01-06 20:00:00,11.23,8.74,14.44,25.49,117.96,81.44,1.27,219.65,0.51,11.9,2025,Siltara,Hourly,0,0
2025-01-06 20:15:00,11.55,8.7,14.68,25.74,115.07,72.87,1.01,219.64,0.53,11.91,2025,Siltara,Hourly,0,0
2025-01-06 20:30:00,11.83,8.7,14.9,22.42,111.12,65.93,0.95,223.6,0.48,11.9,2025,Siltara,Hourly,0,0
2025-01-06 20:45:00,11.99,8.66,15.01,18.32,111.12,65.93,1.06,223.02,0.5,11.89,2025,Siltara,Hourly,0,0
2025-01-06 21:00:00,12.11,8.71,15.13,16.91,111.12,65.93,1.2,223.34,0.53,11.89,2025,Siltara,Hourly,0,0
2025-01-06 21:15:00,12.29,8.76,15.31,15.93,115.1,78.18,1.33,221.52,0.56,11.9,2025,Siltara,Hourly,0,0
2025-01-06 21:30:00,12.49,8.83,15.5,15.88,120.55,88.11,1.0,224.01,0.56,11.91,2025,Siltara,Hourly,0,0
2025-01-06 21:45:00,12.63,8.92,15.67,18.53,120.55,88.11,1.14,221.63,0.57,11.91,2025,Siltara,Hourly,0,0
2025-01-06 22:00:00,12.88,8.97,15.89,21.51,120.55,88.11,1.15,222.48,0.53,11.91,2025,Siltara,Hourly,0,0
2025-01-06 22:15:00,13.07,9.43,16.28,8.75,124.19,85.43,1.11,223.09,0.55,11.92,2025,Siltara,Hourly,0,0
2025-01-06 22:30:00,13.28,10.33,16.92,16.81,129.17,83.31,1.05,217.92,0.55,11.91,2025,Siltara,Hourly,0,0
2025-01-06 22:45:00,13.43,10.47,17.11,19.93,129.17,83.31,0.97,218.93,0.57,11.91,2025,Siltara,Hourly,0,0
2025-01-06 23:00:00,13.58,10.5,17.25,19.85,129.17,83.31,0.99,221.04,0.58,11.9,2025,Siltara,Hourly,0,0
2025-01-06 23:15:00,13.8,10.51,17.43,18.4,126.42,82.32,1.03,222.92,0.58,11.9,2025,Siltara,Hourly,0,0
2025-01-06 23:30:00,14.14,10.53,17.71,18.37,122.65,81.52,1.14,221.62,0.6,11.9,2025,Siltara,Hourly,0,0
2025-01-06 23:45:00,14.39,10.3,17.8,16.89,122.65,81.52,0.69,229.6,0.61,11.9,2025,Siltara,Hourly,0,0
2025-01-07 00:15:00,42.3,16.92,43.54,3.63,105.022,8.11,0.76,230.51,0.44,11.882916666666667,2025,Siltara,Hourly,1,46
2025-01-07 00:30:00,43.11666666666667,13.580000000000002,42.48,3.8175,96.208,11.41,0.8,231.20333333333332,0.47333333333333333,11.874375,2025,Siltara,Hourly,1,46
2025-01-07 00:45:00,43.93333333333333,10.24,41.42,4.005,87.394,14.71,0.84,231.89666666666668,0.5066666666666667,11.865833333333335,2025,Siltara,Hourly,1,46
2025-01-07 01:00:00,44.75,6.9,40.36,4.1925,78.58,18.01,0.88,232.59,0.54,,2025,Siltara,Hourly,1,46
2025-01-07 01:15:00,45.74,17.48,46.69,4.38,78.58,18.66,0.94,230.76,0.43,,2025,Siltara,Hourly,1,46
2025-01-07 01:30:00,43.29333333333334,16.713333333333335,44.32666666666667,4.319999999999999,77.21666666666667,13.77,0.8933333333333333,226.57999999999998,0.4633333333333333,,2025,Siltara,Hourly,1,46
2025-01-07 01:45:00,40.846666666666664,15.946666666666667,41.96333333333333,4.26,75.85333333333332,8.879999999999999,0.8466666666666667,222.4,0.4966666666666667,,2025,Siltara,Hourly,1,46
2025-01-07 02:00:00,38.4,15.18,39.6,4.199999999999999,74.49,3.99,0.8,218.22,0.53,,2025,Siltara,Hourly,1,46
2025-01-07 02:15:00,44.84,18.72,46.61,4.14,74.49,3.08,0.84,216.13,0.42,,2025,Siltara,Hourly,1,46
2025-01-07 02:30:00,44.64333333333334,17.596666666666664,45.86666666666667,6.503333333333333,75.16499999999999,3.08,0.94,218.98000000000002,0.32999999999999996,,2025,Siltara,Hourly,1,46
2025-01-07 02:45:00,44.446666666666665,16.473333333333333,45.123333333333335,8.866666666666667,75.84,3.08,1.04,221.83,0.24,,2025,Siltara,Hourly,1,46
2025-01-07 03:00:00,44.25,15.35,44.38,11.23,70.96,17.8,0.76,234.1,0.4,,2025,Siltara,Hourly,1,46
2025-01-07 03:15:00,44.13,17.14,45.22,3.3,70.52666666666666,17.8,0.59,234.61,0.29,,2025,Siltara,Hourly,1,46
2025-01-07 03:30:00,44.00333333333334,16.61,44.843333333333334,6.463333333333333,70.09333333333333,17.8,0.78,228.685,0.28,,2025,Siltara,Hourly,1,46
2025-01-07 03:45:00,43.876666666666665,16.080000000000002,44.46666666666667,9.626666666666665,69.66,17.8,0.97,222.76,0.27,,2025,Siltara,Hourly,1,46
2025-01-07 04:00:00,43.75,15.55,44.09,12.79,83.18,6.73,0.8,223.95,0.42,,2025,Siltara,Hourly,1,46
2025-01-07 04:15:00,45.67,17.38,46.58,3.38,83.18,6.73,0.68,227.09,0.32,,2025,Siltara,Hourly,1,46
2025-01-07 04:30:00,45.70333333333333,17.82,46.836666666666666,6.816666666666666,84.22,6.73,0.69,230.73,0.30000000000000004,,2025,Siltara,Hourly,1,46
2025-01-07 04:45:00,45.73666666666667,18.259999999999998,47.093333333333334,10.253333333333332,85.26,6.73,0.7,234.37,0.28,,2025,Siltara,Hourly,1,46
2025-01-07 05:00:00,45.77,18.7,47.35,13.69,168.32,35.89,0.96,222.93,0.57,,2025,Siltara,Hourly,1,46
2025-01-07 05:15:00,47.53,18.68,48.75,3.71,170.65666666666667,35.89,0.83,223.74,0.5,,2025,Siltara,Hourly,1,46
2025-01-07 05:30:00,48.373333333333335,18.46,49.3,3.763333333333333,172.99333333333334,35.89,0.94,220.00500000000002,0.47,,2025,Siltara,Hourly,1,46
2025-01-07 05:45:00,49.21666666666667,18.24,49.85,3.816666666666667,175.33,35.89,1.05,216.27,0.44,,2025,Siltara,Hourly,1,46
2025-01-07 06:00:00,50.06,18.02,50.4,3.87,87.84,48.16,0.86,226.63,0.56,,2025,Siltara,Hourly,1,46
2025-01-07 06:15:00,51.55,19.64,52.48,3.46,87.84,48.16,1.03,222.07,0.51,,2025,Siltara,Hourly,1,46
2025-01-07 06:30:00,52.55,19.64,53.28,3.4033333333333333,84.15,48.16,0.8400000000000001,231.595,0.445,,2025,Siltara,Hourly,1,46
2025-01-07 06:45:00,53.55,19.64,54.08,3.3466666666666667,80.46,48.16,0.65,241.12,0.38,,2025,Siltara,Hourly,1,46
2025-01-07 07:00:00,54.55,19.64,54.88,3.29,127.06,44.47,0.67,230.67,0.55,,2025,Siltara,Hourly,1,46
2025-01-07 07:15:00,54.16,20.96,55.25,3.21,127.06,44.47,0.57,211.57,0.51,,2025,Siltara,Hourly,1,46
2025-01-07 07:30:00,54.46,19.526666666666667,54.74333333333333,6.083333333333334,129.025,44.47,0.635,217.7,0.42500000000000004,,2025,Siltara,Hourly,1,46
2025-01-07 07:45:00,54.76,18.093333333333334,54.236666666666665,8.956666666666667,130.99,44.47,0.7,223.83,0.34,,2025,Siltara,Hourly,1,46
2025-01-07 08:00:00,55.06,16.66,53.73,11.83,160.21,9.84,0.75,219.14,0.37,,2025,Siltara,Hourly,1,46
2025-01-07 08:15:00,54.74,18.07,54.21,4.27,144.5175,9.84,0.37,224.84,0.26,,2025,Siltara,Hourly,1,46
2025-01-07 08:30:00,54.105000000000004,17.86,53.58,4.012499999999999,128.825,12.58,0.49,222.70666666666668,0.26333333333333336,,2025,Siltara,Hourly,1,46
2025-01-07 08:45:00,53.47,17.65,52.95,3.755,113.1325,15.32,0.61,220.57333333333332,0.26666666666666666,,2025,Siltara,Hourly,1,46
2025-01-07 09:00:00,52.835,17.44,52.32,3.4975,97.44,18.06,0.73,218.44,0.27,,2025,Siltara,Hourly,1,46
2025-01-07 09:15:00,52.2,17.23,51.69,3.24,97.44,21.34,0.76,227.83,0.54,,2025,Siltara,Hourly,1,46
2025-01-07 09:30:00,51.938,17.156,51.437999999999995,3.748,75.7175,18.035,0.8025,229.01500000000001,0.525,,2025,Siltara,Hourly,1,46
2025-01-07 09:45:00,51.676,17.082,51.186,4.256,53.995,14.73,0.845,230.2,0.51,,2025,Siltara,Hourly,1,46
2025-01-07 10:00:00,51.414,17.008,50.934,4.764,32.272499999999994,11.425,0.8875000000000001,231.385,0.495,,2025,Siltara,Hourly,1,46
2025-01-07 10:15:00,,,,,10.55,8.12,0.93,232.57,0.48,,2025,Siltara,Hourly,1,46
2025-01-07 10:30:00,50.89,16.86,50.43,5.78,10.55,6.95,1.07,226.44,0.49,,2025,Siltara,Hourly,1,46
2025-01-07 10:45:00,38.7475,14.01,39.2175,5.205,8.476666666666667,5.633333333333334,1.05,226.62666666666667,0.42666666666666664,,2025,Siltara,Hourly,1,46
2025-01-07 11:00:00,26.605,11.16,28.005,4.63,6.403333333333333,4.316666666666666,1.03,226.81333333333333,0.3633333333333333,,2025,Siltara,Hourly,1,46
2025-01-07 11:15:00,14.462500000000006,8.31,16.792499999999997,4.055,4.33,3.0,1.01,227.0,0.3,,2025,Siltara,Hourly,1,46
2025-01-07 11:30:00,2.32,5.46,5.58,3.48,6.76,2.39,1.2,225.49,0.29,,2025,Siltara,Hourly,1,46
2025-01-07 11:45:00,2.02,10.64,8.06,6.44,6.76,2.39,1.06,225.96,0.25,11.49,2025,Siltara,Hourly,0,0
2025-01-07 12:00:00,2.0,11.36,8.41,9.75,64.2,16.29,0.87,228.88,0.26,11.48,2025,Siltara,Hourly,0,0
2025-01-07 12:15:00,2.0,14.12,9.85,17.87,69.04,16.29,1.02,227.9,0.24,11.49,2025,Siltara,Hourly,0,0
2025-01-07 12:30:00,2.0,10.86,8.15,16.43,69.04,16.29,0.84,234.07,0.24,11.5,2025,Siltara,Hourly,0,0
2025-01-07 12:45:00,2.0,12.65,9.09,13.28,69.04,16.29,1.01,230.49,0.28,11.5,2025,Siltara,Hourly,0,0
2025-01-07 13:00:00,2.0,15.99,10.83,15.74,64.725,16.2,1.17,238.18,0.24,11.5,2025,Siltara,Hourly,1,2
2025-01-07 13:15:00,2.225,11.525,8.68,9.57,60.41,16.2,1.0,233.92,0.43,0.0,2025,Siltara,Hourly,1,2
2025-01-07 13:30:00,2.45,7.06,6.53,3.4,60.41,16.2,0.88,240.22,0.49,11.54,2025,Siltara,Hourly,0,0
2025-01-07 13:45:00,4.31,10.5,9.82,9.8,60.41,16.2,0.93,241.28,0.5,11.51,2025,Siltara,Hourly,0,0
2025-01-07 14:00:00,4.84,10.03,9.99,9.78,69.93,17.3,1.07,238.74,0.54,11.5,2025,Siltara,Hourly,0,0
2025-01-07 14:15:00,7.12,12.08,12.89,6.44,70.73,17.3,0.83,247.86,0.55,11.5,2025,Siltara,Hourly,0,0
2025-01-07 14:30:00,8.75,10.41,13.33,12.76,70.73,17.3,0.85,252.39,0.54,11.5,2025,Siltara,Hourly,0,0
2025-01-07 14:45:00,9.7,10.1,13.93,14.1,70.73,17.3,0.87,251.93,0.61,11.5,2025,Siltara,Hourly,0,0
2025-01-07 15:00:00,9.53,11.63,14.59,15.7,100.36,18.36,1.0,243.01,0.57,11.49,2025,Siltara,Hourly,0,0
2025-01-07 15:15:00,7.82,10.61,12.69,17.13,102.86,18.36,1.09,237.77,0.55,11.49,2025,Siltara,Hourly,0,0
2025-01-07 15:30:00,7.2,10.51,12.13,11.63,102.86,18.36,0.98,242.25,0.57,11.49,2025,Siltara,Hourly,0,0
2025-01-07 15:45:00,8.23,9.94,12.66,10.74,102.86,18.36,0.84,246.02,0.58,11.5,2025,Siltara,Hourly,0,0
2025-01-07 16:00:00,10.07,10.17,14.26,11.28,88.13,12.67,1.02,254.9,0.59,11.49,2025,Siltara,Hourly,0,0
2025-01-07 16:15:00,11.46,10.41,15.51,11.19,86.89,12.67,1.05,253.96,0.71,11.49,2025,Siltara,Hourly,0,0
2025-01-07 16:30:00,12.0,11.97,16.75,14.07,86.89,12.67,0.85,245.23,0.67,11.5,2025,Siltara,Hourly,0,0
2025-01-07 16:45:00,12.17,9.17,15.42,10.96,86.89,12.67,0.83,233.93,0.62,11.49,2025,Siltara,Hourly,0,0
2025-01-07 17:00:00,12.61,8.65,15.51,8.84,136.07,14.0,0.99,230.92,0.62,11.49,2025,Siltara,Hourly,0,0
2025-01-07 17:15:00,12.66,8.7,15.57,7.25,140.22,14.0,0.72,235.3,0.62,11.49,2025,Siltara,Hourly,0,0
2025-01-07 17:30:00,13.22,8.4,15.87,6.67,140.22,14.0,0.93,234.57,0.62,11.5,2025,Siltara,Hourly,0,0
2025-01-07 17:45:00,13.75,7.63,15.88,7.22,140.22,14.0,0.89,236.92,0.61,11.5,2025,Siltara,Hourly,0,0
2025-01-07 18:00:00,13.93,7.76,16.1,6.21,85.03,15.72,1.06,226.59,0.63,11.49,2025,Siltara,Hourly,0,0
2025-01-07 18:15:00,14.53,7.71,16.55,4.04,80.37,15.72,0.88,229.96,0.61,11.49,2025,Siltara,Hourly,0,0
2025-01-07 18:30:00,15.21,7.8,17.14,7.26,80.37,15.72,1.14,229.31,0.62,11.5,2025,Siltara,Hourly,0,0
2025-01-07 18:45:00,15.67,7.24,17.22,7.39,80.37,15.72,0.95,230.15,0.61,11.5,2025,Siltara,Hourly,0,0
2025-01-07 19:00:00,15.24,7.23,16.87,6.76,47.67,13.08,1.12,225.03,0.6,11.5,2025,Siltara,Hourly,0,0
2025-01-07 19:15:00,16.22,8.38,18.26,6.34,44.91,13.08,0.86,229.16,0.61,11.5,2025,Siltara,Hourly,0,0
2025-01-07 19:30:00,17.06,8.47,18.97,6.78,44.91,13.08,1.03,221.66,0.62,11.5,2025,Siltara,Hourly,0,0
2025-01-07 19:45:00,17.75,8.09,19.34,6.0,44.91,13.08,1.01,227.23,0.63,11.49,2025,Siltara,Hourly,0,0
2025-01-07 20:00:00,17.95,7.88,19.38,5.69,72.8,15.84,0.75,232.26,0.63,11.5,2025,Siltara,Hourly,0,0
2025-01-07 20:15:00,18.24,7.82,19.59,5.66,75.15,15.84,0.76,220.78,0.64,11.49,2025,Siltara,Hourly,0,0
2025-01-07 20:30:00,18.67,7.82,19.93,5.75,75.15,15.84,0.95,224.35,0.64,11.49,2025,Siltara,Hourly,0,0
2025-01-07 20:45:00,19.53,8.53,20.99,5.58,75.15,15.84,0.83,217.97,0.66,11.49,2025,Siltara,Hourly,0,0
2025-01-07 21:00:00,20.0,8.73,21.47,5.83,86.53,22.34,0.85,221.43,0.66,11.5,2025,Siltara,Hourly,0,0
2025-01-07 21:15:00,20.9,8.71,22.18,7.1,87.5,22.34,0.65,224.25,0.66,11.5,2025,Siltara,Hourly,0,0
2025-01-07 21:30:00,21.77,8.39,22.72,7.68,87.5,22.34,0.73,226.5,0.67,11.49,2025,Siltara,Hourly,0,0
2025-01-07 21:45:00,22.61,8.15,23.26,7.66,87.5,22.34,0.77,221.2,0.69,11.5,2025,Siltara,Hourly,0,0
2025-01-07 22:00:00,23.14,8.33,23.78,6.83,110.7,31.48,0.75,228.56,0.69,11.49,2025,Siltara,Hourly,0,0
2025-01-07 22:15:00,23.16,8.07,23.67,5.72,112.65,31.48,0.73,229.78,0.7,11.49,2025,Siltara,Hourly,0,0
2025-01-07 22:30:00,23.43,8.96,24.34,8.46,112.65,31.48,0.71,226.04,0.7,11.49,2025,Siltara,Hourly,0,0
2025-01-07 22:45:00,24.18,9.25,25.1,8.53,112.65,31.48,0.81,225.69,0.69,11.49,2025,Siltara,Hourly,0,0
2025-01-07 23:00:00,24.84,9.48,25.75,7.36,100.78,31.93,0.62,230.84,0.71,11.5,2025,Siltara,Hourly,0,0
2025-01-07 23:15:00,25.54,10.28,26.73,10.87,99.78,31.93,0.65,231.31,0.71,11.51,2025,Siltara,Hourly,0,0
2025-01-07 23:30:00,26.07,9.68,26.84,10.46,99.78,31.93,0.7,220.38,0.71,11.5,2025,Siltara,Hourly,0,0
2025-01-07 23:45:00,26.06,9.13,26.54,10.14,99.78,31.93,0.79,226.94,0.69,11.5,2025,Siltara,Hourly,0,0
2025-01-08 00:15:00,16.6,5.28,16.94,2.47,47.42,15.03,0.2,192.47,0.24,11.46,2025,Siltara,Hourly,0,0
2025-01-08 00:30:00,16.81,4.59,16.75,2.21,52.43,18.46,0.35,213.24,0.24,11.49,2025,Siltara,Hourly,0,0
2025-01-08 00:45:00,17.1,4.88,17.14,2.83,52.43,18.46,0.32,226.6,0.24,11.49,2025,Siltara,Hourly,0,0
2025-01-08 01:00:00,17.35,4.85,17.32,2.67,52.43,18.46,0.32,213.36,0.24,11.5,2025,Siltara,Hourly,0,0
2025-01-08 01:15:00,17.59,4.86,17.51,3.09,48.9,17.81,0.53,210.26,0.24,11.51,2025,Siltara,Hourly,0,0
2025-01-08 01:30:00,17.73,4.98,17.7,2.81,37.31,15.53,0.31,221.22,0.24,11.5,2025,Siltara,Hourly,0,0
2025-01-08 01:45:00,17.97,4.95,17.87,2.64,37.31,15.53,0.32,223.55,0.24,11.5,2025,Siltara,Hourly,0,0
2025-01-08 02:00:00,18.02,4.82,17.85,3.16,37.31,15.53,0.35,232.87,0.24,11.5,2025,Siltara,Hourly,0,0
2025-01-08 02:15:00,18.27,5.69,18.49,2.88,36.58,15.47,0.46,208.3,0.24,11.5,2025,Siltara,Hourly,0,0
2025-01-08 02:30:00,18.37,5.82,18.65,2.82,34.19,15.27,0.28,206.21,0.24,11.5,2025,Siltara,Hourly,0,0
2025-01-08 02:45:00,18.33,5.76,18.58,1.78,34.19,15.27,0.24,205.09,0.24,11.51,2025,Siltara,Hourly,0,0
2025-01-08 03:00:00,18.41,5.59,18.56,2.09,34.19,15.27,0.17,233.16,0.24,11.5,2025,Siltara,Hourly,0,0
2025-01-08 03:15:00,18.57,5.66,18.73,2.0,38.24,16.45,0.28,215.82,0.24,11.51,2025,Siltara,Hourly,0,0
2025-01-08 03:30:00,18.77,5.78,18.95,1.96,51.54,20.57,0.57,209.15,0.24,11.51,2025,Siltara,Hourly,0,0
2025-01-08 03:45:00,18.98,5.59,19.01,1.19,51.54,20.57,0.49,203.4,0.24,11.51,2025,Siltara,Hourly,0,0
2025-01-08 04:00:00,19.02,5.19,18.84,0.76,51.54,20.57,0.43,196.21,0.24,11.5,2025,Siltara,Hourly,0,0
2025-01-08 04:15:00,19.1,4.81,18.7,2.46,50.82,21.01,0.59,209.65,0.24,11.5,2025,Siltara,Hourly,0,0
2025-01-08 04:30:00,19.23,4.99,18.91,2.88,48.47,22.44,0.64,216.03,0.24,11.5,2025,Siltara,Hourly,0,0
2025-01-08 04:45:00,19.42,5.43,19.28,2.9,48.47,22.44,0.69,220.3,0.24,11.51,2025,Siltara,Hourly,0,0
2025-01-08 05:00:00,19.5,5.13,19.19,2.69,48.47,22.44,0.68,218.57,0.24,11.51,2025,Siltara,Hourly,0,0
2025-01-08 05:15:00,19.51,5.19,19.23,2.51,42.11,20.11,0.67,216.65,0.24,11.51,2025,Siltara,Hourly,0,0
2025-01-08 05:30:00,19.63,5.34,19.41,2.32,21.21,12.44,0.5,215.29,0.24,11.5,2025,Siltara,Hourly,0,0
2025-01-08 05:45:00,19.73,5.15,19.38,2.41,21.21,12.44,0.35,230.35,0.24,11.51,2025,Siltara,Hourly,0,0
2025-01-08 06:00:00,19.94,5.14,19.55,2.72,21.21,12.44,0.29,223.88,0.24,11.5,2025,Siltara,Hourly,0,0
2025-01-08 06:15:00,20.28,4.93,19.71,2.29,27.36,12.31,0.31,228.52,0.24,11.5,2025,Siltara,Hourly,0,0
2025-01-08 06:30:00,20.52,5.15,20.02,2.68,47.56,11.88,0.36,222.36,0.24,11.5,2025,Siltara,Hourly,0,0
2025-01-08 06:45:00,20.67,5.06,20.09,1.86,47.56,11.88,0.31,204.15,0.24,11.5,2025,Siltara,Hourly,0,0
2025-01-08 07:00:00,20.87,5.26,20.36,1.62,47.56,11.88,0.25,208.94,0.24,11.5,2025,Siltara,Hourly,0,0
2025-01-08 07:15:00,21.17,5.8,20.88,1.9,46.66,12.53,0.48,318.63,0.24,11.5,2025,Siltara,Hourly,0,0
2025-01-08 07:30:00,21.6,5.94,21.3,1.63,43.68,14.69,0.18,290.25,0.24,11.51,2025,Siltara,Hourly,0,0
2025-01-08 07:45:00,22.08,6.05,21.74,1.65,43.68,14.69,0.72,330.53,0.24,11.5,2025,Siltara,Hourly,0,0
2025-01-08 08:00:00,22.28,6.1,21.93,2.38,43.68,14.69,0.61,325.72,0.24,11.5,2025,Siltara,Hourly,0,0
2025-01-08 08:15:00,22.51,6.17,22.14,3.32,44.24,14.14,0.73,314.15,0.24,11.51,2025,Siltara,Hourly,0,0
2025-01-08 08:30:00,22.96,6.14,22.49,3.26,46.07,12.31,0.81,327.64,0.24,11.5,2025,Siltara,Hourly,0,0
2025-01-08 08:45:00,23.07,5.71,22.36,2.13,46.07,12.31,0.57,307.17,0.24,11.5,2025,Siltara,Hourly,0,0
2025-01-08 09:00:00,22.99,5.2,22.03,2.12,46.07,12.31,0.86,319.29,0.24,11.5,2025,Siltara,Hourly,0,0
2025-01-08 09:15:00,22.87,5.51,22.09,2.72,48.26,12.51,0.79,314.13,0.24,11.5,2025,Siltara,Hourly,0,0
2025-01-08 09:30:00,23.13,5.99,22.55,2.7,55.48,13.19,0.64,294.0,0.24,11.49,2025,Siltara,Hourly,0,0
2025-01-08 09:45:00,23.15,5.73,22.44,2.52,55.48,13.19,0.54,297.05,0.24,11.5,2025,Siltara,Hourly,0,0
2025-01-08 10:00:00,23.21,6.03,22.64,2.66,55.48,13.19,0.71,288.69,0.24,11.5,2025,Siltara,Hourly,0,0
2025-01-08 10:15:00,23.38,6.03,22.78,2.37,59.83,14.37,0.78,308.27,0.24,11.5,2025,Siltara,Hourly,0,0
2025-01-08 10:30:00,23.69,6.2,23.11,2.8,74.15,18.48,1.08,309.23,0.24,11.5,2025,Siltara,Hourly,0,0
2025-01-08 10:45:00,24.02,6.55,23.56,2.64,74.15,18.48,0.76,292.83,0.24,11.5,2025,Siltara,Hourly,0,0
2025-01-08 11:00:00,23.48,5.94,22.81,1.93,74.15,18.48,0.82,307.57,0.24,11.5,2025,Siltara,Hourly,0,0
2025-01-08 11:15:00,16.15,9.14,18.61,1.84,74.78,16.76,1.24,310.27,0.24,11.51,2025,Siltara,Hourly,0,0
2025-01-08 11:30:00,9.97,11.34,14.79,1.52,76.87,11.1,0.95,311.12,0.24,11.5,2025,Siltara,Hourly,0,0
2025-01-08 11:45:00,7.36,10.87,12.46,1.97,76.87,11.1,0.6,291.85,0.24,11.5,2025,Siltara,Hourly,0,0
2025-01-08 12:00:00,6.75,8.65,10.8,1.57,76.87,11.1,0.85,303.48,0.24,11.5,2025,Siltara,Hourly,0,0
2025-01-08 12:15:00,6.36,8.31,10.32,1.9,78.83,13.02,0.59,286.89,0.24,11.49,2025,Siltara,Hourly,0,0
2025-01-08 12:30:00,6.6,8.26,10.48,2.38,85.28,19.34,0.82,301.05,0.24,11.49,2025,Siltara,Hourly,0,0
2025-01-08 12:45:00,6.97,8.01,10.65,2.27,85.28,19.34,0.75,285.36,0.24,11.49,2025,Siltara,Hourly,0,0
2025-01-08 13:00:00,7.14,8.84,11.22,3.25,85.28,19.34,0.64,291.5,0.24,11.5,2025,Siltara,Hourly,0,0
2025-01-08 13:15:00,7.41,9.44,11.75,3.54,99.84,20.32,1.1,306.7,0.24,11.5,2025,Siltara,Hourly,0,0
2025-01-08 13:30:00,7.31,8.92,11.39,3.75,147.68,23.52,0.66,288.43,0.24,11.5,2025,Siltara,Hourly,0,0
2025-01-08 13:45:00,7.33,7.49,10.66,4.37,147.68,23.52,0.61,266.99,0.24,11.5,2025,Siltara,Hourly,0,0
2025-01-08 14:00:00,6.3,6.77,9.46,4.45,147.68,23.52,0.81,298.73,0.24,11.5,2025,Siltara,Hourly,0,0
2025-01-08 14:15:00,5.24,12.63,11.67,4.33,140.81,23.37,0.9,321.47,0.24,11.51,2025,Siltara,Hourly,0,0
2025-01-08 14:30:00,5.47,18.41,14.88,5.56,118.21,22.88,0.76,317.4,0.24,11.5,2025,Siltara,Hourly,0,0
2025-01-08 14:45:00,6.05,15.49,13.82,5.69,118.21,22.88,0.95,321.18,0.24,11.51,2025,Siltara,Hourly,0,0
2025-01-08 15:00:00,6.63,14.67,13.86,4.62,118.21,22.88,0.5,285.15,0.24,11.5,2025,Siltara,Hourly,0,0
2025-01-08 15:15:00,5.67,12.12,11.75,3.77,125.3,23.14,0.48,287.1,0.24,11.5,2025,Siltara,Hourly,0,0
2025-01-08 15:30:00,5.19,9.12,9.8,2.91,148.6,24.01,0.41,312.44,0.24,11.51,2025,Siltara,Hourly,0,0
2025-01-08 15:45:00,6.02,8.02,9.89,4.54,148.6,24.01,0.38,207.81,0.24,11.51,2025,Siltara,Hourly,0,0
2025-01-08 16:00:00,6.71,6.96,9.89,4.32,148.6,24.01,0.51,213.88,0.24,11.5,2025,Siltara,Hourly,0,0
2025-01-08 16:15:00,7.44,6.0,9.98,3.94,132.69,23.34,0.46,218.99,0.24,11.5,2025,Siltara,Hourly,0,0
2025-01-08 16:30:00,8.17,5.49,10.3,4.09,80.4,21.14,0.31,225.42,0.24,11.5,2025,Siltara,Hourly,0,0
2025-01-08 16:45:00,8.99,5.52,10.96,3.92,80.4,21.14,0.2,259.98,0.24,11.5,2025,Siltara,Hourly,0,0
2025-01-08 17:00:00,9.91,5.15,11.52,3.6,80.4,21.14,0.28,227.32,0.24,11.51,2025,Siltara,Hourly,0,0
2025-01-08 17:15:00,10.64,4.96,12.0,3.3,75.45,20.57,0.2,250.07,0.24,11.49,2025,Siltara,Hourly,0,0
2025-01-08 17:30:00,11.41,5.42,12.86,3.35,60.16,18.72,0.24,249.35,0.24,11.5,2025,Siltara,Hourly,0,0
2025-01-08 17:45:00,12.09,5.9,13.66,3.86,60.16,18.72,1.85,306.09,0.24,11.5,2025,Siltara,Hourly,0,0
2025-01-08 18:00:00,12.52,6.05,14.07,4.44,60.16,18.72,0.36,322.14,0.24,11.51,2025,Siltara,Hourly,0,0
2025-01-08 18:15:00,13.25,6.22,14.75,2.58,61.93,18.33,0.23,45.67,0.24,11.49,2025,Siltara,Hourly,0,0
2025-01-08 18:30:00,14.68,6.52,16.05,2.14,67.72,17.06,0.11,190.07,0.24,11.5,2025,Siltara,Hourly,0,0
2025-01-08 18:45:00,15.99,6.32,16.99,2.08,67.72,17.06,0.24,241.14,0.24,11.5,2025,Siltara,Hourly,0,0
2025-01-08 19:00:00,17.56,6.61,18.41,2.31,67.72,17.06,0.04,305.72,0.24,11.51,2025,Siltara,Hourly,0,0
2025-01-08 19:15:00,19.31,5.96,19.48,1.3,55.55,16.27,0.16,219.34,0.24,11.5,2025,Siltara,Hourly,0,0
2025-01-08 19:30:00,20.71,5.5,20.36,1.64,15.54,13.67,0.29,197.19,0.24,11.51,2025,Siltara,Hourly,0,0
2025-01-08 19:45:00,21.98,5.89,21.58,2.17,15.54,13.67,0.28,200.74,0.24,11.5,2025,Siltara,Hourly,0,0
2025-01-08 20:00:00,22.67,5.92,22.14,1.65,15.54,13.67,0.36,205.4,0.24,11.51,2025,Siltara,Hourly,0,0
2025-01-08 20:15:00,23.39,5.97,22.75,1.41,23.36,13.9,0.36,201.62,0.24,11.5,2025,Siltara,Hourly,0,0
2025-01-08 20:30:00,23.89,5.94,23.13,1.51,49.05,14.67,0.36,217.86,0.24,11.5,2025,Siltara,Hourly,0,0
2025-01-08 20:45:00,24.3,6.03,23.51,1.85,49.05,14.67,0.37,226.58,0.24,11.5,2025,Siltara,Hourly,0,0
2025-01-08 21:00:00,24.85,7.05,24.49,1.58,49.05,14.67,0.42,215.51,0.24,11.51,2025,Siltara,Hourly,0,0
2025-01-08 21:15:00,25.11,6.64,24.48,0.99,54.0,16.16,0.3,226.72,0.24,11.51,2025,Siltara,Hourly,0,0
2025-01-08 21:30:00,24.95,6.45,24.26,1.66,70.26,21.06,0.4,229.95,0.24,11.5,2025,Siltara,Hourly,0,0
2025-01-08 21:45:00,24.81,6.1,23.96,1.2,70.26,21.06,0.49,237.97,0.24,11.5,2025,Siltara,Hourly,0,0
2025-01-08 22:00:00,24.71,6.01,23.83,1.9,70.26,21.06,0.51,212.93,0.24,11.49,2025,Siltara,Hourly,0,0
2025-01-08 22:15:00,24.57,6.09,23.76,3.27,66.24,20.8,0.59,217.29,0.24,11.49,2025,Siltara,Hourly,0,0
2025-01-08 22:30:00,24.66,5.82,23.69,3.09,53.8,19.94,0.56,219.8,0.24,11.5,2025,Siltara,Hourly,0,0
2025-01-08 22:45:00,24.84,5.99,23.92,2.77,53.8,19.94,0.54,217.45,0.24,11.51,2025,Siltara,Hourly,0,0
2025-01-08 23:00:00,24.6,5.65,23.55,2.12,53.8,19.94,0.49,232.15,0.24,11.49,2025,Siltara,Hourly,0,0
2025-01-08 23:15:00,24.3,5.19,23.07,2.91,52.0,19.26,0.55,225.73,0.24,11.5,2025,Siltara,Hourly,0,0
2025-01-08 23:30:00,24.17,5.51,23.14,3.18,46.44,17.02,0.63,214.29,0.24,11.5,2025,Siltara,Hourly,0,0
2025-01-08 23:45:00,24.19,5.74,23.27,2.95,46.44,17.02,0.71,214.21,0.24,11.52,2025,Siltara,Hourly,0,0
2025-01-09 00:15:00,21.46,3.89,20.12,3.75,25.03,10.45,0.73,206.49,0.27,11.49,2025,Siltara,Hourly,0,0
2025-01-09 00:30:00,21.24,3.66,19.82,3.52,26.66,8.94,0.97,210.69,0.25,11.5,2025,Siltara,Hourly,0,0
2025-01-09 00:45:00,20.86,3.31,19.33,3.42,27.7,7.93,0.86,212.66,0.26,11.5,2025,Siltara,Hourly,0,0
2025-01-09 01:00:00,20.27,3.29,18.85,3.31,27.7,7.93,1.02,209.59,0.25,11.5,2025,Siltara,Hourly,0,0
2025-01-09 01:15:00,19.74,3.02,18.29,3.79,27.7,7.93,0.55,216.3,0.26,11.5,2025,Siltara,Hourly,0,0
2025-01-09 01:30:00,19.57,2.75,18.01,4.1,20.62,6.64,0.35,219.0,0.27,11.5,2025,Siltara,Hourly,0,0
2025-01-09 01:45:00,19.17,2.93,17.78,4.58,15.91,5.73,0.26,204.36,0.27,11.5,2025,Siltara,Hourly,0,0
2025-01-09 02:00:00,18.85,3.42,17.78,4.5,15.91,5.73,0.24,220.02,0.26,11.5,2025,Siltara,Hourly,0,0
2025-01-09 02:15:00,18.7,3.82,17.87,5.24,15.91,5.73,0.31,232.33,0.25,11.5,2025,Siltara,Hourly,0,0
2025-01-09 02:30:00,18.93,4.16,18.23,5.83,17.72,7.15,0.26,213.05,0.27,11.5,2025,Siltara,Hourly,0,0
2025-01-09 02:45:00,19.57,4.48,18.91,5.73,18.92,8.09,0.23,205.35,0.3,11.51,2025,Siltara,Hourly,0,0
2025-01-09 03:00:00,20.21,4.7,19.53,5.64,18.92,8.09,0.26,233.54,0.32,11.51,2025,Siltara,Hourly,0,0
2025-01-09 03:15:00,20.55,4.77,19.85,5.63,18.92,8.09,0.36,243.89,0.32,11.51,2025,Siltara,Hourly,0,0
2025-01-09 03:30:00,20.85,4.62,20.01,5.88,22.65,9.15,0.36,219.09,0.32,11.5,2025,Siltara,Hourly,0,0
2025-01-09 03:45:00,21.47,4.24,20.31,5.48,25.14,9.86,0.39,216.91,0.31,11.51,2025,Siltara,Hourly,0,0
2025-01-09 04:00:00,21.64,3.85,20.24,4.7,25.14,9.86,0.3,211.79,0.33,11.5,2025,Siltara,Hourly,0,0
2025-01-09 04:15:00,21.36,3.52,19.84,4.59,25.14,9.86,0.46,206.69,0.32,11.51,2025,Siltara,Hourly,0,0
2025-01-09 04:30:00,20.89,3.38,19.39,5.03,30.81,12.55,0.39,209.64,0.33,11.51,2025,Siltara,Hourly,0,0
2025-01-09 04:45:00,20.91,2.75,19.08,5.48,34.58,14.34,0.33,208.79,0.35,11.5,2025,Siltara,Hourly,0,0
2025-01-09 05:00:00,20.8,2.97,19.1,5.42,34.58,14.34,0.33,215.97,0.34,11.5,2025,Siltara,Hourly,0,0
2025-01-09 05:15:00,20.56,3.28,19.07,6.16,34.58,14.34,0.28,212.05,0.34,11.5,2025,Siltara,Hourly,0,0
2025-01-09 05:30:00,20.38,3.88,19.24,6.38,31.92,12.6,0.33,214.07,0.31,11.5,2025,Siltara,Hourly,0,0
2025-01-09 05:45:00,20.32,3.97,19.24,6.29,30.15,11.44,0.41,207.56,0.3,11.5,2025,Siltara,Hourly,0,0
2025-01-09 06:00:00,20.27,4.16,19.3,6.1,30.15,11.44,0.39,213.24,0.3,11.5,2025,Siltara,Hourly,0,0
2025-01-09 06:15:00,20.35,4.42,19.5,4.89,30.15,11.44,0.32,206.25,0.28,11.5,2025,Siltara,Hourly,0,0
2025-01-09 06:30:00,20.61,4.52,19.76,5.32,27.82,9.88,0.48,204.68,0.29,11.5,2025,Siltara,Hourly,0,0
2025-01-09 06:45:00,21.09,4.43,20.1,5.2,26.27,8.84,0.34,229.46,0.3,11.5,2025,Siltara,Hourly,0,0
2025-01-09 07:00:00,21.91,4.29,20.69,5.09,26.27,8.84,0.33,222.59,0.31,11.5,2025,Siltara,Hourly,0,0
2025-01-09 07:15:00,22.93,3.43,21.05,5.16,26.27,8.84,0.25,237.77,0.4,11.5,2025,Siltara,Hourly,0,0
2025-01-09 07:30:00,23.72,3.17,21.56,6.03,26.16,9.47,0.29,210.39,0.43,11.5,2025,Siltara,Hourly,0,0
2025-01-09 07:45:00,24.78,3.37,22.51,6.12,26.08,9.9,0.18,219.59,0.45,11.5,2025,Siltara,Hourly,0,0
2025-01-09 08:00:00,25.62,3.37,23.18,5.93,26.08,9.9,0.39,207.86,0.47,11.5,2025,Siltara,Hourly,0,0
2025-01-09 08:15:00,25.88,2.99,23.19,6.27,26.08,9.9,0.37,206.62,0.49,11.51,2025,Siltara,Hourly,0,0
2025-01-09 08:30:00,25.92,3.44,23.46,6.22,26.73,8.89,0.42,197.75,0.46,11.5,2025,Siltara,Hourly,0,0
2025-01-09 08:45:00,25.79,4.08,23.69,6.45,27.16,8.22,0.16,219.13,0.44,11.5,2025,Siltara,Hourly,0,0
2025-01-09 09:00:00,25.54,4.37,23.63,6.11,27.16,8.22,0.31,200.44,0.42,11.5,2025,Siltara,Hourly,0,0
2025-01-09 09:15:00,25.54,4.31,23.61,5.96,27.16,8.22,0.32,269.46,0.41,11.51,2025,Siltara,Hourly,0,0
2025-01-09 09:30:00,25.9,4.68,24.09,6.36,29.22,8.99,0.31,254.11,0.41,11.51,2025,Siltara,Hourly,0,0
2025-01-09 09:45:00,26.42,4.69,24.51,6.71,30.6,9.5,0.26,258.13,0.4,11.51,2025,Siltara,Hourly,0,0
2025-01-09 10:00:00,26.96,5.15,25.19,5.95,30.6,9.5,0.27,261.5,0.39,11.5,2025,Siltara,Hourly,0,0
2025-01-09 10:15:00,27.65,4.77,25.54,5.1,30.6,9.5,0.11,262.1,0.37,11.51,2025,Siltara,Hourly,0,0
2025-01-09 10:30:00,27.95,4.07,25.42,4.77,38.0,10.01,0.35,292.72,0.37,11.5,2025,Siltara,Hourly,0,0
2025-01-09 10:45:00,27.89,3.69,25.17,4.34,42.93,10.36,0.35,281.87,0.38,11.5,2025,Siltara,Hourly,0,0
2025-01-09 11:00:00,27.72,3.47,24.92,4.23,42.93,10.36,0.78,314.23,0.39,11.5,2025,Siltara,Hourly,0,0
2025-01-09 11:15:00,27.53,3.55,24.8,3.68,42.93,10.36,0.5,315.18,0.4,11.49,2025,Siltara,Hourly,0,0
2025-01-09 11:30:00,27.34,3.58,24.67,4.28,80.84,10.92,0.62,301.38,0.41,11.5,2025,Siltara,Hourly,0,0
2025-01-09 11:45:00,26.77,3.54,24.19,4.24,106.12,11.29,0.5,325.36,0.4,11.51,2025,Siltara,Hourly,0,0
2025-01-09 12:00:00,26.36,3.79,23.99,5.01,106.12,11.29,0.3,276.51,0.41,11.51,2025,Siltara,Hourly,0,0
2025-01-09 12:15:00,26.21,4.44,24.21,4.78,106.12,11.29,0.36,295.69,0.41,11.5,2025,Siltara,Hourly,0,0
2025-01-09 12:30:00,26.58,4.82,24.7,4.85,130.94,14.1,0.75,2.26,0.4,11.5,2025,Siltara,Hourly,0,0
2025-01-09 12:45:00,26.9,4.86,24.99,4.69,147.03,15.97,1.19,6.01,0.4,11.5,2025,Siltara,Hourly,0,0
2025-01-09 13:00:00,27.11,4.82,25.13,4.79,147.03,15.97,1.26,8.12,0.39,11.5,2025,Siltara,Hourly,0,0
2025-01-09 13:15:00,27.34,4.82,25.31,5.0,147.03,15.97,1.57,8.21,0.38,11.5,2025,Siltara,Hourly,0,0
2025-01-09 13:30:00,27.54,4.57,25.34,4.77,156.53,15.62,1.12,358.17,0.35,11.51,2025,Siltara,Hourly,0,0
2025-01-09 13:45:00,27.4,4.13,25.0,4.05,162.85,15.39,1.02,1.41,0.31,11.5,2025,Siltara,Hourly,0,0
2025-01-09 14:00:00,27.05,3.43,24.36,4.55,162.85,15.39,0.78,17.13,0.36,11.5,2025,Siltara,Hourly,0,0
2025-01-09 14:15:00,26.95,3.14,24.13,4.44,162.85,15.39,1.24,9.01,0.35,11.51,2025,Siltara,Hourly,0,0
2025-01-09 14:30:00,27.06,3.48,24.39,3.92,154.19,15.71,1.07,11.17,0.34,11.5,2025,Siltara,Hourly,0,0
2025-01-09 14:45:00,26.94,3.07,24.08,4.66,148.42,15.93,1.02,0.05,0.34,11.51,2025,Siltara,Hourly,0,0
2025-01-09 15:00:00,26.86,3.5,24.24,5.11,148.42,15.93,0.99,5.35,0.31,11.51,2025,Siltara,Hourly,0,0
2025-01-09 15:15:00,27.07,3.94,24.64,4.46,148.42,15.93,0.78,5.19,0.29,11.5,2025,Siltara,Hourly,0,0
2025-01-09 15:30:00,26.89,4.36,24.71,4.11,139.75,15.47,0.64,358.29,0.27,11.51,2025,Siltara,Hourly,0,0
2025-01-09 15:45:00,26.85,4.6,24.81,3.94,133.86,15.16,0.23,64.9,0.26,11.51,2025,Siltara,Hourly,0,0
2025-01-09 16:00:00,26.93,4.64,24.89,4.32,133.86,15.16,0.25,12.27,0.26,11.5,2025,Siltara,Hourly,0,0
2025-01-09 16:15:00,27.03,4.93,25.13,3.95,133.86,15.16,0.14,200.69,0.25,11.5,2025,Siltara,Hourly,0,0
2025-01-09 16:30:00,27.28,4.93,25.33,3.86,112.17,15.35,0.34,211.28,0.24,11.51,2025,Siltara,Hourly,0,0
2025-01-09 16:45:00,27.55,4.91,25.53,4.05,100.93,15.48,0.3,248.78,0.26,11.5,2025,Siltara,Hourly,0,0
2025-01-09 17:00:00,28.11,4.42,25.73,3.98,100.93,15.48,0.43,217.9,0.24,11.5,2025,Siltara,Hourly,0,0
2025-01-09 17:15:00,28.36,3.88,25.64,3.51,100.93,15.48,0.26,220.0,0.26,11.51,2025,Siltara,Hourly,0,0
2025-01-09 17:30:00,28.74,3.97,25.99,3.75,82.43,12.36,0.24,211.91,0.29,11.5,2025,Siltara,Hourly,0,0
2025-01-09 17:45:00,28.58,3.97,25.86,3.63,43.99,10.28,0.29,209.36,0.31,11.5,2025,Siltara,Hourly,0,0
2025-01-09 18:00:00,28.06,3.93,25.43,3.58,43.99,10.28,0.18,187.25,0.35,11.5,2025,Siltara,Hourly,0,0
2025-01-09 18:15:00,28.01,3.98,25.42,4.64,43.99,10.28,0.34,201.55,0.38,11.51,2025,Siltara,Hourly,0,0
2025-01-09 18:30:00,27.72,4.6,25.5,4.78,50.24,11.05,0.14,195.03,0.37,11.5,2025,Siltara,Hourly,0,0
2025-01-09 18:45:00,27.38,4.69,25.28,4.88,53.24,11.57,0.36,197.5,0.38,11.5,2025,Siltara,Hourly,0,0
2025-01-09 19:00:00,27.35,4.63,25.22,4.98,53.24,11.57,0.29,221.99,0.37,11.5,2025,Siltara,Hourly,0,0
2025-01-09 19:15:00,27.48,4.58,25.3,5.05,53.24,11.57,0.36,222.62,0.39,11.49,2025,Siltara,Hourly,0,0
2025-01-09 19:30:00,27.09,4.6,25.0,4.36,31.85,12.24,0.4,223.42,0.4,11.5,2025,Siltara,Hourly,0,0
2025-01-09 19:45:00,26.58,4.49,24.53,4.64,17.59,12.68,0.35,230.05,0.4,11.49,2025,Siltara,Hourly,0,0
2025-01-09 20:00:00,26.13,4.62,24.24,4.54,17.59,12.68,0.38,223.7,0.4,11.5,2025,Siltara,Hourly,0,0
2025-01-09 20:15:00,25.95,4.07,23.81,4.48,17.59,12.68,0.34,219.12,0.39,11.51,2025,Siltara,Hourly,0,0
2025-01-09 20:30:00,25.38,3.45,23.03,3.88,23.73,10.02,0.2,196.43,0.4,11.5,2025,Siltara,Hourly,0,0
2025-01-09 20:45:00,24.79,3.38,22.52,4.11,27.81,8.25,0.18,195.9,0.4,11.5,2025,Siltara,Hourly,0,0
2025-01-09 21:00:00,24.31,3.28,22.08,3.71,27.81,8.25,0.14,195.14,0.41,11.5,2025,Siltara,Hourly,0,0
2025-01-09 21:15:00,24.36,3.05,22.01,4.47,27.81,8.25,0.26,203.48,0.44,11.5,2025,Siltara,Hourly,0,0
2025-01-09 21:30:00,24.35,3.06,22.0,5.45,32.82,11.41,0.2,192.9,0.44,11.5,2025,Siltara,Hourly,0,0
2025-01-09 21:45:00,24.13,3.64,22.13,5.14,35.6,13.52,0.13,160.65,0.43,11.49,2025,Siltara,Hourly,0,0
2025-01-09 22:00:00,24.7,4.12,22.83,4.77,35.6,13.52,0.28,176.14,0.45,11.51,2025,Siltara,Hourly,0,0
2025-01-09 22:15:00,25.33,4.06,23.31,4.56,35.6,13.52,0.31,207.68,0.46,11.51,2025,Siltara,Hourly,0,0
2025-01-09 22:30:00,25.71,4.15,23.66,5.07,43.86,14.11,0.26,202.82,0.47,11.5,2025,Siltara,Hourly,0,0
2025-01-09 22:45:00,26.06,4.37,24.05,4.94,56.24,14.49,0.25,210.33,0.5,11.5,2025,Siltara,Hourly,0,0
2025-01-09 23:00:00,26.56,4.6,24.57,4.63,56.24,14.49,0.38,207.6,0.53,11.49,2025,Siltara,Hourly,0,0
2025-01-09 23:15:00,26.85,4.67,24.84,5.06,56.24,14.49,0.33,204.46,0.54,11.51,2025,Siltara,Hourly,0,0
2025-01-09 23:30:00,26.77,4.38,24.63,4.65,56.37,13.64,0.34,208.35,0.53,11.5,2025,Siltara,Hourly,0,0
2025-01-09 23:45:00,27.5,3.87,24.95,4.54,56.55,13.08,0.3,212.76,0.56,11.5,2025,Siltara,Hourly,0,0
2025-01-10 00:15:00,36.51,16.76,38.9,8.9,40.03,20.45,0.99,149.49,0.557938144329897,0.3,2025,Siltara,Hourly,1,190
2025-01-10 00:30:00,31.44,17.52,35.23,7.28,40.03,20.45,0.91,229.2,0.5569072164948454,0.32,2025,Siltara,Hourly,1,190
2025-01-10 00:45:00,34.24,21.71,39.68,7.91,40.03,20.45,0.9,213.59,0.5558762886597939,0.59,2025,Siltara,Hourly,1,190
2025-01-10 01:00:00,33.01,24.13,39.96,7.63,35.92,20.1,1.23,222.38,,0.9,2025,Siltara,Hourly,1,190
2025-01-10 01:15:00,35.86,22.87,41.58,7.22,22.42,18.96,0.63,258.18,,0.49,2025,Siltara,Hourly,1,190
2025-01-10 01:30:00,41.54,17.4,43.28,8.1,22.42,18.96,0.1,70.81,,0.46,2025,Siltara,Hourly,1,190
2025-01-10 01:45:00,42.99,14.12,42.73,7.78,22.42,18.96,1.13,184.83,,0.46,2025,Siltara,Hourly,1,190
2025-01-10 02:00:00,44.47,11.57,42.58,7.84,23.32,18.73,1.22,207.81,,0.45,2025,Siltara,Hourly,1,190
2025-01-10 02:15:00,45.17,10.28,42.47,5.46,26.29,18.0,1.33,206.54,,0.44,2025,Siltara,Hourly,1,190
2025-01-10 02:30:00,45.95,10.34,43.13,7.65,26.29,18.0,1.06,211.77,,0.43,2025,Siltara,Hourly,1,190
2025-01-10 02:45:00,45.54,11.05,43.17,7.22,26.29,18.0,0.98,212.41,,0.41,2025,Siltara,Hourly,1,190
2025-01-10 03:00:00,44.18,12.82,43.0,7.14,24.63,17.47,1.13,226.06,,0.38,2025,Siltara,Hourly,1,190
2025-01-10 03:15:00,35.63,24.26,42.12,7.47,19.19,15.74,1.31,221.48,,0.36,2025,Siltara,Hourly,1,190
2025-01-10 03:30:00,39.35,20.05,42.91,6.59,19.19,15.74,1.5,195.86,,0.41,2025,Siltara,Hourly,1,190
2025-01-10 03:45:00,37.13,18.76,40.45,6.69,19.19,15.74,1.47,190.07,,0.35,2025,Siltara,Hourly,1,190
2025-01-10 04:00:00,37.8,20.72,42.01,6.28,21.25,15.23,1.39,204.81,,0.34,2025,Siltara,Hourly,1,190
2025-01-10 04:15:00,38.67,19.05,41.83,6.52,28.01,13.58,1.31,200.54,,0.34,2025,Siltara,Hourly,1,190
2025-01-10 04:30:00,35.67,19.96,39.91,6.04,28.01,13.58,0.93,212.38,,0.31,2025,Siltara,Hourly,1,190
2025-01-10 04:45:00,35.67,20.24,40.05,6.43,28.01,13.58,1.22,219.75,,0.38,2025,Siltara,Hourly,1,190
2025-01-10 05:00:00,35.47,20.63,40.09,6.18,29.73,13.45,1.16,183.43,,0.41,2025,Siltara,Hourly,1,190
2025-01-10 05:15:00,44.19,20.85,47.2,6.41,35.4,13.01,1.19,201.26,,0.51,2025,Siltara,Hourly,1,190
2025-01-10 05:30:00,41.11,19.87,44.23,6.3,35.4,13.01,1.22,203.37,,0.43,2025,Siltara,Hourly,1,190
2025-01-10 05:45:00,44.32,14.84,44.17,5.72,35.4,13.01,1.33,201.99,,0.39,2025,Siltara,Hourly,1,190
2025-01-10 06:00:00,48.42,11.57,45.75,6.13,37.08,13.21,0.79,209.05,,0.4,2025,Siltara,Hourly,1,190
2025-01-10 06:15:00,50.72,10.27,46.91,5.85,42.61,13.86,1.05,207.33,,0.4,2025,Siltara,Hourly,1,190
2025-01-10 06:30:00,52.63,10.19,48.4,6.96,42.61,13.86,1.09,219.17,,0.41,2025,Siltara,Hourly,1,190
2025-01-10 06:45:00,54.1,10.1,49.54,6.92,42.61,13.86,0.92,199.49,,0.42,2025,Siltara,Hourly,1,190
2025-01-10 07:00:00,54.58,9.97,49.85,6.49,45.37,14.15,0.58,205.5,,0.42,2025,Siltara,Hourly,1,190
2025-01-10 07:15:00,46.83,14.62,46.07,7.03,54.4,15.1,0.94,193.1,,0.34,2025,Siltara,Hourly,1,190
2025-01-10 07:30:00,44.32,19.25,46.48,6.95,54.4,15.1,0.73,177.55,,0.34,2025,Siltara,Hourly,1,190
2025-01-10 07:45:00,49.97,13.91,48.21,6.55,54.4,15.1,0.18,203.2,,0.44,2025,Siltara,Hourly,1,190
2025-01-10 08:00:00,50.32,12.23,47.62,7.13,48.12,14.57,0.12,225.45,,0.43,2025,Siltara,Hourly,1,190
2025-01-10 08:15:00,50.74,11.7,47.68,7.49,27.46,12.83,0.33,314.59,,0.43,2025,Siltara,Hourly,1,190
2025-01-10 08:30:00,54.21,10.26,49.71,7.25,27.46,12.83,0.47,158.52,,0.43,2025,Siltara,Hourly,1,190
2025-01-10 08:45:00,55.23,10.27,50.53,7.9,27.46,12.83,1.21,354.48,,0.43,2025,Siltara,Hourly,1,190
2025-01-10 09:00:00,54.0,11.34,50.1,8.04,32.57,13.22,2.52,7.4,,0.39,2025,Siltara,Hourly,1,190
2025-01-10 09:15:00,54.43,9.87,49.68,8.29,49.39,14.48,2.36,6.2,,0.37,2025,Siltara,Hourly,1,190
2025-01-10 09:30:00,57.13,10.26,52.05,8.34,49.39,14.48,2.68,1.24,,0.37,2025,Siltara,Hourly,1,190
2025-01-10 09:45:00,61.56,13.28,57.18,8.71,49.39,14.48,1.92,23.68,,0.33,2025,Siltara,Hourly,1,190
2025-01-10 10:00:00,59.79,12.63,55.42,8.61,59.61,14.31,1.86,1.78,,0.32,2025,Siltara,Hourly,1,190
2025-01-10 10:15:00,59.98,13.51,56.03,6.63,93.2,13.76,1.7,6.38,,0.3,2025,Siltara,Hourly,1,190
2025-01-10 10:30:00,60.4,14.71,57.0,8.44,0.0,13.76,1.8,359.62,,0.26,2025,Siltara,Hourly,1,190
2025-01-10 10:45:00,60.534375,15.316875000000001,57.424375,11.126,31.06666666666667,13.76,1.9166666666666667,244.07000000000002,,0.25333333333333335,2025,Siltara,Hourly,1,190
2025-01-10 11:00:00,60.668749999999996,15.923750000000002,57.84875,13.812000000000001,62.13333333333334,13.76,2.033333333333333,128.52000000000004,,0.24666666666666667,2025,Siltara,Hourly,1,190
2025-01-10 11:15:00,60.803125,16.530625,58.273125,16.498,93.2,13.76,2.15,12.97,,0.24,2025,Siltara,Hourly,1,190
2025-01-10 11:30:00,,,,,77.87,10.17,1.38,344.16,,0.35,2025,Siltara,Hourly,1,190
2025-01-10 11:45:00,,,,21.87,82.926,8.94,0.51,262.78,,0.24,2025,Siltara,Hourly,1,190
2025-01-10 12:00:00,,,,23.220000000000002,87.982,8.4675,0.56,282.34,,0.295,2025,Siltara,Hourly,1,190
2025-01-10 12:15:00,,,,24.57,93.03800000000001,7.994999999999999,0.61,301.9,,0.35,2025,Siltara,Hourly,1,190
2025-01-10 12:30:00,,,,25.92,,7.5225,0.6599999999999999,321.46,,0.405,2025,Siltara,Hourly,1,190
2025-01-10 12:45:00,,,,,103.15,7.05,0.71,341.02,,0.46,2025,Siltara,Hourly,1,190
2025-01-10 13:00:00,,,,28.62,106.37333333333333,6.02,1.65,2.46,,0.38,2025,Siltara,Hourly,1,190
2025-01-10 13:15:00,,,,25.086666666666666,109.59666666666666,6.028,1.456,41.458,,0.356,2025,Siltara,Hourly,1,190
2025-01-10 13:30:00,,,,21.553333333333335,112.82,6.036,1.262,80.45599999999999,,0.332,2025,Siltara,Hourly,1,190
2025-01-10 13:45:00,,,,18.02,,6.044,1.068,119.454,,0.308,2025,Siltara,Hourly,1,190
2025-01-10 14:00:00,,,,,,,,,,,2025,Siltara,Hourly,1,190
2025-01-10 14:15:00,,,,,122.49,6.06,0.68,197.45,,0.26,2025,Siltara,Hourly,1,190
2025-01-10 14:30:00,62.55,24.42,63.79,7.42,111.20333333333333,6.9,0.58,205.64,,0.36,2025,Siltara,Hourly,1,190
2025-01-10 14:45:00,64.89333333333333,24.186666666666667,65.54833333333333,7.208333333333333,99.91666666666666,6.7700000000000005,0.5539999999999999,206.016,,0.378,2025,Siltara,Hourly,1,190
2025-01-10 15:00:00,67.23666666666666,23.953333333333333,67.30666666666667,6.996666666666667,88.63,6.640000000000001,0.528,206.392,,0.396,2025,Siltara,Hourly,1,190
2025-01-10 15:15:00,69.58,23.72,69.065,6.785,,6.51,0.502,206.768,,0.41400000000000003,2025,Siltara,Hourly,1,190
2025-01-10 15:30:00,,,,,,,,,,,2025,Siltara,Hourly,1,190
2025-01-10 15:45:00,,,,,54.77,6.25,0.45,207.52,,0.45,2025,Siltara,Hourly,1,190
2025-01-10 16:00:00,76.61,23.02,74.34,6.15,55.096000000000004,5.92,0.37,285.82,,0.35,2025,Siltara,Hourly,1,190
2025-01-10 16:15:00,76.422,23.412,74.394,6.196000000000001,55.422000000000004,6.3774999999999995,0.6775,303.47249999999997,,0.3725,2025,Siltara,Hourly,1,190
2025-01-10 16:30:00,76.234,23.804,74.44800000000001,6.242,55.748,6.835,0.985,321.125,,0.395,2025,Siltara,Hourly,1,190
2025-01-10 16:45:00,76.046,24.196,74.502,6.288,,7.2925,1.2925,338.77750000000003,,0.4175,2025,Siltara,Hourly,1,190
2025-01-10 17:00:00,,,,,56.4,7.75,1.6,356.43,,0.44,2025,Siltara,Hourly,1,190
2025-01-10 17:15:00,75.67,24.98,74.61,6.38,67.795,16.13,0.39,305.87,,0.33,2025,Siltara,Hourly,1,190
2025-01-10 17:30:00,76.935,25.3125,75.7975,6.35,79.19,15.343333333333332,0.3433333333333333,308.51666666666665,,0.3966666666666667,2025,Siltara,Hourly,1,190
2025-01-10 17:45:00,78.2,25.645,76.985,6.319999999999999,90.58500000000001,14.556666666666667,0.2966666666666667,311.16333333333336,,0.4633333333333334,2025,Siltara,Hourly,1,190
2025-01-10 18:00:00,79.465,25.9775,78.1725,6.29,101.98,13.77,0.25,313.81,,0.53,2025,Siltara,Hourly,1,190
2025-01-10 18:15:00,80.73,26.31,79.36,6.26,1.49,10.62,0.25,313.81,,0.48,2025,Siltara,Hourly,1,190
2025-01-10 18:30:00,82.4475,26.305,80.7325,6.42,1.9766666666666666,10.573333333333332,0.2833333333333333,283.67,,0.48666666666666664,2025,Siltara,Hourly,1,190
2025-01-10 18:45:00,84.16499999999999,26.299999999999997,82.10499999999999,6.58,2.4633333333333334,10.526666666666667,0.31666666666666665,253.52999999999997,,0.49333333333333335,2025,Siltara,Hourly,1,190
2025-01-10 19:00:00,85.8825,26.294999999999998,83.47749999999999,6.74,2.95,10.48,0.35,223.39,,0.5,2025,Siltara,Hourly,1,190
2025-01-10 19:15:00,87.6,26.29,84.85,6.9,38.04,7.24,0.27,230.04,,0.59,2025,Siltara,Hourly,1,190
2025-01-10 19:30:00,89.73,26.63,86.74,6.34,38.04,7.24,0.46,209.94,,0.52,2025,Siltara,Hourly,1,190
2025-01-10 19:45:00,91.11333333333333,25.733333333333334,87.38333333333333,6.05,38.04,7.24,0.38,231.14499999999998,,0.43000000000000005,2025,Siltara,Hourly,1,190
2025-01-10 20:00:00,92.49666666666667,24.836666666666666,88.02666666666667,5.76,38.04,7.24,0.3,252.35,,0.34,2025,Siltara,Hourly,1,190
2025-01-10 20:15:00,93.88,23.94,88.67,5.47,60.96,5.5,0.14,239.29,,0.65,2025,Siltara,Hourly,1,190
2025-01-10 20:30:00,95.67,25.22,90.77,4.09,61.75,5.46,0.18,213.64,,0.62,2025,Siltara,Hourly,1,190
2025-01-10 20:45:00,80.78,34.22,83.53,1.21,61.75,5.46,0.21,195.03,,0.65,2025,Siltara,Hourly,1,190
2025-01-10 21:00:00,67.07,24.08,67.23,1.9466666666666665,61.63,7.27,0.31,201.85,,0.5,2025,Siltara,Hourly,1,190
2025-01-10 21:15:00,69.82,21.52,68.1,2.683333333333333,61.25,13.2,0.43,211.49,,0.57,2025,Siltara,Hourly,1,190
2025-01-10 21:30:00,77.59,22.44,74.82,3.42,61.25,13.2,0.39,209.1,,0.59,2025,Siltara,Hourly,1,190
2025-01-10 21:45:00,74.75,23.72,73.21,,61.25,13.2,0.22,200.68,,0.9,2025,Siltara,Hourly,1,190
2025-01-10 22:00:00,67.53,28.73,70.04,,57.39,12.99,0.26,307.77,,0.94,2025,Siltara,Hourly,1,190
2025-01-10 22:15:00,71.93,25.4,71.83,5.63,44.72,12.31,0.73,321.5,,0.86,2025,Siltara,Hourly,1,190
2025-01-10 22:30:00,81.75,13.71,73.6,6.74,44.72,12.31,0.01,239.18,,0.75,2025,Siltara,Hourly,1,190
2025-01-10 22:45:00,82.78,11.97,73.51,8.25,44.72,12.31,0.42,192.05,,0.75,2025,Siltara,Hourly,1,190
2025-01-10 23:00:00,82.55,12.04,73.37,8.49,48.5,13.05,0.28,223.7,,0.75,2025,Siltara,Hourly,1,190
2025-01-10 23:15:00,82.4,12.1,73.28,7.74,60.92,15.5,0.3,115.26,,0.74,2025,Siltara,Hourly,1,190
2025-01-10 23:30:00,82.4,12.43,73.44,7.34,60.92,15.5,0.51,14.7,,0.73,2025,Siltara,Hourly,1,190
2025-01-10 23:45:00,82.5,13.0,73.82,6.65,60.92,15.5,0.56,355.1,,0.7,2025,Siltara,Hourly,1,190
2025-01-11 00:15:00,26.95,6.38,24.95,10.59,64.5,21.32,2.23,221.01,,11.51,2025,Siltara,Hourly,1,190
2025-01-11 00:30:00,25.88,7.6,24.72,10.75,64.87,22.82,2.56,207.2,,11.51,2025,Siltara,Hourly,1,190
2025-01-11 00:45:00,25.53,8.3,24.81,10.06,64.91,22.98,1.85,232.27,,11.51,2025,Siltara,Hourly,1,190
2025-01-11 01:00:00,25.34,8.39,24.7,9.77,64.91,22.98,1.85,234.09,,11.5,2025,Siltara,Hourly,1,190
2025-01-11 01:15:00,24.27,7.71,23.49,9.79,64.91,22.98,2.29,209.67,,11.5,2025,Siltara,Hourly,1,190
2025-01-11 01:30:00,21.57,12.65,23.9,8.18,59.78,19.94,2.02,233.3,,11.5,2025,Siltara,Hourly,1,190
2025-01-11 01:45:00,22.54,10.44,23.53,6.6,59.14,19.56,1.95,236.86,,11.49,2025,Siltara,Hourly,1,190
2025-01-11 02:00:00,22.63,10.93,23.86,6.23,59.14,19.56,1.61,247.39,,11.5,2025,Siltara,Hourly,1,190
2025-01-11 02:15:00,24.2,9.46,24.35,3.79,59.14,19.56,1.92,213.91,,11.5,2025,Siltara,Hourly,1,190
2025-01-11 02:30:00,26.78,7.45,25.36,5.36,58.92,21.11,1.85,216.19,,11.49,2025,Siltara,Hourly,1,190
2025-01-11 02:45:00,28.05,7.56,26.45,6.72,58.89,21.3,2.04,226.87,,11.5,2025,Siltara,Hourly,1,190
2025-01-11 03:00:00,31.01,7.56,28.81,9.44,58.89,21.3,1.51,219.0,,11.5,2025,Siltara,Hourly,1,190
2025-01-11 03:15:00,29.47,7.18,27.39,11.43,58.89,21.3,1.87,209.3,,11.49,2025,Siltara,Hourly,1,190
2025-01-11 03:30:00,28.57,6.93,26.53,11.07,77.18,29.32,1.82,223.14,,11.49,2025,Siltara,Hourly,1,190
2025-01-11 03:45:00,28.3,6.53,26.11,9.92,79.47,30.32,1.78,208.99,,11.5,2025,Siltara,Hourly,1,190
2025-01-11 04:00:00,27.49,6.85,25.62,10.05,79.47,30.32,1.79,220.76,,11.5,2025,Siltara,Hourly,1,190
2025-01-11 04:15:00,29.6,6.71,27.24,10.13,79.47,30.32,1.1,212.76,,11.51,2025,Siltara,Hourly,1,190
2025-01-11 04:30:00,25.52,9.47,25.41,9.34,71.13,29.15,1.08,216.29,,11.5,2025,Siltara,Hourly,1,190
2025-01-11 04:45:00,24.09,11.36,25.25,6.8,70.09,29.0,0.91,210.94,,11.5,2025,Siltara,Hourly,1,190
2025-01-11 05:00:00,24.14,12.2,25.73,5.98,70.09,29.0,0.84,208.58,,11.5,2025,Siltara,Hourly,1,190
2025-01-11 05:15:00,23.45,9.84,23.94,5.32,70.09,29.0,0.48,283.14,,11.49,2025,Siltara,Hourly,1,190
2025-01-11 05:30:00,25.6,8.65,25.05,4.37,68.23,27.16,0.39,176.34,,11.5,2025,Siltara,Hourly,1,190
2025-01-11 05:45:00,30.44,26.49,38.25,4.66,68.0,26.93,0.54,215.26,,11.51,2025,Siltara,Hourly,1,190
2025-01-11 06:00:00,30.71,9.94,29.83,4.47,68.0,26.93,0.88,201.31,,11.5,2025,Siltara,Hourly,1,190
2025-01-11 06:15:00,29.73,7.15,27.58,2.54,68.0,26.93,0.82,210.56,,11.5,2025,Siltara,Hourly,1,190
2025-01-11 06:30:00,28.24,6.48,26.03,5.81,55.86,26.3,0.83,197.29,,11.5,2025,Siltara,Hourly,1,190
2025-01-11 06:45:00,27.74,6.97,25.89,7.81,54.34,26.22,0.57,209.65,,11.5,2025,Siltara,Hourly,1,190
2025-01-11 07:00:00,28.23,6.83,26.2,9.09,54.34,26.22,0.62,202.25,,11.5,2025,Siltara,Hourly,1,190
2025-01-11 07:15:00,28.44,6.48,26.19,9.85,54.34,26.22,0.42,209.59,,11.5,2025,Siltara,Hourly,1,190
2025-01-11 07:30:00,30.32,8.03,28.51,10.81,53.34,24.53,0.17,231.97,,11.5,2025,Siltara,Hourly,1,190
2025-01-11 07:45:00,33.05,9.96,31.71,8.71,53.21,24.32,0.21,163.92,,11.5,2025,Siltara,Hourly,1,190
2025-01-11 08:00:00,32.41,8.44,30.4,11.44,53.21,24.32,0.34,191.13,,11.51,2025,Siltara,Hourly,1,190
2025-01-11 08:15:00,32.34,7.52,29.86,15.8,53.21,24.32,0.57,187.0,,11.51,2025,Siltara,Hourly,1,190
2025-01-11 08:30:00,31.64,7.29,29.18,18.48,67.73,24.79,0.44,208.1,,11.51,2025,Siltara,Hourly,1,190
2025-01-11 08:45:00,31.58,6.78,28.87,20.63,69.54,24.84,0.49,204.54,,11.5,2025,Siltara,Hourly,1,190
2025-01-11 09:00:00,30.32,7.8,28.39,22.2,69.54,24.84,0.62,337.1,,11.5,2025,Siltara,Hourly,1,190
2025-01-11 09:15:00,30.52,7.98,28.64,22.61,69.54,24.84,0.67,330.18,,11.5,2025,Siltara,Hourly,1,190
2025-01-11 09:30:00,28.68,7.61,26.97,20.79,80.82,25.98,0.68,315.94,,11.51,2025,Siltara,Hourly,1,190
2025-01-11 09:45:00,30.04,7.6,28.06,20.51,82.23,26.12,0.98,354.11,,11.5,2025,Siltara,Hourly,1,190
2025-01-11 10:00:00,28.64,7.76,27.02,20.32,82.23,26.12,0.71,321.55,,11.5,2025,Siltara,Hourly,1,190
2025-01-11 10:15:00,28.13,7.27,26.36,12.85,82.23,26.12,0.88,317.15,,11.5,2025,Siltara,Hourly,1,190
2025-01-11 10:30:00,27.95,7.03,26.09,19.4,107.88,26.94,1.67,0.99,,11.51,2025,Siltara,Hourly,1,190
2025-01-11 10:45:00,28.2,7.48,26.52,15.71,110.73,27.05,0.99,341.1,,11.5,2025,Siltara,Hourly,1,190
2025-01-11 11:00:00,28.59,6.5,26.32,11.72,110.73,27.05,0.65,352.27,,11.49,2025,Siltara,Hourly,1,190
2025-01-11 11:15:00,30.78,7.81,28.71,11.49,110.73,27.05,1.18,359.87,,11.5,2025,Siltara,Hourly,1,190
2025-01-11 11:30:00,32.35,6.25,29.21,13.29,131.09,24.87,1.67,12.3,,11.5,2025,Siltara,Hourly,1,190
2025-01-11 11:45:00,28.81,6.17,26.32,14.96,133.64,24.6,1.58,356.86,,11.49,2025,Siltara,Hourly,1,190
2025-01-11 12:00:00,27.47,7.11,25.74,15.28,133.64,24.6,0.33,310.4,,11.5,2025,Siltara,Hourly,1,190
2025-01-11 12:15:00,26.93,7.14,25.32,14.85,133.64,24.6,1.0,315.49,,11.5,2025,Siltara,Hourly,1,190
2025-01-11 12:30:00,28.61,7.69,26.96,14.22,122.93,23.25,1.33,355.36,,11.51,2025,Siltara,Hourly,1,190
2025-01-11 12:45:00,30.14,10.26,29.53,13.49,121.6,23.08,1.64,1.44,,11.5,2025,Siltara,Hourly,1,190
2025-01-11 13:00:00,26.91,7.06,25.27,13.37,121.6,23.08,0.92,326.13,,11.5,2025,Siltara,Hourly,1,190
2025-01-11 13:15:00,26.02,6.95,24.38,12.74,121.6,23.08,1.43,357.15,,11.51,2025,Siltara,Hourly,1,190
2025-01-11 13:30:00,26.96,5.78,24.65,12.42,121.33,21.6,1.67,2.03,,11.5,2025,Siltara,Hourly,1,190
2025-01-11 13:45:00,25.46,5.67,23.38,6.74,121.3,21.42,1.8,357.38,,11.48,2025,Siltara,Hourly,1,190
2025-01-11 14:00:00,24.01,4.97,21.85,7.48,121.3,21.42,0.62,351.62,,11.49,2025,Siltara,Hourly,1,190
2025-01-11 14:15:00,27.0,4.71,24.11,4.95,121.3,21.42,1.88,0.16,,11.5,2025,Siltara,Hourly,1,190
2025-01-11 14:30:00,28.03,4.96,25.07,7.7,113.43,21.09,2.1,359.73,,11.5,2025,Siltara,Hourly,1,190
2025-01-11 14:45:00,27.67,4.86,24.73,8.51,112.45,21.05,2.91,1.42,,11.49,2025,Siltara,Hourly,1,190
2025-01-11 15:00:00,28.12,5.61,25.48,8.98,112.45,21.05,2.52,2.59,,11.49,2025,Siltara,Hourly,1,190
2025-01-11 15:15:00,26.26,4.07,23.18,8.88,112.45,21.05,2.12,3.62,,11.5,2025,Siltara,Hourly,1,190
2025-01-11 15:30:00,23.56,4.69,21.34,8.37,117.32,18.96,1.82,355.86,,11.51,2025,Siltara,Hourly,1,190
2025-01-11 15:45:00,26.66,8.24,25.68,8.19,117.86,18.7,1.79,3.62,,11.51,2025,Siltara,Hourly,1,190
2025-01-11 16:00:00,24.17,7.16,23.13,7.92,117.86,18.7,1.76,357.27,,11.51,2025,Siltara,Hourly,1,190
2025-01-11 16:15:00,25.63,6.1,23.74,7.56,117.86,18.7,2.42,0.12,,11.5,2025,Siltara,Hourly,1,190
2025-01-11 16:30:00,27.73,9.79,27.36,6.78,123.15,18.64,1.84,5.75,,11.5,2025,Siltara,Hourly,1,190
2025-01-11 16:45:00,28.11,10.01,27.78,6.76,123.73,18.64,1.69,354.47,,11.51,2025,Siltara,Hourly,1,190
2025-01-11 17:00:00,25.89,10.34,26.17,5.65,123.73,18.64,1.71,1.43,,11.51,2025,Siltara,Hourly,1,190
2025-01-11 17:15:00,28.43,8.8,27.4,5.01,123.73,18.64,1.69,3.4,,11.51,2025,Siltara,Hourly,1,190
2025-01-11 17:30:00,33.91,7.94,31.34,5.24,140.82,17.27,0.29,1.59,,11.51,2025,Siltara,Hourly,1,190
2025-01-11 17:45:00,33.05,8.9,31.07,5.22,142.72,17.1,1.57,359.42,,11.51,2025,Siltara,Hourly,1,190
2025-01-11 18:00:00,35.77,15.19,36.57,5.18,142.72,17.1,1.02,6.71,,11.5,2025,Siltara,Hourly,1,190
2025-01-11 18:15:00,38.12,14.15,37.95,4.09,142.72,17.1,1.37,339.52,,11.49,2025,Siltara,Hourly,1,190
2025-01-11 18:30:00,33.27,7.75,30.73,5.84,153.83,19.2,1.09,311.25,,11.5,2025,Siltara,Hourly,1,190
2025-01-11 18:45:00,33.11,5.95,29.66,5.96,155.22,19.46,1.25,323.95,,11.49,2025,Siltara,Hourly,1,190
2025-01-11 19:00:00,33.38,6.45,30.14,5.67,155.22,19.46,1.28,6.63,,11.49,2025,Siltara,Hourly,1,190
2025-01-11 19:15:00,31.66,5.78,28.41,5.63,155.22,19.46,0.73,203.54,,11.49,2025,Siltara,Hourly,1,190
2025-01-11 19:30:00,33.25,6.47,30.04,5.78,67.11,17.8,0.51,125.01,,11.5,2025,Siltara,Hourly,1,190
2025-01-11 19:45:00,35.61,7.71,32.59,5.91,56.09,17.59,0.53,155.58,,11.5,2025,Siltara,Hourly,1,190
2025-01-11 20:00:00,51.7,12.68,48.09,5.91,56.09,17.59,0.14,345.03,,11.5,2025,Siltara,Hourly,1,190
2025-01-11 20:15:00,44.2,13.77,42.64,4.89,56.09,17.59,0.13,196.36,,11.5,2025,Siltara,Hourly,1,190
2025-01-11 20:30:00,35.2,10.43,33.67,4.04,74.52,19.26,0.89,194.83,,11.5,2025,Siltara,Hourly,1,190
2025-01-11 20:45:00,32.23,8.5,30.29,4.38,76.82,19.47,0.59,165.74,,11.5,2025,Siltara,Hourly,1,190
2025-01-11 21:00:00,35.67,6.4,31.95,4.2,76.82,19.47,0.62,63.0,,11.5,2025,Siltara,Hourly,1,190
2025-01-11 21:15:00,34.7,6.19,31.06,4.13,76.82,19.47,0.74,168.51,,11.5,2025,Siltara,Hourly,1,190
2025-01-11 21:30:00,33.29,5.56,29.6,4.73,55.21,21.65,0.77,174.19,,11.5,2025,Siltara,Hourly,1,190
2025-01-11 21:45:00,33.55,5.52,29.79,4.87,52.51,21.92,0.19,80.91,,11.5,2025,Siltara,Hourly,1,190
2025-01-11 22:00:00,34.39,5.54,30.48,4.91,52.51,21.92,1.03,18.75,,11.5,2025,Siltara,Hourly,1,190
2025-01-11 22:15:00,33.75,5.35,29.86,3.38,52.51,21.92,0.36,33.03,,11.51,2025,Siltara,Hourly,1,190
2025-01-11 22:30:00,36.11,6.24,32.22,5.13,60.23,21.95,0.79,198.51,,11.49,2025,Siltara,Hourly,1,190
2025-01-11 22:45:00,38.54,6.73,34.43,5.24,61.2,21.95,0.75,175.21,,11.5,2025,Siltara,Hourly,1,190
2025-01-11 23:00:00,35.93,6.86,32.4,4.82,61.2,21.95,0.78,206.33,,11.51,2025,Siltara,Hourly,1,190
2025-01-11 23:15:00,28.76,7.39,26.92,4.36,61.2,21.95,0.95,208.67,,11.51,2025,Siltara,Hourly,1,190
2025-01-11 23:30:00,31.5,7.99,29.43,3.61,49.22,18.25,0.81,223.26,,11.5,2025,Siltara,Hourly,1,190
2025-01-11 23:45:00,39.54,8.01,35.89,3.76,47.72,17.78,0.89,12.43,,11.49,2025,Siltara,Hourly,1,190
2025-01-12 00:15:00,45.29,9.57,41.32,4.03,99.33,35.49,0.55,197.06,0.36,11.48,2025,Siltara,Hourly,0,0
2025-01-12 00:30:00,44.82,9.64,40.98,4.13,99.33,35.49,0.46,253.41,0.36,11.49,2025,Siltara,Hourly,0,0
2025-01-12 00:45:00,44.31,10.02,40.77,4.09,98.71,35.34,0.69,154.37,0.36,11.49,2025,Siltara,Hourly,0,0
2025-01-12 01:00:00,43.84,10.52,40.66,4.0,80.94,31.09,0.57,67.51,0.36,11.49,2025,Siltara,Hourly,0,0
2025-01-12 01:15:00,42.92,11.19,40.27,4.14,80.94,31.09,0.83,145.98,0.71,11.5,2025,Siltara,Hourly,0,0
2025-01-12 01:30:00,41.88,11.67,39.69,3.94,80.94,31.09,0.17,72.53,0.7,11.5,2025,Siltara,Hourly,0,0
2025-01-12 01:45:00,40.57,12.06,38.83,3.84,79.99,31.1,2.17,14.59,0.7,11.49,2025,Siltara,Hourly,0,0
2025-01-12 02:00:00,39.73,11.89,38.07,3.87,52.32,31.52,2.18,16.8,0.71,11.5,2025,Siltara,Hourly,0,0
2025-01-12 02:15:00,37.66,8.4,34.58,3.24,52.32,31.52,1.69,333.17,0.71,11.5,2025,Siltara,Hourly,0,0
2025-01-12 02:30:00,36.83,7.15,33.27,3.83,52.32,31.52,2.24,9.86,0.7,11.51,2025,Siltara,Hourly,0,0
2025-01-12 02:45:00,36.86,7.09,33.26,3.94,52.79,31.35,2.05,8.52,0.7,11.51,2025,Siltara,Hourly,0,0
2025-01-12 03:00:00,31.43,9.06,29.94,4.52,66.34,26.41,3.58,16.42,0.7,11.51,2025,Siltara,Hourly,0,0
2025-01-12 03:15:00,35.32,7.91,32.46,3.99,66.34,26.41,2.71,33.5,0.71,11.5,2025,Siltara,Hourly,0,0
2025-01-12 03:30:00,36.38,8.02,33.36,4.06,66.34,26.41,2.22,2.81,0.71,11.5,2025,Siltara,Hourly,0,0
2025-01-12 03:45:00,36.14,8.4,33.37,4.58,66.29,26.32,2.6,1.99,0.69,11.5,2025,Siltara,Hourly,0,0
2025-01-12 04:00:00,35.8,8.79,33.3,4.26,64.89,23.64,3.1,13.7,0.7,11.51,2025,Siltara,Hourly,0,0
2025-01-12 04:15:00,35.45,9.13,33.2,4.26,64.89,23.64,1.79,43.39,0.71,11.5,2025,Siltara,Hourly,0,0
2025-01-12 04:30:00,35.28,9.5,33.25,3.92,64.89,23.64,2.28,33.75,0.69,11.5,2025,Siltara,Hourly,0,0
2025-01-12 04:45:00,35.57,9.9,33.7,3.79,64.61,23.53,1.92,53.82,0.69,11.51,2025,Siltara,Hourly,0,0
2025-01-12 05:00:00,35.49,10.49,33.94,4.26,56.52,20.3,2.81,7.06,0.71,11.5,2025,Siltara,Hourly,0,0
2025-01-12 05:15:00,35.29,8.8,32.9,4.4,56.52,20.3,2.62,19.27,0.69,11.51,2025,Siltara,Hourly,0,0
2025-01-12 05:30:00,35.14,8.21,32.47,3.96,56.52,20.3,2.08,67.09,0.72,11.5,2025,Siltara,Hourly,0,0
2025-01-12 05:45:00,37.99,15.73,38.68,4.23,57.28,20.36,2.85,15.02,0.7,11.51,2025,Siltara,Hourly,0,0
2025-01-12 06:00:00,32.92,14.94,34.21,4.42,79.55,21.92,2.33,345.52,0.69,11.5,2025,Siltara,Hourly,0,0
2025-01-12 06:15:00,34.79,11.28,33.79,2.65,79.55,21.92,2.88,347.74,0.68,11.5,2025,Siltara,Hourly,0,0
2025-01-12 06:30:00,36.83,8.05,33.74,3.27,79.55,21.92,1.58,14.48,0.71,11.5,2025,Siltara,Hourly,0,0
2025-01-12 06:45:00,36.63,7.96,33.54,3.4,81.79,21.92,1.67,6.17,0.71,11.5,2025,Siltara,Hourly,0,0
2025-01-12 07:00:00,36.4,8.03,33.39,3.64,105.71,21.95,1.6,8.53,0.71,11.5,2025,Siltara,Hourly,0,0
2025-01-12 07:15:00,36.06,8.18,33.19,3.39,105.71,21.95,1.73,6.27,0.7,11.5,2025,Siltara,Hourly,0,0
2025-01-12 07:30:00,35.75,8.43,33.07,3.67,105.71,21.95,1.74,357.18,0.74,11.5,2025,Siltara,Hourly,0,0
2025-01-12 07:45:00,35.72,8.64,33.16,3.41,102.09,22.03,2.45,9.31,0.7,11.51,2025,Siltara,Hourly,0,0
2025-01-12 08:00:00,35.79,9.22,33.52,3.41,70.77,24.24,3.77,6.37,0.69,11.5,2025,Siltara,Hourly,0,0
2025-01-12 08:15:00,35.75,9.12,33.44,3.36,70.77,24.24,3.11,3.13,0.71,11.49,2025,Siltara,Hourly,0,0
2025-01-12 08:30:00,34.37,7.93,31.7,3.42,70.77,24.24,2.66,358.67,0.69,11.5,2025,Siltara,Hourly,0,0
2025-01-12 08:45:00,33.14,7.33,30.41,3.51,70.68,24.47,2.9,9.96,0.7,11.5,2025,Siltara,Hourly,0,0
2025-01-12 09:00:00,34.81,12.19,34.28,3.5,69.84,31.14,3.28,18.86,0.71,11.51,2025,Siltara,Hourly,0,0
2025-01-12 09:15:00,35.06,12.9,34.85,3.61,69.84,31.14,3.46,20.19,0.69,11.51,2025,Siltara,Hourly,0,0
2025-01-12 09:30:00,35.34,9.71,33.41,3.58,69.84,31.14,2.86,19.77,0.69,11.51,2025,Siltara,Hourly,0,0
2025-01-12 09:45:00,35.33,9.1,33.09,4.1,69.53,31.43,3.0,24.69,0.69,11.49,2025,Siltara,Hourly,0,0
2025-01-12 10:00:00,35.33,9.2,33.14,3.9,66.85,39.76,2.32,33.98,0.7,11.49,2025,Siltara,Hourly,0,0
2025-01-12 10:15:00,35.26,10.1,33.55,3.49,66.85,39.76,2.7,34.02,0.7,11.49,2025,Siltara,Hourly,0,0
2025-01-12 10:30:00,35.45,10.96,34.16,4.71,66.85,39.76,2.67,38.17,0.69,11.5,2025,Siltara,Hourly,0,0
2025-01-12 10:45:00,35.32,11.7,34.44,4.44,72.53,40.37,1.73,69.14,0.7,11.5,2025,Siltara,Hourly,0,0
2025-01-12 11:00:00,34.83,12.33,34.37,4.52,121.75,57.9,1.68,64.46,0.69,11.5,2025,Siltara,Hourly,0,0
2025-01-12 11:15:00,33.62,13.19,33.85,4.71,121.75,57.9,1.75,58.05,0.68,11.49,2025,Siltara,Hourly,0,0
2025-01-12 11:30:00,31.44,12.43,31.71,5.74,121.75,57.9,2.04,49.63,0.69,11.5,2025,Siltara,Hourly,0,0
2025-01-12 11:45:00,26.93,15.05,29.46,8.26,120.08,57.66,1.74,75.11,0.71,11.5,2025,Siltara,Hourly,0,0
2025-01-12 12:00:00,24.81,17.73,29.16,8.09,105.55,50.8,2.19,50.03,0.7,11.5,2025,Siltara,Hourly,0,0
2025-01-12 12:15:00,23.51,24.29,31.54,6.75,105.55,50.8,2.15,59.22,0.7,11.5,2025,Siltara,Hourly,0,0
2025-01-12 12:30:00,23.57,17.53,28.06,13.59,105.55,50.8,2.45,51.19,0.71,11.51,2025,Siltara,Hourly,0,0
2025-01-12 12:45:00,25.55,14.67,28.15,15.44,104.09,50.89,1.58,54.57,0.7,11.5,2025,Siltara,Hourly,0,0
2025-01-12 13:00:00,25.32,13.02,27.11,12.47,91.39,53.33,1.11,80.7,0.69,11.5,2025,Siltara,Hourly,0,0
2025-01-12 13:15:00,24.43,12.64,26.19,10.34,91.39,53.33,1.33,33.71,0.71,11.5,2025,Siltara,Hourly,0,0
2025-01-12 13:30:00,23.46,12.5,25.35,8.65,91.39,53.33,0.9,26.78,0.7,11.5,2025,Siltara,Hourly,0,0
2025-01-12 13:45:00,21.4,13.82,24.39,9.41,89.19,52.93,0.92,32.98,0.71,11.51,2025,Siltara,Hourly,0,0
2025-01-12 14:00:00,20.68,14.82,24.33,11.76,70.15,41.19,1.6,80.38,0.69,11.5,2025,Siltara,Hourly,0,0
2025-01-12 14:15:00,19.77,14.86,23.62,4.87,70.15,41.19,1.4,20.24,0.69,11.5,2025,Siltara,Hourly,0,0
2025-01-12 14:30:00,19.05,15.59,23.42,12.45,70.15,41.19,1.96,38.9,0.68,11.51,2025,Siltara,Hourly,0,0
2025-01-12 14:45:00,17.89,13.05,21.17,13.1,72.44,41.26,2.57,16.9,0.69,11.5,2025,Siltara,Hourly,0,0
2025-01-12 15:00:00,17.76,13.57,21.33,9.98,93.11,43.13,2.18,45.05,0.7,11.49,2025,Siltara,Hourly,0,0
2025-01-12 15:15:00,19.07,13.44,22.31,7.32,93.11,43.13,1.93,39.78,0.71,11.5,2025,Siltara,Hourly,0,0
2025-01-12 15:30:00,19.63,12.32,22.18,6.98,93.11,43.13,2.41,48.45,0.69,11.5,2025,Siltara,Hourly,0,0
2025-01-12 15:45:00,19.4,14.52,23.15,7.37,96.07,43.2,3.12,17.81,0.68,11.49,2025,Siltara,Hourly,0,0
2025-01-12 16:00:00,19.6,16.19,24.18,7.84,122.78,45.12,3.29,25.94,0.67,11.5,2025,Siltara,Hourly,0,0
2025-01-12 16:15:00,20.75,18.14,26.12,7.89,122.78,45.12,2.98,25.23,0.7,11.5,2025,Siltara,Hourly,0,0
2025-01-12 16:30:00,22.22,19.93,28.23,8.48,122.78,45.12,3.0,8.91,0.69,11.5,2025,Siltara,Hourly,0,0
2025-01-12 16:45:00,21.49,19.11,27.22,8.53,125.35,45.18,2.95,11.73,0.69,11.5,2025,Siltara,Hourly,0,0
2025-01-12 17:00:00,24.41,20.29,30.18,7.69,148.45,46.86,2.83,10.58,0.72,11.5,2025,Siltara,Hourly,0,0
2025-01-12 17:15:00,27.73,19.57,32.46,7.25,148.45,46.86,2.73,10.19,0.69,11.49,2025,Siltara,Hourly,0,0
2025-01-12 17:30:00,27.14,17.95,31.14,6.58,149.85,46.86,2.38,8.52,0.71,11.49,2025,Siltara,Hourly,0,0
2025-01-12 17:45:00,56.87,29.4,60.96,6.87,190.47,46.94,2.01,14.14,0.7,11.5,2025,Siltara,Hourly,0,0
2025-01-12 18:00:00,51.93,20.75,52.49,6.58,190.47,49.27,0.74,13.54,0.68,11.5,2025,Siltara,Hourly,0,0
2025-01-12 18:15:00,51.98,20.49,53.22,4.05,190.47,49.27,1.01,3.05,0.73,11.5,2025,Siltara,Hourly,0,0
2025-01-12 18:30:00,54.16,25.06,56.53,4.81,190.47,49.27,1.11,10.39,0.7,11.49,2025,Siltara,Hourly,0,0
2025-01-12 18:45:00,44.48,14.5,43.25,5.02,190.47,49.58,0.89,5.03,0.68,11.49,2025,Siltara,Hourly,0,0
2025-01-12 19:00:00,46.34,12.64,43.77,5.44,258.39,58.56,0.88,13.6,0.71,11.49,2025,Siltara,Hourly,0,0
2025-01-12 19:15:00,48.33,12.88,45.49,5.45,258.39,58.56,1.2,5.72,0.69,11.5,2025,Siltara,Hourly,0,0
2025-01-12 19:30:00,49.75,13.33,46.86,5.41,258.39,58.56,0.97,8.73,0.71,11.5,2025,Siltara,Hourly,0,0
2025-01-12 19:45:00,50.74,13.9,47.95,5.35,266.25,58.75,0.31,197.72,0.71,11.51,2025,Siltara,Hourly,0,0
2025-01-12 20:00:00,51.7,14.06,48.81,4.81,274.86,64.28,2.26,224.6,0.69,11.5,2025,Siltara,Hourly,0,0
2025-01-12 20:15:00,51.89,14.4,49.14,4.4,274.86,64.28,2.32,214.92,0.71,11.5,2025,Siltara,Hourly,0,0
2025-01-12 20:30:00,51.44,14.53,48.84,4.49,274.86,64.28,1.63,228.19,0.7,11.5,2025,Siltara,Hourly,0,0
2025-01-12 20:45:00,49.89,14.02,47.34,4.72,135.98,63.78,0.98,130.9,0.71,11.49,2025,Siltara,Hourly,0,0
2025-01-12 21:00:00,39.66,17.79,41.1,6.27,135.98,49.23,1.77,83.05,0.7,11.5,2025,Siltara,Hourly,0,0
2025-01-12 21:15:00,42.42,13.52,41.08,4.93,135.98,49.23,0.89,188.31,0.71,11.5,2025,Siltara,Hourly,0,0
2025-01-12 21:30:00,40.67,15.77,40.86,5.02,135.98,49.23,0.59,264.29,0.69,11.5,2025,Siltara,Hourly,0,0
2025-01-12 21:45:00,41.02,14.1,40.26,4.4,134.37,48.95,0.15,29.53,0.7,11.5,2025,Siltara,Hourly,0,0
2025-01-12 22:00:00,46.15,12.52,43.55,4.47,119.85,40.64,0.51,21.47,0.69,11.51,2025,Siltara,Hourly,0,0
2025-01-12 22:15:00,47.72,12.27,44.68,3.33,119.85,40.64,0.07,226.61,0.71,11.5,2025,Siltara,Hourly,0,0
2025-01-12 22:30:00,46.6,13.44,44.39,5.51,119.85,40.64,0.37,138.66,0.72,11.5,2025,Siltara,Hourly,0,0
2025-01-12 22:45:00,45.13,13.95,43.48,5.98,114.81,40.35,1.02,173.99,0.73,11.5,2025,Siltara,Hourly,0,0
2025-01-12 23:00:00,44.63,13.58,42.89,5.93,69.44,31.97,0.96,188.51,0.71,11.5,2025,Siltara,Hourly,0,0
2025-01-12 23:15:00,43.3,13.33,41.69,5.59,69.44,31.97,1.17,184.57,0.71,11.51,2025,Siltara,Hourly,0,0
2025-01-12 23:30:00,42.75,12.85,40.99,5.39,69.44,31.97,1.29,205.03,0.67,11.5,2025,Siltara,Hourly,0,0
2025-01-12 23:45:00,42.04,12.87,40.44,4.97,65.54,31.39,1.34,230.01,0.71,11.5,2025,Siltara,Hourly,0,0
2022-01-06 02:00:00,3.94,14.89,18.85,15.08,106.74,42.86,1.87,35.95,0.68,47.04,2022,IGKV,Hourly,0,0
2022-01-06 03:00:00,3.35,11.29,14.87,15.13,59.17,23.2,1.87,36.14,0.63,33.55,2022,IGKV,Hourly,0,0
2022-01-06 04:00:00,3.13,11.35,14.48,14.76,59.24,20.0,1.88,35.69,0.59,33.5,2022,IGKV,Hourly,0,0
2022-01-06 05:00:00,3.08,11.39,14.59,15.43,57.29,23.02,1.87,36.3,0.57,33.98,2022,IGKV,Hourly,0,0
2022-01-06 06:00:00,3.05,11.45,14.67,15.41,65.68,22.85,1.88,36.07,0.53,34.61,2022,IGKV,Hourly,0,0
2022-01-06 07:00:00,2.95,11.97,15.08,14.84,68.87,24.96,1.9,36.39,0.51,38.16,2022,IGKV,Hourly,0,0
2022-01-06 08:00:00,2.47,12.73,15.25,14.69,71.56,29.1,4.3,36.8,0.51,38.8,2022,IGKV,Hourly,0,0
2022-01-06 09:00:00,1.75,12.67,14.95,14.47,80.72,30.2,7.61,38.72,0.53,39.38,2022,IGKV,Hourly,0,0
2022-01-06 10:00:00,1.11,12.4,13.93,14.72,86.78,34.2,15.01,39.86,0.6,38.03,2022,IGKV,Hourly,0,0
2022-01-06 11:00:00,0.99,13.11,14.25,14.44,101.98,36.85,20.12,41.21,0.8,36.1,2022,IGKV,Hourly,0,0
2022-01-06 12:00:00,1.21,11.27,12.48,15.58,125.81,41.4,26.44,39.41,0.82,27.31,2022,IGKV,Hourly,0,0
2022-01-06 13:00:00,1.17,13.15,14.32,16.43,132.25,42.1,24.92,39.63,0.78,22.73,2022,IGKV,Hourly,0,0
2022-01-06 14:00:00,1.24,14.39,15.66,15.22,147.86,45.69,3.9,33.37,0.75,24.04,2022,IGKV,Hourly,0,0
2022-01-06 15:00:00,1.36,14.6,15.98,14.17,167.73,46.01,0.61,33.0,0.7,24.97,2022,IGKV,Hourly,0,0
2022-01-06 16:00:00,1.72,14.38,16.36,13.11,176.36,50.19,0.8,11.77,0.64,27.76,2022,IGKV,Hourly,0,0
2022-01-06 17:00:00,1.62,14.01,15.77,12.49,177.3,47.94,0.79,311.84,0.55,29.4,2022,IGKV,Hourly,0,0
2022-01-06 18:00:00,1.69,15.17,18.01,13.3,170.22,43.95,0.97,2.26,0.48,28.55,2022,IGKV,Hourly,0,0
2022-01-06 19:00:00,2.04,21.38,28.58,15.74,157.01,41.29,0.42,8.54,0.48,24.64,2022,IGKV,Hourly,0,0
2022-01-06 20:00:00,8.02,25.05,38.12,19.75,162.62,41.94,0.2,50.36,0.66,20.22,2022,IGKV,Hourly,0,0
2022-01-06 21:00:00,12.61,24.84,39.4,10.02,190.63,52.5,0.77,45.08,0.75,21.27,2022,IGKV,Hourly,0,0
2022-01-06 22:00:00,11.83,23.33,39.77,10.4,190.44,51.08,0.15,64.59,0.78,21.09,2022,IGKV,Hourly,0,0
2022-01-06 23:00:00,10.4,18.25,29.61,15.72,182.26,49.02,0.15,155.95,0.8,23.49,2022,IGKV,Hourly,0,0
2022-01-08 01:00:00,9.52,8.54,17.66,4.25,62.38142857142857,21.32,0.19,193.42,1.07,17.76,2022,IGKV,Hourly,1,2
2022-01-08 02:00:00,8.81,8.21,16.93,4.27,57.77071428571429,22.09,0.14,176.81,1.06,17.54,2022,IGKV,Hourly,1,2
2022-01-08 03:00:00,8.4,8.1,16.36,4.27,53.16,22.09,0.14,173.69,1.02,17.32,2022,IGKV,Hourly,0,0
2022-01-08 04:00:00,7.95,7.42,15.37,4.27,53.58,20.31,0.25,182.54,0.95,16.92,2022,IGKV,Hourly,0,0
2022-01-08 05:00:00,7.69,6.76,14.45,4.25,53.58,17.57,0.2,151.6,0.9,15.43,2022,IGKV,Hourly,0,0
2022-01-08 06:00:00,7.71,6.59,14.23,4.22,47.82,17.02,0.19,181.52,0.88,15.37,2022,IGKV,Hourly,0,0
2022-01-08 07:00:00,7.65,6.63,14.19,4.28,47.22,16.89,0.12,208.59,0.85,15.37,2022,IGKV,Hourly,0,0
2022-01-08 08:00:00,7.54,6.74,14.08,4.19,39.12,16.89,0.32,251.44,0.79,15.57,2022,IGKV,Hourly,0,0
2022-01-08 09:00:00,6.77,8.08,13.81,4.34,47.95,18.06,0.42,259.38,0.79,17.04,2022,IGKV,Hourly,0,0
2022-01-08 10:00:00,4.79,9.13,13.47,4.28,54.79,18.06,0.42,273.71,0.84,16.9,2022,IGKV,Hourly,0,0
2022-01-08 11:00:00,3.02,9.11,11.97,4.01,57.8,17.76,1.63,323.08,0.86,16.04,2022,IGKV,Hourly,0,0
2022-01-08 12:00:00,4.77,9.9,14.68,3.92,57.8,17.16,1.21,49.23,0.87,16.75,2022,IGKV,Hourly,0,0
2022-01-08 13:00:00,6.96,9.82,16.7,4.63,52.16,17.47,1.18,59.33,0.81,17.26,2022,IGKV,Hourly,0,0
2022-01-08 14:00:00,6.76,9.61,16.32,4.17,52.16,19.53,0.73,60.28,0.78,16.45,2022,IGKV,Hourly,0,0
2022-01-08 15:00:00,6.34,10.28,16.36,4.08,48.26454545454545,19.53,0.62,358.55,0.73,15.5,2022,IGKV,Hourly,1,9
2022-01-08 16:00:00,6.68,10.34,16.53,3.84,44.36909090909091,18.75,0.55,355.16,0.69,15.31,2022,IGKV,Hourly,1,9
2022-01-08 17:00:00,10.27,17.07,27.34,3.6,40.47363636363636,17.99,0.81,47.92,0.67,17.92,2022,IGKV,Hourly,1,9
2022-01-08 18:00:00,13.42,22.76,36.15,0.77,,18.97,0.52,237.56,0.66,19.36,2022,IGKV,Hourly,1,9
2022-01-08 19:00:00,9.1,14.54,23.61,3.69,,18.97,0.41,267.45,0.64,19.58,2022,IGKV,Hourly,1,9
2022-01-08 20:00:00,8.91,11.73,20.64,3.96,,17.54,0.29,161.53,0.65,18.23,2022,IGKV,Hourly,1,9
2022-01-08 21:00:00,7.68,9.05,16.4,4.36,,16.1,0.27,167.97,0.64,17.19,2022,IGKV,Hourly,1,9
2022-01-08 22:00:00,14.77,9.78,24.55,5.07,,15.95,0.91,106.61,0.74,19.07,2022,IGKV,Hourly,1,9
2022-01-08 23:00:00,14.94,10.08,24.99,5.3,,15.95,0.84,201.29,0.75,19.29,2022,IGKV,Hourly,1,9
2022-01-09 01:00:00,3.07,4.02,6.95,5.59,9.31,5.88,0.19,230.18,0.46,13.61,2022,IGKV,Hourly,0,0
2022-01-09 02:00:00,3.26,4.04,7.3,5.37,7.01,4.46,0.17,253.98,0.46,16.9,2022,IGKV,Hourly,0,0
2022-01-09 03:00:00,3.51,4.14,7.57,5.37,7.27,4.46,0.16,216.51,0.46,17.24,2022,IGKV,Hourly,0,0
2022-01-09 04:00:00,3.53,4.14,7.63,5.59,7.27,3.24,0.15,253.44,0.44,17.31,2022,IGKV,Hourly,0,0
2022-01-09 05:00:00,3.6,4.16,7.71,5.54,6.64,2.53,0.35,263.12,0.43,17.18,2022,IGKV,Hourly,0,0
2022-01-09 06:00:00,3.64,4.11,7.69,5.71,4.65,1.84,0.14,259.4,0.41,16.88,2022,IGKV,Hourly,0,0
2022-01-09 07:00:00,3.89,4.01,7.72,4.95,3.25,1.78,0.3,234.82,0.41,16.58,2022,IGKV,Hourly,0,0
2022-01-09 08:00:00,4.08,3.89,7.97,4.88,2.34,3.11,0.61,265.4,0.36,14.1,2022,IGKV,Hourly,0,0
2022-01-09 09:00:00,4.07,4.01,7.93,4.89,11.63,4.27,0.55,259.16,0.38,14.09,2022,IGKV,Hourly,0,0
2022-01-09 10:00:00,4.12,5.34,9.46,4.84,19.82,6.31,0.73,267.17,0.48,13.63,2022,IGKV,Hourly,0,0
2022-01-09 11:00:00,3.94,5.69,9.04,4.86,37.56,10.15,0.43,323.96,0.53,13.65,2022,IGKV,Hourly,0,0
2022-01-09 12:00:00,3.05,5.9,8.88,4.87,42.98,13.27,0.41,325.0,0.61,15.93,2022,IGKV,Hourly,0,0
2022-01-09 13:00:00,1.96,5.77,7.64,5.64,51.2,13.27,0.3,199.42,0.55,16.18,2022,IGKV,Hourly,0,0
2022-01-09 14:00:00,2.11,5.76,7.87,5.02,51.2,15.9,0.26,134.65,0.55,15.49,2022,IGKV,Hourly,0,0
2022-01-09 15:00:00,1.78,5.28,7.06,5.0,57.64,18.14,0.38,188.88,0.56,15.83,2022,IGKV,Hourly,0,0
2022-01-09 16:00:00,1.49,4.75,6.23,4.8,57.64,18.14,0.5,260.09,0.55,15.29,2022,IGKV,Hourly,0,0
2022-01-09 17:00:00,2.74,6.46,9.21,4.97,53.06,14.91,0.26,329.44,0.51,15.4,2022,IGKV,Hourly,0,0
2022-01-09 18:00:00,1.67,4.31,5.97,4.89,53.06,14.09,0.32,158.19,0.47,12.51,2022,IGKV,Hourly,0,0
2022-01-09 19:00:00,1.73,3.91,5.63,5.37,37.83,11.9,0.25,156.67,0.46,12.94,2022,IGKV,Hourly,0,0
2022-01-09 20:00:00,2.02,4.2,6.22,5.43,33.8,12.1,0.16,191.2,0.47,12.86,2022,IGKV,Hourly,0,0
2022-01-09 21:00:00,2.32,4.41,6.74,5.56,33.65,12.1,0.15,204.56,0.51,12.87,2022,IGKV,Hourly,0,0
2022-01-09 22:00:00,2.79,4.65,7.44,5.77,37.67,12.78,0.18,211.46,0.57,16.88,2022,IGKV,Hourly,0,0
2022-01-09 23:00:00,4.13,4.99,9.12,6.14,37.67,14.09,0.18,191.29,0.57,16.94,2022,IGKV,Hourly,0,0
2022-01-10 01:00:00,5.1838461538461535,5.914615384615385,10.317692307692306,6.2846153846153845,46.221538461538465,16.686153846153847,0.1753846153846154,191.59692307692308,0.5976923076923076,16.390769230769234,2022,IGKV,Hourly,1,23
2022-01-10 02:00:00,5.71076923076923,6.376923076923077,10.916538461538462,6.356923076923077,50.49730769230769,17.98423076923077,0.17307692307692307,191.7503846153846,0.6115384615384615,16.116153846153846,2022,IGKV,Hourly,1,23
2022-01-10 03:00:00,6.237692307692308,6.83923076923077,11.515384615384615,6.429230769230769,54.77307692307693,19.282307692307693,0.17076923076923076,191.90384615384616,0.6253846153846153,15.841538461538462,2022,IGKV,Hourly,1,23
2022-01-10 04:00:00,,,,,,,,,,,2022,IGKV,Hourly,1,23
2022-01-10 05:00:00,,,,,,,,,,,2022,IGKV,Hourly,1,23
2022-01-10 06:00:00,,,,,,,,,,,2022,IGKV,Hourly,1,23
2022-01-10 07:00:00,,,,,,,,,,,2022,IGKV,Hourly,1,23
2022-01-10 08:00:00,,,,,,,,,,,2022,IGKV,Hourly,1,23
2022-01-10 09:00:00,,,,,,,,,,,2022,IGKV,Hourly,1,23
2022-01-10 10:00:00,,,,,,,,,,,2022,IGKV,Hourly,1,23
2022-01-10 11:00:00,,,,,,,,,,,2022,IGKV,Hourly,1,23
2022-01-10 12:00:00,,,,,,,,,,,2022,IGKV,Hourly,1,23
2022-01-10 13:00:00,,,,,,,,,,,2022,IGKV,Hourly,1,23
2022-01-10 14:00:00,,,,,,,,,,,2022,IGKV,Hourly,1,23
2022-01-10 15:00:00,,,,,,,,,,,2022,IGKV,Hourly,1,23
2022-01-10 16:00:00,,,,,,,,,,,2022,IGKV,Hourly,1,23
2022-01-10 17:00:00,,,,,,,,,,,2022,IGKV,Hourly,1,23
2022-01-10 18:00:00,,,,,,,,,,,2022,IGKV,Hourly,1,23
2022-01-10 19:00:00,,,,,,,,,,,2022,IGKV,Hourly,1,23
2022-01-10 20:00:00,,,,,,,,,,,2022,IGKV,Hourly,1,23
2022-01-10 21:00:00,,,,,,,,,,,2022,IGKV,Hourly,1,23
2022-01-10 22:00:00,,,,,,,,,,,2022,IGKV,Hourly,1,23
2022-01-10 23:00:00,,,,,,,,,,,2022,IGKV,Hourly,1,23
2022-01-11 01:00:00,17.83,17.01,24.69,8.02,148.84,47.84,0.12,195.28,0.93,9.8,2022,IGKV,Hourly,0,0
2022-01-11 02:00:00,23.69,17.79,29.59,7.81,142.68,46.77,0.45,203.62,0.92,10.52,2022,IGKV,Hourly,0,0
2022-01-11 03:00:00,23.89,17.67,29.83,7.8,137.24,45.6,0.67,42.24,0.88,10.58,2022,IGKV,Hourly,0,0
2022-01-11 04:00:00,19.26,17.5,26.14,7.82,134.77,48.01,0.6,49.32,0.85,10.06,2022,IGKV,Hourly,0,0
2022-01-11 05:00:00,15.5,17.05,22.8,7.35,131.17,47.03,0.34,41.24,0.82,9.73,2022,IGKV,Hourly,0,0
2022-01-11 06:00:00,16.69,16.68,23.26,7.94,126.65,44.36,0.19,181.5,0.8,9.65,2022,IGKV,Hourly,0,0
2022-01-11 07:00:00,17.52,15.88,23.9,7.7,122.93,46.21,0.19,239.04,0.8,9.41,2022,IGKV,Hourly,0,0
2022-01-11 08:00:00,18.03,15.11,23.9,7.78,117.98,48.43,0.69,142.62,0.82,9.39,2022,IGKV,Hourly,0,0
2022-01-11 09:00:00,17.96,15.86,23.88,8.06,120.76,49.52,0.75,74.95,0.83,9.37,2022,IGKV,Hourly,0,0
2022-01-11 10:00:00,14.71,16.49,21.74,8.34,121.36,49.17,0.78,80.63,0.83,9.31,2022,IGKV,Hourly,0,0
2022-01-11 11:00:00,10.83,17.93,18.83,8.51,115.92,43.39,1.06,81.66,0.82,9.21,2022,IGKV,Hourly,0,0
2022-01-11 12:00:00,7.61,17.69,16.9,8.55,113.23,47.41,0.97,65.05,0.79,9.05,2022,IGKV,Hourly,0,0
2022-01-11 13:00:00,5.26,15.96,14.1,8.94,106.5,46.57,0.54,172.51,0.75,8.7,2022,IGKV,Hourly,0,0
2022-01-11 14:00:00,4.79,13.58,12.49,8.66,101.65,40.25,0.48,316.75,0.7,8.41,2022,IGKV,Hourly,0,0
2022-01-11 15:00:00,4.86,13.47,12.46,7.0,98.03,65.44,0.73,151.49,0.58,8.4,2022,IGKV,Hourly,0,0
2022-01-11 16:00:00,5.25,15.58,13.89,8.35,91.22,64.23,0.64,50.83,0.59,8.35,2022,IGKV,Hourly,0,0
2022-01-11 17:00:00,6.3,18.91,16.48,8.92,115.0,62.1,0.96,46.0,0.66,8.62,2022,IGKV,Hourly,0,0
2022-01-11 18:00:00,9.07,21.35,19.75,8.28,130.32,57.59,0.42,69.04,0.74,9.11,2022,IGKV,Hourly,0,0
2022-01-11 19:00:00,10.8,21.66,21.19,7.8,167.67,53.16,0.48,117.95,0.85,9.35,2022,IGKV,Hourly,0,0
2022-01-11 20:00:00,11.23,20.63,21.3,7.22,173.74,56.69,0.25,158.13,0.92,9.39,2022,IGKV,Hourly,0,0
2022-01-11 21:00:00,12.73,21.39,22.93,6.96,182.55,56.72,0.18,187.72,1.0,9.76,2022,IGKV,Hourly,0,0
2022-01-11 22:00:00,13.25,21.87,23.58,6.62,174.12,56.97,0.2,193.42,1.02,9.84,2022,IGKV,Hourly,0,0
2022-01-11 23:00:00,11.92,19.31,21.2,6.88,160.46,58.95,0.3,203.7,1.02,9.57,2022,IGKV,Hourly,0,0
2022-01-12 01:00:00,26.91,28.18,36.89,8.42,102.01,53.24,0.14,212.93,1.34,5.67,2022,IGKV,Hourly,0,0
2022-01-12 02:00:00,43.0,28.38,50.86,8.87,87.15,46.09,0.13,261.1,1.34,6.75,2022,IGKV,Hourly,0,0
2022-01-12 03:00:00,43.7,30.2,52.37,9.24,133.66,57.05,0.37,141.1,1.36,6.87,2022,IGKV,Hourly,0,0
2022-01-12 04:00:00,42.73,30.43,51.72,9.05,179.66,75.38,0.21,201.37,1.38,6.88,2022,IGKV,Hourly,0,0
2022-01-12 05:00:00,39.24,29.9,48.25,8.86,159.55,72.92,0.14,209.86,1.36,6.6,2022,IGKV,Hourly,0,0
2022-01-12 06:00:00,35.52,27.65,44.48,8.44,123.74,68.07,0.18,224.58,1.32,6.39,2022,IGKV,Hourly,0,0
2022-01-12 07:00:00,49.4,25.59,54.52,8.57,105.03,61.9,0.11,202.42,1.31,6.87,2022,IGKV,Hourly,0,0
2022-01-12 08:00:00,51.93,25.95,56.64,8.6,112.41,65.6,0.46,200.61,1.35,7.09,2022,IGKV,Hourly,0,0
2022-01-12 09:00:00,50.18,29.97,55.88,9.32,118.94,68.02,0.8,46.02,1.35,7.07,2022,IGKV,Hourly,0,0
2022-01-12 10:00:00,40.82,31.1,49.92,9.41,122.09,62.78,0.79,74.52,1.33,6.65,2022,IGKV,Hourly,0,0
2022-01-12 11:00:00,30.1,33.03,42.14,9.52,108.95,62.21,1.05,53.09,1.25,6.1,2022,IGKV,Hourly,0,0
2022-01-12 12:00:00,19.84,34.85,35.01,9.9,126.94,61.46,0.62,69.04,1.13,5.68,2022,IGKV,Hourly,0,0
2022-01-12 13:00:00,8.23,34.2,26.02,10.28,110.19,57.77,0.54,304.02,1.02,4.99,2022,IGKV,Hourly,0,0
2022-01-12 14:00:00,5.11,28.31,20.44,10.52,79.65,56.97,0.55,286.56,0.92,4.62,2022,IGKV,Hourly,0,0
2022-01-12 15:00:00,4.89,25.94,19.02,9.87,71.69,52.37,0.37,291.82,0.83,4.44,2022,IGKV,Hourly,0,0
2022-01-12 16:00:00,4.93,25.7,18.94,10.55,67.34,49.99,0.4,272.77,0.83,4.4,2022,IGKV,Hourly,0,0
2022-01-12 17:00:00,6.04,29.68,21.9,10.23,81.9,50.59,0.28,154.17,0.88,4.53,2022,IGKV,Hourly,0,0
2022-01-12 18:00:00,7.3,32.72,24.5,8.73,115.99,50.31,0.29,158.84,0.97,4.67,2022,IGKV,Hourly,0,0
2022-01-12 19:00:00,13.22,35.95,30.94,8.97,141.06,53.55,0.21,167.28,1.11,5.14,2022,IGKV,Hourly,0,0
2022-01-12 20:00:00,18.21,36.55,35.24,8.51,149.39,55.96,0.24,160.31,1.23,5.47,2022,IGKV,Hourly,0,0
2022-01-12 21:00:00,20.38,36.44,36.66,8.89,147.48,57.78,0.21,156.96,1.29,5.66,2022,IGKV,Hourly,0,0
2022-01-12 22:00:00,19.74,36.0,36.19,8.62,154.47,64.53,0.16,206.21,1.32,5.65,2022,IGKV,Hourly,0,0
2022-01-12 23:00:00,15.62,32.33,30.97,8.2,135.6,60.25,0.19,204.56,1.32,5.29,2022,IGKV,Hourly,0,0
2022-02-06 01:00:00,10.33,16.08,26.71,16.78,184.64,52.11,0.13,156.77,0.99,25.58,2022,IGKV,Hourly,0,0
2022-02-06 02:00:00,10.84,16.23,27.7,16.61,191.45,52.95,0.16,153.51,1.06,29.31,2022,IGKV,Hourly,0,0
2022-06-30 20:00:00,5.2,0.01,4.67,3.54,18.6,7.21,0.37,248.89,0.41,10.15,2022,IGKV,Hourly,0,0
2022-06-30 21:00:00,5.51,0.11666666666666665,4.89,3.26,12.76,5.05,0.28,219.92,0.4,10.12,2022,IGKV,Hourly,1,2
2022-06-30 22:00:00,5.55,0.22333333333333333,4.93,3.44,12.76,5.05,0.57,228.51,0.37,10.27,2022,IGKV,Hourly,1,2
2022-06-30 23:00:00,5.43,0.33,5.63,3.45,12.76,5.05,0.55,252.46,0.38,12.97,2022,IGKV,Hourly,0,0
2022-07-01 01:00:00,6.59,1.9,8.49,3.67,12.76,5.05,0.74,271.65,0.39,13.5,2022,IGKV,Hourly,0,0
2022-07-01 02:00:00,7.74,2.75,10.5,3.26,12.76,5.05,0.74,260.69,0.4,13.92,2022,IGKV,Hourly,0,0
2022-07-01 03:00:00,7.16,2.35,9.51,3.37,13.16,3.69,0.8,245.31,0.44,13.8,2022,IGKV,Hourly,0,0
2022-07-01 04:00:00,6.22,1.09,7.3,3.27,25.25,5.44,1.09,261.91,0.44,13.26,2022,IGKV,Hourly,0,0
2022-07-01 05:00:00,6.31,0.44,6.75,3.11,30.05,7.25,0.97,267.93,0.46,11.19,2022,IGKV,Hourly,0,0
2022-07-01 06:00:00,5.9,1.09,6.66,3.07,30.92,11.39,1.13,289.08,0.58,13.14,2022,IGKV,Hourly,0,0
2022-07-01 07:00:00,5.72,1.56,6.33,4.67,33.98,8.64,0.86,287.36,0.61,12.97,2022,IGKV,Hourly,0,0
2022-07-01 08:00:00,5.77,1.24,6.99,4.13,40.42,12.63,0.93,272.64,0.62,13.49,2022,IGKV,Hourly,0,0
2022-07-01 09:00:00,4.62,1.23,5.49,4.7,50.68,23.0,1.06,258.18,0.61,13.31,2022,IGKV,Hourly,0,0
2022-07-01 10:00:00,4.33,1.67,5.92,5.25,57.44,23.82,0.93,271.15,0.61,13.47,2022,IGKV,Hourly,0,0
2022-07-01 11:00:00,4.22,1.35,5.51,5.28,54.09,21.56,0.81,275.68,0.61,13.51,2022,IGKV,Hourly,0,0
2022-07-01 12:00:00,4.29,1.7,5.94,5.6,56.74,21.71,1.09,272.66,0.61,13.32,2022,IGKV,Hourly,0,0
2022-07-01 13:00:00,4.34,2.01,6.35,5.02,58.4,23.86,0.78,263.88,0.57,13.32,2022,IGKV,Hourly,0,0
2022-07-01 14:00:00,5.51,2.82,8.33,4.03,59.42,25.94,0.77,272.01,0.6,14.4,2022,IGKV,Hourly,0,0
2022-07-01 15:00:00,4.8,1.6,6.33,3.91,56.11,26.96,0.78,250.66,0.6,13.92,2022,IGKV,Hourly,0,0
2022-07-01 16:00:00,4.96,0.55,5.42,4.03,54.45,24.41,0.51,247.82,0.58,13.77,2022,IGKV,Hourly,0,0
2022-07-01 17:00:00,5.26,0.41,5.56,4.27,46.96,21.17,0.4,242.71,0.56,13.65,2022,IGKV,Hourly,0,0
2022-07-01 18:00:00,5.3,0.52,5.79,4.35,51.25,20.28,0.38,236.26,0.54,13.82,2022,IGKV,Hourly,0,0
2022-07-01 19:00:00,5.25,0.75,5.74,4.47,42.27,17.71,0.94,253.82,0.5,13.91,2022,IGKV,Hourly,0,0
2023-01-01 01:00:00,34.91,37.04,48.89,10.94,69.59,25.1,0.88,45.61,0.98,6.73,2023,IGKV,Hourly,0,0
2023-01-01 02:00:00,29.3,36.52,44.11,10.42,65.48,25.49,0.65,54.24,0.87,6.4,2023,IGKV,Hourly,0,0
2023-01-01 03:00:00,28.95,36.95,44.01,9.59,63.65,23.01,0.17,161.91,0.82,6.22,2023,IGKV,Hourly,0,0
2023-01-01 04:00:00,26.71,35.57,41.55,9.64,64.58,21.63,0.3,156.48,0.76,6.09,2023,IGKV,Hourly,0,0
2023-01-01 05:00:00,25.34,34.51,39.84,9.47,52.89,19.14,0.65,59.03,0.72,5.9,2023,IGKV,Hourly,0,0
2023-01-01 06:00:00,26.08,34.38,40.43,8.96,54.18,21.97,0.47,50.34,0.69,5.92,2023,IGKV,Hourly,0,0
2023-01-01 07:00:00,31.52,34.72,44.96,9.45,58.1,20.42,0.65,278.42,0.67,6.3,2023,IGKV,Hourly,0,0
2023-01-01 08:00:00,33.29,34.83,46.38,9.6,66.73,21.14,0.96,32.03,0.7,6.39,2023,IGKV,Hourly,0,0
2023-01-01 09:00:00,31.04,34.58,44.27,10.74,72.95,23.12,1.44,49.3,0.72,6.3,2023,IGKV,Hourly,0,0
2023-01-01 10:00:00,26.71,35.7,41.16,11.63,79.19,24.53,1.59,50.67,0.73,6.09,2023,IGKV,Hourly,0,0
2023-01-01 11:00:00,21.32,36.28,37.32,12.05,79.82,28.02,1.47,54.9,0.71,5.78,2023,IGKV,Hourly,0,0
2023-01-01 12:00:00,14.14,36.54,31.9,12.2,77.11,25.0,1.45,61.03,0.72,5.4,2023,IGKV,Hourly,0,0
2023-01-01 13:00:00,10.05,35.96,28.39,12.67,77.33,26.55,1.04,70.83,0.71,5.11,2023,IGKV,Hourly,0,0
2023-01-01 14:00:00,7.76,34.9,26.01,13.08,67.61,24.54,0.8,57.68,0.69,4.95,2023,IGKV,Hourly,0,0
2023-01-01 15:00:00,6.69,33.09,24.2,11.9,63.61,25.28,0.65,97.17,0.67,4.79,2023,IGKV,Hourly,0,0
2023-01-01 16:00:00,5.94,31.66,22.85,11.58,60.6,24.94,0.6,322.99,0.66,4.69,2023,IGKV,Hourly,0,0
2023-01-01 17:00:00,6.9,34.73,25.22,12.92,64.19,22.8,0.74,44.79,0.66,4.86,2023,IGKV,Hourly,0,0
2023-01-01 18:00:00,7.47,37.7,27.12,12.23,71.8,23.85,0.93,53.41,0.74,4.97,2023,IGKV,Hourly,0,0
2023-01-01 19:00:00,11.08,42.12,32.44,11.46,84.71,27.47,0.73,62.72,0.88,5.31,2023,IGKV,Hourly,0,0
2023-01-01 20:00:00,12.97,43.19,34.51,10.93,88.73,31.96,0.38,140.99,0.95,5.52,2023,IGKV,Hourly,0,0
2023-01-01 21:00:00,13.29,41.22,33.55,10.07,93.61,34.87,0.3,157.12,0.97,5.44,2023,IGKV,Hourly,0,0
2023-01-01 22:00:00,17.15,40.8,36.27,8.41,96.64,36.35,0.21,208.72,1.03,5.59,2023,IGKV,Hourly,0,0
2023-01-01 23:00:00,26.02,40.38,43.51,8.77,98.36,39.5,0.64,148.94,1.06,6.11,2023,IGKV,Hourly,0,0
2023-01-02 01:00:00,15.86,52.64,41.77,8.03,86.45,32.28,1.65,47.87,0.85,6.71,2023,IGKV,Hourly,0,0
2023-01-02 02:00:00,12.72,50.9,38.34,7.74,68.7,28.7,1.47,47.62,0.76,6.41,2023,IGKV,Hourly,0,0
2023-01-02 03:00:00,10.62,48.43,35.37,8.09,52.84,24.44,1.45,50.24,0.7,6.17,2023,IGKV,Hourly,0,0
2023-01-02 04:00:00,9.62,46.12,33.36,7.9,39.24,20.62,1.07,49.01,0.63,6.07,2023,IGKV,Hourly,0,0
2023-01-02 05:00:00,10.6,44.7,33.34,8.2,35.75,20.62,0.9,42.83,0.58,6.05,2023,IGKV,Hourly,0,0
2023-01-02 06:00:00,12.12,45.25,34.91,7.65,27.87,17.57,0.81,56.45,0.55,6.15,2023,IGKV,Hourly,0,0
2023-01-02 07:00:00,14.08,46.74,37.26,7.6,36.51,17.09,1.01,46.45,0.54,6.19,2023,IGKV,Hourly,0,0
2023-01-02 08:00:00,15.97,48.89,39.91,7.48,36.51,14.14,1.24,56.78,0.55,6.37,2023,IGKV,Hourly,0,0
2023-01-02 09:00:00,16.85,50.2,41.23,7.56,35.0,16.64,1.68,58.16,0.57,6.47,2023,IGKV,Hourly,0,0
2023-01-02 10:00:00,17.4,50.64,41.95,7.7,35.61,16.64,1.23,58.66,0.57,6.57,2023,IGKV,Hourly,0,0
2023-01-02 11:00:00,17.85,51.23,42.63,9.6,39.69,17.22,1.42,62.12,0.58,6.64,2023,IGKV,Hourly,0,0
2023-01-02 12:00:00,21.55,58.63,47.7,45.93,39.69,17.22,1.33,52.77,0.55,7.44,2023,IGKV,Hourly,0,0
2023-01-02 13:00:00,17.55,58.2,46.03,11.57,37.165,17.689999999999998,1.36,51.64,0.53,7.48,2023,IGKV,Hourly,1,1
2023-01-02 14:00:00,11.44,51.88,37.83,8.89,34.64,18.16,1.31,48.34,0.53,6.95,2023,IGKV,Hourly,0,0
2023-01-02 15:00:00,8.72,48.75,34.01,8.68,38.41,17.9,1.61,48.94,0.5,6.54,2023,IGKV,Hourly,0,0
2023-01-02 16:00:00,7.37,46.67,31.84,9.22,40.33,17.9,1.19,334.58,0.49,6.16,2023,IGKV,Hourly,0,0
2023-01-02 17:00:00,9.96,48.14,34.69,10.21,44.26,17.2,0.98,36.41,0.52,6.18,2023,IGKV,Hourly,0,0
2023-01-02 18:00:00,12.11,50.31,37.55,8.64,54.0,17.07,0.33,166.5,0.56,6.42,2023,IGKV,Hourly,0,0
2023-01-02 19:00:00,12.33,50.2,37.62,8.14,54.0,18.88,0.19,163.83,0.58,6.38,2023,IGKV,Hourly,0,0
2023-01-02 20:00:00,26.99,52.04,50.39,8.63,70.01,23.08,0.28,168.56,0.72,7.18,2023,IGKV,Hourly,0,0
2023-01-02 21:00:00,42.44,53.59,63.53,8.69,88.6,25.26,0.28,184.16,0.89,8.21,2023,IGKV,Hourly,0,0
2023-01-02 22:00:00,42.34,53.16,63.28,8.99,88.6,27.47,0.74,199.41,1.0,8.22,2023,IGKV,Hourly,0,0
2023-01-02 23:00:00,51.14,52.83,70.16,9.49,95.18,33.84,0.63,46.06,1.13,8.72,2023,IGKV,Hourly,0,0
2023-01-03 01:00:00,28.62,66.36500000000001,63.91,10.41,115.33,37.72,0.36,236.89,1.08,7.94,2023,IGKV,Hourly,1,1
2023-01-03 03:00:00,36.31,79.9,70.42,10.87,107.32,39.43,0.23,200.24,1.04,8.51,2023,IGKV,Hourly,0,0
2023-01-03 04:00:00,32.21,79.39,65.86,10.95,107.32,39.43,0.2,194.54,1.02,8.21,2023,IGKV,Hourly,0,0
2023-01-03 05:00:00,27.67,76.64,60.78,10.43,105.68,36.05,0.42,171.15,1.04,7.85,2023,IGKV,Hourly,0,0
2023-01-03 06:00:00,32.4,77.67,65.11,10.44,100.6,37.54,0.23,334.46,1.08,7.88,2023,IGKV,Hourly,0,0
2023-01-03 07:00:00,45.44,79.94,77.38,11.22,101.47,37.54,0.43,206.06,1.19,8.79,2023,IGKV,Hourly,0,0
2023-01-03 08:00:00,51.08,79.80666666666667,83.17,11.65,124.46,46.36,0.29,156.78,1.32,9.14,2023,IGKV,Hourly,1,5
2023-01-03 09:00:00,51.83,79.67333333333333,84.43,13.54,162.61,61.0,0.28,288.01,1.47,9.34,2023,IGKV,Hourly,1,5
2023-01-03 10:00:00,44.24,79.53999999999999,80.31,18.53,178.29,62.96,0.4,241.37,1.46,9.14,2023,IGKV,Hourly,1,5
2023-01-03 11:00:00,29.31,,69.11,21.1,178.29,65.12,0.86,294.26,1.46,8.52,2023,IGKV,Hourly,1,5
2023-01-03 12:00:00,11.84,,54.53,20.44,158.46,66.18,1.09,318.09,1.43,7.64,2023,IGKV,Hourly,1,5
2023-01-03 13:00:00,6.44,79.14,46.93,15.68,154.9,66.18,0.9,295.04,1.27,7.0,2023,IGKV,Hourly,0,0
2023-01-03 14:00:00,5.36,72.3,40.51,17.97,110.93,53.38,1.05,301.05,1.1,6.54,2023,IGKV,Hourly,0,0
2023-01-03 15:00:00,5.55,68.94,38.84,16.47,83.47,43.48,0.65,277.21,1.05,6.26,2023,IGKV,Hourly,0,0
2023-01-03 16:00:00,6.85,62.15,36.51,15.08,67.09,39.87,0.43,274.58,0.93,6.14,2023,IGKV,Hourly,0,0
2023-01-03 17:00:00,6.24,60.7,35.27,16.38,65.93,32.28,0.21,248.96,0.81,6.15,2023,IGKV,Hourly,0,0
2023-01-03 18:00:00,11.0,69.47,43.67,15.43,49.88,30.68,0.29,184.23,0.82,6.22,2023,IGKV,Hourly,0,0
2023-01-03 19:00:00,12.48,79.82,50.68,12.58,66.73,27.25,0.31,208.79,0.9,6.91,2023,IGKV,Hourly,0,0
2023-01-03 20:00:00,13.37,79.53,52.82,11.64,110.88,29.59,0.31,192.99,0.9,7.19,2023,IGKV,Hourly,0,0
2023-01-03 21:00:00,28.16,77.368,66.51,11.74,129.26,34.36,0.35,179.3,1.01,8.15,2023,IGKV,Hourly,1,3
2023-01-03 22:00:00,40.43,75.206,76.65,12.2,149.06,36.11,0.37,334.36,1.11,8.78,2023,IGKV,Hourly,1,3
2023-01-03 23:00:00,45.58,73.044,81.84,15.76,171.96,42.64,0.93,51.92,1.28,9.24,2023,IGKV,Hourly,1,3
2023-01-04 01:00:00,30.78,68.72,60.03,7.63,29.01,5.48,0.23,278.88,0.62,7.34,2023,IGKV,Hourly,0,0
2023-01-04 02:00:00,34.75,68.41,63.82,7.89,27.47,7.59,0.4,170.93,0.62,7.58,2023,IGKV,Hourly,0,0
2023-01-04 03:00:00,38.39,66.98,66.12,8.32,29.87,13.53,0.82,57.56,0.61,7.75,2023,IGKV,Hourly,0,0
2023-01-04 05:00:00,40.03,67.91,67.01,8.37,32.0,15.56,1.51,352.66,0.61,8.14,2023,IGKV,Hourly,0,0
2023-01-04 06:00:00,32.66,67.76,62.28,7.46,29.56,12.56,1.52,104.19,0.56,7.94,2023,IGKV,Hourly,0,0
2023-01-04 07:00:00,28.63,68.77,59.63,7.24,27.17,9.78,0.46,148.46,0.53,7.67,2023,IGKV,Hourly,0,0
2023-01-04 08:00:00,26.96,68.5,58.27,6.91,22.24,4.69,0.34,206.62,0.48,7.55,2023,IGKV,Hourly,0,0
2023-01-04 09:00:00,25.38,69.28,57.42,7.05,19.47,3.71,0.41,105.87,0.46,7.44,2023,IGKV,Hourly,0,0
2023-01-04 10:00:00,24.55,62.39,52.47,6.95,14.65,2.55,0.45,256.09,0.41,6.89,2023,IGKV,Hourly,0,0
2023-01-04 11:00:00,22.41,62.12,50.95,7.05,10.24,16.73,0.68,298.48,0.43,6.67,2023,IGKV,Hourly,0,0
2023-01-04 12:00:00,20.51,63.01,49.03,8.0,12.52,21.75,0.67,299.19,0.44,6.66,2023,IGKV,Hourly,0,0
2023-01-04 13:00:00,6.92,45.39,28.22,7.48,14.176666666666666,20.12142857142857,0.82,335.78,0.43,5.81,2023,IGKV,Hourly,1,6
2023-01-04 14:00:00,4.03,35.79,22.8,7.31,15.833333333333332,18.492857142857144,0.58,276.48,0.41,5.15,2023,IGKV,Hourly,1,6
2023-01-04 15:00:00,3.61,42.36,25.9,7.2,17.49,16.864285714285714,1.07,297.15,0.42,5.16,2023,IGKV,Hourly,1,6
2023-01-04 16:00:00,4.95,51.06,31.52,6.38,20.05,,0.71,250.6,0.49,5.54,2023,IGKV,Hourly,1,6
2023-01-04 17:00:00,5.22,55.53,34.07,6.86,27.19,,0.58,241.27,0.58,5.71,2023,IGKV,Hourly,1,6
2023-01-04 18:00:00,6.45,58.22,36.46,6.81,29.01,,0.47,206.92,0.58,5.91,2023,IGKV,Hourly,1,6
2023-01-04 19:00:00,9.0,59.59,38.33,7.69,29.01,10.35,0.19,192.91,0.55,6.06,2023,IGKV,Hourly,0,0
2023-01-04 20:00:00,13.14,67.9,46.88,7.78,32.65,22.34,0.22,162.49,0.52,6.32,2023,IGKV,Hourly,0,0
2023-01-04 21:00:00,20.85,67.04,51.81,8.13,32.65,22.34,0.23,169.23,0.55,6.65,2023,IGKV,Hourly,0,0
2023-01-04 22:00:00,28.0,67.08,58.22,8.34,40.69,20.83,0.25,168.93,0.61,7.29,2023,IGKV,Hourly,0,0
2023-01-04 23:00:00,38.0,68.72,67.06,8.41,49.45,20.83,0.23,167.66,0.67,7.8,2023,IGKV,Hourly,0,0
2023-01-05 01:00:00,38.42,62.76,64.21,7.16,23.52,12.2,1.17,268.42,0.73,7.1,2023,IGKV,Hourly,0,0
2023-01-05 02:00:00,36.9,63.17,63.56,6.89,23.52,12.2,1.15,313.27,0.73,7.05,2023,IGKV,Hourly,0,0
2023-01-05 04:00:00,35.2,63.33,62.66,8.45,33.07,15.05,0.32,166.9,0.78,6.94,2023,IGKV,Hourly,0,0
2023-01-05 05:00:00,33.9,63.43,61.68,8.34,33.07,15.05,0.3,182.51,0.76,6.89,2023,IGKV,Hourly,0,0
2023-01-05 06:00:00,33.1,59.06,57.54,7.8,28.6,13.66,0.36,277.29,0.68,6.46,2023,IGKV,Hourly,0,0
2023-01-05 07:00:00,31.31,60.22,57.79,8.3,18.74,11.99,0.29,264.34,0.66,6.47,2023,IGKV,Hourly,0,0
2023-01-05 08:00:00,32.21,59.64,57.76,8.13,15.03,8.39,0.35,89.41,0.64,6.46,2023,IGKV,Hourly,0,0
2023-01-05 09:00:00,32.33,59.28,57.92,8.21,13.75,6.31,0.4,122.58,0.63,6.47,2023,IGKV,Hourly,0,0
2023-01-05 10:00:00,31.75,61.99,58.24,8.13,11.51,7.36,0.39,297.1,0.62,6.63,2023,IGKV,Hourly,0,0
2023-01-05 11:00:00,30.11,62.09,57.82,8.02,12.12,7.36,0.58,299.25,0.63,6.57,2023,IGKV,Hourly,0,0
2023-01-05 12:00:00,26.61,62.37,55.28,7.99,13.08,5.38,0.34,153.74,0.62,6.37,2023,IGKV,Hourly,0,0
2023-01-05 13:00:00,22.71,60.67,50.46,7.48,13.6,4.68,0.29,230.73,0.58,5.99,2023,IGKV,Hourly,0,0
2023-01-05 14:00:00,19.4,59.88,48.2,7.19,13.6,5.01,0.38,229.73,0.56,5.84,2023,IGKV,Hourly,0,0
2023-01-05 15:00:00,17.07,58.17,45.43,6.72,12.54,5.01,0.44,149.01,0.44,5.51,2023,IGKV,Hourly,0,0
2023-01-05 16:00:00,15.5,52.58,40.97,6.83,10.5,3.91,0.36,152.11,0.4,5.21,2023,IGKV,Hourly,0,0
2023-01-05 17:00:00,14.9,51.89,40.41,6.92,7.61,3.91,0.21,207.26,0.4,5.16,2023,IGKV,Hourly,0,0
2023-01-05 18:00:00,15.51,52.95,41.45,7.46,7.61,4.13,0.2,186.89,0.39,5.13,2023,IGKV,Hourly,0,0
2023-01-05 19:00:00,17.84,54.47,44.12,8.6,5.87,4.13,0.13,174.87,0.4,5.28,2023,IGKV,Hourly,0,0
2023-01-05 20:00:00,19.96,60.92,49.19,9.23,11.14,3.22,0.46,140.61,0.42,5.88,2023,IGKV,Hourly,0,0
2023-01-05 21:00:00,22.53,60.39,50.86,8.97,13.0,3.22,0.47,147.93,0.45,5.98,2023,IGKV,Hourly,0,0
2023-01-05 22:00:00,26.38,60.63,54.09,8.67,22.05,6.76,0.45,351.1,0.46,6.22,2023,IGKV,Hourly,0,0
2023-01-05 23:00:00,26.74,59.57,53.34,8.63,22.05,6.76,0.46,253.72,0.45,6.27,2023,IGKV,Hourly,0,0
2023-01-06 02:00:00,30.63,63.59,55.72,7.33,112.38,32.99,0.25,205.32,0.85,6.31,2023,IGKV,Hourly,0,0
2023-01-06 03:00:00,35.51,62.32,59.11,15.82,112.38,32.99,0.55,175.87,0.87,6.46,2023,IGKV,Hourly,0,0
2023-01-06 04:00:00,38.42,61.93,62.12,18.11,104.24,32.56,0.51,72.34,0.85,6.58,2023,IGKV,Hourly,0,0
2023-01-06 05:00:00,42.5,64.07,66.51,9.69,104.24,31.86,0.2,168.61,0.85,6.68,2023,IGKV,Hourly,0,0
2023-01-06 06:00:00,47.0,65.31,70.77,9.01,99.78,31.11,0.27,167.93,0.85,6.89,2023,IGKV,Hourly,0,0
2023-01-06 07:00:00,47.95,66.15,71.97,15.39,104.72,33.37,0.32,340.83,0.93,7.04,2023,IGKV,Hourly,0,0
2023-01-06 08:00:00,41.3,62.79,63.4,19.53,123.82,37.78,0.72,27.5,0.97,7.01,2023,IGKV,Hourly,0,0
2023-01-06 09:00:00,34.51,63.45,58.02,22.1,123.82,37.78,1.39,47.31,0.9,6.77,2023,IGKV,Hourly,0,0
2023-01-06 10:00:00,25.12,58.97,48.31,16.6,109.24,35.46,1.41,42.73,0.84,6.31,2023,IGKV,Hourly,0,0
2023-01-06 11:00:00,18.59,56.18,43.22,13.59,101.61,35.27,1.47,40.07,0.78,5.89,2023,IGKV,Hourly,0,0
2023-01-06 12:00:00,13.96,50.88,36.34,13.37,91.87,32.34,1.31,53.61,0.72,5.54,2023,IGKV,Hourly,0,0
2023-01-06 13:00:00,9.14,51.62,32.11,13.23,89.94,32.24,1.36,304.18,0.67,5.26,2023,IGKV,Hourly,0,0
2023-01-06 14:00:00,7.57,55.88,34.16,13.59,89.94,30.56,1.07,337.83,0.65,5.47,2023,IGKV,Hourly,0,0
2023-01-06 15:00:00,5.96,65.56,34.73,14.53,88.8,30.56,1.07,347.09,0.54,5.54,2023,IGKV,Hourly,0,0
2023-01-06 16:00:00,3.48,67.66,35.82,8.61,86.94,24.18,1.1,316.15,0.48,5.55,2023,IGKV,Hourly,0,0
2023-01-06 17:00:00,6.39,58.46,34.55,8.89,73.99,23.79,0.92,59.58,0.41,5.46,2023,IGKV,Hourly,0,0
2023-01-06 18:00:00,8.21,56.52,35.07,10.97,71.85,19.41,0.44,294.59,0.5,5.19,2023,IGKV,Hourly,0,0
2023-01-06 19:00:00,9.94,66.91,41.03,12.85,68.37,19.26,0.5,300.78,0.59,5.47,2023,IGKV,Hourly,0,0
2023-01-06 20:00:00,14.73,72.67,47.22,21.72,77.97,21.53,0.21,252.79,0.74,5.66,2023,IGKV,Hourly,0,0
2023-01-06 21:00:00,35.47,74.32,66.23,35.07,85.93,22.47,0.28,197.03,0.95,5.92,2023,IGKV,Hourly,0,0
2023-01-06 22:00:00,32.26,70.62,60.6,26.01,109.07,30.86,0.23,176.21,0.95,6.1,2023,IGKV,Hourly,0,0
2023-01-06 23:00:00,34.54,67.06,61.14,13.29,124.73,33.51,0.25,188.01,0.95,6.28,2023,IGKV,Hourly,0,0
2023-01-07 01:00:00,10.42,34.45,25.31,7.56,25.24,8.16,0.31,230.48,0.46,4.49,2023,IGKV,Hourly,0,0
2023-01-07 02:00:00,10.98,33.75,25.4,7.36,19.14,9.15,0.73,254.81,0.44,4.5,2023,IGKV,Hourly,0,0
2023-01-07 03:00:00,11.4,35.88,26.85,6.49,16.8,6.53,0.5,247.92,0.43,4.49,2023,IGKV,Hourly,0,0
2023-01-07 05:00:00,12.62,35.96,27.78,6.88,13.47,3.56,0.42,252.36,0.41,4.58,2023,IGKV,Hourly,0,0
2023-01-07 06:00:00,12.99,36.9,28.65,6.33,9.7,2.76,0.43,252.63,0.4,4.56,2023,IGKV,Hourly,0,0
2023-01-07 07:00:00,13.51,37.42,29.34,6.27,9.48,1.95,0.54,245.33,0.39,4.65,2023,IGKV,Hourly,0,0
2023-01-07 08:00:00,13.86,37.63,29.47,6.35,7.18,2.03,1.08,264.34,0.4,4.67,2023,IGKV,Hourly,0,0
2023-01-07 09:00:00,12.89,34.17,27.14,6.58,8.2,3.3,1.3,261.44,0.37,4.58,2023,IGKV,Hourly,0,0
2023-01-07 10:00:00,11.01,37.17,27.2,6.21,11.69,4.02,1.21,270.32,0.4,4.48,2023,IGKV,Hourly,0,0
2023-01-07 11:00:00,9.34,31.62,22.96,4.13,16.92,4.59,1.31,269.8,0.35,4.28,2023,IGKV,Hourly,0,0
2023-01-07 12:00:00,3.95,26.06,14.06,4.2,12.6,6.07,1.06,252.99,0.37,4.06,2023,IGKV,Hourly,0,0
2023-01-07 13:00:00,2.52,27.28,15.23,2.92,11.01,5.52,1.12,251.19,0.34,3.9,2023,IGKV,Hourly,0,0
2023-01-07 14:00:00,2.72,27.3,15.35,2.81,9.74,6.04,1.05,263.67,0.33,3.9,2023,IGKV,Hourly,0,0
2023-01-07 15:00:00,2.7,29.09,16.05,2.92,7.33,4.35,1.27,267.21,0.33,3.92,2023,IGKV,Hourly,0,0
2023-01-07 16:00:00,1.91,27.26,14.56,2.73,7.55,3.42,1.28,262.1,0.29,3.86,2023,IGKV,Hourly,0,0
2023-01-07 17:00:00,2.28,27.4,14.92,3.08,9.36,3.65,1.23,258.2,0.29,3.88,2023,IGKV,Hourly,0,0
2023-01-07 18:00:00,3.23,32.03,18.17,3.66,11.94,4.64,1.35,257.59,0.32,4.01,2023,IGKV,Hourly,0,0
2023-01-07 19:00:00,3.31,30.61,17.6,5.33,9.29,3.6,0.91,266.29,0.3,3.94,2023,IGKV,Hourly,0,0
2023-01-07 20:00:00,3.77,29.79,17.37,5.91,11.32,3.31,0.77,263.83,0.33,4.07,2023,IGKV,Hourly,0,0
2023-01-07 21:00:00,4.27,30.53,18.32,5.93,12.96,4.81,0.51,259.72,0.36,4.12,2023,IGKV,Hourly,0,0
2023-01-07 22:00:00,5.43,31.64,19.66,6.27,15.14,5.9,0.42,254.11,0.38,4.24,2023,IGKV,Hourly,0,0
2023-01-07 23:00:00,6.41,32.84,21.25,6.59,16.94,4.91,0.2,244.05,0.38,4.27,2023,IGKV,Hourly,0,0
2023-01-08 01:00:00,12.25,19.67,18.69,6.6364,25.14,8.57,0.85,259.45,0.47,3.88,2023,IGKV,Hourly,1,22
2023-01-08 02:00:00,12.66,18.12,18.26,6.6596,21.68,6.07,0.7,260.16,0.44,3.88,2023,IGKV,Hourly,1,22
2023-01-08 03:00:00,13.21,20.29,19.96,6.6828,15.87,5.02,0.62,257.06,0.47,3.91,2023,IGKV,Hourly,1,22
2023-01-08 05:00:00,15.19,19.02,20.67,,19.33,5.45,0.95,281.34,0.41,3.85,2023,IGKV,Hourly,1,22
2023-01-08 06:00:00,15.74,19.24,21.48,,19.33,4.96,1.21,265.2,0.4,3.88,2023,IGKV,Hourly,1,22
2023-01-08 07:00:00,17.17,19.98,23.16,,16.78,3.64,0.74,268.34,0.39,3.98,2023,IGKV,Hourly,1,22
2023-01-08 08:00:00,17.87,23.01,25.19,,16.5,2.68,0.92,267.19,0.43,4.09,2023,IGKV,Hourly,1,22
2023-01-08 09:00:00,19.22,23.23,25.68,,29.27,3.56,0.78,283.11,0.44,4.22,2023,IGKV,Hourly,1,22
2023-01-08 10:00:00,20.44,21.67,26.08,,31.89,5.59,0.8,277.15,0.39,4.1,2023,IGKV,Hourly,1,22
2023-01-08 11:00:00,21.33,21.81,27.46,,31.89,9.17,0.73,283.66,0.43,4.14,2023,IGKV,Hourly,1,22
2023-01-08 12:00:00,21.22,21.39,27.14,,32.77,9.17,0.91,256.65,0.42,4.16,2023,IGKV,Hourly,1,22
2023-01-08 13:00:00,20.78,20.79,26.46,,32.77,7.32,0.79,257.56,0.42,4.05,2023,IGKV,Hourly,1,22
2023-01-08 14:00:00,19.4,22.29,26.13,,28.51,5.72,1.01,258.96,0.45,4.02,2023,IGKV,Hourly,1,22
2023-01-08 15:00:00,16.53,21.6,22.98,,29.12,6.03,0.9,264.71,0.52,3.79,2023,IGKV,Hourly,1,22
2023-01-08 16:00:00,15.67,20.73,22.35,,30.37,9.34,1.01,261.04,0.55,3.81,2023,IGKV,Hourly,1,22
2023-01-08 17:00:00,14.51,21.04,21.59,,30.49,9.34,1.03,262.06,0.56,3.7,2023,IGKV,Hourly,1,22
2023-01-08 18:00:00,13.02,20.17,19.93,,33.56,8.84,0.89,259.02,0.55,3.6,2023,IGKV,Hourly,1,22
2023-01-08 19:00:00,12.51,21.08,19.42,,33.56,8.84,0.83,256.77,0.56,3.51,2023,IGKV,Hourly,1,22
2023-01-08 20:00:00,10.04,19.49,17.19,,27.62,7.45,0.71,256.79,0.47,3.38,2023,IGKV,Hourly,1,22
2023-01-08 21:00:00,10.15,19.27,17.16,,26.74,7.45,0.77,255.74,0.46,3.42,2023,IGKV,Hourly,1,22
2023-01-08 22:00:00,10.39,19.15,17.29,,23.76,6.71,0.83,256.0,0.44,3.38,2023,IGKV,Hourly,1,22
2023-01-08 23:00:00,10.51,19.04,17.33,,21.94,6.71,1.15,258.54,0.43,3.33,2023,IGKV,Hourly,1,22
2023-01-10 01:00:00,14.42,24.8,25.65,7.75,35.07,15.56,0.36,263.51,0.85,4.07,2023,IGKV,Hourly,0,0
2023-01-10 02:00:00,15.37,24.51,26.35,7.31,35.07,14.44,0.22,257.54,0.83,4.02,2023,IGKV,Hourly,0,0
2023-01-10 03:00:00,16.3,23.86,26.59,7.27,24.26,13.13,0.29,258.44,0.79,4.06,2023,IGKV,Hourly,0,0
2023-01-10 04:00:00,16.99,23.37,27.19,7.08,23.28,11.78,0.17,262.13,0.76,4.1,2023,IGKV,Hourly,0,0
2023-01-10 05:00:00,17.38,22.57,27.03,7.54,23.28,11.14,0.12,227.46,0.72,4.13,2023,IGKV,Hourly,0,0
2023-01-10 06:00:00,16.67,23.94,26.88,7.35,23.52,11.14,0.1,228.97,0.74,4.09,2023,IGKV,Hourly,0,0
2023-01-10 07:00:00,16.15,24.59,26.94,7.68,23.52,12.52,0.31,264.68,0.73,4.11,2023,IGKV,Hourly,0,0
2023-01-10 08:00:00,15.83,25.64,27.19,8.12,22.81,12.52,0.52,267.42,0.7,4.14,2023,IGKV,Hourly,0,0
2023-01-10 09:00:00,15.27,26.06,27.17,8.36,27.83,11.56,0.54,272.18,0.71,4.13,2023,IGKV,Hourly,0,0
2023-01-10 10:00:00,13.98,26.26,26.26,8.29,31.68,18.05,0.58,289.57,0.76,4.05,2023,IGKV,Hourly,0,0
2023-01-10 11:00:00,13.23,24.53,24.78,8.69,37.76,18.05,0.62,262.95,0.8,3.9,2023,IGKV,Hourly,0,0
2023-01-10 12:00:00,12.4,21.71,22.64,8.51,37.76,15.16,0.7,265.64,0.75,3.77,2023,IGKV,Hourly,0,0
2023-01-10 13:00:00,11.03,20.65,20.98,8.06,33.07,15.51,0.61,272.42,0.71,3.67,2023,IGKV,Hourly,0,0
2023-01-10 14:00:00,9.84,20.93,20.18,7.98,33.47,15.51,0.74,280.36,0.71,3.58,2023,IGKV,Hourly,0,0
2023-01-10 15:00:00,8.5,22.25,19.31,8.12,34.32,12.8,0.75,300.22,0.68,3.53,2023,IGKV,Hourly,0,0
2023-01-10 16:00:00,7.27,23.08,19.24,7.52,34.32,13.67,0.74,293.92,0.63,3.52,2023,IGKV,Hourly,0,0
2023-01-10 17:00:00,7.39,23.92,19.65,7.98,34.28,14.7,0.81,279.74,0.63,3.54,2023,IGKV,Hourly,0,0
2023-01-10 18:00:00,7.61,24.94,20.49,7.91,36.26,14.7,0.95,295.46,0.65,3.62,2023,IGKV,Hourly,0,0
2023-01-10 19:00:00,9.37,26.78,22.86,8.2,42.06,14.22,0.95,334.09,0.66,3.72,2023,IGKV,Hourly,0,0
2023-01-10 20:00:00,10.79,27.44,23.83,7.69,42.06,14.22,0.22,260.98,0.65,3.81,2023,IGKV,Hourly,0,0
2023-01-10 21:00:00,11.35,23.94,22.87,6.49,39.25,14.96,0.21,182.75,0.64,3.8,2023,IGKV,Hourly,0,0
2023-01-10 22:00:00,12.36,22.12,22.76,7.36,38.23,15.08,0.28,261.27,0.68,3.83,2023,IGKV,Hourly,0,0
2023-01-10 23:00:00,12.87,21.36,22.83,6.81,41.14,16.21,0.2,239.56,0.66,3.87,2023,IGKV,Hourly,0,0
2023-01-11 01:00:00,8.64,19.92,18.69,4.4,54.51,29.31,0.24,263.54,0.79,4.53,2023,IGKV,Hourly,0,0
2023-01-11 02:00:00,11.37,22.1,22.02,4.91,51.81,27.13,0.13,184.54,0.81,4.66,2023,IGKV,Hourly,0,0
2023-01-11 03:00:00,18.4,25.87,29.62,6.32,62.61,26.98,0.1,179.66,0.82,5.05,2023,IGKV,Hourly,0,0
2023-01-11 04:00:00,20.66,27.05,32.05,6.29,64.65,28.34,0.16,218.44,0.81,5.19,2023,IGKV,Hourly,0,0
2023-01-11 05:00:00,29.39,28.71,39.92,6.74,70.08,29.16,0.12,342.17,0.79,5.55,2023,IGKV,Hourly,0,0
2023-01-11 06:00:00,30.7,28.59,40.86,6.92,71.64,32.54,0.21,58.75,0.81,5.68,2023,IGKV,Hourly,0,0
2023-01-11 07:00:00,30.09,28.56,40.27,7.23,71.64,34.17,0.36,51.59,0.82,5.61,2023,IGKV,Hourly,0,0
2023-01-11 08:00:00,29.36,26.13,38.55,6.22,66.34,34.17,0.48,104.37,0.8,5.52,2023,IGKV,Hourly,0,0
2023-01-11 09:00:00,26.77,25.88,35.54,6.03,71.76,36.42,0.41,95.54,0.79,5.41,2023,IGKV,Hourly,0,0
2023-01-11 10:00:00,21.77,25.86,32.32,6.43,71.76,36.42,0.39,108.65,0.8,5.2,2023,IGKV,Hourly,0,0
2023-01-11 11:00:00,16.08,24.33,26.96,8.32,68.99,30.21,0.57,116.45,0.78,4.95,2023,IGKV,Hourly,0,0
2023-01-11 12:00:00,10.76,23.49,22.18,8.11,64.48,29.68,0.32,129.32,0.77,4.7,2023,IGKV,Hourly,0,0
2023-01-11 13:00:00,5.79,22.89,17.95,7.92,60.1,29.68,0.4,168.27,0.74,4.4,2023,IGKV,Hourly,0,0
2023-01-11 14:00:00,4.72,21.62,16.39,8.04,56.43,24.97,0.43,212.75,0.7,4.34,2023,IGKV,Hourly,0,0
2023-01-11 15:00:00,4.76,20.69,15.98,7.51,50.09,23.19,0.36,179.3,0.65,4.34,2023,IGKV,Hourly,0,0
2023-01-11 16:00:00,4.83,19.55,15.44,7.77,48.26,22.27,0.56,149.41,0.63,4.31,2023,IGKV,Hourly,0,0
2023-01-11 17:00:00,5.67,20.97,16.52,7.64,48.45,20.22,0.6,143.15,0.62,4.35,2023,IGKV,Hourly,0,0
2023-01-11 18:00:00,8.21,19.33,18.04,6.96,67.84,21.09,0.2,109.25,0.62,4.44,2023,IGKV,Hourly,0,0
2023-01-11 19:00:00,10.43,21.3,20.58,5.79,87.24,25.42,0.17,98.3,0.69,4.57,2023,IGKV,Hourly,0,0
2023-01-11 20:00:00,12.61,22.92,23.44,5.54,103.66,30.74,0.21,171.75,0.79,4.69,2023,IGKV,Hourly,0,0
2023-01-11 21:00:00,14.57,23.27,24.97,6.01,109.6,33.63,0.18,166.48,0.87,4.79,2023,IGKV,Hourly,0,0
2023-01-11 22:00:00,18.27,26.22,29.7,6.14,113.28,33.63,0.2,180.52,0.97,5.02,2023,IGKV,Hourly,0,0
2023-01-11 23:00:00,21.58,28.01,33.29,6.46,113.28,34.42,0.12,194.68,0.99,5.22,2023,IGKV,Hourly,0,0
2023-01-12 01:00:00,19.1,25.55,30.01,6.6,83.22,33.55,0.26,165.32,0.9,4.81,2023,IGKV,Hourly,0,0
2023-01-12 02:00:00,16.41,25.87,28.02,6.73,64.31,32.52,0.16,183.14,0.85,4.77,2023,IGKV,Hourly,0,0
2023-01-12 03:00:00,15.59,27.25,28.09,7.66,61.39,28.39,0.14,357.3,0.79,4.82,2023,IGKV,Hourly,0,0
2023-01-12 04:00:00,15.29,27.66,28.02,7.86,62.18,30.81,0.26,69.14,0.76,4.83,2023,IGKV,Hourly,0,0
2023-01-12 05:00:00,15.96,29.72,29.68,8.61,63.23,29.57,0.2,58.66,0.73,4.83,2023,IGKV,Hourly,0,0
2023-01-12 06:00:00,17.47,26.44,28.56,8.05,68.32,31.93,0.23,78.53,0.69,4.87,2023,IGKV,Hourly,0,0
2023-01-12 07:00:00,17.55,25.23,28.47,7.71,69.73,32.26,0.22,73.5,0.7,4.82,2023,IGKV,Hourly,0,0
2023-01-12 08:00:00,17.34,25.7,28.45,7.75,72.98,32.71,0.38,65.32,0.73,4.83,2023,IGKV,Hourly,0,0
2023-01-12 09:00:00,16.82,24.69,27.74,7.67,73.71,31.87,0.51,74.24,0.74,4.81,2023,IGKV,Hourly,0,0
2023-01-12 10:00:00,15.63,24.09,26.47,7.5,73.16,35.22,0.33,125.4,0.75,4.79,2023,IGKV,Hourly,0,0
2023-01-12 11:00:00,11.75,24.81,23.35,9.48,68.73,31.73,0.28,109.39,0.75,4.66,2023,IGKV,Hourly,0,0
2023-01-12 12:00:00,7.48,24.49,20.15,9.49,59.06,30.73,0.29,160.65,0.73,4.5,2023,IGKV,Hourly,0,0
2023-01-12 13:00:00,5.31,23.24,17.75,10.01,55.7,30.42,0.35,169.88,0.69,4.45,2023,IGKV,Hourly,0,0
2023-01-12 14:00:00,5.56,23.79,18.22,9.99,54.59,23.69,0.57,72.37,0.67,4.45,2023,IGKV,Hourly,0,0
2023-01-12 15:00:00,5.66,24.24,18.3,10.45,54.29,18.85,0.48,149.55,0.67,4.46,2023,IGKV,Hourly,0,0
2023-01-12 16:00:00,5.95,20.78,16.87,9.78,47.72,18.57,0.51,132.33,0.66,4.45,2023,IGKV,Hourly,0,0
2023-01-12 17:00:00,7.34,19.76,17.56,10.71,43.87,19.96,0.41,70.17,0.65,4.4,2023,IGKV,Hourly,0,0
2023-01-12 18:00:00,8.09,22.11,19.39,9.47,57.74,21.97,0.28,156.81,0.75,4.44,2023,IGKV,Hourly,0,0
2023-01-12 19:00:00,9.8,21.72,20.1,8.22,86.07,28.94,0.34,138.08,0.79,4.53,2023,IGKV,Hourly,0,0
2023-01-12 20:00:00,12.58,25.02,24.51,8.47,93.04,29.02,0.34,75.79,0.93,4.65,2023,IGKV,Hourly,0,0
2023-01-12 21:00:00,14.03,27.82,27.14,8.68,99.16,34.16,0.35,68.91,0.99,4.74,2023,IGKV,Hourly,0,0
2023-01-12 22:00:00,13.92,28.38,27.27,9.0,115.68,35.56,0.33,148.63,1.0,4.73,2023,IGKV,Hourly,0,0
2023-01-12 23:00:00,11.94,28.53,25.72,8.62,98.9,35.5,0.47,62.29,0.98,4.71,2023,IGKV,Hourly,0,0
2023-04-01 04:00:00,40.42,66.12,67.83,8.72,32.62,12.61,1.25,38.02,0.61,7.96,2023,IGKV,Hourly,0,0
2023-05-01 03:00:00,35.52,64.23,63.39,7.84,24.06,12.78,0.36,262.58,0.78,7.04,2023,IGKV,Hourly,0,0
2023-06-01 01:00:00,47.45,68.26,72.67,6.68,100.58,31.4,0.27,248.6,0.89,6.05,2023,IGKV,Hourly,0,0
2023-07-01 04:00:00,11.66,34.51,26.27,6.13,14.98,4.71,0.51,258.2,0.41,4.54,2023,IGKV,Hourly,0,0
2023-08-01 04:00:00,13.47,19.2,19.79,7.633030303030303,16.91,5.45,0.94,264.22,0.43,3.85,2023,IGKV,Hourly,1,1
2023-09-01 01:00:00,9.93,17.74,18.59,9.13,55.21,18.1,0.25,256.91,0.78,4.71,2023,IGKV,Hourly,0,0
2023-09-01 02:00:00,10.73,16.24,18.42,8.5,51.74,18.48,0.29,206.0,0.76,4.69,2023,IGKV,Hourly,0,0
2023-09-01 03:00:00,10.36,15.01,17.5,8.27,49.88,20.73,0.24,200.93,0.72,4.67,2023,IGKV,Hourly,0,0
2023-09-01 04:00:00,10.83,16.19,18.49,8.5,47.24,20.73,0.18,218.04,0.74,4.69,2023,IGKV,Hourly,0,0
2023-09-01 05:00:00,11.53,16.03,18.97,8.52,44.74,15.85,0.18,222.02,0.73,4.74,2023,IGKV,Hourly,0,0
2023-09-01 06:00:00,11.84,16.32,19.38,8.17,43.79,16.31,0.15,198.88,0.72,4.75,2023,IGKV,Hourly,0,0
2023-09-01 07:00:00,12.53,16.06,19.79,8.09,40.71,16.62,0.2,246.13,0.71,4.79,2023,IGKV,Hourly,0,0
2023-09-01 08:00:00,13.07,16.82,20.62,8.41,40.75,16.62,0.19,264.57,0.7,4.76,2023,IGKV,Hourly,0,0
2023-09-01 09:00:00,13.24,17.58,21.16,8.49,37.19,16.94,0.26,284.65,0.71,4.76,2023,IGKV,Hourly,0,0
2023-09-01 10:00:00,11.7,18.4,19.84,7.98,40.8,16.94,0.34,344.22,0.71,4.68,2023,IGKV,Hourly,0,0
2023-09-01 11:00:00,9.62,18.91,18.69,12.47,45.49,14.51,0.31,307.36,0.7,4.61,2023,IGKV,Hourly,0,0
2023-09-01 12:00:00,7.46,19.02,17.25,13.75,53.72,17.78,0.51,31.34,0.71,4.48,2023,IGKV,Hourly,0,0
2023-09-01 13:00:00,6.81,18.83,16.65,14.22,55.76,18.1,0.73,298.68,0.67,4.38,2023,IGKV,Hourly,0,0
2023-09-01 14:00:00,6.37,17.82,15.74,14.99,55.85,18.1,0.63,283.57,0.65,4.29,2023,IGKV,Hourly,0,0
2023-09-01 15:00:00,5.55,14.43,13.34,13.53,52.75,18.02,0.39,163.1,0.58,4.23,2023,IGKV,Hourly,0,0
2023-09-01 16:00:00,5.65,14.32,13.36,12.37,51.69,18.02,0.29,230.64,0.61,4.22,2023,IGKV,Hourly,0,0
2023-09-01 17:00:00,5.54,12.78,12.47,11.16,51.8,17.65,0.18,224.42,0.57,4.21,2023,IGKV,Hourly,0,0
2023-09-01 18:00:00,6.35,15.56,14.57,11.25,50.77,16.68,0.24,182.6,0.66,4.18,2023,IGKV,Hourly,0,0
2023-09-01 19:00:00,6.63,20.21,17.2,8.93,65.36,17.79,0.29,248.59,0.79,4.3,2023,IGKV,Hourly,0,0
2023-09-01 20:00:00,7.55,17.39,16.46,8.33,66.29,17.79,0.23,232.9,0.78,4.36,2023,IGKV,Hourly,0,0
2023-09-01 21:00:00,13.75,23.71,24.76,8.86,67.48,18.26,0.18,287.78,0.92,4.59,2023,IGKV,Hourly,0,0
2023-09-01 22:00:00,13.54,22.66,24.04,16.91,71.78,18.26,0.2,229.81,0.89,4.73,2023,IGKV,Hourly,0,0
2023-09-01 23:00:00,9.77,19.77,19.52,14.74,71.96,19.2,0.24,187.52,0.9,4.75,2023,IGKV,Hourly,0,0
2023-09-02 00:00:00,10.64,18.57,19.48,7.81,68.5,19.2,0.15,250.31,0.85,4.79,2023,IGKV,Hourly,0,0
2024-01-01 01:00:00,16.41,30.55,30.47,6.35,146.82,72.84,0.15,228.02,1.19,5.03,2024,IGKV,Hourly,0,0
2024-01-01 02:00:00,15.98,30.02,29.85,6.68,136.89,72.84,0.13,165.74,1.19,4.97,2024,IGKV,Hourly,0,0
2024-01-01 03:00:00,22.05,32.27,34.29,7.2,150.95,75.64,0.24,73.77,1.22,5.03,2024,IGKV,Hourly,0,0
2024-01-01 04:00:00,22.04,29.1,34.21,6.9,153.33,76.05,0.2,115.66,1.21,5.07,2024,IGKV,Hourly,0,0
2024-01-01 05:00:00,22.29,28.38,33.87,6.92,153.33,77.03,0.13,136.23,1.18,5.1,2024,IGKV,Hourly,0,0
2024-01-01 06:00:00,20.48,27.76,32.06,6.88,138.96,77.03,0.09,276.3,1.13,5.09,2024,IGKV,Hourly,0,0
2024-01-01 07:00:00,18.3,27.32,30.0,7.26,126.0,73.63,0.18,264.45,1.05,5.04,2024,IGKV,Hourly,0,0
2024-01-01 08:00:00,16.4,25.11,27.62,6.96,111.04,67.01,0.15,257.38,1.01,5.02,2024,IGKV,Hourly,0,0
2024-01-01 09:00:00,14.51,25.75,26.03,7.22,100.63,61.46,0.4,157.49,0.99,4.97,2024,IGKV,Hourly,0,0
2024-01-01 10:00:00,11.59,26.17,24.19,7.05,94.46,53.04,0.35,100.36,0.94,4.94,2024,IGKV,Hourly,0,0
2024-01-01 11:00:00,8.91,26.39,22.21,8.02,85.79,49.61,0.39,81.09,0.87,4.87,2024,IGKV,Hourly,0,0
2024-01-01 12:00:00,6.68,25.95,20.27,8.44,79.06,50.96,0.25,240.95,0.83,4.82,2024,IGKV,Hourly,0,0
2024-01-01 13:00:00,5.04,25.24,18.58,8.48,89.53,50.96,0.22,98.34,0.81,4.76,2024,IGKV,Hourly,0,0
2024-01-01 14:00:00,4.92,18.28,14.83,7.39,89.53,51.67,0.35,334.18,0.76,4.82,2024,IGKV,Hourly,0,0
2024-01-01 15:00:00,4.89,17.29,14.31,7.25,84.99,51.67,0.29,324.63,0.73,4.85,2024,IGKV,Hourly,0,0
2024-01-01 16:00:00,4.92,17.58,14.48,7.59,83.14,48.81,0.39,62.83,0.72,4.86,2024,IGKV,Hourly,0,0
2024-01-01 17:00:00,5.0,17.21,14.35,7.46,85.27,49.45,0.25,167.68,0.72,4.86,2024,IGKV,Hourly,0,0
2024-01-01 18:00:00,5.03,21.84,16.79,8.21,94.9,50.8,0.21,163.63,0.81,4.87,2024,IGKV,Hourly,0,0
2024-01-01 19:00:00,5.88,24.88,19.07,7.83,112.57,53.4,0.25,173.76,0.89,4.91,2024,IGKV,Hourly,0,0
2024-01-01 20:00:00,6.07,25.39,19.49,6.99,113.15,53.4,0.14,206.33,0.92,4.87,2024,IGKV,Hourly,0,0
2024-01-01 21:00:00,6.45,25.48,19.83,6.9,105.15,50.84,0.16,225.2,0.95,4.85,2024,IGKV,Hourly,0,0
2024-01-01 22:00:00,6.73,25.59,20.12,6.9,100.32,52.42,0.13,226.04,0.98,4.81,2024,IGKV,Hourly,0,0
2024-01-01 23:00:00,7.37,25.59,20.12,6.9,107.41,55.21,0.13,187.69,0.98,4.8,2024,IGKV,Hourly,0,0
2024-02-01 01:00:00,7.68,20.33,18.13,6.04,94.82,39.64,0.23,212.69,0.83,4.8,2024,IGKV,Hourly,0,0
2024-02-01 02:00:00,7.69,20.57,18.21,6.58,83.46,37.03,0.12,186.63,0.82,4.78,2024,IGKV,Hourly,0,0
2024-02-01 03:00:00,7.78,19.49,17.69,5.26,76.01,35.79,0.14,226.45,0.78,4.79,2024,IGKV,Hourly,0,0
2024-02-01 04:00:00,10.72,20.43,20.62,5.33,71.74,35.42,0.51,344.33,0.74,4.82,2024,IGKV,Hourly,0,0
2024-02-01 05:00:00,12.5,22.28,23.02,5.25,69.94,35.73,0.65,48.5,0.75,4.87,2024,IGKV,Hourly,0,0
2024-02-01 06:00:00,18.04,25.02,28.89,5.46,78.71,39.12,0.33,187.22,0.82,4.92,2024,IGKV,Hourly,0,0
2024-02-01 07:00:00,20.78,26.01,31.6,5.55,93.29,39.74,0.23,192.27,0.88,4.93,2024,IGKV,Hourly,0,0
2024-02-01 08:00:00,22.03,26.5,32.86,5.98,93.46,44.01,0.39,183.59,0.93,4.94,2024,IGKV,Hourly,0,0
2024-02-01 09:00:00,22.14,27.04,32.89,6.11,98.58,44.62,0.34,152.27,0.94,4.92,2024,IGKV,Hourly,0,0
2024-02-01 10:00:00,18.52,27.76,30.42,6.18,96.82,44.35,0.39,359.76,0.94,4.88,2024,IGKV,Hourly,0,0
2024-02-01 11:00:00,15.94,21.35,25.29,7.28,93.59,41.47,1.1,319.89,0.96,4.82,2024,IGKV,Hourly,0,0
2024-02-01 12:00:00,13.3,21.41,23.21,7.53,93.13,40.57,0.93,299.0,0.98,4.83,2024,IGKV,Hourly,0,0
2024-02-01 13:00:00,9.98,20.9,20.28,7.21,92.77,40.76,0.92,306.86,0.99,4.83,2024,IGKV,Hourly,0,0
2024-02-01 14:00:00,7.29,20.24,17.77,7.19,91.03,40.36,0.99,311.18,0.99,4.8,2024,IGKV,Hourly,0,0
2024-02-01 15:00:00,5.46,19.26,15.42,7.4,86.92,38.04,1.02,295.29,0.92,4.79,2024,IGKV,Hourly,0,0
2024-02-01 16:00:00,4.79,19.39,15.24,7.59,74.67,33.58,0.72,298.4,0.86,4.78,2024,IGKV,Hourly,0,0
2024-02-01 17:00:00,5.81,21.66,17.33,7.76,63.82,30.38,0.61,339.65,0.79,4.77,2024,IGKV,Hourly,0,0
2024-02-01 18:00:00,6.61,24.23,19.32,7.56,64.75,30.2,0.32,178.15,0.77,4.78,2024,IGKV,Hourly,0,0
2024-02-01 19:00:00,9.68,28.14,23.82,7.36,71.24,29.5,0.35,174.04,0.83,4.79,2024,IGKV,Hourly,0,0
2024-02-01 20:00:00,11.47,28.94,24.87,7.34,85.24,29.87,0.22,184.36,0.89,4.76,2024,IGKV,Hourly,0,0
2024-02-01 21:00:00,19.39,25.76,30.36,6.78,100.31,34.6,0.41,199.15,1.02,4.84,2024,IGKV,Hourly,0,0
2024-02-01 22:00:00,20.02,25.05,30.38,7.07,102.4,33.73,0.2,233.69,1.03,4.91,2024,IGKV,Hourly,0,0
2024-02-01 23:00:00,19.53,24.42,29.77,6.58,103.42,34.53,0.2,245.74,1.03,4.93,2024,IGKV,Hourly,0,0
2024-02-02 00:00:00,19.07,22.42,28.16,6.79,100.59,34.43,0.19,229.5,1.02,4.92,2024,IGKV,Hourly,0,0
2024-03-01 01:00:00,27.65,20.4,33.71,7.66,96.06,32.55,0.25,215.33,0.7,4.83,2024,IGKV,Hourly,0,0
2024-03-01 02:00:00,27.55,20.77,33.94,7.88,93.59,32.55,0.22,248.27,0.71,4.83,2024,IGKV,Hourly,0,0
2024-03-01 03:00:00,31.33,23.41,38.71,10.46,79.61,27.76,0.24,237.14,0.72,4.84,2024,IGKV,Hourly,0,0
2024-03-01 04:00:00,33.52,24.26,40.91,10.82,79.61,27.27,0.42,198.95,0.72,4.85,2024,IGKV,Hourly,0,0
2024-03-01 05:00:00,35.47,25.48,43.1,11.35,72.05,29.72,0.4,62.49,0.76,4.88,2024,IGKV,Hourly,0,0
2024-03-01 06:00:00,35.74,25.52,43.28,11.25,84.01,33.14,0.61,112.78,0.82,4.87,2024,IGKV,Hourly,0,0
2024-03-01 07:00:00,37.61,25.02,43.6,10.86,89.91,35.12,0.52,133.69,0.84,4.87,2024,IGKV,Hourly,0,0
2024-03-01 08:00:00,37.46,20.8,41.9,10.22,102.08,36.68,0.83,67.45,0.88,4.86,2024,IGKV,Hourly,0,0
2024-03-01 09:00:00,36.68,21.6,42.05,11.42,105.28,37.07,0.67,90.27,0.9,4.87,2024,IGKV,Hourly,0,0
2024-03-01 10:00:00,34.32,19.73,39.18,11.51,105.28,37.07,0.25,356.93,0.89,4.86,2024,IGKV,Hourly,0,0
2024-03-01 11:00:00,26.38,21.88,32.93,11.05,95.7,33.79,0.5,300.0,0.85,4.82,2024,IGKV,Hourly,0,0
2024-03-01 12:00:00,14.64,23.14,24.76,12.48,77.76,30.56,0.92,301.21,0.75,4.79,2024,IGKV,Hourly,0,0
2024-03-01 13:00:00,6.87,23.84,19.32,11.86,69.53,29.0,1.0,315.94,0.68,4.74,2024,IGKV,Hourly,0,0
2024-03-01 14:00:00,4.7,20.27,15.72,16.39,65.92,26.73,1.06,309.64,0.61,4.71,2024,IGKV,Hourly,0,0
2024-03-01 15:00:00,4.83,18.76,14.77,15.93,62.29,26.75,1.19,325.97,0.63,4.72,2024,IGKV,Hourly,0,0
2024-03-01 16:00:00,5.72,19.09,15.91,22.88,62.29,26.75,0.9,346.22,0.61,4.72,2024,IGKV,Hourly,0,0
2024-03-01 17:00:00,6.98,19.48,17.13,21.84,57.18,24.51,0.81,272.5,0.64,4.66,2024,IGKV,Hourly,0,0
2024-03-01 18:00:00,6.02,18.58,15.89,12.54,65.18,24.78,0.34,168.99,0.64,4.68,2024,IGKV,Hourly,0,0
2024-03-01 19:00:00,7.05,17.38,15.61,8.79,76.42,25.77,0.27,194.56,0.65,4.69,2024,IGKV,Hourly,0,0
2024-03-01 20:00:00,8.08,15.93,15.51,8.23,79.48,28.71,0.27,200.42,0.65,4.71,2024,IGKV,Hourly,0,0
2024-03-01 21:00:00,8.9,14.7,16.17,8.56,109.27,33.22,0.25,252.01,0.66,4.74,2024,IGKV,Hourly,0,0
2024-03-01 22:00:00,8.91,16.25,16.99,9.37,109.27,33.22,0.3,249.67,0.7,4.73,2024,IGKV,Hourly,0,0
2024-03-01 23:00:00,8.79,16.98,17.13,9.4,95.02,29.43,0.21,240.19,0.71,4.73,2024,IGKV,Hourly,0,0
2024-03-02 00:00:00,8.58,17.27,17.17,9.79,80.09,28.36,0.21,251.22,0.72,4.72,2024,IGKV,Hourly,0,0
2024-04-01 01:00:00,7.26,20.91,18.05,9.09,40.05,10.736644021739128,0.22,208.22,0.61,5.01,2024,IGKV,Hourly,1,15
2024-04-01 02:00:00,7.33,21.18,18.29,8.71,28.57,10.712201086956519,0.23,208.93,0.59,5.01,2024,IGKV,Hourly,1,15
2024-04-01 03:00:00,7.53,22.04,18.91,12.04,34.79,10.68775815217391,0.24,210.88,0.61,5.01,2024,IGKV,Hourly,1,15
2024-04-01 04:00:00,7.76,22.71,19.37,12.4,37.1,,0.17,197.95,0.63,5.04,2024,IGKV,Hourly,1,15
2024-04-01 05:00:00,8.09,23.2,19.96,12.42,40.25,,0.21,200.38,0.64,5.03,2024,IGKV,Hourly,1,15
2024-04-01 06:00:00,9.04,23.61,20.29,12.69,48.81,,0.25,215.37,0.66,5.02,2024,IGKV,Hourly,1,15
2024-04-01 07:00:00,9.16,19.63,18.56,11.45,49.51,,0.3,183.56,0.66,5.05,2024,IGKV,Hourly,1,15
2024-04-01 08:00:00,8.43,20.92,18.59,12.11,46.34,,0.6,250.09,0.68,5.04,2024,IGKV,Hourly,1,15
2024-04-01 09:00:00,7.43,21.35,18.21,12.47,52.53,,0.85,262.93,0.7,5.04,2024,IGKV,Hourly,1,15
2024-04-01 10:00:00,6.08,21.6,17.51,13.9,60.11,,1.21,268.19,0.7,5.06,2024,IGKV,Hourly,1,15
2024-04-01 11:00:00,5.47,20.78,16.5,17.35,60.63,,1.44,275.15,0.69,5.09,2024,IGKV,Hourly,1,15
2024-04-01 12:00:00,5.34,23.37,17.59,17.38,58.78,,1.45,288.29,0.69,5.04,2024,IGKV,Hourly,1,15
2024-04-01 13:00:00,4.9,23.99,17.81,18.55,59.34,,1.26,285.28,0.7,5.05,2024,IGKV,Hourly,1,15
2024-04-01 14:00:00,5.06,24.63,18.25,18.53,59.32,,1.3,296.79,0.63,5.08,2024,IGKV,Hourly,1,15
2024-04-01 15:00:00,5.07,23.06,17.4,18.65,53.31,,1.42,295.04,0.58,5.06,2024,IGKV,Hourly,1,15
2024-04-01 16:00:00,4.98,21.11,16.37,20.11,53.4,10.37,1.13,276.99,0.56,5.06,2024,IGKV,Hourly,0,0
2024-04-01 17:00:00,4.85,19.13,15.13,19.32,51.31,15.26,1.03,271.55,0.51,5.04,2024,IGKV,Hourly,0,0
2024-04-01 18:00:00,4.83,18.49,14.77,18.89,49.46,16.28,0.71,267.95,0.62,5.0,2024,IGKV,Hourly,0,0
2024-04-01 19:00:00,4.6,18.59,14.75,20.01,45.11,18.33,0.49,254.5,0.62,5.05,2024,IGKV,Hourly,0,0
2024-04-01 20:00:00,5.24,22.37,17.01,17.34,64.7,23.61,0.28,197.69,0.67,5.06,2024,IGKV,Hourly,0,0
2024-04-01 21:00:00,5.79,21.62,17.29,15.09,66.1,23.61,0.24,199.49,0.7,5.07,2024,IGKV,Hourly,0,0
2024-04-01 22:00:00,6.25,23.19,18.48,14.55,64.88,23.62,0.23,189.98,0.76,5.07,2024,IGKV,Hourly,0,0
2024-04-01 23:00:00,6.58,23.93,19.13,13.76,64.92,28.53,0.22,203.46,0.77,5.07,2024,IGKV,Hourly,0,0
2024-04-02 00:00:00,7.03,22.81,18.7,13.58,64.48,28.53,0.19,188.73,0.78,5.04,2024,IGKV,Hourly,0,0
2024-05-01 01:00:00,11.28,13.19,25.08,12.67,63.84,25.74,0.19,188.15,0.87,5.010978487161694,2024,IGKV,Hourly,1,24
2024-05-01 02:00:00,11.32,13.29,25.17,10.2,69.04,25.34,0.24,211.58,0.85,5.0109368494101325,2024,IGKV,Hourly,1,24
2024-05-01 03:00:00,11.3,13.27,25.12,10.06,66.26,26.39,0.24,195.72,0.82,5.01089521165857,2024,IGKV,Hourly,1,24
2024-05-01 04:00:00,11.31,13.19,25.11,10.42,59.69,23.68,0.17,170.69,0.79,,2024,IGKV,Hourly,1,24
2024-05-01 05:00:00,11.29,13.14,25.04,12.22,56.33,23.64,0.19,178.26,0.77,,2024,IGKV,Hourly,1,24
2024-05-01 06:00:00,11.32,13.13,25.06,11.41,70.94,23.73,0.21,177.07,0.65,,2024,IGKV,Hourly,1,24
2024-05-01 07:00:00,11.32,13.23,25.14,12.78,65.05,20.94,0.51,243.43,0.66,,2024,IGKV,Hourly,1,24
2024-05-01 08:00:00,11.25,13.15,25.03,12.6,55.28,23.05,0.98,254.43,0.64,,2024,IGKV,Hourly,1,24
2024-05-01 09:00:00,11.26,13.24,25.09,11.05,50.52,21.01,1.16,255.53,0.61,,2024,IGKV,Hourly,1,24
2024-05-01 10:00:00,11.24,13.16,25.02,10.27,43.02,16.47,1.48,267.91,0.58,,2024,IGKV,Hourly,1,24
2024-05-01 11:00:00,11.28,13.17,25.06,18.37,41.71,17.93,1.53,282.14,0.56,,2024,IGKV,Hourly,1,24
2024-05-01 12:00:00,11.28,13.29,25.13,22.19,52.99,18.9,1.4,282.11,0.58,,2024,IGKV,Hourly,1,24
2024-05-01 13:00:00,11.23,13.15,25.02,19.51,55.46,20.56,1.49,277.17,0.58,,2024,IGKV,Hourly,1,24
2024-05-01 14:00:00,11.24,13.17,25.04,20.34,59.14,21.18,1.52,274.83,0.57,,2024,IGKV,Hourly,1,24
2024-05-01 15:00:00,11.35,13.13,25.1,21.19,61.21,20.25,1.3,266.95,0.58,,2024,IGKV,Hourly,1,24
2024-05-01 16:00:00,11.46,13.31,25.29,15.81,54.33,17.58,1.56,268.17,0.58,,2024,IGKV,Hourly,1,24
2024-05-01 17:00:00,11.45,13.35,25.3,16.02,66.26,17.13,1.77,299.0,0.55,,2024,IGKV,Hourly,1,24
2024-05-01 18:00:00,11.41,13.15,25.16,12.47,61.28,19.65,1.96,302.0,0.52,,2024,IGKV,Hourly,1,24
2024-05-01 19:00:00,11.45,13.11,25.18,15.56,59.65,15.06,1.52,300.42,0.52,,2024,IGKV,Hourly,1,24
2024-05-01 20:00:00,11.43,13.16,25.14,16.05,56.41,15.42,1.53,301.28,0.56,,2024,IGKV,Hourly,1,24
2024-05-01 21:00:00,11.24,13.27,25.09,14.24,58.09,16.43,0.89,304.6,0.65,,2024,IGKV,Hourly,1,24
2024-05-01 22:00:00,11.21,13.18,25.01,14.21,61.41,18.26,0.89,296.99,0.68,,2024,IGKV,Hourly,1,24
2024-05-01 23:00:00,11.28,13.38,25.18,16.86,64.78,17.07,0.78,300.21,0.68,,2024,IGKV,Hourly,1,24
2024-05-02 00:00:00,11.32,13.23,25.11,25.4,67.19,19.63,0.54,298.17,0.68,,2024,IGKV,Hourly,1,24
2024-06-01 01:00:00,7.33,6.09,14.04,29.51,74.68,19.6,0.28,178.43,0.85,4.98,2024,IGKV,Hourly,0,0
2024-06-01 02:00:00,7.3,6.14,14.07,35.69,79.68,26.38,0.56,102.3,0.82,4.99,2024,IGKV,Hourly,0,0
2024-06-01 03:00:00,7.29,6.13,14.05,43.6,88.23,26.38,0.36,184.56,0.7,5.0,2024,IGKV,Hourly,0,0
2024-06-01 04:00:00,7.31,6.12,14.07,40.01,101.31,28.46,0.24,243.44,0.7,4.99,2024,IGKV,Hourly,0,0
2024-06-01 05:00:00,7.34,6.12,14.09,24.87,101.31,29.04,0.21,203.38,0.69,5.0,2024,IGKV,Hourly,0,0
2024-06-01 06:00:00,7.35,6.09,14.08,20.25,99.98,29.04,0.12,209.37,0.74,4.99,2024,IGKV,Hourly,0,0
2024-06-01 07:00:00,7.35,6.14,14.11,33.59,107.31,31.71,0.79,65.44,0.85,4.99,2024,IGKV,Hourly,0,0
2024-06-01 08:00:00,7.35,6.11,14.09,47.34,132.92,40.38,0.87,350.34,1.0,5.02,2024,IGKV,Hourly,0,0
2024-06-01 09:00:00,7.34,6.1,14.08,71.26,161.25,57.21,0.79,344.67,1.04,4.99,2024,IGKV,Hourly,0,0
2024-06-01 10:00:00,7.37,6.12,14.11,76.51,182.66,61.26,1.26,314.95,1.09,4.99,2024,IGKV,Hourly,0,0
2024-06-01 11:00:00,7.34,6.12,14.07,48.22,182.66,61.26,1.47,346.18,0.88,4.97,2024,IGKV,Hourly,0,0
2024-06-01 12:00:00,7.39,6.1,14.11,33.81,163.54,54.93,1.53,333.62,0.88,4.96,2024,IGKV,Hourly,0,0
2024-06-01 13:00:00,7.33,6.14,14.08,23.07,136.35,49.52,0.85,285.56,0.8,4.96,2024,IGKV,Hourly,0,0
2024-06-01 14:00:00,7.37,6.19,14.14,16.67,101.61,33.96,1.37,316.58,0.82,5.01,2024,IGKV,Hourly,0,0
2024-06-01 15:00:00,7.34,6.15,14.07,14.56,95.9,33.96,1.78,321.23,0.68,4.99,2024,IGKV,Hourly,0,0
2024-06-01 16:00:00,7.37,6.14,14.11,14.19,71.74,32.24,1.47,306.26,0.63,5.0,2024,IGKV,Hourly,0,0
2024-06-01 17:00:00,7.36,6.11,14.09,13.55,76.44,28.75,1.48,298.4,0.55,4.99,2024,IGKV,Hourly,0,0
2024-06-01 18:00:00,7.37,6.12,14.1,13.17,76.44,27.41,1.51,309.91,0.5,4.99,2024,IGKV,Hourly,0,0
2024-06-01 19:00:00,7.49,6.2,14.19,9.97,71.09,21.19,1.19,297.34,0.61,4.97,2024,IGKV,Hourly,0,0
2024-06-01 20:00:00,7.4,6.12,14.14,13.49,71.09,21.19,0.57,250.96,0.69,4.99,2024,IGKV,Hourly,0,0
2024-06-01 21:00:00,7.32,6.13,14.09,12.76,66.42,19.84,0.49,249.89,0.8,5.0,2024,IGKV,Hourly,0,0
2024-06-01 22:00:00,7.36,6.11,14.07,10.54,80.89,20.46,0.73,142.36,0.65,5.0,2024,IGKV,Hourly,0,0
2024-06-01 23:00:00,7.43,6.13,14.15,9.57,80.89,22.71,0.46,217.24,0.59,5.0,2024,IGKV,Hourly,0,0
2024-06-02 00:00:00,7.45,6.12,14.18,10.32,56.0,22.71,0.27,258.07,0.4,5.01,2024,IGKV,Hourly,0,0
2024-07-01 01:00:00,9.24,4.15,14.01,7.95,9.94,4.61,0.12,270.82,0.33,4.62,2024,IGKV,Hourly,0,0
2024-07-01 02:00:00,9.23,4.08,13.98,8.88,9.94,3.24,0.48,252.47,0.32,4.62,2024,IGKV,Hourly,0,0
2024-07-01 03:00:00,9.25,4.07,14.0,8.59,12.04,3.28,0.86,260.75,0.31,4.64,2024,IGKV,Hourly,0,0
2024-07-01 04:00:00,9.24,4.09,13.99,8.99,12.04,6.76,1.05,266.57,0.29,4.64,2024,IGKV,Hourly,0,0
2024-07-01 05:00:00,9.26,4.09,14.01,9.52,11.36,6.76,1.12,276.7,0.39,4.64,2024,IGKV,Hourly,0,0
2024-07-01 06:00:00,9.22,4.12,13.98,8.96,8.62,5.07,0.86,271.45,0.4,4.64,2024,IGKV,Hourly,0,0
2024-07-01 07:00:00,9.22,4.09,13.95,7.52,8.35,3.8,0.81,267.41,0.36,4.64,2024,IGKV,Hourly,0,0
2024-07-01 08:00:00,9.19,4.08,13.95,6.64,8.72,3.8,0.78,263.25,0.34,4.64,2024,IGKV,Hourly,0,0
2024-07-01 09:00:00,9.2,4.06,13.95,6.18,8.72,2.87,0.87,265.17,0.32,4.66,2024,IGKV,Hourly,0,0
2024-07-01 10:00:00,9.2,4.06,13.95,6.08,8.68,4.01,1.27,264.63,0.3,4.64,2024,IGKV,Hourly,0,0
2024-07-01 11:00:00,9.21,4.06,13.95,8.99,10.15,5.3,1.15,275.95,0.3,4.65,2024,IGKV,Hourly,0,0
2024-07-01 12:00:00,9.22,4.09,13.97,9.41,10.15,5.3,1.4,273.98,0.3,4.65,2024,IGKV,Hourly,0,0
2024-07-01 13:00:00,9.24,4.08,13.98,10.07,12.44,5.18,1.1,269.92,0.28,4.65,2024,IGKV,Hourly,0,0
2024-07-01 14:00:00,9.25,4.11,14.01,10.41,16.29,6.12,1.24,271.35,0.28,4.65,2024,IGKV,Hourly,0,0
2024-07-01 15:00:00,9.28,4.08,14.02,10.26,17.2,6.12,1.11,268.09,0.29,4.65,2024,IGKV,Hourly,0,0
2024-07-01 16:00:00,9.22,4.08,13.97,8.39,17.2,8.3,0.8,258.54,0.27,4.65,2024,IGKV,Hourly,0,0
2024-07-01 17:00:00,9.21,4.11,13.98,7.84,17.9,8.3,1.29,295.17,0.26,4.66,2024,IGKV,Hourly,0,0
2024-07-01 18:00:00,9.22,4.1,13.97,7.96,17.9,6.28,0.56,315.58,0.39,4.65,2024,IGKV,Hourly,0,0
2024-07-01 19:00:00,9.22,4.08,13.97,9.2,16.94,5.6,0.41,255.56,0.34,4.63,2024,IGKV,Hourly,0,0
2024-07-01 20:00:00,9.21,4.1,13.96,9.65,16.94,5.0,0.35,248.87,0.32,4.64,2024,IGKV,Hourly,0,0
2024-07-01 21:00:00,9.2,4.11,13.97,10.15,13.78,5.1,0.33,244.56,0.31,4.65,2024,IGKV,Hourly,0,0
2024-07-01 22:00:00,9.19,4.08,13.93,11.07,15.77,5.1,0.22,250.52,0.31,4.65,2024,IGKV,Hourly,0,0
2024-07-01 23:00:00,9.18,4.09,13.94,11.52,16.06,7.23,0.34,254.95,0.32,4.65,2024,IGKV,Hourly,0,0
2024-07-02 00:00:00,9.2,4.09,13.95,11.95,17.19,7.23,0.39,257.36,0.33,4.64,2024,IGKV,Hourly,0,0
2024-08-01 01:00:00,9.23,4.17,14.0,11.79,24.01,10.42,0.79,280.75,0.4,4.68,2024,IGKV,Hourly,0,0
2024-08-01 02:00:00,9.2,4.17,14.0,11.42,24.01,10.42,0.8,279.59,0.38,4.66,2024,IGKV,Hourly,0,0
2024-08-01 03:00:00,9.21,4.19,14.0,10.7,19.83,10.09,0.44,276.88,0.36,4.68,2024,IGKV,Hourly,0,0
2024-08-01 04:00:00,9.18,4.22,14.0,10.52,13.99,7.43,0.24,270.05,0.33,4.67,2024,IGKV,Hourly,0,0
2024-08-01 05:00:00,9.15,4.28,14.0,11.12,11.36,5.93,0.26,271.12,0.28,4.68,2024,IGKV,Hourly,0,0
2024-08-01 06:00:00,9.15,4.27,14.0,11.62,10.95,4.95,0.36,278.55,0.26,4.68,2024,IGKV,Hourly,0,0
2024-08-01 07:00:00,9.18,4.2,14.0,12.16,10.95,4.34,0.64,277.09,0.25,4.67,2024,IGKV,Hourly,0,0
2024-08-01 08:00:00,9.2,4.19,14.0,12.68,18.87,3.39,0.81,278.91,0.25,4.67,2024,IGKV,Hourly,0,0
2024-08-01 09:00:00,9.2,4.17,14.0,13.3,21.65,3.31,0.95,280.56,0.28,4.67,2024,IGKV,Hourly,0,0
2024-08-01 10:00:00,9.18,4.23,14.0,13.06,21.65,4.84,0.98,284.4,0.29,4.67,2024,IGKV,Hourly,0,0
2024-08-01 11:00:00,9.17,4.23,14.0,9.21,15.78,9.59,1.03,280.79,0.27,4.67,2024,IGKV,Hourly,0,0
2024-08-01 12:00:00,9.18,4.23,14.0,9.03,14.88,9.59,0.95,284.6,0.28,4.68,2024,IGKV,Hourly,0,0
2024-08-01 13:00:00,9.22,4.18,14.0,8.58,14.39,7.66,1.13,283.53,0.29,4.67,2024,IGKV,Hourly,0,0
2024-08-01 14:00:00,9.22,4.13,14.0,8.92,20.34,6.16,1.12,282.62,0.3,4.67,2024,IGKV,Hourly,0,0
2024-08-01 15:00:00,9.23,4.12,14.0,9.12,23.41,10.51,0.91,285.19,0.35,4.67,2024,IGKV,Hourly,0,0
2024-08-01 16:00:00,9.25,4.1,14.0,9.94,23.41,11.63,0.93,282.96,0.39,4.67,2024,IGKV,Hourly,0,0
2024-08-01 17:00:00,9.24,4.11,14.0,10.48,20.55,13.17,0.91,282.47,0.39,4.66,2024,IGKV,Hourly,0,0
2024-08-01 18:00:00,9.24,4.14,14.0,10.95,23.34,13.17,0.73,282.67,0.37,4.65,2024,IGKV,Hourly,0,0
2024-08-01 19:00:00,9.23,4.13,14.0,11.02,23.34,15.52,0.6,279.17,0.42,4.66,2024,IGKV,Hourly,0,0
2024-08-01 20:00:00,9.2,4.18,14.0,10.55,19.38,15.52,0.42,274.26,0.42,4.66,2024,IGKV,Hourly,0,0
2024-08-01 21:00:00,9.18,4.26,14.0,9.51,33.67,15.91,0.48,280.3,0.41,4.68,2024,IGKV,Hourly,0,0
2024-08-01 22:00:00,9.14,4.28,14.0,9.3,33.67,15.91,0.58,279.7,0.4,4.67,2024,IGKV,Hourly,0,0
2024-08-01 23:00:00,9.15,4.28,14.0,9.11,24.76,16.73,0.57,277.69,0.4,4.67,2024,IGKV,Hourly,0,0
2024-08-02 00:00:00,9.23,4.26,14.0,9.43,26.12,16.73,0.33,275.68,0.34,4.67,2024,IGKV,Hourly,0,0
2024-09-01 01:00:00,9.15,4.27,14.0,10.36,57.3,13.93,1.13,59.79,0.34,5.03,2024,IGKV,Hourly,0,0
2024-09-01 02:00:00,9.08,4.39,14.0,10.58,53.17,15.62,1.01,62.84,0.38,5.03,2024,IGKV,Hourly,0,0
2024-09-01 03:00:00,9.05,4.42,14.0,10.18,47.51,15.62,0.59,72.88,0.37,5.04,2024,IGKV,Hourly,0,0
2024-09-01 04:00:00,9.06,4.39,14.0,10.63,44.31,11.31,0.72,67.56,0.34,5.04,2024,IGKV,Hourly,0,0
2024-09-01 05:00:00,9.05,4.43,14.0,11.0,36.91,10.19,1.04,71.27,0.33,5.05,2024,IGKV,Hourly,0,0
2024-09-01 06:00:00,9.05,4.41,14.0,11.27,31.96,7.33,0.99,57.64,0.31,5.04,2024,IGKV,Hourly,0,0
2024-09-01 07:00:00,9.08,4.36,14.0,11.37,29.77,6.0,1.14,60.86,0.3,5.05,2024,IGKV,Hourly,0,0
2024-09-01 08:00:00,9.07,4.38,14.0,9.82,30.01,7.04,0.91,67.62,0.27,5.05,2024,IGKV,Hourly,0,0
2024-09-01 09:00:00,9.06,4.39,14.0,8.43,33.34,7.04,0.74,100.68,0.27,5.06,2024,IGKV,Hourly,0,0
2024-09-01 10:00:00,9.07,4.39,14.0,8.23,33.34,5.09,1.01,96.39,0.27,5.06,2024,IGKV,Hourly,0,0
2024-09-01 11:00:00,9.08,4.38,14.0,11.12,30.09,6.09,0.38,122.01,0.31,5.04,2024,IGKV,Hourly,0,0
2024-09-01 12:00:00,9.06,4.39,14.0,11.47,32.35,7.98,0.41,121.84,0.31,5.05,2024,IGKV,Hourly,0,0
2024-09-01 13:00:00,9.07,4.39,14.0,12.01,32.35,10.36,0.8,67.96,0.3,5.05,2024,IGKV,Hourly,0,0
2024-09-01 14:00:00,9.06,4.4,14.0,11.79,31.56,10.36,0.8,74.13,0.29,5.05,2024,IGKV,Hourly,0,0
2024-09-01 15:00:00,9.06,4.41,14.0,12.22,31.56,7.62,1.43,72.74,0.37,5.03,2024,IGKV,Hourly,0,0
2024-09-01 16:00:00,9.17,4.41,14.0,12.66,34.9,10.58,1.14,68.38,0.36,5.03,2024,IGKV,Hourly,0,0
2024-09-01 17:00:00,9.15,4.26,14.0,12.37,38.88,10.58,1.06,62.4,0.36,5.04,2024,IGKV,Hourly,0,0
2024-09-01 18:00:00,9.12,4.29,14.0,11.8,38.88,8.92,0.83,73.5,0.36,5.04,2024,IGKV,Hourly,0,0
2024-09-01 19:00:00,9.11,4.36,14.0,8.27,37.88,7.94,0.86,61.15,0.43,5.05,2024,IGKV,Hourly,0,0
2024-09-01 20:00:00,9.1,4.35,14.0,8.43,46.84,9.1,0.68,75.0,0.38,5.05,2024,IGKV,Hourly,0,0
2024-09-01 21:00:00,9.11,4.31,14.0,9.28,46.84,9.1,0.79,73.16,0.4,5.05,2024,IGKV,Hourly,0,0
2024-09-01 22:00:00,9.09,4.36,14.0,9.84,38.73,8.14,0.54,88.37,0.4,5.03,2024,IGKV,Hourly,0,0
2024-09-01 23:00:00,9.08,4.36,14.0,10.24,38.73,6.19,0.38,85.59,0.39,5.04,2024,IGKV,Hourly,0,0
2024-09-02 00:00:00,9.07,4.38,14.0,11.06,27.36,4.7,0.25,143.36,0.38,5.05,2024,IGKV,Hourly,0,0
2024-10-01 01:00:00,9.29,4.25,14.01,10.4,39.6,17.61,0.28,262.0,0.41,4.68,2024,IGKV,Hourly,0,0
2024-10-01 02:00:00,9.24,4.12,14.0,10.59,35.65,17.48,0.26,257.9,0.4,4.68,2024,IGKV,Hourly,0,0
2024-10-01 03:00:00,9.26,4.11,14.0,11.44,28.69,17.16,0.27,257.2,0.39,4.68,2024,IGKV,Hourly,0,0
2024-10-01 04:00:00,9.31,4.11,14.0,12.68,26.05,12.26,0.24,261.27,0.37,4.67,2024,IGKV,Hourly,0,0
2024-10-01 05:00:00,9.33,4.12,14.07,12.22,21.18,15.22,0.31,265.53,0.38,4.66,2024,IGKV,Hourly,0,0
2024-10-01 06:00:00,9.31,4.07,14.05,11.1,22.88,12.79,0.18,253.12,0.36,4.67,2024,IGKV,Hourly,0,0
2024-10-01 07:00:00,9.3,4.08,14.04,10.31,31.67,11.94,0.37,260.2,0.37,4.66,2024,IGKV,Hourly,0,0
2024-10-01 08:00:00,9.3,4.09,14.03,10.23,30.52,15.98,0.47,264.98,0.42,4.66,2024,IGKV,Hourly,0,0
2024-10-01 09:00:00,9.39,4.07,14.08,11.04,32.27,14.48,0.86,280.17,0.55,4.68,2024,IGKV,Hourly,0,0
2024-10-01 10:00:00,9.29,4.1,14.12,14.48,47.55,16.69,0.68,268.34,0.63,4.68,2024,IGKV,Hourly,0,0
2024-10-01 11:00:00,9.22,4.14,14.0,16.47,57.51,24.02,0.72,272.11,0.67,4.69,2024,IGKV,Hourly,0,0
2024-10-01 12:00:00,9.21,4.17,14.0,17.13,60.43,20.62,0.66,269.26,0.64,4.69,2024,IGKV,Hourly,0,0
2024-10-01 13:00:00,9.27,4.17,14.0,13.81,60.89,21.1,0.65,272.63,0.61,4.68,2024,IGKV,Hourly,0,0
2024-10-01 14:00:00,9.37,4.17,14.09,14.49,59.55,26.31,0.52,270.0,0.49,4.67,2024,IGKV,Hourly,0,0
2024-10-01 15:00:00,9.39,4.1,14.12,12.15,56.15,24.31,0.38,253.47,0.5,4.63,2024,IGKV,Hourly,0,0
2024-10-01 16:00:00,9.37,4.08,14.09,9.83,49.29,21.19,0.56,264.67,0.48,4.63,2024,IGKV,Hourly,0,0
2024-10-01 17:00:00,9.35,4.08,14.07,9.56,43.31,18.01,0.22,157.81,0.48,4.64,2024,IGKV,Hourly,0,0
2024-10-01 18:00:00,9.45,4.08,14.16,8.74,38.39,13.74,0.18,199.49,0.47,4.69,2024,IGKV,Hourly,0,0
2024-10-01 19:00:00,9.51,4.08,14.19,9.22,36.71,19.8,0.21,250.21,0.36,4.69,2024,IGKV,Hourly,0,0
2024-10-01 20:00:00,9.34,4.08,14.07,10.34,41.57,17.97,0.34,265.31,0.38,4.67,2024,IGKV,Hourly,0,0
2024-10-01 21:00:00,9.33,4.08,14.06,10.29,44.38,13.18,0.15,251.22,0.4,4.67,2024,IGKV,Hourly,0,0
2024-10-01 22:00:00,9.35,4.09,14.08,10.99,44.18,14.53,0.14,206.44,0.48,4.68,2024,IGKV,Hourly,0,0
2024-10-01 23:00:00,9.34,4.08,14.08,11.05,48.42,13.62,0.13,204.98,0.52,4.67,2024,IGKV,Hourly,0,0
2024-10-02 00:00:00,9.31,4.06,14.04,10.03,63.3,18.63,0.35,260.75,0.55,4.67,2024,IGKV,Hourly,0,0
2024-11-01 01:00:00,5.29,8.1,14.0,9.62,101.08,59.76,0.1,224.28,0.74,4.29,2024,IGKV,Hourly,0,0
2024-11-01 02:00:00,5.26,8.1,14.0,9.46,100.96,60.91,0.17,331.3,0.77,4.28,2024,IGKV,Hourly,0,0
2024-11-01 03:00:00,5.25,8.06,13.99,8.84,247.03,142.63,0.28,90.89,0.82,4.28,2024,IGKV,Hourly,0,0
2024-11-01 04:00:00,5.29,8.07,14.01,8.65,247.03,114.365,0.34,65.58,0.85,4.27,2024,IGKV,Hourly,1,1
2024-11-01 05:00:00,5.29,8.09,14.03,8.71,156.85,86.1,0.1,215.51,0.86,4.28,2024,IGKV,Hourly,0,0
2024-11-01 06:00:00,5.29,8.05,14.02,8.12,121.84,36.49,0.17,174.26,0.86,4.3,2024,IGKV,Hourly,0,0
2024-11-01 07:00:00,5.28,8.11,14.03,8.34,92.3,25.41,0.09,170.19,0.88,4.29,2024,IGKV,Hourly,0,0
2024-11-01 08:00:00,5.28,8.1,14.02,7.94,55.36,36.99,0.2,152.71,0.91,4.28,2024,IGKV,Hourly,0,0
2024-11-01 09:00:00,5.29,8.07,14.02,8.46,65.888,17.57,0.29,248.01,0.88,4.28,2024,IGKV,Hourly,1,4
2024-11-01 10:00:00,5.29,8.08,14.01,9.26,76.416,24.76,0.42,264.01,0.9,4.28,2024,IGKV,Hourly,1,4
2024-11-01 11:00:00,5.32,8.08,14.06,14.41,86.944,36.6,0.3,281.98,0.89,4.27,2024,IGKV,Hourly,1,4
2024-11-01 12:00:00,5.38,8.07,14.09,23.41,,28.51,0.23,201.44,0.67,4.3,2024,IGKV,Hourly,1,4
2024-11-01 13:00:00,5.36,8.1,14.08,23.47,108.0,18.96,0.43,167.68,0.46,4.29,2024,IGKV,Hourly,0,0
2024-11-01 14:00:00,5.36,8.09,14.09,12.31,108.0,18.96,0.31,172.92,0.38,4.3,2024,IGKV,Hourly,0,0
2024-11-01 15:00:00,5.38,8.11,14.1,20.62,80.65,18.47,0.67,58.67,0.38,4.31,2024,IGKV,Hourly,0,0
2024-11-01 16:00:00,5.37,8.09,14.09,11.16,65.77,18.47,0.56,169.77,0.38,4.3,2024,IGKV,Hourly,0,0
2024-11-01 17:00:00,5.43,8.09,14.15,10.62,59.66,17.97,0.34,171.07,0.39,4.31,2024,IGKV,Hourly,0,0
2024-11-01 18:00:00,5.36,8.1,14.09,8.08,63.61,19.92,0.26,169.73,0.43,4.29,2024,IGKV,Hourly,0,0
2024-11-01 19:00:00,5.32,8.09,14.05,9.55,69.21,23.2,0.27,223.27,0.47,4.29,2024,IGKV,Hourly,0,0
2024-11-01 20:00:00,5.3,8.09,14.04,9.84,69.21,23.2,0.21,177.05,0.5,4.3,2024,IGKV,Hourly,0,0
2024-11-01 21:00:00,5.29,8.12,14.05,10.26,78.65,31.92,0.18,228.59,0.53,4.29,2024,IGKV,Hourly,0,0
2024-11-01 22:00:00,5.3,8.07,14.04,10.67,78.65,32.57,0.19,221.98,0.56,4.29,2024,IGKV,Hourly,0,0
2024-11-01 23:00:00,5.32,8.09,14.05,10.36,75.71,32.57,0.16,226.51,0.56,4.31,2024,IGKV,Hourly,0,0
2024-11-02 00:00:00,5.31,8.07,14.03,10.47,75.71,33.65,0.15,230.42,0.58,4.29,2024,IGKV,Hourly,0,0
2024-12-01 01:00:00,9.34,18.77,18.42,10.82,53.37,20.43,0.5,71.36,0.79,10.16,2024,IGKV,Hourly,0,0
2024-12-01 02:00:00,10.36,18.39,18.9,11.11,46.04,17.8,0.72,58.0,0.77,10.16,2024,IGKV,Hourly,0,0
2024-12-01 03:00:00,11.73,17.83,19.83,10.01,42.33,15.43,0.73,44.0,0.74,10.17,2024,IGKV,Hourly,0,0
2024-12-01 04:00:00,12.58,17.34,20.44,9.91,34.02,12.9,0.94,51.4,0.72,10.15,2024,IGKV,Hourly,0,0
2024-12-01 05:00:00,13.86,18.16,21.96,9.38,32.7,11.74,1.09,49.39,0.7,10.19,2024,IGKV,Hourly,0,0
2024-12-01 06:00:00,15.46,19.09,23.72,9.83,29.86,11.13,1.05,51.69,0.65,10.18,2024,IGKV,Hourly,0,0
2024-12-01 07:00:00,16.06,19.12,24.22,9.45,32.26,9.76,1.36,51.11,0.62,10.19,2024,IGKV,Hourly,0,0
2024-12-01 08:00:00,16.52,19.4,24.74,9.61,32.21,10.05,1.02,55.03,0.65,10.18,2024,IGKV,Hourly,0,0
2024-12-01 09:00:00,17.35,19.68,25.55,9.81,38.42,10.05,0.82,58.53,0.68,10.19,2024,IGKV,Hourly,0,0
2024-12-01 10:00:00,17.37,19.37,25.4,10.45,41.32,10.79,0.92,62.15,0.68,10.17,2024,IGKV,Hourly,0,0
2024-12-01 11:00:00,16.78,18.61,24.53,8.45,45.29,15.98,0.93,93.25,0.72,10.17,2024,IGKV,Hourly,0,0
2024-12-01 12:00:00,16.0,18.55,23.76,8.98,50.32,15.97,0.71,75.14,0.73,10.15,2024,IGKV,Hourly,0,0
2024-12-01 13:00:00,14.85,18.23,22.78,8.87,50.22,15.86,0.51,85.1,0.75,10.15,2024,IGKV,Hourly,0,0
2024-12-01 14:00:00,14.16,18.41,22.22,8.63,45.7,16.06,0.67,70.99,0.78,10.15,2024,IGKV,Hourly,0,0
2024-12-01 15:00:00,12.14,18.39,20.39,7.78,45.5,16.03,0.75,57.37,0.72,10.13,2024,IGKV,Hourly,0,0
2024-12-01 16:00:00,11.9,18.73,20.61,7.73,38.76,13.92,0.65,66.16,0.72,10.14,2024,IGKV,Hourly,0,0
2024-12-01 17:00:00,10.97,18.76,19.9,7.76,34.57,13.26,0.48,96.96,0.71,10.14,2024,IGKV,Hourly,0,0
2024-12-01 18:00:00,10.75,19.03,19.91,7.9,31.57,13.26,0.36,150.75,0.71,10.13,2024,IGKV,Hourly,0,0
2024-12-01 19:00:00,10.35,18.97,19.31,10.5,31.49,13.23,0.31,150.04,0.69,10.13,2024,IGKV,Hourly,0,0
2024-12-01 20:00:00,10.55,17.81,18.91,10.78,27.93,12.04,0.24,133.6,0.63,10.1,2024,IGKV,Hourly,0,0
2024-12-01 21:00:00,11.07,17.42,19.24,11.23,23.68,11.82,0.2,143.91,0.62,10.1,2024,IGKV,Hourly,0,0
2024-12-01 22:00:00,11.59,16.65,19.31,11.25,22.75,10.44,0.25,153.45,0.6,10.1,2024,IGKV,Hourly,0,0
2024-12-01 23:00:00,11.58,16.51,19.25,11.24,17.78,9.51,0.19,142.85,0.58,10.11,2024,IGKV,Hourly,0,0
2024-12-02 00:00:00,11.59,16.0,18.98,11.12,17.73,9.48,0.26,155.85,0.56,10.11,2024,IGKV,Hourly,0,0
2025-01-01 01:00:00,19.51,24.12,29.6,9.97,87.31,21.41,0.16,228.46,0.91,13.03,2025,IGKV,Hourly,0,0
2025-01-01 02:00:00,16.15,22.2,25.9,9.48,80.09,22.86,0.17,212.13,0.82,13.0,2025,IGKV,Hourly,0,0
2025-01-01 03:00:00,13.85,21.26,23.57,8.6,75.19,26.16,0.16,192.45,0.81,13.0,2025,IGKV,Hourly,0,0
2025-01-01 04:00:00,12.96,20.5,22.46,8.22,75.36,26.36,0.14,184.67,0.81,13.0,2025,IGKV,Hourly,0,0
2025-01-01 05:00:00,11.71,20.38,21.13,7.84,73.8,26.81,0.17,193.71,0.77,13.0,2025,IGKV,Hourly,0,0
2025-01-01 06:00:00,11.22,20.35,20.99,8.05,65.2,23.2,0.15,214.45,0.76,12.98,2025,IGKV,Hourly,0,0
2025-01-01 07:00:00,11.38,20.82,21.36,7.61,59.3,21.85,0.2,191.93,0.75,13.0,2025,IGKV,Hourly,0,0
2025-01-01 08:00:00,13.28,21.41,23.17,7.67,57.44,22.48,0.55,82.37,0.76,13.0,2025,IGKV,Hourly,0,0
2025-01-01 09:00:00,12.67,21.68,22.63,7.5,60.8,20.48,1.04,65.72,0.74,12.99,2025,IGKV,Hourly,0,0
2025-01-01 10:00:00,13.43,22.45,23.85,7.67,63.62,21.74,1.21,52.34,0.74,13.0,2025,IGKV,Hourly,0,0
2025-01-01 11:00:00,14.34,24.48,25.39,11.14,65.7,20.31,0.98,359.18,0.72,13.01,2025,IGKV,Hourly,0,0
2025-01-01 12:00:00,13.04,24.85,24.73,11.1,64.41,19.61,0.68,111.13,0.66,13.02,2025,IGKV,Hourly,0,0
2025-01-01 13:00:00,7.39,24.51,20.08,11.16,57.3,18.73,0.55,57.75,0.6,13.01,2025,IGKV,Hourly,0,0
2025-01-01 14:00:00,4.74,23.29,17.32,11.51,51.97,18.44,0.86,353.12,0.56,12.98,2025,IGKV,Hourly,0,0
2025-01-01 15:00:00,4.51,22.52,16.73,11.53,50.15,18.42,0.64,341.91,0.53,12.99,2025,IGKV,Hourly,0,0
2025-01-01 16:00:00,5.02,22.47,16.69,11.87,47.4,13.46,0.69,40.47,0.56,12.98,2025,IGKV,Hourly,0,0
2025-01-01 17:00:00,5.91,20.69,16.77,11.49,44.92,14.1,0.57,55.27,0.57,12.98,2025,IGKV,Hourly,0,0
2025-01-01 18:00:00,6.76,21.58,18.05,11.14,45.7,13.12,0.37,163.12,0.61,12.98,2025,IGKV,Hourly,0,0
2025-01-01 19:00:00,8.25,23.39,20.19,9.41,66.65,16.78,0.24,174.51,0.7,12.99,2025,IGKV,Hourly,0,0
2025-01-01 20:00:00,10.5,24.01,22.31,9.62,81.92,17.54,0.21,180.26,0.79,13.0,2025,IGKV,Hourly,0,0
2025-01-01 21:00:00,10.87,24.01,22.61,9.44,84.33,19.07,0.25,200.88,0.83,13.02,2025,IGKV,Hourly,0,0
2025-01-01 22:00:00,10.78,23.43,22.24,9.21,85.93,20.39,0.22,198.15,0.87,13.0,2025,IGKV,Hourly,0,0
2025-01-01 23:00:00,10.55,22.38,21.45,9.06,83.53,19.64,0.22,212.38,0.88,13.0,2025,IGKV,Hourly,0,0
2025-01-02 01:00:00,11.86,26.45,23.99,10.13,85.84,26.02,0.17,218.05,0.97,12.97,2025,IGKV,Hourly,0,0
2025-01-02 02:00:00,12.83,24.53,24.46,9.86,85.84,29.32,0.13,192.97,0.98,12.96,2025,IGKV,Hourly,0,0
2025-01-02 03:00:00,13.64,24.54,25.11,10.33,80.47,29.32,0.2,229.58,1.0,12.97,2025,IGKV,Hourly,0,0
2025-01-02 04:00:00,13.8,22.84,24.35,10.21,71.72,24.9,0.13,201.19,0.99,12.97,2025,IGKV,Hourly,0,0
2025-01-02 05:00:00,12.72,21.19,22.62,9.26,64.63,24.9,0.15,205.22,0.97,12.96,2025,IGKV,Hourly,0,0
2025-01-02 06:00:00,12.28,20.97,22.15,9.08,63.1,23.87,0.14,237.15,0.95,12.95,2025,IGKV,Hourly,0,0
2025-01-02 07:00:00,12.05,20.44,21.7,8.92,63.1,23.03,0.27,193.93,0.92,12.96,2025,IGKV,Hourly,0,0
2025-01-02 08:00:00,12.07,20.25,21.54,9.07,57.75,23.27,0.25,171.87,0.94,12.95,2025,IGKV,Hourly,0,0
2025-01-02 09:00:00,12.14,23.27,23.24,9.56,59.33,24.08,0.32,266.52,0.95,12.96,2025,IGKV,Hourly,0,0
2025-01-02 10:00:00,12.02,23.13,22.91,9.81,59.33,25.84,0.38,264.85,0.92,12.96,2025,IGKV,Hourly,0,0
2025-01-02 11:00:00,10.42,22.96,21.71,10.93,56.68,25.84,0.32,255.93,0.87,12.96,2025,IGKV,Hourly,0,0
2025-01-02 12:00:00,8.15,20.2,18.44,11.0,46.69,21.07,0.49,283.13,0.8,12.95,2025,IGKV,Hourly,0,0
2025-01-02 13:00:00,6.24,20.33,16.98,10.78,45.38,21.73,0.86,264.3,0.73,12.93,2025,IGKV,Hourly,0,0
2025-01-02 14:00:00,4.97,17.82,14.12,10.09,42.72,21.73,0.83,289.35,0.66,12.93,2025,IGKV,Hourly,0,0
2025-01-02 15:00:00,4.27,18.28,14.24,9.93,40.03,19.34,0.96,291.08,0.58,12.92,2025,IGKV,Hourly,0,0
2025-01-02 16:00:00,4.15,18.83,14.46,10.35,40.03,19.34,0.53,278.38,0.54,12.93,2025,IGKV,Hourly,0,0
2025-01-02 17:00:00,4.1,18.55,14.31,10.25,39.63,18.16,0.23,255.43,0.5,12.93,2025,IGKV,Hourly,0,0
2025-01-02 18:00:00,4.48,20.02,15.4,11.06,40.26,18.16,0.25,213.77,0.57,12.93,2025,IGKV,Hourly,0,0
2025-01-02 19:00:00,7.12,25.36,20.31,9.22,131.52,20.31,0.48,152.08,0.68,12.95,2025,IGKV,Hourly,0,0
2025-01-02 20:00:00,11.05,27.11,24.37,9.03,145.38,24.73,0.33,170.32,0.73,12.96,2025,IGKV,Hourly,0,0
2025-01-02 21:00:00,14.63,26.48,26.57,8.92,145.38,26.57,0.26,183.11,0.84,12.97,2025,IGKV,Hourly,0,0
2025-01-02 22:00:00,16.1,25.67,27.56,9.72,130.55,26.57,0.34,224.41,0.89,12.98,2025,IGKV,Hourly,0,0
2025-01-02 23:00:00,16.44,25.28,27.57,9.53,115.13,25.85,0.21,215.14,0.93,12.98,2025,IGKV,Hourly,0,0
2025-01-03 01:00:00,12.63,25.03,24.56,11.5,110.66,35.44,0.26,217.45,1.05,28.35,2025,IGKV,Hourly,0,0
2025-01-03 02:00:00,12.76,26.11,25.22,11.19,110.25,33.62,0.21,220.08,1.12,28.38,2025,IGKV,Hourly,0,0
2025-01-03 03:00:00,16.7,27.96,29.35,9.41,109.53,33.52,0.27,221.12,1.18,28.52,2025,IGKV,Hourly,0,0
2025-01-03 04:00:00,16.53,27.87,29.17,9.78,109.53,33.52,0.29,197.53,1.19,28.52,2025,IGKV,Hourly,0,0
2025-01-03 05:00:00,15.14,26.76,27.47,9.65,98.48,30.88,0.2,188.13,1.19,28.46,2025,IGKV,Hourly,0,0
2025-01-03 06:00:00,13.54,24.66,25.09,9.36,86.64,24.1,0.18,190.15,1.22,28.4,2025,IGKV,Hourly,0,0
2025-01-03 07:00:00,13.48,23.79,24.53,8.95,86.77,26.38,0.22,250.42,1.19,28.42,2025,IGKV,Hourly,0,0
2025-01-03 08:00:00,13.41,22.63,23.93,8.76,91.53,26.89,0.14,220.78,1.18,28.4,2025,IGKV,Hourly,0,0
2025-01-03 09:00:00,12.8,22.7,23.33,9.63,91.53,27.35,0.95,260.06,1.16,28.36,2025,IGKV,Hourly,0,0
2025-01-03 10:00:00,9.53,23.31,20.9,9.63,90.34,32.44,1.01,273.8,1.09,28.24,2025,IGKV,Hourly,0,0
2025-01-03 11:00:00,5.34,23.54,17.89,11.66,77.84,33.29,1.33,293.4,0.97,28.05,2025,IGKV,Hourly,0,0
2025-01-03 12:00:00,4.0,22.92,16.53,13.05,76.04,36.06,1.28,298.73,0.87,28.02,2025,IGKV,Hourly,0,0
2025-01-03 13:00:00,3.87,22.12,15.99,12.72,73.23,44.51,1.06,287.05,0.76,28.0,2025,IGKV,Hourly,0,0
2025-01-03 14:00:00,3.87,20.83,15.33,12.8,62.64,44.51,0.92,285.09,0.67,28.0,2025,IGKV,Hourly,0,0
2025-01-03 15:00:00,3.96,20.66,15.3,14.33,62.26,42.19,1.13,301.65,0.69,28.01,2025,IGKV,Hourly,0,0
2025-01-03 16:00:00,4.09,19.16,14.58,16.48,62.26,39.48,0.82,291.99,0.7,28.02,2025,IGKV,Hourly,0,0
2025-01-03 17:00:00,4.13,18.46,14.31,20.94,56.27,38.54,0.63,313.3,0.67,28.03,2025,IGKV,Hourly,0,0
2025-01-03 18:00:00,4.07,18.25,14.11,27.7,52.5,36.18,0.47,253.28,0.71,28.02,2025,IGKV,Hourly,0,0
2025-01-03 19:00:00,4.29,19.29,14.87,17.17,51.93,33.55,0.25,176.17,0.78,28.03,2025,IGKV,Hourly,0,0
2025-01-03 20:00:00,4.71,19.55,15.34,13.65,58.71,33.55,0.21,181.52,0.85,28.03,2025,IGKV,Hourly,0,0
2025-01-03 21:00:00,5.08,21.45,16.63,11.45,74.53,32.49,0.22,185.31,0.84,28.05,2025,IGKV,Hourly,0,0
2025-01-03 22:00:00,5.61,22.69,17.7,11.26,74.53,31.64,0.28,179.63,0.94,28.08,2025,IGKV,Hourly,0,0
2025-01-03 23:00:00,6.05,23.16,18.29,11.01,80.09,30.27,0.27,173.08,1.04,28.1,2025,IGKV,Hourly,0,0
2025-01-04 01:00:00,9.92,29.36,24.64,11.48,121.56,59.74,0.25,220.79,1.15,28.22,2025,IGKV,Hourly,0,0
2025-01-04 02:00:00,8.54,23.63,20.23,8.61,127.7,56.81,0.22,228.08,1.12,28.19,2025,IGKV,Hourly,0,0
2025-01-04 03:00:00,9.94,22.37,21.01,9.85,120.61,51.92,0.23,192.71,1.1,28.22,2025,IGKV,Hourly,0,0
2025-01-04 04:00:00,9.21,19.37,18.86,10.23,124.03,50.05,0.23,215.13,1.09,28.23,2025,IGKV,Hourly,0,0
2025-01-04 05:00:00,7.8,18.73,17.22,10.23,101.72,48.82,0.25,227.69,1.05,28.18,2025,IGKV,Hourly,0,0
2025-01-04 06:00:00,12.99,22.13,23.33,10.29,104.86,45.46,0.23,226.5,1.02,28.2,2025,IGKV,Hourly,0,0
2025-01-04 07:00:00,13.81,23.92,24.92,9.99,124.33,48.85,0.25,181.85,1.06,28.33,2025,IGKV,Hourly,0,0
2025-01-04 08:00:00,14.88,25.89,26.72,10.83,138.65,52.11,0.29,274.38,1.12,28.36,2025,IGKV,Hourly,0,0
2025-01-04 09:00:00,16.71,34.28,32.67,43.76,216.41,66.07,0.53,306.41,1.34,28.35,2025,IGKV,Hourly,0,0
2025-01-04 10:00:00,16.81,33.37,32.0,47.06,243.57,90.06,0.74,345.54,1.45,28.38,2025,IGKV,Hourly,0,0
2025-01-04 11:00:00,14.74,31.11,29.32,43.17,155.5,90.79,1.0,349.39,1.44,28.37,2025,IGKV,Hourly,0,0
2025-01-04 12:00:00,10.72,32.29,26.42,46.95,155.5,77.81,0.99,315.75,1.4,28.31,2025,IGKV,Hourly,0,0
2025-01-04 13:00:00,6.22,30.69,22.02,32.05,138.77,73.81,1.36,359.64,1.28,28.17,2025,IGKV,Hourly,0,0
2025-01-04 14:00:00,4.27,26.63,18.69,31.07,102.7,62.75,1.12,358.17,1.19,28.1,2025,IGKV,Hourly,0,0
2025-01-04 15:00:00,4.07,24.91,17.64,37.39,103.27,51.19,1.08,45.5,1.06,28.09,2025,IGKV,Hourly,0,0
2025-01-04 16:00:00,4.6,24.49,17.73,34.27,95.35,47.81,1.46,30.22,0.99,28.09,2025,IGKV,Hourly,0,0
2025-01-04 17:00:00,5.28,26.13,19.24,37.28,95.47,46.62,1.52,34.18,0.92,28.1,2025,IGKV,Hourly,0,0
2025-01-04 18:00:00,6.12,29.55,21.69,33.18,89.06,42.1,1.09,45.17,0.91,28.09,2025,IGKV,Hourly,0,0
2025-01-04 19:00:00,6.64,34.63,24.77,48.63,94.72,38.26,0.68,60.42,1.01,28.13,2025,IGKV,Hourly,0,0
2025-01-04 20:00:00,8.16,32.83,25.05,26.04,106.51,39.69,0.62,84.4,1.05,28.13,2025,IGKV,Hourly,0,0
2025-01-04 21:00:00,11.31,32.94,27.5,22.5,110.81,41.57,0.62,48.43,1.05,28.16,2025,IGKV,Hourly,0,0
2025-01-04 22:00:00,9.76,30.7,24.89,15.9,112.96,42.32,0.32,172.09,1.06,28.19,2025,IGKV,Hourly,0,0
2025-01-04 23:00:00,8.74,26.69,22.09,12.72,113.46,42.79,0.23,198.21,1.06,28.2,2025,IGKV,Hourly,0,0
2025-01-05 01:00:00,4.08,33.48,21.44,1.66,25.4,16.36,0.76,165.0,0.5,28.07,2025,IGKV,Hourly,0,0
2025-01-05 02:00:00,4.81,35.62,23.14,1.56,24.23,13.5,0.53,206.72,0.46,28.13,2025,IGKV,Hourly,0,0
2025-01-05 03:00:00,4.82,34.47,22.55,1.19,19.82,10.93,0.58,287.11,0.44,28.12,2025,IGKV,Hourly,0,0
2025-01-05 04:00:00,6.84,42.1,27.6,0.97,24.54,14.17,0.72,284.28,0.45,27.82,2025,IGKV,Hourly,0,0
2025-01-05 05:00:00,10.58,39.96,29.98,1.49,41.85,18.08,0.71,101.37,0.45,27.55,2025,IGKV,Hourly,0,0
2025-01-05 06:00:00,13.23,34.24,29.18,1.62,72.37,28.3,0.7,160.21,0.57,27.59,2025,IGKV,Hourly,0,0
2025-01-05 07:00:00,12.98,39.93,31.85,1.5,91.42,35.57,0.51,146.91,0.57,27.41,2025,IGKV,Hourly,0,0
2025-01-05 08:00:00,13.17,39.81,32.01,1.63,82.62,32.72,0.68,235.49,0.56,27.33,2025,IGKV,Hourly,0,0
2025-01-05 09:00:00,12.69,38.55,30.99,1.83,72.29,32.88,1.18,228.84,0.55,27.8,2025,IGKV,Hourly,0,0
2025-01-05 10:00:00,7.86,33.09,23.88,1.45,54.28,22.69,1.2,235.28,0.56,27.92,2025,IGKV,Hourly,0,0
2025-01-05 11:00:00,5.48,39.37,25.64,1.53,44.32,18.46,1.01,237.79,0.55,28.03,2025,IGKV,Hourly,0,0
2025-01-05 12:00:00,4.23,35.09,22.4,1.79,35.32,19.04,1.02,304.26,0.51,28.67,2025,IGKV,Hourly,0,0
2025-01-05 13:00:00,3.1,25.08,16.27,2.07,33.93,20.2,1.58,305.57,0.61,28.66,2025,IGKV,Hourly,0,0
2025-01-05 14:00:00,2.51,31.12,18.87,4.31,38.15,18.94,1.43,256.62,0.66,28.6,2025,IGKV,Hourly,0,0
2025-01-05 15:00:00,2.58,28.06,17.41,4.73,43.52,21.72,1.79,240.48,0.66,28.75,2025,IGKV,Hourly,0,0
2025-01-05 16:00:00,2.83,26.44,16.68,2.84,46.08,22.54,0.6,237.14,0.6,29.09,2025,IGKV,Hourly,0,0
2025-01-05 17:00:00,3.02,26.96,16.5,2.97,42.24,28.09,5.29,357.93,0.58,29.12,2025,IGKV,Hourly,0,0
2025-01-05 18:00:00,3.36,35.77,22.05,2.7,18.15,35.31,2.15,81.96,0.45,28.48,2025,IGKV,Hourly,0,0
2025-01-05 19:00:00,5.9,38.1,24.77,1.58,19.14,21.84,0.73,150.91,0.51,27.91,2025,IGKV,Hourly,0,0
2025-01-05 20:00:00,6.46,40.81,27.12,1.61,24.17,14.55,0.61,150.29,0.54,27.49,2025,IGKV,Hourly,0,0
2025-01-05 21:00:00,7.02,38.36,26.15,1.59,27.81,14.61,1.78,210.74,0.52,27.69,2025,IGKV,Hourly,0,0
2025-01-05 22:00:00,6.64,39.39,26.58,1.35,18.5,9.76,1.62,218.01,0.48,27.82,2025,IGKV,Hourly,0,0
2025-01-05 23:00:00,5.94,38.82,25.46,1.12,9.06,9.47,1.01,233.6,0.46,27.73,2025,IGKV,Hourly,0,0
2025-01-06 01:00:00,6.63,9.93,6.23,7.3,55.02,27.37,0.68,242.7,0.65,28.0,2025,IGKV,Hourly,0,0
2025-01-06 02:00:00,8.16,11.0,6.72,7.22,59.3,28.24,0.32,201.99,0.64,28.0,2025,IGKV,Hourly,0,0
2025-01-06 03:00:00,7.52,10.58,6.13,8.81,59.83,28.24,0.18,213.91,0.63,28.0,2025,IGKV,Hourly,0,0
2025-01-06 04:00:00,7.43,10.0,5.15,9.21,58.2,27.98,0.25,232.11,0.62,28.0,2025,IGKV,Hourly,0,0
2025-01-06 05:00:00,7.28,9.58,4.57,9.49,53.36,23.84,0.15,218.93,0.61,28.0,2025,IGKV,Hourly,0,0
2025-01-06 06:00:00,6.76,8.95,4.2,9.61,51.79,23.11,0.23,242.63,0.57,28.0,2025,IGKV,Hourly,0,0
2025-01-06 07:00:00,6.4,8.52,3.89,9.68,48.65,20.77,0.44,247.69,0.56,28.0,2025,IGKV,Hourly,0,0
2025-01-06 08:00:00,6.26,8.15,3.47,9.51,48.87,22.0,0.62,252.27,0.57,28.0,2025,IGKV,Hourly,0,0
2025-01-06 09:00:00,5.98,8.17,4.43,8.87,58.2,27.21,0.9,272.57,0.63,28.0,2025,IGKV,Hourly,0,0
2025-01-06 10:00:00,5.44,8.2,5.03,8.86,63.6,28.56,1.09,278.23,0.68,28.0,2025,IGKV,Hourly,0,0
2025-01-06 11:00:00,4.64,7.7,5.04,8.93,67.13,28.56,1.92,297.99,0.68,28.0,2025,IGKV,Hourly,0,0
2025-01-06 12:00:00,4.47,7.89,6.08,8.74,67.51,25.75,1.52,299.67,0.65,28.0,2025,IGKV,Hourly,0,0
2025-01-06 13:00:00,4.03,7.72,6.02,8.98,71.41,26.24,1.25,272.84,0.52,28.0,2025,IGKV,Hourly,0,0
2025-01-06 14:00:00,3.79,7.59,6.14,9.0,74.0,26.24,1.51,281.74,0.47,28.0,2025,IGKV,Hourly,0,0
2025-01-06 15:00:00,3.79,7.2,5.58,9.24,74.25,24.65,1.18,262.81,0.38,28.0,2025,IGKV,Hourly,0,0
2025-01-06 16:00:00,3.69,6.98,5.24,9.37,74.67,27.49,1.16,266.96,0.38,28.0,2025,IGKV,Hourly,0,0
2025-01-06 17:00:00,3.68,6.84,4.93,9.29,75.04,28.37,0.95,251.99,0.36,28.0,2025,IGKV,Hourly,0,0
2025-01-06 18:00:00,3.74,6.2,3.53,9.63,74.14,28.37,0.76,246.81,0.37,28.0,2025,IGKV,Hourly,0,0
2025-01-06 19:00:00,3.68,6.35,3.97,8.15,71.02,26.97,0.6,248.32,0.34,28.0,2025,IGKV,Hourly,0,0
2025-01-06 20:00:00,3.79,6.68,4.42,7.78,71.7,29.86,0.43,240.25,0.38,28.0,2025,IGKV,Hourly,0,0
2025-01-06 21:00:00,3.97,6.55,3.89,7.83,71.78,29.91,0.66,249.71,0.39,28.0,2025,IGKV,Hourly,0,0
2025-01-06 22:00:00,4.07,7.22,5.26,8.22,67.32,29.91,0.62,250.32,0.36,28.0,2025,IGKV,Hourly,0,0
2025-01-06 23:00:00,3.91,7.27,5.33,8.75,65.31,26.71,0.36,239.94,0.34,28.0,2025,IGKV,Hourly,0,0
2025-01-08 01:00:00,5.54,11.07,10.14,6.06,32.15,13.08,0.19,257.74,0.27,10.0,2025,IGKV,Hourly,0,0
2025-01-08 02:00:00,6.2,11.13,10.77,5.79,27.64,9.23,0.22,237.71,0.28,10.0,2025,IGKV,Hourly,0,0
2025-01-08 03:00:00,6.9,11.42,11.43,5.4,24.05,9.54,0.15,211.79,0.27,10.0,2025,IGKV,Hourly,0,0
2025-01-08 04:00:00,7.34,11.56,11.92,5.73,19.48,7.07,0.12,195.7,0.27,10.0,2025,IGKV,Hourly,0,0
2025-01-08 05:00:00,7.55,11.82,12.2,5.53,19.32,4.97,0.13,216.01,0.25,10.0,2025,IGKV,Hourly,0,0
2025-01-08 06:00:00,7.15,11.78,11.89,5.66,15.08,4.4,0.33,253.5,0.22,10.0,2025,IGKV,Hourly,0,0
2025-01-08 07:00:00,6.51,11.34,11.14,5.82,15.22,4.93,0.32,257.63,0.2,10.0,2025,IGKV,Hourly,0,0
2025-01-08 08:00:00,6.09,11.1,10.68,5.94,14.5,3.65,0.43,261.57,0.2,10.0,2025,IGKV,Hourly,0,0
2025-01-08 09:00:00,7.13,11.29,11.62,5.97,14.07,6.66,0.47,285.76,0.23,10.0,2025,IGKV,Hourly,0,0
2025-01-08 10:00:00,7.79,11.37,12.13,5.89,29.1,11.71,0.75,307.97,0.24,10.0,2025,IGKV,Hourly,0,0
2025-01-08 11:00:00,8.57,11.46,12.86,5.6,26.76,9.55,0.18,215.41,0.24,10.0,2025,IGKV,Hourly,0,0
2025-01-08 12:00:00,8.63,11.99,13.09,5.65,24.48,12.19,0.57,308.31,0.23,10.0,2025,IGKV,Hourly,0,0
2025-01-08 13:00:00,8.2,12.4,12.94,5.61,30.27,11.79,1.12,338.42,0.24,10.0,2025,IGKV,Hourly,0,0
2025-01-08 14:00:00,7.66,12.75,12.8,5.08,41.4,13.2,0.92,319.68,0.23,10.0,2025,IGKV,Hourly,0,0
2025-01-08 15:00:00,7.22,13.1,12.43,4.69,44.41,12.22,0.45,259.06,0.19,10.0,2025,IGKV,Hourly,0,0
2025-01-08 16:00:00,5.91,13.18,11.63,5.26,38.95,13.53,0.69,285.44,0.18,10.0,2025,IGKV,Hourly,0,0
2025-01-08 17:00:00,4.74,13.29,10.75,5.42,36.4,12.39,0.6,266.78,0.17,10.0,2025,IGKV,Hourly,0,0
2025-01-08 18:00:00,3.73,12.84,9.7,5.47,40.66,12.9,0.31,260.48,0.18,10.0,2025,IGKV,Hourly,0,0
2025-01-08 19:00:00,4.36,12.37,9.96,5.72,42.76,12.42,0.51,345.91,0.19,10.0,2025,IGKV,Hourly,0,0
2025-01-08 20:00:00,7.02,13.28,12.57,6.02,44.31,13.97,0.24,129.66,0.26,10.0,2025,IGKV,Hourly,0,0
2025-01-08 21:00:00,6.61,12.82,12.0,5.57,41.49,15.98,0.19,195.82,0.25,10.0,2025,IGKV,Hourly,0,0
2025-01-08 22:00:00,8.94,12.59,13.75,5.36,45.75,16.57,0.56,314.17,0.29,10.0,2025,IGKV,Hourly,0,0
2025-01-08 23:00:00,8.72,12.07,13.3,5.53,43.36,16.38,1.1,307.4,0.25,10.0,2025,IGKV,Hourly,0,0
2025-01-09 01:00:00,5.52,11.55,10.4,5.42,16.51,5.82,0.52,237.78,0.26,10.0,2025,IGKV,Hourly,0,0
2025-01-09 02:00:00,5.8,11.61,10.71,5.46,15.91,6.17,0.36,236.44,0.25,10.0,2025,IGKV,Hourly,0,0
2025-01-09 03:00:00,6.15,11.66,11.02,6.02,15.34,5.88,0.2,231.78,0.25,10.0,2025,IGKV,Hourly,0,0
2025-01-09 04:00:00,6.06,11.98,10.98,5.97,11.28,4.19,0.3,233.67,0.24,10.0,2025,IGKV,Hourly,0,0
2025-01-09 05:00:00,5.46,12.03,10.66,6.14,9.98,3.17,0.17,233.4,0.23,10.0,2025,IGKV,Hourly,0,0
2025-01-09 06:00:00,5.23,11.9,10.41,6.34,9.62,2.46,0.34,236.23,0.22,10.0,2025,IGKV,Hourly,0,0
2025-01-09 07:00:00,5.14,11.63,10.19,6.31,7.65,3.33,0.48,235.38,0.22,10.0,2025,IGKV,Hourly,0,0
2025-01-09 08:00:00,4.94,11.5,9.97,6.48,10.12,3.2,0.49,234.01,0.23,10.0,2025,IGKV,Hourly,0,0
2025-01-09 09:00:00,5.33,11.77,10.43,6.31,9.88,4.73,0.62,236.89,0.23,10.0,2025,IGKV,Hourly,0,0
2025-01-09 10:00:00,6.04,12.16,11.2,5.9,16.4,6.46,0.64,236.54,0.25,10.0,2025,IGKV,Hourly,0,0
2025-01-09 11:00:00,6.48,12.43,11.69,5.34,24.28,7.86,0.55,236.97,0.27,10.0,2025,IGKV,Hourly,0,0
2025-01-09 12:00:00,6.86,12.97,12.28,5.6,24.25,12.64,0.59,336.27,0.3,10.0,2025,IGKV,Hourly,0,0
2025-01-09 13:00:00,7.32,13.22,12.77,5.5,32.31,12.46,0.41,239.93,0.33,10.0,2025,IGKV,Hourly,0,0
2025-01-09 14:00:00,7.17,13.7,12.81,5.77,36.67,11.65,0.55,57.19,0.34,10.0,2025,IGKV,Hourly,0,0
2025-01-09 15:00:00,6.42,13.78,12.34,5.83,38.79,11.41,0.31,198.14,0.27,10.0,2025,IGKV,Hourly,0,0
2025-01-09 16:00:00,5.92,13.38,11.74,5.75,41.59,13.41,0.54,227.73,0.27,10.0,2025,IGKV,Hourly,0,0
2025-01-09 17:00:00,4.81,12.93,10.62,5.88,40.13,12.89,0.39,228.59,0.26,10.0,2025,IGKV,Hourly,0,0
2025-01-09 18:00:00,4.4,12.54,10.08,5.85,29.97,10.94,0.34,225.36,0.25,10.0,2025,IGKV,Hourly,0,0
2025-01-09 19:00:00,4.78,12.28,10.25,4.96,24.74,10.63,0.19,222.64,0.23,10.0,2025,IGKV,Hourly,0,0
2025-01-09 20:00:00,5.15,12.34,10.48,4.9,19.16,8.92,0.27,231.97,0.25,10.0,2025,IGKV,Hourly,0,0
2025-01-09 21:00:00,5.77,11.96,10.83,4.98,18.2,8.31,0.24,224.79,0.25,10.0,2025,IGKV,Hourly,0,0
2025-01-09 22:00:00,6.13,11.84,11.05,4.83,13.08,8.14,0.14,192.01,0.25,10.0,2025,IGKV,Hourly,0,0
2025-01-09 23:00:00,6.44,11.87,11.32,4.93,15.61,6.93,0.12,224.12,0.25,10.0,2025,IGKV,Hourly,0,0
2025-01-10 01:00:00,6.09,6.19,12.19,5.08,47.97,21.44,0.16,239.0,0.55,13.31,2025,IGKV,Hourly,0,0
2025-01-10 02:00:00,5.86,6.33,12.13,5.27,41.58,17.79,0.13,237.83,0.54,10.16,2025,IGKV,Hourly,0,0
2025-01-10 03:00:00,5.54,6.23,11.72,5.54,28.79,17.79,0.12,210.71,0.55,10.0,2025,IGKV,Hourly,0,0
2025-01-10 04:00:00,5.06,5.97,11.04,5.61,27.79,14.74,0.11,176.03,0.53,10.46,2025,IGKV,Hourly,0,0
2025-01-10 05:00:00,4.71,5.6,10.31,5.91,25.24,14.27,0.12,241.28,0.47,10.47,2025,IGKV,Hourly,0,0
2025-01-10 06:00:00,4.54,5.26,9.8,6.04,24.45,12.49,0.16,251.25,0.43,10.45,2025,IGKV,Hourly,0,0
2025-01-10 07:00:00,4.45,5.13,9.54,5.94,24.49,13.89,0.27,252.29,0.37,10.0,2025,IGKV,Hourly,0,0
2025-01-10 08:00:00,5.2,5.16,10.36,5.82,24.49,13.89,0.43,279.5,0.31,11.52,2025,IGKV,Hourly,0,0
2025-01-10 09:00:00,5.76,6.43,12.19,6.24,26.01,12.65,0.4,349.71,0.3,10.69,2025,IGKV,Hourly,0,0
2025-01-10 10:00:00,6.37,6.92,13.3,9.23,42.96,19.83,0.42,287.63,0.35,10.46,2025,IGKV,Hourly,0,0
2025-01-10 11:00:00,7.71,8.84,16.56,11.78,55.57,22.24,0.38,357.4,0.37,10.0,2025,IGKV,Hourly,0,0
2025-01-10 12:00:00,6.04,7.94,13.97,8.75,65.55,25.01,0.3,353.89,0.38,12.47,2025,IGKV,Hourly,0,0
2025-01-10 13:00:00,5.45,8.23,13.53,6.96,65.55,25.01,0.25,344.83,0.39,11.47,2025,IGKV,Hourly,0,0
2025-01-10 14:00:00,4.82,7.72,12.53,6.47,61.23,24.11,0.73,253.81,0.39,10.0,2025,IGKV,Hourly,0,0
2025-01-10 15:00:00,3.67,6.52,10.2,6.04,58.18,24.11,0.6,289.1,0.32,10.0,2025,IGKV,Hourly,0,0
2025-01-10 16:00:00,2.94,5.95,8.89,6.15,44.67,17.84,0.47,249.14,0.29,11.01,2025,IGKV,Hourly,0,0
2025-01-10 17:00:00,3.43,6.24,9.67,6.89,37.01,16.7,1.03,330.77,0.27,10.31,2025,IGKV,Hourly,0,0
2025-01-10 18:00:00,6.93,10.44,17.37,10.55,46.27,14.6,0.33,311.24,0.29,10.49,2025,IGKV,Hourly,0,0
2025-01-10 19:00:00,8.34,8.7,16.28,6.51,67.8,18.37,0.14,254.99,0.37,10.7,2025,IGKV,Hourly,0,0
2025-01-10 20:00:00,8.91,8.1,16.47,6.55,79.8,20.59,0.47,344.42,0.39,10.36,2025,IGKV,Hourly,0,0
2025-01-10 21:00:00,9.01,6.99,16.0,5.49,79.8,20.72,0.29,253.35,0.39,14.07,2025,IGKV,Hourly,0,0
2025-01-10 22:00:00,8.78,7.43,15.97,5.54,73.71,20.72,0.68,309.71,0.42,10.3,2025,IGKV,Hourly,0,0
2025-01-10 23:00:00,10.29,8.11,18.4,5.81,52.0,17.93,0.29,133.24,0.47,10.63,2025,IGKV,Hourly,0,0
2025-01-11 01:00:00,5.13,5.26,6.86,6.65,20.09,10.02,0.09,228.57,0.25,9.32,2025,IGKV,Hourly,0,0
2025-01-11 02:00:00,5.21,5.22,6.84,6.67,20.3,10.96,0.21,248.23,0.25,9.32,2025,IGKV,Hourly,0,0
2025-01-11 03:00:00,5.23,5.12,6.86,5.56,20.3,10.96,0.3,263.34,0.26,9.32,2025,IGKV,Hourly,0,0
2025-01-11 04:00:00,5.03,5.1,6.7,5.59,18.51,7.87,0.35,253.71,0.26,9.32,2025,IGKV,Hourly,0,0
2025-01-11 05:00:00,5.43,5.04,6.98,5.76,20.21,6.97,0.18,251.28,0.27,9.32,2025,IGKV,Hourly,0,0
2025-01-11 06:00:00,6.04,5.22,7.57,5.46,20.21,8.57,0.1,204.36,0.27,9.32,2025,IGKV,Hourly,0,0
2025-01-11 07:00:00,6.56,5.35,8.05,5.52,15.41,9.63,0.16,249.02,0.27,9.32,2025,IGKV,Hourly,0,0
2025-01-11 08:00:00,6.76,5.5,8.3,4.93,15.48,10.52,0.35,262.46,0.28,9.32,2025,IGKV,Hourly,0,0
2025-01-11 09:00:00,6.77,5.76,8.37,4.79,23.74,10.84,0.51,261.31,0.3,9.32,2025,IGKV,Hourly,0,0
2025-01-11 10:00:00,6.51,6.29,8.34,4.97,30.89,13.24,0.35,294.25,0.32,9.32,2025,IGKV,Hourly,0,0
2025-01-11 11:00:00,7.23,18.14,15.27,6.53,33.84,14.34,0.51,38.93,0.45,9.32,2025,IGKV,Hourly,0,0
2025-01-11 12:00:00,6.28,17.89,14.38,7.32,46.3,16.46,0.43,343.28,0.43,9.32,2025,IGKV,Hourly,0,0
2025-01-11 13:00:00,3.04,11.87,8.64,6.92,50.67,16.64,0.26,294.02,0.43,9.32,2025,IGKV,Hourly,0,0
2025-01-11 14:00:00,2.57,7.91,6.19,5.78,50.67,17.05,0.23,292.57,0.43,9.32,2025,IGKV,Hourly,0,0
2025-01-11 15:00:00,5.55,15.51,12.56,5.95,45.21,17.05,0.38,52.43,0.5,9.32,2025,IGKV,Hourly,0,0
2025-01-11 16:00:00,4.59,18.28,12.47,5.96,44.44,12.16,0.22,216.77,0.5,9.32,2025,IGKV,Hourly,0,0
2025-01-11 17:00:00,6.85,11.68,11.6,4.2,41.74,11.83,0.5,164.74,0.53,9.32,2025,IGKV,Hourly,0,0
2025-01-11 18:00:00,10.97,10.29,14.17,6.87,50.71,14.11,0.62,40.69,0.52,9.38,2025,IGKV,Hourly,0,0
2025-01-11 19:00:00,12.01,11.2,15.48,5.53,80.34,18.51,0.62,352.54,0.53,9.32,2025,IGKV,Hourly,0,0
2025-01-11 20:00:00,10.99,10.12,14.03,8.11,80.34,18.51,0.6,46.11,0.51,9.32,2025,IGKV,Hourly,0,0
2025-01-11 21:00:00,11.19,10.16,14.15,9.79,72.45,18.14,0.15,207.44,0.52,9.32,2025,IGKV,Hourly,0,0
2025-01-11 22:00:00,17.77,12.38,20.72,10.73,91.04,37.08,0.16,204.55,0.56,9.32,2025,IGKV,Hourly,0,0
2025-01-11 23:00:00,15.31,9.54,17.26,8.74,98.91,47.31,0.16,191.01,0.56,9.32,2025,IGKV,Hourly,0,0
2025-01-12 01:00:00,11.09,16.77,17.63,6.37,96.64,43.93,0.31,168.6,0.73,9.92,2025,IGKV,Hourly,0,0
2025-01-12 02:00:00,8.71,16.3,15.5,6.11,93.44,43.24,0.2,228.9,0.7,9.54,2025,IGKV,Hourly,0,0
2025-01-12 03:00:00,7.75,15.69,14.33,6.07,89.33,43.2,0.34,291.59,0.69,9.32,2025,IGKV,Hourly,0,0
2025-01-12 04:00:00,8.69,15.15,14.69,6.01,82.55,41.16,0.33,91.44,0.66,9.32,2025,IGKV,Hourly,0,0
2025-01-12 05:00:00,9.5,14.75,15.21,6.11,73.4,40.6,0.76,50.42,0.63,9.32,2025,IGKV,Hourly,0,0
2025-01-12 06:00:00,10.25,14.67,15.82,5.8,74.79,38.42,0.56,71.17,0.62,9.32,2025,IGKV,Hourly,0,0
2025-01-12 07:00:00,11.97,14.8,17.33,6.09,82.69,38.42,0.64,37.58,0.62,9.32,2025,IGKV,Hourly,0,0
2025-01-12 08:00:00,14.03,15.58,19.39,6.01,87.15,40.47,0.48,63.65,0.64,9.32,2025,IGKV,Hourly,0,0
2025-01-12 09:00:00,14.54,16.27,20.04,6.17,88.72,42.77,1.02,51.52,0.67,9.32,2025,IGKV,Hourly,0,0
2025-01-12 10:00:00,13.35,17.55,19.48,6.08,91.6,42.77,1.05,58.16,0.69,9.32,2025,IGKV,Hourly,0,0
2025-01-12 11:00:00,11.29,18.46,18.38,5.67,95.67,42.45,0.84,94.99,0.7,10.3,2025,IGKV,Hourly,0,0
2025-01-12 12:00:00,6.57,19.81,15.53,8.97,95.67,40.26,0.96,83.2,0.69,9.32,2025,IGKV,Hourly,0,0
2025-01-12 13:00:00,3.29,19.33,12.7,12.54,84.25,39.3,0.84,58.47,0.67,9.32,2025,IGKV,Hourly,0,0
2025-01-12 14:00:00,3.22,19.7,12.84,13.37,66.96000000000001,36.016666666666666,0.85,56.65,0.59,9.32,2025,IGKV,Hourly,1,2
2025-01-12 15:00:00,3.02,19.83,12.78,13.37,49.67,32.733333333333334,0.63,74.39,0.49,9.32,2025,IGKV,Hourly,1,2
2025-01-12 16:00:00,2.89,16.99,11.19,5.31,32.38,29.45,0.39,150.09,0.45,9.32,2025,IGKV,Hourly,0,0
2025-01-12 17:00:00,3.01,16.84,11.21,8.33,39.25,29.45,0.46,139.05,0.45,9.32,2025,IGKV,Hourly,0,0
2025-01-12 18:00:00,3.63,18.36,12.51,3.85,48.25,29.09,0.25,164.25,0.51,9.32,2025,IGKV,Hourly,0,0
2025-01-12 19:00:00,4.94,18.88,13.81,3.07,68.58,32.18,0.22,140.41,0.58,9.32,2025,IGKV,Hourly,0,0
2025-01-12 20:00:00,5.47,18.79,14.01,3.31,92.71,38.91,0.26,147.95,0.65,9.32,2025,IGKV,Hourly,0,0
2025-01-12 21:00:00,5.64,18.22,14.04,3.75,92.71,40.58,0.24,192.45,0.66,9.32,2025,IGKV,Hourly,0,0
2025-01-12 22:00:00,5.36,16.2,12.62,3.86,86.92,40.58,0.17,203.88,0.65,9.32,2025,IGKV,Hourly,0,0
2025-01-12 23:00:00,6.19,14.02,11.95,3.86,75.68,39.54,0.19,229.58,0.65,9.32,2025,IGKV,Hourly,0,0
2025-07-01 01:00:00,5.03,6.61,2.7,4.86,12.81,7.06,0.58,263.07,0.36,9.968242811501598,2025,IGKV,Hourly,1,11
2025-07-01 02:00:00,4.7,6.78,3.32,4.58,11.24,7.38,0.72,261.8,0.37,9.968402555910544,2025,IGKV,Hourly,1,11
2025-07-01 03:00:00,4.67,6.94,3.56,4.72,11.45,9.06,0.55,260.14,0.39,9.968562300319489,2025,IGKV,Hourly,1,11
2025-07-01 04:00:00,4.68,6.86,3.37,5.02,19.06,10.14,0.78,261.71,0.4,,2025,IGKV,Hourly,1,11
2025-07-01 05:00:00,4.58,6.73,3.26,5.3,19.09,10.14,0.78,261.43,0.37,,2025,IGKV,Hourly,1,11
2025-07-01 06:00:00,4.54,6.48,3.03,5.75,19.09,9.86,0.82,265.91,0.35,,2025,IGKV,Hourly,1,11
2025-07-01 07:00:00,4.77,6.3,2.14,5.05,13.88,6.92,0.71,266.5,0.35,,2025,IGKV,Hourly,1,11
2025-07-01 08:00:00,5.18,6.62,2.13,4.85,13.82,6.42,0.78,263.81,0.37,,2025,IGKV,Hourly,1,11
2025-07-01 09:00:00,5.79,7.37,2.62,5.17,27.84,6.55,0.93,280.61,0.41,,2025,IGKV,Hourly,1,11
2025-07-01 10:00:00,6.56,8.98,4.54,4.75,34.31,6.55,1.13,282.18,0.44,,2025,IGKV,Hourly,1,11
2025-07-01 11:00:00,6.87,9.09,4.26,5.88,37.8,7.09,1.11,290.31,0.41,,2025,IGKV,Hourly,1,11
2025-07-01 12:00:00,6.84,9.98,6.83,5.79,37.8,7.09,1.03,295.48,0.38,9.97,2025,IGKV,Hourly,0,0
2025-07-01 13:00:00,6.3,9.96,6.82,5.89,0.0,0.0,1.22,286.21,0.39,9.96,2025,IGKV,Hourly,0,0
2025-07-01 14:00:00,1.57,7.57,6.01,5.72,37.82,11.27,1.19,274.65,0.29,9.94,2025,IGKV,Hourly,0,0
2025-07-01 15:00:00,3.82,12.09,9.01,7.85,37.82,14.38,1.22,289.53,0.22,9.95,2025,IGKV,Hourly,0,0
2025-07-01 16:00:00,2.49,11.64,9.15,4.35,35.53,14.38,1.21,286.49,0.15,9.94,2025,IGKV,Hourly,0,0
2025-07-01 17:00:00,2.35,10.98,8.63,4.53,35.53,12.07,1.26,283.43,0.13,9.93,2025,IGKV,Hourly,0,0
2025-07-01 18:00:00,0.63,6.33,6.62,4.32,33.71,11.39,0.92,269.49,0.1,9.91,2025,IGKV,Hourly,0,0
2025-07-01 19:00:00,0.71,2.65,4.39,4.14,34.5,8.13,0.9,263.04,0.1,9.92,2025,IGKV,Hourly,0,0
2025-07-01 20:00:00,1.0,2.17,2.9,4.37,34.5,7.43,0.77,266.4,0.11,9.92,2025,IGKV,Hourly,0,0
2025-07-01 21:00:00,1.09,2.87,3.87,5.33,25.76,7.2,0.61,262.11,0.14,9.91,2025,IGKV,Hourly,0,0
2025-07-01 22:00:00,1.11,2.62,3.32,5.71,22.51,7.2,0.7,263.28,0.14,9.91,2025,IGKV,Hourly,0,0
2025-07-01 23:00:00,1.09,2.43,3.02,6.21,25.86,8.38,0.67,262.18,0.15,9.93,2025,IGKV,Hourly,0,0
2022-01-06 01:00:00,29.72,33.56,60.5,7.65,159.06,,1.85,253.23,1.54,81.35,2022,Bhatagaon,Hourly,1,14
2022-01-06 02:00:00,14.63,33.79,48.43,7.65,113.6,,1.58,306.48,1.46,83.44,2022,Bhatagaon,Hourly,1,14
2022-01-06 03:00:00,3.94,30.37,34.3,7.45,113.6,,1.85,263.64,1.29,73.88,2022,Bhatagaon,Hourly,1,14
2022-01-06 04:00:00,2.04,29.03,31.03,7.17,100.69,,1.88,310.08,1.04,74.44,2022,Bhatagaon,Hourly,1,14
2022-01-06 05:00:00,2.81,22.26,24.9,7.9,92.54,,15.35,192.29,1.01,53.08,2022,Bhatagaon,Hourly,1,14
2022-01-06 06:00:00,3.46,26.97,30.43,8.06,93.99,,10.97,233.79,1.19,73.08,2022,Bhatagaon,Hourly,1,14
2022-01-06 07:00:00,5.91,30.45,36.37,7.66,97.71,,2.09,320.83,1.27,70.29,2022,Bhatagaon,Hourly,1,14
2022-01-06 08:00:00,5.94,32.96,37.55,6.66,107.48,,0.65,353.31,1.3,72.99,2022,Bhatagaon,Hourly,1,14
2022-01-06 09:00:00,2.85,30.08,32.21,5.71,116.59,,0.95,293.56,1.54,40.68,2022,Bhatagaon,Hourly,1,14
2022-01-06 10:00:00,1.63,35.99,37.09,5.14,122.58,,2.23,343.58,1.72,57.6,2022,Bhatagaon,Hourly,1,14
2022-01-06 11:00:00,1.2,38.52,39.63,5.37,128.59,,3.5,334.1,1.82,61.89,2022,Bhatagaon,Hourly,1,14
2022-01-06 12:00:00,1.68,45.44,46.26,6.07,128.59,,4.61,345.68,1.65,64.72,2022,Bhatagaon,Hourly,1,14
2022-01-06 13:00:00,1.1,58.31,59.28,4.9,123.88,,3.55,89.57,1.57,109.72,2022,Bhatagaon,Hourly,1,14
2022-01-06 14:00:00,0.49,56.3,56.79,4.6,164.495,,2.57,50.64,1.26,126.38,2022,Bhatagaon,Hourly,1,14
2022-01-06 15:00:00,3.35,48.94,51.25,4.88,205.11,59.52,3.32,356.74,1.38,120.11,2022,Bhatagaon,Hourly,0,0
2022-01-06 16:00:00,2.8,46.97,49.77,5.74,205.11,59.52,4.2,342.38,1.38,103.03,2022,Bhatagaon,Hourly,0,0
2022-01-06 17:00:00,1.56,42.71,44.27,5.64,185.05,57.64,4.15,337.64,1.39,102.12,2022,Bhatagaon,Hourly,0,0
2022-01-06 18:00:00,3.9,46.43,50.33,6.9,165.65,44.69,3.68,358.68,1.78,113.89,2022,Bhatagaon,Hourly,0,0
2022-01-06 19:00:00,28.76,60.55,89.31,7.28,165.65,44.37,2.44,60.49,3.5,112.07,2022,Bhatagaon,Hourly,0,0
2022-01-06 20:00:00,59.53,72.95,132.47,7.86,191.28,47.51,2.24,50.74,4.06,121.57,2022,Bhatagaon,Hourly,0,0
2022-01-06 21:00:00,115.4,80.61,196.0,8.45,219.75,50.71,2.12,249.58,5.61,143.48,2022,Bhatagaon,Hourly,0,0
2022-01-06 22:00:00,166.32,81.7,248.02,8.59,280.81,61.47,1.89,150.01,8.16,165.49,2022,Bhatagaon,Hourly,0,0
2022-01-06 23:00:00,178.66,81.9,260.56,9.71,333.23,68.73,1.63,312.6,4.79,173.84,2022,Bhatagaon,Hourly,0,0
2022-01-08 01:00:00,28.92,13.96,42.61,5.39,167.11079999999998,46.34,0.13,314.58,4.3,13.16,2022,Bhatagaon,Hourly,1,23
2022-01-08 02:00:00,23.78,13.5,37.28,5.89,160.7216,41.05,0.09,278.83,4.11,11.47,2022,Bhatagaon,Hourly,1,23
2022-01-08 03:00:00,20.41,11.89,32.2,6.16,154.33239999999998,39.53,0.14,311.69,3.98,8.95,2022,Bhatagaon,Hourly,1,23
2022-01-08 04:00:00,18.69,11.25,29.94,6.46,,35.6,0.1,245.81,3.91,9.12,2022,Bhatagaon,Hourly,1,23
2022-01-08 05:00:00,14.87,11.53,26.29,6.28,,30.27,0.14,351.34,3.75,8.67,2022,Bhatagaon,Hourly,1,23
2022-01-08 06:00:00,15.85,11.13,26.86,6.66,,29.3,0.13,219.38,3.71,7.89,2022,Bhatagaon,Hourly,1,23
2022-01-08 07:00:00,15.53,10.43,25.72,6.65,,26.72,0.41,209.96,3.64,7.43,2022,Bhatagaon,Hourly,1,23
2022-01-08 08:00:00,14.4,12.49,25.63,6.44,,25.73,0.15,327.09,3.56,8.28,2022,Bhatagaon,Hourly,1,23
2022-01-08 09:00:00,12.93,15.15,26.33,6.01,,24.14,0.19,352.3,3.57,8.22,2022,Bhatagaon,Hourly,1,23
2022-01-08 10:00:00,9.15,18.67,25.06,5.87,,29.33,0.16,328.69,3.66,6.24,2022,Bhatagaon,Hourly,1,23
2022-01-08 11:00:00,3.56,24.07,25.45,5.69,,32.34,0.45,321.43,3.69,5.15,2022,Bhatagaon,Hourly,1,23
2022-01-08 12:00:00,7.4,30.12,37.52,2.67,,33.78,1.48,342.41,3.73,7.92,2022,Bhatagaon,Hourly,1,23
2022-01-08 13:00:00,6.03,37.07,41.0,3.04,,39.16,0.95,46.56,3.85,8.12,2022,Bhatagaon,Hourly,1,23
2022-01-08 14:00:00,4.02,37.93,41.52,2.32,,37.59,1.44,356.26,3.87,7.74,2022,Bhatagaon,Hourly,1,23
2022-01-08 15:00:00,8.45,33.29,35.86,2.21,,33.3,1.43,342.5,3.72,8.14,2022,Bhatagaon,Hourly,1,23
2022-01-08 16:00:00,9.52,26.1,35.29,2.46,,31.95,1.19,337.52,3.64,8.36,2022,Bhatagaon,Hourly,1,23
2022-01-08 17:00:00,7.37,21.65,28.04,3.82,,30.72,1.0,346.24,3.57,6.04,2022,Bhatagaon,Hourly,1,23
2022-01-08 18:00:00,8.62,18.91,26.89,4.01,,28.38,0.85,334.94,3.59,5.57,2022,Bhatagaon,Hourly,1,23
2022-01-08 19:00:00,11.79,18.5,30.29,4.4,,25.23,0.47,359.36,3.73,8.06,2022,Bhatagaon,Hourly,1,23
2022-01-08 20:00:00,14.06,18.54,32.6,4.61,,26.92,0.26,280.95,3.86,8.79,2022,Bhatagaon,Hourly,1,23
2022-01-08 21:00:00,14.8,16.54,30.73,5.97,,28.71,0.31,326.48,3.92,7.41,2022,Bhatagaon,Hourly,1,23
2022-01-08 22:00:00,22.4,17.82,40.21,6.0,,27.53,0.21,341.66,4.15,11.66,2022,Bhatagaon,Hourly,1,23
2022-01-08 23:00:00,28.08,18.57,46.49,6.27,,29.11,0.9,107.86,4.21,13.84,2022,Bhatagaon,Hourly,1,23
2022-01-09 01:00:00,5.77,9.16,14.93,6.19,13.77,4.93,2.17,172.06,0.67,13.98,2022,Bhatagaon,Hourly,0,0
2022-01-09 02:00:00,4.73,8.43,13.06,5.5,14.34,3.64,0.58,241.25,0.58,13.55,2022,Bhatagaon,Hourly,0,0
2022-01-09 03:00:00,4.37,8.43,12.58,5.15,2.71,2.83,1.58,204.92,0.51,16.25,2022,Bhatagaon,Hourly,0,0
2022-01-09 04:00:00,4.6,8.37,12.94,6.62,6.13,2.27,1.57,209.66,0.52,17.27,2022,Bhatagaon,Hourly,0,0
2022-01-09 05:00:00,4.27,7.89,12.08,7.07,14.72,2.37,1.09,249.55,0.5,12.03,2022,Bhatagaon,Hourly,0,0
2022-01-09 06:00:00,4.72,7.94,12.62,6.72,10.38,1.93,1.44,181.26,0.44,14.15,2022,Bhatagaon,Hourly,0,0
2022-01-09 07:00:00,5.95,7.97,13.88,7.19,21.58,2.13,0.88,193.06,0.46,16.74,2022,Bhatagaon,Hourly,0,0
2022-01-09 08:00:00,7.42,8.3,15.72,8.11,27.35,3.18,0.54,342.97,0.44,17.86,2022,Bhatagaon,Hourly,0,0
2022-01-09 09:00:00,7.77,9.72,17.48,6.17,423.11,3.27,0.96,326.76,0.48,10.62,2022,Bhatagaon,Hourly,0,0
2022-01-09 10:00:00,9.09,11.31,19.9,6.26,500.0,5.34,0.61,353.89,0.58,12.7,2022,Bhatagaon,Hourly,0,0
2022-01-09 11:00:00,7.79,21.13,24.06,6.01,65.76,8.98,1.22,356.45,0.85,14.69,2022,Bhatagaon,Hourly,0,0
2022-01-09 12:00:00,3.65,20.05,23.69,4.43,73.9,13.38,1.76,348.98,0.86,9.7,2022,Bhatagaon,Hourly,0,0
2022-01-09 13:00:00,0.78,14.49,15.05,4.75,64.4,17.85,1.13,204.53,0.83,9.11,2022,Bhatagaon,Hourly,0,0
2022-01-09 14:00:00,0.77,10.87,11.43,5.15,38.79,19.36,1.23,343.59,0.74,11.16,2022,Bhatagaon,Hourly,0,0
2022-01-09 15:00:00,3.49,16.91,20.4,4.71,119.38,18.07,1.61,341.43,0.8,15.19,2022,Bhatagaon,Hourly,0,0
2022-01-09 16:00:00,3.71,20.16,23.87,4.87,60.76,20.96,1.01,339.26,0.84,16.76,2022,Bhatagaon,Hourly,0,0
2022-01-09 17:00:00,3.59,12.83,14.68,3.19,33.89,16.75,0.93,174.3,0.45,15.06,2022,Bhatagaon,Hourly,0,0
2022-01-09 18:00:00,1.41,9.9,11.31,2.78,40.22,15.57,1.1,197.01,0.4,13.9,2022,Bhatagaon,Hourly,0,0
2022-01-09 19:00:00,4.01,13.77,17.78,2.57,59.18,18.37,1.24,216.46,0.53,19.59,2022,Bhatagaon,Hourly,0,0
2022-01-09 20:00:00,3.7,13.91,16.7,2.41,41.59,15.8,1.21,191.41,0.65,30.02,2022,Bhatagaon,Hourly,0,0
2022-01-09 21:00:00,3.36,13.0,16.08,2.12,36.62,12.86,0.85,242.0,0.62,39.72,2022,Bhatagaon,Hourly,0,0
2022-01-09 22:00:00,3.51,11.95,15.37,1.14,42.73,11.51,0.79,243.33,0.61,42.43,2022,Bhatagaon,Hourly,0,0
2022-01-09 23:00:00,3.6,12.1,15.7,1.11,45.68,14.09,0.6,253.64,0.6,34.91,2022,Bhatagaon,Hourly,0,0
2022-01-10 01:00:00,3.25,25.38,28.63,6.1,32.63,14.03,0.21,272.88,0.59,5.24,2022,Bhatagaon,Hourly,0,0
2022-01-10 02:00:00,3.5,23.14,26.63,6.18,30.83,14.03,0.2,304.35,0.63,2.665,2022,Bhatagaon,Hourly,1,1
2022-01-10 03:00:00,5.62,30.05,35.67,5.51,22.98,11.04,0.33,307.16,0.57,0.09,2022,Bhatagaon,Hourly,0,0
2022-01-10 04:00:00,4.42,26.08,29.8,6.22,37.76,11.04,0.17,285.09,0.59,6.67,2022,Bhatagaon,Hourly,0,0
2022-01-10 05:00:00,7.89,30.96,38.86,5.72,44.65,11.68,0.27,352.04,0.66,8.43,2022,Bhatagaon,Hourly,0,0
2022-01-10 06:00:00,16.41,43.63,60.04,6.05,67.02,17.71,0.57,333.74,0.78,15.829999999999998,2022,Bhatagaon,Hourly,1,1
2022-01-10 07:00:00,24.94,54.03,78.97,7.95,95.85,22.82,0.65,93.73,0.95,23.23,2022,Bhatagaon,Hourly,0,0
2022-01-10 08:00:00,15.69,41.58,57.26,9.09,106.88,28.7,0.7,107.56,0.87,40.9,2022,Bhatagaon,Hourly,0,0
2022-01-10 09:00:00,16.24,43.82,60.05,20.53,119.12,28.7,0.78,124.86,0.92,38.58,2022,Bhatagaon,Hourly,0,0
2022-01-10 10:00:00,15.23,53.18,67.87,37.5,123.09,31.89,0.83,129.82,1.1,40.88,2022,Bhatagaon,Hourly,0,0
2022-01-10 11:00:00,11.05,48.01,56.72,29.49,123.86,41.38,0.48,92.41,1.19,47.05,2022,Bhatagaon,Hourly,0,0
2022-01-10 12:00:00,13.7,61.43,75.14,17.24,152.93,41.38,1.12,338.69,1.36,43.51,2022,Bhatagaon,Hourly,0,0
2022-01-10 13:00:00,8.3,52.74,59.36,16.1,152.93,40.74,1.03,336.0,1.25,18.85,2022,Bhatagaon,Hourly,0,0
2022-01-10 14:00:00,6.49,43.3,49.79,13.12,133.76,40.74,1.88,348.87,1.21,11.53,2022,Bhatagaon,Hourly,0,0
2022-01-10 15:00:00,5.68,43.58,48.77,7.4,139.16,35.89,2.11,344.09,1.15,40.23,2022,Bhatagaon,Hourly,0,0
2022-01-10 16:00:00,7.89,40.1,47.61,6.56,139.16,31.55,1.65,342.66,1.1,33.52,2022,Bhatagaon,Hourly,0,0
2022-01-10 17:00:00,11.7,57.97,69.66,10.32,234.14,29.92,0.91,351.82,1.2,26.78,2022,Bhatagaon,Hourly,0,0
2022-01-10 18:00:00,28.43,110.84,139.27,8.91,234.14,32.29,0.5,348.64,2.12,42.23,2022,Bhatagaon,Hourly,0,0
2022-01-10 19:00:00,47.46,134.39,181.85,8.14,214.78,33.83,0.12,277.96,2.47,50.87,2022,Bhatagaon,Hourly,0,0
2022-01-10 20:00:00,89.43,157.92,245.03,8.69,214.78,35.73,0.15,279.39,3.82,71.4,2022,Bhatagaon,Hourly,0,0
2022-01-10 21:00:00,155.51,226.03,381.54,8.25,287.91,45.23,0.17,356.39,5.27,106.52,2022,Bhatagaon,Hourly,0,0
2022-01-10 22:00:00,134.68,207.52,342.2,8.29,287.91,51.42,0.17,349.43,4.81,140.31,2022,Bhatagaon,Hourly,0,0
2022-01-10 23:00:00,89.96,134.3,224.26,7.87,275.9,51.42,0.12,336.75,3.76,143.96,2022,Bhatagaon,Hourly,0,0
2022-01-11 01:00:00,6.67,97.0,58.88,52.14,186.07,68.91,0.4,70.67,0.9,59.91,2022,Bhatagaon,Hourly,0,0
2022-01-11 02:00:00,1.08,63.47,35.89,62.44,184.79,72.93,0.41,72.72,0.59,49.06,2022,Bhatagaon,Hourly,0,0
2022-01-11 03:00:00,0.94,103.01,57.58,136.99,161.08,72.93,0.67,34.73,1.37,59.81,2022,Bhatagaon,Hourly,0,0
2022-01-11 04:00:00,1.81,106.27,59.13,125.87,197.9,86.32,0.65,30.58,1.57,67.57,2022,Bhatagaon,Hourly,0,0
2022-01-11 05:00:00,9.52,92.54,58.71,69.0,206.96,86.32,0.61,68.41,1.39,61.32,2022,Bhatagaon,Hourly,0,0
2022-01-11 06:00:00,18.12,118.26,79.8,52.52,206.96,85.83,0.33,86.46,0.95,64.7,2022,Bhatagaon,Hourly,0,0
2022-01-11 07:00:00,89.73,208.23,186.87,20.77,206.45,84.05,0.14,323.86,1.46,125.97,2022,Bhatagaon,Hourly,0,0
2022-01-11 08:00:00,58.41,171.6,141.54,46.88,186.44,80.39,0.48,54.87,1.26,139.44,2022,Bhatagaon,Hourly,0,0
2022-01-11 09:00:00,11.63,74.49,50.44,49.15,186.44,80.39,1.36,128.26,0.78,84.18,2022,Bhatagaon,Hourly,0,0
2022-01-11 10:00:00,15.07,84.08,58.49,32.98,178.1,72.84,0.74,111.95,1.0,66.04,2022,Bhatagaon,Hourly,0,0
2022-01-11 11:00:00,7.14,64.31,40.43,71.03,156.0,69.27,0.79,130.39,0.76,53.86,2022,Bhatagaon,Hourly,0,0
2022-01-11 12:00:00,6.32,64.05,40.42,82.87,136.72,66.51,0.91,140.04,0.68,38.25,2022,Bhatagaon,Hourly,0,0
2022-01-11 13:00:00,8.6,74.63,47.47,78.58,132.76,55.36,0.94,152.99,0.85,56.96,2022,Bhatagaon,Hourly,0,0
2022-01-11 14:00:00,8.39,79.96,47.8,67.34,122.14,56.01,0.7,349.1,0.86,51.62,2022,Bhatagaon,Hourly,0,0
2022-01-11 15:00:00,10.33,102.45,64.83,56.53,111.73,56.01,0.72,195.86,0.93,50.49,2022,Bhatagaon,Hourly,0,0
2022-01-11 16:00:00,1.69,67.65,38.69,59.83,111.73,54.02,0.87,174.64,0.68,34.94,2022,Bhatagaon,Hourly,0,0
2022-01-11 17:00:00,22.18,176.32,115.09,144.94,110.03,53.65,0.62,343.51,1.65,96.28,2022,Bhatagaon,Hourly,0,0
2022-01-11 18:00:00,39.39,205.48,144.98,106.89,143.6,64.23,0.69,20.13,2.27,117.99,2022,Bhatagaon,Hourly,0,0
2022-01-11 19:00:00,60.94,249.64,180.2,85.78,173.68,70.86,0.78,21.68,2.94,145.77,2022,Bhatagaon,Hourly,0,0
2022-01-11 20:00:00,22.91,251.53,155.59,76.12,222.63,86.18,0.24,101.67,3.18,151.96,2022,Bhatagaon,Hourly,0,0
2022-01-11 21:00:00,123.83,344.05,284.49,84.51,256.28,92.47,0.27,83.38,5.65,220.91,2022,Bhatagaon,Hourly,0,0
2022-01-11 22:00:00,177.14,396.01,360.6,63.6,317.83,99.44,0.12,333.84,3.99,242.72,2022,Bhatagaon,Hourly,0,0
2022-01-11 23:00:00,169.53,378.2,344.67,34.07,327.27,103.21,0.18,355.76,4.35,272.25,2022,Bhatagaon,Hourly,0,0
2022-01-12 01:00:00,93.87,136.52,150.61,5.15,223.96,66.47,0.2,294.27,3.84,151.77,2022,Bhatagaon,Hourly,0,0
2022-01-12 02:00:00,88.51,131.68,143.65,5.04,185.45,63.78,0.48,294.61,3.5,149.59,2022,Bhatagaon,Hourly,0,0
2022-01-12 03:00:00,68.64,116.89,119.55,4.65,193.63,73.84,0.38,278.93,3.19,141.7,2022,Bhatagaon,Hourly,0,0
2022-01-12 04:00:00,51.32,104.72,98.95,4.84,193.63,73.84,0.24,270.74,2.85,132.05,2022,Bhatagaon,Hourly,0,0
2022-01-12 05:00:00,37.72,95.78,83.11,5.63,165.87,71.59,0.3,294.54,2.56,128.32,2022,Bhatagaon,Hourly,0,0
2022-01-12 06:00:00,31.34,90.89,75.29,5.39,151.27,66.09,0.22,297.26,2.36,124.02,2022,Bhatagaon,Hourly,0,0
2022-01-12 07:00:00,38.29,92.64,81.84,5.12,116.33,59.78,0.23,294.47,2.08,121.25,2022,Bhatagaon,Hourly,0,0
2022-01-12 08:00:00,44.94,100.72,91.15,5.06,107.39,49.12,0.86,282.52,2.02,124.61,2022,Bhatagaon,Hourly,0,0
2022-01-12 09:00:00,43.07,102.7,90.72,5.07,107.39,49.12,0.69,200.89,1.9,124.87,2022,Bhatagaon,Hourly,0,0
2022-01-12 10:00:00,35.12,100.65,83.71,5.19,81.79,44.49,1.52,202.37,1.74,123.88,2022,Bhatagaon,Hourly,0,0
2022-01-12 11:00:00,21.72,93.09,68.31,5.04,80.96,42.27,1.45,177.79,1.58,115.79,2022,Bhatagaon,Hourly,0,0
2022-01-12 12:00:00,13.22,89.58,60.04,5.21,80.54,40.69,1.14,175.97,1.4,116.32,2022,Bhatagaon,Hourly,0,0
2022-01-12 13:00:00,6.89,83.61,51.67,6.11,72.28,40.25,0.7,172.6,1.27,119.78,2022,Bhatagaon,Hourly,0,0
2022-01-12 14:00:00,3.47,80.95,47.46,5.94,72.28,40.25,1.06,137.35,1.2,116.06,2022,Bhatagaon,Hourly,0,0
2022-01-12 15:00:00,2.0,77.98,44.43,18.28,67.03,37.75,0.71,141.05,1.1,107.64,2022,Bhatagaon,Hourly,0,0
2022-01-12 16:00:00,2.36,85.59,49.08,22.82,75.95,35.99,2.53,146.78,1.14,98.15,2022,Bhatagaon,Hourly,0,0
2022-01-12 17:00:00,4.2,108.54,63.27,10.59,75.95,35.99,0.71,215.22,1.6,95.18,2022,Bhatagaon,Hourly,0,0
2022-01-12 18:00:00,12.63,129.08,76.82,4.58,99.78,41.7,0.22,222.39,1.88,94.11,2022,Bhatagaon,Hourly,0,0
2022-01-12 19:00:00,26.69,119.99,87.02,4.3,164.12,44.86,0.2,222.36577898337066,2.29,113.96,2022,Bhatagaon,Hourly,1,5
2022-01-12 20:00:00,37.95,117.24,93.9,4.54,179.79,49.46,0.28,222.34155796674133,2.73,125.51,2022,Bhatagaon,Hourly,1,5
2022-01-12 21:00:00,37.46,112.05,90.78,4.15,179.79,49.46,0.31,222.31733695011204,2.83,123.97,2022,Bhatagaon,Hourly,1,5
2022-01-12 22:00:00,32.71,110.85,87.41,4.05,135.25,52.09,0.24,,2.84,127.25,2022,Bhatagaon,Hourly,1,5
2022-01-12 23:00:00,37.49,111.08,91.37,4.42,135.25,52.09,0.19,,2.9,132.61,2022,Bhatagaon,Hourly,1,5
2023-01-01 01:00:00,26.9,96.95,75.08,4.85,57.12,29.84,1.01,17.02,1.48,34.62,2023,Bhatagaon,Hourly,0,0
2023-01-01 02:00:00,16.55,84.0,59.4,4.22,50.07,27.63,0.93,19.92,1.15,33.07,2023,Bhatagaon,Hourly,0,0
2023-01-01 03:00:00,10.96,83.46,54.85,4.01,38.25,24.16,0.45,62.82,1.0,32.85,2023,Bhatagaon,Hourly,0,0
2023-01-01 04:00:00,7.21,78.83,49.29,3.8,35.09,19.24,0.38,73.08,0.85,32.32,2023,Bhatagaon,Hourly,0,0
2023-01-01 05:00:00,5.9,73.51,45.3,4.11,34.37,17.23,0.82,54.11,0.77,31.65,2023,Bhatagaon,Hourly,0,0
2023-01-01 06:00:00,5.23,71.47,43.21,4.06,40.04,19.53,0.92,24.9,0.7,32.16,2023,Bhatagaon,Hourly,0,0
2023-01-01 07:00:00,6.42,74.85,46.46,4.4,36.78,19.38,0.91,23.29,0.69,31.57,2023,Bhatagaon,Hourly,0,0
2023-01-01 08:00:00,7.9,76.23,48.3,4.31,50.83,21.47,1.27,20.82,0.75,29.7,2023,Bhatagaon,Hourly,0,0
2023-01-01 09:00:00,8.64,80.7,51.46,6.18,49.94,24.72,1.41,29.38,0.82,29.33,2023,Bhatagaon,Hourly,0,0
2023-01-01 10:00:00,13.1,90.36,60.37,5.55,60.47,26.2,0.97,111.44,0.88,30.37,2023,Bhatagaon,Hourly,0,0
2023-01-01 11:00:00,13.2,90.94,60.72,5.35,59.09,25.98,1.56,112.37,0.87,30.48,2023,Bhatagaon,Hourly,0,0
2023-01-01 12:00:00,12.99,87.72,58.83,6.04,60.2,27.97,1.37,117.12,0.84,29.91,2023,Bhatagaon,Hourly,0,0
2023-01-01 13:00:00,8.83,83.37,53.09,5.41,57.71,29.66,1.59,132.98,0.8,31.89,2023,Bhatagaon,Hourly,0,0
2023-01-01 14:00:00,3.51,81.14,47.26,5.74,50.17,28.84,0.93,125.2,0.72,32.27,2023,Bhatagaon,Hourly,0,0
2023-01-01 15:00:00,4.12,81.04,48.03,9.13,42.91,25.4,0.51,100.19,0.74,31.63,2023,Bhatagaon,Hourly,0,0
2023-01-01 16:00:00,7.36,84.57,52.57,9.14,45.88,25.87,0.67,195.98,0.8,34.76,2023,Bhatagaon,Hourly,0,0
2023-01-01 17:00:00,7.39,92.79,55.95,6.75,53.5,29.0,1.44,19.8,0.92,35.83,2023,Bhatagaon,Hourly,0,0
2023-01-01 18:00:00,6.37,95.68,57.67,6.86,60.62,29.35,1.01,22.36,1.09,34.57,2023,Bhatagaon,Hourly,0,0
2023-01-01 19:00:00,13.29,105.75,69.02,8.75,65.52,31.86,0.73,24.9,1.43,33.34,2023,Bhatagaon,Hourly,0,0
2023-01-01 20:00:00,15.09,105.44,70.29,5.83,87.61,37.47,0.22,78.01,1.72,36.43,2023,Bhatagaon,Hourly,0,0
2023-01-01 21:00:00,20.78,115.87,80.61,5.78,99.85,44.53,0.2,61.75,2.2,36.84,2023,Bhatagaon,Hourly,0,0
2023-01-01 22:00:00,22.31,118.35,81.85,5.99,98.76,44.39,0.11,201.8,2.22,36.07,2023,Bhatagaon,Hourly,0,0
2023-01-01 23:00:00,23.18,114.91,82.0,5.79,91.6,43.77,0.35,83.78,2.21,36.21,2023,Bhatagaon,Hourly,0,0
2023-01-02 01:00:00,11.08,85.63,56.55,8.31,79.02,46.65,1.75,14.08,1.3,30.33,2023,Bhatagaon,Hourly,0,0
2023-01-02 02:00:00,2.94,77.5,45.54,5.93,49.8,34.88,1.49,11.53,0.91,29.21,2023,Bhatagaon,Hourly,0,0
2023-01-02 03:00:00,1.59,70.25,40.12,5.52,49.8,22.18,1.28,13.12,0.71,27.93,2023,Bhatagaon,Hourly,0,0
2023-01-02 04:00:00,2.08,67.21,38.99,5.96,31.75,20.32,1.33,12.24,0.58,26.88,2023,Bhatagaon,Hourly,0,0
2023-01-02 05:00:00,2.19,66.41,38.74,6.45,31.75,16.17,1.14,12.41,0.51,28.57,2023,Bhatagaon,Hourly,0,0
2023-01-02 06:00:00,3.21,70.64,41.98,6.52,29.91,16.17,1.11,45.93,0.46,28.49,2023,Bhatagaon,Hourly,0,0
2023-01-02 07:00:00,6.34,73.69,46.17,8.09,42.92,13.65,1.35,26.56,0.44,27.48,2023,Bhatagaon,Hourly,0,0
2023-01-02 08:00:00,8.86,77.72,50.41,6.44,42.92,18.23,0.93,41.37,0.55,26.47,2023,Bhatagaon,Hourly,0,0
2023-01-02 09:00:00,9.16,82.32,53.19,5.79,48.27,18.23,0.8,65.41,0.59,28.85,2023,Bhatagaon,Hourly,0,0
2023-01-02 10:00:00,9.92,86.04,55.19,6.05,48.27,16.57,1.44,19.41,0.66,28.98,2023,Bhatagaon,Hourly,0,0
2023-01-02 11:00:00,10.55,87.08,56.5,7.27,41.19,16.73,1.14,90.75,0.68,28.1,2023,Bhatagaon,Hourly,0,0
2023-01-02 12:00:00,11.32,88.54,57.77,9.29,39.65,17.75,1.22,98.2,0.69,30.5,2023,Bhatagaon,Hourly,0,0
2023-01-02 13:00:00,7.3,88.51,54.65,6.47,38.08,17.75,1.13,91.78,0.66,30.91,2023,Bhatagaon,Hourly,0,0
2023-01-02 14:00:00,5.83,88.29,52.66,9.52,39.27,17.29,1.69,43.72,0.69,31.08,2023,Bhatagaon,Hourly,0,0
2023-01-02 15:00:00,8.0,81.5,51.59,13.05,64.59,15.26,1.44,24.82,0.7,27.82,2023,Bhatagaon,Hourly,0,0
2023-01-02 16:00:00,5.83,85.75,52.34,6.79,64.59,16.29,1.7,33.17,0.7,28.84,2023,Bhatagaon,Hourly,0,0
2023-01-02 17:00:00,10.92,86.39,55.57,8.83,52.77,19.16,0.94,24.02,0.83,29.29,2023,Bhatagaon,Hourly,0,0
2023-01-02 18:00:00,16.52,99.34,68.48,10.92,52.67,20.65,0.58,227.66,0.95,30.17,2023,Bhatagaon,Hourly,0,0
2023-01-02 19:00:00,28.52,108.98,83.43,6.6,85.63,27.36,0.15,345.47,1.1,34.8,2023,Bhatagaon,Hourly,0,0
2023-01-02 20:00:00,81.18,130.03,137.27,5.36,114.94,37.42,0.21,254.27,1.86,39.55,2023,Bhatagaon,Hourly,0,0
2023-01-02 21:00:00,118.5,147.66,176.93,7.15,137.94,47.3,0.14,338.11,2.39,40.03,2023,Bhatagaon,Hourly,0,0
2023-01-02 22:00:00,151.1,154.41,206.08,7.14,192.56,63.81,0.21,357.59,2.85,43.57,2023,Bhatagaon,Hourly,0,0
2023-01-02 23:00:00,150.86,151.47,204.54,8.42,192.56,64.31,0.95,42.61,3.0,46.2,2023,Bhatagaon,Hourly,0,0
2023-01-03 01:00:00,113.61,128.97,161.25,3.83,174.34,66.95,0.06,346.95,3.29,37.31,2023,Bhatagaon,Hourly,0,0
2023-01-03 02:00:00,94.16,123.72,142.74,3.65,143.64,60.07,0.29,357.7,2.65,35.45,2023,Bhatagaon,Hourly,0,0
2023-01-03 03:00:00,76.78,113.66,121.44,4.4,103.76,56.37,0.3,258.4,2.4,35.93,2023,Bhatagaon,Hourly,0,0
2023-01-03 04:00:00,68.95,113.09,116.64,3.73,134.2,65.32,0.12,348.12,2.26,35.99,2023,Bhatagaon,Hourly,0,0
2023-01-03 05:00:00,63.03,114.87,112.49,4.55,169.76,79.58,0.14,334.89,2.13,34.99,2023,Bhatagaon,Hourly,0,0
2023-01-03 06:00:00,81.35,115.07,125.96,4.99,173.73,82.43,0.15,357.2,2.09,33.96,2023,Bhatagaon,Hourly,0,0
2023-01-03 07:00:00,102.61,114.79,144.32,5.44,176.56,82.43,0.33,281.57,2.09,36.8,2023,Bhatagaon,Hourly,0,0
2023-01-03 08:00:00,95.8,113.62,136.94,5.03,176.56,80.67,0.23,359.36,2.12,36.04,2023,Bhatagaon,Hourly,0,0
2023-01-03 09:00:00,85.69,121.28,131.61,17.79,128.86,136.25,0.45,113.91,2.31,34.49,2023,Bhatagaon,Hourly,0,0
2023-01-03 10:00:00,73.7,126.92,126.93,19.24,233.38,136.25,0.39,142.3,2.34,35.67,2023,Bhatagaon,Hourly,0,0
2023-01-03 11:00:00,57.36,147.64,117.67,8.17,233.38,105.0,0.65,352.66,2.29,36.39,2023,Bhatagaon,Hourly,0,0
2023-01-03 12:00:00,2.9,93.42,52.84,24.03,146.41,79.39,0.49,359.51,1.16,22.79,2023,Bhatagaon,Hourly,0,0
2023-01-03 13:00:00,3.46,70.94,40.05,11.1,70.76,34.88,0.71,341.52,0.75,18.39,2023,Bhatagaon,Hourly,0,0
2023-01-03 14:00:00,2.18,76.79,42.6,14.61,70.76,38.36,0.75,166.31,0.96,22.54,2023,Bhatagaon,Hourly,0,0
2023-01-03 15:00:00,1.55,68.24,37.87,8.83,60.07,38.36,1.16,202.97,0.86,22.4,2023,Bhatagaon,Hourly,0,0
2023-01-03 16:00:00,2.04,63.23,34.97,8.21,42.13,20.25,0.98,183.78,0.65,23.05,2023,Bhatagaon,Hourly,0,0
2023-01-03 17:00:00,3.12,65.56,37.64,8.76,42.13,19.9,0.63,214.09,0.6,23.51,2023,Bhatagaon,Hourly,0,0
2023-01-03 18:00:00,45.18,123.3,103.24,7.68,46.39,23.48,0.25,228.32,1.64,25.63,2023,Bhatagaon,Hourly,0,0
2023-01-03 19:00:00,46.93,134.55,102.99,23.31,154.7,52.25,0.23,55.0,2.16,28.34,2023,Bhatagaon,Hourly,0,0
2023-01-03 20:00:00,78.0,148.32,142.01,22.75,154.7,63.23,0.36,110.71,2.71,27.55,2023,Bhatagaon,Hourly,0,0
2023-01-03 21:00:00,94.53,144.8,153.14,12.35,205.3,67.7,0.15,67.56,3.5,32.58,2023,Bhatagaon,Hourly,0,0
2023-01-03 22:00:00,86.32,141.8,146.1,5.88,211.07,70.92,0.37,47.65,3.0,35.73,2023,Bhatagaon,Hourly,0,0
2023-01-03 23:00:00,78.85,137.31,137.97,18.2,211.07,71.92,1.74,21.55,2.95,35.75,2023,Bhatagaon,Hourly,0,0
2023-01-04 01:00:00,7.31,37.71,28.29,2.05,45.74,15.1,0.4,203.77,0.84,41.02,2023,Bhatagaon,Hourly,0,0
2023-01-04 02:00:00,6.2,34.4,25.7,1.75,32.53,12.39,0.41,108.41,0.69,39.47,2023,Bhatagaon,Hourly,0,0
2023-01-04 03:00:00,6.66,33.94,25.81,2.11,31.94,11.87,0.87,84.58,0.62,39.8,2023,Bhatagaon,Hourly,0,0
2023-01-04 04:00:00,7.39,40.01,29.75,1.97,33.15,15.89,1.98,25.73,0.65,42.94,2023,Bhatagaon,Hourly,0,0
2023-01-04 05:00:00,7.21,33.65,26.1,2.14,38.51,19.05,2.67,109.47,0.65,39.94,2023,Bhatagaon,Hourly,0,0
2023-01-04 06:00:00,5.28,34.31,24.67,1.69,38.51,19.05,2.41,118.78,0.51,42.08,2023,Bhatagaon,Hourly,0,0
2023-01-04 07:00:00,6.53,32.82,24.75,1.94,32.88,12.86,1.94,121.95,0.45,42.93,2023,Bhatagaon,Hourly,0,0
2023-01-04 08:00:00,7.31,33.29,25.58,1.86,23.95,11.37,1.33,197.46,0.42,43.71,2023,Bhatagaon,Hourly,0,0
2023-01-04 09:00:00,6.65,30.83,24.09,2.35,20.92,10.84,0.87,202.74,0.4,42.87,2023,Bhatagaon,Hourly,0,0
2023-01-04 10:00:00,5.75,34.58,25.18,2.45,17.42,7.67,1.3,190.43,0.38,41.51,2023,Bhatagaon,Hourly,0,0
2023-01-04 11:00:00,5.64,33.67,24.42,2.8,14.28,8.54,0.57,267.84,0.4,36.78,2023,Bhatagaon,Hourly,0,0
2023-01-04 12:00:00,4.72,28.94,21.18,2.72,15.99,6.26,0.9,325.52,0.39,38.32,2023,Bhatagaon,Hourly,0,0
2023-01-04 13:00:00,4.26,36.0,24.04,3.31,19.45,7.12,0.45,164.68,0.37,37.16,2023,Bhatagaon,Hourly,0,0
2023-01-04 14:00:00,4.27,33.99,23.92,3.68,19.45,7.12,0.73,358.93,0.39,35.9,2023,Bhatagaon,Hourly,0,0
2023-01-04 15:00:00,3.65,31.06,21.65,3.82,19.97,6.73,1.71,327.23,0.54,37.54,2023,Bhatagaon,Hourly,0,0
2023-01-04 16:00:00,4.81,42.44,27.68,4.45,24.52,10.36,0.7,205.63,0.71,38.83,2023,Bhatagaon,Hourly,0,0
2023-01-04 17:00:00,3.12,45.62,29.42,5.12,32.39,10.88,0.96,203.72,0.74,39.31,2023,Bhatagaon,Hourly,0,0
2023-01-04 18:00:00,4.48,53.64,34.57,4.37,32.39,10.88,0.54,260.84,0.72,37.28,2023,Bhatagaon,Hourly,0,0
2023-01-04 19:00:00,5.75,59.45,39.16,2.77,40.76,11.34,0.72,295.4,0.68,42.02,2023,Bhatagaon,Hourly,0,0
2023-01-04 20:00:00,9.65,59.97,41.91,2.57,40.76,12.11,0.18,290.16,0.73,42.53,2023,Bhatagaon,Hourly,0,0
2023-01-04 21:00:00,18.63,55.67,47.4,2.29,57.52,13.43,0.41,344.93,0.96,39.51,2023,Bhatagaon,Hourly,0,0
2023-01-04 22:00:00,56.18,69.16,84.96,2.63,60.97,14.2,0.07,340.27,1.25,45.46,2023,Bhatagaon,Hourly,0,0
2023-01-04 23:00:00,61.95,57.91,82.9,2.46,80.71,21.61,0.22,336.12,1.42,50.54,2023,Bhatagaon,Hourly,0,0
2023-01-05 01:00:00,10.49,30.03,25.37,2.23,23.39,9.71,0.74,326.71,0.74,29.84,2023,Bhatagaon,Hourly,0,0
2023-01-05 02:00:00,8.67,28.95,23.57,2.26,21.96,7.3,0.45,349.86,0.71,28.65,2023,Bhatagaon,Hourly,0,0
2023-01-05 03:00:00,6.52,27.69,21.16,2.36,20.59,7.74,0.67,197.56,0.71,28.09,2023,Bhatagaon,Hourly,0,0
2023-01-05 04:00:00,6.61,27.07,20.85,2.31,18.16,8.55,0.92,214.96,0.67,28.59,2023,Bhatagaon,Hourly,0,0
2023-01-05 05:00:00,5.79,26.16,19.72,1.84,16.94,7.57,1.16,205.78,0.66,27.4,2023,Bhatagaon,Hourly,0,0
2023-01-05 06:00:00,4.09,25.62,18.03,1.68,11.95,7.57,2.11,228.46,0.61,28.0,2023,Bhatagaon,Hourly,0,0
2023-01-05 07:00:00,3.24,25.92,17.44,2.09,8.41,5.44,1.46,231.88,0.5,27.82,2023,Bhatagaon,Hourly,0,0
2023-01-05 08:00:00,7.97,27.0,21.94,2.05,5.86,4.21,0.22,359.05,0.51,26.21,2023,Bhatagaon,Hourly,0,0
2023-01-05 09:00:00,9.37,27.97,23.46,0.83,6.11,4.915,1.69,130.22,0.52,29.42,2023,Bhatagaon,Hourly,1,1
2023-01-05 10:00:00,8.95,26.99,22.63,1.2,6.36,5.62,0.4,337.34,0.54,29.79,2023,Bhatagaon,Hourly,0,0
2023-01-05 11:00:00,8.5,27.33,22.54,0.94,182.67,4.05,0.8,204.3,0.56,28.25,2023,Bhatagaon,Hourly,0,0
2023-01-05 12:00:00,5.2,28.06,20.3,0.99,183.95642857142855,8.304285714285715,0.85,236.33,0.54,30.57,2023,Bhatagaon,Hourly,1,12
2023-01-05 13:00:00,4.39,24.19,16.73,1.5,185.24285714285713,12.55857142857143,0.98,218.03,0.52,30.51,2023,Bhatagaon,Hourly,1,12
2023-01-05 14:00:00,2.48,23.7,15.57,1.33,186.52928571428572,16.812857142857144,1.0,214.06,0.45,28.44,2023,Bhatagaon,Hourly,1,12
2023-01-05 15:00:00,2.66,22.67,14.82,1.61,,,1.15,158.63,0.41,31.3,2023,Bhatagaon,Hourly,1,12
2023-01-05 16:00:00,2.61,25.1,16.5,1.51,,,0.78,233.46,0.38,31.39,2023,Bhatagaon,Hourly,1,12
2023-01-05 17:00:00,2.03,22.53,14.68,2.09,,,1.05,183.17,0.34,28.94,2023,Bhatagaon,Hourly,1,12
2023-01-05 18:00:00,3.04,23.36,15.52,2.48,,,1.57,139.12,0.31,31.49,2023,Bhatagaon,Hourly,1,12
2023-01-05 19:00:00,3.21,24.9,16.93,2.06,,,0.96,136.89,0.33,31.27,2023,Bhatagaon,Hourly,1,12
2023-01-05 20:00:00,8.23,32.09,24.96,2.29,,,1.41,148.76,0.51,29.52,2023,Bhatagaon,Hourly,1,12
2023-01-05 21:00:00,11.92,34.52,29.26,1.66,,,0.95,147.2,0.61,31.74,2023,Bhatagaon,Hourly,1,12
2023-01-05 22:00:00,8.18,26.27,20.86,2.17,,,1.3,293.99,0.53,32.06,2023,Bhatagaon,Hourly,1,12
2023-01-05 23:00:00,5.8,24.39,18.76,1.84,,,1.13,263.81,0.47,29.75,2023,Bhatagaon,Hourly,1,12
2023-01-06 01:00:00,48.02,88.53,88.01,6.69,200.68,63.61,0.2,239.93,1.99,28.99,2023,Bhatagaon,Hourly,0,0
2023-01-06 02:00:00,28.28,60.24,55.24,6.4,200.68,63.61,0.42,341.37,1.88,30.75,2023,Bhatagaon,Hourly,0,0
2023-01-06 03:00:00,15.81,47.1,39.3,43.53,149.21,59.8,1.0,250.22,1.56,30.01,2023,Bhatagaon,Hourly,0,0
2023-01-06 04:00:00,8.88,55.8,36.38,105.95,126.55,57.39,0.45,246.81,1.22,29.1,2023,Bhatagaon,Hourly,0,0
2023-01-06 05:00:00,13.81,45.94,37.08,18.39,158.27,60.46,0.34,245.04,1.17,28.92,2023,Bhatagaon,Hourly,0,0
2023-01-06 06:00:00,19.94,54.67,45.62,37.0,160.29,64.27,0.16,214.05,1.2,28.14,2023,Bhatagaon,Hourly,0,0
2023-01-06 07:00:00,33.14,63.74,59.36,91.37,160.29,69.48,0.36,247.31,1.19,27.97,2023,Bhatagaon,Hourly,0,0
2023-01-06 08:00:00,21.32,58.46,47.75,29.81,162.68,69.82,0.74,255.84,1.52,29.85,2023,Bhatagaon,Hourly,0,0
2023-01-06 09:00:00,15.37,60.45,45.71,28.65,162.68,69.82,1.67,245.54,1.47,29.25,2023,Bhatagaon,Hourly,0,0
2023-01-06 10:00:00,7.23,52.08,35.19,22.63,113.12,66.63,1.69,244.89,1.26,27.94,2023,Bhatagaon,Hourly,0,0
2023-01-06 11:00:00,2.97,51.44,31.17,10.69,98.78,57.79,1.95,245.13,1.08,27.37,2023,Bhatagaon,Hourly,0,0
2023-01-06 12:00:00,4.25,43.68,26.76,6.48,82.55,53.06,1.24,246.83,0.87,25.27,2023,Bhatagaon,Hourly,0,0
2023-01-06 13:00:00,9.44,39.46,29.54,8.25,89.49,51.58,1.29,248.23,0.76,24.52,2023,Bhatagaon,Hourly,0,0
2023-01-06 14:00:00,2.19,40.08,24.53,3.72,89.49,49.35,1.21,245.02,0.63,24.04,2023,Bhatagaon,Hourly,0,0
2023-01-06 15:00:00,4.13,34.11,20.3,4.33,73.78,42.71,1.17,250.12,0.54,24.01,2023,Bhatagaon,Hourly,0,0
2023-01-06 16:00:00,5.71,32.95,23.41,3.82,54.73,37.69,0.84,247.95,0.47,23.54,2023,Bhatagaon,Hourly,0,0
2023-01-06 17:00:00,2.8,34.7,21.87,3.16,47.35,33.57,0.31,250.38,0.39,23.27,2023,Bhatagaon,Hourly,0,0
2023-01-06 18:00:00,10.93,47.37,35.56,3.47,47.76,32.77,0.28,246.63,0.42,21.98,2023,Bhatagaon,Hourly,0,0
2023-01-06 19:00:00,13.32,59.16,43.97,4.32,55.0,29.47,0.22,251.33,0.64,21.54,2023,Bhatagaon,Hourly,0,0
2023-01-06 20:00:00,37.33,85.58,77.81,4.93,85.24,32.9,0.08,218.89,1.32,19.36,2023,Bhatagaon,Hourly,0,0
2023-01-06 21:00:00,179.18,113.2,206.8,11.02,99.04,39.89,0.1,244.03,1.7,18.4,2023,Bhatagaon,Hourly,0,0
2023-01-06 22:00:00,148.03,108.53,179.25,8.98,178.57,50.97,0.15,238.69,2.23,26.6,2023,Bhatagaon,Hourly,0,0
2023-01-06 23:00:00,68.55,77.2,97.99,21.4,178.97,66.05,0.12,193.98,2.48,30.54,2023,Bhatagaon,Hourly,0,0
2023-01-07 01:00:00,10.52,17.28,17.92,2.45,168.1169230769231,62.12307692307692,0.24,208.65,0.84,22.54,2023,Bhatagaon,Hourly,1,23
2023-01-07 02:00:00,11.5,13.93,16.86,2.28,162.6903846153846,60.15961538461538,0.38,215.64,0.79,21.97,2023,Bhatagaon,Hourly,1,23
2023-01-07 03:00:00,9.2,14.14,15.22,2.48,157.26384615384615,58.19615384615384,0.48,260.72,0.7,18.24,2023,Bhatagaon,Hourly,1,23
2023-01-07 04:00:00,8.75,12.6,13.79,2.55,,,0.35,208.98,0.65,20.65,2023,Bhatagaon,Hourly,1,23
2023-01-07 05:00:00,9.68,14.3,16.13,2.56,,,0.08,250.67,0.61,22.12,2023,Bhatagaon,Hourly,1,23
2023-01-07 06:00:00,9.7,15.81,17.15,2.75,,,0.13,346.66,0.59,17.95,2023,Bhatagaon,Hourly,1,23
2023-01-07 07:00:00,12.81,18.82,21.3,2.31,,,0.17,207.45,0.58,21.54,2023,Bhatagaon,Hourly,1,23
2023-01-07 08:00:00,11.64,15.1,17.77,2.44,,,0.35,40.52,0.62,21.19,2023,Bhatagaon,Hourly,1,23
2023-01-07 09:00:00,8.22,18.48,16.73,2.12,,,0.33,34.42,0.64,15.42,2023,Bhatagaon,Hourly,1,23
2023-01-07 10:00:00,6.31,16.86,14.68,2.3,,,0.32,26.03,0.67,10.27,2023,Bhatagaon,Hourly,1,23
2023-01-07 11:00:00,5.53,21.31,16.53,1.99,,,0.35,46.61,0.78,9.25,2023,Bhatagaon,Hourly,1,23
2023-01-07 12:00:00,5.72,18.74,15.13,1.86,,,0.27,354.31,0.71,6.03,2023,Bhatagaon,Hourly,1,23
2023-01-07 13:00:00,5.5,15.74,13.67,1.78,,,0.14,344.25,0.66,6.79,2023,Bhatagaon,Hourly,1,23
2023-01-07 14:00:00,5.65,14.66,13.27,1.27,,,0.31,38.06,0.67,4.93,2023,Bhatagaon,Hourly,1,23
2023-01-07 15:00:00,6.18,19.8,16.19,1.66,,,0.31,334.83,0.63,6.98,2023,Bhatagaon,Hourly,1,23
2023-01-07 16:00:00,5.71,17.14,14.57,2.24,,,0.33,357.04,0.6,6.74,2023,Bhatagaon,Hourly,1,23
2023-01-07 17:00:00,5.6,17.17,14.48,2.44,,,0.3,44.73,0.63,6.95,2023,Bhatagaon,Hourly,1,23
2023-01-07 18:00:00,7.28,25.48,20.55,2.61,,,0.32,250.24,0.68,7.11,2023,Bhatagaon,Hourly,1,23
2023-01-07 19:00:00,5.8,23.38,18.04,2.69,,,0.31,49.05,0.75,8.1,2023,Bhatagaon,Hourly,1,23
2023-01-07 20:00:00,7.27,21.38,17.77,2.63,,,0.2,42.26,0.87,7.66,2023,Bhatagaon,Hourly,1,23
2023-01-07 21:00:00,17.4,25.78,28.83,2.41,,,0.14,338.45,0.99,8.31,2023,Bhatagaon,Hourly,1,23
2023-01-07 22:00:00,10.93,27.68,24.35,2.58,,,0.08,351.37,1.0,13.67,2023,Bhatagaon,Hourly,1,23
2023-01-07 23:00:00,9.95,18.33,18.67,2.88,,,0.24,219.95,0.95,14.04,2023,Bhatagaon,Hourly,1,23
2023-01-08 01:00:00,7.61,22.02,18.9,1.57,37.88,15.0,0.25,41.96,0.56,16.66,2023,Bhatagaon,Hourly,0,0
2023-01-08 02:00:00,6.89,20.63,17.48,1.47,32.76,15.46,0.25,44.53,0.48,16.53,2023,Bhatagaon,Hourly,0,0
2023-01-08 03:00:00,6.37,22.83,18.13,1.43,21.93,12.26,0.27,42.46,0.45,15.33,2023,Bhatagaon,Hourly,0,0
2023-01-08 04:00:00,6.73,24.69,19.13,1.72,22.89,9.55,0.33,42.02,0.55,16.58,2023,Bhatagaon,Hourly,0,0
2023-01-08 05:00:00,7.15,23.98,19.62,1.75,22.36,10.78,0.62,358.8,0.54,16.6,2023,Bhatagaon,Hourly,0,0
2023-01-08 06:00:00,6.57,23.05,18.64,1.32,20.72,13.32,0.37,38.9,0.42,15.43,2023,Bhatagaon,Hourly,0,0
2023-01-08 07:00:00,10.64,22.72,20.95,1.49,19.0,12.29,0.33,350.64,0.43,16.59,2023,Bhatagaon,Hourly,0,0
2023-01-08 08:00:00,12.65,20.74,22.23,1.62,20.71,13.23,0.32,31.73,0.41,15.84,2023,Bhatagaon,Hourly,0,0
2023-01-08 09:00:00,19.6,23.7,29.44,1.18,23.74,15.07,0.32,12.22,0.48,15.58,2023,Bhatagaon,Hourly,0,0
2023-01-08 10:00:00,17.98,23.55,27.92,1.31,33.26,14.59,0.36,359.21,0.52,16.94,2023,Bhatagaon,Hourly,0,0
2023-01-08 11:00:00,17.59,22.92,27.33,1.55,37.26,15.1,0.58,354.91,0.52,15.94,2023,Bhatagaon,Hourly,0,0
2023-01-08 12:00:00,17.24,23.49,27.05,1.29,37.28,16.38,0.3,353.42,0.53,15.67,2023,Bhatagaon,Hourly,0,0
2023-01-08 13:00:00,19.58,25.63,30.5,0.93,32.45,16.32,0.26,35.71,0.54,16.85,2023,Bhatagaon,Hourly,0,0
2023-01-08 14:00:00,17.15,25.96,28.73,0.94,29.46,15.47,0.33,27.55,0.69,15.69,2023,Bhatagaon,Hourly,0,0
2023-01-08 15:00:00,15.72,27.51,27.68,0.89,39.12,17.5,0.29,28.52,0.95,16.97,2023,Bhatagaon,Hourly,0,0
2023-01-08 16:00:00,16.12,28.42,28.54,1.34,52.11,20.59,0.26,41.34,1.03,17.09,2023,Bhatagaon,Hourly,0,0
2023-01-08 17:00:00,13.16,27.96,25.98,0.6,52.67,22.37,0.37,36.48,0.82,15.87,2023,Bhatagaon,Hourly,0,0
2023-01-08 18:00:00,9.92,29.33,24.78,0.02,52.51,24.08,0.35,38.68,0.76,16.42,2023,Bhatagaon,Hourly,0,0
2023-01-08 19:00:00,11.8,29.22,26.24,0.43,51.36,18.3,0.32,39.09,0.73,16.92,2023,Bhatagaon,Hourly,0,0
2023-01-08 20:00:00,8.46,27.72,22.57,0.32,50.79,18.96,0.32,44.43,0.69,15.49,2023,Bhatagaon,Hourly,0,0
2023-01-08 21:00:00,10.27,29.89,25.38,1.16,46.61,17.2,0.18,46.27,0.71,16.66,2023,Bhatagaon,Hourly,0,0
2023-01-08 22:00:00,11.28,26.49,24.31,1.59,49.23,18.08,0.33,40.86,0.65,17.73,2023,Bhatagaon,Hourly,0,0
2023-01-08 23:00:00,8.83,24.35,20.83,1.16,38.4,16.16,0.36,45.22,0.59,15.74,2023,Bhatagaon,Hourly,0,0
2023-01-09 01:00:00,23.74,33.72,32.26,4.24,108.34,30.97,0.11,342.45,0.93,22.41,2023,Bhatagaon,Hourly,0,0
2023-01-09 02:00:00,7.96,36.76,27.38,4.12,92.69,30.32,0.09,316.01,0.65,23.11,2023,Bhatagaon,Hourly,0,0
2023-01-09 03:00:00,16.8,41.47,32.75,4.09,80.46,28.01,0.28,205.55,0.75,22.71,2023,Bhatagaon,Hourly,0,0
2023-01-09 04:00:00,21.35,25.03,32.23,3.86,77.1,24.68,0.09,321.97,0.7,21.19,2023,Bhatagaon,Hourly,0,0
2023-01-09 05:00:00,16.97,25.91,28.95,4.44,66.54,24.68,0.09,296.04,0.69,22.61,2023,Bhatagaon,Hourly,0,0
2023-01-09 06:00:00,21.68,34.84,31.88,4.66,63.77,24.67,0.11,231.72,0.61,22.46,2023,Bhatagaon,Hourly,0,0
2023-01-09 07:00:00,27.99,16.88,32.61,5.04,59.04,21.96,0.19,353.53,0.68,19.85,2023,Bhatagaon,Hourly,0,0
2023-01-09 08:00:00,27.31,22.71,35.73,4.48,55.65,20.65,0.18,358.42,0.73,21.34,2023,Bhatagaon,Hourly,0,0
2023-01-09 09:00:00,21.41,17.87,27.3,5.54,61.03,19.28,0.65,356.77,0.69,20.42,2023,Bhatagaon,Hourly,0,0
2023-01-09 10:00:00,17.49,22.73,26.64,5.62,63.93,19.82,0.65,356.29,0.75,18.1,2023,Bhatagaon,Hourly,0,0
2023-01-09 11:00:00,14.53,32.68,30.98,5.95,66.03,19.82,0.54,339.89,0.72,19.57,2023,Bhatagaon,Hourly,0,0
2023-01-09 12:00:00,9.67,24.05,20.93,5.95,76.34,25.36,0.47,359.44,0.71,19.06,2023,Bhatagaon,Hourly,0,0
2023-01-09 13:00:00,19.82,42.94,40.89,6.26,76.34,25.36,2.24,357.09,0.89,17.77,2023,Bhatagaon,Hourly,0,0
2023-01-09 14:00:00,20.54,45.45,42.77,6.14,67.04,24.13,1.07,342.36,1.13,17.98,2023,Bhatagaon,Hourly,0,0
2023-01-09 15:00:00,20.45,45.8,42.97,6.38,73.5,26.63,0.09,340.17,1.25,18.4,2023,Bhatagaon,Hourly,0,0
2023-01-09 16:00:00,6.71,26.57,21.33,6.0,73.5,26.63,0.59,218.0,0.56,18.78,2023,Bhatagaon,Hourly,0,0
2023-01-09 17:00:00,19.13,39.86,38.63,6.71,68.03,24.71,0.33,350.27,0.81,19.41,2023,Bhatagaon,Hourly,0,0
2023-01-09 18:00:00,36.73,60.25,59.9,7.34,96.26,25.22,0.24,351.03,1.44,16.36,2023,Bhatagaon,Hourly,0,0
2023-01-09 19:00:00,36.29,47.4,56.55,6.7,100.43,25.22,0.15,358.9,1.53,16.3,2023,Bhatagaon,Hourly,0,0
2023-01-09 20:00:00,43.89,53.15,65.82,6.88,106.27,23.94,0.29,345.34,1.91,16.92,2023,Bhatagaon,Hourly,0,0
2023-01-09 21:00:00,67.21,53.92,84.95,5.26,107.34,23.49,0.36,358.22,2.51,16.68,2023,Bhatagaon,Hourly,0,0
2023-01-09 22:00:00,99.11,67.28,110.57,5.49,122.06,23.49,0.1,169.06,2.24,16.01,2023,Bhatagaon,Hourly,0,0
2023-01-09 23:00:00,51.46,61.15,65.88,4.66,122.06,27.2,0.16,257.71,1.3,23.33,2023,Bhatagaon,Hourly,0,0
2023-01-10 01:00:00,8.63,11.34,14.47,1.3,55.85,18.24,0.26,40.93,0.95,12.25,2023,Bhatagaon,Hourly,0,0
2023-01-10 02:00:00,5.67,9.86,11.28,0.98,48.51,18.24,0.16,61.55,0.81,11.96,2023,Bhatagaon,Hourly,0,0
2023-01-10 03:00:00,4.47,9.9,10.28,1.14,38.9,15.07,0.12,357.38,0.69,11.25,2023,Bhatagaon,Hourly,0,0
2023-01-10 04:00:00,4.5,8.33,9.5,1.25,34.93,13.12,0.11,358.46,0.68,11.92,2023,Bhatagaon,Hourly,0,0
2023-01-10 05:00:00,4.49,9.71,9.95,1.33,34.93,12.12,0.15,356.25,0.64,11.85,2023,Bhatagaon,Hourly,0,0
2023-01-10 06:00:00,5.53,11.73,11.82,1.36,32.33,14.26,0.1,186.7,0.64,12.48,2023,Bhatagaon,Hourly,0,0
2023-01-10 07:00:00,6.47,8.54,11.15,1.62,33.1,14.26,0.19,353.73,0.62,12.83,2023,Bhatagaon,Hourly,0,0
2023-01-10 08:00:00,8.56,12.68,15.16,1.51,38.36,12.31,0.3,19.47,0.67,12.62,2023,Bhatagaon,Hourly,0,0
2023-01-10 09:00:00,8.36,12.91,15.12,2.25,41.34,13.82,0.25,341.41,0.78,11.8,2023,Bhatagaon,Hourly,0,0
2023-01-10 10:00:00,6.93,13.9,13.93,2.12,54.94,17.42,0.22,30.29,1.11,11.89,2023,Bhatagaon,Hourly,0,0
2023-01-10 11:00:00,5.52,15.66,14.15,2.06,72.74,21.49,0.39,72.78,1.17,11.82,2023,Bhatagaon,Hourly,0,0
2023-01-10 12:00:00,4.17,15.25,13.05,2.27,72.74,21.49,0.34,20.02,0.95,9.51,2023,Bhatagaon,Hourly,0,0
2023-01-10 13:00:00,2.62,12.67,10.26,2.06,51.17,17.73,0.36,27.55,0.82,9.11,2023,Bhatagaon,Hourly,0,0
2023-01-10 14:00:00,3.74,16.9,13.62,2.54,53.2,23.0,0.44,355.97,0.74,8.43,2023,Bhatagaon,Hourly,0,0
2023-01-10 15:00:00,3.62,16.05,12.97,2.37,53.2,23.0,0.68,348.95,0.66,8.33,2023,Bhatagaon,Hourly,0,0
2023-01-10 16:00:00,3.93,17.62,13.89,2.34,50.43,20.34,0.38,338.33,0.7,9.45,2023,Bhatagaon,Hourly,0,0
2023-01-10 17:00:00,3.57,18.89,14.58,2.31,60.95,20.34,0.36,346.47,0.81,9.3,2023,Bhatagaon,Hourly,0,0
2023-01-10 18:00:00,4.34,18.22,14.2,2.81,60.95,19.95,0.44,355.57,0.78,8.4,2023,Bhatagaon,Hourly,0,0
2023-01-10 19:00:00,4.93,15.88,14.01,2.7,62.03,19.83,1.89,340.68,0.8,9.14,2023,Bhatagaon,Hourly,0,0
2023-01-10 20:00:00,15.49,42.36,37.09,3.08,62.03,19.72,0.77,342.08,1.15,9.67,2023,Bhatagaon,Hourly,0,0
2023-01-10 21:00:00,25.5,50.73,49.74,1.59,58.54,18.19,0.09,290.52,1.35,11.52,2023,Bhatagaon,Hourly,0,0
2023-01-10 22:00:00,13.81,27.95,25.06,1.2,58.54,18.19,0.06,267.72,1.03,12.14,2023,Bhatagaon,Hourly,0,0
2023-01-10 23:00:00,12.73,37.81,32.37,1.26,48.62,19.75,0.06,356.28,0.97,12.67,2023,Bhatagaon,Hourly,0,0
2023-01-11 01:00:00,2.48,20.94,14.75,2.13,76.98,45.32,0.13,275.55,0.84,4.99,2023,Bhatagaon,Hourly,0,0
2023-01-11 02:00:00,2.82,24.05,16.46,2.17,71.36,38.86,0.2,318.76,0.8,4.98,2023,Bhatagaon,Hourly,0,0
2023-01-11 03:00:00,3.94,20.61,15.83,2.07,77.87,39.22,0.15,299.29,0.78,5.03,2023,Bhatagaon,Hourly,0,0
2023-01-11 04:00:00,5.02,23.86,18.49,1.72,78.99,41.82,0.14,307.16,0.76,5.05,2023,Bhatagaon,Hourly,0,0
2023-01-11 05:00:00,10.01,29.59,23.59,1.43,83.99,44.22,0.14,295.12,0.81,5.21,2023,Bhatagaon,Hourly,0,0
2023-01-11 06:00:00,9.34,22.47,21.18,1.28,101.63,56.54,0.26,92.93,0.8,5.44,2023,Bhatagaon,Hourly,0,0
2023-01-11 07:00:00,9.37,22.61,21.1,1.22,103.83,57.5,0.58,110.51,0.83,5.46,2023,Bhatagaon,Hourly,0,0
2023-01-11 08:00:00,9.42,24.43,22.06,1.47,105.49,57.5,0.5,342.1,0.77,5.46,2023,Bhatagaon,Hourly,0,0
2023-01-11 09:00:00,8.95,25.34,21.72,0.71,106.15,58.01,0.27,345.28,0.79,5.45,2023,Bhatagaon,Hourly,0,0
2023-01-11 10:00:00,6.77,25.35,20.46,0.88,112.62,58.01,0.76,116.46,0.79,5.31,2023,Bhatagaon,Hourly,0,0
2023-01-11 11:00:00,3.64,23.79,16.95,0.98,112.62,55.87,1.5,114.61,0.73,5.06,2023,Bhatagaon,Hourly,0,0
2023-01-11 12:00:00,2.72,23.98,16.59,0.92,93.05,51.7,1.56,113.29,0.68,5.21,2023,Bhatagaon,Hourly,0,0
2023-01-11 13:00:00,4.25,28.03,19.26,1.44,74.91,46.55,0.86,350.89,0.66,5.18,2023,Bhatagaon,Hourly,0,0
2023-01-11 14:00:00,3.68,28.01,19.7,1.96,72.2,42.94,1.2,128.07,0.6,5.17,2023,Bhatagaon,Hourly,0,0
2023-01-11 15:00:00,2.55,23.06,15.88,1.45,66.9,42.94,0.96,148.95,0.57,5.21,2023,Bhatagaon,Hourly,0,0
2023-01-11 16:00:00,2.33,25.15,17.04,2.25,57.99,33.39,0.64,156.98,0.47,5.21,2023,Bhatagaon,Hourly,0,0
2023-01-11 17:00:00,4.69,30.95,22.13,2.48,53.55,30.13,0.96,134.6,0.53,4.93,2023,Bhatagaon,Hourly,0,0
2023-01-11 18:00:00,6.44,42.14,29.71,1.73,72.0,31.76,0.34,325.17,0.75,4.47,2023,Bhatagaon,Hourly,0,0
2023-01-11 19:00:00,9.29,58.79,39.93,2.28,88.38,32.15,0.18,102.51,1.31,4.25,2023,Bhatagaon,Hourly,0,0
2023-01-11 20:00:00,19.44,73.91,57.67,2.17,102.55,41.54,0.12,84.33,1.66,3.27,2023,Bhatagaon,Hourly,0,0
2023-01-11 21:00:00,51.35,71.01,81.66,1.82,134.13,46.53,0.11,81.48,2.37,2.99,2023,Bhatagaon,Hourly,0,0
2023-01-11 22:00:00,29.08,61.36,56.62,1.52,134.13,51.95,0.16,81.25,1.85,5.16,2023,Bhatagaon,Hourly,0,0
2023-01-11 23:00:00,31.6,49.98,54.21,1.56,135.09,54.16,0.12,80.77,1.94,6.39,2023,Bhatagaon,Hourly,0,0
2023-01-12 01:00:00,8.69,44.34,31.06,2.22,67.25,32.75,1.48,112.1,1.04,4.94,2023,Bhatagaon,Hourly,0,0
2023-01-12 02:00:00,9.73,48.55,35.24,2.25,64.8,31.36,1.36,356.61,0.98,4.89,2023,Bhatagaon,Hourly,0,0
2023-01-12 03:00:00,14.97,55.18,43.1,2.27,57.1,31.36,0.27,102.08,0.93,4.98,2023,Bhatagaon,Hourly,0,0
2023-01-12 04:00:00,8.45,39.96,28.59,2.25,56.85,28.2,0.13,81.42,0.86,5.19,2023,Bhatagaon,Hourly,0,0
2023-01-12 05:00:00,11.01,49.92,37.03,2.29,53.15,25.75,0.15,340.55,0.8,5.21,2023,Bhatagaon,Hourly,0,0
2023-01-12 06:00:00,10.27,52.21,37.7,2.3,55.31,28.35,0.47,102.66,0.79,5.21,2023,Bhatagaon,Hourly,0,0
2023-01-12 07:00:00,32.12,72.46,66.4,2.24,66.54,33.46,0.65,344.12,0.83,5.21,2023,Bhatagaon,Hourly,0,0
2023-01-12 08:00:00,24.02,76.65,62.21,2.28,67.26,35.22,0.8,110.57,0.87,5.2,2023,Bhatagaon,Hourly,0,0
2023-01-12 09:00:00,15.73,69.93,51.86,2.3,68.87,37.22,0.93,112.56,0.87,5.27,2023,Bhatagaon,Hourly,0,0
2023-01-12 10:00:00,13.21,53.68,40.87,2.31,68.87,33.22,1.71,107.44,0.86,5.2,2023,Bhatagaon,Hourly,0,0
2023-01-12 11:00:00,7.79,53.0,36.14,2.28,65.12,35.22,0.76,110.99,0.83,5.21,2023,Bhatagaon,Hourly,0,0
2023-01-12 12:00:00,4.64,42.5,27.83,2.28,64.77,85.75,1.31,112.32,0.8,5.21,2023,Bhatagaon,Hourly,0,0
2023-01-12 13:00:00,3.54,43.72,27.47,2.16,54.62,85.75,1.03,119.73,0.72,5.21,2023,Bhatagaon,Hourly,0,0
2023-01-12 14:00:00,4.59,48.96,30.63,2.22,48.91,41.85,1.41,106.83,0.72,5.21,2023,Bhatagaon,Hourly,0,0
2023-01-12 15:00:00,4.56,50.22,31.73,2.18,45.79,32.01,1.48,114.33,0.7,5.21,2023,Bhatagaon,Hourly,0,0
2023-01-12 16:00:00,6.84,68.47,43.83,2.18,45.21,36.48,1.26,113.68,0.73,5.21,2023,Bhatagaon,Hourly,0,0
2023-01-12 17:00:00,6.53,48.15,32.37,2.28,45.07,36.48,0.51,111.99,0.77,5.21,2023,Bhatagaon,Hourly,0,0
2023-01-12 18:00:00,7.22,49.64,33.73,2.28,47.38,116.34,0.36,328.13,0.92,5.2,2023,Bhatagaon,Hourly,0,0
2023-01-12 19:00:00,7.01,55.7,36.33,2.26,56.45,116.34,0.24,90.02,1.15,4.84,2023,Bhatagaon,Hourly,0,0
2023-01-12 20:00:00,15.56,55.62,43.15,2.23,72.5,143.42,0.22,86.01,1.29,5.3,2023,Bhatagaon,Hourly,0,0
2023-01-12 21:00:00,19.67,62.95,51.16,2.23,89.76,143.42,0.59,288.33,1.36,5.53,2023,Bhatagaon,Hourly,0,0
2023-01-12 22:00:00,11.32,53.6,39.03,2.18,89.76,53.37,1.25,113.5,1.3,5.55,2023,Bhatagaon,Hourly,0,0
2023-01-12 23:00:00,19.58,67.79,53.76,2.2,78.76,38.96,0.59,105.53,1.24,5.34,2023,Bhatagaon,Hourly,0,0
2024-01-01 01:00:00,44.21,94.61,87.98,0.17,169.03,88.51,0.19,326.07,1.76,9.97,2024,Bhatagaon,Hourly,0,0
2024-01-01 02:00:00,39.98,93.13,83.89,0.14,166.98,88.51,0.15,355.93,1.55,9.85,2024,Bhatagaon,Hourly,0,0
2024-01-01 03:00:00,34.87,89.82,78.18,0.11,147.16,87.64,0.11,334.23,1.43,9.55,2024,Bhatagaon,Hourly,0,0
2024-01-01 04:00:00,29.11,87.64,72.36,0.13,142.91,84.39,0.17,105.31,1.25,9.21,2024,Bhatagaon,Hourly,0,0
2024-01-01 05:00:00,24.35,82.87,65.3,0.24,140.61,81.5,0.13,93.89,1.15,8.59,2024,Bhatagaon,Hourly,0,0
2024-01-01 06:00:00,19.93,83.34,62.36,0.24,130.36,61.16,0.3,109.91,1.06,8.09,2024,Bhatagaon,Hourly,0,0
2024-01-01 07:00:00,14.26,83.32,58.06,0.21,118.06,72.17,0.28,108.63,0.93,7.65,2024,Bhatagaon,Hourly,0,0
2024-01-01 08:00:00,13.34,82.31,56.62,0.19,101.41,72.17,0.77,115.19,0.89,7.3,2024,Bhatagaon,Hourly,0,0
2024-01-01 09:00:00,13.61,81.74,56.67,0.21,89.03,46.72,1.3,119.94,0.85,7.44,2024,Bhatagaon,Hourly,0,0
2024-01-01 10:00:00,13.06,80.42,55.44,0.26,78.18,48.14,1.11,113.62,0.79,7.56,2024,Bhatagaon,Hourly,0,0
2024-01-01 11:00:00,12.21,81.2,54.93,0.22,79.38,53.82,0.4,116.84,0.76,7.57,2024,Bhatagaon,Hourly,0,0
2024-01-01 12:00:00,8.63,84.26,53.26,0.25,79.44,53.82,0.63,341.6,0.75,7.41,2024,Bhatagaon,Hourly,0,0
2024-01-01 13:00:00,4.75,83.67,50.61,0.21,82.24,57.8,0.67,349.77,0.76,7.02,2024,Bhatagaon,Hourly,0,0
2024-01-01 14:00:00,4.01,83.3,49.79,0.24,83.48,58.47,0.61,350.71,0.77,6.87,2024,Bhatagaon,Hourly,0,0
2024-01-01 15:00:00,4.55,85.04,51.12,0.16,87.15,58.47,0.83,349.06,0.8,6.9,2024,Bhatagaon,Hourly,0,0
2024-01-01 16:00:00,5.12,84.46,51.11,0.16,88.29,56.93,0.66,137.85,0.79,7.05,2024,Bhatagaon,Hourly,0,0
2024-01-01 17:00:00,5.7,84.59,51.9,0.04,84.4,54.8,0.27,113.67,0.76,7.21,2024,Bhatagaon,Hourly,0,0
2024-01-01 18:00:00,9.46,88.56,57.1,0.04,94.49,55.96,0.07,322.36,1.02,7.52,2024,Bhatagaon,Hourly,0,0
2024-01-01 19:00:00,25.9,95.07,73.88,0.13,116.22,72.15,0.08,314.83,1.41,8.62,2024,Bhatagaon,Hourly,0,0
2024-01-01 20:00:00,41.79,97.56,87.06,0.17,137.8,75.18,0.15,313.65,1.82,9.65,2024,Bhatagaon,Hourly,0,0
2024-01-01 21:00:00,59.49,96.79,101.76,0.28,162.59,84.74,0.11,312.96,2.27,10.9,2024,Bhatagaon,Hourly,0,0
2024-01-01 22:00:00,73.25,97.12,111.55,0.26,173.52,84.74,0.12,313.76,2.48,12.14,2024,Bhatagaon,Hourly,0,0
2024-01-01 23:00:00,82.05,90.22,113.32,0.34,174.99,83.95,0.12,319.48,2.5,12.48,2024,Bhatagaon,Hourly,0,0
2024-01-02 01:00:00,20.8,61.42,49.23,0.3,101.84,44.16,0.51,305.32,1.06,8.19,2023,Bhatagaon,Hourly,0,0
2024-01-02 02:00:00,18.13,59.97,48.28,0.28,101.84,44.16,0.68,275.33,0.96,8.14,2023,Bhatagaon,Hourly,0,0
2024-01-02 03:00:00,11.71,58.38,42.25,0.28,88.97,39.86,0.34,306.2,0.86,7.61,2023,Bhatagaon,Hourly,0,0
2024-01-02 04:00:00,8.49,55.3,37.97,0.21,74.36,38.31,0.67,335.14,0.76,7.17,2023,Bhatagaon,Hourly,0,0
2024-01-02 05:00:00,9.52,54.5,38.36,0.19,69.53,35.32,0.3,329.68,0.76,7.17,2023,Bhatagaon,Hourly,0,0
2024-01-02 06:00:00,21.33,53.57,47.22,0.25,123.09,48.34,0.24,322.75,0.9,8.07,2023,Bhatagaon,Hourly,0,0
2024-01-02 07:00:00,36.15,53.32,58.96,0.25,148.13,64.67,0.05,248.72,1.04,8.99,2023,Bhatagaon,Hourly,0,0
2024-01-02 08:00:00,46.42,53.29,66.5,0.29,179.71,72.53,0.75,251.99,1.16,9.88,2023,Bhatagaon,Hourly,0,0
2024-01-02 09:00:00,45.49,56.1,66.64,0.37,183.19,75.44,0.55,155.04,1.26,9.89,2023,Bhatagaon,Hourly,0,0
2024-01-02 10:00:00,38.82,62.61,63.8,0.35,183.19,75.44,0.62,346.42,1.25,9.64,2023,Bhatagaon,Hourly,0,0
2024-01-02 11:00:00,26.79,71.53,57.55,0.3,148.47,64.68,0.8,330.94,1.22,8.85,2023,Bhatagaon,Hourly,0,0
2024-01-02 12:00:00,16.7,74.7,54.52,0.29,122.64,54.43,0.46,339.32,1.22,8.53,2023,Bhatagaon,Hourly,0,0
2024-01-02 13:00:00,9.28,74.41,49.07,0.16,103.59,49.58,0.58,343.79,1.16,8.23,2023,Bhatagaon,Hourly,0,0
2024-01-02 14:00:00,3.67,72.7,43.71,0.28,95.35,43.56,0.83,328.05,0.96,7.83,2023,Bhatagaon,Hourly,0,0
2024-01-02 15:00:00,2.31,66.88,39.41,0.14,84.18,40.84,0.39,356.89,0.83,7.53,2023,Bhatagaon,Hourly,0,0
2024-01-02 16:00:00,2.32,58.82,34.81,0.16,68.29,32.76,0.34,338.35,0.66,7.01,2023,Bhatagaon,Hourly,0,0
2024-01-02 17:00:00,3.98,58.98,36.39,0.26,55.76,30.91,0.39,344.81,0.59,6.94,2023,Bhatagaon,Hourly,0,0
2024-01-02 18:00:00,9.42,63.01,42.98,0.3,42.1,28.18,0.52,349.59,0.69,7.28,2023,Bhatagaon,Hourly,0,0
2024-01-02 19:00:00,20.38,64.44,51.68,0.3,72.1,26.59,0.19,335.44,1.07,8.24,2023,Bhatagaon,Hourly,0,0
2024-01-02 20:00:00,30.39,62.26,58.88,0.36,102.61,36.06,0.07,338.95,1.29,8.94,2023,Bhatagaon,Hourly,0,0
2024-01-02 21:00:00,51.97,61.12,75.43,0.33,129.52,45.56,0.12,325.24,1.66,10.28,2023,Bhatagaon,Hourly,0,0
2024-01-02 22:00:00,88.48,59.92,104.64,0.43,179.03,54.18,0.13,295.32,1.95,12.79,2023,Bhatagaon,Hourly,0,0
2024-01-02 23:00:00,99.17,60.23,113.3,0.52,179.03,57.37,0.16,331.8,2.14,13.92,2023,Bhatagaon,Hourly,0,0
2024-01-03 01:00:00,30.26,58.09,56.87,3.95,70.93,26.57,0.2,345.57,0.86,9.7,2024,Bhatagaon,Hourly,0,0
2024-01-03 02:00:00,25.94,56.29,52.51,3.91,67.06,26.57,0.12,326.97,0.78,9.59,2024,Bhatagaon,Hourly,0,0
2024-01-03 03:00:00,24.12,50.95,48.07,3.86,69.91,22.98,0.12,279.22,0.73,9.53,2024,Bhatagaon,Hourly,0,0
2024-01-03 04:00:00,26.14,51.16,49.12,3.59,73.51,24.34,0.11,340.98,0.7,9.63,2024,Bhatagaon,Hourly,0,0
2024-01-03 05:00:00,29.9,51.09,52.82,3.76,88.97,30.54,0.25,349.09,0.81,9.62,2024,Bhatagaon,Hourly,0,0
2024-01-03 06:00:00,34.14,53.16,57.18,4.05,219.44,50.1,0.18,64.1,0.9,9.8,2024,Bhatagaon,Hourly,0,0
2024-01-03 07:00:00,35.53,53.84,58.36,3.78,219.44,50.57,0.41,356.89,0.97,9.79,2024,Bhatagaon,Hourly,0,0
2024-01-03 08:00:00,38.1,53.4,60.59,5.29,170.74,55.2,0.92,356.97,1.01,9.99,2024,Bhatagaon,Hourly,0,0
2024-01-03 09:00:00,36.93,55.43,59.61,4.71,170.74,55.2,0.81,116.16,1.0,10.0,2024,Bhatagaon,Hourly,0,0
2024-01-03 10:00:00,29.07,60.66,55.43,4.67,116.41,50.99,0.85,145.92,0.93,9.73,2024,Bhatagaon,Hourly,0,0
2024-01-03 11:00:00,16.87,61.9,47.99,4.31,66.31,42.6,0.97,163.72,0.81,9.32,2024,Bhatagaon,Hourly,0,0
2024-01-03 12:00:00,5.4,58.52,37.27,4.17,58.41,35.11,0.43,326.21,0.68,8.99,2024,Bhatagaon,Hourly,0,0
2024-01-03 13:00:00,3.86,54.49,33.68,3.91,58.41,26.97,0.78,345.88,0.61,9.02,2024,Bhatagaon,Hourly,0,0
2024-01-03 14:00:00,3.88,55.79,33.97,4.27,45.7,25.56,0.57,343.5,0.57,9.03,2024,Bhatagaon,Hourly,0,0
2024-01-03 15:00:00,2.27,55.62,33.16,4.0,60.03,27.46,1.18,342.29,0.54,8.84,2024,Bhatagaon,Hourly,0,0
2024-01-03 16:00:00,3.0,55.74,33.81,4.89,60.03,27.46,1.2,344.89,0.52,8.75,2024,Bhatagaon,Hourly,0,0
2024-01-03 17:00:00,4.43,53.36,33.6,4.41,51.81,24.59,0.59,349.99,0.47,8.81,2024,Bhatagaon,Hourly,0,0
2024-01-03 18:00:00,4.28,52.43,33.01,4.34,38.07,24.59,0.32,193.8,0.46,8.86,2024,Bhatagaon,Hourly,0,0
2024-01-03 19:00:00,6.3,59.55,38.56,4.31,47.39,17.09,0.71,104.66,0.51,8.78,2024,Bhatagaon,Hourly,0,0
2024-01-03 20:00:00,36.45,70.81,68.95,4.92,87.68,27.18,0.1,341.76,0.96,9.11,2024,Bhatagaon,Hourly,0,0
2024-01-03 21:00:00,48.29,73.2,79.31,4.21,109.86,27.18,0.28,223.07,1.06,9.88,2024,Bhatagaon,Hourly,0,0
2024-01-03 22:00:00,50.54,69.33,78.64,4.24,109.86,34.41,0.22,318.94,1.07,10.09,2024,Bhatagaon,Hourly,0,0
2024-01-03 23:00:00,49.28,66.21,76.36,4.16,87.36,42.51,0.52,313.3,1.06,10.11,2024,Bhatagaon,Hourly,0,0
2024-01-04 01:00:00,6.68,45.57,28.49,1.32,39.74,22.78,0.38,353.24,0.51,9.67,2024,Bhatagaon,Hourly,0,0
2024-01-04 02:00:00,6.54,42.4,27.3,1.4,39.74,22.78,0.25,308.37,0.51,9.71,2024,Bhatagaon,Hourly,0,0
2024-01-04 03:00:00,6.7,41.38,26.91,1.3,36.59,20.6,0.26,239.46,0.51,9.67,2024,Bhatagaon,Hourly,0,0
2024-01-04 04:00:00,7.67,41.13,27.31,2.67,39.47,20.32,0.2,316.03,0.49,9.69,2024,Bhatagaon,Hourly,0,0
2024-01-04 05:00:00,7.79,43.37,28.49,2.73,39.47,20.88,0.11,342.63,0.5,9.66,2024,Bhatagaon,Hourly,0,0
2024-01-04 06:00:00,6.98,43.01,27.99,2.64,42.48,21.56,0.3,225.31,0.51,9.69,2024,Bhatagaon,Hourly,0,0
2024-01-04 07:00:00,5.74,44.01,27.52,2.77,43.4,21.56,0.08,359.33,0.54,9.53,2024,Bhatagaon,Hourly,0,0
2024-01-04 08:00:00,6.03,45.87,28.51,2.73,48.69,21.27,0.13,344.6,0.6,9.75,2024,Bhatagaon,Hourly,0,0
2024-01-04 09:00:00,5.4,48.45,28.94,2.28,50.91,23.72,0.12,344.35,0.61,9.67,2024,Bhatagaon,Hourly,0,0
2024-01-04 10:00:00,1.67,53.44,28.82,2.63,54.24,23.72,0.25,26.65,0.6,9.65,2024,Bhatagaon,Hourly,0,0
2024-01-04 11:00:00,0.92,55.7,29.54,2.83,54.24,23.72,0.67,322.28,0.55,9.58,2024,Bhatagaon,Hourly,0,0
2024-01-04 12:00:00,1.18,44.21,23.97,4.415,60.33500000000001,21.015,0.54,345.59,0.51,9.44,2024,Bhatagaon,Hourly,1,1
2024-01-04 13:00:00,0.41,44.29,23.39,6.0,66.43,18.31,0.44,350.52,0.49,9.4,2024,Bhatagaon,Hourly,0,0
2024-01-04 14:00:00,0.6,57.78,30.59,3.2,66.43,22.49,0.35,355.44,0.48,9.51,2024,Bhatagaon,Hourly,0,0
2024-01-04 15:00:00,0.77,58.45,31.02,2.77,63.51,24.48,0.49,349.33,0.48,9.79,2024,Bhatagaon,Hourly,0,0
2024-01-04 16:00:00,0.84,58.09,30.94,2.73,54.58,34.41,0.36,336.86,0.45,9.63,2024,Bhatagaon,Hourly,0,0
2024-01-04 17:00:00,0.68,53.74,28.39,1.46,54.05,34.41,0.18,351.44,0.41,9.53,2024,Bhatagaon,Hourly,0,0
2024-01-04 18:00:00,5.99,52.2,31.76,1.31,54.05,31.43,0.24,358.76,0.51,9.55,2024,Bhatagaon,Hourly,0,0
2024-01-04 19:00:00,9.36,58.17,37.82,1.25,65.62,29.01,0.17,353.13,0.7,9.88,2024,Bhatagaon,Hourly,0,0
2024-01-04 20:00:00,11.47,61.82,41.41,1.23,65.62,25.9,0.17,315.34,0.98,9.81,2024,Bhatagaon,Hourly,0,0
2024-01-04 21:00:00,24.01,66.93,53.02,0.72,82.19,21.38,0.14,265.02,1.3,10.1,2024,Bhatagaon,Hourly,0,0
2024-01-04 22:00:00,29.71,61.23,55.42,0.55,82.19,21.38,0.26,259.9,1.26,10.04,2024,Bhatagaon,Hourly,0,0
2024-01-04 23:00:00,39.45,66.05,66.07,0.87,80.44,15.58,0.17,347.67,1.35,10.45,2024,Bhatagaon,Hourly,0,0
2024-01-05 01:00:00,22.4,35.86,36.62,1.39,78.64,38.32,0.17,354.32,1.26,9.73,2024,Bhatagaon,Hourly,0,0
2024-01-05 02:00:00,17.55,27.95,28.59,1.15,76.77,36.9,0.17,333.81,0.99,9.6,2024,Bhatagaon,Hourly,0,0
2024-01-05 03:00:00,12.83,26.88,23.77,1.15,73.03,28.16,0.35,318.53,0.87,9.53,2024,Bhatagaon,Hourly,0,0
2024-01-05 04:00:00,10.92,25.72,22.11,1.64,74.13,36.0,0.31,316.86,0.83,9.55,2024,Bhatagaon,Hourly,0,0
2024-01-05 05:00:00,9.13,28.91,21.24,2.1,72.37,32.78,0.34,270.75,0.76,9.52,2024,Bhatagaon,Hourly,0,0
2024-01-05 06:00:00,6.72,26.18,18.98,2.33,67.24,26.44,0.2,201.38,0.68,9.47,2024,Bhatagaon,Hourly,0,0
2024-01-05 07:00:00,5.6,23.72,16.34,1.94,63.8,24.48,0.47,191.61,0.61,9.38,2024,Bhatagaon,Hourly,0,0
2024-01-05 08:00:00,4.1,23.7,15.51,1.82,63.04,21.06,0.25,278.47,0.61,9.43,2024,Bhatagaon,Hourly,0,0
2024-01-05 09:00:00,2.57,23.9,14.38,1.36,58.53,39.57,0.27,278.96,0.55,9.41,2024,Bhatagaon,Hourly,0,0
2024-01-05 10:00:00,1.28,26.11,14.43,1.93,52.8,50.69,0.38,356.16,0.45,9.31,2024,Bhatagaon,Hourly,0,0
2024-01-05 11:00:00,1.26,27.93,15.52,1.96,51.05,40.41,0.66,341.59,0.44,9.33,2024,Bhatagaon,Hourly,0,0
2024-01-05 12:00:00,1.02,30.11,16.44,2.12,47.01,95.1,0.43,338.92,0.47,9.23,2024,Bhatagaon,Hourly,0,0
2024-01-05 13:00:00,1.08,32.04,17.5,2.63,48.84,89.89,0.31,350.02,0.48,9.33,2024,Bhatagaon,Hourly,0,0
2024-01-05 14:00:00,1.1,34.19,18.66,2.78,49.77,52.42,0.61,319.64,0.48,9.36,2024,Bhatagaon,Hourly,0,0
2024-01-05 15:00:00,1.08,34.02,18.49,2.51,52.31,35.04,0.28,353.72,0.46,9.36,2024,Bhatagaon,Hourly,0,0
2024-01-05 16:00:00,1.22,37.03,20.21,2.53,51.12,35.04,0.35,347.56,0.41,9.39,2024,Bhatagaon,Hourly,0,0
2024-01-05 17:00:00,1.49,33.61,18.54,1.5,48.61,0.98,0.77,333.05,0.36,9.39,2024,Bhatagaon,Hourly,0,0
2024-01-05 18:00:00,2.4,36.25,20.78,1.18,47.09,33.37,1.26,312.82,0.33,9.5,2024,Bhatagaon,Hourly,0,0
2024-01-05 19:00:00,3.08,41.26,23.58,1.38,44.04,36.681999999999995,0.94,311.22,0.4,9.58,2024,Bhatagaon,Hourly,1,4
2024-01-05 20:00:00,6.64,39.99,26.14,1.18,40.85,39.994,0.43,331.4,0.49,9.6,2024,Bhatagaon,Hourly,1,4
2024-01-05 21:00:00,7.63,40.36,26.32,0.98,42.76,43.306,0.45,314.5,0.69,9.65,2024,Bhatagaon,Hourly,1,4
2024-01-05 22:00:00,13.42,37.71,30.22,0.95,43.4,,0.3,316.2,0.77,9.74,2024,Bhatagaon,Hourly,1,4
2024-01-05 23:00:00,17.22,40.25,34.76,1.38,54.11,49.93,0.49,319.52,0.82,9.87,2024,Bhatagaon,Hourly,0,0
2024-01-06 01:00:00,4.36,6.72,8.16,1.25,88.56,33.82,0.58,337.09,0.98,10.47,2024,Bhatagaon,Hourly,0,0
2024-01-06 02:00:00,3.98,5.8,7.37,1.28,87.79,30.27,1.07,327.29,0.91,10.19,2024,Bhatagaon,Hourly,0,0
2024-01-06 03:00:00,3.17,3.13,5.32,1.29,87.79,32.01,1.32,357.4,0.86,10.09,2024,Bhatagaon,Hourly,0,0
2024-01-06 04:00:00,3.67,5.03,6.72,1.61,91.36,34.18,0.64,316.23,0.77,10.21,2024,Bhatagaon,Hourly,0,0
2024-01-06 05:00:00,4.06,5.06,7.05,1.32,95.47,35.2,0.57,317.17,0.66,10.26,2024,Bhatagaon,Hourly,0,0
2024-01-06 06:00:00,4.68,5.46,7.59,1.58,95.47,35.2,0.71,354.94,0.7,10.36,2024,Bhatagaon,Hourly,0,0
2024-01-06 07:00:00,6.45,8.2,10.61,1.64,100.39,38.53,1.14,345.69,0.72,10.47,2024,Bhatagaon,Hourly,0,0
2024-01-06 08:00:00,6.08,7.48,9.93,1.9,100.39,38.53,1.24,329.61,0.7,10.5,2024,Bhatagaon,Hourly,0,0
2024-01-06 09:00:00,3.87,4.16,6.42,1.75,99.63,38.36,1.35,348.69,0.71,10.44,2024,Bhatagaon,Hourly,0,0
2024-01-06 10:00:00,2.75,2.81,4.81,1.79,105.72,43.04,2.54,350.15,0.8,10.26,2024,Bhatagaon,Hourly,0,0
2024-01-06 11:00:00,2.63,2.64,4.63,1.81,107.43,43.38,2.09,341.83,0.78,10.03,2024,Bhatagaon,Hourly,0,0
2024-01-06 12:00:00,2.61,2.92,4.76,2.0,107.43,43.38,1.61,339.79,0.76,9.7,2024,Bhatagaon,Hourly,0,0
2024-01-06 13:00:00,2.6,2.56,4.57,1.27,95.81,40.29,2.25,352.47,0.69,9.81,2024,Bhatagaon,Hourly,0,0
2024-01-06 14:00:00,2.62,2.81,4.71,1.68,76.94,34.12,1.38,328.8,0.57,9.76,2024,Bhatagaon,Hourly,0,0
2024-01-06 15:00:00,2.62,2.83,4.73,1.54,66.33,27.83,1.18,327.09,0.49,9.69,2024,Bhatagaon,Hourly,0,0
2024-01-06 16:00:00,2.66,2.41,4.52,0.92,54.3,26.09,1.58,321.17,0.41,9.56,2024,Bhatagaon,Hourly,0,0
2024-01-06 17:00:00,2.61,2.17,4.35,0.91,48.69,23.43,1.54,318.79,0.35,9.7,2024,Bhatagaon,Hourly,0,0
2024-01-06 18:00:00,2.57,2.26,4.39,0.79,48.69,20.64,0.98,325.63,0.35,9.73,2024,Bhatagaon,Hourly,0,0
2024-01-06 19:00:00,2.66,3.08,4.88,0.76,46.71,19.61,0.73,320.68,0.49,9.81,2024,Bhatagaon,Hourly,0,0
2024-01-06 20:00:00,2.71,2.19,4.45,0.84,56.11,21.41,0.55,341.59,0.8,9.85,2024,Bhatagaon,Hourly,0,0
2024-01-06 21:00:00,4.21,5.95,7.64,1.95,73.19,24.96,0.61,287.66,1.17,9.89,2024,Bhatagaon,Hourly,0,0
2024-01-06 22:00:00,5.77,9.69,10.69,2.04,104.53,32.68,1.49,286.55,1.21,10.52,2024,Bhatagaon,Hourly,0,0
2024-01-06 23:00:00,5.11,9.48,10.2,2.06,104.53,32.68,1.65,159.18,1.01,10.46,2024,Bhatagaon,Hourly,0,0
2024-01-07 00:00:00,5.168,9.3512,10.231599999999998,2.104,104.1154,32.5048,1.6485999999999998,162.7254,1.0048,10.448400000000001,2024,Bhatagaon,Hourly,1,24
2024-01-08 01:00:00,6.618,6.1312,11.0216,3.2039999999999997,93.7504,28.1248,1.6136,251.3604,0.8748,10.1584,2024,Bhatagaon,Hourly,1,24
2024-01-08 02:00:00,6.676,6.0024,11.053199999999999,3.248,93.3358,27.9496,1.6122,254.9058,0.8695999999999999,10.1468,2024,Bhatagaon,Hourly,1,24
2024-01-08 03:00:00,,,,,,,,,,,2024,Bhatagaon,Hourly,1,24
2024-01-08 04:00:00,,,,,,,,,,,2024,Bhatagaon,Hourly,1,24
2024-01-08 05:00:00,,,,,,,,,,,2024,Bhatagaon,Hourly,1,24
2024-01-08 06:00:00,,,,,,,,,,,2024,Bhatagaon,Hourly,1,24
2024-01-08 07:00:00,,,,,,,,,,,2024,Bhatagaon,Hourly,1,24
2024-01-08 08:00:00,,,,,,,,,,,2024,Bhatagaon,Hourly,1,24
2024-01-08 09:00:00,,,,,,,,,,,2024,Bhatagaon,Hourly,1,24
2024-01-08 10:00:00,,,,,,,,,,,2024,Bhatagaon,Hourly,1,24
2024-01-08 11:00:00,,,,,,,,,,,2024,Bhatagaon,Hourly,1,24
2024-01-08 12:00:00,,,,,,,,,,,2024,Bhatagaon,Hourly,1,24
2024-01-08 13:00:00,,,,,,,,,,,2024,Bhatagaon,Hourly,1,24
2024-01-08 14:00:00,,,,,,,,,,,2024,Bhatagaon,Hourly,1,24
2024-01-08 15:00:00,,,,,,,,,,,2024,Bhatagaon,Hourly,1,24
2024-01-08 16:00:00,,,,,,,,,,,2024,Bhatagaon,Hourly,1,24
2024-01-08 17:00:00,,,,,,,,,,,2024,Bhatagaon,Hourly,1,24
2024-01-08 18:00:00,,,,,,,,,,,2024,Bhatagaon,Hourly,1,24
2024-01-08 19:00:00,,,,,,,,,,,2024,Bhatagaon,Hourly,1,24
2024-01-08 20:00:00,,,,,,,,,,,2024,Bhatagaon,Hourly,1,24
2024-01-08 21:00:00,,,,,,,,,,,2024,Bhatagaon,Hourly,1,24
2024-01-08 22:00:00,,,,,,,,,,,2024,Bhatagaon,Hourly,1,24
2024-01-08 23:00:00,,,,,,,,,,,2024,Bhatagaon,Hourly,1,24
2024-01-09 01:00:00,8.01,3.04,11.78,4.26,83.8,23.92,1.58,336.45,0.75,9.88,2024,Bhatagaon,Hourly,0,0
2024-01-09 02:00:00,7.99,3.0,11.75,4.12,83.8,23.92,0.38,328.19,0.6,9.89,2024,Bhatagaon,Hourly,0,0
2024-01-09 03:00:00,8.04,3.01,11.79,3.76,59.8,19.11,0.52,325.32,0.55,9.85,2024,Bhatagaon,Hourly,0,0
2024-01-09 04:00:00,8.0,2.97,11.74,4.14,50.48,13.78,0.43,331.74,0.48,9.8,2024,Bhatagaon,Hourly,0,0
2024-01-09 05:00:00,7.96,2.95,11.7,4.37,35.65,9.31,0.68,115.59,0.42,9.7,2024,Bhatagaon,Hourly,0,0
2024-01-09 06:00:00,8.01,3.07,11.8,4.27,25.2,9.31,0.43,111.71,0.37,9.7,2024,Bhatagaon,Hourly,0,0
2024-01-09 07:00:00,8.0,3.0,11.75,4.13,20.35,6.77,0.24,351.35,0.32,9.73,2024,Bhatagaon,Hourly,0,0
2024-01-09 08:00:00,8.02,3.05,11.79,5.19,21.97,4.86,1.34,116.83,0.33,9.77,2024,Bhatagaon,Hourly,0,0
2024-01-09 09:00:00,7.98,3.03,11.76,5.29,24.29,4.76,2.05,115.44,0.34,9.72,2024,Bhatagaon,Hourly,0,0
2024-01-09 10:00:00,7.99,3.01,11.74,4.91,24.29,4.68,1.9,118.15,0.31,9.68,2024,Bhatagaon,Hourly,0,0
2024-01-09 11:00:00,8.0,3.01,11.76,4.85,22.09,4.79,2.75,115.05,0.28,9.65,2024,Bhatagaon,Hourly,0,0
2024-01-09 12:00:00,7.98,2.99,11.74,5.07,22.09,4.79,2.58,116.39,0.26,9.64,2024,Bhatagaon,Hourly,0,0
2024-01-09 13:00:00,7.96,2.96,11.7,3.83,20.52,3.38,2.39,115.36,0.23,9.61,2024,Bhatagaon,Hourly,0,0
2024-01-09 14:00:00,7.95,2.95,11.69,3.66,15.85,2.36,2.07,113.89,0.31,9.59,2024,Bhatagaon,Hourly,0,0
2024-01-09 15:00:00,7.98,2.97,11.73,3.51,20.52,5.61,2.24,115.4,0.31,9.61,2024,Bhatagaon,Hourly,0,0
2024-01-09 16:00:00,8.0,2.99,11.74,4.74,20.52,6.92,0.91,114.37,0.32,9.63,2024,Bhatagaon,Hourly,0,0
2024-01-09 17:00:00,7.96,3.0,11.72,4.76,24.18,8.38,0.92,109.35,0.35,9.65,2024,Bhatagaon,Hourly,0,0
2024-01-09 18:00:00,7.96,3.06,11.76,4.39,24.18,8.38,1.18,116.82,0.37,9.62,2024,Bhatagaon,Hourly,0,0
2024-01-09 19:00:00,8.1,3.16,11.92,4.17,24.83,9.58,0.49,116.09,0.39,9.61,2024,Bhatagaon,Hourly,0,0
2024-01-09 20:00:00,9.27,5.07,13.86,4.23,27.51,9.58,0.8,117.48,0.41,9.64,2024,Bhatagaon,Hourly,0,0
2024-01-09 21:00:00,9.46,5.71,14.34,4.46,27.51,7.15,1.16,178.67,0.43,9.63,2024,Bhatagaon,Hourly,0,0
2024-01-09 22:00:00,9.43,5.74,14.33,4.54,24.36,5.25,1.03,119.29,0.44,9.61,2024,Bhatagaon,Hourly,0,0
2024-01-09 23:00:00,9.28,5.48,14.07,4.24,24.36,4.55,1.11,119.09,0.43,9.64,2024,Bhatagaon,Hourly,0,0
2024-01-10 01:00:00,5.28,5.19,6.95,5.61,28.2,10.68,0.42,357.58,0.42,9.62,2024,Bhatagaon,Hourly,0,0
2024-01-10 02:00:00,4.66,4.94,6.24,5.85,26.75,9.41,0.42,17.76,0.46,9.61,2024,Bhatagaon,Hourly,0,0
2024-01-10 03:00:00,3.15,4.42,4.83,5.84,23.84,6.61,0.4,353.38,0.4,9.61,2024,Bhatagaon,Hourly,0,0
2024-01-10 04:00:00,2.63,3.78,4.09,5.45,19.11,6.47,0.24,344.6,0.35,9.61,2024,Bhatagaon,Hourly,0,0
2024-01-10 05:00:00,3.23,3.75,4.55,4.97,17.68,6.27,0.32,359.03,0.3,9.61,2024,Bhatagaon,Hourly,0,0
2024-01-10 06:00:00,3.71,4.35,5.12,5.71,16.02,7.44,0.51,339.54,0.35,9.62,2024,Bhatagaon,Hourly,0,0
2024-01-10 07:00:00,5.36,5.1,6.94,5.4,16.38,7.23,0.31,355.2,0.38,9.61,2024,Bhatagaon,Hourly,0,0
2024-01-10 08:00:00,6.37,5.41,7.65,5.5,22.48,8.23,0.4,358.82,0.51,9.62,2024,Bhatagaon,Hourly,0,0
2024-01-10 09:00:00,8.55,6.84,10.43,5.64,26.98,13.51,0.59,344.08,0.77,9.62,2024,Bhatagaon,Hourly,0,0
2024-01-10 10:00:00,9.09,9.67,12.14,6.08,31.46,13.49,0.51,351.63,0.73,9.61,2024,Bhatagaon,Hourly,0,0
2024-01-10 11:00:00,8.35,13.03,12.21,5.74,36.6,16.54,0.55,357.7,0.75,9.61,2024,Bhatagaon,Hourly,0,0
2024-01-10 12:00:00,4.82,16.62,11.73,6.24,34.51,17.56,0.58,356.41,0.71,9.61,2024,Bhatagaon,Hourly,0,0
2024-01-10 13:00:00,1.96,13.62,8.69,5.68,50.49,18.96,0.38,357.06,0.66,9.61,2024,Bhatagaon,Hourly,0,0
2024-01-10 14:00:00,1.9,10.19,6.84,5.58,51.96,18.23,0.63,164.59,0.53,9.61,2024,Bhatagaon,Hourly,0,0
2024-01-10 15:00:00,0.6,10.34,5.44,6.21,46.91,13.7,0.32,147.68,0.4,9.62,2024,Bhatagaon,Hourly,0,0
2024-01-10 16:00:00,0.38,12.62,6.46,6.21,36.62,13.03,0.3,46.77,0.36,9.62,2024,Bhatagaon,Hourly,0,0
2024-01-10 17:00:00,0.87,7.95,4.43,4.27,33.2,11.63,0.48,176.65,0.36,9.62,2024,Bhatagaon,Hourly,0,0
2024-01-10 18:00:00,1.34,10.53,6.57,5.32,34.81,12.28,0.4,186.71,0.48,9.62,2024,Bhatagaon,Hourly,0,0
2024-01-10 19:00:00,1.77,9.9,6.34,5.06,40.2,13.39,0.33,28.6,0.6,9.61,2024,Bhatagaon,Hourly,0,0
2024-01-10 20:00:00,2.19,8.52,6.2,5.53,56.74,14.81,0.52,27.39,0.56,9.61,2024,Bhatagaon,Hourly,0,0
2024-01-10 21:00:00,3.05,7.71,6.35,5.34,54.64,15.83,0.37,355.33,0.71,9.62,2024,Bhatagaon,Hourly,0,0
2024-01-10 22:00:00,5.15,7.84,8.23,5.38,49.05,15.8,0.32,334.48,0.85,9.62,2024,Bhatagaon,Hourly,0,0
2024-01-10 23:00:00,5.89,8.03,8.7,5.71,47.27,15.28,0.32,347.16,0.65,9.62,2024,Bhatagaon,Hourly,0,0
2024-01-11 01:00:00,35.12,13.77,33.88,14.5,130.298,60.455999999999996,0.66,339.42,1.43,9.62,2024,Bhatagaon,Hourly,1,3
2024-01-11 02:00:00,35.79,12.81,33.66,12.31,171.812,83.044,0.57,327.54,1.17,9.64,2024,Bhatagaon,Hourly,1,3
2024-01-11 03:00:00,34.74,10.28,31.86,9.93,213.32600000000002,105.63199999999999,1.07,347.76,0.87,9.63,2024,Bhatagaon,Hourly,1,3
2024-01-11 04:00:00,30.35,9.91,27.94,8.05,254.84,128.22,0.6,343.75,1.03,9.63,2024,Bhatagaon,Hourly,0,0
2024-01-11 05:00:00,25.15,9.73,23.84,6.93,176.44,121.15,0.43,346.75,1.0,9.62,2024,Bhatagaon,Hourly,0,0
2024-01-11 06:00:00,20.75,10.47,20.47,6.28,115.11,52.29,0.94,343.97,0.96,9.63,2024,Bhatagaon,Hourly,0,0
2024-01-11 07:00:00,17.58,9.55,17.71,5.43,93.17,52.29,0.41,240.88,0.75,9.62,2024,Bhatagaon,Hourly,0,0
2024-01-11 08:00:00,16.36,9.17,16.3,5.25,58.91,29.91,0.68,144.18,0.87,9.63,2024,Bhatagaon,Hourly,0,0
2024-01-11 09:00:00,14.25,12.39,15.25,5.75,121.06,108.72,0.81,129.63,0.9,9.63,2024,Bhatagaon,Hourly,0,0
2024-01-11 10:00:00,9.45,14.19,13.01,5.65,183.96,108.72,1.4,138.98,0.97,9.63,2024,Bhatagaon,Hourly,0,0
2024-01-11 11:00:00,4.1,13.51,8.97,5.18,183.96,80.86,1.24,145.39,0.92,9.63,2024,Bhatagaon,Hourly,0,0
2024-01-11 12:00:00,1.81,11.04,5.85,5.89,105.81,53.59,1.56,140.7,0.78,9.63,2024,Bhatagaon,Hourly,0,0
2024-01-11 13:00:00,0.59,9.99,4.31,5.28,74.02,53.59,1.2,352.29,0.74,9.62,2024,Bhatagaon,Hourly,0,0
2024-01-11 14:00:00,0.17,10.25,4.1,5.26,71.09,25.83,1.39,334.95,0.65,9.62,2024,Bhatagaon,Hourly,0,0
2024-01-11 15:00:00,0.25,10.39,4.13,5.04,71.09,28.98,1.02,335.77,0.6,9.62,2024,Bhatagaon,Hourly,0,0
2024-01-11 16:00:00,0.36,9.94,4.11,4.88,54.87,28.98,1.0,345.98,0.53,9.62,2024,Bhatagaon,Hourly,0,0
2024-01-11 17:00:00,0.24,10.17,4.03,6.06,52.43,14.9,1.01,113.64,0.5,9.61,2024,Bhatagaon,Hourly,0,0
2024-01-11 18:00:00,0.16,9.95,3.95,5.43,49.45,21.34,1.29,329.41,0.72,9.61,2024,Bhatagaon,Hourly,0,0
2024-01-11 19:00:00,1.86,13.52,7.18,6.07,63.34,24.74,0.53,335.11,1.15,9.63,2024,Bhatagaon,Hourly,0,0
2024-01-11 20:00:00,5.95,15.28,11.38,6.37,113.65,53.91,0.58,302.8,1.61,9.63,2024,Bhatagaon,Hourly,0,0
2024-01-11 21:00:00,19.53,16.73,23.02,8.51,96.86200000000001,43.489999999999995,0.38,312.32,1.36,9.63,2024,Bhatagaon,Hourly,1,26
2024-01-11 22:00:00,40.63,17.15,39.9,11.13,80.07400000000001,33.06999999999999,0.51,316.4,1.69,9.62,2024,Bhatagaon,Hourly,1,26
2024-01-11 23:00:00,56.64,16.38,51.52,11.47,63.28600000000001,22.65,0.51,346.89,1.8,9.63,2024,Bhatagaon,Hourly,1,26
2024-01-12 01:00:00,56.643625909410936,16.38886646327153,51.52779394508332,4.13,29.71,1.81,4.16,123.03,0.71,8.21,2024,Bhatagaon,Hourly,1,26
2024-01-12 02:00:00,56.64543886411641,16.3932996949073,51.53169091762497,4.24,30.31,0.11,3.58,344.85,0.63,8.21,2024,Bhatagaon,Hourly,1,26
2024-01-12 03:00:00,56.64725181882187,16.397732926543064,51.53558789016663,4.44,25.29,0.01,3.55,347.56,0.58,8.21,2024,Bhatagaon,Hourly,1,26
2024-01-12 04:00:00,,,,4.6,20.15,3.57,4.14,345.64,0.55,8.21,2024,Bhatagaon,Hourly,1,26
2024-01-12 05:00:00,,,,4.26,31.04,4.81,2.92,345.95,0.53,8.21,2024,Bhatagaon,Hourly,1,26
2024-01-12 06:00:00,,,,4.46,29.57,19.74,2.67,354.03,0.51,8.21,2024,Bhatagaon,Hourly,1,26
2024-01-12 07:00:00,,,,4.7,27.96,32.71,2.15,358.19,0.47,8.62,2024,Bhatagaon,Hourly,1,26
2024-01-12 08:00:00,,,,5.65,36.91,5.89,1.22,342.57,0.56,9.18,2024,Bhatagaon,Hourly,1,26
2024-01-12 09:00:00,,,,5.84,43.65,36.42,1.5,355.14,0.63,9.35,2024,Bhatagaon,Hourly,1,26
2024-01-12 10:00:00,,,,6.45,40.41,48.64,1.91,351.93,0.72,10.01,2024,Bhatagaon,Hourly,1,26
2024-01-12 11:00:00,,,,6.81,42.6,58.64,2.93,346.61,0.74,10.15,2024,Bhatagaon,Hourly,1,26
2024-01-12 12:00:00,,,,6.58,43.56,58.64,3.38,109.25,0.75,9.99,2024,Bhatagaon,Hourly,1,26
2024-01-12 13:00:00,,,,7.01,62.9,42.06,3.55,119.89,0.8,9.54,2024,Bhatagaon,Hourly,1,26
2024-01-12 14:00:00,,,,7.07,74.25,48.18,3.71,115.56,0.75,9.36,2024,Bhatagaon,Hourly,1,26
2024-01-12 15:00:00,,,,7.09,64.88,38.43,1.59,270.03,0.74,8.59,2024,Bhatagaon,Hourly,1,26
2024-01-12 16:00:00,,,,6.49,39.63,22.25,3.71,109.51,0.73,8.69,2024,Bhatagaon,Hourly,1,26
2024-01-12 17:00:00,,,,3.91,39.74,23.11,4.1,114.71,0.71,8.49,2024,Bhatagaon,Hourly,1,26
2024-01-12 18:00:00,,,,3.87,30.69,23.33,3.96,117.78,0.68,8.27,2024,Bhatagaon,Hourly,1,26
2024-01-12 19:00:00,,,,3.7,34.81,13.87,2.94,111.77,0.64,8.21,2024,Bhatagaon,Hourly,1,26
2024-01-12 20:00:00,,,,3.91,22.68,15.37,1.71,353.24,0.65,8.21,2024,Bhatagaon,Hourly,1,26
2024-01-12 21:00:00,,,,3.88,20.38,12.22,4.12,113.08,0.66,8.42,2024,Bhatagaon,Hourly,1,26
2024-01-12 22:00:00,,,,3.41,19.8,11.72,3.76,109.98,0.63,8.32,2024,Bhatagaon,Hourly,1,26
2024-01-12 23:00:00,,,,3.17,21.27,16.2,3.89,106.08,0.58,8.21,2024,Bhatagaon,Hourly,1,26
2025-01-01 01:00:00,72.09,54.16,84.73,8.37,108.12,36.06,1.42,301.73,1.58,9.61,2025,Bhatagaon,Hourly,0,0
2025-01-01 02:00:00,62.45,52.15,75.95,8.16,91.82,36.06,2.6,267.24,1.39,9.54,2025,Bhatagaon,Hourly,0,0
2025-01-01 03:00:00,47.97,51.09,63.73,7.42,81.3,34.07,2.77,108.16,1.23,8.68,2025,Bhatagaon,Hourly,0,0
2025-01-01 04:00:00,34.93,49.24,52.23,7.28,58.72,32.25,2.45,105.85,1.05,8.21,2025,Bhatagaon,Hourly,0,0
2025-01-01 05:00:00,27.16,48.4,45.69,7.17,57.13,29.92,1.03,332.5,0.89,8.21,2025,Bhatagaon,Hourly,0,0
2025-01-01 06:00:00,25.89,50.29,45.66,7.16,63.22,28.58,1.25,321.58,0.83,8.21,2025,Bhatagaon,Hourly,0,0
2025-01-01 07:00:00,26.78,50.6,46.54,7.39,80.81,27.96,3.16,116.95,0.78,8.21,2025,Bhatagaon,Hourly,0,0
2025-01-01 08:00:00,21.79,48.75,41.22,7.34,85.81,33.64,3.2,122.38,0.85,8.21,2025,Bhatagaon,Hourly,0,0
2025-01-01 09:00:00,17.04,48.61,37.68,6.12,85.81,33.64,2.78,154.92,0.82,8.21,2025,Bhatagaon,Hourly,0,0
2025-01-01 10:00:00,12.97,49.88,34.42,5.91,72.32,30.48,1.74,280.04,0.78,8.21,2025,Bhatagaon,Hourly,0,0
2025-01-01 11:00:00,9.21,51.35,32.61,6.01,66.46,27.97,1.4,236.56,0.76,8.21,2025,Bhatagaon,Hourly,0,0
2025-01-01 12:00:00,14.251428571428573,51.56,36.778571428571425,6.075,69.98785714285714,28.387857142857143,1.3407142857142855,241.02142857142857,0.7992857142857143,8.322857142857144,2025,Bhatagaon,Hourly,1,12
2025-01-01 13:00:00,19.292857142857144,51.77,40.94714285714286,6.14,73.51571428571428,28.805714285714284,1.2814285714285714,245.48285714285714,0.8385714285714285,8.435714285714287,2025,Bhatagaon,Hourly,1,12
2025-01-01 14:00:00,24.33428571428572,51.980000000000004,45.11571428571429,6.205,77.04357142857143,29.22357142857143,1.222142857142857,249.9442857142857,0.8778571428571429,8.54857142857143,2025,Bhatagaon,Hourly,1,12
2025-01-01 15:00:00,,,,,,,,,,,2025,Bhatagaon,Hourly,1,12
2025-01-01 16:00:00,,,,,,,,,,,2025,Bhatagaon,Hourly,1,12
2025-01-01 17:00:00,,,,,,,,,,,2025,Bhatagaon,Hourly,1,12
2025-01-01 18:00:00,,,,,,,,,,,2025,Bhatagaon,Hourly,1,12
2025-01-01 19:00:00,,,,,,,,,,,2025,Bhatagaon,Hourly,1,12
2025-01-01 20:00:00,,,,,,,,,,,2025,Bhatagaon,Hourly,1,12
2025-01-01 21:00:00,,,,,,,,,,,2025,Bhatagaon,Hourly,1,12
2025-01-01 22:00:00,,,,,,,,,,,2025,Bhatagaon,Hourly,1,12
2025-01-01 23:00:00,,,,,,,,,,,2025,Bhatagaon,Hourly,1,12
2025-01-02 01:00:00,79.79,54.29,90.97,6.92,115.85,33.82,0.57,299.02,1.31,9.79,2025,Bhatagaon,Hourly,0,0
2025-01-02 02:00:00,78.05,51.45,88.1,6.89,108.73,31.45,0.62,346.53,1.31,9.8,2025,Bhatagaon,Hourly,0,0
2025-01-02 03:00:00,73.31,51.13,83.54,6.55,103.22,32.18,0.52,329.61,1.25,9.81,2025,Bhatagaon,Hourly,0,0
2025-01-02 04:00:00,64.59,50.31,76.42,6.62,97.76,30.82,0.57,300.58,1.14,9.77,2025,Bhatagaon,Hourly,0,0
2025-01-02 05:00:00,57.24,49.47,70.37,6.38,79.32,30.56,0.48,305.62,0.99,9.72,2025,Bhatagaon,Hourly,0,0
2025-01-02 06:00:00,54.69,48.28,67.34,6.48,71.53,28.06,0.35,295.65,0.97,9.7,2025,Bhatagaon,Hourly,0,0
2025-01-02 07:00:00,54.48,49.18,67.91,6.39,69.55,26.99,0.58,357.07,0.95,9.72,2025,Bhatagaon,Hourly,0,0
2025-01-02 08:00:00,58.24,50.82,70.54,6.44,70.98,27.31,0.72,202.01,0.95,9.73,2025,Bhatagaon,Hourly,0,0
2025-01-02 09:00:00,55.19,50.37,68.92,6.88,72.55,29.14,1.49,171.21,0.92,9.71,2025,Bhatagaon,Hourly,0,0
2025-01-02 10:00:00,47.47,53.43,62.77,6.85,67.39,26.89,1.62,162.63,0.86,9.69,2025,Bhatagaon,Hourly,0,0
2025-01-02 11:00:00,36.39,54.54,55.5,6.52,62.5,24.71,1.27,164.39,0.77,9.64,2025,Bhatagaon,Hourly,0,0
2025-01-02 12:00:00,23.02,56.66,46.46,6.3,53.56,23.52,0.77,320.12,0.68,9.6,2025,Bhatagaon,Hourly,0,0
2025-01-02 13:00:00,14.48,58.58,38.74,5.87,51.1,24.8,0.67,268.95,0.63,9.56,2025,Bhatagaon,Hourly,0,0
2025-01-02 14:00:00,8.29,60.46,35.78,6.15,44.37,21.94,1.36,273.27,0.59,9.5,2025,Bhatagaon,Hourly,0,0
2025-01-02 15:00:00,4.55,56.06,30.85,5.68,45.23,20.76,2.02,168.19,0.55,9.32,2025,Bhatagaon,Hourly,0,0
2025-01-02 16:00:00,3.41,54.28,29.72,5.79,41.08,18.96,1.27,166.22,0.48,9.23,2025,Bhatagaon,Hourly,0,0
2025-01-02 17:00:00,5.12,50.36,29.04,5.37,40.48,20.37,0.79,300.71,0.56,9.22,2025,Bhatagaon,Hourly,0,0
2025-01-02 18:00:00,9.12,56.91,35.67,5.69,44.06,20.66,1.28,347.78,0.68,9.4,2025,Bhatagaon,Hourly,0,0
2025-01-02 19:00:00,23.84,63.02,50.67,6.13,59.3,21.82,0.63,350.49,1.4,9.49,2025,Bhatagaon,Hourly,0,0
2025-01-02 20:00:00,40.44,64.84,64.93,7.2,83.14,26.6,0.61,293.72,1.49,9.58,2025,Bhatagaon,Hourly,0,0
2025-01-02 21:00:00,62.54,61.83,80.76,8.12,138.33,30.72,0.65,321.32,2.19,9.69,2025,Bhatagaon,Hourly,0,0
2025-01-02 22:00:00,78.65,60.73,92.61,7.94,191.05,36.58,0.62,282.72,1.98,9.71,2025,Bhatagaon,Hourly,0,0
2025-01-02 23:00:00,98.79,60.49,109.29,8.57,181.64,40.99,0.66,299.88,1.87,9.82,2025,Bhatagaon,Hourly,0,0
2025-01-03 01:00:00,162.56,108.77,185.81,7.34,195.05,38.4,0.63,338.95,2.34,10.19,2025,Bhatagaon,Hourly,0,0
2025-01-03 02:00:00,118.31,94.6,141.28,7.03,160.54,52.12,0.32,329.68,1.78,10.14,2025,Bhatagaon,Hourly,0,0
2025-01-03 03:00:00,111.47,81.66,130.59,6.56,129.72,36.88,0.71,318.81,1.66,10.1,2025,Bhatagaon,Hourly,0,0
2025-01-03 04:00:00,100.48,78.44,120.18,6.47,87.44,9.74,0.64,316.5,1.55,9.96,2025,Bhatagaon,Hourly,0,0
2025-01-03 05:00:00,87.68,77.9,109.0,5.7,79.16,22.82,0.55,320.25,1.32,9.86,2025,Bhatagaon,Hourly,0,0
2025-01-03 06:00:00,99.91,80.64,120.87,5.88,106.25,15.46,0.71,308.25,1.1,9.76,2025,Bhatagaon,Hourly,0,0
2025-01-03 07:00:00,102.48,78.6,121.87,5.78,115.28,99.58,0.76,288.75,1.08,9.77,2025,Bhatagaon,Hourly,0,0
2025-01-03 08:00:00,93.44,76.04,111.65,6.79,116.34,63.07,1.55,168.56,1.15,9.78,2025,Bhatagaon,Hourly,0,0
2025-01-03 09:00:00,71.23,78.84,96.65,6.06,105.36,53.89,1.27,215.35,1.06,9.73,2025,Bhatagaon,Hourly,0,0
2025-01-03 10:00:00,41.42,85.85,72.75,5.88,81.73,43.04,1.17,252.12,0.92,9.65,2025,Bhatagaon,Hourly,0,0
2025-01-03 11:00:00,11.22,88.08,53.64,5.79,75.06,23.63,0.86,277.69,0.75,9.53,2025,Bhatagaon,Hourly,0,0
2025-01-03 12:00:00,4.38,78.32,43.06,6.12,75.83,38.56,1.38,293.35,0.66,9.48,2025,Bhatagaon,Hourly,0,0
2025-01-03 13:00:00,5.75,68.34,38.9,6.71,71.29,31.3,1.15,289.62,0.6,9.48,2025,Bhatagaon,Hourly,0,0
2025-01-03 14:00:00,5.82,64.42,36.22,6.7,62.35,31.82,0.83,283.8,0.61,9.44,2025,Bhatagaon,Hourly,0,0
2025-01-03 15:00:00,5.7,62.04,35.61,7.17,57.9,29.62,1.65,313.96,0.58,9.3,2025,Bhatagaon,Hourly,0,0
2025-01-03 16:00:00,7.65,60.98,36.52,7.64,57.83,23.15,1.12,302.98,0.55,9.26,2025,Bhatagaon,Hourly,0,0
2025-01-03 17:00:00,6.73,68.96,40.05,9.77,52.0,15.93,0.76,289.36,0.63,9.21,2025,Bhatagaon,Hourly,0,0
2025-01-03 18:00:00,10.29,91.81,54.84,10.81,52.54,8.12,0.64,315.65,0.89,9.17,2025,Bhatagaon,Hourly,0,0
2025-01-03 19:00:00,51.84,142.41,113.46,11.03,53.74,36.08,0.49,297.43,1.55,9.41,2025,Bhatagaon,Hourly,0,0
2025-01-03 20:00:00,73.23,142.89,132.0,11.01,92.43,35.47,0.54,340.71,1.81,9.4,2025,Bhatagaon,Hourly,0,0
2025-01-03 21:00:00,45.3,127.72,95.64,9.37,97.33,28.14,0.69,335.73,1.55,9.42,2025,Bhatagaon,Hourly,0,0
2025-01-03 22:00:00,54.13,108.71,98.83,7.48,93.4,34.44,0.69,307.85,1.72,9.48,2025,Bhatagaon,Hourly,0,0
2025-01-03 23:00:00,96.49,112.67,134.87,9.45,96.83,32.91,0.56,328.92,1.63,9.52,2025,Bhatagaon,Hourly,0,0
2025-01-04 01:00:00,89.4676923076923,105.99461538461539,127.6923076923077,21.42,114.18,36.82,0.6,280.78,1.51,9.99,2025,Bhatagaon,Hourly,1,23
2025-01-04 02:00:00,85.95653846153846,102.65692307692308,124.10346153846154,31.52,114.02,38.18,0.6,322.41,1.23,9.92,2025,Bhatagaon,Hourly,1,23
2025-01-04 03:00:00,82.44538461538461,99.31923076923077,120.51461538461538,21.81,100.95,22.85,0.65,338.33,0.77,9.95,2025,Bhatagaon,Hourly,1,23
2025-01-04 04:00:00,,,,14.42,95.41,42.26,1.24,297.54,1.18,9.94,2025,Bhatagaon,Hourly,1,23
2025-01-04 05:00:00,,,,5.68,97.42,27.8,0.73,329.6,1.16,9.94,2025,Bhatagaon,Hourly,1,23
2025-01-04 06:00:00,,,,4.82,103.0,37.59,0.61,347.01,1.11,9.94,2025,Bhatagaon,Hourly,1,23
2025-01-04 07:00:00,,,,20.0,122.08,37.59,0.65,339.84,1.25,9.92,2025,Bhatagaon,Hourly,1,23
2025-01-04 08:00:00,,,,24.45,129.2,39.69,1.24,346.19,1.44,9.93,2025,Bhatagaon,Hourly,1,23
2025-01-04 09:00:00,,,,17.81,142.88,52.08,1.18,317.48,1.36,9.91,2025,Bhatagaon,Hourly,1,23
2025-01-04 10:00:00,,,,18.76,147.48,61.15,1.63,345.26,1.38,9.87,2025,Bhatagaon,Hourly,1,23
2025-01-04 11:00:00,,,,41.89,137.85,44.34,1.8,346.9,1.35,9.83,2025,Bhatagaon,Hourly,1,23
2025-01-04 12:00:00,,,,55.74,134.12,52.4,6.81,356.32,1.2,9.83,2025,Bhatagaon,Hourly,1,23
2025-01-04 13:00:00,,,,62.25,126.24,30.9,5.99,355.79,1.03,9.81,2025,Bhatagaon,Hourly,1,23
2025-01-04 14:00:00,,,,62.54,112.75,38.61,4.19,345.56,1.03,9.79,2025,Bhatagaon,Hourly,1,23
2025-01-04 15:00:00,,,,40.78,124.4,51.66,4.19,349.74,0.95,9.79,2025,Bhatagaon,Hourly,1,23
2025-01-04 16:00:00,,,,41.25,118.8,60.08,4.89,348.24,0.83,9.81,2025,Bhatagaon,Hourly,1,23
2025-01-04 17:00:00,,,,46.97,117.49,57.89,4.5,352.23,0.77,9.76,2025,Bhatagaon,Hourly,1,23
2025-01-04 18:00:00,,,,34.1,122.74,55.7,4.36,354.35,0.88,9.72,2025,Bhatagaon,Hourly,1,23
2025-01-04 19:00:00,,,,102.41,114.81,53.51,2.71,359.69,1.96,9.67,2025,Bhatagaon,Hourly,1,23
2025-01-04 20:00:00,,,,113.46,137.14,,1.97,47.59,3.26,9.69,2025,Bhatagaon,Hourly,1,23
2025-01-04 21:00:00,,,,107.0,198.18,,2.32,359.24,3.92,9.69,2025,Bhatagaon,Hourly,1,23
2025-01-04 22:00:00,,,,81.67,182.3,,2.14,358.05,2.73,9.7,2025,Bhatagaon,Hourly,1,23
2025-01-04 23:00:00,,,,87.17,170.94,44.75,2.04,358.2,2.24,9.71,2025,Bhatagaon,Hourly,1,23
2025-01-05 01:00:00,5.2,25.89,41.56,3.01,21.81,8.27,3.2,155.12,0.37,9.52,2025,Bhatagaon,Hourly,0,0
2025-01-05 02:00:00,3.77,22.69,37.65,2.58,21.9,7.98,2.0,200.23,0.33,9.47,2025,Bhatagaon,Hourly,0,0
2025-01-05 03:00:00,6.86,27.22,41.57,2.66,17.96,8.5,2.1,274.68,0.35,9.42,2025,Bhatagaon,Hourly,0,0
2025-01-05 04:00:00,7.33,30.77,47.64,2.61,19.69,6.25,2.08,294.23,0.29,9.47,2025,Bhatagaon,Hourly,0,0
2025-01-05 05:00:00,22.55,41.33,50.25,2.7,21.08,6.27,1.27,349.03,0.34,9.58,2025,Bhatagaon,Hourly,0,0
2025-01-05 06:00:00,13.92,35.45,46.49,2.69,23.73,5.18,3.18,98.36,0.37,9.62,2025,Bhatagaon,Hourly,0,0
2025-01-05 07:00:00,12.8,32.47,42.49,2.41,26.45,7.77,3.01,103.29,0.38,9.62,2025,Bhatagaon,Hourly,0,0
2025-01-05 08:00:00,11.46,29.49,39.42,2.92,27.04,8.47,2.99,118.2,0.38,9.63,2025,Bhatagaon,Hourly,0,0
2025-01-05 09:00:00,9.17,29.7,43.81,3.14,26.26,6.11,2.88,160.21,0.37,9.6,2025,Bhatagaon,Hourly,0,0
2025-01-05 10:00:00,7.11,27.31,41.57,3.19,25.14,4.53,2.54,165.62,0.36,9.53,2025,Bhatagaon,Hourly,0,0
2025-01-05 11:00:00,4.21,26.5,45.25,3.54,22.52,6.12,1.74,269.23,0.39,9.41,2025,Bhatagaon,Hourly,0,0
2025-01-05 12:00:00,5.55,27.04,43.23,3.79,23.93,7.66,0.99,233.41,0.38,9.38,2025,Bhatagaon,Hourly,0,0
2025-01-05 13:00:00,3.72,22.28,36.92,4.39,26.66,7.99,3.07,210.17,0.37,9.34,2025,Bhatagaon,Hourly,0,0
2025-01-05 14:00:00,3.52,25.23,42.9,4.22,29.29,8.22,2.26,309.18,0.39,9.36,2025,Bhatagaon,Hourly,0,0
2025-01-05 15:00:00,4.24,22.19,35.97,4.19,29.84,8.7,2.49,261.27,0.37,9.34,2025,Bhatagaon,Hourly,0,0
2025-01-05 16:00:00,4.67,22.86,36.86,4.6,27.37,9.15,2.5,262.65,0.41,9.32,2025,Bhatagaon,Hourly,0,0
2025-01-05 17:00:00,12.57,41.35,59.84,4.59,21.9,11.96,8.04,355.01,0.53,9.33,2025,Bhatagaon,Hourly,0,0
2025-01-05 18:00:00,2.38,25.64,45.44,3.36,35.11,12.73,4.78,82.85,0.32,9.37,2025,Bhatagaon,Hourly,0,0
2025-01-05 19:00:00,3.12,28.16,49.67,3.24,22.14,12.49,3.0,103.03,0.32,9.46,2025,Bhatagaon,Hourly,0,0
2025-01-05 20:00:00,4.655,27.018333333333334,45.31666666666667,3.5233333333333334,16.655,11.807500000000001,2.59,115.49000000000001,0.2725,9.451666666666668,2025,Bhatagaon,Hourly,1,4
2025-01-05 21:00:00,6.19,25.876666666666665,40.96333333333334,3.806666666666667,11.17,11.125,2.18,127.95,0.225,9.443333333333333,2025,Bhatagaon,Hourly,1,4
2025-01-05 22:00:00,7.7250000000000005,24.735,36.61,4.09,5.684999999999999,10.442499999999999,1.77,140.41,0.1775,9.435,2025,Bhatagaon,Hourly,1,4
2025-01-05 23:00:00,,,,,0.2,9.76,1.36,152.87,0.13,,2025,Bhatagaon,Hourly,1,4
2025-01-06 01:00:00,12.33,21.31,23.55,4.94,55.16,9.02,0.3,359.43,0.62,9.41,2025,Bhatagaon,Hourly,0,0
2025-01-06 02:00:00,19.46,32.39,33.38,4.82,52.29,22.87,0.07,333.48,0.62,9.43,2025,Bhatagaon,Hourly,0,0
2025-01-06 03:00:00,36.39,48.39,36.77,5.21,49.02,17.84,0.26,319.24,0.63,9.56,2025,Bhatagaon,Hourly,0,0
2025-01-06 04:00:00,21.53,30.79,25.88,5.15,48.14,21.0,0.17,228.31,0.6,9.62,2025,Bhatagaon,Hourly,0,0
2025-01-06 05:00:00,22.63,29.82,22.33,5.04,47.31,18.02,0.19,202.67,0.55,9.63,2025,Bhatagaon,Hourly,0,0
2025-01-06 06:00:00,17.51,23.67,19.35,4.8,43.61,14.62,0.2,223.75,0.52,9.63,2025,Bhatagaon,Hourly,0,0
2025-01-06 07:00:00,19.8,31.3,29.52,4.83,42.81,12.89,0.15,280.67,0.56,9.61,2025,Bhatagaon,Hourly,0,0
2025-01-06 08:00:00,15.63,27.71,29.77,5.12,43.05,13.14,0.16,276.78,0.54,9.61,2025,Bhatagaon,Hourly,0,0
2025-01-06 09:00:00,16.06,26.06,26.05,5.25,44.5,15.83,0.32,278.58,0.64,9.53,2025,Bhatagaon,Hourly,0,0
2025-01-06 10:00:00,12.39,24.83,28.52,4.88,54.33,18.72,0.57,295.48,0.74,9.39,2025,Bhatagaon,Hourly,0,0
2025-01-06 11:00:00,8.1,21.97,29.63,5.04,63.43,21.29,0.89,305.44,0.71,9.27,2025,Bhatagaon,Hourly,0,0
2025-01-06 12:00:00,6.81,19.6,27.86,4.95,65.13,16.73,0.98,305.83,0.57,9.21,2025,Bhatagaon,Hourly,0,0
2025-01-06 13:00:00,5.29,18.1,27.58,4.71,60.19,11.1,0.95,303.43,0.48,9.2,2025,Bhatagaon,Hourly,0,0
2025-01-06 14:00:00,4.42,17.74,27.18,4.94,58.4,7.26,0.59,292.7,0.43,9.14,2025,Bhatagaon,Hourly,0,0
2025-01-06 15:00:00,4.35,17.46,26.8,5.03,64.72,166.83,0.44,285.89,0.43,9.14,2025,Bhatagaon,Hourly,0,0
2025-01-06 16:00:00,5.91,20.2,29.6,5.33,64.0,50.05,0.41,285.57,0.39,9.17,2025,Bhatagaon,Hourly,0,0
2025-01-06 17:00:00,6.02,22.39,33.62,4.22,63.32,0.0,0.21,293.91,0.37,9.19,2025,Bhatagaon,Hourly,0,0
2025-01-06 18:00:00,5.22,19.14,29.0,4.29,63.01,0.0,0.12,279.05,0.36,9.18,2025,Bhatagaon,Hourly,0,0
2025-01-06 19:00:00,5.29,20.74,31.64,4.34,63.33,311.8,0.21,279.03,0.38,9.19,2025,Bhatagaon,Hourly,0,0
2025-01-06 20:00:00,6.38,26.88,41.66,4.27,60.24,113.93,0.28,217.89,0.43,9.25,2025,Bhatagaon,Hourly,0,0
2025-01-06 21:00:00,9.73,28.95,41.41,4.07,60.53,24.49,0.19,252.34,0.44,9.31,2025,Bhatagaon,Hourly,0,0
2025-01-06 22:00:00,9.36,26.71,38.0,4.51,57.58,7.38,0.06,351.31,0.41,9.33,2025,Bhatagaon,Hourly,0,0
2025-01-06 23:00:00,9.28,24.2,33.63,4.18,59.83,0.31,0.13,246.89,0.4,9.33,2025,Bhatagaon,Hourly,0,0
2025-01-07 01:00:00,7.74,12.02,12.49,5.19,27.09,2.35,0.13,311.5,0.3,9.09,2025,Bhatagaon,Hourly,0,0
2025-01-07 02:00:00,7.23,13.64,12.53,5.19,26.74,1.69,0.16,314.85,0.36,9.06,2025,Bhatagaon,Hourly,0,0
2025-01-07 03:00:00,7.24,12.84,12.19,5.42,26.74,2.46,0.15,318.09,0.31,9.1,2025,Bhatagaon,Hourly,0,0
2025-01-07 04:00:00,7.28,11.43,11.75,5.28,24.82,3.85,0.2,302.19,0.29,9.1,2025,Bhatagaon,Hourly,0,0
2025-01-07 05:00:00,6.71,11.51,11.39,5.18,23.75,3.85,0.22,307.81,0.24,9.04,2025,Bhatagaon,Hourly,0,0
2025-01-07 06:00:00,5.94,11.93,10.92,5.25,22.28,3.52,0.15,320.36,0.2,9.0,2025,Bhatagaon,Hourly,0,0
2025-01-07 07:00:00,7.82,14.16,13.27,5.27,17.47,3.74,0.18,306.79,0.2,9.07,2025,Bhatagaon,Hourly,0,0
2025-01-07 08:00:00,10.0,13.59,14.82,5.18,14.23,3.74,0.36,301.3,0.27,9.17,2025,Bhatagaon,Hourly,0,0
2025-01-07 09:00:00,11.67,14.59,16.82,5.37,19.95,3.28,0.46,292.09,0.55,9.21,2025,Bhatagaon,Hourly,0,0
2025-01-07 10:00:00,12.94,14.99,17.55,5.39,37.14,7.01,0.66,297.09,0.52,9.22,2025,Bhatagaon,Hourly,0,0
2025-01-07 11:00:00,11.01,15.34,16.43,5.09,37.14,7.01,0.51,292.7,0.47,9.2,2025,Bhatagaon,Hourly,0,0
2025-01-07 12:00:00,11.9,16.78,17.92,5.17,37.22,4.99,0.6,301.56,0.45,9.25,2025,Bhatagaon,Hourly,0,0
2025-01-07 13:00:00,10.32,17.94,16.75,5.15,37.22,7.83,0.66,291.55,0.41,9.24,2025,Bhatagaon,Hourly,0,0
2025-01-07 14:00:00,7.7,18.03,15.56,5.38,37.02,7.83,0.77,290.04,0.34,9.15,2025,Bhatagaon,Hourly,0,0
2025-01-07 15:00:00,7.48,17.25,14.77,5.14,38.81,8.33,0.66,296.17,0.32,9.11,2025,Bhatagaon,Hourly,0,0
2025-01-07 16:00:00,7.08,18.19,15.0,4.92,38.81,8.4,0.75,297.7,0.3,9.13,2025,Bhatagaon,Hourly,0,0
2025-01-07 17:00:00,6.84,19.26,15.55,4.53,38.85,8.4,0.51,299.04,0.37,9.14,2025,Bhatagaon,Hourly,0,0
2025-01-07 18:00:00,7.02,18.0,14.75,4.59,40.0,6.73,0.3,328.47,0.43,9.13,2025,Bhatagaon,Hourly,0,0
2025-01-07 19:00:00,6.64,16.98,14.19,4.79,40.0,10.59,0.24,336.85,0.42,9.11,2025,Bhatagaon,Hourly,0,0
2025-01-07 20:00:00,9.37,16.88,15.6,4.9,38.37,10.59,0.2,351.15,0.39,9.15,2025,Bhatagaon,Hourly,0,0
2025-01-07 21:00:00,8.87,16.16,15.28,4.71,37.9,7.92,0.2,345.75,0.38,9.18,2025,Bhatagaon,Hourly,0,0
2025-01-07 22:00:00,10.73,15.71,15.45,5.07,35.19,5.78,0.14,350.64,0.38,9.17,2025,Bhatagaon,Hourly,0,0
2025-01-07 23:00:00,9.33,13.06,14.3,4.78,37.97,6.66,0.15,345.02,0.36,9.16,2025,Bhatagaon,Hourly,0,0
2025-01-08 01:00:00,9.21,10.49,12.65,4.7,46.81,14.54,0.36,179.76,0.48,9.15,2025,Bhatagaon,Hourly,0,0
2025-01-08 02:00:00,9.24,9.89,12.44,4.76,38.76,12.8,0.09,332.93,0.34,9.16,2025,Bhatagaon,Hourly,0,0
2025-01-08 03:00:00,8.01,9.54,11.4,4.82,28.6,11.53,0.12,182.48,0.37,9.17,2025,Bhatagaon,Hourly,0,0
2025-01-08 04:00:00,8.87,9.46,12.06,4.96,20.33,6.71,0.14,163.07,0.33,9.16,2025,Bhatagaon,Hourly,0,0
2025-01-08 05:00:00,9.23,11.66,13.5,4.76,18.69,9.08,0.1,254.62,0.28,9.14,2025,Bhatagaon,Hourly,0,0
2025-01-08 06:00:00,11.66,11.8,14.85,4.86,15.87,8.34,0.07,287.78,0.34,9.14,2025,Bhatagaon,Hourly,0,0
2025-01-08 07:00:00,13.0,13.01,17.22,4.72,16.05,7.47,0.11,300.64,0.35,9.13,2025,Bhatagaon,Hourly,0,0
2025-01-08 08:00:00,17.17,13.6,20.87,4.56,16.75,9.0,0.17,300.1,0.39,9.18,2025,Bhatagaon,Hourly,0,0
2025-01-08 09:00:00,18.42,15.53,22.89,3.81,24.39,8.41,0.3,309.87,0.43,9.25,2025,Bhatagaon,Hourly,0,0
2025-01-08 10:00:00,30.55,18.26,33.28,4.02,31.78,6.46,1.56,341.58,0.73,9.35,2025,Bhatagaon,Hourly,0,0
2025-01-08 11:00:00,20.89,18.72,26.08,4.12,32.04,8.88,0.56,331.49,0.59,9.44,2025,Bhatagaon,Hourly,0,0
2025-01-08 12:00:00,21.14,13.87,24.2,4.07,35.4375,13.066666666666666,1.09,333.78,0.48,9.42,2025,Bhatagaon,Hourly,1,5
2025-01-08 13:00:00,18.42,15.31,22.77,4.1,38.835,17.253333333333334,2.16,332.28,0.49,9.4,2025,Bhatagaon,Hourly,1,5
2025-01-08 14:00:00,63.89,20.42,69.17,6.39,42.2325,21.439999999999998,0.2,297.4,0.5,9.35,2025,Bhatagaon,Hourly,1,5
2025-01-08 15:00:00,109.36,25.53,115.57,5.74,45.63,,0.55,327.28,0.32,11.38,2025,Bhatagaon,Hourly,1,5
2025-01-08 16:00:00,33.98,18.59,36.65,6.67,73.39,,0.57,318.7,0.36,9.77,2025,Bhatagaon,Hourly,1,5
2025-01-08 17:00:00,15.24,25.46,22.7,8.43,67.71,34.0,0.15,315.53,0.51,9.59,2025,Bhatagaon,Hourly,0,0
2025-01-08 18:00:00,8.09,23.13,16.84,8.02,72.02,33.92,0.16,350.21,0.64,9.32,2025,Bhatagaon,Hourly,0,0
2025-01-08 19:00:00,18.61,16.67,23.24,5.77,77.52,32.79,1.35,341.07,0.87,9.32,2025,Bhatagaon,Hourly,0,0
2025-01-08 20:00:00,22.15,17.98,27.16,4.72,75.33,28.3,0.68,341.86,0.93,9.45,2025,Bhatagaon,Hourly,0,0
2025-01-08 21:00:00,29.68,19.49,33.04,4.73,81.66,29.95,0.11,343.91,1.25,9.58,2025,Bhatagaon,Hourly,0,0
2025-01-08 22:00:00,30.22,19.45,34.4,4.55,84.14,29.15,0.71,319.98,1.07,9.63,2025,Bhatagaon,Hourly,0,0
2025-01-08 23:00:00,17.21,10.14,17.19,4.59,80.42,28.53,0.29,331.67,0.69,9.61,2025,Bhatagaon,Hourly,0,0
2025-01-09 01:00:00,6.63,6.45,8.49,4.85,20.68,4.96,0.1,329.11,0.34,9.55,2025,Bhatagaon,Hourly,0,0
2025-01-09 02:00:00,5.77,6.18,7.83,4.57,16.76,4.14,0.06,305.12,0.36,9.48,2025,Bhatagaon,Hourly,0,0
2025-01-09 03:00:00,5.32,6.38,7.6,4.61,14.34,2.94,0.09,295.96,0.28,9.46,2025,Bhatagaon,Hourly,0,0
2025-01-09 04:00:00,5.29,6.26,7.52,4.73,10.99,2.1,0.27,269.11,0.25,9.5,2025,Bhatagaon,Hourly,0,0
2025-01-09 05:00:00,6.01,7.14,8.12,4.93,10.13,1.67,0.78,157.29,0.29,9.49,2025,Bhatagaon,Hourly,0,0
2025-01-09 06:00:00,6.28,6.4,8.35,4.58,9.75,1.56,0.32,171.04,0.25,9.48,2025,Bhatagaon,Hourly,0,0
2025-01-09 07:00:00,6.69,7.27,9.02,4.52,8.82,1.39,0.11,282.89,0.26,9.47,2025,Bhatagaon,Hourly,0,0
2025-01-09 08:00:00,8.83,9.11,11.85,4.41,12.87,1.41,0.14,303.82,0.29,9.52,2025,Bhatagaon,Hourly,0,0
2025-01-09 09:00:00,9.49,9.2,11.69,3.86,21.68,1.31,0.46,323.85,0.42,9.57,2025,Bhatagaon,Hourly,0,0
2025-01-09 10:00:00,10.3,8.8,12.83,3.89,39.38,1.26,0.36,319.2,0.42,9.59,2025,Bhatagaon,Hourly,0,0
2025-01-09 11:00:00,12.73,10.1,15.48,3.79,44.48,1.36,0.78,339.04,0.49,9.63,2025,Bhatagaon,Hourly,0,0
2025-01-09 12:00:00,11.64,10.49,14.59,3.8,43.83,1.96,1.24,336.54,0.5,9.62,2025,Bhatagaon,Hourly,0,0
2025-01-09 13:00:00,10.3,11.38,13.18,4.06,43.78,2.6,1.31,337.59,0.51,9.62,2025,Bhatagaon,Hourly,0,0
2025-01-09 14:00:00,13.47,17.47,19.65,3.87,81.24000000000001,7.0,1.0,359.27,0.66,9.55,2025,Bhatagaon,Hourly,1,3
2025-01-09 15:00:00,10.21,16.87,17.0,3.76,118.7,11.399999999999999,0.66,151.43,0.62,9.56,2025,Bhatagaon,Hourly,1,3
2025-01-09 16:00:00,6.92,15.48,13.01,3.65,118.7,15.799999999999997,0.55,329.22,0.45,9.58,2025,Bhatagaon,Hourly,1,3
2025-01-09 17:00:00,16.47,17.7,22.46,3.7,82.58,20.2,0.1,275.57,0.66,9.61,2025,Bhatagaon,Hourly,0,0
2025-01-09 18:00:00,19.72,15.44,23.45,3.91,52.92,40.91,0.24,343.45,0.98,9.62,2025,Bhatagaon,Hourly,0,0
2025-01-09 19:00:00,12.54,17.76,18.3,4.06,29.3,40.91,0.07,354.92,0.88,9.63,2025,Bhatagaon,Hourly,0,0
2025-01-09 20:00:00,16.84,13.6,19.47,4.02,22.79,23.32,0.06,302.25,0.9,9.62,2025,Bhatagaon,Hourly,0,0
2025-01-09 21:00:00,12.05,16.24,17.99,3.98,27.46,13.76,0.06,346.58,0.71,9.64,2025,Bhatagaon,Hourly,0,0
2025-01-09 22:00:00,14.31,15.56,19.27,3.96,27.46,36.04,0.06,304.9,0.79,9.64,2025,Bhatagaon,Hourly,0,0
2025-01-09 23:00:00,18.52,15.62,19.83,3.79,31.15,500.0,0.07,312.15,0.7,9.65,2025,Bhatagaon,Hourly,0,0
2025-01-10 01:00:00,10.17,12.25,13.48,4.19,59.86,6.59,0.29,325.81,0.71,9.24,2025,Bhatagaon,Hourly,0,0
2025-01-10 02:00:00,7.81,9.68,10.45,3.95,42.26,7.74,0.13,250.37,0.46,9.18,2025,Bhatagaon,Hourly,0,0
2025-01-10 03:00:00,7.13,7.62,9.49,4.4,26.59,7.38,0.11,222.39,0.44,9.2,2025,Bhatagaon,Hourly,0,0
2025-01-10 04:00:00,6.74,7.55,9.35,4.05,19.51,8.82,0.2,284.61,0.3,9.19,2025,Bhatagaon,Hourly,0,0
2025-01-10 05:00:00,7.35,9.2,10.7,4.44,14.45,7.33,0.07,341.38,0.32,9.16,2025,Bhatagaon,Hourly,0,0
2025-01-10 06:00:00,9.21,11.04,12.4,4.08,14.94,6.29,0.08,317.04,0.36,9.1,2025,Bhatagaon,Hourly,0,0
2025-01-10 07:00:00,13.41,9.88,14.65,3.88,22.64,6.2,0.19,310.19,0.4,9.12,2025,Bhatagaon,Hourly,0,0
2025-01-10 08:00:00,14.3,8.36,15.29,4.28,17.42,10.19,0.35,321.17,0.53,9.2,2025,Bhatagaon,Hourly,0,0
2025-01-10 09:00:00,17.95,13.59,19.75,4.5,27.7,8.29,0.72,338.23,0.56,9.21,2025,Bhatagaon,Hourly,0,0
2025-01-10 10:00:00,18.34,19.32,24.8,4.45,39.99,6.96,0.59,359.72,0.61,9.18,2025,Bhatagaon,Hourly,0,0
2025-01-10 11:00:00,12.3,21.37,19.01,4.75,50.21,6.03,0.31,329.16,0.66,9.18,2025,Bhatagaon,Hourly,0,0
2025-01-10 12:00:00,11.65,24.9,20.08,4.68,48.82,8.61,0.55,323.92,0.65,9.17,2025,Bhatagaon,Hourly,0,0
2025-01-10 13:00:00,10.62,19.15,15.26,4.66,55.41,12.58,1.81,260.1,0.49,9.17,2025,Bhatagaon,Hourly,0,0
2025-01-10 14:00:00,15.8,25.34,21.51,4.6,48.76,10.42,0.68,165.44,0.5,9.13,2025,Bhatagaon,Hourly,0,0
2025-01-10 15:00:00,10.32,11.28,13.03,4.46,42.81,9.86,0.98,334.94,0.48,9.11,2025,Bhatagaon,Hourly,0,0
2025-01-10 16:00:00,13.91,16.03,17.39,5.87,37.63,12.64,0.58,329.96,0.52,9.13,2025,Bhatagaon,Hourly,0,0
2025-01-10 17:00:00,16.81,9.47,17.96,6.66,35.09,10.0,2.99,336.26,0.84,9.31,2025,Bhatagaon,Hourly,0,0
2025-01-10 18:00:00,21.61,24.09,29.91,6.57,33.52,8.16,1.01,341.13,1.01,9.3,2025,Bhatagaon,Hourly,0,0
2025-01-10 19:00:00,29.86,24.19,31.52,6.22,48.07,6.87,0.09,240.47,1.08,9.3,2025,Bhatagaon,Hourly,0,0
2025-01-10 20:00:00,34.69,17.39,36.91,6.59,46.69,10.15,0.23,356.28,1.27,9.35,2025,Bhatagaon,Hourly,0,0
2025-01-10 21:00:00,31.15,11.69,30.89,6.2,62.13,8.95,0.27,346.14,1.03,9.42,2025,Bhatagaon,Hourly,0,0
2025-01-10 22:00:00,26.3,8.85,24.68,6.21,53.43,7.42,0.96,340.17,0.91,9.48,2025,Bhatagaon,Hourly,0,0
2025-01-10 23:00:00,30.03,17.54,31.58,6.36,54.22,6.35,0.55,347.73,1.13,9.47,2025,Bhatagaon,Hourly,0,0
2025-01-11 01:00:00,10.21,5.39,10.98,4.37,35.21,8.04,0.1,287.68,0.54,9.16,2025,Bhatagaon,Hourly,0,0
2025-01-11 02:00:00,10.8,5.63,10.61,4.04,30.77,7.93,0.1,225.33,0.43,9.16,2025,Bhatagaon,Hourly,0,0
2025-01-11 03:00:00,9.11,5.32,9.79,4.1,25.36,6.53,0.08,307.77,0.38,9.17,2025,Bhatagaon,Hourly,0,0
2025-01-11 04:00:00,10.08,4.43,10.08,4.21,23.54,5.78,0.12,311.29,0.39,9.16,2025,Bhatagaon,Hourly,0,0
2025-01-11 05:00:00,9.67,5.27,10.07,4.33,16.61,5.78,0.11,321.14,0.36,9.09,2025,Bhatagaon,Hourly,0,0
2025-01-11 06:00:00,11.94,5.69,12.31,4.05,17.37,5.0,0.08,307.78,0.35,9.09,2025,Bhatagaon,Hourly,0,0
2025-01-11 07:00:00,11.11,5.67,11.87,4.01,17.37,6.59,0.08,308.64,0.37,9.16,2025,Bhatagaon,Hourly,0,0
2025-01-11 08:00:00,10.83,5.67,11.63,5.28,20.67,6.59,0.21,303.69,0.37,9.16,2025,Bhatagaon,Hourly,0,0
2025-01-11 09:00:00,12.22,5.94,12.69,4.61,20.67,6.32,0.35,323.03,0.43,9.12,2025,Bhatagaon,Hourly,0,0
2025-01-11 10:00:00,11.76,9.0,13.57,4.64,24.94,10.0,0.46,329.06,0.57,9.12,2025,Bhatagaon,Hourly,0,0
2025-01-11 11:00:00,9.14,14.27,14.15,5.01,24.94,10.0,1.03,336.23,0.65,9.09,2025,Bhatagaon,Hourly,0,0
2025-01-11 12:00:00,8.35,14.13,14.07,5.0,40.35,10.24,0.68,341.85,0.5,9.12,2025,Bhatagaon,Hourly,0,0
2025-01-11 13:00:00,7.66,13.51,12.98,5.01,40.35,10.24,0.49,347.59,0.47,9.11,2025,Bhatagaon,Hourly,0,0
2025-01-11 14:00:00,8.91,13.07,13.98,4.89,38.06,8.36,0.57,342.74,0.44,9.02,2025,Bhatagaon,Hourly,0,0
2025-01-11 15:00:00,11.58,15.16,16.53,5.06,38.06,6.8,0.6,337.92,0.59,9.08,2025,Bhatagaon,Hourly,0,0
2025-01-11 16:00:00,15.56,14.34,19.48,5.17,33.86,5.95,0.64,341.08,0.63,9.11,2025,Bhatagaon,Hourly,0,0
2025-01-11 17:00:00,32.66,17.48,35.32,5.96,33.86,5.7,0.36,333.63,1.05,9.13,2025,Bhatagaon,Hourly,0,0
2025-01-11 18:00:00,15.41,14.26,18.91,5.38,49.36,5.09,0.77,337.84,0.86,9.17,2025,Bhatagaon,Hourly,0,0
2025-01-11 19:00:00,20.01,14.84,23.8,6.16,49.36,8.64,2.5,337.07,1.19,9.32,2025,Bhatagaon,Hourly,0,0
2025-01-11 20:00:00,17.34,12.69,20.1,5.68,50.1,8.64,1.49,334.99,0.83,9.36,2025,Bhatagaon,Hourly,0,0
2025-01-11 21:00:00,43.41,10.79,38.65,7.87,50.1,7.34,0.33,339.21,1.61,9.43,2025,Bhatagaon,Hourly,0,0
2025-01-11 22:00:00,51.04,8.97,41.59,9.16,77.55,19.83,0.2,337.23,1.42,9.49,2025,Bhatagaon,Hourly,0,0
2025-01-11 23:00:00,29.59,9.83,26.71,8.68,278.79,43.24,0.09,353.41,1.02,9.54,2025,Bhatagaon,Hourly,0,0
2025-01-12 01:00:00,28.14,14.97,29.15,6.67,80.03,37.83,0.65,125.42,1.62,9.69,2025,Bhatagaon,Hourly,0,0
2025-01-12 02:00:00,26.46,14.48,27.43,5.82,73.43,35.47,0.54,127.83,1.36,9.68,2025,Bhatagaon,Hourly,0,0
2025-01-12 03:00:00,23.0,16.82,25.92,5.07,63.22,31.99,0.59,347.28,1.19,9.66,2025,Bhatagaon,Hourly,0,0
2025-01-12 04:00:00,18.71,17.36,23.5,4.82,55.63,40.65,0.64,348.55,1.05,9.65,2025,Bhatagaon,Hourly,0,0
2025-01-12 05:00:00,17.7,17.83,23.05,5.19,75.81,40.55,0.77,345.44,1.12,9.65,2025,Bhatagaon,Hourly,0,0
2025-01-12 06:00:00,17.24,17.41,22.44,5.37,84.63,39.77,0.28,307.76,1.12,9.65,2025,Bhatagaon,Hourly,0,0
2025-01-12 07:00:00,17.15,20.78,24.09,5.78,86.45,37.81,0.91,349.4,0.97,9.65,2025,Bhatagaon,Hourly,0,0
2025-01-12 08:00:00,22.1,23.29,27.88,5.48,82.19,36.05,1.23,350.4,1.07,9.66,2025,Bhatagaon,Hourly,0,0
2025-01-12 09:00:00,24.56,18.64,28.79,5.94,135.58,34.73,1.07,346.58,1.29,9.68,2025,Bhatagaon,Hourly,0,0
2025-01-12 10:00:00,24.96,17.9,28.78,6.28,128.79,37.47,1.0,124.75,1.32,9.68,2025,Bhatagaon,Hourly,0,0
2025-01-12 11:00:00,23.09,18.16,27.12,5.84,81.33,36.53,1.14,128.37,1.23,9.67,2025,Bhatagaon,Hourly,0,0
2025-01-12 12:00:00,18.95,21.16,24.83,6.67,0.0,33.73,1.81,124.52,1.11,9.66,2025,Bhatagaon,Hourly,0,0
2025-01-12 13:00:00,13.46,23.1,21.45,11.55,44.38,31.92,1.93,124.86,1.02,9.65,2025,Bhatagaon,Hourly,0,0
2025-01-12 14:00:00,10.4,23.6,19.95,19.28,56.6,26.24,1.27,122.07,0.95,9.64,2025,Bhatagaon,Hourly,0,0
2025-01-12 15:00:00,9.74,27.26,21.59,21.14,61.97,23.17,0.67,119.91,0.92,9.65,2025,Bhatagaon,Hourly,0,0
2025-01-12 16:00:00,7.16,25.39,18.55,13.83,58.65,23.4,1.34,125.15,0.82,9.62,2025,Bhatagaon,Hourly,0,0
2025-01-12 17:00:00,6.61,28.61,19.84,14.95,44.04,22.97,0.96,114.5,0.89,9.59,2025,Bhatagaon,Hourly,0,0
2025-01-12 18:00:00,12.13,35.88,27.23,17.01,40.45,23.01,0.24,77.24,1.25,9.63,2025,Bhatagaon,Hourly,0,0
2025-01-12 19:00:00,7.72,31.67,20.75,14.77,64.53,23.32,0.35,113.61,1.11,9.64,2025,Bhatagaon,Hourly,0,0
2025-01-12 20:00:00,8.25,26.22,19.58,8.03,65.48,25.29,0.51,121.38,0.97,9.63,2025,Bhatagaon,Hourly,0,0
2025-01-12 21:00:00,9.49,28.72,21.15,6.86,74.1,29.3,1.03,112.93,1.02,9.64,2025,Bhatagaon,Hourly,0,0
2025-01-12 22:00:00,9.61,23.29,19.28,5.78,71.77,28.71,0.96,182.44,1.07,9.65,2025,Bhatagaon,Hourly,0,0
2025-01-12 23:00:00,9.56,22.48,18.75,6.14,60.39,26.53,1.14,98.94,1.08,9.63,2025,Bhatagaon,Hourly,0,0
